{"type":"FeatureCollection","features":[{"type":"Feature","properties":{"cod":"2504009057","nome":"Lagoa de Dentro","municipio_cod":"2504009","municipio":"Campina Grande"},"geometry":{"type":"Polygon","coordinates":[[[-35.95131779999997,-7.204018799999972],[-35.95780909999996,-7.20108799999997],[-35.958576799999946,-7.200453999999979],[-35.96002379999993,-7.199990499999956],[-35.960868699999935,-7.199398199999962],[-35.958028199999944,-7.195568299999934],[-35.953973099999985,-7.198376499999938],[-35.951259799999946,-7.202994799999942],[-35.95131779999997,-7.204018799999972]]]}},{"type":"Feature","properties":{"cod":"2504009046","nome":"Universitário","municipio_cod":"2504009","municipio":"Campina Grande"},"geometry":{"type":"Polygon","coordinates":[[[-35.90564599999993,-7.216316399999926],[-35.904413199999965,-7.21613119999995],[-35.90440449999994,-7.216748299999949],[-35.90415049999996,-7.216777699999966],[-35.90424109999998,-7.217555899999979],[-35.90338699999995,-7.217752299999972],[-35.90355169999998,-7.218580499999973],[-35.904394099999934,-7.218392599999959],[-35.90481579999994,-7.220470699999964],[-35.906462999999974,-7.221140299999945],[-35.907202799999936,-7.221200799999963],[-35.907189899999935,-7.221340199999929],[-35.90787789999996,-7.2215503999999555],[-35.90884659999995,-7.221419799999978],[-35.91199839999996,-7.222106799999949],[-35.91420819999996,-7.219990999999936],[-35.91444149999995,-7.218547699999931],[-35.91312249999993,-7.216447799999969],[-35.91286949999994,-7.21561399999996],[-35.910621599999956,-7.214387899999963],[-35.909952499999974,-7.213527799999952],[-35.90972859999994,-7.211495899999932],[-35.90991079999998,-7.2108005999999705],[-35.91061049999996,-7.2103318999999715],[-35.91290299999997,-7.210335799999939],[-35.91379349999994,-7.21124709999998],[-35.91435219999994,-7.21154839999997],[-35.91488529999998,-7.211607599999979],[-35.91993059999993,-7.210541899999953],[-35.921641199999954,-7.2099207999999635],[-35.92310149999997,-7.204768999999942],[-35.91864239999995,-7.203401299999939],[-35.91802059999998,-7.202295599999957],[-35.91523989999996,-7.20408539999994],[-35.91390379999996,-7.203521599999931],[-35.911809699999935,-7.2047710999999595],[-35.911131499999954,-7.2034642999999505],[-35.90443689999995,-7.20537719999993],[-35.90399499999995,-7.2057596999999305],[-35.90237169999995,-7.2065116999999645],[-35.90395599999994,-7.208647799999937],[-35.90567729999998,-7.211607199999946],[-35.90564599999993,-7.216316399999926]]]}},{"type":"Feature","properties":{"cod":"2504009032","nome":"Palmeira","municipio_cod":"2504009","municipio":"Campina Grande"},"geometry":{"type":"Polygon","coordinates":[[[-35.89321129999996,-7.213766899999939],[-35.893676599999935,-7.214627699999937],[-35.895278099999985,-7.214021099999968],[-35.89690049999996,-7.212366299999928],[-35.89762459999997,-7.2106456999999295],[-35.89806759999993,-7.2102164999999445],[-35.894601199999954,-7.205468499999938],[-35.895847999999944,-7.20110909999994],[-35.89600239999993,-7.199807699999951],[-35.89596639999996,-7.198685399999931],[-35.894493299999965,-7.198482999999953],[-35.894267199999945,-7.199971399999981],[-35.89253539999993,-7.204802799999925],[-35.88974859999996,-7.2088593999999375],[-35.89157789999996,-7.2098501999999485],[-35.88916769999997,-7.213317899999936],[-35.88932559999995,-7.213345699999934],[-35.88924999999995,-7.213572499999941],[-35.890156899999965,-7.215181599999937],[-35.89321129999996,-7.213766899999939]]]}},{"type":"Feature","properties":{"cod":"2504009040","nome":"São José","municipio_cod":"2504009","municipio":"Campina Grande"},"geometry":{"type":"Polygon","coordinates":[[[-35.88457729999993,-7.225817899999981],[-35.88485129999998,-7.227183699999955],[-35.88951649999996,-7.228343699999925],[-35.88942569999995,-7.229013099999975],[-35.89531939999995,-7.229643499999952],[-35.895781099999965,-7.229124599999977],[-35.89749779999994,-7.229097699999954],[-35.89759389999995,-7.228111899999931],[-35.896568499999944,-7.2240575999999805],[-35.895545399999946,-7.224288899999976],[-35.89416419999998,-7.224281699999949],[-35.89268999999996,-7.22359119999993],[-35.891756199999975,-7.223608299999967],[-35.889827699999955,-7.222721899999954],[-35.889036199999964,-7.22277269999995],[-35.88816979999996,-7.222130399999969],[-35.88645459999998,-7.225005899999928],[-35.88580989999997,-7.22550659999996],[-35.88457729999993,-7.225817899999981]]]}},{"type":"Feature","properties":{"cod":"2504009041","nome":"Santa Rosa","municipio_cod":"2504009","municipio":"Campina Grande"},"geometry":{"type":"Polygon","coordinates":[[[-35.91206919999996,-7.22891599999997],[-35.90179469999998,-7.229483199999947],[-35.902206099999944,-7.23455389999998],[-35.90072559999993,-7.2346244999999385],[-35.90077329999997,-7.236724399999957],[-35.90107039999998,-7.236690199999941],[-35.90184319999997,-7.239587599999936],[-35.90491149999997,-7.239455299999975],[-35.90526969999996,-7.2397143999999685],[-35.90642689999993,-7.239852499999927],[-35.906525199999976,-7.238659799999937],[-35.90671149999997,-7.238212899999951],[-35.90642859999997,-7.237919399999953],[-35.908289199999956,-7.2381065999999805],[-35.90833339999995,-7.237880999999959],[-35.91055679999994,-7.237806999999975],[-35.91074179999998,-7.239661499999954],[-35.91382189999996,-7.2409326999999735],[-35.91433639999997,-7.239776899999981],[-35.911082499999964,-7.238363399999969],[-35.91058919999995,-7.23424289999997],[-35.910355299999935,-7.231253299999935],[-35.911612899999966,-7.229393899999934],[-35.91260529999994,-7.229176699999925],[-35.91206919999996,-7.22891599999997]]]}},{"type":"Feature","properties":{"cod":"2504009053","nome":"Ronaldo Cunha Lima","municipio_cod":"2504009","municipio":"Campina Grande"},"geometry":{"type":"Polygon","coordinates":[[[-35.849148699999944,-7.232189099999971],[-35.85163279999995,-7.2327527999999575],[-35.853214899999955,-7.233455799999945],[-35.85548159999996,-7.233656199999928],[-35.85699169999998,-7.234478699999954],[-35.857033899999976,-7.234820499999955],[-35.857418999999936,-7.235020899999938],[-35.85771669999997,-7.234788699999967],[-35.85774599999996,-7.234443699999929],[-35.86047599999995,-7.2336069999999495],[-35.861275999999975,-7.233156999999949],[-35.86223199999995,-7.231901999999934],[-35.86388929999998,-7.231306199999949],[-35.863514899999984,-7.231082199999946],[-35.863279699999964,-7.230682599999966],[-35.86112909999997,-7.22965499999998],[-35.86059659999995,-7.228779699999961],[-35.85980079999996,-7.2280942999999525],[-35.85988009999994,-7.226199799999961],[-35.85957429999996,-7.226283199999955],[-35.85899799999993,-7.225897499999974],[-35.858763099999976,-7.22669099999996],[-35.858514799999966,-7.226801799999976],[-35.857805499999984,-7.226296499999933],[-35.85720699999996,-7.226172299999973],[-35.85634699999997,-7.225675799999976],[-35.854693399999974,-7.225267899999949],[-35.854276599999935,-7.2248378999999545],[-35.85402839999995,-7.224846799999966],[-35.85412589999993,-7.225352199999975],[-35.85353629999997,-7.22525909999996],[-35.85101819999994,-7.224172899999928],[-35.85070349999995,-7.224385699999971],[-35.850778799999944,-7.2246339999999805],[-35.85059709999996,-7.2247802999999635],[-35.84892579999996,-7.224638399999947],[-35.849148699999944,-7.232189099999971]]]}},{"type":"Feature","properties":{"cod":"2504009056","nome":"Jardim Itararé","municipio_cod":"2504009","municipio":"Campina Grande"},"geometry":{"type":"Polygon","coordinates":[[[-35.86804059999997,-7.251669599999957],[-35.86587259999993,-7.252395099999944],[-35.86664029999997,-7.2526509999999575],[-35.86705389999997,-7.253181999999981],[-35.86782739999995,-7.25372729999998],[-35.86781929999995,-7.254474699999946],[-35.86809969999996,-7.255203199999926],[-35.86773919999996,-7.255658899999958],[-35.86741079999996,-7.260407399999963],[-35.87506229999997,-7.261897099999942],[-35.88860749999998,-7.278998399999978],[-35.888321099999985,-7.276824999999974],[-35.887804899999935,-7.275685599999974],[-35.88375069999995,-7.2688728999999626],[-35.88253049999997,-7.266594199999929],[-35.881002699999954,-7.263105799999948],[-35.87995099999995,-7.261481899999978],[-35.87661389999994,-7.25716639999996],[-35.872542299999964,-7.251524899999936],[-35.87163199999998,-7.249387399999932],[-35.87051989999998,-7.24958799999996],[-35.868601799999965,-7.249541999999963],[-35.86844979999995,-7.249395999999933],[-35.86738269999995,-7.249714899999958],[-35.86804059999997,-7.251669599999957]]]}},{"type":"Feature","properties":{"cod":"2504009036","nome":"Quarenta","municipio_cod":"2504009","municipio":"Campina Grande"},"geometry":{"type":"Polygon","coordinates":[[[-35.893580199999974,-7.229476699999964],[-35.894191199999966,-7.2321600999999305],[-35.894920999999954,-7.233801799999981],[-35.89619559999994,-7.235377999999969],[-35.89777049999998,-7.235526599999957],[-35.90076259999995,-7.235357599999929],[-35.90072559999993,-7.2346244999999385],[-35.902206099999944,-7.23455389999998],[-35.90179469999998,-7.229483199999947],[-35.89827139999994,-7.229379499999936],[-35.89704029999996,-7.229078099999981],[-35.895781099999965,-7.229124599999977],[-35.89531939999995,-7.229643499999952],[-35.893580199999974,-7.229476699999964]]]}},{"type":"Feature","properties":{"cod":"2504009013","nome":"Dinamérica","municipio_cod":"2504009","municipio":"Campina Grande"},"geometry":{"type":"Polygon","coordinates":[[[-35.91602699999993,-7.24200819999993],[-35.91758549999997,-7.242070399999932],[-35.91795629999996,-7.241914999999949],[-35.918740799999966,-7.241165299999977],[-35.91923769999994,-7.240985699999953],[-35.92017019999997,-7.24118459999994],[-35.92060159999994,-7.2409858999999415],[-35.92080299999998,-7.240701199999933],[-35.92068169999993,-7.239115099999935],[-35.919748399999946,-7.237267399999951],[-35.92010629999993,-7.236155099999962],[-35.920554299999935,-7.236025599999948],[-35.920326699999976,-7.235617299999944],[-35.91993949999994,-7.233599199999958],[-35.91964269999994,-7.23294999999996],[-35.919573699999944,-7.233139799999947],[-35.91888579999994,-7.232191299999954],[-35.91586689999997,-7.23049199999997],[-35.91542759999993,-7.230558999999971],[-35.91260529999994,-7.229176699999925],[-35.911612899999966,-7.229393899999934],[-35.910355299999935,-7.231253299999935],[-35.911082499999964,-7.238363399999969],[-35.91433639999997,-7.239776899999981],[-35.91382189999996,-7.2409326999999735],[-35.91124229999997,-7.239862099999925],[-35.91155169999996,-7.242966399999943],[-35.91553939999994,-7.244738899999959],[-35.91562259999995,-7.243787999999938],[-35.91620979999993,-7.242499299999963],[-35.91602699999993,-7.24200819999993]]]}},{"type":"Feature","properties":{"cod":"2504009005","nome":"Bodocongó","municipio_cod":"2504009","municipio":"Campina Grande"},"geometry":{"type":"Polygon","coordinates":[[[-35.921547199999964,-7.223504599999956],[-35.922806099999946,-7.223481799999945],[-35.924729999999954,-7.222084699999925],[-35.925882299999955,-7.222107499999936],[-35.92578009999994,-7.217225299999939],[-35.92645339999996,-7.217219199999931],[-35.92645539999995,-7.215734899999973],[-35.925910199999976,-7.213870999999926],[-35.92450809999997,-7.214048299999945],[-35.92603929999996,-7.2126113999999575],[-35.92469259999996,-7.209697699999936],[-35.92433769999997,-7.209299099999953],[-35.921346599999936,-7.20999269999993],[-35.91993059999993,-7.210541899999953],[-35.91488529999998,-7.211607599999979],[-35.91435219999994,-7.21154839999997],[-35.91379349999994,-7.21124709999998],[-35.91290299999997,-7.210335799999939],[-35.91061049999996,-7.2103318999999715],[-35.91002629999997,-7.2106650999999715],[-35.90972859999994,-7.211495899999932],[-35.909952499999974,-7.213527799999952],[-35.910621599999956,-7.214387899999963],[-35.91286949999994,-7.21561399999996],[-35.91312249999993,-7.216447799999969],[-35.91444149999995,-7.218547699999931],[-35.91420819999996,-7.219990999999936],[-35.91196129999997,-7.222135099999946],[-35.91156939999996,-7.223198199999956],[-35.911645799999974,-7.224346599999933],[-35.913076399999966,-7.2264169999999694],[-35.91328379999993,-7.22699659999995],[-35.91317259999994,-7.228045799999961],[-35.91260719999997,-7.228660399999967],[-35.91206919999996,-7.22891599999997],[-35.91542759999993,-7.230558999999971],[-35.91586689999997,-7.23049199999997],[-35.91888579999994,-7.232191299999954],[-35.919889599999976,-7.232402799999932],[-35.92138179999995,-7.229086999999936],[-35.921547199999964,-7.223504599999956]]]}},{"type":"Feature","properties":{"cod":"2504009050","nome":"Velame","municipio_cod":"2504009","municipio":"Campina Grande"},"geometry":{"type":"Polygon","coordinates":[[[-35.909666699999946,-7.2843610999999555],[-35.92291799999998,-7.282942699999978],[-35.92188959999993,-7.280795599999976],[-35.92152619999996,-7.279454599999951],[-35.92036899999994,-7.276906699999927],[-35.91946919999998,-7.277194599999973],[-35.91906469999998,-7.27642179999998],[-35.91975529999996,-7.276203199999941],[-35.91726429999994,-7.271728999999937],[-35.915396999999984,-7.26771199999996],[-35.91191749999996,-7.270680599999935],[-35.911954099999946,-7.270455999999967],[-35.91086939999997,-7.269019799999967],[-35.91055689999996,-7.269419999999968],[-35.910351799999944,-7.269461099999944],[-35.909750299999985,-7.269276899999966],[-35.90959559999993,-7.268991099999937],[-35.90832009999997,-7.268995599999926],[-35.90791919999998,-7.269468899999936],[-35.907431299999985,-7.2693285999999375],[-35.90726319999993,-7.26848229999996],[-35.90710349999995,-7.26369829999993],[-35.90577659999997,-7.26017829999995],[-35.90544599999998,-7.25798599999996],[-35.90391129999995,-7.258366999999964],[-35.90385719999995,-7.258814099999938],[-35.90384599999993,-7.259141199999931],[-35.905237599999964,-7.259394899999961],[-35.905173899999966,-7.260251799999935],[-35.900606799999935,-7.26341519999994],[-35.899580499999956,-7.2635585999999535],[-35.89907549999998,-7.262921499999948],[-35.89841339999998,-7.263588399999946],[-35.897528199999954,-7.2637946999999485],[-35.89724419999993,-7.265787499999931],[-35.89236209999996,-7.269187199999976],[-35.89172359999998,-7.270225099999948],[-35.890647599999966,-7.270605299999943],[-35.88820339999995,-7.2707816999999295],[-35.88969439999994,-7.286694399999931],[-35.89669369999996,-7.286038299999973],[-35.898343599999976,-7.285750699999937],[-35.89924999999994,-7.287777799999958],[-35.90524999999997,-7.28544439999996],[-35.90554309999993,-7.285764599999936],[-35.90580079999995,-7.287116799999978],[-35.90602279999996,-7.287216699999931],[-35.90575979999994,-7.287909099999979],[-35.906162999999935,-7.288919599999929],[-35.90516649999995,-7.290307499999926],[-35.90490349999993,-7.291009199999962],[-35.90482359999993,-7.291479399999957],[-35.90508699999998,-7.292288199999973],[-35.90474279999995,-7.293266699999947],[-35.90422209999997,-7.294043699999975],[-35.90421479999998,-7.294347699999946],[-35.903520499999956,-7.2953928999999675],[-35.903666699999974,-7.2962777999999275],[-35.909749999999974,-7.296361099999956],[-35.909666699999946,-7.2843610999999555]]]}},{"type":"Feature","properties":{"cod":"2504009021","nome":"José Pinheiro","municipio_cod":"2504009","municipio":"Campina Grande"},"geometry":{"type":"Polygon","coordinates":[[[-35.87042379999997,-7.232956399999978],[-35.876271299999985,-7.225863799999956],[-35.87680029999996,-7.225918199999967],[-35.877099999999984,-7.225759099999948],[-35.876742099999944,-7.224157099999957],[-35.87674739999994,-7.2236599999999385],[-35.87699719999995,-7.223277499999938],[-35.87662219999993,-7.223207899999977],[-35.87633219999998,-7.222697899999957],[-35.87520559999996,-7.221835399999975],[-35.874865399999976,-7.220467099999951],[-35.874890499999935,-7.219884199999967],[-35.874649699999964,-7.2200405999999475],[-35.87394899999998,-7.220051599999977],[-35.87223949999998,-7.219471999999939],[-35.87231409999998,-7.219185899999957],[-35.87132319999995,-7.218934799999943],[-35.87113119999998,-7.219661199999962],[-35.86946769999997,-7.21907589999995],[-35.86923679999995,-7.221438199999966],[-35.86865929999993,-7.221315899999979],[-35.86865649999993,-7.221488199999953],[-35.86705529999995,-7.222268699999972],[-35.865224799999964,-7.2234679999999685],[-35.865140699999984,-7.224236099999928],[-35.86550689999996,-7.225171699999976],[-35.86761759999996,-7.227105599999959],[-35.866994699999964,-7.22754759999998],[-35.866459299999974,-7.22911019999998],[-35.86622799999998,-7.229304599999978],[-35.86607339999995,-7.230109099999936],[-35.86530019999998,-7.230404599999929],[-35.86559089999997,-7.230619199999978],[-35.86734949999993,-7.230600599999946],[-35.86733159999994,-7.230803999999978],[-35.867827999999975,-7.230839299999957],[-35.87042379999997,-7.232956399999978]]]}},{"type":"Feature","properties":{"cod":"2504009052","nome":"Aluizio Afonso Campos","municipio_cod":"2504009","municipio":"Campina Grande"},"geometry":{"type":"Polygon","coordinates":[[[-35.88089999999994,-7.297361899999942],[-35.887085799999966,-7.2944839999999544],[-35.88780989999998,-7.29366239999996],[-35.88846199999995,-7.289643599999977],[-35.88803489999998,-7.286807899999928],[-35.88969439999994,-7.286694399999931],[-35.88958669999994,-7.28563459999998],[-35.887869799999976,-7.285712299999943],[-35.88739479999998,-7.282796799999971],[-35.88697999999994,-7.281924099999969],[-35.886044899999945,-7.282064099999957],[-35.88337459999997,-7.284102799999971],[-35.88499379999996,-7.287277299999971],[-35.88303709999997,-7.288840099999959],[-35.880637899999954,-7.291106399999933],[-35.879392999999936,-7.291960999999958],[-35.877661099999955,-7.292403799999931],[-35.87384539999994,-7.292487699999981],[-35.86846509999998,-7.291335999999944],[-35.86886899999996,-7.299389799999972],[-35.87277209999996,-7.298515399999928],[-35.87559219999997,-7.299375099999963],[-35.875874099999976,-7.299597399999925],[-35.877069699999936,-7.299384299999929],[-35.88050959999998,-7.297728499999948],[-35.88051789999997,-7.297560399999952],[-35.88089999999994,-7.297361899999942]]]}},{"type":"Feature","properties":{"cod":"2504009031","nome":"Novo Bodocongó","municipio_cod":"2504009","municipio":"Campina Grande"},"geometry":{"type":"Polygon","coordinates":[[[-35.92310149999997,-7.204768999999942],[-35.921641199999954,-7.2099207999999635],[-35.92237989999995,-7.209836799999948],[-35.92409999999995,-7.209277499999928],[-35.92433769999997,-7.209299099999953],[-35.92469259999996,-7.209697699999936],[-35.92516959999995,-7.210690199999931],[-35.92696739999997,-7.2103424999999675],[-35.927282599999955,-7.209959699999956],[-35.92739649999993,-7.20876839999994],[-35.92794799999996,-7.2076997999999435],[-35.92763209999998,-7.20703119999996],[-35.92805249999998,-7.206357099999934],[-35.92772269999995,-7.205547699999954],[-35.92774319999995,-7.205160299999932],[-35.92840479999995,-7.205206799999928],[-35.92888889999995,-7.205044099999952],[-35.92933419999997,-7.2052944999999795],[-35.93098029999993,-7.205259799999965],[-35.93088789999996,-7.203796599999976],[-35.93056769999998,-7.202353899999935],[-35.93131809999994,-7.201981199999977],[-35.931735999999944,-7.202093699999978],[-35.93192479999993,-7.201985199999967],[-35.93187459999996,-7.200612999999976],[-35.93163149999998,-7.200140899999951],[-35.93051849999995,-7.199417599999947],[-35.92887209999998,-7.1964300999999296],[-35.92811219999993,-7.196181299999978],[-35.927589299999966,-7.195842699999957],[-35.927293599999985,-7.195418399999937],[-35.926135699999975,-7.195763099999965],[-35.92586449999993,-7.195186499999977],[-35.925193399999955,-7.195358399999975],[-35.924803699999984,-7.1949895999999285],[-35.92426389999997,-7.194788399999936],[-35.92311719999998,-7.195312799999954],[-35.92059839999996,-7.1959379999999555],[-35.91486329999998,-7.1992380999999455],[-35.91386899999998,-7.200237199999947],[-35.91308229999993,-7.201992999999959],[-35.91280969999997,-7.201881799999967],[-35.91252209999993,-7.202202899999975],[-35.912678599999936,-7.202723699999979],[-35.910088299999984,-7.2037888999999495],[-35.911131499999954,-7.2034642999999505],[-35.911809699999935,-7.2047710999999595],[-35.91390379999996,-7.203521599999931],[-35.91523989999996,-7.20408539999994],[-35.91802059999998,-7.202295599999957],[-35.91864239999995,-7.203401299999939],[-35.92310149999997,-7.204768999999942]]]}},{"type":"Feature","properties":{"cod":"2504009016","nome":"Itararé","municipio_cod":"2504009","municipio":"Campina Grande"},"geometry":{"type":"Polygon","coordinates":[[[-35.878801299999964,-7.251337299999932],[-35.872464399999956,-7.250132699999938],[-35.87238059999993,-7.250466999999958],[-35.87205599999993,-7.250528999999972],[-35.872542299999964,-7.251524899999936],[-35.875900299999955,-7.256102799999951],[-35.88597899999996,-7.2573081999999545],[-35.88603189999998,-7.2509231999999315],[-35.87896879999994,-7.249517199999957],[-35.878801299999964,-7.251337299999932]]]}},{"type":"Feature","properties":{"cod":"2504009015","nome":"Estação Velha","municipio_cod":"2504009","municipio":"Campina Grande"},"geometry":{"type":"Polygon","coordinates":[[[-35.888701399999945,-7.235466599999938],[-35.88951649999996,-7.228343699999925],[-35.88485129999998,-7.227183699999955],[-35.88405719999997,-7.22795659999997],[-35.88324749999998,-7.228282899999954],[-35.88427279999996,-7.23007819999998],[-35.88409369999994,-7.230649999999969],[-35.88414229999995,-7.231487899999934],[-35.88522469999998,-7.235354199999961],[-35.888701399999945,-7.235466599999938]]]}},{"type":"Feature","properties":{"cod":"2504009018","nome":"Jardim Paulistano","municipio_cod":"2504009","municipio":"Campina Grande"},"geometry":{"type":"Polygon","coordinates":[[[-35.88975819999996,-7.251000499999975],[-35.89477869999996,-7.251961699999981],[-35.89405719999996,-7.258118099999933],[-35.89851989999994,-7.2586897999999564],[-35.89886669999993,-7.254809799999975],[-35.898409999999956,-7.254805999999974],[-35.89856869999994,-7.252908699999978],[-35.89879659999997,-7.252740199999948],[-35.89854479999997,-7.252193899999952],[-35.89898849999997,-7.249346899999978],[-35.89848609999996,-7.249258699999928],[-35.89875799999993,-7.247656499999948],[-35.89735149999996,-7.247300999999936],[-35.89774079999995,-7.243788999999936],[-35.89055089999994,-7.242930799999954],[-35.88975819999996,-7.251000499999975]]]}},{"type":"Feature","properties":{"cod":"2504009024","nome":"Louzeiro","municipio_cod":"2504009","municipio":"Campina Grande"},"geometry":{"type":"Polygon","coordinates":[[[-35.88804539999995,-7.205282699999941],[-35.887504999999976,-7.205745299999933],[-35.88731169999994,-7.207053499999972],[-35.887012899999945,-7.207393599999932],[-35.88704779999995,-7.207637299999931],[-35.887336199999936,-7.207873999999947],[-35.887378799999965,-7.207490499999949],[-35.88974859999996,-7.2088593999999375],[-35.89253539999993,-7.204802799999925],[-35.894267199999945,-7.199971399999981],[-35.894493299999965,-7.198482999999953],[-35.89272289999997,-7.1981642999999735],[-35.892495699999984,-7.198750999999959],[-35.89202229999995,-7.199157699999944],[-35.89186229999996,-7.199557699999957],[-35.89131229999998,-7.199917699999958],[-35.890692299999955,-7.199897699999951],[-35.889462299999934,-7.199407699999938],[-35.888152299999945,-7.199697699999945],[-35.88757229999993,-7.20048769999994],[-35.88721229999993,-7.200727699999959],[-35.88674229999998,-7.202147699999955],[-35.88808229999995,-7.204047699999933],[-35.88804539999995,-7.205282699999941]]]}},{"type":"Feature","properties":{"cod":"2504009037","nome":"Ramadinha","municipio_cod":"2504009","municipio":"Campina Grande"},"geometry":{"type":"Polygon","coordinates":[[[-35.92578009999994,-7.217225299999939],[-35.92590279999996,-7.22336439999998],[-35.92851009999998,-7.223521099999971],[-35.92888519999997,-7.223417099999949],[-35.929104999999936,-7.22259269999995],[-35.92898919999993,-7.222363899999948],[-35.92996119999998,-7.219886199999962],[-35.92887769999993,-7.212407799999937],[-35.925910199999976,-7.213870999999926],[-35.92645539999995,-7.215734899999973],[-35.926480599999934,-7.21683749999994],[-35.92645339999996,-7.217219199999931],[-35.92578009999994,-7.217225299999939]]]}},{"type":"Feature","properties":{"cod":"2504009025","nome":"Malvinas","municipio_cod":"2504009","municipio":"Campina Grande"},"geometry":{"type":"Polygon","coordinates":[[[-35.91747499999997,-7.242085599999939],[-35.91602699999993,-7.24200819999993],[-35.91620979999993,-7.242499299999963],[-35.91562259999995,-7.243787999999938],[-35.91553939999994,-7.244738899999959],[-35.91575739999996,-7.245245499999953],[-35.91553639999995,-7.246390199999951],[-35.920452599999976,-7.246733199999937],[-35.92477949999994,-7.25010489999994],[-35.92614619999995,-7.25082139999995],[-35.92949459999994,-7.242698799999971],[-35.92862859999997,-7.242353599999944],[-35.929553099999964,-7.2401137999999605],[-35.92827409999995,-7.2396205999999665],[-35.92903259999997,-7.238348999999971],[-35.93056759999996,-7.237231099999974],[-35.93099589999997,-7.23668559999993],[-35.932095799999956,-7.231897699999934],[-35.93124689999996,-7.223246599999925],[-35.92932559999997,-7.223299999999938],[-35.92851009999998,-7.223521099999971],[-35.92590279999996,-7.22336439999998],[-35.925882299999955,-7.222107499999936],[-35.925000599999976,-7.2220488999999475],[-35.924729999999954,-7.222084699999925],[-35.922806099999946,-7.223481799999945],[-35.921547199999964,-7.223504599999956],[-35.92138179999995,-7.229086999999936],[-35.919889599999976,-7.232402799999932],[-35.91888579999994,-7.232191299999954],[-35.919573699999944,-7.233139799999947],[-35.91964269999994,-7.23294999999996],[-35.91993949999994,-7.233599199999958],[-35.920326699999976,-7.235617299999944],[-35.920554299999935,-7.236025599999948],[-35.92010629999993,-7.236155099999962],[-35.919748399999946,-7.237267399999951],[-35.92068169999993,-7.239115099999935],[-35.92080299999998,-7.240701199999933],[-35.92060159999994,-7.2409858999999415],[-35.92017019999997,-7.24118459999994],[-35.91923769999994,-7.240985699999953],[-35.918740799999966,-7.241165299999977],[-35.91795629999996,-7.241914999999949],[-35.91747499999997,-7.242085599999939]]]}},{"type":"Feature","properties":{"cod":"2504009011","nome":"Cruzeiro","municipio_cod":"2504009","municipio":"Campina Grande"},"geometry":{"type":"Polygon","coordinates":[[[-35.90384319999998,-7.259404899999936],[-35.90391129999995,-7.258366999999964],[-35.90544599999998,-7.25798599999996],[-35.90504819999995,-7.25680049999994],[-35.90906169999994,-7.255624399999931],[-35.90529759999998,-7.248209999999972],[-35.905431299999975,-7.248209699999961],[-35.90558939999994,-7.247771899999975],[-35.90637359999994,-7.244820699999934],[-35.90642689999993,-7.239852499999927],[-35.90526969999996,-7.2397143999999685],[-35.90491149999997,-7.239455299999975],[-35.90184319999997,-7.239587599999936],[-35.90197799999993,-7.24018609999996],[-35.90046279999996,-7.240409299999953],[-35.90175249999993,-7.242517999999961],[-35.90249599999993,-7.243232599999942],[-35.90187339999994,-7.24421209999997],[-35.89774079999995,-7.243788999999936],[-35.89735149999996,-7.247300999999936],[-35.89875799999993,-7.247656499999948],[-35.89848609999996,-7.249258699999928],[-35.89898849999997,-7.249346899999978],[-35.89854479999997,-7.252193899999952],[-35.89879659999997,-7.252740199999948],[-35.89856869999994,-7.252908699999978],[-35.898409999999956,-7.254805999999974],[-35.89886669999993,-7.254809799999975],[-35.89851989999994,-7.2586897999999564],[-35.90384319999998,-7.259404899999936]]]}},{"type":"Feature","properties":{"cod":"2504009060","nome":"São Januário","municipio_cod":"2504009","municipio":"Campina Grande"},"geometry":{"type":"Polygon","coordinates":[[[-35.932471299999975,-7.210289399999965],[-35.935045499999944,-7.2112897999999745],[-35.936168599999974,-7.211406499999953],[-35.94007759999994,-7.210429799999929],[-35.94000349999993,-7.208478699999944],[-35.94019019999996,-7.208341599999926],[-35.93991239999997,-7.207958299999973],[-35.93879279999993,-7.201337599999931],[-35.93851779999994,-7.201575499999933],[-35.93774169999995,-7.201788099999931],[-35.93656649999997,-7.201859099999979],[-35.93668519999994,-7.202811199999928],[-35.93635909999995,-7.203579799999943],[-35.93665489999995,-7.204916299999979],[-35.93636719999995,-7.205461799999966],[-35.936050799999975,-7.205465199999935],[-35.935433099999955,-7.204875499999957],[-35.93504619999993,-7.204720299999963],[-35.93418159999993,-7.204846499999974],[-35.93356129999995,-7.204632999999944],[-35.93311859999994,-7.204899599999976],[-35.93305069999997,-7.2055998999999815],[-35.933315499999935,-7.205947399999957],[-35.93284829999993,-7.206370199999981],[-35.93098029999993,-7.205259799999965],[-35.92933419999997,-7.2052944999999795],[-35.92888889999995,-7.205044099999952],[-35.92840479999995,-7.205206799999928],[-35.92774319999995,-7.205160299999932],[-35.92772269999995,-7.205547699999954],[-35.92805249999998,-7.206357099999934],[-35.92763209999998,-7.20703119999996],[-35.92794799999996,-7.2076997999999435],[-35.92739649999993,-7.20876839999994],[-35.927282599999955,-7.209959699999956],[-35.92696739999997,-7.2103424999999675],[-35.92516959999995,-7.210690199999931],[-35.92603929999996,-7.2126113999999575],[-35.92450809999997,-7.214048299999945],[-35.925910199999976,-7.213870999999926],[-35.92948009999998,-7.212138899999957],[-35.93134599999996,-7.210550099999978],[-35.93181149999998,-7.210344499999962],[-35.932471299999975,-7.210289399999965]]]}},{"type":"Feature","properties":{"cod":"2504009012","nome":"Cuités","municipio_cod":"2504009","municipio":"Campina Grande"},"geometry":{"type":"Polygon","coordinates":[[[-35.90439219999996,-7.182249999999954],[-35.90190979999994,-7.184773399999926],[-35.90134589999997,-7.185753599999941],[-35.89983209999997,-7.187471699999946],[-35.896884099999966,-7.192531499999973],[-35.895051499999965,-7.193843299999969],[-35.89569239999997,-7.194727599999965],[-35.89601239999996,-7.197627699999941],[-35.89596639999996,-7.198685399999931],[-35.899609399999974,-7.19934029999996],[-35.90111239999993,-7.19917769999995],[-35.91048589999997,-7.199500999999941],[-35.910310899999956,-7.198568299999977],[-35.910769899999934,-7.198403599999949],[-35.910477399999934,-7.197440299999926],[-35.90974579999994,-7.196750799999961],[-35.91229249999998,-7.195167599999934],[-35.91159289999996,-7.194919899999945],[-35.91136089999998,-7.194010299999945],[-35.91092249999997,-7.193207599999937],[-35.910960899999964,-7.1921773999999346],[-35.910787599999935,-7.191056999999944],[-35.91055689999996,-7.190688199999954],[-35.91050189999993,-7.188544499999978],[-35.910216899999966,-7.188343999999972],[-35.91014379999996,-7.1879685999999765],[-35.90963289999996,-7.187710399999958],[-35.90887299999997,-7.185536599999978],[-35.908374299999934,-7.185242799999969],[-35.906627999999955,-7.1831346999999255],[-35.907559599999956,-7.181995899999947],[-35.90608049999997,-7.181298899999945],[-35.905602699999974,-7.18170559999993],[-35.90439219999996,-7.182249999999954]]]}},{"type":"Feature","properties":{"cod":"2504009019","nome":"Jardim Tavares","municipio_cod":"2504009","municipio":"Campina Grande"},"geometry":{"type":"Polygon","coordinates":[[[-35.877506299999936,-7.21460849999994],[-35.87461479999996,-7.204224699999941],[-35.874810699999955,-7.203622399999972],[-35.876777199999935,-7.20119509999995],[-35.877162099999964,-7.1988688999999795],[-35.87803599999995,-7.198126999999943],[-35.877660799999944,-7.1976269999999545],[-35.87166879999995,-7.1937458999999535],[-35.87163279999993,-7.194266099999936],[-35.87194809999994,-7.194769399999927],[-35.87137059999998,-7.196188599999971],[-35.87147699999997,-7.1964580999999725],[-35.87107609999998,-7.196631499999967],[-35.87049099999996,-7.1965410999999335],[-35.869987599999945,-7.197081999999966],[-35.869064299999934,-7.196859599999925],[-35.86918779999996,-7.197626699999944],[-35.86910039999998,-7.197732299999927],[-35.86876979999994,-7.197573899999952],[-35.86857029999993,-7.1976624999999785],[-35.868429799999944,-7.198077199999943],[-35.86854939999995,-7.1986444999999435],[-35.868028899999956,-7.198942299999942],[-35.86785789999993,-7.199716899999942],[-35.86727659999997,-7.199909199999979],[-35.86662309999997,-7.200651799999946],[-35.86633619999998,-7.2013509999999314],[-35.86551359999993,-7.202135099999964],[-35.86536539999997,-7.203167999999948],[-35.865612399999975,-7.203514799999937],[-35.865688399999954,-7.204147999999975],[-35.865350199999966,-7.204683299999942],[-35.865426199999945,-7.205105499999945],[-35.86525149999994,-7.2055464999999685],[-35.865403399999934,-7.2059988999999405],[-35.865768199999934,-7.206262699999968],[-35.86633809999995,-7.206198699999959],[-35.86677889999993,-7.206379599999934],[-35.86697259999994,-7.206948799999964],[-35.86908689999996,-7.208007699999939],[-35.86740419999995,-7.20908019999996],[-35.86691469999994,-7.209759099999928],[-35.86662449999994,-7.210725699999955],[-35.86826229999997,-7.212080499999956],[-35.87715439999994,-7.216284899999948],[-35.87754759999996,-7.216059499999972],[-35.877506299999936,-7.21460849999994]]]}},{"type":"Feature","properties":{"cod":"2504009035","nome":"Presidente Médici","municipio_cod":"2504009","municipio":"Campina Grande"},"geometry":{"type":"Polygon","coordinates":[[[-35.91077789999997,-7.25898049999995],[-35.91217349999994,-7.2583375999999475],[-35.914377799999954,-7.257973199999981],[-35.91670929999998,-7.257211999999981],[-35.916417199999955,-7.253754399999934],[-35.91573919999996,-7.252200099999925],[-35.91524649999997,-7.250569799999937],[-35.913127799999984,-7.24833899999993],[-35.91288409999993,-7.248658199999966],[-35.91234449999996,-7.248172299999965],[-35.90965899999998,-7.249180099999933],[-35.90929179999995,-7.250733399999945],[-35.90871549999997,-7.250682299999937],[-35.909029499999974,-7.248943499999939],[-35.907024699999965,-7.248737499999947],[-35.90560859999994,-7.248854199999926],[-35.91077789999997,-7.25898049999995]]]}},{"type":"Feature","properties":{"cod":"2504009004","nome":"Bela Vista","municipio_cod":"2504009","municipio":"Campina Grande"},"geometry":{"type":"Polygon","coordinates":[[[-35.90358279999998,-7.223913499999981],[-35.904538799999955,-7.223700299999962],[-35.905232799999965,-7.220605899999953],[-35.90481579999994,-7.220470699999964],[-35.904394099999934,-7.218392599999959],[-35.90355169999998,-7.218580499999973],[-35.90338699999995,-7.217752299999972],[-35.90424109999998,-7.217555899999979],[-35.90415049999996,-7.216777699999966],[-35.90440449999994,-7.216748299999949],[-35.904413199999965,-7.21613119999995],[-35.90211839999995,-7.215760499999931],[-35.90118659999996,-7.21541899999994],[-35.897551799999974,-7.2154513999999494],[-35.89718979999998,-7.215306299999952],[-35.89939089999996,-7.22476469999998],[-35.90353349999998,-7.225977199999932],[-35.90377129999996,-7.224945799999944],[-35.90358279999998,-7.223913499999981]]]}},{"type":"Feature","properties":{"cod":"2504009049","nome":"Acácio Figueiredo","municipio_cod":"2504009","municipio":"Campina Grande"},"geometry":{"type":"Polygon","coordinates":[[[-35.921343999999976,-7.2702767999999764],[-35.921401999999944,-7.269271299999957],[-35.921815299999935,-7.267425899999978],[-35.92238759999998,-7.266061899999954],[-35.923369099999945,-7.264701299999956],[-35.92298779999993,-7.264490999999964],[-35.92162199999996,-7.262981999999965],[-35.92120199999994,-7.262861999999927],[-35.92101949999994,-7.262495699999931],[-35.91922729999993,-7.261326199999928],[-35.91951379999995,-7.261180199999956],[-35.918700799999954,-7.260604999999941],[-35.91851399999996,-7.26092129999995],[-35.91817459999993,-7.260674199999926],[-35.91744819999997,-7.258666099999971],[-35.91670929999998,-7.257211999999981],[-35.914377799999954,-7.257973199999981],[-35.91217349999994,-7.2583375999999475],[-35.91077789999997,-7.25898049999995],[-35.91468619999995,-7.266184499999952],[-35.91726429999994,-7.271728999999937],[-35.91975529999996,-7.276203199999941],[-35.91906469999998,-7.27642179999998],[-35.91946919999998,-7.277194599999973],[-35.92036899999994,-7.276906699999927],[-35.92126289999993,-7.278930299999956],[-35.92330389999995,-7.27753279999996],[-35.923725899999965,-7.2777849999999376],[-35.92452509999998,-7.277658899999949],[-35.92612929999996,-7.278620399999966],[-35.92614069999996,-7.277555099999972],[-35.92574109999998,-7.275311199999976],[-35.92501569999996,-7.274347299999931],[-35.925422099999935,-7.274006099999951],[-35.925401499999964,-7.2737758999999755],[-35.92358649999994,-7.2718525999999315],[-35.921343999999976,-7.2702767999999764]]]}},{"type":"Feature","properties":{"cod":"2504009054","nome":"Bento Figueiredo","municipio_cod":"2504009","municipio":"Campina Grande"},"geometry":{"type":"Polygon","coordinates":[[[-35.90024289999997,-7.210426899999959],[-35.90048569999993,-7.211642799999936],[-35.901486199999965,-7.211200499999961],[-35.902671699999985,-7.214645999999959],[-35.90311859999997,-7.2145768999999405],[-35.90344169999997,-7.215975599999979],[-35.90564599999993,-7.216316399999926],[-35.90572559999998,-7.211824099999944],[-35.90395599999994,-7.208647799999937],[-35.90024289999997,-7.210426899999959]]]}},{"type":"Feature","properties":{"cod":"2504009029","nome":"Nações","municipio_cod":"2504009","municipio":"Campina Grande"},"geometry":{"type":"Polygon","coordinates":[[[-35.879056799999944,-7.198067699999967],[-35.883762299999944,-7.197817699999973],[-35.88314699999995,-7.19547149999994],[-35.88332239999994,-7.195062099999973],[-35.88319289999998,-7.193558699999926],[-35.88349699999998,-7.19236049999995],[-35.88351949999998,-7.190090699999928],[-35.883687899999984,-7.189532899999961],[-35.88304889999995,-7.188829399999975],[-35.88216339999997,-7.188321499999972],[-35.88210719999995,-7.187984399999948],[-35.88152919999993,-7.187383299999965],[-35.87756939999997,-7.185763099999974],[-35.876345999999955,-7.18450299999995],[-35.875994599999956,-7.185290599999973],[-35.87567919999998,-7.1855242999999405],[-35.874698999999964,-7.185622299999977],[-35.87398469999994,-7.186214199999938],[-35.872977799999944,-7.187492099999929],[-35.872757399999955,-7.18821209999993],[-35.87213429999997,-7.188506099999927],[-35.872267299999976,-7.189275099999975],[-35.87347169999998,-7.190145899999948],[-35.87355149999996,-7.191593499999954],[-35.873103199999946,-7.192716799999971],[-35.872164699999985,-7.1930710999999405],[-35.87196809999995,-7.193683699999951],[-35.87166879999995,-7.1937458999999535],[-35.877660799999944,-7.1976269999999545],[-35.87810109999998,-7.198183999999969],[-35.878597199999945,-7.198399799999947],[-35.879056799999944,-7.198067699999967]]]}},{"type":"Feature","properties":{"cod":"2504009002","nome":"Alto Branco","municipio_cod":"2504009","municipio":"Campina Grande"},"geometry":{"type":"Polygon","coordinates":[[[-35.876273399999945,-7.210541199999966],[-35.88632599999994,-7.2079883999999765],[-35.886775099999966,-7.208092799999974],[-35.88667179999993,-7.208514199999968],[-35.88709309999996,-7.208663099999967],[-35.887336199999936,-7.207873999999947],[-35.88704779999995,-7.207637299999931],[-35.887012899999945,-7.207393599999932],[-35.88731169999994,-7.207053499999972],[-35.887504999999976,-7.205745299999933],[-35.88804539999995,-7.205282699999941],[-35.88811229999993,-7.204207699999927],[-35.88802229999993,-7.203877699999964],[-35.88777229999994,-7.20371769999997],[-35.88674229999998,-7.202147699999955],[-35.88718229999995,-7.200787699999978],[-35.88757229999993,-7.20048769999994],[-35.88760229999997,-7.200167699999952],[-35.885882299999935,-7.198827699999981],[-35.885522299999934,-7.198767699999962],[-35.88515229999996,-7.198417699999936],[-35.88397229999998,-7.197817699999973],[-35.87914379999995,-7.198047499999973],[-35.878597199999945,-7.198399799999947],[-35.878322899999944,-7.198183099999937],[-35.877890899999954,-7.19817699999993],[-35.877162099999964,-7.1988688999999795],[-35.87704089999994,-7.199196299999926],[-35.87689869999997,-7.200973699999963],[-35.874810699999955,-7.203622399999972],[-35.87461479999996,-7.204224699999941],[-35.876273399999945,-7.210541199999966]]]}},{"type":"Feature","properties":{"cod":"2504009017","nome":"Jardim Continental","municipio_cod":"2504009","municipio":"Campina Grande"},"geometry":{"type":"Polygon","coordinates":[[[-35.892375699999945,-7.198869099999968],[-35.89272289999997,-7.1981642999999735],[-35.89596639999996,-7.198685399999931],[-35.89601239999996,-7.197627699999941],[-35.89569239999997,-7.194727599999965],[-35.895132399999966,-7.194047599999976],[-35.89511289999996,-7.193742799999939],[-35.89498609999998,-7.193787499999928],[-35.89450799999997,-7.193316899999957],[-35.894113199999936,-7.19324679999994],[-35.89305189999993,-7.191610899999944],[-35.88210719999995,-7.187984399999948],[-35.88216339999997,-7.188321499999972],[-35.88304889999995,-7.188829399999975],[-35.883687899999984,-7.189532899999961],[-35.88351949999998,-7.190090699999928],[-35.88349699999998,-7.19236049999995],[-35.88319289999998,-7.193558699999926],[-35.88332239999994,-7.195062099999973],[-35.88314699999995,-7.19547149999994],[-35.88342229999995,-7.1961449999999445],[-35.88365049999993,-7.197740899999928],[-35.88515229999996,-7.198417699999936],[-35.88558229999995,-7.198797699999943],[-35.885882299999935,-7.198827699999981],[-35.88670229999997,-7.199577699999963],[-35.88734229999994,-7.199897699999951],[-35.88764229999998,-7.200367699999958],[-35.888152299999945,-7.199697699999945],[-35.88880229999995,-7.199647699999957],[-35.889352299999985,-7.199407699999938],[-35.89088229999993,-7.199947699999939],[-35.89145229999997,-7.199887699999977],[-35.892375699999945,-7.198869099999968]]]}},{"type":"Feature","properties":{"cod":"2504009055","nome":"Catirina","municipio_cod":"2504009","municipio":"Campina Grande"},"geometry":{"type":"Polygon","coordinates":[[[-35.943050599999935,-7.209051399999964],[-35.94743919999996,-7.208049699999947],[-35.948562299999935,-7.207051399999955],[-35.94958189999994,-7.2058951999999294],[-35.950126599999976,-7.204965099999981],[-35.95042659999996,-7.204858499999943],[-35.95042059999997,-7.204480699999976],[-35.95088139999996,-7.203816899999936],[-35.95117769999996,-7.203841599999976],[-35.95131779999997,-7.204018799999972],[-35.951259799999946,-7.202994799999942],[-35.953973099999985,-7.198376499999938],[-35.95563079999994,-7.197284799999977],[-35.95436549999994,-7.195818199999962],[-35.95201599999996,-7.197085499999957],[-35.94910629999998,-7.197527899999955],[-35.947932599999945,-7.200723599999947],[-35.94652149999996,-7.203916199999981],[-35.93879279999993,-7.201337599999931],[-35.93991239999997,-7.207958299999973],[-35.94019019999996,-7.208341599999926],[-35.94000349999993,-7.208478699999944],[-35.94007759999994,-7.210429799999929],[-35.941494999999975,-7.210024999999973],[-35.943050599999935,-7.209051399999964]]]}},{"type":"Feature","properties":{"cod":"2504009048","nome":"Vila Cabral","municipio_cod":"2504009","municipio":"Campina Grande"},"geometry":{"type":"Polygon","coordinates":[[[-35.86705269999993,-7.237255199999936],[-35.860092099999974,-7.2409079999999335],[-35.86058209999993,-7.241927999999973],[-35.86230189999998,-7.2437684999999306],[-35.86214949999993,-7.2441903999999795],[-35.862595899999974,-7.245168699999965],[-35.862558699999965,-7.245631599999967],[-35.862806699999965,-7.246517099999949],[-35.86256049999997,-7.247334899999942],[-35.86517509999993,-7.249299099999973],[-35.86738269999995,-7.249714899999958],[-35.86844979999995,-7.249395999999933],[-35.868601799999965,-7.249541999999963],[-35.87051989999998,-7.24958799999996],[-35.87163199999998,-7.249387399999932],[-35.87119169999994,-7.243499499999928],[-35.87032359999995,-7.241555099999971],[-35.86795269999993,-7.237173999999925],[-35.86705269999993,-7.237255199999936]]]}},{"type":"Feature","properties":{"cod":"2504009030","nome":"Nova Brasília","municipio_cod":"2504009","municipio":"Campina Grande"},"geometry":{"type":"Polygon","coordinates":[[[-35.85825289999997,-7.212939799999958],[-35.85735579999994,-7.211833599999977],[-35.856307699999945,-7.209578799999974],[-35.85351039999995,-7.211180299999967],[-35.85245229999998,-7.2116130999999655],[-35.85214589999998,-7.2118670999999495],[-35.85229569999996,-7.21206959999995],[-35.85089709999994,-7.212821899999938],[-35.85121699999996,-7.213763999999969],[-35.85418699999997,-7.215132099999948],[-35.85414439999994,-7.21752239999995],[-35.854336599999954,-7.220074999999952],[-35.85764279999995,-7.219621199999949],[-35.85981979999997,-7.220333799999935],[-35.861412299999984,-7.221262999999965],[-35.86224029999994,-7.22230159999998],[-35.86242549999997,-7.2236464999999725],[-35.86269049999993,-7.223645799999929],[-35.862762499999974,-7.219176399999981],[-35.86399819999997,-7.2191925999999285],[-35.86401269999993,-7.218728499999941],[-35.86362259999993,-7.218482499999936],[-35.864957499999946,-7.216285699999958],[-35.86012819999996,-7.214250599999957],[-35.85825289999997,-7.212939799999958]]]}},{"type":"Feature","properties":{"cod":"2504009033","nome":"Pedregal","municipio_cod":"2504009","municipio":"Campina Grande"},"geometry":{"type":"Polygon","coordinates":[[[-35.909263099999976,-7.225556599999948],[-35.909144099999935,-7.224477499999978],[-35.910203699999954,-7.225450299999977],[-35.91062439999996,-7.225064299999929],[-35.91214389999993,-7.2251902999999515],[-35.911645799999974,-7.224346599999933],[-35.91153829999996,-7.223576599999944],[-35.91164719999995,-7.222881099999938],[-35.91199839999996,-7.222106799999949],[-35.90884659999995,-7.221419799999978],[-35.90787789999996,-7.2215503999999555],[-35.907189899999935,-7.221340199999929],[-35.907202799999936,-7.221200799999963],[-35.906462999999974,-7.221140299999945],[-35.905232799999965,-7.220605899999953],[-35.904538799999955,-7.223700299999962],[-35.90358279999998,-7.223913499999981],[-35.90377129999996,-7.224945799999944],[-35.90401789999993,-7.224173399999927],[-35.909263099999976,-7.225556599999948]]]}},{"type":"Feature","properties":{"cod":"2504009058","nome":"Palmeira Imperial","municipio_cod":"2504009","municipio":"Campina Grande"},"geometry":{"type":"Polygon","coordinates":[[[-35.915396999999984,-7.26771199999996],[-35.90906169999994,-7.255624399999931],[-35.90504819999995,-7.25680049999994],[-35.90544599999998,-7.25798599999996],[-35.90577659999997,-7.26017829999995],[-35.90710349999995,-7.26369829999993],[-35.90726319999993,-7.26848229999996],[-35.907431299999985,-7.2693285999999375],[-35.90791919999998,-7.269468899999936],[-35.90832009999997,-7.268995599999926],[-35.90959559999993,-7.268991099999937],[-35.909750299999985,-7.269276899999966],[-35.910351799999944,-7.269461099999944],[-35.91055689999996,-7.269419999999968],[-35.91086939999997,-7.269019799999967],[-35.911954099999946,-7.270455999999967],[-35.91191749999996,-7.270680599999935],[-35.915396999999984,-7.26771199999996]]]}},{"type":"Feature","properties":{"cod":"2504009001","nome":"Centro de Campina Grande","municipio_cod":"2504009","municipio":"Campina Grande"},"geometry":{"type":"Polygon","coordinates":[[[-35.88457729999993,-7.225817899999981],[-35.886122099999966,-7.2253555999999435],[-35.88816979999996,-7.222130399999969],[-35.889036199999964,-7.22277269999995],[-35.889827699999955,-7.222721899999954],[-35.891756199999975,-7.223608299999967],[-35.89208069999995,-7.223558399999945],[-35.89224759999996,-7.222454099999936],[-35.89117689999995,-7.222285599999964],[-35.89062749999994,-7.221980599999938],[-35.89031929999993,-7.221544299999948],[-35.890026199999966,-7.220320999999956],[-35.88883229999993,-7.220608899999945],[-35.88941659999995,-7.2183054999999285],[-35.89163129999997,-7.217742399999963],[-35.891096499999946,-7.216797199999974],[-35.89284889999993,-7.216354199999955],[-35.89298459999998,-7.21619869999995],[-35.89310379999995,-7.214925499999936],[-35.89399039999995,-7.2153617999999256],[-35.89321129999996,-7.213766899999939],[-35.890156899999965,-7.215181599999937],[-35.88924999999995,-7.213572499999941],[-35.888212599999974,-7.214403899999979],[-35.88543329999993,-7.214607199999932],[-35.88390169999997,-7.2120603999999275],[-35.88369329999995,-7.212360599999954],[-35.88326039999998,-7.214485199999956],[-35.87896499999994,-7.21570289999994],[-35.87802729999993,-7.216136799999958],[-35.87754759999996,-7.216059499999972],[-35.877271399999984,-7.216200199999946],[-35.87701389999995,-7.2167190999999775],[-35.875946099999965,-7.217420999999945],[-35.87538399999994,-7.219286599999975],[-35.874890499999935,-7.219884199999967],[-35.874865399999976,-7.220467099999951],[-35.87520559999996,-7.221835399999975],[-35.87633219999998,-7.222697899999957],[-35.87662219999993,-7.223207899999977],[-35.87699719999995,-7.223277499999938],[-35.87674739999994,-7.2236599999999385],[-35.876742099999944,-7.224157099999957],[-35.877079899999956,-7.225582499999973],[-35.878733299999965,-7.226282599999934],[-35.88060799999994,-7.226803699999948],[-35.88324749999998,-7.228282899999954],[-35.88405719999997,-7.22795659999997],[-35.88485129999998,-7.227183699999955],[-35.88457729999993,-7.225817899999981]]]}},{"type":"Feature","properties":{"cod":"2504009008","nome":"Centenário","municipio_cod":"2504009","municipio":"Campina Grande"},"geometry":{"type":"Polygon","coordinates":[[[-35.90050729999996,-7.2295391999999765],[-35.91226859999995,-7.228856099999973],[-35.91317259999994,-7.228045799999961],[-35.91330739999995,-7.2272753999999395],[-35.91321199999993,-7.226759299999969],[-35.91214389999993,-7.2251902999999515],[-35.91062439999996,-7.225064299999929],[-35.910203699999954,-7.225450299999977],[-35.909144099999935,-7.224477499999978],[-35.909263099999976,-7.225556599999948],[-35.90401789999993,-7.224173399999927],[-35.90353349999998,-7.225977199999932],[-35.896912499999985,-7.223981299999934],[-35.896568499999944,-7.2240575999999805],[-35.89759389999995,-7.228111899999931],[-35.89749779999994,-7.229097699999954],[-35.89827139999994,-7.229379499999936],[-35.89974489999997,-7.229384299999936],[-35.90050729999996,-7.2295391999999765]]]}},{"type":"Feature","properties":{"cod":"2504009043","nome":"Serrotão","municipio_cod":"2504009","municipio":"Campina Grande"},"geometry":{"type":"Polygon","coordinates":[[[-35.92949459999994,-7.242698799999971],[-35.92614619999995,-7.25082139999995],[-35.928338199999985,-7.251662099999976],[-35.932273599999974,-7.252034199999969],[-35.932772599999964,-7.252119599999958],[-35.933099099999936,-7.252402099999927],[-35.93330219999996,-7.252104899999949],[-35.93716169999993,-7.252462099999946],[-35.93936359999998,-7.253128699999934],[-35.94372429999993,-7.254058999999927],[-35.94943669999998,-7.253700099999946],[-35.949427699999944,-7.253191299999969],[-35.94983289999993,-7.252397999999971],[-35.949782899999946,-7.250957999999969],[-35.95003289999994,-7.250357999999949],[-35.94989289999995,-7.249797999999942],[-35.95012289999994,-7.249537999999973],[-35.949872899999946,-7.248527999999965],[-35.94923289999997,-7.248257999999964],[-35.94931289999994,-7.24800799999997],[-35.948982899999976,-7.246977999999956],[-35.94868289999994,-7.246587999999974],[-35.94873289999998,-7.246037999999942],[-35.94908289999995,-7.245217999999966],[-35.94979289999998,-7.2448179999999525],[-35.95016289999995,-7.243987999999945],[-35.95099289999996,-7.2429579999999305],[-35.95112289999997,-7.241837999999973],[-35.95101289999997,-7.241467999999941],[-35.951092899999935,-7.240877999999952],[-35.95129289999994,-7.240647999999965],[-35.951422899999955,-7.239437899999928],[-35.95131289999995,-7.238887899999952],[-35.95063289999996,-7.237867899999969],[-35.950742899999966,-7.236907899999949],[-35.95032289999995,-7.235127899999952],[-35.95059289999995,-7.234667899999977],[-35.95131289999995,-7.234347899999932],[-35.95316749999995,-7.2312356999999565],[-35.95252099999993,-7.231313399999976],[-35.952352099999985,-7.230462899999964],[-35.952314299999955,-7.2302267999999685],[-35.95248289999995,-7.230037899999957],[-35.95228289999994,-7.2297878999999625],[-35.95206289999993,-7.225417799999946],[-35.95161289999993,-7.22435779999995],[-35.95138289999994,-7.222017799999946],[-35.95150289999998,-7.221377799999971],[-35.951842899999974,-7.220967799999926],[-35.95179289999993,-7.220137799999975],[-35.95192289999994,-7.219887799999981],[-35.953812899999946,-7.218977799999948],[-35.95391289999998,-7.218557799999928],[-35.95376289999996,-7.21787779999994],[-35.953962899999965,-7.217417799999964],[-35.954292899999984,-7.217047799999932],[-35.954942899999935,-7.216717799999969],[-35.95540289999997,-7.216087799999968],[-35.955722899999955,-7.215907799999968],[-35.95556289999996,-7.213167699999929],[-35.95598289999998,-7.213017699999966],[-35.955902899999955,-7.21248769999994],[-35.95538289999996,-7.211217699999963],[-35.95502289999996,-7.210877699999969],[-35.95436289999998,-7.210617699999943],[-35.954582899999934,-7.209877699999936],[-35.954052899999965,-7.209047699999928],[-35.95403289999996,-7.208747699999947],[-35.95404289999993,-7.2076176999999575],[-35.954312899999934,-7.206177699999955],[-35.95487289999994,-7.206267699999955],[-35.95507289999995,-7.206087699999955],[-35.95482679999998,-7.205586299999936],[-35.955129399999976,-7.202260399999943],[-35.95131779999997,-7.204018799999972],[-35.95117769999996,-7.203841599999976],[-35.95088139999996,-7.203816899999936],[-35.95042059999997,-7.204480699999976],[-35.95042659999996,-7.204858499999943],[-35.950126599999976,-7.204965099999981],[-35.94958189999994,-7.2058951999999294],[-35.94743919999996,-7.208049699999947],[-35.943050599999935,-7.209051399999964],[-35.941494999999975,-7.210024999999973],[-35.936168599999974,-7.211406499999953],[-35.935045499999944,-7.2112897999999745],[-35.932726199999934,-7.2103360999999495],[-35.93181149999998,-7.210344499999962],[-35.93101279999996,-7.210815299999979],[-35.929863299999965,-7.211931199999981],[-35.92887769999993,-7.212407799999937],[-35.92996119999998,-7.219886199999962],[-35.92898919999993,-7.222363899999948],[-35.929104999999936,-7.22259269999995],[-35.92888519999997,-7.223417099999949],[-35.93124689999996,-7.223246599999925],[-35.932095799999956,-7.231897699999934],[-35.93099589999997,-7.23668559999993],[-35.93056759999996,-7.237231099999974],[-35.92903259999997,-7.238348999999971],[-35.92827409999995,-7.2396205999999665],[-35.929553099999964,-7.2401137999999605],[-35.92862859999997,-7.242353599999944],[-35.92949459999994,-7.242698799999971]]]}},{"type":"Feature","properties":{"cod":"2504009028","nome":"Monte Santo","municipio_cod":"2504009","municipio":"Campina Grande"},"geometry":{"type":"Polygon","coordinates":[[[-35.89718979999998,-7.215306299999952],[-35.897551799999974,-7.2154513999999494],[-35.90118659999996,-7.21541899999994],[-35.90211839999995,-7.215760499999931],[-35.90344169999997,-7.215975599999979],[-35.90311859999997,-7.2145768999999405],[-35.902671699999985,-7.214645999999959],[-35.901486199999965,-7.211200499999961],[-35.90048569999993,-7.211642799999936],[-35.90024289999997,-7.210426899999959],[-35.90395599999994,-7.208647799999937],[-35.90237169999995,-7.2065116999999645],[-35.90111159999998,-7.207162799999935],[-35.90041409999998,-7.207717399999979],[-35.89762459999997,-7.2106456999999295],[-35.89690049999996,-7.212366299999928],[-35.89593619999994,-7.21346479999994],[-35.895278099999985,-7.214021099999968],[-35.893676599999935,-7.214627699999937],[-35.89399039999995,-7.2153617999999256],[-35.89437479999998,-7.215550399999927],[-35.89718229999994,-7.216303699999969],[-35.89740569999998,-7.216275399999972],[-35.89718979999998,-7.215306299999952]]]}},{"type":"Feature","properties":{"cod":"2504009022","nome":"Lauritzen","municipio_cod":"2504009","municipio":"Campina Grande"},"geometry":{"type":"Polygon","coordinates":[[[-35.87896499999994,-7.21570289999994],[-35.88326039999998,-7.214485199999956],[-35.88369329999995,-7.212360599999954],[-35.88390169999997,-7.2120603999999275],[-35.88237339999995,-7.208927199999948],[-35.876273399999945,-7.210541199999966],[-35.877506299999936,-7.21460849999994],[-35.87754759999996,-7.216059499999972],[-35.87802729999993,-7.216136799999958],[-35.87896499999994,-7.21570289999994]]]}},{"type":"Feature","properties":{"cod":"2504009006","nome":"Castelo Branco","municipio_cod":"2504009","municipio":"Campina Grande"},"geometry":{"type":"Polygon","coordinates":[[[-35.86969279999994,-7.2172760999999355],[-35.87028819999995,-7.213093799999967],[-35.86826229999997,-7.212080499999956],[-35.86662449999994,-7.210725699999955],[-35.86691469999994,-7.209759099999928],[-35.86740419999995,-7.20908019999996],[-35.86908689999996,-7.208007699999939],[-35.86697259999994,-7.206948799999964],[-35.86633809999995,-7.2078270999999745],[-35.86599999999993,-7.207842199999959],[-35.86611009999996,-7.2080532999999605],[-35.866015199999936,-7.2082039999999665],[-35.86586319999998,-7.208049499999959],[-35.86562759999998,-7.208124899999973],[-35.86517169999996,-7.20795899999996],[-35.864746099999934,-7.208045699999957],[-35.86386459999994,-7.207525499999974],[-35.86326049999997,-7.207736599999976],[-35.86284639999997,-7.208196499999929],[-35.86253099999993,-7.208249299999977],[-35.86216239999993,-7.2075066999999535],[-35.86120879999993,-7.206790499999954],[-35.860897199999954,-7.206888499999934],[-35.86056659999997,-7.207435099999941],[-35.86023229999995,-7.207480299999929],[-35.85924819999997,-7.206673599999931],[-35.859362199999964,-7.206345699999929],[-35.85920639999995,-7.206202399999938],[-35.858849299999974,-7.206021499999963],[-35.85826029999998,-7.206307999999979],[-35.85876919999998,-7.206715499999973],[-35.85876859999996,-7.207391299999927],[-35.85930939999997,-7.2082754999999565],[-35.856307699999945,-7.209578799999974],[-35.85735579999994,-7.211833599999977],[-35.85858809999996,-7.21324009999995],[-35.86012819999996,-7.214250599999957],[-35.866823299999965,-7.217114799999933],[-35.86969279999994,-7.2172760999999355]]]}},{"type":"Feature","properties":{"cod":"2504009034","nome":"Prata","municipio_cod":"2504009","municipio":"Campina Grande"},"geometry":{"type":"Polygon","coordinates":[[[-35.890026199999966,-7.220320999999956],[-35.89031929999993,-7.221544299999948],[-35.89062749999994,-7.221980599999938],[-35.89117689999995,-7.222285599999964],[-35.89224759999996,-7.222454099999936],[-35.89208069999995,-7.223558399999945],[-35.89268999999996,-7.22359119999993],[-35.89416419999998,-7.224281699999949],[-35.895545399999946,-7.224288899999976],[-35.896912499999985,-7.223981299999934],[-35.89939089999996,-7.22476469999998],[-35.89740569999998,-7.216275399999972],[-35.89437479999998,-7.215550399999927],[-35.89310379999995,-7.214925499999936],[-35.89298459999998,-7.21619869999995],[-35.89284889999993,-7.216354199999955],[-35.891096499999946,-7.216797199999974],[-35.89163129999997,-7.217742399999963],[-35.88941659999995,-7.2183054999999285],[-35.88883229999993,-7.220608899999945],[-35.890026199999966,-7.220320999999956]]]}},{"type":"Feature","properties":{"cod":"2504009027","nome":"Monte Castelo","municipio_cod":"2504009","municipio":"Campina Grande"},"geometry":{"type":"Polygon","coordinates":[[[-35.865224799999964,-7.2234679999999685],[-35.86705529999995,-7.222268699999972],[-35.86865649999993,-7.221488199999953],[-35.86865929999993,-7.221315899999979],[-35.86923679999995,-7.221438199999966],[-35.86969279999994,-7.2172760999999355],[-35.866823299999965,-7.217114799999933],[-35.864957499999946,-7.216285699999958],[-35.86362259999993,-7.218482499999936],[-35.86401269999993,-7.218728499999941],[-35.86399819999997,-7.2191925999999285],[-35.862762499999974,-7.219176399999981],[-35.86269049999993,-7.223645799999929],[-35.86242549999997,-7.2236464999999725],[-35.86246999999997,-7.22409399999998],[-35.86112909999997,-7.22965499999998],[-35.863279699999964,-7.230682599999966],[-35.863514899999984,-7.231082199999946],[-35.86388929999998,-7.231306199999949],[-35.86466599999994,-7.230681999999945],[-35.86607339999995,-7.230109099999936],[-35.86622799999998,-7.229304599999978],[-35.866459299999974,-7.22911019999998],[-35.866994699999964,-7.22754759999998],[-35.86761759999996,-7.227105599999959],[-35.86550689999996,-7.225171699999976],[-35.865140699999984,-7.224236099999928],[-35.865224799999964,-7.2234679999999685]]]}},{"type":"Feature","properties":{"cod":"2504009042","nome":"Santo Antônio","municipio_cod":"2504009","municipio":"Campina Grande"},"geometry":{"type":"Polygon","coordinates":[[[-35.87028819999995,-7.213093799999967],[-35.86946769999997,-7.21907589999995],[-35.86960229999994,-7.2191574999999375],[-35.87113119999998,-7.219661199999962],[-35.87132319999995,-7.218934799999943],[-35.87231409999998,-7.219185899999957],[-35.87223949999998,-7.219471999999939],[-35.87332089999995,-7.2198538999999755],[-35.87394899999998,-7.220051599999977],[-35.874649699999964,-7.2200405999999475],[-35.87538399999994,-7.219286599999975],[-35.875825599999985,-7.217597399999931],[-35.87615909999994,-7.217182399999956],[-35.87710439999995,-7.216641899999956],[-35.877271399999984,-7.216200199999946],[-35.87699769999995,-7.216243399999939],[-35.87028819999995,-7.213093799999967]]]}},{"type":"Feature","properties":{"cod":"2504009061","nome":"Tropeiros da Borborema","municipio_cod":"2504009","municipio":"Campina Grande"},"geometry":{"type":"Polygon","coordinates":[[[-35.84850949999998,-7.239613799999972],[-35.851118499999984,-7.238811699999928],[-35.85385039999994,-7.237023499999964],[-35.85649979999994,-7.2379397999999355],[-35.85835549999996,-7.241766899999959],[-35.86569959999997,-7.238049399999966],[-35.86047599999995,-7.2336069999999495],[-35.85774599999996,-7.234443699999929],[-35.85771669999997,-7.234788699999967],[-35.857418999999936,-7.235020899999938],[-35.857033899999976,-7.234820499999955],[-35.85699169999998,-7.234478699999954],[-35.85548159999996,-7.233656199999928],[-35.853214899999955,-7.233455799999945],[-35.85163279999995,-7.2327527999999575],[-35.849148699999944,-7.232189099999971],[-35.84883339999993,-7.232297799999969],[-35.84850949999998,-7.239613799999972]]]}},{"type":"Feature","properties":{"cod":"2504009038","nome":"Sandra Cavalcante","municipio_cod":"2504009","municipio":"Campina Grande"},"geometry":{"type":"Polygon","coordinates":[[[-35.87914289999998,-7.247491999999966],[-35.87901229999994,-7.244507999999939],[-35.87935969999995,-7.238148699999954],[-35.87754109999997,-7.238090799999952],[-35.87729429999996,-7.237944399999947],[-35.87654719999995,-7.23839449999997],[-35.87564109999994,-7.238416499999971],[-35.87514029999994,-7.240060099999937],[-35.873265799999956,-7.238504899999953],[-35.872889199999975,-7.239062299999944],[-35.86840559999996,-7.235463999999979],[-35.86781759999997,-7.2361415999999394],[-35.86793149999994,-7.236778899999933],[-35.867830899999944,-7.237098799999956],[-35.87032359999995,-7.241555099999971],[-35.87119169999994,-7.243499499999928],[-35.87142899999998,-7.2454854999999725],[-35.871579699999984,-7.2491220999999655],[-35.87205599999993,-7.250528999999972],[-35.87238059999993,-7.250466999999958],[-35.872464399999956,-7.250132699999938],[-35.878801299999964,-7.251337299999932],[-35.87914289999998,-7.247491999999966]]]}},{"type":"Feature","properties":{"cod":"2504009023","nome":"Liberdade","municipio_cod":"2504009","municipio":"Campina Grande"},"geometry":{"type":"Polygon","coordinates":[[[-35.88942569999995,-7.229013099999975],[-35.887905899999964,-7.242604299999925],[-35.90187339999994,-7.24421209999997],[-35.90249599999993,-7.243232599999942],[-35.90175249999993,-7.242517999999961],[-35.90019789999997,-7.240040799999974],[-35.898500799999965,-7.238465799999972],[-35.894920999999954,-7.233801799999981],[-35.894191199999966,-7.2321600999999305],[-35.893580199999974,-7.229476699999964],[-35.88942569999995,-7.229013099999975]]]}},{"type":"Feature","properties":{"cod":"2504009044","nome":"Tambor","municipio_cod":"2504009","municipio":"Campina Grande"},"geometry":{"type":"Polygon","coordinates":[[[-35.88643119999995,-7.243582599999968],[-35.886151799999936,-7.248721099999955],[-35.88601099999994,-7.248813999999925],[-35.88597899999996,-7.2573081999999545],[-35.89405719999996,-7.258118099999933],[-35.89477869999996,-7.251961699999981],[-35.88975819999996,-7.251000499999975],[-35.89055089999994,-7.242930799999954],[-35.887905899999964,-7.242604299999925],[-35.888701399999945,-7.235466599999938],[-35.88522469999998,-7.235354199999961],[-35.88554919999996,-7.2369094999999675],[-35.88642409999994,-7.239444499999934],[-35.88646499999993,-7.2432878999999275],[-35.88633469999996,-7.243250099999955],[-35.88643119999995,-7.243582599999968]]]}},{"type":"Feature","properties":{"cod":"2504009051","nome":"Jardim Quarenta","municipio_cod":"2504009","municipio":"Campina Grande"},"geometry":{"type":"Polygon","coordinates":[[[-35.90077329999997,-7.236724399999957],[-35.90076259999995,-7.235357599999929],[-35.89777049999998,-7.235526599999957],[-35.89619559999994,-7.235377999999969],[-35.898500799999965,-7.238465799999972],[-35.90046279999996,-7.240409299999953],[-35.90197799999993,-7.24018609999996],[-35.90107039999998,-7.236690199999941],[-35.90077329999997,-7.236724399999957]]]}},{"type":"Feature","properties":{"cod":"2504009026","nome":"Mirante","municipio_cod":"2504009","municipio":"Campina Grande"},"geometry":{"type":"Polygon","coordinates":[[[-35.86793149999994,-7.236778899999933],[-35.86781759999997,-7.2361415999999394],[-35.87042379999997,-7.232956399999978],[-35.867827999999975,-7.230839299999957],[-35.86733159999994,-7.230803999999978],[-35.86734949999993,-7.230600599999946],[-35.86559089999997,-7.230619199999978],[-35.86530019999998,-7.230404599999929],[-35.86447409999994,-7.230799099999956],[-35.863630899999976,-7.231456999999978],[-35.86223199999995,-7.231901999999934],[-35.861275999999975,-7.233156999999949],[-35.86047599999995,-7.2336069999999495],[-35.86569959999997,-7.238049399999966],[-35.86684209999993,-7.23734799999994],[-35.867830899999944,-7.237098799999956],[-35.86793149999994,-7.236778899999933]]]}},{"type":"Feature","properties":{"cod":"2504009003","nome":"Araxá","municipio_cod":"2504009","municipio":"Campina Grande"},"geometry":{"type":"Polygon","coordinates":[[[-35.91048589999997,-7.199500999999941],[-35.90111239999993,-7.19917769999995],[-35.90086239999994,-7.1994176999999695],[-35.90058129999994,-7.201223999999968],[-35.90166579999993,-7.201711399999965],[-35.90133139999995,-7.202293299999951],[-35.90256789999995,-7.202543099999957],[-35.90334809999996,-7.203269399999954],[-35.903509499999984,-7.204894999999965],[-35.90399499999995,-7.2057596999999305],[-35.90443689999995,-7.20537719999993],[-35.910088299999984,-7.2037888999999495],[-35.912678599999936,-7.202723699999979],[-35.91252209999993,-7.202202899999975],[-35.91164089999995,-7.201165699999933],[-35.910769899999934,-7.198403599999949],[-35.910310899999956,-7.198568299999977],[-35.91048589999997,-7.199500999999941]]]}},{"type":"Feature","properties":{"cod":"2504009059","nome":"Santa Terezinha","municipio_cod":"2504009","municipio":"Campina Grande"},"geometry":{"type":"Polygon","coordinates":[[[-35.84850949999998,-7.239613799999972],[-35.84858689999993,-7.242190199999925],[-35.847811899999954,-7.242389199999934],[-35.84414899999996,-7.242506899999967],[-35.84414469999996,-7.246496199999967],[-35.84484649999996,-7.248578499999951],[-35.847319899999945,-7.247314199999948],[-35.84719839999997,-7.247047299999963],[-35.85009309999998,-7.244658699999945],[-35.85019769999997,-7.24441029999997],[-35.85100619999997,-7.244059399999969],[-35.85142999999994,-7.24523899999997],[-35.85835549999996,-7.241766899999959],[-35.85649979999994,-7.2379397999999355],[-35.85385039999994,-7.237023499999964],[-35.851118499999984,-7.238811699999928],[-35.84850949999998,-7.239613799999972]]]}},{"type":"Feature","properties":{"cod":"2504009009","nome":"Cidades","municipio_cod":"2504009","municipio":"Campina Grande"},"geometry":{"type":"Polygon","coordinates":[[[-35.923881499999936,-7.2721528999999805],[-35.925401499999964,-7.2737758999999755],[-35.925422099999935,-7.274006099999951],[-35.92501569999996,-7.274347299999931],[-35.92574109999998,-7.275311199999976],[-35.92614069999996,-7.277555099999972],[-35.92610499999995,-7.279106699999943],[-35.92628769999993,-7.2798616999999695],[-35.92733619999996,-7.279109999999946],[-35.92743849999994,-7.278874999999971],[-35.92840759999996,-7.278428499999961],[-35.92879379999994,-7.278462599999955],[-35.92939009999998,-7.278859299999965],[-35.931414099999984,-7.27838509999998],[-35.931498199999965,-7.278599199999974],[-35.93094789999998,-7.279643399999941],[-35.931102899999985,-7.280011199999933],[-35.93172019999997,-7.27994549999994],[-35.93255289999996,-7.279364899999962],[-35.93316759999993,-7.279401699999937],[-35.93388209999995,-7.279191599999933],[-35.93423809999996,-7.27811719999994],[-35.93381149999993,-7.2775459999999725],[-35.93467069999997,-7.276609299999961],[-35.934817899999985,-7.27545779999997],[-35.93310699999995,-7.273084199999971],[-35.93273279999994,-7.272198199999934],[-35.93131909999994,-7.27126949999996],[-35.92963999999995,-7.270425799999941],[-35.926918599999965,-7.267031299999928],[-35.92553269999996,-7.266468199999963],[-35.924217899999974,-7.265071599999942],[-35.923369099999945,-7.264701299999956],[-35.92238759999998,-7.266061899999954],[-35.921815299999935,-7.267425899999978],[-35.921401999999944,-7.269271299999957],[-35.921343999999976,-7.2702767999999764],[-35.923881499999936,-7.2721528999999805]]]}},{"type":"Feature","properties":{"cod":"2504009010","nome":"Conceição","municipio_cod":"2504009","municipio":"Campina Grande"},"geometry":{"type":"Polygon","coordinates":[[[-35.88543329999993,-7.214607199999932],[-35.888212599999974,-7.214403899999979],[-35.88924999999995,-7.213572499999941],[-35.88932559999995,-7.213345699999934],[-35.88916769999997,-7.213317899999936],[-35.89157789999996,-7.2098501999999485],[-35.88870309999993,-7.20820759999998],[-35.88802919999995,-7.207973099999947],[-35.887378799999965,-7.207490499999949],[-35.88709309999996,-7.208663099999967],[-35.88667179999993,-7.208514199999968],[-35.886775099999966,-7.208092799999974],[-35.88632599999994,-7.2079883999999765],[-35.88237339999995,-7.208927199999948],[-35.88425149999995,-7.21276649999993],[-35.88543329999993,-7.214607199999932]]]}},{"type":"Feature","properties":{"cod":"2504009020","nome":"Jeremias","municipio_cod":"2504009","municipio":"Campina Grande"},"geometry":{"type":"Polygon","coordinates":[[[-35.89806759999993,-7.2102164999999445],[-35.90077299999996,-7.207405199999926],[-35.90188819999997,-7.206685499999935],[-35.90399499999995,-7.2057596999999305],[-35.903509499999984,-7.204894999999965],[-35.90334809999996,-7.203269399999954],[-35.90256789999995,-7.202543099999957],[-35.90133139999995,-7.202293299999951],[-35.90166579999993,-7.201711399999965],[-35.90058129999994,-7.201223999999968],[-35.90086239999994,-7.1994176999999695],[-35.90111239999993,-7.19917769999995],[-35.899609399999974,-7.19934029999996],[-35.89596639999996,-7.198685399999931],[-35.89594589999996,-7.200687899999934],[-35.894601199999954,-7.205468499999938],[-35.89806759999993,-7.2102164999999445]]]}},{"type":"Feature","properties":{"cod":"2504009039","nome":"Santa Cruz","municipio_cod":"2504009","municipio":"Campina Grande"},"geometry":{"type":"Polygon","coordinates":[[[-35.90628469999996,-7.2453700999999455],[-35.90558939999994,-7.247771899999975],[-35.905431299999975,-7.248209699999961],[-35.90529759999998,-7.248209999999972],[-35.90560859999994,-7.248854199999926],[-35.907024699999965,-7.248737499999947],[-35.909029499999974,-7.248943499999939],[-35.90871549999997,-7.250682299999937],[-35.90929179999995,-7.250733399999945],[-35.90965899999998,-7.249180099999933],[-35.91234449999996,-7.248172299999965],[-35.91288409999993,-7.248658199999966],[-35.913127799999984,-7.24833899999993],[-35.91371609999993,-7.248861999999974],[-35.915732599999956,-7.248737999999946],[-35.91550259999997,-7.2467079999999555],[-35.91570139999993,-7.2450209999999515],[-35.91553939999994,-7.244738899999959],[-35.91155169999996,-7.242966399999943],[-35.91124229999997,-7.239862099999925],[-35.91074179999998,-7.239661499999954],[-35.91055679999994,-7.237806999999975],[-35.90833339999995,-7.237880999999959],[-35.908289199999956,-7.2381065999999805],[-35.90642859999997,-7.237919399999953],[-35.90671149999997,-7.238212899999951],[-35.906525199999976,-7.238659799999937],[-35.90642689999993,-7.239852499999927],[-35.90628469999996,-7.2453700999999455]]]}},{"type":"Feature","properties":{"cod":"2504009045","nome":"Três Irmãs","municipio_cod":"2504009","municipio":"Campina Grande"},"geometry":{"type":"Polygon","coordinates":[[[-35.92526049999998,-7.250441599999931],[-35.92019279999994,-7.246649299999945],[-35.91553639999995,-7.246390199999951],[-35.91555159999996,-7.247975399999973],[-35.915732599999956,-7.248737999999946],[-35.91371609999993,-7.248861999999974],[-35.91505409999996,-7.250296899999967],[-35.915384899999935,-7.250883299999941],[-35.91573919999996,-7.252200099999925],[-35.916417199999955,-7.253754399999934],[-35.91670929999998,-7.257211999999981],[-35.91744819999997,-7.258666099999971],[-35.91807129999995,-7.26054449999998],[-35.91851399999996,-7.26092129999995],[-35.918700799999954,-7.260604999999941],[-35.91951379999995,-7.261180199999956],[-35.91922729999993,-7.261326199999928],[-35.92101949999994,-7.262495699999931],[-35.92120199999994,-7.262861999999927],[-35.92162199999996,-7.262981999999965],[-35.92298779999993,-7.264490999999964],[-35.924217899999974,-7.265071599999942],[-35.92553269999996,-7.266468199999963],[-35.926918599999965,-7.267031299999928],[-35.92963999999995,-7.270425799999941],[-35.93260179999993,-7.272051699999963],[-35.93310699999995,-7.273084199999971],[-35.934817899999985,-7.27545779999997],[-35.93646999999993,-7.276494199999945],[-35.938601699999936,-7.269642999999974],[-35.94166059999998,-7.2606009999999515],[-35.945252299999936,-7.260333299999957],[-35.94657259999997,-7.255216699999949],[-35.946585899999945,-7.253948999999977],[-35.94372429999993,-7.254058999999927],[-35.93936359999998,-7.253128699999934],[-35.93716169999993,-7.252462099999946],[-35.93330219999996,-7.252104899999949],[-35.933099099999936,-7.252402099999927],[-35.932772599999964,-7.252119599999958],[-35.932273599999974,-7.252034199999969],[-35.928338199999985,-7.251662099999976],[-35.92526049999998,-7.250441599999931]]]}},{"type":"Feature","properties":{"cod":"2504009007","nome":"Catolé","municipio_cod":"2504009","municipio":"Campina Grande"},"geometry":{"type":"Polygon","coordinates":[[[-35.876271299999985,-7.225863799999956],[-35.86840559999996,-7.235463999999979],[-35.872889199999975,-7.239062299999944],[-35.873265799999956,-7.238504899999953],[-35.87514029999994,-7.240060099999937],[-35.87564109999994,-7.238416499999971],[-35.87654719999995,-7.23839449999997],[-35.87729429999996,-7.237944399999947],[-35.87754109999997,-7.238090799999952],[-35.87935969999995,-7.238148699999954],[-35.879026299999964,-7.244088399999953],[-35.87915549999997,-7.247644699999967],[-35.87896879999994,-7.249517199999957],[-35.88603189999998,-7.2509231999999315],[-35.88601099999994,-7.248813999999925],[-35.886151799999936,-7.248721099999955],[-35.88643119999995,-7.243582599999968],[-35.88633469999996,-7.243250099999955],[-35.88646499999993,-7.2432878999999275],[-35.88642409999994,-7.239444499999934],[-35.88554919999996,-7.2369094999999675],[-35.88414229999995,-7.231487899999934],[-35.88409369999994,-7.230649999999969],[-35.88427279999996,-7.23007819999998],[-35.883582899999965,-7.228702599999963],[-35.88324749999998,-7.228282899999954],[-35.88060799999994,-7.226803699999948],[-35.878733299999965,-7.226282599999934],[-35.877079899999956,-7.225582499999973],[-35.876930999999956,-7.225885499999947],[-35.876271299999985,-7.225863799999956]]]}},{"type":"Feature","properties":{"cod":"2504009014","nome":"Distrito Industrial","municipio_cod":"2504009","municipio":"Campina Grande"},"geometry":{"type":"Polygon","coordinates":[[[-35.897528199999954,-7.2637946999999485],[-35.89841339999998,-7.263588399999946],[-35.89907549999998,-7.262921499999948],[-35.899580499999956,-7.2635585999999535],[-35.900606799999935,-7.26341519999994],[-35.905173899999966,-7.260251799999935],[-35.905237599999964,-7.259394899999961],[-35.90384599999993,-7.259141199999931],[-35.90384319999998,-7.259404899999936],[-35.90168989999995,-7.259030999999936],[-35.89613299999996,-7.258468799999946],[-35.894638499999985,-7.258146599999975],[-35.89325919999993,-7.258115499999974],[-35.87887189999998,-7.256551799999954],[-35.875900299999955,-7.256102799999951],[-35.87995099999995,-7.261481899999978],[-35.881002699999954,-7.263105799999948],[-35.88253049999997,-7.266594199999929],[-35.88375069999995,-7.2688728999999626],[-35.887804899999935,-7.275685599999974],[-35.888321099999985,-7.276824999999974],[-35.88860749999998,-7.278998399999978],[-35.888945399999955,-7.279432899999961],[-35.88820339999995,-7.2707816999999295],[-35.890647599999966,-7.270605299999943],[-35.89172359999998,-7.270225099999948],[-35.89236209999996,-7.269187199999976],[-35.89724419999993,-7.265787499999931],[-35.897528199999954,-7.2637946999999485]]]}},{"type":"Feature","properties":{"cod":"2507507001","nome":"Água Fria","municipio_cod":"2507507","municipio":"João Pessoa"},"geometry":{"type":"Polygon","coordinates":[[[-34.84779779999997,-7.154894699999943],[-34.84869749999996,-7.155388599999981],[-34.84945819999996,-7.156042199999945],[-34.850063999999975,-7.157850599999961],[-34.85038409999993,-7.1580880999999295],[-34.851027699999975,-7.158140199999934],[-34.85257809999996,-7.16123319999997],[-34.85376389999993,-7.16318519999993],[-34.85358809999997,-7.163323199999979],[-34.85411799999997,-7.164346599999931],[-34.856560499999944,-7.162737899999968],[-34.860775399999966,-7.169657099999938],[-34.86312589999994,-7.172586699999954],[-34.86452239999994,-7.169954299999972],[-34.86484859999996,-7.168961699999954],[-34.85709909999997,-7.155905099999927],[-34.85387359999993,-7.152042199999926],[-34.85254089999995,-7.150513199999978],[-34.84691799999996,-7.152367999999967],[-34.84717669999998,-7.15296989999996],[-34.84670699999998,-7.153176099999939],[-34.84643909999994,-7.154584399999976],[-34.84779779999997,-7.154894699999943]]]}},{"type":"Feature","properties":{"cod":"2507507049","nome":"Roger","municipio_cod":"2507507","municipio":"João Pessoa"},"geometry":{"type":"Polygon","coordinates":[[[-34.87325439999995,-7.106827899999928],[-34.87056639999997,-7.110124599999949],[-34.87193899999994,-7.113940399999933],[-34.87289949999996,-7.114657399999942],[-34.87425299999995,-7.115243499999963],[-34.87750859999994,-7.11470079999998],[-34.878268899999966,-7.114809599999944],[-34.878440299999966,-7.11446049999995],[-34.88051299999995,-7.114671299999941],[-34.88102639999994,-7.114294899999948],[-34.88104519999996,-7.114567999999963],[-34.88168379999996,-7.115453899999977],[-34.88188789999998,-7.115706999999929],[-34.88218459999996,-7.115732699999967],[-34.88330029999997,-7.115493199999946],[-34.88327179999993,-7.1150868999999375],[-34.88373009999998,-7.114779999999939],[-34.88617769999996,-7.113978299999928],[-34.88596439999998,-7.11351899999994],[-34.88529999999997,-7.112925399999938],[-34.88306959999994,-7.1122040999999285],[-34.88309819999995,-7.111806399999978],[-34.88352669999995,-7.111448099999961],[-34.88316679999997,-7.111082799999963],[-34.88375599999995,-7.110718399999939],[-34.88345279999993,-7.110143499999936],[-34.88330939999997,-7.109236399999929],[-34.88335219999993,-7.108843899999954],[-34.883749799999975,-7.108452599999964],[-34.88321589999998,-7.108280699999966],[-34.88137629999994,-7.108145899999954],[-34.88018669999997,-7.107615899999928],[-34.87805959999997,-7.105316699999946],[-34.87412729999994,-7.102967499999977],[-34.87378849999993,-7.10328839999994],[-34.87411769999994,-7.104153799999949],[-34.87409619999994,-7.105303099999958],[-34.87340199999994,-7.106289699999934],[-34.87325439999995,-7.106827899999928]]]}},{"type":"Feature","properties":{"cod":"2507507060","nome":"Barra de Gramame","municipio_cod":"2507507","municipio":"João Pessoa"},"geometry":{"type":"Polygon","coordinates":[[[-34.81166529999996,-7.229543699999965],[-34.811888099999976,-7.22949669999997],[-34.81342259999997,-7.230116899999928],[-34.81346599999995,-7.2304721999999515],[-34.81507559999994,-7.231085499999949],[-34.81503299999997,-7.231179399999974],[-34.81627129999998,-7.230808999999965],[-34.81810219999994,-7.231243799999959],[-34.81931899999995,-7.2303728999999635],[-34.819219499999974,-7.231640399999947],[-34.819377799999984,-7.2318579999999315],[-34.81960639999994,-7.231850999999949],[-34.82109259999993,-7.230812899999933],[-34.821550599999966,-7.230850499999974],[-34.82180779999993,-7.23062189999996],[-34.821789499999966,-7.2298732999999515],[-34.82104279999993,-7.229265599999962],[-34.82188629999996,-7.2289559999999256],[-34.82172779999996,-7.2279000999999425],[-34.822121599999946,-7.227633399999945],[-34.82236309999996,-7.22716859999997],[-34.822582799999964,-7.227235599999972],[-34.82276189999993,-7.22823939999995],[-34.82335409999996,-7.2290647999999464],[-34.824667499999975,-7.22891919999995],[-34.82510599999995,-7.228723699999932],[-34.82513469999998,-7.228400299999976],[-34.82642819999995,-7.228328499999975],[-34.82667249999997,-7.22781109999994],[-34.826334799999984,-7.225511499999925],[-34.82642099999998,-7.225130599999943],[-34.82777199999998,-7.224455099999943],[-34.82757799999996,-7.22759549999995],[-34.82862719999997,-7.2276385999999775],[-34.82897929999996,-7.226963099999978],[-34.82977699999998,-7.226876899999979],[-34.83061769999995,-7.226007399999958],[-34.83100579999996,-7.225338999999963],[-34.831573499999934,-7.225044399999945],[-34.83199029999997,-7.225094699999943],[-34.832234599999936,-7.225418099999956],[-34.83231369999993,-7.2262013999999795],[-34.83254169999998,-7.226185799999939],[-34.83143129999996,-7.220923999999968],[-34.830480799999975,-7.2200544999999465],[-34.82969899999995,-7.21900119999998],[-34.82911749999994,-7.21854929999995],[-34.826827899999955,-7.215721599999938],[-34.825581399999976,-7.216323599999953],[-34.82540299999994,-7.215584099999944],[-34.82507099999998,-7.2154694999999265],[-34.82485889999998,-7.215010799999959],[-34.82502159999996,-7.214801799999975],[-34.824616299999946,-7.21379769999993],[-34.82392209999995,-7.213219099999947],[-34.82328899999993,-7.213171299999942],[-34.82322729999993,-7.212978999999962],[-34.822087599999975,-7.212570099999937],[-34.82114759999996,-7.211480799999947],[-34.82122879999997,-7.210952099999929],[-34.81910739999995,-7.210248799999931],[-34.818116799999984,-7.209402399999931],[-34.81651629999993,-7.209361299999955],[-34.816515799999934,-7.20882899999998],[-34.815340499999934,-7.207950399999959],[-34.81501939999998,-7.206679999999949],[-34.81448769999997,-7.206087199999956],[-34.81404969999994,-7.205943199999979],[-34.81356829999993,-7.20534159999994],[-34.812653799999964,-7.205995099999939],[-34.81237369999997,-7.205813999999975],[-34.811962999999935,-7.206447599999933],[-34.811161899999945,-7.204837199999929],[-34.811068399999954,-7.203858099999934],[-34.81083499999994,-7.203684399999929],[-34.81040159999998,-7.203672099999949],[-34.81017529999997,-7.2042831999999635],[-34.81003109999995,-7.204330399999947],[-34.80942129999994,-7.203640099999973],[-34.809168899999975,-7.2035838999999555],[-34.80850749999996,-7.2039170999999556],[-34.80727669999993,-7.205003599999941],[-34.80655459999997,-7.205246899999963],[-34.804655399999945,-7.2049237999999605],[-34.80414379999996,-7.205045999999925],[-34.80366619999995,-7.206159699999944],[-34.80288479999996,-7.206643499999927],[-34.80273569999997,-7.2070346999999515],[-34.80228459999995,-7.207216799999969],[-34.80128569999994,-7.206258299999945],[-34.802282899999966,-7.208788699999957],[-34.803507399999944,-7.2137665999999285],[-34.80407669999994,-7.217991899999959],[-34.80404129999994,-7.2223575999999525],[-34.80487459999995,-7.231436199999962],[-34.804823399999975,-7.232083199999977],[-34.80455679999994,-7.232717599999944],[-34.80393719999995,-7.232811599999934],[-34.80364579999997,-7.2330537999999365],[-34.80361549999998,-7.233297999999934],[-34.803945099999964,-7.233845999999971],[-34.804569399999934,-7.235804799999926],[-34.805232599999954,-7.2387352999999734],[-34.805893399999945,-7.242678499999954],[-34.805830499999956,-7.244495299999926],[-34.806466899999975,-7.245290599999976],[-34.80769589999994,-7.245789899999977],[-34.808156699999984,-7.245117799999946],[-34.80829279999995,-7.241230499999972],[-34.80725419999993,-7.238867199999959],[-34.80696619999998,-7.237849499999925],[-34.806975799999975,-7.23724459999994],[-34.80759029999996,-7.236111599999958],[-34.80962079999995,-7.2344781999999555],[-34.81156199999998,-7.232510899999966],[-34.81135409999996,-7.230317399999933],[-34.81166529999996,-7.229543699999965]]]}},{"type":"Feature","properties":{"cod":"2507507003","nome":"Altiplano Cabo Branco","municipio_cod":"2507507","municipio":"João Pessoa"},"geometry":{"type":"Polygon","coordinates":[[[-34.82310019999994,-7.134474499999953],[-34.82023869999995,-7.138879299999928],[-34.818672499999934,-7.140568599999938],[-34.82893389999998,-7.143157599999938],[-34.82903929999998,-7.142506999999966],[-34.82950189999997,-7.142428199999927],[-34.83075349999996,-7.140887299999974],[-34.83153939999994,-7.1406224999999495],[-34.83190849999994,-7.140328599999975],[-34.83258699999993,-7.14021809999997],[-34.83323349999995,-7.139815399999975],[-34.83422009999998,-7.139580599999931],[-34.83509699999996,-7.1389151999999285],[-34.835618599999975,-7.138158899999951],[-34.83578319999998,-7.136059499999931],[-34.83567469999997,-7.133891199999937],[-34.83399949999995,-7.128566199999966],[-34.833664099999964,-7.127892499999973],[-34.83353989999995,-7.126888999999949],[-34.83245679999993,-7.12694769999996],[-34.830029199999956,-7.1245768999999655],[-34.82833519999997,-7.1249623999999585],[-34.82816909999997,-7.125684099999944],[-34.82853849999998,-7.126962299999946],[-34.82896619999997,-7.127615599999956],[-34.828884399999936,-7.127949299999955],[-34.82821519999993,-7.128734599999973],[-34.82692579999997,-7.128296399999954],[-34.82653439999996,-7.128474899999958],[-34.82310019999994,-7.134474499999953]]]}},{"type":"Feature","properties":{"cod":"2507507016","nome":"Cidade dos Colibris","municipio_cod":"2507507","municipio":"João Pessoa"},"geometry":{"type":"Polygon","coordinates":[[[-34.849909699999955,-7.16830159999995],[-34.85063269999995,-7.1669204999999465],[-34.851022899999975,-7.166657999999927],[-34.85252069999996,-7.16657239999995],[-34.85287009999996,-7.166738199999941],[-34.852196499999934,-7.165731599999958],[-34.851779499999964,-7.165377699999965],[-34.85411799999997,-7.164346599999931],[-34.85358809999997,-7.163323199999979],[-34.85376389999993,-7.16318519999993],[-34.85257809999996,-7.16123319999997],[-34.851027699999975,-7.158140199999934],[-34.85038409999993,-7.1580880999999295],[-34.850063999999975,-7.157850599999961],[-34.84945819999996,-7.156042199999945],[-34.84869749999996,-7.155388599999981],[-34.847449799999936,-7.154714099999978],[-34.846231899999964,-7.1545434999999316],[-34.84600709999995,-7.1543375999999625],[-34.845451099999934,-7.154232299999933],[-34.84450599999997,-7.154277399999955],[-34.84405979999997,-7.154659699999968],[-34.84397939999997,-7.155288599999949],[-34.84419729999996,-7.156509699999958],[-34.844982699999946,-7.15798719999998],[-34.845065999999974,-7.161575599999935],[-34.84530149999995,-7.161700899999971],[-34.84555319999998,-7.16337859999993],[-34.845524499999954,-7.1655878999999345],[-34.84517539999996,-7.166259099999934],[-34.84542529999993,-7.1675250999999776],[-34.84579809999997,-7.168104299999925],[-34.84621099999998,-7.16939519999994],[-34.84851239999995,-7.168316599999969],[-34.85002229999998,-7.168710499999975],[-34.849909699999955,-7.16830159999995]]]}},{"type":"Feature","properties":{"cod":"2507507062","nome":"Gramame","municipio_cod":"2507507","municipio":"João Pessoa"},"geometry":{"type":"Polygon","coordinates":[[[-34.85914299999996,-7.210286099999962],[-34.86587369999995,-7.21044379999995],[-34.86633509999996,-7.21058869999996],[-34.86648359999998,-7.210359099999948],[-34.868079499999965,-7.2107683999999495],[-34.86884629999997,-7.210765899999956],[-34.86947349999997,-7.211637699999926],[-34.86943179999997,-7.212438899999938],[-34.871025799999984,-7.21357299999994],[-34.87264229999994,-7.214121999999975],[-34.87315139999998,-7.214837799999941],[-34.87378959999995,-7.214215999999965],[-34.87411259999993,-7.213610999999958],[-34.87495759999996,-7.210754999999949],[-34.87690799999996,-7.211207999999942],[-34.87860809999995,-7.210988999999927],[-34.87868039999995,-7.21307349999995],[-34.878498399999955,-7.2139088999999785],[-34.87904039999995,-7.218716499999971],[-34.88965369999994,-7.214393199999961],[-34.891958099999954,-7.214517999999941],[-34.89493449999998,-7.214978899999949],[-34.89707559999994,-7.214565999999934],[-34.899216699999954,-7.214431599999955],[-34.89997529999994,-7.21412429999998],[-34.90107939999996,-7.214172299999973],[-34.90208759999996,-7.213759499999981],[-34.90246199999996,-7.213759499999981],[-34.90482399999996,-7.212463299999968],[-34.90613389999993,-7.211371999999926],[-34.90661839999996,-7.210867399999927],[-34.90661359999996,-7.2104812999999695],[-34.90714399999996,-7.209235799999931],[-34.907736599999964,-7.208934199999931],[-34.909666999999956,-7.208665699999926],[-34.90825149999995,-7.204116799999952],[-34.90528469999998,-7.204826799999978],[-34.90360329999993,-7.199872399999947],[-34.903376599999945,-7.199779099999944],[-34.90201989999997,-7.197299199999975],[-34.90078779999993,-7.193379099999959],[-34.90099289999995,-7.193287999999939],[-34.89983619999998,-7.190070399999968],[-34.901403899999934,-7.189692299999933],[-34.90082899999993,-7.189006999999947],[-34.900828899999965,-7.188354599999968],[-34.90010499999994,-7.1875775999999405],[-34.89946669999995,-7.187707699999976],[-34.897625699999935,-7.187434999999937],[-34.896716099999935,-7.186839799999973],[-34.89609849999994,-7.186145799999963],[-34.89535539999997,-7.18590869999997],[-34.89366579999995,-7.185766899999976],[-34.89227609999995,-7.1836514999999395],[-34.89057689999993,-7.190126299999974],[-34.88422459999998,-7.19109949999995],[-34.88331709999994,-7.191011099999969],[-34.881471199999964,-7.1903237999999305],[-34.88064019999996,-7.190398099999925],[-34.879628099999934,-7.190904499999931],[-34.87824159999997,-7.190294199999926],[-34.87657269999994,-7.189923599999929],[-34.876676499999974,-7.188963099999967],[-34.87380269999994,-7.188897999999938],[-34.873770399999955,-7.189866599999959],[-34.872112899999934,-7.190115999999932],[-34.87076079999997,-7.19052279999994],[-34.87096559999998,-7.19126799999998],[-34.86887399999995,-7.1929929999999445],[-34.86757529999994,-7.194749799999954],[-34.864756099999965,-7.1962486999999555],[-34.86270459999997,-7.198157299999934],[-34.86362269999995,-7.1982333999999355],[-34.86368799999997,-7.200621999999953],[-34.863421399999936,-7.200937199999942],[-34.86210919999996,-7.201578899999959],[-34.85526379999993,-7.206285699999967],[-34.853863299999944,-7.206912699999975],[-34.85386769999997,-7.206483599999956],[-34.85321609999994,-7.206924199999946],[-34.84860039999995,-7.20741309999994],[-34.84193789999995,-7.208676499999967],[-34.841890099999944,-7.211670099999935],[-34.84203659999997,-7.211719799999969],[-34.841922299999965,-7.216849999999965],[-34.842220399999974,-7.216867599999944],[-34.84224009999997,-7.21737799999994],[-34.841814899999974,-7.220382399999949],[-34.84181599999994,-7.221739499999956],[-34.84317379999993,-7.221449399999926],[-34.843918299999984,-7.224990199999979],[-34.84591179999995,-7.225149599999952],[-34.84694049999996,-7.224395899999934],[-34.84838929999995,-7.22376399999996],[-34.84916279999993,-7.22380759999993],[-34.84966389999994,-7.224450299999944],[-34.84982729999996,-7.225071299999968],[-34.85062249999993,-7.225289099999941],[-34.85130879999997,-7.224842499999966],[-34.85267049999993,-7.224395899999934],[-34.85631749999993,-7.224886599999934],[-34.856926699999974,-7.212022599999955],[-34.85672569999997,-7.211759899999947],[-34.85655689999993,-7.2108484999999405],[-34.857108799999935,-7.210092999999972],[-34.85717619999997,-7.208776499999942],[-34.857901099999935,-7.209081899999944],[-34.85914299999996,-7.210286099999962]]]}},{"type":"Feature","properties":{"cod":"2507507038","nome":"Mandacarú","municipio_cod":"2507507","municipio":"João Pessoa"},"geometry":{"type":"Polygon","coordinates":[[[-34.860068199999944,-7.112506799999949],[-34.86281759999997,-7.109437999999955],[-34.86370899999997,-7.108854899999926],[-34.86400749999996,-7.1091610999999375],[-34.867218099999945,-7.106171599999925],[-34.865654699999936,-7.105037999999979],[-34.86612399999996,-7.103904899999975],[-34.86622189999997,-7.103018199999951],[-34.86712109999996,-7.1025112999999465],[-34.86735799999997,-7.102510299999949],[-34.868502999999976,-7.103164199999981],[-34.86875599999996,-7.10296059999996],[-34.869704199999944,-7.103066499999954],[-34.869796399999984,-7.102863499999955],[-34.87098139999995,-7.102934699999935],[-34.87181959999998,-7.102499099999932],[-34.87200089999993,-7.1021923999999785],[-34.86877679999998,-7.102139699999952],[-34.86766179999995,-7.101881099999957],[-34.86250259999997,-7.099421999999947],[-34.86258329999998,-7.099252499999977],[-34.86085309999993,-7.098407899999927],[-34.86041899999998,-7.100640799999951],[-34.860131999999965,-7.100541999999962],[-34.859587999999974,-7.1006609999999455],[-34.85747739999994,-7.1091279999999415],[-34.85795439999998,-7.109237499999949],[-34.85766769999998,-7.110265599999934],[-34.858410299999946,-7.11042649999996],[-34.85831349999995,-7.110985099999937],[-34.860068199999944,-7.112506799999949]]]}},{"type":"Feature","properties":{"cod":"2507507027","nome":"Grotão","municipio_cod":"2507507","municipio":"João Pessoa"},"geometry":{"type":"Polygon","coordinates":[[[-34.88331709999994,-7.191011099999969],[-34.885896299999956,-7.190865299999928],[-34.88513729999994,-7.187132199999951],[-34.88511089999997,-7.186108999999931],[-34.88634829999995,-7.18595769999996],[-34.886151799999936,-7.184597999999937],[-34.883321999999964,-7.18479119999995],[-34.88159609999997,-7.184708599999965],[-34.88092369999998,-7.18739069999998],[-34.88094549999994,-7.190350099999932],[-34.88175629999995,-7.190356099999974],[-34.88331709999994,-7.191011099999969]]]}},{"type":"Feature","properties":{"cod":"2507507008","nome":"Indústrias","municipio_cod":"2507507","municipio":"João Pessoa"},"geometry":{"type":"Polygon","coordinates":[[[-34.916648599999974,-7.168295799999953],[-34.911003999999934,-7.174964999999929],[-34.91293799999994,-7.176505299999974],[-34.914358799999945,-7.178277899999955],[-34.91516479999996,-7.178926299999944],[-34.91477169999996,-7.178968599999962],[-34.91591729999993,-7.182691699999964],[-34.91688019999998,-7.182386199999939],[-34.91842749999995,-7.187310199999956],[-34.91519529999994,-7.195279899999946],[-34.91428149999996,-7.197977399999957],[-34.918060999999966,-7.198534399999971],[-34.91959799999995,-7.199285399999951],[-34.92007249999995,-7.1999428999999395],[-34.92002759999997,-7.200409699999966],[-34.91774869999995,-7.203659899999934],[-34.91698579999996,-7.204178999999954],[-34.91430049999997,-7.204385899999977],[-34.91217489999997,-7.203809999999976],[-34.908550299999945,-7.205091599999946],[-34.909666999999956,-7.208665699999926],[-34.91337109999995,-7.208006499999954],[-34.914921799999945,-7.20736809999994],[-34.925000799999964,-7.197025799999949],[-34.92519119999997,-7.196980999999937],[-34.92544099999998,-7.196553599999959],[-34.92568079999995,-7.196568599999978],[-34.925769199999934,-7.196192699999926],[-34.93068809999994,-7.191160699999955],[-34.93021559999994,-7.189485099999956],[-34.92928779999994,-7.187185399999976],[-34.92917829999993,-7.185873099999981],[-34.929294599999935,-7.185071999999934],[-34.930326599999944,-7.18362819999993],[-34.92506439999994,-7.18113649999998],[-34.92320099999995,-7.180048399999976],[-34.92261999999994,-7.179464199999927],[-34.92171819999993,-7.177458199999933],[-34.92095419999998,-7.176762599999961],[-34.921303999999964,-7.176373199999944],[-34.92086509999996,-7.175361899999928],[-34.91751389999996,-7.169396699999936],[-34.916648599999974,-7.168295799999953]]]}},{"type":"Feature","properties":{"cod":"2507507048","nome":"Portal do Sol","municipio_cod":"2507507","municipio":"João Pessoa"},"geometry":{"type":"Polygon","coordinates":[[[-34.817494599999975,-7.141734299999939],[-34.815425199999936,-7.144345699999974],[-34.814549899999975,-7.14472509999996],[-34.812062399999945,-7.146457799999951],[-34.81131919999996,-7.14673229999994],[-34.80951429999993,-7.146901499999956],[-34.80782499999998,-7.146561199999951],[-34.80653079999996,-7.146576299999936],[-34.80645089999996,-7.1480026999999495],[-34.804957499999944,-7.147942099999966],[-34.80501849999996,-7.146593899999971],[-34.80314949999996,-7.146610499999952],[-34.80135699999994,-7.14640849999995],[-34.79913349999998,-7.146788399999934],[-34.798749999999984,-7.15003779999995],[-34.79752249999996,-7.1499725999999555],[-34.79706009999995,-7.150366399999939],[-34.79596619999995,-7.1520940999999425],[-34.79579179999996,-7.153129699999965],[-34.79590539999998,-7.153537099999937],[-34.79751649999997,-7.156169899999952],[-34.79947889999994,-7.156864699999971],[-34.80018899999993,-7.157504299999971],[-34.80050239999997,-7.158267599999931],[-34.800515099999984,-7.1612080999999534],[-34.80432479999996,-7.161079199999961],[-34.80773449999998,-7.160724999999957],[-34.81318379999993,-7.160488599999951],[-34.81392609999995,-7.160314999999969],[-34.81783909999996,-7.160385299999973],[-34.82522299999994,-7.160216999999932],[-34.826057299999945,-7.160420899999963],[-34.827421699999945,-7.161721999999941],[-34.82816809999997,-7.161668999999961],[-34.82726999999994,-7.16103099999998],[-34.82671809999994,-7.160385599999927],[-34.826516899999945,-7.160037599999953],[-34.82639489999997,-7.158659899999975],[-34.825271999999984,-7.1581725999999435],[-34.824206199999935,-7.158060599999942],[-34.82348919999998,-7.15776459999995],[-34.823204199999964,-7.157267499999932],[-34.82300059999994,-7.156288599999925],[-34.823130799999944,-7.1554296999999565],[-34.823330099999964,-7.155329199999926],[-34.82354429999998,-7.154763799999955],[-34.82370729999997,-7.153899699999954],[-34.82511519999997,-7.152117399999952],[-34.82524579999995,-7.151045099999976],[-34.825058499999955,-7.149999699999967],[-34.825337299999944,-7.14895249999995],[-34.82611459999998,-7.147654199999977],[-34.82718319999998,-7.146407199999942],[-34.828631299999984,-7.14425209999996],[-34.82893389999998,-7.143157599999938],[-34.818672499999934,-7.140568599999938],[-34.817494599999975,-7.141734299999939]]]}},{"type":"Feature","properties":{"cod":"2507507021","nome":"Cuiá","municipio_cod":"2507507","municipio":"João Pessoa"},"geometry":{"type":"Polygon","coordinates":[[[-34.85748559999996,-7.179782499999931],[-34.85705699999994,-7.179830099999947],[-34.85659899999996,-7.180167999999981],[-34.85606629999995,-7.180979699999966],[-34.855597899999964,-7.182554899999957],[-34.85413139999997,-7.184542699999952],[-34.853245399999935,-7.185096199999975],[-34.85281859999998,-7.185586699999931],[-34.85021699999993,-7.186530699999935],[-34.850023799999974,-7.187107199999957],[-34.85017839999995,-7.1873619999999505],[-34.85040989999993,-7.187469199999953],[-34.851377499999955,-7.187337299999967],[-34.85381499999994,-7.187645599999939],[-34.85516999999993,-7.18866369999995],[-34.856010599999934,-7.1887799999999515],[-34.857401799999934,-7.1885429999999815],[-34.86306309999998,-7.189966399999946],[-34.865442299999984,-7.190188199999966],[-34.867994299999964,-7.1901198999999565],[-34.86840079999996,-7.190233999999975],[-34.86873439999994,-7.190562599999964],[-34.86966229999996,-7.190746499999932],[-34.87076079999997,-7.19052279999994],[-34.87030219999997,-7.189850499999977],[-34.87044659999998,-7.188124799999969],[-34.87026569999995,-7.187649199999953],[-34.86786769999998,-7.1854988999999705],[-34.86732719999998,-7.184842099999969],[-34.865224499999954,-7.180481799999939],[-34.86351589999998,-7.175849099999937],[-34.862597999999934,-7.173956999999973],[-34.863023099999964,-7.17274649999996],[-34.861671799999954,-7.1739142999999785],[-34.86182829999996,-7.1745034999999575],[-34.86123189999995,-7.175252499999942],[-34.86108419999994,-7.1752400999999395],[-34.85748559999996,-7.179782499999931]]]}},{"type":"Feature","properties":{"cod":"2507507061","nome":"Costa do Sol","municipio_cod":"2507507","municipio":"João Pessoa"},"geometry":{"type":"Polygon","coordinates":[[[-34.79521589999996,-7.19591939999998],[-34.797159799999974,-7.19855339999998],[-34.80007649999993,-7.20301939999996],[-34.80128569999994,-7.206258299999945],[-34.80228459999995,-7.207216799999969],[-34.80273569999997,-7.2070346999999515],[-34.80288479999996,-7.206643499999927],[-34.80366619999995,-7.206159699999944],[-34.80414379999996,-7.205045999999925],[-34.804655399999945,-7.2049237999999605],[-34.80655459999997,-7.205246899999963],[-34.80727669999993,-7.205003599999941],[-34.80850749999996,-7.2039170999999556],[-34.809168899999975,-7.2035838999999555],[-34.81233119999996,-7.20342549999998],[-34.81785729999996,-7.2026974999999425],[-34.82592429999994,-7.198398699999927],[-34.828375499999936,-7.1961780999999405],[-34.829679899999974,-7.194746799999962],[-34.83043779999997,-7.1943182999999635],[-34.82953669999995,-7.192410999999936],[-34.828330499999936,-7.190643399999942],[-34.82477739999996,-7.188490599999966],[-34.823509899999976,-7.187404999999956],[-34.82342029999995,-7.186593699999946],[-34.82270119999998,-7.1852049999999394],[-34.822567499999934,-7.183885799999928],[-34.82277309999995,-7.18277269999993],[-34.82264159999994,-7.18221699999998],[-34.82165569999995,-7.180594499999927],[-34.81975569999997,-7.17856299999994],[-34.82102589999994,-7.1775133999999525],[-34.81965629999996,-7.177585399999941],[-34.81951319999996,-7.176684499999965],[-34.81839929999995,-7.176764799999944],[-34.81838439999996,-7.175741999999957],[-34.81954799999994,-7.175686999999925],[-34.819527999999934,-7.173766999999941],[-34.81612529999995,-7.173973299999943],[-34.81636839999993,-7.172754299999951],[-34.81570019999998,-7.171358699999928],[-34.81510509999998,-7.170787999999959],[-34.81597229999994,-7.1678962999999385],[-34.81371339999998,-7.165847799999938],[-34.81235929999997,-7.163423299999977],[-34.81149689999995,-7.163028299999951],[-34.81086589999995,-7.162505299999964],[-34.812301299999945,-7.16170139999997],[-34.812734499999976,-7.161314599999969],[-34.81318379999993,-7.160488599999951],[-34.800515099999984,-7.1612080999999534],[-34.800613399999975,-7.165104199999973],[-34.80008449999997,-7.166037899999935],[-34.799940499999934,-7.166732899999943],[-34.80020749999994,-7.16759129999997],[-34.79868469999997,-7.168535299999974],[-34.79812949999996,-7.168492599999979],[-34.797206899999935,-7.168108199999949],[-34.79570219999994,-7.168202699999938],[-34.79610109999993,-7.173846099999935],[-34.79562239999996,-7.17546649999997],[-34.79591549999998,-7.177457999999945],[-34.79586989999996,-7.184514099999944],[-34.79502409999998,-7.190634899999964],[-34.79463099999998,-7.191800399999977],[-34.79481679999998,-7.194615899999974],[-34.79521589999996,-7.19591939999998]]]}},{"type":"Feature","properties":{"cod":"2507507041","nome":"Muçumagro","municipio_cod":"2507507","municipio":"João Pessoa"},"geometry":{"type":"Polygon","coordinates":[[[-34.84193349999998,-7.209122499999978],[-34.83092399999998,-7.213743499999964],[-34.826827899999955,-7.215721599999938],[-34.82911749999994,-7.21854929999995],[-34.82969899999995,-7.21900119999998],[-34.830480799999975,-7.2200544999999465],[-34.83143129999996,-7.220923999999968],[-34.83254169999998,-7.226185799999939],[-34.834131799999966,-7.22556899999995],[-34.83457729999998,-7.225806099999943],[-34.835303099999976,-7.225870799999939],[-34.83724339999998,-7.225418099999956],[-34.83789729999995,-7.225518699999952],[-34.838545099999976,-7.226352499999962],[-34.83884589999997,-7.226402599999972],[-34.839751399999955,-7.227753599999971],[-34.84055619999998,-7.2282853999999475],[-34.84187659999998,-7.228075799999942],[-34.84238449999998,-7.227611099999933],[-34.842589799999985,-7.226800699999956],[-34.84240609999995,-7.226054999999974],[-34.84242769999997,-7.2251688999999715],[-34.840828399999964,-7.221624399999939],[-34.84082089999998,-7.221121699999969],[-34.84135439999994,-7.221990499999947],[-34.84181599999994,-7.221739499999956],[-34.841814899999974,-7.220382399999949],[-34.84224009999997,-7.21737799999994],[-34.842220399999974,-7.216867599999944],[-34.841922299999965,-7.216849999999965],[-34.84203659999997,-7.211719799999969],[-34.841890099999944,-7.211670099999935],[-34.84193349999998,-7.209122499999978]]]}},{"type":"Feature","properties":{"cod":"2507507063","nome":"Mumbaba","municipio_cod":"2507507","municipio":"João Pessoa"},"geometry":{"type":"Polygon","coordinates":[[[-34.92171819999993,-7.177458199999933],[-34.92261999999994,-7.179464199999927],[-34.92320099999995,-7.180048399999976],[-34.92506439999994,-7.18113649999998],[-34.930326599999944,-7.18362819999993],[-34.929177599999946,-7.185414099999946],[-34.92928779999994,-7.187185399999976],[-34.929515599999945,-7.187731699999972],[-34.93063409999996,-7.187327899999957],[-34.93117229999996,-7.186791699999958],[-34.933349799999974,-7.1867992999999615],[-34.93295539999997,-7.185879599999964],[-34.93411969999994,-7.185968099999968],[-34.93615579999994,-7.185343099999955],[-34.93629249999998,-7.18629459999994],[-34.93937749999998,-7.184854499999972],[-34.93965489999994,-7.18540059999998],[-34.94020729999994,-7.185702899999967],[-34.94036169999998,-7.186486499999944],[-34.94126799999998,-7.1862824999999475],[-34.940911899999946,-7.184797499999945],[-34.93979879999995,-7.182420799999932],[-34.94313759999994,-7.18086349999993],[-34.94203719999996,-7.178425199999936],[-34.940394399999946,-7.179140099999927],[-34.94076039999993,-7.17993389999998],[-34.93904829999997,-7.180752699999971],[-34.93933889999994,-7.181400799999949],[-34.93620699999997,-7.182776299999944],[-34.93507379999994,-7.175676199999941],[-34.938035999999954,-7.174234399999932],[-34.93761759999995,-7.173320499999932],[-34.93484849999993,-7.174488699999927],[-34.934649399999955,-7.171604499999944],[-34.933515399999976,-7.168635399999971],[-34.93101509999997,-7.167605599999945],[-34.92755009999996,-7.167148299999951],[-34.92664979999995,-7.167598399999974],[-34.92617469999993,-7.168115299999954],[-34.925657799999954,-7.169057199999941],[-34.925541099999975,-7.170040799999981],[-34.92529939999997,-7.170290899999941],[-34.92299869999994,-7.171216199999947],[-34.92249859999998,-7.171132799999953],[-34.92131489999997,-7.170399299999929],[-34.92029789999998,-7.169448999999929],[-34.918480699999975,-7.168532099999936],[-34.91744709999995,-7.167298399999936],[-34.916648599999974,-7.168295799999953],[-34.91751389999996,-7.169396699999936],[-34.92086509999996,-7.175361899999928],[-34.921303999999964,-7.176373199999944],[-34.92095419999998,-7.176762599999961],[-34.92171819999993,-7.177458199999933]]]}},{"type":"Feature","properties":{"cod":"2507507024","nome":"Ernesto Geisel","municipio_cod":"2507507","municipio":"João Pessoa"},"geometry":{"type":"Polygon","coordinates":[[[-34.863881299999946,-7.17680299999995],[-34.86478599999998,-7.17946969999997],[-34.86732719999998,-7.184842099999969],[-34.86786769999998,-7.1854988999999705],[-34.87026569999995,-7.187649199999953],[-34.87044659999998,-7.188124799999969],[-34.87030219999997,-7.189850499999977],[-34.87076079999997,-7.19052279999994],[-34.872112899999934,-7.190115999999932],[-34.873770399999955,-7.189866599999959],[-34.87370429999993,-7.178787299999954],[-34.87427239999994,-7.1694947999999386],[-34.873008899999945,-7.1697657999999365],[-34.871528499999954,-7.17031129999998],[-34.86825819999996,-7.1707929999999465],[-34.867025299999966,-7.170663099999956],[-34.86592699999994,-7.1701704999999265],[-34.86525539999997,-7.169576799999959],[-34.86484859999996,-7.168961699999954],[-34.86452239999994,-7.169954299999972],[-34.86258499999997,-7.173727399999962],[-34.863881299999946,-7.17680299999995]]]}},{"type":"Feature","properties":{"cod":"2507507015","nome":"Centro","municipio_cod":"2507507","municipio":"João Pessoa"},"geometry":{"type":"Polygon","coordinates":[[[-34.87203459999995,-7.126564499999972],[-34.884771099999966,-7.125816699999973],[-34.884460399999966,-7.122751199999925],[-34.887593899999956,-7.123016699999937],[-34.886949699999946,-7.11725789999997],[-34.886755499999936,-7.116361299999937],[-34.886635499999954,-7.116329899999926],[-34.88764899999995,-7.114471399999957],[-34.88697009999993,-7.113680399999964],[-34.88341319999995,-7.114929699999948],[-34.88327179999993,-7.1150868999999375],[-34.88330029999997,-7.115493199999946],[-34.87868699999996,-7.116839899999945],[-34.87090959999995,-7.120538799999963],[-34.87061619999997,-7.119940299999939],[-34.870330199999955,-7.119864799999959],[-34.86776629999997,-7.119859499999961],[-34.86727019999995,-7.120106299999975],[-34.87138669999996,-7.126937799999951],[-34.87203459999995,-7.126564499999972]]]}},{"type":"Feature","properties":{"cod":"2507507010","nome":"Bancários","municipio_cod":"2507507","municipio":"João Pessoa"},"geometry":{"type":"Polygon","coordinates":[[[-34.82973259999994,-7.149378599999977],[-34.83973499999996,-7.1510756999999785],[-34.84289039999993,-7.148489799999936],[-34.848270999999954,-7.14663459999997],[-34.85042999999996,-7.146399599999938],[-34.85073459999995,-7.146513899999945],[-34.850842899999975,-7.146048499999949],[-34.84977689999994,-7.145680199999958],[-34.84970389999995,-7.145174299999951],[-34.84760479999994,-7.143221899999958],[-34.84615499999995,-7.142594299999928],[-34.844417299999975,-7.142359099999965],[-34.84376279999998,-7.142119599999944],[-34.84308239999996,-7.142006799999933],[-34.84155959999998,-7.142281099999934],[-34.83765129999995,-7.143524899999932],[-34.83745989999994,-7.142565699999977],[-34.83657989999995,-7.141071499999953],[-34.83653099999998,-7.140043399999968],[-34.835618599999975,-7.138158899999951],[-34.83509699999996,-7.1389151999999285],[-34.83422009999998,-7.139580599999931],[-34.83323349999995,-7.139815399999975],[-34.83258699999993,-7.14021809999997],[-34.83190849999994,-7.140328599999975],[-34.83153939999994,-7.1406224999999495],[-34.83075349999996,-7.140887299999974],[-34.82950189999997,-7.142428199999927],[-34.82903929999998,-7.142506999999966],[-34.828631299999984,-7.14425209999996],[-34.82718319999998,-7.146407199999942],[-34.82611459999998,-7.147654199999977],[-34.825337299999944,-7.14895249999995],[-34.825058499999955,-7.149999699999967],[-34.82524579999995,-7.151045099999976],[-34.82511519999997,-7.152117399999952],[-34.82444309999994,-7.152971599999944],[-34.82553029999997,-7.152860099999941],[-34.829570099999955,-7.153079199999979],[-34.82973259999994,-7.149378599999977]]]}},{"type":"Feature","properties":{"cod":"2507507040","nome":"Miramar","municipio_cod":"2507507","municipio":"João Pessoa"},"geometry":{"type":"Polygon","coordinates":[[[-34.83245679999993,-7.12694769999996],[-34.84006309999995,-7.126478199999951],[-34.83997839999995,-7.125775099999942],[-34.84106929999996,-7.125598149999973],[-34.841084999999964,-7.119606199999964],[-34.84326179999994,-7.119620699999928],[-34.83238129999995,-7.114265599999953],[-34.832082999999955,-7.114890099999968],[-34.83192109999993,-7.11705349999994],[-34.829753299999936,-7.1222640999999385],[-34.829523999999935,-7.123365299999932],[-34.830029199999956,-7.1245768999999655],[-34.83245679999993,-7.12694769999996]]]}},{"type":"Feature","properties":{"cod":"2507507007","nome":"Estados","municipio_cod":"2507507","municipio":"João Pessoa"},"geometry":{"type":"Polygon","coordinates":[[[-34.84956579999994,-7.110433799999953],[-34.84952469999996,-7.119671399999959],[-34.867167999999936,-7.119843899999978],[-34.865814899999975,-7.117639099999963],[-34.86443079999998,-7.11694609999995],[-34.86245709999997,-7.114287999999931],[-34.861107699999934,-7.113461499999971],[-34.85842699999995,-7.111112999999932],[-34.85826419999995,-7.110843099999954],[-34.858410299999946,-7.11042649999996],[-34.85766769999998,-7.110265599999934],[-34.85795439999998,-7.109237499999949],[-34.85747739999994,-7.1091279999999415],[-34.85804399999995,-7.106892999999957],[-34.85669889999997,-7.106694799999957],[-34.85680699999995,-7.106182699999977],[-34.855480599999964,-7.105811199999948],[-34.855598199999974,-7.1054145999999605],[-34.85300289999998,-7.105557699999963],[-34.852022699999964,-7.109922999999981],[-34.85122139999993,-7.109913099999972],[-34.85123429999993,-7.110466599999938],[-34.84956579999994,-7.110433799999953]]]}},{"type":"Feature","properties":{"cod":"2507507017","nome":"Padre Zé","municipio_cod":"2507507","municipio":"João Pessoa"},"geometry":{"type":"Polygon","coordinates":[[[-34.86567119999995,-7.104947299999935],[-34.869393299999956,-7.108052699999973],[-34.87012549999997,-7.108983199999955],[-34.87056639999997,-7.110124599999949],[-34.87325439999995,-7.106827899999928],[-34.87340199999994,-7.106289699999934],[-34.87409619999994,-7.105303099999958],[-34.87411769999994,-7.104153799999949],[-34.87378849999993,-7.10328839999994],[-34.87402419999995,-7.102966699999968],[-34.873450899999966,-7.102609499999971],[-34.87200089999993,-7.1021923999999785],[-34.87181959999998,-7.102499099999932],[-34.87098139999995,-7.102934699999935],[-34.869796399999984,-7.102863499999955],[-34.869704199999944,-7.103066499999954],[-34.86875599999996,-7.10296059999996],[-34.868502999999976,-7.103164199999981],[-34.86735799999997,-7.102510299999949],[-34.86712109999996,-7.1025112999999465],[-34.866154499999936,-7.103077499999927],[-34.86612399999996,-7.103904899999975],[-34.86567119999995,-7.104947299999935]]]}},{"type":"Feature","properties":{"cod":"2507507052","nome":"Tambiá","municipio_cod":"2507507","municipio":"João Pessoa"},"geometry":{"type":"Polygon","coordinates":[[[-34.87193899999994,-7.113940399999933],[-34.87056639999997,-7.110124599999949],[-34.87030079999994,-7.110637399999973],[-34.87013509999997,-7.111685699999953],[-34.869672399999956,-7.113044899999977],[-34.86921739999997,-7.113265799999965],[-34.86889899999994,-7.113895999999954],[-34.86803899999995,-7.114679899999942],[-34.86755189999997,-7.1153388999999265],[-34.86717259999995,-7.116227799999933],[-34.86620519999997,-7.116439399999933],[-34.86563119999994,-7.116948599999944],[-34.86544479999998,-7.11748579999994],[-34.865814899999975,-7.117639099999963],[-34.867167999999936,-7.119843899999978],[-34.870330199999955,-7.119864799999959],[-34.87061619999997,-7.119940299999939],[-34.87090959999995,-7.120538799999963],[-34.87868699999996,-7.116839899999945],[-34.88265949999993,-7.115623999999968],[-34.88188789999998,-7.115706999999929],[-34.88104519999996,-7.114567999999963],[-34.88102639999994,-7.114294899999948],[-34.88051299999995,-7.114671299999941],[-34.878440299999966,-7.11446049999995],[-34.878268899999966,-7.114809599999944],[-34.87750859999994,-7.11470079999998],[-34.87425299999995,-7.115243499999963],[-34.87289949999996,-7.114657399999942],[-34.87193899999994,-7.113940399999933]]]}},{"type":"Feature","properties":{"cod":"2507507018","nome":"Costa e Silva","municipio_cod":"2507507","municipio":"João Pessoa"},"geometry":{"type":"Polygon","coordinates":[[[-34.89737949999994,-7.184237499999938],[-34.899408999999935,-7.183540899999969],[-34.89868599999994,-7.181252499999971],[-34.900550099999975,-7.18067439999993],[-34.897007299999984,-7.169370799999967],[-34.89668339999997,-7.167259099999967],[-34.89459729999993,-7.175792899999976],[-34.894911899999954,-7.177176399999951],[-34.89406079999998,-7.177402899999947],[-34.89381649999996,-7.178217199999949],[-34.894092899999976,-7.17907299999996],[-34.89450689999995,-7.179059099999961],[-34.894672999999955,-7.179438699999935],[-34.89427949999998,-7.17963409999993],[-34.89371609999995,-7.178958199999954],[-34.89363309999993,-7.179206699999952],[-34.89352709999997,-7.179173399999968],[-34.89227609999995,-7.1836514999999395],[-34.89366579999995,-7.185766899999976],[-34.89535539999997,-7.18590869999997],[-34.89609849999994,-7.186145799999963],[-34.896716099999935,-7.186839799999973],[-34.897625699999935,-7.187434999999937],[-34.89946669999995,-7.187707699999976],[-34.90010499999994,-7.1875775999999405],[-34.89737949999994,-7.184237499999938]]]}},{"type":"Feature","properties":{"cod":"2507507019","nome":"Cristo Redentor","municipio_cod":"2507507","municipio":"João Pessoa"},"geometry":{"type":"Polygon","coordinates":[[[-34.87709639999997,-7.169536899999969],[-34.883429099999944,-7.1685988999999495],[-34.88438519999994,-7.168186399999968],[-34.890216899999984,-7.165367499999945],[-34.89006789999996,-7.1647446999999715],[-34.888027299999976,-7.164536899999973],[-34.88674609999998,-7.164680999999973],[-34.88788569999997,-7.1628800999999385],[-34.88804219999997,-7.162369399999932],[-34.88724139999994,-7.161374399999943],[-34.88761379999994,-7.160699699999952],[-34.88751739999998,-7.159848899999929],[-34.88800799999996,-7.159247599999958],[-34.88799439999997,-7.1590320999999335],[-34.887482499999976,-7.158566199999939],[-34.88738049999995,-7.157743899999957],[-34.88707569999997,-7.157026299999927],[-34.886981799999944,-7.15574909999998],[-34.88663789999998,-7.154892399999937],[-34.88694579999998,-7.153933199999926],[-34.887023399999975,-7.152389599999935],[-34.88644709999994,-7.151663199999973],[-34.88629079999998,-7.151286399999947],[-34.88647899999995,-7.151045499999952],[-34.88635769999996,-7.150840099999925],[-34.88560609999996,-7.1499853999999345],[-34.88487079999993,-7.149545199999977],[-34.88427489999998,-7.148921499999972],[-34.883428899999956,-7.1465590999999336],[-34.882642199999964,-7.145615899999939],[-34.88148329999996,-7.1464447999999265],[-34.88139249999995,-7.146241599999939],[-34.87954099999996,-7.146912199999974],[-34.877823199999966,-7.149272099999962],[-34.87534819999996,-7.151644099999942],[-34.875009999999975,-7.150683599999979],[-34.87475169999993,-7.150517399999956],[-34.87487989999994,-7.15187119999996],[-34.87414649999994,-7.152881899999954],[-34.86669669999998,-7.160245299999929],[-34.86615049999995,-7.1596022999999605],[-34.86340319999994,-7.162759799999947],[-34.86160929999994,-7.1621370999999385],[-34.86129239999997,-7.161877899999979],[-34.86073639999995,-7.162038299999949],[-34.86525539999997,-7.169576799999959],[-34.86592699999994,-7.1701704999999265],[-34.867025299999966,-7.170663099999956],[-34.86825819999996,-7.1707929999999465],[-34.87092359999997,-7.170416299999943],[-34.87427739999998,-7.169408099999941],[-34.87709639999997,-7.169536899999969]]]}},{"type":"Feature","properties":{"cod":"2507507036","nome":"Jardim Veneza","municipio_cod":"2507507","municipio":"João Pessoa"},"geometry":{"type":"Polygon","coordinates":[[[-34.89966599999997,-7.164736499999947],[-34.89844819999996,-7.165328999999929],[-34.89657579999994,-7.1656317999999715],[-34.897007299999984,-7.169370799999967],[-34.90292189999997,-7.167622899999969],[-34.90399949999994,-7.16756399999997],[-34.904308999999955,-7.1678761999999665],[-34.90466089999995,-7.167730399999925],[-34.90613629999996,-7.168284299999925],[-34.906634699999984,-7.168316599999969],[-34.90694589999998,-7.1690463999999565],[-34.90839459999995,-7.170442099999946],[-34.90980979999995,-7.172586499999966],[-34.91043369999994,-7.173548399999959],[-34.911003999999934,-7.174964999999929],[-34.91744709999995,-7.167298399999936],[-34.916263399999934,-7.166364699999974],[-34.91612999999995,-7.164664199999947],[-34.91416269999996,-7.162863699999946],[-34.912878999999975,-7.160179599999935],[-34.91249559999994,-7.158662399999969],[-34.91264559999996,-7.15681189999998],[-34.912387199999955,-7.1534233999999515],[-34.91190369999998,-7.152889899999934],[-34.910486599999956,-7.152047999999979],[-34.909978199999955,-7.151914599999941],[-34.91002819999994,-7.151414399999965],[-34.90977109999994,-7.150988499999926],[-34.90856489999993,-7.152508799999964],[-34.90572519999995,-7.159919999999943],[-34.904235599999936,-7.16140269999994],[-34.89966599999997,-7.164736499999947]]]}},{"type":"Feature","properties":{"cod":"2507507020","nome":"Cruz das Armas","municipio_cod":"2507507","municipio":"João Pessoa"},"geometry":{"type":"Polygon","coordinates":[[[-34.88811009999995,-7.155295499999966],[-34.88840909999993,-7.155901599999936],[-34.88908859999998,-7.155286399999966],[-34.88981249999995,-7.155763399999955],[-34.89052239999995,-7.155058599999961],[-34.890795099999934,-7.155113099999937],[-34.89144339999996,-7.154868499999964],[-34.895204999999976,-7.154213299999981],[-34.89461979999993,-7.152432199999964],[-34.895360299999936,-7.152216899999928],[-34.89457539999995,-7.150109599999951],[-34.89490949999998,-7.149872099999925],[-34.89486519999997,-7.1493286999999555],[-34.89448679999998,-7.1485397999999805],[-34.89429899999993,-7.148371499999939],[-34.89376539999995,-7.1483369999999695],[-34.89363529999997,-7.148150399999963],[-34.89164939999995,-7.1434893999999645],[-34.892998999999975,-7.143035399999974],[-34.892609499999935,-7.141455399999927],[-34.89264069999996,-7.140980799999966],[-34.893143099999975,-7.13970919999997],[-34.89385679999998,-7.139366199999927],[-34.895280799999966,-7.139128699999958],[-34.89257729999997,-7.138402499999927],[-34.891417599999954,-7.137245699999937],[-34.889880199999936,-7.134877899999935],[-34.888649199999975,-7.132446899999934],[-34.88862659999995,-7.132138399999974],[-34.888815799999975,-7.1318767999999295],[-34.88919939999994,-7.131749399999933],[-34.88900909999995,-7.131399899999963],[-34.88886549999995,-7.131393999999943],[-34.886735999999985,-7.131619999999941],[-34.886955099999966,-7.132142599999952],[-34.88826769999997,-7.133890599999972],[-34.88682129999995,-7.134964299999979],[-34.88637269999998,-7.135552299999972],[-34.88519729999996,-7.134908699999926],[-34.884351599999945,-7.135689599999978],[-34.88456089999994,-7.135743199999979],[-34.88268519999997,-7.138769699999955],[-34.880066899999974,-7.141499599999975],[-34.87899299999998,-7.143323799999962],[-34.87943399999995,-7.143875199999968],[-34.881409099999985,-7.144663099999946],[-34.88184979999994,-7.145193099999972],[-34.882819799999936,-7.145795199999952],[-34.883428899999956,-7.1465590999999336],[-34.884465199999966,-7.1492037999999525],[-34.88560609999996,-7.1499853999999345],[-34.88644419999997,-7.150959799999953],[-34.88629079999998,-7.151286399999947],[-34.887023399999975,-7.152389599999935],[-34.88694579999998,-7.153933199999926],[-34.88663789999998,-7.1547206999999275],[-34.886981799999944,-7.15574909999998],[-34.88701229999998,-7.156609399999979],[-34.88811009999995,-7.155295499999966]]]}},{"type":"Feature","properties":{"cod":"2507507050","nome":"São José","municipio_cod":"2507507","municipio":"João Pessoa"},"geometry":{"type":"Polygon","coordinates":[[[-34.84203699999995,-7.107269999999971],[-34.84452419999997,-7.104306299999962],[-34.84644959999997,-7.101304299999981],[-34.84653019999996,-7.100847299999941],[-34.84667579999996,-7.100871599999948],[-34.84694859999996,-7.100489799999934],[-34.84713059999996,-7.100519899999938],[-34.84727609999993,-7.100261699999976],[-34.847668099999964,-7.100179299999979],[-34.84768539999993,-7.099675599999955],[-34.84625349999993,-7.099301599999933],[-34.845523999999955,-7.099360199999978],[-34.845019399999956,-7.0996125999999435],[-34.843146599999955,-7.103544099999965],[-34.84226049999995,-7.104887899999937],[-34.840550399999984,-7.106938199999945],[-34.83689009999995,-7.110732499999926],[-34.83525679999997,-7.111919199999932],[-34.83296669999993,-7.113254599999948],[-34.83268349999997,-7.113517799999954],[-34.83238129999995,-7.114265599999953],[-34.832836499999985,-7.1143065999999635],[-34.833254299999965,-7.113700599999959],[-34.83363009999994,-7.113942799999961],[-34.83377999999993,-7.113531999999964],[-34.83456599999994,-7.113523199999975],[-34.83580889999996,-7.112724499999956],[-34.83703819999994,-7.1122852999999395],[-34.83784689999993,-7.11175789999993],[-34.839394899999945,-7.110349999999926],[-34.83983869999997,-7.109582599999953],[-34.84203699999995,-7.107269999999971]]]}},{"type":"Feature","properties":{"cod":"2507507064","nome":"Mussuré","municipio_cod":"2507507","municipio":"João Pessoa"},"geometry":{"type":"Polygon","coordinates":[[[-34.925000799999964,-7.197025799999949],[-34.914921799999945,-7.20736809999994],[-34.91337109999995,-7.208006499999954],[-34.909666999999956,-7.208665699999926],[-34.91005899999993,-7.209925599999963],[-34.910298799999964,-7.210108999999932],[-34.91414309999993,-7.210711599999968],[-34.91806559999998,-7.211529399999961],[-34.91864759999993,-7.211800899999957],[-34.918903099999966,-7.212005999999974],[-34.920813899999985,-7.215507099999968],[-34.92437669999998,-7.217519399999958],[-34.92518439999998,-7.217727299999979],[-34.93063909999995,-7.21668909999994],[-34.93242669999995,-7.213897599999939],[-34.932737799999984,-7.212335399999972],[-34.93255789999995,-7.2116086999999425],[-34.930559899999935,-7.210023899999953],[-34.93003479999993,-7.209712799999977],[-34.92858389999998,-7.209530299999926],[-34.92826699999995,-7.209354299999973],[-34.92817359999998,-7.209133999999949],[-34.92836449999993,-7.20733249999995],[-34.92759769999998,-7.2036915999999565],[-34.92685179999995,-7.201926799999967],[-34.92587169999996,-7.19797559999995],[-34.92519119999997,-7.196980999999937],[-34.925000799999964,-7.197025799999949]]]}},{"type":"Feature","properties":{"cod":"2507507057","nome":"Varjão","municipio_cod":"2507507","municipio":"João Pessoa"},"geometry":{"type":"Polygon","coordinates":[[[-34.86669669999998,-7.160245299999929],[-34.87477719999998,-7.1521728999999254],[-34.874887599999965,-7.151838699999928],[-34.87475169999993,-7.150517399999956],[-34.875009999999975,-7.150683599999979],[-34.87534819999996,-7.151644099999942],[-34.877823199999966,-7.149272099999962],[-34.87954099999996,-7.146912199999974],[-34.88139249999995,-7.146241599999939],[-34.88148329999996,-7.1464447999999265],[-34.882642199999964,-7.145615899999939],[-34.88184979999994,-7.145193099999972],[-34.88155569999998,-7.144765499999949],[-34.880932299999984,-7.144400899999937],[-34.87943399999995,-7.143875199999968],[-34.87814079999998,-7.142427599999962],[-34.87767359999998,-7.142470999999944],[-34.87711879999995,-7.141437099999962],[-34.87622319999997,-7.140850099999966],[-34.874734399999966,-7.140559999999937],[-34.87274069999995,-7.140994599999942],[-34.87097119999993,-7.141173099999946],[-34.87012389999995,-7.142770599999949],[-34.86949699999997,-7.14455879999997],[-34.86975469999993,-7.145526699999948],[-34.86966259999997,-7.146302399999968],[-34.86996659999994,-7.147021099999961],[-34.87022979999995,-7.147258199999953],[-34.870007999999984,-7.147998899999948],[-34.86942449999998,-7.148767699999951],[-34.86922619999996,-7.151004599999965],[-34.86857159999994,-7.153766499999961],[-34.866401199999984,-7.158710199999973],[-34.86615049999995,-7.1596022999999605],[-34.86669669999998,-7.160245299999929]]]}},{"type":"Feature","properties":{"cod":"2507507059","nome":"Varadouro","municipio_cod":"2507507","municipio":"João Pessoa"},"geometry":{"type":"Polygon","coordinates":[[[-34.887995599999954,-7.111522099999945],[-34.88563689999995,-7.11003409999995],[-34.88378789999996,-7.10841419999997],[-34.88338049999993,-7.108794899999964],[-34.88345279999993,-7.110143499999936],[-34.88375599999995,-7.110718399999939],[-34.88316679999997,-7.111082799999963],[-34.88352669999995,-7.111448099999961],[-34.88309819999995,-7.111806399999978],[-34.88306959999994,-7.1122040999999285],[-34.88529999999997,-7.112925399999938],[-34.88596439999998,-7.11351899999994],[-34.88617769999996,-7.113978299999928],[-34.88697009999993,-7.113680399999964],[-34.88764899999995,-7.114471399999957],[-34.886635499999954,-7.116329899999926],[-34.886755499999936,-7.116361299999937],[-34.886949699999946,-7.11725789999997],[-34.887593899999956,-7.123016699999937],[-34.893490199999974,-7.123054099999933],[-34.89430749999997,-7.123177299999952],[-34.893752699999936,-7.123010299999976],[-34.89344179999995,-7.12262979999997],[-34.89329269999996,-7.121086999999932],[-34.89345789999993,-7.12080839999993],[-34.89001259999998,-7.113559299999963],[-34.88954739999997,-7.112427699999955],[-34.88982319999997,-7.112358499999971],[-34.88912399999998,-7.11059819999997],[-34.88917339999995,-7.1103866999999354],[-34.887995599999954,-7.111522099999945]]]}},{"type":"Feature","properties":{"cod":"2507507028","nome":"Ilha do Bispo","municipio_cod":"2507507","municipio":"João Pessoa"},"geometry":{"type":"Polygon","coordinates":[[[-34.90125819999997,-7.149288399999932],[-34.90264609999997,-7.150922099999946],[-34.90293529999997,-7.150951199999952],[-34.90370369999994,-7.150568599999929],[-34.905503299999964,-7.148561499999971],[-34.90754889999994,-7.146880899999928],[-34.90766069999995,-7.146044599999925],[-34.90581389999994,-7.142853499999944],[-34.90532019999995,-7.136708399999975],[-34.90592429999998,-7.136687599999959],[-34.90625849999998,-7.135590499999978],[-34.906156299999964,-7.135225599999956],[-34.90561409999998,-7.134716499999968],[-34.90564749999993,-7.133940199999927],[-34.906091999999944,-7.132962099999929],[-34.90580849999998,-7.130251999999928],[-34.90593929999994,-7.1294657999999345],[-34.90632619999997,-7.128939299999956],[-34.907195799999954,-7.128394699999944],[-34.90761319999996,-7.127720699999941],[-34.906555399999945,-7.126897999999926],[-34.90479249999993,-7.126662999999951],[-34.90306869999995,-7.1257618999999295],[-34.90212849999995,-7.124625799999933],[-34.90160369999995,-7.122318699999937],[-34.90130579999993,-7.121569999999963],[-34.900796499999956,-7.120943199999942],[-34.89985629999995,-7.120551399999954],[-34.89817799999997,-7.120822999999973],[-34.89574269999997,-7.122275199999933],[-34.89452819999997,-7.122275199999933],[-34.89409729999994,-7.121726699999954],[-34.894015499999966,-7.12071439999994],[-34.89345789999993,-7.12080839999993],[-34.89329269999996,-7.121086999999932],[-34.89344179999995,-7.12262979999997],[-34.893752699999936,-7.123010299999976],[-34.89430749999997,-7.123177299999952],[-34.89091469999994,-7.123020399999973],[-34.89085369999998,-7.124854699999958],[-34.89127049999996,-7.125672699999939],[-34.89126669999996,-7.125988999999947],[-34.889816199999984,-7.127941499999963],[-34.88908249999997,-7.130589899999961],[-34.889455099999964,-7.131039399999963],[-34.89009999999996,-7.131421699999976],[-34.888815799999975,-7.1318767999999295],[-34.88862659999995,-7.132138399999974],[-34.888649199999975,-7.132446899999934],[-34.889880199999936,-7.134877899999935],[-34.891417599999954,-7.137245699999937],[-34.89257729999997,-7.138402499999927],[-34.895280799999966,-7.139128699999958],[-34.89385679999998,-7.139366199999927],[-34.893143099999975,-7.13970919999997],[-34.89264069999996,-7.140980799999966],[-34.892609499999935,-7.141455399999927],[-34.892998999999975,-7.143035399999974],[-34.89164939999995,-7.1434893999999645],[-34.89363529999997,-7.148150399999963],[-34.89376539999995,-7.1483369999999695],[-34.89429899999993,-7.148371499999939],[-34.89448679999998,-7.1485397999999805],[-34.89486519999997,-7.1493286999999555],[-34.89490949999998,-7.149872099999925],[-34.89457539999995,-7.150109599999951],[-34.89490529999995,-7.150982599999963],[-34.895111499999985,-7.15098519999998],[-34.89532379999997,-7.150678699999958],[-34.898207499999955,-7.14960549999995],[-34.898981799999945,-7.150182599999937],[-34.90012789999997,-7.149844599999938],[-34.90125819999997,-7.149288399999932]]]}},{"type":"Feature","properties":{"cod":"2507507033","nome":"Jardim Cidade Universitária","municipio_cod":"2507507","municipio":"João Pessoa"},"geometry":{"type":"Polygon","coordinates":[[[-34.829570099999955,-7.153079199999979],[-34.82553029999997,-7.152860099999941],[-34.82444309999994,-7.152971599999944],[-34.82392249999998,-7.153583399999945],[-34.82360849999998,-7.15416579999993],[-34.823330099999964,-7.155329199999926],[-34.823130799999944,-7.1554296999999565],[-34.82300059999994,-7.156288599999925],[-34.823204199999964,-7.157267499999932],[-34.82348919999998,-7.15776459999995],[-34.823806299999944,-7.157962599999962],[-34.825271999999984,-7.1581725999999435],[-34.82639489999997,-7.158659899999975],[-34.826516899999945,-7.160037599999953],[-34.82671809999994,-7.160385599999927],[-34.82726999999994,-7.16103099999998],[-34.82816809999997,-7.161668999999961],[-34.834837799999946,-7.1595916999999645],[-34.838413499999945,-7.159520699999973],[-34.83837189999997,-7.161634799999945],[-34.84213429999994,-7.161734599999932],[-34.84394089999995,-7.162137399999949],[-34.84542799999997,-7.1626794999999674],[-34.84530149999995,-7.161700899999971],[-34.845065999999974,-7.161575599999935],[-34.844982699999946,-7.15798719999998],[-34.84419729999996,-7.156509699999958],[-34.84397939999997,-7.155288599999949],[-34.84405979999997,-7.154659699999968],[-34.84427419999997,-7.154369299999928],[-34.84468819999995,-7.154218799999967],[-34.84574989999993,-7.154280699999958],[-34.84643909999994,-7.154584399999976],[-34.84670699999998,-7.153176099999939],[-34.84512029999996,-7.152901099999951],[-34.845349099999964,-7.152061899999978],[-34.832485599999984,-7.149729899999954],[-34.82973259999994,-7.149378599999977],[-34.829570099999955,-7.153079199999979]]]}},{"type":"Feature","properties":{"cod":"2507507011","nome":"Bessa","municipio_cod":"2507507","municipio":"João Pessoa"},"geometry":{"type":"Polygon","coordinates":[[[-34.83551479999994,-7.071985499999926],[-34.846327299999984,-7.0769085999999675],[-34.84693169999997,-7.07692359999993],[-34.84714739999998,-7.075626199999931],[-34.84680659999998,-7.074022799999966],[-34.84688719999997,-7.07262019999996],[-34.84709899999996,-7.072371299999929],[-34.84698039999995,-7.07184529999995],[-34.84744329999995,-7.069727299999954],[-34.848293499999954,-7.068174899999974],[-34.84928189999994,-7.063205299999936],[-34.849183299999936,-7.06177589999993],[-34.849467999999945,-7.0615130999999565],[-34.84896249999997,-7.060543199999927],[-34.84895999999998,-7.059910399999978],[-34.84822349999996,-7.0594727999999805],[-34.847387599999934,-7.058261199999947],[-34.84691989999993,-7.057898499999965],[-34.84682129999993,-7.05729139999994],[-34.846566199999984,-7.056867199999942],[-34.84467859999995,-7.056226699999968],[-34.84240179999995,-7.055978599999946],[-34.84196049999997,-7.05896139999993],[-34.84137199999998,-7.060927599999957],[-34.839894699999945,-7.064208699999938],[-34.83680489999995,-7.068338299999937],[-34.83471939999998,-7.070272299999942],[-34.83360229999994,-7.070940099999973],[-34.83551479999994,-7.071985499999926]]]}},{"type":"Feature","properties":{"cod":"2507507004","nome":"Alto do Céu","municipio_cod":"2507507","municipio":"João Pessoa"},"geometry":{"type":"Polygon","coordinates":[[[-34.85842489999993,-7.097250299999928],[-34.86232599999994,-7.099113299999942],[-34.86258329999998,-7.099252499999977],[-34.86250259999997,-7.099421999999947],[-34.865039199999956,-7.100703499999952],[-34.86766179999995,-7.101881099999957],[-34.86877679999998,-7.102139699999952],[-34.87200089999993,-7.1021923999999785],[-34.873450899999966,-7.102609499999971],[-34.87402419999995,-7.102966699999968],[-34.87384079999998,-7.101660899999956],[-34.87324339999998,-7.101357699999937],[-34.873424599999964,-7.100404799999978],[-34.87499669999994,-7.100104199999976],[-34.87512019999997,-7.100611499999957],[-34.875282399999946,-7.100656999999956],[-34.87597169999998,-7.100097799999958],[-34.875913099999934,-7.097438499999953],[-34.87554449999993,-7.096406999999942],[-34.87544259999993,-7.095571099999972],[-34.876251199999956,-7.092769899999951],[-34.87648279999996,-7.090943999999979],[-34.875805999999955,-7.089163999999926],[-34.874746899999934,-7.0886149999999475],[-34.871635099999935,-7.085345999999959],[-34.87142199999994,-7.084573999999975],[-34.871583999999984,-7.08360399999998],[-34.87233379999998,-7.08212599999996],[-34.87317299999995,-7.081184999999948],[-34.87404099999998,-7.080801999999949],[-34.88077739999994,-7.081294999999955],[-34.86338539999997,-7.0607742999999346],[-34.86137129999997,-7.061470799999938],[-34.864116499999966,-7.065408999999931],[-34.858090699999934,-7.067050799999947],[-34.85902729999998,-7.068364999999972],[-34.859540599999946,-7.070003199999974],[-34.85942199999994,-7.072136299999954],[-34.859031899999934,-7.074581599999931],[-34.85946169999994,-7.075612599999943],[-34.86084279999994,-7.07629559999998],[-34.86341859999993,-7.076649799999927],[-34.864169999999945,-7.077011299999981],[-34.864780199999984,-7.077515099999971],[-34.86559649999998,-7.078888699999936],[-34.86588479999995,-7.080021599999952],[-34.86574899999994,-7.081520599999976],[-34.86520509999997,-7.0823731999999495],[-34.86407339999994,-7.083248499999968],[-34.863469099999975,-7.084182399999975],[-34.863356599999975,-7.086450799999966],[-34.86277469999993,-7.08793129999998],[-34.86239059999997,-7.088196099999948],[-34.86186369999996,-7.088238699999977],[-34.85898409999993,-7.087966799999947],[-34.85789089999997,-7.088315399999942],[-34.85760879999998,-7.088741699999957],[-34.85743019999995,-7.08969419999994],[-34.85771859999994,-7.09084729999995],[-34.858583099999976,-7.09217469999993],[-34.859410099999934,-7.093088199999954],[-34.85957469999994,-7.093694999999968],[-34.85929659999994,-7.095113599999934],[-34.85899389999997,-7.0954589999999484],[-34.858446699999945,-7.0954814999999485],[-34.85716099999996,-7.095136299999979],[-34.85723799999994,-7.09537169999993],[-34.85668599999997,-7.095439299999953],[-34.85671169999995,-7.095829799999933],[-34.85708079999995,-7.095857699999954],[-34.85750769999993,-7.096610799999951],[-34.857714199999975,-7.096541899999977],[-34.85842489999993,-7.097250299999928]]]}},{"type":"Feature","properties":{"cod":"2507507012","nome":"Brisamar","municipio_cod":"2507507","municipio":"João Pessoa"},"geometry":{"type":"Polygon","coordinates":[[[-34.83718639999995,-7.112196899999958],[-34.83580889999996,-7.112724499999956],[-34.83456599999994,-7.113523199999975],[-34.83377999999993,-7.113531999999964],[-34.83363009999994,-7.113942799999961],[-34.833254299999965,-7.113700599999959],[-34.832836499999985,-7.1143065999999635],[-34.83267099999995,-7.114219899999966],[-34.832586799999945,-7.114367799999968],[-34.84326179999994,-7.119620699999928],[-34.84514939999997,-7.119629799999927],[-34.845092299999976,-7.11929269999996],[-34.84469919999998,-7.118807299999958],[-34.84293149999996,-7.117751999999939],[-34.84208169999994,-7.116376499999944],[-34.84187709999998,-7.115039299999978],[-34.84273399999995,-7.1112432999999555],[-34.842037699999935,-7.111135999999931],[-34.84184609999994,-7.111858199999972],[-34.84130749999997,-7.111514599999964],[-34.83971219999995,-7.10975389999993],[-34.839394899999945,-7.110349999999926],[-34.83718639999995,-7.112196899999958]]]}},{"type":"Feature","properties":{"cod":"2507507056","nome":"Trincheiras","municipio_cod":"2507507","municipio":"João Pessoa"},"geometry":{"type":"Polygon","coordinates":[[[-34.886735999999985,-7.131619999999941],[-34.88900909999995,-7.131399899999963],[-34.88919939999994,-7.131749399999933],[-34.89009999999996,-7.131421699999976],[-34.889455099999964,-7.131039399999963],[-34.88908249999997,-7.130589899999961],[-34.889816199999984,-7.127941499999963],[-34.89126669999996,-7.125988999999947],[-34.89127049999996,-7.125672699999939],[-34.89085369999998,-7.124854699999958],[-34.89091469999994,-7.123020399999973],[-34.88779989999995,-7.123032099999932],[-34.884460399999966,-7.122751199999925],[-34.884771099999966,-7.125816699999973],[-34.88474649999995,-7.1268232999999555],[-34.88443709999996,-7.12788699999993],[-34.88347089999996,-7.12933419999996],[-34.88224159999993,-7.130426299999954],[-34.881478899999934,-7.132213199999967],[-34.88220929999994,-7.135032699999954],[-34.88295499999998,-7.1353948999999375],[-34.884351599999945,-7.135689599999978],[-34.88519729999996,-7.134908699999926],[-34.88637269999998,-7.135552299999972],[-34.88682129999995,-7.134964299999979],[-34.88829419999996,-7.133795899999939],[-34.88727189999997,-7.132593499999928],[-34.886735999999985,-7.131619999999941]]]}},{"type":"Feature","properties":{"cod":"2507507051","nome":"Tambaú","municipio_cod":"2507507","municipio":"João Pessoa"},"geometry":{"type":"Polygon","coordinates":[[[-34.83238129999995,-7.114265599999953],[-34.82330539999998,-7.109762199999977],[-34.82137609999995,-7.111272799999938],[-34.821118499999955,-7.112244299999929],[-34.82133659999994,-7.113768199999981],[-34.821925299999975,-7.115843599999948],[-34.82262919999994,-7.119293499999969],[-34.83083629999993,-7.1194763999999395],[-34.83192109999993,-7.11705349999994],[-34.832082999999955,-7.114890099999968],[-34.83238129999995,-7.114265599999953]]]}},{"type":"Feature","properties":{"cod":"2507507030","nome":"João Paulo II","municipio_cod":"2507507","municipio":"João Pessoa"},"geometry":{"type":"Polygon","coordinates":[[[-34.879276999999945,-7.185488999999961],[-34.87980579999993,-7.1775036999999315],[-34.88877259999998,-7.175347199999976],[-34.88914479999994,-7.175067099999978],[-34.883429099999944,-7.1685988999999495],[-34.87709639999997,-7.169536899999969],[-34.87427739999998,-7.169408099999941],[-34.87370429999993,-7.178787299999954],[-34.87380269999994,-7.188897999999938],[-34.876676499999974,-7.188963099999967],[-34.87657269999994,-7.189923599999929],[-34.87824159999997,-7.190294199999926],[-34.879628099999934,-7.190904499999931],[-34.88094549999994,-7.190350099999932],[-34.88092369999998,-7.18739069999998],[-34.88159609999997,-7.184708599999965],[-34.879276999999945,-7.185488999999961]]]}},{"type":"Feature","properties":{"cod":"2507507042","nome":"Oitizeiro","municipio_cod":"2507507","municipio":"João Pessoa"},"geometry":{"type":"Polygon","coordinates":[[[-34.89528169999994,-7.154159499999935],[-34.89144339999996,-7.154868499999964],[-34.890795099999934,-7.155113099999937],[-34.89052239999995,-7.155058599999961],[-34.88981249999995,-7.155763399999955],[-34.88908859999998,-7.155286399999966],[-34.88840909999993,-7.155901599999936],[-34.88811009999995,-7.155295499999966],[-34.88701229999998,-7.156609399999979],[-34.887482499999976,-7.158566199999939],[-34.88799439999997,-7.1590320999999335],[-34.88800799999996,-7.159247599999958],[-34.88751739999998,-7.159848899999929],[-34.88761379999994,-7.160699699999952],[-34.88724139999994,-7.161374399999943],[-34.88804219999997,-7.162369399999932],[-34.88788569999997,-7.1628800999999385],[-34.88674609999998,-7.164680999999973],[-34.888027299999976,-7.164536899999973],[-34.89006789999996,-7.1647446999999715],[-34.890216899999984,-7.165367499999945],[-34.891661899999974,-7.164954299999977],[-34.89307279999997,-7.164926399999956],[-34.89551319999998,-7.165533099999948],[-34.89657579999994,-7.1656317999999715],[-34.89844819999996,-7.165328999999929],[-34.90004299999998,-7.164513499999941],[-34.904235599999936,-7.16140269999994],[-34.90572519999995,-7.159919999999943],[-34.90856489999993,-7.152508799999964],[-34.90996979999994,-7.150730899999928],[-34.909853099999964,-7.1505224999999655],[-34.91021159999997,-7.149830599999973],[-34.91053349999993,-7.14970169999998],[-34.90855299999998,-7.146966299999974],[-34.90766069999995,-7.146044599999925],[-34.907429899999954,-7.14701649999995],[-34.905503299999964,-7.148561499999971],[-34.90370369999994,-7.150568599999929],[-34.90293529999997,-7.150951199999952],[-34.90264609999997,-7.150922099999946],[-34.90125819999997,-7.149288399999932],[-34.90012789999997,-7.149844599999938],[-34.898981799999945,-7.150182599999937],[-34.898207499999955,-7.14960549999995],[-34.89532379999997,-7.150678699999958],[-34.895111499999985,-7.15098519999998],[-34.89490529999995,-7.150982599999963],[-34.895360299999936,-7.152216899999928],[-34.89461979999993,-7.152432199999964],[-34.89528169999994,-7.154159499999935]]]}},{"type":"Feature","properties":{"cod":"2507507045","nome":"Pedro Gondim","municipio_cod":"2507507","municipio":"João Pessoa"},"geometry":{"type":"Polygon","coordinates":[[[-34.84952469999996,-7.119671399999959],[-34.84956579999994,-7.110433799999953],[-34.84294599999998,-7.110334099999932],[-34.84187439999994,-7.115223599999979],[-34.84222959999994,-7.116741899999965],[-34.84293149999996,-7.117751999999939],[-34.84469919999998,-7.118807299999958],[-34.845092299999976,-7.11929269999996],[-34.84514939999997,-7.119629799999927],[-34.84952469999996,-7.119671399999959]]]}},{"type":"Feature","properties":{"cod":"2507507055","nome":"Torre","municipio_cod":"2507507","municipio":"João Pessoa"},"geometry":{"type":"Polygon","coordinates":[[[-34.86126679999995,-7.131831499999976],[-34.86303379999998,-7.131509899999969],[-34.86698809999996,-7.129550799999947],[-34.867400799999984,-7.130373299999974],[-34.86807879999998,-7.130047199999979],[-34.868222499999945,-7.129943999999966],[-34.867782999999974,-7.129106499999978],[-34.871411799999976,-7.1269269999999665],[-34.86727019999995,-7.120106299999975],[-34.86776629999997,-7.119859499999961],[-34.85532949999998,-7.11973009999997],[-34.85523219999993,-7.129287199999965],[-34.85471819999998,-7.129514799999981],[-34.855296899999985,-7.129776099999958],[-34.853534399999944,-7.131019499999979],[-34.85545199999996,-7.13313299999993],[-34.856128199999944,-7.133533299999954],[-34.85626909999996,-7.13382299999995],[-34.85785779999998,-7.135244799999953],[-34.858311399999934,-7.135351499999956],[-34.85950929999996,-7.134889799999939],[-34.860220099999935,-7.134232499999939],[-34.86060589999994,-7.132367599999952],[-34.860729499999934,-7.132103099999938],[-34.86126679999995,-7.131831499999976]]]}},{"type":"Feature","properties":{"cod":"2507507029","nome":"Jaguaribe","municipio_cod":"2507507","municipio":"João Pessoa"},"geometry":{"type":"Polygon","coordinates":[[[-34.884771099999966,-7.125816699999973],[-34.87203459999995,-7.126564499999972],[-34.867782999999974,-7.129106499999978],[-34.86931819999995,-7.132504299999937],[-34.87017019999996,-7.134892099999945],[-34.87131769999996,-7.140213299999971],[-34.87097119999993,-7.141173099999946],[-34.87274069999995,-7.140994599999942],[-34.874734399999966,-7.140559999999937],[-34.87622319999997,-7.140850099999966],[-34.87711879999995,-7.141437099999962],[-34.87767359999998,-7.142470999999944],[-34.87814079999998,-7.142427599999962],[-34.87899299999998,-7.143323799999962],[-34.880066899999974,-7.141499599999975],[-34.88268519999997,-7.138769699999955],[-34.88456089999994,-7.135743199999979],[-34.88295499999998,-7.1353948999999375],[-34.88220929999994,-7.135032699999954],[-34.881478899999934,-7.132213199999967],[-34.88224159999993,-7.130426299999954],[-34.88347089999996,-7.12933419999996],[-34.88443709999996,-7.12788699999993],[-34.88474649999995,-7.1268232999999555],[-34.884771099999966,-7.125816699999973]]]}},{"type":"Feature","properties":{"cod":"2507507035","nome":"Jardim São Paulo","municipio_cod":"2507507","municipio":"João Pessoa"},"geometry":{"type":"Polygon","coordinates":[[[-34.84691799999996,-7.152367999999967],[-34.85254089999995,-7.150513199999978],[-34.851356099999975,-7.149159399999974],[-34.85076649999996,-7.148082199999976],[-34.85062799999997,-7.14747529999994],[-34.85073459999995,-7.146513899999945],[-34.85042999999996,-7.146399599999938],[-34.848270999999954,-7.14663459999997],[-34.84442229999996,-7.148000199999956],[-34.845081499999935,-7.149861999999928],[-34.84626489999994,-7.150311199999976],[-34.84603679999998,-7.150882499999966],[-34.845420399999966,-7.151608799999963],[-34.84512029999996,-7.152901099999951],[-34.84670699999998,-7.153176099999939],[-34.84717669999998,-7.15296989999996],[-34.84691799999996,-7.152367999999967]]]}},{"type":"Feature","properties":{"cod":"2507507009","nome":"Ipês","municipio_cod":"2507507","municipio":"João Pessoa"},"geometry":{"type":"Polygon","coordinates":[[[-34.85300289999998,-7.105557699999963],[-34.855598199999974,-7.1054145999999605],[-34.855480599999964,-7.105811199999948],[-34.85680699999995,-7.106182699999977],[-34.85669889999997,-7.106694799999957],[-34.85804399999995,-7.106892999999957],[-34.859587999999974,-7.1006609999999455],[-34.860131999999965,-7.100541999999962],[-34.86041899999998,-7.100640799999951],[-34.860463299999935,-7.100532099999953],[-34.86085309999993,-7.098407899999927],[-34.85842489999993,-7.097250299999928],[-34.857714199999975,-7.096541899999977],[-34.85750769999993,-7.096610799999951],[-34.85708079999995,-7.095857699999954],[-34.85671169999995,-7.095829799999933],[-34.85668599999997,-7.095439299999953],[-34.85723799999994,-7.09537169999993],[-34.85710729999994,-7.095122299999957],[-34.85588069999994,-7.09507659999997],[-34.85545559999997,-7.095209999999952],[-34.854931299999976,-7.095900499999971],[-34.85486179999998,-7.096255199999973],[-34.85458879999993,-7.096418299999925],[-34.85293859999996,-7.096900699999935],[-34.851823399999944,-7.096834299999955],[-34.85129039999998,-7.097899499999926],[-34.850947099999985,-7.098224899999934],[-34.85002469999995,-7.098198199999956],[-34.84973409999998,-7.098920899999939],[-34.84884569999997,-7.09993929999996],[-34.84768539999993,-7.099675599999955],[-34.84755379999996,-7.101505499999973],[-34.84728779999995,-7.102233099999978],[-34.844530599999985,-7.105241799999931],[-34.84399089999994,-7.10617469999994],[-34.84294599999998,-7.110334099999932],[-34.85123429999993,-7.110466599999938],[-34.85122139999993,-7.109913099999972],[-34.852022699999964,-7.109922999999981],[-34.85300289999998,-7.105557699999963]]]}},{"type":"Feature","properties":{"cod":"2507507046","nome":"Planalto da Boa Esperança","municipio_cod":"2507507","municipio":"João Pessoa"},"geometry":{"type":"Polygon","coordinates":[[[-34.85526379999993,-7.206285699999967],[-34.86246079999995,-7.201349799999946],[-34.863421399999936,-7.200937199999942],[-34.86368799999997,-7.200621999999953],[-34.86362269999995,-7.1982333999999355],[-34.86270459999997,-7.198157299999934],[-34.864756099999965,-7.1962486999999555],[-34.86757529999994,-7.194749799999954],[-34.86887399999995,-7.1929929999999445],[-34.87096559999998,-7.19126799999998],[-34.87076079999997,-7.19052279999994],[-34.86966229999996,-7.190746499999932],[-34.86873439999994,-7.190562599999964],[-34.86840079999996,-7.190233999999975],[-34.867994299999964,-7.1901198999999565],[-34.865442299999984,-7.190188199999966],[-34.86306309999998,-7.189966399999946],[-34.857401799999934,-7.1885429999999815],[-34.856010599999934,-7.1887799999999515],[-34.85516999999993,-7.18866369999995],[-34.85510019999998,-7.189696999999967],[-34.85549619999995,-7.190658199999973],[-34.85604809999995,-7.19132019999995],[-34.856230299999936,-7.192014099999938],[-34.85587339999995,-7.19274299999995],[-34.854091299999936,-7.193111099999953],[-34.853846499999975,-7.193466999999941],[-34.853863299999944,-7.206912699999975],[-34.85526379999993,-7.206285699999967]]]}},{"type":"Feature","properties":{"cod":"2507507023","nome":"Ernani Sátiro","municipio_cod":"2507507","municipio":"João Pessoa"},"geometry":{"type":"Polygon","coordinates":[[[-34.89459729999993,-7.175792899999976],[-34.896661999999935,-7.167514499999982],[-34.89657579999994,-7.1656317999999715],[-34.89551319999998,-7.165533099999948],[-34.89307279999997,-7.164926399999956],[-34.892242299999964,-7.1648768999999675],[-34.89100639999998,-7.165075799999954],[-34.88822539999995,-7.166233099999943],[-34.883429099999944,-7.1685988999999495],[-34.89335999999997,-7.179628599999944],[-34.89371609999995,-7.178958199999954],[-34.89427949999998,-7.17963409999993],[-34.894672999999955,-7.179438699999935],[-34.89450689999995,-7.179059099999961],[-34.894092899999976,-7.17907299999996],[-34.89381649999996,-7.178217199999949],[-34.89406079999998,-7.177402899999947],[-34.894911899999954,-7.177176399999951],[-34.89459729999993,-7.175792899999976]]]}},{"type":"Feature","properties":{"cod":"2507507054","nome":"Treze de Maio","municipio_cod":"2507507","municipio":"João Pessoa"},"geometry":{"type":"Polygon","coordinates":[[[-34.860068199999944,-7.112506799999949],[-34.861107699999934,-7.113461499999971],[-34.86245709999997,-7.114287999999931],[-34.86443079999998,-7.11694609999995],[-34.86544479999998,-7.11748579999994],[-34.86565589999998,-7.116890299999966],[-34.866096099999936,-7.116494099999954],[-34.86717259999995,-7.116227799999933],[-34.86755189999997,-7.1153388999999265],[-34.86803899999995,-7.114679899999942],[-34.86889899999994,-7.113895999999954],[-34.86921739999997,-7.113265799999965],[-34.869672399999956,-7.113044899999977],[-34.87013509999997,-7.111685699999953],[-34.87030079999994,-7.110637399999973],[-34.87057149999998,-7.110218399999951],[-34.87012549999997,-7.108983199999955],[-34.869393299999956,-7.108052699999973],[-34.867218099999945,-7.106171599999925],[-34.86400749999996,-7.1091610999999375],[-34.86370899999997,-7.108854899999926],[-34.86281759999997,-7.109437999999955],[-34.860068199999944,-7.112506799999949]]]}},{"type":"Feature","properties":{"cod":"2507507058","nome":"Valentina","municipio_cod":"2507507","municipio":"João Pessoa"},"geometry":{"type":"Polygon","coordinates":[[[-34.84193789999995,-7.208676499999967],[-34.84860039999995,-7.20741309999994],[-34.85321609999994,-7.206924199999946],[-34.85386769999997,-7.206483599999956],[-34.853846499999975,-7.193466999999941],[-34.854091299999936,-7.193111099999953],[-34.85587339999995,-7.19274299999995],[-34.856230299999936,-7.192014099999938],[-34.85604809999995,-7.19132019999995],[-34.85549619999995,-7.190658199999973],[-34.85510019999998,-7.189696999999967],[-34.85516999999993,-7.18866369999995],[-34.85381499999994,-7.187645599999939],[-34.851377499999955,-7.187337299999967],[-34.85040989999993,-7.187469199999953],[-34.85020939999998,-7.187364699999932],[-34.85013609999993,-7.187708099999952],[-34.84945979999998,-7.188089899999966],[-34.84937009999993,-7.188570099999936],[-34.84894459999998,-7.1888578999999595],[-34.84823899999998,-7.189826299999936],[-34.84683339999998,-7.190487999999959],[-34.84551099999993,-7.19036049999994],[-34.84459479999998,-7.1911022999999545],[-34.843140999999946,-7.191542899999945],[-34.842897499999935,-7.19181999999995],[-34.842084899999975,-7.19220219999994],[-34.83961819999996,-7.193180999999981],[-34.84026749999998,-7.196906999999953],[-34.83883139999995,-7.197020099999975],[-34.83797069999997,-7.198389099999929],[-34.83807699999994,-7.199544899999978],[-34.83778179999996,-7.199594299999944],[-34.83759919999994,-7.201670899999954],[-34.84033929999998,-7.203156699999965],[-34.84081379999998,-7.203647299999943],[-34.841408899999976,-7.2035814999999275],[-34.84193789999995,-7.208676499999967]]]}},{"type":"Feature","properties":{"cod":"2507507044","nome":"Penha","municipio_cod":"2507507","municipio":"João Pessoa"},"geometry":{"type":"Polygon","coordinates":[[[-34.795464299999935,-7.165014799999938],[-34.79570219999994,-7.168202699999938],[-34.797206899999935,-7.168108199999949],[-34.79812949999996,-7.168492599999979],[-34.79868469999997,-7.168535299999974],[-34.80020749999994,-7.16759129999997],[-34.799940499999934,-7.166732899999943],[-34.80008449999997,-7.166037899999935],[-34.800613399999975,-7.165104199999973],[-34.800515099999984,-7.1612080999999534],[-34.798029499999984,-7.161300899999958],[-34.797608999999966,-7.161058199999957],[-34.79683479999994,-7.159575199999949],[-34.79716579999996,-7.161510499999963],[-34.797323999999946,-7.164533199999937],[-34.79705169999994,-7.164628099999959],[-34.796880199999976,-7.162575799999956],[-34.79665819999997,-7.1623751999999286],[-34.79574469999994,-7.162426699999969],[-34.795680199999936,-7.163146499999925],[-34.795177699999954,-7.163530499999979],[-34.795464299999935,-7.165014799999938]]]}},{"type":"Feature","properties":{"cod":"2507507034","nome":"Jardim Oceania","municipio_cod":"2507507","municipio":"João Pessoa"},"geometry":{"type":"Polygon","coordinates":[[[-34.82984879999998,-7.0792509999999425],[-34.832524699999965,-7.086613299999954],[-34.83322879999997,-7.091391599999952],[-34.83322469999996,-7.0939524999999435],[-34.83273609999998,-7.097134399999959],[-34.83817479999993,-7.09746819999998],[-34.83837109999996,-7.095168599999965],[-34.83746409999998,-7.094513399999926],[-34.83819599999998,-7.093565999999953],[-34.83795759999998,-7.092181699999969],[-34.838427999999965,-7.08857919999997],[-34.83945389999997,-7.087587199999973],[-34.83987229999997,-7.0846676999999545],[-34.83992429999995,-7.082909699999959],[-34.83936019999993,-7.081593599999962],[-34.839486799999975,-7.080368999999962],[-34.83934429999994,-7.079564399999981],[-34.83942959999996,-7.078334999999981],[-34.839847599999985,-7.078038599999957],[-34.84130849999997,-7.0759883999999715],[-34.84170809999995,-7.074783099999934],[-34.83551479999994,-7.071985499999926],[-34.83360229999994,-7.070940099999973],[-34.83059509999998,-7.072890599999937],[-34.829857499999946,-7.074025499999948],[-34.82956829999995,-7.075333799999953],[-34.829966199999944,-7.0775193999999715],[-34.82984879999998,-7.0792509999999425]]]}},{"type":"Feature","properties":{"cod":"2507507037","nome":"Manaíra","municipio_cod":"2507507","municipio":"João Pessoa"},"geometry":{"type":"Polygon","coordinates":[[[-34.83639589999996,-7.111104199999943],[-34.838666399999966,-7.109031199999947],[-34.84226049999995,-7.104887899999937],[-34.84367039999995,-7.102580299999943],[-34.84488099999993,-7.099789899999962],[-34.845523999999955,-7.099360199999978],[-34.84555039999998,-7.097953799999971],[-34.83273609999998,-7.097134399999959],[-34.83227339999996,-7.099094899999955],[-34.83150509999996,-7.101017299999967],[-34.82974839999997,-7.103618499999925],[-34.82657699999993,-7.1072072999999705],[-34.82330539999998,-7.109762199999977],[-34.83238129999995,-7.114265599999953],[-34.83268349999997,-7.113517799999954],[-34.83296669999993,-7.113254599999948],[-34.83639589999996,-7.111104199999943]]]}},{"type":"Feature","properties":{"cod":"2507507039","nome":"Mangabeira","municipio_cod":"2507507","municipio":"João Pessoa"},"geometry":{"type":"Polygon","coordinates":[[[-34.837982299999965,-7.19336329999993],[-34.83983509999996,-7.193122399999936],[-34.842897499999935,-7.19181999999995],[-34.843140999999946,-7.191542899999945],[-34.84459479999998,-7.1911022999999545],[-34.84551099999993,-7.19036049999994],[-34.84683339999998,-7.190487999999959],[-34.84823899999998,-7.189826299999936],[-34.84894459999998,-7.1888578999999595],[-34.84937009999993,-7.188570099999936],[-34.84945979999998,-7.188089899999966],[-34.85019609999995,-7.187592799999948],[-34.850023799999974,-7.187107199999957],[-34.85019769999997,-7.186867699999937],[-34.85039409999996,-7.184655299999974],[-34.85072189999994,-7.183911599999931],[-34.850682699999936,-7.182774499999937],[-34.85038709999998,-7.1824576999999294],[-34.85081889999998,-7.181701699999962],[-34.85083409999993,-7.181371699999943],[-34.85054869999993,-7.18091979999997],[-34.85030029999996,-7.180838299999948],[-34.84940309999996,-7.179843799999958],[-34.849035999999955,-7.179020499999979],[-34.84886319999998,-7.177958599999954],[-34.84860409999993,-7.177957999999933],[-34.84830789999995,-7.1774321999999415],[-34.84811549999995,-7.176905099999942],[-34.84819399999998,-7.176452099999949],[-34.847730199999944,-7.17568579999994],[-34.847658499999966,-7.175137999999947],[-34.84715669999997,-7.174743099999944],[-34.84712889999997,-7.174452699999961],[-34.84746579999995,-7.173931699999969],[-34.84770109999994,-7.172800699999925],[-34.84736579999998,-7.171656499999926],[-34.84680909999997,-7.171015399999931],[-34.84660109999993,-7.169884399999944],[-34.846290599999975,-7.169645099999968],[-34.84525089999994,-7.16691869999994],[-34.84517539999996,-7.166259099999934],[-34.84554669999994,-7.165362899999934],[-34.84542799999997,-7.1626794999999674],[-34.84394089999995,-7.162137399999949],[-34.84213429999994,-7.161734599999932],[-34.83837189999997,-7.161634799999945],[-34.838413499999945,-7.159520699999973],[-34.834837799999946,-7.1595916999999645],[-34.82781549999993,-7.161775599999942],[-34.82722629999995,-7.161597399999948],[-34.82591549999995,-7.160327299999949],[-34.82522299999994,-7.160216999999932],[-34.816907199999946,-7.160393299999953],[-34.81428409999995,-7.160304099999962],[-34.81318379999993,-7.160488599999951],[-34.812734499999976,-7.161314599999969],[-34.812301299999945,-7.16170139999997],[-34.81086589999995,-7.162505299999964],[-34.81149689999995,-7.163028299999951],[-34.81235929999997,-7.163423299999977],[-34.81371339999998,-7.165847799999938],[-34.81597229999994,-7.1678962999999385],[-34.81510509999998,-7.170787999999959],[-34.81570019999998,-7.171358699999928],[-34.81636839999993,-7.172754299999951],[-34.81612529999995,-7.173973299999943],[-34.819527999999934,-7.173766999999941],[-34.81954799999994,-7.175686999999925],[-34.81838439999996,-7.175741999999957],[-34.81839929999995,-7.176764799999944],[-34.81951319999996,-7.176684499999965],[-34.81965629999996,-7.177585399999941],[-34.82102589999994,-7.1775133999999525],[-34.81975569999997,-7.17856299999994],[-34.82165569999995,-7.180594499999927],[-34.82264159999994,-7.18221699999998],[-34.82277309999995,-7.18277269999993],[-34.822567499999934,-7.183885799999928],[-34.82270119999998,-7.1852049999999394],[-34.82342029999995,-7.186593699999946],[-34.823509899999976,-7.187404999999956],[-34.82477739999996,-7.188490599999966],[-34.828330499999936,-7.190643399999942],[-34.82953669999995,-7.192410999999936],[-34.83043779999997,-7.1943182999999635],[-34.83313849999996,-7.192744399999981],[-34.83400889999996,-7.192435699999976],[-34.83456049999995,-7.1926098999999795],[-34.83481399999994,-7.1924209999999675],[-34.83674389999993,-7.192357499999957],[-34.83722979999993,-7.192614599999956],[-34.83752679999998,-7.193543499999976],[-34.837982299999965,-7.19336329999993]]]}},{"type":"Feature","properties":{"cod":"2507507025","nome":"Expedicionários","municipio_cod":"2507507","municipio":"João Pessoa"},"geometry":{"type":"Polygon","coordinates":[[[-34.85140739999997,-7.119698699999958],[-34.851368399999956,-7.127092699999935],[-34.852548999999954,-7.127423799999974],[-34.854345999999964,-7.129271499999959],[-34.85471819999998,-7.129514799999981],[-34.85523219999993,-7.129287199999965],[-34.85532949999998,-7.11973009999997],[-34.85140739999997,-7.119698699999958]]]}},{"type":"Feature","properties":{"cod":"2507507022","nome":"Distrito Industrial","municipio_cod":"2507507","municipio":"João Pessoa"},"geometry":{"type":"Polygon","coordinates":[[[-34.899408999999935,-7.183540899999969],[-34.89737949999994,-7.184237499999938],[-34.900828899999965,-7.188354599999968],[-34.90082899999993,-7.189006999999947],[-34.901403899999934,-7.189692299999933],[-34.89983619999998,-7.190070399999968],[-34.90099289999995,-7.193287999999939],[-34.90078779999993,-7.193379099999959],[-34.90201989999997,-7.197299199999975],[-34.903376599999945,-7.199779099999944],[-34.90360329999993,-7.199872399999947],[-34.90528469999998,-7.204826799999978],[-34.90825149999995,-7.204116799999952],[-34.908550299999945,-7.205091599999946],[-34.91217489999997,-7.203809999999976],[-34.91430049999997,-7.204385899999977],[-34.91659099999998,-7.204299299999946],[-34.91774869999995,-7.203659899999934],[-34.919820699999946,-7.200792599999943],[-34.92007249999995,-7.1999428999999395],[-34.91959799999995,-7.199285399999951],[-34.918060999999966,-7.198534399999971],[-34.91428149999996,-7.197977399999957],[-34.91519529999994,-7.195279899999946],[-34.91842749999995,-7.187310199999956],[-34.91770139999994,-7.184994599999925],[-34.91688019999998,-7.182386199999939],[-34.91591729999993,-7.182691699999964],[-34.91477169999996,-7.178968599999962],[-34.91516479999996,-7.178926299999944],[-34.914358799999945,-7.178277899999955],[-34.91293799999994,-7.176505299999974],[-34.911003999999934,-7.174964999999929],[-34.91043369999994,-7.173548399999959],[-34.90980979999995,-7.172586499999966],[-34.90839459999995,-7.170442099999946],[-34.90694589999998,-7.1690463999999565],[-34.906634699999984,-7.168316599999969],[-34.90613629999996,-7.168284299999925],[-34.90466089999995,-7.167730399999925],[-34.904308999999955,-7.1678761999999665],[-34.90399949999994,-7.16756399999997],[-34.90292189999997,-7.167622899999969],[-34.897007299999984,-7.169370799999967],[-34.900550099999975,-7.18067439999993],[-34.89868599999994,-7.181252499999971],[-34.899408999999935,-7.183540899999969]]]}},{"type":"Feature","properties":{"cod":"2507507014","nome":"Castelo Branco","municipio_cod":"2507507","municipio":"João Pessoa"},"geometry":{"type":"Polygon","coordinates":[[[-34.84509859999997,-7.126432399999942],[-34.84006309999995,-7.126478199999951],[-34.83353989999995,-7.126888999999949],[-34.833664099999964,-7.127892499999973],[-34.83399949999995,-7.128566199999966],[-34.83567469999997,-7.133891199999937],[-34.83578319999998,-7.136059499999931],[-34.835618599999975,-7.138158899999951],[-34.83653099999998,-7.140043399999968],[-34.83657989999995,-7.141071499999953],[-34.83745989999994,-7.142565699999977],[-34.83765129999995,-7.143524899999932],[-34.84155959999998,-7.142281099999934],[-34.84308239999996,-7.142006799999933],[-34.84376279999998,-7.142119599999944],[-34.844417299999975,-7.142359099999965],[-34.84615499999995,-7.142594299999928],[-34.84760479999994,-7.143221899999958],[-34.84970389999995,-7.145174299999951],[-34.84977689999994,-7.145680199999958],[-34.850842899999975,-7.146048499999949],[-34.85217659999995,-7.139980399999956],[-34.85254299999997,-7.138928999999962],[-34.85282569999998,-7.138701999999967],[-34.85417229999996,-7.138260999999943],[-34.85470539999994,-7.137531199999955],[-34.85471439999998,-7.137251299999946],[-34.858311399999934,-7.135351499999956],[-34.85785779999998,-7.135244799999953],[-34.85626909999996,-7.13382299999995],[-34.856128199999944,-7.133533299999954],[-34.85545199999996,-7.13313299999993],[-34.853247599999975,-7.130708099999936],[-34.852659899999935,-7.129775099999961],[-34.85159539999995,-7.128840399999945],[-34.85057879999994,-7.128622899999925],[-34.849780099999975,-7.127917699999955],[-34.84754309999994,-7.127252799999951],[-34.84671139999995,-7.126579099999958],[-34.84509859999997,-7.126432399999942]]]}},{"type":"Feature","properties":{"cod":"2507507053","nome":"Tambauzinho","municipio_cod":"2507507","municipio":"João Pessoa"},"geometry":{"type":"Polygon","coordinates":[[[-34.841084999999964,-7.119606199999964],[-34.84106929999996,-7.125598149999973],[-34.83997839999995,-7.125775099999942],[-34.84006309999995,-7.126478199999951],[-34.84455759999997,-7.126361299999928],[-34.84671139999995,-7.126579099999958],[-34.84754309999994,-7.127252799999951],[-34.849780099999975,-7.127917699999955],[-34.85057879999994,-7.128622899999925],[-34.85159539999995,-7.128840399999945],[-34.852659899999935,-7.129775099999961],[-34.853534399999944,-7.131019499999979],[-34.855296899999985,-7.129776099999958],[-34.854345999999964,-7.129271499999959],[-34.852548999999954,-7.127423799999974],[-34.851368399999956,-7.127092699999935],[-34.85140739999997,-7.119698699999958],[-34.841084999999964,-7.119606199999964]]]}},{"type":"Feature","properties":{"cod":"2507507047","nome":"Ponta do Seixas","municipio_cod":"2507507","municipio":"João Pessoa"},"geometry":{"type":"Polygon","coordinates":[[[-34.795177699999954,-7.163530499999979],[-34.795680199999936,-7.163146499999925],[-34.79574469999994,-7.162426699999969],[-34.79665819999997,-7.1623751999999286],[-34.79693899999995,-7.162872999999934],[-34.79705169999994,-7.164628099999959],[-34.797323999999946,-7.164533199999937],[-34.79716579999996,-7.161510499999963],[-34.79683479999994,-7.159575199999949],[-34.797608999999966,-7.161058199999957],[-34.798029499999984,-7.161300899999958],[-34.800515099999984,-7.1612080999999534],[-34.800599999999974,-7.160402099999942],[-34.80050239999997,-7.158267599999931],[-34.80018899999993,-7.157504299999971],[-34.79947889999994,-7.156864699999971],[-34.79751649999997,-7.156169899999952],[-34.79590539999998,-7.153537099999937],[-34.79581269999994,-7.152558099999965],[-34.79596619999995,-7.1520940999999425],[-34.79735989999995,-7.15007079999998],[-34.79712559999996,-7.149932499999977],[-34.79714979999994,-7.149734699999954],[-34.79654409999995,-7.14941639999995],[-34.79604999999998,-7.148449299999982],[-34.79433349999994,-7.1524815999999305],[-34.79316129999995,-7.1545604999999455],[-34.79308659999998,-7.15508449999993],[-34.793794599999956,-7.158213899999964],[-34.79501239999996,-7.162097499999959],[-34.795177699999954,-7.163530499999979]]]}},{"type":"Feature","properties":{"cod":"2507507002","nome":"Aeroclube","municipio_cod":"2507507","municipio":"João Pessoa"},"geometry":{"type":"Polygon","coordinates":[[[-34.84737469999993,-7.084342799999945],[-34.84726969999997,-7.082161299999939],[-34.84674689999997,-7.07940439999993],[-34.84693169999997,-7.07692359999993],[-34.846327299999984,-7.0769085999999675],[-34.84170809999995,-7.074783099999934],[-34.84130849999997,-7.0759883999999715],[-34.839847599999985,-7.078038599999957],[-34.83942959999996,-7.078334999999981],[-34.83934429999994,-7.079564399999981],[-34.839486799999975,-7.080368999999962],[-34.83936019999993,-7.081593599999962],[-34.83992429999995,-7.082909699999959],[-34.83987229999997,-7.0846676999999545],[-34.83945389999997,-7.087587199999973],[-34.838427999999965,-7.08857919999997],[-34.83795759999998,-7.092181699999969],[-34.83819599999998,-7.093565999999953],[-34.83746409999998,-7.094513399999926],[-34.83837109999996,-7.095168599999965],[-34.83817479999993,-7.09746819999998],[-34.84555039999998,-7.097953799999971],[-34.846923499999946,-7.093208899999979],[-34.846873899999935,-7.092287399999975],[-34.847247799999934,-7.089370299999928],[-34.84737469999993,-7.084342799999945]]]}},{"type":"Feature","properties":{"cod":"2507507006","nome":"Anatólia","municipio_cod":"2507507","municipio":"João Pessoa"},"geometry":{"type":"Polygon","coordinates":[[[-34.84289039999993,-7.148489799999936],[-34.83973499999996,-7.1510756999999785],[-34.845349099999964,-7.152061899999978],[-34.845420399999966,-7.151608799999963],[-34.84603679999998,-7.150882499999966],[-34.84626489999994,-7.150311199999976],[-34.845081499999935,-7.149861999999928],[-34.84442229999996,-7.148000199999956],[-34.84289039999993,-7.148489799999936]]]}},{"type":"Feature","properties":{"cod":"2507507005","nome":"Alto do Mateus","municipio_cod":"2507507","municipio":"João Pessoa"},"geometry":{"type":"Polygon","coordinates":[[[-34.90532019999995,-7.136708399999975],[-34.90581389999994,-7.142853499999944],[-34.90598019999993,-7.143314299999929],[-34.90766069999995,-7.146044599999925],[-34.90855299999998,-7.146966299999974],[-34.91053349999993,-7.14970169999998],[-34.910870099999954,-7.149355499999956],[-34.91109519999998,-7.148721999999964],[-34.91168699999997,-7.1478466999999455],[-34.91331249999996,-7.147179799999947],[-34.91313739999998,-7.146629699999949],[-34.91358759999997,-7.146162899999979],[-34.91497969999995,-7.145237599999973],[-34.91544649999997,-7.144370699999968],[-34.915796599999965,-7.144037199999957],[-34.91607159999995,-7.143053599999973],[-34.91662179999997,-7.141986599999939],[-34.91655509999998,-7.141619799999944],[-34.91687189999993,-7.141253099999972],[-34.91693859999998,-7.140869599999974],[-34.917246999999975,-7.1406694999999445],[-34.91716359999998,-7.140202699999975],[-34.91783049999998,-7.139235799999938],[-34.917988899999955,-7.138743999999974],[-34.91785549999997,-7.138135499999976],[-34.91822229999997,-7.137401899999929],[-34.91852239999997,-7.137310199999945],[-34.918595799999935,-7.136964299999931],[-34.91810639999994,-7.135713499999952],[-34.91931529999994,-7.135119599999939],[-34.91933649999993,-7.134822699999972],[-34.918848699999955,-7.134610599999974],[-34.91842449999996,-7.133571299999971],[-34.91761859999997,-7.13338049999993],[-34.91787309999995,-7.132489699999951],[-34.917363999999964,-7.131895799999938],[-34.915624899999955,-7.130495999999937],[-34.914683999999966,-7.130197899999928],[-34.91339789999995,-7.129456799999957],[-34.91212539999998,-7.127823699999965],[-34.91112849999996,-7.127675199999942],[-34.90933699999994,-7.12830839999998],[-34.90816169999994,-7.128229999999974],[-34.90761319999996,-7.127720699999941],[-34.907195799999954,-7.128394699999944],[-34.90632619999997,-7.128939299999956],[-34.90593929999994,-7.1294657999999345],[-34.90580849999998,-7.130251999999928],[-34.906091999999944,-7.132962099999929],[-34.90564749999993,-7.133940199999927],[-34.90561409999998,-7.134716499999968],[-34.906156299999964,-7.135225599999956],[-34.90625849999998,-7.135590499999978],[-34.90592429999998,-7.136687599999959],[-34.90532019999995,-7.136708399999975]]]}},{"type":"Feature","properties":{"cod":"2507507013","nome":"Cabo Branco","municipio_cod":"2507507","municipio":"João Pessoa"},"geometry":{"type":"Polygon","coordinates":[[[-34.82816909999997,-7.125684099999944],[-34.82833519999997,-7.1249623999999585],[-34.830029199999956,-7.1245768999999655],[-34.829523999999935,-7.123365299999932],[-34.829753299999936,-7.1222640999999385],[-34.830823899999984,-7.119481199999939],[-34.82262919999994,-7.119293499999969],[-34.82290429999995,-7.121418299999959],[-34.82285179999997,-7.123918099999969],[-34.822487199999955,-7.1261484999999425],[-34.82148449999994,-7.129785799999979],[-34.81967759999998,-7.134219499999972],[-34.818709499999954,-7.136167799999953],[-34.81630339999998,-7.139584899999932],[-34.813611299999934,-7.142377599999975],[-34.811573299999964,-7.14425609999995],[-34.810451899999975,-7.1450004999999805],[-34.80923789999997,-7.145549399999936],[-34.80806549999994,-7.145809999999926],[-34.80668919999994,-7.145398799999953],[-34.80372239999997,-7.145404199999973],[-34.80172299999998,-7.1458714999999415],[-34.79815179999997,-7.146193699999969],[-34.79744349999993,-7.146533599999941],[-34.79663399999998,-7.14725379999993],[-34.79604999999998,-7.148449299999982],[-34.79638609999995,-7.149215599999934],[-34.79714979999994,-7.149734699999954],[-34.79712559999996,-7.149932499999977],[-34.79735989999995,-7.15007079999998],[-34.79797999999994,-7.149900699999932],[-34.798749999999984,-7.15003779999995],[-34.79901759999996,-7.146994199999938],[-34.79928069999994,-7.146698699999945],[-34.80135699999994,-7.14640849999995],[-34.80314949999996,-7.146610499999952],[-34.80501849999996,-7.146593899999971],[-34.804957499999944,-7.147942099999966],[-34.80645089999996,-7.1480026999999495],[-34.80653079999996,-7.146576299999936],[-34.80782499999998,-7.146561199999951],[-34.80951429999993,-7.146901499999956],[-34.81131919999996,-7.14673229999994],[-34.812062399999945,-7.146457799999951],[-34.814549899999975,-7.14472509999996],[-34.81572139999997,-7.144127499999968],[-34.817494599999975,-7.141734299999939],[-34.82051859999996,-7.138481299999967],[-34.82310019999994,-7.134474499999953],[-34.82653439999996,-7.128474899999958],[-34.82692579999997,-7.128296399999954],[-34.82821519999993,-7.128734599999973],[-34.82868629999996,-7.12827029999994],[-34.82896619999997,-7.127615599999956],[-34.82853849999998,-7.126962299999946],[-34.82816909999997,-7.125684099999944]]]}},{"type":"Feature","properties":{"cod":"2507507031","nome":"João Agripino","municipio_cod":"2507507","municipio":"João Pessoa"},"geometry":{"type":"Polygon","coordinates":[[[-34.84273399999995,-7.1112432999999555],[-34.84399089999994,-7.10617469999994],[-34.844530599999985,-7.105241799999931],[-34.84728779999995,-7.102233099999978],[-34.84755379999996,-7.101505499999973],[-34.847668099999964,-7.100179299999979],[-34.84727609999993,-7.100261699999976],[-34.84713059999996,-7.100519899999938],[-34.84694859999996,-7.100489799999934],[-34.84667579999996,-7.100871599999948],[-34.84653019999996,-7.100847299999941],[-34.84644959999997,-7.101304299999981],[-34.84452419999997,-7.104306299999962],[-34.84263089999996,-7.106603599999971],[-34.83971219999995,-7.10975389999993],[-34.84130749999997,-7.111514599999964],[-34.84184609999994,-7.111858199999972],[-34.842037699999935,-7.111135999999931],[-34.84273399999995,-7.1112432999999555]]]}},{"type":"Feature","properties":{"cod":"2507507032","nome":"José Américo","municipio_cod":"2507507","municipio":"João Pessoa"},"geometry":{"type":"Polygon","coordinates":[[[-34.852709999999945,-7.185572599999944],[-34.85413139999997,-7.184542699999952],[-34.855597899999964,-7.182554899999957],[-34.85606629999995,-7.180979699999966],[-34.856690399999934,-7.180045399999926],[-34.85748559999996,-7.179782499999931],[-34.86108419999994,-7.1752400999999395],[-34.86123189999995,-7.175252499999942],[-34.86182829999996,-7.1745034999999575],[-34.861671799999954,-7.1739142999999785],[-34.86312589999994,-7.172586699999954],[-34.860775399999966,-7.169657099999938],[-34.856560499999944,-7.162737899999968],[-34.85411799999997,-7.164346599999931],[-34.851779499999964,-7.165377699999965],[-34.852196499999934,-7.165731599999958],[-34.85287009999996,-7.166738199999941],[-34.85252069999996,-7.16657239999995],[-34.851022899999975,-7.166657999999927],[-34.850761199999965,-7.166801199999952],[-34.849909699999955,-7.16830159999995],[-34.85002229999998,-7.168710499999975],[-34.84851239999995,-7.168316599999969],[-34.84621099999998,-7.16939519999994],[-34.84660109999993,-7.169884399999944],[-34.84680909999997,-7.171015399999931],[-34.84736579999998,-7.171656499999926],[-34.84770109999994,-7.172800699999925],[-34.84746579999995,-7.173931699999969],[-34.84712889999997,-7.174452699999961],[-34.84715669999997,-7.174743099999944],[-34.847658499999966,-7.175137999999947],[-34.847730199999944,-7.17568579999994],[-34.84819399999998,-7.176452099999949],[-34.84811549999995,-7.176905099999942],[-34.84830789999995,-7.1774321999999415],[-34.84860409999993,-7.177957999999933],[-34.84886319999998,-7.177958599999954],[-34.849035999999955,-7.179020499999979],[-34.84940309999996,-7.179843799999958],[-34.85030029999996,-7.180838299999948],[-34.85054869999993,-7.18091979999997],[-34.85083409999993,-7.181371699999943],[-34.85081889999998,-7.181701699999962],[-34.85038709999998,-7.1824576999999294],[-34.850682699999936,-7.182774499999937],[-34.85072189999994,-7.183911599999931],[-34.85039409999996,-7.184655299999974],[-34.85021699999993,-7.186530699999935],[-34.852709999999945,-7.185572599999944]]]}},{"type":"Feature","properties":{"cod":"2507507043","nome":"Paratibe","municipio_cod":"2507507","municipio":"João Pessoa"},"geometry":{"type":"Polygon","coordinates":[[[-34.83092399999998,-7.213743499999964],[-34.84193349999998,-7.209122499999978],[-34.841408899999976,-7.2035814999999275],[-34.84081379999998,-7.203647299999943],[-34.84033929999998,-7.203156699999965],[-34.83759919999994,-7.201670899999954],[-34.83778179999996,-7.199594299999944],[-34.83807699999994,-7.199544899999978],[-34.83797069999997,-7.198389099999929],[-34.83883139999995,-7.197020099999975],[-34.84026749999998,-7.196906999999953],[-34.83961819999996,-7.193180999999981],[-34.83752679999998,-7.193543499999976],[-34.83722979999993,-7.192614599999956],[-34.83684789999995,-7.192385899999977],[-34.83566509999997,-7.1923311999999555],[-34.83481399999994,-7.1924209999999675],[-34.83456049999995,-7.1926098999999795],[-34.83400889999996,-7.192435699999976],[-34.83313849999996,-7.192744399999981],[-34.829679899999974,-7.194746799999962],[-34.828375499999936,-7.1961780999999405],[-34.82592429999994,-7.198398699999927],[-34.81785729999996,-7.2026974999999425],[-34.81233119999996,-7.20342549999998],[-34.80942129999994,-7.203640099999973],[-34.81003109999995,-7.204330399999947],[-34.81017529999997,-7.2042831999999635],[-34.81040159999998,-7.203672099999949],[-34.81083499999994,-7.203684399999929],[-34.811068399999954,-7.203858099999934],[-34.811161899999945,-7.204837199999929],[-34.811962999999935,-7.206447599999933],[-34.81237369999997,-7.205813999999975],[-34.812653799999964,-7.205995099999939],[-34.81356829999993,-7.20534159999994],[-34.81404969999994,-7.205943199999979],[-34.81448769999997,-7.206087199999956],[-34.81501939999998,-7.206679999999949],[-34.815340499999934,-7.207950399999959],[-34.816515799999934,-7.20882899999998],[-34.81651629999993,-7.209361299999955],[-34.818116799999984,-7.209402399999931],[-34.81910739999995,-7.210248799999931],[-34.82122879999997,-7.210952099999929],[-34.82114759999996,-7.211480799999947],[-34.822087599999975,-7.212570099999937],[-34.82322729999993,-7.212978999999962],[-34.82328899999993,-7.213171299999942],[-34.82392209999995,-7.213219099999947],[-34.824616299999946,-7.21379769999993],[-34.82502159999996,-7.214801799999975],[-34.82485889999998,-7.215010799999959],[-34.82507099999998,-7.2154694999999265],[-34.82540299999994,-7.215584099999944],[-34.825581399999976,-7.216323599999953],[-34.83092399999998,-7.213743499999964]]]}},{"type":"Feature","properties":{"cod":"2507507026","nome":"Funcionários","municipio_cod":"2507507","municipio":"João Pessoa"},"geometry":{"type":"Polygon","coordinates":[[[-34.88634829999995,-7.18595769999996],[-34.88511089999997,-7.186108999999931],[-34.88513729999994,-7.187132199999951],[-34.885896299999956,-7.190865299999928],[-34.89057689999993,-7.190126299999974],[-34.89335999999997,-7.179628599999944],[-34.88960409999993,-7.1753885999999625],[-34.88944539999994,-7.175415199999975],[-34.88914479999994,-7.175067099999978],[-34.88877259999998,-7.175347199999976],[-34.87980579999993,-7.1775036999999315],[-34.879276999999945,-7.185488999999961],[-34.88147279999998,-7.184714499999927],[-34.883321999999964,-7.18479119999995],[-34.886151799999936,-7.184597999999937],[-34.88634829999995,-7.18595769999996]]]}}]}