{"type":"FeatureCollection","features":[{"type":"Feature","properties":{"ref":"BR-101","jurisdicao":"federal","tipo":"trunk","km":258.7},"geometry":{"type":"MultiLineString","coordinates":[[[-35.1134051,-6.4958437],[-35.1134983,-6.4991562],[-35.1119493,-6.5021883],[-35.1106833,-6.5108567],[-35.1178689,-6.5426484],[-35.1197971,-6.5454503],[-35.1319369,-6.5558428],[-35.1344517,-6.5584857],[-35.1427317,-6.5658747],[-35.1439333,-6.5675641],[-35.1445717,-6.5697997],[-35.1441801,-6.5835648],[-35.1451483,-6.5914117],[-35.1445878,-6.5990721],[-35.1439306,-6.6004309],[-35.1411358,-6.6034524],[-35.1400736,-6.605123],[-35.1397061,-6.6071745],[-35.1399261,-6.6133892],[-35.1388881,-6.6164159],[-35.1372546,-6.6181224],[-35.1324697,-6.6210638],[-35.130761,-6.6224626],[-35.1283552,-6.6251722],[-35.127093,-6.6274502],[-35.1245222,-6.6344679],[-35.1203271,-6.6524219],[-35.1180151,-6.6594832],[-35.1173526,-6.6606194],[-35.1150996,-6.6619741],[-35.114378,-6.6631077],[-35.1142842,-6.6674075],[-35.1129055,-6.6743793],[-35.1138604,-6.6792385],[-35.1201408,-6.7248068],[-35.1212499,-6.727071],[-35.1320216,-6.7406333],[-35.1334071,-6.7440578],[-35.1343471,-6.7542711],[-35.1332688,-6.7711753],[-35.1339622,-6.7835923],[-35.1403579,-6.8045451],[-35.1402168,-6.8076977],[-35.1315246,-6.8814237],[-35.1306016,-6.8835252],[-35.0927661,-6.9502595],[-35.0857414,-6.9639402],[-35.0745549,-6.9837846],[-35.0690085,-6.994379],[-35.0612999,-7.0077966],[-35.0607647,-7.0103489],[-35.061851,-7.0202127],[-35.0611255,-7.024355],[-35.0600069,-7.0270064],[-35.0503309,-7.0429745],[-35.048619,-7.044533],[-35.0364237,-7.0527425],[-35.0016864,-7.0691968],[-34.9797124,-7.0841107],[-34.9771374,-7.0846564],[-34.9724597,-7.0835944],[-34.9705376,-7.0841857],[-34.9694397,-7.0857437],[-34.9692196,-7.089514],[-34.9611627,-7.1134878],[-34.959575,-7.1144991],[-34.950181,-7.1168816],[-34.9494461,-7.1178125],[-34.9470407,-7.1236656],[-34.9445369,-7.1254151],[-34.9315544,-7.1321091],[-34.9092494,-7.1519527],[-34.9083354,-7.153272],[-34.9057303,-7.1599672],[-34.8998637,-7.1647562]],[[-34.89662204956227,-7.165600701486618],[-34.8982349,-7.1654421],[-34.8993735,-7.1649558],[-34.9050276,-7.1606372],[-34.9059007,-7.1595461],[-34.9083576,-7.1529553],[-34.9093835,-7.1513971],[-34.9311602,-7.1323031],[-34.9426972,-7.1260518],[-34.9445459,-7.1236118],[-34.9472549,-7.122669],[-34.9493256,-7.1177418],[-34.9499825,-7.1168526],[-34.9596937,-7.1143351],[-34.9610107,-7.1134634],[-34.9617027,-7.1120634],[-34.9690734,-7.0895074],[-34.9692196,-7.0859234],[-34.9704346,-7.0840841],[-34.9722666,-7.0834426],[-34.9768652,-7.0844994],[-34.9797298,-7.083947],[-34.9868712,-7.0788418],[-35.0017574,-7.0690065],[-35.0364438,-7.0525841],[-35.0486881,-7.0442669],[-35.0503041,-7.0427642],[-35.0591205,-7.0282429],[-35.0608854,-7.0246212],[-35.0617089,-7.019695],[-35.0606561,-7.0106863],[-35.060703,-7.0090904],[-35.0611657,-7.0077419],[-35.1018639,-6.9333465],[-35.1282692,-6.8869117],[-35.1304771,-6.8829703],[-35.1313933,-6.8806639],[-35.1402225,-6.8046183],[-35.1366055,-6.7929143],[-35.1348104,-6.788489],[-35.1338911,-6.784707],[-35.1331173,-6.7712205],[-35.1340185,-6.7561302],[-35.1332219,-6.7442572],[-35.1320471,-6.7414563],[-35.1211546,-6.7271829],[-35.1199342,-6.7246097],[-35.1177737,-6.7092556],[-35.1168752,-6.7052438],[-35.1165667,-6.7005288],[-35.1156494,-6.6962345],[-35.1150593,-6.6892604],[-35.1127365,-6.6741662],[-35.1134875,-6.6703753],[-35.1141983,-6.6630824],[-35.1149641,-6.6618156],[-35.1173325,-6.6597762],[-35.1183356,-6.6580232],[-35.1201072,-6.6527043],[-35.1242271,-6.6349874],[-35.1268744,-6.6275221],[-35.1283899,-6.6244861],[-35.1298986,-6.6226398],[-35.1371755,-6.6179812],[-35.1388304,-6.6161615],[-35.1397531,-6.6132227],[-35.1395452,-6.6070147],[-35.139835,-6.6046886],[-35.1408444,-6.602936],[-35.1437388,-6.6004629],[-35.1444697,-6.5989175],[-35.1448105,-6.5950433],[-35.1447058,-6.5895892],[-35.1440325,-6.5829733],[-35.1444402,-6.5704045],[-35.1439199,-6.5679185],[-35.1426858,-6.5660777],[-35.1196504,-6.5455401],[-35.1176731,-6.5425348],[-35.1142059,-6.5265177],[-35.1114417,-6.5165769],[-35.1104949,-6.5110761],[-35.1105389,-6.5093748],[-35.1117823,-6.5023336],[-35.1133454,-6.4991722],[-35.1132582,-6.495809]],[[-34.89662204956227,-7.165600701486618],[-34.8969692,-7.1688721],[-34.8979586,-7.1721045],[-34.9146447,-7.2234526],[-34.915503,-7.224791],[-34.9252555,-7.2356421],[-34.9297663,-7.24359],[-34.9357657,-7.2585142],[-34.9394068,-7.2818387],[-34.9373965,-7.2974082],[-34.9464582,-7.3136256],[-34.947888,-7.3421672],[-34.9487221,-7.3500121],[-34.957391,-7.3810951],[-34.954969,-7.4029224],[-34.9549583,-7.4092741],[-34.9692786,-7.4331227],[-34.970378,-7.4340945],[-34.9760538,-7.4367664],[-34.9771884,-7.4382438],[-34.9812533,-7.4567159],[-34.9770288,-7.4679895],[-34.9768478,-7.469411],[-34.9849762,-7.4985975],[-34.9851452,-7.5008672],[-34.9861309,-7.5041979]],[[-34.9857956,-7.5036354],[-34.985054,-7.500911],[-34.9848327,-7.4984432],[-34.9823114,-7.4903962],[-34.9766935,-7.4693871],[-34.9768598,-7.4680281],[-34.9810826,-7.4568047],[-34.9770489,-7.4382824],[-34.9759968,-7.4368907],[-34.9704036,-7.434268],[-34.9691834,-7.4332543],[-34.9570397,-7.4137771],[-34.9547826,-7.409169],[-34.954804,-7.4031857],[-34.9567044,-7.3866943],[-34.957014,-7.3810002],[-34.9559734,-7.3762836],[-34.9490708,-7.3527494],[-34.9485773,-7.3498246],[-34.9477458,-7.3421725],[-34.9463765,-7.3138456],[-34.9372282,-7.297341],[-34.9392646,-7.2820456],[-34.9355236,-7.2589658],[-34.934542,-7.2556885],[-34.9296637,-7.2436938],[-34.9251482,-7.2357805],[-34.9153501,-7.2248283],[-34.9143443,-7.2230774],[-34.899516,-7.1778486],[-34.89685,-7.1687326],[-34.896527800551766,-7.165597820159725]],[[-34.896527800551766,-7.165597820159725],[-34.89662204956227,-7.165600701486618]],[[-34.8965981,-7.1652319],[-34.89662204956227,-7.165600701486618]],[[-34.8952724,-7.1654275],[-34.896527800551766,-7.165597820159725]],[[-34.896527800551766,-7.165597820159725],[-34.8964999,-7.1649752]]]}},{"type":"Feature","properties":{"ref":"BR-104","jurisdicao":"federal","tipo":"primary","km":197.4},"geometry":{"type":"MultiLineString","coordinates":[[[-36.2039396,-6.4330646],[-36.2023051,-6.4458099],[-36.2040626,-6.4554328]],[[-36.2040626,-6.4554328],[-36.1991469,-6.4561856]],[[-36.1991469,-6.4561856],[-36.2040626,-6.4554328]],[[-36.2039396,-6.4330646],[-36.2032843,-6.4263222]],[[-36.2034545,-6.4264544],[-36.2039396,-6.4330646]],[[-36.1991469,-6.4561856],[-36.1971589,-6.4565112],[-36.1958872,-6.4571912],[-36.1730781,-6.4760764],[-36.1706554,-6.4777254],[-36.1626996,-6.4815641]],[[-36.1626996,-6.4815641],[-36.1575937,-6.4840876],[-36.1548584,-6.4850699]],[[-36.1548584,-6.4850699],[-36.1626996,-6.4815641]],[[-36.1548584,-6.4850699],[-36.1548546,-6.4842847],[-36.1536324,-6.4849472]],[[-36.1483358,-6.4851246],[-36.1502504,-6.4835444],[-36.1509945,-6.4842939],[-36.1522574,-6.4832743],[-36.1536324,-6.4849472]],[[-36.1536324,-6.4849472],[-36.1522312,-6.4833513],[-36.1509638,-6.4843894],[-36.150247,-6.4836449],[-36.1483358,-6.4851246]],[[-36.1518701,-6.647445],[-36.1515887,-6.6469061]],[[-36.1518701,-6.647445],[-36.1515887,-6.6469061]],[[-36.1518701,-6.647445],[-36.1183844,-6.6709273],[-36.1164689,-6.6714073],[-36.1119541,-6.6712252],[-36.1103707,-6.670768],[-36.1062089,-6.6685512],[-36.1019348,-6.6671073],[-36.0968573,-6.668302],[-36.0951807,-6.6693247],[-36.0940463,-6.6708311],[-36.0937661,-6.6736536],[-36.0932684,-6.6745634],[-36.0876795,-6.6762505],[-36.083444,-6.6811391],[-36.0826895,-6.684103],[-36.0828673,-6.6877906],[-36.0804685,-6.6982496],[-36.0795165,-6.7006829],[-36.0605635,-6.7194986],[-36.0610375,-6.7202031]],[[-36.1483358,-6.4851246],[-36.1471908,-6.4862816],[-36.1469574,-6.4878158],[-36.1486269,-6.492293],[-36.149063,-6.4945711],[-36.1481443,-6.4997399],[-36.1487438,-6.5019251],[-36.1473705,-6.5053096],[-36.1471023,-6.5074816],[-36.1484917,-6.5112004],[-36.1499292,-6.5116717],[-36.1512569,-6.5115545],[-36.1517933,-6.5124738],[-36.1500794,-6.517697],[-36.1477432,-6.5198742],[-36.1438792,-6.5255963],[-36.1422694,-6.5291026],[-36.1395839,-6.5336865],[-36.1393053,-6.5396131],[-36.1372159,-6.5462725],[-36.1364351,-6.5502614],[-36.1365075,-6.5638123],[-36.133453,-6.5760616],[-36.1338154,-6.5798841],[-36.1346579,-6.5828926],[-36.1347368,-6.5848155],[-36.1363268,-6.5902497],[-36.140061,-6.5967875],[-36.1401126,-6.6071232],[-36.1397117,-6.6106247],[-36.1421476,-6.6158282],[-36.1439689,-6.618051],[-36.1470666,-6.624524],[-36.1499738,-6.6279115],[-36.1516409,-6.6332727],[-36.1516218,-6.6343669],[-36.1504985,-6.6372012],[-36.1510559,-6.6455913],[-36.1515887,-6.6469061]],[[-35.8892544,-7.28217],[-35.8896995,-7.2867646],[-35.9006609,-7.3491183],[-35.9017907,-7.3592141],[-35.90263,-7.3626236],[-35.9021749,-7.3641406],[-35.9005089,-7.367011],[-35.8956162,-7.3846326],[-35.8956999,-7.3861469],[-35.8975544,-7.3929858],[-35.897584,-7.3941714],[-35.8951051,-7.4232801],[-35.8951401,-7.4254758],[-35.8955884,-7.4273652],[-35.9043085,-7.4441944],[-35.9054465,-7.4457241],[-35.9207827,-7.4600573],[-35.9250453,-7.4648376],[-35.9291265,-7.4709543],[-35.9340204,-7.4752004],[-35.9448704,-7.4876744],[-35.9504226,-7.492049],[-35.959382,-7.502721],[-35.9819599,-7.5157777],[-35.986378,-7.520781],[-35.992644,-7.524206],[-36.005376,-7.5346],[-36.006813,-7.53608],[-36.0079135,-7.5386373],[-36.0092148,-7.5565261],[-36.008342,-7.56066],[-36.008822,-7.566232],[-36.010687,-7.570733],[-36.0112746,-7.575826],[-36.0119347,-7.5771784],[-36.0130549,-7.5778339],[-36.0297779,-7.5824428],[-36.030787,-7.583463],[-36.0324914,-7.5862935],[-36.0341524,-7.5877659],[-36.036827,-7.5895013],[-36.042598,-7.5916713],[-36.043801,-7.5925536],[-36.0491745,-7.604919],[-36.0510791,-7.6070687],[-36.0756529,-7.6179626],[-36.0768311,-7.6189864],[-36.0772902,-7.6205744],[-36.0770713,-7.6243835],[-36.0796513,-7.6325162],[-36.0774523,-7.6404112],[-36.0773943,-7.6426782],[-36.0808691,-7.6687533],[-36.0808048,-7.6699774],[-36.0802563,-7.6713318],[-36.0795213,-7.6721957],[-36.0740262,-7.6757191],[-36.0610288,-7.6799775],[-36.0599519,-7.6809996],[-36.0598513,-7.6822555],[-36.0618248,-7.6872509],[-36.0607968,-7.6913813],[-36.0626073,-7.7036104],[-36.0629367,-7.7052298],[-36.0638539,-7.7069409],[-36.0721479,-7.7170212],[-36.0739584,-7.7225842],[-36.0747483,-7.7290069],[-36.075321,-7.7308528],[-36.0903021,-7.7576066],[-36.09118,-7.7589578],[-36.1004788,-7.7689417],[-36.1022386,-7.7726172],[-36.1029402,-7.7793211]],[[-36.0610375,-6.7202031],[-36.057526,-6.7237999],[-36.0561688,-6.7247365]],[[-36.0561688,-6.7247365],[-36.0610375,-6.7202031]],[[-35.8572808,-7.0176354],[-35.8572212,-7.0164312],[-35.8558626,-7.0115648],[-35.8532855,-7.0062665],[-35.8484101,-7.003171],[-35.8447221,-7.0015684],[-35.84194,-6.9992569],[-35.8360465,-6.9955011],[-35.8342689,-6.9928602],[-35.8231813,-6.9800412],[-35.8207271,-6.9763166],[-35.8193283,-6.975659],[-35.8035301,-6.9719384],[-35.8005555,-6.9706751],[-35.7959408,-6.9675428],[-35.7971282,-6.9654784],[-35.7974797,-6.9650461],[-35.7996462,-6.9640643],[-35.8006581,-6.9627378],[-35.8035153,-6.9613087],[-35.8044004,-6.9603276],[-35.8053546,-6.9578415],[-35.806101,-6.9569796],[-35.8131163,-6.9547318],[-35.8163175,-6.9529486],[-35.8168895,-6.9522011],[-35.8192116,-6.9467776],[-35.8229875,-6.9409673],[-35.8241858,-6.9402943],[-35.8275933,-6.9396272],[-35.8313712,-6.9339401],[-35.838511,-6.9286607],[-35.844383,-6.9231254],[-35.8575613,-6.9134343],[-35.8759681,-6.9066371],[-35.8820542,-6.9002077],[-35.8961379,-6.8962197],[-35.9047306,-6.889202],[-35.9071482,-6.888729],[-35.9107675,-6.8898182],[-35.9122319,-6.8899482],[-35.9193624,-6.8873465],[-35.9207395,-6.8865594],[-35.9216132,-6.8855425],[-35.9220897,-6.8842196],[-35.9288873,-6.8408114],[-35.9295825,-6.8397403],[-35.9341137,-6.8358959],[-35.9354083,-6.8343844],[-35.939396,-6.8265809],[-35.940147,-6.8256461],[-35.9469535,-6.8205191],[-35.9518193,-6.8155641],[-35.9560826,-6.7991237],[-35.9568676,-6.7976375],[-35.9580099,-6.7967456],[-35.9617681,-6.7950265],[-35.9625476,-6.79402],[-35.9647206,-6.7891329],[-35.9722748,-6.7829598],[-35.9752518,-6.7824203],[-35.9832654,-6.7842489],[-35.9847138,-6.7842489],[-35.9945487,-6.7798847],[-35.996533,-6.7786854],[-36.0325277,-6.7510667],[-36.054559,-6.7258903],[-36.0561688,-6.7247365]],[[-35.8892544,-7.28217],[-35.8884131,-7.2751767]],[[-35.8885618,-7.2748409],[-35.8892544,-7.28217]],[[-35.8773225,-7.2161697],[-35.8773592,-7.2146289],[-35.8745784,-7.2043827],[-35.8748219,-7.2035841],[-35.8767571,-7.2012041],[-35.8770429,-7.1991385],[-35.8778852,-7.1979959]],[[-35.877839,-7.198309],[-35.8771715,-7.1991205],[-35.8768771,-7.201228],[-35.8749036,-7.2036622],[-35.8746875,-7.2043948],[-35.8775389,-7.2144213],[-35.8777334,-7.2161533]],[[-35.8773225,-7.2161697],[-35.8777334,-7.2161533]],[[-35.8777334,-7.2161533],[-35.8779017,-7.2166838],[-35.8773535,-7.2168576]],[[-35.8776024,-7.1976408],[-35.8676228,-7.1907859],[-35.8646871,-7.1797129],[-35.8635217,-7.1779832],[-35.8606035,-7.1761323],[-35.8599831,-7.1752921],[-35.8596879,-7.1699384],[-35.8564024,-7.1597661],[-35.8527325,-7.1561236],[-35.8521827,-7.1547144],[-35.8545564,-7.1476233],[-35.8583383,-7.1434942],[-35.8609401,-7.1373304],[-35.860924,-7.1360861],[-35.8595748,-7.1330162],[-35.8596419,-7.1317107],[-35.8662066,-7.1148008],[-35.8682411,-7.1105283],[-35.868241,-7.1094604],[-35.8667986,-7.1045177]],[[-35.8773535,-7.2168576],[-35.8771398,-7.2164848]],[[-35.8773535,-7.2168576],[-35.8760396,-7.2176544],[-35.8756413,-7.219251],[-35.8750471,-7.220165],[-35.8754441,-7.2218254],[-35.8774256,-7.2227228],[-35.8767069,-7.2237439],[-35.8770333,-7.2252609]],[[-35.8771398,-7.2164848],[-35.8773225,-7.2161697]],[[-35.876665,-7.2251411],[-35.8765613,-7.2231426],[-35.8752027,-7.2218567],[-35.874799,-7.2201477],[-35.8754723,-7.2191232],[-35.875994,-7.2173856],[-35.8771398,-7.2164848]],[[-35.876665,-7.2251411],[-35.8770333,-7.2252609]],[[-35.8770333,-7.2252609],[-35.8770779,-7.2257707],[-35.8765905,-7.2259253],[-35.8763245,-7.2255323],[-35.876665,-7.2251411]],[[-35.8667986,-7.1045177],[-35.865076,-7.1011406]],[[-35.865076,-7.1011406],[-35.8667986,-7.1045177]],[[-35.8551682,-7.0511899],[-35.8537144,-7.0558313],[-35.855472,-7.0621731],[-35.8536324,-7.0880581],[-35.8542332,-7.0891188],[-35.8600657,-7.0949628],[-35.8626218,-7.0965835],[-35.865076,-7.1011406]]]}},{"type":"Feature","properties":{"ref":"BR-110","jurisdicao":"federal","tipo":"secondary","km":178.3},"geometry":{"type":"MultiLineString","coordinates":[[[-37.4998939,-6.3456177],[-37.5018485,-6.3412681],[-37.5074463,-6.3330107],[-37.5081906,-6.330926],[-37.509993,-6.323131],[-37.5148921,-6.3127286],[-37.5300694,-6.2517175],[-37.5318182,-6.2477554],[-37.5365737,-6.2330574],[-37.53766,-6.227546],[-37.5381602,-6.2178389],[-37.537831,-6.2161064],[-37.5336797,-6.2043466],[-37.5361207,-6.1889374],[-37.5388832,-6.1845877],[-37.5401315,-6.178834],[-37.5413776,-6.1769289],[-37.5561565,-6.1702473],[-37.5738741,-6.1582914]],[[-37.4998939,-6.3456177],[-37.4993633,-6.3469322]],[[-37.4993633,-6.3469322],[-37.4998939,-6.3456177]],[[-37.4988584,-6.3482083],[-37.4993633,-6.3469322]],[[-37.4988584,-6.3482083],[-37.4984563,-6.3495568],[-37.4981953,-6.3495826]],[[-37.4981953,-6.3495826],[-37.4988584,-6.3482083]],[[-37.494561,-6.3500349],[-37.4981953,-6.3495826]],[[-37.4912383,-6.350581],[-37.494561,-6.3500349]],[[-37.494561,-6.3500349],[-37.4912383,-6.350581]],[[-37.466138,-6.3586643],[-37.4912383,-6.350581]],[[-37.4472803,-6.4898021],[-37.4456906,-6.4746686],[-37.4457257,-6.4699467],[-37.4534011,-6.4291079],[-37.4552666,-6.4265572],[-37.4548146,-6.4217995],[-37.4653773,-6.3661517],[-37.4661108,-6.3593336]],[[-37.4064563,-6.9400272],[-37.4079776,-6.9122531],[-37.4094367,-6.9024702],[-37.410472,-6.8793249],[-37.4120375,-6.8715773],[-37.4120285,-6.8697369],[-37.3859181,-6.8019657],[-37.3854359,-6.7991146],[-37.4014224,-6.7611961],[-37.408614,-6.7495828],[-37.4105505,-6.7436003],[-37.4164804,-6.737848],[-37.4243608,-6.7225],[-37.4247216,-6.7208578],[-37.4264409,-6.6999334]],[[-37.3460856,-6.9738445],[-37.3637613,-6.9616429],[-37.3733519,-6.9564784]],[[-37.3089031,-7.1633387],[-37.3086765,-7.1621731]],[[-37.3086765,-7.1621731],[-37.3089031,-7.1633387]],[[-37.2523456,-7.2210723],[-37.2527014,-7.2196988],[-37.2517402,-7.2149609],[-37.2522437,-7.2131427],[-37.2521745,-7.2098888],[-37.2544589,-7.204173],[-37.2551396,-7.2032685],[-37.2565231,-7.2022831],[-37.2573669,-7.2022245],[-37.2607648,-7.2039579],[-37.2652671,-7.2047911],[-37.2681556,-7.2059923],[-37.2684024,-7.2065147],[-37.2682717,-7.2075429],[-37.2669349,-7.2099146],[-37.2668963,-7.2107353],[-37.2690643,-7.2118146],[-37.2696195,-7.2117898],[-37.2716446,-7.2078286],[-37.2738548,-7.2066022],[-37.2733154,-7.2026934],[-37.2737906,-7.2023496],[-37.2746369,-7.2026423],[-37.27486,-7.202299],[-37.273126,-7.2014334],[-37.2729439,-7.2009664],[-37.2733347,-7.2007128],[-37.2752827,-7.2012904],[-37.2758467,-7.2011238],[-37.2756013,-7.2005806],[-37.2727908,-7.1993755],[-37.2725932,-7.1984074],[-37.2731213,-7.1976394],[-37.2737251,-7.1971729],[-37.2759749,-7.1965699],[-37.2765953,-7.1950829],[-37.2780944,-7.1933101],[-37.2791292,-7.1929109],[-37.2809842,-7.1928358],[-37.2858084,-7.1899946],[-37.2868499,-7.1832866],[-37.287422,-7.1825035],[-37.2905264,-7.1812932],[-37.2981831,-7.1808027],[-37.3015026,-7.1791432],[-37.3038032,-7.1756067],[-37.3045564,-7.1699421],[-37.3074406,-7.1660689],[-37.3089031,-7.1633387]],[[-37.3086765,-7.1621731],[-37.3054826,-7.156789],[-37.3049194,-7.155095],[-37.3042703,-7.1485441],[-37.3043521,-7.1432054],[-37.3035957,-7.1386278],[-37.3029265,-7.1252047],[-37.2983614,-7.1119543],[-37.2999921,-7.105291],[-37.2939258,-7.0996522],[-37.2873232,-7.0822877],[-37.2865932,-7.0739415],[-37.2827854,-7.0695117],[-37.2765814,-7.0571864]],[[-37.278458,-7.0367875],[-37.2780104,-7.0404177],[-37.2751617,-7.0466982],[-37.2755729,-7.054872],[-37.2765814,-7.0571864]],[[-37.2752766,-7.0413925],[-37.2769845,-7.0375138],[-37.2777325,-7.0370103]],[[-37.2765814,-7.0571864],[-37.2754808,-7.0572145],[-37.274352,-7.0556835],[-37.2743979,-7.0513686],[-37.2725887,-7.0507321],[-37.2758181,-7.0429895]],[[-37.2608182,-7.2741601],[-37.260679,-7.267212],[-37.2586325,-7.2618826],[-37.2608518,-7.2542575],[-37.2609013,-7.2522754],[-37.2598583,-7.2459395],[-37.2558928,-7.2412797],[-37.2537207,-7.2249424],[-37.2542409,-7.22425],[-37.2547248,-7.2217552],[-37.2527075,-7.2214997]],[[-37.2527075,-7.2214997],[-37.2522978,-7.2213445],[-37.2523456,-7.2210723]],[[-37.2523456,-7.2210723],[-37.2527075,-7.2214997]],[[-37.2121746,-7.9760534],[-37.2105041,-7.9724102],[-37.2102468,-7.9696019],[-37.2106508,-7.9680112],[-37.2106355,-7.9639267],[-37.2111824,-7.9612489],[-37.2133217,-7.9584757],[-37.2135191,-7.9574664],[-37.2132412,-7.956688],[-37.2114302,-7.954359],[-37.2080296,-7.9534153],[-37.195474,-7.942719],[-37.194505,-7.9412478],[-37.1909439,-7.9374345],[-37.183718,-7.932113],[-37.181633,-7.930746],[-37.167431,-7.924472],[-37.1499078,-7.912318],[-37.1456793,-7.9109671],[-37.1331912,-7.8999446],[-37.1325398,-7.9002275]],[[-37.1530201,-7.6179115],[-37.1568718,-7.6147544],[-37.1578629,-7.6135064],[-37.1592089,-7.6089987],[-37.1603499,-7.6069019],[-37.1640557,-7.6041669],[-37.1660719,-7.6034667],[-37.1695562,-7.6030219],[-37.1738321,-7.6032938],[-37.1811622,-7.6022187],[-37.181879,-7.6016503],[-37.1838986,-7.5977332],[-37.1878549,-7.5950164],[-37.1931538,-7.59239]],[[-37.1530201,-7.6179115],[-37.1515428,-7.6197773]],[[-37.1515428,-7.6197773],[-37.1530201,-7.6179115]],[[-37.1512125,-7.6208276],[-37.1515428,-7.6197773]],[[-37.1507637,-7.6209851],[-37.1512125,-7.6208276]],[[-37.1512125,-7.6208276],[-37.1507637,-7.6209851]],[[-37.1496389,-7.6236815],[-37.1507637,-7.6209851]],[[-37.1496389,-7.6236815],[-37.1485002,-7.6255396]],[[-37.1485002,-7.6255396],[-37.1496389,-7.6236815]],[[-37.0838383,-7.6941724],[-37.0872045,-7.6940621],[-37.0879535,-7.693694],[-37.0898867,-7.6904631],[-37.0913216,-7.6863544],[-37.0916851,-7.6836311],[-37.0923127,-7.6828377],[-37.0936163,-7.6821625],[-37.1073294,-7.6790702],[-37.1102925,-7.6791869],[-37.1213274,-7.6816171],[-37.1260026,-7.6811294],[-37.1281032,-7.6796848],[-37.1319741,-7.6744656],[-37.1346693,-7.6722152],[-37.1366104,-7.6683947],[-37.1406961,-7.6655088],[-37.1412234,-7.6648056],[-37.1422424,-7.6582745],[-37.1417261,-7.6560579],[-37.140315,-7.6535327],[-37.1400814,-7.6507396],[-37.144539,-7.6375185],[-37.1470614,-7.6286132],[-37.1485002,-7.6255396]],[[-37.1328436,-7.9002213],[-37.1325398,-7.9002275]],[[-37.1325398,-7.9002275],[-37.1216926,-7.9031308],[-37.1210252,-7.9029636],[-37.1055127,-7.8852336],[-37.087756,-7.866773],[-37.082221,-7.859534],[-37.078792,-7.856632],[-37.045671,-7.82254],[-37.039114,-7.817487],[-37.035469,-7.811444],[-37.033889,-7.809382],[-37.018528,-7.7936549]],[[-37.0830554,-7.6937784],[-37.0838383,-7.6941724]],[[-37.0838383,-7.6941724],[-37.0830554,-7.6937784]],[[-37.0187888,-7.7933835],[-37.0196381,-7.7926006],[-37.0205871,-7.7897941],[-37.0217721,-7.788249],[-37.0250228,-7.7849863],[-37.0259783,-7.7841475],[-37.0277593,-7.7833147],[-37.0312918,-7.7798754],[-37.0319772,-7.7759502],[-37.054972,-7.7279725],[-37.0568991,-7.7212229],[-37.0576301,-7.7197742],[-37.0817334,-7.6956111],[-37.0830554,-7.6937784]],[[-37.0187888,-7.7933835],[-37.018528,-7.7936549]],[[-37.018528,-7.7936549],[-37.0187888,-7.7933835]]]}},{"type":"Feature","properties":{"ref":"BR-116","jurisdicao":"federal","tipo":"trunk","km":21.3},"geometry":{"type":"LineString","coordinates":[[-38.737341,-6.8499308],[-38.7371267,-6.8531879],[-38.7356797,-6.8585079],[-38.731668,-6.8651195],[-38.7306577,-6.8716081],[-38.7281498,-6.8767348],[-38.7275241,-6.8789098],[-38.727787,-6.8833901],[-38.7303751,-6.8978996],[-38.7304463,-6.9001719],[-38.7289256,-6.9067922],[-38.7279385,-6.9251488],[-38.7273994,-6.9269194],[-38.721293,-6.9401439],[-38.7202893,-6.945564],[-38.7210358,-6.9509583],[-38.7216237,-6.9529739],[-38.7274429,-6.9644176],[-38.728623,-6.9657547],[-38.7334196,-6.9697096],[-38.7351594,-6.9734346],[-38.7401491,-6.9773794],[-38.7413274,-6.9788669],[-38.7442866,-6.9847854],[-38.7445731,-6.9897521],[-38.7484513,-6.9963752],[-38.75303,-7.0070839],[-38.7566757,-7.0127455],[-38.7620522,-7.0181603],[-38.7650648,-7.0229244]]}},{"type":"Feature","properties":{"ref":"BR-230","jurisdicao":"federal","tipo":"primary","km":687.5},"geometry":{"type":"MultiLineString","coordinates":[[[-38.7365985,-6.8422602],[-38.7348697,-6.8443775],[-38.7336723,-6.8449313],[-38.7256131,-6.8450058],[-38.7032689,-6.8496742],[-38.7005706,-6.8509445],[-38.6932616,-6.8558152],[-38.6910474,-6.8566527],[-38.6829069,-6.8570695],[-38.6623853,-6.8599349],[-38.6602584,-6.8612318],[-38.6564402,-6.8656483],[-38.623488,-6.8844912],[-38.6207092,-6.8852554],[-38.5831113,-6.8915038],[-38.5817595,-6.8921548],[-38.5692363,-6.9008968],[-38.5667592,-6.9021403],[-38.5638396,-6.9023733],[-38.5483104,-6.8991591],[-38.5467795,-6.898226],[-38.5430673,-6.8944662]],[[-38.5430673,-6.8944662],[-38.5417084,-6.8940668],[-38.5405205,-6.8941733]],[[-38.5425697,-6.8938138],[-38.5430673,-6.8944662]],[[-38.5405205,-6.8941733],[-38.5423538,-6.8936201]],[[-37.3042128,-7.0026318],[-37.3642698,-6.9613324],[-37.3819822,-6.9518696],[-37.399775,-6.9481295],[-37.4017811,-6.9473491],[-37.4036976,-6.9455781],[-37.4085767,-6.9374839],[-37.4103671,-6.9355846],[-37.438954,-6.9201647],[-37.4423413,-6.9189592],[-37.482668,-6.915691],[-37.5172943,-6.9045588],[-37.5196657,-6.9041055],[-37.5601245,-6.9092532],[-37.5776886,-6.9065798],[-37.5813424,-6.9064884],[-37.5962367,-6.9097859],[-37.6169702,-6.9132847],[-37.6324304,-6.9133486],[-37.6364028,-6.9141251],[-37.6378244,-6.9141144],[-37.6434919,-6.9125818],[-37.6505005,-6.9122133],[-37.6664945,-6.9076557],[-37.6739939,-6.9079486],[-37.6893442,-6.90406],[-37.6957172,-6.9041665],[-37.6979877,-6.9038831],[-37.7085878,-6.89963],[-37.7243806,-6.89089],[-37.7284871,-6.8895586],[-37.7307013,-6.8880141],[-37.7320424,-6.8859331],[-37.7326392,-6.8818176],[-37.7320759,-6.8769379],[-37.7323133,-6.8749533],[-37.7426679,-6.8519458],[-37.7621582,-6.8217533],[-37.7789863,-6.7976506],[-37.7809309,-6.7960517],[-37.7978946,-6.7851371],[-37.798883,-6.7837881],[-37.798453,-6.7763938],[-37.7978202,-6.7714556],[-37.7966286,-6.7702579],[-37.7958722,-6.7689219],[-37.7863638,-6.743831],[-37.7866035,-6.7422424],[-37.7916821,-6.729828],[-37.7926874,-6.728722],[-37.7995839,-6.7246198],[-37.8076895,-6.7184622],[-37.8090628,-6.7177803],[-37.8300699,-6.7145411],[-37.8318316,-6.7145923],[-37.8515093,-6.7190078],[-37.8633392,-6.7241915],[-37.8751744,-6.7266009],[-37.8939288,-6.7342937],[-37.9035653,-6.7333281],[-37.9247095,-6.7360238],[-37.948048,-6.7424352],[-37.9846609,-6.7488812],[-38.0107963,-6.7619275],[-38.0266321,-6.7648894],[-38.0282119,-6.7660467],[-38.0325826,-6.7710514],[-38.0337708,-6.7719463],[-38.0431974,-6.7750666],[-38.0635956,-6.7850919],[-38.0651231,-6.7855806],[-38.0776732,-6.7870268],[-38.0815503,-6.7869256],[-38.0946234,-6.7840558],[-38.0973016,-6.7838467],[-38.1078574,-6.7861066],[-38.1113336,-6.7862451],[-38.2016921,-6.7748104],[-38.2038148,-6.7749241],[-38.2235606,-6.7781692],[-38.2427046,-6.7788787],[-38.2529964,-6.7809962],[-38.271212,-6.7817133],[-38.2738017,-6.7821448],[-38.2761171,-6.7831249],[-38.2790896,-6.7849214],[-38.3027064,-6.8023797],[-38.3055871,-6.8052614],[-38.306955,-6.807392],[-38.3174789,-6.8275363],[-38.317613,-6.8299225],[-38.3155174,-6.8343925],[-38.3152205,-6.8369426],[-38.3158213,-6.8390677],[-38.3165037,-6.8402454],[-38.3176302,-6.8414384],[-38.3191779,-6.8423294],[-38.3203702,-6.8426343],[-38.344667,-6.8437215],[-38.352794,-6.844694],[-38.3542067,-6.8451365],[-38.3876854,-6.8691826],[-38.389694,-6.8702062],[-38.3921496,-6.8705064],[-38.406866,-6.8683166],[-38.4153646,-6.8674192],[-38.4264904,-6.8677454],[-38.4310207,-6.8684138],[-38.4588043,-6.8787407],[-38.4740581,-6.8879036],[-38.5001305,-6.8998943],[-38.5046339,-6.9004961],[-38.506891,-6.9003443],[-38.5331297,-6.8963887],[-38.5405205,-6.8941733]],[[-37.3042128,-7.0026318],[-37.302551,-7.0041458],[-37.2986966,-7.0066125],[-37.2970062,-7.0067956]],[[-37.2970062,-7.0067956],[-37.2991593,-7.0060914],[-37.3042128,-7.0026318]],[[-37.2598141,-7.0177229],[-37.2630226,-7.013648],[-37.2642718,-7.0128759],[-37.2878597,-7.0072172],[-37.2970062,-7.0067956]],[[-37.2598141,-7.0177229],[-37.2596721,-7.0180535]],[[-37.2594258,-7.0179096],[-37.2598141,-7.0177229]],[[-37.2594258,-7.0179096],[-37.2596721,-7.0180535]],[[-37.2596721,-7.0180535],[-37.2596407,-7.0184971],[-37.2591382,-7.0185039]],[[-37.2590456,-7.0181677],[-37.2594258,-7.0179096]],[[-37.2591382,-7.0185039],[-37.2586152,-7.0184115]],[[-37.2591382,-7.0185039],[-37.2590456,-7.0181677]],[[-37.2586152,-7.0184115],[-37.2590456,-7.0181677]],[[-37.2586152,-7.0184115],[-37.2333661,-7.0209222],[-37.2302735,-7.0204989],[-37.2166394,-7.0121521],[-37.2078616,-7.0031331],[-37.2065695,-7.0021394],[-37.1679202,-6.9801318],[-37.1296998,-6.9569029],[-37.1171984,-6.9508257],[-37.0873526,-6.9323858],[-36.9518505,-6.8935282],[-36.9497294,-6.8922422],[-36.9198964,-6.8664342],[-36.918487,-6.8659947],[-36.9167782,-6.8668338],[-36.8930984,-6.8879529],[-36.8543998,-6.9159262],[-36.8530583,-6.9187837],[-36.8533302,-6.9241615],[-36.8511387,-6.9322267],[-36.8527097,-6.9351336],[-36.8527016,-6.9356488],[-36.8521816,-6.9361662],[-36.8502643,-6.9360156],[-36.849962,-6.9378971],[-36.8468893,-6.942642],[-36.845472,-6.9446174],[-36.8429679,-6.9471111],[-36.8427452,-6.9477141],[-36.8429518,-6.9482506],[-36.8444712,-6.9492797],[-36.844891,-6.9499293],[-36.8449125,-6.9520886],[-36.8442164,-6.9532188],[-36.8420063,-6.9537966],[-36.8392222,-6.9585678],[-36.8384313,-6.958666],[-36.8343865,-6.9570579],[-36.8305345,-6.9576412],[-36.8289533,-6.9554207],[-36.8261008,-6.9542738],[-36.8248636,-6.95334],[-36.820269,-6.9531063],[-36.8149421,-6.9551465],[-36.8084981,-6.959455],[-36.8039417,-6.9607829],[-36.8023233,-6.9620599],[-36.783689,-6.9670788],[-36.7579941,-6.9673923],[-36.7551886,-6.968014],[-36.715158,-6.9914254],[-36.7138498,-6.9927729],[-36.7030451,-7.0071217],[-36.6934051,-7.0092915],[-36.6896418,-7.0086371],[-36.6785696,-7.0122683],[-36.6699516,-7.0229817],[-36.6622618,-7.0380728],[-36.6497549,-7.063977],[-36.6487957,-7.0647795],[-36.6188349,-7.0726978],[-36.610909,-7.0716025],[-36.5971635,-7.0686977],[-36.5754899,-7.069467],[-36.5533016,-7.0586319],[-36.5475467,-7.0525834],[-36.5279994,-7.0478918],[-36.5037677,-7.0343949],[-36.5015978,-7.0338079],[-36.4173762,-7.0389045],[-36.4104454,-7.0399959],[-36.3971309,-7.0436375],[-36.3658076,-7.0572424],[-36.3628404,-7.0577149]],[[-36.3609652,-7.0576324],[-36.3628404,-7.0577149]],[[-36.3628404,-7.0577149],[-36.3609652,-7.0576324]],[[-36.3609652,-7.0576324],[-36.359544,-7.0577395],[-36.3568041,-7.0589993],[-36.3468947,-7.0719225],[-36.3449155,-7.0736653],[-36.3426675,-7.0748704],[-36.2941907,-7.0892993],[-36.2852858,-7.0905769],[-36.2433789,-7.1007338],[-36.2225045,-7.1096261],[-36.1938116,-7.119748],[-36.157202,-7.134902],[-36.1539595,-7.1356585],[-36.1499201,-7.1379713],[-36.1303399,-7.1459661],[-36.113981,-7.1503831]],[[-36.113981,-7.1503831],[-36.104523,-7.1528891],[-36.0968015,-7.1534643]],[[-36.0968015,-7.1534643],[-36.1046067,-7.1527384],[-36.113981,-7.1503831]],[[-36.0968015,-7.1534643],[-36.0846054,-7.1581488],[-36.0800792,-7.1593709],[-36.0724684,-7.1621144],[-36.0679297,-7.1645496],[-36.0639776,-7.1662457],[-36.0603835,-7.166565],[-36.0475089,-7.1650853],[-36.0457386,-7.1653408],[-36.0424892,-7.1669339],[-36.0304195,-7.175121],[-36.0244542,-7.1776478],[-36.019472,-7.179029],[-36.0170768,-7.1793683],[-35.9879816,-7.1804341],[-35.9807004,-7.1843992],[-35.9710246,-7.1863871],[-35.9699081,-7.1868462],[-35.9667157,-7.1902101],[-35.9640234,-7.1945794],[-35.9630652,-7.1950051],[-35.958671,-7.1953078],[-35.9570718,-7.1961148],[-35.9539846,-7.19837],[-35.9514029,-7.2028167]],[[-35.9518307,-7.2061949],[-35.9510395,-7.2051664]],[[-35.9515464,-7.2047938],[-35.9518307,-7.2061949]],[[-35.9377076,-7.2431217],[-35.9437271,-7.2302166],[-35.9439135,-7.2281504],[-35.9431002,-7.2241897],[-35.9433523,-7.2219904],[-35.9463188,-7.216123],[-35.9520078,-7.2106454],[-35.9525013,-7.2085352],[-35.9518307,-7.2061949]],[[-35.9513736,-7.2040589],[-35.9515464,-7.2047938]],[[-35.9515464,-7.2047938],[-35.9510395,-7.2051664]],[[-35.9514029,-7.2028167],[-35.9513736,-7.2040589]],[[-35.950778,-7.2038678],[-35.9514029,-7.2028167]],[[-35.950778,-7.2038678],[-35.9513736,-7.2040589]],[[-35.9510395,-7.2051664],[-35.9506325,-7.2049169]],[[-35.9506325,-7.2049169],[-35.9504387,-7.2044559],[-35.950778,-7.2038678]],[[-35.9506325,-7.2049169],[-35.9501182,-7.2049961]],[[-35.9377076,-7.2431217],[-35.9376214,-7.2439247],[-35.9336259,-7.2522941],[-35.9096449,-7.2730121],[-35.9076679,-7.274145],[-35.8971363,-7.2784154],[-35.8936907,-7.2789722],[-35.8915581,-7.2788873],[-35.8878815,-7.2763672],[-35.8824795,-7.2666215]],[[-35.8876672,-7.2756026],[-35.8881107,-7.2763625],[-35.8911907,-7.2786148],[-35.8922595,-7.2789187],[-35.8947901,-7.2787226],[-35.8989492,-7.2775392],[-35.9077835,-7.2739168],[-35.9094904,-7.2729232],[-35.9317157,-7.2536878],[-35.9344219,-7.2498561],[-35.9371717,-7.2436634],[-35.9377076,-7.2431217]],[[-35.8884131,-7.2751767],[-35.8878618,-7.2750823],[-35.8876672,-7.2756026]],[[-35.8872118,-7.2747944],[-35.8878701,-7.2749822],[-35.888337,-7.2743164]],[[-35.8872118,-7.2747944],[-35.8876672,-7.2756026]],[[-35.8824795,-7.2666215],[-35.8872118,-7.2747944]],[[-35.8783354,-7.2593108],[-35.8807435,-7.2625831],[-35.8824795,-7.2666215]],[[-35.8783354,-7.2593108],[-35.8721772,-7.2510056],[-35.8716226,-7.2492748],[-35.871107,-7.2436645],[-35.8676815,-7.2371426]],[[-35.8678788,-7.2369135],[-35.8711915,-7.2433718],[-35.8717561,-7.2492601],[-35.8722187,-7.2507981],[-35.8783354,-7.2593108]],[[-35.8764819,-7.2258646],[-35.8679575,-7.2360005],[-35.8678157,-7.2364944]],[[-35.8674763,-7.2363223],[-35.8763245,-7.2255323]],[[-35.867332,-7.2371789],[-35.8498113,-7.2460858],[-35.848046,-7.2472622],[-35.8385523,-7.2518737],[-35.8298506,-7.2545031],[-35.8161928,-7.2568166],[-35.8118221,-7.2578956],[-35.8042529,-7.2625688],[-35.7994491,-7.2679769],[-35.7930748,-7.2688908],[-35.787288,-7.2703928],[-35.7827912,-7.2758737],[-35.7762815,-7.2760852],[-35.7729826,-7.2771391],[-35.7720876,-7.2778777],[-35.7698699,-7.2814466],[-35.7691403,-7.2819973],[-35.7680782,-7.2821756],[-35.7637545,-7.2814679],[-35.7578429,-7.2783816],[-35.7528108,-7.2730122],[-35.7517916,-7.2725226],[-35.7505621,-7.2728209],[-35.7464006,-7.2767786],[-35.7454618,-7.277199],[-35.7314596,-7.277618],[-35.7258108,-7.2739269],[-35.7184669,-7.2655272],[-35.7151365,-7.2630041],[-35.7135372,-7.2622539],[-35.7095931,-7.2610525],[-35.7036491,-7.2603038],[-35.6908433,-7.2608859],[-35.6882682,-7.2607286],[-35.6779866,-7.2556898],[-35.6767353,-7.2554211],[-35.6689444,-7.2552458],[-35.6662251,-7.2543568],[-35.6626081,-7.2522415],[-35.6586546,-7.2513934],[-35.6576487,-7.2504535],[-35.656676,-7.2473593],[-35.6554285,-7.2463772],[-35.6271678,-7.2417209],[-35.6198694,-7.2407845],[-35.6052176,-7.2380569],[-35.6044521,-7.2375843],[-35.6012485,-7.2338485],[-35.59547,-7.2179637],[-35.5940657,-7.2163398],[-35.5562405,-7.2024069],[-35.5541852,-7.2022991],[-35.5386928,-7.2043188],[-35.5367998,-7.2051178],[-35.5329871,-7.2079154],[-35.5302351,-7.2085179],[-35.5005464,-7.20343],[-35.4986219,-7.202826],[-35.4811359,-7.1936094],[-35.4154701,-7.1772234],[-35.3983334,-7.1741703],[-35.3624838,-7.1668569],[-35.3440556,-7.1690056],[-35.3258058,-7.1776211],[-35.2931714,-7.1856061],[-35.2695369,-7.1909732],[-35.2603546,-7.1895259],[-35.2387668,-7.1910614],[-35.2353296,-7.1915497],[-35.223639,-7.1920667],[-35.2219008,-7.191699],[-35.2121955,-7.1879419],[-35.201747,-7.1871442],[-35.2002241,-7.186612],[-35.1976217,-7.1850352],[-35.1965153,-7.1849128],[-35.1888469,-7.1876352],[-35.1840431,-7.1908897],[-35.1584494,-7.201731],[-35.1536054,-7.2040621],[-35.1482577,-7.2056505],[-35.1163917,-7.2034853],[-35.1123422,-7.2029218],[-35.0864522,-7.2009513],[-35.0815616,-7.2008203],[-35.0769952,-7.2001703],[-35.0752788,-7.1996001],[-35.0686833,-7.19533],[-35.0596905,-7.1884814],[-35.0513434,-7.1825098],[-35.048306,-7.1806727],[-35.0455312,-7.1783907],[-35.0293976,-7.1668087],[-35.0257753,-7.1645187],[-35.0184596,-7.1590085],[-34.9986425,-7.1453911],[-34.9949782,-7.1423591],[-34.9935351,-7.1419985],[-34.9887574,-7.1433332],[-34.9867921,-7.1434543],[-34.9774928,-7.1414263],[-34.9597453,-7.1331213],[-34.9546579,-7.1302868],[-34.9485515,-7.1257977],[-34.9461624,-7.125136],[-34.9446776,-7.1254623],[-34.9346871,-7.1303204],[-34.93201,-7.1317816],[-34.929694,-7.133673],[-34.9092494,-7.1519527],[-34.9083354,-7.153272],[-34.9056311,-7.1601009],[-34.8995096,-7.1649744],[-34.8971191,-7.1656976],[-34.8932004,-7.1650057],[-34.8912974,-7.1650735],[-34.8832098,-7.1686835],[-34.8769207,-7.1695903],[-34.8746181,-7.1694553],[-34.8712206,-7.1704164],[-34.8673265,-7.1707673],[-34.8660377,-7.1702603],[-34.8650908,-7.1693821],[-34.856949,-7.1557258],[-34.8508336,-7.1484031],[-34.8506431,-7.1466705],[-34.8522695,-7.1395277],[-34.8543004,-7.1362937],[-34.854425,-7.1342005],[-34.8532355,-7.1321099],[-34.8499042,-7.129197],[-34.8469846,-7.1284082],[-34.8458324,-7.1273951],[-34.8451339,-7.1248408],[-34.8450353,-7.1193175],[-34.842508,-7.1173812],[-34.841822,-7.1159906],[-34.8418442,-7.1148155],[-34.8439766,-7.1062399],[-34.8474741,-7.101417],[-34.8494506,-7.0726494]],[[-34.8434977,-7.1177898],[-34.8445237,-7.1184704],[-34.8451761,-7.1194965],[-34.8452649,-7.125167],[-34.8458205,-7.1271942],[-34.846825,-7.1282235],[-34.8495072,-7.1288716],[-34.8511085,-7.1300832],[-34.8532945,-7.1320807],[-34.8545948,-7.1344304],[-34.8543259,-7.1364794],[-34.8523108,-7.1397323],[-34.8506921,-7.1468888],[-34.85094,-7.1484549],[-34.8570241,-7.1557058],[-34.8651536,-7.1692911],[-34.8661892,-7.1702656],[-34.867338,-7.1706808],[-34.8709756,-7.1703308],[-34.8744404,-7.1693811],[-34.8772144,-7.169442],[-34.8832333,-7.1685979],[-34.8915388,-7.1649405],[-34.8930334,-7.1648966],[-34.8971151,-7.1656018],[-34.8996457,-7.1647941],[-34.9055748,-7.1600464],[-34.9083576,-7.1529553],[-34.9096102,-7.1511829],[-34.9311602,-7.1323031],[-34.9428099,-7.1260159],[-34.9443026,-7.1239787],[-34.9453157,-7.1235802],[-34.9464028,-7.1239582],[-34.9549455,-7.1302942],[-34.9591921,-7.1326715],[-34.9775384,-7.1412932],[-34.9863052,-7.1431815],[-34.9879494,-7.1431362],[-34.9935123,-7.1418681],[-34.9949044,-7.1421568],[-35.0734299,-7.198272],[-35.0753385,-7.1994637],[-35.0778705,-7.2001503],[-35.1481873,-7.2055256],[-35.1509526,-7.2047992],[-35.1837467,-7.1908751],[-35.1893337,-7.1872639],[-35.1966863,-7.1847399],[-35.1977706,-7.1849168],[-35.200109,-7.1864002],[-35.2018426,-7.1870214],[-35.2127299,-7.1877749],[-35.2219185,-7.1915597],[-35.2234591,-7.1919132],[-35.2601615,-7.1893928],[-35.26807,-7.1907966],[-35.269741,-7.1908219],[-35.3222989,-7.178357],[-35.3234864,-7.1776066],[-35.3270457,-7.1739162],[-35.3347329,-7.1671741],[-35.3373393,-7.1665905],[-35.3402361,-7.164504],[-35.3473091,-7.1629146],[-35.3569195,-7.1665725],[-35.3607161,-7.1663709],[-35.3761502,-7.1692105],[-35.3941812,-7.1731446],[-35.4153886,-7.1770574],[-35.481028,-7.1934284],[-35.4925286,-7.1990965],[-35.498414,-7.2025586],[-35.5008488,-7.2033396],[-35.5304477,-7.2083835],[-35.5330501,-7.2077269],[-35.5365289,-7.204855],[-35.5383287,-7.2040328],[-35.5542972,-7.2021586],[-35.5564068,-7.2023077],[-35.5904488,-7.214565],[-35.5947779,-7.2165554],[-35.5957012,-7.2176736],[-35.6012793,-7.2335066],[-35.6041658,-7.2370579],[-35.6053791,-7.2379675],[-35.6656048,-7.2478838],[-35.6698716,-7.2471235],[-35.6727958,-7.2476637],[-35.6755391,-7.2462322],[-35.6768306,-7.2461643],[-35.6850877,-7.2514965],[-35.6875165,-7.252624],[-35.6907293,-7.256326],[-35.6967554,-7.2603228],[-35.7038766,-7.2601884],[-35.7093393,-7.2608639],[-35.7149776,-7.2627514],[-35.7185903,-7.2654527],[-35.7258484,-7.2737646],[-35.7314287,-7.2774717],[-35.7455437,-7.277038],[-35.7466045,-7.2764221],[-35.7503917,-7.2727358],[-35.7518831,-7.2723939],[-35.7530471,-7.2730538],[-35.7576712,-7.2780996],[-35.7635693,-7.2812312],[-35.7646398,-7.2814963],[-35.768998,-7.2817034],[-35.7696634,-7.2812071],[-35.7722035,-7.277344],[-35.7748412,-7.2762581],[-35.7763003,-7.2759429],[-35.782766,-7.275705],[-35.7872227,-7.2702723],[-35.7933752,-7.2687086],[-35.7994035,-7.2678253],[-35.8041376,-7.2624704],[-35.8116867,-7.2578038],[-35.8165482,-7.2566051],[-35.8267312,-7.2549927],[-35.8386911,-7.2517214],[-35.8661944,-7.2377231],[-35.8670225,-7.2367693]],[[-34.8701723,-7.1703494],[-34.8720599,-7.1699643]],[[-34.8710755,-7.1705215],[-34.869902,-7.1706994]],[[-34.829623,-6.9828783],[-34.8287771,-6.9870012],[-34.8282333,-6.9945015],[-34.828409,-6.9996995],[-34.828944,-7.0039204],[-34.8305427,-7.0084394],[-34.8496062,-7.0503788],[-34.8504768,-7.0536182],[-34.8507444,-7.0560865],[-34.8501293,-7.0681009]],[[-34.8500527,-7.0656235],[-34.85067,-7.0570947],[-34.8504567,-7.0542125],[-34.8498125,-7.0513219],[-34.830352,-7.0083117],[-34.828822,-7.0039324],[-34.8283862,-7.0013327],[-34.8281439,-6.9950966],[-34.8286789,-6.9870002],[-34.829623,-6.9828783]],[[-34.8497633,-7.0721847],[-34.8476342,-7.1015244],[-34.8472515,-7.1024557],[-34.8447121,-7.1051945],[-34.8440429,-7.1063157],[-34.8419749,-7.1147569],[-34.842272,-7.1165175],[-34.8434977,-7.1177898]],[[-34.8436437,-7.1174586],[-34.8434977,-7.1177898]],[[-34.829623,-6.9828783],[-34.8325429,-6.9727937],[-34.8332322,-6.9722319],[-34.836701,-6.9711323],[-34.8383395,-6.9711302]],[[-34.836188,-7.0205182],[-34.837893,-7.0242293]],[[-34.837562,-7.0244095],[-34.8358736,-7.0206609]]]}},{"type":"Feature","properties":{"ref":"BR-361","jurisdicao":"federal","tipo":"primary","km":138.1},"geometry":{"type":"MultiLineString","coordinates":[[[-38.6263889,-7.704399],[-38.6227372,-7.7051035],[-38.6198099,-7.7039203],[-38.6186546,-7.7024808],[-38.6185431,-7.7007735],[-38.6167652,-7.6965449],[-38.6149564,-7.6937199],[-38.6126657,-7.6919908],[-38.6119315,-7.6904876],[-38.6109509,-7.690431],[-38.6032258,-7.6926804],[-38.6019007,-7.6924201],[-38.5993787,-7.6891795],[-38.5978387,-7.6879778],[-38.5968963,-7.6867469],[-38.5969872,-7.6856526],[-38.5980874,-7.6847855],[-38.599461,-7.6828469],[-38.5998452,-7.6815011],[-38.5995183,-7.679076],[-38.5970684,-7.674284],[-38.596296,-7.6737166],[-38.5939236,-7.6732075],[-38.5932098,-7.6719165],[-38.590692,-7.670625],[-38.5898607,-7.6685886],[-38.587479,-7.6677092],[-38.5861807,-7.6681813],[-38.5851907,-7.6678295],[-38.5840045,-7.6664874],[-38.5834161,-7.6651729],[-38.5823607,-7.6648489],[-38.5819404,-7.6639233],[-38.580322,-7.6629435],[-38.5799807,-7.6616246],[-38.5792033,-7.6604716],[-38.57794,-7.6604676],[-38.5770836,-7.6616554],[-38.575687,-7.6609381],[-38.5758708,-7.6588797],[-38.5749086,-7.6575948],[-38.5749167,-7.6563328],[-38.5730048,-7.6546823],[-38.5718158,-7.6540649],[-38.571321,-7.6532637],[-38.5703868,-7.6527968],[-38.5683753,-7.6526057],[-38.5677329,-7.6508724],[-38.5667431,-7.6500829],[-38.5654121,-7.6508272],[-38.5642661,-7.6503979],[-38.5640636,-7.6499274],[-38.5644539,-7.6486879],[-38.5641012,-7.6474345],[-38.5652304,-7.646966],[-38.5654201,-7.6438683],[-38.5667914,-7.6413781],[-38.5664481,-7.6406869],[-38.5664675,-7.6394999],[-38.5656696,-7.6385575],[-38.5636827,-7.63775],[-38.5636391,-7.6371559],[-38.5646101,-7.6365258],[-38.5646094,-7.6359855],[-38.5622437,-7.634201],[-38.5614236,-7.6327455],[-38.5613418,-7.6303024],[-38.5601959,-7.6279397],[-38.5592973,-7.6285332],[-38.5581976,-7.6266623]],[[-38.5581976,-7.6266623],[-38.5571335,-7.6262157],[-38.556139,-7.6249954]],[[-38.556139,-7.6249954],[-38.5570805,-7.626102],[-38.5581976,-7.6266623]],[[-38.556139,-7.6249954],[-38.553953,-7.6227915],[-38.5514103,-7.6189114],[-38.5483365,-7.6174067],[-38.5478456,-7.6144225],[-38.5485685,-7.6128712],[-38.5474594,-7.6088355],[-38.5477692,-7.6062128],[-38.546239,-7.6031487],[-38.5456422,-7.6029041],[-38.5436104,-7.6032704],[-38.5432443,-7.6030856],[-38.5437767,-7.6017463],[-38.5435957,-7.5996952],[-38.543133,-7.5988085],[-38.5438196,-7.5970073],[-38.5436835,-7.5964489],[-38.5384364,-7.5952898],[-38.5378826,-7.5930737],[-38.5368794,-7.5914081],[-38.5327998,-7.5898687],[-38.5299566,-7.5892053],[-38.5290232,-7.588421],[-38.5270599,-7.5884409],[-38.5258099,-7.5900229],[-38.5243267,-7.5899591],[-38.5233329,-7.589313],[-38.5223781,-7.5860999],[-38.5212743,-7.5855443],[-38.5200472,-7.5830477],[-38.5179672,-7.5815309],[-38.5170096,-7.579929],[-38.5153963,-7.5796977],[-38.5122876,-7.5770336],[-38.5109901,-7.5746533],[-38.5053769,-7.571474],[-38.5042785,-7.5705574],[-38.5013723,-7.5621707],[-38.5011135,-7.5602589],[-38.4993225,-7.5582169],[-38.4983133,-7.5563377],[-38.4975381,-7.5536994],[-38.4970607,-7.55304],[-38.497076,-7.5523147]],[[-38.1527147,-7.3041285],[-38.1500271,-7.3045256]],[[-38.1500271,-7.3045256],[-38.1526925,-7.3040491]],[[-38.1500271,-7.3045256],[-38.1500325,-7.3022622],[-38.1496744,-7.3014853],[-38.1469962,-7.298459],[-38.1439036,-7.2971155],[-38.1422393,-7.2972592],[-38.1381033,-7.2999449],[-38.1353527,-7.3011275],[-38.1290072,-7.3006137],[-38.1220534,-7.29777],[-38.1080643,-7.2931434],[-38.0967843,-7.2913463],[-38.0899192,-7.2896489],[-38.0777767,-7.2806867],[-38.0642874,-7.2691168],[-38.0613476,-7.2676648],[-38.0604246,-7.2668785],[-38.0596576,-7.2655607],[-38.0584472,-7.260355],[-38.0534872,-7.2515907],[-38.0524435,-7.2503657],[-38.0428213,-7.2419767],[-38.0180215,-7.2251263],[-38.0161701,-7.2244631],[-37.9780049,-7.2206253],[-37.97597,-7.2199863],[-37.9507591,-7.2086536],[-37.9424496,-7.2076172],[-37.9347074,-7.2072832],[-37.9313131,-7.2077396],[-37.9301651,-7.2075001],[-37.9290734,-7.2065381],[-37.9266592,-7.2027809],[-37.9260305,-7.1969763],[-37.9248207,-7.1928802],[-37.921696,-7.189776],[-37.9202825,-7.1890323],[-37.912281,-7.1883692],[-37.9048802,-7.1894762],[-37.8991095,-7.1908316],[-37.8912479,-7.1884246],[-37.8870377,-7.1861071],[-37.8855266,-7.1856351],[-37.873051,-7.1854521],[-37.8716338,-7.1857904],[-37.8670273,-7.1878272],[-37.8536717,-7.1896158],[-37.849184,-7.1920934],[-37.8474212,-7.1926429],[-37.8259635,-7.1928389],[-37.8068459,-7.1970248],[-37.8019032,-7.200699],[-37.7921256,-7.205154],[-37.7886015,-7.2085639],[-37.7871189,-7.2092301],[-37.758745,-7.2122576],[-37.7570149,-7.2121433],[-37.7556516,-7.2116832],[-37.7539646,-7.2105367],[-37.742164,-7.1995018],[-37.7366761,-7.1960505],[-37.7344074,-7.1954233],[-37.7242862,-7.1952766],[-37.7161566,-7.1904399],[-37.7149358,-7.1894075],[-37.7067553,-7.180073],[-37.7022638,-7.1734008],[-37.6991744,-7.1695704],[-37.6981053,-7.168746],[-37.6746864,-7.1609394],[-37.6661872,-7.155054],[-37.6470819,-7.1537582],[-37.6387444,-7.1505774],[-37.629291,-7.1458814],[-37.6173511,-7.1360023],[-37.6113684,-7.1339144],[-37.6092023,-7.132152],[-37.6086442,-7.131138],[-37.607785,-7.1253445],[-37.609857,-7.1153398],[-37.6056707,-7.1041383],[-37.6047963,-7.1032807],[-37.5873287,-7.0931621],[-37.5792584,-7.0915742],[-37.567259,-7.0915071],[-37.5493655,-7.0885978],[-37.5401451,-7.0863253],[-37.5300124,-7.0879563],[-37.5165269,-7.087945],[-37.5076313,-7.0868137],[-37.4975167,-7.0889817],[-37.4839246,-7.0893703],[-37.4825406,-7.089168],[-37.467535,-7.0844415],[-37.4410334,-7.0853258],[-37.4253713,-7.0817265],[-37.4238479,-7.0810784],[-37.4200714,-7.0779603],[-37.4163611,-7.0719708],[-37.4150265,-7.0705136],[-37.3803203,-7.0461369],[-37.341557,-7.0397588],[-37.3399705,-7.0398147],[-37.3323838,-7.0416528],[-37.3283914,-7.0414292],[-37.3266453,-7.0408702],[-37.3209563,-7.0377463],[-37.3033999,-7.0346092],[-37.2899954,-7.0311204]]]}},{"type":"Feature","properties":{"ref":"BR-405","jurisdicao":"federal","tipo":"trunk","km":50.3},"geometry":{"type":"MultiLineString","coordinates":[[[-38.4492676,-6.7214073],[-38.447299,-6.6937118],[-38.4468695,-6.6914763],[-38.4237736,-6.632636],[-38.4118941,-6.6103011],[-38.4107767,-6.6067536],[-38.4106238,-6.6034857],[-38.4122814,-6.5844494],[-38.4136473,-6.5381939],[-38.416933,-6.5172484],[-38.4127575,-6.5116055],[-38.4071745,-6.5063316],[-38.4042777,-6.50475],[-38.3992077,-6.4994034],[-38.3975856,-6.4986312]],[[-38.3583824,-6.8470383],[-38.3597278,-6.8456673],[-38.3612877,-6.8452952],[-38.3758038,-6.8477844],[-38.3799327,-6.8465304],[-38.382325,-6.8443214],[-38.3851083,-6.8431529],[-38.3916089,-6.84319],[-38.3936263,-6.842578],[-38.3949713,-6.8415394],[-38.3976239,-6.8382936],[-38.3996375,-6.8334399],[-38.4060144,-6.8232119],[-38.4074038,-6.8222505],[-38.4104884,-6.8216779],[-38.4156221,-6.81796],[-38.4210737,-6.8074508],[-38.4186946,-6.7947254],[-38.4189051,-6.7921952],[-38.4448649,-6.7391623]],[[-38.3975856,-6.4986312],[-38.3963048,-6.498472],[-38.3957087,-6.4973101]],[[-38.3957087,-6.4973101],[-38.396327,-6.4980553],[-38.3975856,-6.4986312]],[[-38.3957087,-6.4973101],[-38.3781114,-6.4609264],[-38.3763827,-6.4582806],[-38.3722945,-6.4555836]],[[-38.3583824,-6.8470383],[-38.3579866,-6.8476858]],[[-38.3578668,-6.8475983],[-38.3583824,-6.8470383]]]}},{"type":"Feature","properties":{"ref":"BR-408","jurisdicao":"federal","tipo":"primary","km":115.9},"geometry":{"type":"MultiLineString","coordinates":[[[-35.867332,-7.2371789],[-35.8498113,-7.2460858],[-35.848046,-7.2472622],[-35.8385523,-7.2518737],[-35.8298506,-7.2545031],[-35.8161928,-7.2568166],[-35.8118221,-7.2578956],[-35.8042529,-7.2625688],[-35.7994491,-7.2679769],[-35.7930748,-7.2688908],[-35.787288,-7.2703928],[-35.7827912,-7.2758737],[-35.7762815,-7.2760852],[-35.7729826,-7.2771391],[-35.7720876,-7.2778777],[-35.7698699,-7.2814466],[-35.7682981,-7.2821862],[-35.7637545,-7.2814679],[-35.7578429,-7.2783816],[-35.7528108,-7.2730122],[-35.7517916,-7.2725226],[-35.7505621,-7.2728209],[-35.7464006,-7.2767786],[-35.7454618,-7.277199],[-35.7314596,-7.277618],[-35.7258108,-7.2739269],[-35.7184669,-7.2655272],[-35.7151365,-7.2630041],[-35.7138267,-7.2623503],[-35.7095931,-7.2610525],[-35.7036491,-7.2603038],[-35.6908433,-7.2608859],[-35.6882682,-7.2607286],[-35.6779866,-7.2556898],[-35.6767353,-7.2554211],[-35.6689444,-7.2552458],[-35.6662251,-7.2543568],[-35.6626081,-7.2522415],[-35.6586546,-7.2513934],[-35.6576487,-7.2504535],[-35.656676,-7.2473593],[-35.6554285,-7.2463772],[-35.6271678,-7.2417209],[-35.6250327,-7.2416346],[-35.6229349,-7.2410596]],[[-35.6199217,-7.2404183],[-35.6656048,-7.2478838],[-35.6698716,-7.2471235],[-35.6727958,-7.2476637],[-35.6755391,-7.2462322],[-35.6768306,-7.2461643],[-35.6850877,-7.2514965],[-35.6875165,-7.252624],[-35.6907293,-7.256326],[-35.6967554,-7.2603228],[-35.7038766,-7.2601884],[-35.7093393,-7.2608639],[-35.7149776,-7.2627514],[-35.7185903,-7.2654527],[-35.7258484,-7.2737646],[-35.7314287,-7.2774717],[-35.7455437,-7.277038],[-35.7466045,-7.2764221],[-35.7503917,-7.2727358],[-35.7518831,-7.2723939],[-35.7528701,-7.2728795],[-35.7580736,-7.2783603],[-35.7635693,-7.2812312],[-35.7683277,-7.2818616],[-35.7696634,-7.2812071],[-35.771921,-7.2776467],[-35.7727598,-7.2770377],[-35.7759304,-7.2759897],[-35.782766,-7.275705],[-35.7872227,-7.2702723],[-35.7933752,-7.2687086],[-35.7994035,-7.2678253],[-35.8041376,-7.2624704],[-35.8116867,-7.2578038],[-35.8165482,-7.2566051],[-35.8267312,-7.2549927],[-35.8386911,-7.2517214],[-35.8661944,-7.2377231],[-35.8670225,-7.2367693]],[[-35.6222546,-7.2413],[-35.6216465,-7.2437939],[-35.620524,-7.2542631],[-35.6206507,-7.2558744],[-35.6218248,-7.2601232],[-35.6215687,-7.2618297],[-35.6207925,-7.264091],[-35.6180634,-7.2691875],[-35.6139207,-7.2836093],[-35.6113726,-7.288707]],[[-35.6218079,-7.2409042],[-35.6198694,-7.2407845]],[[-35.6113726,-7.288707],[-35.6112514,-7.2893093],[-35.6109347,-7.2893673]],[[-35.6109347,-7.2893673],[-35.6113726,-7.288707]],[[-35.6109347,-7.2893673],[-35.6100779,-7.2892511]],[[-35.6099785,-7.2892064],[-35.6083484,-7.2887271],[-35.6050278,-7.2895464],[-35.6025374,-7.292294],[-35.6009938,-7.2959768],[-35.598966,-7.2985335],[-35.5983236,-7.300904],[-35.597924,-7.3058897],[-35.5973728,-7.3074048],[-35.5955808,-7.3094957],[-35.5915444,-7.3115464],[-35.581073,-7.310723],[-35.5778812,-7.3110569],[-35.5711048,-7.3074387],[-35.5676246,-7.3063985],[-35.5658292,-7.3050061],[-35.5586786,-7.3028152],[-35.5549342,-7.3025119],[-35.5527777,-7.3012242],[-35.5500365,-7.3005964],[-35.5485323,-7.2991352],[-35.545585,-7.2982631],[-35.5426886,-7.2965769],[-35.5398628,-7.2962047],[-35.536318,-7.2948604],[-35.5329594,-7.2950036],[-35.5289353,-7.2956882],[-35.5223688,-7.2987105],[-35.5156499,-7.3003759],[-35.51256,-7.3001844],[-35.5046475,-7.2980427],[-35.5021745,-7.2978977],[-35.4971936,-7.2995884],[-35.4934178,-7.2989333],[-35.4853684,-7.2993989],[-35.4822833,-7.2992332],[-35.4812218,-7.299482],[-35.4803158,-7.3001212]],[[-35.4803158,-7.3001212],[-35.4772957,-7.3035838],[-35.4766982,-7.3055638]],[[-35.4766982,-7.3055638],[-35.477262,-7.3035653],[-35.4803158,-7.3001212]],[[-35.4766982,-7.3055638],[-35.4759938,-7.3082613],[-35.4754143,-7.309278],[-35.4726367,-7.3129185],[-35.4698659,-7.3158669],[-35.4620433,-7.319463],[-35.4568666,-7.3210107],[-35.4481414,-7.3188032],[-35.4220757,-7.3176034],[-35.411945,-7.3189456],[-35.4021458,-7.3174369],[-35.3980805,-7.3173902],[-35.3897296,-7.3160696],[-35.3687444,-7.3184195],[-35.3638154,-7.3153514],[-35.363047,-7.3151579],[-35.3568034,-7.3158282],[-35.3480735,-7.3191435],[-35.3472032,-7.3197956],[-35.3470932,-7.3215807],[-35.3466291,-7.3226816],[-35.3451331,-7.3242694],[-35.3433663,-7.3243547],[-35.339925,-7.3264484],[-35.3384122,-7.3263772],[-35.3375496,-7.3256465]],[[-35.3375496,-7.3256465],[-35.3374224,-7.3255799]],[[-35.3375241,-7.3255377],[-35.3375496,-7.3256465]],[[-35.3374132,-7.3255768],[-35.3373068,-7.3256006]],[[-35.3373068,-7.3256006],[-35.3373565,-7.3254997]],[[-35.3373068,-7.3256006],[-35.333715,-7.3285968]],[[-35.3205856,-7.3384223],[-35.3237563,-7.3369385],[-35.3254484,-7.3345536],[-35.3262296,-7.333955],[-35.3282951,-7.3330328],[-35.3301968,-7.3327018],[-35.3314066,-7.3319586],[-35.3336649,-7.3286565]],[[-35.3203597,-7.3383393],[-35.3205856,-7.3384223]],[[-35.3205856,-7.3384223],[-35.3203069,-7.3384033]],[[-35.2444835,-7.3726072],[-35.2548869,-7.3682765],[-35.2683905,-7.3649567],[-35.2772049,-7.3615272],[-35.283146,-7.359961],[-35.2983702,-7.3518929],[-35.3106535,-7.3474057],[-35.3165267,-7.342722],[-35.320131,-7.3386029]],[[-35.2444835,-7.3726072],[-35.2381316,-7.3753138]],[[-35.2381316,-7.3753138],[-35.2444835,-7.3726072]],[[-35.2381316,-7.3753138],[-35.2352235,-7.3772541]],[[-35.2333568,-7.3778513],[-35.233268,-7.379638]]]}},{"type":"Feature","properties":{"ref":"BR-412","jurisdicao":"federal","tipo":"trunk","km":129.2},"geometry":{"type":"MultiLineString","coordinates":[[[-36.8811283,-7.6737029],[-36.9239786,-7.7060385],[-36.9307069,-7.7124717],[-36.975879,-7.7469917],[-36.9786176,-7.7496141],[-36.9813541,-7.7540821],[-37.018528,-7.7936549]],[[-36.8811283,-7.6737029],[-36.875211,-7.6692242]],[[-36.875211,-7.6692242],[-36.8811283,-7.6737029]],[[-36.1099243,-7.1526566],[-36.1122295,-7.1537737],[-36.1349386,-7.1621896],[-36.1416612,-7.1665804],[-36.1982774,-7.2403844],[-36.2063228,-7.2456774],[-36.225569,-7.2514857],[-36.2290414,-7.2534068],[-36.2313644,-7.2556434],[-36.2451089,-7.2736772],[-36.2478877,-7.275803],[-36.3084417,-7.293284],[-36.311714,-7.2947407],[-36.3206291,-7.2996363],[-36.3246933,-7.302557],[-36.3335474,-7.3100532],[-36.3379297,-7.3123202],[-36.3416648,-7.3132611],[-36.358827,-7.3145739],[-36.361725,-7.3151203],[-36.3668762,-7.3172149],[-36.3752801,-7.3192853],[-36.3873646,-7.3247924],[-36.3908727,-7.325907],[-36.4130706,-7.3299158],[-36.4169762,-7.3308766],[-36.4187468,-7.3316991],[-36.4254482,-7.3364169],[-36.4330228,-7.3391198],[-36.4461042,-7.3394249],[-36.4495799,-7.3398468],[-36.4583643,-7.3437379],[-36.4654239,-7.346164],[-36.4742604,-7.3511707],[-36.4872701,-7.3562137],[-36.4978399,-7.3597113],[-36.5058678,-7.3642425],[-36.5081732,-7.3661803],[-36.5130977,-7.3718077],[-36.5257987,-7.3828554],[-36.5273624,-7.3846528],[-36.5287913,-7.3877264],[-36.5319765,-7.4023146],[-36.5327965,-7.4039518],[-36.5342765,-7.405529],[-36.5509739,-7.4153045],[-36.5584049,-7.4225821],[-36.5727992,-7.432889],[-36.5758652,-7.4347132],[-36.5833981,-7.438346],[-36.5865739,-7.4402823],[-36.590579,-7.4437235],[-36.60374,-7.4573035],[-36.6557953,-7.4924984],[-36.6583447,-7.4936259],[-36.6611597,-7.4939092],[-36.6639738,-7.4933413],[-36.6681838,-7.4911577],[-36.6700565,-7.4906076],[-36.6727049,-7.4907604],[-36.674786,-7.4916802],[-36.6760533,-7.4927626],[-36.680816,-7.4984923],[-36.6894839,-7.5056148],[-36.6938912,-7.5083995],[-36.7027371,-7.5123298],[-36.705569,-7.514114],[-36.7074239,-7.5160137],[-36.7148261,-7.5258882],[-36.7169892,-7.5278784],[-36.7266954,-7.5353896],[-36.7307697,-7.5381151],[-36.7381559,-7.5417799],[-36.7430198,-7.5447234],[-36.7485358,-7.5503038],[-36.7547461,-7.5553847],[-36.7631295,-7.5601934],[-36.7682963,-7.564148],[-36.7740881,-7.5678147],[-36.7803448,-7.574421],[-36.8040759,-7.5927343],[-36.8065545,-7.5950668],[-36.8158779,-7.6054625],[-36.8218977,-7.6096712],[-36.8293315,-7.6178042],[-36.8312117,-7.6194578],[-36.8390787,-7.625135],[-36.8425669,-7.6271754],[-36.8501294,-7.6306261],[-36.8560919,-7.6321653],[-36.8580553,-7.633242],[-36.8640205,-7.6390374],[-36.8656594,-7.6414858],[-36.8684475,-7.652179],[-36.8693729,-7.6538458],[-36.874013,-7.659587],[-36.8740535,-7.6605124],[-36.8731096,-7.6643063],[-36.8731512,-7.6656835],[-36.8737901,-7.6675305],[-36.875211,-7.6692242]],[[-36.1110171,-7.1512275],[-36.1100006,-7.1518469],[-36.1099243,-7.1526566]],[[-36.1099243,-7.1526566],[-36.1093046,-7.1516662]]]}},{"type":"Feature","properties":{"ref":"BR-426","jurisdicao":"federal","tipo":"secondary","km":126.0},"geometry":{"type":"MultiLineString","coordinates":[[[-38.0165483,-7.7609588],[-38.0140699,-7.760153],[-38.0127865,-7.7593264],[-37.9980593,-7.7459247],[-37.9926642,-7.7369832]],[[-37.9926642,-7.7369832],[-37.9924077,-7.7366273],[-37.9918158,-7.7368683]],[[-37.9918158,-7.7368683],[-37.9920994,-7.7371298],[-37.9926642,-7.7369832]],[[-37.8773241,-7.6360952],[-37.8748755,-7.6428059],[-37.8852005,-7.6468025],[-37.9005594,-7.6613787],[-37.9011924,-7.662358],[-37.9063348,-7.6797422],[-37.9073093,-7.6821783],[-37.9285846,-7.7109021],[-37.930057,-7.7149215],[-37.9318393,-7.7175138],[-37.951568,-7.7280689],[-37.9629521,-7.7349895],[-37.9768429,-7.7352689],[-37.9836843,-7.7367592],[-37.9864344,-7.7361647],[-37.9895373,-7.7367281],[-37.9916852,-7.7362387],[-37.9918158,-7.7368683]],[[-37.9847203,-7.3819811],[-37.9848666,-7.383071],[-37.9870139,-7.3850092]],[[-37.9655153,-7.2152672],[-37.9505324,-7.2085951],[-37.9424496,-7.2076172],[-37.9347074,-7.2072832],[-37.9304802,-7.2076118],[-37.9290734,-7.2065381],[-37.9270269,-7.2035964],[-37.9265393,-7.2022948],[-37.9223263,-7.2123059],[-37.9232302,-7.2156121],[-37.9270001,-7.2186363],[-37.9278772,-7.219686],[-37.9528713,-7.273841],[-37.9599031,-7.2804245],[-37.9605263,-7.281431],[-37.9688885,-7.3230233],[-37.9718822,-7.3492327],[-37.9720022,-7.352387],[-37.9739287,-7.355502],[-37.9751162,-7.3592681],[-37.9772204,-7.3616223],[-37.97933,-7.3686569],[-37.9820229,-7.3742882],[-37.9847203,-7.3819811]],[[-37.9847203,-7.3819811],[-37.9847527,-7.3830582],[-37.9868998,-7.3851311],[-37.9891495,-7.3979711],[-37.9834244,-7.4268312],[-37.9814905,-7.4320761],[-37.983588,-7.4348368],[-37.9858263,-7.4403356],[-37.9913905,-7.4434793],[-37.9960294,-7.4475724],[-37.9944871,-7.4486642],[-37.9925982,-7.4490591],[-37.9917238,-7.4499128],[-37.9902372,-7.4502293],[-37.9874691,-7.4517054],[-37.98646,-7.4538549],[-37.9843269,-7.4545478],[-37.982843,-7.4557419],[-37.982039,-7.4570869],[-37.9829389,-7.4588768],[-37.9821751,-7.4599938],[-37.9789833,-7.4609333],[-37.9773438,-7.4609539],[-37.9759946,-7.4605895],[-37.9739884,-7.4594845],[-37.9733312,-7.4607837],[-37.9718681,-7.4616307],[-37.9720639,-7.464003],[-37.971514,-7.4650482],[-37.9702775,-7.4655727],[-37.970417,-7.4663766],[-37.9711144,-7.4671106],[-37.973291,-7.4680121],[-37.9736987,-7.467828],[-37.9743129,-7.4664364],[-37.9743008,-7.465467],[-37.9786581,-7.4646153],[-37.9797095,-7.4658101],[-37.9813067,-7.4660259],[-37.9823045,-7.4674257],[-37.9809074,-7.4712636],[-37.9811592,-7.4757444],[-37.982037,-7.4764658],[-37.9847038,-7.4758674],[-37.9866135,-7.4775595],[-37.9868603,-7.4831761],[-37.9860869,-7.4855937],[-37.9874396,-7.488282],[-37.9872841,-7.4926221],[-37.9877025,-7.4965099],[-37.9871952,-7.4995998],[-37.9848763,-7.5037168],[-37.9839117,-7.5066679],[-37.9828724,-7.5081886],[-37.9810241,-7.5085484],[-37.9807301,-7.5091121],[-37.9781472,-7.5102531],[-37.9771015,-7.5111376],[-37.9709628,-7.5111147],[-37.9690756,-7.5122968],[-37.9684264,-7.514216],[-37.9686983,-7.5145945],[-37.9697499,-7.5144992],[-37.9701936,-7.5148485],[-37.9704452,-7.517422],[-37.9700663,-7.5181429],[-37.9670894,-7.5172835],[-37.9663768,-7.5179591],[-37.9654171,-7.5179301],[-37.9637587,-7.5190694],[-37.9606072,-7.5185839],[-37.9577985,-7.5225143],[-37.9545333,-7.5219463],[-37.9528418,-7.5228706],[-37.9514685,-7.5232163],[-37.9511735,-7.5238066],[-37.9516341,-7.5254339],[-37.9512145,-7.5260654],[-37.9487158,-7.5261341],[-37.9466709,-7.5255205],[-37.9461195,-7.5258147],[-37.9457125,-7.5269391],[-37.9440308,-7.5263487],[-37.942568,-7.526482],[-37.9426578,-7.5270063],[-37.9453373,-7.5285129],[-37.9477293,-7.5304331],[-37.9483915,-7.5315285],[-37.9478127,-7.5335681],[-37.9484382,-7.5344592],[-37.9482956,-7.5351776],[-37.9486951,-7.5360038],[-37.9466231,-7.5378507],[-37.9459136,-7.5379793],[-37.9409965,-7.537201],[-37.9392845,-7.538099],[-37.9377055,-7.5394055],[-37.9345639,-7.5398433],[-37.9313252,-7.5395143],[-37.928694,-7.5387843],[-37.9259955,-7.5385662],[-37.9227461,-7.5369112],[-37.9187077,-7.5354062],[-37.9150922,-7.5328755],[-37.9106051,-7.5318637],[-37.9094653,-7.5329776],[-37.9076176,-7.5335392],[-37.9050234,-7.5350536],[-37.904904,-7.5378874],[-37.9058273,-7.53914],[-37.9070565,-7.5399176],[-37.9068421,-7.5415209],[-37.9074246,-7.5435156],[-37.9089904,-7.5453476],[-37.9110552,-7.5459571],[-37.9117906,-7.5474269],[-37.9118821,-7.5505744],[-37.9103914,-7.5534143],[-37.910357,-7.5553468],[-37.9109569,-7.5569625],[-37.9122022,-7.5588108],[-37.9124598,-7.5605601],[-37.9134812,-7.562756],[-37.9159492,-7.5661291],[-37.9172773,-7.5716088],[-37.9195083,-7.5737186],[-37.9195713,-7.5743579],[-37.9183161,-7.5765409],[-37.9186759,-7.5811915],[-37.9174966,-7.5836232],[-37.9157114,-7.5848783],[-37.9160471,-7.587341],[-37.9158456,-7.5881633],[-37.9123664,-7.5899811],[-37.9117754,-7.5907668],[-37.9099091,-7.5915742],[-37.9084812,-7.5932748],[-37.9060666,-7.5934146],[-37.9046026,-7.5918028],[-37.9017779,-7.5898223],[-37.8992726,-7.590697],[-37.8952535,-7.5945491],[-37.8954813,-7.5963519],[-37.8946155,-7.5969983],[-37.8942099,-7.5979924],[-37.8942812,-7.602371],[-37.8935248,-7.6046682],[-37.8930554,-7.6053567],[-37.8896355,-7.60734],[-37.8887236,-7.6099402],[-37.8871759,-7.6114848],[-37.8872108,-7.6153942],[-37.8884218,-7.6191055],[-37.8883843,-7.6197967],[-37.8860025,-7.6248585],[-37.8834853,-7.6263353],[-37.8809613,-7.6285365],[-37.8812711,-7.6306593],[-37.8791062,-7.6365154]],[[-37.9657064,-7.2149728],[-37.9710396,-7.206745],[-37.9692275,-7.1992449],[-37.9702193,-7.1948564],[-37.9709119,-7.1945035],[-37.978436,-7.1936359],[-37.9798451,-7.1932055],[-37.9900709,-7.1765062],[-37.9882891,-7.1664403],[-37.9884339,-7.1656479],[-37.9901017,-7.1632949],[-37.9901902,-7.1627177],[-37.9899328,-7.1619992],[-37.9821833,-7.1543474],[-37.9820951,-7.1534041],[-37.9844375,-7.1443141],[-37.9829419,-7.1325932],[-37.9804367,-7.1292079],[-37.9784291,-7.120695],[-37.9762492,-7.1201151],[-37.9722506,-7.1146036],[-37.9729286,-7.1059316],[-37.9799721,-7.0969742],[-37.9801438,-7.0964078],[-37.9774616,-7.0930221],[-37.9764745,-7.0839723],[-37.976571,-7.0818557],[-37.9771826,-7.0799605],[-37.9773318,-7.0739809],[-37.9755618,-7.069519],[-37.9770799,-7.0674375],[-37.9773307,-7.0611767],[-37.9770047,-7.0602775],[-37.9754502,-7.0591257],[-37.9752061,-7.058586],[-37.9755239,-7.0580383],[-37.9772723,-7.0571376],[-37.9775208,-7.05636],[-37.9714,-7.05229],[-37.9697062,-7.0494337],[-37.9703298,-7.0452638],[-37.9693508,-7.0428068],[-37.9694809,-7.040049],[-37.9702668,-7.0392623],[-37.9730523,-7.0390055],[-37.9737617,-7.0385729],[-37.9735605,-7.0354357],[-37.974494,-7.033193],[-37.9740861,-7.0327896],[-37.9672936,-7.0303652],[-37.9648688,-7.0308317],[-37.9640159,-7.0304125],[-37.963171,-7.0259349],[-37.9647522,-7.024882],[-37.9652544,-7.0226612],[-37.9639944,-7.0217288],[-37.9610219,-7.0206626],[-37.9604499,-7.0175067],[-37.9594585,-7.0159951]],[[-37.9597156,-7.0154],[-37.9594585,-7.0159951]],[[-37.9594585,-7.0159951],[-37.958976,-7.0153557]],[[-37.8773241,-7.6360952],[-37.8774439,-7.6357317],[-37.8791062,-7.6365154]],[[-37.8791062,-7.6365154],[-37.8773241,-7.6360952]]]}},{"type":"Feature","properties":{"ref":"BR-427","jurisdicao":"federal","tipo":"trunk","km":40.4},"geometry":{"type":"LineString","coordinates":[[-37.7967768,-6.7704275],[-37.792127,-6.7670485],[-37.7897641,-6.7645368],[-37.7880972,-6.7635043],[-37.7745152,-6.7592366],[-37.7688885,-6.7587892],[-37.7667649,-6.7580627],[-37.7494329,-6.7457889],[-37.7489029,-6.7450791],[-37.7483976,-6.7429985],[-37.7478061,-6.7419704],[-37.7437055,-6.7389352],[-37.7419505,-6.7380466],[-37.7364583,-6.7367727],[-37.73493,-6.7367459],[-37.7309614,-6.7377431],[-37.7279837,-6.7389526],[-37.7230379,-6.7397206],[-37.710969,-6.7427537],[-37.7084549,-6.7426925],[-37.6977329,-6.7399265],[-37.6567608,-6.7216516],[-37.6546365,-6.7201372],[-37.6467092,-6.7104916],[-37.6396537,-6.7096099],[-37.6314367,-6.7073629],[-37.6000147,-6.6885398],[-37.578616,-6.6800124],[-37.5771515,-6.6788562],[-37.5716449,-6.6721535],[-37.5555107,-6.6614033],[-37.5544407,-6.6613096],[-37.5367187,-6.6635467],[-37.516533,-6.6524476],[-37.5148269,-6.6517578],[-37.5102859,-6.6508498],[-37.5087427,-6.6508254],[-37.5018182,-6.6520981],[-37.4948399,-6.6545953],[-37.4936113,-6.6547223],[-37.4924957,-6.6542829],[-37.4844465,-6.6480232],[-37.4830557,-6.6475911],[-37.4741532,-6.646393]]}},{"type":"Feature","properties":{"ref":"BR-434","jurisdicao":"federal","tipo":"secondary","km":18.7},"geometry":{"type":"MultiLineString","coordinates":[[[-38.497639,-6.4088638],[-38.4973614,-6.4095316]],[[-38.4973614,-6.4095316],[-38.4975975,-6.4088426]],[[-38.4973614,-6.4095316],[-38.4972444,-6.4149121],[-38.4955962,-6.4171351],[-38.4938206,-6.4186277],[-38.493188,-6.4201678],[-38.4929542,-6.4230216],[-38.4933458,-6.4274847],[-38.4926176,-6.4348157],[-38.4920141,-6.4359245],[-38.4896578,-6.4385445],[-38.4865464,-6.4403835],[-38.4859858,-6.4410925],[-38.4859014,-6.4438537],[-38.4866388,-6.4460957],[-38.4862795,-6.4468002],[-38.4841874,-6.4478043],[-38.4830609,-6.4488654],[-38.4782584,-6.4505422],[-38.4751618,-6.45079],[-38.47129,-6.4517495],[-38.4649627,-6.4581153],[-38.4630711,-6.4592181],[-38.4619781,-6.4591161],[-38.4595989,-6.457445],[-38.4561989,-6.4577569],[-38.4528887,-6.4554435],[-38.448445,-6.4546692],[-38.4472722,-6.455045],[-38.4413405,-6.4592594],[-38.4380903,-6.4597284],[-38.4358808,-6.4611017],[-38.4268767,-6.464721],[-38.4216128,-6.4818403],[-38.4194697,-6.5009511],[-38.4178082,-6.5071962]],[[-38.4178082,-6.5071962],[-38.4163959,-6.5124383]],[[-38.4163959,-6.5124383],[-38.4178082,-6.5071962]],[[-38.4163959,-6.5124383],[-38.4156359,-6.5147994]],[[-38.4156359,-6.5147994],[-38.4156543,-6.5151898]],[[-38.4154518,-6.5149313],[-38.4156359,-6.5147994]]]}},{"type":"Feature","properties":{"ref":"PB-004","jurisdicao":"estadual","tipo":"secondary","km":46.2},"geometry":{"type":"MultiLineString","coordinates":[[[-35.084323,-7.1396409],[-35.0846169,-7.1411821],[-35.0857398,-7.1420147],[-35.0917375,-7.1422566],[-35.0953109,-7.1430118],[-35.1096869,-7.1518455],[-35.1263796,-7.1470178],[-35.1358545,-7.1461935],[-35.1429167,-7.1438867],[-35.1436503,-7.1433638],[-35.1440299,-7.1425693],[-35.1440619,-7.1394386],[-35.143012,-7.1359344],[-35.1429275,-7.1330401],[-35.1451685,-7.1314632],[-35.149861,-7.1296188],[-35.1521134,-7.1269513],[-35.1543362,-7.125413],[-35.1577359,-7.1243138],[-35.1670405,-7.1231634],[-35.1764873,-7.1187852],[-35.1839317,-7.1172082],[-35.1887047,-7.1152134],[-35.1944098,-7.1115497],[-35.2024671,-7.1077011],[-35.206481,-7.1047733],[-35.2109835,-7.1037636],[-35.2202502,-7.1034864],[-35.2225542,-7.1027212],[-35.2301367,-7.0983999]],[[-35.084323,-7.1396409],[-35.0841536,-7.138504],[-35.083396,-7.1376592]],[[-35.083396,-7.1376592],[-35.084236,-7.1383969],[-35.084323,-7.1396409]],[[-35.083396,-7.1376592],[-35.0656336,-7.1261343],[-35.0562184,-7.1251382],[-35.0474281,-7.1296873],[-35.0448626,-7.1306302],[-35.0308017,-7.1231368],[-35.0150585,-7.1192416],[-35.0092006,-7.1195876],[-35.0033051,-7.1205724],[-35.0012076,-7.1205564],[-34.9940476,-7.1214203],[-34.9874653,-7.1228467],[-34.9773069,-7.121089],[-34.9722565,-7.1186015],[-34.9637453,-7.1185088],[-34.9603462,-7.1199153],[-34.9565146,-7.1194819],[-34.9530539,-7.1210801],[-34.9446297,-7.1222325],[-34.938163,-7.1212493],[-34.9368668,-7.1217594],[-34.930994,-7.1257604],[-34.9293116,-7.1261542]],[[-34.9044886,-7.1201735],[-34.9293116,-7.1261542]],[[-34.9293116,-7.1261542],[-34.9253386,-7.1251755],[-34.9243999,-7.1262068],[-34.9203645,-7.1253644],[-34.9119815,-7.1244516],[-34.9119316,-7.1238594],[-34.9052477,-7.1220852],[-34.9054363,-7.1205467],[-34.9045787,-7.1204083]],[[-34.9044886,-7.1201735],[-34.9045787,-7.1204083]],[[-34.9045787,-7.1204083],[-34.904505,-7.120475]],[[-34.904505,-7.120475],[-34.9033204,-7.1217548],[-34.8990992,-7.123204],[-34.8961538,-7.1238337],[-34.894803,-7.1233956]],[[-34.904505,-7.120475],[-34.9042898,-7.1203977]],[[-34.9042898,-7.1203977],[-34.9044886,-7.1201735]],[[-34.8940077,-7.1231061],[-34.8960409,-7.1235959],[-34.8986989,-7.1232406],[-34.9033579,-7.1216576],[-34.9042898,-7.1203977]]]}},{"type":"Feature","properties":{"ref":"PB-008","jurisdicao":"estadual","tipo":"secondary","km":137.0},"geometry":{"type":"MultiLineString","coordinates":[[[-34.9545618,-6.6709078],[-34.9501839,-6.6777267],[-34.9460976,-6.6826451],[-34.9441979,-6.684469],[-34.9408995,-6.6862568]],[[-34.9341939,-6.6902314],[-34.9352255,-6.6932704],[-34.9362264,-6.6989604],[-34.9356649,-6.7074794]],[[-34.8554936,-6.9699553],[-34.8568162,-6.9689432],[-34.855675,-6.9665444],[-34.8561926,-6.9658095],[-34.8559311,-6.9639232],[-34.8599839,-6.960896],[-34.8617421,-6.9587914],[-34.8654653,-6.9518236],[-34.8697673,-6.9407117],[-34.8689814,-6.9370267],[-34.8688077,-6.9325325],[-34.8655777,-6.925224],[-34.8651002,-6.9220881],[-34.8643801,-6.9203627],[-34.8640823,-6.917495],[-34.8631,-6.9151931],[-34.8601918,-6.9103216],[-34.8598753,-6.9049715],[-34.8610709,-6.9027421],[-34.8623228,-6.9014693],[-34.8684936,-6.8997798],[-34.8711805,-6.898469]],[[-34.8626641,-7.5173053],[-34.8623198,-7.5179211]],[[-34.8434977,-7.1177898],[-34.8445237,-7.1184704],[-34.8451761,-7.1194965],[-34.8452649,-7.125167],[-34.8458205,-7.1271942],[-34.846825,-7.1282235],[-34.8495072,-7.1288716],[-34.8511085,-7.1300832],[-34.8532945,-7.1320807],[-34.8545948,-7.1344304],[-34.8543259,-7.1364794],[-34.8523108,-7.1397323],[-34.8507323,-7.1466619],[-34.8507999,-7.1481129],[-34.8567921,-7.1553665],[-34.8626521,-7.1650572]],[[-34.8623198,-7.5179211],[-34.8625949,-7.5172785],[-34.8614538,-7.5165113],[-34.8589043,-7.5138408],[-34.855559,-7.5093918]],[[-34.8318802,-7.5364186],[-34.8329875,-7.5361534],[-34.8348302,-7.5367743],[-34.8366259,-7.5353205],[-34.8393819,-7.534072],[-34.8427306,-7.5275932],[-34.847171,-7.5210438],[-34.8480856,-7.5202148],[-34.8525415,-7.5198538],[-34.8547141,-7.5183142],[-34.8585764,-7.5191146],[-34.8609344,-7.5190631],[-34.8623198,-7.5179211]],[[-34.8622425,-7.1655539],[-34.8621746,-7.1653584]],[[-34.8621746,-7.1653584],[-34.86321,-7.1650745],[-34.8622425,-7.1655539]],[[-34.8622425,-7.1655539],[-34.8555626,-7.1693104],[-34.8545351,-7.1692647],[-34.8538662,-7.1686899]],[[-34.8540485,-7.1685567],[-34.8545763,-7.1690836],[-34.8556385,-7.169083],[-34.8621746,-7.1653584]],[[-34.8610915,-7.1626646],[-34.856949,-7.1557258],[-34.8512567,-7.1490771],[-34.8506565,-7.1478894],[-34.8506431,-7.1466705],[-34.8522695,-7.1395277],[-34.8544536,-7.1358211],[-34.8541877,-7.1335232],[-34.8528244,-7.1316881],[-34.8497895,-7.1291111],[-34.8469846,-7.1284082],[-34.8458324,-7.1273951],[-34.8451339,-7.1248408],[-34.8450353,-7.1193175],[-34.842508,-7.1173812],[-34.841822,-7.1159906],[-34.8418442,-7.1148155],[-34.8439766,-7.1062399],[-34.8474741,-7.101417],[-34.8494506,-7.0726494]],[[-34.8421109,-7.1616549],[-34.8440177,-7.1620577],[-34.8513979,-7.1650078],[-34.8521712,-7.1655892],[-34.8539066,-7.1683373]],[[-34.85368,-7.1683509],[-34.852426,-7.1662154],[-34.8512471,-7.1651265],[-34.8441321,-7.1623191],[-34.8420754,-7.1618324]],[[-34.829623,-6.9828783],[-34.8287771,-6.9870012],[-34.8282333,-6.9945015],[-34.828409,-6.9996995],[-34.828944,-7.0039204],[-34.8305427,-7.0084394],[-34.8496062,-7.0503788],[-34.8504768,-7.0536182],[-34.8507444,-7.0560865],[-34.8501293,-7.0681009]],[[-34.8500527,-7.0656235],[-34.85067,-7.0570947],[-34.8504567,-7.0542125],[-34.8498125,-7.0513219],[-34.830352,-7.0083117],[-34.828822,-7.0039324],[-34.8283862,-7.0013327],[-34.8281439,-6.9950966],[-34.8286789,-6.9870002],[-34.829623,-6.9828783]],[[-34.8497633,-7.0721847],[-34.8476342,-7.1015244],[-34.8472515,-7.1024557],[-34.8447121,-7.1051945],[-34.8440429,-7.1063157],[-34.8419749,-7.1147569],[-34.842272,-7.1165175],[-34.8434977,-7.1177898]],[[-34.8469414,-7.4895057],[-34.8474805,-7.4902929]],[[-34.8474373,-7.4904828],[-34.8471698,-7.4904485],[-34.8469414,-7.4895057]],[[-34.8469414,-7.4895057],[-34.8454893,-7.4874949],[-34.8425134,-7.4809063]],[[-34.8436437,-7.1174586],[-34.8434977,-7.1177898]],[[-34.8423198,-7.4802487],[-34.8425139,-7.4805923]],[[-34.8425139,-7.4805923],[-34.8425134,-7.4809063]],[[-34.8425139,-7.4805923],[-34.8423198,-7.4807009]],[[-34.8425134,-7.4809063],[-34.8423198,-7.4807009]],[[-34.8423198,-7.4807009],[-34.842128,-7.4803516]],[[-34.8420889,-7.4799786],[-34.8423198,-7.4802487]],[[-34.842128,-7.4803516],[-34.8423198,-7.4802487]],[[-34.842128,-7.4803516],[-34.8420889,-7.4799786]],[[-34.8420889,-7.4799786],[-34.8390868,-7.473597],[-34.8329237,-7.4717715]],[[-34.8341459,-7.1625943],[-34.8382491,-7.1615335],[-34.8417535,-7.1616089]],[[-34.8417395,-7.1617831],[-34.8381966,-7.1617144],[-34.8341923,-7.1627625]],[[-34.836188,-7.0205182],[-34.837893,-7.0242293]],[[-34.837562,-7.0244095],[-34.8358736,-7.0206609]],[[-34.8359113,-6.9795394],[-34.835028,-6.9790602],[-34.8345836,-6.9813478]],[[-34.8355477,-7.2191924],[-34.8351993,-7.2190271]],[[-34.8353255,-7.2188575],[-34.8355477,-7.2191924]],[[-34.8133772,-7.2703465],[-34.8110497,-7.2534834],[-34.8111603,-7.2527437],[-34.8165429,-7.2533989],[-34.8255014,-7.2519395],[-34.8299995,-7.2460166],[-34.8347363,-7.2407682],[-34.8426488,-7.2388458],[-34.8434266,-7.2381327],[-34.8432817,-7.2364263],[-34.8407015,-7.2260257],[-34.8395696,-7.2234313],[-34.8381695,-7.2230268],[-34.8355477,-7.2191924]],[[-34.8347229,-7.2183669],[-34.8350602,-7.2185435]],[[-34.8348396,-7.2186818],[-34.8347229,-7.2183669]],[[-34.8347229,-7.2183669],[-34.8319824,-7.2157158],[-34.8277733,-7.208019],[-34.825606,-7.2057545],[-34.8257062,-7.2027776],[-34.8227848,-7.1967187]],[[-34.8302171,-6.9808389],[-34.8345836,-6.9813478]],[[-34.8345836,-6.9813478],[-34.8302171,-6.9808389]],[[-34.8339929,-7.1627846],[-34.8257576,-7.1640157],[-34.8246539,-7.1635673],[-34.8221084,-7.1609705],[-34.8205038,-7.1604509],[-34.8191229,-7.1607041],[-34.8150327,-7.1604244],[-34.809241,-7.1606646],[-34.8009935,-7.1614421]],[[-34.8009935,-7.1614421],[-34.8009612,-7.1609126],[-34.8015185,-7.1610989],[-34.8083166,-7.1605614],[-34.8205756,-7.1603218],[-34.8221608,-7.1608514],[-34.8244701,-7.1632233],[-34.8256919,-7.1638806],[-34.8339745,-7.1626441]],[[-34.8331258,-7.471265],[-34.834783,-7.469156],[-34.8354819,-7.4663579],[-34.8373917,-7.4644219],[-34.8389447,-7.4615629],[-34.8394838,-7.4603183],[-34.840259,-7.4561056],[-34.8394261,-7.4547293],[-34.8374802,-7.4541468],[-34.8367681,-7.4533144],[-34.8361431,-7.4515405],[-34.8361377,-7.4480618],[-34.8347336,-7.4456907],[-34.8344815,-7.4444208],[-34.8383787,-7.4305441],[-34.8355544,-7.4267407],[-34.8331511,-7.4221527],[-34.8318771,-7.4207617],[-34.8281944,-7.4178599],[-34.8253043,-7.4137412],[-34.818693,-7.4078002],[-34.8154038,-7.4074299],[-34.8145924,-7.4070583],[-34.8116001,-7.4040625],[-34.8112635,-7.4032837],[-34.8111567,-7.3967541],[-34.8138883,-7.3928732],[-34.8148819,-7.3922583],[-34.8209068,-7.3921492],[-34.8217799,-7.391822],[-34.8224216,-7.3910626],[-34.8234449,-7.3882491],[-34.8269948,-7.3858285],[-34.8298151,-7.3822921],[-34.82997,-7.3811244],[-34.8287161,-7.3796707],[-34.8264335,-7.3783001],[-34.8237486,-7.3779783],[-34.822832,-7.3771384],[-34.8216813,-7.3701605],[-34.8205595,-7.3667656],[-34.8198889,-7.3606567],[-34.8198366,-7.3586084],[-34.8215733,-7.3546248],[-34.8201571,-7.3519594],[-34.8186618,-7.3514313],[-34.811208,-7.3514992],[-34.8043254,-7.3504477]],[[-34.8331258,-7.471265],[-34.8329237,-7.4717715]],[[-34.8329237,-7.4717715],[-34.8331258,-7.471265]],[[-34.829045,-7.5383504],[-34.8318802,-7.5364186]],[[-34.8318802,-7.5364186],[-34.829045,-7.5383504]],[[-34.830802,-7.548475],[-34.8300225,-7.5476165],[-34.8291794,-7.5475911],[-34.8298594,-7.5471311],[-34.8276459,-7.5450691],[-34.8265797,-7.5428841],[-34.8265435,-7.542093],[-34.8274971,-7.5400033],[-34.829045,-7.5383504]],[[-34.829623,-6.9828783],[-34.8302171,-6.9808389]],[[-34.8227848,-7.1967187],[-34.82244,-7.1963884]],[[-34.8227599,-7.1962237],[-34.8227848,-7.1967187]],[[-34.8223529,-7.1963597],[-34.8219093,-7.1963989]],[[-34.8219093,-7.1963989],[-34.8221897,-7.1960758]],[[-34.8219093,-7.1963989],[-34.8178719,-7.1973562],[-34.8160829,-7.1983275],[-34.8100385,-7.1991777],[-34.8081653,-7.1974985],[-34.8052669,-7.1939127]],[[-34.8188126,-7.2686773],[-34.8191257,-7.2686388],[-34.8189922,-7.2689374]],[[-34.8117966,-7.2719653],[-34.8011396,-7.2784378],[-34.800809,-7.2790691],[-34.8009331,-7.2817769],[-34.8032551,-7.2888435],[-34.8064604,-7.290568],[-34.8067971,-7.2915817],[-34.8079987,-7.2930503],[-34.8081254,-7.2952349]],[[-34.8082158,-7.295451],[-34.8082664,-7.2958188]],[[-34.8082664,-7.2958188],[-34.8081762,-7.2960175]],[[-34.8082664,-7.2958188],[-34.8080806,-7.2958436]],[[-34.8080624,-7.2954585],[-34.8082158,-7.295451]],[[-34.8081254,-7.2952349],[-34.8082158,-7.295451]],[[-34.8081762,-7.2960175],[-34.8080806,-7.2958436]],[[-34.8038527,-7.3503686],[-34.8044018,-7.3464994],[-34.8031439,-7.342936],[-34.8031841,-7.3421872],[-34.8036683,-7.3416724],[-34.8090568,-7.3395735],[-34.8097019,-7.3388313],[-34.8099178,-7.338],[-34.8100506,-7.3345922],[-34.8068809,-7.3162593],[-34.8075387,-7.3141865],[-34.8089777,-7.3127748],[-34.8095493,-7.3116565],[-34.8092955,-7.3104124],[-34.8100145,-7.3035959],[-34.8087557,-7.300054],[-34.8087671,-7.2984524],[-34.8081762,-7.2960175]],[[-34.8080624,-7.2954585],[-34.8081254,-7.2952349]],[[-34.8080806,-7.2958436],[-34.8080624,-7.2954585]],[[-34.8052669,-7.1939127],[-34.8040961,-7.1927432],[-34.8021153,-7.1898905],[-34.8017621,-7.1878524],[-34.8023681,-7.1861743],[-34.8060755,-7.1816662],[-34.8063625,-7.1802066],[-34.8057604,-7.1791062],[-34.8018725,-7.1769386],[-34.8012207,-7.1759087],[-34.8009177,-7.1693621],[-34.799989,-7.1666736],[-34.8006669,-7.164846],[-34.8004875,-7.160575]],[[-34.8009935,-7.1614421],[-34.8007098,-7.1625932],[-34.8007795,-7.1651002],[-34.800119,-7.1667927],[-34.8010471,-7.1693369],[-34.8013897,-7.1760192],[-34.8020683,-7.1769067],[-34.8056336,-7.1788235],[-34.8065154,-7.1801893],[-34.8063814,-7.1814214],[-34.8029535,-7.1857271],[-34.8022427,-7.1877709],[-34.8027617,-7.1904626],[-34.8052669,-7.1939127]],[[-34.8038527,-7.3503686],[-34.8043254,-7.3504477]],[[-34.8043254,-7.3504477],[-34.8038527,-7.3503686]]]}},{"type":"Feature","properties":{"ref":"PB-011","jurisdicao":"estadual","tipo":"secondary","km":20.3},"geometry":{"type":"MultiLineString","coordinates":[[[-34.9691579,-7.0862415],[-34.9690419,-7.0851515],[-34.9694449,-7.083456],[-34.9692507,-7.0831781],[-34.959455,-7.0778077],[-34.9573448,-7.0760376],[-34.9542649,-7.0671113],[-34.953937,-7.061208],[-34.9521198,-7.0578314],[-34.9478296,-7.0597439],[-34.94192,-7.0595383],[-34.9360728,-7.0599782],[-34.9258241,-7.0627525],[-34.918727,-7.0631571],[-34.9138105,-7.0604952],[-34.9120939,-7.0550703],[-34.9103491,-7.0512758],[-34.9098355,-7.0507427]],[[-34.9041358,-7.051156],[-34.9016534,-7.0515393],[-34.8982899,-7.0506981],[-34.8967409,-7.051168],[-34.8954347,-7.050026],[-34.8948365,-7.0480402],[-34.8937725,-7.0467961],[-34.8884422,-7.0431422],[-34.885194,-7.043033],[-34.8828739,-7.0435308],[-34.8812767,-7.0432292],[-34.8799288,-7.0423542],[-34.8778147,-7.0401982],[-34.8765305,-7.0371447],[-34.8729658,-7.0348727],[-34.8723489,-7.0331703],[-34.8715134,-7.0279275],[-34.8712854,-7.0233434],[-34.871614,-7.0211658],[-34.8750418,-7.0193675],[-34.8774719,-7.0167374],[-34.8793133,-7.0115741],[-34.881231,-7.0098877],[-34.8832038,-7.0070418],[-34.884038,-7.0019211],[-34.8839025,-6.9996343],[-34.8814335,-6.9961387],[-34.8746932,-6.9955783],[-34.874087,-6.9952815],[-34.8740467,-6.9926978],[-34.8746717,-6.9904562]]]}},{"type":"Feature","properties":{"ref":"PB-016","jurisdicao":"estadual","tipo":"secondary","km":28.0},"geometry":{"type":"MultiLineString","coordinates":[[[-35.0426075,-7.1762806],[-35.042232,-7.1765634]],[[-35.0421274,-7.1782506],[-35.0422735,-7.1785845]],[[-35.042232,-7.1765634],[-35.0420818,-7.1759001]],[[-35.042232,-7.1765634],[-35.0421274,-7.1782506]],[[-35.0276917,-7.2189529],[-35.0414085,-7.1884362],[-35.0421274,-7.1782506]],[[-35.0392467,-7.1937761],[-35.0280592,-7.2191259]],[[-35.0106973,-7.22957],[-35.0073192,-7.2368944],[-35.004681,-7.2413868],[-35.0023771,-7.2507129],[-35.0015134,-7.251905],[-34.9992764,-7.2530012],[-34.9968463,-7.2528522],[-34.9695683,-7.2450933],[-34.9653652,-7.2451066],[-34.9635225,-7.2454365],[-34.9560875,-7.2493825],[-34.9544118,-7.2498675],[-34.9534046,-7.2497939],[-34.9512944,-7.2484712],[-34.9493283,-7.2446357],[-34.9484883,-7.243692],[-34.9449657,-7.2427891],[-34.9434885,-7.2427707],[-34.9424761,-7.2431497]],[[-34.9421552,-7.2429131],[-34.9431582,-7.2424704],[-34.9444024,-7.2424179],[-34.9487163,-7.2436524],[-34.9517047,-7.2486162],[-34.9539109,-7.2496726],[-34.9554598,-7.2494091],[-34.963591,-7.2452443],[-34.9653893,-7.2449231],[-34.9696057,-7.2449283],[-34.9780537,-7.2473468],[-34.9816198,-7.2480263],[-34.9832888,-7.2487526],[-34.9966265,-7.2525395],[-34.9990699,-7.252778],[-35.0008214,-7.251986],[-35.0020144,-7.2507889],[-35.0045925,-7.2410463],[-35.0106436,-7.2294383]]]}},{"type":"Feature","properties":{"ref":"PB-018","jurisdicao":"estadual","tipo":"primary","km":16.6},"geometry":{"type":"MultiLineString","coordinates":[[[-34.935707,-7.2599327],[-34.9353151,-7.2596792]],[[-34.9353151,-7.2596792],[-34.9355686,-7.2592026]],[[-34.9353151,-7.2596792],[-34.9303249,-7.2621966],[-34.9253078,-7.2631092],[-34.9228509,-7.2628717],[-34.9189657,-7.2612361],[-34.9067268,-7.260817],[-34.9062668,-7.2633989],[-34.8992729,-7.2667384],[-34.8930234,-7.2718521],[-34.8873827,-7.2723297],[-34.8851833,-7.2689121],[-34.8846227,-7.268529],[-34.8782712,-7.2689254],[-34.8757325,-7.2700562],[-34.870403,-7.2747881],[-34.8677851,-7.2757207],[-34.8582388,-7.2755619],[-34.8478469,-7.2678465],[-34.8358467,-7.2656315],[-34.8341382,-7.2656581],[-34.8196773,-7.2688003]],[[-34.8190937,-7.2686],[-34.8196773,-7.2688003]],[[-34.8196773,-7.2688003],[-34.8190437,-7.2689223]],[[-34.8188126,-7.2686773],[-34.8190937,-7.2686]],[[-34.8190937,-7.2686],[-34.8190437,-7.2689223]],[[-34.8190437,-7.2689223],[-34.8189922,-7.2689374]],[[-34.8189922,-7.2689374],[-34.8188126,-7.2686773]],[[-34.8189922,-7.2689374],[-34.815366,-7.2698321],[-34.8117966,-7.2719653],[-34.8121531,-7.2713366],[-34.8130719,-7.2710727]],[[-34.81397,-7.2705451],[-34.8154002,-7.2697023],[-34.8188126,-7.2686773]],[[-34.8130719,-7.2710727],[-34.81397,-7.2705451]],[[-34.8130719,-7.2710727],[-34.8133772,-7.2703465],[-34.81397,-7.2705451]]]}},{"type":"Feature","properties":{"ref":"PB-019","jurisdicao":"estadual","tipo":"secondary","km":6.8},"geometry":{"type":"MultiLineString","coordinates":[[[-34.9044181,-6.9379546],[-34.9040926,-6.9380625]],[[-34.9040926,-6.9380625],[-34.9043513,-6.9378604]],[[-34.8616006,-6.9597985],[-34.8633675,-6.9605699],[-34.8672044,-6.9604701],[-34.876737,-6.9556943],[-34.8780285,-6.9565855],[-34.879098,-6.9567087],[-34.8805598,-6.9559599],[-34.8803633,-6.9554373],[-34.8845663,-6.9537434],[-34.886751,-6.9531856],[-34.8901534,-6.9505284],[-34.8916702,-6.9497962],[-34.8919263,-6.9489242],[-34.8894399,-6.9402923],[-34.889737,-6.9391851],[-34.8907147,-6.9383014],[-34.9029583,-6.9385503],[-34.9040926,-6.9380625]],[[-34.8616006,-6.9597985],[-34.8612078,-6.9596379]],[[-34.8612734,-6.9595359],[-34.8616006,-6.9597985]]]}},{"type":"Feature","properties":{"ref":"PB-025","jurisdicao":"estadual","tipo":"secondary","km":29.3},"geometry":{"type":"MultiLineString","coordinates":[[[-34.9843479,-7.080202],[-34.9847864,-7.0802705]],[[-34.9843479,-7.080202],[-34.9885529,-7.070541],[-34.9888694,-7.0691595],[-34.9850875,-7.0508911],[-34.9854778,-7.0489852],[-34.9868497,-7.0466533],[-34.986206,-7.0439221],[-34.9863575,-7.0422611],[-34.9875189,-7.0388218],[-34.9875387,-7.0324726],[-34.9854469,-7.0279501],[-34.9839005,-7.0044527],[-34.9889231,-6.9951204],[-34.9912539,-6.9887976],[-34.9913639,-6.9879563],[-34.9910474,-6.9871736],[-34.9891928,-6.9849259],[-34.9881586,-6.9826024],[-34.9832207,-6.977966],[-34.9686603,-6.9685239],[-34.9604622,-6.966583],[-34.9596736,-6.965936],[-34.9584009,-6.9640264],[-34.9559721,-6.9627298],[-34.9461848,-6.9631165],[-34.9424605,-6.9613833],[-34.9417967,-6.9602943],[-34.9410631,-6.9553395],[-34.9376996,-6.9521552],[-34.9359508,-6.949295],[-34.9273396,-6.9441783],[-34.9260984,-6.9438701],[-34.9219617,-6.9444885],[-34.9168441,-6.9441863],[-34.9128892,-6.9464814],[-34.9080652,-6.945431],[-34.9076106,-6.9416582],[-34.90659,-6.9398317],[-34.9041666,-6.9375299],[-34.9010328,-6.9281895],[-34.898532,-6.9230353],[-34.8983067,-6.9214763],[-34.8912156,-6.9166722],[-34.8804344,-6.9129338],[-34.8711805,-6.898469]],[[-34.9842131,-7.0806731],[-34.9843479,-7.080202]]]}},{"type":"Feature","properties":{"ref":"PB-027","jurisdicao":"estadual","tipo":"secondary","km":9.2},"geometry":{"type":"MultiLineString","coordinates":[[[-35.0698913,-6.990947],[-35.0705438,-6.9907551]],[[-35.0700558,-6.9916578],[-35.0698913,-6.990947]],[[-35.0698913,-6.990947],[-35.0696763,-6.9908189],[-35.0633986,-6.993957],[-35.0522487,-6.993603],[-35.0490354,-6.9930878],[-35.0281025,-6.9947521],[-35.0173451,-6.9970586],[-35.00058,-6.9937773],[-34.9905834,-6.9905493]]]}},{"type":"Feature","properties":{"ref":"PB-030","jurisdicao":"estadual","tipo":"secondary","km":27.3},"geometry":{"type":"MultiLineString","coordinates":[[[-35.0764033,-7.2004094],[-35.1097491,-7.2245905],[-35.1103767,-7.2255059],[-35.1094165,-7.2375224],[-35.1135725,-7.2523883],[-35.1115027,-7.2681459],[-35.1104701,-7.2737399],[-35.1105867,-7.2750582],[-35.1121491,-7.2804752],[-35.1139985,-7.2841415],[-35.1181264,-7.2880046],[-35.1210085,-7.2917453],[-35.1219901,-7.3005834],[-35.1255347,-7.310721],[-35.1267926,-7.3128932],[-35.1281405,-7.3172669],[-35.1301172,-7.3248688],[-35.130018,-7.3337662],[-35.1316515,-7.3380598],[-35.1336443,-7.3454073],[-35.1341585,-7.3524532],[-35.1335974,-7.3572544],[-35.1345756,-7.362051],[-35.1383897,-7.36891],[-35.1412041,-7.3697049],[-35.1420477,-7.3704045],[-35.1463473,-7.3776265],[-35.1483107,-7.3844148],[-35.148316,-7.3888808],[-35.1478847,-7.3910461],[-35.1464707,-7.392102],[-35.1446503,-7.3924917],[-35.1416516,-7.3940132],[-35.1385442,-7.3961425],[-35.13347,-7.3957248],[-35.1319056,-7.3961677],[-35.1283168,-7.3986427],[-35.1272835,-7.4002652],[-35.12703,-7.4017227]],[[-35.0764906,-7.2000396],[-35.0764033,-7.2004094]],[[-35.0764033,-7.2004094],[-35.0752788,-7.1996001]]]}},{"type":"Feature","properties":{"ref":"PB-032","jurisdicao":"estadual","tipo":"secondary","km":23.2},"geometry":{"type":"LineString","coordinates":[[-34.9501028,-7.3542948],[-34.9593219,-7.3525712],[-34.969237,-7.349385],[-34.9803762,-7.3418021],[-34.9810273,-7.3416558],[-35.001111,-7.3529968],[-35.0201742,-7.3569079],[-35.0234109,-7.357019],[-35.0267248,-7.3577412],[-35.034648,-7.361327],[-35.0354876,-7.3623472],[-35.0357464,-7.3635269],[-35.0339185,-7.3734582],[-35.0343718,-7.3749093],[-35.0351436,-7.3755656],[-35.0436857,-7.3787916],[-35.067316,-7.4004979],[-35.0683768,-7.4004807],[-35.0746398,-7.3979644],[-35.0793028,-7.3972063],[-35.1102525,-7.4049726],[-35.1111439,-7.4046886],[-35.1111988,-7.4035894],[-35.1140839,-7.4028836],[-35.116725,-7.4026684],[-35.1249091,-7.4010785],[-35.1258867,-7.4013977]]}},{"type":"Feature","properties":{"ref":"PB-034","jurisdicao":"estadual","tipo":"secondary","km":20.7},"geometry":{"type":"MultiLineString","coordinates":[[[-34.9501732,-7.358369],[-34.948696,-7.3669079],[-34.9464805,-7.3713648],[-34.9449972,-7.3724946],[-34.9418168,-7.3729754],[-34.9303021,-7.3792837],[-34.9274991,-7.3843749],[-34.9287383,-7.3888183],[-34.928517,-7.3897214],[-34.9196644,-7.3957407],[-34.9139097,-7.3984911],[-34.9120912,-7.3990457],[-34.9116084,-7.3996521],[-34.9103598,-7.4025081],[-34.9100474,-7.4092435],[-34.9112704,-7.4113062],[-34.911823,-7.4136734],[-34.9111598,-7.4168292],[-34.9115735,-7.4197456],[-34.9110852,-7.4255972],[-34.9120307,-7.4313725]],[[-34.9128465,-7.436628],[-34.9128393,-7.4409665],[-34.9103504,-7.4437386],[-34.9101441,-7.4445177],[-34.9149786,-7.4527439],[-34.9152254,-7.4592917],[-34.9156679,-7.4609778],[-34.9190482,-7.4647829],[-34.9183796,-7.4665122],[-34.9189603,-7.475162],[-34.9188235,-7.485168],[-34.917988,-7.4999324],[-34.9167676,-7.5112381],[-34.9174308,-7.5130936]],[[-34.9128465,-7.436628],[-34.9120307,-7.4313725]],[[-34.9120307,-7.4313725],[-34.9128465,-7.436628]]]}},{"type":"Feature","properties":{"ref":"PB-037","jurisdicao":"estadual","tipo":"secondary","km":3.0},"geometry":{"type":"LineString","coordinates":[[-35.2238055,-7.0455273],[-35.2158313,-7.0458241],[-35.1998614,-7.0494989],[-35.1968573,-7.049085]]}},{"type":"Feature","properties":{"ref":"PB-041","jurisdicao":"estadual","tipo":"primary","km":71.3},"geometry":{"type":"MultiLineString","coordinates":[[[-35.233235,-7.0885234],[-35.2330846,-7.0868843],[-35.2352558,-7.0827399],[-35.2355884,-7.0795485],[-35.234478,-7.0750501],[-35.2341709,-7.0722433],[-35.2334118,-7.0709909],[-35.2315178,-7.0693535],[-35.2313197,-7.0688561],[-35.2314082,-7.0645958],[-35.2302897,-7.0618155],[-35.2308516,-7.0580729],[-35.2306853,-7.0571333],[-35.2294743,-7.0550703],[-35.226481,-7.0528476],[-35.2249494,-7.0481919],[-35.2187153,-7.0338969],[-35.2120236,-7.0288171],[-35.2052077,-7.0220019],[-35.2028346,-7.020475],[-35.2009558,-7.0177091],[-35.1996053,-7.0165666],[-35.1986732,-7.0102617],[-35.1987709,-7.0066956],[-35.1954794,-7.0023022],[-35.1949523,-6.9999286],[-35.1953493,-6.9964133],[-35.1939696,-6.9930242],[-35.1943711,-6.9910356],[-35.1932798,-6.9884684],[-35.1926593,-6.9840273],[-35.1913809,-6.9820657],[-35.1914962,-6.979838],[-35.1848977,-6.9748123],[-35.1838494,-6.9728958],[-35.1810659,-6.9722746],[-35.1787155,-6.9702273],[-35.1780809,-6.9694003],[-35.1767235,-6.9661703],[-35.17675,-6.9645944],[-35.1786357,-6.9599045],[-35.1771917,-6.956106],[-35.177697,-6.955116],[-35.1779948,-6.9532645],[-35.1767502,-6.9505451],[-35.1775171,-6.9491833],[-35.1786102,-6.9454636],[-35.180117,-6.9429369],[-35.1796998,-6.9420729],[-35.1784127,-6.9410425],[-35.1789292,-6.9389043],[-35.1767444,-6.9363439],[-35.1762071,-6.9321103],[-35.1745292,-6.9279349],[-35.1729041,-6.9184204],[-35.1715114,-6.9148517],[-35.1687522,-6.9112905],[-35.1594276,-6.9016537],[-35.1581125,-6.89489],[-35.1574677,-6.8937649],[-35.1316786,-6.8822646]],[[-35.1332353,-6.8383028],[-35.1366853,-6.8386803]],[[-35.1366853,-6.8386803],[-35.1353838,-6.8497288],[-35.1354337,-6.8513406]],[[-35.1366853,-6.8386803],[-35.1363118,-6.8387096]],[[-35.1363118,-6.8387096],[-35.1332353,-6.8383028]],[[-35.1346059,-6.8513746],[-35.1349667,-6.8502481],[-35.1363118,-6.8387096]],[[-35.1349559,-6.8524185],[-35.1314361,-6.8816953],[-35.1316786,-6.8822646]],[[-35.1301484,-6.8835412],[-35.130988,-6.8819158],[-35.1316133,-6.8794599],[-35.1337758,-6.8592438],[-35.1348527,-6.8523572]],[[-35.1332353,-6.8383028],[-35.1326144,-6.8382762],[-35.1324847,-6.8387899],[-35.1302085,-6.8390112],[-35.1283899,-6.8379299],[-35.1267356,-6.838892],[-35.1250723,-6.8389043],[-35.1181459,-6.8331862],[-35.1126451,-6.8301715],[-35.1082677,-6.8233377],[-35.1070181,-6.8220588],[-35.0925247,-6.8136276],[-35.0903589,-6.8129571],[-35.0880039,-6.8126761],[-35.0829063,-6.8129545],[-35.0817999,-6.8125493]],[[-35.1316786,-6.8822646],[-35.1312844,-6.882278],[-35.1306016,-6.8835252]],[[-35.0817999,-6.8125493],[-35.0770578,-6.8100901],[-35.0758128,-6.8087666]],[[-35.0759287,-6.80876],[-35.0771382,-6.8100315],[-35.0817999,-6.8125493]],[[-35.0680099,-6.7915948],[-35.0707117,-6.7984913],[-35.0734777,-6.8024491],[-35.0778075,-6.8069993],[-35.0772955,-6.8074711]],[[-35.0772955,-6.8074711],[-35.0759287,-6.80876]],[[-35.0759287,-6.80876],[-35.0772955,-6.8074711]],[[-35.0680099,-6.7915948],[-35.0659157,-6.7869105],[-35.0648694,-6.7853491]],[[-35.0648694,-6.7853491],[-35.0660312,-6.7869536],[-35.0680099,-6.7915948]],[[-34.9341939,-6.6902314],[-34.9352255,-6.6932704],[-34.9362264,-6.6989604],[-34.935637,-6.7065145],[-34.9357865,-6.7077192],[-34.9372181,-6.7094127],[-34.9417343,-6.712273],[-34.9457127,-6.7171858],[-34.9574125,-6.7285973],[-34.9632141,-6.7367456],[-34.9711923,-6.7466651],[-34.973836,-6.7505094],[-34.9922155,-6.7583796],[-34.9994347,-6.7606916],[-35.0021678,-6.7648534],[-35.0107764,-6.7715521],[-35.0219518,-6.7696184],[-35.0287324,-6.7715948],[-35.0342001,-6.7718212],[-35.0402847,-6.7736662],[-35.0431695,-6.7741553],[-35.0458619,-6.777164],[-35.0509859,-6.779229],[-35.0579347,-6.7828112],[-35.0602617,-6.7834537],[-35.0631154,-6.7859739],[-35.0648694,-6.7853491]]]}},{"type":"Feature","properties":{"ref":"PB-042","jurisdicao":"estadual","tipo":"secondary","km":4.5},"geometry":{"type":"MultiLineString","coordinates":[[[-35.2400241,-7.2386036],[-35.2398032,-7.2386888]],[[-35.2398032,-7.2386888],[-35.239984,-7.2385427]],[[-35.210533,-7.251705],[-35.2084627,-7.2482373],[-35.2081467,-7.2467776],[-35.2084686,-7.2457186],[-35.2123766,-7.2456534],[-35.2165528,-7.2426201],[-35.2258681,-7.2429341],[-35.236096,-7.2407439],[-35.2398032,-7.2386888]]]}},{"type":"Feature","properties":{"ref":"PB-044","jurisdicao":"estadual","tipo":"secondary","km":22.1},"geometry":{"type":"MultiLineString","coordinates":[[[-34.985054,-7.500911],[-34.9815309,-7.5013498]],[[-34.9815309,-7.5013498],[-34.9821974,-7.5005613],[-34.9829699,-7.4976734],[-34.9840468,-7.4955832]],[[-34.9815309,-7.5013498],[-34.976095,-7.503151],[-34.966365,-7.507881],[-34.9569498,-7.510701],[-34.93784,-7.510459],[-34.9299661,-7.5094498],[-34.9043396,-7.5167373],[-34.8893179,-7.5134479],[-34.878985,-7.518896],[-34.8783155,-7.51861],[-34.8763722,-7.5154024],[-34.8759095,-7.5151564],[-34.8705813,-7.5158824],[-34.866499,-7.5178914],[-34.862375,-7.5171932],[-34.8589043,-7.5138408],[-34.855559,-7.5093918]],[[-34.8469414,-7.4895057],[-34.8474805,-7.4902929]],[[-34.8474373,-7.4904828],[-34.8471698,-7.4904485],[-34.8469414,-7.4895057]],[[-34.8469414,-7.4895057],[-34.8454893,-7.4874949],[-34.8425134,-7.4809063]],[[-34.8423198,-7.4802487],[-34.8425139,-7.4805923]],[[-34.8425139,-7.4805923],[-34.8425134,-7.4809063]],[[-34.8425139,-7.4805923],[-34.8423198,-7.4807009]],[[-34.8425134,-7.4809063],[-34.8423198,-7.4807009]],[[-34.8423198,-7.4807009],[-34.842128,-7.4803516]],[[-34.8420889,-7.4799786],[-34.8423198,-7.4802487]],[[-34.842128,-7.4803516],[-34.8423198,-7.4802487]],[[-34.842128,-7.4803516],[-34.8420889,-7.4799786]],[[-34.8420889,-7.4799786],[-34.8390868,-7.473597],[-34.8310739,-7.4712638],[-34.8297621,-7.4711734],[-34.8250401,-7.472097],[-34.822956,-7.4719135],[-34.8179337,-7.4735214],[-34.8144182,-7.4728123],[-34.8116183,-7.4726462],[-34.8107681,-7.4722845],[-34.8081975,-7.472438]]]}},{"type":"Feature","properties":{"ref":"PB-045","jurisdicao":"estadual","tipo":"secondary","km":10.1},"geometry":{"type":"MultiLineString","coordinates":[[[-35.1843066,-6.9049113],[-35.1865295,-6.9081239],[-35.189526,-6.909345],[-35.1910642,-6.9104718],[-35.1924334,-6.9106215],[-35.1942898,-6.9113847],[-35.1966845,-6.9107489],[-35.200437,-6.9109468],[-35.20412,-6.9097402],[-35.2058257,-6.9098917],[-35.2074781,-6.9113439],[-35.2101321,-6.9102586],[-35.2134328,-6.911084],[-35.2163738,-6.9112549],[-35.2200951,-6.9093796],[-35.2240992,-6.9096902],[-35.2255221,-6.9100904],[-35.2268883,-6.9094255],[-35.2277148,-6.9093657],[-35.2316916,-6.9113091],[-35.2329479,-6.9109805],[-35.2341702,-6.9115366],[-35.2361018,-6.9117214],[-35.2376611,-6.9109915],[-35.2383093,-6.9094151],[-35.2393386,-6.9086921],[-35.2418567,-6.9096138],[-35.2446733,-6.9112904],[-35.2486914,-6.912155],[-35.2491408,-6.9132469]],[[-35.1843066,-6.9049113],[-35.1837979,-6.9047664]],[[-35.1837979,-6.9047664],[-35.1840221,-6.9046162],[-35.1843066,-6.9049113]],[[-35.1715405,-6.9144793],[-35.1736293,-6.9138406],[-35.1795854,-6.9102572],[-35.1837979,-6.9047664]],[[-35.1715405,-6.9144793],[-35.1713508,-6.9145804]],[[-35.171277,-6.9144888],[-35.1715405,-6.9144793]]]}},{"type":"Feature","properties":{"ref":"PB-048","jurisdicao":"estadual","tipo":"secondary","km":24.3},"geometry":{"type":"MultiLineString","coordinates":[[[-35.2579942,-7.2669875],[-35.2614443,-7.2667642]],[[-35.2614443,-7.2667642],[-35.2622482,-7.2679323],[-35.2615321,-7.273809],[-35.262672,-7.2751819],[-35.2637744,-7.2775698],[-35.2642465,-7.2808423],[-35.2640721,-7.2838581],[-35.2646206,-7.2890289],[-35.2663359,-7.2916522],[-35.2666363,-7.2929252],[-35.2638052,-7.2986147],[-35.263649,-7.3031521],[-35.2624762,-7.3093735],[-35.2601507,-7.3155443],[-35.2553637,-7.3238466],[-35.2533714,-7.3252665],[-35.251404,-7.3272019],[-35.2471152,-7.328846],[-35.244657,-7.3308558],[-35.2430628,-7.3327613],[-35.2423985,-7.333854],[-35.2420981,-7.3354461],[-35.2429524,-7.3372458],[-35.2430061,-7.3387335],[-35.2398236,-7.3410872],[-35.2370596,-7.3476658],[-35.2381969,-7.3595594],[-35.2386214,-7.3676288],[-35.2398716,-7.3746366]],[[-35.2614443,-7.2667642],[-35.2580175,-7.2673193],[-35.2579942,-7.2669875]],[[-35.2579942,-7.2669875],[-35.2543225,-7.2670133]],[[-35.2541008,-7.2662032],[-35.2543225,-7.2670133]],[[-35.2543225,-7.2670133],[-35.2541008,-7.2662032]],[[-35.2541008,-7.2662032],[-35.2513209,-7.2622964],[-35.250362,-7.2601918],[-35.2495386,-7.2581044],[-35.2480682,-7.2516282],[-35.2392543,-7.2373171],[-35.2370945,-7.2248562],[-35.2362616,-7.2227421],[-35.2347341,-7.2206453],[-35.2338034,-7.2185684],[-35.2309334,-7.2171834],[-35.2299182,-7.216111],[-35.2299128,-7.2151704],[-35.2317488,-7.2106002],[-35.2334412,-7.2081002],[-35.2336264,-7.2071741],[-35.2307564,-7.2011921],[-35.2307222,-7.1985922],[-35.2267519,-7.1944157],[-35.2264374,-7.1923713]],[[-35.2267062,-7.1919351],[-35.2264374,-7.1923713]],[[-35.2264374,-7.1923713],[-35.2260358,-7.1919738]]]}},{"type":"Feature","properties":{"ref":"PB-051","jurisdicao":"estadual","tipo":"secondary","km":14.3},"geometry":{"type":"MultiLineString","coordinates":[[[-35.3547408,-7.1654295],[-35.3560974,-7.1628381],[-35.3570978,-7.1579759],[-35.3560102,-7.1492733],[-35.3536955,-7.1452201],[-35.3529793,-7.1428049],[-35.3530504,-7.1386518],[-35.354299,-7.1331732],[-35.3542796,-7.1320454],[-35.3525287,-7.1286515],[-35.3501764,-7.1257437],[-35.3483538,-7.1224255],[-35.3452317,-7.1208033],[-35.3374044,-7.1151961],[-35.3356167,-7.1145739],[-35.3342628,-7.1111532],[-35.3324524,-7.1086646],[-35.3291197,-7.1055505],[-35.3279901,-7.1039867],[-35.3246123,-7.0977],[-35.3220729,-7.095777],[-35.3210912,-7.0939917],[-35.3194683,-7.0924173],[-35.3193343,-7.0910605],[-35.3212736,-7.0875504],[-35.320141,-7.0830041],[-35.3212736,-7.079816],[-35.3211106,-7.0783081],[-35.3214258,-7.0751832],[-35.3173361,-7.0644048],[-35.3157764,-7.0616512],[-35.3158488,-7.059499]],[[-35.3155397,-7.0594225],[-35.3165884,-7.0546145]]]}},{"type":"Feature","properties":{"ref":"PB-054","jurisdicao":"estadual","tipo":"primary","km":19.2},"geometry":{"type":"MultiLineString","coordinates":[[[-35.3328732,-7.3196318],[-35.3368295,-7.3176054],[-35.3394255,-7.315684],[-35.3424822,-7.3142473],[-35.3462335,-7.3051408],[-35.3508987,-7.2978374],[-35.3566601,-7.2870662],[-35.3792609,-7.2251782],[-35.3882758,-7.1887023],[-35.3924481,-7.1768621],[-35.392446,-7.1732702]],[[-35.3422781,-7.3148527],[-35.3400645,-7.3217549],[-35.3375502,-7.3253793]],[[-35.3375502,-7.3253793],[-35.3375219,-7.3254468]],[[-35.3374715,-7.3254089],[-35.3375502,-7.3253793]]]}},{"type":"Feature","properties":{"ref":"PB-057","jurisdicao":"estadual","tipo":"secondary","km":49.5},"geometry":{"type":"MultiLineString","coordinates":[[[-35.5329434,-6.8438421],[-35.5278622,-6.8447082],[-35.5246799,-6.8465086],[-35.5228422,-6.8465881],[-35.5185628,-6.8477776],[-35.5174886,-6.8485672],[-35.5153555,-6.8492028],[-35.5129778,-6.8486616],[-35.5103365,-6.8492621],[-35.5088917,-6.8488625],[-35.506549,-6.8492324]],[[-35.4888713,-6.8676778],[-35.4864192,-6.8651337],[-35.4696085,-6.8542946],[-35.4623906,-6.8540179]],[[-35.4620597,-6.8539209],[-35.4623906,-6.8540179]],[[-35.4623906,-6.8540179],[-35.4620492,-6.854077]],[[-35.4616297,-6.8539372],[-35.4620597,-6.8539209]],[[-35.4620597,-6.8539209],[-35.4620492,-6.854077]],[[-35.4620492,-6.854077],[-35.4616832,-6.8541155]],[[-35.4616832,-6.8541155],[-35.461334,-6.8541075]],[[-35.4616832,-6.8541155],[-35.4616297,-6.8539372]],[[-35.461334,-6.8541075],[-35.4616297,-6.8539372]],[[-35.461334,-6.8541075],[-35.4493336,-6.8568831],[-35.4433322,-6.8571001],[-35.4327442,-6.8586793],[-35.4261848,-6.8584236],[-35.422588,-6.8602598],[-35.4180846,-6.8612584],[-35.4174516,-6.8609255],[-35.4148592,-6.8575209],[-35.4001656,-6.8525442],[-35.3940842,-6.8501629],[-35.391359,-6.8497581],[-35.3898932,-6.8507461],[-35.3881515,-6.8510515]],[[-35.375416,-6.8502161],[-35.3821679,-6.8513882],[-35.3881515,-6.8510515]],[[-35.3881515,-6.8510515],[-35.3821644,-6.8514438],[-35.375416,-6.8502161]],[[-35.375416,-6.8502161],[-35.3676657,-6.849312],[-35.3612366,-6.8469159],[-35.3596065,-6.8457927],[-35.3581345,-6.8427488],[-35.3572387,-6.838163],[-35.3572682,-6.8358301],[-35.3567746,-6.8340671],[-35.3547174,-6.8320897],[-35.3527124,-6.8314199],[-35.3515296,-6.8316263],[-35.3476122,-6.833605],[-35.3378208,-6.8389872],[-35.3319401,-6.8374546],[-35.3274179,-6.8370231],[-35.3190225,-6.8380698],[-35.3102772,-6.8356583],[-35.2995926,-6.8317135],[-35.2945849,-6.8334838],[-35.2922863,-6.8339525],[-35.2911517,-6.8338833],[-35.2877587,-6.8326662],[-35.2867006,-6.832565],[-35.2714174,-6.8378647],[-35.2671862,-6.8382375],[-35.2604404,-6.8354426],[-35.2543046,-6.8309009]],[[-35.2543046,-6.8309009],[-35.2512283,-6.8283113],[-35.2501528,-6.8280696]],[[-35.2501528,-6.8280696],[-35.2511875,-6.8282134],[-35.2543046,-6.8309009]],[[-35.2501528,-6.8280696],[-35.2448025,-6.8283912]],[[-35.2433165,-6.8282267],[-35.2448025,-6.8283912]],[[-35.2448025,-6.8283912],[-35.2433165,-6.8282267]],[[-35.2433165,-6.8282267],[-35.2420244,-6.8278006],[-35.2410983,-6.8260715],[-35.2376939,-6.8222971],[-35.2361463,-6.8192783],[-35.2337088,-6.8171684],[-35.2311279,-6.8163834],[-35.2245846,-6.8157003],[-35.2137626,-6.815655],[-35.2096333,-6.814107],[-35.206866,-6.8123059],[-35.2001395,-6.8100336],[-35.1965904,-6.8081379],[-35.1934415,-6.8107266],[-35.1917772,-6.8115775],[-35.183115,-6.8108651],[-35.1790287,-6.8146896],[-35.1707956,-6.821582],[-35.1680437,-6.8209801],[-35.1665363,-6.8216113],[-35.1634142,-6.8238165],[-35.1543443,-6.833115],[-35.150732,-6.8337834],[-35.1495364,-6.8345251],[-35.1457545,-6.8354452],[-35.1436409,-6.8368554],[-35.1415341,-6.8376397],[-35.1367791,-6.8386789]]]}},{"type":"Feature","properties":{"ref":"PB-061","jurisdicao":"estadual","tipo":"secondary","km":7.2},"geometry":{"type":"MultiLineString","coordinates":[[[-35.0242051,-6.5766845],[-35.0239675,-6.5767276]],[[-35.0239675,-6.5767276],[-35.024115,-6.5765413]],[[-35.0239675,-6.5767276],[-35.0168556,-6.5806644],[-35.0147299,-6.5812426],[-35.0113302,-6.5815437],[-35.0046435,-6.5812893],[-35.0007114,-6.5819261],[-34.9983993,-6.5816277],[-34.9945275,-6.580342],[-34.9924582,-6.5778946],[-34.9905746,-6.577092],[-34.9826896,-6.577868],[-34.9801174,-6.5774657],[-34.9763576,-6.5785041]],[[-34.9763576,-6.5785041],[-34.9761091,-6.5786608]],[[-34.9760717,-6.5785256],[-34.9763576,-6.5785041]],[[-34.9760717,-6.5785256],[-34.9761091,-6.5786608]],[[-34.9761091,-6.5786608],[-34.9759219,-6.5787118]],[[-34.9758846,-6.5785767],[-34.9760717,-6.5785256]],[[-34.9759219,-6.5787118],[-34.9758846,-6.5785767]],[[-34.9759219,-6.5787118],[-34.9756503,-6.5787091]],[[-34.9756503,-6.5787091],[-34.9758846,-6.5785767]],[[-34.9756503,-6.5787091],[-34.9735996,-6.5792509],[-34.9730632,-6.5797625],[-34.9725857,-6.5819554],[-34.9712151,-6.5837433],[-34.9701422,-6.58859]]]}},{"type":"Feature","properties":{"ref":"PB-063","jurisdicao":"estadual","tipo":"secondary","km":33.8},"geometry":{"type":"MultiLineString","coordinates":[[[-35.5456839,-6.954779],[-35.5459444,-6.9545597],[-35.5456839,-6.954779]],[[-35.4775788,-6.9933187],[-35.4795299,-6.9897799],[-35.4834902,-6.986074],[-35.4971581,-6.9805502],[-35.5042362,-6.9813296],[-35.5052523,-6.9811661],[-35.5119847,-6.976282],[-35.515324,-6.9752943],[-35.5170004,-6.974441],[-35.5242477,-6.9727557],[-35.5255421,-6.972188],[-35.5271481,-6.9709761],[-35.5282054,-6.9690735],[-35.5302852,-6.9637532],[-35.5350597,-6.9602983],[-35.5436642,-6.9561103],[-35.5456839,-6.954779]],[[-35.4775788,-6.9933187],[-35.4749266,-6.9961321]],[[-35.4749266,-6.9961321],[-35.4775788,-6.9933187]],[[-35.4635084,-7.030196],[-35.4692858,-7.0168473],[-35.4694414,-7.0128431],[-35.4714636,-7.0076086],[-35.470849,-7.0023031],[-35.4736615,-7.0005214],[-35.4749266,-6.9961321]],[[-35.463459,-7.0303478],[-35.4635084,-7.030196]],[[-35.4635084,-7.030196],[-35.463459,-7.0303478]],[[-35.3833372,-7.170558],[-35.383523,-7.1686436],[-35.3821644,-7.1625613],[-35.3822824,-7.1618108],[-35.3828886,-7.1610417],[-35.3841721,-7.1600757],[-35.3870939,-7.1593194],[-35.3881605,-7.1577703],[-35.393018,-7.1541782],[-35.3983516,-7.1472374],[-35.3996041,-7.145115],[-35.4020664,-7.1446678],[-35.4068635,-7.142057],[-35.4089731,-7.1395859],[-35.4137555,-7.1375805],[-35.4214641,-7.1320155],[-35.4234414,-7.1299282],[-35.4244969,-7.1266899],[-35.4255784,-7.1255648],[-35.4246805,-7.1244571],[-35.4273107,-7.1227103],[-35.4281919,-7.1208875],[-35.4313266,-7.1166267],[-35.4376717,-7.1120672],[-35.4385498,-7.1110041],[-35.453935,-7.079462],[-35.4539001,-7.0781617],[-35.4521187,-7.0729369],[-35.4522089,-7.0610538],[-35.4540207,-7.0558633],[-35.4542144,-7.0536229],[-35.463459,-7.0303478]],[[-35.3833372,-7.170558],[-35.3835471,-7.1709522]],[[-35.3829248,-7.1708278],[-35.3833372,-7.170558]]]}},{"type":"Feature","properties":{"ref":"PB-065","jurisdicao":"estadual","tipo":"secondary","km":14.1},"geometry":{"type":"MultiLineString","coordinates":[[[-35.1307481,-6.5554205],[-35.1297484,-6.5547748],[-35.129316,-6.5549045]],[[-35.129316,-6.5549045],[-35.1294071,-6.5544733],[-35.1285641,-6.5534706]],[[-35.0249275,-6.576882],[-35.0451703,-6.5933795],[-35.0499299,-6.5952372],[-35.0513763,-6.5953618],[-35.1105871,-6.5724966],[-35.129316,-6.5549045]],[[-35.0249275,-6.576882],[-35.0244124,-6.5767197]],[[-35.0245598,-6.5764131],[-35.0249275,-6.576882]],[[-35.0244124,-6.5767197],[-35.0241321,-6.5764027],[-35.0245598,-6.5764131]],[[-35.0245598,-6.5764131],[-35.0244124,-6.5767197]]]}},{"type":"Feature","properties":{"ref":"PB-066","jurisdicao":"estadual","tipo":"primary","km":55.5},"geometry":{"type":"MultiLineString","coordinates":[[[-35.6222546,-7.2413],[-35.6216465,-7.2437939],[-35.620524,-7.2542631],[-35.6206507,-7.2558744],[-35.6218248,-7.2601232],[-35.6215687,-7.2618297],[-35.6207925,-7.264091],[-35.6180634,-7.2691875],[-35.6139207,-7.2836093],[-35.6113726,-7.288707]],[[-35.6113726,-7.288707],[-35.6112514,-7.2893093],[-35.6109347,-7.2893673]],[[-35.6109347,-7.2893673],[-35.6113726,-7.288707]],[[-35.6109347,-7.2893673],[-35.6100779,-7.2892511]],[[-35.6099785,-7.2892064],[-35.6083484,-7.2887271],[-35.6050278,-7.2895464],[-35.6025374,-7.292294],[-35.6009938,-7.2959768],[-35.598966,-7.2985335],[-35.5983236,-7.300904],[-35.597924,-7.3058897],[-35.5973728,-7.3074048],[-35.5955808,-7.3094957],[-35.5915444,-7.3115464],[-35.581073,-7.310723],[-35.5778812,-7.3110569],[-35.5711048,-7.3074387],[-35.5676246,-7.3063985],[-35.5658292,-7.3050061],[-35.5586786,-7.3028152],[-35.5549342,-7.3025119],[-35.5527777,-7.3012242],[-35.5500365,-7.3005964],[-35.5485323,-7.2991352],[-35.545585,-7.2982631],[-35.5426886,-7.2965769],[-35.5398628,-7.2962047],[-35.536318,-7.2948604],[-35.5329594,-7.2950036],[-35.5289353,-7.2956882],[-35.5223688,-7.2987105],[-35.5156499,-7.3003759],[-35.51256,-7.3001844],[-35.5046475,-7.2980427],[-35.5021745,-7.2978977],[-35.4971936,-7.2995884],[-35.4934178,-7.2989333],[-35.4853684,-7.2993989],[-35.4822833,-7.2992332],[-35.4812218,-7.299482],[-35.4803158,-7.3001212]],[[-35.4803158,-7.3001212],[-35.4772957,-7.3035838],[-35.4766982,-7.3055638]],[[-35.4766982,-7.3055638],[-35.477262,-7.3035653],[-35.4803158,-7.3001212]],[[-35.4766982,-7.3055638],[-35.4759938,-7.3082613],[-35.4754143,-7.309278],[-35.4726367,-7.3129185],[-35.4698659,-7.3158669],[-35.4620433,-7.319463],[-35.4568666,-7.3210107],[-35.4481414,-7.3188032],[-35.4220757,-7.3176034],[-35.411945,-7.3189456],[-35.4021458,-7.3174369],[-35.3980805,-7.3173902],[-35.3897296,-7.3160696],[-35.3687444,-7.3184195],[-35.3638154,-7.3153514],[-35.363047,-7.3151579],[-35.3568034,-7.3158282],[-35.3480735,-7.3191435],[-35.3472032,-7.3197956],[-35.3470932,-7.3215807],[-35.3466291,-7.3226816],[-35.3451331,-7.3242694],[-35.3433663,-7.3243547],[-35.339925,-7.3264484],[-35.3384122,-7.3263772],[-35.3375496,-7.3256465]],[[-35.3375496,-7.3256465],[-35.3374224,-7.3255799]],[[-35.3375241,-7.3255377],[-35.3375496,-7.3256465]],[[-35.3373917,-7.3253275],[-35.3374543,-7.3254056]],[[-35.3373917,-7.3253275],[-35.3360713,-7.3238556],[-35.3356006,-7.3217942],[-35.3331076,-7.3199052]],[[-35.3373734,-7.3254418],[-35.3373917,-7.3253275]],[[-35.3286865,-7.3219896],[-35.3328732,-7.3196318]],[[-35.3286865,-7.3219896],[-35.3284198,-7.3223837]],[[-35.3284198,-7.3223837],[-35.3286865,-7.3219896]],[[-35.3203597,-7.3383393],[-35.3214593,-7.336747],[-35.3222613,-7.3330532],[-35.3255148,-7.3289005],[-35.3261344,-7.3262003],[-35.3281266,-7.3248209],[-35.3284198,-7.3223837]],[[-35.3203597,-7.3383393],[-35.3205856,-7.3384223]],[[-35.3204779,-7.3384697],[-35.3203069,-7.3384033]],[[-35.3203597,-7.3383393],[-35.3203069,-7.3384033]],[[-35.2444835,-7.3726072],[-35.2548869,-7.3682765],[-35.2683905,-7.3649567],[-35.2772049,-7.3615272],[-35.283146,-7.359961],[-35.2983702,-7.3518929],[-35.3106535,-7.3474057],[-35.3165267,-7.342722],[-35.3203069,-7.3384033]],[[-35.2444835,-7.3726072],[-35.2381316,-7.3753138]],[[-35.2381316,-7.3753138],[-35.2444835,-7.3726072]],[[-35.2381316,-7.3753138],[-35.2352235,-7.3772541]]]}},{"type":"Feature","properties":{"ref":"PB-067","jurisdicao":"estadual","tipo":"secondary","km":0.1},"geometry":{"type":"LineString","coordinates":[[-35.4635324,-7.0302645],[-35.4635324,-7.0302645]]}},{"type":"Feature","properties":{"ref":"PB-069","jurisdicao":"estadual","tipo":"secondary","km":3.9},"geometry":{"type":"LineString","coordinates":[[-35.4185864,-6.686245],[-35.4209686,-6.6845558],[-35.4208982,-6.6826278],[-35.4213455,-6.6821063],[-35.4239653,-6.6824972],[-35.4265791,-6.6836407],[-35.428146,-6.6837078],[-35.4316827,-6.6830247],[-35.4327422,-6.6814743],[-35.4340746,-6.6820587],[-35.4354545,-6.6833218],[-35.4379152,-6.6846716],[-35.4387959,-6.6859304],[-35.4400631,-6.6869763],[-35.4423384,-6.687038],[-35.443206,-6.686628],[-35.4475554,-6.6878086]]}},{"type":"Feature","properties":{"ref":"PB-071","jurisdicao":"estadual","tipo":"secondary","km":47.3},"geometry":{"type":"MultiLineString","coordinates":[[[-35.1343615,-6.7478821],[-35.1434119,-6.7424584],[-35.1564351,-6.7439708],[-35.160393,-6.7438247],[-35.163331,-6.7428095],[-35.1895552,-6.7362383],[-35.1938693,-6.7324557],[-35.1954478,-6.7302995],[-35.1979087,-6.7281312],[-35.202046,-6.7269924],[-35.2042364,-6.7258851],[-35.2125173,-6.7182756],[-35.2262085,-6.7136036],[-35.2307592,-6.7109119],[-35.231629,-6.7097101],[-35.2329905,-6.7052406],[-35.239722,-6.6896783],[-35.2420163,-6.686085],[-35.2461729,-6.6811466],[-35.2452446,-6.6756738],[-35.2458555,-6.6708101],[-35.2452761,-6.6691084],[-35.2446832,-6.6650264],[-35.2451732,-6.6614742],[-35.245732,-6.6606711],[-35.2589527,-6.6486636],[-35.2602186,-6.6466068],[-35.2606549,-6.6450194],[-35.2604136,-6.6427781],[-35.2614757,-6.6412713],[-35.2637626,-6.6393846],[-35.2698118,-6.6360349],[-35.2716185,-6.6345898],[-35.2746788,-6.6299291],[-35.2907068,-6.6160908],[-35.2921437,-6.6124654],[-35.2925666,-6.6122695],[-35.2939779,-6.6102149],[-35.2943643,-6.6087239],[-35.2954736,-6.6074088],[-35.2995712,-6.6049644],[-35.3032874,-6.6045128],[-35.3074569,-6.6027063],[-35.3098402,-6.6022848],[-35.3130157,-6.5997035],[-35.316514,-6.5978464],[-35.3173455,-6.5965362],[-35.3178839,-6.5938164],[-35.324287,-6.5839185],[-35.3246451,-6.5792869],[-35.3253485,-6.5774004],[-35.3355044,-6.5617288],[-35.3366393,-6.5607679],[-35.3467378,-6.5550776],[-35.3490184,-6.5500417],[-35.3504836,-6.5484751],[-35.35614,-6.5462506],[-35.3583658,-6.5448822],[-35.3621417,-6.5446799],[-35.3640725,-6.5435045],[-35.368646,-6.5364322],[-35.3756863,-6.5307253],[-35.3877008,-6.5162538],[-35.3961343,-6.5028232],[-35.3968886,-6.5019082],[-35.398701,-6.500628],[-35.4007295,-6.4976888],[-35.4036959,-6.4943376],[-35.4062668,-6.4926137],[-35.410345,-6.4914424],[-35.4120715,-6.491476],[-35.4159736,-6.4925694],[-35.4174596,-6.492647],[-35.4260994,-6.4906945]],[[-35.1337055,-6.7474198],[-35.1343615,-6.7478821]],[[-35.1343615,-6.7478821],[-35.133775,-6.7484805]]]}},{"type":"Feature","properties":{"ref":"PB-073","jurisdicao":"estadual","tipo":"primary","km":110.0},"geometry":{"type":"MultiLineString","coordinates":[[[-35.5363301,-6.6989645],[-35.5288709,-6.6668056],[-35.5329036,-6.6272172],[-35.5282402,-6.6034843],[-35.528376,-6.6015222],[-35.5318556,-6.5955136],[-35.5353672,-6.5903079],[-35.5386208,-6.584162],[-35.548019,-6.5571549],[-35.5649682,-6.5371144],[-35.575781,-6.5268652],[-35.5831856,-6.5225748],[-35.6302567,-6.4860144],[-35.6307717,-6.4849038],[-35.6365062,-6.4588509],[-35.6366384,-6.4543103]],[[-35.53674,-6.7007726],[-35.5363301,-6.6989645]],[[-35.5363301,-6.6989645],[-35.53674,-6.7007726]],[[-35.4978857,-6.7767318],[-35.497218,-6.7748206],[-35.4973479,-6.7741385],[-35.5013748,-6.7702519],[-35.504802,-6.763334],[-35.508987,-6.758799],[-35.5138357,-6.7570017],[-35.515051,-6.757108],[-35.5196272,-6.7587607],[-35.5212257,-6.7580836],[-35.5217757,-6.7569562],[-35.5211664,-6.7545389],[-35.5223215,-6.7511526],[-35.5298951,-6.7463561],[-35.5317579,-6.7443451],[-35.533846,-6.7401218],[-35.5372189,-6.7364619],[-35.5377862,-6.7330258],[-35.5370228,-6.7292706],[-35.5371116,-6.7237094],[-35.5397693,-6.7167891],[-35.5400097,-6.7153864],[-35.53674,-6.7007726]],[[-35.4978857,-6.7767318],[-35.4968908,-6.77926]],[[-35.4968908,-6.77926],[-35.4978857,-6.7767318]],[[-35.4693791,-6.8157489],[-35.466308,-6.8109916],[-35.468028,-6.8055419],[-35.4702964,-6.8044013],[-35.4741045,-6.8037208],[-35.4759901,-6.8000248],[-35.4812975,-6.7969173],[-35.4861684,-6.7923616],[-35.4906826,-6.789623],[-35.4927157,-6.7852596],[-35.4926705,-6.7816718],[-35.4932435,-6.7813589],[-35.496836,-6.7811458],[-35.4968908,-6.77926]],[[-35.496325,-6.8554066],[-35.4959148,-6.8545635],[-35.4937524,-6.8540695],[-35.4931112,-6.8523832],[-35.492191,-6.8515605]],[[-35.4896888,-6.8486562],[-35.4920387,-6.8509585],[-35.4953881,-6.8527525],[-35.4961921,-6.8539194],[-35.496325,-6.8554066]],[[-35.2333502,-7.0885914],[-35.2736127,-7.0711865],[-35.3153875,-7.0551003],[-35.3183346,-7.0536382],[-35.321615,-7.0508957],[-35.3489722,-7.0201345],[-35.3772432,-7.002385],[-35.4239586,-6.945648],[-35.4456899,-6.922136],[-35.4681676,-6.8879124],[-35.4767874,-6.8784185],[-35.4946101,-6.8634816],[-35.4954037,-6.8623489],[-35.4960754,-6.8605629],[-35.496325,-6.8554066]],[[-35.4921132,-6.8512947],[-35.4896888,-6.8486562]],[[-35.4896888,-6.8486562],[-35.4890396,-6.8475972]],[[-35.4890138,-6.847483],[-35.4872251,-6.8387721],[-35.4855703,-6.834649],[-35.4847696,-6.8337435],[-35.4775277,-6.8282227],[-35.4759854,-6.823377],[-35.4722025,-6.8196908],[-35.4698311,-6.8163874]],[[-35.4698311,-6.8163874],[-35.4696269,-6.8162406]],[[-35.4697623,-6.8161403],[-35.4698311,-6.8163874]],[[-35.4695651,-6.8158964],[-35.4697623,-6.8161403]],[[-35.4697623,-6.8161403],[-35.4696269,-6.8162406]],[[-35.4696269,-6.8162406],[-35.469447,-6.8159847]],[[-35.4693791,-6.8157489],[-35.4695651,-6.8158964]],[[-35.469447,-6.8159847],[-35.4695651,-6.8158964]],[[-35.469447,-6.8159847],[-35.4693791,-6.8157489]],[[-35.23393219149139,-7.094140440121336],[-35.2332059,-7.0886424]],[[-35.23393219149139,-7.094140440121336],[-35.23393219149139,-7.094140440121336]],[[-35.2303571,-7.0980405],[-35.23393219149139,-7.094140440121336]],[[-35.2322933,-7.1008607],[-35.2301367,-7.0983999]],[[-35.2301999,-7.0983385],[-35.2322933,-7.1008607]],[[-35.2312151,-7.1908857],[-35.2313827,-7.1859919],[-35.2269048,-7.1655606],[-35.2273607,-7.1643164],[-35.2310528,-7.158588],[-35.2308325,-7.1538764],[-35.2314994,-7.1517191],[-35.2322236,-7.1508329],[-35.2347609,-7.1494264],[-35.2355307,-7.1481556],[-35.2371937,-7.1395992],[-35.2369791,-7.1345984],[-35.2389345,-7.1306222],[-35.2387896,-7.1297279],[-35.2361289,-7.1240457],[-35.2360497,-7.1232259],[-35.2365574,-7.1210448],[-35.2393207,-7.1181743],[-35.2399787,-7.1146653],[-35.2395067,-7.1132441],[-35.2349286,-7.1077157],[-35.2339911,-7.1030353],[-35.2322933,-7.1008607]]]}},{"type":"Feature","properties":{"ref":"PB-075","jurisdicao":"estadual","tipo":"primary","km":27.6},"geometry":{"type":"LineString","coordinates":[[-35.6310832,-7.0386961],[-35.630893,-7.0378167],[-35.6292363,-7.0360265],[-35.6278019,-7.0356011],[-35.6258497,-7.0342494],[-35.6198547,-7.0311357],[-35.610011,-7.0298381],[-35.6015099,-7.0244003],[-35.5975497,-7.0204255],[-35.5917771,-7.0181992],[-35.587137,-7.0151708],[-35.5850479,-7.0134138],[-35.5657124,-6.9935569],[-35.555713,-6.9710954],[-35.553941,-6.9685165],[-35.5516445,-6.9622927],[-35.5449406,-6.9532098],[-35.545153,-6.9498118],[-35.544951,-6.9492942],[-35.5414212,-6.9446338],[-35.5390564,-6.9401359],[-35.5365431,-6.9379107],[-35.5350853,-6.9335096],[-35.5337333,-6.9313443],[-35.5321259,-6.9274985],[-35.5318772,-6.9244602],[-35.5308742,-6.921088],[-35.52679,-6.9118444],[-35.5266719,-6.9102899],[-35.5272799,-6.9047818],[-35.5254993,-6.9008324],[-35.5251434,-6.8981554],[-35.5254538,-6.8962714],[-35.5237483,-6.8941621],[-35.5223619,-6.8937529],[-35.5214375,-6.8940661],[-35.5174338,-6.8967291],[-35.5153301,-6.8972274],[-35.5131555,-6.8964973],[-35.51043,-6.893596],[-35.5091908,-6.8892563],[-35.5076911,-6.8877719],[-35.5059983,-6.8842984],[-35.5028974,-6.8821658],[-35.5021517,-6.8811479],[-35.4995281,-6.8723582],[-35.498758,-6.8672108],[-35.4985696,-6.8632835],[-35.4962937,-6.8568447]]}},{"type":"Feature","properties":{"ref":"PB-077","jurisdicao":"estadual","tipo":"secondary","km":12.3},"geometry":{"type":"MultiLineString","coordinates":[[[-35.5256772,-6.8976499],[-35.5276456,-6.8973835],[-35.5312491,-6.8960084],[-35.5341925,-6.8959288],[-35.5373228,-6.8964522],[-35.5422384,-6.8948141],[-35.5453387,-6.8944972],[-35.5477434,-6.8955467],[-35.5487351,-6.8955775],[-35.5534703,-6.8933876],[-35.5557041,-6.8933375],[-35.5581489,-6.8926263],[-35.5607733,-6.8908816],[-35.5649763,-6.8865575],[-35.568356,-6.8884283],[-35.5736258,-6.8889992],[-35.575256,-6.8886319],[-35.5760843,-6.8880303],[-35.5772014,-6.8882098],[-35.5777257,-6.8873927],[-35.5785994,-6.8874465],[-35.5800795,-6.8864043],[-35.58074,-6.887048],[-35.5815185,-6.8872086],[-35.5822808,-6.88643],[-35.5843086,-6.886738],[-35.5848804,-6.8859856],[-35.5863704,-6.8855137],[-35.5878856,-6.8841669],[-35.588228,-6.8833214],[-35.5889795,-6.883088],[-35.5898774,-6.8820014],[-35.5909197,-6.8819898],[-35.5917504,-6.8806776],[-35.5928294,-6.8798665],[-35.5973114,-6.8770045],[-35.5990666,-6.8766525],[-35.6020401,-6.8735343],[-35.6032164,-6.8707072],[-35.6056666,-6.8668459],[-35.6065316,-6.8661855],[-35.6081034,-6.8656875],[-35.6086643,-6.8650524],[-35.6119751,-6.8662214],[-35.613677,-6.8682426],[-35.6155505,-6.8687939],[-35.6177888,-6.8704302]],[[-35.5256772,-6.8976499],[-35.5253159,-6.8976283],[-35.5256772,-6.8976499]]]}},{"type":"Feature","properties":{"ref":"PB-079","jurisdicao":"estadual","tipo":"primary","km":53.7},"geometry":{"type":"MultiLineString","coordinates":[[[-35.7959408,-6.9675428],[-35.795292,-6.9667084],[-35.7938403,-6.9660393],[-35.7922294,-6.9644108],[-35.7923762,-6.9626344],[-35.7920793,-6.9614179]],[[-35.7920793,-6.9614179],[-35.7914539,-6.9605225]],[[-35.7918695,-6.9604052],[-35.7920793,-6.9614179]],[[-35.7914642,-6.9601802],[-35.7918695,-6.9604052]],[[-35.7918695,-6.9604052],[-35.7914539,-6.9605225]],[[-35.7913932,-6.9604563],[-35.7914642,-6.9601802]],[[-35.7909197,-6.9601812],[-35.7914642,-6.9601802]],[[-35.7914539,-6.9605225],[-35.7913932,-6.9604563]],[[-35.7913932,-6.9604563],[-35.7909197,-6.9601812]],[[-35.7909197,-6.9601812],[-35.7858345,-6.9579221],[-35.7843965,-6.9576392],[-35.7682341,-6.964096],[-35.7609017,-6.9647153],[-35.7601862,-6.9645156],[-35.7588471,-6.9634467],[-35.7554515,-6.9646155],[-35.7523911,-6.9631831],[-35.751109,-6.9631857],[-35.739436,-6.9668585],[-35.7378173,-6.9676333],[-35.7280728,-6.9758108],[-35.726721,-6.9783267],[-35.7260357,-6.978746],[-35.7215537,-6.9789257],[-35.7203306,-6.9772138],[-35.7174231,-6.9759652],[-35.7163006,-6.9741375],[-35.7144499,-6.9752876],[-35.7131758,-6.9748497],[-35.7116684,-6.9753063],[-35.7105607,-6.9751692],[-35.7084055,-6.9743279],[-35.7079501,-6.9738531],[-35.7081883,-6.9727065],[-35.7079884,-6.9722512],[-35.7073018,-6.9718705],[-35.7060452,-6.9718678],[-35.7057133,-6.9714958],[-35.7059848,-6.9710079],[-35.7076263,-6.9706178],[-35.7061243,-6.9692986],[-35.7063851,-6.968279],[-35.7072123,-6.9672585],[-35.7068671,-6.9668005],[-35.7056962,-6.9681649],[-35.7043165,-6.9688287],[-35.7012702,-6.9684207],[-35.7000344,-6.9687818],[-35.6976593,-6.9708827],[-35.6940626,-6.9715142],[-35.6922506,-6.9710067]],[[-35.6919072,-6.9709413],[-35.6922506,-6.9710067]],[[-35.6922506,-6.9710067],[-35.6919133,-6.9710651]],[[-35.6919072,-6.9709413],[-35.6919133,-6.9710651]],[[-35.6919133,-6.9710651],[-35.6918171,-6.971168]],[[-35.6916712,-6.971134],[-35.6919072,-6.9709413]],[[-35.6918171,-6.971168],[-35.6916659,-6.971467]],[[-35.6918171,-6.971168],[-35.6916712,-6.971134]],[[-35.6916659,-6.971467],[-35.6916712,-6.971134]],[[-35.6339191,-7.0347179],[-35.6339883,-7.0339976],[-35.6358464,-7.0330359],[-35.6407186,-7.0275268],[-35.6454098,-7.0262477],[-35.6499676,-7.0263462],[-35.6510063,-7.024741],[-35.6512637,-7.0228322],[-35.6539017,-7.0207319],[-35.6544261,-7.019663],[-35.654351,-7.019084],[-35.6520201,-7.0145198],[-35.6497791,-7.0119868],[-35.6499615,-7.0113818],[-35.6524667,-7.0127888],[-35.6535978,-7.0121123],[-35.6542047,-7.0132323],[-35.655216,-7.0120673],[-35.6559093,-7.0124696],[-35.6565792,-7.0122676],[-35.6570881,-7.0129528],[-35.6583361,-7.0131674],[-35.6591991,-7.0144885],[-35.6602639,-7.0142932],[-35.6630265,-7.0150133],[-35.6638553,-7.0144775],[-35.6654057,-7.0147644],[-35.6660507,-7.0152249],[-35.6662505,-7.0142672],[-35.66558,-7.0137441],[-35.6651307,-7.0127545],[-35.6656068,-7.0125621],[-35.6663015,-7.0130719],[-35.6671143,-7.0128826],[-35.6695578,-7.0138942],[-35.6712636,-7.0160851],[-35.6722078,-7.0163966],[-35.6726416,-7.0170761],[-35.674212,-7.0172226],[-35.6742172,-7.0166816],[-35.6733906,-7.0155061],[-35.6712449,-7.0137292],[-35.6711597,-7.0130024],[-35.6718438,-7.0115612],[-35.674328,-7.0108001],[-35.6784765,-7.0074126],[-35.6797631,-7.0034733],[-35.6807653,-7.0018273],[-35.6869385,-7.0014885],[-35.6892559,-6.9995903],[-35.6900525,-6.9983684],[-35.690302,-6.9936243],[-35.688754,-6.9914695],[-35.687033,-6.9910769],[-35.6862135,-6.9903139],[-35.6866383,-6.9877123],[-35.6863424,-6.9849963],[-35.68701,-6.9819024],[-35.6889877,-6.9772884],[-35.6902718,-6.9765163],[-35.6907284,-6.9758587],[-35.6906238,-6.9748297],[-35.6899881,-6.9739578],[-35.690314,-6.9733627],[-35.6912595,-6.972821],[-35.6916659,-6.971467]],[[-35.6339191,-7.0347179],[-35.6336876,-7.0364569]],[[-35.6336876,-7.0364569],[-35.6339191,-7.0347179]],[[-35.5932194,-7.2154092],[-35.5936271,-7.2144619],[-35.5930929,-7.2119144],[-35.5901295,-7.1998656],[-35.5880119,-7.192839],[-35.5881433,-7.1880184],[-35.590623,-7.1742961],[-35.5916798,-7.1704719],[-35.5915537,-7.167949],[-35.5920151,-7.1657761],[-35.5927607,-7.1634236],[-35.595677,-7.161087],[-35.6005948,-7.1594163],[-35.6029283,-7.1572706],[-35.6069144,-7.1554745],[-35.6084351,-7.1540819],[-35.6108836,-7.1534337],[-35.612902,-7.1513389],[-35.6137467,-7.1481859],[-35.6144905,-7.146628],[-35.6145279,-7.1436658],[-35.6138704,-7.1404825],[-35.6148879,-7.1171224],[-35.6161032,-7.1148137],[-35.6181336,-7.1127153],[-35.6185089,-7.1059074],[-35.6205878,-7.1026072],[-35.6199208,-7.1004192],[-35.6146806,-7.0932356],[-35.6124721,-7.0885151],[-35.6123509,-7.0872397],[-35.6132265,-7.0846401],[-35.6155331,-7.0825937],[-35.6207311,-7.0788763],[-35.6214508,-7.0744708],[-35.622434,-7.0728874],[-35.6232608,-7.0680496],[-35.6230308,-7.0671219],[-35.6213947,-7.0652387],[-35.6209441,-7.0641819],[-35.6217125,-7.0579758],[-35.6256519,-7.0507769],[-35.6302718,-7.0440593],[-35.6311002,-7.0403125],[-35.6298013,-7.0393286],[-35.6323162,-7.0384072],[-35.6332541,-7.0375562],[-35.6336876,-7.0364569]]]}},{"type":"Feature","properties":{"ref":"PB-081","jurisdicao":"estadual","tipo":"secondary","km":14.7},"geometry":{"type":"MultiLineString","coordinates":[[[-35.4388764,-6.6163743],[-35.437552,-6.6159263],[-35.4370432,-6.6154292],[-35.437025,-6.6110659],[-35.4367105,-6.6102189],[-35.4336762,-6.6073424],[-35.4328555,-6.6043956],[-35.4330982,-6.6010451],[-35.4293257,-6.5859096],[-35.4282407,-6.5831531],[-35.4272796,-6.5815517],[-35.426074,-6.5803209],[-35.4255867,-6.5776122],[-35.4264262,-6.5747931],[-35.4258496,-6.5731024],[-35.4252554,-6.5683781],[-35.4244548,-6.5668073],[-35.4241604,-6.5651893],[-35.4263859,-6.5586169],[-35.4262063,-6.5563559],[-35.4250543,-6.5535987],[-35.4262398,-6.5512258],[-35.426209,-6.5473846],[-35.4257476,-6.5457078],[-35.4247646,-6.5444481],[-35.4220019,-6.5362753],[-35.4213327,-6.5288206],[-35.4212271,-6.5218754],[-35.420394,-6.5176561],[-35.420752,-6.5090525],[-35.4216291,-6.5075269],[-35.4233859,-6.4987059],[-35.4233229,-6.4935811],[-35.422989,-6.4918062]],[[-35.422989,-6.4918062],[-35.4228522,-6.4914504]],[[-35.4229475,-6.4914279],[-35.422989,-6.4918062]],[[-35.4184589,-6.6861231],[-35.4184044,-6.6860527]]]}},{"type":"Feature","properties":{"ref":"PB-082","jurisdicao":"estadual","tipo":"secondary","km":38.2},"geometry":{"type":"MultiLineString","coordinates":[[[-35.622264,-7.6662931],[-35.6226996,-7.6672979],[-35.6235746,-7.6679831],[-35.6235515,-7.6686044],[-35.6229068,-7.6695534],[-35.6244618,-7.6719232],[-35.6260429,-7.6733719],[-35.6265445,-7.6762773],[-35.6291436,-7.6780131],[-35.6299268,-7.680078],[-35.6318583,-7.6819183],[-35.6331639,-7.684441],[-35.6336343,-7.6846786],[-35.634979,-7.6844273],[-35.636795,-7.6850864],[-35.637438,-7.6862889],[-35.6389097,-7.6876982],[-35.639457,-7.6895491],[-35.6411232,-7.6902515],[-35.6415796,-7.6914871],[-35.6442833,-7.6929703],[-35.6449552,-7.6942088],[-35.6463798,-7.695148],[-35.6490657,-7.6950941],[-35.6514119,-7.6963765],[-35.6533366,-7.6962221],[-35.6539392,-7.6970534]],[[-35.5625339,-7.641617],[-35.5632155,-7.6430668],[-35.5629554,-7.6438511],[-35.5634221,-7.6452939],[-35.5633671,-7.6469015],[-35.5622979,-7.648038],[-35.5620696,-7.6490854],[-35.5613132,-7.6501394],[-35.5635535,-7.6526263],[-35.5657093,-7.6538983],[-35.5676398,-7.6539807],[-35.568308,-7.6545153],[-35.5716397,-7.6553882],[-35.573192,-7.6551038],[-35.5744439,-7.6552427],[-35.575714,-7.6548426],[-35.5777001,-7.6549423],[-35.5806854,-7.6531586],[-35.5820158,-7.6514945],[-35.5858152,-7.6514559],[-35.5873507,-7.6506505],[-35.5917931,-7.6536976],[-35.5955167,-7.6544997],[-35.6059398,-7.6545768],[-35.6074566,-7.6535401],[-35.6086461,-7.65356],[-35.615184,-7.6563751],[-35.6154656,-7.6588394],[-35.6184013,-7.6615242],[-35.6194595,-7.662121],[-35.6206557,-7.6647314],[-35.6222127,-7.6662463]],[[-35.5523726,-7.6413569],[-35.5545378,-7.6420252]],[[-35.3808275,-7.3368973],[-35.3835269,-7.3374054],[-35.3867725,-7.33622],[-35.3914954,-7.336231],[-35.3976318,-7.3380219],[-35.4020344,-7.3395356],[-35.4043129,-7.3409921],[-35.4063159,-7.3430671],[-35.4159333,-7.3470726],[-35.4186234,-7.3492351],[-35.4214054,-7.3504961],[-35.4277424,-7.354324],[-35.432468,-7.3555171],[-35.4401333,-7.3555298]],[[-35.3792557,-7.3369627],[-35.3808275,-7.3368973]],[[-35.3808275,-7.3368973],[-35.3792557,-7.3369627]],[[-35.3386478,-7.3321215],[-35.341562,-7.3332966],[-35.348323,-7.333135],[-35.3555958,-7.3336977],[-35.358337,-7.3342982],[-35.3666264,-7.3397956],[-35.3675441,-7.3400993],[-35.3727293,-7.3405209],[-35.37766,-7.3373246],[-35.3792557,-7.3369627]],[[-35.3386478,-7.3321215],[-35.3331243,-7.3281843],[-35.3315262,-7.3256239]],[[-35.3315262,-7.3256239],[-35.333715,-7.3285968],[-35.3386478,-7.3321215]],[[-35.3315262,-7.3256239],[-35.3300437,-7.3236359],[-35.3297066,-7.323849],[-35.328744,-7.3223667]],[[-35.328744,-7.3223667],[-35.3283887,-7.3218983]],[[-35.3283887,-7.3218983],[-35.328744,-7.3223667]],[[-35.2636148,-7.303341],[-35.2681156,-7.3042988],[-35.2746132,-7.3084437],[-35.2795465,-7.3086998],[-35.2817385,-7.309859],[-35.2855754,-7.3110083],[-35.2880484,-7.3135078],[-35.2887136,-7.3149896],[-35.2888189,-7.3168898],[-35.290978,-7.3208431],[-35.29165,-7.3212907],[-35.2956129,-7.3214044],[-35.2998689,-7.3210206],[-35.3046459,-7.3225676],[-35.3076594,-7.3225144],[-35.3102987,-7.3234708],[-35.3155947,-7.3217203],[-35.3187409,-7.3225437],[-35.3264469,-7.3214929],[-35.3283887,-7.3218983]]]}},{"type":"Feature","properties":{"ref":"PB-084","jurisdicao":"estadual","tipo":"secondary","km":0.9},"geometry":{"type":"LineString","coordinates":[[-35.5545378,-7.6420252],[-35.5589247,-7.6413475],[-35.5615492,-7.6419536],[-35.5625339,-7.641617]]}},{"type":"Feature","properties":{"ref":"PB-085","jurisdicao":"estadual","tipo":"secondary","km":58.6},"geometry":{"type":"MultiLineString","coordinates":[[[-35.760608,-6.8273319],[-35.7584746,-6.8282282],[-35.7539776,-6.8277407],[-35.7516823,-6.8285869],[-35.7485079,-6.8309338],[-35.747142,-6.8314079],[-35.7446958,-6.8308114],[-35.7407925,-6.8287313],[-35.7373995,-6.8290388],[-35.7350432,-6.8287703],[-35.7333414,-6.8276889],[-35.7318103,-6.8257708],[-35.7292786,-6.8238522],[-35.7243641,-6.8190153],[-35.7183874,-6.8137707],[-35.7154716,-6.8125416],[-35.711443,-6.8142555],[-35.7074555,-6.8136354],[-35.7040683,-6.8147525],[-35.7028651,-6.8148053],[-35.7012059,-6.8142704],[-35.6997978,-6.8121727],[-35.6961626,-6.8095095],[-35.6950556,-6.8083378],[-35.6938412,-6.8076866],[-35.6912659,-6.8081451],[-35.688808,-6.8090609],[-35.68695,-6.8105261],[-35.6864549,-6.8119845],[-35.6857679,-6.8126468],[-35.6823368,-6.8137085],[-35.6798008,-6.8148993],[-35.6773956,-6.8165988],[-35.675742,-6.8170003],[-35.6684488,-6.8170998],[-35.664856,-6.8179295],[-35.6604259,-6.819759],[-35.658891,-6.8199113],[-35.6561389,-6.8176685],[-35.6537998,-6.8138799],[-35.6532799,-6.8136904],[-35.6513772,-6.8147429],[-35.6498413,-6.8151276],[-35.6488279,-6.8150178],[-35.6462512,-6.8159245],[-35.6450003,-6.8172632],[-35.6430737,-6.817908],[-35.641615,-6.819969],[-35.6404461,-6.8208227],[-35.6375564,-6.8198536],[-35.635003,-6.8197002],[-35.6294391,-6.8208809],[-35.6285727,-6.8205586],[-35.626908,-6.8189401],[-35.6262741,-6.8187343],[-35.6231274,-6.8206752],[-35.6208328,-6.8209215],[-35.6182096,-6.8235474],[-35.6178246,-6.8231607],[-35.6180115,-6.8220674],[-35.6173477,-6.8214535],[-35.6162346,-6.8217624],[-35.6106941,-6.8210307],[-35.6097902,-6.8205806],[-35.6079439,-6.8183721],[-35.6067476,-6.8150138],[-35.6066532,-6.8142994],[-35.6072984,-6.8125256],[-35.6072045,-6.8119929],[-35.6015053,-6.8087487]],[[-35.4978857,-6.7767318],[-35.4972078,-6.7746525]],[[-35.4978857,-6.7767318],[-35.4968908,-6.77926]],[[-35.4968908,-6.77926],[-35.4978857,-6.7767318]],[[-35.496836,-6.7811458],[-35.4968908,-6.77926]],[[-35.4968505,-6.7747081],[-35.4865949,-6.7758637],[-35.4801631,-6.7742256],[-35.4767165,-6.7737752],[-35.4746216,-6.7707962],[-35.4701007,-6.7664023],[-35.4691243,-6.76493],[-35.4652908,-6.7614021],[-35.4622793,-6.7570538],[-35.4596166,-6.7543809],[-35.4560392,-6.7531723],[-35.4511951,-6.7525411],[-35.4432433,-6.7528474],[-35.4426406,-6.7523712],[-35.4421373,-6.752511],[-35.4397659,-6.7476094],[-35.4409155,-6.7411127],[-35.4404683,-6.737004],[-35.4409719,-6.7290455],[-35.4401712,-6.7271403],[-35.4336575,-6.7190185],[-35.4326087,-6.7111682],[-35.4326791,-6.7103617],[-35.4347297,-6.706017],[-35.4363564,-6.7038673],[-35.4363794,-6.7034006],[-35.4306393,-6.6981919],[-35.4257543,-6.6969951],[-35.4248384,-6.6956272],[-35.4244179,-6.6929672],[-35.4213585,-6.6903911],[-35.4210189,-6.6884998],[-35.4196116,-6.6871677]],[[-35.4196116,-6.6871677],[-35.4184589,-6.6861231],[-35.417483,-6.6868446]],[[-35.417483,-6.6868446],[-35.4184637,-6.6860052],[-35.4196116,-6.6871677]],[[-35.417483,-6.6868446],[-35.4153283,-6.6865579],[-35.4132485,-6.6877589],[-35.4114652,-6.6878919],[-35.4077291,-6.6854681],[-35.4030103,-6.6832423],[-35.4024609,-6.681111],[-35.4001069,-6.6789726],[-35.3968816,-6.677581],[-35.3934988,-6.6770801],[-35.3912546,-6.6760548],[-35.387419,-6.6763946],[-35.3849176,-6.6758782],[-35.3828561,-6.67453],[-35.3810129,-6.6741197]],[[-35.3810129,-6.6741197],[-35.380537,-6.6741699],[-35.3794389,-6.6734613]],[[-35.3794389,-6.6734613],[-35.3810129,-6.6741197]],[[-35.3785498,-6.6732325],[-35.3794389,-6.6734613]],[[-35.3765647,-6.6733605],[-35.3771826,-6.6731193],[-35.3785498,-6.6732325]],[[-35.3785498,-6.6732325],[-35.3765647,-6.6733605]],[[-35.3765647,-6.6733605],[-35.3744389,-6.6736902],[-35.3681454,-6.6711875],[-35.3662888,-6.6712524],[-35.3635128,-6.6707222],[-35.3611293,-6.6697261],[-35.359676,-6.6676042],[-35.3559699,-6.6672],[-35.3523852,-6.6657928],[-35.345999,-6.6664373],[-35.3432311,-6.6670305],[-35.3416557,-6.6661153],[-35.3395322,-6.6660285],[-35.3381217,-6.6666177],[-35.3366149,-6.6650056],[-35.3336005,-6.6660267],[-35.3253385,-6.6680127],[-35.323827,-6.6679271],[-35.3218412,-6.6666155],[-35.3203093,-6.6646454],[-35.318791,-6.664065],[-35.31641,-6.662525],[-35.3134245,-6.6613381],[-35.3066978,-6.6597083],[-35.3048819,-6.6582537],[-35.3041074,-6.6573247],[-35.302763,-6.6530746],[-35.3016821,-6.6521235],[-35.3003195,-6.6515401],[-35.2977794,-6.6489532],[-35.2969119,-6.6449542],[-35.2961173,-6.6428607],[-35.2936544,-6.6408452],[-35.2925691,-6.6411614],[-35.2890877,-6.6397763],[-35.2851599,-6.6395239],[-35.2829423,-6.6404626],[-35.2808909,-6.640525],[-35.2798234,-6.6401267],[-35.2771492,-6.6398842],[-35.2751899,-6.6391276],[-35.2724795,-6.6374997],[-35.2709458,-6.63704],[-35.2689658,-6.6375024],[-35.2685284,-6.6372948]],[[-35.2685284,-6.6372948],[-35.2682377,-6.6368934]],[[-35.268278,-6.6368716],[-35.2685284,-6.6372948]]]}},{"type":"Feature","properties":{"ref":"PB-087","jurisdicao":"estadual","tipo":"secondary","km":36.3},"geometry":{"type":"MultiLineString","coordinates":[[[-35.6913698,-6.97075],[-35.6917731,-6.970914]],[[-35.6916596,-6.9710745],[-35.6913698,-6.97075]],[[-35.6913698,-6.97075],[-35.6904696,-6.9700867],[-35.6900391,-6.9687928],[-35.6890373,-6.9676559],[-35.689036,-6.9656431],[-35.6894101,-6.9639984],[-35.6872176,-6.9615126],[-35.6870393,-6.9600196],[-35.6850914,-6.9593272],[-35.6845011,-6.9586148],[-35.683961,-6.9575497],[-35.6842014,-6.9563546],[-35.6840135,-6.9559387],[-35.6835106,-6.9558327],[-35.6820704,-6.9569063],[-35.6796114,-6.9572604],[-35.6779805,-6.9591259],[-35.6764571,-6.9590979],[-35.6748551,-6.9595222],[-35.6736669,-6.9592067],[-35.6730473,-6.9574136],[-35.6720504,-6.9564852],[-35.6712797,-6.9538964],[-35.6693472,-6.9518516],[-35.6677929,-6.9517065],[-35.6669426,-6.9512193],[-35.6668822,-6.950334],[-35.6676722,-6.9490307],[-35.6676681,-6.9484743],[-35.6654258,-6.9460647],[-35.6643616,-6.9458881],[-35.6636167,-6.9436964],[-35.661208,-6.9411097],[-35.6608661,-6.9396746],[-35.6612483,-6.9381569],[-35.6603564,-6.9363091],[-35.6572025,-6.9346008],[-35.6551221,-6.9346186],[-35.6529452,-6.9337392],[-35.6495367,-6.9308812],[-35.6488669,-6.9292886],[-35.6464836,-6.9286916],[-35.6458797,-6.927141],[-35.6438342,-6.9253178],[-35.6431743,-6.9235829],[-35.6407791,-6.9238039],[-35.6387808,-6.9220386],[-35.6388023,-6.9201801],[-35.6394997,-6.9189819],[-35.6432574,-6.9171073],[-35.6444647,-6.9143461],[-35.6472964,-6.913252],[-35.6480133,-6.9110243],[-35.6499391,-6.9102588],[-35.650041,-6.9084441],[-35.6491572,-6.9064671],[-35.6484237,-6.9063126],[-35.6480803,-6.9049719],[-35.6475157,-6.9041731],[-35.648079,-6.9028484],[-35.6471077,-6.9023227],[-35.6473186,-6.9005461],[-35.6457419,-6.8974335],[-35.6460003,-6.8966721],[-35.6474261,-6.8959087],[-35.6475091,-6.8952231],[-35.646987,-6.8944515],[-35.6471048,-6.8938171],[-35.6482288,-6.8929124],[-35.6497389,-6.8907768],[-35.6486902,-6.8896052],[-35.6476202,-6.8892162],[-35.6473301,-6.8880342],[-35.6462664,-6.8872993],[-35.6461402,-6.8841769],[-35.6453993,-6.8823703],[-35.642887,-6.8833785],[-35.6419513,-6.8833917],[-35.6362974,-6.8798477],[-35.6332638,-6.8773046],[-35.6324954,-6.87723],[-35.6290541,-6.8781887],[-35.6280764,-6.8780915],[-35.6238761,-6.8766482],[-35.6224518,-6.8747122],[-35.6195416,-6.8733834],[-35.6190562,-6.8713956],[-35.6177888,-6.8704302],[-35.6186126,-6.8707387],[-35.6192596,-6.8705771],[-35.6201302,-6.869524],[-35.6214007,-6.8669798],[-35.6228908,-6.8649008],[-35.6227222,-6.8633979],[-35.6242594,-6.8630553],[-35.6250829,-6.8617258],[-35.6264436,-6.8612235]],[[-35.6267024,-6.8611301],[-35.6282847,-6.8604799],[-35.6287082,-6.8594307],[-35.6269534,-6.8576105],[-35.6271789,-6.8567306],[-35.6277837,-6.8561523],[-35.6305071,-6.8558256],[-35.6306716,-6.8552631],[-35.6303352,-6.8540514],[-35.6308886,-6.8527934],[-35.6315746,-6.8521717],[-35.6329766,-6.8517296],[-35.6328171,-6.8514832],[-35.6319287,-6.8517096],[-35.6307489,-6.851489],[-35.6303305,-6.8509378],[-35.6304749,-6.8492676],[-35.6310247,-6.8484421],[-35.6314088,-6.8465782],[-35.6310441,-6.843995],[-35.630175,-6.8432014],[-35.6288661,-6.8429297],[-35.6270529,-6.8409164],[-35.6257708,-6.8407407],[-35.6241669,-6.8395742],[-35.6230082,-6.8393079],[-35.6224932,-6.8386528],[-35.6204708,-6.8392813],[-35.6168443,-6.8377315],[-35.616104,-6.8355956],[-35.6151679,-6.8343253],[-35.6145805,-6.8320457],[-35.6157453,-6.8299307],[-35.6156615,-6.8291828],[-35.6148789,-6.8270678],[-35.6138483,-6.8256034],[-35.6122685,-6.8247965],[-35.6109119,-6.8232195],[-35.6110534,-6.8213969]],[[-35.6113378,-6.8211248],[-35.6098948,-6.8206712],[-35.6079019,-6.8182822],[-35.6066493,-6.8145963],[-35.6072984,-6.8125256],[-35.6072045,-6.8119929],[-35.6011042,-6.8084941],[-35.6005014,-6.8075197]],[[-35.6005406,-6.8074534],[-35.602273,-6.806991],[-35.6033931,-6.80593],[-35.6040792,-6.8029039],[-35.6036438,-6.8014743],[-35.6018525,-6.7985705],[-35.5984301,-6.7947406],[-35.5959901,-6.7908315],[-35.5942252,-6.7891922],[-35.5922753,-6.7864422],[-35.5833542,-6.7794722],[-35.5812433,-6.7754302],[-35.57961,-6.7683183],[-35.5770896,-6.7647527]],[[-35.6005406,-6.8074534],[-35.6005014,-6.8075197]],[[-35.6005014,-6.8075197],[-35.6005406,-6.8074534]],[[-35.5770896,-6.7647527],[-35.5768271,-6.7641689]],[[-35.5768271,-6.7641689],[-35.5770896,-6.7647527]],[[-35.5767979,-6.7641057],[-35.5768271,-6.7641689]]]}},{"type":"Feature","properties":{"ref":"PB-089","jurisdicao":"estadual","tipo":"secondary","km":15.6},"geometry":{"type":"MultiLineString","coordinates":[[[-35.5319061,-6.6798312],[-35.5313221,-6.6798818]],[[-35.5313221,-6.6798818],[-35.5318699,-6.679682]],[[-35.5313221,-6.6798818],[-35.528322,-6.6805798],[-35.5263814,-6.6814062],[-35.5151432,-6.6776629],[-35.5114066,-6.6756597],[-35.5099689,-6.6727989],[-35.50557,-6.6710313],[-35.497058,-6.660828],[-35.492358,-6.654077],[-35.4875453,-6.6432906],[-35.4817481,-6.6265077],[-35.4775577,-6.6229429],[-35.4755475,-6.6195046],[-35.4741938,-6.6188684]],[[-35.4741938,-6.6188684],[-35.4729492,-6.6184395],[-35.4705192,-6.6168853],[-35.4676316,-6.613059]],[[-35.4676316,-6.613059],[-35.4702892,-6.6164421],[-35.4728902,-6.6183355],[-35.4741938,-6.6188684]],[[-35.4676316,-6.613059],[-35.4660774,-6.6119251],[-35.4621238,-6.612121],[-35.4538197,-6.6146481],[-35.4498715,-6.6142005],[-35.4469908,-6.6128417],[-35.4425193,-6.6143929],[-35.4409607,-6.6155465],[-35.4388764,-6.6163743]]]}},{"type":"Feature","properties":{"ref":"PB-090","jurisdicao":"estadual","tipo":"secondary","km":48.0},"geometry":{"type":"MultiLineString","coordinates":[[[-35.7341132,-7.5428973],[-35.740334,-7.545497],[-35.744739,-7.545155],[-35.754115,-7.54227],[-35.766196,-7.539473],[-35.774567,-7.539311],[-35.786573,-7.538324],[-35.787436,-7.538653],[-35.789463,-7.5407505]],[[-35.789463,-7.5407505],[-35.7898369,-7.5411558],[-35.789463,-7.5407505]],[[-35.6267916,-7.3809567],[-35.628665,-7.3825622],[-35.6255788,-7.3895985],[-35.6247964,-7.3948264],[-35.6251551,-7.3962887],[-35.6247783,-7.39864],[-35.6268986,-7.400748],[-35.6277086,-7.4023638],[-35.6299067,-7.4045795],[-35.6302567,-7.4064447],[-35.6313972,-7.4086929],[-35.6339131,-7.4083217],[-35.6348313,-7.408505],[-35.6385035,-7.4110433],[-35.6403249,-7.4114626],[-35.6426097,-7.4124785],[-35.6476671,-7.4129623],[-35.6480818,-7.4135993],[-35.6469516,-7.4161794],[-35.6470735,-7.4169131],[-35.6528665,-7.4202217],[-35.6554682,-7.4208919],[-35.6564172,-7.4221078],[-35.6556839,-7.4279494],[-35.6583089,-7.4279005],[-35.659338,-7.428206],[-35.6610696,-7.4274484],[-35.666486,-7.4270799],[-35.6698068,-7.4276299],[-35.6709591,-7.4272144],[-35.672487,-7.4274864],[-35.6753516,-7.4289439],[-35.6778514,-7.428029],[-35.6790638,-7.4283694],[-35.6797719,-7.4291779],[-35.6807482,-7.4315078],[-35.6853724,-7.4334653],[-35.685941,-7.4344973],[-35.689503,-7.4371463],[-35.6903505,-7.4383059],[-35.6939125,-7.4404549],[-35.6934726,-7.4446252],[-35.695672,-7.4481677],[-35.6957686,-7.4504975],[-35.696305,-7.4527528],[-35.6961441,-7.4532953],[-35.6945133,-7.4548379],[-35.6942344,-7.45604],[-35.6963909,-7.4596357],[-35.6970561,-7.4614548],[-35.6971634,-7.462859],[-35.697614,-7.4634441],[-35.6969488,-7.4652206],[-35.6967557,-7.4670503],[-35.695833,-7.4681035],[-35.6945884,-7.4682631],[-35.6932795,-7.4697311],[-35.6909835,-7.4701566],[-35.6870568,-7.469497],[-35.686483,-7.4698521],[-35.686233,-7.4705413],[-35.684223,-7.472027],[-35.682908,-7.471247],[-35.681818,-7.471846],[-35.681541,-7.47155],[-35.680965,-7.471851],[-35.680249,-7.471507],[-35.677489,-7.474142],[-35.677071,-7.47526],[-35.677695,-7.476881],[-35.678718,-7.47711],[-35.68011,-7.478113],[-35.678458,-7.478406],[-35.677791,-7.479731],[-35.677668,-7.48089],[-35.67953,-7.485065],[-35.679894,-7.487908],[-35.681416,-7.489782],[-35.680921,-7.491046],[-35.680078,-7.491979],[-35.679897,-7.493553],[-35.681351,-7.496221],[-35.6833084,-7.497165],[-35.682423,-7.498428],[-35.682583,-7.500487],[-35.683647,-7.501743],[-35.683443,-7.503159],[-35.684456,-7.503016],[-35.685969,-7.503821],[-35.686977,-7.503982],[-35.687904,-7.505105],[-35.690335,-7.503332],[-35.694077,-7.503262],[-35.695462,-7.50387],[-35.696163,-7.504935],[-35.697878,-7.505372],[-35.699553,-7.507136],[-35.700883,-7.509596],[-35.701878,-7.510493],[-35.701936,-7.513311],[-35.702555,-7.514232],[-35.703108,-7.516013],[-35.703665,-7.519173],[-35.703564,-7.522302],[-35.704199,-7.522877],[-35.704846,-7.524956],[-35.704473,-7.526023],[-35.702136,-7.52751],[-35.701303,-7.5395403],[-35.7022257,-7.5410786],[-35.7038096,-7.5423788]],[[-35.6283106,-7.3775822],[-35.6273968,-7.3767104]],[[-35.6273968,-7.3767104],[-35.628443,-7.3774028],[-35.6283106,-7.3775822]],[[-35.6283106,-7.3775822],[-35.6265737,-7.3800233]],[[-35.6273968,-7.3767104],[-35.6264452,-7.376429]],[[-35.6267916,-7.3809567],[-35.6265737,-7.3800233]],[[-35.6265737,-7.3800233],[-35.6267916,-7.3809567]],[[-35.6264452,-7.376429],[-35.6262673,-7.376382]],[[-35.6263402,-7.376311],[-35.6264452,-7.376429]],[[-35.6260816,-7.3755448],[-35.6262979,-7.3762464]],[[-35.6262293,-7.3762519],[-35.6260816,-7.3755448]],[[-35.610044,-7.2892933],[-35.6121089,-7.2927716],[-35.6157228,-7.2964514],[-35.6161389,-7.2972825],[-35.6163146,-7.2986072],[-35.6156038,-7.3015182],[-35.6157734,-7.3021737],[-35.6233245,-7.3097167],[-35.6248697,-7.311651],[-35.6259437,-7.3136662],[-35.6276737,-7.3147276],[-35.63106,-7.3217601],[-35.6308191,-7.3227176],[-35.627042,-7.3298528],[-35.6279485,-7.3351414],[-35.6276643,-7.336147],[-35.6269081,-7.3367401],[-35.6244354,-7.3372215],[-35.6235825,-7.3377375],[-35.6208035,-7.3412227],[-35.6191729,-7.344968],[-35.6182232,-7.349315],[-35.6187715,-7.3521612],[-35.6201219,-7.3538966],[-35.622386,-7.3590618],[-35.6227615,-7.3622539],[-35.6219302,-7.3641689],[-35.6219732,-7.3650148],[-35.6260816,-7.3755448]]]}},{"type":"Feature","properties":{"ref":"PB-093","jurisdicao":"estadual","tipo":"secondary","km":7.7},"geometry":{"type":"LineString","coordinates":[[-35.666852,-6.8174697],[-35.6674135,-6.8160512],[-35.6682301,-6.8152785],[-35.6676376,-6.8124167],[-35.6685984,-6.8107346],[-35.6674935,-6.807771],[-35.6666737,-6.8073449],[-35.666267,-6.8066676],[-35.6667762,-6.8044258],[-35.6663086,-6.8033128],[-35.666251,-6.8017038],[-35.6655272,-6.8001648],[-35.6659692,-6.7985048],[-35.6657194,-6.7976145],[-35.6668723,-6.7952359],[-35.6663663,-6.7933089],[-35.6689168,-6.7916913],[-35.6682493,-6.7887234],[-35.6686976,-6.7880365],[-35.6694214,-6.7876804],[-35.6681084,-6.7859823],[-35.6681981,-6.7852],[-35.6691972,-6.7832666],[-35.6681596,-6.7789481],[-35.6682475,-6.7737875],[-35.6671397,-6.7713617],[-35.6663834,-6.7683147],[-35.6675769,-6.7656312],[-35.6694196,-6.7631181],[-35.6715586,-6.7615307],[-35.6743093,-6.7567895]]}},{"type":"Feature","properties":{"ref":"PB-095","jurisdicao":"estadual","tipo":"secondary","km":35.7},"geometry":{"type":"MultiLineString","coordinates":[[[-35.8542466,-7.2072577],[-35.855813,-7.208599],[-35.8575359,-7.2121626],[-35.8594514,-7.2138864],[-35.8666733,-7.2170977],[-35.8696536,-7.2172797]],[[-35.8542466,-7.2072577],[-35.8538722,-7.2071944]],[[-35.8540816,-7.2069482],[-35.8542466,-7.2072577]],[[-35.8535394,-7.2064798],[-35.8539495,-7.2065293],[-35.8540816,-7.2069482]],[[-35.8540816,-7.2069482],[-35.8538722,-7.2071944]],[[-35.8538722,-7.2071944],[-35.8534561,-7.2071438],[-35.8533441,-7.2066768]],[[-35.8531019,-7.2064094],[-35.8535394,-7.2064798]],[[-35.8533441,-7.2066768],[-35.8535394,-7.2064798]],[[-35.8533441,-7.2066768],[-35.8531019,-7.2064094]],[[-35.7371413,-7.1813729],[-35.7438938,-7.1788999],[-35.7453302,-7.1802092],[-35.7469676,-7.1810874],[-35.7492515,-7.1850911],[-35.7525735,-7.1872054],[-35.7537416,-7.1871389],[-35.7566692,-7.1858615],[-35.7587492,-7.1858043],[-35.761406,-7.186435],[-35.7636,-7.185811],[-35.7674155,-7.1859254],[-35.7715005,-7.1849261],[-35.7742108,-7.1857112],[-35.7759439,-7.1881594],[-35.776832,-7.1885649],[-35.7813894,-7.1884518],[-35.7830501,-7.1876751],[-35.7853648,-7.1873098],[-35.7892956,-7.1886803],[-35.7904872,-7.1887489],[-35.795875,-7.1870544],[-35.7979095,-7.1867888],[-35.8037273,-7.1851004],[-35.8117132,-7.184987],[-35.8184632,-7.185751],[-35.8276461,-7.1897482],[-35.8329271,-7.1933819],[-35.8357196,-7.1966748],[-35.8414917,-7.1998787],[-35.846427,-7.203668],[-35.8484869,-7.2037106],[-35.8531019,-7.2064094]],[[-35.7370978,-7.1813436],[-35.7371413,-7.1813729]],[[-35.7371413,-7.1813729],[-35.7371007,-7.1814029]],[[-35.6225758,-7.2402669],[-35.6226428,-7.2395326],[-35.6231835,-7.2387144],[-35.6247697,-7.238113],[-35.6268726,-7.2362611],[-35.6268297,-7.2357502],[-35.62551,-7.2339834],[-35.6234205,-7.2328246],[-35.6227016,-7.2319412],[-35.6228304,-7.231377],[-35.6246972,-7.2293016],[-35.6276262,-7.2280137],[-35.6331414,-7.2281943],[-35.6334525,-7.2277686],[-35.633828,-7.224654],[-35.6393386,-7.2225266],[-35.6413959,-7.2211499],[-35.6431041,-7.2187361],[-35.6450283,-7.2181004],[-35.646426,-7.2181563],[-35.6479931,-7.2177422],[-35.6514262,-7.2153289],[-35.6596631,-7.2117996],[-35.662749,-7.2101132],[-35.6662026,-7.2071661],[-35.6679397,-7.2068308],[-35.6736664,-7.2035155],[-35.6743777,-7.2025878],[-35.6746803,-7.2013601],[-35.6744872,-7.1966979],[-35.6767188,-7.1943774],[-35.6801307,-7.1891319],[-35.679287,-7.1879444],[-35.6791458,-7.1869836],[-35.6803178,-7.1855446],[-35.6779709,-7.1830568],[-35.6779867,-7.1819494],[-35.6808278,-7.1791468],[-35.6827459,-7.1787967],[-35.685421,-7.1775646],[-35.6862905,-7.1759595],[-35.6878316,-7.1758535],[-35.6895174,-7.1752162],[-35.6943621,-7.1755535],[-35.6973505,-7.1751117],[-35.6979164,-7.1735459],[-35.6987704,-7.1728187],[-35.7023075,-7.1725403],[-35.7033955,-7.1715663],[-35.705388,-7.1705098],[-35.7068009,-7.1706475],[-35.708087,-7.1702583],[-35.7111213,-7.1706914],[-35.7130514,-7.1732722],[-35.7150091,-7.1741843],[-35.7165554,-7.1742096],[-35.7184866,-7.1750159],[-35.7190593,-7.1776731],[-35.7203722,-7.1779898],[-35.7212158,-7.1788647],[-35.723619,-7.1786112],[-35.7248998,-7.1768042],[-35.7262194,-7.1765128],[-35.7279401,-7.1770877],[-35.7290639,-7.178876],[-35.7301153,-7.179355],[-35.7308181,-7.1802984],[-35.7325366,-7.1809458]],[[-35.6225758,-7.2402669],[-35.622785,-7.2408018],[-35.6235878,-7.2410235]],[[-35.621642,-7.240703],[-35.6222888,-7.2406953],[-35.6225758,-7.2402669]]]}},{"type":"Feature","properties":{"ref":"PB-097","jurisdicao":"estadual","tipo":"secondary","km":32.0},"geometry":{"type":"MultiLineString","coordinates":[[[-35.8539368,-7.1481888],[-35.8538027,-7.1477923]],[[-35.8538027,-7.1477923],[-35.85391,-7.1479107]],[[-35.8538027,-7.1477923],[-35.8524951,-7.1449646],[-35.8503346,-7.1435341],[-35.8488084,-7.1429699],[-35.8446631,-7.1424163],[-35.8439161,-7.1420504],[-35.8434963,-7.1410963],[-35.8436559,-7.1369391],[-35.8431999,-7.1353476],[-35.8403058,-7.1320075],[-35.8349106,-7.1287219],[-35.8345405,-7.1279814],[-35.8346122,-7.1260751],[-35.8341126,-7.1251435],[-35.8312393,-7.1239385],[-35.8287127,-7.1248734],[-35.8265153,-7.1244229],[-35.8252412,-7.1215957],[-35.8235165,-7.1193561],[-35.8229218,-7.1170785],[-35.8215022,-7.1145839],[-35.8211837,-7.1126523],[-35.8200739,-7.111414],[-35.8180435,-7.1104159],[-35.8138579,-7.1055146],[-35.8120107,-7.100463],[-35.8122782,-7.0976605],[-35.8120829,-7.0959873],[-35.8124784,-7.0952171],[-35.8139316,-7.0943469],[-35.8143953,-7.0936064],[-35.8148153,-7.0834232],[-35.8178566,-7.078389],[-35.8180394,-7.0775201],[-35.8176676,-7.0765167],[-35.8108968,-7.0723055],[-35.8080167,-7.0709123],[-35.8031854,-7.0706914],[-35.7992928,-7.0714547],[-35.7957932,-7.0704385],[-35.7917418,-7.0676809],[-35.7872812,-7.0660798],[-35.7849048,-7.063764],[-35.7797845,-7.0606789],[-35.772281,-7.0615986],[-35.7679574,-7.0601009]],[[-35.7645511,-7.0597668],[-35.7679574,-7.0601009]],[[-35.7679574,-7.0601009],[-35.7645511,-7.0597668]],[[-35.7645511,-7.0597668],[-35.7638703,-7.0599679]],[[-35.7637211,-7.0601104],[-35.7638703,-7.0599679]],[[-35.7638703,-7.0599679],[-35.7637211,-7.0601104]],[[-35.7637211,-7.0601104],[-35.7633728,-7.0606434],[-35.7622811,-7.0607725],[-35.7601441,-7.059675]],[[-35.7601441,-7.059675],[-35.759359,-7.0595132]],[[-35.759359,-7.0595132],[-35.7601441,-7.059675]],[[-35.7502292,-7.0609358],[-35.7531703,-7.0601212],[-35.7550974,-7.0606856],[-35.7583498,-7.0603491],[-35.759359,-7.0595132]],[[-35.7502292,-7.0609358],[-35.7489672,-7.0612885]],[[-35.7489672,-7.0612885],[-35.7502292,-7.0609358]],[[-35.6900405,-7.0003389],[-35.69317,-7.0025778],[-35.6985169,-7.0030272],[-35.6982447,-7.003865],[-35.6985531,-7.0046112],[-35.7013521,-7.0055448],[-35.7018784,-7.0064987],[-35.7033717,-7.0069846],[-35.7052754,-7.0089107],[-35.7060868,-7.0087975],[-35.7067654,-7.0095443],[-35.707688,-7.0092368],[-35.7088997,-7.0079563],[-35.7082365,-7.0070085],[-35.7088602,-7.006725],[-35.7092115,-7.0077792],[-35.7090433,-7.0095061],[-35.7080589,-7.0111114],[-35.7074206,-7.0130867],[-35.7083318,-7.0149511],[-35.7103314,-7.0170062],[-35.7107444,-7.0184052],[-35.7112916,-7.0190987],[-35.7113546,-7.0206147],[-35.7121459,-7.0222865],[-35.7121016,-7.0235736],[-35.7134856,-7.0237267],[-35.714289,-7.0244335],[-35.715335,-7.02413],[-35.7162711,-7.0251043],[-35.7156006,-7.0267282],[-35.7168786,-7.0289004],[-35.7185778,-7.0308051],[-35.7196963,-7.031454],[-35.719479,-7.0323518],[-35.7213016,-7.0335949],[-35.7218796,-7.0343876],[-35.7217656,-7.0350511],[-35.7225247,-7.0364965],[-35.7236304,-7.0377317],[-35.7242513,-7.0380039],[-35.7266962,-7.041374],[-35.7276839,-7.042104],[-35.7287212,-7.044028],[-35.7305767,-7.0455246],[-35.7306719,-7.0460544],[-35.7335962,-7.0500424],[-35.7347522,-7.0499333],[-35.7348434,-7.0488898],[-35.7357473,-7.0480593],[-35.7380701,-7.048967],[-35.7393657,-7.0516835],[-35.7405378,-7.0530411],[-35.7416147,-7.0549816],[-35.7452953,-7.0575219],[-35.74737,-7.060804],[-35.7489672,-7.0612885]],[[-35.6882078,-7.0004686],[-35.6900405,-7.0003389]],[[-35.6900405,-7.0003389],[-35.6899809,-6.9985526]]]}},{"type":"Feature","properties":{"ref":"PB-099","jurisdicao":"estadual","tipo":"secondary","km":14.9},"geometry":{"type":"MultiLineString","coordinates":[[[-35.9675163,-7.1471988],[-35.9650306,-7.14731]],[[-35.9614173,-7.1474983],[-35.9650306,-7.14731]],[[-35.9650306,-7.14731],[-35.9614173,-7.1474983]],[[-35.8564024,-7.1597661],[-35.8627385,-7.1567104],[-35.8653845,-7.1565162],[-35.8710627,-7.1575235],[-35.8748031,-7.1596605],[-35.8769111,-7.159839],[-35.8781344,-7.1590484],[-35.8793367,-7.1562281],[-35.8829302,-7.1554064],[-35.8842116,-7.155417],[-35.8870004,-7.1544616],[-35.8902942,-7.152298],[-35.8917037,-7.1517763],[-35.8949974,-7.1491709],[-35.898959,-7.1466865],[-35.9009573,-7.1463033],[-35.9036918,-7.1447038],[-35.9053963,-7.1441901],[-35.9071988,-7.1448448],[-35.9093714,-7.1463618],[-35.911434,-7.146918],[-35.913789,-7.1467584],[-35.9148511,-7.1473252],[-35.9172705,-7.1478123],[-35.9195289,-7.1491855],[-35.9220877,-7.1502594],[-35.9225638,-7.1491895],[-35.9242255,-7.1476845],[-35.9261245,-7.1441648],[-35.9274454,-7.1433132],[-35.9282447,-7.1423711],[-35.9287114,-7.1408468],[-35.9309229,-7.137659],[-35.9341925,-7.1362738],[-35.9375359,-7.137184],[-35.9405883,-7.1370496],[-35.9416705,-7.1374009],[-35.9428185,-7.1365639],[-35.9472844,-7.1389299],[-35.9492089,-7.1407543],[-35.9549354,-7.144902],[-35.9577423,-7.1463086],[-35.9614173,-7.1474983]]]}},{"type":"Feature","properties":{"ref":"PB-100","jurisdicao":"estadual","tipo":"secondary","km":10.6},"geometry":{"type":"MultiLineString","coordinates":[[[-35.7841421,-7.3580394],[-35.7838299,-7.3556716],[-35.7818256,-7.3540965],[-35.7814816,-7.3533024],[-35.7821163,-7.3523654],[-35.7820302,-7.3501764],[-35.7806548,-7.3489012],[-35.778147,-7.3452411],[-35.7781349,-7.3446392],[-35.7789362,-7.3433902],[-35.7793976,-7.3418792],[-35.7793583,-7.340347],[-35.7781282,-7.3392589],[-35.7781701,-7.3378806],[-35.7768421,-7.3354654],[-35.7737562,-7.333006],[-35.7730957,-7.3313334],[-35.7732191,-7.3293295],[-35.7729469,-7.3286139],[-35.7720346,-7.3274896],[-35.7707226,-7.3246992],[-35.7688136,-7.3231469],[-35.7678788,-7.3215564],[-35.7682288,-7.3166124],[-35.769283,-7.3159294],[-35.7712481,-7.3136128],[-35.7737683,-7.3136341],[-35.7743121,-7.3133761],[-35.7736818,-7.3098637],[-35.7752743,-7.3071474],[-35.7779237,-7.3054002],[-35.7802311,-7.3056902],[-35.780221,-7.30521],[-35.7782207,-7.3034727],[-35.7772318,-7.3006645],[-35.7755265,-7.2983007],[-35.7752717,-7.2951719]],[[-35.775266,-7.2950208],[-35.774864,-7.291144],[-35.7723333,-7.2856034],[-35.7715246,-7.2828843],[-35.770433,-7.2816113]]]}},{"type":"Feature","properties":{"ref":"PB-101","jurisdicao":"estadual","tipo":"secondary","km":6.4},"geometry":{"type":"MultiLineString","coordinates":[[[-35.8127004,-7.1024133],[-35.8123054,-7.1024409]],[[-35.8123054,-7.1024409],[-35.8126657,-7.1023104]],[[-35.8123054,-7.1024409],[-35.8094759,-7.1028282],[-35.8066522,-7.1028011],[-35.8052155,-7.1017681],[-35.8035632,-7.101797],[-35.7992741,-7.1043388],[-35.7980999,-7.1056197],[-35.795802,-7.1056437],[-35.7948203,-7.1065486],[-35.7947546,-7.1078794],[-35.7950865,-7.108966],[-35.7949001,-7.1100852],[-35.7924492,-7.1129431],[-35.7917592,-7.1150497],[-35.7896,-7.1158455],[-35.7880564,-7.1156552],[-35.7870881,-7.1162873],[-35.7864424,-7.1171896],[-35.7858751,-7.1195623],[-35.7844019,-7.1211427],[-35.7828355,-7.1235293],[-35.7808017,-7.1241055],[-35.7774922,-7.1240596]],[[-35.7774922,-7.1240596],[-35.7752978,-7.1231114],[-35.7734161,-7.1227403]],[[-35.7734394,-7.1225609],[-35.77533,-7.1230409],[-35.7774922,-7.1240596]]]}},{"type":"Feature","properties":{"ref":"PB-102","jurisdicao":"estadual","tipo":"primary","km":49.9},"geometry":{"type":"MultiLineString","coordinates":[[[-35.9010544,-7.4387555],[-35.9013842,-7.4385185],[-35.9010544,-7.4387555]],[[-35.9010544,-7.4387555],[-35.8792188,-7.4553438],[-35.876711,-7.4581776],[-35.8757128,-7.4586651],[-35.8727539,-7.4585559],[-35.8721429,-7.4591852],[-35.8718089,-7.4609191],[-35.8714308,-7.4613528],[-35.8667562,-7.4626983],[-35.8650032,-7.4628593],[-35.845534,-7.4614428],[-35.8384556,-7.4603048],[-35.8373768,-7.4599038],[-35.833044,-7.4565386],[-35.8312545,-7.4555029],[-35.8280179,-7.4541422],[-35.8272166,-7.4541978],[-35.8261677,-7.4548167],[-35.8252225,-7.4612605],[-35.8253304,-7.4621527],[-35.8259618,-7.4626845],[-35.8294275,-7.4638991],[-35.8308817,-7.4652076],[-35.8319098,-7.4670115],[-35.8311057,-7.4691109],[-35.8310217,-7.471576],[-35.8301511,-7.4740205],[-35.829773,-7.4773654],[-35.8303763,-7.4887315],[-35.8300115,-7.4932776],[-35.8292915,-7.4954636],[-35.8267996,-7.4985868],[-35.8261156,-7.4999989],[-35.8247933,-7.5067534],[-35.8188093,-7.515909],[-35.8169612,-7.5224026],[-35.8164047,-7.5233785],[-35.8094725,-7.5291807],[-35.804802,-7.5316934],[-35.7958631,-7.5354539],[-35.745274,-7.584153],[-35.745002,-7.585365],[-35.7471191,-7.5895911],[-35.7471191,-7.5903675],[-35.7465719,-7.5914629],[-35.7449653,-7.593232],[-35.7419156,-7.5941428],[-35.7373022,-7.5965569],[-35.734856,-7.5972056],[-35.7341265,-7.5976948],[-35.7323782,-7.6012468],[-35.7309782,-7.606232],[-35.7293097,-7.6078077],[-35.7306401,-7.61036],[-35.7326142,-7.6113489],[-35.7344746,-7.6155244],[-35.7336277,-7.6168577],[-35.7344054,-7.6187823],[-35.7348989,-7.62277],[-35.7344405,-7.623253],[-35.732861,-7.6235251],[-35.7326571,-7.6240249],[-35.73292,-7.6247426],[-35.7326411,-7.6253222],[-35.7299906,-7.6258435],[-35.7294814,-7.6263484],[-35.7297117,-7.6269335],[-35.7318096,-7.627651],[-35.7326464,-7.6292036],[-35.7336866,-7.629395],[-35.7337361,-7.6309577],[-35.7332199,-7.6311133],[-35.7320778,-7.6306179],[-35.7313523,-7.6321095],[-35.7288377,-7.6328297],[-35.7281442,-7.6343107],[-35.7267026,-7.6351266],[-35.7260911,-7.6370938],[-35.723426,-7.638512],[-35.7192037,-7.6387526],[-35.716119,-7.639867],[-35.712133,-7.6401335],[-35.711696,-7.640702],[-35.7112025,-7.6427749],[-35.710611,-7.6432038],[-35.7048301,-7.6417137],[-35.7009769,-7.641266],[-35.6951557,-7.6433412],[-35.6949448,-7.6441801],[-35.6960022,-7.6452118],[-35.696019,-7.6465926],[-35.697403,-7.6483962],[-35.6964904,-7.6496903],[-35.6964632,-7.6512426],[-35.6954825,-7.6525742],[-35.6954153,-7.6548393],[-35.6948871,-7.6552675],[-35.6926876,-7.6555905],[-35.6898938,-7.6569533],[-35.6862133,-7.6566599],[-35.6859471,-7.6572566],[-35.6864063,-7.6591681],[-35.6849128,-7.6607303],[-35.6831403,-7.6639531],[-35.6823486,-7.6641773],[-35.6792984,-7.6632402],[-35.6777273,-7.663395],[-35.6752595,-7.6646036],[-35.6738453,-7.6664778],[-35.6738383,-7.6681107],[-35.6756572,-7.6712017],[-35.6774337,-7.6736036],[-35.6805876,-7.6763242],[-35.6806127,-7.6790009],[-35.681243,-7.6803561],[-35.6810089,-7.6827854],[-35.6763101,-7.6868411],[-35.6702764,-7.6890885],[-35.6682476,-7.6905097],[-35.6655077,-7.6910297],[-35.6641902,-7.6916536]]]}},{"type":"Feature","properties":{"ref":"PB-103","jurisdicao":"estadual","tipo":"secondary","km":34.5},"geometry":{"type":"MultiLineString","coordinates":[[[-35.6328264,-6.7541181],[-35.6332205,-6.7536438],[-35.632326,-6.7531603],[-35.6321208,-6.7525158],[-35.6316252,-6.7525991],[-35.6310841,-6.7511773],[-35.6302164,-6.7508976],[-35.6300904,-6.7496537],[-35.6306362,-6.7469648],[-35.6320045,-6.7467699],[-35.6356485,-6.7452428],[-35.6368187,-6.7442724],[-35.6372009,-6.7435553],[-35.6371647,-6.7419877],[-35.6379479,-6.7401898],[-35.6399676,-6.7381494],[-35.6415649,-6.7370213],[-35.6423387,-6.734656],[-35.6409024,-6.730434],[-35.6394875,-6.728014],[-35.6396243,-6.7257258],[-35.6393386,-6.7237946],[-35.6373014,-6.72039],[-35.6383613,-6.71569],[-35.6387187,-6.712165],[-35.6395814,-6.7102923],[-35.6388679,-6.707917],[-35.637856,-6.7067061],[-35.6364757,-6.7039766],[-35.635083,-6.698285],[-35.6353415,-6.6963489],[-35.6379183,-6.6946166],[-35.6389271,-6.6935844],[-35.642148,-6.6921117],[-35.644227,-6.6891778],[-35.6462199,-6.6878804],[-35.6467975,-6.6852218],[-35.6484515,-6.682699],[-35.6481645,-6.6778399],[-35.6485078,-6.6763933],[-35.6504975,-6.6725634],[-35.6514958,-6.6686063],[-35.6516653,-6.6655517],[-35.6520906,-6.6649339],[-35.6542665,-6.6635206],[-35.6549048,-6.6625296],[-35.6554896,-6.6532185],[-35.6568843,-6.6479887],[-35.6569782,-6.6449702],[-35.6608325,-6.6442295],[-35.6626644,-6.6433556],[-35.6640566,-6.6413202],[-35.6644213,-6.6399695],[-35.6639924,-6.6376604],[-35.6636167,-6.6371561],[-35.6623104,-6.6368843],[-35.6606877,-6.6370735],[-35.6568763,-6.6345851],[-35.6545978,-6.6325656],[-35.6488076,-6.6304167],[-35.6480679,-6.6297921],[-35.6477487,-6.6285239],[-35.6442726,-6.6259475],[-35.6426101,-6.6264951],[-35.6411907,-6.6252441],[-35.6374436,-6.6235363],[-35.6364378,-6.622777],[-35.6343672,-6.6225745],[-35.6328866,-6.6218525],[-35.631752,-6.6193294],[-35.633482,-6.6133159],[-35.634461,-6.6116534],[-35.6340158,-6.6112351],[-35.6329751,-6.6115814],[-35.6320605,-6.6113043],[-35.6306377,-6.6095477],[-35.6301147,-6.6074375],[-35.6292618,-6.6072196]],[[-35.6244442,-6.6010256],[-35.6277859,-6.6067035],[-35.6292618,-6.6072196]],[[-35.6292618,-6.6072196],[-35.6281319,-6.6070604]],[[-35.6254815,-6.602863],[-35.6244442,-6.6010256]],[[-35.5538263,-6.5501459],[-35.555913,-6.551727],[-35.5580322,-6.5526823],[-35.560797,-6.5556814],[-35.5642372,-6.5580183],[-35.5636567,-6.560337],[-35.5641633,-6.5618787],[-35.5643541,-6.5653726],[-35.5649273,-6.5661081],[-35.5669787,-6.5667449],[-35.5685035,-6.5663998],[-35.5728959,-6.5666238],[-35.5745689,-6.5657135],[-35.5760345,-6.5660907],[-35.5763676,-6.5669935],[-35.5760975,-6.5702517],[-35.5753841,-6.5722043],[-35.5755739,-6.5732032],[-35.5774188,-6.5743694],[-35.580439,-6.5744837],[-35.5830349,-6.5754833],[-35.5846935,-6.5775466],[-35.5885248,-6.5845432],[-35.5956823,-6.5834811],[-35.6017267,-6.5841701],[-35.6067331,-6.5873679],[-35.614451,-6.5900771],[-35.6163578,-6.5902057],[-35.6213355,-6.59895],[-35.6244442,-6.6010256]]]}},{"type":"Feature","properties":{"ref":"PB-104","jurisdicao":"estadual","tipo":"primary","km":4.0},"geometry":{"type":"LineString","coordinates":[[-35.8551682,-7.0511899],[-35.8599487,-7.036812],[-35.8597348,-7.035665],[-35.8563213,-7.0271847],[-35.8558727,-7.0226785],[-35.8561597,-7.0220096],[-35.8557218,-7.0210157],[-35.8570189,-7.0201659],[-35.8572808,-7.0176354]]}},{"type":"Feature","properties":{"ref":"PB-105","jurisdicao":"estadual","tipo":"primary","km":52.4},"geometry":{"type":"MultiLineString","coordinates":[[[-35.7916774,-6.9595089],[-35.7918264,-6.9602202]],[[-35.7916774,-6.9595089],[-35.7897033,-6.9496804],[-35.7920811,-6.9414572],[-35.790914,-6.9282364],[-35.794222,-6.9011021],[-35.7800078,-6.8667128],[-35.7798649,-6.8640239],[-35.7815279,-6.8575035],[-35.7814796,-6.8564517],[-35.7664504,-6.8380807],[-35.7611972,-6.8304416]],[[-35.7915365,-6.9601312],[-35.7916774,-6.9595089]],[[-35.7611972,-6.8304416],[-35.7595258,-6.8292261],[-35.7607287,-6.8283259]],[[-35.7607287,-6.8283259],[-35.7597228,-6.8293413],[-35.7611972,-6.8304416]],[[-35.7607287,-6.8283259],[-35.7604276,-6.8261195],[-35.7573659,-6.823441],[-35.755084,-6.8209788],[-35.7543068,-6.8196039],[-35.7509092,-6.816189],[-35.7270631,-6.7724603],[-35.7255771,-6.7706917],[-35.7038733,-6.7548648],[-35.701684,-6.7538049],[-35.6978452,-6.7536704],[-35.6907834,-6.7555509],[-35.6848758,-6.7553258],[-35.6787054,-6.7564792],[-35.6707701,-6.7570665]],[[-35.6526142,-6.7575433],[-35.6524062,-6.7568855],[-35.6544878,-6.7559252],[-35.6596044,-6.7565815],[-35.6703061,-6.7555669],[-35.6707701,-6.7570665]],[[-35.6707701,-6.7570665],[-35.6593404,-6.7579757],[-35.654241,-6.7571504],[-35.6526142,-6.7575433]],[[-35.6526142,-6.7575433],[-35.6440379,-6.7599591],[-35.6403977,-6.7599404],[-35.638614,-6.7589234],[-35.6359242,-6.760111],[-35.6348419,-6.7595876],[-35.6345268,-6.7585155],[-35.6339011,-6.7579222],[-35.6347628,-6.7563307],[-35.6335106,-6.7548101]],[[-35.6335106,-6.7548101],[-35.63255,-6.7549228],[-35.6328264,-6.7541181]],[[-35.6328264,-6.7541181],[-35.6335106,-6.7548101]],[[-35.6328264,-6.7541181],[-35.6325084,-6.7538982],[-35.6314787,-6.7540884],[-35.6301588,-6.7534593],[-35.6285971,-6.7542746],[-35.6269535,-6.754283],[-35.6231515,-6.7550235],[-35.620008,-6.754576],[-35.6174003,-6.7531461],[-35.6165285,-6.7529996],[-35.6112023,-6.754006],[-35.6077047,-6.7538928],[-35.6066291,-6.7543283],[-35.6049071,-6.7556987],[-35.6027225,-6.7558399],[-35.600749,-6.756888],[-35.5975659,-6.7563686],[-35.5944948,-6.756358],[-35.5921894,-6.7568108],[-35.5883633,-6.7552926],[-35.5864978,-6.7572942],[-35.5844794,-6.7582225],[-35.5783127,-6.7634649],[-35.5745811,-6.7649009],[-35.5730398,-6.7649107],[-35.5718502,-6.7640437],[-35.570953,-6.7627372],[-35.5643266,-6.7479277],[-35.5629493,-6.7454598],[-35.563349,-6.7440161],[-35.5647062,-6.7429773],[-35.5644701,-6.7415842],[-35.5617973,-6.7392562],[-35.5606386,-6.7376673],[-35.5585666,-6.7368229],[-35.5564772,-6.7347705],[-35.5550221,-6.7319563],[-35.5543408,-6.7284468],[-35.5524592,-6.7254941],[-35.5505683,-6.7232552],[-35.5391794,-6.7195412]],[[-35.5387791,-6.7192573],[-35.5391794,-6.7195412]],[[-35.5391794,-6.7195412],[-35.5386722,-6.7195158]]]}},{"type":"Feature","properties":{"ref":"PB-107","jurisdicao":"estadual","tipo":"secondary","km":10.1},"geometry":{"type":"MultiLineString","coordinates":[[[-35.7311952,-6.7789575],[-35.7330926,-6.778079],[-35.735402,-6.7786756],[-35.7417957,-6.7780717],[-35.7447132,-6.775313],[-35.7455377,-6.7726346],[-35.7495379,-6.7717559],[-35.7518637,-6.7723783],[-35.7563259,-6.7745872],[-35.7596207,-6.7747911],[-35.7623159,-6.7773406],[-35.7655681,-6.7811859],[-35.7666799,-6.7819571],[-35.7685896,-6.7822047],[-35.7736006,-6.7843967],[-35.7779733,-6.7838733],[-35.780392,-6.7855859],[-35.7840659,-6.7871713],[-35.7852864,-6.7881002],[-35.7870318,-6.7886715],[-35.7908566,-6.7892548],[-35.7944085,-6.7902189],[-35.7990166,-6.7902216],[-35.7998558,-6.7900175],[-35.8073442,-6.7858429],[-35.8109189,-6.7849014]],[[-35.7311952,-6.7789575],[-35.730733,-6.7792192],[-35.7311952,-6.7789575]]]}},{"type":"Feature","properties":{"ref":"PB-109","jurisdicao":"estadual","tipo":"secondary","km":6.7},"geometry":{"type":"MultiLineString","coordinates":[[[-35.6333955,-6.4943886],[-35.6333372,-6.4953746],[-35.6380431,-6.5015461],[-35.6394875,-6.5061704],[-35.6395948,-6.5074922],[-35.6400025,-6.5081531],[-35.6454313,-6.5133124],[-35.6481349,-6.5172351],[-35.6494009,-6.5198573],[-35.6500232,-6.5243129],[-35.6497872,-6.5262103],[-35.6501305,-6.5288751],[-35.6510317,-6.530005],[-35.6536797,-6.5317072],[-35.6545809,-6.5335725],[-35.6542484,-6.5342441],[-35.6530078,-6.5348237],[-35.6527892,-6.5352567]],[[-35.6330418,-6.4943679],[-35.6315441,-6.4939868],[-35.6302218,-6.4940961],[-35.6267906,-6.4929482],[-35.6229839,-6.4931667],[-35.622322,-6.4926806]]]}},{"type":"Feature","properties":{"ref":"PB-110","jurisdicao":"estadual","tipo":"primary","km":2.0},"geometry":{"type":"MultiLineString","coordinates":[[[-37.2784897,-7.0233018],[-37.2766781,-7.0272548],[-37.2761151,-7.0292671],[-37.2803195,-7.0295681]],[[-37.2758667,-7.0301772],[-37.2765434,-7.027218],[-37.2784413,-7.0231331]],[[-37.2764624,-7.0569434],[-37.2763813,-7.057132]]]}},{"type":"Feature","properties":{"ref":"PB-111","jurisdicao":"estadual","tipo":"secondary","km":53.2},"geometry":{"type":"MultiLineString","coordinates":[[[-35.7124442,-6.7602977],[-35.7128164,-6.7592286],[-35.7121646,-6.7508263],[-35.7128298,-6.7501231],[-35.7157105,-6.7488659],[-35.7155281,-6.7470173],[-35.7162416,-6.7454724],[-35.7179743,-6.7445615],[-35.7188004,-6.7400705],[-35.7162255,-6.7368422],[-35.7135754,-6.7357341],[-35.7095629,-6.7316533],[-35.7094448,-6.7303427],[-35.710448,-6.7251644],[-35.7120412,-6.724328],[-35.7130283,-6.720945],[-35.717073,-6.7189791],[-35.7192725,-6.7149408],[-35.7210159,-6.7144986],[-35.7219654,-6.7114938],[-35.7263535,-6.7088513],[-35.7271206,-6.7074927],[-35.7274693,-6.7030494],[-35.7316964,-6.7015417],[-35.7346469,-6.6985847],[-35.7376188,-6.6962991],[-35.7416421,-6.6920208],[-35.7439434,-6.6909872],[-35.7442867,-6.6865917],[-35.7447642,-6.6852491],[-35.7430851,-6.6817859],[-35.7427847,-6.679335],[-35.7457459,-6.6754616],[-35.751003,-6.6735168],[-35.7529503,-6.6716999],[-35.753814,-6.6694562],[-35.7583711,-6.6662966],[-35.7596049,-6.6623218],[-35.761465,-6.659318],[-35.7622844,-6.6587898],[-35.7637488,-6.6584861],[-35.7667637,-6.6566985],[-35.7686432,-6.657214],[-35.769812,-6.6567285],[-35.7700501,-6.6563269],[-35.769686,-6.6538965],[-35.7699341,-6.6533743],[-35.7845709,-6.6479328],[-35.7880886,-6.6435635],[-35.7924968,-6.6415367],[-35.7926925,-6.6419163],[-35.7954147,-6.6406186],[-35.7987945,-6.6285618],[-35.7983722,-6.6258569],[-35.7999198,-6.6191309],[-35.8028045,-6.6164492],[-35.8049087,-6.6136943],[-35.8070853,-6.6120823],[-35.8085129,-6.6086806],[-35.8098735,-6.6015273],[-35.8139672,-6.5978258],[-35.8146418,-6.5916895],[-35.820365,-6.5839765],[-35.820493,-6.5824663],[-35.8194952,-6.5815084],[-35.8017263,-6.5764864],[-35.7930922,-6.5704345],[-35.771892,-6.547625],[-35.7559222,-6.5465378],[-35.750826,-6.5436226],[-35.7491576,-6.5424342],[-35.7429054,-6.5339604],[-35.7420428,-6.5310084],[-35.7415012,-6.5314275],[-35.7413586,-6.5308693],[-35.7335816,-6.5340606],[-35.7278621,-6.5360445],[-35.7270811,-6.5359398],[-35.7185958,-6.5322444],[-35.714408,-6.5279762],[-35.7133602,-6.5260184],[-35.7071447,-6.5242941],[-35.7063276,-6.5225237],[-35.7035562,-6.5208517],[-35.701361,-6.5185435],[-35.6999971,-6.5187769],[-35.6958308,-6.5166289],[-35.6927022,-6.5162323],[-35.6906602,-6.5149028],[-35.6879607,-6.5143349],[-35.6861757,-6.5123044],[-35.6839697,-6.5108859],[-35.6807841,-6.5103722],[-35.6776829,-6.508414],[-35.6732004,-6.5073547],[-35.6692039,-6.5052431],[-35.6629879,-6.4996537],[-35.6603435,-6.49885],[-35.6582125,-6.4976077],[-35.6512263,-6.4902875],[-35.6497023,-6.4891574],[-35.6427879,-6.4868129],[-35.641805,-6.4870506],[-35.6393526,-6.489123],[-35.6379734,-6.4877127],[-35.6377935,-6.4878957]],[[-35.7124442,-6.7602977],[-35.7120541,-6.7608253],[-35.7124442,-6.7602977]],[[-35.6377935,-6.4878957],[-35.6376187,-6.4881298]],[[-35.637553,-6.4880612],[-35.6377935,-6.4878957]],[[-35.637553,-6.4880612],[-35.6376187,-6.4881298]],[[-35.6376187,-6.4881298],[-35.6373625,-6.4882637]],[[-35.6366879,-6.4872523],[-35.637553,-6.4880612]],[[-35.6373625,-6.4882637],[-35.637553,-6.4880612]],[[-35.6373625,-6.4882637],[-35.6366879,-6.4872523]],[[-35.6313121,-6.4842142],[-35.6347246,-6.485167],[-35.6366879,-6.4872523]],[[-35.631083,-6.4841088],[-35.6313121,-6.4842142]],[[-35.6313121,-6.4842142],[-35.6310599,-6.4842311]]]}},{"type":"Feature","properties":{"ref":"PB-113","jurisdicao":"estadual","tipo":"secondary","km":8.8},"geometry":{"type":"LineString","coordinates":[[-35.8946343,-7.2054791],[-35.8959818,-7.1998068],[-35.895672,-7.194739],[-35.895043,-7.1936546],[-35.8968789,-7.1923882],[-35.8994375,-7.1878532],[-35.9019103,-7.1846859],[-35.9045092,-7.1821789],[-35.9059502,-7.1814494],[-35.9080269,-7.1787063],[-35.9089188,-7.1765348],[-35.9084058,-7.1749773],[-35.9081751,-7.17205],[-35.9086257,-7.1686702],[-35.9096959,-7.1669936],[-35.9123969,-7.1644002],[-35.9137702,-7.1609872],[-35.9154359,-7.1586891],[-35.9182146,-7.1568555],[-35.9200117,-7.1563498],[-35.9213837,-7.1548954],[-35.9221306,-7.1530205],[-35.922085,-7.1501716],[-35.9223197,-7.1495834],[-35.9242255,-7.1476845],[-35.9261245,-7.1441648],[-35.9274454,-7.1433132],[-35.9282447,-7.1423711],[-35.9287114,-7.1408468]]}},{"type":"Feature","properties":{"ref":"PB-115","jurisdicao":"estadual","tipo":"primary","km":15.9},"geometry":{"type":"MultiLineString","coordinates":[[[-35.9845014,-7.1822384],[-35.9848501,-7.17968],[-35.9828382,-7.178742]],[[-35.9835488,-7.1827886],[-35.9827345,-7.1797196],[-35.9828382,-7.178742]],[[-35.9828382,-7.178742],[-35.9807289,-7.1776831],[-35.9803802,-7.1765358],[-35.9783306,-7.1728939],[-35.9725535,-7.1711252],[-35.9719654,-7.1701858],[-35.9706129,-7.1660742],[-35.9724395,-7.1620078],[-35.9746443,-7.1601688],[-35.9744324,-7.156093],[-35.9747569,-7.1520997],[-35.9741105,-7.1492201],[-35.97297,-7.1461885],[-35.97241,-7.1461116],[-35.9687354,-7.1471962],[-35.9675163,-7.1471988],[-35.9674197,-7.1446559],[-35.9690532,-7.1404841],[-35.9708878,-7.1324786],[-35.9700517,-7.1241648],[-35.9710702,-7.1207866],[-35.9701851,-7.1102096],[-35.9682955,-7.1073764],[-35.9677188,-7.1041558],[-35.9651881,-7.0975922],[-35.9647305,-7.0970569],[-35.9613445,-7.0957344],[-35.9607426,-7.0949718],[-35.9602234,-7.0895367],[-35.9604152,-7.0887847],[-35.9594891,-7.087909]],[[-35.9618074,-7.0687444],[-35.9619467,-7.0683664],[-35.9618074,-7.0687444]],[[-35.9618074,-7.0687444],[-35.9575097,-7.0850936],[-35.9575392,-7.085924],[-35.9582135,-7.0867114]],[[-35.9594891,-7.087909],[-35.9582135,-7.0867114]],[[-35.9582135,-7.0867114],[-35.9594891,-7.087909]]]}},{"type":"Feature","properties":{"ref":"PB-121","jurisdicao":"estadual","tipo":"primary","km":36.2},"geometry":{"type":"MultiLineString","coordinates":[[[-36.0445064,-7.16551],[-36.0453084,-7.1619732],[-36.0497823,-7.156101],[-36.0504133,-7.1545075],[-36.0509062,-7.1465674],[-36.0506282,-7.1439473],[-36.049321,-7.138206],[-36.0492365,-7.1358373],[-36.0468963,-7.1297439],[-36.046849,-7.1289628],[-36.0497888,-7.1174504],[-36.0526211,-7.1086612],[-36.0531517,-7.1040348],[-36.0556376,-7.0955124],[-36.0573741,-7.0878971],[-36.0578342,-7.0825281],[-36.0584062,-7.0797515],[-36.0573472,-7.0773512],[-36.0547744,-7.0772488],[-36.0525971,-7.0753715],[-36.0496286,-7.074099],[-36.0370774,-7.0716043],[-36.0305729,-7.0711233],[-36.0289671,-7.0702667],[-36.0270224,-7.069938],[-36.0238262,-7.070476],[-36.0209332,-7.0704484],[-36.0172664,-7.0702406],[-36.0161337,-7.0698245],[-36.0061022,-7.0699409],[-36.0047145,-7.0694071],[-35.9982284,-7.0690779],[-35.9957626,-7.0698676],[-35.9930208,-7.0716776],[-35.990134,-7.0730005],[-35.9880312,-7.0755199],[-35.9807852,-7.0783454],[-35.9761557,-7.0793409],[-35.9725615,-7.078026],[-35.9704989,-7.076908],[-35.9657072,-7.0723963],[-35.9646631,-7.0695142],[-35.9622246,-7.068611],[-35.9594335,-7.0661756],[-35.9551822,-7.0635657],[-35.9526716,-7.0610476],[-35.9502563,-7.0598843],[-35.946752,-7.0570108],[-35.9413232,-7.0550131],[-35.9387214,-7.0556879],[-35.9371027,-7.0554323],[-35.931619,-7.0521994],[-35.925004,-7.048858]],[[-36.0445064,-7.16551],[-36.0444866,-7.1658746],[-36.0445064,-7.16551]],[[-35.9233514,-7.0486693],[-35.925004,-7.048858]],[[-35.925004,-7.048858],[-35.9233514,-7.0486693]],[[-35.9233514,-7.0486693],[-35.9158301,-7.0478126],[-35.9131573,-7.0465655],[-35.8981597,-7.0454435],[-35.8892924,-7.0426803],[-35.8870916,-7.0416688],[-35.8793789,-7.0411178],[-35.8736242,-7.0374309],[-35.8683986,-7.0353585],[-35.8669026,-7.0344561],[-35.8653617,-7.032198],[-35.8655635,-7.0298202],[-35.8651366,-7.0272813],[-35.8637214,-7.025313],[-35.8597158,-7.0224078],[-35.8581948,-7.019651]],[[-35.8572808,-7.0176354],[-35.8585951,-7.0192287],[-35.8581948,-7.019651]],[[-35.8581948,-7.019651],[-35.8561597,-7.0220096]]]}},{"type":"Feature","properties":{"ref":"PB-125","jurisdicao":"estadual","tipo":"secondary","km":5.9},"geometry":{"type":"LineString","coordinates":[[-35.7411899,-6.5130543],[-35.740181,-6.5110293],[-35.7386698,-6.5107389],[-35.7382231,-6.5103499],[-35.7387967,-6.5087005],[-35.7367119,-6.5076265],[-35.7347154,-6.5019056],[-35.731511,-6.4985739],[-35.7291726,-6.4970944],[-35.7270382,-6.4941298],[-35.7266962,-6.492453],[-35.7277552,-6.4912638],[-35.7261833,-6.4875539],[-35.7258193,-6.4849291],[-35.7253891,-6.4845126],[-35.7223227,-6.4835207],[-35.7215505,-6.4828412],[-35.72118,-6.4813945],[-35.722916,-6.4725631],[-35.7224455,-6.4710586]]}},{"type":"Feature","properties":{"ref":"PB-127","jurisdicao":"estadual","tipo":"secondary","km":10.6},"geometry":{"type":"MultiLineString","coordinates":[[[-35.9158929,-6.8892329],[-35.9165793,-6.8904636],[-35.917197,-6.8908908],[-35.9238298,-6.8915371],[-35.9293485,-6.8892017],[-35.9366293,-6.889311],[-35.9433067,-6.8920031],[-35.9459742,-6.8924211],[-35.947165,-6.8921549],[-35.9487952,-6.8910944],[-35.9507854,-6.8905728],[-35.9512568,-6.8901417],[-35.9526301,-6.8902775],[-35.9569122,-6.8921868],[-35.96367,-6.8943144],[-35.969131,-6.8984471],[-35.9762064,-6.8999286],[-35.9830248,-6.9018554],[-35.9903164,-6.9050693],[-35.9927706,-6.9056488],[-35.9963232,-6.9059135],[-36.0013403,-6.9043718],[-36.0045415,-6.90463]],[[-35.9158929,-6.8892329],[-35.9156261,-6.8887649]],[[-35.9157094,-6.8887313],[-35.9158929,-6.8892329]]]}},{"type":"Feature","properties":{"ref":"PB-132","jurisdicao":"estadual","tipo":"secondary","km":4.0},"geometry":{"type":"LineString","coordinates":[[-35.7577717,-7.572106],[-35.7587768,-7.5724076],[-35.7616458,-7.5720883],[-35.7634097,-7.572223],[-35.7646629,-7.5716184],[-35.7653548,-7.5716267],[-35.768156,-7.5734764],[-35.7679565,-7.5751316],[-35.7696145,-7.5754007],[-35.7719404,-7.5772011],[-35.7738101,-7.5776372],[-35.7759905,-7.5788149],[-35.7828966,-7.5794095],[-35.7864564,-7.5808298],[-35.7887658,-7.581205],[-35.7895674,-7.5820097]]}},{"type":"Feature","properties":{"ref":"PB-133","jurisdicao":"estadual","tipo":"primary","km":36.1},"geometry":{"type":"MultiLineString","coordinates":[[[-36.0657246,-6.7135689],[-36.0659695,-6.71389]],[[-36.0659021,-6.7139542],[-36.0657246,-6.7135689]],[[-35.9086134,-6.6310726],[-35.9151223,-6.6339998],[-35.9159164,-6.6349911],[-35.9170462,-6.6375926],[-35.9201378,-6.6418824],[-35.9247458,-6.6441416],[-35.9271842,-6.654833],[-35.9279515,-6.6555651],[-35.9327453,-6.6582535],[-35.9383757,-6.6629256],[-35.9410195,-6.6637514],[-35.946154,-6.6631359],[-35.9484476,-6.6626109],[-35.9501389,-6.6617582],[-35.952264,-6.6597101],[-35.9587647,-6.659783],[-35.961535,-6.6618795],[-35.9631617,-6.6639369],[-35.9691899,-6.6675212],[-35.9727117,-6.6685717],[-35.9791571,-6.6710972],[-35.9813322,-6.6725966],[-35.9845001,-6.6731006],[-35.9872359,-6.6740543],[-35.9903146,-6.6776541],[-35.9957962,-6.6827728],[-35.9980889,-6.6847006],[-35.9998158,-6.6856733],[-36.0009411,-6.6859326],[-36.0025873,-6.6842385],[-36.004445,-6.6837832],[-36.0096916,-6.6834102],[-36.011721,-6.6837209],[-36.0134187,-6.6851443],[-36.0178238,-6.6866217],[-36.0197322,-6.6879457],[-36.0214689,-6.6898877],[-36.0241431,-6.6915527],[-36.0281785,-6.6922906],[-36.0294941,-6.6935387],[-36.0329971,-6.6951423],[-36.039201,-6.6972135],[-36.0407339,-6.6989184],[-36.0446781,-6.7008364],[-36.0454908,-6.7005607],[-36.0500646,-6.6969232],[-36.0512454,-6.6968276],[-36.053346,-6.6985082],[-36.0551964,-6.7005767],[-36.0566729,-6.7014291],[-36.0582139,-6.7045978],[-36.0596569,-6.706312],[-36.0625657,-6.7071365],[-36.0640289,-6.7084111],[-36.0652077,-6.7107953],[-36.0657246,-6.7135689]],[[-35.9086134,-6.6310726],[-35.9076019,-6.6306032]],[[-35.9076019,-6.6306032],[-35.9086134,-6.6310726]],[[-35.8199076,-6.585306],[-35.8219917,-6.5866809],[-35.8260204,-6.5902207],[-35.8275828,-6.5925668],[-35.8330545,-6.5922943],[-35.8416818,-6.5880705],[-35.846668,-6.5817109],[-35.8484933,-6.5815178],[-35.8496185,-6.5821339],[-35.851732,-6.5841723],[-35.8533313,-6.5864032],[-35.8559418,-6.5877627],[-35.8583792,-6.5901734],[-35.8614095,-6.5907683],[-35.8641869,-6.5905418],[-35.8685267,-6.5913211],[-35.8711472,-6.5914277],[-35.8797477,-6.5937285],[-35.8805537,-6.5944386],[-35.8854434,-6.601911],[-35.8859718,-6.6045155],[-35.886189,-6.6092728],[-35.8880049,-6.6145069],[-35.8910921,-6.6161921],[-35.8925633,-6.617519],[-35.8933881,-6.6188671],[-35.893895,-6.6209746],[-35.8974563,-6.6242663],[-35.8992959,-6.6284687],[-35.9018413,-6.6285937],[-35.9059154,-6.6293238],[-35.9076019,-6.6306032]],[[-35.8199076,-6.585306],[-35.8195054,-6.585116]],[[-35.8195744,-6.5850246],[-35.8199076,-6.585306]]]}},{"type":"Feature","properties":{"ref":"PB-137","jurisdicao":"estadual","tipo":"primary","km":25.3},"geometry":{"type":"LineString","coordinates":[[-36.1519133,-6.6474096],[-36.1618941,-6.6404009],[-36.170562,-6.637616],[-36.2342428,-6.5949517],[-36.2436513,-6.588513],[-36.2495431,-6.5814963],[-36.2512804,-6.5800837],[-36.270801,-6.5719746],[-36.2732472,-6.5700774],[-36.2781396,-6.5647802],[-36.2929759,-6.5569531],[-36.2944742,-6.5551182],[-36.2994256,-6.5449017],[-36.3092061,-6.5308917],[-36.3106374,-6.530012],[-36.3287516,-6.5224672],[-36.3333891,-6.5168098]]}},{"type":"Feature","properties":{"ref":"PB-138","jurisdicao":"estadual","tipo":"secondary","km":32.9},"geometry":{"type":"MultiLineString","coordinates":[[[-36.2195585,-7.2498829],[-36.2178469,-7.2555954],[-36.2172074,-7.256413],[-36.2165581,-7.2566676],[-36.2103233,-7.2571625],[-36.2046585,-7.2566903],[-36.1978282,-7.2580619],[-36.1934669,-7.2579514],[-36.1761037,-7.25919],[-36.1653589,-7.2625867],[-36.1610829,-7.2655128],[-36.158777,-7.2666749],[-36.1534095,-7.2687281],[-36.1499142,-7.269402],[-36.1465913,-7.2711119],[-36.1387935,-7.2722717],[-36.1301915,-7.2720114],[-36.1236145,-7.2726576],[-36.1208344,-7.2726545],[-36.1154699,-7.2712925],[-36.1084971,-7.2707286],[-36.0980352,-7.2712061]],[[-36.0943686,-7.2719363],[-36.0714181,-7.2758074],[-36.0589957,-7.274989],[-36.0354728,-7.2765428],[-36.027398,-7.2761211],[-36.0079735,-7.2715261],[-36.0017418,-7.2682239],[-35.9963653,-7.2672128],[-35.9906866,-7.2646684],[-35.989231,-7.2637027],[-35.9843831,-7.2565558],[-35.9837993,-7.2561209],[-35.9678248,-7.2545005],[-35.9515269,-7.2536232],[-35.9438517,-7.2540141],[-35.9361822,-7.2523247],[-35.9340811,-7.2521695]],[[-35.9337349,-7.2518385],[-35.9340811,-7.2521695]],[[-35.9340811,-7.2521695],[-35.9336259,-7.2522941]]]}},{"type":"Feature","properties":{"ref":"PB-147","jurisdicao":"estadual","tipo":"secondary","km":2.9},"geometry":{"type":"MultiLineString","coordinates":[[[-36.0768056,-7.0739402],[-36.0721158,-7.0753456],[-36.069735,-7.075656],[-36.0677765,-7.0767569]],[[-36.0677765,-7.0767569],[-36.0647598,-7.0784046],[-36.0629208,-7.0778988]],[[-36.0629208,-7.0778988],[-36.0648899,-7.0783148],[-36.0677765,-7.0767569]],[[-36.0629208,-7.0778988],[-36.0573472,-7.0773512]]]}},{"type":"Feature","properties":{"ref":"PB-148","jurisdicao":"estadual","tipo":"secondary","km":111.3},"geometry":{"type":"MultiLineString","coordinates":[[[-37.0143007,-7.4031947],[-37.0131339,-7.4025045],[-37.0117204,-7.4027399],[-37.0104732,-7.4025417],[-37.0084749,-7.4014685],[-37.0031897,-7.4008619],[-37.0021754,-7.4004912],[-36.9966782,-7.3971761],[-36.9932641,-7.3930419],[-36.988975,-7.3896756],[-36.9865157,-7.3900854],[-36.979123,-7.3875502],[-36.9749641,-7.3887474],[-36.9728565,-7.3878937],[-36.9699611,-7.3853694],[-36.967637,-7.3851313],[-36.9637209,-7.3838997],[-36.9572072,-7.383119],[-36.9555457,-7.3816116],[-36.9544082,-7.3811204]],[[-36.9545156,-7.3807573],[-36.9552114,-7.3771789],[-36.9548428,-7.3768671],[-36.9519108,-7.3763048]],[[-36.9545156,-7.3807573],[-36.9544082,-7.3811204]],[[-36.9544082,-7.3811204],[-36.9545156,-7.3807573]],[[-36.9519108,-7.3763048],[-36.9446691,-7.3752235]],[[-36.9446864,-7.3751171],[-36.9519108,-7.3763048]],[[-36.943551,-7.3749717],[-36.9446058,-7.3751052]],[[-36.9445968,-7.3752122],[-36.9435379,-7.3750552]],[[-36.9434532,-7.3750436],[-36.943551,-7.3749717]],[[-36.943551,-7.3749717],[-36.9435379,-7.3750552]],[[-36.9435379,-7.3750552],[-36.9434532,-7.3750436]],[[-36.9435379,-7.3750552],[-36.9434866,-7.3758017]],[[-36.9434866,-7.3758017],[-36.9433857,-7.3759369]],[[-36.943397,-7.3758145],[-36.9434866,-7.3758017]],[[-36.943397,-7.3758145],[-36.9434532,-7.3750436]],[[-36.9433857,-7.3759369],[-36.943397,-7.3758145]],[[-36.9405487,-7.376377],[-36.943397,-7.3758145]],[[-36.9433857,-7.3759369],[-36.9405487,-7.376377]],[[-36.9405487,-7.376377],[-36.9385229,-7.3762034],[-36.936058,-7.3745648],[-36.9322437,-7.3742561],[-36.9317642,-7.3746162],[-36.9297611,-7.3779916],[-36.9272536,-7.3799327],[-36.9261164,-7.382066],[-36.9227311,-7.382762],[-36.9194141,-7.3828792],[-36.9134456,-7.3841195],[-36.9017263,-7.3839434],[-36.8974905,-7.3865497],[-36.8870768,-7.3899953],[-36.8822374,-7.3886659],[-36.8774136,-7.3878339],[-36.8759046,-7.3883151],[-36.870284,-7.3914895],[-36.8689049,-7.3918173],[-36.8626892,-7.3909646],[-36.8524492,-7.3913234],[-36.8491902,-7.3898253],[-36.8473909,-7.3894208],[-36.8412103,-7.3899327],[-36.8394649,-7.3907162],[-36.8357956,-7.396685],[-36.8348826,-7.3974199],[-36.8336387,-7.397784],[-36.8204611,-7.3960446],[-36.8186618,-7.395371],[-36.8155937,-7.3949145],[-36.8123219,-7.3949302]],[[-36.8071428,-7.3909403],[-36.8100514,-7.3914487]],[[-36.8100408,-7.3915641],[-36.807116,-7.391085]],[[-36.8047933,-7.3906361],[-36.8071428,-7.3909403]],[[-36.8071428,-7.3909403],[-36.807116,-7.391085]],[[-36.807116,-7.391085],[-36.8047933,-7.3906361]],[[-36.8047933,-7.3906361],[-36.770681,-7.3861624],[-36.7334278,-7.3956955],[-36.6618097,-7.3891409],[-36.5874556,-7.3979001],[-36.5699708,-7.3969275],[-36.5676577,-7.3965452],[-36.560556,-7.3942337],[-36.5561532,-7.3906231],[-36.5496965,-7.386425],[-36.5484144,-7.386048],[-36.5338393,-7.3902356],[-36.5331779,-7.3909415],[-36.5327945,-7.3907774],[-36.5325632,-7.3914078]],[[-36.5309706,-7.3916804],[-36.5313971,-7.3917895]],[[-36.5309277,-7.391828],[-36.5296215,-7.3914869]],[[-36.2865194,-7.4884455],[-36.28967,-7.492542]],[[-36.2896103,-7.4926459],[-36.2862455,-7.4888113],[-36.2865194,-7.4884455]],[[-36.2671098,-7.4753935],[-36.2677671,-7.4760331],[-36.268684,-7.4761665],[-36.2716534,-7.4754371],[-36.2740254,-7.4752969],[-36.2793646,-7.4770983],[-36.2804818,-7.4781919],[-36.2830387,-7.4818431],[-36.2872566,-7.4844303],[-36.2875597,-7.486529],[-36.2868207,-7.4880045]],[[-36.2868207,-7.4880045],[-36.2867241,-7.4883861]],[[-36.2867241,-7.4883861],[-36.2868207,-7.4880045]],[[-36.2867241,-7.4883861],[-36.2865194,-7.4884455]],[[-36.1651423,-7.4368173],[-36.1655465,-7.4355649],[-36.1665944,-7.4349714],[-36.1687669,-7.4364526],[-36.1749767,-7.4380527],[-36.1774206,-7.4401002],[-36.1820662,-7.4408104],[-36.1848182,-7.4421987],[-36.1866495,-7.4438484],[-36.1884096,-7.4443357],[-36.1907096,-7.4441065],[-36.1917264,-7.4448857],[-36.1930418,-7.448212],[-36.1940424,-7.4488744],[-36.1948222,-7.4500959],[-36.1983445,-7.4516668],[-36.2007859,-7.4536834],[-36.2044023,-7.4536522],[-36.2075955,-7.4555098],[-36.2118059,-7.4608134],[-36.21563,-7.4612384],[-36.2163494,-7.4608551],[-36.2184215,-7.4583311],[-36.21977,-7.4581401],[-36.221323,-7.4584513],[-36.2291118,-7.4619812],[-36.2355121,-7.4634435],[-36.2369288,-7.4651454],[-36.2377966,-7.465517],[-36.2426884,-7.466825],[-36.24591,-7.4670868],[-36.250955,-7.4691135],[-36.2556015,-7.4688242],[-36.2577187,-7.469741],[-36.2592921,-7.4699142],[-36.2610324,-7.4712073],[-36.2660734,-7.4736901],[-36.2668013,-7.4747841]],[[-36.1353643,-7.4817267],[-36.1381216,-7.4812913],[-36.1387626,-7.4808219],[-36.1388639,-7.4799343],[-36.1377963,-7.4771845],[-36.1377642,-7.4761407],[-36.1388786,-7.473686],[-36.1397101,-7.4728317],[-36.1410143,-7.4724029],[-36.1413248,-7.470887],[-36.1418371,-7.4702301],[-36.1423454,-7.4698591],[-36.1445314,-7.4696371],[-36.1455077,-7.4692262],[-36.1507662,-7.4639538],[-36.1535349,-7.4585563],[-36.1533405,-7.454412],[-36.1543323,-7.4530004],[-36.1570963,-7.4507918],[-36.1585961,-7.4491051],[-36.1589061,-7.4479],[-36.1612382,-7.4433507],[-36.163114,-7.4417536],[-36.1640133,-7.4404226],[-36.1650823,-7.437042]],[[-36.1288445,-7.4787589],[-36.095778,-7.4562698]],[[-35.9023559,-7.3637414],[-35.9127647,-7.3703579],[-35.9322603,-7.3753559],[-35.93644,-7.3768508],[-35.9393439,-7.3790316],[-36.024543,-7.4078436],[-36.0947273,-7.455576]]]}},{"type":"Feature","properties":{"ref":"PB-150","jurisdicao":"estadual","tipo":"secondary","km":23.6},"geometry":{"type":"MultiLineString","coordinates":[[[-36.07962,-7.738678],[-36.0792218,-7.7386715]],[[-36.0792218,-7.7386715],[-36.0794179,-7.7382893]],[[-36.0792218,-7.7386715],[-36.0745646,-7.7400674],[-36.0700464,-7.7401511],[-36.0682708,-7.7406361],[-36.0639216,-7.7430002],[-36.0605306,-7.7435414]],[[-36.0550955,-7.7430219],[-36.0605306,-7.7435414]],[[-36.0605306,-7.7435414],[-36.0550955,-7.7430219]],[[-35.8847036,-7.7408302],[-35.8859061,-7.7402654],[-35.8896504,-7.7402906],[-35.8966738,-7.7386601],[-35.8996135,-7.7389949],[-35.9085345,-7.737985],[-35.9168387,-7.7374375],[-35.9194082,-7.7380169],[-35.9226537,-7.7381232],[-35.9269399,-7.7412487],[-35.9284955,-7.7417431],[-35.9298688,-7.7417059],[-35.9315586,-7.741068],[-35.9334469,-7.738963],[-35.9353191,-7.7378122],[-35.938924,-7.7334401],[-35.9444815,-7.7308355],[-35.9490305,-7.7296288],[-35.957002,-7.7317923],[-35.9618408,-7.7308408],[-35.9641045,-7.7314734],[-35.9677416,-7.7309312],[-35.9752196,-7.7314999],[-35.9804875,-7.7338122],[-35.9853476,-7.735173],[-35.9887487,-7.73689],[-35.9905028,-7.7385165],[-35.9933674,-7.7388567],[-35.9963125,-7.7398826],[-36.0014302,-7.7402441],[-36.007209,-7.7418295],[-36.0116762,-7.7417643],[-36.0161448,-7.7407703],[-36.0214703,-7.7390813],[-36.0227054,-7.7389777],[-36.0244542,-7.7392049],[-36.0277534,-7.7403291],[-36.0368702,-7.7455516],[-36.041206,-7.7440646],[-36.0458086,-7.7430846],[-36.0489965,-7.7433085],[-36.0525262,-7.74306],[-36.055067,-7.7424647],[-36.0550955,-7.7430219]]]}},{"type":"Feature","properties":{"ref":"PB-151","jurisdicao":"estadual","tipo":"primary","km":36.2},"geometry":{"type":"MultiLineString","coordinates":[[[-36.3493114,-6.5107152],[-36.3557272,-6.5124287],[-36.3614002,-6.5128708],[-36.3767181,-6.5158259],[-36.3860518,-6.5211112],[-36.387913,-6.5227937],[-36.38876,-6.5231382],[-36.3980984,-6.5237003],[-36.4022641,-6.5215658],[-36.4033421,-6.52134],[-36.4064915,-6.5226264],[-36.4235089,-6.5241296],[-36.4303301,-6.5281809],[-36.4328144,-6.5328506],[-36.433468,-6.5335438],[-36.4400655,-6.5366593],[-36.4416577,-6.5400543],[-36.4424147,-6.5407989],[-36.4471984,-6.5419053],[-36.4499057,-6.5407331],[-36.4518547,-6.5409414],[-36.4524972,-6.5412717],[-36.454619,-6.544067],[-36.4584641,-6.5467432],[-36.460294,-6.5493019],[-36.4624844,-6.5502895]],[[-36.3367056,-6.5088207],[-36.3382176,-6.5115824]],[[-36.3381351,-6.5116668],[-36.3367056,-6.5088207]],[[-36.3367056,-6.5088207],[-36.3344961,-6.5085329],[-36.3271611,-6.5053434],[-36.3268088,-6.5047726],[-36.3267821,-6.5032883],[-36.3261196,-6.5023862],[-36.3242045,-6.5016679],[-36.3224973,-6.4982315],[-36.3203609,-6.4978771],[-36.3194245,-6.4971504],[-36.3180824,-6.493252],[-36.3186286,-6.4917188],[-36.3177404,-6.4898727],[-36.3172026,-6.489437],[-36.3153224,-6.4896169],[-36.3139853,-6.4889053],[-36.3134368,-6.486123],[-36.3137949,-6.4835979],[-36.3115887,-6.4776868],[-36.3109973,-6.4743408],[-36.3098171,-6.4720661],[-36.3081381,-6.4703604],[-36.3065931,-6.46759],[-36.3061519,-6.4660456],[-36.3048511,-6.4641495],[-36.3013547,-6.4615334],[-36.2992385,-6.4565109],[-36.2944823,-6.4491751],[-36.2940765,-6.4456132],[-36.2951006,-6.4418251],[-36.2943797,-6.4347398],[-36.2916197,-6.4358469],[-36.2913027,-6.4351053],[-36.2892471,-6.4358539],[-36.2803088,-6.442773],[-36.2735027,-6.443959],[-36.2701955,-6.445137],[-36.2665652,-6.445822],[-36.26406,-6.445926],[-36.2609661,-6.4450091],[-36.2548976,-6.4453569],[-36.2506717,-6.4462071],[-36.2459497,-6.4483074],[-36.2433346,-6.4479316],[-36.2390605,-6.4492242],[-36.2367015,-6.4492082],[-36.2350693,-6.4508087],[-36.2318601,-6.4518428],[-36.2167257,-6.4551023],[-36.2142215,-6.4551288]],[[-36.2040626,-6.4554328],[-36.2090585,-6.454765]],[[-36.2090504,-6.454853],[-36.2040734,-6.4555283]]]}},{"type":"Feature","properties":{"ref":"PB-157","jurisdicao":"estadual","tipo":"secondary","km":13.8},"geometry":{"type":"MultiLineString","coordinates":[[[-36.2706073,-7.0936836],[-36.2708123,-7.0940649]],[[-36.2707144,-7.0940879],[-36.2706073,-7.0936836]],[[-36.2440935,-6.991178],[-36.2465841,-6.9934325],[-36.2465922,-6.9952295],[-36.2469194,-6.9958658],[-36.2492683,-6.9984043],[-36.2521724,-7.0002745],[-36.2538689,-7.0021384],[-36.254341,-7.0032508],[-36.2539159,-7.0054445],[-36.2503552,-7.0158988],[-36.2506617,-7.0165257],[-36.2528779,-7.0173889],[-36.2535712,-7.0193283],[-36.2539548,-7.0219617],[-36.2556244,-7.0246478],[-36.2558068,-7.0254584],[-36.2535866,-7.0336468],[-36.2519994,-7.0374003],[-36.2505738,-7.0483197],[-36.254899,-7.0708763],[-36.2547541,-7.0751033],[-36.2557143,-7.0775202],[-36.255548,-7.0779194],[-36.2535042,-7.078899],[-36.2530429,-7.0794579],[-36.2532671,-7.0845912],[-36.2538207,-7.0851913],[-36.2578922,-7.0869828],[-36.2611814,-7.0872093],[-36.2620623,-7.0875431],[-36.2672628,-7.0904052],[-36.2691014,-7.0918451],[-36.2706073,-7.0936836]]]}},{"type":"Feature","properties":{"ref":"PB-160","jurisdicao":"estadual","tipo":"secondary","km":42.7},"geometry":{"type":"MultiLineString","coordinates":[[[-36.3177742,-7.7511612],[-36.31699,-7.7510431],[-36.3169464,-7.7513508]],[[-36.3169464,-7.7513508],[-36.3162383,-7.7565047]],[[-36.3162383,-7.7565047],[-36.3169464,-7.7513508]],[[-36.3093477,-7.806674],[-36.3098458,-7.8056664],[-36.3094211,-7.8030649],[-36.3097727,-7.8001453],[-36.3095836,-7.7989996],[-36.3105205,-7.7910541],[-36.3099921,-7.7864914],[-36.3089902,-7.7840549],[-36.3095186,-7.7747721],[-36.3108396,-7.7684512],[-36.3146739,-7.7599364],[-36.3163402,-7.757496],[-36.3162383,-7.7565047]],[[-36.3095957,-7.5183375],[-36.306924,-7.5161404],[-36.301345,-7.5084235],[-36.2948563,-7.5040969],[-36.2911506,-7.5021452],[-36.2893471,-7.5004106],[-36.2887457,-7.4988775],[-36.2883946,-7.4957419]],[[-36.2865194,-7.4884455],[-36.2896304,-7.4924922]],[[-36.2896304,-7.4924922],[-36.2896103,-7.4926459]],[[-36.2895726,-7.4926063],[-36.2896304,-7.4924922]],[[-36.2896103,-7.4926459],[-36.2895726,-7.4926063]],[[-36.2896103,-7.4926459],[-36.2883946,-7.4957419]],[[-36.2895726,-7.4926063],[-36.2862455,-7.4888113],[-36.2865194,-7.4884455]],[[-36.2883946,-7.4957419],[-36.2895726,-7.4926063]],[[-36.2803223,-7.4779907],[-36.2830387,-7.4818431],[-36.2872566,-7.4844303],[-36.2875597,-7.486529],[-36.2868207,-7.4880045]],[[-36.2868207,-7.4880045],[-36.2867241,-7.4883861]],[[-36.2867241,-7.4883861],[-36.2868207,-7.4880045]],[[-36.2867241,-7.4883861],[-36.2865194,-7.4884455]],[[-36.2788731,-7.4768645],[-36.2801506,-7.4746466],[-36.2787585,-7.4682109],[-36.2808655,-7.4597264],[-36.2808378,-7.4554786],[-36.2826103,-7.4528907],[-36.2859117,-7.4511723],[-36.2872357,-7.4494655],[-36.287633,-7.4482693],[-36.2850525,-7.444955],[-36.2850937,-7.4406982],[-36.2846729,-7.4375793],[-36.2839785,-7.4352044],[-36.2842875,-7.4343845],[-36.2855368,-7.4330278],[-36.2874034,-7.4275222],[-36.2867502,-7.4260517],[-36.2850849,-7.4244032],[-36.2850643,-7.4218531],[-36.2841639,-7.4162634],[-36.2795565,-7.4131574],[-36.2771846,-7.4137185],[-36.2669746,-7.4103192],[-36.2599629,-7.4092688],[-36.2575649,-7.4084314],[-36.2544048,-7.4088428],[-36.2514507,-7.407241],[-36.2501178,-7.4053794],[-36.2494999,-7.4027942],[-36.2476697,-7.4001039],[-36.245101,-7.3990623],[-36.2425706,-7.39669],[-36.2401235,-7.3951002],[-36.2408405,-7.3912073],[-36.2456277,-7.3893398],[-36.2474814,-7.3883127],[-36.2492439,-7.3861855],[-36.2495764,-7.382824],[-36.2515507,-7.3814818],[-36.2517008,-7.3810149],[-36.2515742,-7.3805743],[-36.2485877,-7.3777234],[-36.2482847,-7.3764074],[-36.2492645,-7.3753452],[-36.2492674,-7.3734047],[-36.2481964,-7.3723134],[-36.2460397,-7.3709857],[-36.2445626,-7.36702],[-36.2422087,-7.36367],[-36.2408434,-7.3580235],[-36.2410582,-7.3566928],[-36.2408238,-7.3517087],[-36.241679,-7.3477271],[-36.241429,-7.3429812],[-36.2445188,-7.3330452],[-36.241686,-7.3208],[-36.239691,-7.31683],[-36.2395998,-7.3156216],[-36.240699,-7.311873],[-36.238275,-7.302754],[-36.237266,-7.301037],[-36.239369,-7.29636],[-36.2429309,-7.2837849],[-36.244213,-7.2735308]],[[-36.244213,-7.2735308],[-36.2446902,-7.2731548],[-36.244213,-7.2735308]]]}},{"type":"Feature","properties":{"ref":"PB-167","jurisdicao":"estadual","tipo":"secondary","km":48.5},"geometry":{"type":"MultiLineString","coordinates":[[[-36.3932431,-6.8969486],[-36.3934531,-6.8970884]],[[-36.3933744,-6.8971642],[-36.3932431,-6.8969486]],[[-36.3932431,-6.8969486],[-36.3850129,-6.8888183],[-36.3821054,-6.8845258],[-36.3811612,-6.8813197],[-36.3692415,-6.8677973],[-36.3672272,-6.8675896],[-36.3635579,-6.8662927],[-36.3608703,-6.8670996],[-36.3567558,-6.8672248],[-36.3548327,-6.8666815],[-36.3537524,-6.8652455],[-36.3519171,-6.8665231],[-36.3515952,-6.8662928],[-36.3472299,-6.8687161],[-36.3458056,-6.8690369]],[[-36.3440595,-6.8687237],[-36.3458056,-6.8690369]],[[-36.3458056,-6.8690369],[-36.3445361,-6.8690141],[-36.3440595,-6.8687237]],[[-36.3440595,-6.8687237],[-36.337582,-6.8656004],[-36.3346462,-6.8605958],[-36.3335304,-6.8575067],[-36.3314705,-6.8532672],[-36.3294963,-6.8500076],[-36.3288526,-6.8470462],[-36.3268356,-6.8318132],[-36.3259129,-6.829704],[-36.3257627,-6.8265934],[-36.3263206,-6.8200099],[-36.3251619,-6.8143851],[-36.3242934,-6.8114022],[-36.3214573,-6.8057692],[-36.3151477,-6.795451],[-36.3159933,-6.79206],[-36.3162372,-6.7869896],[-36.3153505,-6.777011],[-36.3148342,-6.7759496],[-36.3097742,-6.7719557],[-36.2853071,-6.7583585],[-36.2804794,-6.7596677],[-36.2787211,-6.7595858],[-36.2776315,-6.7599572],[-36.262573,-6.7667074],[-36.2586051,-6.767967],[-36.252252,-6.77144],[-36.250227,-6.771006],[-36.248335,-6.769357],[-36.246652,-6.76568]],[[-36.246652,-6.76568],[-36.2448407,-6.7660877]],[[-36.246652,-6.76568],[-36.2448407,-6.7660877]],[[-36.2448407,-6.7660877],[-36.239481,-6.76143],[-36.2365,-6.75985],[-36.233835,-6.757497],[-36.2249976,-6.7435273],[-36.2222457,-6.7428987],[-36.2155293,-6.7444817],[-36.2145087,-6.7444036],[-36.2118173,-6.7381893],[-36.203497,-6.730116],[-36.201153,-6.728818],[-36.1956939,-6.7263131],[-36.1943883,-6.726144],[-36.1887379,-6.7281846],[-36.1867344,-6.729862],[-36.1826681,-6.7305264],[-36.178325,-6.726872],[-36.170932,-6.728159],[-36.1689058,-6.726967],[-36.167911,-6.725422],[-36.165079,-6.724024],[-36.1642778,-6.7177265],[-36.1664665,-6.7140398],[-36.166457,-6.708704],[-36.165364,-6.705021],[-36.16428,-6.703319],[-36.155364,-6.684798],[-36.15478,-6.680561],[-36.156002,-6.6759363],[-36.155529,-6.6721899],[-36.1559185,-6.6642248],[-36.1539598,-6.6512638],[-36.15216,-6.6479118]],[[-36.15216,-6.6479118],[-36.1518701,-6.647445]],[[-36.1519133,-6.6474096],[-36.15216,-6.6479118]]]}},{"type":"Feature","properties":{"ref":"PB-169","jurisdicao":"estadual","tipo":"secondary","km":5.5},"geometry":{"type":"MultiLineString","coordinates":[[[-36.2321551,-6.5970835],[-36.2334681,-6.5993929],[-36.2351673,-6.606835],[-36.2369589,-6.6123659],[-36.2442438,-6.6229928],[-36.2449412,-6.6262433],[-36.2450029,-6.6294457],[-36.2476636,-6.6367977],[-36.2498054,-6.6389544],[-36.2503777,-6.6411405]],[[-36.2321551,-6.5970835],[-36.2317795,-6.596548],[-36.2321551,-6.5970835]]]}},{"type":"Feature","properties":{"ref":"PB-176","jurisdicao":"estadual","tipo":"secondary","km":41.6},"geometry":{"type":"MultiLineString","coordinates":[[[-36.4877953,-7.2491662],[-36.4880947,-7.25066],[-36.4864576,-7.2611474],[-36.4881491,-7.2731775],[-36.4896075,-7.2890374],[-36.4892376,-7.3013417],[-36.4880634,-7.310028],[-36.488159,-7.3240849],[-36.488377,-7.3263882],[-36.4905365,-7.3301128],[-36.4893454,-7.3419996],[-36.4914612,-7.3534766],[-36.4910811,-7.3570456]],[[-36.365815,-7.0757408],[-36.3678682,-7.0762146],[-36.3704538,-7.0750062],[-36.372318,-7.074567],[-36.3821831,-7.0746695],[-36.4047114,-7.0727736],[-36.406311,-7.0731812],[-36.4080052,-7.074145],[-36.4094038,-7.0757062],[-36.4129028,-7.0825806],[-36.4196975,-7.0881185],[-36.4284058,-7.0928955],[-36.4329834,-7.0946045],[-36.4368896,-7.0964966],[-36.4423337,-7.0979882],[-36.4562344,-7.1052714],[-36.4607906,-7.1131573],[-36.4598787,-7.117139],[-36.45833,-7.1197566],[-36.4611816,-7.1264038],[-36.4653509,-7.129288],[-36.4664779,-7.1305251],[-36.469805,-7.1322675],[-36.4733887,-7.1361694],[-36.4785755,-7.1398876],[-36.4796593,-7.1415102],[-36.4848285,-7.1437726],[-36.4859605,-7.1479477],[-36.4851993,-7.1509289],[-36.4851826,-7.1530791],[-36.4878273,-7.1560491],[-36.4889626,-7.1582443],[-36.4873056,-7.1656391],[-36.4879869,-7.1686077],[-36.4867048,-7.1732382],[-36.4870535,-7.1745848],[-36.4871594,-7.1784409],[-36.4863977,-7.1828691],[-36.485589,-7.1850219],[-36.4850338,-7.1886843],[-36.4857674,-7.1911718],[-36.4875591,-7.1938302],[-36.487433,-7.1966603],[-36.4866672,-7.1980268],[-36.4865693,-7.1994904],[-36.4882538,-7.204863],[-36.4883865,-7.206131],[-36.4889431,-7.2067763],[-36.4898119,-7.2091784],[-36.4896237,-7.2141093],[-36.4910889,-7.2180786],[-36.4908676,-7.2223895],[-36.4892738,-7.2274098],[-36.4887593,-7.2285767],[-36.4875836,-7.2299699],[-36.4871176,-7.2323517],[-36.4862611,-7.2335961],[-36.4854509,-7.234184],[-36.4848179,-7.2361583],[-36.4846074,-7.2395134],[-36.486165,-7.2448731]],[[-36.486165,-7.2448731],[-36.4863393,-7.2463845],[-36.486165,-7.2448731]]]}},{"type":"Feature","properties":{"ref":"PB-177","jurisdicao":"estadual","tipo":"secondary","km":99.2},"geometry":{"type":"MultiLineString","coordinates":[[[-36.470421,-6.757062],[-36.4710874,-6.7560198],[-36.4711927,-6.7552027],[-36.4689566,-6.7489412],[-36.4657958,-6.7460733],[-36.4643623,-6.7451947],[-36.4627628,-6.7425147],[-36.4566296,-6.7369374],[-36.4555998,-6.7361934],[-36.4523251,-6.7347787],[-36.4488688,-6.7308779],[-36.4447345,-6.7239807],[-36.4401157,-6.7220159],[-36.4359681,-6.7139271],[-36.4323675,-6.7125111],[-36.4296141,-6.7103994],[-36.4224549,-6.7024705],[-36.4173833,-6.6921493],[-36.4191779,-6.685528],[-36.4140806,-6.6729713],[-36.4124342,-6.6648006],[-36.409263,-6.6583747],[-36.4077766,-6.6545327],[-36.4062654,-6.652276],[-36.4001214,-6.6457263],[-36.3953831,-6.6454673],[-36.3894782,-6.6442466],[-36.3834669,-6.640013],[-36.3830012,-6.6393876],[-36.3827268,-6.6358962],[-36.3815307,-6.6306559],[-36.3810206,-6.6233126],[-36.3792857,-6.6187719],[-36.3781592,-6.6139001],[-36.3757513,-6.6099869],[-36.3758833,-6.60933],[-36.378074,-6.6063959],[-36.3781913,-6.604722],[-36.3778628,-6.6040445],[-36.3756171,-6.6017924],[-36.3753254,-6.5995223],[-36.3741794,-6.5972835],[-36.3745295,-6.5939825],[-36.3742089,-6.5905964],[-36.3762568,-6.5848631],[-36.3770024,-6.5798624],[-36.3735035,-6.5739178],[-36.3713443,-6.5726481],[-36.3681773,-6.5716442],[-36.3676194,-6.57114],[-36.3670005,-6.5678665],[-36.3672781,-6.5604762],[-36.3667492,-6.5572234],[-36.3647135,-6.5554331],[-36.3632133,-6.551655],[-36.3618829,-6.549686],[-36.3604684,-6.5446936],[-36.3607077,-6.5429071],[-36.3591603,-6.5389134],[-36.3586854,-6.5383211],[-36.3566695,-6.5373247],[-36.3558035,-6.5361154],[-36.3561109,-6.5327175],[-36.3550739,-6.5298659],[-36.3549859,-6.52733],[-36.3544461,-6.5253859],[-36.3536543,-6.5246132],[-36.3510303,-6.523604],[-36.3500118,-6.5205743],[-36.3489861,-6.5188599],[-36.3489756,-6.5181374],[-36.35035,-6.5148939],[-36.3507447,-6.5123181],[-36.3493018,-6.5118878],[-36.3493114,-6.5107152],[-36.3557272,-6.5124287],[-36.3593941,-6.5127097]],[[-36.470421,-6.757062],[-36.469997,-6.7573542],[-36.4686139,-6.7571625]],[[-36.4686139,-6.7571625],[-36.470421,-6.757062]],[[-36.3666326,-7.0563275],[-36.3666022,-7.0539583],[-36.3638646,-7.0488102],[-36.3646049,-7.0465955],[-36.3625775,-7.0284392],[-36.3639028,-7.0226167],[-36.3707082,-7.0051587],[-36.3790785,-6.9820393],[-36.3791388,-6.9805431],[-36.3787995,-6.9794688],[-36.3742062,-6.9718878],[-36.3738938,-6.9705513],[-36.3773639,-6.96802],[-36.3801017,-6.9668359],[-36.3836557,-6.9614179],[-36.3846387,-6.9506522],[-36.3856821,-6.945214],[-36.3853589,-6.94179],[-36.3865888,-6.931832],[-36.3850486,-6.9235965],[-36.386014,-6.9188468],[-36.3860064,-6.9148799],[-36.3854506,-6.9125621],[-36.3870671,-6.9086111],[-36.3908172,-6.9024945],[-36.3920693,-6.8987441],[-36.3934531,-6.8970884],[-36.3962862,-6.8948816],[-36.3974395,-6.8927007],[-36.3983327,-6.8897104],[-36.3990878,-6.8852474],[-36.3995491,-6.8763014],[-36.4026484,-6.8648175],[-36.4032653,-6.8636418],[-36.4077795,-6.858642],[-36.4082482,-6.8577252],[-36.4060083,-6.8249774],[-36.4044686,-6.820412],[-36.4047999,-6.816229],[-36.4030147,-6.8040546],[-36.4031781,-6.802511],[-36.4055503,-6.7971239],[-36.4068151,-6.796271],[-36.4217054,-6.7938454],[-36.432775,-6.7959851],[-36.437016,-6.793806],[-36.4379243,-6.7927116],[-36.4401889,-6.784639],[-36.4410515,-6.7799601],[-36.4405884,-6.7708804],[-36.4415665,-6.767336],[-36.4455027,-6.7639148],[-36.4616847,-6.7558895],[-36.4629684,-6.7557997],[-36.4651285,-6.756812],[-36.4686139,-6.7571625]],[[-36.4527379,-6.4086978],[-36.4521787,-6.4092887]],[[-36.4521787,-6.4092887],[-36.4526521,-6.4086565]],[[-36.3599341,-6.5123703],[-36.3603802,-6.5074743],[-36.3733211,-6.4684815],[-36.3747427,-6.4678472],[-36.3854152,-6.4668398],[-36.4024734,-6.4550082],[-36.4119515,-6.4559922],[-36.4183794,-6.4536501],[-36.4199824,-6.4516247],[-36.4272096,-6.4481076],[-36.4294862,-6.4449404],[-36.4317975,-6.4432856],[-36.4334936,-6.4425729],[-36.4359218,-6.4429388],[-36.4380434,-6.4443445],[-36.4446668,-6.446004],[-36.4456919,-6.4452112],[-36.4463405,-6.4429123],[-36.4474242,-6.4308118],[-36.4472219,-6.4229662],[-36.4485887,-6.419367],[-36.4490339,-6.4131837],[-36.4521787,-6.4092887]],[[-36.4466172,-6.4011889],[-36.4456845,-6.3968001],[-36.4466877,-6.3946519],[-36.4469987,-6.3904644],[-36.4464355,-6.3894808],[-36.4459097,-6.3871404],[-36.4459849,-6.3850559],[-36.4455235,-6.3838084],[-36.4460975,-6.3817399],[-36.4460653,-6.380727],[-36.4455128,-6.3784186],[-36.4452232,-6.3748679],[-36.4443916,-6.3724796],[-36.4441127,-6.3673562],[-36.4452392,-6.3647066],[-36.4446568,-6.3622426]],[[-36.3666326,-7.0563275],[-36.366706,-7.0568551],[-36.3666326,-7.0563275]],[[-36.3599341,-6.5123703],[-36.3599156,-6.5127411]],[[-36.359855,-6.512735],[-36.3599341,-6.5123703]]]}},{"type":"Feature","properties":{"ref":"PB-186","jurisdicao":"estadual","tipo":"secondary","km":40.7},"geometry":{"type":"MultiLineString","coordinates":[[[-36.5031072,-7.7135123],[-36.5021491,-7.7099975],[-36.50203,-7.7047088],[-36.5036714,-7.6978642],[-36.5027243,-7.6961228],[-36.4965458,-7.6927604],[-36.4926231,-7.6900545],[-36.4846958,-7.6866029],[-36.479145,-7.6829639],[-36.4744486,-7.6777027],[-36.4733061,-7.6768855],[-36.4668471,-7.6746372],[-36.4634205,-7.6720389],[-36.4571266,-7.6689327],[-36.45571,-7.6688822],[-36.4532764,-7.6699641],[-36.4512511,-7.6699297],[-36.4503143,-7.6695647],[-36.4484417,-7.6675957],[-36.4479906,-7.6665971],[-36.4474965,-7.6638182],[-36.4486657,-7.6615573],[-36.4484301,-7.6608389],[-36.4465186,-7.6584987],[-36.4463934,-7.6540354],[-36.4416236,-7.6499513],[-36.4396119,-7.6458561],[-36.4389977,-7.6432642],[-36.4376143,-7.6424056]],[[-36.4376143,-7.6424056],[-36.4341979,-7.6405962]],[[-36.4342221,-7.6405226],[-36.4376143,-7.6424056]],[[-36.4341298,-7.6405005],[-36.4342221,-7.6405226]],[[-36.4342221,-7.6405226],[-36.4341979,-7.6405962]],[[-36.4341979,-7.6405962],[-36.4341162,-7.6405755]],[[-36.4311308,-7.6352746],[-36.4319864,-7.6365172],[-36.4330385,-7.639048],[-36.4341298,-7.6405005]],[[-36.4341162,-7.6405755],[-36.4341298,-7.6405005]],[[-36.4341162,-7.6405755],[-36.4329815,-7.6390766],[-36.4319113,-7.6365159],[-36.4310302,-7.6352604]],[[-36.4310503,-7.6350481],[-36.4311308,-7.6352746]],[[-36.4311308,-7.6352746],[-36.4310302,-7.6352604]],[[-36.4306195,-7.6345938],[-36.4310503,-7.6350481]],[[-36.4309732,-7.6351158],[-36.4310503,-7.6350481]],[[-36.4310302,-7.6352604],[-36.4309732,-7.6351158]],[[-36.4309732,-7.6351158],[-36.4306195,-7.6345938]],[[-36.4306195,-7.6345938],[-36.4292193,-7.6328482],[-36.4278048,-7.6324086],[-36.4285558,-7.6308281],[-36.4287918,-7.6290022],[-36.4287121,-7.6262669],[-36.4283292,-7.6246286],[-36.4295858,-7.6227743],[-36.430127,-7.6198692],[-36.4317302,-7.6180607],[-36.4320239,-7.6159771],[-36.4327099,-7.6145242],[-36.4317362,-7.6069233],[-36.4324678,-7.6037934],[-36.4322734,-7.6012239],[-36.4316587,-7.6004451],[-36.4300565,-7.5994087],[-36.427837,-7.5968956],[-36.4257616,-7.5919544],[-36.4232083,-7.5907547],[-36.4210972,-7.5884289],[-36.4193047,-7.5874371],[-36.4171161,-7.5850139],[-36.4111982,-7.5811621],[-36.407028,-7.5752545],[-36.4063089,-7.5714307],[-36.4056598,-7.5703504],[-36.4044747,-7.5696361],[-36.3980014,-7.5682193],[-36.3929186,-7.5663509],[-36.3905663,-7.5650137],[-36.3891609,-7.5636412],[-36.3873267,-7.5604563],[-36.3851798,-7.5579031],[-36.3804425,-7.5554325],[-36.376518,-7.5543108],[-36.3756098,-7.5535551],[-36.3743265,-7.5516247],[-36.3732307,-7.5509044],[-36.3667068,-7.5492101],[-36.365751,-7.5483128],[-36.3631737,-7.5434156],[-36.3573482,-7.5387158],[-36.3534666,-7.5364458],[-36.3514942,-7.5339284],[-36.3455574,-7.5287354],[-36.338413,-7.5242497],[-36.333407,-7.5221585],[-36.321854,-7.5212953],[-36.3179259,-7.5224579],[-36.3143419,-7.522113],[-36.3074639,-7.5167444],[-36.301345,-7.5084235],[-36.2948563,-7.5040969],[-36.2911506,-7.5021452],[-36.2899661,-7.5010602],[-36.2889201,-7.4995919],[-36.2883946,-7.4957419]],[[-36.28967,-7.492542],[-36.2883946,-7.4957419]],[[-36.2883946,-7.4957419],[-36.2896304,-7.4924922]]]}},{"type":"Feature","properties":{"ref":"PB-195","jurisdicao":"estadual","tipo":"secondary","km":9.9},"geometry":{"type":"MultiLineString","coordinates":[[[-36.6308239,-6.9423844],[-36.6307082,-6.9461169],[-36.6337445,-6.9515484],[-36.6366305,-6.9551481],[-36.642231,-6.9596104],[-36.6468766,-6.964323],[-36.6496983,-6.9693761],[-36.6534963,-6.9787583],[-36.663002,-6.9962283],[-36.6661942,-6.9992749],[-36.6684147,-7.0029796],[-36.6757533,-7.0095392],[-36.6761127,-7.0111738],[-36.6759571,-7.0148263]],[[-36.6759571,-7.0148263],[-36.6761548,-7.0151873],[-36.6759571,-7.0148263]]]}},{"type":"Feature","properties":{"ref":"PB-196","jurisdicao":"estadual","tipo":"primary","km":104.9},"geometry":{"type":"MultiLineString","coordinates":[[[-36.8325233,-7.8937846],[-36.8306458,-7.892682]],[[-36.8306458,-7.892682],[-36.8252988,-7.889717],[-36.8225034,-7.8877943]],[[-36.8225034,-7.8877943],[-36.8306458,-7.892682]],[[-36.8227177,-7.8873927],[-36.8219236,-7.8866728]],[[-36.8219236,-7.8866728],[-36.8227177,-7.8873927]],[[-36.8227177,-7.8873927],[-36.8225034,-7.8877943]],[[-36.7135235,-7.8055319],[-36.7145993,-7.806049],[-36.7177143,-7.8087997],[-36.7197239,-7.8099338],[-36.7313612,-7.8215374],[-36.7362807,-7.825444],[-36.7391664,-7.828526],[-36.740604,-7.8293391],[-36.7422247,-7.8312974],[-36.7432693,-7.8316883],[-36.7520678,-7.8326871],[-36.7545193,-7.8321504],[-36.7580438,-7.8324427],[-36.7630917,-7.8320813],[-36.7638481,-7.8323311],[-36.7731392,-7.8433529],[-36.7786027,-7.8474614],[-36.7863587,-7.8590198],[-36.7899731,-7.8624184],[-36.7916638,-7.8645272],[-36.794606,-7.8660418],[-36.8025858,-7.8713714],[-36.8047783,-7.8744121],[-36.8052794,-7.8758003],[-36.8097169,-7.8805662],[-36.8107317,-7.8823768],[-36.8133659,-7.8855999],[-36.8145767,-7.8861315],[-36.8175503,-7.8863442],[-36.8194067,-7.8856338],[-36.8210613,-7.8859277],[-36.8219236,-7.8866728]],[[-36.7135235,-7.8055319],[-36.7126501,-7.8053593]],[[-36.7135235,-7.8055319],[-36.713684,-7.8049058],[-36.7126501,-7.8053593]],[[-36.7126501,-7.8053593],[-36.7011069,-7.8040993],[-36.6950773,-7.8076928],[-36.6939121,-7.807928],[-36.6684213,-7.7946723],[-36.6653421,-7.7940106],[-36.6609132,-7.7972464]],[[-36.6606296,-7.7969298],[-36.6609132,-7.7972464]],[[-36.6609132,-7.7972464],[-36.6606296,-7.7969298]],[[-36.6597713,-7.795904],[-36.6606296,-7.7969298]],[[-36.6597713,-7.795904],[-36.6589211,-7.7948463]],[[-36.6589211,-7.7948463],[-36.6597713,-7.795904]],[[-36.6589211,-7.7948463],[-36.656645,-7.792122],[-36.6505719,-7.7921383],[-36.6476287,-7.7899824],[-36.6453701,-7.7891531],[-36.6429384,-7.7893594],[-36.6386438,-7.788718],[-36.6307163,-7.7843609],[-36.6217239,-7.7817846],[-36.6189795,-7.7795542],[-36.6174552,-7.7744265],[-36.6165722,-7.7732594],[-36.6076094,-7.7698833],[-36.5973688,-7.7645179],[-36.5956599,-7.7645179],[-36.5879424,-7.7669672],[-36.5826334,-7.7668409],[-36.575616,-7.7642006],[-36.5649689,-7.7588604],[-36.559273,-7.7574601],[-36.5579027,-7.7578329],[-36.5549523,-7.7596613],[-36.5530854,-7.7619336],[-36.5507546,-7.762101],[-36.5492392,-7.7645434],[-36.5485901,-7.764647],[-36.5460393,-7.7628505],[-36.542075,-7.7617741],[-36.5373141,-7.758678],[-36.532006,-7.7568708],[-36.5308258,-7.7558423],[-36.5288383,-7.7523979],[-36.5278137,-7.751388],[-36.5175489,-7.7467662],[-36.5159395,-7.7448978],[-36.5116105,-7.7425351],[-36.5103713,-7.7415544],[-36.5057659,-7.7362468],[-36.4985615,-7.7312528]],[[-36.4985615,-7.7312528],[-36.4965866,-7.7297553]],[[-36.4965866,-7.7297553],[-36.4985615,-7.7312528]],[[-36.4965866,-7.7297553],[-36.4954223,-7.728773]],[[-36.4954223,-7.728773],[-36.4933127,-7.7278415]],[[-36.4911896,-7.7271252],[-36.4953449,-7.7284959],[-36.4954223,-7.728773]],[[-36.4933127,-7.7278415],[-36.4911548,-7.7272203]],[[-36.4933127,-7.7278415],[-36.4927518,-7.7297391],[-36.4925882,-7.7321498],[-36.4942351,-7.7373179],[-36.4937483,-7.7388049],[-36.4935552,-7.7425098],[-36.4953026,-7.7478585],[-36.4976442,-7.7504405],[-36.4978011,-7.7522145],[-36.4972432,-7.7561891],[-36.4964553,-7.7574827],[-36.4926781,-7.7576123],[-36.4883423,-7.7604985],[-36.4870656,-7.7619336],[-36.4858452,-7.7644929],[-36.4845684,-7.7656463],[-36.4820015,-7.7669871],[-36.4806256,-7.7691464],[-36.4789975,-7.7687132],[-36.4776537,-7.7687451],[-36.4755455,-7.7679026],[-36.4723724,-7.7673179],[-36.4592725,-7.7654045],[-36.4576498,-7.7658217],[-36.4567056,-7.7669645],[-36.4558741,-7.7673605],[-36.4519139,-7.7670548],[-36.447798,-7.7676156],[-36.4438847,-7.766898],[-36.4425141,-7.7669273],[-36.4374509,-7.765207],[-36.4368868,-7.7647427],[-36.4307285,-7.7635308],[-36.424141,-7.7614685],[-36.4205146,-7.7606818],[-36.4188194,-7.7616386],[-36.4163766,-7.76139],[-36.4129586,-7.7617219],[-36.4111108,-7.7630711],[-36.4087129,-7.7628332],[-36.4077044,-7.7645301],[-36.4058456,-7.7644291],[-36.4036105,-7.7649811],[-36.4013314,-7.7660821],[-36.3987136,-7.7679744],[-36.3927498,-7.7660983],[-36.3764472,-7.7637502],[-36.374166,-7.7637222],[-36.3697028,-7.7642537],[-36.3669562,-7.7639454],[-36.3651538,-7.7655931],[-36.3609243,-7.768127],[-36.3565707,-7.7659971],[-36.3520084,-7.7643891],[-36.3484421,-7.7627264],[-36.3448763,-7.7606181],[-36.3397418,-7.7592155],[-36.3367653,-7.75728],[-36.3340187,-7.7560655],[-36.3310522,-7.7539985],[-36.3301262,-7.7537626],[-36.329117,-7.7540244],[-36.3274138,-7.7534477],[-36.3251084,-7.7523873],[-36.3241187,-7.7514159],[-36.3218147,-7.7517255],[-36.3177742,-7.7511612],[-36.3179536,-7.7492817],[-36.3176988,-7.7465788],[-36.3172992,-7.7459304],[-36.3097072,-7.7421471],[-36.298749,-7.7343013],[-36.2926778,-7.7306468],[-36.2907104,-7.7289537],[-36.287414,-7.7274308],[-36.283105,-7.7247902],[-36.2662447,-7.7175116],[-36.2486923,-7.7131393],[-36.2448514,-7.714027],[-36.2414557,-7.713429],[-36.2390605,-7.7138955],[-36.2321699,-7.7138224],[-36.2270173,-7.7122117],[-36.2155509,-7.7099923],[-36.2111414,-7.7099604],[-36.2093282,-7.7094181],[-36.2086737,-7.7095882],[-36.206367,-7.7114169],[-36.1984491,-7.7121186],[-36.1959386,-7.7110448],[-36.1949837,-7.7102049],[-36.1927161,-7.7023146],[-36.1915455,-7.7002688],[-36.1908531,-7.6994878],[-36.1853742,-7.6962895],[-36.1830678,-7.6955877],[-36.1670271,-7.6937545],[-36.1592081,-7.6934864],[-36.1571208,-7.6939143],[-36.1568703,-7.6936115]],[[-36.1568703,-7.6936115],[-36.1539191,-7.6898777]],[[-36.1539191,-7.6898777],[-36.1568703,-7.6936115]],[[-36.1539191,-7.6898777],[-36.1502405,-7.6878681],[-36.1432332,-7.6821386],[-36.139517,-7.6807523],[-36.1365987,-7.6782045],[-36.1354092,-7.6754374],[-36.130553,-7.6708706],[-36.124506,-7.6673591],[-36.1220974,-7.6665616],[-36.1169904,-7.6633026],[-36.112247,-7.6628334],[-36.1061181,-7.6630713],[-36.1010461,-7.6615149],[-36.0975827,-7.6628866],[-36.0963643,-7.6615933],[-36.0933937,-7.6565785],[-36.0924777,-7.6560216],[-36.0875438,-7.6546579],[-36.085854,-7.6559312],[-36.0829183,-7.6565386],[-36.081022,-7.6593843],[-36.0800449,-7.6598499]]]}},{"type":"Feature","properties":{"ref":"PB-198","jurisdicao":"estadual","tipo":"secondary","km":17.4},"geometry":{"type":"LineString","coordinates":[[-36.4902268,-7.2461405],[-36.4919249,-7.2433836],[-36.4943019,-7.2403763],[-36.4960753,-7.2364658],[-36.4992934,-7.2327989],[-36.5099449,-7.2305196],[-36.5157771,-7.228064],[-36.5205531,-7.2272933],[-36.5220871,-7.2276919],[-36.5242504,-7.2271061],[-36.5256915,-7.2256616],[-36.5283815,-7.2254263],[-36.5341647,-7.2217268],[-36.5358702,-7.2192754],[-36.5383869,-7.2196257],[-36.5401577,-7.2195293],[-36.5423411,-7.2183257],[-36.5480562,-7.2160146],[-36.5513541,-7.2153074],[-36.5529703,-7.2137114],[-36.5570732,-7.2107883],[-36.5597735,-7.2101536],[-36.5603319,-7.2102693],[-36.56147,-7.2126358],[-36.5655644,-7.2124841],[-36.5778154,-7.2149163],[-36.5922484,-7.2144147],[-36.6096908,-7.2192124],[-36.6133859,-7.2215979],[-36.616977,-7.2187348],[-36.6222402,-7.219688],[-36.6251209,-7.218472],[-36.6288149,-7.2183735]]}},{"type":"Feature","properties":{"ref":"PB-200","jurisdicao":"estadual","tipo":"secondary","km":82.7},"geometry":{"type":"MultiLineString","coordinates":[[[-36.6927317,-7.3919231],[-36.6926086,-7.3923068]],[[-36.6926086,-7.3923068],[-36.69255,-7.3919119]],[[-36.6926086,-7.3923068],[-36.6928232,-7.3939613],[-36.6925979,-7.4030687],[-36.691879,-7.4048135],[-36.6887677,-7.4100481],[-36.685313,-7.418336],[-36.6843581,-7.4217936],[-36.6842938,-7.4253683],[-36.681633,-7.428794],[-36.6805572,-7.4337282],[-36.6810322,-7.4358155],[-36.6808713,-7.4364751],[-36.680008,-7.4374313],[-36.6791225,-7.4400497],[-36.6775239,-7.4411774],[-36.6725886,-7.4417306],[-36.668745,-7.4430561],[-36.6682863,-7.4436668],[-36.6685653,-7.446454],[-36.6696951,-7.448867],[-36.6698747,-7.4515157],[-36.6703034,-7.4526242],[-36.672374,-7.4550284],[-36.6737111,-7.4557044],[-36.6745091,-7.4567518],[-36.6747314,-7.459206],[-36.6742516,-7.4631665],[-36.673404,-7.4652197],[-36.672374,-7.4663047],[-36.6690293,-7.467392],[-36.6592312,-7.4677196],[-36.6579652,-7.468411],[-36.6551972,-7.4710173],[-36.6552937,-7.4721024],[-36.6571069,-7.4762298],[-36.6603976,-7.4811181],[-36.6605406,-7.4817508]],[[-36.6881615,-7.3910669],[-36.6882611,-7.3915275]],[[-36.6576941,-7.3183098],[-36.6604519,-7.3189555],[-36.6621685,-7.3190274],[-36.6641289,-7.3209621],[-36.6675232,-7.3255898],[-36.6677338,-7.3273136],[-36.6673757,-7.3296414],[-36.6687275,-7.3344791],[-36.6708022,-7.3405245],[-36.6719207,-7.3420808],[-36.6743602,-7.3469622],[-36.6736816,-7.3555107],[-36.6728943,-7.3607138],[-36.6714728,-7.3660633],[-36.6715921,-7.3670874],[-36.6704053,-7.3690958],[-36.6678008,-7.3712996],[-36.6669399,-7.3755517],[-36.6670176,-7.3763896],[-36.6681361,-7.3774908],[-36.6736373,-7.378733],[-36.6745842,-7.3787277],[-36.6761787,-7.3777435],[-36.6802025,-7.3771692],[-36.6825208,-7.3771277],[-36.684173,-7.3779111],[-36.6852272,-7.3791214],[-36.6855678,-7.3836434],[-36.687919,-7.3872928],[-36.6881615,-7.3910669]],[[-36.6880515,-7.3915078],[-36.6881615,-7.3910669]],[[-36.6621499,-7.4847554],[-36.6597496,-7.483451]],[[-36.6597604,-7.4833742],[-36.6621499,-7.4847554]],[[-36.6621499,-7.4847554],[-36.6607622,-7.4873495],[-36.659313,-7.4887022],[-36.6541068,-7.4949915],[-36.6532981,-7.498059],[-36.6554949,-7.5079248],[-36.6579115,-7.5133269],[-36.6588128,-7.5165711],[-36.6597542,-7.5181852],[-36.6591936,-7.5197781],[-36.6564712,-7.522735],[-36.6558382,-7.5250431],[-36.655739,-7.5288962],[-36.6581798,-7.5313824],[-36.6585124,-7.5322759],[-36.6585311,-7.5364825],[-36.6573469,-7.5424586],[-36.6573617,-7.5457996],[-36.6547573,-7.5490008],[-36.6533719,-7.5488481],[-36.6521341,-7.5493919],[-36.6518873,-7.5511149],[-36.6520053,-7.5579989],[-36.6509941,-7.561502],[-36.650333,-7.5628194],[-36.6469655,-7.5667705],[-36.6438299,-7.576563],[-36.6386546,-7.5842255],[-36.6382389,-7.5854313],[-36.6377601,-7.5964104],[-36.6392246,-7.6006616],[-36.6384722,-7.6041524],[-36.6374087,-7.6048808],[-36.6351637,-7.6050696],[-36.6343457,-7.6054365],[-36.6324788,-7.6086454],[-36.6311672,-7.6097088],[-36.6223106,-7.6122717],[-36.6187701,-7.6140981],[-36.6178876,-7.6151323],[-36.6171711,-7.6175075],[-36.6152832,-7.619487],[-36.6137892,-7.620375],[-36.6095379,-7.6218737],[-36.6074698,-7.6231381],[-36.6056098,-7.6256162],[-36.6035217,-7.6311026],[-36.6023134,-7.6311113]],[[-36.6605406,-7.4817508],[-36.6597604,-7.4833742]],[[-36.6596473,-7.4833606],[-36.6605406,-7.4817508]],[[-36.6596473,-7.4833606],[-36.6597604,-7.4833742]],[[-36.6597604,-7.4833742],[-36.6597496,-7.483451]],[[-36.6597496,-7.483451],[-36.6596473,-7.4833606]],[[-36.6529872,-7.3181004],[-36.6514531,-7.31758],[-36.6476859,-7.3185189],[-36.6470369,-7.3189233],[-36.6470905,-7.319905]],[[-36.6465754,-7.3209457],[-36.6444015,-7.3220322],[-36.6431999,-7.3221706],[-36.6373098,-7.3195315],[-36.6265166,-7.3082409],[-36.6254114,-7.306336],[-36.6251993,-7.3053669],[-36.6246393,-7.2905112],[-36.6254213,-7.2698314],[-36.6265813,-7.2663107],[-36.6267148,-7.2608184],[-36.6262769,-7.259651],[-36.6245998,-7.2576295],[-36.6240024,-7.2560796],[-36.623934,-7.2518836],[-36.625137,-7.248559],[-36.6251644,-7.2474555],[-36.6222288,-7.2408055],[-36.6220383,-7.2372679],[-36.6227531,-7.2350088],[-36.6251061,-7.2321417],[-36.6254823,-7.2299924],[-36.6284307,-7.2284704],[-36.6302751,-7.2251083],[-36.6307381,-7.2247584],[-36.6325566,-7.2197645]],[[-36.6326196,-7.2195683],[-36.632731,-7.2196109]],[[-36.6297203,-7.2118865],[-36.6314261,-7.2137162],[-36.632914,-7.2188046],[-36.632731,-7.2196109]],[[-36.632731,-7.2196109],[-36.6326632,-7.2198064]],[[-36.6326632,-7.2198064],[-36.6325566,-7.2197645]],[[-36.6326632,-7.2198064],[-36.6311979,-7.223627]],[[-36.6325566,-7.2197645],[-36.6288149,-7.2183735],[-36.6326196,-7.2195683]],[[-36.6326196,-7.2195683],[-36.6328293,-7.2188202],[-36.6313487,-7.2137423],[-36.6298208,-7.2123617],[-36.6297203,-7.2118865]],[[-36.6325566,-7.2197645],[-36.6326196,-7.2195683]],[[-36.6297203,-7.2118865],[-36.6289477,-7.208619],[-36.6250277,-7.2015234],[-36.6248775,-7.197899],[-36.6239856,-7.1945568],[-36.6221957,-7.192897],[-36.6169019,-7.1895286],[-36.613411,-7.1876884],[-36.6107972,-7.1870205],[-36.610191,-7.1865947],[-36.6101468,-7.1819909],[-36.6097471,-7.1807801],[-36.6076952,-7.1788773],[-36.6058992,-7.176036],[-36.6025098,-7.1717241],[-36.601501,-7.1695784],[-36.5979427,-7.1673117],[-36.5930289,-7.1623334],[-36.5901327,-7.1602436],[-36.5855938,-7.160403],[-36.5846443,-7.1599506],[-36.5830565,-7.1571668],[-36.5828312,-7.1541542],[-36.5807176,-7.1508222],[-36.5776277,-7.1445946],[-36.5756858,-7.1419652],[-36.5750742,-7.1403684],[-36.5732826,-7.138056],[-36.5708846,-7.1363975],[-36.569624,-7.1348805],[-36.5684867,-7.1326502],[-36.5675426,-7.1321605],[-36.5651876,-7.1319955],[-36.562044,-7.1306914],[-36.5602577,-7.1279341],[-36.5604003,-7.1267607],[-36.5615223,-7.1246631],[-36.5616672,-7.1212493],[-36.5641015,-7.1098255],[-36.5643762,-7.1054494],[-36.5630237,-7.1026747],[-36.5625805,-7.0978903],[-36.5627897,-7.0960964],[-36.5655202,-7.0903338],[-36.5775311,-7.0765015]]]}},{"type":"Feature","properties":{"ref":"PB-202","jurisdicao":"estadual","tipo":"secondary","km":0.4},"geometry":{"type":"MultiLineString","coordinates":[[[-36.6469145,-7.3206402],[-36.647344,-7.3205113]],[[-36.6470905,-7.319905],[-36.647344,-7.3205113]],[[-36.647344,-7.3205113],[-36.6470298,-7.3208557]],[[-36.6470298,-7.3208557],[-36.6465754,-7.3209457],[-36.6469145,-7.3206402]],[[-36.6470298,-7.3208557],[-36.6469145,-7.3206402]],[[-36.6311979,-7.223627],[-36.6310321,-7.223924]]]}},{"type":"Feature","properties":{"ref":"PB-204","jurisdicao":"estadual","tipo":"secondary","km":18.5},"geometry":{"type":"LineString","coordinates":[[-36.6023134,-7.6311113],[-36.6004372,-7.6315878],[-36.598331,-7.6314821],[-36.5968225,-7.6304653],[-36.5952256,-7.6311232],[-36.5931442,-7.6328426],[-36.5896611,-7.6328952],[-36.5880615,-7.6333178],[-36.5881003,-7.6369917],[-36.5866157,-7.6374769],[-36.5840583,-7.6392142],[-36.5817811,-7.6394773],[-36.5802571,-7.6400303],[-36.5786422,-7.6434237],[-36.5755315,-7.6472863],[-36.5740934,-7.6482554],[-36.5735141,-7.649106],[-36.5708909,-7.6492841],[-36.5703276,-7.6498663],[-36.5703812,-7.6512779],[-36.5700299,-7.6520541],[-36.5672404,-7.6541409],[-36.5611223,-7.6544174],[-36.5577212,-7.6535401],[-36.5564874,-7.6536145],[-36.5489075,-7.6566317],[-36.5473942,-7.6597267],[-36.5473905,-7.6629423],[-36.5468863,-7.6642927],[-36.5468755,-7.6656591],[-36.5460923,-7.6667117],[-36.5456203,-7.6680408],[-36.5459582,-7.6699175],[-36.544939,-7.6707629],[-36.5435174,-7.6740431],[-36.5417901,-7.6749734],[-36.5399662,-7.6768501],[-36.5381369,-7.6772276],[-36.5373001,-7.6779346],[-36.5369353,-7.6785407],[-36.5363023,-7.6818315],[-36.534924,-7.6842007],[-36.5334859,-7.685824],[-36.5265659,-7.689237],[-36.5251067,-7.6923523],[-36.5231541,-7.6949731],[-36.5214321,-7.6997948],[-36.5181115,-7.7043932],[-36.517441,-7.7061953],[-36.5131924,-7.7084811],[-36.5082625,-7.7082366],[-36.5050009,-7.7101238],[-36.502807,-7.7142051],[-36.4998707,-7.7181661],[-36.4991044,-7.7189492],[-36.4947346,-7.7214666],[-36.4922811,-7.7242115],[-36.4911548,-7.7272203]]}},{"type":"Feature","properties":{"ref":"PB-210","jurisdicao":"estadual","tipo":"secondary","km":60.8},"geometry":{"type":"MultiLineString","coordinates":[[[-36.8812209,-7.6722455],[-36.879117,-7.6704842]],[[-36.8791748,-7.6704142],[-36.8812209,-7.6722455]],[[-36.8243091,-7.2134408],[-36.8228728,-7.2151291],[-36.8220429,-7.2261125],[-36.8201015,-7.2297254],[-36.818974,-7.2308986],[-36.8005373,-7.245344],[-36.7970473,-7.2646863],[-36.7806186,-7.2768701],[-36.7800325,-7.2776017],[-36.7792144,-7.300477],[-36.7775756,-7.3139414],[-36.7801492,-7.3161123],[-36.785873,-7.3224785],[-36.7900586,-7.3263839],[-36.7924741,-7.3339625],[-36.7927714,-7.3362512],[-36.7924741,-7.3384977],[-36.7928988,-7.3415165],[-36.7932952,-7.3422747],[-36.7954767,-7.3434255],[-36.7962009,-7.3443938],[-36.7965088,-7.3502076],[-36.7968616,-7.350626],[-36.8025679,-7.3531561],[-36.8028227,-7.3535071],[-36.8041617,-7.369133],[-36.7987173,-7.372054],[-36.7955462,-7.3754516],[-36.7950507,-7.3772908],[-36.7951922,-7.3776979],[-36.8014419,-7.3823187],[-36.808425,-7.3849654],[-36.8090051,-7.3855585],[-36.8122861,-7.3946755],[-36.8153304,-7.4245119],[-36.824065,-7.4432804],[-36.8286915,-7.4541184],[-36.8327175,-7.4686957],[-36.8382517,-7.4767306],[-36.8414328,-7.491977],[-36.8494179,-7.4986473],[-36.8531647,-7.5102849],[-36.8617992,-7.5218653],[-36.8659765,-7.5259067],[-36.870501,-7.5344779],[-36.8747454,-7.5392797],[-36.8838168,-7.5527022],[-36.8865078,-7.5609222],[-36.8914711,-7.5668512],[-36.8965808,-7.5759704],[-36.89832,-7.5815414],[-36.9004626,-7.5846972],[-36.9011021,-7.59963],[-36.9026041,-7.605923],[-36.9027168,-7.6102698],[-36.9010565,-7.6192637],[-36.8995638,-7.6527824],[-36.8989369,-7.6536318],[-36.8957953,-7.6553583],[-36.8934675,-7.6584187],[-36.891312,-7.6600761],[-36.8905744,-7.6650477],[-36.8896901,-7.667294],[-36.889237,-7.6699922],[-36.8848137,-7.6711165],[-36.8820882,-7.6723821],[-36.8812209,-7.6722455]],[[-36.8790577,-7.6704348],[-36.8791748,-7.6704142]],[[-36.8791748,-7.6704142],[-36.879117,-7.6704842]],[[-36.879117,-7.6704842],[-36.8790577,-7.6704348]],[[-36.879117,-7.6704842],[-36.8782251,-7.6715574]],[[-36.8781776,-7.6715144],[-36.8790577,-7.6704348]],[[-36.8243091,-7.2134408],[-36.8246492,-7.2130327],[-36.8243091,-7.2134408]]]}},{"type":"Feature","properties":{"ref":"PB-214","jurisdicao":"estadual","tipo":"primary","km":49.0},"geometry":{"type":"MultiLineString","coordinates":[[[-36.8843056,-7.6761151],[-36.8840657,-7.6765508]],[[-36.8840657,-7.6765508],[-36.8842395,-7.6760695]],[[-36.8840657,-7.6765508],[-36.8494441,-7.7035799],[-36.8329277,-7.7153302],[-36.8299807,-7.7170278],[-36.8084531,-7.7267621],[-36.8047633,-7.7292668],[-36.8009377,-7.7325497],[-36.7970005,-7.7362113],[-36.7958744,-7.7378969],[-36.7955988,-7.7396894],[-36.7961379,-7.7435235],[-36.7961379,-7.7487347],[-36.7926039,-7.7568183],[-36.7851174,-7.7622538],[-36.7820556,-7.7674567],[-36.7799901,-7.7698419],[-36.7757641,-7.7702231],[-36.7743681,-7.7729106],[-36.7718856,-7.7743621],[-36.7707021,-7.7763709],[-36.7586266,-7.7816648],[-36.7578,-7.7818547],[-36.7546997,-7.7808838],[-36.752806,-7.7811305],[-36.740651,-7.784241],[-36.7379533,-7.7857107],[-36.7352555,-7.7863097],[-36.7308336,-7.7904956],[-36.7223879,-7.7960147],[-36.7196685,-7.800157],[-36.7153,-7.8036301]],[[-36.7153,-7.8036301],[-36.7129993,-7.8053129],[-36.710942,-7.8051614]],[[-36.710942,-7.8051614],[-36.713063,-7.8050533],[-36.7153,-7.8036301]],[[-36.710942,-7.8051614],[-36.7011069,-7.8040993],[-36.6950773,-7.8076928],[-36.6939121,-7.807928],[-36.6684213,-7.7946723],[-36.6653421,-7.7940106],[-36.6608663,-7.7972829]],[[-36.6608663,-7.7972829],[-36.6600925,-7.7979368],[-36.6598725,-7.7987634]],[[-36.6598046,-7.7987377],[-36.6600537,-7.7978783],[-36.6608663,-7.7972829]],[[-36.6598449,-7.7989003],[-36.6587045,-7.8028015]],[[-36.6587045,-7.8028015],[-36.6597672,-7.7988954]],[[-36.6587045,-7.8028015],[-36.6582399,-7.8041804],[-36.6407031,-7.8293008],[-36.6364178,-7.8413636],[-36.6293768,-7.8525373],[-36.6183104,-7.8597982],[-36.6172775,-7.8607577],[-36.5780356,-7.916947]]]}},{"type":"Feature","properties":{"ref":"PB-221","jurisdicao":"estadual","tipo":"primary","km":17.8},"geometry":{"type":"LineString","coordinates":[[-36.9116702,-6.8713844],[-36.9084569,-6.8701746],[-36.9073972,-6.8694391],[-36.8959355,-6.8540722],[-36.8883441,-6.8492228],[-36.8799421,-6.8445611],[-36.8709554,-6.8329632],[-36.8629423,-6.8261561],[-36.8613799,-6.8251081],[-36.8466961,-6.8177723],[-36.797725,-6.7764656],[-36.7965113,-6.7758424],[-36.7914909,-6.774763],[-36.7892164,-6.7718085]]}},{"type":"Feature","properties":{"ref":"PB-224","jurisdicao":"estadual","tipo":"secondary","km":63.9},"geometry":{"type":"MultiLineString","coordinates":[[[-36.8306458,-7.892682],[-36.8238772,-7.8888084]],[[-36.8239288,-7.8887297],[-36.8306458,-7.892682]],[[-36.8306458,-7.892682],[-36.8325233,-7.8937846],[-36.831091,-7.9042655],[-36.8317777,-7.9085667],[-36.8329203,-7.9113828],[-36.8324107,-7.9166962],[-36.8308979,-7.9186754],[-36.8302971,-7.9208841],[-36.8304634,-7.9243499],[-36.8315792,-7.9305078],[-36.8313526,-7.9326317],[-36.8331242,-7.9359165],[-36.8357393,-7.9423984],[-36.8384872,-7.9452275],[-36.8399075,-7.950126],[-36.8420827,-7.9530056],[-36.84311,-7.9559994],[-36.8429545,-7.9609694],[-36.8421739,-7.9627253],[-36.8427721,-7.9641571],[-36.8427841,-7.9664428],[-36.8437001,-7.9683487],[-36.8466586,-7.9728644],[-36.8469831,-7.9749709],[-36.8467391,-7.9755659],[-36.8461168,-7.9759643],[-36.8427882,-7.9762087],[-36.8422732,-7.9774093],[-36.8440408,-7.981399],[-36.8470234,-7.984111],[-36.8461275,-7.9908365],[-36.8490458,-7.9941965],[-36.8486837,-7.9991263],[-36.84955,-8.0026642],[-36.8501402,-8.0046715],[-36.8520077,-8.0064797],[-36.8534097,-8.0097028],[-36.8533775,-8.0140507],[-36.8561617,-8.0199045],[-36.8562314,-8.0228579],[-36.8571809,-8.0250278],[-36.8570468,-8.0257024],[-36.8559739,-8.0272694],[-36.8566632,-8.0318509],[-36.8572077,-8.0326875],[-36.8606141,-8.0345971],[-36.8652892,-8.033872],[-36.8667658,-8.0341748],[-36.8677595,-8.0350326],[-36.8698114,-8.0388412],[-36.8698047,-8.0397906],[-36.8683898,-8.0432791],[-36.8683147,-8.0444981],[-36.8677247,-8.0454887],[-36.8621832,-8.0512704],[-36.8603459,-8.0565819],[-36.8586776,-8.0593279],[-36.8574759,-8.0660548],[-36.8556172,-8.070187],[-36.8546462,-8.0750149],[-36.8541406,-8.0759703],[-36.8515342,-8.07812],[-36.8490095,-8.0780333],[-36.8468589,-8.0809002],[-36.8384537,-8.0889049],[-36.8357514,-8.0903415],[-36.8347643,-8.0912178],[-36.8291907,-8.0940114],[-36.8268585,-8.0963203],[-36.8235406,-8.1006926],[-36.820432,-8.1015091],[-36.8172311,-8.1013017],[-36.8141409,-8.1034978],[-36.8130033,-8.1061073],[-36.8099656,-8.1049886],[-36.8081308,-8.1053157],[-36.8031925,-8.1089722],[-36.7930353,-8.1175188],[-36.7926657,-8.1181716],[-36.7924847,-8.1228716],[-36.7932397,-8.1237611],[-36.7928023,-8.1245632],[-36.7927226,-8.1300337],[-36.7924619,-8.1307577],[-36.7920971,-8.1309489],[-36.785059,-8.1302479],[-36.7835917,-8.1322779],[-36.7819971,-8.1332794],[-36.7797992,-8.1338922],[-36.7791568,-8.1352026],[-36.7781764,-8.1354575],[-36.774882,-8.1353433],[-36.7735684,-8.1346981],[-36.7725599,-8.1332112],[-36.7710128,-8.1321075],[-36.7689228,-8.1317136],[-36.7684896,-8.1285136],[-36.7646733,-8.1281724],[-36.7612974,-8.1282831],[-36.7551041,-8.126573],[-36.7517496,-8.1265357],[-36.7487097,-8.1254259],[-36.7470145,-8.1251498],[-36.7442036,-8.1238752],[-36.7426801,-8.1227494],[-36.7407489,-8.1222608],[-36.7386246,-8.1222608],[-36.7336464,-8.1209225],[-36.7295265,-8.1184159],[-36.7203212,-8.1165891],[-36.7185617,-8.1169927],[-36.7143345,-8.1155057],[-36.7125321,-8.1156756],[-36.7098499,-8.1165041],[-36.7060733,-8.1163341],[-36.7049575,-8.1158243],[-36.7034555,-8.1160792],[-36.7024684,-8.1157393],[-36.7002206,-8.1157675],[-36.6982274,-8.1153996],[-36.6935742,-8.1134133],[-36.6914596,-8.1136335],[-36.6895132,-8.1133638],[-36.6866919,-8.1137871],[-36.6838,-8.1135372],[-36.6816365,-8.1130403],[-36.6798445,-8.1117288],[-36.6768156,-8.1108388],[-36.6737209,-8.1108888],[-36.6704668,-8.1103124],[-36.668597,-8.1091019],[-36.6668677,-8.1089238],[-36.6633271,-8.1070492],[-36.6583524,-8.1057348],[-36.6559554,-8.1043574],[-36.6542248,-8.1048988],[-36.6520438,-8.1047917],[-36.6481067,-8.1060857],[-36.6414837,-8.1058222]],[[-36.6400279,-8.1055573],[-36.6399649,-8.1065033],[-36.6414917,-8.1081755],[-36.6429797,-8.1092563],[-36.6451724,-8.1118811],[-36.6484259,-8.1128888],[-36.6490147,-8.1134173],[-36.6540143,-8.1145179],[-36.6730775,-8.1246194],[-36.6765876,-8.1257672],[-36.6798056,-8.1294494],[-36.6841798,-8.1327027],[-36.6857471,-8.1345421],[-36.695282,-8.1393034],[-36.7009572,-8.1426671],[-36.7024145,-8.1439485],[-36.7037518,-8.1460852],[-36.7078636,-8.1565972]],[[-36.6400279,-8.1055573],[-36.6414837,-8.1058222]],[[-36.6414837,-8.1058222],[-36.6400279,-8.1055573]]]}},{"type":"Feature","properties":{"ref":"PB-226","jurisdicao":"estadual","tipo":"secondary","km":10.6},"geometry":{"type":"MultiLineString","coordinates":[[[-36.9698514,-7.2924846],[-36.9698015,-7.2931168]],[[-36.9698015,-7.2931168],[-36.9697743,-7.2924836]],[[-36.9698015,-7.2931168],[-36.9733903,-7.3025149],[-36.971274,-7.3094307],[-36.9709522,-7.3150069],[-36.968274,-7.320446],[-36.9583907,-7.326204],[-36.9558164,-7.3313945],[-36.9552813,-7.3374792],[-36.9484337,-7.3506093],[-36.9471958,-7.3649913],[-36.9450581,-7.3689202],[-36.9447838,-7.3734207]],[[-36.9447838,-7.3734207],[-36.9446691,-7.3752235]],[[-36.9445968,-7.3752122],[-36.9447838,-7.3734207]]]}},{"type":"Feature","properties":{"ref":"PB-228","jurisdicao":"estadual","tipo":"secondary","km":78.6},"geometry":{"type":"MultiLineString","coordinates":[[[-37.2220512,-7.0154642],[-37.2213967,-7.0156279]],[[-37.2213967,-7.0156279],[-37.2217327,-7.0152499]],[[-37.1483678,-7.0319194],[-37.1498126,-7.0311119],[-37.1540035,-7.0314453],[-37.1650904,-7.0292252],[-37.1760526,-7.0256061],[-37.185781,-7.0218925],[-37.1917556,-7.0211644],[-37.2017254,-7.0208184],[-37.2116544,-7.0168594],[-37.2136733,-7.0164845],[-37.2155902,-7.0167409],[-37.2213967,-7.0156279]],[[-37.1647692,-7.0668617],[-37.1651259,-7.0670098]],[[-37.1651259,-7.0670098],[-37.1653497,-7.0673092],[-37.1650513,-7.0674211]],[[-37.1649353,-7.0671681],[-37.1651259,-7.0670098]],[[-37.1650513,-7.0674211],[-37.1649255,-7.0672284]],[[-37.1650513,-7.0674211],[-37.1647813,-7.0674473]],[[-37.1649353,-7.0671681],[-37.1647692,-7.0668617]],[[-37.1649255,-7.0672284],[-37.1649353,-7.0671681]],[[-37.1647813,-7.0674473],[-37.1649255,-7.0672284]],[[-36.94803,-7.1238055],[-36.9554544,-7.1251103],[-36.9597553,-7.1243091],[-36.9662496,-7.124705],[-36.9731542,-7.122824],[-36.9784275,-7.1227562],[-36.9823435,-7.1209982],[-36.9836417,-7.1194306],[-36.9863923,-7.1182515],[-36.9918519,-7.1188504],[-36.9999334,-7.1189209],[-37.0071445,-7.1170958],[-37.0092621,-7.1174597],[-37.0114213,-7.1172654],[-37.0146266,-7.1157484],[-37.0193325,-7.1158176],[-37.0256625,-7.112814],[-37.0264095,-7.1130203],[-37.0269044,-7.1135918],[-37.028621,-7.1167318],[-37.0299232,-7.1204872],[-37.0308928,-7.1212151],[-37.033459,-7.1205398],[-37.0349108,-7.1212271],[-37.0421997,-7.1223623],[-37.0451394,-7.1212977],[-37.0480429,-7.1220815],[-37.0504649,-7.123367],[-37.053697,-7.124542],[-37.056815,-7.1250085],[-37.0595388,-7.1234721],[-37.0614083,-7.1214174],[-37.0683781,-7.1178935],[-37.0774211,-7.1158255],[-37.081859,-7.1136613],[-37.0850914,-7.1102249],[-37.0914901,-7.1055861],[-37.0936707,-7.1029689],[-37.0944232,-7.1011221],[-37.0956931,-7.100263],[-37.1056055,-7.0967179],[-37.1157744,-7.0903629],[-37.1203893,-7.0895836],[-37.1246659,-7.0880031],[-37.1280219,-7.087296],[-37.1323442,-7.0854973],[-37.1387892,-7.0792337],[-37.1429808,-7.0771462],[-37.1479981,-7.0760496],[-37.1578512,-7.0706581],[-37.1610859,-7.0695881],[-37.1647813,-7.0674473]],[[-37.1647692,-7.0668617],[-37.1631593,-7.0651774],[-37.1627703,-7.064331],[-37.1648705,-7.056899],[-37.1645996,-7.0561644],[-37.1641155,-7.0558902],[-37.1572986,-7.0557198],[-37.1507326,-7.0492979],[-37.149429,-7.0485885],[-37.1464357,-7.0476901],[-37.1457584,-7.0469914],[-37.1458536,-7.0422172],[-37.1479096,-7.0375826],[-37.1476574,-7.0344987],[-37.1478237,-7.0329986],[-37.1483678,-7.0319194]],[[-37.1495236,-7.0313689],[-37.1483678,-7.0319194]],[[-36.9432033,-7.1235141],[-36.94803,-7.1238055]],[[-36.94803,-7.1238055],[-36.9432167,-7.1236302]],[[-36.9429459,-7.1236646],[-36.9365689,-7.123496]],[[-36.9365689,-7.123496],[-36.942933,-7.1235313]],[[-36.9365689,-7.123496],[-36.9320574,-7.1231048],[-36.9305862,-7.1225858],[-36.9276087,-7.1208996],[-36.9209263,-7.115401],[-36.9164684,-7.1130389],[-36.9126838,-7.1118957],[-36.9040754,-7.1105939],[-36.9002585,-7.1068906],[-36.8960854,-7.1051381],[-36.8923782,-7.104776],[-36.8901818,-7.1040082],[-36.8871856,-7.1037518],[-36.8851374,-7.1030692],[-36.8819766,-7.1031311],[-36.8745348,-7.1020558],[-36.872381,-7.1026906],[-36.8703277,-7.1028503],[-36.8667832,-7.1025655],[-36.8653455,-7.1033149],[-36.8644175,-7.1049916],[-36.8628618,-7.1054467],[-36.8573593,-7.105142],[-36.8550982,-7.1058471],[-36.8532072,-7.1059551],[-36.8518192,-7.1054653],[-36.8469711,-7.1016912],[-36.8414112,-7.1002806],[-36.8382391,-7.100626],[-36.8349628,-7.102652],[-36.8334836,-7.1026094],[-36.8316937,-7.1019689],[-36.8314653,-7.1012596],[-36.8316533,-7.0997886],[-36.8311065,-7.0987467],[-36.8273802,-7.0970253],[-36.8254231,-7.0964224],[-36.8219195,-7.0962596],[-36.8185279,-7.0950015],[-36.8156734,-7.0931109],[-36.813752,-7.0929376],[-36.8079977,-7.0908168],[-36.7994755,-7.0882471],[-36.7837282,-7.0858372],[-36.7828055,-7.0859224],[-36.7744263,-7.0890739],[-36.7620329,-7.0878159],[-36.758544,-7.0866208],[-36.7517459,-7.0814437],[-36.7447843,-7.0779501],[-36.7344511,-7.0752975]],[[-36.7275698,-7.0735998],[-36.7283457,-7.0740972],[-36.7285656,-7.0739168],[-36.7344511,-7.0752975]],[[-36.7275698,-7.0735998],[-36.7344511,-7.0752975]],[[-36.6524725,-7.0605771],[-36.6544288,-7.0615759],[-36.6560663,-7.0628724],[-36.6827215,-7.0674903],[-36.6972856,-7.0678635],[-36.7048591,-7.0656814],[-36.7061638,-7.0660481],[-36.7112089,-7.069397],[-36.7174835,-7.0703241],[-36.7275698,-7.0735998]]]}},{"type":"Feature","properties":{"ref":"PB-233","jurisdicao":"estadual","tipo":"trunk","km":20.2},"geometry":{"type":"MultiLineString","coordinates":[[[-36.9300809,-6.8745359],[-36.9319111,-6.8727909],[-36.9511201,-6.8385963],[-36.9639273,-6.8290028],[-36.9646037,-6.8281276],[-36.9817904,-6.7840924],[-36.9869525,-6.7735856],[-37.0115882,-6.7155882]],[[-36.9300809,-6.8745359],[-36.9296395,-6.8748874],[-36.9300809,-6.8745359]]]}},{"type":"Feature","properties":{"ref":"PB-238","jurisdicao":"estadual","tipo":"secondary","km":74.1},"geometry":{"type":"MultiLineString","coordinates":[[[-36.8249795,-7.2133978],[-36.84057,-7.2262332],[-36.8546797,-7.232465],[-36.860249,-7.233562],[-36.8814046,-7.2447308],[-36.8878037,-7.2482916],[-36.9021733,-7.2600795],[-36.9200219,-7.267629],[-36.9454606,-7.2814479],[-36.9624965,-7.2922282],[-36.971624,-7.2925381],[-36.9738932,-7.2934281],[-36.9768852,-7.2919954],[-36.9779098,-7.2918025],[-37.0304175,-7.2928633],[-37.034198,-7.2918571],[-37.0433621,-7.2931389],[-37.0791002,-7.293718],[-37.0827172,-7.2913049],[-37.0852062,-7.2840058],[-37.08587,-7.2833172],[-37.1070702,-7.2706549],[-37.1311162,-7.26215],[-37.1331373,-7.2603062],[-37.148847,-7.2632143],[-37.1697951,-7.2595678],[-37.1920487,-7.2619759],[-37.2010193,-7.2652818],[-37.2100657,-7.2637997],[-37.2159465,-7.2620729],[-37.2225487,-7.26097],[-37.2294071,-7.2589359],[-37.2391192,-7.2545893],[-37.2397622,-7.2537929],[-37.2417708,-7.2489129],[-37.2555083,-7.2383386]],[[-36.8249795,-7.2133978],[-36.8244451,-7.2131454],[-36.8241659,-7.2053795]],[[-36.8241659,-7.2053795],[-36.8246001,-7.2126614],[-36.8249795,-7.2133978]],[[-36.7283457,-7.0740972],[-36.7298491,-7.0758066],[-36.7405263,-7.0959979],[-36.7537683,-7.1270931],[-36.7549284,-7.1289069],[-36.7562735,-7.1300553],[-36.7577058,-7.1307526],[-36.7829239,-7.1391095],[-36.7845218,-7.1399391],[-36.7859087,-7.1413664],[-36.7868668,-7.1433278],[-36.7870709,-7.1451458],[-36.7867997,-7.1503672],[-36.7870921,-7.1515621],[-36.7879006,-7.1528316],[-36.8129875,-7.1686968],[-36.8142562,-7.1697913],[-36.8234414,-7.1850166],[-36.8241515,-7.1866253],[-36.8243607,-7.1888779],[-36.8230498,-7.1968679],[-36.8242595,-7.2009287],[-36.8241659,-7.2053795]]]}},{"type":"Feature","properties":{"ref":"PB-240","jurisdicao":"estadual","tipo":"secondary","km":22.0},"geometry":{"type":"MultiLineString","coordinates":[[[-36.8510843,-8.0823381],[-36.8517295,-8.0826867],[-36.8556078,-8.0828423],[-36.8568107,-8.0834783],[-36.8586051,-8.0864286],[-36.8587741,-8.0897772],[-36.8621859,-8.0954175],[-36.8647903,-8.0979349],[-36.8680626,-8.0995972],[-36.871288,-8.1017667],[-36.877622,-8.1073178],[-36.8787673,-8.1086336],[-36.8817593,-8.1137638],[-36.8854071,-8.1183442],[-36.8858309,-8.1203643],[-36.8893956,-8.125487],[-36.8932593,-8.128753],[-36.8963311,-8.1305679],[-36.8977936,-8.130844],[-36.9029836,-8.130844],[-36.9064826,-8.1313844],[-36.9131459,-8.1351913],[-36.9153433,-8.1353314],[-36.920076,-8.1363045],[-36.9236829,-8.1393202],[-36.9267071,-8.1396593],[-36.9290238,-8.1403895],[-36.9327334,-8.1400855],[-36.936062,-8.1401998],[-36.9384116,-8.1412113],[-36.941767,-8.1433699],[-36.9449776,-8.1433275],[-36.949591,-8.1437603],[-36.9520265,-8.1432637],[-36.9557816,-8.1442568],[-36.9592376,-8.1430234],[-36.9635814,-8.1432213],[-36.9683236,-8.1449816],[-36.9709361,-8.1470606],[-36.975131,-8.1488634],[-36.9768423,-8.1504008],[-36.9787923,-8.1510831],[-36.9844598,-8.1511376],[-36.9860034,-8.1519593],[-36.9892582,-8.1528408],[-36.9968046,-8.1543303],[-36.998996,-8.1541259],[-37.0063989,-8.151496],[-37.0073926,-8.1518066],[-37.0097729,-8.1534339]],[[-36.8510843,-8.0823381],[-36.8479257,-8.0797273]],[[-36.8479828,-8.0796592],[-36.8510843,-8.0823381]]]}},{"type":"Feature","properties":{"ref":"PB-246","jurisdicao":"estadual","tipo":"secondary","km":12.9},"geometry":{"type":"MultiLineString","coordinates":[[[-37.0846202,-7.2857857],[-37.0809643,-7.2847667],[-37.0770282,-7.2820063],[-37.0762047,-7.280994],[-37.0752767,-7.2789653],[-37.0742588,-7.2779849],[-37.0671241,-7.2761165],[-37.0635628,-7.2748513],[-37.0590983,-7.2747875],[-37.0580435,-7.2743857],[-37.0540237,-7.2717725],[-37.0515233,-7.2695186],[-37.0477197,-7.2672605],[-37.0446318,-7.2633793],[-37.0446733,-7.2611955],[-37.0436615,-7.2587842],[-37.0436011,-7.2573342],[-37.0470534,-7.2465899],[-37.0476005,-7.228129],[-37.0462702,-7.226921],[-37.0461253,-7.2261227],[-37.0506046,-7.2199068],[-37.0519779,-7.2160777]],[[-37.0574086,-7.211303],[-37.0590382,-7.2112672]],[[-37.0590283,-7.2113703],[-37.0574086,-7.211303]],[[-37.0569376,-7.2114614],[-37.0574086,-7.211303]],[[-37.0569376,-7.2114614],[-37.0564506,-7.2119111]],[[-37.0564506,-7.2119111],[-37.0569376,-7.2114614]],[[-37.0563621,-7.2119724],[-37.0564506,-7.2119111]],[[-37.0563621,-7.2119724],[-37.0536913,-7.2128514]],[[-37.0536425,-7.2126584],[-37.0563621,-7.2119724]],[[-37.0535713,-7.2129523],[-37.0519779,-7.2160777]],[[-37.0519779,-7.2160777],[-37.053366,-7.2128115]]]}},{"type":"Feature","properties":{"ref":"PB-248","jurisdicao":"estadual","tipo":"secondary","km":35.3},"geometry":{"type":"MultiLineString","coordinates":[[[-37.1626577,-7.6047857],[-37.1628071,-7.604982]],[[-37.1624619,-7.6048338],[-37.1626577,-7.6047857]],[[-37.1625035,-7.6039682],[-37.1626577,-7.6047857]],[[-37.1625198,-7.6051696],[-37.1624619,-7.6048338]],[[-37.1625035,-7.6039682],[-37.1628213,-7.6028701],[-37.1626,-7.6003219],[-37.1621692,-7.5994718],[-37.1591495,-7.5953329],[-37.1570475,-7.5943282],[-37.1541912,-7.5909342],[-37.1490244,-7.5887714],[-37.1480623,-7.5878949],[-37.1456219,-7.5868915],[-37.1429552,-7.5844954],[-37.1390069,-7.5796027],[-37.1320671,-7.575763],[-37.1290215,-7.5725611],[-37.1266438,-7.5708597],[-37.1229456,-7.5692304],[-37.1169972,-7.5677722],[-37.1142975,-7.5653679],[-37.1122811,-7.5646335],[-37.1095796,-7.5620572],[-37.1085308,-7.5601447],[-37.1065941,-7.558415],[-37.1053925,-7.5577768],[-37.1044135,-7.5575774],[-37.0936511,-7.5580095],[-37.0878683,-7.5575834],[-37.0841374,-7.5576951],[-37.0824234,-7.5573866],[-37.0796822,-7.5575674],[-37.078321,-7.558242],[-37.0758796,-7.5587435],[-37.0739664,-7.5626007],[-37.0733576,-7.5646234],[-37.0717496,-7.5668224],[-37.0685564,-7.5692021],[-37.0653391,-7.5700963],[-37.061348,-7.567706]],[[-37.1624619,-7.6048338],[-37.1625035,-7.6039682]],[[-37.061412,-7.5676523],[-37.061348,-7.567706]],[[-37.061348,-7.567706],[-37.0612286,-7.5677995]],[[-37.0612286,-7.5677995],[-37.0602663,-7.5687194]],[[-37.0602663,-7.5687194],[-37.0612286,-7.5677995]],[[-37.0602663,-7.5687194],[-37.0575251,-7.5713781],[-37.0565075,-7.5717079],[-37.048892,-7.569532],[-37.0468185,-7.5693163],[-37.0434778,-7.5678572],[-37.0342239,-7.5652816],[-37.033008,-7.5647614],[-37.032432,-7.5640635],[-37.028477,-7.5628201],[-37.025226,-7.5632515],[-37.0237413,-7.5628709],[-37.0183528,-7.5632261],[-37.0077166,-7.5644442],[-37.0041072,-7.5644695],[-37.0012913,-7.5638605],[-36.9992306,-7.5642158],[-36.994921,-7.563994],[-36.9923608,-7.5625424],[-36.9911537,-7.5629998],[-36.9903283,-7.5641182],[-36.9880175,-7.5638089],[-36.986423,-7.5643708],[-36.9850315,-7.5651321],[-36.984261,-7.5661748],[-36.9816097,-7.5683935],[-36.9756091,-7.5676737],[-36.9741064,-7.5669487],[-36.9740034,-7.5660495],[-36.9731699,-7.5655833],[-36.9697421,-7.565774],[-36.9649599,-7.5674374],[-36.9623888,-7.5678796],[-36.9571467,-7.5694252],[-36.9479097,-7.5697029],[-36.9462147,-7.5694381],[-36.9414993,-7.5676259],[-36.9400163,-7.5676841],[-36.9387283,-7.5684424],[-36.9366469,-7.5681583],[-36.9339394,-7.5674656],[-36.9284783,-7.5648807],[-36.9248422,-7.5644664],[-36.9230592,-7.5637362],[-36.9223662,-7.5637736],[-36.9203628,-7.564657],[-36.9162133,-7.5646877],[-36.9154826,-7.5653581],[-36.91483,-7.5667177],[-36.9115214,-7.5684936],[-36.9112214,-7.5721665],[-36.9100462,-7.5736757],[-36.9101835,-7.5789825],[-36.9099241,-7.5811862],[-36.9063658,-7.5850531],[-36.9030361,-7.5873242],[-36.9007272,-7.5880818]]]}},{"type":"Feature","properties":{"ref":"PB-250","jurisdicao":"estadual","tipo":"secondary","km":31.9},"geometry":{"type":"MultiLineString","coordinates":[[[-37.1530201,-7.6179115],[-37.1568718,-7.6147544],[-37.1578629,-7.6135064],[-37.1592089,-7.6089987],[-37.1603499,-7.6069019],[-37.1640557,-7.6041669],[-37.1660719,-7.6034667],[-37.1695562,-7.6030219],[-37.1738321,-7.6032938],[-37.1805962,-7.6022999]],[[-37.1530201,-7.6179115],[-37.1515428,-7.6197773]],[[-37.1515428,-7.6197773],[-37.1530201,-7.6179115]],[[-37.1512125,-7.6208276],[-37.1515428,-7.6197773]],[[-37.1507637,-7.6209851],[-37.1512125,-7.6208276]],[[-37.1512125,-7.6208276],[-37.1507637,-7.6209851]],[[-37.1496389,-7.6236815],[-37.1507637,-7.6209851]],[[-37.1496389,-7.6236815],[-37.1485002,-7.6255396]],[[-37.1485002,-7.6255396],[-37.1496389,-7.6236815]],[[-37.0838383,-7.6941724],[-37.0872045,-7.6940621],[-37.0879535,-7.693694],[-37.0898867,-7.6904631],[-37.0913216,-7.6863544],[-37.0916851,-7.6836311],[-37.0923127,-7.6828377],[-37.0936163,-7.6821625],[-37.1073294,-7.6790702],[-37.1102925,-7.6791869],[-37.1213274,-7.6816171],[-37.1260026,-7.6811294],[-37.1281032,-7.6796848],[-37.1319741,-7.6744656],[-37.1346693,-7.6722152],[-37.1366104,-7.6683947],[-37.1406961,-7.6655088],[-37.1412234,-7.6648056],[-37.1422424,-7.6582745],[-37.1417261,-7.6560579],[-37.140315,-7.6535327],[-37.1400814,-7.6507396],[-37.144539,-7.6375185],[-37.1470614,-7.6286132],[-37.1485002,-7.6255396]],[[-37.0830554,-7.6937784],[-37.0838383,-7.6941724]],[[-37.0838383,-7.6941724],[-37.0830554,-7.6937784]],[[-37.0187888,-7.7933835],[-37.0196381,-7.7926006],[-37.0205871,-7.7897941],[-37.0217721,-7.788249],[-37.0250228,-7.7849863],[-37.0259783,-7.7841475],[-37.0277593,-7.7833147],[-37.0312918,-7.7798754],[-37.0319772,-7.7759502],[-37.054972,-7.7279725],[-37.0568991,-7.7212229],[-37.0576301,-7.7197742],[-37.0817334,-7.6956111],[-37.0830554,-7.6937784]],[[-37.0187888,-7.7933835],[-37.018528,-7.7936549],[-37.0187888,-7.7933835]]]}},{"type":"Feature","properties":{"ref":"PB-251","jurisdicao":"estadual","tipo":"secondary","km":19.6},"geometry":{"type":"MultiLineString","coordinates":[[[-37.1003136,-6.9313194],[-37.1016179,-6.9266249],[-37.1021202,-6.9259462],[-37.1114791,-6.9201463],[-37.1210097,-6.9224276],[-37.1271144,-6.9223104],[-37.1283335,-6.9218804],[-37.1318716,-6.9169236],[-37.139238,-6.9015998],[-37.1454822,-6.8976043],[-37.1522346,-6.8951731],[-37.1546996,-6.8930056],[-37.1902979,-6.8440058],[-37.1915745,-6.8416655],[-37.1969651,-6.82583]],[[-37.1003136,-6.9313194],[-37.0975276,-6.938312]],[[-37.0975276,-6.938312],[-37.1003136,-6.9313194]],[[-37.0975276,-6.938312],[-37.0953292,-6.9369481],[-37.095208,-6.9361087]],[[-37.0949772,-6.9362136],[-37.0949644,-6.9359328],[-37.095208,-6.9361087]],[[-37.095208,-6.9361087],[-37.095113,-6.9362185]],[[-37.095113,-6.9362185],[-37.0949305,-6.9370532],[-37.0949772,-6.9362136]],[[-37.095113,-6.9362185],[-37.0949772,-6.9362136]]]}},{"type":"Feature","properties":{"ref":"PB-252","jurisdicao":"estadual","tipo":"secondary","km":6.9},"geometry":{"type":"MultiLineString","coordinates":[[[-37.1654143,-7.0675931],[-37.1651702,-7.0674431]],[[-37.1653497,-7.0673092],[-37.1654143,-7.0675931]],[[-37.157729,-7.1249531],[-37.1670896,-7.0941288],[-37.1658773,-7.0885171],[-37.1658736,-7.0843503],[-37.1668419,-7.0824272],[-37.1661606,-7.0811429],[-37.1658424,-7.0796056],[-37.1678773,-7.077632],[-37.1684781,-7.0716164],[-37.1682555,-7.070714],[-37.1654143,-7.0675931]]]}},{"type":"Feature","properties":{"ref":"PB-262","jurisdicao":"estadual","tipo":"primary","km":38.5},"geometry":{"type":"MultiLineString","coordinates":[[[-37.3089031,-7.1633387],[-37.3086765,-7.1621731]],[[-37.3086765,-7.1621731],[-37.3089031,-7.1633387]],[[-37.2523456,-7.2210723],[-37.2527014,-7.2196988],[-37.2517402,-7.2149609],[-37.2522437,-7.2131427],[-37.2521745,-7.2098888],[-37.2544589,-7.204173],[-37.2551396,-7.2032685],[-37.2565231,-7.2022831],[-37.2573669,-7.2022245],[-37.2607648,-7.2039579],[-37.2652671,-7.2047911],[-37.2681556,-7.2059923],[-37.2684024,-7.2065147],[-37.2682717,-7.2075429],[-37.2669349,-7.2099146],[-37.2668963,-7.2107353],[-37.2690643,-7.2118146],[-37.2696195,-7.2117898],[-37.2716446,-7.2078286],[-37.2738548,-7.2066022],[-37.2733154,-7.2026934],[-37.2737906,-7.2023496],[-37.2746369,-7.2026423],[-37.27486,-7.202299],[-37.273126,-7.2014334],[-37.2729439,-7.2009664],[-37.2733347,-7.2007128],[-37.2752827,-7.2012904],[-37.2758467,-7.2011238],[-37.2756013,-7.2005806],[-37.2727908,-7.1993755],[-37.2725932,-7.1984074],[-37.2731213,-7.1976394],[-37.2737251,-7.1971729],[-37.2759749,-7.1965699],[-37.2765953,-7.1950829],[-37.2780944,-7.1933101],[-37.2791292,-7.1929109],[-37.2809842,-7.1928358],[-37.2858084,-7.1899946],[-37.2868499,-7.1832866],[-37.287422,-7.1825035],[-37.2905264,-7.1812932],[-37.2981831,-7.1808027],[-37.3015026,-7.1791432],[-37.3038032,-7.1756067],[-37.3045564,-7.1699421],[-37.3074406,-7.1660689],[-37.3089031,-7.1633387]],[[-37.3086765,-7.1621731],[-37.3054826,-7.156789],[-37.3049194,-7.155095],[-37.3042703,-7.1485441],[-37.3043521,-7.1432054],[-37.3035957,-7.1386278],[-37.3029265,-7.1252047],[-37.2983614,-7.1119543],[-37.2999921,-7.105291],[-37.2939258,-7.0996522],[-37.2873232,-7.0822877],[-37.2865932,-7.0739415],[-37.2827854,-7.0695117],[-37.2765814,-7.0571864]],[[-37.2788876,-7.0303762],[-37.2780434,-7.0403112],[-37.2751617,-7.0466982],[-37.2755729,-7.054872],[-37.2765814,-7.0571864]],[[-37.2752766,-7.0413925],[-37.2769845,-7.0375138],[-37.2777325,-7.0370103]],[[-37.2765814,-7.0571864],[-37.2754808,-7.0572145],[-37.274352,-7.0556835],[-37.2743979,-7.0513686],[-37.2725887,-7.0507321],[-37.2758181,-7.0429895]],[[-37.2608182,-7.2741601],[-37.260679,-7.267212],[-37.2586325,-7.2618826],[-37.2608518,-7.2542575],[-37.2609013,-7.2522754],[-37.2598583,-7.2459395],[-37.2558928,-7.2412797],[-37.2537207,-7.2249424],[-37.2542409,-7.22425],[-37.2547248,-7.2217552],[-37.2527075,-7.2214997]],[[-37.2527075,-7.2214997],[-37.2522978,-7.2213445],[-37.2523456,-7.2210723]],[[-37.2523456,-7.2210723],[-37.2527075,-7.2214997]]]}},{"type":"Feature","properties":{"ref":"PB-264","jurisdicao":"estadual","tipo":"secondary","km":52.4},"geometry":{"type":"MultiLineString","coordinates":[[[-37.1213024,-7.9031394],[-37.1212223,-7.9034598]],[[-37.1212223,-7.9034598],[-37.1212082,-7.9030996]],[[-37.1212223,-7.9034598],[-37.117989,-7.931935],[-37.119753,-7.936414],[-37.119912,-7.9382088],[-37.116606,-7.952235],[-37.099275,-7.984362],[-37.099019,-7.989073],[-37.099194,-8.018496],[-37.104854,-8.032254],[-37.104544,-8.04218],[-37.107391,-8.060246],[-37.1044707,-8.0709301],[-37.104033,-8.0715157],[-37.0984157,-8.0749785],[-37.0973418,-8.0764235],[-37.0673176,-8.0994039],[-37.0649689,-8.1040344],[-37.0614349,-8.1070712],[-37.0550406,-8.1185424],[-37.037574,-8.1347714],[-37.0208037,-8.1445648],[-37.0116553,-8.1482694],[-37.011019,-8.1487931],[-37.0093546,-8.1551693],[-37.0089027,-8.1580448],[-37.0081987,-8.179156],[-37.0045348,-8.1830932],[-37.002798,-8.1926295],[-36.9807301,-8.2463398],[-36.9798195,-8.2473618],[-36.9647683,-8.2556236],[-36.964576,-8.256822],[-36.9685951,-8.2678977],[-36.9685173,-8.2688134],[-36.9661623,-8.2735822],[-36.9653777,-8.2761055],[-36.9632388,-8.2789245],[-36.9609598,-8.282933],[-36.9602019,-8.28686],[-36.9605654,-8.2892534],[-36.9611755,-8.289982],[-36.9613973,-8.2922229],[-36.9604792,-8.2954608],[-36.9587642,-8.2965434],[-36.9586716,-8.2981315],[-36.9577283,-8.2991506],[-36.9543596,-8.2990755]]]}},{"type":"Feature","properties":{"ref":"PB-275","jurisdicao":"estadual","tipo":"secondary","km":32.6},"geometry":{"type":"MultiLineString","coordinates":[[[-37.3980933,-6.834099],[-37.397931,-6.8340515]],[[-37.397931,-6.8340515],[-37.3980581,-6.8339442]],[[-37.3269517,-6.8477268],[-37.3307917,-6.8475915],[-37.3342278,-6.8485703],[-37.3356575,-6.8486103],[-37.3375994,-6.8480031],[-37.3404329,-6.8457965],[-37.3441011,-6.8463201],[-37.3491538,-6.845284],[-37.3498001,-6.8445329],[-37.3499215,-6.8422189],[-37.3490317,-6.83971],[-37.3490175,-6.8387218],[-37.3505545,-6.8360711],[-37.350753,-6.8350538],[-37.3512666,-6.8346103],[-37.352837,-6.8352428],[-37.3577119,-6.8413361],[-37.3605982,-6.8423481],[-37.3632123,-6.841899],[-37.3653401,-6.8421683],[-37.368843,-6.8440478],[-37.3711847,-6.843376],[-37.3743255,-6.8410083],[-37.3771625,-6.8398161],[-37.3802312,-6.8380419],[-37.3827321,-6.8352781],[-37.3861025,-6.8345498],[-37.397931,-6.8340515]],[[-37.3269517,-6.8477268],[-37.3244842,-6.8482566]],[[-37.3244842,-6.8482566],[-37.3269517,-6.8477268]],[[-37.3244842,-6.8482566],[-37.3244485,-6.8483773]],[[-37.3244485,-6.8483773],[-37.3244009,-6.8481662]],[[-37.2660247,-7.0121383],[-37.2656894,-7.0104354],[-37.268275,-6.9934193],[-37.2723278,-6.984687],[-37.2712429,-6.9810756],[-37.2641773,-6.9726719],[-37.2637998,-6.971778],[-37.2673202,-6.9510316],[-37.2696688,-6.9468161],[-37.2702967,-6.9462156],[-37.2768527,-6.9448945],[-37.2787274,-6.9441813],[-37.2793391,-6.9435366],[-37.2794678,-6.9425835],[-37.2786498,-6.9366992],[-37.2788054,-6.9358205],[-37.2822681,-6.9316988],[-37.2845614,-6.9275904],[-37.2874931,-6.9260168],[-37.2880402,-6.9252819],[-37.2877988,-6.9245896],[-37.2834805,-6.9192217],[-37.283231,-6.9185314],[-37.2834228,-6.9178491],[-37.2872992,-6.913391],[-37.2932042,-6.9094849],[-37.2971148,-6.9047186],[-37.2970826,-6.9040529],[-37.2940209,-6.8983931],[-37.2941148,-6.8956744],[-37.3020118,-6.8854099],[-37.303196,-6.8818443],[-37.3107002,-6.8706021],[-37.314692,-6.8671855],[-37.3171234,-6.8606832],[-37.3184498,-6.8549564],[-37.3206344,-6.8529444],[-37.3244485,-6.8483773]],[[-37.2660247,-7.0121383],[-37.2661238,-7.0122801]],[[-37.2661238,-7.0122801],[-37.2660805,-7.012344]],[[-37.2661238,-7.0122801],[-37.2660805,-7.012344]],[[-37.2660805,-7.012344],[-37.2660174,-7.0123076]],[[-37.2660805,-7.012344],[-37.2660174,-7.0123076]],[[-37.2660174,-7.0123076],[-37.2660247,-7.0121383]]]}},{"type":"Feature","properties":{"ref":"PB-276","jurisdicao":"estadual","tipo":"secondary","km":21.0},"geometry":{"type":"MultiLineString","coordinates":[[[-37.3085001,-7.1618827],[-37.3107243,-7.1619825],[-37.3144144,-7.1644508],[-37.316076,-7.1649445],[-37.3196832,-7.1646047],[-37.3222637,-7.1637912],[-37.3274538,-7.1639051],[-37.3295395,-7.1635873],[-37.3318553,-7.1625606],[-37.334826,-7.1628567],[-37.3359054,-7.1645135],[-37.3373125,-7.1657738],[-37.3373897,-7.168178],[-37.3385408,-7.1699463],[-37.3393934,-7.1720203],[-37.3415997,-7.1734648],[-37.3514825,-7.1818205],[-37.3520486,-7.1827987],[-37.3521692,-7.183985],[-37.3543203,-7.1878906],[-37.3563261,-7.1888432],[-37.3575407,-7.190161],[-37.3612351,-7.1912809],[-37.3630596,-7.1911472],[-37.3635794,-7.191771],[-37.3638213,-7.1929913],[-37.3653013,-7.1937384],[-37.3660979,-7.194546],[-37.3662412,-7.1954209],[-37.3650943,-7.1976791],[-37.3647929,-7.1993071],[-37.3681531,-7.2054643],[-37.3725782,-7.2083579],[-37.3773578,-7.2105642],[-37.3815152,-7.2107797],[-37.38386,-7.2116757],[-37.3881527,-7.212384],[-37.3910973,-7.2141348],[-37.3930021,-7.2144446],[-37.3947354,-7.21531],[-37.4003721,-7.2149373],[-37.4074725,-7.2204638],[-37.4104527,-7.2234614],[-37.4123722,-7.2237983],[-37.4186398,-7.2269097],[-37.4199435,-7.2310001],[-37.4222152,-7.2327978],[-37.4230419,-7.2325672],[-37.4239046,-7.2332567],[-37.4255277,-7.2364672],[-37.426064,-7.239805],[-37.4276289,-7.2412054],[-37.4294087,-7.2419616],[-37.4294981,-7.2432399],[-37.4315048,-7.2449278],[-37.4328791,-7.2457983],[-37.4341325,-7.2459891],[-37.4346018,-7.2467769],[-37.4348241,-7.2485031],[-37.4329117,-7.2502938],[-37.4313032,-7.253604],[-37.4273645,-7.2578706]],[[-37.4273645,-7.2578706],[-37.4274954,-7.2592857],[-37.4273645,-7.2578706]]]}},{"type":"Feature","properties":{"ref":"PB-293","jurisdicao":"estadual","tipo":"secondary","km":109.6},"geometry":{"type":"MultiLineString","coordinates":[[[-37.6183751,-6.5987236],[-37.6183049,-6.5982602]],[[-37.6183049,-6.5982602],[-37.6183751,-6.5987236]],[[-37.6183751,-6.5987236],[-37.6154213,-6.5998954],[-37.6058994,-6.6119997],[-37.6025493,-6.6255838],[-37.5984254,-6.6363968],[-37.5888138,-6.6444633],[-37.5846054,-6.6451687],[-37.5835446,-6.6457775],[-37.5782526,-6.6543268],[-37.5745954,-6.66144],[-37.5694918,-6.67026]],[[-37.6183049,-6.5982602],[-37.6176944,-6.5970138],[-37.6139595,-6.593486],[-37.6101413,-6.5892402],[-37.5976154,-6.5827934],[-37.5830732,-6.5720558],[-37.578392,-6.5705323],[-37.565116,-6.5670131],[-37.552132,-6.5609745],[-37.5491174,-6.5587181],[-37.5466483,-6.5587862],[-37.5345842,-6.5559569],[-37.5286566,-6.5554612],[-37.5261272,-6.5542142],[-37.5252708,-6.553413],[-37.5214575,-6.5480028],[-37.5158007,-6.5420191],[-37.5102613,-6.5399895],[-37.5045696,-6.539706],[-37.498135,-6.5346209],[-37.4944335,-6.5321861],[-37.4908803,-6.528013],[-37.4871011,-6.5193629],[-37.480199,-6.5132831],[-37.4730523,-6.5086861],[-37.4609302,-6.5044199],[-37.4514793,-6.498947],[-37.4506277,-6.4982049],[-37.4495575,-6.49633],[-37.4478964,-6.4957554],[-37.4456906,-6.4746686],[-37.4457257,-6.4699467],[-37.4534011,-6.4291079],[-37.4552666,-6.4265572],[-37.4548146,-6.4217995],[-37.4653773,-6.3661517],[-37.4661108,-6.3593336]],[[-37.4998939,-6.3456177],[-37.5018485,-6.3412681],[-37.5074463,-6.3330107],[-37.5081906,-6.330926],[-37.509993,-6.323131],[-37.5148921,-6.3127286],[-37.5300694,-6.2517175],[-37.5318182,-6.2477554],[-37.5365737,-6.2330574],[-37.53766,-6.227546],[-37.5381602,-6.2178389],[-37.537831,-6.2161064],[-37.5336797,-6.2043466],[-37.5361207,-6.1889374],[-37.5388832,-6.1845877],[-37.5401315,-6.178834],[-37.5413776,-6.1769289],[-37.5561565,-6.1702473],[-37.5738741,-6.1582914]],[[-37.5694918,-6.67026],[-37.5692625,-6.6705496]],[[-37.5692625,-6.6705496],[-37.5694918,-6.67026]],[[-37.5692625,-6.6705496],[-37.5561525,-6.6617516]],[[-37.5561525,-6.6617516],[-37.5549854,-6.6612957]],[[-37.5267914,-6.9049429],[-37.5271307,-6.904627],[-37.5270676,-6.9041577],[-37.5263337,-6.9030077],[-37.5251716,-6.9021082],[-37.5262023,-6.8989324],[-37.5264014,-6.8949894],[-37.5268118,-6.894323],[-37.5285787,-6.8937998],[-37.5292181,-6.8930778],[-37.5331729,-6.8772929],[-37.5360362,-6.8756334],[-37.5476295,-6.8659308],[-37.5547011,-6.8642957],[-37.5556673,-6.863804],[-37.5627043,-6.8465471],[-37.5689325,-6.8382928],[-37.5692551,-6.8371124],[-37.5680836,-6.8286721],[-37.5694744,-6.8260276],[-37.5713901,-6.8240428],[-37.5739133,-6.8172828],[-37.574702,-6.8097159],[-37.5770503,-6.8030263],[-37.5759901,-6.7946062],[-37.5729378,-6.7835604],[-37.5698411,-6.7798795],[-37.5680293,-6.7765322],[-37.5713566,-6.7627132],[-37.5686288,-6.7535446],[-37.5663181,-6.747345],[-37.5680387,-6.7439029],[-37.5673252,-6.7392109],[-37.5665454,-6.7369581],[-37.5658051,-6.7327388],[-37.5650548,-6.7317551],[-37.5662148,-6.7210829],[-37.5619648,-6.7091797],[-37.5570014,-6.6810873],[-37.5529427,-6.6740956],[-37.5532541,-6.6709379],[-37.5554685,-6.6675074],[-37.5552238,-6.6652683],[-37.5557126,-6.6630305],[-37.5553706,-6.6623025],[-37.5561525,-6.6617516]],[[-37.4998939,-6.3456177],[-37.4993633,-6.3469322]],[[-37.4993633,-6.3469322],[-37.4998939,-6.3456177]],[[-37.4988584,-6.3482083],[-37.4993633,-6.3469322]],[[-37.4988584,-6.3482083],[-37.4984563,-6.3495568],[-37.4981953,-6.3495826]],[[-37.4981953,-6.3495826],[-37.4988584,-6.3482083]],[[-37.494561,-6.3500349],[-37.4981953,-6.3495826]],[[-37.4912383,-6.350581],[-37.494561,-6.3500349]],[[-37.494561,-6.3500349],[-37.4912383,-6.350581]],[[-37.466138,-6.3586643],[-37.4912383,-6.350581]]]}},{"type":"Feature","properties":{"ref":"PB-306","jurisdicao":"estadual","tipo":"secondary","km":182.2},"geometry":{"type":"MultiLineString","coordinates":[[[-38.3489362,-7.4750327],[-38.3487411,-7.4751335]],[[-38.3487411,-7.4751335],[-38.3486922,-7.4747398]],[[-38.1565869,-7.7052122],[-38.1574806,-7.7039666],[-38.1608948,-7.7013445],[-38.1648137,-7.6972014],[-38.1683442,-7.6950854],[-38.1718623,-7.6924633],[-38.1726644,-7.6897938],[-38.1748226,-7.6875149],[-38.176239,-7.6848718],[-38.1771375,-7.6846385],[-38.1799451,-7.6856702],[-38.1807682,-7.6854034],[-38.1811749,-7.6832653],[-38.1823856,-7.6825463],[-38.1834079,-7.6811909],[-38.1827205,-7.6780071],[-38.182979,-7.6772831],[-38.1906304,-7.6739406],[-38.1937263,-7.6715806],[-38.1947401,-7.668896],[-38.1979234,-7.6672723],[-38.1994371,-7.6636789],[-38.1998872,-7.659078],[-38.2002354,-7.6585301],[-38.2017127,-7.6576521],[-38.2033982,-7.6573437],[-38.2045344,-7.6566372],[-38.2051653,-7.6516247],[-38.2049005,-7.6508147],[-38.1981964,-7.6405385],[-38.1969934,-7.6391598],[-38.1969963,-7.6361487],[-38.1980816,-7.6356138],[-38.1986794,-7.6345065],[-38.1989254,-7.6331539],[-38.2011133,-7.6327815],[-38.2024592,-7.6333743],[-38.2044183,-7.6350462],[-38.2075133,-7.6358243],[-38.209044,-7.636943],[-38.2114175,-7.6368989],[-38.2120503,-7.6363738],[-38.212098,-7.6342588],[-38.2124084,-7.6337662],[-38.2199794,-7.6311896],[-38.2247855,-7.6288501],[-38.2263284,-7.6237985],[-38.2278219,-7.6225922],[-38.2276315,-7.6202819],[-38.2295787,-7.6170012],[-38.2293749,-7.6156401],[-38.230282,-7.613221],[-38.2318908,-7.6110249],[-38.233189,-7.6077867],[-38.2351658,-7.6063006],[-38.2355708,-7.6053673],[-38.2378882,-7.6031713],[-38.2380384,-7.6021451],[-38.2372981,-7.6010923],[-38.2371679,-7.5990107],[-38.2377364,-7.598731],[-38.2395619,-7.5987473],[-38.2407153,-7.5992153],[-38.2418096,-7.5988484],[-38.2423612,-7.5983065],[-38.2410687,-7.5963401],[-38.238899,-7.5953056],[-38.2382854,-7.5944355],[-38.2384213,-7.5931747],[-38.2401466,-7.5931163],[-38.2405812,-7.5926856],[-38.2401064,-7.591609],[-38.2401413,-7.5903991],[-38.2394975,-7.5897078],[-38.2397477,-7.5890952],[-38.2427381,-7.5874301],[-38.2436511,-7.5859956],[-38.2468206,-7.5847602],[-38.2486868,-7.5836831],[-38.2515621,-7.5843266],[-38.2565678,-7.586604],[-38.2644983,-7.5888408],[-38.2652042,-7.5888198],[-38.2690564,-7.5872232],[-38.27089,-7.5844398],[-38.2717553,-7.583853],[-38.2730618,-7.5836805],[-38.2764363,-7.5801174],[-38.2812052,-7.5769264],[-38.2860375,-7.5713923],[-38.287198,-7.5705594],[-38.2883957,-7.5683916],[-38.2912552,-7.5666689],[-38.2961404,-7.5615299],[-38.2973551,-7.5596726],[-38.2963711,-7.5587168],[-38.2961894,-7.556504],[-38.2969773,-7.5560632],[-38.2990411,-7.5563721],[-38.2996407,-7.555082],[-38.3009511,-7.5543372],[-38.3019053,-7.5532348],[-38.3020028,-7.5526688],[-38.3014712,-7.5518689],[-38.3014003,-7.5473658],[-38.3038444,-7.5452269],[-38.3043149,-7.5452649],[-38.3062764,-7.5469764],[-38.3076317,-7.5458333],[-38.3087643,-7.5455451],[-38.3097546,-7.5444951],[-38.311144,-7.5450745],[-38.3125193,-7.5450152],[-38.3141165,-7.5454122],[-38.3153312,-7.5462171],[-38.3165745,-7.5479311],[-38.3188787,-7.5486787],[-38.3218147,-7.5511638],[-38.3251163,-7.550631],[-38.3271024,-7.5507769],[-38.3280936,-7.5514938],[-38.3298624,-7.5520335],[-38.3308187,-7.5539427],[-38.3318457,-7.5544559],[-38.3321397,-7.5541242],[-38.3348065,-7.5505997],[-38.3339033,-7.5489106],[-38.3335713,-7.5452412],[-38.334664,-7.5430596],[-38.3358477,-7.5423511],[-38.336559,-7.5411507],[-38.3366452,-7.5401617],[-38.3374746,-7.5389587],[-38.3387901,-7.5321285],[-38.3383725,-7.5304448],[-38.3388821,-7.5262245],[-38.3396584,-7.5248115],[-38.344911,-7.5228972],[-38.3460055,-7.5212057],[-38.3460224,-7.5207287],[-38.3450358,-7.5196411],[-38.346531,-7.5151827],[-38.3461836,-7.5125706],[-38.3466147,-7.5125539],[-38.3531212,-7.5044079],[-38.3533411,-7.50185],[-38.3516288,-7.5012689],[-38.3502737,-7.4989437],[-38.3502767,-7.4984565],[-38.3509808,-7.4977037],[-38.3544735,-7.4961645],[-38.3557704,-7.4938384],[-38.3557883,-7.4932039],[-38.3535804,-7.4900103],[-38.3530646,-7.4883565],[-38.3538362,-7.4826434],[-38.3532655,-7.4800869],[-38.3516127,-7.4788694],[-38.349177,-7.4763854],[-38.3487411,-7.4751335]],[[-38.1545691,-7.7061578],[-38.156616,-7.7062391]],[[-38.1537414,-7.7060394],[-38.1545691,-7.7061578]],[[-38.1545691,-7.7061578],[-38.1537414,-7.7060394]],[[-37.8267482,-7.5472653],[-37.8279106,-7.5492782],[-37.8293308,-7.5559096],[-37.8289036,-7.5590335],[-37.8294153,-7.5617506],[-37.8349507,-7.5700422],[-37.8446549,-7.5957603],[-37.8455347,-7.6149648],[-37.8500166,-7.6245841],[-37.860716,-7.6371446],[-37.8629154,-7.6383249],[-37.8849377,-7.6466337],[-37.9005594,-7.6613787],[-37.9011924,-7.662358],[-37.9070699,-7.6817478],[-37.9285846,-7.7109021],[-37.930057,-7.7149215],[-37.9315845,-7.7172366],[-37.9328309,-7.7181799],[-37.951568,-7.7280689],[-37.9624396,-7.7347974],[-37.9638858,-7.7351288],[-37.9768429,-7.7352689],[-37.9836843,-7.7367592],[-37.9864344,-7.7361647],[-37.9895373,-7.7367281],[-37.9916852,-7.7362387],[-37.9918158,-7.7368683],[-37.9975553,-7.7334856],[-37.9987854,-7.7333851],[-38.0000073,-7.7340641],[-38.0019968,-7.7329708],[-38.003487,-7.7339983],[-38.0063879,-7.7345996],[-38.0075774,-7.7352817],[-38.011074,-7.734326],[-38.0137393,-7.7345393],[-38.0145234,-7.7342101],[-38.0160284,-7.7326741],[-38.0199755,-7.7320947],[-38.02029,-7.7316285],[-38.0203247,-7.7297086],[-38.0214622,-7.7287616],[-38.0243238,-7.7287579],[-38.0257855,-7.727543],[-38.0290282,-7.7260449],[-38.0314825,-7.7237352],[-38.0355461,-7.7215997],[-38.0375307,-7.72134],[-38.0402579,-7.7200353],[-38.044707,-7.7206531],[-38.0473116,-7.7202212],[-38.0500388,-7.7192596],[-38.0541842,-7.7194316],[-38.0558187,-7.7179629],[-38.059117,-7.7158035],[-38.0607406,-7.7152532],[-38.0659139,-7.7159578],[-38.0687902,-7.7179379],[-38.0704193,-7.7182047],[-38.0719277,-7.7191391],[-38.0737549,-7.7209733],[-38.0774879,-7.7255263],[-38.0831574,-7.7256918],[-38.0850098,-7.7263698],[-38.0887223,-7.7269165],[-38.0905499,-7.7278348],[-38.0916362,-7.7292382],[-38.0924486,-7.7331922],[-38.0941969,-7.7356685],[-38.0940906,-7.7370917],[-38.0947002,-7.7395256],[-38.095263,-7.7396927],[-38.0979729,-7.7392856],[-38.0999129,-7.7403187],[-38.1020363,-7.7349455],[-38.1036591,-7.7324055],[-38.1033333,-7.7288306],[-38.1060446,-7.7264527],[-38.1130838,-7.7235414],[-38.1148067,-7.7232462],[-38.115984,-7.7223155],[-38.1181383,-7.7213718],[-38.1190579,-7.7204586],[-38.1202526,-7.7173321],[-38.1217094,-7.7146778],[-38.1219513,-7.7106394],[-38.1224626,-7.7089643],[-38.1273782,-7.7081208],[-38.1296863,-7.7067586],[-38.133127,-7.7059463],[-38.1375106,-7.7056172],[-38.1412259,-7.7039951],[-38.1443487,-7.7005406],[-38.1454375,-7.700962],[-38.1478753,-7.7049072],[-38.1537414,-7.7060394]],[[-37.8267482,-7.5472653],[-37.8264682,-7.5470699]],[[-37.8266712,-7.5469349],[-37.8267482,-7.5472653]],[[-37.8264441,-7.546602],[-37.8266712,-7.5469349]],[[-37.8266712,-7.5469349],[-37.8264682,-7.5470699]],[[-37.8264682,-7.5470699],[-37.8263476,-7.5470455]],[[-37.8261604,-7.54641],[-37.8264441,-7.546602]],[[-37.8262313,-7.5467476],[-37.8264441,-7.546602]],[[-37.8263476,-7.5470455],[-37.8260448,-7.5470912]],[[-37.8263476,-7.5470455],[-37.8262177,-7.5468523]],[[-37.8262313,-7.5467476],[-37.8261604,-7.54641]],[[-37.8262177,-7.5468523],[-37.8262313,-7.5467476]],[[-37.8260448,-7.5470912],[-37.8262177,-7.5468523]],[[-37.8201657,-7.5407077],[-37.8213104,-7.5426306],[-37.8249692,-7.5448403],[-37.8261604,-7.54641]],[[-37.2612427,-7.2538347],[-37.2620127,-7.2547805],[-37.2633988,-7.2554969],[-37.3019153,-7.2732836],[-37.3032658,-7.2736773],[-37.3055644,-7.2734578],[-37.3369354,-7.2629656],[-37.3389503,-7.263202],[-37.3491262,-7.2661428],[-37.350263,-7.2668097],[-37.3544229,-7.270899],[-37.3551362,-7.2720465],[-37.3553796,-7.2846734],[-37.3591109,-7.2969397],[-37.3683014,-7.3090119],[-37.3675408,-7.3213938],[-37.3660619,-7.3277746],[-37.3666002,-7.3294371],[-37.3679106,-7.3305512],[-37.3772912,-7.3339275],[-37.4219996,-7.3325628],[-37.4632988,-7.3499656],[-37.4652491,-7.3501997],[-37.4737886,-7.349224],[-37.4756762,-7.3495552],[-37.4918918,-7.357917],[-37.5043218,-7.3672578],[-37.5056411,-7.3688536],[-37.5139007,-7.3982952],[-37.5150346,-7.4006614],[-37.6156686,-7.4989774],[-37.6230414,-7.5034892],[-37.6261649,-7.5057642],[-37.6301191,-7.5095184],[-37.6347922,-7.5124188],[-37.6397529,-7.513319],[-37.6427581,-7.5153427],[-37.6609956,-7.5202951],[-37.6778336,-7.5281281],[-37.6793901,-7.5294212],[-37.6881048,-7.5401477],[-37.6895116,-7.5411478],[-37.7004952,-7.5452994],[-37.7089793,-7.5436705],[-37.7231397,-7.545347],[-37.7243431,-7.5450413],[-37.7302814,-7.5416673],[-37.7451318,-7.537105],[-37.7913152,-7.5345547],[-37.7927046,-7.535125],[-37.8003207,-7.5427697],[-37.8015951,-7.5433365],[-37.8042407,-7.543582],[-37.80709,-7.5458564],[-37.8140425,-7.5470028],[-37.8204527,-7.5471511],[-37.8234869,-7.5482632],[-37.8245115,-7.5480558],[-37.8260448,-7.5470912]],[[-37.8201657,-7.5407077],[-37.8186461,-7.5379593]],[[-37.8187769,-7.5379316],[-37.8201657,-7.5407077]],[[-37.2612427,-7.2538347],[-37.2609659,-7.2536251],[-37.2612427,-7.2538347]]]}},{"type":"Feature","properties":{"ref":"PB-312","jurisdicao":"estadual","tipo":"secondary","km":7.9},"geometry":{"type":"MultiLineString","coordinates":[[[-37.689807,-7.1653462],[-37.6901933,-7.1636242],[-37.6885829,-7.1578565],[-37.6894543,-7.1546497],[-37.6921982,-7.1509447],[-37.6949692,-7.1338753],[-37.6939085,-7.1290568],[-37.6944731,-7.1259521],[-37.6952011,-7.1243213],[-37.7022296,-7.1161862],[-37.7096808,-7.1116405],[-37.7125575,-7.1081337],[-37.7153329,-7.1081851]],[[-37.689807,-7.1653462],[-37.6896709,-7.1658552]],[[-37.6895943,-7.1658316],[-37.689807,-7.1653462]]]}},{"type":"Feature","properties":{"ref":"PB-313","jurisdicao":"estadual","tipo":"secondary","km":25.0},"geometry":{"type":"LineString","coordinates":[[-37.4992579,-6.3471908],[-37.4966463,-6.3464263],[-37.49567,-6.3433514],[-37.4920437,-6.339502],[-37.4872144,-6.3390141],[-37.485837,-6.3381677],[-37.481803,-6.3368775],[-37.4807788,-6.3362711],[-37.4782886,-6.3332273],[-37.4758077,-6.3323224],[-37.472027,-6.3296217],[-37.4705319,-6.3277693],[-37.4692525,-6.3224804],[-37.4657111,-6.3197706],[-37.4649966,-6.315887],[-37.4633772,-6.3133706],[-37.4620431,-6.3124958],[-37.4523445,-6.310286],[-37.4516857,-6.3098952],[-37.448969,-6.3067577],[-37.4469683,-6.3053284],[-37.4452271,-6.3025512],[-37.4446047,-6.3009988],[-37.4450608,-6.2976378],[-37.4448502,-6.296722],[-37.4428745,-6.2936003],[-37.4404889,-6.2919835],[-37.4395519,-6.2896075],[-37.4384038,-6.2885651],[-37.4366774,-6.2879547],[-37.4345184,-6.2882111],[-37.4311392,-6.2858641],[-37.4289994,-6.2815708],[-37.4286014,-6.2796545],[-37.4288696,-6.2767217],[-37.4302697,-6.2733411],[-37.4308705,-6.2707016],[-37.4324423,-6.2673049],[-37.432614,-6.2655559],[-37.4323779,-6.264852],[-37.4277753,-6.260938],[-37.4262303,-6.2574186],[-37.4220997,-6.252822],[-37.4198467,-6.2510943],[-37.4187952,-6.2498358],[-37.4154049,-6.2431594],[-37.4130875,-6.2366963],[-37.4123204,-6.2355604],[-37.4110758,-6.2351338],[-37.4072215,-6.236267],[-37.4028254,-6.2358377],[-37.3994739,-6.2312398],[-37.398632,-6.2310693],[-37.3937223,-6.231477],[-37.3928207,-6.2311396],[-37.3915225,-6.2266494],[-37.389732,-6.2251763],[-37.3878551,-6.2225588],[-37.3868018,-6.2222438],[-37.3850209,-6.2223985],[-37.3776766,-6.2217376],[-37.374939,-6.220039],[-37.3704196,-6.2161437],[-37.3678004,-6.2155391],[-37.3644785,-6.2139226],[-37.3598758,-6.2134836],[-37.3571051,-6.2137186]]}},{"type":"Feature","properties":{"ref":"PB-317","jurisdicao":"estadual","tipo":"secondary","km":9.6},"geometry":{"type":"MultiLineString","coordinates":[[[-37.7300348,-6.443321],[-37.7297536,-6.4432177]],[[-37.7300348,-6.443321],[-37.730034,-6.4431426]],[[-37.730034,-6.4431426],[-37.7302496,-6.4432112],[-37.7300348,-6.443321]],[[-37.7297536,-6.4432177],[-37.730034,-6.4431426]],[[-37.7297536,-6.4432177],[-37.7230743,-6.443349],[-37.7168448,-6.442888],[-37.7137643,-6.4420446],[-37.6843044,-6.4382453],[-37.6746652,-6.4362883],[-37.6728239,-6.4354161],[-37.6644387,-6.435207]],[[-37.6644387,-6.435207],[-37.6551908,-6.434964],[-37.6644387,-6.435207]]]}},{"type":"Feature","properties":{"ref":"PB-323","jurisdicao":"estadual","tipo":"primary","km":76.4},"geometry":{"type":"MultiLineString","coordinates":[[[-37.9292042,-6.4446647],[-37.9315569,-6.4433631],[-37.9344704,-6.4429422],[-37.9385425,-6.4429326],[-37.941802,-6.4420534],[-37.9445576,-6.4387625],[-37.9561229,-6.433438],[-37.9753751,-6.4298769],[-37.9794734,-6.4264402]],[[-37.9292042,-6.4446647],[-37.9263755,-6.4464877]],[[-37.9263755,-6.4464877],[-37.9292042,-6.4446647]],[[-37.8335506,-6.3828382],[-37.8513108,-6.3882153],[-37.8615341,-6.4010225],[-37.8666318,-6.4055968],[-37.868143,-6.4094187],[-37.8704068,-6.411711],[-37.8768951,-6.4130437],[-37.8801251,-6.4144637],[-37.8849363,-6.4141312],[-37.8858966,-6.4143737],[-37.8887629,-6.4155268],[-37.893276,-6.4180796],[-37.8951687,-6.4199587],[-37.9047517,-6.4240179],[-37.91619,-6.4394526],[-37.9168347,-6.443475],[-37.9185853,-6.4488232],[-37.9193665,-6.4491046],[-37.9209508,-6.4489599],[-37.9263755,-6.4464877]],[[-37.8335506,-6.3828382],[-37.8334862,-6.3822851]],[[-37.8334862,-6.3822851],[-37.8335506,-6.3828382]],[[-37.7627423,-6.3495293],[-37.7696054,-6.3534387],[-37.7925935,-6.3647378],[-37.8198291,-6.3755578],[-37.8299222,-6.3732786],[-37.8314652,-6.3736678],[-37.8322443,-6.3742869],[-37.83323,-6.3763115],[-37.8334862,-6.3822851]],[[-37.7627423,-6.3495293],[-37.7622973,-6.3494099]],[[-37.7623575,-6.3492013],[-37.7627423,-6.3495293]],[[-37.7615567,-6.3489675],[-37.7620659,-6.3491208]],[[-37.7619993,-6.3492931],[-37.7615567,-6.3489675]],[[-37.7459778,-6.3479312],[-37.7530555,-6.3467323],[-37.7557665,-6.3467176],[-37.7615567,-6.3489675]],[[-37.7448849,-6.3409575],[-37.7459778,-6.3479312]],[[-37.7459778,-6.3479312],[-37.7448849,-6.3409575]],[[-37.7425622,-6.3345294],[-37.7432325,-6.3355666],[-37.7442553,-6.3397024],[-37.7448849,-6.3409575]],[[-37.7425622,-6.3345294],[-37.7422946,-6.334352]],[[-37.7423833,-6.3342846],[-37.7425622,-6.3345294]],[[-37.742277,-6.334217],[-37.7423833,-6.3342846]],[[-37.7423833,-6.3342846],[-37.7422946,-6.334352]],[[-37.7422946,-6.334352],[-37.742277,-6.334217]],[[-37.7375453,-6.332111],[-37.742277,-6.334217]],[[-37.7374779,-6.3323442],[-37.7373716,-6.3323002]],[[-37.5066886,-6.3494978],[-37.5359064,-6.3352013],[-37.5594623,-6.3348554],[-37.576776,-6.3297823],[-37.6422514,-6.320773],[-37.6546017,-6.3229341],[-37.6647243,-6.3268032],[-37.6774299,-6.324216],[-37.7033853,-6.3269122],[-37.732094,-6.3303202],[-37.7370734,-6.3321538]],[[-37.5066886,-6.3494978],[-37.5042357,-6.350505]],[[-37.5042357,-6.350505],[-37.5066886,-6.3494978]],[[-37.494561,-6.3500349],[-37.4984563,-6.3495568],[-37.4985762,-6.3501398],[-37.5042357,-6.350505]],[[-37.4912383,-6.350581],[-37.494561,-6.3500349]],[[-37.494561,-6.3500349],[-37.4912383,-6.350581]],[[-37.3820091,-6.3730091],[-37.4217605,-6.365287],[-37.4460406,-6.3651044],[-37.4912383,-6.350581]]]}},{"type":"Feature","properties":{"ref":"PB-325","jurisdicao":"estadual","tipo":"primary","km":73.8},"geometry":{"type":"MultiLineString","coordinates":[[[-37.8356011,-6.7148203],[-37.8359471,-6.7130542],[-37.8354925,-6.7121005],[-37.8205821,-6.6959975],[-37.8171521,-6.6929515],[-37.8132677,-6.6881042],[-37.8129271,-6.6872757],[-37.8127661,-6.6849314],[-37.8102314,-6.6795742],[-37.808496,-6.673544],[-37.808444,-6.672383],[-37.809092,-6.671438],[-37.812845,-6.670241],[-37.813518,-6.669717],[-37.816185,-6.664115],[-37.8164,-6.660895],[-37.816182,-6.659607],[-37.812847,-6.656156],[-37.812269,-6.654709],[-37.814905,-6.646923],[-37.814441,-6.645868],[-37.804506,-6.633502],[-37.804042,-6.632487],[-37.805864,-6.627084],[-37.806253,-6.62377],[-37.804368,-6.610932],[-37.805642,-6.606145],[-37.801847,-6.592113],[-37.80167,-6.585094],[-37.799474,-6.577307],[-37.799813,-6.574297],[-37.7973736,-6.5682132],[-37.7920662,-6.5583391],[-37.7938874,-6.5448538],[-37.7929976,-6.5369948],[-37.7920923,-6.5359368],[-37.7774998,-6.525642],[-37.7757885,-6.5207471],[-37.7723164,-6.517894],[-37.7669827,-6.5039051],[-37.764212,-6.500803],[-37.7516668,-6.4846746],[-37.7502613,-6.484003],[-37.7419558,-6.4833114],[-37.7411257,-6.4828717],[-37.7400836,-6.4815485],[-37.7396813,-6.480669],[-37.7397296,-6.4799374],[-37.7424507,-6.473332],[-37.7405691,-6.4689186],[-37.7399455,-6.4584072],[-37.7307485,-6.4452161],[-37.7302048,-6.4436769]],[[-37.8356011,-6.7148203],[-37.8355034,-6.7154011]],[[-37.8354453,-6.7153884],[-37.8356011,-6.7148203]],[[-37.7622014,-6.3498331],[-37.7623259,-6.3510788],[-37.7631828,-6.3531466],[-37.7630044,-6.3546294],[-37.7634,-6.3574249],[-37.7619352,-6.3627841],[-37.7610885,-6.3636875],[-37.7597836,-6.3638624],[-37.7493051,-6.3636656],[-37.7483147,-6.3645979],[-37.7480297,-6.3671656],[-37.7464633,-6.3690809]],[[-37.7381006,-6.332055],[-37.7403921,-6.3313285],[-37.7427417,-6.3288346],[-37.7479264,-6.3277856],[-37.7486989,-6.3279122],[-37.7567891,-6.3391607],[-37.7605896,-6.3441095],[-37.7624372,-6.3458112],[-37.7626591,-6.346587],[-37.7621604,-6.3487058]],[[-37.7303747,-6.4428086],[-37.735148,-6.432734],[-37.7364998,-6.4321733],[-37.7428679,-6.4327025],[-37.744028,-6.4324684],[-37.745073,-6.431589],[-37.7493283,-6.4251182],[-37.7492928,-6.4212524],[-37.747105,-6.415444],[-37.7471955,-6.4067106],[-37.749863,-6.398962],[-37.7500682,-6.392117],[-37.7524553,-6.387323],[-37.7526994,-6.3860489],[-37.7511853,-6.3771245],[-37.7457766,-6.3690357]],[[-37.7449894,-6.3583809],[-37.7450758,-6.3582066]],[[-37.7422526,-6.3343253],[-37.7374779,-6.3323442]],[[-37.7381006,-6.332055],[-37.7378301,-6.3323404]],[[-37.7375724,-6.3321283],[-37.7381006,-6.332055]],[[-37.7375453,-6.332111],[-37.7375724,-6.3321283]],[[-37.7375724,-6.3321283],[-37.7374779,-6.3323442]],[[-37.737384,-6.3321383],[-37.7375453,-6.332111]],[[-37.7373528,-6.3318962],[-37.7375453,-6.332111]],[[-37.7374779,-6.3323442],[-37.7373716,-6.3323002]],[[-37.737384,-6.3321383],[-37.7373528,-6.3318962]],[[-37.7373716,-6.3323002],[-37.737384,-6.3321383]],[[-37.7373716,-6.3323002],[-37.7370734,-6.3321538]],[[-37.7373528,-6.3318962],[-37.7239019,-6.3151872],[-37.7014189,-6.3043601],[-37.6989573,-6.3029078],[-37.693259,-6.2864643],[-37.6928365,-6.2818387],[-37.6860304,-6.2728485],[-37.684517,-6.2648693],[-37.6849414,-6.2516748],[-37.6847966,-6.2465449],[-37.6852237,-6.2454178],[-37.6876049,-6.2426228],[-37.6878261,-6.2417029],[-37.6884658,-6.2370001],[-37.6883283,-6.2283583],[-37.6893116,-6.219594],[-37.6878063,-6.2149032],[-37.687789,-6.2094537],[-37.6867285,-6.20166],[-37.6841653,-6.1984267],[-37.6823179,-6.1938998],[-37.6823539,-6.1918256],[-37.6802162,-6.1889319]],[[-37.7303747,-6.4428086],[-37.7302496,-6.4432112]],[[-37.7300715,-6.4431175],[-37.7303747,-6.4428086]],[[-37.7300715,-6.4431175],[-37.7302496,-6.4432112]],[[-37.7302496,-6.4432112],[-37.7302376,-6.4432883]],[[-37.7302376,-6.4432883],[-37.7302048,-6.4436769]],[[-37.7302376,-6.4432883],[-37.730055,-6.4433355]],[[-37.7302048,-6.4436769],[-37.730055,-6.4433355]],[[-37.730055,-6.4433355],[-37.7300715,-6.4431175]]]}},{"type":"Feature","properties":{"ref":"PB-327","jurisdicao":"estadual","tipo":"secondary","km":11.0},"geometry":{"type":"MultiLineString","coordinates":[[[-37.7933067,-6.5610331],[-37.7929111,-6.561147]],[[-37.7929111,-6.561147],[-37.7932717,-6.5609713]],[[-37.7929111,-6.561147],[-37.7857643,-6.5635838],[-37.7835113,-6.5638303],[-37.7820344,-6.56251],[-37.7813092,-6.5623714],[-37.7791473,-6.5608938],[-37.7771551,-6.5604282],[-37.7746238,-6.5591978],[-37.7711087,-6.5571487],[-37.7691843,-6.5556172],[-37.7667894,-6.5548091],[-37.7636576,-6.5554166],[-37.7627248,-6.5544061],[-37.7613167,-6.5539244],[-37.759075,-6.5515722],[-37.7520557,-6.5510139],[-37.750901,-6.5501785],[-37.7489765,-6.5495097],[-37.7468951,-6.5478496],[-37.7440352,-6.5470608],[-37.7420698,-6.5458644],[-37.7395807,-6.5453328],[-37.7383402,-6.5442162],[-37.7374041,-6.5443375],[-37.7365847,-6.5451775],[-37.7354655,-6.5457165],[-37.7324957,-6.5455366],[-37.7291429,-6.54448],[-37.7257606,-6.5446213],[-37.7220525,-6.5438099],[-37.721272,-6.5434621],[-37.7199689,-6.5418928]],[[-37.7199689,-6.5418928],[-37.7119566,-6.5416375],[-37.7122241,-6.5411973],[-37.7129097,-6.5417776],[-37.7199689,-6.5418928]]]}},{"type":"Feature","properties":{"ref":"PB-331","jurisdicao":"estadual","tipo":"secondary","km":6.8},"geometry":{"type":"LineString","coordinates":[[-37.778661,-6.2900296],[-37.7773085,-6.2949251],[-37.7766019,-6.2964514],[-37.7765692,-6.2978006],[-37.7756403,-6.299152],[-37.7757322,-6.3017528],[-37.7739603,-6.3023319],[-37.773617,-6.3036823],[-37.7730212,-6.3031271],[-37.7717203,-6.3031377],[-37.7706595,-6.3050319],[-37.7716385,-6.3071914],[-37.7715848,-6.3110837],[-37.7719737,-6.3114323],[-37.7737554,-6.3115765],[-37.7740719,-6.3123543],[-37.7740136,-6.3136576],[-37.7733149,-6.3143414],[-37.772816,-6.3157691],[-37.7715848,-6.3165409],[-37.7693667,-6.3198706],[-37.7673945,-6.3221756],[-37.7643174,-6.323263],[-37.7623983,-6.3250357],[-37.7583374,-6.3274397],[-37.7544006,-6.3326528],[-37.7535624,-6.3346448]]}},{"type":"Feature","properties":{"ref":"PB-337","jurisdicao":"estadual","tipo":"secondary","km":31.6},"geometry":{"type":"MultiLineString","coordinates":[[[-37.9141235,-6.5884868],[-37.9179421,-6.5860941],[-37.9195195,-6.5827824],[-37.9223816,-6.5813285],[-37.9234387,-6.5790829],[-37.9236175,-6.5763366],[-37.9246746,-6.5703431],[-37.9265935,-6.5640911],[-37.9268049,-6.5608762],[-37.9268567,-6.557628],[-37.9251824,-6.5547458],[-37.9250198,-6.5505615],[-37.9255239,-6.5489621],[-37.9295646,-6.5439881],[-37.9311052,-6.5415393],[-37.9303904,-6.5382824],[-37.9318911,-6.5316465],[-37.9339028,-6.5289401],[-37.9491601,-6.4989285],[-37.9502355,-6.4929509],[-37.9508769,-6.4914418],[-37.9507499,-6.4851527],[-37.9445628,-6.4736678],[-37.9348846,-6.4685053],[-37.9344007,-6.4679991],[-37.9308531,-6.4492386],[-37.931374,-6.4488633],[-37.9308736,-6.4480312]],[[-37.9141235,-6.5884868],[-37.9128467,-6.5892022],[-37.9111395,-6.5892402]],[[-37.9111395,-6.5892402],[-37.9128648,-6.5891449],[-37.9141235,-6.5884868]],[[-37.8059831,-6.6182938],[-37.8182759,-6.6187508],[-37.8227591,-6.6197617],[-37.8275929,-6.6203189],[-37.8309086,-6.6201233],[-37.8337383,-6.6174363],[-37.8433503,-6.6157064],[-37.8440071,-6.615368],[-37.8449686,-6.6140047],[-37.8471903,-6.6092219],[-37.8491533,-6.6062701],[-37.8561588,-6.5997225],[-37.8742316,-6.5940895],[-37.8781503,-6.5922804],[-37.8803444,-6.5921551],[-37.8865725,-6.590226],[-37.8913951,-6.5899303],[-37.8979625,-6.5884981],[-37.9111395,-6.5892402]],[[-37.8059831,-6.6182938],[-37.8055376,-6.6182794],[-37.8059831,-6.6182938]]]}},{"type":"Feature","properties":{"ref":"PB-338","jurisdicao":"estadual","tipo":"secondary","km":12.4},"geometry":{"type":"MultiLineString","coordinates":[[[-37.959106,-6.7445826],[-37.9586521,-6.7448855]],[[-37.9586521,-6.7448855],[-37.9585873,-6.7444817]],[[-37.9586521,-6.7448855],[-37.9561731,-6.7504688],[-37.9553993,-6.7530298],[-37.9550231,-6.7533874],[-37.9530872,-6.7538635],[-37.9523149,-6.7551796],[-37.9522356,-6.7571011],[-37.951842,-6.7580527],[-37.9491873,-6.759497],[-37.9469872,-6.7616465],[-37.9475626,-6.7662071],[-37.9469437,-6.7692577],[-37.9468954,-6.7719583],[-37.9477228,-6.7744607],[-37.9472029,-6.7761358],[-37.9461759,-6.7769004],[-37.9417309,-6.7773584],[-37.9359399,-6.7789713],[-37.9354094,-6.7797249],[-37.9344325,-6.7830736],[-37.932048,-6.7862571],[-37.930787,-6.7890766],[-37.9307582,-6.7900275],[-37.9330406,-6.7945245],[-37.934783,-6.7962975],[-37.934999,-6.7970768],[-37.9341278,-6.8030251],[-37.9333142,-6.8055988],[-37.9319822,-6.8088231],[-37.9297286,-6.8104174],[-37.9296062,-6.811311],[-37.929923,-6.8116399],[-37.9346177,-6.8130461]],[[-37.9346177,-6.8130461],[-37.9439632,-6.8158586],[-37.9346177,-6.8130461]]]}},{"type":"Feature","properties":{"ref":"PB-342","jurisdicao":"estadual","tipo":"primary","km":27.7},"geometry":{"type":"MultiLineString","coordinates":[[[-37.9657064,-7.2149728],[-37.9710396,-7.206745],[-37.9692275,-7.1992449],[-37.9702193,-7.1948564],[-37.9709119,-7.1945035],[-37.978436,-7.1936359],[-37.9798451,-7.1932055],[-37.9900709,-7.1765062],[-37.9882891,-7.1664403],[-37.9884339,-7.1656479],[-37.9901017,-7.1632949],[-37.9901902,-7.1627177],[-37.9899328,-7.1619992],[-37.9821833,-7.1543474],[-37.9820951,-7.1534041],[-37.9844375,-7.1443141],[-37.9829419,-7.1325932],[-37.9804367,-7.1292079],[-37.9784291,-7.120695],[-37.9762492,-7.1201151],[-37.9722506,-7.1146036],[-37.9729286,-7.1059316],[-37.9799721,-7.0969742],[-37.9801438,-7.0964078],[-37.9774616,-7.0930221],[-37.9764745,-7.0839723],[-37.976571,-7.0818557],[-37.9771826,-7.0799605],[-37.9773318,-7.0739809],[-37.9755618,-7.069519],[-37.9770799,-7.0674375],[-37.9773307,-7.0611767],[-37.9770047,-7.0602775],[-37.9754502,-7.0591257],[-37.9752061,-7.058586],[-37.9755239,-7.0580383],[-37.9772723,-7.0571376],[-37.9775208,-7.05636],[-37.9714,-7.05229],[-37.9697062,-7.0494337],[-37.9703298,-7.0452638],[-37.9693508,-7.0428068],[-37.9694809,-7.040049],[-37.9702668,-7.0392623],[-37.9730523,-7.0390055],[-37.9737617,-7.0385729],[-37.9735605,-7.0354357],[-37.974494,-7.033193],[-37.9740861,-7.0327896],[-37.9672936,-7.0303652],[-37.9648688,-7.0308317],[-37.9640159,-7.0304125],[-37.963171,-7.0259349],[-37.9647522,-7.024882],[-37.9652544,-7.0226612],[-37.9639944,-7.0217288],[-37.9610219,-7.0206626],[-37.9604499,-7.0175067],[-37.9594585,-7.0159951]],[[-37.9597156,-7.0154],[-37.9594585,-7.0159951]],[[-37.9594585,-7.0159951],[-37.958976,-7.0153557]]]}},{"type":"Feature","properties":{"ref":"PB-348","jurisdicao":"estadual","tipo":"primary","km":44.5},"geometry":{"type":"MultiLineString","coordinates":[[[-38.3150769,-6.8356596],[-38.3147873,-6.8357555]],[[-38.3147873,-6.8357555],[-38.3150437,-6.8352849]],[[-38.3147873,-6.8357555],[-38.3129309,-6.8394335],[-38.3130758,-6.8407544],[-38.3127044,-6.8420947],[-38.313501,-6.8439992],[-38.3133408,-6.8448367],[-38.3096977,-6.84585],[-38.3090687,-6.8472927],[-38.3066909,-6.8484485],[-38.2982419,-6.8490763],[-38.2974031,-6.8496489]],[[-38.2974031,-6.8496489],[-38.2972034,-6.8503866],[-38.2966313,-6.8505057]],[[-38.2969883,-6.8500267],[-38.2974031,-6.8496489]],[[-38.2966313,-6.8505057],[-38.2968614,-6.8501892]],[[-38.2966313,-6.8505057],[-38.2946344,-6.8520064],[-38.2902913,-6.8523836],[-38.2889146,-6.8535281],[-38.2851468,-6.8550891],[-38.2826947,-6.8568281],[-38.2805522,-6.8609369],[-38.2759708,-6.8620046],[-38.2744673,-6.86336],[-38.273771,-6.8636049],[-38.2687588,-6.8613601],[-38.2679531,-6.861397],[-38.2662484,-6.86234],[-38.2640977,-6.861382],[-38.2586302,-6.8642022],[-38.2553748,-6.8640176],[-38.2523983,-6.8628845],[-38.2492177,-6.8609668],[-38.2478508,-6.8588713],[-38.2472925,-6.8585525],[-38.2439738,-6.8579824],[-38.2427151,-6.8573391],[-38.2402455,-6.8580847],[-38.2388662,-6.8574475],[-38.2373277,-6.8574252],[-38.2359228,-6.858897],[-38.2341444,-6.8587382],[-38.2326635,-6.8590435],[-38.2299965,-6.8611484],[-38.2299759,-6.8620497],[-38.2309383,-6.8636557],[-38.2309712,-6.8643259],[-38.2294287,-6.865891],[-38.2268657,-6.8663834],[-38.2265822,-6.8669582],[-38.2267571,-6.8683353],[-38.2264203,-6.8687291],[-38.2220184,-6.8691866],[-38.2212443,-6.8690055],[-38.217315,-6.8664629],[-38.2158687,-6.8647759],[-38.2134921,-6.8643463],[-38.2108134,-6.865487],[-38.2100557,-6.8655175],[-38.2066688,-6.8647193],[-38.2052138,-6.8636753],[-38.2032182,-6.8633067],[-38.2003808,-6.8622227],[-38.1966009,-6.8647093],[-38.1964214,-6.8657205],[-38.1972001,-6.8675207],[-38.1958582,-6.8711251],[-38.1943099,-6.872108],[-38.1938388,-6.8740274],[-38.1918463,-6.8772793],[-38.1912967,-6.877693],[-38.1882197,-6.8780405],[-38.1846293,-6.8754136],[-38.1837132,-6.8752211],[-38.1830289,-6.8754971],[-38.1809063,-6.8776416],[-38.1774368,-6.8782151],[-38.1750393,-6.8778086],[-38.1726127,-6.8781677],[-38.168183,-6.8833009],[-38.1667085,-6.8868252],[-38.1672551,-6.8913844],[-38.1672844,-6.8990688],[-38.1669465,-6.9030111],[-38.1657435,-6.9050907],[-38.1653492,-6.9064434],[-38.1642683,-6.9076948],[-38.1649657,-6.9091554],[-38.1653787,-6.9132586],[-38.1674078,-6.9155219],[-38.1680489,-6.9181127],[-38.1707418,-6.9195772],[-38.1724021,-6.9228269],[-38.1713346,-6.926986],[-38.16825,-6.9300667],[-38.1679738,-6.9324816],[-38.1686282,-6.934878],[-38.1668875,-6.9401019],[-38.1634583,-6.9419837],[-38.1586035,-6.9421261],[-38.1559803,-6.9434181],[-38.1513409,-6.9434077],[-38.1493968,-6.9443274],[-38.1461674,-6.9431119],[-38.1422138,-6.9436045],[-38.138617,-6.9407822],[-38.135802,-6.9408741],[-38.135279,-6.9414039],[-38.1343134,-6.9459782],[-38.1300664,-6.9520431],[-38.1294915,-6.9550433],[-38.1288405,-6.95551],[-38.1271878,-6.9558007],[-38.1237322,-6.9578405],[-38.1207904,-6.961431],[-38.1205095,-6.9630424],[-38.1215947,-6.9662037],[-38.1214545,-6.9668791],[-38.1154344,-6.971132],[-38.1127404,-6.9721696],[-38.1117859,-6.973983],[-38.1095254,-6.9751234],[-38.1039772,-6.9797055],[-38.1015177,-6.9806239],[-38.0972278,-6.9804268],[-38.0943646,-6.9823015],[-38.088124,-6.9845392],[-38.0868033,-6.9865891],[-38.0837546,-6.9883964],[-38.0803174,-6.9892],[-38.0779565,-6.9883487],[-38.0760974,-6.988526],[-38.0742306,-6.9899197],[-38.0697191,-6.9915078],[-38.0666506,-6.991372],[-38.0646899,-6.9918272],[-38.0616456,-6.9952163],[-38.059862,-6.9950858],[-38.0585423,-6.9953467],[-38.0571073,-6.9964449],[-38.0560572,-6.9966605]]]}},{"type":"Feature","properties":{"ref":"PB-354","jurisdicao":"estadual","tipo":"secondary","km":5.9},"geometry":{"type":"LineString","coordinates":[[-37.9960294,-7.4475724],[-38.0034813,-7.4515325],[-38.0051214,-7.4526841],[-38.0094954,-7.4577385],[-38.0258479,-7.4677541],[-38.0295093,-7.4732354],[-38.0380642,-7.4786476]]}},{"type":"Feature","properties":{"ref":"PB-356","jurisdicao":"estadual","tipo":"secondary","km":66.3},"geometry":{"type":"MultiLineString","coordinates":[[[-38.1406944,-7.330087],[-38.1362902,-7.3323123],[-38.1324399,-7.3385679],[-38.1299836,-7.3416487],[-38.1290752,-7.344895],[-38.1275654,-7.3461989],[-38.1260606,-7.3492241],[-38.1214857,-7.3529277],[-38.1203055,-7.3542684],[-38.1172032,-7.3565041],[-38.1150323,-7.3587268],[-38.1116045,-7.3717611],[-38.1117069,-7.3727619],[-38.1126398,-7.374868],[-38.1124613,-7.3759868],[-38.1094587,-7.3783314],[-38.1080445,-7.3811146],[-38.1077367,-7.3831992],[-38.1051886,-7.3851197],[-38.1028893,-7.3882478],[-38.1007952,-7.39236],[-38.1001782,-7.3949029],[-38.099218,-7.3967914],[-38.0942184,-7.4018239],[-38.0904606,-7.4095613],[-38.0858392,-7.4119365],[-38.0820465,-7.4150911],[-38.0792207,-7.4162954],[-38.0775216,-7.4165832],[-38.0758305,-7.417812],[-38.0734192,-7.4185554],[-38.0719011,-7.4202709],[-38.0685565,-7.4229262],[-38.068627,-7.4254345]],[[-38.070464,-7.4329124],[-38.0706312,-7.43245],[-38.06895,-7.428258]],[[-38.0691339,-7.4282846],[-38.0707391,-7.4324499],[-38.070464,-7.4329124]],[[-38.070464,-7.4329124],[-38.0691826,-7.4352039],[-38.0697868,-7.4376121],[-38.0690124,-7.4400942],[-38.0686033,-7.4405577],[-38.0665406,-7.4413855],[-38.0660471,-7.4431322],[-38.0644417,-7.4427778],[-38.0613004,-7.4412472],[-38.0561927,-7.4433503],[-38.0554095,-7.4443955],[-38.0547631,-7.4446854],[-38.0517268,-7.4438237],[-38.0497205,-7.4420178],[-38.0460993,-7.4414815],[-38.0444393,-7.4405284],[-38.0402258,-7.4412112],[-38.0379361,-7.4421807],[-38.0316042,-7.4415165],[-38.0307893,-7.4417113],[-38.0273616,-7.4451774],[-38.0276567,-7.4468423],[-38.0273496,-7.4476947],[-38.0240336,-7.4499563],[-38.0232858,-7.4513969],[-38.0214085,-7.452099],[-38.0175016,-7.452499],[-38.0167951,-7.4528862],[-38.0159381,-7.4546475],[-38.015002,-7.4553942],[-38.0141406,-7.4569982],[-38.0136799,-7.4597736]],[[-38.0136799,-7.4597736],[-38.013462,-7.4601094]],[[-38.013462,-7.4601094],[-38.0136799,-7.4597736]],[[-38.013462,-7.4601094],[-38.0094954,-7.4577385],[-38.0049216,-7.4525185],[-38.0020013,-7.4506362],[-37.9960294,-7.4475724],[-37.9944871,-7.4486642],[-37.9925982,-7.4490591],[-37.9917238,-7.4499128],[-37.9902372,-7.4502293],[-37.9874691,-7.4517054],[-37.98646,-7.4538549],[-37.9843269,-7.4545478],[-37.982843,-7.4557419],[-37.982039,-7.4570869],[-37.9829389,-7.4588768],[-37.9821751,-7.4599938],[-37.9789833,-7.4609333],[-37.9773438,-7.4609539],[-37.9759946,-7.4605895],[-37.9741225,-7.45943],[-37.9733312,-7.4607837],[-37.971919,-7.4615483],[-37.9720639,-7.464003],[-37.9714376,-7.4651346],[-37.9702775,-7.4655727],[-37.970484,-7.4664829],[-37.9711144,-7.4671106],[-37.9731756,-7.4680241],[-37.9736987,-7.467828],[-37.9743129,-7.4664364],[-37.9742116,-7.4655601],[-37.9747273,-7.4653261],[-37.9786581,-7.4646153],[-37.9797095,-7.4658101],[-37.9813067,-7.4660259],[-37.9823314,-7.4675467],[-37.9809074,-7.4712636],[-37.9811592,-7.4757444],[-37.982037,-7.4764658],[-37.9847038,-7.4758674],[-37.9866135,-7.4775595],[-37.9868603,-7.4831761],[-37.9860869,-7.4855937],[-37.9874396,-7.488282],[-37.9872841,-7.4926221],[-37.9877025,-7.4965099],[-37.9871952,-7.4995998],[-37.9848763,-7.5037168],[-37.9839117,-7.5066679],[-37.9828724,-7.5081886],[-37.9810241,-7.5085484],[-37.9807301,-7.5091121],[-37.9781472,-7.5102531],[-37.9771015,-7.5111376],[-37.9709628,-7.5111147],[-37.9690756,-7.5122968],[-37.9684264,-7.514216],[-37.9686983,-7.5145945],[-37.9697499,-7.5144992],[-37.9701936,-7.5148485],[-37.9704452,-7.517422],[-37.9700663,-7.5181429],[-37.9670894,-7.5172835],[-37.9663768,-7.5179591],[-37.9654171,-7.5179301],[-37.9637587,-7.5190694],[-37.9606072,-7.5185839],[-37.9577985,-7.5225143],[-37.9545333,-7.5219463],[-37.9528418,-7.5228706],[-37.9514685,-7.5232163],[-37.9511735,-7.5238066],[-37.9516341,-7.5254339],[-37.9512145,-7.5260654],[-37.9487158,-7.5261341],[-37.9466709,-7.5255205],[-37.9461195,-7.5258147],[-37.9457125,-7.5269391],[-37.9440308,-7.5263487],[-37.942568,-7.526482],[-37.9426578,-7.5270063],[-37.9453373,-7.5285129],[-37.9477293,-7.5304331],[-37.9483915,-7.5315285],[-37.9478127,-7.5335681],[-37.9484382,-7.5344592],[-37.9482956,-7.5351776],[-37.9486951,-7.5360038],[-37.9469837,-7.5376401],[-37.9459136,-7.5379793],[-37.9409965,-7.537201],[-37.9392845,-7.538099],[-37.9377055,-7.5394055],[-37.9345639,-7.5398433],[-37.9313252,-7.5395143],[-37.928694,-7.5387843],[-37.9259955,-7.5385662],[-37.9227461,-7.5369112],[-37.9187077,-7.5354062],[-37.9150922,-7.5328755],[-37.9106051,-7.5318637],[-37.9094653,-7.5329776],[-37.9076176,-7.5335392],[-37.9050234,-7.5350536],[-37.904904,-7.5378874],[-37.9058273,-7.53914],[-37.9070565,-7.5399176],[-37.9068421,-7.5415209],[-37.9074246,-7.5435156],[-37.9089904,-7.5453476],[-37.9110552,-7.5459571],[-37.9117906,-7.5474269],[-37.9118821,-7.5505744],[-37.9103914,-7.5534143],[-37.910357,-7.5553468],[-37.9109569,-7.5569625],[-37.9122022,-7.5588108],[-37.9124598,-7.5605601],[-37.9134812,-7.562756],[-37.9159492,-7.5661291],[-37.9172773,-7.5716088],[-37.9195083,-7.5737186],[-37.9195713,-7.5743579],[-37.9183161,-7.5765409],[-37.9186759,-7.5811915],[-37.9174966,-7.5836232],[-37.9157114,-7.5848783],[-37.9160471,-7.587341],[-37.9158456,-7.5881633],[-37.9123664,-7.5899811],[-37.9117754,-7.5907668],[-37.9099091,-7.5915742],[-37.9084812,-7.5932748],[-37.9060666,-7.5934146],[-37.9046026,-7.5918028],[-37.9017779,-7.5898223],[-37.8992726,-7.590697],[-37.8952535,-7.5945491],[-37.8954813,-7.5963519],[-37.8946155,-7.5969983],[-37.8942099,-7.5979924],[-37.8942812,-7.602371],[-37.8935248,-7.6046682],[-37.8930554,-7.6053567],[-37.8896355,-7.60734],[-37.8887236,-7.6099402],[-37.8871759,-7.6114848],[-37.8872108,-7.6153942],[-37.8884218,-7.6191055],[-37.8883843,-7.6197967],[-37.8860025,-7.6248585],[-37.8834853,-7.6263353],[-37.8809613,-7.6285365],[-37.8812711,-7.6306593],[-37.8791062,-7.6365154]]]}},{"type":"Feature","properties":{"ref":"PB-359","jurisdicao":"estadual","tipo":"secondary","km":41.4},"geometry":{"type":"MultiLineString","coordinates":[[[-38.0956182,-6.6211225],[-38.0946167,-6.6187825],[-38.0948085,-6.6186673]],[[-38.0948085,-6.6186673],[-38.0956182,-6.6211225]],[[-38.0844726,-6.78608],[-38.0840177,-6.7835714],[-38.0824475,-6.7818904],[-38.0820141,-6.7804494],[-38.0833498,-6.7558278],[-38.0836397,-6.7550169],[-38.0859677,-6.752493],[-38.0854221,-6.747355],[-38.0873707,-6.7422661],[-38.0851927,-6.7347305],[-38.082057,-6.728488],[-38.081145,-6.724535],[-38.0812738,-6.7232244],[-38.0832774,-6.7167307],[-38.0842242,-6.7105772],[-38.0835161,-6.7048979],[-38.0841277,-6.7024472],[-38.0882368,-6.6973325],[-38.0935261,-6.6840021],[-38.0937085,-6.6828406],[-38.092464,-6.6799848],[-38.0922387,-6.6784717],[-38.0944998,-6.6697709],[-38.0955539,-6.662839],[-38.0962942,-6.6609422],[-38.098802,-6.6566743],[-38.0995986,-6.654463],[-38.1029997,-6.6493798],[-38.1040661,-6.645665],[-38.1039225,-6.6447325],[-38.1021115,-6.6412004],[-38.099596,-6.6274959],[-38.0968389,-6.6239293],[-38.0956182,-6.6211225]],[[-38.0948085,-6.6186673],[-38.0976489,-6.6175483],[-38.1004331,-6.617471],[-38.1020692,-6.615891],[-38.1032963,-6.6156992],[-38.1048665,-6.6161776],[-38.106272,-6.6153197],[-38.1062827,-6.613849],[-38.1051739,-6.6116947],[-38.1051403,-6.6109833],[-38.1059128,-6.6083402],[-38.1074055,-6.6066323],[-38.1074819,-6.6040012],[-38.1089349,-6.6029446],[-38.1103653,-6.6002631],[-38.1103386,-6.5988219],[-38.1073277,-6.5866796],[-38.1079499,-6.5825136],[-38.10716,-6.5801662],[-38.1053482,-6.5768115],[-38.1049767,-6.5711213],[-38.1044376,-6.5703726],[-38.1009015,-6.5675231],[-38.0942047,-6.5656998],[-38.0912719,-6.5638348],[-38.08455,-6.5617061],[-38.0812507,-6.559703],[-38.0769403,-6.5582787],[-38.0751189,-6.5565592],[-38.0728529,-6.5529549],[-38.0685378,-6.5491424],[-38.066419,-6.5450394],[-38.0536542,-6.53608],[-38.0529934,-6.5300487],[-38.0507309,-6.5268103],[-38.0472089,-6.5149491],[-38.0439168,-6.5100184],[-38.0406501,-6.4969822],[-38.0380604,-6.4936052],[-38.0347348,-6.4906726],[-38.0337307,-6.4880228],[-38.0303035,-6.4820323],[-38.0304336,-6.480574],[-38.0320981,-6.4784791],[-38.0331867,-6.4758456]]]}},{"type":"Feature","properties":{"ref":"PB-364","jurisdicao":"estadual","tipo":"secondary","km":26.5},"geometry":{"type":"MultiLineString","coordinates":[[[-38.1288493,-7.1591388],[-38.1324699,-7.1469954],[-38.1356692,-7.142548],[-38.1343925,-7.1398654],[-38.1326239,-7.137134],[-38.1321046,-7.1343349],[-38.1311256,-7.1324772],[-38.1313375,-7.1318092],[-38.1326786,-7.1308245],[-38.1322441,-7.1293367],[-38.1328797,-7.1236784],[-38.1361252,-7.1218606],[-38.1408942,-7.1216516],[-38.1429476,-7.1199335],[-38.1444548,-7.1193694],[-38.1459582,-7.1174251],[-38.1487182,-7.1164869],[-38.150809,-7.1153757],[-38.1552373,-7.1152613],[-38.1589066,-7.1159067],[-38.1597836,-7.1091091],[-38.1608579,-7.1069824],[-38.1597823,-7.1042643],[-38.1597608,-7.1012334],[-38.1626395,-7.099179],[-38.1632008,-7.0964995],[-38.1679469,-7.093625],[-38.1712379,-7.093308],[-38.1726799,-7.0925674]],[[-38.1288493,-7.1591388],[-38.1288845,-7.1594689]],[[-38.128703,-7.1594111],[-38.1288493,-7.1591388]],[[-38.1287356,-7.159653],[-38.128434,-7.159722]],[[-38.128434,-7.159722],[-38.1286389,-7.1594916]],[[-38.0080893,-7.2229011],[-38.0082422,-7.2219192],[-38.0087572,-7.2213152],[-38.128434,-7.159722]],[[-38.0080893,-7.2229011],[-38.008066,-7.2236583]],[[-38.0079945,-7.223651],[-38.0080893,-7.2229011]]]}},{"type":"Feature","properties":{"ref":"PB-366","jurisdicao":"estadual","tipo":"primary","km":133.5},"geometry":{"type":"MultiLineString","coordinates":[[[-38.51521,-7.1206965],[-38.5159076,-7.1234747],[-38.5169384,-7.1242576],[-38.5200111,-7.1253269],[-38.5239066,-7.1251429],[-38.5266113,-7.1246378],[-38.5305052,-7.1252314],[-38.5358177,-7.125182],[-38.5385407,-7.1255357],[-38.547073,-7.1198174],[-38.5512488,-7.1190413],[-38.5535522,-7.1189896],[-38.5573286,-7.1199895],[-38.5604981,-7.1186866],[-38.5623261,-7.1189374],[-38.5647891,-7.1198218],[-38.5666734,-7.1196342],[-38.5680816,-7.118338],[-38.5688393,-7.1166373],[-38.5706431,-7.1150311],[-38.5744625,-7.1135991],[-38.5761456,-7.113301],[-38.5831241,-7.1159759],[-38.5842949,-7.1173346],[-38.5867156,-7.1182648],[-38.591297,-7.1165884],[-38.5935866,-7.1166287],[-38.5959119,-7.1175169],[-38.6033793,-7.1160537],[-38.6052865,-7.1160837],[-38.6060643,-7.116801],[-38.6107622,-7.1257636],[-38.6124144,-7.1273845],[-38.6142048,-7.1278809],[-38.6315373,-7.1300473],[-38.6330795,-7.1296587],[-38.6342336,-7.1289677],[-38.6375268,-7.1261716],[-38.6404023,-7.1224551],[-38.6405919,-7.1218934],[-38.6403697,-7.121146],[-38.6380993,-7.1192602],[-38.6377976,-7.1162008],[-38.6380792,-7.1156898],[-38.6430882,-7.1118465],[-38.6441852,-7.1106155],[-38.6450059,-7.1106311],[-38.6481079,-7.1117214],[-38.6517812,-7.1113102],[-38.6543897,-7.1125692],[-38.6594639,-7.1126067],[-38.6659507,-7.1152308]],[[-38.51521,-7.1206965],[-38.5150885,-7.1201923]],[[-38.5150885,-7.1201923],[-38.51521,-7.1206965]],[[-38.494121,-7.1252547],[-38.4939688,-7.1239392],[-38.4943222,-7.1232392],[-38.5009534,-7.1192102],[-38.501203,-7.1196582],[-38.5025378,-7.1189635],[-38.5133013,-7.1204894],[-38.5150885,-7.1201923]],[[-38.4941463,-7.1254218],[-38.4938628,-7.1254662]],[[-38.4938628,-7.1254662],[-38.4941404,-7.1253824]],[[-38.0564153,-6.9969467],[-38.0570928,-6.9988656],[-38.0632971,-7.0011303],[-38.0653212,-7.0033387],[-38.0691853,-7.0033653],[-38.0705103,-7.00414],[-38.0726607,-7.0037953],[-38.0779441,-7.0060408],[-38.0880687,-7.008516],[-38.0892972,-7.0121765],[-38.0887165,-7.0229707],[-38.0881593,-7.0253938],[-38.0910359,-7.0287959],[-38.0916803,-7.0289157],[-38.095471,-7.0280393],[-38.1055883,-7.0301323],[-38.1060939,-7.0306986],[-38.1055896,-7.0333747],[-38.1058954,-7.0340761],[-38.1151047,-7.0382089],[-38.1238575,-7.0404563],[-38.1280913,-7.0422764],[-38.1342468,-7.0434887],[-38.1438032,-7.0463513],[-38.1588911,-7.0614329],[-38.1660359,-7.0782859],[-38.1668204,-7.0787972],[-38.168985,-7.0791965],[-38.16939,-7.0796763],[-38.1703636,-7.083798],[-38.1714123,-7.0850563],[-38.1713698,-7.086327],[-38.1719287,-7.0868071],[-38.1717322,-7.0874938],[-38.1708518,-7.0881476],[-38.1710727,-7.0906941],[-38.1726918,-7.0916773],[-38.1726799,-7.0925674],[-38.1817043,-7.0947138],[-38.1834843,-7.0978644],[-38.1857856,-7.0992245],[-38.1894261,-7.0994447],[-38.1938638,-7.0990209],[-38.1986408,-7.1007243],[-38.2019661,-7.1011508],[-38.2024831,-7.1009805],[-38.204256,-7.0992311],[-38.2055663,-7.0991526],[-38.2060068,-7.0994807],[-38.206564,-7.1010816],[-38.2087755,-7.1025595],[-38.2100207,-7.1026733],[-38.2120559,-7.1015022],[-38.2134171,-7.0968909],[-38.2140145,-7.0965282],[-38.2166062,-7.0963692],[-38.2194172,-7.0978664],[-38.2247642,-7.0990295],[-38.2270518,-7.1005131],[-38.2296639,-7.0999305],[-38.2306422,-7.0990941],[-38.2312223,-7.0990781],[-38.2344275,-7.0992478],[-38.2364331,-7.1003736],[-38.2418002,-7.1008993],[-38.2436711,-7.1018974],[-38.2463533,-7.105122],[-38.2495451,-7.1067748],[-38.2502116,-7.1068813],[-38.2521381,-7.1057834],[-38.2530387,-7.1059005],[-38.2561179,-7.1082813],[-38.2582851,-7.1086433],[-38.2616848,-7.1083904],[-38.2619382,-7.1062731],[-38.2636897,-7.1034438],[-38.2664631,-7.1022993],[-38.269543,-7.1034112],[-38.2718651,-7.1046376],[-38.2743394,-7.1042942],[-38.2790145,-7.1082414],[-38.280986,-7.1096747],[-38.2821326,-7.1101205],[-38.2837728,-7.1091383],[-38.2849637,-7.1092182],[-38.2870115,-7.1083851],[-38.2899781,-7.10794],[-38.2932195,-7.105999],[-38.2962611,-7.105617],[-38.2970953,-7.1057501],[-38.2988226,-7.1072779],[-38.3035219,-7.1084676],[-38.3058822,-7.1105011],[-38.3075532,-7.1110121],[-38.3085242,-7.1103999],[-38.3099914,-7.1060855],[-38.3103561,-7.1057634],[-38.3132368,-7.1070011],[-38.315168,-7.108425],[-38.3161551,-7.1087923],[-38.3199155,-7.1088775],[-38.3211574,-7.107041],[-38.3218333,-7.1066497],[-38.3254758,-7.1068999],[-38.3265486,-7.1065912],[-38.3278307,-7.1068281],[-38.3329886,-7.1092475],[-38.3339362,-7.1093496],[-38.3351746,-7.1088748],[-38.340008,-7.1101444],[-38.3402333,-7.110384],[-38.3399892,-7.1112862],[-38.3405176,-7.1116908],[-38.3426285,-7.1107896],[-38.3426178,-7.1126277],[-38.3444122,-7.1141048],[-38.3451909,-7.1170479],[-38.3451089,-7.1181519],[-38.3468755,-7.1194781],[-38.3476895,-7.1196888],[-38.34936,-7.1195835],[-38.3511155,-7.1187882],[-38.3529983,-7.1191058],[-38.3578116,-7.1188319],[-38.3589025,-7.1197596],[-38.3596223,-7.1199598],[-38.3615831,-7.1194463],[-38.3631387,-7.1195549],[-38.3638636,-7.1192094],[-38.3675195,-7.1196247],[-38.3681248,-7.118524],[-38.3688383,-7.1182432],[-38.3705684,-7.1192812],[-38.3728574,-7.1193474],[-38.3756205,-7.1202242],[-38.3791671,-7.1201223],[-38.3807369,-7.1193918],[-38.3866914,-7.1204793],[-38.3884504,-7.120328],[-38.389775,-7.1206105],[-38.3905811,-7.1203155],[-38.3938973,-7.1208618],[-38.3979461,-7.1203771],[-38.4002112,-7.1197591],[-38.402724,-7.1178837],[-38.4041043,-7.1174623],[-38.4089035,-7.117378],[-38.41211,-7.1165632],[-38.4141981,-7.1171532],[-38.4183273,-7.116506],[-38.4224303,-7.11768],[-38.4238459,-7.117385],[-38.4277461,-7.1173709],[-38.4310305,-7.1166405],[-38.4319366,-7.1183894],[-38.4328851,-7.1193938],[-38.4341946,-7.1200962],[-38.4363925,-7.123285],[-38.4367181,-7.12299],[-38.4395495,-7.122695],[-38.4405677,-7.1230854],[-38.4445799,-7.1224709],[-38.4463252,-7.1230544],[-38.4471606,-7.124214],[-38.4492329,-7.1252673],[-38.4533152,-7.1257464],[-38.4550789,-7.1267107],[-38.4586588,-7.1264856],[-38.4633118,-7.1236717],[-38.4653731,-7.1234002],[-38.4698255,-7.1240477],[-38.4708146,-7.1246225],[-38.4736678,-7.123685],[-38.4750853,-7.123548],[-38.4806751,-7.1250178],[-38.4835061,-7.1238407],[-38.489242,-7.1261476],[-38.4938628,-7.1254662]],[[-38.0564153,-6.9969467],[-38.0565025,-6.9965727]],[[-37.9481581,-7.0158648],[-37.950747,-7.0156738],[-37.9526581,-7.0150389],[-37.966159,-7.0158456],[-37.9678461,-7.0164778],[-37.9699717,-7.0167653],[-37.9806092,-7.0194652],[-37.9843269,-7.022409],[-37.9857163,-7.0211764],[-37.9870749,-7.0209049],[-37.9876354,-7.0202793],[-37.9874074,-7.016342],[-37.9877789,-7.0135734],[-37.9887995,-7.012454],[-37.9882162,-7.0089067],[-37.9888572,-7.0066066],[-37.9917124,-7.0052928],[-37.9975006,-7.0054205],[-37.998713,-7.0050239],[-38.000396,-7.0027051],[-38.0014649,-7.0017707],[-38.0018164,-6.9982382],[-38.0034806,-6.996522],[-38.0075456,-6.9976099],[-38.0114697,-6.9969976],[-38.0156459,-6.9990156],[-38.0179741,-7.002125],[-38.0198945,-7.0024764],[-38.0207099,-7.0018588],[-38.0217506,-7.000336],[-38.0254895,-6.9983085],[-38.0272438,-6.9981104],[-38.0285499,-6.9988635],[-38.0305642,-6.9990233],[-38.0322084,-6.9995783],[-38.0341865,-6.9985135],[-38.0350891,-6.9975937],[-38.0385786,-6.9952562],[-38.0396222,-6.9948678],[-38.0483848,-6.9957141],[-38.0532047,-6.9971278],[-38.0560572,-6.9966605],[-38.0564153,-6.9969467]],[[-37.9466419,-7.0159813],[-37.9479911,-7.0158719]],[[-37.946695,-7.0172598],[-37.9463907,-7.0161102]],[[-37.9464501,-7.016104],[-37.946695,-7.0172598]],[[-37.7295317,-6.8896364],[-37.7310969,-6.8919525],[-37.7336866,-6.8918666],[-37.7349693,-6.8928492],[-37.7351363,-6.8953043],[-37.7358337,-6.8973826],[-37.7351189,-6.9014254],[-37.7361234,-6.9050254],[-37.7405255,-6.9081162],[-37.7431776,-6.9082154],[-37.7440748,-6.90869],[-37.744349,-6.9097977],[-37.7433667,-6.912326],[-37.7448513,-6.9161483],[-37.7512711,-6.9211668],[-37.7532772,-6.9215913],[-37.7552352,-6.9213943],[-37.7610561,-6.9226375],[-37.7633408,-6.9227256],[-37.7659163,-6.9269083],[-37.7666239,-6.9271456],[-37.7695207,-6.9269326],[-37.7703897,-6.9272414],[-37.7744135,-6.9330164],[-37.7809576,-6.9358896],[-37.7869121,-6.9375564],[-37.7896104,-6.9402722],[-37.7897821,-6.9408153],[-37.789214,-6.9431874],[-37.7893207,-6.9440849],[-37.7899489,-6.9448382],[-37.7925233,-6.9460765],[-37.7931032,-6.9469522],[-37.7936178,-6.9537573],[-37.7941503,-6.954397],[-37.7974051,-6.9561622],[-37.7995599,-6.9602075],[-37.7997504,-6.961564],[-37.7993511,-6.965762],[-37.8004789,-6.9693625],[-37.7999304,-6.9724728],[-37.8008632,-6.9738772],[-37.8049837,-6.9753356],[-37.8073135,-6.9753551],[-37.8086219,-6.9773439],[-37.8105858,-6.9775702],[-37.8121308,-6.9787629],[-37.8144696,-6.9791409],[-37.8174517,-6.981492],[-37.8182886,-6.9818328],[-37.8279767,-6.9829457],[-37.8363345,-6.9825463],[-37.8489999,-6.982951],[-37.8518591,-6.9841168],[-37.8543562,-6.9862142],[-37.8575556,-6.9873132],[-37.8603801,-6.9901491],[-37.862263,-6.9991031],[-37.8630207,-7.0001201],[-37.8647876,-7.0010792],[-37.8745401,-7.0020462],[-37.8833257,-7.0042891],[-37.8862748,-7.0071077],[-37.8889442,-7.0080594],[-37.8905381,-7.0099456],[-37.8944655,-7.0122503],[-37.8949664,-7.0130919],[-37.8949044,-7.014774],[-37.89518,-7.0155634],[-37.8986166,-7.0197216],[-37.8995218,-7.0202893],[-37.9246853,-7.0234924],[-37.927444,-7.024142],[-37.9322813,-7.0227244],[-37.9344901,-7.0234658],[-37.9372153,-7.0238638],[-37.9389466,-7.0245706],[-37.9422571,-7.0247097],[-37.9424613,-7.0246597],[-37.9416436,-7.0220582],[-37.941821,-7.0207804],[-37.9429504,-7.0196929],[-37.9467997,-7.0176985],[-37.946695,-7.0172598]],[[-37.9466419,-7.0159813],[-37.9464588,-7.0160897]],[[-37.9464313,-7.0160336],[-37.9466419,-7.0159813]],[[-37.7295317,-6.8896364],[-37.7291888,-6.8891176],[-37.7295317,-6.8896364]]]}},{"type":"Feature","properties":{"ref":"PB-368","jurisdicao":"estadual","tipo":"secondary","km":4.3},"geometry":{"type":"MultiLineString","coordinates":[[[-38.1479713,-7.1789647],[-38.153351,-7.1828611]],[[-38.1479713,-7.1789647],[-38.1449753,-7.1758953]],[[-38.1449753,-7.1758953],[-38.1479713,-7.1789647]],[[-38.1290777,-7.1597443],[-38.1300354,-7.1603734],[-38.1449753,-7.1758953]],[[-38.1290777,-7.1597443],[-38.1287706,-7.1596565]],[[-38.128895,-7.1594995],[-38.1290777,-7.1597443]]]}},{"type":"Feature","properties":{"ref":"PB-370","jurisdicao":"estadual","tipo":"secondary","km":24.7},"geometry":{"type":"MultiLineString","coordinates":[[[-38.1991368,-7.5389079],[-38.1980762,-7.5397534],[-38.1983637,-7.5402931],[-38.1979029,-7.5408987],[-38.1977591,-7.5424969],[-38.1972,-7.5440736],[-38.1958399,-7.5463084],[-38.1973497,-7.5501243],[-38.1976684,-7.5555021],[-38.2003441,-7.5568789],[-38.2028936,-7.5590403],[-38.2033904,-7.5619402],[-38.2098207,-7.5671201],[-38.2123028,-7.5672536],[-38.2149635,-7.568118],[-38.2163905,-7.5674224],[-38.2179921,-7.5689775],[-38.2230625,-7.5709611],[-38.2243148,-7.5720679],[-38.2274342,-7.5715154],[-38.2284971,-7.5724402],[-38.228525,-7.5754763],[-38.2298731,-7.5777985],[-38.2329544,-7.5796559],[-38.2378446,-7.5816984],[-38.2393286,-7.5816898],[-38.2412489,-7.5830708],[-38.2428848,-7.5830333],[-38.2450432,-7.5837631],[-38.2473045,-7.5834199],[-38.2484577,-7.5837152]],[[-38.2463224,-7.4316798],[-38.2461602,-7.431461],[-38.2463224,-7.4316798]],[[-38.2463224,-7.4316798],[-38.2499501,-7.4364964],[-38.2527047,-7.4470285],[-38.2517123,-7.4494115],[-38.2497945,-7.450454],[-38.2492206,-7.4510817],[-38.2485044,-7.4529141],[-38.2489584,-7.4551247],[-38.2478499,-7.4563396],[-38.247606,-7.4576528],[-38.246222,-7.4597348],[-38.2474365,-7.4626814],[-38.2479277,-7.466709],[-38.2446926,-7.4729863],[-38.2373954,-7.481648],[-38.2350075,-7.4841494],[-38.2322019,-7.485144],[-38.2316801,-7.4856508],[-38.2283396,-7.490835],[-38.2283127,-7.4945368],[-38.2269744,-7.4979353],[-38.22317,-7.5020906],[-38.2171447,-7.5128084],[-38.2171458,-7.5160487],[-38.2196419,-7.5181825],[-38.2190456,-7.5201528],[-38.2206042,-7.5225388],[-38.2186977,-7.5263418],[-38.2147079,-7.5297316],[-38.209983,-7.5349927],[-38.2084755,-7.5373004],[-38.2031607,-7.5387761],[-38.2006248,-7.5389863]],[[-38.2006248,-7.5389863],[-38.1991368,-7.5389079]],[[-38.2006248,-7.5389863],[-38.1991368,-7.5389079]]]}},{"type":"Feature","properties":{"ref":"PB-372","jurisdicao":"estadual","tipo":"secondary","km":4.3},"geometry":{"type":"LineString","coordinates":[[-38.1549074,-7.3039901],[-38.1560473,-7.3046699],[-38.1605608,-7.3052093],[-38.1650931,-7.3049732],[-38.1735856,-7.3061032],[-38.1831698,-7.305456],[-38.1881149,-7.3072284],[-38.1924867,-7.3093523]]}},{"type":"Feature","properties":{"ref":"PB-378","jurisdicao":"estadual","tipo":"secondary","km":9.4},"geometry":{"type":"LineString","coordinates":[[-38.1619897,-7.7810259],[-38.16089,-7.7792344],[-38.1578779,-7.776925],[-38.1572771,-7.7755644],[-38.157261,-7.7745386],[-38.1603617,-7.7648862],[-38.1602395,-7.762732],[-38.1609676,-7.7596843],[-38.1616134,-7.7536667],[-38.1629105,-7.7519009],[-38.1676519,-7.7483768],[-38.1685886,-7.7460362],[-38.1680389,-7.7426589],[-38.1682164,-7.7387515],[-38.1677348,-7.7375567],[-38.1670222,-7.7367786],[-38.165833,-7.7362432],[-38.1652592,-7.7346107],[-38.1659685,-7.7316355],[-38.1656157,-7.7292289],[-38.1656671,-7.7263543],[-38.1617927,-7.722262],[-38.1599918,-7.7179878],[-38.1584169,-7.7153614],[-38.1576005,-7.7130565],[-38.157669,-7.7115786],[-38.156652,-7.7087002],[-38.1551203,-7.7070381]]}},{"type":"Feature","properties":{"ref":"PB-380","jurisdicao":"estadual","tipo":"secondary","km":14.5},"geometry":{"type":"MultiLineString","coordinates":[[[-38.3124285,-6.8420864],[-38.3127051,-6.8420159]],[[-38.3127044,-6.8420947],[-38.3124285,-6.8420864]],[[-38.3124285,-6.8420864],[-38.3101524,-6.8425333],[-38.3070155,-6.8415491],[-38.3049597,-6.8412539],[-38.2985894,-6.8412012],[-38.2945221,-6.8395634],[-38.2930163,-6.8380278],[-38.2927755,-6.8360768],[-38.292113,-6.8356917],[-38.2886732,-6.8362428],[-38.2873859,-6.8367905],[-38.2852587,-6.8367622],[-38.2822344,-6.8378222],[-38.2764778,-6.8375399],[-38.2749255,-6.8381418],[-38.2715742,-6.8381125],[-38.2704096,-6.8377418],[-38.2681008,-6.8376523],[-38.2668353,-6.8369626],[-38.2646699,-6.8372214],[-38.2657857,-6.82716],[-38.2608206,-6.8205258],[-38.2597764,-6.8201421],[-38.2522452,-6.8205979],[-38.2487763,-6.8184776],[-38.2466955,-6.814709],[-38.2452202,-6.8133507],[-38.2448769,-6.8126317],[-38.2447165,-6.8050001],[-38.2449371,-6.8044466],[-38.2456049,-6.8040844],[-38.2472304,-6.8042308],[-38.2500681,-6.7995087],[-38.2505778,-6.799293],[-38.2517928,-6.7997644],[-38.2521978,-6.799594],[-38.2562399,-6.7955111],[-38.2570606,-6.7939317],[-38.2570767,-6.7917584],[-38.2561192,-6.7912044],[-38.2558429,-6.7906664],[-38.2552099,-6.7816494]],[[-38.2553957,-6.7812665],[-38.2552099,-6.7816494]],[[-38.2552099,-6.7816494],[-38.2550074,-6.7812558]]]}},{"type":"Feature","properties":{"ref":"PB-382","jurisdicao":"estadual","tipo":"secondary","km":55.5},"geometry":{"type":"MultiLineString","coordinates":[[[-38.4704931,-7.1245011],[-38.4695285,-7.125431],[-38.4672892,-7.1292096],[-38.4669844,-7.1305863],[-38.460824,-7.1340781],[-38.4603586,-7.134788],[-38.459957,-7.1371713],[-38.4582532,-7.1389552],[-38.4565701,-7.139544],[-38.4548776,-7.1415301],[-38.4518844,-7.1413086],[-38.4493428,-7.1423811],[-38.448211,-7.143743],[-38.448153,-7.1473374],[-38.4470015,-7.1478655],[-38.4394509,-7.1488688],[-38.4390593,-7.1501303],[-38.4398618,-7.1537755],[-38.4397825,-7.1546031],[-38.4390196,-7.1553553],[-38.4361396,-7.1559324],[-38.4354364,-7.1566647],[-38.4354383,-7.1612759],[-38.4347327,-7.1623357],[-38.4345937,-7.163368],[-38.4369886,-7.1675139],[-38.4372997,-7.1741457],[-38.4385318,-7.1758141],[-38.4417737,-7.1779672],[-38.4436727,-7.1798832],[-38.4441233,-7.180937],[-38.4444237,-7.1832363],[-38.4450996,-7.1840133],[-38.4468344,-7.1850977],[-38.4489995,-7.1857271],[-38.4517401,-7.187261],[-38.4525615,-7.1880461],[-38.4530477,-7.1895048],[-38.4557187,-7.1922217],[-38.4560828,-7.192965],[-38.4560913,-7.1941097],[-38.4541356,-7.1968105],[-38.4533249,-7.1984805],[-38.4505497,-7.1991767],[-38.4454784,-7.2038501],[-38.4425097,-7.2049939],[-38.4388554,-7.2051424],[-38.4359104,-7.204237],[-38.4340647,-7.2040922],[-38.4306265,-7.2040501],[-38.4284568,-7.2050973],[-38.4257984,-7.2049295],[-38.4245056,-7.2044452],[-38.4225154,-7.2028433],[-38.4202445,-7.2019472],[-38.4172625,-7.2014988],[-38.4159708,-7.2004909],[-38.4148948,-7.200154],[-38.4126081,-7.2001055],[-38.4110499,-7.1991187],[-38.4098582,-7.198989],[-38.4089327,-7.2002248],[-38.4087691,-7.2040416],[-38.4083641,-7.2050998],[-38.4073985,-7.2058822],[-38.4043229,-7.206698],[-38.4038994,-7.2076839],[-38.4039772,-7.2087142],[-38.4049791,-7.2104804],[-38.4053707,-7.2121685],[-38.4065723,-7.2144107],[-38.4066697,-7.2151539],[-38.4067011,-7.220966],[-38.4063926,-7.2216219],[-38.4054485,-7.2223191],[-38.4014238,-7.2222871],[-38.3979705,-7.2209553],[-38.3937527,-7.2199255],[-38.3912248,-7.2181892],[-38.3880866,-7.2151172],[-38.3872403,-7.2147686],[-38.3850463,-7.2146621],[-38.3819819,-7.2134607],[-38.3794539,-7.2138293],[-38.3716701,-7.2137172]],[[-38.3698586,-7.2137192],[-38.3716701,-7.2137172]],[[-38.3716701,-7.2137172],[-38.3699294,-7.2137222]],[[-38.3699294,-7.2137222],[-38.3698586,-7.2137192]],[[-38.3699294,-7.2137222],[-38.3695907,-7.2146575]],[[-38.3695907,-7.2146575],[-38.3698586,-7.2137192]],[[-38.3695907,-7.2146575],[-38.3692279,-7.2156613]],[[-38.3693922,-7.2175959],[-38.3689959,-7.2157425],[-38.3692279,-7.2156613]],[[-38.3692279,-7.2156613],[-38.3693922,-7.2175959]],[[-38.3693922,-7.2175959],[-38.3692159,-7.2181879],[-38.3702324,-7.2191166],[-38.3715454,-7.2233821],[-38.3719665,-7.2305479],[-38.3710413,-7.2346496],[-38.3700299,-7.2357632],[-38.3680102,-7.2358337],[-38.3658765,-7.2346829],[-38.3650678,-7.2326779],[-38.3650048,-7.2312929],[-38.3643289,-7.2294276],[-38.3625533,-7.2278178],[-38.3593561,-7.2276409],[-38.357913,-7.2264355],[-38.3539715,-7.225105],[-38.3524802,-7.2237958],[-38.3505799,-7.2234366],[-38.3464587,-7.2218534],[-38.3451346,-7.2217679],[-38.3421403,-7.2243959],[-38.3413866,-7.2246846],[-38.3373941,-7.2250904],[-38.3348782,-7.2240659],[-38.333116,-7.2239169],[-38.3314142,-7.2249241],[-38.3300838,-7.2278923],[-38.3256045,-7.2322961],[-38.3232106,-7.2327165],[-38.321152,-7.2340216],[-38.3185731,-7.2340669],[-38.3169477,-7.234486],[-38.3143553,-7.2343263],[-38.3105949,-7.2356833],[-38.307167,-7.2380621],[-38.3043493,-7.2383415],[-38.3026636,-7.2403837],[-38.300959,-7.2445599],[-38.3008605,-7.2465621]],[[-38.3013452,-7.2487679],[-38.3008605,-7.2465621]],[[-38.3008605,-7.2465621],[-38.3013452,-7.2487679]],[[-38.3013452,-7.2487679],[-38.297334,-7.2491098],[-38.2957408,-7.250375],[-38.2917224,-7.2509524],[-38.2910115,-7.2517124],[-38.2891623,-7.2553004],[-38.2884544,-7.255168],[-38.2868795,-7.2541048],[-38.284575,-7.2550056],[-38.2826558,-7.2541878],[-38.280466,-7.2549474],[-38.2801474,-7.2553635],[-38.2796514,-7.2620747],[-38.2778249,-7.2629742],[-38.2742634,-7.2634008],[-38.2718287,-7.2642512],[-38.2699861,-7.2643967],[-38.2690841,-7.2654243],[-38.2689754,-7.267183],[-38.268205,-7.2685302],[-38.263991,-7.2680862],[-38.2568454,-7.2689352],[-38.2552024,-7.2706598],[-38.2535001,-7.2711733],[-38.249352,-7.2692699],[-38.246879,-7.267096],[-38.2460603,-7.267767],[-38.2472285,-7.2701833],[-38.2465075,-7.2724092],[-38.2432443,-7.2698207],[-38.2419999,-7.2700075],[-38.2398105,-7.2683785],[-38.2390363,-7.2684158],[-38.2369076,-7.2694563],[-38.2358202,-7.2715701],[-38.2355148,-7.2731975],[-38.2338894,-7.2740391],[-38.2308057,-7.2747214],[-38.2297611,-7.2758511],[-38.2288384,-7.2786607],[-38.2250192,-7.2803535],[-38.2212925,-7.2798481],[-38.2194787,-7.2816832],[-38.2143239,-7.2893281],[-38.2141107,-7.2906593],[-38.215281,-7.2935926],[-38.2139226,-7.2950384],[-38.2131701,-7.2985965],[-38.2110253,-7.298895],[-38.2076735,-7.2981984],[-38.2041708,-7.2995664],[-38.198797,-7.3048015],[-38.1934443,-7.3089645],[-38.1924867,-7.3093523]]]}},{"type":"Feature","properties":{"ref":"PB-383","jurisdicao":"estadual","tipo":"primary","km":29.9},"geometry":{"type":"MultiLineString","coordinates":[[[-38.2552475,-6.7280353],[-38.2555001,-6.7284611]],[[-38.2555001,-6.7284611],[-38.2555555,-6.728758],[-38.2553302,-6.7285589]],[[-38.2553302,-6.7285589],[-38.2555001,-6.7284611]],[[-38.2553302,-6.7285589],[-38.2552475,-6.7280353]],[[-38.2552475,-6.7280353],[-38.251145,-6.7125934],[-38.2513838,-6.7075121],[-38.2505415,-6.7027225],[-38.2500762,-6.6858438],[-38.2532351,-6.6737206],[-38.2550557,-6.6703719],[-38.2553715,-6.6692321],[-38.2574429,-6.6421089],[-38.255743,-6.6282235],[-38.2481611,-6.6150584],[-38.2353419,-6.602134],[-38.2030986,-6.5637523],[-38.1842082,-6.5504841],[-38.1815689,-6.5476489],[-38.1790369,-6.5462845],[-38.17365,-6.5396152],[-38.1718093,-6.5351534],[-38.1732845,-6.530991],[-38.1729841,-6.528161],[-38.1738013,-6.5273753],[-38.1773937,-6.5255388],[-38.1781132,-6.5247776],[-38.1786389,-6.5236051],[-38.1792515,-6.5204836]],[[-38.1797116,-6.5194975],[-38.1797169,-6.5180446]],[[-38.1797116,-6.5194975],[-38.1792515,-6.5204836]],[[-38.1792515,-6.5204836],[-38.1792565,-6.5199599],[-38.1797116,-6.5194975]],[[-38.1794311,-6.512456],[-38.1795305,-6.5126517]],[[-38.1794311,-6.512456],[-38.1772502,-6.5080505],[-38.1741147,-6.5051164],[-38.1726703,-6.5029032],[-38.1734146,-6.4996133],[-38.1745399,-6.4988724]],[[-38.1794017,-6.5126694],[-38.1794311,-6.512456]]]}},{"type":"Feature","properties":{"ref":"PB-384","jurisdicao":"estadual","tipo":"secondary","km":44.3},"geometry":{"type":"MultiLineString","coordinates":[[[-38.2972488,-6.8507468],[-38.2985477,-6.8674884],[-38.2998432,-6.8711287],[-38.3031638,-6.8748435],[-38.3043829,-6.8793172],[-38.3053055,-6.8846403],[-38.3067191,-6.8887864],[-38.3120607,-6.8941054],[-38.3131617,-6.8969293],[-38.3161444,-6.898692],[-38.3227736,-6.9131863],[-38.3246914,-6.9142246],[-38.3244958,-6.9148762],[-38.3248054,-6.9162551],[-38.3245402,-6.9163149],[-38.3252144,-6.9191506],[-38.3212354,-6.9197698],[-38.3203986,-6.9216124],[-38.31306,-6.92452],[-38.312191,-6.9262561],[-38.3117361,-6.9265495],[-38.3067513,-6.9275132],[-38.3027279,-6.9293557],[-38.29967,-6.9321103],[-38.2987073,-6.9340765],[-38.2979689,-6.9348682],[-38.294129,-6.9362508],[-38.2931195,-6.9369944],[-38.2904007,-6.9411346],[-38.2898125,-6.9437343],[-38.2891154,-6.9447008],[-38.2889708,-6.9467257],[-38.2913019,-6.9500275],[-38.2933576,-6.9556352],[-38.2972629,-6.9617695],[-38.297385,-6.9670143],[-38.299076,-6.9769878],[-38.2999623,-6.9780313],[-38.304745,-6.9808373],[-38.3095624,-6.9864597],[-38.3110924,-6.9905122],[-38.3111782,-6.9933768],[-38.3115932,-6.9949016],[-38.3111654,-6.9975612],[-38.3113315,-6.9982618],[-38.3128197,-6.9995727],[-38.3205941,-7.0048238],[-38.3222812,-7.0087057],[-38.3264647,-7.0136989],[-38.3275706,-7.0145571],[-38.328343,-7.0161384],[-38.3299578,-7.0180338],[-38.3333427,-7.0214573],[-38.3336592,-7.0233474],[-38.3343029,-7.0245613],[-38.3352095,-7.0281444],[-38.3364058,-7.0304231],[-38.3400214,-7.0356087],[-38.3412981,-7.0365884],[-38.3440409,-7.0376106],[-38.3442271,-7.0400772],[-38.3461357,-7.0400995],[-38.3470191,-7.0415786],[-38.3471846,-7.0426258],[-38.3483645,-7.0444616],[-38.3515827,-7.0450516],[-38.3549958,-7.0449122],[-38.3564473,-7.045968],[-38.3588584,-7.0464694],[-38.3653254,-7.0461312],[-38.3686486,-7.0452288],[-38.3722874,-7.0456173],[-38.3777219,-7.0450194],[-38.3814312,-7.0466327],[-38.3872774,-7.0480757],[-38.391002,-7.0480877],[-38.394475,-7.0500081],[-38.3950616,-7.0508792],[-38.3954238,-7.0525316],[-38.3965322,-7.0540131],[-38.3976591,-7.0652031],[-38.3988655,-7.067487],[-38.4010987,-7.0703698],[-38.4065533,-7.0838654],[-38.4094944,-7.0892196],[-38.4101749,-7.0896109],[-38.4145511,-7.0897642],[-38.4154125,-7.0903669],[-38.4161962,-7.0918523],[-38.4168801,-7.0924206],[-38.420692,-7.0924708],[-38.4222897,-7.0935266],[-38.4226127,-7.095782],[-38.4233194,-7.0966741],[-38.4247094,-7.0975204],[-38.4272768,-7.0980537],[-38.4283096,-7.0985777],[-38.428702,-7.0993174],[-38.4285359,-7.101456],[-38.4296286,-7.1041292],[-38.4320192,-7.1065369],[-38.4334045,-7.1073108],[-38.4346116,-7.1106761],[-38.4369527,-7.1121833],[-38.4388853,-7.1122374],[-38.439337,-7.1125072],[-38.4397051,-7.1157633],[-38.4401965,-7.1163618],[-38.4429563,-7.1164474],[-38.4444992,-7.1173003],[-38.4447457,-7.1185002],[-38.4436244,-7.1209477],[-38.4445799,-7.1224709]],[[-38.297281,-6.8502571],[-38.2972488,-6.8507468]],[[-38.2972488,-6.8507468],[-38.2970585,-6.8504316]]]}},{"type":"Feature","properties":{"ref":"PB-386","jurisdicao":"estadual","tipo":"primary","km":76.7},"geometry":{"type":"MultiLineString","coordinates":[[[-38.5094035,-7.5587401],[-38.5163565,-7.5589468],[-38.5177888,-7.5586849],[-38.5347345,-7.5475886],[-38.5484395,-7.5423826],[-38.5568803,-7.5397352],[-38.5958577,-7.5444248],[-38.6105818,-7.5508851],[-38.6121182,-7.5511398],[-38.6189368,-7.550636],[-38.6224508,-7.5500491],[-38.6433471,-7.5427165],[-38.6527429,-7.5400776]],[[-38.505947,-7.5539613],[-38.5089084,-7.5587462],[-38.5094035,-7.5587401]],[[-38.5094035,-7.5587401],[-38.5088391,-7.5587901],[-38.505947,-7.5539613]],[[-38.505947,-7.5539613],[-38.5045494,-7.5517111]],[[-38.5038895,-7.5537533],[-38.5035746,-7.5537191]],[[-38.5038895,-7.5537533],[-38.5038087,-7.5536489]],[[-38.5038087,-7.5536489],[-38.5040258,-7.5535297],[-38.5038895,-7.5537533]],[[-38.5035746,-7.5537191],[-38.5038087,-7.5536489]],[[-38.4052446,-7.5022367],[-38.4076224,-7.5055793],[-38.4190111,-7.5128762],[-38.4242937,-7.5201916],[-38.4251708,-7.5222311],[-38.4260412,-7.5234091],[-38.4351754,-7.5293708],[-38.4358487,-7.5304344],[-38.4389788,-7.5403753],[-38.4399658,-7.5413844],[-38.4439455,-7.5437419],[-38.4491296,-7.5460203],[-38.4656976,-7.5489944],[-38.4695318,-7.5499623],[-38.4707442,-7.5498732],[-38.4750371,-7.5485238],[-38.4850954,-7.5492204],[-38.4895451,-7.5501989],[-38.493095,-7.5514526],[-38.5035746,-7.5537191]],[[-38.4052446,-7.5022367],[-38.4037526,-7.4996741],[-38.4039632,-7.4995641]],[[-38.4039632,-7.4995641],[-38.4052446,-7.5022367]],[[-38.4039632,-7.4995641],[-38.403982,-7.4976209],[-38.4026927,-7.4968535],[-38.4003128,-7.4918066],[-38.3997063,-7.4911628],[-38.3970539,-7.4898769],[-38.3800516,-7.4871177],[-38.3696654,-7.4871774],[-38.3679428,-7.4868858],[-38.3622366,-7.4826512],[-38.3571699,-7.479509],[-38.3547708,-7.4768782],[-38.3499848,-7.4761438],[-38.3477756,-7.4738968],[-38.3358634,-7.4736378],[-38.331413,-7.4745323],[-38.3191924,-7.4743443],[-38.3176565,-7.4740631],[-38.3126106,-7.4718722],[-38.3119408,-7.470991],[-38.3117913,-7.4683877],[-38.3101026,-7.4638189],[-38.303407,-7.4570323],[-38.2956858,-7.4505671],[-38.2899982,-7.4489966],[-38.2831062,-7.4445549],[-38.2807186,-7.4396195],[-38.2792318,-7.4376215],[-38.2744011,-7.4349405],[-38.2683447,-7.4283924],[-38.265869,-7.4269508]],[[-38.265869,-7.4269508],[-38.2628098,-7.4255714]],[[-38.2628098,-7.4255714],[-38.265869,-7.4269508]],[[-38.2628098,-7.4255714],[-38.2612878,-7.4262886],[-38.2519618,-7.4272806],[-38.2448231,-7.4324764],[-38.2356093,-7.4373337],[-38.2335145,-7.4368931],[-38.2248504,-7.4326393],[-38.2229081,-7.4308207],[-38.2213297,-7.4265625],[-38.2187825,-7.4227416],[-38.2096267,-7.4173039],[-38.1987065,-7.412261],[-38.1852298,-7.393986],[-38.175414,-7.3870628],[-38.1686457,-7.3790802],[-38.1602329,-7.3741445],[-38.1594363,-7.3725472],[-38.1587738,-7.364571],[-38.1584157,-7.363233],[-38.1478934,-7.3514606],[-38.1405348,-7.332456],[-38.1421119,-7.318468],[-38.1413475,-7.3150834],[-38.1414883,-7.3142773],[-38.1432552,-7.3124137],[-38.1537922,-7.3082575]],[[-38.1537922,-7.3082575],[-38.1539458,-7.3079908],[-38.1528755,-7.3046581]],[[-38.1528755,-7.3046581],[-38.1539934,-7.3079183],[-38.1537922,-7.3082575]],[[-38.1526925,-7.3040491],[-38.1528755,-7.3046581]]]}},{"type":"Feature","properties":{"ref":"PB-387","jurisdicao":"estadual","tipo":"secondary","km":27.4},"geometry":{"type":"MultiLineString","coordinates":[[[-38.2760547,-6.5462508],[-38.2775487,-6.5454833],[-38.2774588,-6.5450023],[-38.2787161,-6.5446966],[-38.2805863,-6.5477963],[-38.2830117,-6.5493265],[-38.2869874,-6.5483412],[-38.2891486,-6.5468057],[-38.2917027,-6.5477656],[-38.2946015,-6.5478256],[-38.2961887,-6.5484038],[-38.2983787,-6.5498721],[-38.3028151,-6.5505183],[-38.3053645,-6.5486597],[-38.3065809,-6.5498881],[-38.3083586,-6.5492812],[-38.3150306,-6.5448271],[-38.3155268,-6.5442256],[-38.3173044,-6.544067],[-38.3184148,-6.5433409],[-38.319422,-6.5431124],[-38.321378,-6.5433242],[-38.3231878,-6.5441216],[-38.3251512,-6.5445293],[-38.3268551,-6.5443415],[-38.3284785,-6.5432816],[-38.3289666,-6.5444707],[-38.3329752,-6.546392],[-38.3347428,-6.5476158],[-38.3359565,-6.5494138],[-38.3370709,-6.5502158],[-38.3427787,-6.5502258],[-38.3473063,-6.5470102],[-38.3496827,-6.546356],[-38.3500139,-6.5449783],[-38.3514315,-6.5445693],[-38.3526184,-6.5425494],[-38.3545576,-6.541357],[-38.3561696,-6.5390027],[-38.3581504,-6.5370734],[-38.362442,-6.5357023],[-38.3627531,-6.5348123],[-38.3651094,-6.5318251],[-38.3672954,-6.5305326],[-38.3679955,-6.5294334],[-38.3728945,-6.524746],[-38.3753233,-6.5243463],[-38.3775991,-6.5233896],[-38.3811155,-6.5233843],[-38.383335,-6.5222304],[-38.3846869,-6.5209526],[-38.3871371,-6.5195709],[-38.3918618,-6.51879],[-38.3965556,-6.5175122],[-38.4025517,-6.5180865],[-38.4060131,-6.5188107]],[[-38.2760547,-6.5462508],[-38.2755833,-6.5493778]],[[-38.2760547,-6.5462508],[-38.2757905,-6.546382],[-38.2755833,-6.5493778]],[[-38.2491658,-6.615766],[-38.2513415,-6.614032],[-38.2523198,-6.612137],[-38.2548907,-6.6109034],[-38.2565685,-6.6071173],[-38.2559183,-6.6043418],[-38.2537189,-6.6022049],[-38.2531661,-6.6001525],[-38.251718,-6.5984268],[-38.2527798,-6.5947703],[-38.2542846,-6.5935433],[-38.2548293,-6.5927088],[-38.2555821,-6.5886033],[-38.2553561,-6.5871046],[-38.2562077,-6.5815317],[-38.2564116,-6.5779746],[-38.2550463,-6.5721552],[-38.2557786,-6.5700595],[-38.2556592,-6.5682742],[-38.25591,-6.5671684],[-38.2566771,-6.5659014],[-38.2578492,-6.56501],[-38.2609887,-6.5640628],[-38.2627684,-6.5629143],[-38.2663599,-6.5618858],[-38.2685673,-6.560263],[-38.2693344,-6.5590186],[-38.2696161,-6.5559542],[-38.2700962,-6.5547112],[-38.2717283,-6.5532603],[-38.2753024,-6.5521278],[-38.2755947,-6.5513324],[-38.2755833,-6.5493778]],[[-38.2491658,-6.615766],[-38.2488115,-6.6161231]],[[-38.2487544,-6.6160229],[-38.2491658,-6.615766]]]}},{"type":"Feature","properties":{"ref":"PB-391","jurisdicao":"estadual","tipo":"primary","km":41.8},"geometry":{"type":"MultiLineString","coordinates":[[[-38.4066034,-6.517125],[-38.4059702,-6.5188846]],[[-38.4059702,-6.5188846],[-38.4065086,-6.517074]],[[-38.2558671,-6.7282687],[-38.2584447,-6.7260215],[-38.2600151,-6.7255207],[-38.2991458,-6.726473],[-38.3065099,-6.7262213],[-38.3076511,-6.7257658],[-38.3082761,-6.7251065],[-38.3087213,-6.7238425],[-38.3096869,-6.7119221],[-38.3145511,-6.7038333],[-38.3184524,-6.6965702],[-38.3227064,-6.6902913],[-38.3242781,-6.6858452],[-38.3267552,-6.682723],[-38.3319781,-6.6808429],[-38.3332729,-6.6800031],[-38.3416644,-6.672089],[-38.3480399,-6.6649293],[-38.3792956,-6.6085874],[-38.3877754,-6.5745959],[-38.3885157,-6.5730824],[-38.3921501,-6.5692508],[-38.3922467,-6.5645291],[-38.3925471,-6.5630182],[-38.4059702,-6.5188846]],[[-38.2558671,-6.7282687],[-38.2556304,-6.7285682]],[[-38.2555607,-6.7284822],[-38.2558671,-6.7282687]],[[-38.2554261,-6.7287688],[-38.2551865,-6.7288737]],[[-38.2551865,-6.7288737],[-38.2553202,-6.7286414]],[[-38.2551865,-6.7288737],[-38.2511196,-6.7326875],[-38.2388163,-6.7553258],[-38.2367845,-6.7567076],[-38.2323672,-6.7574248]],[[-38.2324441,-6.7580549],[-38.2323672,-6.7574248]],[[-38.2324441,-6.7580549],[-38.2323663,-6.7580819]],[[-38.2323663,-6.7580819],[-38.2324441,-6.7580549]],[[-38.2299878,-6.7599512],[-38.2304726,-6.7598859],[-38.230494,-6.7576998],[-38.2323672,-6.7574248]],[[-38.2323663,-6.7580819],[-38.2315178,-6.7582298]],[[-38.2315178,-6.7582298],[-38.2314865,-6.7582561]],[[-38.2315178,-6.7582298],[-38.2314865,-6.7582561]],[[-38.2314865,-6.7582561],[-38.2316822,-6.7595486],[-38.2299878,-6.7599512]],[[-38.2278344,-6.7610035],[-38.2299878,-6.7599512]],[[-38.2278344,-6.7610035],[-38.2277755,-6.7610488]],[[-38.2277406,-6.7610073],[-38.2278344,-6.7610035]],[[-38.2277114,-6.7611067],[-38.2248801,-6.7625469]],[[-38.2248801,-6.7625469],[-38.2276728,-6.7610664]],[[-38.2248801,-6.7625469],[-38.2021274,-6.7743614]],[[-38.2021274,-6.7743614],[-38.2017978,-6.7748146]],[[-38.2016921,-6.7748104],[-38.2021274,-6.7743614]]]}},{"type":"Feature","properties":{"ref":"PB-392","jurisdicao":"estadual","tipo":"secondary","km":4.8},"geometry":{"type":"MultiLineString","coordinates":[[[-38.5176614,-7.3156461],[-38.5192104,-7.316355],[-38.5209699,-7.3165513],[-38.5222989,-7.3188019],[-38.5225806,-7.3205724],[-38.5243951,-7.3216006],[-38.5279825,-7.3211537],[-38.5312964,-7.3226661],[-38.5340202,-7.3229028],[-38.5370578,-7.3223455],[-38.5421969,-7.324088],[-38.5435675,-7.3249047],[-38.5457884,-7.3243846],[-38.5502449,-7.3256616]],[[-38.5176614,-7.3156461],[-38.5150763,-7.3140426]],[[-38.5150763,-7.3140426],[-38.5176614,-7.3156461]],[[-38.5150763,-7.3140426],[-38.5148591,-7.3139828]]]}},{"type":"Feature","properties":{"ref":"PB-393","jurisdicao":"estadual","tipo":"trunk","km":44.7},"geometry":{"type":"MultiLineString","coordinates":[[[-38.54906,-6.8916171],[-38.5482091,-6.8888117],[-38.548366,-6.8872639]],[[-38.5485527,-6.8873231],[-38.5482614,-6.8886186],[-38.54906,-6.8916171]],[[-38.5428369,-6.8934826],[-38.54906,-6.8916171]],[[-38.5484562,-6.8866195],[-38.5486691,-6.8870801]],[[-38.5484562,-6.8866195],[-38.538698,-6.8672222],[-38.5376439,-6.8655178],[-38.5345379,-6.8618482],[-38.5335213,-6.8567273],[-38.5222721,-6.8273346],[-38.5216069,-6.8262293],[-38.5078345,-6.8139958],[-38.4908715,-6.8023452],[-38.4886251,-6.7968374],[-38.4453195,-6.7397369]],[[-38.5484224,-6.8870546],[-38.5484562,-6.8866195]],[[-38.5428369,-6.8934826],[-38.5425697,-6.8938138]],[[-38.5423538,-6.8936201],[-38.5428369,-6.8934826]],[[-38.5113949,-6.5744299],[-38.5110778,-6.5815812]],[[-38.5110778,-6.5815812],[-38.5112613,-6.574445]],[[-38.4904739,-6.6744786],[-38.4907025,-6.6734895],[-38.4922394,-6.6718871],[-38.4935685,-6.6675847],[-38.4911424,-6.6596737],[-38.4953582,-6.6467958],[-38.4987853,-6.6289302],[-38.5049035,-6.6111018],[-38.5104932,-6.5930664],[-38.5110778,-6.5815812]],[[-38.4907552,-6.674782],[-38.49089,-6.6751497]],[[-38.49089,-6.6751497],[-38.4908098,-6.6756527]],[[-38.49089,-6.6751497],[-38.4906483,-6.6750981]],[[-38.4908098,-6.6756527],[-38.4906483,-6.6750981]],[[-38.4908098,-6.6756527],[-38.4917673,-6.679068],[-38.4918572,-6.6805079],[-38.4898375,-6.6886343],[-38.481123,-6.6952462],[-38.477148,-6.7037481],[-38.4726258,-6.7084418],[-38.470201,-6.7141477],[-38.4685501,-6.7154916],[-38.4548769,-6.7230261],[-38.4523053,-6.7250306],[-38.4496463,-6.7261452]],[[-38.4904739,-6.6744786],[-38.4907552,-6.674782]],[[-38.490608,-6.674932],[-38.4907552,-6.674782]],[[-38.4906483,-6.6750981],[-38.490608,-6.674932]],[[-38.490608,-6.674932],[-38.4904739,-6.6744786]],[[-38.4494913,-6.7261785],[-38.4496463,-6.7261452]],[[-38.4496463,-6.7261452],[-38.4494913,-6.7261785]],[[-38.4494913,-6.7261785],[-38.4487461,-6.7260914],[-38.4480447,-6.7318045],[-38.4473714,-6.7339421],[-38.4448649,-6.7391623]],[[-38.4453195,-6.7397369],[-38.4448649,-6.7391623]],[[-38.4448649,-6.7391623],[-38.4453195,-6.7397369]]]}},{"type":"Feature","properties":{"ref":"PB-394","jurisdicao":"estadual","tipo":"secondary","km":13.3},"geometry":{"type":"MultiLineString","coordinates":[[[-38.4842961,-6.8928512],[-38.4839983,-6.8929617]],[[-38.4839983,-6.8929617],[-38.4838153,-6.8925982]],[[-38.4839983,-6.8929617],[-38.4823662,-6.8978453],[-38.4827015,-6.9000447],[-38.4819049,-6.9010033],[-38.479574,-6.9014693],[-38.4788391,-6.9022069],[-38.4787586,-6.904441],[-38.4779942,-6.9058522],[-38.4785306,-6.907788],[-38.4778789,-6.9112176],[-38.4755668,-6.913465],[-38.4727907,-6.9148429],[-38.4724259,-6.9161343],[-38.4733365,-6.9176121],[-38.470366,-6.9237748],[-38.4692717,-6.9245204],[-38.4652363,-6.9254629],[-38.4611807,-6.9248306],[-38.46012,-6.9252713],[-38.4594199,-6.926781],[-38.4596975,-6.9295255],[-38.4577489,-6.9337544],[-38.4556487,-6.936622],[-38.4534198,-6.9382594],[-38.452929,-6.9391035],[-38.4529558,-6.9398916],[-38.4574203,-6.948867],[-38.4578696,-6.9492344],[-38.4601361,-6.9497935],[-38.4609179,-6.9504325],[-38.461052,-6.9510343],[-38.4607315,-6.9520034],[-38.4598759,-6.9530431],[-38.4604619,-6.9546845],[-38.4596345,-6.9564897],[-38.4591495,-6.9604927],[-38.4576912,-6.963625],[-38.4569107,-6.9641109],[-38.4561878,-6.9651932],[-38.4540461,-6.9666096],[-38.4529451,-6.9669331],[-38.4518427,-6.9686197],[-38.4516227,-6.9697326],[-38.4518749,-6.9703409],[-38.4540743,-6.9717573],[-38.4548843,-6.9728769],[-38.4565137,-6.9729767],[-38.4572473,-6.9739565],[-38.457132,-6.9747884],[-38.4563166,-6.9757469],[-38.4564681,-6.9774827],[-38.4558311,-6.9787154],[-38.4533876,-6.978969]]]}},{"type":"Feature","properties":{"ref":"PB-395","jurisdicao":"estadual","tipo":"secondary","km":21.4},"geometry":{"type":"MultiLineString","coordinates":[[[-38.6663259,-6.7196827],[-38.6641489,-6.7196045],[-38.6602516,-6.7183751],[-38.6576968,-6.7187974],[-38.6564255,-6.7178937],[-38.6552989,-6.7185103],[-38.6521507,-6.719153],[-38.6507175,-6.7205405],[-38.6466327,-6.7223099],[-38.6399218,-6.7202731],[-38.6365503,-6.7223115],[-38.6356464,-6.7224021],[-38.6319571,-6.7213827],[-38.6253393,-6.7169041],[-38.6237635,-6.7161482],[-38.5826589,-6.7048265],[-38.572293,-6.7049491],[-38.5662407,-6.7057176],[-38.5630555,-6.7075859],[-38.5519776,-6.7112508],[-38.5511514,-6.7112455],[-38.5473588,-6.7088853],[-38.5455443,-6.7067662],[-38.5418809,-6.7048622],[-38.539276,-6.7026958],[-38.5369532,-6.7024508],[-38.5340436,-6.7000381],[-38.5276974,-6.6977418],[-38.5244874,-6.6969219],[-38.5202127,-6.6949421],[-38.5152713,-6.6944125],[-38.5139323,-6.69243],[-38.5093807,-6.6891805],[-38.5084829,-6.6891884],[-38.5056411,-6.6910965],[-38.5048894,-6.6912384],[-38.4994908,-6.6896067],[-38.4978721,-6.6881056],[-38.491021,-6.6863227]],[[-38.491021,-6.6863227],[-38.4904628,-6.6862761]],[[-38.4904889,-6.6861547],[-38.491021,-6.6863227]]]}},{"type":"Feature","properties":{"ref":"PB-400","jurisdicao":"estadual","tipo":"primary","km":128.3},"geometry":{"type":"MultiLineString","coordinates":[[[-38.6263889,-7.704399],[-38.6227372,-7.7051035],[-38.6198099,-7.7039203],[-38.6186546,-7.7024808],[-38.6185431,-7.7007735],[-38.6167652,-7.6965449],[-38.6149564,-7.6937199],[-38.6126657,-7.6919908],[-38.6119315,-7.6904876],[-38.6109509,-7.690431],[-38.6032258,-7.6926804],[-38.6019007,-7.6924201],[-38.5993787,-7.6891795],[-38.5978387,-7.6879778],[-38.5968963,-7.6867469],[-38.5969872,-7.6856526],[-38.5980874,-7.6847855],[-38.599461,-7.6828469],[-38.5998452,-7.6815011],[-38.5995183,-7.679076],[-38.5970684,-7.674284],[-38.596296,-7.6737166],[-38.5939236,-7.6732075],[-38.5932098,-7.6719165],[-38.590692,-7.670625],[-38.5898607,-7.6685886],[-38.587479,-7.6677092],[-38.5861807,-7.6681813],[-38.5851907,-7.6678295],[-38.5840045,-7.6664874],[-38.5834161,-7.6651729],[-38.5823607,-7.6648489],[-38.5819404,-7.6639233],[-38.580322,-7.6629435],[-38.5799807,-7.6616246],[-38.5792033,-7.6604716],[-38.57794,-7.6604676],[-38.5770836,-7.6616554],[-38.575687,-7.6609381],[-38.5758708,-7.6588797],[-38.5749086,-7.6575948],[-38.5749167,-7.6563328],[-38.5730048,-7.6546823],[-38.5718158,-7.6540649],[-38.571321,-7.6532637],[-38.5703868,-7.6527968],[-38.5683753,-7.6526057],[-38.5677329,-7.6508724],[-38.5667431,-7.6500829],[-38.5654121,-7.6508272],[-38.5642661,-7.6503979],[-38.5640636,-7.6499274],[-38.5644539,-7.6486879],[-38.5641012,-7.6474345],[-38.5652304,-7.646966],[-38.5654201,-7.6438683],[-38.5667914,-7.6413781],[-38.5664481,-7.6406869],[-38.5664675,-7.6394999],[-38.5656696,-7.6385575],[-38.5636827,-7.63775],[-38.5636391,-7.6371559],[-38.5646101,-7.6365258],[-38.5646094,-7.6359855],[-38.5622437,-7.634201],[-38.5614236,-7.6327455],[-38.5613418,-7.6303024],[-38.5601959,-7.6279397],[-38.5592973,-7.6285332],[-38.5581976,-7.6266623]],[[-38.5700081,-6.9011358],[-38.5696627,-6.9005906],[-38.5700081,-6.9011358]],[[-38.5143603,-7.3125913],[-38.5128304,-7.3107084],[-38.5113651,-7.3079466],[-38.509541,-7.2967656],[-38.505633,-7.2865187],[-38.5058114,-7.2856101],[-38.5086223,-7.2798965],[-38.5081782,-7.2748652],[-38.5106799,-7.2652834],[-38.51412,-7.2616508],[-38.5208921,-7.2584385],[-38.5217742,-7.2583839],[-38.5239542,-7.2590856],[-38.5264405,-7.2588918],[-38.5300113,-7.2544552],[-38.5307752,-7.2538784],[-38.5317052,-7.2537949],[-38.5389558,-7.2550498],[-38.5402241,-7.2547581],[-38.5428485,-7.251399],[-38.5750741,-7.2205136],[-38.5843753,-7.2153309],[-38.5834915,-7.2138239],[-38.5698169,-7.2039795],[-38.5628848,-7.1946459],[-38.5616352,-7.1924885],[-38.5535292,-7.1696096],[-38.5485138,-7.1648399],[-38.5448797,-7.1601979],[-38.5427929,-7.1593232],[-38.5399759,-7.1573169],[-38.5289706,-7.1518016],[-38.5278489,-7.150889],[-38.5266475,-7.1491524],[-38.5243049,-7.1480112],[-38.5202582,-7.1453086],[-38.517607,-7.1447807],[-38.5139734,-7.1447912],[-38.5124506,-7.1436745],[-38.5093881,-7.1432134],[-38.4949263,-7.1342205],[-38.494353,-7.1332757],[-38.4947848,-7.1298025],[-38.4939661,-7.1240071],[-38.4945863,-7.1230469],[-38.5009534,-7.1192102],[-38.501203,-7.1196582],[-38.5025974,-7.1189662],[-38.5136533,-7.1204859],[-38.5289103,-7.1166975],[-38.5298232,-7.1160475],[-38.5404184,-7.1029029],[-38.5409079,-7.1019377],[-38.5410207,-7.0996877],[-38.5397257,-7.0961224],[-38.5396389,-7.0922095],[-38.544165,-7.0833671],[-38.5444301,-7.082299],[-38.5413107,-7.0629214],[-38.5417136,-7.0616705],[-38.5465729,-7.05449],[-38.5463449,-7.0453277],[-38.5467084,-7.0435508],[-38.547902,-7.0417433],[-38.553552,-7.036812],[-38.5561793,-7.0350298],[-38.5731016,-7.0202425],[-38.5737893,-7.0192025],[-38.5738564,-7.0180471],[-38.5729632,-7.0129012],[-38.5802507,-6.995404],[-38.5806169,-6.9858271],[-38.5830536,-6.9798749],[-38.5824032,-6.9716282],[-38.5789686,-6.9636849],[-38.5791966,-6.9623098],[-38.5820451,-6.9551698],[-38.5821095,-6.9540855],[-38.577649,-6.9399369],[-38.5814269,-6.9286954],[-38.5816079,-6.9273441],[-38.5790183,-6.9044556],[-38.5783799,-6.9035982],[-38.5765319,-6.9023281],[-38.5712908,-6.902846],[-38.5700081,-6.9011358]],[[-38.5581976,-7.6266623],[-38.5571335,-7.6262157],[-38.556139,-7.6249954]],[[-38.556139,-7.6249954],[-38.5570805,-7.626102],[-38.5581976,-7.6266623]],[[-38.556139,-7.6249954],[-38.553953,-7.6227915],[-38.5514103,-7.6189114],[-38.5483365,-7.6174067],[-38.5478456,-7.6144225],[-38.5485685,-7.6128712],[-38.5474594,-7.6088355],[-38.5477692,-7.6062128],[-38.546239,-7.6031487],[-38.5456422,-7.6029041],[-38.5436104,-7.6032704],[-38.5432443,-7.6030856],[-38.5437767,-7.6017463],[-38.5435957,-7.5996952],[-38.543133,-7.5988085],[-38.5438196,-7.5970073],[-38.5436835,-7.5964489],[-38.5384364,-7.5952898],[-38.5378826,-7.5930737],[-38.5368794,-7.5914081],[-38.5327998,-7.5898687],[-38.5299566,-7.5892053],[-38.5290232,-7.588421],[-38.5270599,-7.5884409],[-38.5258099,-7.5900229],[-38.5243267,-7.5899591],[-38.5233329,-7.589313],[-38.5223781,-7.5860999],[-38.5212743,-7.5855443],[-38.5200472,-7.5830477],[-38.5179672,-7.5815309],[-38.5170096,-7.579929],[-38.5153963,-7.5796977],[-38.5122876,-7.5770336],[-38.5109901,-7.5746533],[-38.5053769,-7.571474],[-38.5042785,-7.5705574],[-38.5013723,-7.5621707],[-38.5011135,-7.5602589],[-38.4993225,-7.5582169],[-38.4983133,-7.5563377],[-38.4975381,-7.5536994],[-38.4970607,-7.55304],[-38.497076,-7.5523147]],[[-38.5147161,-7.3140134],[-38.5143603,-7.3125913]],[[-38.5143603,-7.3125913],[-38.5147161,-7.3140134]],[[-38.5147161,-7.3140134],[-38.5141176,-7.314192],[-38.5134785,-7.315406],[-38.511212,-7.3168399],[-38.5090837,-7.3205844],[-38.5064431,-7.321731],[-38.504422,-7.3235147],[-38.5031869,-7.3280958],[-38.5040787,-7.330091],[-38.5039988,-7.3309313],[-38.5027345,-7.3317999],[-38.4958572,-7.3338622],[-38.4942554,-7.3349166],[-38.4928792,-7.336662],[-38.4853301,-7.3434331],[-38.4825971,-7.347747],[-38.4557304,-7.3590709],[-38.4433909,-7.3592144],[-38.4428062,-7.3598898],[-38.4400686,-7.3694563],[-38.440537,-7.3705535],[-38.446557,-7.376854],[-38.4603099,-7.3873809],[-38.4608584,-7.3881824],[-38.461453,-7.3907969],[-38.4618705,-7.3914575],[-38.4655577,-7.3916901],[-38.4666067,-7.3921164],[-38.4792484,-7.4018044],[-38.4797368,-7.4026537],[-38.4798007,-7.4056143],[-38.4784411,-7.4090496],[-38.478529,-7.4100407],[-38.4796853,-7.4128095],[-38.481482,-7.4139864],[-38.4867727,-7.4237179],[-38.490959,-7.4275321],[-38.5009512,-7.4308266],[-38.5037853,-7.4344895],[-38.503449,-7.4405672],[-38.503873,-7.4415411],[-38.5091669,-7.4490999],[-38.5101928,-7.4495831],[-38.514056,-7.4500608],[-38.5150555,-7.4521646],[-38.5151139,-7.4533887],[-38.5132508,-7.4572012],[-38.5131254,-7.4609628],[-38.5111856,-7.4660174],[-38.5143555,-7.4691482],[-38.5162854,-7.4743363],[-38.5201885,-7.5051909],[-38.5196653,-7.5066143],[-38.5124521,-7.5162277],[-38.5040258,-7.5535297]]]}},{"type":"Feature","properties":{"ref":"PB-411","jurisdicao":"estadual","tipo":"secondary","km":47.6},"geometry":{"type":"MultiLineString","coordinates":[[[-38.590663,-6.5773014],[-38.5938932,-6.5771825]],[[-38.5347321,-6.6997715],[-38.5344491,-6.6965967],[-38.5349673,-6.6943462],[-38.5340905,-6.6911087],[-38.5362086,-6.656573],[-38.5384724,-6.653099],[-38.5406429,-6.6513806],[-38.5414368,-6.648141],[-38.5429034,-6.6458844],[-38.547313,-6.6439023],[-38.5483033,-6.6427806],[-38.5501669,-6.6388935],[-38.550832,-6.635494],[-38.5522804,-6.6327125],[-38.5540861,-6.6309834],[-38.5555205,-6.6278316],[-38.5558961,-6.6247303],[-38.55694,-6.6242587],[-38.566491,-6.6233991],[-38.5697888,-6.6199262],[-38.572868,-6.613617],[-38.5766378,-6.6128603],[-38.5818453,-6.6108274],[-38.5846804,-6.6032819],[-38.5855106,-6.5998261],[-38.5854904,-6.5949795],[-38.5845128,-6.5903113],[-38.585583,-6.5849437],[-38.5862643,-6.5842656],[-38.5886568,-6.5839085],[-38.5905786,-6.5831531],[-38.5940695,-6.5810934],[-38.5959363,-6.5807843],[-38.5954925,-6.5780371],[-38.5942393,-6.5783416],[-38.5938932,-6.5771825]],[[-38.5938932,-6.5771825],[-38.590663,-6.5773014]],[[-38.590663,-6.5773014],[-38.5863273,-6.5768342],[-38.5846965,-6.5763012],[-38.5817984,-6.5702473],[-38.5800643,-6.569505],[-38.5796921,-6.5689618],[-38.579925,-6.566749],[-38.5805364,-6.5661467],[-38.5813487,-6.5638838],[-38.5809397,-6.5629979],[-38.5802922,-6.5626029],[-38.5799797,-6.5606278],[-38.5790823,-6.5586302],[-38.5795253,-6.5551089],[-38.5786586,-6.5490405],[-38.5758436,-6.5451684],[-38.5754363,-6.5430249],[-38.5743363,-6.5427314],[-38.5728745,-6.5416345],[-38.571456,-6.5410426],[-38.5702076,-6.5395299],[-38.568335,-6.5382832],[-38.5664628,-6.5365164],[-38.5639355,-6.5317218],[-38.5619125,-6.5304394],[-38.5592209,-6.5270744],[-38.5573199,-6.52663],[-38.5535433,-6.523808],[-38.5534333,-6.5231657],[-38.5467526,-6.5228946],[-38.5453431,-6.5216201],[-38.5437016,-6.5190246],[-38.5417047,-6.5188227],[-38.5408343,-6.5183543],[-38.5388428,-6.514908]],[[-38.5388428,-6.514908],[-38.5387871,-6.514457]],[[-38.5387871,-6.514457],[-38.5388428,-6.514908]],[[-38.5387871,-6.514457],[-38.5395254,-6.5140845],[-38.5420011,-6.5139373],[-38.5421929,-6.5133364],[-38.5416973,-6.5105369],[-38.5439745,-6.5048193],[-38.5464898,-6.5025181],[-38.5470611,-6.4992109],[-38.5467687,-6.4973174],[-38.5460056,-6.4962594],[-38.5461344,-6.4953706],[-38.5454947,-6.4916889],[-38.5435333,-6.4911966],[-38.5414901,-6.4878073],[-38.5422385,-6.4864655],[-38.5419434,-6.483907],[-38.5426033,-6.4830496],[-38.5425275,-6.4824319],[-38.5428527,-6.4819189],[-38.54274,-6.4808662],[-38.5409242,-6.4793231],[-38.5411133,-6.4780639],[-38.542789,-6.4765415],[-38.5434233,-6.4762763],[-38.5444473,-6.4764022],[-38.5449193,-6.4757706],[-38.5445908,-6.4741382],[-38.5421982,-6.4720154],[-38.5440302,-6.4708614],[-38.5445251,-6.4697941],[-38.5450602,-6.469409],[-38.5503361,-6.4692137],[-38.5515142,-6.4684522],[-38.552164,-6.4672529],[-38.5538726,-6.4664187],[-38.5546611,-6.4663374],[-38.5557957,-6.4667971],[-38.5566594,-6.4665613],[-38.5571945,-6.4659829],[-38.5577376,-6.4645078],[-38.5596561,-6.4626095],[-38.5591526,-6.4613937],[-38.5573747,-6.461032],[-38.5564526,-6.4603319],[-38.555644,-6.4587579],[-38.5541025,-6.4576537],[-38.5518895,-6.4567798],[-38.5506695,-6.4551729],[-38.5504764,-6.4535015],[-38.5482685,-6.453811],[-38.5447094,-6.4536835],[-38.5423473,-6.4549097],[-38.5416319,-6.4557697],[-38.5410564,-6.4559787],[-38.5388546,-6.4556626],[-38.5376921,-6.454985],[-38.5349675,-6.4543886],[-38.5338466,-6.4545753],[-38.5321854,-6.4561843],[-38.522694,-6.4554047],[-38.520317,-6.4558374],[-38.5164519,-6.4558249],[-38.5153117,-6.4566882],[-38.5133209,-6.4571193],[-38.5109183,-6.4562044],[-38.5099279,-6.4565149],[-38.5077439,-6.4564256],[-38.5036388,-6.4558073],[-38.499474,-6.4541675],[-38.4966704,-6.4523772],[-38.4944415,-6.4516016],[-38.4920523,-6.4525284],[-38.4902492,-6.4516949],[-38.4847876,-6.4529195]],[[-38.5348412,-6.7005498],[-38.5347034,-6.7001204]],[[-38.5347321,-6.6997715],[-38.5347034,-6.7001204]],[[-38.5347034,-6.7001204],[-38.5347321,-6.6997715]],[[-38.5341351,-6.7000892],[-38.5347321,-6.6997715]],[[-38.5347034,-6.7001204],[-38.5343937,-6.7002359]],[[-38.4832956,-6.4507154],[-38.4847876,-6.4529195]],[[-38.4847876,-6.4529195],[-38.4846281,-6.4530073]],[[-38.4832956,-6.4507154],[-38.4831803,-6.4502021]],[[-38.4831803,-6.4502021],[-38.4832956,-6.4507154]],[[-38.4831695,-6.4488064],[-38.4831803,-6.4502021]]]}},{"type":"Feature","properties":{"ref":"PB-417","jurisdicao":"estadual","tipo":"secondary","km":6.2},"geometry":{"type":"MultiLineString","coordinates":[[[-38.6688534,-6.8584282],[-38.6686563,-6.855969],[-38.6714224,-6.8519618],[-38.6720862,-6.849334],[-38.6713171,-6.8474179],[-38.6694201,-6.8455538],[-38.6686282,-6.8425485],[-38.6710742,-6.8403009],[-38.6726333,-6.8357919],[-38.6698212,-6.8328173],[-38.6680167,-6.8282854],[-38.6621482,-6.8227334],[-38.6579951,-6.8175525]],[[-38.6688534,-6.8584282],[-38.668928,-6.8589763],[-38.6688534,-6.8584282]],[[-38.6566302,-6.8164861],[-38.6544406,-6.8149293],[-38.6532668,-6.8133382]]]}},{"type":"Feature","properties":{"ref":"PB-420","jurisdicao":"estadual","tipo":"secondary","km":12.8},"geometry":{"type":"MultiLineString","coordinates":[[[-38.7208582,-6.9400507],[-38.7145945,-6.9393924],[-38.6820111,-6.9319172],[-38.6752398,-6.9269887],[-38.6740564,-6.9257072]],[[-38.7208582,-6.9400507],[-38.721293,-6.9401439],[-38.7208582,-6.9400507]],[[-38.6740564,-6.9257072],[-38.6735178,-6.9234488]],[[-38.6735178,-6.9234488],[-38.6740564,-6.9257072]],[[-38.6735178,-6.9234488],[-38.6722411,-6.9181633],[-38.6658796,-6.9108007],[-38.6559547,-6.8925489],[-38.6541161,-6.8852621],[-38.6469553,-6.8716413]],[[-38.6469553,-6.8716413],[-38.6466602,-6.8712685]],[[-38.6467867,-6.8711952],[-38.6469553,-6.8716413]]]}}]}