{"type":"FeatureCollection","features":[{"type":"Feature","geometry":{"type":"Point","coordinates":[-35.2073148,-7.1052859]},"properties":{"osm_id":648023082,"osm_type":"node","nome":"Grupo Escolar de Açude do Mato","operador":null,"operador_tipo":null,"nivel":null,"municipio_cod":"2515302","municipio":"Sapé"}},{"type":"Feature","geometry":{"type":"Point","coordinates":[-35.2633399,-7.146431]},"properties":{"osm_id":884419120,"osm_type":"node","nome":null,"operador":null,"operador_tipo":null,"nivel":null,"municipio_cod":"2512762","municipio":"Riachão do Poço"}},{"type":"Feature","geometry":{"type":"Point","coordinates":[-34.844914,-7.094684]},"properties":{"osm_id":1026885492,"osm_type":"node","nome":"Escola Mar e Sol","operador":null,"operador_tipo":null,"nivel":null,"municipio_cod":"2507507","municipio":"João Pessoa"}},{"type":"Feature","geometry":{"type":"Point","coordinates":[-37.0951716,-6.9306809]},"properties":{"osm_id":1813389117,"osm_type":"node","nome":null,"operador":null,"operador_tipo":null,"nivel":null,"municipio_cod":"2514909","municipio":"São Mamede"}},{"type":"Feature","geometry":{"type":"Point","coordinates":[-37.0957823,-6.9271624]},"properties":{"osm_id":1813389119,"osm_type":"node","nome":"Escola Francisco Pergentino","operador":null,"operador_tipo":null,"nivel":null,"municipio_cod":"2514909","municipio":"São Mamede"}},{"type":"Feature","geometry":{"type":"Point","coordinates":[-38.3245213,-6.9140212]},"properties":{"osm_id":1883262296,"osm_type":"node","nome":null,"operador":null,"operador_tipo":null,"nivel":null,"municipio_cod":"2510006","municipio":"Nazarezinho"}},{"type":"Feature","geometry":{"type":"Point","coordinates":[-38.3232231,-6.9196821]},"properties":{"osm_id":1883262297,"osm_type":"node","nome":null,"operador":null,"operador_tipo":null,"nivel":null,"municipio_cod":"2510006","municipio":"Nazarezinho"}},{"type":"Feature","geometry":{"type":"Point","coordinates":[-38.3249397,-6.919469]},"properties":{"osm_id":1883262299,"osm_type":"node","nome":null,"operador":null,"operador_tipo":null,"nivel":null,"municipio_cod":"2510006","municipio":"Nazarezinho"}},{"type":"Feature","geometry":{"type":"Point","coordinates":[-38.3267475,-6.9174507]},"properties":{"osm_id":1883262300,"osm_type":"node","nome":null,"operador":null,"operador_tipo":null,"nivel":null,"municipio_cod":"2510006","municipio":"Nazarezinho"}},{"type":"Feature","geometry":{"type":"Point","coordinates":[-37.27664,-7.0234867]},"properties":{"osm_id":1928103146,"osm_type":"node","nome":"Instituto Educacional Branca de Neve","operador":null,"operador_tipo":null,"nivel":null,"municipio_cod":"2510808","municipio":"Patos"}},{"type":"Feature","geometry":{"type":"Point","coordinates":[-34.8395843,-7.1782615]},"properties":{"osm_id":1993173430,"osm_type":"node","nome":"Escola Estadual de Ensino Fundamental João Roberto Borges de Souza","operador":null,"operador_tipo":null,"nivel":null,"municipio_cod":"2507507","municipio":"João Pessoa"}},{"type":"Feature","geometry":{"type":"Point","coordinates":[-35.4990999,-6.8521341]},"properties":{"osm_id":2081438255,"osm_type":"node","nome":"Centro Educacional Raul de Freitas Mouzinho","operador":null,"operador_tipo":null,"nivel":null,"municipio_cod":"2506301","municipio":"Guarabira"}},{"type":"Feature","geometry":{"type":"Point","coordinates":[-38.1066098,-7.7863779]},"properties":{"osm_id":2147684589,"osm_type":"node","nome":"Escola Municipal","operador":null,"operador_tipo":null,"nivel":null,"municipio_cod":"2514552","municipio":"São José de Princesa"}},{"type":"Feature","geometry":{"type":"Point","coordinates":[-37.9918279,-7.7379444]},"properties":{"osm_id":2148971736,"osm_type":"node","nome":"Escola Estadual Ministro Alcides Vieira Carneiro","operador":null,"operador_tipo":null,"nivel":null,"municipio_cod":"2512309","municipio":"Princesa Isabel"}},{"type":"Feature","geometry":{"type":"Point","coordinates":[-37.9954522,-7.7346853]},"properties":{"osm_id":2148971743,"osm_type":"node","nome":"Escola Estadual Gama e Melo","operador":null,"operador_tipo":null,"nivel":null,"municipio_cod":"2512309","municipio":"Princesa Isabel"}},{"type":"Feature","geometry":{"type":"Point","coordinates":[-37.9894317,-7.7326849]},"properties":{"osm_id":2149371183,"osm_type":"node","nome":"Escola Municipal Nossa Senhora do Rosário","operador":null,"operador_tipo":null,"nivel":null,"municipio_cod":"2512309","municipio":"Princesa Isabel"}},{"type":"Feature","geometry":{"type":"Point","coordinates":[-36.6592844,-7.7970429]},"properties":{"osm_id":2343943940,"osm_type":"node","nome":"ESCOLA MUNICIPAL","operador":null,"operador_tipo":null,"nivel":null,"municipio_cod":"2504702","municipio":"Congo"}},{"type":"Feature","geometry":{"type":"Point","coordinates":[-36.6610376,-7.7949096]},"properties":{"osm_id":2343943949,"osm_type":"node","nome":"ESCOLA ESTADUAL","operador":null,"operador_tipo":null,"nivel":null,"municipio_cod":"2504702","municipio":"Congo"}},{"type":"Feature","geometry":{"type":"Point","coordinates":[-37.4827942,-6.9624575]},"properties":{"osm_id":2493311568,"osm_type":"node","nome":"Escola Municipal Manoel Duarte Sobrinho","operador":"Secretaria Municipal de Educação","operador_tipo":null,"nivel":"2","municipio_cod":"2508802","municipio":"Malta"}},{"type":"Feature","geometry":{"type":"Point","coordinates":[-37.5715946,-6.9201601]},"properties":{"osm_id":2536634303,"osm_type":"node","nome":null,"operador":null,"operador_tipo":null,"nivel":null,"municipio_cod":"2508802","municipio":"Malta"}},{"type":"Feature","geometry":{"type":"Point","coordinates":[-35.6260676,-7.3788513]},"properties":{"osm_id":2667855879,"osm_type":"node","nome":null,"operador":null,"operador_tipo":null,"nivel":null,"municipio_cod":"2507200","municipio":"Itatuba"}},{"type":"Feature","geometry":{"type":"Point","coordinates":[-35.679924,-7.1862659]},"properties":{"osm_id":2672447951,"osm_type":"node","nome":"Grupo Escolar Eduardo Medeiros","operador":null,"operador_tipo":null,"nivel":null,"municipio_cod":"2515807","municipio":"Serra Redonda"}},{"type":"Feature","geometry":{"type":"Point","coordinates":[-35.35009,-7.168561]},"properties":{"osm_id":2672519599,"osm_type":"node","nome":null,"operador":null,"operador_tipo":null,"nivel":null,"municipio_cod":"2503803","municipio":"Caldas Brandão"}},{"type":"Feature","geometry":{"type":"Point","coordinates":[-35.5556908,-7.3022141]},"properties":{"osm_id":2672989568,"osm_type":"node","nome":"Escola Estadual de Ensino Fundamental José Benedito da Silveira","operador":null,"operador_tipo":null,"nivel":null,"municipio_cod":"2509404","municipio":"Mogeiro"}},{"type":"Feature","geometry":{"type":"Point","coordinates":[-35.4791756,-7.3010778]},"properties":{"osm_id":2672989571,"osm_type":"node","nome":"Grupo Escolar","operador":null,"operador_tipo":null,"nivel":null,"municipio_cod":"2509404","municipio":"Mogeiro"}},{"type":"Feature","geometry":{"type":"Point","coordinates":[-35.2578468,-7.260951]},"properties":{"osm_id":2673040335,"osm_type":"node","nome":null,"operador":null,"operador_tipo":null,"nivel":null,"municipio_cod":"2511509","municipio":"Pilar"}},{"type":"Feature","geometry":{"type":"Point","coordinates":[-35.2585335,-7.2674928]},"properties":{"osm_id":2673040336,"osm_type":"node","nome":null,"operador":null,"operador_tipo":null,"nivel":null,"municipio_cod":"2511509","municipio":"Pilar"}},{"type":"Feature","geometry":{"type":"Point","coordinates":[-35.2089839,-7.2489919]},"properties":{"osm_id":2673092122,"osm_type":"node","nome":null,"operador":null,"operador_tipo":null,"nivel":null,"municipio_cod":"2515005","municipio":"São Miguel de Taipu"}},{"type":"Feature","geometry":{"type":"Point","coordinates":[-34.9130402,-7.4337163]},"properties":{"osm_id":2673262215,"osm_type":"node","nome":"Grupo Escolar","operador":null,"operador_tipo":null,"nivel":null,"municipio_cod":"2500601","municipio":"Alhandra"}},{"type":"Feature","geometry":{"type":"Point","coordinates":[-35.3749428,-6.8498554]},"properties":{"osm_id":2673618287,"osm_type":"node","nome":null,"operador":null,"operador_tipo":null,"nivel":null,"municipio_cod":"2500809","municipio":"Araçagi"}},{"type":"Feature","geometry":{"type":"Point","coordinates":[-35.3745003,-6.8498635]},"properties":{"osm_id":2673618290,"osm_type":"node","nome":null,"operador":null,"operador_tipo":null,"nivel":null,"municipio_cod":"2500809","municipio":"Araçagi"}},{"type":"Feature","geometry":{"type":"Point","coordinates":[-35.3877106,-6.8502598]},"properties":{"osm_id":2673618293,"osm_type":"node","nome":null,"operador":null,"operador_tipo":null,"nivel":null,"municipio_cod":"2500809","municipio":"Araçagi"}},{"type":"Feature","geometry":{"type":"Point","coordinates":[-35.3847122,-6.8508587]},"properties":{"osm_id":2673618295,"osm_type":"node","nome":null,"operador":null,"operador_tipo":null,"nivel":null,"municipio_cod":"2500809","municipio":"Araçagi"}},{"type":"Feature","geometry":{"type":"Point","coordinates":[-35.3878326,-6.850893]},"properties":{"osm_id":2673618298,"osm_type":"node","nome":null,"operador":null,"operador_tipo":null,"nivel":null,"municipio_cod":"2500809","municipio":"Araçagi"}},{"type":"Feature","geometry":{"type":"Point","coordinates":[-36.253006,-6.6434364]},"properties":{"osm_id":2674091984,"osm_type":"node","nome":null,"operador":null,"operador_tipo":null,"nivel":null,"municipio_cod":"2501534","municipio":"Baraúna"}},{"type":"Feature","geometry":{"type":"Point","coordinates":[-36.2521095,-6.6436186]},"properties":{"osm_id":2674091989,"osm_type":"node","nome":"EMEF Felipe Rodrigues","operador":"Ana","operador_tipo":null,"nivel":null,"municipio_cod":"2501534","municipio":"Baraúna"}},{"type":"Feature","geometry":{"type":"Point","coordinates":[-36.0208206,-7.4181647]},"properties":{"osm_id":2674148091,"osm_type":"node","nome":null,"operador":null,"operador_tipo":null,"nivel":null,"municipio_cod":"2504355","municipio":"Caturité"}},{"type":"Feature","geometry":{"type":"Point","coordinates":[-37.1264648,-7.8905554]},"properties":{"osm_id":2675035714,"osm_type":"node","nome":"Colégio Nossa Senhora de Lourdes","operador":null,"operador_tipo":null,"nivel":null,"municipio_cod":"2509701","municipio":"Monteiro"}},{"type":"Feature","geometry":{"type":"Point","coordinates":[-37.1172485,-7.8907814]},"properties":{"osm_id":2675035734,"osm_type":"node","nome":"Escola Estadual Santa Filomena","operador":null,"operador_tipo":null,"nivel":null,"municipio_cod":"2509701","municipio":"Monteiro"}},{"type":"Feature","geometry":{"type":"Point","coordinates":[-37.1311531,-7.8940787]},"properties":{"osm_id":2675035738,"osm_type":"node","nome":"Escola José Leite de Souza","operador":null,"operador_tipo":null,"nivel":null,"municipio_cod":"2509701","municipio":"Monteiro"}},{"type":"Feature","geometry":{"type":"Point","coordinates":[-38.0704944,-7.4281778]},"properties":{"osm_id":2675384374,"osm_type":"node","nome":null,"operador":null,"operador_tipo":null,"nivel":null,"municipio_cod":"2511004","municipio":"Pedra Branca"}},{"type":"Feature","geometry":{"type":"Point","coordinates":[-35.5282516,-6.8450904]},"properties":{"osm_id":2675534813,"osm_type":"node","nome":null,"operador":null,"operador_tipo":null,"nivel":null,"municipio_cod":"2511707","municipio":"Pilõezinhos"}},{"type":"Feature","geometry":{"type":"Point","coordinates":[-35.5280846,-6.8451277]},"properties":{"osm_id":2675534814,"osm_type":"node","nome":null,"operador":null,"operador_tipo":null,"nivel":null,"municipio_cod":"2511707","municipio":"Pilõezinhos"}},{"type":"Feature","geometry":{"type":"Point","coordinates":[-34.8106422,-7.4758706]},"properties":{"osm_id":2675578929,"osm_type":"node","nome":"Escola Estadual Fernando Cunha","operador":null,"operador_tipo":null,"nivel":null,"municipio_cod":"2511905","municipio":"Pitimbu"}},{"type":"Feature","geometry":{"type":"Point","coordinates":[-34.8787026,-7.114419]},"properties":{"osm_id":2678753524,"osm_type":"node","nome":"Instituto João XXIII","operador":null,"operador_tipo":null,"nivel":null,"municipio_cod":"2507507","municipio":"João Pessoa"}},{"type":"Feature","geometry":{"type":"Point","coordinates":[-35.2926979,-6.6392155]},"properties":{"osm_id":2684569778,"osm_type":"node","nome":"Escola Estadual Margarida Dias","operador":null,"operador_tipo":null,"nivel":null,"municipio_cod":"2512721","municipio":"Pedro Régis"}},{"type":"Feature","geometry":{"type":"Point","coordinates":[-35.2946701,-6.6415415]},"properties":{"osm_id":2684569785,"osm_type":"node","nome":"Pré Escola Maria Bezerra da Silva","operador":null,"operador_tipo":null,"nivel":null,"municipio_cod":"2512721","municipio":"Pedro Régis"}},{"type":"Feature","geometry":{"type":"Point","coordinates":[-36.1571693,-7.6917768]},"properties":{"osm_id":2684575608,"osm_type":"node","nome":null,"operador":null,"operador_tipo":null,"nivel":null,"municipio_cod":"2512788","municipio":"Riacho de Santo Antônio"}},{"type":"Feature","geometry":{"type":"Point","coordinates":[-36.1563683,-7.6942658]},"properties":{"osm_id":2684575609,"osm_type":"node","nome":null,"operador":null,"operador_tipo":null,"nivel":null,"municipio_cod":"2512788","municipio":"Riacho de Santo Antônio"}},{"type":"Feature","geometry":{"type":"Point","coordinates":[-35.8660338,-7.1023969]},"properties":{"osm_id":2684581140,"osm_type":"node","nome":null,"operador":null,"operador_tipo":null,"nivel":null,"municipio_cod":"2515104","municipio":"São Sebastião de Lagoa de Roça"}},{"type":"Feature","geometry":{"type":"Point","coordinates":[-35.8677216,-7.105813]},"properties":{"osm_id":2684581141,"osm_type":"node","nome":null,"operador":null,"operador_tipo":null,"nivel":null,"municipio_cod":"2515104","municipio":"São Sebastião de Lagoa de Roça"}},{"type":"Feature","geometry":{"type":"Point","coordinates":[-35.440506,-6.7488213]},"properties":{"osm_id":2685134318,"osm_type":"node","nome":null,"operador":null,"operador_tipo":null,"nivel":null,"municipio_cod":"2515930","municipio":"Sertãozinho"}},{"type":"Feature","geometry":{"type":"Point","coordinates":[-35.4402487,-6.7517734]},"properties":{"osm_id":2685134321,"osm_type":"node","nome":null,"operador":null,"operador_tipo":null,"nivel":null,"municipio_cod":"2515930","municipio":"Sertãozinho"}},{"type":"Feature","geometry":{"type":"Point","coordinates":[-35.4393082,-6.7519341]},"properties":{"osm_id":2685134325,"osm_type":"node","nome":null,"operador":null,"operador_tipo":null,"nivel":null,"municipio_cod":"2515930","municipio":"Sertãozinho"}},{"type":"Feature","geometry":{"type":"Point","coordinates":[-35.4418983,-6.7538323]},"properties":{"osm_id":2685134328,"osm_type":"node","nome":null,"operador":null,"operador_tipo":null,"nivel":null,"municipio_cod":"2511806","municipio":"Pirpirituba"}},{"type":"Feature","geometry":{"type":"Point","coordinates":[-36.2458076,-6.7660108]},"properties":{"osm_id":2685161642,"osm_type":"node","nome":null,"operador":null,"operador_tipo":null,"nivel":null,"municipio_cod":"2516151","municipio":"Sossêgo"}},{"type":"Feature","geometry":{"type":"Point","coordinates":[-36.2464371,-6.7674484]},"properties":{"osm_id":2685161645,"osm_type":"node","nome":null,"operador":null,"operador_tipo":null,"nivel":null,"municipio_cod":"2516151","municipio":"Sossêgo"}},{"type":"Feature","geometry":{"type":"Point","coordinates":[-38.1736526,-7.0933871]},"properties":{"osm_id":2685183302,"osm_type":"node","nome":"Colégio Padre Aristides","operador":null,"operador_tipo":null,"nivel":null,"municipio_cod":"2500205","municipio":"Aguiar"}},{"type":"Feature","geometry":{"type":"Point","coordinates":[-38.1707001,-7.0906596]},"properties":{"osm_id":2685183303,"osm_type":"node","nome":null,"operador":null,"operador_tipo":null,"nivel":null,"municipio_cod":"2500205","municipio":"Aguiar"}},{"type":"Feature","geometry":{"type":"Point","coordinates":[-38.1711731,-7.0924044]},"properties":{"osm_id":2685183304,"osm_type":"node","nome":null,"operador":null,"operador_tipo":null,"nivel":null,"municipio_cod":"2500205","municipio":"Aguiar"}},{"type":"Feature","geometry":{"type":"Point","coordinates":[-38.1713829,-7.093411]},"properties":{"osm_id":2685183305,"osm_type":"node","nome":null,"operador":null,"operador_tipo":null,"nivel":null,"municipio_cod":"2500205","municipio":"Aguiar"}},{"type":"Feature","geometry":{"type":"Point","coordinates":[-38.1710739,-7.0973549]},"properties":{"osm_id":2685183306,"osm_type":"node","nome":null,"operador":"Governo do Estado da Paraíba","operador_tipo":"government","nivel":null,"municipio_cod":"2500205","municipio":"Aguiar"}},{"type":"Feature","geometry":{"type":"Point","coordinates":[-35.9992218,-7.5240231]},"properties":{"osm_id":2697149065,"osm_type":"node","nome":null,"operador":null,"operador_tipo":null,"nivel":null,"municipio_cod":"2501575","municipio":"Barra de Santana"}},{"type":"Feature","geometry":{"type":"Point","coordinates":[-35.5373344,-6.6984949]},"properties":{"osm_id":2697162284,"osm_type":"node","nome":"Escola Felino Elizio","operador":null,"operador_tipo":null,"nivel":null,"municipio_cod":"2501906","municipio":"Belém"}},{"type":"Feature","geometry":{"type":"Point","coordinates":[-35.5380135,-6.7005095]},"properties":{"osm_id":2697162285,"osm_type":"node","nome":null,"operador":null,"operador_tipo":null,"nivel":null,"municipio_cod":"2501906","municipio":"Belém"}},{"type":"Feature","geometry":{"type":"Point","coordinates":[-35.5370674,-6.7008305]},"properties":{"osm_id":2697162286,"osm_type":"node","nome":null,"operador":null,"operador_tipo":null,"nivel":null,"municipio_cod":"2501906","municipio":"Belém"}},{"type":"Feature","geometry":{"type":"Point","coordinates":[-34.9000244,-7.46209]},"properties":{"osm_id":2699861719,"osm_type":"node","nome":null,"operador":null,"operador_tipo":null,"nivel":null,"municipio_cod":"2503001","municipio":"Caaporã"}},{"type":"Feature","geometry":{"type":"Point","coordinates":[-34.921772,-7.4644079]},"properties":{"osm_id":2699861724,"osm_type":"node","nome":null,"operador":null,"operador_tipo":null,"nivel":null,"municipio_cod":"2503001","municipio":"Caaporã"}},{"type":"Feature","geometry":{"type":"Point","coordinates":[-34.9280319,-7.4647307]},"properties":{"osm_id":2699861728,"osm_type":"node","nome":null,"operador":null,"operador_tipo":null,"nivel":null,"municipio_cod":"2503001","municipio":"Caaporã"}},{"type":"Feature","geometry":{"type":"Point","coordinates":[-34.9081192,-7.5165009]},"properties":{"osm_id":2699861732,"osm_type":"node","nome":null,"operador":null,"operador_tipo":null,"nivel":null,"municipio_cod":"2503001","municipio":"Caaporã"}},{"type":"Feature","geometry":{"type":"Point","coordinates":[-38.5133018,-7.3114395]},"properties":{"osm_id":2741306506,"osm_type":"node","nome":null,"operador":null,"operador_tipo":null,"nivel":null,"municipio_cod":"2502409","municipio":"Bonito de Santa Fé"}},{"type":"Feature","geometry":{"type":"Point","coordinates":[-38.5148315,-7.314754]},"properties":{"osm_id":2741306507,"osm_type":"node","nome":null,"operador":null,"operador_tipo":null,"nivel":null,"municipio_cod":"2502409","municipio":"Bonito de Santa Fé"}},{"type":"Feature","geometry":{"type":"Point","coordinates":[-38.515522,-7.3168249]},"properties":{"osm_id":2741306508,"osm_type":"node","nome":null,"operador":null,"operador_tipo":null,"nivel":null,"municipio_cod":"2502409","municipio":"Bonito de Santa Fé"}},{"type":"Feature","geometry":{"type":"Point","coordinates":[-35.6564974,-7.2920957]},"properties":{"osm_id":3039210039,"osm_type":"node","nome":"Escola Manoel Grabiel do Nascimento","operador":null,"operador_tipo":null,"nivel":null,"municipio_cod":"2506806","municipio":"Ingá"}},{"type":"Feature","geometry":{"type":"Point","coordinates":[-35.6307563,-7.2865166]},"properties":{"osm_id":3039215073,"osm_type":"node","nome":null,"operador":null,"operador_tipo":null,"nivel":null,"municipio_cod":"2506806","municipio":"Ingá"}},{"type":"Feature","geometry":{"type":"Point","coordinates":[-35.6130215,-7.2927316]},"properties":{"osm_id":3039221338,"osm_type":"node","nome":"Escola Luiz Gonzaga Burity","operador":null,"operador_tipo":null,"nivel":null,"municipio_cod":"2506806","municipio":"Ingá"}},{"type":"Feature","geometry":{"type":"Point","coordinates":[-35.8814413,-7.2383819]},"properties":{"osm_id":3317189975,"osm_type":"node","nome":"Colégio Motiva Catolé","operador":null,"operador_tipo":null,"nivel":null,"municipio_cod":"2504009","municipio":"Campina Grande"}},{"type":"Feature","geometry":{"type":"Point","coordinates":[-35.8577948,-7.1626874]},"properties":{"osm_id":3428638075,"osm_type":"node","nome":null,"operador":null,"operador_tipo":null,"nivel":null,"municipio_cod":"2508307","municipio":"Lagoa Seca"}},{"type":"Feature","geometry":{"type":"Point","coordinates":[-34.8676005,-7.1777328]},"properties":{"osm_id":3773687572,"osm_type":"node","nome":"Escola Municipal Fenelon Câmara","operador":null,"operador_tipo":null,"nivel":null,"municipio_cod":"2507507","municipio":"João Pessoa"}},{"type":"Feature","geometry":{"type":"Point","coordinates":[-37.5189556,-6.9046316]},"properties":{"osm_id":3783374928,"osm_type":"node","nome":"Telecentro","operador":null,"operador_tipo":null,"nivel":null,"municipio_cod":"2508802","municipio":"Malta"}},{"type":"Feature","geometry":{"type":"Point","coordinates":[-35.8556456,-7.2132276]},"properties":{"osm_id":3858010792,"osm_type":"node","nome":"Escola Estadual Irmã Zuleide Porto","operador":null,"operador_tipo":null,"nivel":null,"municipio_cod":"2504009","municipio":"Campina Grande"}},{"type":"Feature","geometry":{"type":"Point","coordinates":[-37.4883995,-6.9389401]},"properties":{"osm_id":3890528162,"osm_type":"node","nome":"Escola Municipal do Sítio Areias","operador":"Secretaria Municipal de Educação","operador_tipo":null,"nivel":"2","municipio_cod":"2508802","municipio":"Malta"}},{"type":"Feature","geometry":{"type":"Point","coordinates":[-35.6242125,-7.0446651]},"properties":{"osm_id":4131397883,"osm_type":"node","nome":"Escola Normal Estadual de Alagoa Grande","operador":null,"operador_tipo":null,"nivel":null,"municipio_cod":"2500304","municipio":"Alagoa Grande"}},{"type":"Feature","geometry":{"type":"Point","coordinates":[-35.6266238,-7.0418487]},"properties":{"osm_id":4131397886,"osm_type":"node","nome":"Escola Estadual de Ensino Fundamental e Médio Padre Hildon Bandeira","operador":null,"operador_tipo":null,"nivel":null,"municipio_cod":"2500304","municipio":"Alagoa Grande"}},{"type":"Feature","geometry":{"type":"Point","coordinates":[-35.625272,-7.0446225]},"properties":{"osm_id":4131397887,"osm_type":"node","nome":"Escola de Demonstração de Alagoa Grande","operador":null,"operador_tipo":null,"nivel":null,"municipio_cod":"2500304","municipio":"Alagoa Grande"}},{"type":"Feature","geometry":{"type":"Point","coordinates":[-37.718174,-6.5416028]},"properties":{"osm_id":4173059490,"osm_type":"node","nome":"Escola Municipal Maria de Lourdes Lima","operador":null,"operador_tipo":null,"nivel":null,"municipio_cod":"2509370","municipio":"Mato Grosso"}},{"type":"Feature","geometry":{"type":"Point","coordinates":[-37.9421335,-6.8179007]},"properties":{"osm_id":4196241589,"osm_type":"node","nome":"Escola Estadual de Ensino Fundamental e Médio","operador":"Secretaria Estadual de Educação","operador_tipo":null,"nivel":null,"municipio_cod":"2513968","municipio":"São Domingos"}},{"type":"Feature","geometry":{"type":"Point","coordinates":[-34.8385962,-7.1523871]},"properties":{"osm_id":4398402599,"osm_type":"node","nome":"Yazigi","operador":null,"operador_tipo":null,"nivel":null,"municipio_cod":"2507507","municipio":"João Pessoa"}},{"type":"Feature","geometry":{"type":"Point","coordinates":[-34.8383727,-7.1524403]},"properties":{"osm_id":4398402605,"osm_type":"node","nome":"Colégio Século","operador":null,"operador_tipo":null,"nivel":null,"municipio_cod":"2507507","municipio":"João Pessoa"}},{"type":"Feature","geometry":{"type":"Point","coordinates":[-36.0367411,-7.4162641]},"properties":{"osm_id":4404570258,"osm_type":"node","nome":"Escola municipal José Cabral de Sousa Filho","operador":null,"operador_tipo":null,"nivel":null,"municipio_cod":"2504355","municipio":"Caturité"}},{"type":"Feature","geometry":{"type":"Point","coordinates":[-34.869055,-7.1061072]},"properties":{"osm_id":4436923351,"osm_type":"node","nome":"Escola Municipal de ensino Fundamental Hugo Moura","operador":null,"operador_tipo":null,"nivel":null,"municipio_cod":"2507507","municipio":"João Pessoa"}},{"type":"Feature","geometry":{"type":"Point","coordinates":[-34.8433,-7.1798016]},"properties":{"osm_id":4466141691,"osm_type":"node","nome":null,"operador":null,"operador_tipo":null,"nivel":null,"municipio_cod":"2507507","municipio":"João Pessoa"}},{"type":"Feature","geometry":{"type":"Point","coordinates":[-35.6321402,-7.0369358]},"properties":{"osm_id":4514548841,"osm_type":"node","nome":null,"operador":null,"operador_tipo":null,"nivel":null,"municipio_cod":"2500304","municipio":"Alagoa Grande"}},{"type":"Feature","geometry":{"type":"Point","coordinates":[-35.6304076,-7.038799]},"properties":{"osm_id":4514548842,"osm_type":"node","nome":"Apolonio Zenaide","operador":null,"operador_tipo":null,"nivel":null,"municipio_cod":"2500304","municipio":"Alagoa Grande"}},{"type":"Feature","geometry":{"type":"Point","coordinates":[-34.8398344,-7.1512664]},"properties":{"osm_id":4551385283,"osm_type":"node","nome":"Escola Municipal Lions Tambaú","operador":null,"operador_tipo":null,"nivel":null,"municipio_cod":"2507507","municipio":"João Pessoa"}},{"type":"Feature","geometry":{"type":"Point","coordinates":[-37.9884295,-7.7363258]},"properties":{"osm_id":4663838139,"osm_type":"node","nome":"Escola Estadual Professora Iracema Marques de Lima","operador":null,"operador_tipo":null,"nivel":null,"municipio_cod":"2512309","municipio":"Princesa Isabel"}},{"type":"Feature","geometry":{"type":"Point","coordinates":[-37.977981,-7.7386319]},"properties":{"osm_id":4663838140,"osm_type":"node","nome":"Escola Municipal Professora Alice Maia","operador":null,"operador_tipo":null,"nivel":null,"municipio_cod":"2512309","municipio":"Princesa Isabel"}},{"type":"Feature","geometry":{"type":"Point","coordinates":[-37.9977071,-7.7330299]},"properties":{"osm_id":4663838142,"osm_type":"node","nome":"Creche Comunitária Inês Diniz","operador":null,"operador_tipo":null,"nivel":null,"municipio_cod":"2512309","municipio":"Princesa Isabel"}},{"type":"Feature","geometry":{"type":"Point","coordinates":[-35.6086734,-7.2888128]},"properties":{"osm_id":4695694820,"osm_type":"node","nome":"Centro Educacional Sonho de Eloí","operador":null,"operador_tipo":null,"nivel":null,"municipio_cod":"2506806","municipio":"Ingá"}},{"type":"Feature","geometry":{"type":"Point","coordinates":[-38.2340664,-6.7588803]},"properties":{"osm_id":4717536893,"osm_type":"node","nome":"Sonho De Criança","operador":null,"operador_tipo":null,"nivel":null,"municipio_cod":"2516201","municipio":"Sousa"}},{"type":"Feature","geometry":{"type":"Point","coordinates":[-34.8736307,-7.1780876]},"properties":{"osm_id":4812641324,"osm_type":"node","nome":"JPI Idiomas","operador":null,"operador_tipo":null,"nivel":null,"municipio_cod":"2507507","municipio":"João Pessoa"}},{"type":"Feature","geometry":{"type":"Point","coordinates":[-38.6590378,-6.8193156]},"properties":{"osm_id":4865552866,"osm_type":"node","nome":"Centro Cultural Deputado Edme Tavares","operador":null,"operador_tipo":null,"nivel":null,"municipio_cod":"2502201","municipio":"Bom Jesus"}},{"type":"Feature","geometry":{"type":"Point","coordinates":[-34.8525046,-7.1585464]},"properties":{"osm_id":4879111323,"osm_type":"node","nome":"Auditório","operador":null,"operador_tipo":null,"nivel":null,"municipio_cod":"2507507","municipio":"João Pessoa"}},{"type":"Feature","geometry":{"type":"Point","coordinates":[-37.2994924,-7.180055]},"properties":{"osm_id":4943999724,"osm_type":"node","nome":"Escola Municipal Francisco Cavalcante do Bonfim","operador":null,"operador_tipo":null,"nivel":null,"municipio_cod":"2514602","municipio":"São José do Bonfim"}},{"type":"Feature","geometry":{"type":"Point","coordinates":[-37.3036213,-7.1358229]},"properties":{"osm_id":4943999726,"osm_type":"node","nome":"Escola Municipal Josefa Gomes da Costa","operador":null,"operador_tipo":null,"nivel":null,"municipio_cod":"2514602","municipio":"São José do Bonfim"}},{"type":"Feature","geometry":{"type":"Point","coordinates":[-37.2860077,-7.0727379]},"properties":{"osm_id":4955708138,"osm_type":"node","nome":"Escola Municipal Alfredo Lustosa Cabral","operador":null,"operador_tipo":null,"nivel":null,"municipio_cod":"2510808","municipio":"Patos"}},{"type":"Feature","geometry":{"type":"Point","coordinates":[-37.6512949,-7.0220258]},"properties":{"osm_id":4969352023,"osm_type":"node","nome":"Escola Estadual de Itajubatiba","operador":null,"operador_tipo":null,"nivel":null,"municipio_cod":"2504207","municipio":"Catingueira"}},{"type":"Feature","geometry":{"type":"Point","coordinates":[-37.8177436,-7.5452496]},"properties":{"osm_id":4975400722,"osm_type":"node","nome":"EMEIF Rita Pires Teixeira","operador":null,"operador_tipo":null,"nivel":null,"municipio_cod":"2508000","municipio":"Juru"}},{"type":"Feature","geometry":{"type":"Point","coordinates":[-37.1157686,-7.0901724]},"properties":{"osm_id":5002163430,"osm_type":"node","nome":"Grupo Escolar Municipal","operador":null,"operador_tipo":null,"nivel":null,"municipio_cod":"2512606","municipio":"Quixaba"}},{"type":"Feature","geometry":{"type":"Point","coordinates":[-37.0649971,-7.1190543]},"properties":{"osm_id":5002163432,"osm_type":"node","nome":"ENEF José Braz do Nascimento","operador":null,"operador_tipo":null,"nivel":null,"municipio_cod":"2510709","municipio":"Passagem"}},{"type":"Feature","geometry":{"type":"Point","coordinates":[-36.7852172,-7.0865251]},"properties":{"osm_id":5002188231,"osm_type":"node","nome":"Escola Municipal Inácia Jacinta de Morais","operador":null,"operador_tipo":null,"nivel":null,"municipio_cod":"2513000","municipio":"Salgadinho"}},{"type":"Feature","geometry":{"type":"Point","coordinates":[-37.6688453,-7.5235742]},"properties":{"osm_id":5046838827,"osm_type":"node","nome":"EMEF Manoel Gonçalves de Moura","operador":null,"operador_tipo":null,"nivel":null,"municipio_cod":"2500106","municipio":"Água Branca"}},{"type":"Feature","geometry":{"type":"Point","coordinates":[-34.8389822,-7.1536026]},"properties":{"osm_id":5067912383,"osm_type":"node","nome":"Colegio Top","operador":null,"operador_tipo":null,"nivel":null,"municipio_cod":"2507507","municipio":"João Pessoa"}},{"type":"Feature","geometry":{"type":"Point","coordinates":[-34.9063032,-7.2559825]},"properties":{"osm_id":5116396473,"osm_type":"node","nome":"EEEF Professora de Almeida Ribeiro","operador":null,"operador_tipo":null,"nivel":null,"municipio_cod":"2504603","municipio":"Conde"}},{"type":"Feature","geometry":{"type":"Point","coordinates":[-35.6354454,-6.754556]},"properties":{"osm_id":5152119822,"osm_type":"node","nome":"Escola municipal Emília de Oliveira neves","operador":null,"operador_tipo":null,"nivel":null,"municipio_cod":"2501500","municipio":"Bananeiras"}},{"type":"Feature","geometry":{"type":"Point","coordinates":[-34.984002,-7.2542861]},"properties":{"osm_id":5169834828,"osm_type":"node","nome":"EMEIF Deputado Flaviano Ribeiro Filho","operador":"Prefeitura Municipal","operador_tipo":null,"nivel":null,"municipio_cod":"2513703","municipio":"Santa Rita"}},{"type":"Feature","geometry":{"type":"Point","coordinates":[-35.9470109,-7.2084695]},"properties":{"osm_id":5198314222,"osm_type":"node","nome":"Escola Estadual Irmã Joaquina Sampaio","operador":null,"operador_tipo":null,"nivel":null,"municipio_cod":"2504009","municipio":"Campina Grande"}},{"type":"Feature","geometry":{"type":"Point","coordinates":[-35.8679683,-7.2211322]},"properties":{"osm_id":5204026721,"osm_type":"node","nome":"Escola Sonho e Realidade","operador":null,"operador_tipo":null,"nivel":null,"municipio_cod":"2504009","municipio":"Campina Grande"}},{"type":"Feature","geometry":{"type":"Point","coordinates":[-37.4417326,-7.0851479]},"properties":{"osm_id":5232857925,"osm_type":"node","nome":"Instituto educacional Ângelo filho","operador":null,"operador_tipo":null,"nivel":null,"municipio_cod":"2513802","municipio":"Santa Teresinha"}},{"type":"Feature","geometry":{"type":"Point","coordinates":[-37.4476293,-7.08526]},"properties":{"osm_id":5233777621,"osm_type":"node","nome":"Escola Sta Teresinha","operador":null,"operador_tipo":null,"nivel":null,"municipio_cod":"2513802","municipio":"Santa Teresinha"}},{"type":"Feature","geometry":{"type":"Point","coordinates":[-37.4435236,-7.0844671]},"properties":{"osm_id":5241606124,"osm_type":"node","nome":"Escola Alice Carneiro","operador":null,"operador_tipo":null,"nivel":null,"municipio_cod":"2513802","municipio":"Santa Teresinha"}},{"type":"Feature","geometry":{"type":"Point","coordinates":[-35.9183366,-7.2192118]},"properties":{"osm_id":5267150423,"osm_type":"node","nome":"Escola Municipal Manuel Francisco da Motta","operador":null,"operador_tipo":null,"nivel":null,"municipio_cod":"2504009","municipio":"Campina Grande"}},{"type":"Feature","geometry":{"type":"Point","coordinates":[-36.847269,-7.1034706]},"properties":{"osm_id":5293711823,"osm_type":"node","nome":"Escola Municipal Gabriela Maria de Araújo","operador":null,"operador_tipo":null,"nivel":null,"municipio_cod":"2513000","municipio":"Salgadinho"}},{"type":"Feature","geometry":{"type":"Point","coordinates":[-37.929478,-6.4464659]},"properties":{"osm_id":5499036227,"osm_type":"node","nome":"Escola Dr. José Paz de Lima","operador":null,"operador_tipo":null,"nivel":null,"municipio_cod":"2502300","municipio":"Bom Sucesso"}},{"type":"Feature","geometry":{"type":"Point","coordinates":[-37.9303508,-6.4471733]},"properties":{"osm_id":5499048040,"osm_type":"node","nome":"Escola Municipal Balbina de Almeida Oliveira","operador":null,"operador_tipo":null,"nivel":null,"municipio_cod":"2502300","municipio":"Bom Sucesso"}},{"type":"Feature","geometry":{"type":"Point","coordinates":[-34.8657344,-7.1831355]},"properties":{"osm_id":5550131649,"osm_type":"node","nome":"Escola Estadual Milton Campos","operador":null,"operador_tipo":null,"nivel":null,"municipio_cod":"2507507","municipio":"João Pessoa"}},{"type":"Feature","geometry":{"type":"Point","coordinates":[-35.4662889,-7.0310053]},"properties":{"osm_id":5570016822,"osm_type":"node","nome":"Centro Educacional de Ensino Fundamental Epaminondas Torres de Aquino","operador":null,"operador_tipo":null,"nivel":null,"municipio_cod":"2509800","municipio":"Mulungu"}},{"type":"Feature","geometry":{"type":"Point","coordinates":[-35.4636255,-7.0314205]},"properties":{"osm_id":5570022622,"osm_type":"node","nome":"Escola de Reforços Doce Mel","operador":null,"operador_tipo":null,"nivel":null,"municipio_cod":"2509800","municipio":"Mulungu"}},{"type":"Feature","geometry":{"type":"Point","coordinates":[-35.4688028,-7.0315201]},"properties":{"osm_id":5570023924,"osm_type":"node","nome":"Grupo Escolar","operador":null,"operador_tipo":null,"nivel":null,"municipio_cod":"2509800","municipio":"Mulungu"}},{"type":"Feature","geometry":{"type":"Point","coordinates":[-35.4666659,-7.0343408]},"properties":{"osm_id":5570023940,"osm_type":"node","nome":"ESCOLA MUNICIPAL","operador":null,"operador_tipo":null,"nivel":null,"municipio_cod":"2509800","municipio":"Mulungu"}},{"type":"Feature","geometry":{"type":"Point","coordinates":[-35.4653608,-7.0264388]},"properties":{"osm_id":5570050524,"osm_type":"node","nome":"Escola Estadual de Ensino Médio","operador":null,"operador_tipo":null,"nivel":null,"municipio_cod":"2509800","municipio":"Mulungu"}},{"type":"Feature","geometry":{"type":"Point","coordinates":[-35.476839,-6.9942598]},"properties":{"osm_id":5570073021,"osm_type":"node","nome":"ESCOLA MUNICIPAL","operador":null,"operador_tipo":null,"nivel":null,"municipio_cod":"2509800","municipio":"Mulungu"}},{"type":"Feature","geometry":{"type":"Point","coordinates":[-35.8952021,-7.2217291]},"properties":{"osm_id":5607725980,"osm_type":"node","nome":"Yázigi","operador":null,"operador_tipo":null,"nivel":null,"municipio_cod":"2504009","municipio":"Campina Grande"}},{"type":"Feature","geometry":{"type":"Point","coordinates":[-36.8765056,-7.6682239]},"properties":{"osm_id":5619964822,"osm_type":"node","nome":"EEEFM José Gonçalves de Queiroz","operador":null,"operador_tipo":null,"nivel":null,"municipio_cod":"2516300","municipio":"Sumé"}},{"type":"Feature","geometry":{"type":"Point","coordinates":[-36.9888205,-6.7710147]},"properties":{"osm_id":5633491670,"osm_type":"node","nome":"EMEIF Sandoval Rúbens de Figueiredo","operador":"Prefetura de Várzea-PB","operador_tipo":"public","nivel":null,"municipio_cod":"2517100","municipio":"Várzea"}},{"type":"Feature","geometry":{"type":"Point","coordinates":[-36.9884666,-6.7710682]},"properties":{"osm_id":5633491672,"osm_type":"node","nome":"Creche Municipal","operador":null,"operador_tipo":null,"nivel":null,"municipio_cod":"2517100","municipio":"Várzea"}},{"type":"Feature","geometry":{"type":"Point","coordinates":[-35.9090052,-7.1685829]},"properties":{"osm_id":5640352623,"osm_type":"node","nome":"Escola Estadual Severiano Pedro do Nascimento","operador":null,"operador_tipo":null,"nivel":null,"municipio_cod":"2512408","municipio":"Puxinanã"}},{"type":"Feature","geometry":{"type":"Point","coordinates":[-35.9094612,-7.1670075]},"properties":{"osm_id":5640352624,"osm_type":"node","nome":"Escola José André da Rocha","operador":null,"operador_tipo":null,"nivel":null,"municipio_cod":"2508307","municipio":"Lagoa Seca"}},{"type":"Feature","geometry":{"type":"Point","coordinates":[-35.9095607,-7.1675279]},"properties":{"osm_id":5640352625,"osm_type":"node","nome":"Escola Marizete Raposo Nascimento","operador":null,"operador_tipo":null,"nivel":null,"municipio_cod":"2512408","municipio":"Puxinanã"}},{"type":"Feature","geometry":{"type":"Point","coordinates":[-38.4050633,-6.5147935]},"properties":{"osm_id":5841896066,"osm_type":"node","nome":"Escola Municipal Lica Duarte","operador":null,"operador_tipo":null,"nivel":null,"municipio_cod":"2516904","municipio":"Uiraúna"}},{"type":"Feature","geometry":{"type":"Point","coordinates":[-38.4079318,-6.518469]},"properties":{"osm_id":5842185229,"osm_type":"node","nome":"Escola Jovelina Gomes","operador":null,"operador_tipo":null,"nivel":null,"municipio_cod":"2516904","municipio":"Uiraúna"}},{"type":"Feature","geometry":{"type":"Point","coordinates":[-38.4135506,-6.5245456]},"properties":{"osm_id":5842245571,"osm_type":"node","nome":"Escola Estadual Dr. Jose Duarte Filho","operador":null,"operador_tipo":null,"nivel":null,"municipio_cod":"2516904","municipio":"Uiraúna"}},{"type":"Feature","geometry":{"type":"Point","coordinates":[-38.416371,-6.5114536]},"properties":{"osm_id":5842245572,"osm_type":"node","nome":"Escola Ernani Satiro","operador":null,"operador_tipo":null,"nivel":null,"municipio_cod":"2516904","municipio":"Uiraúna"}},{"type":"Feature","geometry":{"type":"Point","coordinates":[-38.4128979,-6.5242031]},"properties":{"osm_id":5842432095,"osm_type":"node","nome":"Escola Municipal Benevenuto Mariano","operador":null,"operador_tipo":null,"nivel":null,"municipio_cod":"2516904","municipio":"Uiraúna"}},{"type":"Feature","geometry":{"type":"Point","coordinates":[-35.701745,-6.9684858]},"properties":{"osm_id":5913898403,"osm_type":"node","nome":"Sistema Educacional Areiense","operador":"Graça Silva","operador_tipo":null,"nivel":null,"municipio_cod":"2501104","municipio":"Areia"}},{"type":"Feature","geometry":{"type":"Point","coordinates":[-35.6912403,-6.9683694]},"properties":{"osm_id":5913935467,"osm_type":"node","nome":null,"operador":null,"operador_tipo":null,"nivel":null,"municipio_cod":"2501104","municipio":"Areia"}},{"type":"Feature","geometry":{"type":"Point","coordinates":[-34.8468895,-7.1150281]},"properties":{"osm_id":6041727637,"osm_type":"node","nome":"CEEEA Sesquicentenário","operador":null,"operador_tipo":null,"nivel":null,"municipio_cod":"2507507","municipio":"João Pessoa"}},{"type":"Feature","geometry":{"type":"Point","coordinates":[-37.9543101,-7.0208992]},"properties":{"osm_id":6080283811,"osm_type":"node","nome":"Escola Flórito Nitão de Diniz","operador":null,"operador_tipo":null,"nivel":null,"municipio_cod":"2504801","municipio":"Coremas"}},{"type":"Feature","geometry":{"type":"Point","coordinates":[-37.9414961,-7.018437]},"properties":{"osm_id":6093018003,"osm_type":"node","nome":"Instituto Educacional A Esperança Do Amanhã","operador":null,"operador_tipo":null,"nivel":null,"municipio_cod":"2504801","municipio":"Coremas"}},{"type":"Feature","geometry":{"type":"Point","coordinates":[-37.9360957,-7.0211296]},"properties":{"osm_id":6299744484,"osm_type":"node","nome":"Creche Municipal Sinhá Nunes","operador":null,"operador_tipo":null,"nivel":null,"municipio_cod":"2504801","municipio":"Coremas"}},{"type":"Feature","geometry":{"type":"Point","coordinates":[-36.0478167,-7.1656795]},"properties":{"osm_id":6311787886,"osm_type":"node","nome":"E M Pinheiro Guedes","operador":null,"operador_tipo":null,"nivel":null,"municipio_cod":"2504009","municipio":"Campina Grande"}},{"type":"Feature","geometry":{"type":"Point","coordinates":[-35.6785025,-7.1812131]},"properties":{"osm_id":6385733183,"osm_type":"node","nome":"Ruy Carneiro","operador":null,"operador_tipo":null,"nivel":null,"municipio_cod":"2515807","municipio":"Serra Redonda"}},{"type":"Feature","geometry":{"type":"Point","coordinates":[-37.5225035,-6.9054049]},"properties":{"osm_id":6418551185,"osm_type":"node","nome":"Escola Bom Jesus","operador":null,"operador_tipo":null,"nivel":null,"municipio_cod":"2508802","municipio":"Malta"}},{"type":"Feature","geometry":{"type":"Point","coordinates":[-35.7701829,-6.6566215]},"properties":{"osm_id":6444223150,"osm_type":"node","nome":"Escola Municipal Benedito Ditoso de Lima","operador":null,"operador_tipo":null,"nivel":null,"municipio_cod":"2503506","municipio":"Cacimba de Dentro"}},{"type":"Feature","geometry":{"type":"Point","coordinates":[-35.7924507,-6.6412325]},"properties":{"osm_id":6445073084,"osm_type":"node","nome":"Escola São Bento","operador":null,"operador_tipo":null,"nivel":null,"municipio_cod":"2503506","municipio":"Cacimba de Dentro"}},{"type":"Feature","geometry":{"type":"Point","coordinates":[-35.8445035,-6.5813082]},"properties":{"osm_id":6448098201,"osm_type":"node","nome":"Escola Presidente José Sarney","operador":null,"operador_tipo":null,"nivel":null,"municipio_cod":"2503506","municipio":"Cacimba de Dentro"}},{"type":"Feature","geometry":{"type":"Point","coordinates":[-35.8813952,-6.5950461]},"properties":{"osm_id":6448098353,"osm_type":"node","nome":"Escola Francisco Dero dos Santos","operador":null,"operador_tipo":null,"nivel":null,"municipio_cod":"2505352","municipio":"Damião"}},{"type":"Feature","geometry":{"type":"Point","coordinates":[-35.8103941,-6.6326885]},"properties":{"osm_id":6455972718,"osm_type":"node","nome":"Escola Municipal João Bandeira de Moura","operador":null,"operador_tipo":null,"nivel":null,"municipio_cod":"2503506","municipio":"Cacimba de Dentro"}},{"type":"Feature","geometry":{"type":"Point","coordinates":[-35.8670931,-6.6307549]},"properties":{"osm_id":6455972743,"osm_type":"node","nome":"Escola Municipal Tancredo de Almeida Neves","operador":null,"operador_tipo":null,"nivel":null,"municipio_cod":"2503506","municipio":"Cacimba de Dentro"}},{"type":"Feature","geometry":{"type":"Point","coordinates":[-35.4264102,-6.4970006]},"properties":{"osm_id":6476794075,"osm_type":"node","nome":null,"operador":null,"operador_tipo":null,"nivel":null,"municipio_cod":"2508554","municipio":"Logradouro"}},{"type":"Feature","geometry":{"type":"Point","coordinates":[-35.9459805,-7.2523999]},"properties":{"osm_id":6535984201,"osm_type":"node","nome":"Instituto Nacional do Semiárido","operador":null,"operador_tipo":null,"nivel":null,"municipio_cod":"2504009","municipio":"Campina Grande"}},{"type":"Feature","geometry":{"type":"Point","coordinates":[-35.822916,-7.1874737]},"properties":{"osm_id":6587831271,"osm_type":"node","nome":"EMEIEF Zezito Ribeiro","operador":null,"operador_tipo":null,"nivel":null,"municipio_cod":"2508307","municipio":"Lagoa Seca"}},{"type":"Feature","geometry":{"type":"Point","coordinates":[-34.8540752,-7.0359583]},"properties":{"osm_id":6790723758,"osm_type":"node","nome":"Escola Estadual de Ensino Fundamental Augusto Severo","operador":null,"operador_tipo":null,"nivel":null,"municipio_cod":"2503209","municipio":"Cabedelo"}},{"type":"Feature","geometry":{"type":"Point","coordinates":[-34.8506752,-7.0366151]},"properties":{"osm_id":6790723775,"osm_type":"node","nome":"Escola Municipal Vereador Pedro Américo da Silva","operador":null,"operador_tipo":null,"nivel":null,"municipio_cod":"2503209","municipio":"Cabedelo"}},{"type":"Feature","geometry":{"type":"Point","coordinates":[-34.8416978,-7.1755322]},"properties":{"osm_id":6848969654,"osm_type":"node","nome":"ESCOLA MUNICIPAL DAVID TRINDAD","operador":null,"operador_tipo":null,"nivel":null,"municipio_cod":"2507507","municipio":"João Pessoa"}},{"type":"Feature","geometry":{"type":"Point","coordinates":[-35.8855361,-7.2198404]},"properties":{"osm_id":7228212605,"osm_type":"node","nome":"Colégio Imaculada Conceição Damas","operador":null,"operador_tipo":"private","nivel":null,"municipio_cod":"2504009","municipio":"Campina Grande"}},{"type":"Feature","geometry":{"type":"Point","coordinates":[-34.8671464,-7.1777499]},"properties":{"osm_id":7275728774,"osm_type":"node","nome":"Escola Cenecista João Régis Amorim","operador":null,"operador_tipo":null,"nivel":null,"municipio_cod":"2507507","municipio":"João Pessoa"}},{"type":"Feature","geometry":{"type":"Point","coordinates":[-34.8715108,-7.1812479]},"properties":{"osm_id":7276082418,"osm_type":"node","nome":"Escola Municipal José Eugênio Lins de Albuquerque","operador":null,"operador_tipo":null,"nivel":null,"municipio_cod":"2507507","municipio":"João Pessoa"}},{"type":"Feature","geometry":{"type":"Point","coordinates":[-34.8774866,-7.1153711]},"properties":{"osm_id":7278499327,"osm_type":"node","nome":"Escola Estadual Epitácio Pessoa","operador":null,"operador_tipo":null,"nivel":null,"municipio_cod":"2507507","municipio":"João Pessoa"}},{"type":"Feature","geometry":{"type":"Point","coordinates":[-36.5746065,-7.0685757]},"properties":{"osm_id":7576284917,"osm_type":"node","nome":"Escola Municipal Severino Marinheiro","operador":null,"operador_tipo":null,"nivel":null,"municipio_cod":"2507705","municipio":"Juazeirinho"}},{"type":"Feature","geometry":{"type":"Point","coordinates":[-36.4402017,-7.6591418]},"properties":{"osm_id":7615501818,"osm_type":"node","nome":"Escola Municipal do Sitio Pau Ferro","operador":null,"operador_tipo":null,"nivel":null,"municipio_cod":"2513943","municipio":"São Domingos do Cariri"}},{"type":"Feature","geometry":{"type":"Point","coordinates":[-38.1794867,-6.5205149]},"properties":{"osm_id":7779382680,"osm_type":"node","nome":null,"operador":null,"operador_tipo":null,"nivel":null,"municipio_cod":"2508406","municipio":"Lastro"}},{"type":"Feature","geometry":{"type":"Point","coordinates":[-38.1789365,-6.5202573]},"properties":{"osm_id":7784119061,"osm_type":"node","nome":null,"operador":null,"operador_tipo":null,"nivel":null,"municipio_cod":"2508406","municipio":"Lastro"}},{"type":"Feature","geometry":{"type":"Point","coordinates":[-38.6412452,-6.7170583]},"properties":{"osm_id":7784326939,"osm_type":"node","nome":"EMEFNNM Pe. José de Anchieta","operador":null,"operador_tipo":null,"nivel":null,"municipio_cod":"2513307","municipio":"Santa Helena"}},{"type":"Feature","geometry":{"type":"Point","coordinates":[-38.6390297,-6.7178201]},"properties":{"osm_id":7784326940,"osm_type":"node","nome":null,"operador":null,"operador_tipo":null,"nivel":null,"municipio_cod":"2513307","municipio":"Santa Helena"}},{"type":"Feature","geometry":{"type":"Point","coordinates":[-38.6411111,-6.7175804]},"properties":{"osm_id":7784326941,"osm_type":"node","nome":"EEEFM Elaine Soares Brasileiro","operador":null,"operador_tipo":null,"nivel":null,"municipio_cod":"2513307","municipio":"Santa Helena"}},{"type":"Feature","geometry":{"type":"Point","coordinates":[-34.9768494,-6.9734257]},"properties":{"osm_id":7960165703,"osm_type":"node","nome":"EMEF Emília Cavalcante de Morais Neta","operador":null,"operador_tipo":null,"nivel":null,"municipio_cod":"2513703","municipio":"Santa Rita"}},{"type":"Feature","geometry":{"type":"Point","coordinates":[-35.1412849,-7.1419195]},"properties":{"osm_id":7996106671,"osm_type":"node","nome":null,"operador":null,"operador_tipo":null,"nivel":null,"municipio_cod":"2504900","municipio":"Cruz do Espírito Santo"}},{"type":"Feature","geometry":{"type":"Point","coordinates":[-34.9126965,-7.1408249]},"properties":{"osm_id":8066089111,"osm_type":"node","nome":null,"operador":null,"operador_tipo":null,"nivel":null,"municipio_cod":"2507507","municipio":"João Pessoa"}},{"type":"Feature","geometry":{"type":"Point","coordinates":[-34.9140858,-7.1371697]},"properties":{"osm_id":8066089115,"osm_type":"node","nome":null,"operador":null,"operador_tipo":null,"nivel":null,"municipio_cod":"2507507","municipio":"João Pessoa"}},{"type":"Feature","geometry":{"type":"Point","coordinates":[-34.9141789,-7.136728]},"properties":{"osm_id":8066089116,"osm_type":"node","nome":null,"operador":null,"operador_tipo":null,"nivel":null,"municipio_cod":"2507507","municipio":"João Pessoa"}},{"type":"Feature","geometry":{"type":"Point","coordinates":[-34.8215226,-7.1393151]},"properties":{"osm_id":8445394353,"osm_type":"node","nome":"Colégio Motiva Oriental","operador":null,"operador_tipo":null,"nivel":null,"municipio_cod":"2507507","municipio":"João Pessoa"}},{"type":"Feature","geometry":{"type":"Point","coordinates":[-35.2843233,-6.6200669]},"properties":{"osm_id":8640915430,"osm_type":"node","nome":null,"operador":null,"operador_tipo":null,"nivel":null,"municipio_cod":"2507309","municipio":"Jacaraú"}},{"type":"Feature","geometry":{"type":"Point","coordinates":[-36.0021761,-6.6847675]},"properties":{"osm_id":8657425678,"osm_type":"node","nome":"Escola Antonio Ezequiel Martins Casado - EMEF do Distrito de Telha","operador":null,"operador_tipo":null,"nivel":null,"municipio_cod":"2501609","municipio":"Barra de Santa Rosa"}},{"type":"Feature","geometry":{"type":"Point","coordinates":[-37.5688206,-6.7376407]},"properties":{"osm_id":8668759327,"osm_type":"node","nome":"ECI Manoel Medeiros de Araújo","operador":"Governo do Estado da Paraíba","operador_tipo":"government","nivel":null,"municipio_cod":"2505501","municipio":"Vista Serrana"}},{"type":"Feature","geometry":{"type":"Point","coordinates":[-37.7237969,-6.8904447]},"properties":{"osm_id":8668784705,"osm_type":"node","nome":"Escola Municipal Joaquina Cassimira da Conceição","operador":null,"operador_tipo":null,"nivel":null,"municipio_cod":"2513927","municipio":"São Bentinho"}},{"type":"Feature","geometry":{"type":"Point","coordinates":[-34.9104308,-7.135975]},"properties":{"osm_id":8750947373,"osm_type":"node","nome":"Centro Pastoral Educativo  Padre Mazza","operador":"Istituto della Carità del Sacro Cuore – Suore di Don Nicola Mazza","operador_tipo":null,"nivel":null,"municipio_cod":"2507507","municipio":"João Pessoa"}},{"type":"Feature","geometry":{"type":"Point","coordinates":[-37.9322204,-6.4430882]},"properties":{"osm_id":8930537663,"osm_type":"node","nome":"Colégio Estadual ECI Padre Aristides","operador":null,"operador_tipo":null,"nivel":null,"municipio_cod":"2502300","municipio":"Bom Sucesso"}},{"type":"Feature","geometry":{"type":"Point","coordinates":[-37.6340221,-7.4023046]},"properties":{"osm_id":9029307517,"osm_type":"node","nome":"Grupo Escolar Idelfonso Bento de Araújo","operador":null,"operador_tipo":null,"nivel":null,"municipio_cod":"2506707","municipio":"Imaculada"}},{"type":"Feature","geometry":{"type":"Point","coordinates":[-37.5950332,-7.4167914]},"properties":{"osm_id":9037880018,"osm_type":"node","nome":"Grupo Escolar Municipal","operador":null,"operador_tipo":null,"nivel":null,"municipio_cod":"2506707","municipio":"Imaculada"}},{"type":"Feature","geometry":{"type":"Point","coordinates":[-37.4701673,-7.3110719]},"properties":{"osm_id":9067267317,"osm_type":"node","nome":"Grupo Escolar João Pereira de Melo","operador":null,"operador_tipo":null,"nivel":null,"municipio_cod":"2508703","municipio":"Mãe d'Água"}},{"type":"Feature","geometry":{"type":"Point","coordinates":[-37.5360426,-7.3003779]},"properties":{"osm_id":9067267417,"osm_type":"node","nome":"Grupo Escolar Antônio Alves de Lima","operador":null,"operador_tipo":null,"nivel":null,"municipio_cod":"2508703","municipio":"Mãe d'Água"}},{"type":"Feature","geometry":{"type":"Point","coordinates":[-37.0716738,-7.1214248]},"properties":{"osm_id":9077987717,"osm_type":"node","nome":"Escola Municipal Maria Bernadete da Costa","operador":null,"operador_tipo":null,"nivel":null,"municipio_cod":"2510709","municipio":"Passagem"}},{"type":"Feature","geometry":{"type":"Point","coordinates":[-37.2811908,-6.7749046]},"properties":{"osm_id":9118308217,"osm_type":"node","nome":"Grupo Escola Clóvis Sátyro e Sousa","operador":null,"operador_tipo":null,"nivel":null,"municipio_cod":"2514404","municipio":"São José de Espinharas"}},{"type":"Feature","geometry":{"type":"Point","coordinates":[-37.184372,-7.2450697]},"properties":{"osm_id":9150318018,"osm_type":"node","nome":"Grupo Escolar Vicente Vital Leite","operador":null,"operador_tipo":null,"nivel":null,"municipio_cod":"2516706","municipio":"Teixeira"}},{"type":"Feature","geometry":{"type":"Point","coordinates":[-37.1603036,-7.260951]},"properties":{"osm_id":9152426517,"osm_type":"node","nome":"Escola Municipal Catolé II","operador":null,"operador_tipo":null,"nivel":null,"municipio_cod":"2516706","municipio":"Teixeira"}},{"type":"Feature","geometry":{"type":"Point","coordinates":[-37.1769846,-7.2597199]},"properties":{"osm_id":9155382817,"osm_type":"node","nome":"Escola Municipal Antônio Vicente Heleno","operador":null,"operador_tipo":null,"nivel":null,"municipio_cod":"2516706","municipio":"Teixeira"}},{"type":"Feature","geometry":{"type":"Point","coordinates":[-34.9163949,-7.1236754]},"properties":{"osm_id":9256106467,"osm_type":"node","nome":"Escola Cidadã Integral Irineu Pinto","operador":null,"operador_tipo":null,"nivel":null,"municipio_cod":"2501807","municipio":"Bayeux"}},{"type":"Feature","geometry":{"type":"Point","coordinates":[-36.8264683,-7.2125986]},"properties":{"osm_id":9501161539,"osm_type":"node","nome":"ECASA","operador":null,"operador_tipo":null,"nivel":null,"municipio_cod":"2516508","municipio":"Taperoá"}},{"type":"Feature","geometry":{"type":"Point","coordinates":[-36.833022,-7.327263]},"properties":{"osm_id":11154819205,"osm_type":"node","nome":"EMEF Caetano Gomes Meira","operador":null,"operador_tipo":null,"nivel":null,"municipio_cod":"2508505","municipio":"Livramento"}},{"type":"Feature","geometry":{"type":"Point","coordinates":[-37.4374711,-7.2691488]},"properties":{"osm_id":11157585005,"osm_type":"node","nome":"EMEF José Inácio dos Santos","operador":null,"operador_tipo":null,"nivel":null,"municipio_cod":"2508703","municipio":"Mãe d'Água"}},{"type":"Feature","geometry":{"type":"Point","coordinates":[-37.6453645,-7.4917944]},"properties":{"osm_id":11157585105,"osm_type":"node","nome":"EMEIF Inocêncio Sales","operador":null,"operador_tipo":null,"nivel":null,"municipio_cod":"2500106","municipio":"Água Branca"}},{"type":"Feature","geometry":{"type":"Point","coordinates":[-35.8621512,-7.0164679]},"properties":{"osm_id":11159069918,"osm_type":"node","nome":"ECIT Monsenhor José da Silva Coutinho","operador":null,"operador_tipo":null,"nivel":null,"municipio_cod":"2506004","municipio":"Esperança"}},{"type":"Feature","geometry":{"type":"Point","coordinates":[-36.7670946,-7.0641038]},"properties":{"osm_id":11167043505,"osm_type":"node","nome":"Escola Municipal João","operador":null,"operador_tipo":null,"nivel":null,"municipio_cod":"2513000","municipio":"Salgadinho"}},{"type":"Feature","geometry":{"type":"Point","coordinates":[-35.5790039,-6.6281164]},"properties":{"osm_id":11188776060,"osm_type":"node","nome":"Escola Municipal João Paulo II","operador":null,"operador_tipo":null,"nivel":null,"municipio_cod":"2501500","municipio":"Bananeiras"}},{"type":"Feature","geometry":{"type":"Point","coordinates":[-37.0407636,-7.2627706]},"properties":{"osm_id":11331147570,"osm_type":"node","nome":"Branca de Neve","operador":null,"operador_tipo":null,"nivel":null,"municipio_cod":"2505402","municipio":"Desterro"}},{"type":"Feature","geometry":{"type":"Point","coordinates":[-37.0656541,-7.2937618]},"properties":{"osm_id":11815111170,"osm_type":"node","nome":"EMEIF Quintino Leite Ferreira","operador":null,"operador_tipo":null,"nivel":null,"municipio_cod":"2505402","municipio":"Desterro"}},{"type":"Feature","geometry":{"type":"Point","coordinates":[-36.2223986,-6.557276]},"properties":{"osm_id":11913592929,"osm_type":"node","nome":"Escola Municipal de Ensino Fundamental Luís Alves Duarte","operador":null,"operador_tipo":null,"nivel":null,"municipio_cod":"2505105","municipio":"Cuité"}},{"type":"Feature","geometry":{"type":"Point","coordinates":[-36.221942,-6.5099006]},"properties":{"osm_id":11913592930,"osm_type":"node","nome":"Escola Municipal de Ensino Fundamental Antônio Ernesto dos Santos","operador":"Prefeitura Municipal de Nova Floresta","operador_tipo":null,"nivel":null,"municipio_cod":"2510105","municipio":"Nova Floresta"}},{"type":"Feature","geometry":{"type":"Point","coordinates":[-36.1837464,-6.4546165]},"properties":{"osm_id":11913592931,"osm_type":"node","nome":"Escola Municipal de Ensino Fundamental Presidente Humberto Castelo Branco","operador":"Prefeitura Municipal de Nova Floresta","operador_tipo":null,"nivel":null,"municipio_cod":"2510105","municipio":"Nova Floresta"}},{"type":"Feature","geometry":{"type":"Point","coordinates":[-36.1356817,-7.4853642]},"properties":{"osm_id":11976469248,"osm_type":"node","nome":null,"operador":null,"operador_tipo":null,"nivel":null,"municipio_cod":"2502508","municipio":"Boqueirão"}},{"type":"Feature","geometry":{"type":"Point","coordinates":[-36.0758345,-7.7388805]},"properties":{"osm_id":12009104549,"osm_type":"node","nome":"Escola Municipal Professora Nena","operador":null,"operador_tipo":null,"nivel":null,"municipio_cod":"2500536","municipio":"Alcantil"}},{"type":"Feature","geometry":{"type":"Point","coordinates":[-36.0795327,-7.73778]},"properties":{"osm_id":12009104550,"osm_type":"node","nome":"Escola Municipal Cicero Francisco do Carmo","operador":null,"operador_tipo":null,"nivel":null,"municipio_cod":"2500536","municipio":"Alcantil"}},{"type":"Feature","geometry":{"type":"Point","coordinates":[-36.0635163,-7.7423203]},"properties":{"osm_id":12009104551,"osm_type":"node","nome":"Escola Municipal de Ensino Fundamental Severino Agostinho da Silva","operador":null,"operador_tipo":null,"nivel":null,"municipio_cod":"2500536","municipio":"Alcantil"}},{"type":"Feature","geometry":{"type":"Point","coordinates":[-36.0588562,-7.7435909]},"properties":{"osm_id":12009104552,"osm_type":"node","nome":null,"operador":null,"operador_tipo":null,"nivel":null,"municipio_cod":"2500536","municipio":"Alcantil"}},{"type":"Feature","geometry":{"type":"Point","coordinates":[-36.1060515,-7.7438159]},"properties":{"osm_id":12009104558,"osm_type":"node","nome":null,"operador":null,"operador_tipo":null,"nivel":null,"municipio_cod":"2500536","municipio":"Alcantil"}},{"type":"Feature","geometry":{"type":"Point","coordinates":[-36.0781367,-7.7219875]},"properties":{"osm_id":12009104559,"osm_type":"node","nome":null,"operador":null,"operador_tipo":null,"nivel":null,"municipio_cod":"2500536","municipio":"Alcantil"}},{"type":"Feature","geometry":{"type":"Point","coordinates":[-36.0500433,-7.7220693]},"properties":{"osm_id":12009104560,"osm_type":"node","nome":null,"operador":null,"operador_tipo":null,"nivel":null,"municipio_cod":"2500536","municipio":"Alcantil"}},{"type":"Feature","geometry":{"type":"Point","coordinates":[-36.0644111,-7.7035429]},"properties":{"osm_id":12009104561,"osm_type":"node","nome":null,"operador":null,"operador_tipo":null,"nivel":null,"municipio_cod":"2500536","municipio":"Alcantil"}},{"type":"Feature","geometry":{"type":"Point","coordinates":[-36.1138686,-7.6762171]},"properties":{"osm_id":12009104562,"osm_type":"node","nome":null,"operador":null,"operador_tipo":null,"nivel":null,"municipio_cod":"2500536","municipio":"Alcantil"}},{"type":"Feature","geometry":{"type":"Point","coordinates":[-36.0661026,-7.614965]},"properties":{"osm_id":12009104563,"osm_type":"node","nome":null,"operador":null,"operador_tipo":null,"nivel":null,"municipio_cod":"2500536","municipio":"Alcantil"}},{"type":"Feature","geometry":{"type":"Point","coordinates":[-36.0428775,-7.5914676]},"properties":{"osm_id":12009104564,"osm_type":"node","nome":null,"operador":null,"operador_tipo":null,"nivel":null,"municipio_cod":"2500536","municipio":"Alcantil"}},{"type":"Feature","geometry":{"type":"Point","coordinates":[-36.0221577,-7.6377427]},"properties":{"osm_id":12009104565,"osm_type":"node","nome":null,"operador":null,"operador_tipo":null,"nivel":null,"municipio_cod":"2500536","municipio":"Alcantil"}},{"type":"Feature","geometry":{"type":"Point","coordinates":[-36.0003598,-7.6299395]},"properties":{"osm_id":12009104566,"osm_type":"node","nome":null,"operador":null,"operador_tipo":null,"nivel":null,"municipio_cod":"2500536","municipio":"Alcantil"}},{"type":"Feature","geometry":{"type":"Point","coordinates":[-36.0175879,-7.674037]},"properties":{"osm_id":12009104567,"osm_type":"node","nome":null,"operador":null,"operador_tipo":null,"nivel":null,"municipio_cod":"2500536","municipio":"Alcantil"}},{"type":"Feature","geometry":{"type":"Point","coordinates":[-36.0015439,-7.6743878]},"properties":{"osm_id":12009104568,"osm_type":"node","nome":null,"operador":null,"operador_tipo":null,"nivel":null,"municipio_cod":"2500536","municipio":"Alcantil"}},{"type":"Feature","geometry":{"type":"Point","coordinates":[-35.9883666,-7.6514412]},"properties":{"osm_id":12009118069,"osm_type":"node","nome":null,"operador":null,"operador_tipo":null,"nivel":null,"municipio_cod":"2500536","municipio":"Alcantil"}},{"type":"Feature","geometry":{"type":"Point","coordinates":[-35.9970927,-7.689894]},"properties":{"osm_id":12009118070,"osm_type":"node","nome":null,"operador":null,"operador_tipo":null,"nivel":null,"municipio_cod":"2500536","municipio":"Alcantil"}},{"type":"Feature","geometry":{"type":"Point","coordinates":[-34.8433512,-7.207092]},"properties":{"osm_id":12072419869,"osm_type":"node","nome":"ECIT Professor Olívio Pinto","operador":null,"operador_tipo":null,"nivel":null,"municipio_cod":"2507507","municipio":"João Pessoa"}},{"type":"Feature","geometry":{"type":"Point","coordinates":[-37.2771225,-7.0479311]},"properties":{"osm_id":12206947172,"osm_type":"node","nome":"Escola Municipal Pastor Frank Dyer","operador":null,"operador_tipo":null,"nivel":null,"municipio_cod":"2510808","municipio":"Patos"}},{"type":"Feature","geometry":{"type":"Point","coordinates":[-37.2778737,-7.0525812]},"properties":{"osm_id":12206978101,"osm_type":"node","nome":"CIEP III Firmino Ayres/Otto de Sousa","operador":null,"operador_tipo":null,"nivel":null,"municipio_cod":"2510808","municipio":"Patos"}},{"type":"Feature","geometry":{"type":"Point","coordinates":[-37.1057198,-7.7810716]},"properties":{"osm_id":12468031337,"osm_type":"node","nome":"EMEF Bento Tenório de Souza","operador":null,"operador_tipo":null,"nivel":null,"municipio_cod":"2509701","municipio":"Monteiro"}},{"type":"Feature","geometry":{"type":"Point","coordinates":[-37.1061543,-7.781664]},"properties":{"osm_id":12468031338,"osm_type":"node","nome":null,"operador":null,"operador_tipo":null,"nivel":null,"municipio_cod":"2509701","municipio":"Monteiro"}},{"type":"Feature","geometry":{"type":"Point","coordinates":[-38.5081758,-7.5591743]},"properties":{"osm_id":12767855204,"osm_type":"node","nome":null,"operador":null,"operador_tipo":null,"nivel":null,"municipio_cod":"2504405","municipio":"Conceição"}},{"type":"Feature","geometry":{"type":"Point","coordinates":[-35.2309943,-7.099524]},"properties":{"osm_id":12834928755,"osm_type":"node","nome":"Colégio e Curso Albert Einstein","operador":null,"operador_tipo":null,"nivel":null,"municipio_cod":"2515302","municipio":"Sapé"}},{"type":"Feature","geometry":{"type":"Point","coordinates":[-35.8920062,-7.2213788]},"properties":{"osm_id":12915528485,"osm_type":"node","nome":"Seminário São João Maria Vianney","operador":null,"operador_tipo":null,"nivel":null,"municipio_cod":"2504009","municipio":"Campina Grande"}},{"type":"Feature","geometry":{"type":"Point","coordinates":[-35.9855254,-7.1847951]},"properties":{"osm_id":12995143702,"osm_type":"node","nome":"ECI José Miguel Leão","operador":null,"operador_tipo":null,"nivel":null,"municipio_cod":"2504009","municipio":"Campina Grande"}},{"type":"Feature","geometry":{"type":"Point","coordinates":[-36.840059,-7.0416893]},"properties":{"osm_id":13027075726,"osm_type":"node","nome":null,"operador":null,"operador_tipo":null,"nivel":null,"municipio_cod":"2507804","municipio":"Junco do Seridó"}},{"type":"Feature","geometry":{"type":"Point","coordinates":[-38.6043692,-6.5807549]},"properties":{"osm_id":13439819141,"osm_type":"node","nome":"ECIT Bernardino José Batista","operador":null,"operador_tipo":null,"nivel":"school","municipio_cod":"2516805","municipio":"Triunfo"}},{"type":"Feature","geometry":{"type":"Point","coordinates":[-38.60358,-6.5806991]},"properties":{"osm_id":13439819142,"osm_type":"node","nome":"Creche Vovó Loura","operador":null,"operador_tipo":null,"nivel":"school","municipio_cod":"2516805","municipio":"Triunfo"}},{"type":"Feature","geometry":{"type":"Point","coordinates":[-38.6032765,-6.5813904]},"properties":{"osm_id":13439819143,"osm_type":"node","nome":"EMEIF Francisca Neide Coragem Lisboa Júnior","operador":null,"operador_tipo":null,"nivel":"school","municipio_cod":"2516805","municipio":"Triunfo"}},{"type":"Feature","geometry":{"type":"Point","coordinates":[-38.5910836,-6.5777565]},"properties":{"osm_id":13442456233,"osm_type":"node","nome":"EMEIF Maria Duarte de Aquino","operador":null,"operador_tipo":null,"nivel":"school","municipio_cod":"2516805","municipio":"Triunfo"}},{"type":"Feature","geometry":{"type":"Point","coordinates":[-38.5932722,-6.5773746]},"properties":{"osm_id":13442456238,"osm_type":"node","nome":"EMEIF Luiz Gomes de Brito","operador":null,"operador_tipo":null,"nivel":"school","municipio_cod":"2516805","municipio":"Triunfo"}},{"type":"Feature","geometry":{"type":"Point","coordinates":[-38.5847461,-6.5768348]},"properties":{"osm_id":13442495055,"osm_type":"node","nome":"Creche Vovó Mocinha","operador":null,"operador_tipo":null,"nivel":"school","municipio_cod":"2516805","municipio":"Triunfo"}},{"type":"Feature","geometry":{"type":"Point","coordinates":[-38.6114536,-6.6080636]},"properties":{"osm_id":13442495077,"osm_type":"node","nome":"EMEIF Francisco Joaquim Monteiro","operador":null,"operador_tipo":null,"nivel":"school","municipio_cod":"2516805","municipio":"Triunfo"}},{"type":"Feature","geometry":{"type":"Point","coordinates":[-38.6043169,-6.6236938]},"properties":{"osm_id":13442495088,"osm_type":"node","nome":"EMEIF Antônio Monteiro da Silva","operador":null,"operador_tipo":null,"nivel":"school","municipio_cod":"2516805","municipio":"Triunfo"}},{"type":"Feature","geometry":{"type":"Point","coordinates":[-38.555414,-6.6260614]},"properties":{"osm_id":13442530443,"osm_type":"node","nome":"EMEIF Aflaudizío Pinhiero Dantas","operador":null,"operador_tipo":null,"nivel":"school","municipio_cod":"2516805","municipio":"Triunfo"}},{"type":"Feature","geometry":{"type":"Point","coordinates":[-38.5201488,-6.6946298]},"properties":{"osm_id":13442530448,"osm_type":"node","nome":"EMEIF José Caboclo Amorim","operador":null,"operador_tipo":null,"nivel":"school","municipio_cod":"2516805","municipio":"Triunfo"}},{"type":"Feature","geometry":{"type":"Point","coordinates":[-38.5769739,-6.5439719]},"properties":{"osm_id":13442530457,"osm_type":"node","nome":"EMEIF  Geraldo Maciel de Sousa","operador":null,"operador_tipo":null,"nivel":"school","municipio_cod":"2516805","municipio":"Triunfo"}},{"type":"Feature","geometry":{"type":"Point","coordinates":[-38.5389628,-6.515424]},"properties":{"osm_id":13442530469,"osm_type":"node","nome":"EMEIF Joana Furtado de Sousa","operador":null,"operador_tipo":null,"nivel":"school","municipio_cod":"2516805","municipio":"Triunfo"}},{"type":"Feature","geometry":{"type":"Point","coordinates":[-38.509168,-6.5015322]},"properties":{"osm_id":13442571940,"osm_type":"node","nome":"EMEIF Ananias Macena Duarte","operador":null,"operador_tipo":null,"nivel":"school","municipio_cod":"2516805","municipio":"Triunfo"}},{"type":"Feature","geometry":{"type":"Point","coordinates":[-38.5975414,-6.5765153]},"properties":{"osm_id":13509771244,"osm_type":"node","nome":"EMEF José Adriano de Andrade","operador":null,"operador_tipo":null,"nivel":"school","municipio_cod":"2516805","municipio":"Triunfo"}},{"type":"Feature","geometry":{"type":"Point","coordinates":[-38.5954472,-6.5807938]},"properties":{"osm_id":13509771253,"osm_type":"node","nome":"Centro Educacional Mundo Infantil","operador":null,"operador_tipo":null,"nivel":"school","municipio_cod":"2516805","municipio":"Triunfo"}},{"type":"Feature","geometry":{"type":"Point","coordinates":[-38.5959586,-6.5826865]},"properties":{"osm_id":13509806133,"osm_type":"node","nome":"EMEIF Isolda Alves Gualberto de Andrade","operador":null,"operador_tipo":null,"nivel":"school","municipio_cod":"2516805","municipio":"Triunfo"}},{"type":"Feature","geometry":{"type":"Point","coordinates":[-37.2869948,-7.0273075]},"properties":{"osm_id":13539510242,"osm_type":"node","nome":"Escola Dom Diego","operador":null,"operador_tipo":null,"nivel":"school","municipio_cod":"2510808","municipio":"Patos"}},{"type":"Feature","geometry":{"type":"Point","coordinates":[-37.286191,-7.027219]},"properties":{"osm_id":13539732136,"osm_type":"node","nome":"Escola Dom Diego","operador":null,"operador_tipo":null,"nivel":null,"municipio_cod":"2510808","municipio":"Patos"}},{"type":"Feature","geometry":{"type":"Point","coordinates":[-37.286166,-7.0272824]},"properties":{"osm_id":13565468901,"osm_type":"node","nome":"Escola Dom Diego","operador":null,"operador_tipo":null,"nivel":null,"municipio_cod":"2510808","municipio":"Patos"}},{"type":"Feature","geometry":{"type":"Point","coordinates":[-37.2862091,-7.0272617]},"properties":{"osm_id":13588503918,"osm_type":"node","nome":"Escola Dom Diego","operador":null,"operador_tipo":null,"nivel":null,"municipio_cod":"2510808","municipio":"Patos"}},{"type":"Feature","geometry":{"type":"Point","coordinates":[-37.3131478,-7.2726402]},"properties":{"osm_id":13613196433,"osm_type":"node","nome":"EMEF MARIA DAS VIRGENS ARAÚJO","operador":null,"operador_tipo":null,"nivel":"school","municipio_cod":"2509396","municipio":"Maturéia"}},{"type":"Feature","geometry":{"type":"Point","coordinates":[-38.5564624,-6.8868805]},"properties":{"osm_id":13685682201,"osm_type":"node","nome":"Colégio Nossa Senhora do Carmo","operador":null,"operador_tipo":null,"nivel":null,"municipio_cod":"2503704","municipio":"Cajazeiras"}},{"type":"Feature","geometry":{"type":"Point","coordinates":[-35.249034,-6.8241684]},"properties":{"osm_id":13695135400,"osm_type":"node","nome":"EEEFM Isaura Fernandes de Souza","operador":null,"operador_tipo":null,"nivel":null,"municipio_cod":"2507101","municipio":"Itapororoca"}},{"type":"Feature","geometry":{"type":"Point","coordinates":[-37.3260189,-7.2130364]},"properties":{"osm_id":13721663672,"osm_type":"node","nome":"EMEF SELIZETE DOS SANTOS E SOUZA","operador":null,"operador_tipo":null,"nivel":"school","municipio_cod":"2516706","municipio":"Teixeira"}},{"type":"Feature","geometry":{"type":"Point","coordinates":[-37.3442186,-7.2646051]},"properties":{"osm_id":13804995335,"osm_type":"node","nome":"EMEF Mª Tâmara Souza do Nascimento","operador":"Prefeitura Municipal de Matureia","operador_tipo":"public","nivel":"school","municipio_cod":"2509396","municipio":"Maturéia"}},{"type":"Feature","geometry":{"type":"Point","coordinates":[-37.3153428,-7.2872061]},"properties":{"osm_id":13808293891,"osm_type":"node","nome":"EMEF MANOEL PEDRO DE CARVALHO","operador":null,"operador_tipo":null,"nivel":"school","municipio_cod":"2509396","municipio":"Maturéia"}},{"type":"Feature","geometry":{"type":"Point","coordinates":[-34.8757945,-7.1565455]},"properties":{"osm_id":13968685402,"osm_type":"node","nome":"Escola municipal Santa Ângela","operador":null,"operador_tipo":null,"nivel":null,"municipio_cod":"2507507","municipio":"João Pessoa"}},{"type":"Feature","geometry":{"type":"Point","coordinates":[-36.6315417,-7.2216578]},"properties":{"osm_id":80894548,"osm_type":"way","nome":"Grupo Escolar Fenelon Medeiros","operador":null,"operador_tipo":null,"nivel":null,"municipio_cod":"2513851","municipio":"Santo André"}},{"type":"Feature","geometry":{"type":"Point","coordinates":[-38.2976152,-6.8398299]},"properties":{"osm_id":161268962,"osm_type":"way","nome":"Instituto Federal de Educação, Ciência e Tecnologia da Paraíba - Campus Sousa - Unidade São Gonçalo","operador":"MEC-Ministério da Educação","operador_tipo":"public","nivel":null,"municipio_cod":"2516201","municipio":"Sousa"}},{"type":"Feature","geometry":{"type":"Point","coordinates":[-37.3548423,-6.9672943]},"properties":{"osm_id":165781906,"osm_type":"way","nome":null,"operador":null,"operador_tipo":null,"nivel":null,"municipio_cod":"2510808","municipio":"Patos"}},{"type":"Feature","geometry":{"type":"Point","coordinates":[-37.2748441,-7.030709]},"properties":{"osm_id":168937681,"osm_type":"way","nome":"ECI Monsenhor Manoel Vieira","operador":"Governo do Estado da Paraíba","operador_tipo":"government","nivel":null,"municipio_cod":"2510808","municipio":"Patos"}},{"type":"Feature","geometry":{"type":"Point","coordinates":[-37.2756098,-7.0242243]},"properties":{"osm_id":169053722,"osm_type":"way","nome":"Escola Estadual Rio Branco","operador":"Governo do Estado da Paraíba","operador_tipo":"government","nivel":null,"municipio_cod":"2510808","municipio":"Patos"}},{"type":"Feature","geometry":{"type":"Point","coordinates":[-37.2809993,-7.0168243]},"properties":{"osm_id":169053729,"osm_type":"way","nome":"Escola Normal Estadual Dom Expedito Eduardo de Oliveira","operador":null,"operador_tipo":null,"nivel":null,"municipio_cod":"2510808","municipio":"Patos"}},{"type":"Feature","geometry":{"type":"Point","coordinates":[-37.2616728,-7.254064]},"properties":{"osm_id":169358470,"osm_type":"way","nome":null,"operador":null,"operador_tipo":null,"nivel":"school","municipio_cod":"2516706","municipio":"Teixeira"}},{"type":"Feature","geometry":{"type":"Point","coordinates":[-37.2650009,-7.0225719]},"properties":{"osm_id":169736323,"osm_type":"way","nome":"ECIT Dr. Dionísio da Costa","operador":"Governo do Estado da Paraíba","operador_tipo":"government","nivel":null,"municipio_cod":"2510808","municipio":"Patos"}},{"type":"Feature","geometry":{"type":"Point","coordinates":[-37.2734368,-7.0266543]},"properties":{"osm_id":170139081,"osm_type":"way","nome":"Colégio Cristo Rei","operador":null,"operador_tipo":null,"nivel":null,"municipio_cod":"2510808","municipio":"Patos"}},{"type":"Feature","geometry":{"type":"Point","coordinates":[-37.2870786,-7.0215478]},"properties":{"osm_id":171845157,"osm_type":"way","nome":"ECI Alzanir Lacerda","operador":"Governo do Estado da Paraíba","operador_tipo":"government","nivel":null,"municipio_cod":"2510808","municipio":"Patos"}},{"type":"Feature","geometry":{"type":"Point","coordinates":[-37.286795,-7.0173711]},"properties":{"osm_id":171845332,"osm_type":"way","nome":"Fera Patos","operador":null,"operador_tipo":null,"nivel":null,"municipio_cod":"2510808","municipio":"Patos"}},{"type":"Feature","geometry":{"type":"Point","coordinates":[-38.2266219,-6.7592291]},"properties":{"osm_id":173818667,"osm_type":"way","nome":"Ação Colégio e Curso","operador":null,"operador_tipo":null,"nivel":null,"municipio_cod":"2516201","municipio":"Sousa"}},{"type":"Feature","geometry":{"type":"Point","coordinates":[-38.2220235,-6.7658068]},"properties":{"osm_id":174011931,"osm_type":"way","nome":"Sesi","operador":"Serviço Social da Indústria","operador_tipo":"ngo","nivel":null,"municipio_cod":"2516201","municipio":"Sousa"}},{"type":"Feature","geometry":{"type":"Point","coordinates":[-38.2497006,-6.7816107]},"properties":{"osm_id":174188102,"osm_type":"way","nome":"Escola Estadual Antônio Teodoro Neto","operador":null,"operador_tipo":null,"nivel":null,"municipio_cod":"2516201","municipio":"Sousa"}},{"type":"Feature","geometry":{"type":"Point","coordinates":[-38.2308201,-6.768517]},"properties":{"osm_id":174494994,"osm_type":"way","nome":null,"operador":null,"operador_tipo":null,"nivel":null,"municipio_cod":"2516201","municipio":"Sousa"}},{"type":"Feature","geometry":{"type":"Point","coordinates":[-38.2321379,-6.7800465]},"properties":{"osm_id":174498849,"osm_type":"way","nome":"Escola Estadual Celso Mariz","operador":"Governo do Estado da Paraíba","operador_tipo":"government","nivel":null,"municipio_cod":"2516201","municipio":"Sousa"}},{"type":"Feature","geometry":{"type":"Point","coordinates":[-38.2287937,-6.7705732]},"properties":{"osm_id":174551411,"osm_type":"way","nome":"Centro Social Urbano","operador":null,"operador_tipo":null,"nivel":null,"municipio_cod":"2516201","municipio":"Sousa"}},{"type":"Feature","geometry":{"type":"Point","coordinates":[-38.2455172,-6.7753179]},"properties":{"osm_id":174554420,"osm_type":"way","nome":"Escola Maria Marques de Sousa","operador":null,"operador_tipo":null,"nivel":null,"municipio_cod":"2516201","municipio":"Sousa"}},{"type":"Feature","geometry":{"type":"Point","coordinates":[-38.2232656,-6.7661108]},"properties":{"osm_id":174701802,"osm_type":"way","nome":null,"operador":null,"operador_tipo":null,"nivel":null,"municipio_cod":"2516201","municipio":"Sousa"}},{"type":"Feature","geometry":{"type":"Point","coordinates":[-38.2260815,-6.7695685]},"properties":{"osm_id":174701926,"osm_type":"way","nome":null,"operador":null,"operador_tipo":null,"nivel":null,"municipio_cod":"2516201","municipio":"Sousa"}},{"type":"Feature","geometry":{"type":"Point","coordinates":[-38.2284881,-6.7719618]},"properties":{"osm_id":174709252,"osm_type":"way","nome":null,"operador":null,"operador_tipo":null,"nivel":null,"municipio_cod":"2516201","municipio":"Sousa"}},{"type":"Feature","geometry":{"type":"Point","coordinates":[-38.24446,-6.7506007]},"properties":{"osm_id":174788912,"osm_type":"way","nome":null,"operador":null,"operador_tipo":null,"nivel":null,"municipio_cod":"2516201","municipio":"Sousa"}},{"type":"Feature","geometry":{"type":"Point","coordinates":[-38.224618,-6.7561618]},"properties":{"osm_id":174942716,"osm_type":"way","nome":"Escola Estadual André Gadelha","operador":null,"operador_tipo":null,"nivel":null,"municipio_cod":"2516201","municipio":"Sousa"}},{"type":"Feature","geometry":{"type":"Point","coordinates":[-38.2451523,-6.8083198]},"properties":{"osm_id":176981809,"osm_type":"way","nome":null,"operador":null,"operador_tipo":null,"nivel":null,"municipio_cod":"2516201","municipio":"Sousa"}},{"type":"Feature","geometry":{"type":"Point","coordinates":[-38.177754,-6.5145602]},"properties":{"osm_id":177065601,"osm_type":"way","nome":"Escola Estadual Nestorina Abrantes","operador":null,"operador_tipo":null,"nivel":null,"municipio_cod":"2508406","municipio":"Lastro"}},{"type":"Feature","geometry":{"type":"Point","coordinates":[-38.2662009,-6.828953]},"properties":{"osm_id":177177168,"osm_type":"way","nome":null,"operador":null,"operador_tipo":null,"nivel":null,"municipio_cod":"2516201","municipio":"Sousa"}},{"type":"Feature","geometry":{"type":"Point","coordinates":[-38.5675016,-6.8834571]},"properties":{"osm_id":177356453,"osm_type":"way","nome":null,"operador":null,"operador_tipo":null,"nivel":null,"municipio_cod":"2503704","municipio":"Cajazeiras"}},{"type":"Feature","geometry":{"type":"Point","coordinates":[-38.305515,-6.8152728]},"properties":{"osm_id":178494115,"osm_type":"way","nome":"Escola Municipal João Batista do Nascimento","operador":null,"operador_tipo":null,"nivel":null,"municipio_cod":"2516201","municipio":"Sousa"}},{"type":"Feature","geometry":{"type":"Point","coordinates":[-34.8279219,-7.1147897]},"properties":{"osm_id":191658499,"osm_type":"way","nome":"Colégio Motiva Ambiental","operador":null,"operador_tipo":null,"nivel":null,"municipio_cod":"2507507","municipio":"João Pessoa"}},{"type":"Feature","geometry":{"type":"Point","coordinates":[-34.8279036,-7.1113475]},"properties":{"osm_id":191658664,"osm_type":"way","nome":"Colégio AZ","operador":null,"operador_tipo":null,"nivel":null,"municipio_cod":"2507507","municipio":"João Pessoa"}},{"type":"Feature","geometry":{"type":"Point","coordinates":[-34.8238401,-7.1141886]},"properties":{"osm_id":191658956,"osm_type":"way","nome":"Zarinha Centro de Cultura","operador":null,"operador_tipo":null,"nivel":null,"municipio_cod":"2507507","municipio":"João Pessoa"}},{"type":"Feature","geometry":{"type":"Point","coordinates":[-37.5945969,-6.9066316]},"properties":{"osm_id":194643770,"osm_type":"way","nome":"ECIT Dr. Trajano Pires da Nóbrega","operador":"Governo do Estado da Paraíba","operador_tipo":"government","nivel":null,"municipio_cod":"2504504","municipio":"Condado"}},{"type":"Feature","geometry":{"type":"Point","coordinates":[-34.8343407,-7.1191178]},"properties":{"osm_id":194708417,"osm_type":"way","nome":"Via Medicina","operador":null,"operador_tipo":null,"nivel":null,"municipio_cod":"2507507","municipio":"João Pessoa"}},{"type":"Feature","geometry":{"type":"Point","coordinates":[-34.8352636,-7.1198001]},"properties":{"osm_id":194708463,"osm_type":"way","nome":"ACMED","operador":null,"operador_tipo":null,"nivel":null,"municipio_cod":"2507507","municipio":"João Pessoa"}},{"type":"Feature","geometry":{"type":"Point","coordinates":[-34.8370093,-7.1169436]},"properties":{"osm_id":194708948,"osm_type":"way","nome":"Colégio Motiva Miramar","operador":null,"operador_tipo":null,"nivel":null,"municipio_cod":"2507507","municipio":"João Pessoa"}},{"type":"Feature","geometry":{"type":"Point","coordinates":[-34.8728251,-7.1185362]},"properties":{"osm_id":194716219,"osm_type":"way","nome":"Colégio Marista Pio X","operador":null,"operador_tipo":null,"nivel":null,"municipio_cod":"2507507","municipio":"João Pessoa"}},{"type":"Feature","geometry":{"type":"Point","coordinates":[-34.8842567,-7.1230049]},"properties":{"osm_id":194716669,"osm_type":"way","nome":"Academia de Comércio Epitácio Pessoa","operador":null,"operador_tipo":null,"nivel":"school","municipio_cod":"2507507","municipio":"João Pessoa"}},{"type":"Feature","geometry":{"type":"Point","coordinates":[-34.8761305,-7.1213037]},"properties":{"osm_id":194973504,"osm_type":"way","nome":"ECI Liceu Paraibano","operador":null,"operador_tipo":null,"nivel":null,"municipio_cod":"2507507","municipio":"João Pessoa"}},{"type":"Feature","geometry":{"type":"Point","coordinates":[-34.8754696,-7.1219752]},"properties":{"osm_id":194973509,"osm_type":"way","nome":null,"operador":null,"operador_tipo":null,"nivel":"school","municipio_cod":"2507507","municipio":"João Pessoa"}},{"type":"Feature","geometry":{"type":"Point","coordinates":[-34.8283915,-7.1107845]},"properties":{"osm_id":194982387,"osm_type":"way","nome":"Escola Seráfico da Nóbrega","operador":null,"operador_tipo":null,"nivel":null,"municipio_cod":"2507507","municipio":"João Pessoa"}},{"type":"Feature","geometry":{"type":"Point","coordinates":[-35.8758825,-7.2535549]},"properties":{"osm_id":196858080,"osm_type":"way","nome":"Escolinha de Futebol Hulk Paraíba","operador":null,"operador_tipo":null,"nivel":null,"municipio_cod":"2504009","municipio":"Campina Grande"}},{"type":"Feature","geometry":{"type":"Point","coordinates":[-35.8865228,-7.2590211]},"properties":{"osm_id":196864738,"osm_type":"way","nome":"Escola do SESI","operador":null,"operador_tipo":null,"nivel":null,"municipio_cod":"2504009","municipio":"Campina Grande"}},{"type":"Feature","geometry":{"type":"Point","coordinates":[-35.894357,-7.2408545]},"properties":{"osm_id":196891912,"osm_type":"way","nome":"Escola Cassiano Pascoal Pereira","operador":null,"operador_tipo":null,"nivel":null,"municipio_cod":"2504009","municipio":"Campina Grande"}},{"type":"Feature","geometry":{"type":"Point","coordinates":[-35.8941176,-7.2427826]},"properties":{"osm_id":196891916,"osm_type":"way","nome":"ECI Félix Araújo","operador":null,"operador_tipo":null,"nivel":null,"municipio_cod":"2504009","municipio":"Campina Grande"}},{"type":"Feature","geometry":{"type":"Point","coordinates":[-35.8734234,-7.2308318]},"properties":{"osm_id":197031109,"osm_type":"way","nome":"Escola Estadual de Ensino Fundamental de Aplicação","operador":null,"operador_tipo":null,"nivel":null,"municipio_cod":"2504009","municipio":"Campina Grande"}},{"type":"Feature","geometry":{"type":"Point","coordinates":[-35.8730027,-7.2304866]},"properties":{"osm_id":197031110,"osm_type":"way","nome":"Escola Normal Estadual Padre Emídio Viana Correia","operador":null,"operador_tipo":null,"nivel":null,"municipio_cod":"2504009","municipio":"Campina Grande"}},{"type":"Feature","geometry":{"type":"Point","coordinates":[-35.8767752,-7.2135562]},"properties":{"osm_id":197039300,"osm_type":"way","nome":"SENAC","operador":null,"operador_tipo":null,"nivel":null,"municipio_cod":"2504009","municipio":"Campina Grande"}},{"type":"Feature","geometry":{"type":"Point","coordinates":[-36.7119249,-6.9963756]},"properties":{"osm_id":199663707,"osm_type":"way","nome":"ECIT Ezequiel Fernandes","operador":null,"operador_tipo":null,"nivel":null,"municipio_cod":"2507804","municipio":"Junco do Seridó"}},{"type":"Feature","geometry":{"type":"Point","coordinates":[-36.7158831,-6.9940775]},"properties":{"osm_id":200321855,"osm_type":"way","nome":"Escola Santo Onofre","operador":null,"operador_tipo":null,"nivel":null,"municipio_cod":"2507804","municipio":"Junco do Seridó"}},{"type":"Feature","geometry":{"type":"Point","coordinates":[-38.0989225,-7.7424189]},"properties":{"osm_id":204738787,"osm_type":"way","nome":"ECI Deputado Nominando Muniz Diniz","operador":null,"operador_tipo":null,"nivel":null,"municipio_cod":"2514552","municipio":"São José de Princesa"}},{"type":"Feature","geometry":{"type":"Point","coordinates":[-37.9946015,-7.7408278]},"properties":{"osm_id":204920622,"osm_type":"way","nome":"Escola Municipal Carlos Alberto Medeiros Duarte Sobreira","operador":null,"operador_tipo":null,"nivel":null,"municipio_cod":"2512309","municipio":"Princesa Isabel"}},{"type":"Feature","geometry":{"type":"Point","coordinates":[-34.8250074,-7.1185179]},"properties":{"osm_id":210977910,"osm_type":"way","nome":"Yazigi","operador":null,"operador_tipo":null,"nivel":null,"municipio_cod":"2507507","municipio":"João Pessoa"}},{"type":"Feature","geometry":{"type":"Point","coordinates":[-34.8737585,-7.157426]},"properties":{"osm_id":216638163,"osm_type":"way","nome":"Escola Estadual Prof. Orlando Cavalcanti Gomes","operador":null,"operador_tipo":null,"nivel":null,"municipio_cod":"2507507","municipio":"João Pessoa"}},{"type":"Feature","geometry":{"type":"Point","coordinates":[-34.8393805,-7.1180023]},"properties":{"osm_id":216812606,"osm_type":"way","nome":"CNA","operador":null,"operador_tipo":null,"nivel":null,"municipio_cod":"2507507","municipio":"João Pessoa"}},{"type":"Feature","geometry":{"type":"Point","coordinates":[-34.8250085,-7.1185254]},"properties":{"osm_id":217268776,"osm_type":"way","nome":null,"operador":null,"operador_tipo":null,"nivel":null,"municipio_cod":"2507507","municipio":"João Pessoa"}},{"type":"Feature","geometry":{"type":"Point","coordinates":[-37.1012733,-6.9271156]},"properties":{"osm_id":223406215,"osm_type":"way","nome":"Escola Rodolpiano Nóbrega","operador":null,"operador_tipo":null,"nivel":null,"municipio_cod":"2514909","municipio":"São Mamede"}},{"type":"Feature","geometry":{"type":"Point","coordinates":[-34.8356428,-7.1092137]},"properties":{"osm_id":229330576,"osm_type":"way","nome":"Escola de 1º Grau Ciranda Cirandinha","operador":null,"operador_tipo":null,"nivel":null,"municipio_cod":"2507507","municipio":"João Pessoa"}},{"type":"Feature","geometry":{"type":"Point","coordinates":[-34.8373286,-7.1069769]},"properties":{"osm_id":229330597,"osm_type":"way","nome":"Beçario Escolinha","operador":null,"operador_tipo":null,"nivel":null,"municipio_cod":"2507507","municipio":"João Pessoa"}},{"type":"Feature","geometry":{"type":"Point","coordinates":[-34.8685602,-7.1207022]},"properties":{"osm_id":234058393,"osm_type":"way","nome":"Colégio Nossa Senhora de Lourdes","operador":"Privado","operador_tipo":"private","nivel":null,"municipio_cod":"2507507","municipio":"João Pessoa"}},{"type":"Feature","geometry":{"type":"Point","coordinates":[-36.6078236,-7.6286319]},"properties":{"osm_id":235758415,"osm_type":"way","nome":"Escola Estadual","operador":null,"operador_tipo":null,"nivel":null,"municipio_cod":"2504850","municipio":"Coxixola"}},{"type":"Feature","geometry":{"type":"Point","coordinates":[-38.225086,-7.6303454]},"properties":{"osm_id":235966325,"osm_type":"way","nome":"EMEF José Tavares da Silva","operador":null,"operador_tipo":null,"nivel":null,"municipio_cod":"2513505","municipio":"Santana de Mangueira"}},{"type":"Feature","geometry":{"type":"Point","coordinates":[-38.1903913,-7.6135124]},"properties":{"osm_id":235969898,"osm_type":"way","nome":null,"operador":null,"operador_tipo":null,"nivel":null,"municipio_cod":"2513505","municipio":"Santana de Mangueira"}},{"type":"Feature","geometry":{"type":"Point","coordinates":[-38.2571789,-7.6368449]},"properties":{"osm_id":235986988,"osm_type":"way","nome":"EMEF Sergio Evangelista dos Reis","operador":null,"operador_tipo":null,"nivel":null,"municipio_cod":"2513505","municipio":"Santana de Mangueira"}},{"type":"Feature","geometry":{"type":"Point","coordinates":[-35.8978972,-7.2208496]},"properties":{"osm_id":244114181,"osm_type":"way","nome":"ECIT da Prata","operador":null,"operador_tipo":null,"nivel":null,"municipio_cod":"2504009","municipio":"Campina Grande"}},{"type":"Feature","geometry":{"type":"Point","coordinates":[-35.4869966,-6.8556271]},"properties":{"osm_id":256372983,"osm_type":"way","nome":"Grupo Escolar Antenor Navarro","operador":null,"operador_tipo":null,"nivel":null,"municipio_cod":"2506301","municipio":"Guarabira"}},{"type":"Feature","geometry":{"type":"Point","coordinates":[-35.4871199,-6.8539082]},"properties":{"osm_id":256624797,"osm_type":"way","nome":"Colégio da Luz","operador":"Centro Educacional Nossa Senhora da Luz","operador_tipo":null,"nivel":null,"municipio_cod":"2506301","municipio":"Guarabira"}},{"type":"Feature","geometry":{"type":"Point","coordinates":[-35.4868369,-6.8538194]},"properties":{"osm_id":256624801,"osm_type":"way","nome":null,"operador":null,"operador_tipo":null,"nivel":null,"municipio_cod":"2506301","municipio":"Guarabira"}},{"type":"Feature","geometry":{"type":"Point","coordinates":[-35.4872237,-6.8542863]},"properties":{"osm_id":256626447,"osm_type":"way","nome":null,"operador":null,"operador_tipo":null,"nivel":null,"municipio_cod":"2506301","municipio":"Guarabira"}},{"type":"Feature","geometry":{"type":"Point","coordinates":[-34.8419193,-7.0772467]},"properties":{"osm_id":258130354,"osm_type":"way","nome":"Colégio Pio XII - Bessa","operador":null,"operador_tipo":null,"nivel":null,"municipio_cod":"2507507","municipio":"João Pessoa"}},{"type":"Feature","geometry":{"type":"Point","coordinates":[-35.6074109,-7.2886415]},"properties":{"osm_id":260536519,"osm_type":"way","nome":"Escola Estadual de Ensino Fundamental Professor Rangel","operador":null,"operador_tipo":null,"nivel":null,"municipio_cod":"2506806","municipio":"Ingá"}},{"type":"Feature","geometry":{"type":"Point","coordinates":[-35.6013991,-7.2945688]},"properties":{"osm_id":260541031,"osm_type":"way","nome":"Escola Estadual de Ensino Fundamental Marino Rodrigues","operador":null,"operador_tipo":null,"nivel":null,"municipio_cod":"2506806","municipio":"Ingá"}},{"type":"Feature","geometry":{"type":"Point","coordinates":[-35.612937,-7.2900871]},"properties":{"osm_id":260548767,"osm_type":"way","nome":"Escola Estadual de Ensino Fundamental Abel da Silva","operador":null,"operador_tipo":null,"nivel":null,"municipio_cod":"2506806","municipio":"Ingá"}},{"type":"Feature","geometry":{"type":"Point","coordinates":[-35.6261575,-7.3799888]},"properties":{"osm_id":261158864,"osm_type":"way","nome":null,"operador":null,"operador_tipo":null,"nivel":null,"municipio_cod":"2507200","municipio":"Itatuba"}},{"type":"Feature","geometry":{"type":"Point","coordinates":[-34.8811049,-7.1267162]},"properties":{"osm_id":262150421,"osm_type":"way","nome":"Instituto Dom Adauto","operador":null,"operador_tipo":null,"nivel":null,"municipio_cod":"2507507","municipio":"João Pessoa"}},{"type":"Feature","geometry":{"type":"Point","coordinates":[-34.8606144,-7.1215849]},"properties":{"osm_id":262216438,"osm_type":"way","nome":"Escola Estadual Padre Hildon Bandeira","operador":null,"operador_tipo":null,"nivel":null,"municipio_cod":"2507507","municipio":"João Pessoa"}},{"type":"Feature","geometry":{"type":"Point","coordinates":[-34.860074,-7.1214772]},"properties":{"osm_id":262216515,"osm_type":"way","nome":"Escola Estadual de Ensino Fundamental Professora Antônia Rangel de Farias","operador":null,"operador_tipo":null,"nivel":null,"municipio_cod":"2507507","municipio":"João Pessoa"}},{"type":"Feature","geometry":{"type":"Point","coordinates":[-34.874731,-7.1216998]},"properties":{"osm_id":271932653,"osm_type":"way","nome":"ECIT Profª. Olivina Olívia Carneiro da Cunha","operador":null,"operador_tipo":null,"nivel":null,"municipio_cod":"2507507","municipio":"João Pessoa"}},{"type":"Feature","geometry":{"type":"Point","coordinates":[-34.8753265,-7.1225193]},"properties":{"osm_id":271932656,"osm_type":"way","nome":"Instituto de Educação da Paraíba","operador":null,"operador_tipo":null,"nivel":null,"municipio_cod":"2507507","municipio":"João Pessoa"}},{"type":"Feature","geometry":{"type":"Point","coordinates":[-35.6086651,-7.2889118]},"properties":{"osm_id":284835649,"osm_type":"way","nome":"Centro Educacional Sonho de Eloí","operador":null,"operador_tipo":null,"nivel":null,"municipio_cod":"2506806","municipio":"Ingá"}},{"type":"Feature","geometry":{"type":"Point","coordinates":[-35.881367,-7.2398608]},"properties":{"osm_id":290884330,"osm_type":"way","nome":"Colégio Motiva","operador":null,"operador_tipo":null,"nivel":null,"municipio_cod":"2504009","municipio":"Campina Grande"}},{"type":"Feature","geometry":{"type":"Point","coordinates":[-38.5127595,-6.5804989]},"properties":{"osm_id":295030731,"osm_type":"way","nome":null,"operador":null,"operador_tipo":null,"nivel":null,"municipio_cod":"2512077","municipio":"Poço de José de Moura"}},{"type":"Feature","geometry":{"type":"Point","coordinates":[-34.8870177,-7.1199562]},"properties":{"osm_id":302262532,"osm_type":"way","nome":"Escola Estadual de Ensino Fundamental Antônio Pessoa","operador":null,"operador_tipo":null,"nivel":null,"municipio_cod":"2507507","municipio":"João Pessoa"}},{"type":"Feature","geometry":{"type":"Point","coordinates":[-34.8880536,-7.1700619]},"properties":{"osm_id":306159847,"osm_type":"way","nome":"Escola Municipal de Ensino Fundamental Anísio Teixeira","operador":null,"operador_tipo":null,"nivel":null,"municipio_cod":"2507507","municipio":"João Pessoa"}},{"type":"Feature","geometry":{"type":"Point","coordinates":[-34.843023,-7.1448741]},"properties":{"osm_id":313865937,"osm_type":"way","nome":"Escola Municipal de Ensino Fundamental Aruanda","operador":null,"operador_tipo":null,"nivel":null,"municipio_cod":"2507507","municipio":"João Pessoa"}},{"type":"Feature","geometry":{"type":"Point","coordinates":[-35.7827501,-7.3595332]},"properties":{"osm_id":316414020,"osm_type":"way","nome":"EEEFM Joana Emilia da Silva","operador":null,"operador_tipo":null,"nivel":null,"municipio_cod":"2506103","municipio":"Fagundes"}},{"type":"Feature","geometry":{"type":"Point","coordinates":[-34.8389857,-7.0894323]},"properties":{"osm_id":322036210,"osm_type":"way","nome":"Cidade Viva","operador":null,"operador_tipo":null,"nivel":null,"municipio_cod":"2507507","municipio":"João Pessoa"}},{"type":"Feature","geometry":{"type":"Point","coordinates":[-34.844634,-7.121975]},"properties":{"osm_id":323929513,"osm_type":"way","nome":"Escola Estadual José Vieira","operador":null,"operador_tipo":null,"nivel":null,"municipio_cod":"2507507","municipio":"João Pessoa"}},{"type":"Feature","geometry":{"type":"Point","coordinates":[-34.8265145,-7.1709759]},"properties":{"osm_id":327624282,"osm_type":"way","nome":"Centro de Educação da Polícia Militar da Paraíba","operador":null,"operador_tipo":null,"nivel":null,"municipio_cod":"2507507","municipio":"João Pessoa"}},{"type":"Feature","geometry":{"type":"Point","coordinates":[-37.0830253,-7.6932708]},"properties":{"osm_id":339010504,"osm_type":"way","nome":"Escola Estadual Francisco de Assis Gonzaga","operador":"Governo do Estado da Paraíba","operador_tipo":null,"nivel":null,"municipio_cod":"2512200","municipio":"Prata"}},{"type":"Feature","geometry":{"type":"Point","coordinates":[-36.7087967,-7.7633663]},"properties":{"osm_id":339635860,"osm_type":"way","nome":"Grupo Escolar","operador":"Município","operador_tipo":null,"nivel":null,"municipio_cod":"2504702","municipio":"Congo"}},{"type":"Feature","geometry":{"type":"Point","coordinates":[-37.0823324,-7.6943768]},"properties":{"osm_id":375574485,"osm_type":"way","nome":"Escola de Ensino Fundamental Plínio Lemos","operador":"Prefeitura Municipal de Prata","operador_tipo":null,"nivel":null,"municipio_cod":"2512200","municipio":"Prata"}},{"type":"Feature","geometry":{"type":"Point","coordinates":[-35.6620438,-6.7568584]},"properties":{"osm_id":381122897,"osm_type":"way","nome":"EMEF Enerstina Pinto","operador":"Secretaria Municipal de Educação","operador_tipo":null,"nivel":null,"municipio_cod":"2516003","municipio":"Solânea"}},{"type":"Feature","geometry":{"type":"Point","coordinates":[-38.4353976,-7.0631097]},"properties":{"osm_id":382733810,"osm_type":"way","nome":null,"operador":null,"operador_tipo":null,"nivel":null,"municipio_cod":"2514503","municipio":"São José de Piranhas"}},{"type":"Feature","geometry":{"type":"Point","coordinates":[-37.5236606,-6.9050125]},"properties":{"osm_id":385493916,"osm_type":"way","nome":"ECIT Dr. Antônio Fernandes de Medeiros","operador":"Governo do Estado da Paraíba","operador_tipo":"government","nivel":"3","municipio_cod":"2508802","municipio":"Malta"}},{"type":"Feature","geometry":{"type":"Point","coordinates":[-37.5180013,-6.9039256]},"properties":{"osm_id":385584735,"osm_type":"way","nome":"Escola Municipal Cônego Joaquim de Assis Ferreira","operador":"Secretaria Municipal de Educação","operador_tipo":null,"nivel":"2","municipio_cod":"2508802","municipio":"Malta"}},{"type":"Feature","geometry":{"type":"Point","coordinates":[-37.5198295,-6.9049205]},"properties":{"osm_id":385588451,"osm_type":"way","nome":"Escola Municipal Marta Nóbrega Rodrigues","operador":"Secretaria Municipal de Educação","operador_tipo":null,"nivel":"1","municipio_cod":"2508802","municipio":"Malta"}},{"type":"Feature","geometry":{"type":"Point","coordinates":[-37.5174892,-6.9071758]},"properties":{"osm_id":386790493,"osm_type":"way","nome":"Escola Municipal Boileau Dantas Wanderley","operador":"Secretaria Municipal de Educação","operador_tipo":null,"nivel":"2","municipio_cod":"2508802","municipio":"Malta"}},{"type":"Feature","geometry":{"type":"Point","coordinates":[-36.4919253,-7.2441234]},"properties":{"osm_id":386969479,"osm_type":"way","nome":null,"operador":null,"operador_tipo":null,"nivel":null,"municipio_cod":"2506509","municipio":"Gurjão"}},{"type":"Feature","geometry":{"type":"Point","coordinates":[-37.5255605,-6.9062906]},"properties":{"osm_id":388576634,"osm_type":"way","nome":"Escola Municipal José Francisco da Costa","operador":"Secretaria Municipal de Educação","operador_tipo":null,"nivel":"2","municipio_cod":"2508802","municipio":"Malta"}},{"type":"Feature","geometry":{"type":"Point","coordinates":[-37.3924951,-6.9492982]},"properties":{"osm_id":393909481,"osm_type":"way","nome":"Escola Estadual Lúcia Wanderley de Freitas","operador":null,"operador_tipo":null,"nivel":null,"municipio_cod":"2510808","municipio":"Patos"}},{"type":"Feature","geometry":{"type":"Point","coordinates":[-34.8331094,-7.0855772]},"properties":{"osm_id":394716907,"osm_type":"way","nome":"Colégio 1° Mundo","operador":null,"operador_tipo":null,"nivel":null,"municipio_cod":"2507507","municipio":"João Pessoa"}},{"type":"Feature","geometry":{"type":"Point","coordinates":[-38.0548293,-6.5343104]},"properties":{"osm_id":399643071,"osm_type":"way","nome":"CEMEI","operador":null,"operador_tipo":null,"nivel":null,"municipio_cod":"2513208","municipio":"Santa Cruz"}},{"type":"Feature","geometry":{"type":"Point","coordinates":[-38.0542927,-6.5360866]},"properties":{"osm_id":399652505,"osm_type":"way","nome":"ECIT Valdemiro Wanderley de Oliveira","operador":"Governo do Estado da Paraíba","operador_tipo":"government","nivel":null,"municipio_cod":"2513208","municipio":"Santa Cruz"}},{"type":"Feature","geometry":{"type":"Point","coordinates":[-38.0584286,-6.5335095]},"properties":{"osm_id":400422920,"osm_type":"way","nome":"Escola Municipal Adauto Ferreira","operador":null,"operador_tipo":null,"nivel":null,"municipio_cod":"2513208","municipio":"Santa Cruz"}},{"type":"Feature","geometry":{"type":"Point","coordinates":[-38.0626409,-6.5332338]},"properties":{"osm_id":400423947,"osm_type":"way","nome":"Escola Estadual Prof. Nestor Antunes","operador":null,"operador_tipo":null,"nivel":null,"municipio_cod":"2513208","municipio":"Santa Cruz"}},{"type":"Feature","geometry":{"type":"Point","coordinates":[-35.6294545,-6.7399127]},"properties":{"osm_id":403185123,"osm_type":"way","nome":"ECIT José Rocha Sobrinho","operador":"Secretaria Estadual de Educação","operador_tipo":null,"nivel":null,"municipio_cod":"2501500","municipio":"Bananeiras"}},{"type":"Feature","geometry":{"type":"Point","coordinates":[-35.6327231,-6.7450776]},"properties":{"osm_id":403693061,"osm_type":"way","nome":"Escola Normal Estadual Professor Pedro Augusto de Almeida","operador":"Secretaria Estadual de Educação","operador_tipo":null,"nivel":null,"municipio_cod":"2501500","municipio":"Bananeiras"}},{"type":"Feature","geometry":{"type":"Point","coordinates":[-35.6598773,-6.75699]},"properties":{"osm_id":404727343,"osm_type":"way","nome":"EEEF Celso Cirne","operador":"Secretaria Estadual de Educação","operador_tipo":null,"nivel":null,"municipio_cod":"2516003","municipio":"Solânea"}},{"type":"Feature","geometry":{"type":"Point","coordinates":[-34.8461202,-7.1808114]},"properties":{"osm_id":426669676,"osm_type":"way","nome":"Escola Estadual Profª. Maria Bronzeado Machado","operador":null,"operador_tipo":null,"nivel":null,"municipio_cod":"2507507","municipio":"João Pessoa"}},{"type":"Feature","geometry":{"type":"Point","coordinates":[-37.7988516,-6.7660948]},"properties":{"osm_id":428349144,"osm_type":"way","nome":"ECIT Monsenhor Vicente Freitas","operador":"Governo do Estado da Paraíba","operador_tipo":"government","nivel":null,"municipio_cod":"2512101","municipio":"Pombal"}},{"type":"Feature","geometry":{"type":"Point","coordinates":[-37.799987,-6.7663381]},"properties":{"osm_id":428349146,"osm_type":"way","nome":"Universidade Aberta do Brasil","operador":null,"operador_tipo":null,"nivel":null,"municipio_cod":"2512101","municipio":"Pombal"}},{"type":"Feature","geometry":{"type":"Point","coordinates":[-34.9467789,-7.2522614]},"properties":{"osm_id":439261015,"osm_type":"way","nome":"Joaquim Torre","operador":null,"operador_tipo":null,"nivel":null,"municipio_cod":"2513703","municipio":"Santa Rita"}},{"type":"Feature","geometry":{"type":"Point","coordinates":[-34.908959,-7.2610283]},"properties":{"osm_id":439261024,"osm_type":"way","nome":"Colegio João da Cunha Vinagre","operador":null,"operador_tipo":null,"nivel":null,"municipio_cod":"2504603","municipio":"Conde"}},{"type":"Feature","geometry":{"type":"Point","coordinates":[-34.8378267,-7.1529633]},"properties":{"osm_id":443239328,"osm_type":"way","nome":"Século Colégio e Curso","operador":null,"operador_tipo":null,"nivel":null,"municipio_cod":"2507507","municipio":"João Pessoa"}},{"type":"Feature","geometry":{"type":"Point","coordinates":[-34.9294168,-7.1737764]},"properties":{"osm_id":443496452,"osm_type":"way","nome":"Escola Municipal Anaide Beiriz","operador":"Prefeitura Municipal de João Pessoa","operador_tipo":null,"nivel":null,"municipio_cod":"2507507","municipio":"João Pessoa"}},{"type":"Feature","geometry":{"type":"Point","coordinates":[-37.6006194,-6.9065007]},"properties":{"osm_id":446016448,"osm_type":"way","nome":"Escola Municipal Sebastião Alves de Lima","operador":null,"operador_tipo":null,"nivel":null,"municipio_cod":"2504504","municipio":"Condado"}},{"type":"Feature","geometry":{"type":"Point","coordinates":[-37.91798,-7.2024229]},"properties":{"osm_id":456220909,"osm_type":"way","nome":"EMEF Luciano Freires de Farias","operador":null,"operador_tipo":null,"nivel":null,"municipio_cod":"2511301","municipio":"Piancó"}},{"type":"Feature","geometry":{"type":"Point","coordinates":[-37.9304549,-7.1983356]},"properties":{"osm_id":456220912,"osm_type":"way","nome":"Grupo Escolar Ademar Leite","operador":null,"operador_tipo":null,"nivel":null,"municipio_cod":"2511301","municipio":"Piancó"}},{"type":"Feature","geometry":{"type":"Point","coordinates":[-37.929964,-7.1992337]},"properties":{"osm_id":456220914,"osm_type":"way","nome":"EMEIF Maria Nazaré Remígio","operador":null,"operador_tipo":null,"nivel":null,"municipio_cod":"2511301","municipio":"Piancó"}},{"type":"Feature","geometry":{"type":"Point","coordinates":[-37.9301237,-7.2001437]},"properties":{"osm_id":456220915,"osm_type":"way","nome":null,"operador":null,"operador_tipo":null,"nivel":null,"municipio_cod":"2511301","municipio":"Piancó"}},{"type":"Feature","geometry":{"type":"Point","coordinates":[-37.9268111,-7.1951503]},"properties":{"osm_id":456220916,"osm_type":"way","nome":"EMEIF Otília Figueiredo da Costa","operador":null,"operador_tipo":null,"nivel":null,"municipio_cod":"2511301","municipio":"Piancó"}},{"type":"Feature","geometry":{"type":"Point","coordinates":[-37.9285694,-7.1945661]},"properties":{"osm_id":456220917,"osm_type":"way","nome":"EEEFM Beatriz Loureiro Lopes","operador":"Governo do Estado da Paraíba","operador_tipo":"government","nivel":null,"municipio_cod":"2511301","municipio":"Piancó"}},{"type":"Feature","geometry":{"type":"Point","coordinates":[-37.9300928,-7.1948262]},"properties":{"osm_id":456220918,"osm_type":"way","nome":"EMEIF Maria de Lourdes Freitas Damas","operador":null,"operador_tipo":null,"nivel":null,"municipio_cod":"2511301","municipio":"Piancó"}},{"type":"Feature","geometry":{"type":"Point","coordinates":[-37.9295007,-7.1963769]},"properties":{"osm_id":456220919,"osm_type":"way","nome":"ECIT Santo Antônio","operador":"Governo do Estado da Paraíba","operador_tipo":"government","nivel":null,"municipio_cod":"2511301","municipio":"Piancó"}},{"type":"Feature","geometry":{"type":"Point","coordinates":[-34.841752,-7.1696425]},"properties":{"osm_id":464250215,"osm_type":"way","nome":"ECI Pedro Lins Vieira de Melo","operador":null,"operador_tipo":null,"nivel":null,"municipio_cod":"2507507","municipio":"João Pessoa"}},{"type":"Feature","geometry":{"type":"Point","coordinates":[-34.8813412,-7.1842384]},"properties":{"osm_id":475868767,"osm_type":"way","nome":"Escola Municipal Moema Tinoco Cunha Lima","operador":null,"operador_tipo":null,"nivel":null,"municipio_cod":"2507507","municipio":"João Pessoa"}},{"type":"Feature","geometry":{"type":"Point","coordinates":[-34.8812016,-7.1821001]},"properties":{"osm_id":475868769,"osm_type":"way","nome":"Escola Estadual José do Patrocínio","operador":null,"operador_tipo":null,"nivel":null,"municipio_cod":"2507507","municipio":"João Pessoa"}},{"type":"Feature","geometry":{"type":"Point","coordinates":[-35.7047653,-6.9705208]},"properties":{"osm_id":486365888,"osm_type":"way","nome":null,"operador":null,"operador_tipo":null,"nivel":null,"municipio_cod":"2501104","municipio":"Areia"}},{"type":"Feature","geometry":{"type":"Point","coordinates":[-38.6528558,-6.8133603]},"properties":{"osm_id":491218618,"osm_type":"way","nome":"ECI Prof. Joaquim Umbelino","operador":null,"operador_tipo":null,"nivel":null,"municipio_cod":"2502201","municipio":"Bom Jesus"}},{"type":"Feature","geometry":{"type":"Point","coordinates":[-38.6552366,-6.8166274]},"properties":{"osm_id":494798167,"osm_type":"way","nome":"Escola Municipal de Ensino Infantil e Fundamental Maria do Carmo Golçalves","operador":null,"operador_tipo":null,"nivel":null,"municipio_cod":"2502201","municipio":"Bom Jesus"}},{"type":"Feature","geometry":{"type":"Point","coordinates":[-38.6560955,-6.8158024]},"properties":{"osm_id":494798169,"osm_type":"way","nome":"Anexo Educacional Municipal Antônio Golçalves Moreira","operador":null,"operador_tipo":null,"nivel":null,"municipio_cod":"2502201","municipio":"Bom Jesus"}},{"type":"Feature","geometry":{"type":"Point","coordinates":[-35.8681814,-7.2164681]},"properties":{"osm_id":496130576,"osm_type":"way","nome":"ECI Assis Chateaubriand","operador":null,"operador_tipo":null,"nivel":null,"municipio_cod":"2504009","municipio":"Campina Grande"}},{"type":"Feature","geometry":{"type":"Point","coordinates":[-37.2736387,-7.0225517]},"properties":{"osm_id":499368013,"osm_type":"way","nome":"Colégio Santo Expedito","operador":null,"operador_tipo":null,"nivel":null,"municipio_cod":"2510808","municipio":"Patos"}},{"type":"Feature","geometry":{"type":"Point","coordinates":[-37.2808378,-7.020061]},"properties":{"osm_id":500277175,"osm_type":"way","nome":"Lions Clube de Patos","operador":null,"operador_tipo":null,"nivel":null,"municipio_cod":"2510808","municipio":"Patos"}},{"type":"Feature","geometry":{"type":"Point","coordinates":[-37.2935207,-7.0289464]},"properties":{"osm_id":511862590,"osm_type":"way","nome":"CAIC","operador":null,"operador_tipo":null,"nivel":null,"municipio_cod":"2510808","municipio":"Patos"}},{"type":"Feature","geometry":{"type":"Point","coordinates":[-37.2645395,-7.0196969]},"properties":{"osm_id":516407939,"osm_type":"way","nome":"SESI","operador":null,"operador_tipo":null,"nivel":null,"municipio_cod":"2510808","municipio":"Patos"}},{"type":"Feature","geometry":{"type":"Point","coordinates":[-37.2726983,-7.0254272]},"properties":{"osm_id":524714654,"osm_type":"way","nome":"Escola Municipal Nosso Lar Tio Juca","operador":"Prefeitura Municipal de Patos","operador_tipo":"public","nivel":null,"municipio_cod":"2510808","municipio":"Patos"}},{"type":"Feature","geometry":{"type":"Point","coordinates":[-34.8933492,-7.1500497]},"properties":{"osm_id":526164917,"osm_type":"way","nome":"E.C.I.T. Paulo VI","operador":null,"operador_tipo":null,"nivel":null,"municipio_cod":"2507507","municipio":"João Pessoa"}},{"type":"Feature","geometry":{"type":"Point","coordinates":[-34.9085794,-7.263204]},"properties":{"osm_id":526179174,"osm_type":"way","nome":"Escola Municipal Noêmia Alves - Anexo","operador":null,"operador_tipo":null,"nivel":null,"municipio_cod":"2504603","municipio":"Conde"}},{"type":"Feature","geometry":{"type":"Point","coordinates":[-35.4957879,-6.7855011]},"properties":{"osm_id":528897901,"osm_type":"way","nome":"Escola Estadual Augusto de Almeida","operador":null,"operador_tipo":null,"nivel":null,"municipio_cod":"2511806","municipio":"Pirpirituba"}},{"type":"Feature","geometry":{"type":"Point","coordinates":[-35.4982994,-6.7837011]},"properties":{"osm_id":528897908,"osm_type":"way","nome":"Escola Municipal Nossa Senhora Aparecida","operador":null,"operador_tipo":null,"nivel":null,"municipio_cod":"2511806","municipio":"Pirpirituba"}},{"type":"Feature","geometry":{"type":"Point","coordinates":[-35.4983226,-6.7802137]},"properties":{"osm_id":528897911,"osm_type":"way","nome":"Escola Estadual","operador":null,"operador_tipo":null,"nivel":null,"municipio_cod":"2511806","municipio":"Pirpirituba"}},{"type":"Feature","geometry":{"type":"Point","coordinates":[-37.8025964,-6.7696274]},"properties":{"osm_id":531144283,"osm_type":"way","nome":"Escola Estadual João da Mata","operador":"Governo do Estado da Paraíba","operador_tipo":"government","nivel":null,"municipio_cod":"2512101","municipio":"Pombal"}},{"type":"Feature","geometry":{"type":"Point","coordinates":[-37.794971,-6.7648841]},"properties":{"osm_id":531144286,"osm_type":"way","nome":"Escola Estadual Arruda Câmara","operador":"Governo do Estado da Paraíba","operador_tipo":"government","nivel":null,"municipio_cod":"2512101","municipio":"Pombal"}},{"type":"Feature","geometry":{"type":"Point","coordinates":[-37.5342833,-6.1882669]},"properties":{"osm_id":535398679,"osm_type":"way","nome":"ECI Nossa Senhora da Conceição","operador":"Governo do Estado da Paraíba","operador_tipo":"government","nivel":null,"municipio_cod":"2502003","municipio":"Belém do Brejo do Cruz"}},{"type":"Feature","geometry":{"type":"Point","coordinates":[-37.8011135,-6.778789]},"properties":{"osm_id":541580259,"osm_type":"way","nome":"CAIC","operador":null,"operador_tipo":null,"nivel":null,"municipio_cod":"2512101","municipio":"Pombal"}},{"type":"Feature","geometry":{"type":"Point","coordinates":[-37.7567703,-6.3476249]},"properties":{"osm_id":541580281,"osm_type":"way","nome":"CAIC","operador":null,"operador_tipo":null,"nivel":null,"municipio_cod":"2504306","municipio":"Catolé do Rocha"}},{"type":"Feature","geometry":{"type":"Point","coordinates":[-37.7646675,-6.3502051]},"properties":{"osm_id":541580358,"osm_type":"way","nome":null,"operador":null,"operador_tipo":null,"nivel":null,"municipio_cod":"2504306","municipio":"Catolé do Rocha"}},{"type":"Feature","geometry":{"type":"Point","coordinates":[-34.8341474,-7.1223478]},"properties":{"osm_id":541929019,"osm_type":"way","nome":"Evolução","operador":null,"operador_tipo":null,"nivel":null,"municipio_cod":"2507507","municipio":"João Pessoa"}},{"type":"Feature","geometry":{"type":"Point","coordinates":[-34.8411124,-7.105776]},"properties":{"osm_id":542173935,"osm_type":"way","nome":null,"operador":null,"operador_tipo":null,"nivel":null,"municipio_cod":"2507507","municipio":"João Pessoa"}},{"type":"Feature","geometry":{"type":"Point","coordinates":[-34.8447976,-7.1016227]},"properties":{"osm_id":542174690,"osm_type":"way","nome":"Escola Milênio","operador":null,"operador_tipo":null,"nivel":null,"municipio_cod":"2507507","municipio":"João Pessoa"}},{"type":"Feature","geometry":{"type":"Point","coordinates":[-36.8764985,-7.667763]},"properties":{"osm_id":544775077,"osm_type":"way","nome":"Escola Estadual José Gonçalves de Queiroz","operador":null,"operador_tipo":null,"nivel":null,"municipio_cod":"2516300","municipio":"Sumé"}},{"type":"Feature","geometry":{"type":"Point","coordinates":[-35.9035647,-7.2214362]},"properties":{"osm_id":545474398,"osm_type":"way","nome":"ECI Monte Carmelo","operador":null,"operador_tipo":"government","nivel":null,"municipio_cod":"2504009","municipio":"Campina Grande"}},{"type":"Feature","geometry":{"type":"Point","coordinates":[-35.9042861,-7.2233241]},"properties":{"osm_id":545475221,"osm_type":"way","nome":"Escola Municipal 2","operador":null,"operador_tipo":null,"nivel":null,"municipio_cod":"2504009","municipio":"Campina Grande"}},{"type":"Feature","geometry":{"type":"Point","coordinates":[-35.9026136,-7.2254786]},"properties":{"osm_id":545475537,"osm_type":"way","nome":"Escola Municipal","operador":null,"operador_tipo":null,"nivel":null,"municipio_cod":"2504009","municipio":"Campina Grande"}},{"type":"Feature","geometry":{"type":"Point","coordinates":[-35.9152531,-7.2180333]},"properties":{"osm_id":545476321,"osm_type":"way","nome":"E.E.E.F.M Ademar Veloso Da Silveira","operador":null,"operador_tipo":null,"nivel":null,"municipio_cod":"2504009","municipio":"Campina Grande"}},{"type":"Feature","geometry":{"type":"Point","coordinates":[-35.9152671,-7.218631]},"properties":{"osm_id":545476601,"osm_type":"way","nome":"Escola Municipal","operador":null,"operador_tipo":null,"nivel":null,"municipio_cod":"2504009","municipio":"Campina Grande"}},{"type":"Feature","geometry":{"type":"Point","coordinates":[-37.2559286,-7.2230652]},"properties":{"osm_id":546111348,"osm_type":"way","nome":"ECIT Sebastião Guedes da Silva","operador":"Governo do Estado da Paraíba","operador_tipo":"government","nivel":null,"municipio_cod":"2516706","municipio":"Teixeira"}},{"type":"Feature","geometry":{"type":"Point","coordinates":[-34.8372899,-7.1083316]},"properties":{"osm_id":546355952,"osm_type":"way","nome":"Escola Municipal Nazinha Barbosa","operador":null,"operador_tipo":null,"nivel":null,"municipio_cod":"2507507","municipio":"João Pessoa"}},{"type":"Feature","geometry":{"type":"Point","coordinates":[-34.8370646,-7.1051305]},"properties":{"osm_id":546470080,"osm_type":"way","nome":"ECIT Alice Carneiro","operador":null,"operador_tipo":null,"nivel":null,"municipio_cod":"2507507","municipio":"João Pessoa"}},{"type":"Feature","geometry":{"type":"Point","coordinates":[-34.8379925,-7.1052228]},"properties":{"osm_id":546470081,"osm_type":"way","nome":"Escola Construção do Saber","operador":null,"operador_tipo":null,"nivel":null,"municipio_cod":"2507507","municipio":"João Pessoa"}},{"type":"Feature","geometry":{"type":"Point","coordinates":[-34.8399178,-7.1054387]},"properties":{"osm_id":546470082,"osm_type":"way","nome":"Colibri Colégio e Cursos","operador":null,"operador_tipo":null,"nivel":null,"municipio_cod":"2507507","municipio":"João Pessoa"}},{"type":"Feature","geometry":{"type":"Point","coordinates":[-34.8403962,-7.1046428]},"properties":{"osm_id":546470084,"osm_type":"way","nome":"Athenas Colégio e Curso","operador":null,"operador_tipo":null,"nivel":null,"municipio_cod":"2507507","municipio":"João Pessoa"}},{"type":"Feature","geometry":{"type":"Point","coordinates":[-35.8951924,-7.1991437]},"properties":{"osm_id":547782231,"osm_type":"way","nome":"ECIT Anésio Leão","operador":null,"operador_tipo":null,"nivel":null,"municipio_cod":"2504009","municipio":"Campina Grande"}},{"type":"Feature","geometry":{"type":"Point","coordinates":[-35.7956994,-6.9642938]},"properties":{"osm_id":547818232,"osm_type":"way","nome":"Escola José Bronzeado Sobrinho","operador":null,"operador_tipo":null,"nivel":null,"municipio_cod":"2512705","municipio":"Remígio"}},{"type":"Feature","geometry":{"type":"Point","coordinates":[-35.7957389,-6.9641787]},"properties":{"osm_id":547818233,"osm_type":"way","nome":"E. E. E. F. M. J. B. S.","operador":null,"operador_tipo":null,"nivel":null,"municipio_cod":"2512705","municipio":"Remígio"}},{"type":"Feature","geometry":{"type":"Point","coordinates":[-36.8774562,-7.6683287]},"properties":{"osm_id":548347518,"osm_type":"way","nome":"Escola Estadual Ef. Desembargador Feitosa Ventura","operador":null,"operador_tipo":null,"nivel":null,"municipio_cod":"2516300","municipio":"Sumé"}},{"type":"Feature","geometry":{"type":"Point","coordinates":[-36.8780008,-7.6679172]},"properties":{"osm_id":548641599,"osm_type":"way","nome":"Escola Municipal Maria Leite","operador":null,"operador_tipo":null,"nivel":null,"municipio_cod":"2516300","municipio":"Sumé"}},{"type":"Feature","geometry":{"type":"Point","coordinates":[-36.9147627,-6.8707468]},"properties":{"osm_id":548761097,"osm_type":"way","nome":"ECIT Pe. Jerônimo Lawen","operador":"Governo do Estado da Paraíba","operador_tipo":"government","nivel":null,"municipio_cod":"2513406","municipio":"Santa Luzia"}},{"type":"Feature","geometry":{"type":"Point","coordinates":[-36.9190248,-6.8729402]},"properties":{"osm_id":548761744,"osm_type":"way","nome":"ECI Coelho Lisboa","operador":"Governo do Estado da Paraíba","operador_tipo":"government","nivel":null,"municipio_cod":"2513406","municipio":"Santa Luzia"}},{"type":"Feature","geometry":{"type":"Point","coordinates":[-36.9141653,-6.8724094]},"properties":{"osm_id":548784216,"osm_type":"way","nome":"EEEF Mons. Pedro Anísio","operador":"Governo do Estado da Paraíba","operador_tipo":"government","nivel":null,"municipio_cod":"2513406","municipio":"Santa Luzia"}},{"type":"Feature","geometry":{"type":"Point","coordinates":[-35.9185641,-7.2260897]},"properties":{"osm_id":549070965,"osm_type":"way","nome":"ECI Severino Cabral","operador":null,"operador_tipo":null,"nivel":null,"municipio_cod":"2504009","municipio":"Campina Grande"}},{"type":"Feature","geometry":{"type":"Point","coordinates":[-35.9165212,-7.2288934]},"properties":{"osm_id":549070978,"osm_type":"way","nome":null,"operador":null,"operador_tipo":null,"nivel":null,"municipio_cod":"2504009","municipio":"Campina Grande"}},{"type":"Feature","geometry":{"type":"Point","coordinates":[-34.8839408,-7.1099929]},"properties":{"osm_id":549405852,"osm_type":"way","nome":"Escola Municipal Frei Afonso","operador":null,"operador_tipo":null,"nivel":null,"municipio_cod":"2507507","municipio":"João Pessoa"}},{"type":"Feature","geometry":{"type":"Point","coordinates":[-36.8738988,-7.6700026]},"properties":{"osm_id":550652194,"osm_type":"way","nome":"Instituto Educacional Imaculada Conceição","operador":null,"operador_tipo":null,"nivel":null,"municipio_cod":"2516300","municipio":"Sumé"}},{"type":"Feature","geometry":{"type":"Point","coordinates":[-35.8951117,-7.2214228]},"properties":{"osm_id":551745842,"osm_type":"way","nome":"Escola Estadual de Ensino Fundamental do Rosário","operador":null,"operador_tipo":null,"nivel":null,"municipio_cod":"2504009","municipio":"Campina Grande"}},{"type":"Feature","geometry":{"type":"Point","coordinates":[-36.8898027,-7.6636029]},"properties":{"osm_id":551987416,"osm_type":"way","nome":null,"operador":null,"operador_tipo":null,"nivel":null,"municipio_cod":"2516300","municipio":"Sumé"}},{"type":"Feature","geometry":{"type":"Point","coordinates":[-38.546712,-6.8912575]},"properties":{"osm_id":554982758,"osm_type":"way","nome":"ECIT Polivalente Cristiano Cartaxo","operador":null,"operador_tipo":null,"nivel":null,"municipio_cod":"2503704","municipio":"Cajazeiras"}},{"type":"Feature","geometry":{"type":"Point","coordinates":[-38.5617017,-6.8906977]},"properties":{"osm_id":555803968,"osm_type":"way","nome":null,"operador":null,"operador_tipo":null,"nivel":null,"municipio_cod":"2503704","municipio":"Cajazeiras"}},{"type":"Feature","geometry":{"type":"Point","coordinates":[-38.5580492,-6.8932193]},"properties":{"osm_id":555805096,"osm_type":"way","nome":null,"operador":null,"operador_tipo":null,"nivel":null,"municipio_cod":"2503704","municipio":"Cajazeiras"}},{"type":"Feature","geometry":{"type":"Point","coordinates":[-35.8814392,-7.2280645]},"properties":{"osm_id":556562760,"osm_type":"way","nome":"Escola Instituto São Vicente de Paula","operador":null,"operador_tipo":null,"nivel":null,"municipio_cod":"2504009","municipio":"Campina Grande"}},{"type":"Feature","geometry":{"type":"Point","coordinates":[-35.8810959,-7.2277592]},"properties":{"osm_id":556562761,"osm_type":"way","nome":"Escola Instuto São Vicente de Paula","operador":null,"operador_tipo":null,"nivel":null,"municipio_cod":"2504009","municipio":"Campina Grande"}},{"type":"Feature","geometry":{"type":"Point","coordinates":[-35.8809772,-7.2276711]},"properties":{"osm_id":556562762,"osm_type":"way","nome":"Escola Instituto São Vicente de Paula","operador":null,"operador_tipo":null,"nivel":null,"municipio_cod":"2504009","municipio":"Campina Grande"}},{"type":"Feature","geometry":{"type":"Point","coordinates":[-37.9438116,-7.0189467]},"properties":{"osm_id":558109907,"osm_type":"way","nome":"Colégio e Cursos Santa Rita de Cássia","operador":null,"operador_tipo":null,"nivel":null,"municipio_cod":"2504801","municipio":"Coremas"}},{"type":"Feature","geometry":{"type":"Point","coordinates":[-37.9440677,-7.0188133]},"properties":{"osm_id":558109908,"osm_type":"way","nome":"Escola Cônego Bernado","operador":null,"operador_tipo":null,"nivel":null,"municipio_cod":"2504801","municipio":"Coremas"}},{"type":"Feature","geometry":{"type":"Point","coordinates":[-36.8754785,-7.6725059]},"properties":{"osm_id":563472857,"osm_type":"way","nome":"Centro Educacional Joao Paulo II","operador":null,"operador_tipo":null,"nivel":null,"municipio_cod":"2516300","municipio":"Sumé"}},{"type":"Feature","geometry":{"type":"Point","coordinates":[-35.7933003,-6.9691049]},"properties":{"osm_id":566833370,"osm_type":"way","nome":"Educandário Nossa Senhora Aparecida","operador":null,"operador_tipo":null,"nivel":null,"municipio_cod":"2512705","municipio":"Remígio"}},{"type":"Feature","geometry":{"type":"Point","coordinates":[-34.9841308,-7.2508469]},"properties":{"osm_id":568522222,"osm_type":"way","nome":null,"operador":null,"operador_tipo":null,"nivel":null,"municipio_cod":"2513703","municipio":"Santa Rita"}},{"type":"Feature","geometry":{"type":"Point","coordinates":[-35.7912019,-6.9678521]},"properties":{"osm_id":568527582,"osm_type":"way","nome":"Escola Estanislau Eloy","operador":null,"operador_tipo":null,"nivel":null,"municipio_cod":"2512705","municipio":"Remígio"}},{"type":"Feature","geometry":{"type":"Point","coordinates":[-35.7953041,-6.9651834]},"properties":{"osm_id":568534159,"osm_type":"way","nome":"Escola Gercina Eloy","operador":null,"operador_tipo":null,"nivel":null,"municipio_cod":"2512705","municipio":"Remígio"}},{"type":"Feature","geometry":{"type":"Point","coordinates":[-35.7954903,-6.9649961]},"properties":{"osm_id":568534161,"osm_type":"way","nome":"Escola Vanessa Albuquerque da Silva","operador":null,"operador_tipo":null,"nivel":null,"municipio_cod":"2512705","municipio":"Remígio"}},{"type":"Feature","geometry":{"type":"Point","coordinates":[-35.7946185,-6.9658922]},"properties":{"osm_id":568594333,"osm_type":"way","nome":null,"operador":null,"operador_tipo":null,"nivel":null,"municipio_cod":"2512705","municipio":"Remígio"}},{"type":"Feature","geometry":{"type":"Point","coordinates":[-34.9852089,-7.2516716]},"properties":{"osm_id":568700049,"osm_type":"way","nome":"Lar Evangélico da Criança - Sede Cicerolândia","operador":null,"operador_tipo":null,"nivel":null,"municipio_cod":"2513703","municipio":"Santa Rita"}},{"type":"Feature","geometry":{"type":"Point","coordinates":[-34.9839835,-7.2543849]},"properties":{"osm_id":568700184,"osm_type":"way","nome":null,"operador":null,"operador_tipo":null,"nivel":null,"municipio_cod":"2513703","municipio":"Santa Rita"}},{"type":"Feature","geometry":{"type":"Point","coordinates":[-34.9840797,-7.2511117]},"properties":{"osm_id":568705374,"osm_type":"way","nome":null,"operador":null,"operador_tipo":null,"nivel":null,"municipio_cod":"2513703","municipio":"Santa Rita"}},{"type":"Feature","geometry":{"type":"Point","coordinates":[-34.9848438,-7.1266025]},"properties":{"osm_id":568707657,"osm_type":"way","nome":"E.E.E.F. Prof. Antônio Teixeira","operador":null,"operador_tipo":null,"nivel":null,"municipio_cod":"2513703","municipio":"Santa Rita"}},{"type":"Feature","geometry":{"type":"Point","coordinates":[-35.79316,-6.9649648]},"properties":{"osm_id":568800202,"osm_type":"way","nome":"Escola Estadual de Ensino Fundamental e Médio Doutor Cunha Lima","operador":null,"operador_tipo":null,"nivel":null,"municipio_cod":"2512705","municipio":"Remígio"}},{"type":"Feature","geometry":{"type":"Point","coordinates":[-35.7388125,-6.5316798]},"properties":{"osm_id":570328020,"osm_type":"way","nome":"Escola Municipal João Alves Torres","operador":null,"operador_tipo":null,"nivel":null,"municipio_cod":"2501005","municipio":"Araruna"}},{"type":"Feature","geometry":{"type":"Point","coordinates":[-37.747579,-6.3458857]},"properties":{"osm_id":572916732,"osm_type":"way","nome":"Colégio Normal Francisca Mendes","operador":null,"operador_tipo":null,"nivel":null,"municipio_cod":"2504306","municipio":"Catolé do Rocha"}},{"type":"Feature","geometry":{"type":"Point","coordinates":[-38.2171393,-7.4190159]},"properties":{"osm_id":577774666,"osm_type":"way","nome":"ECI João Cavalcanti Sula","operador":"Governo do Estado da Paraíba","operador_tipo":"government","nivel":null,"municipio_cod":"2502102","municipio":"Boa Ventura"}},{"type":"Feature","geometry":{"type":"Point","coordinates":[-38.2158169,-7.4230085]},"properties":{"osm_id":577774681,"osm_type":"way","nome":"Escola Municipal Anderson Henrique Alves","operador":null,"operador_tipo":null,"nivel":null,"municipio_cod":"2502102","municipio":"Boa Ventura"}},{"type":"Feature","geometry":{"type":"Point","coordinates":[-38.2134104,-7.420368]},"properties":{"osm_id":577774692,"osm_type":"way","nome":"Escola Municipal Emília Diniz Alvarenga","operador":null,"operador_tipo":null,"nivel":null,"municipio_cod":"2502102","municipio":"Boa Ventura"}},{"type":"Feature","geometry":{"type":"Point","coordinates":[-38.5836631,-7.2135958]},"properties":{"osm_id":579058085,"osm_type":"way","nome":"Escola Municipal José Dias Guarita","operador":null,"operador_tipo":null,"nivel":null,"municipio_cod":"2509602","municipio":"Monte Horebe"}},{"type":"Feature","geometry":{"type":"Point","coordinates":[-38.5818118,-7.2112853]},"properties":{"osm_id":579058086,"osm_type":"way","nome":"ECI Bonifácio Saraiva de Moura","operador":null,"operador_tipo":null,"nivel":null,"municipio_cod":"2509602","municipio":"Monte Horebe"}},{"type":"Feature","geometry":{"type":"Point","coordinates":[-38.3463722,-7.0401388]},"properties":{"osm_id":579383852,"osm_type":"way","nome":null,"operador":null,"operador_tipo":null,"nivel":null,"municipio_cod":"2504108","municipio":"Carrapateira"}},{"type":"Feature","geometry":{"type":"Point","coordinates":[-38.3446971,-7.0373637]},"properties":{"osm_id":579383853,"osm_type":"way","nome":null,"operador":null,"operador_tipo":null,"nivel":null,"municipio_cod":"2504108","municipio":"Carrapateira"}},{"type":"Feature","geometry":{"type":"Point","coordinates":[-38.3466173,-7.0381424]},"properties":{"osm_id":579383854,"osm_type":"way","nome":null,"operador":null,"operador_tipo":null,"nivel":null,"municipio_cod":"2504108","municipio":"Carrapateira"}},{"type":"Feature","geometry":{"type":"Point","coordinates":[-38.1675902,-6.9421781]},"properties":{"osm_id":579395474,"osm_type":"way","nome":"Escola Municipal Maria Marques Formiga de Sousa","operador":null,"operador_tipo":null,"nivel":null,"municipio_cod":"2514206","municipio":"São José da Lagoa Tapada"}},{"type":"Feature","geometry":{"type":"Point","coordinates":[-38.1637761,-6.9444952]},"properties":{"osm_id":579395475,"osm_type":"way","nome":null,"operador":null,"operador_tipo":null,"nivel":null,"municipio_cod":"2514206","municipio":"São José da Lagoa Tapada"}},{"type":"Feature","geometry":{"type":"Point","coordinates":[-38.1605977,-6.9403336]},"properties":{"osm_id":579395476,"osm_type":"way","nome":"Escola Estadual Genésio Araújo","operador":null,"operador_tipo":null,"nivel":null,"municipio_cod":"2514206","municipio":"São José da Lagoa Tapada"}},{"type":"Feature","geometry":{"type":"Point","coordinates":[-35.9055057,-7.2267499]},"properties":{"osm_id":587071673,"osm_type":"way","nome":"Colégio Padre Anchieta","operador":null,"operador_tipo":null,"nivel":null,"municipio_cod":"2504009","municipio":"Campina Grande"}},{"type":"Feature","geometry":{"type":"Point","coordinates":[-35.9092167,-7.1685477]},"properties":{"osm_id":591019563,"osm_type":"way","nome":null,"operador":null,"operador_tipo":null,"nivel":null,"municipio_cod":"2512408","municipio":"Puxinanã"}},{"type":"Feature","geometry":{"type":"Point","coordinates":[-35.9096611,-7.167458]},"properties":{"osm_id":591019564,"osm_type":"way","nome":null,"operador":null,"operador_tipo":null,"nivel":null,"municipio_cod":"2512408","municipio":"Puxinanã"}},{"type":"Feature","geometry":{"type":"Point","coordinates":[-35.909448,-7.1670285]},"properties":{"osm_id":591019565,"osm_type":"way","nome":null,"operador":null,"operador_tipo":null,"nivel":null,"municipio_cod":"2508307","municipio":"Lagoa Seca"}},{"type":"Feature","geometry":{"type":"Point","coordinates":[-35.3796856,-6.6741533]},"properties":{"osm_id":593029177,"osm_type":"way","nome":"Escola Menino Jesus","operador":null,"operador_tipo":null,"nivel":null,"municipio_cod":"2508208","municipio":"Lagoa de Dentro"}},{"type":"Feature","geometry":{"type":"Point","coordinates":[-35.4687404,-6.7638459]},"properties":{"osm_id":604265531,"osm_type":"way","nome":null,"operador":null,"operador_tipo":null,"nivel":null,"municipio_cod":"2501906","municipio":"Belém"}},{"type":"Feature","geometry":{"type":"Point","coordinates":[-35.469682,-6.7661649]},"properties":{"osm_id":604265535,"osm_type":"way","nome":null,"operador":null,"operador_tipo":null,"nivel":null,"municipio_cod":"2511806","municipio":"Pirpirituba"}},{"type":"Feature","geometry":{"type":"Point","coordinates":[-35.4392469,-6.7519662]},"properties":{"osm_id":604265567,"osm_type":"way","nome":null,"operador":null,"operador_tipo":null,"nivel":null,"municipio_cod":"2515930","municipio":"Sertãozinho"}},{"type":"Feature","geometry":{"type":"Point","coordinates":[-35.4420572,-6.7537738]},"properties":{"osm_id":604265582,"osm_type":"way","nome":"E. M. E. F. Ulisses Maurício de Pontes","operador":null,"operador_tipo":null,"nivel":null,"municipio_cod":"2511806","municipio":"Pirpirituba"}},{"type":"Feature","geometry":{"type":"Point","coordinates":[-35.4418778,-6.7538113]},"properties":{"osm_id":604265583,"osm_type":"way","nome":"E. E. E. F. Belmira Arruda Alcoforado","operador":null,"operador_tipo":null,"nivel":null,"municipio_cod":"2511806","municipio":"Pirpirituba"}},{"type":"Feature","geometry":{"type":"Point","coordinates":[-35.4975803,-6.854425]},"properties":{"osm_id":604413232,"osm_type":"way","nome":"Colégio Estadual","operador":null,"operador_tipo":null,"nivel":null,"municipio_cod":"2506301","municipio":"Guarabira"}},{"type":"Feature","geometry":{"type":"Point","coordinates":[-35.499227,-6.8522254]},"properties":{"osm_id":604413233,"osm_type":"way","nome":"C. E. Raul de Freitas Mouzinho","operador":null,"operador_tipo":null,"nivel":null,"municipio_cod":"2506301","municipio":"Guarabira"}},{"type":"Feature","geometry":{"type":"Point","coordinates":[-35.4382789,-6.752175]},"properties":{"osm_id":604683615,"osm_type":"way","nome":null,"operador":null,"operador_tipo":null,"nivel":null,"municipio_cod":"2515930","municipio":"Sertãozinho"}},{"type":"Feature","geometry":{"type":"Point","coordinates":[-38.3988076,-6.4114177]},"properties":{"osm_id":605077199,"osm_type":"way","nome":null,"operador":null,"operador_tipo":null,"nivel":null,"municipio_cod":"2516904","municipio":"Uiraúna"}},{"type":"Feature","geometry":{"type":"Point","coordinates":[-35.3535941,-6.7084162]},"properties":{"osm_id":607137376,"osm_type":"way","nome":null,"operador":null,"operador_tipo":null,"nivel":null,"municipio_cod":"2508208","municipio":"Lagoa de Dentro"}},{"type":"Feature","geometry":{"type":"Point","coordinates":[-35.2895196,-6.611517]},"properties":{"osm_id":607901403,"osm_type":"way","nome":null,"operador":null,"operador_tipo":null,"nivel":null,"municipio_cod":"2507309","municipio":"Jacaraú"}},{"type":"Feature","geometry":{"type":"Point","coordinates":[-35.2919713,-6.6120078]},"properties":{"osm_id":607901405,"osm_type":"way","nome":"Escola Estadual Castro Pinto","operador":null,"operador_tipo":null,"nivel":null,"municipio_cod":"2507309","municipio":"Jacaraú"}},{"type":"Feature","geometry":{"type":"Point","coordinates":[-35.3176521,-6.5964794]},"properties":{"osm_id":607938384,"osm_type":"way","nome":null,"operador":null,"operador_tipo":null,"nivel":null,"municipio_cod":"2507309","municipio":"Jacaraú"}},{"type":"Feature","geometry":{"type":"Point","coordinates":[-35.3864838,-6.5784892]},"properties":{"osm_id":607938387,"osm_type":"way","nome":null,"operador":null,"operador_tipo":null,"nivel":null,"municipio_cod":"2507309","municipio":"Jacaraú"}},{"type":"Feature","geometry":{"type":"Point","coordinates":[-35.3688537,-6.539958]},"properties":{"osm_id":607938391,"osm_type":"way","nome":"Professor Miguel Bastos","operador":null,"operador_tipo":null,"nivel":null,"municipio_cod":"2507309","municipio":"Jacaraú"}},{"type":"Feature","geometry":{"type":"Point","coordinates":[-35.2455388,-6.676714]},"properties":{"osm_id":607938394,"osm_type":"way","nome":null,"operador":null,"operador_tipo":null,"nivel":null,"municipio_cod":"2507309","municipio":"Jacaraú"}},{"type":"Feature","geometry":{"type":"Point","coordinates":[-35.2451935,-6.662407]},"properties":{"osm_id":607938399,"osm_type":"way","nome":null,"operador":null,"operador_tipo":null,"nivel":null,"municipio_cod":"2507309","municipio":"Jacaraú"}},{"type":"Feature","geometry":{"type":"Point","coordinates":[-35.2547689,-6.6605573]},"properties":{"osm_id":607943299,"osm_type":"way","nome":null,"operador":null,"operador_tipo":null,"nivel":null,"municipio_cod":"2512721","municipio":"Pedro Régis"}},{"type":"Feature","geometry":{"type":"Point","coordinates":[-35.2239687,-6.6549812]},"properties":{"osm_id":607964425,"osm_type":"way","nome":null,"operador":null,"operador_tipo":null,"nivel":null,"municipio_cod":"2507309","municipio":"Jacaraú"}},{"type":"Feature","geometry":{"type":"Point","coordinates":[-35.2857231,-6.6142027]},"properties":{"osm_id":607964464,"osm_type":"way","nome":null,"operador":null,"operador_tipo":null,"nivel":null,"municipio_cod":"2507309","municipio":"Jacaraú"}},{"type":"Feature","geometry":{"type":"Point","coordinates":[-35.2870202,-6.6167344]},"properties":{"osm_id":607974784,"osm_type":"way","nome":null,"operador":null,"operador_tipo":null,"nivel":null,"municipio_cod":"2507309","municipio":"Jacaraú"}},{"type":"Feature","geometry":{"type":"Point","coordinates":[-35.2910057,-6.6161674]},"properties":{"osm_id":611659771,"osm_type":"way","nome":null,"operador":"CVV-GEO","operador_tipo":null,"nivel":null,"municipio_cod":"2507309","municipio":"Jacaraú"}},{"type":"Feature","geometry":{"type":"Point","coordinates":[-35.3779852,-6.671472]},"properties":{"osm_id":612676033,"osm_type":"way","nome":null,"operador":null,"operador_tipo":null,"nivel":null,"municipio_cod":"2508208","municipio":"Lagoa de Dentro"}},{"type":"Feature","geometry":{"type":"Point","coordinates":[-35.3775284,-6.6713993]},"properties":{"osm_id":612676036,"osm_type":"way","nome":null,"operador":null,"operador_tipo":null,"nivel":null,"municipio_cod":"2508208","municipio":"Lagoa de Dentro"}},{"type":"Feature","geometry":{"type":"Point","coordinates":[-35.3459605,-6.6898555]},"properties":{"osm_id":613109970,"osm_type":"way","nome":"Escola Manoel Adelaide","operador":null,"operador_tipo":null,"nivel":null,"municipio_cod":"2508208","municipio":"Lagoa de Dentro"}},{"type":"Feature","geometry":{"type":"Point","coordinates":[-38.4135854,-6.5246544]},"properties":{"osm_id":617693171,"osm_type":"way","nome":"Escola Estadual Dr. Jose Duarte Filho","operador":null,"operador_tipo":null,"nivel":null,"municipio_cod":"2516904","municipio":"Uiraúna"}},{"type":"Feature","geometry":{"type":"Point","coordinates":[-38.4050605,-6.5148096]},"properties":{"osm_id":617695973,"osm_type":"way","nome":"Escola Municipal Lica Duarte","operador":null,"operador_tipo":null,"nivel":null,"municipio_cod":"2516904","municipio":"Uiraúna"}},{"type":"Feature","geometry":{"type":"Point","coordinates":[-35.8665287,-7.2301411]},"properties":{"osm_id":617701867,"osm_type":"way","nome":"ECI Nenzinha Cunha Lima","operador":null,"operador_tipo":null,"nivel":null,"municipio_cod":"2504009","municipio":"Campina Grande"}},{"type":"Feature","geometry":{"type":"Point","coordinates":[-38.4163262,-6.5116058]},"properties":{"osm_id":618042134,"osm_type":"way","nome":"Escola Ernani Satiro","operador":null,"operador_tipo":null,"nivel":null,"municipio_cod":"2516904","municipio":"Uiraúna"}},{"type":"Feature","geometry":{"type":"Point","coordinates":[-38.4078755,-6.5186476]},"properties":{"osm_id":618059489,"osm_type":"way","nome":"Escola Jovelina Gomes","operador":null,"operador_tipo":null,"nivel":null,"municipio_cod":"2516904","municipio":"Uiraúna"}},{"type":"Feature","geometry":{"type":"Point","coordinates":[-38.4126699,-6.5242577]},"properties":{"osm_id":618085905,"osm_type":"way","nome":"Escola Municipal Benevenuto Mariano","operador":null,"operador_tipo":null,"nivel":null,"municipio_cod":"2516904","municipio":"Uiraúna"}},{"type":"Feature","geometry":{"type":"Point","coordinates":[-34.85164,-7.1359309]},"properties":{"osm_id":619449330,"osm_type":"way","nome":"ECIT Presidente João Goulart","operador":null,"operador_tipo":null,"nivel":null,"municipio_cod":"2507507","municipio":"João Pessoa"}},{"type":"Feature","geometry":{"type":"Point","coordinates":[-35.570322,-6.8305771]},"properties":{"osm_id":623458043,"osm_type":"way","nome":null,"operador":null,"operador_tipo":null,"nivel":null,"municipio_cod":"2511707","municipio":"Pilõezinhos"}},{"type":"Feature","geometry":{"type":"Point","coordinates":[-35.5380415,-6.8607867]},"properties":{"osm_id":623458050,"osm_type":"way","nome":null,"operador":null,"operador_tipo":null,"nivel":null,"municipio_cod":"2511707","municipio":"Pilõezinhos"}},{"type":"Feature","geometry":{"type":"Point","coordinates":[-35.5282163,-6.8450317]},"properties":{"osm_id":623461372,"osm_type":"way","nome":null,"operador":null,"operador_tipo":null,"nivel":null,"municipio_cod":"2511707","municipio":"Pilõezinhos"}},{"type":"Feature","geometry":{"type":"Point","coordinates":[-35.5280547,-6.845065]},"properties":{"osm_id":623461373,"osm_type":"way","nome":null,"operador":null,"operador_tipo":null,"nivel":null,"municipio_cod":"2511707","municipio":"Pilõezinhos"}},{"type":"Feature","geometry":{"type":"Point","coordinates":[-35.5330605,-6.8393009]},"properties":{"osm_id":623469284,"osm_type":"way","nome":null,"operador":null,"operador_tipo":null,"nivel":null,"municipio_cod":"2511707","municipio":"Pilõezinhos"}},{"type":"Feature","geometry":{"type":"Point","coordinates":[-35.5291128,-6.8435566]},"properties":{"osm_id":623538729,"osm_type":"way","nome":null,"operador":null,"operador_tipo":null,"nivel":null,"municipio_cod":"2511707","municipio":"Pilõezinhos"}},{"type":"Feature","geometry":{"type":"Point","coordinates":[-35.5301377,-6.8422948]},"properties":{"osm_id":623542084,"osm_type":"way","nome":null,"operador":null,"operador_tipo":null,"nivel":null,"municipio_cod":"2511707","municipio":"Pilõezinhos"}},{"type":"Feature","geometry":{"type":"Point","coordinates":[-35.5414684,-6.8448907]},"properties":{"osm_id":623552089,"osm_type":"way","nome":null,"operador":null,"operador_tipo":null,"nivel":null,"municipio_cod":"2511707","municipio":"Pilõezinhos"}},{"type":"Feature","geometry":{"type":"Point","coordinates":[-35.5331298,-6.8437635]},"properties":{"osm_id":623552090,"osm_type":"way","nome":"Escola Marlene Alves","operador":null,"operador_tipo":null,"nivel":null,"municipio_cod":"2511707","municipio":"Pilõezinhos"}},{"type":"Feature","geometry":{"type":"Point","coordinates":[-35.5557556,-6.8439356]},"properties":{"osm_id":623565536,"osm_type":"way","nome":null,"operador":null,"operador_tipo":null,"nivel":null,"municipio_cod":"2511707","municipio":"Pilõezinhos"}},{"type":"Feature","geometry":{"type":"Point","coordinates":[-34.8270804,-7.1362084]},"properties":{"osm_id":624784103,"osm_type":"way","nome":"ESCOLA MUNICIPAL ANITA TRIGUEIRO DO VALLE","operador":null,"operador_tipo":null,"nivel":null,"municipio_cod":"2507507","municipio":"João Pessoa"}},{"type":"Feature","geometry":{"type":"Point","coordinates":[-35.7001001,-6.968531]},"properties":{"osm_id":626433090,"osm_type":"way","nome":null,"operador":null,"operador_tipo":null,"nivel":null,"municipio_cod":"2501104","municipio":"Areia"}},{"type":"Feature","geometry":{"type":"Point","coordinates":[-35.6985015,-6.9707265]},"properties":{"osm_id":626438087,"osm_type":"way","nome":"Grupo Escolar Álvaro Machado","operador":null,"operador_tipo":null,"nivel":null,"municipio_cod":"2501104","municipio":"Areia"}},{"type":"Feature","geometry":{"type":"Point","coordinates":[-35.6997164,-6.9693306]},"properties":{"osm_id":626441400,"osm_type":"way","nome":"Risco e Rabisco","operador":null,"operador_tipo":null,"nivel":null,"municipio_cod":"2501104","municipio":"Areia"}},{"type":"Feature","geometry":{"type":"Point","coordinates":[-35.8956104,-7.2101349]},"properties":{"osm_id":629294899,"osm_type":"way","nome":null,"operador":null,"operador_tipo":null,"nivel":null,"municipio_cod":"2504009","municipio":"Campina Grande"}},{"type":"Feature","geometry":{"type":"Point","coordinates":[-37.2804084,-7.0669041]},"properties":{"osm_id":634353422,"osm_type":"way","nome":"ECIT Dr. Lynaldo Cavalcanti de Albuquerque","operador":"Governo do Estado da Paraíba","operador_tipo":"government","nivel":null,"municipio_cod":"2510808","municipio":"Patos"}},{"type":"Feature","geometry":{"type":"Point","coordinates":[-37.9407726,-7.0186333]},"properties":{"osm_id":644020613,"osm_type":"way","nome":"ECIT Adv. Nobel Vita","operador":"Governo do Estado da Paraíba","operador_tipo":"government","nivel":null,"municipio_cod":"2504801","municipio":"Coremas"}},{"type":"Feature","geometry":{"type":"Point","coordinates":[-37.9428988,-7.0148803]},"properties":{"osm_id":644379855,"osm_type":"way","nome":"Escola Estadual Min. Carlos Luiz de Araújo","operador":"Governo do Estado da Paraíba","operador_tipo":"government","nivel":null,"municipio_cod":"2504801","municipio":"Coremas"}},{"type":"Feature","geometry":{"type":"Point","coordinates":[-37.9381077,-7.0235809]},"properties":{"osm_id":644391521,"osm_type":"way","nome":"Escola Antônia Maria da Conceição","operador":null,"operador_tipo":null,"nivel":null,"municipio_cod":"2504801","municipio":"Coremas"}},{"type":"Feature","geometry":{"type":"Point","coordinates":[-37.9542908,-7.0209028]},"properties":{"osm_id":647445380,"osm_type":"way","nome":null,"operador":null,"operador_tipo":null,"nivel":null,"municipio_cod":"2504801","municipio":"Coremas"}},{"type":"Feature","geometry":{"type":"Point","coordinates":[-37.9465628,-7.0194019]},"properties":{"osm_id":649681903,"osm_type":"way","nome":"Escola Branca de Neve","operador":null,"operador_tipo":null,"nivel":null,"municipio_cod":"2504801","municipio":"Coremas"}},{"type":"Feature","geometry":{"type":"Point","coordinates":[-37.7999594,-6.9649504]},"properties":{"osm_id":651057203,"osm_type":"way","nome":"ECI Maria Soledade Assis Freitas","operador":null,"operador_tipo":null,"nivel":null,"municipio_cod":"2503753","municipio":"Cajazeirinhas"}},{"type":"Feature","geometry":{"type":"Point","coordinates":[-35.4782561,-6.8530363]},"properties":{"osm_id":653643100,"osm_type":"way","nome":"CAIC","operador":null,"operador_tipo":null,"nivel":null,"municipio_cod":"2506301","municipio":"Guarabira"}},{"type":"Feature","geometry":{"type":"Point","coordinates":[-34.848208,-7.2003592]},"properties":{"osm_id":657444557,"osm_type":"way","nome":"Escola de Educação Básica e Profissional Fundação Bradesco","operador":"Fundação Bradesco","operador_tipo":"charitable","nivel":null,"municipio_cod":"2507507","municipio":"João Pessoa"}},{"type":"Feature","geometry":{"type":"Point","coordinates":[-36.3621605,-7.4318365]},"properties":{"osm_id":660872706,"osm_type":"way","nome":null,"operador":null,"operador_tipo":null,"nivel":null,"municipio_cod":"2503100","municipio":"Cabaceiras"}},{"type":"Feature","geometry":{"type":"Point","coordinates":[-37.6087871,-6.8058184]},"properties":{"osm_id":661826971,"osm_type":"way","nome":"Escola Municipal de Ensino Fundamental Manoel Paulino","operador":null,"operador_tipo":null,"nivel":null,"municipio_cod":"2504504","municipio":"Condado"}},{"type":"Feature","geometry":{"type":"Point","coordinates":[-37.605972,-6.8003059]},"properties":{"osm_id":661827089,"osm_type":"way","nome":"Escola Estadual Desativada","operador":null,"operador_tipo":null,"nivel":null,"municipio_cod":"2504504","municipio":"Condado"}},{"type":"Feature","geometry":{"type":"Point","coordinates":[-37.9900691,-7.017086]},"properties":{"osm_id":664141262,"osm_type":"way","nome":null,"operador":null,"operador_tipo":null,"nivel":null,"municipio_cod":"2504801","municipio":"Coremas"}},{"type":"Feature","geometry":{"type":"Point","coordinates":[-38.502019,-7.1201648]},"properties":{"osm_id":667729517,"osm_type":"way","nome":"Normal São José","operador":null,"operador_tipo":null,"nivel":null,"municipio_cod":"2514503","municipio":"São José de Piranhas"}},{"type":"Feature","geometry":{"type":"Point","coordinates":[-38.5062612,-7.120532]},"properties":{"osm_id":667888033,"osm_type":"way","nome":"Escola Municipal Irapuan de Vasconcelos Sobral","operador":null,"operador_tipo":null,"nivel":null,"municipio_cod":"2514503","municipio":"São José de Piranhas"}},{"type":"Feature","geometry":{"type":"Point","coordinates":[-38.5035058,-7.1192648]},"properties":{"osm_id":667888035,"osm_type":"way","nome":"Luiz Alberto de Paiva","operador":null,"operador_tipo":null,"nivel":null,"municipio_cod":"2514503","municipio":"São José de Piranhas"}},{"type":"Feature","geometry":{"type":"Point","coordinates":[-35.4968262,-6.7788418]},"properties":{"osm_id":670272501,"osm_type":"way","nome":null,"operador":null,"operador_tipo":null,"nivel":null,"municipio_cod":"2511806","municipio":"Pirpirituba"}},{"type":"Feature","geometry":{"type":"Point","coordinates":[-34.8397869,-7.0834427]},"properties":{"osm_id":677121968,"osm_type":"way","nome":"EMEIF Frei Albino","operador":null,"operador_tipo":null,"nivel":"school","municipio_cod":"2507507","municipio":"João Pessoa"}},{"type":"Feature","geometry":{"type":"Point","coordinates":[-35.1337823,-6.838715]},"properties":{"osm_id":681506178,"osm_type":"way","nome":"Escola Estadual Umbelina Garcez","operador":"Governo da Paraíba","operador_tipo":"government","nivel":null,"municipio_cod":"2508901","municipio":"Mamanguape"}},{"type":"Feature","geometry":{"type":"Point","coordinates":[-35.1313845,-6.8408551]},"properties":{"osm_id":681506180,"osm_type":"way","nome":"Escola Estadual Senador Rui Carneiro","operador":null,"operador_tipo":null,"nivel":null,"municipio_cod":"2508901","municipio":"Mamanguape"}},{"type":"Feature","geometry":{"type":"Point","coordinates":[-35.4393582,-6.6158532]},"properties":{"osm_id":681734895,"osm_type":"way","nome":null,"operador":null,"operador_tipo":null,"nivel":null,"municipio_cod":"2508554","municipio":"Logradouro"}},{"type":"Feature","geometry":{"type":"Point","coordinates":[-35.4424368,-6.6158421]},"properties":{"osm_id":681734898,"osm_type":"way","nome":null,"operador":null,"operador_tipo":null,"nivel":null,"municipio_cod":"2508554","municipio":"Logradouro"}},{"type":"Feature","geometry":{"type":"Point","coordinates":[-35.4392627,-6.616356]},"properties":{"osm_id":681734907,"osm_type":"way","nome":null,"operador":null,"operador_tipo":null,"nivel":null,"municipio_cod":"2508554","municipio":"Logradouro"}},{"type":"Feature","geometry":{"type":"Point","coordinates":[-35.6785078,-7.1812271]},"properties":{"osm_id":681875889,"osm_type":"way","nome":"Ruy Carneiro","operador":null,"operador_tipo":null,"nivel":null,"municipio_cod":"2515807","municipio":"Serra Redonda"}},{"type":"Feature","geometry":{"type":"Point","coordinates":[-35.6791949,-7.1834732]},"properties":{"osm_id":681875900,"osm_type":"way","nome":"Instituto Pe. João","operador":null,"operador_tipo":null,"nivel":null,"municipio_cod":"2515807","municipio":"Serra Redonda"}},{"type":"Feature","geometry":{"type":"Point","coordinates":[-35.6800537,-7.1862392]},"properties":{"osm_id":681875901,"osm_type":"way","nome":"Escola Eduardo Medeiros","operador":null,"operador_tipo":null,"nivel":null,"municipio_cod":"2515807","municipio":"Serra Redonda"}},{"type":"Feature","geometry":{"type":"Point","coordinates":[-35.7861874,-6.6452924]},"properties":{"osm_id":687405211,"osm_type":"way","nome":"Escola Municipal Poeta Ronaldo Cunha Lima","operador":null,"operador_tipo":null,"nivel":null,"municipio_cod":"2503506","municipio":"Cacimba de Dentro"}},{"type":"Feature","geometry":{"type":"Point","coordinates":[-35.7963097,-6.6394819]},"properties":{"osm_id":687427946,"osm_type":"way","nome":"Escola Estadual Pedro Targino da Costa Moreira","operador":"State","operador_tipo":null,"nivel":null,"municipio_cod":"2503506","municipio":"Cacimba de Dentro"}},{"type":"Feature","geometry":{"type":"Point","coordinates":[-35.793255,-6.6424655]},"properties":{"osm_id":687469429,"osm_type":"way","nome":"Escola Estadual Perilo de Oliveira","operador":null,"operador_tipo":null,"nivel":null,"municipio_cod":"2503506","municipio":"Cacimba de Dentro"}},{"type":"Feature","geometry":{"type":"Point","coordinates":[-35.7927352,-6.6381899]},"properties":{"osm_id":687470608,"osm_type":"way","nome":"Escola Municipal Arnaud Dantas do Nascimento","operador":null,"operador_tipo":null,"nivel":null,"municipio_cod":"2503506","municipio":"Cacimba de Dentro"}},{"type":"Feature","geometry":{"type":"Point","coordinates":[-35.7879523,-6.6467233]},"properties":{"osm_id":687544097,"osm_type":"way","nome":"Escola Estadual Senador Humberto Lucena","operador":null,"operador_tipo":null,"nivel":null,"municipio_cod":"2503506","municipio":"Cacimba de Dentro"}},{"type":"Feature","geometry":{"type":"Point","coordinates":[-37.0560941,-7.2124172]},"properties":{"osm_id":687714200,"osm_type":"way","nome":"Escola Tertulino Cunha","operador":null,"operador_tipo":null,"nivel":null,"municipio_cod":"2503555","municipio":"Cacimbas"}},{"type":"Feature","geometry":{"type":"Point","coordinates":[-37.0577335,-7.2093597]},"properties":{"osm_id":687714239,"osm_type":"way","nome":"ECIT Pedro Terto da Cunha","operador":"Governo do Estado da Paraíba","operador_tipo":"government","nivel":null,"municipio_cod":"2503555","municipio":"Cacimbas"}},{"type":"Feature","geometry":{"type":"Point","coordinates":[-35.7937741,-6.6394081]},"properties":{"osm_id":687776739,"osm_type":"way","nome":"Escola Municipal Odilon Edisio Lima","operador":null,"operador_tipo":null,"nivel":null,"municipio_cod":"2503506","municipio":"Cacimba de Dentro"}},{"type":"Feature","geometry":{"type":"Point","coordinates":[-35.7956965,-6.6405904]},"properties":{"osm_id":687873500,"osm_type":"way","nome":"Escola Municipal Maria Aparecida Gomes de Souza","operador":null,"operador_tipo":null,"nivel":null,"municipio_cod":"2503506","municipio":"Cacimba de Dentro"}},{"type":"Feature","geometry":{"type":"Point","coordinates":[-35.790513,-6.6421949]},"properties":{"osm_id":687873501,"osm_type":"way","nome":"Escola Municipal Antonio Gomes de Souza","operador":null,"operador_tipo":null,"nivel":null,"municipio_cod":"2503506","municipio":"Cacimba de Dentro"}},{"type":"Feature","geometry":{"type":"Point","coordinates":[-35.7765115,-6.6230137]},"properties":{"osm_id":688057332,"osm_type":"way","nome":"E.M.E.F. de Mium","operador":null,"operador_tipo":null,"nivel":null,"municipio_cod":"2503506","municipio":"Cacimba de Dentro"}},{"type":"Feature","geometry":{"type":"Point","coordinates":[-35.7701911,-6.6566304]},"properties":{"osm_id":688057337,"osm_type":"way","nome":null,"operador":null,"operador_tipo":null,"nivel":null,"municipio_cod":"2503506","municipio":"Cacimba de Dentro"}},{"type":"Feature","geometry":{"type":"Point","coordinates":[-35.8101759,-6.6071748]},"properties":{"osm_id":688255625,"osm_type":"way","nome":"Escola Municipal Antonio Felix de Lima","operador":null,"operador_tipo":null,"nivel":null,"municipio_cod":"2503506","municipio":"Cacimba de Dentro"}},{"type":"Feature","geometry":{"type":"Point","coordinates":[-35.8526269,-6.6309731]},"properties":{"osm_id":688255641,"osm_type":"way","nome":"E.M.E.F. Manoel José da Cunha","operador":null,"operador_tipo":null,"nivel":null,"municipio_cod":"2503506","municipio":"Cacimba de Dentro"}},{"type":"Feature","geometry":{"type":"Point","coordinates":[-35.7944433,-6.6377854]},"properties":{"osm_id":688257128,"osm_type":"way","nome":"Instituto Oásis","operador":null,"operador_tipo":null,"nivel":null,"municipio_cod":"2503506","municipio":"Cacimba de Dentro"}},{"type":"Feature","geometry":{"type":"Point","coordinates":[-35.8725472,-6.5599594]},"properties":{"osm_id":688456918,"osm_type":"way","nome":"Escola Municipal Higino Fernandes de Linhares","operador":null,"operador_tipo":null,"nivel":null,"municipio_cod":"2505105","municipio":"Cuité"}},{"type":"Feature","geometry":{"type":"Point","coordinates":[-35.8465141,-6.5615101]},"properties":{"osm_id":688456920,"osm_type":"way","nome":"Escola Municipal Julia Virginia de Abreu Costa","operador":null,"operador_tipo":null,"nivel":null,"municipio_cod":"2503506","municipio":"Cacimba de Dentro"}},{"type":"Feature","geometry":{"type":"Point","coordinates":[-35.7444007,-6.6768144]},"properties":{"osm_id":688456923,"osm_type":"way","nome":"Escola Municipal Maria de Lourdes de Almeida Lima","operador":null,"operador_tipo":null,"nivel":null,"municipio_cod":"2503506","municipio":"Cacimba de Dentro"}},{"type":"Feature","geometry":{"type":"Point","coordinates":[-37.263424,-7.0144003]},"properties":{"osm_id":688707615,"osm_type":"way","nome":"Centro Educacional Ágape","operador":null,"operador_tipo":null,"nivel":null,"municipio_cod":"2510808","municipio":"Patos"}},{"type":"Feature","geometry":{"type":"Point","coordinates":[-38.5528549,-6.8886719]},"properties":{"osm_id":689235823,"osm_type":"way","nome":"CEJA - Centro de Educação de Jovens e Adultos Monsenhor Vicente Freitas","operador":null,"operador_tipo":null,"nivel":null,"municipio_cod":"2503704","municipio":"Cajazeiras"}},{"type":"Feature","geometry":{"type":"Point","coordinates":[-34.8772388,-7.1199991]},"properties":{"osm_id":692300825,"osm_type":"way","nome":"Colégio Ethos","operador":null,"operador_tipo":null,"nivel":null,"municipio_cod":"2507507","municipio":"João Pessoa"}},{"type":"Feature","geometry":{"type":"Point","coordinates":[-35.9452381,-7.251426]},"properties":{"osm_id":696040213,"osm_type":"way","nome":null,"operador":null,"operador_tipo":null,"nivel":null,"municipio_cod":"2504009","municipio":"Campina Grande"}},{"type":"Feature","geometry":{"type":"Point","coordinates":[-35.8707985,-7.2309829]},"properties":{"osm_id":700955768,"osm_type":"way","nome":"Escola Municipal Gracita Melo","operador":null,"operador_tipo":null,"nivel":null,"municipio_cod":"2504009","municipio":"Campina Grande"}},{"type":"Feature","geometry":{"type":"Point","coordinates":[-34.9485993,-6.6911352]},"properties":{"osm_id":702873661,"osm_type":"way","nome":"Escola Municipal de Ensino Fundamental Paulo Eufrásio Rodrigues","operador":null,"operador_tipo":null,"nivel":null,"municipio_cod":"2501401","municipio":"Baía da Traição"}},{"type":"Feature","geometry":{"type":"Point","coordinates":[-35.8689971,-7.2216876]},"properties":{"osm_id":712331731,"osm_type":"way","nome":"Escola Estadual José Pinheiro","operador":null,"operador_tipo":null,"nivel":null,"municipio_cod":"2504009","municipio":"Campina Grande"}},{"type":"Feature","geometry":{"type":"Point","coordinates":[-35.8694526,-7.2218194]},"properties":{"osm_id":712331732,"osm_type":"way","nome":"Escola Municipal Dr. Chateaubriand","operador":null,"operador_tipo":null,"nivel":null,"municipio_cod":"2504009","municipio":"Campina Grande"}},{"type":"Feature","geometry":{"type":"Point","coordinates":[-34.8793973,-7.1359227]},"properties":{"osm_id":712417448,"osm_type":"way","nome":null,"operador":null,"operador_tipo":null,"nivel":"school","municipio_cod":"2507507","municipio":"João Pessoa"}},{"type":"Feature","geometry":{"type":"Point","coordinates":[-35.8724598,-7.2360655]},"properties":{"osm_id":719034256,"osm_type":"way","nome":"ECI Dr. Hortênsio de Sousa Ribeiro","operador":null,"operador_tipo":null,"nivel":null,"municipio_cod":"2504009","municipio":"Campina Grande"}},{"type":"Feature","geometry":{"type":"Point","coordinates":[-35.8470101,-7.3029674]},"properties":{"osm_id":728833978,"osm_type":"way","nome":"Jose Galdino Pereira","operador":"Muncipio de Queimadas da Paraiba","operador_tipo":"public","nivel":null,"municipio_cod":"2512507","municipio":"Queimadas"}},{"type":"Feature","geometry":{"type":"Point","coordinates":[-38.2201168,-6.7602883]},"properties":{"osm_id":730685141,"osm_type":"way","nome":"ECIT Chiquinho Cartaxo","operador":"Governo do Estado da Paraíba","operador_tipo":"government","nivel":null,"municipio_cod":"2516201","municipio":"Sousa"}},{"type":"Feature","geometry":{"type":"Point","coordinates":[-36.9408591,-7.3783886]},"properties":{"osm_id":738595552,"osm_type":"way","nome":"Escola Municipal Maria Salomé de Almeida","operador":null,"operador_tipo":null,"nivel":null,"municipio_cod":"2508505","municipio":"Livramento"}},{"type":"Feature","geometry":{"type":"Point","coordinates":[-34.8725225,-7.1497556]},"properties":{"osm_id":746815268,"osm_type":"way","nome":"EMEF Dumerval Trigueiro Mendes","operador":"Prefeitura Municipal de João Pessoa","operador_tipo":"public","nivel":null,"municipio_cod":"2507507","municipio":"João Pessoa"}},{"type":"Feature","geometry":{"type":"Point","coordinates":[-34.8757943,-7.1565451]},"properties":{"osm_id":749962468,"osm_type":"way","nome":"Escola Municipal Santa Ângela","operador":"Prefeitura Municipal de João Pessoa","operador_tipo":null,"nivel":null,"municipio_cod":"2507507","municipio":"João Pessoa"}},{"type":"Feature","geometry":{"type":"Point","coordinates":[-34.8781247,-7.1541091]},"properties":{"osm_id":749962478,"osm_type":"way","nome":"ECI Liliosa de Paiva Leite","operador":null,"operador_tipo":null,"nivel":null,"municipio_cod":"2507507","municipio":"João Pessoa"}},{"type":"Feature","geometry":{"type":"Point","coordinates":[-34.8773368,-7.1548538]},"properties":{"osm_id":749962483,"osm_type":"way","nome":null,"operador":null,"operador_tipo":null,"nivel":null,"municipio_cod":"2507507","municipio":"João Pessoa"}},{"type":"Feature","geometry":{"type":"Point","coordinates":[-34.879027,-7.1486826]},"properties":{"osm_id":749962492,"osm_type":"way","nome":"E.M.E.F Luiz Mendes de Pontes","operador":"Prefeitura Municipal de João Pessoa","operador_tipo":"public","nivel":null,"municipio_cod":"2507507","municipio":"João Pessoa"}},{"type":"Feature","geometry":{"type":"Point","coordinates":[-34.8789031,-7.1487815]},"properties":{"osm_id":749962494,"osm_type":"way","nome":null,"operador":null,"operador_tipo":null,"nivel":null,"municipio_cod":"2507507","municipio":"João Pessoa"}},{"type":"Feature","geometry":{"type":"Point","coordinates":[-34.8724911,-7.149921]},"properties":{"osm_id":749962495,"osm_type":"way","nome":null,"operador":null,"operador_tipo":null,"nivel":null,"municipio_cod":"2507507","municipio":"João Pessoa"}},{"type":"Feature","geometry":{"type":"Point","coordinates":[-34.8758802,-7.1565231]},"properties":{"osm_id":753164821,"osm_type":"way","nome":null,"operador":null,"operador_tipo":null,"nivel":null,"municipio_cod":"2507507","municipio":"João Pessoa"}},{"type":"Feature","geometry":{"type":"Point","coordinates":[-34.8781927,-7.1530847]},"properties":{"osm_id":753164824,"osm_type":"way","nome":null,"operador":null,"operador_tipo":null,"nivel":null,"municipio_cod":"2507507","municipio":"João Pessoa"}},{"type":"Feature","geometry":{"type":"Point","coordinates":[-34.8784165,-7.1529424]},"properties":{"osm_id":753164826,"osm_type":"way","nome":"E.M.E.F. Américo Falcão","operador":null,"operador_tipo":null,"nivel":null,"municipio_cod":"2507507","municipio":"João Pessoa"}},{"type":"Feature","geometry":{"type":"Point","coordinates":[-34.8789666,-7.1521976]},"properties":{"osm_id":753164829,"osm_type":"way","nome":"Escola Estadual Gonçalves Dias","operador":null,"operador_tipo":null,"nivel":null,"municipio_cod":"2507507","municipio":"João Pessoa"}},{"type":"Feature","geometry":{"type":"Point","coordinates":[-34.8775959,-7.1535153]},"properties":{"osm_id":753164836,"osm_type":"way","nome":null,"operador":null,"operador_tipo":null,"nivel":null,"municipio_cod":"2507507","municipio":"João Pessoa"}},{"type":"Feature","geometry":{"type":"Point","coordinates":[-34.8776528,-7.1535113]},"properties":{"osm_id":753164837,"osm_type":"way","nome":"E.M.E.F Padre Pedro Serrão","operador":null,"operador_tipo":null,"nivel":null,"municipio_cod":"2507507","municipio":"João Pessoa"}},{"type":"Feature","geometry":{"type":"Point","coordinates":[-34.8653436,-7.1621051]},"properties":{"osm_id":753605770,"osm_type":"way","nome":"E.M.E.F. Bartolomeu de Gusmão","operador":null,"operador_tipo":null,"nivel":null,"municipio_cod":"2507507","municipio":"João Pessoa"}},{"type":"Feature","geometry":{"type":"Point","coordinates":[-34.8848213,-7.1551398]},"properties":{"osm_id":754132359,"osm_type":"way","nome":"E.M.E.F Ubirajara Targino Botto","operador":null,"operador_tipo":null,"nivel":null,"municipio_cod":"2507507","municipio":"João Pessoa"}},{"type":"Feature","geometry":{"type":"Point","coordinates":[-34.8848058,-7.1550716]},"properties":{"osm_id":754132360,"osm_type":"way","nome":null,"operador":null,"operador_tipo":null,"nivel":null,"municipio_cod":"2507507","municipio":"João Pessoa"}},{"type":"Feature","geometry":{"type":"Point","coordinates":[-34.8709213,-7.1481832]},"properties":{"osm_id":754393926,"osm_type":"way","nome":"Escola Estadual Prof. Mateus Ribeiro","operador":null,"operador_tipo":null,"nivel":null,"municipio_cod":"2507507","municipio":"João Pessoa"}},{"type":"Feature","geometry":{"type":"Point","coordinates":[-34.8929885,-7.1504766]},"properties":{"osm_id":754403750,"osm_type":"way","nome":null,"operador":null,"operador_tipo":null,"nivel":null,"municipio_cod":"2507507","municipio":"João Pessoa"}},{"type":"Feature","geometry":{"type":"Point","coordinates":[-34.8932075,-7.1503364]},"properties":{"osm_id":754403751,"osm_type":"way","nome":null,"operador":null,"operador_tipo":null,"nivel":null,"municipio_cod":"2507507","municipio":"João Pessoa"}},{"type":"Feature","geometry":{"type":"Point","coordinates":[-34.8932518,-7.1504372]},"properties":{"osm_id":754403752,"osm_type":"way","nome":null,"operador":null,"operador_tipo":null,"nivel":null,"municipio_cod":"2507507","municipio":"João Pessoa"}},{"type":"Feature","geometry":{"type":"Point","coordinates":[-34.8931802,-7.1500756]},"properties":{"osm_id":754403754,"osm_type":"way","nome":null,"operador":null,"operador_tipo":null,"nivel":null,"municipio_cod":"2507507","municipio":"João Pessoa"}},{"type":"Feature","geometry":{"type":"Point","coordinates":[-35.9005293,-7.3693304]},"properties":{"osm_id":757690351,"osm_type":"way","nome":"EEEFM Francisco Ernesto do Rêgo","operador":null,"operador_tipo":null,"nivel":null,"municipio_cod":"2512507","municipio":"Queimadas"}},{"type":"Feature","geometry":{"type":"Point","coordinates":[-35.8977208,-7.3680984]},"properties":{"osm_id":757701392,"osm_type":"way","nome":"EMEF Judith Barbosa de Paula Rêgo","operador":null,"operador_tipo":null,"nivel":null,"municipio_cod":"2512507","municipio":"Queimadas"}},{"type":"Feature","geometry":{"type":"Point","coordinates":[-35.9044501,-7.3657268]},"properties":{"osm_id":757701394,"osm_type":"way","nome":"EMEF Antônio Vital do Rêgo","operador":null,"operador_tipo":null,"nivel":null,"municipio_cod":"2512507","municipio":"Queimadas"}},{"type":"Feature","geometry":{"type":"Point","coordinates":[-35.8720783,-7.2248323]},"properties":{"osm_id":767388182,"osm_type":"way","nome":"Escola Arco-Íris do Saber","operador":null,"operador_tipo":"private","nivel":null,"municipio_cod":"2504009","municipio":"Campina Grande"}},{"type":"Feature","geometry":{"type":"Point","coordinates":[-34.8390005,-7.1535958]},"properties":{"osm_id":775426991,"osm_type":"way","nome":null,"operador":null,"operador_tipo":null,"nivel":null,"municipio_cod":"2507507","municipio":"João Pessoa"}},{"type":"Feature","geometry":{"type":"Point","coordinates":[-34.8694886,-7.1769697]},"properties":{"osm_id":779200688,"osm_type":"way","nome":"Escola Estadual Cônego Francisco Gomes de Lima","operador":null,"operador_tipo":null,"nivel":null,"municipio_cod":"2507507","municipio":"João Pessoa"}},{"type":"Feature","geometry":{"type":"Point","coordinates":[-34.8426127,-7.168141]},"properties":{"osm_id":784673341,"osm_type":"way","nome":"ECI Compositor Luis Ramalho","operador":null,"operador_tipo":null,"nivel":null,"municipio_cod":"2507507","municipio":"João Pessoa"}},{"type":"Feature","geometry":{"type":"Point","coordinates":[-34.8409827,-7.1643599]},"properties":{"osm_id":784673342,"osm_type":"way","nome":"Escola Estadual Profª. Maria de Fatima Souto","operador":null,"operador_tipo":null,"nivel":null,"municipio_cod":"2507507","municipio":"João Pessoa"}},{"type":"Feature","geometry":{"type":"Point","coordinates":[-35.9046622,-7.250666]},"properties":{"osm_id":798377285,"osm_type":"way","nome":"Colégio Djanira Tavares","operador":null,"operador_tipo":null,"nivel":null,"municipio_cod":"2504009","municipio":"Campina Grande"}},{"type":"Feature","geometry":{"type":"Point","coordinates":[-35.9062432,-7.252255]},"properties":{"osm_id":798377291,"osm_type":"way","nome":"ECIT Raul Córdula","operador":null,"operador_tipo":null,"nivel":null,"municipio_cod":"2504009","municipio":"Campina Grande"}},{"type":"Feature","geometry":{"type":"Point","coordinates":[-35.9066759,-7.245072]},"properties":{"osm_id":798380838,"osm_type":"way","nome":"Colégio Panorama","operador":null,"operador_tipo":null,"nivel":null,"municipio_cod":"2504009","municipio":"Campina Grande"}},{"type":"Feature","geometry":{"type":"Point","coordinates":[-35.4232602,-7.1259347]},"properties":{"osm_id":807387518,"osm_type":"way","nome":"Escola Estadual de Ensino Fundamental e Médio João RIbeiro","operador":null,"operador_tipo":null,"nivel":null,"municipio_cod":"2506400","municipio":"Gurinhém"}},{"type":"Feature","geometry":{"type":"Point","coordinates":[-37.9184806,-7.0201369]},"properties":{"osm_id":819441244,"osm_type":"way","nome":"Creche Municipal Ana Ferreira","operador":"Prefeitura de Coremas","operador_tipo":"public","nivel":null,"municipio_cod":"2504801","municipio":"Coremas"}},{"type":"Feature","geometry":{"type":"Point","coordinates":[-38.1406286,-7.31902]},"properties":{"osm_id":824221209,"osm_type":"way","nome":"Instituto Federal de Educação, Ciência e Tecnologia da Paraíba - Campus Itaporanga","operador":null,"operador_tipo":null,"nivel":null,"municipio_cod":"2507002","municipio":"Itaporanga"}},{"type":"Feature","geometry":{"type":"Point","coordinates":[-36.4401964,-7.6591622]},"properties":{"osm_id":832295816,"osm_type":"way","nome":"Escola Municipal do Sitio Pau Ferro","operador":"Prefeitura Múnicipal de São Domingos do Cariri","operador_tipo":"public","nivel":null,"municipio_cod":"2513943","municipio":"São Domingos do Cariri"}},{"type":"Feature","geometry":{"type":"Point","coordinates":[-34.8927618,-7.1599609]},"properties":{"osm_id":834039470,"osm_type":"way","nome":"EEEFM CON Nicodemos Neves","operador":null,"operador_tipo":null,"nivel":null,"municipio_cod":"2507507","municipio":"João Pessoa"}},{"type":"Feature","geometry":{"type":"Point","coordinates":[-34.8129228,-7.2684637]},"properties":{"osm_id":834665302,"osm_type":"way","nome":"Centro educacional Inês Maria","operador":null,"operador_tipo":null,"nivel":null,"municipio_cod":"2504603","municipio":"Conde"}},{"type":"Feature","geometry":{"type":"Point","coordinates":[-36.4365585,-7.6316041]},"properties":{"osm_id":835038055,"osm_type":"way","nome":"Escola Estadual de Ensino Fundamental e Médio Francisco Deodato do Nascimento","operador":null,"operador_tipo":null,"nivel":null,"municipio_cod":"2513943","municipio":"São Domingos do Cariri"}},{"type":"Feature","geometry":{"type":"Point","coordinates":[-36.4356156,-7.6314225]},"properties":{"osm_id":835038056,"osm_type":"way","nome":null,"operador":null,"operador_tipo":null,"nivel":null,"municipio_cod":"2513943","municipio":"São Domingos do Cariri"}},{"type":"Feature","geometry":{"type":"Point","coordinates":[-36.4321038,-7.6339405]},"properties":{"osm_id":835038064,"osm_type":"way","nome":"João Martins dos Santos","operador":"Prefeitura Múnicipal de São Domingos do Cariri","operador_tipo":"public","nivel":null,"municipio_cod":"2513943","municipio":"São Domingos do Cariri"}},{"type":"Feature","geometry":{"type":"Point","coordinates":[-35.6104239,-7.5147856]},"properties":{"osm_id":839988472,"osm_type":"way","nome":null,"operador":null,"operador_tipo":null,"nivel":null,"municipio_cod":"2501302","municipio":"Aroeiras"}},{"type":"Feature","geometry":{"type":"Point","coordinates":[-34.9768782,-6.9732543]},"properties":{"osm_id":853362615,"osm_type":"way","nome":"EMEF Emília Cavalcante de Morais Neta","operador":null,"operador_tipo":null,"nivel":null,"municipio_cod":"2513703","municipio":"Santa Rita"}},{"type":"Feature","geometry":{"type":"Point","coordinates":[-37.2815751,-7.0313878]},"properties":{"osm_id":854077380,"osm_type":"way","nome":"Escola Estadual Coriolano de Medeiros","operador":"Governo do Estado da Paraíba","operador_tipo":"government","nivel":null,"municipio_cod":"2510808","municipio":"Patos"}},{"type":"Feature","geometry":{"type":"Point","coordinates":[-36.4304367,-7.6306153]},"properties":{"osm_id":872006300,"osm_type":"way","nome":"Escola Municipal João Martins dos Santos","operador":null,"operador_tipo":null,"nivel":null,"municipio_cod":"2513943","municipio":"São Domingos do Cariri"}},{"type":"Feature","geometry":{"type":"Point","coordinates":[-35.896297,-7.2490506]},"properties":{"osm_id":875110666,"osm_type":"way","nome":null,"operador":null,"operador_tipo":null,"nivel":null,"municipio_cod":"2504009","municipio":"Campina Grande"}},{"type":"Feature","geometry":{"type":"Point","coordinates":[-35.707693,-6.9668845]},"properties":{"osm_id":875244159,"osm_type":"way","nome":"Calorta Barreiro","operador":null,"operador_tipo":null,"nivel":null,"municipio_cod":"2501104","municipio":"Areia"}},{"type":"Feature","geometry":{"type":"Point","coordinates":[-35.7073293,-6.9666938]},"properties":{"osm_id":875244160,"osm_type":"way","nome":"Escola Pinóquio","operador":null,"operador_tipo":null,"nivel":null,"municipio_cod":"2501104","municipio":"Areia"}},{"type":"Feature","geometry":{"type":"Point","coordinates":[-37.623774,-7.4306545]},"properties":{"osm_id":875782698,"osm_type":"way","nome":null,"operador":null,"operador_tipo":null,"nivel":null,"municipio_cod":"2500106","municipio":"Água Branca"}},{"type":"Feature","geometry":{"type":"Point","coordinates":[-35.909015,-7.2275946]},"properties":{"osm_id":881153291,"osm_type":"way","nome":"Zena","operador":null,"operador_tipo":null,"nivel":null,"municipio_cod":"2504009","municipio":"Campina Grande"}},{"type":"Feature","geometry":{"type":"Point","coordinates":[-38.4275699,-6.8675721]},"properties":{"osm_id":883294152,"osm_type":"way","nome":"EMEIEF Carolino de Souza Neto","operador":null,"operador_tipo":null,"nivel":null,"municipio_cod":"2503704","municipio":"Cajazeiras"}},{"type":"Feature","geometry":{"type":"Point","coordinates":[-36.9384606,-7.1238008]},"properties":{"osm_id":892797842,"osm_type":"way","nome":"Escola Municipal Abdias José da Costa","operador":null,"operador_tipo":null,"nivel":null,"municipio_cod":"2501153","municipio":"Areia de Baraúnas"}},{"type":"Feature","geometry":{"type":"Point","coordinates":[-36.9502205,-7.1234798]},"properties":{"osm_id":892798083,"osm_type":"way","nome":"Escola Municipal Severino Alves da Costa","operador":null,"operador_tipo":null,"nivel":null,"municipio_cod":"2501153","municipio":"Areia de Baraúnas"}},{"type":"Feature","geometry":{"type":"Point","coordinates":[-36.9111075,-6.8618201]},"properties":{"osm_id":895114821,"osm_type":"way","nome":"Instituto Federal de Educação, Ciência e Tecnologia da Paraíba - Campus Santa Luzia","operador":null,"operador_tipo":null,"nivel":null,"municipio_cod":"2513406","municipio":"Santa Luzia"}},{"type":"Feature","geometry":{"type":"Point","coordinates":[-37.2843019,-7.0346025]},"properties":{"osm_id":895903766,"osm_type":"way","nome":"Escola Municipal Aristides Hamad Timene","operador":null,"operador_tipo":null,"nivel":null,"municipio_cod":"2510808","municipio":"Patos"}},{"type":"Feature","geometry":{"type":"Point","coordinates":[-35.8965045,-7.2505876]},"properties":{"osm_id":896368563,"osm_type":"way","nome":null,"operador":null,"operador_tipo":null,"nivel":null,"municipio_cod":"2504009","municipio":"Campina Grande"}},{"type":"Feature","geometry":{"type":"Point","coordinates":[-35.6259364,-7.0414463]},"properties":{"osm_id":897315998,"osm_type":"way","nome":"Escola Estadual de Ensino Fundamental e Médio Padre Hildon Bandeira","operador":null,"operador_tipo":null,"nivel":null,"municipio_cod":"2500304","municipio":"Alagoa Grande"}},{"type":"Feature","geometry":{"type":"Point","coordinates":[-37.2724862,-7.0194504]},"properties":{"osm_id":899899495,"osm_type":"way","nome":"Instituto São José","operador":null,"operador_tipo":null,"nivel":null,"municipio_cod":"2510808","municipio":"Patos"}},{"type":"Feature","geometry":{"type":"Point","coordinates":[-38.4747098,-6.4789134]},"properties":{"osm_id":907806941,"osm_type":"way","nome":null,"operador":null,"operador_tipo":null,"nivel":null,"municipio_cod":"2513653","municipio":"Joca Claudino"}},{"type":"Feature","geometry":{"type":"Point","coordinates":[-34.821519,-7.1393552]},"properties":{"osm_id":909579380,"osm_type":"way","nome":"Colégio Motiva Oriental","operador":null,"operador_tipo":null,"nivel":null,"municipio_cod":"2507507","municipio":"João Pessoa"}},{"type":"Feature","geometry":{"type":"Point","coordinates":[-37.26209,-7.2248277]},"properties":{"osm_id":923921311,"osm_type":"way","nome":"Escola Valdecir Rodrigues","operador":null,"operador_tipo":null,"nivel":null,"municipio_cod":"2516706","municipio":"Teixeira"}},{"type":"Feature","geometry":{"type":"Point","coordinates":[-38.5585341,-6.9023535]},"properties":{"osm_id":932048160,"osm_type":"way","nome":"ECIT Professora Nicéa Claudino Pinheiro","operador":null,"operador_tipo":null,"nivel":null,"municipio_cod":"2503704","municipio":"Cajazeiras"}},{"type":"Feature","geometry":{"type":"Point","coordinates":[-37.1194387,-7.9048727]},"properties":{"osm_id":932884804,"osm_type":"way","nome":"Instituto Federal de Educação, Ciência e Tecnologia da Paraíba - Campus Monteiro","operador":null,"operador_tipo":null,"nivel":null,"municipio_cod":"2509701","municipio":"Monteiro"}},{"type":"Feature","geometry":{"type":"Point","coordinates":[-37.7278364,-6.8894606]},"properties":{"osm_id":935439954,"osm_type":"way","nome":"ECI Dep. Levi Olímpio Ferreira","operador":"Governo do Estado da Paraíba","operador_tipo":"government","nivel":null,"municipio_cod":"2513927","municipio":"São Bentinho"}},{"type":"Feature","geometry":{"type":"Point","coordinates":[-37.7896657,-6.7614696]},"properties":{"osm_id":936763430,"osm_type":"way","nome":"Escola Estadual Joana Ivonildes Bandeira","operador":"Governo do Estado da Paraíba","operador_tipo":"government","nivel":null,"municipio_cod":"2512101","municipio":"Pombal"}},{"type":"Feature","geometry":{"type":"Point","coordinates":[-37.4503322,-6.4496104]},"properties":{"osm_id":941079559,"osm_type":"way","nome":"ECIT de São Bento","operador":"Governo do Estado da Paraíba","operador_tipo":"government","nivel":null,"municipio_cod":"2513901","municipio":"São Bento"}},{"type":"Feature","geometry":{"type":"Point","coordinates":[-35.1339622,-6.8501652]},"properties":{"osm_id":945160391,"osm_type":"way","nome":"Escola Municipal de Ensino Fundamental Professor Adailton Coelho Costa","operador":null,"operador_tipo":null,"nivel":null,"municipio_cod":"2508901","municipio":"Mamanguape"}},{"type":"Feature","geometry":{"type":"Point","coordinates":[-34.8581013,-7.1304693]},"properties":{"osm_id":945759229,"osm_type":"way","nome":"ECIT Prof. Raul Córdula","operador":null,"operador_tipo":null,"nivel":null,"municipio_cod":"2507507","municipio":"João Pessoa"}},{"type":"Feature","geometry":{"type":"Point","coordinates":[-34.8226738,-7.1769327]},"properties":{"osm_id":945761697,"osm_type":"way","nome":"ECIT Mestre Sivuca","operador":null,"operador_tipo":null,"nivel":null,"municipio_cod":"2507507","municipio":"João Pessoa"}},{"type":"Feature","geometry":{"type":"Point","coordinates":[-35.4782603,-6.8800113]},"properties":{"osm_id":945762302,"osm_type":"way","nome":"ECIT de Guarabira","operador":null,"operador_tipo":null,"nivel":null,"municipio_cod":"2506301","municipio":"Guarabira"}},{"type":"Feature","geometry":{"type":"Point","coordinates":[-35.9165529,-7.2385968]},"properties":{"osm_id":945812492,"osm_type":"way","nome":"ECIT Professor Bráulio Maia Júnior","operador":null,"operador_tipo":null,"nivel":"school","municipio_cod":"2504009","municipio":"Campina Grande"}},{"type":"Feature","geometry":{"type":"Point","coordinates":[-36.7969413,-6.7756029]},"properties":{"osm_id":945815669,"osm_type":"way","nome":"ECI Olavo Bilac","operador":"Governo do Estado da Paraíba","operador_tipo":"government","nivel":null,"municipio_cod":"2514701","municipio":"São José do Sabugi"}},{"type":"Feature","geometry":{"type":"Point","coordinates":[-36.989513,-6.7690794]},"properties":{"osm_id":945816708,"osm_type":"way","nome":"ECI Prof. Odilon de Figueiredo","operador":"Governo do Estado da Paraíba","operador_tipo":"government","nivel":null,"municipio_cod":"2517100","municipio":"Várzea"}},{"type":"Feature","geometry":{"type":"Point","coordinates":[-37.3255942,-6.8484219]},"properties":{"osm_id":945817352,"osm_type":"way","nome":"ECI José Américo de Almeida","operador":"Governo do Estado da Paraíba","operador_tipo":"government","nivel":null,"municipio_cod":"2514404","municipio":"São José de Espinharas"}},{"type":"Feature","geometry":{"type":"Point","coordinates":[-37.0941853,-6.9259873]},"properties":{"osm_id":945818351,"osm_type":"way","nome":"ECIT Seráfico Nóbrega","operador":"Governo do Estado da Paraíba","operador_tipo":"government","nivel":null,"municipio_cod":"2514909","municipio":"São Mamede"}},{"type":"Feature","geometry":{"type":"Point","coordinates":[-36.1670316,-6.4604351]},"properties":{"osm_id":950196575,"osm_type":"way","nome":null,"operador":null,"operador_tipo":null,"nivel":null,"municipio_cod":"2505105","municipio":"Cuité"}},{"type":"Feature","geometry":{"type":"Point","coordinates":[-36.1576717,-6.4887745]},"properties":{"osm_id":950196580,"osm_type":"way","nome":"Escola Municipal de Ensino Fundamental Benedito Venâncio dos Santos","operador":"Secretaria Municipal de Educação de Cuité","operador_tipo":"government","nivel":null,"municipio_cod":"2505105","municipio":"Cuité"}},{"type":"Feature","geometry":{"type":"Point","coordinates":[-35.6664062,-7.6962688]},"properties":{"osm_id":951833982,"osm_type":"way","nome":null,"operador":null,"operador_tipo":null,"nivel":null,"municipio_cod":"2517001","municipio":"Umbuzeiro"}},{"type":"Feature","geometry":{"type":"Point","coordinates":[-35.9739299,-6.5477631]},"properties":{"osm_id":952822814,"osm_type":"way","nome":"Escola Municipal de Ensino Fundamental Francisca Simões","operador":"Secretaria Municipal de Educação de Cuité","operador_tipo":"public","nivel":null,"municipio_cod":"2505105","municipio":"Cuité"}},{"type":"Feature","geometry":{"type":"Point","coordinates":[-36.2070279,-6.454718]},"properties":{"osm_id":952822819,"osm_type":"way","nome":"Escola Municipal de Ensino Fundamental Papa Paulo VI","operador":"Secretaria Municipal de Educação de Nova Floresta","operador_tipo":"public","nivel":null,"municipio_cod":"2510105","municipio":"Nova Floresta"}},{"type":"Feature","geometry":{"type":"Point","coordinates":[-36.1714969,-6.4413004]},"properties":{"osm_id":953779537,"osm_type":"way","nome":"Escola Municipal de Ensino Fundamental Nailde Medeiros","operador":"Secretaria Municipal de Educação de Cuité","operador_tipo":"public","nivel":null,"municipio_cod":"2505105","municipio":"Cuité"}},{"type":"Feature","geometry":{"type":"Point","coordinates":[-36.1572565,-6.4827092]},"properties":{"osm_id":954758316,"osm_type":"way","nome":"Cantinho da Criança","operador":null,"operador_tipo":null,"nivel":null,"municipio_cod":"2505105","municipio":"Cuité"}},{"type":"Feature","geometry":{"type":"Point","coordinates":[-35.9046747,-7.2537221]},"properties":{"osm_id":955308417,"osm_type":"way","nome":"ECI Sen. Humberto Lucena","operador":null,"operador_tipo":null,"nivel":null,"municipio_cod":"2504009","municipio":"Campina Grande"}},{"type":"Feature","geometry":{"type":"Point","coordinates":[-35.9232731,-7.2175735]},"properties":{"osm_id":955311937,"osm_type":"way","nome":"ECI Prof. Itan Pereira","operador":null,"operador_tipo":null,"nivel":null,"municipio_cod":"2504009","municipio":"Campina Grande"}},{"type":"Feature","geometry":{"type":"Point","coordinates":[-35.9271102,-7.2332223]},"properties":{"osm_id":955313531,"osm_type":"way","nome":"ECI Virginius da Gama e Melo","operador":null,"operador_tipo":null,"nivel":null,"municipio_cod":"2504009","municipio":"Campina Grande"}},{"type":"Feature","geometry":{"type":"Point","coordinates":[-35.9248849,-7.2571577]},"properties":{"osm_id":955333401,"osm_type":"way","nome":"ECI Irmã Stefanie","operador":null,"operador_tipo":null,"nivel":null,"municipio_cod":"2504009","municipio":"Campina Grande"}},{"type":"Feature","geometry":{"type":"Point","coordinates":[-35.9220111,-7.2455822]},"properties":{"osm_id":955344579,"osm_type":"way","nome":"ECI Dep. Álvaro Gaudêncio de Queiroz","operador":null,"operador_tipo":null,"nivel":null,"municipio_cod":"2504009","municipio":"Campina Grande"}},{"type":"Feature","geometry":{"type":"Point","coordinates":[-35.9265444,-7.2416024]},"properties":{"osm_id":955345829,"osm_type":"way","nome":"Escola Estadual Dom Luiz Gonzaga Fernandes","operador":null,"operador_tipo":null,"nivel":null,"municipio_cod":"2504009","municipio":"Campina Grande"}},{"type":"Feature","geometry":{"type":"Point","coordinates":[-35.9267421,-7.2468984]},"properties":{"osm_id":955346290,"osm_type":"way","nome":"Escola Estadual Escr. Alceu do Amoroso Lima","operador":null,"operador_tipo":null,"nivel":null,"municipio_cod":"2504009","municipio":"Campina Grande"}},{"type":"Feature","geometry":{"type":"Point","coordinates":[-35.8746267,-7.2384017]},"properties":{"osm_id":955349150,"osm_type":"way","nome":"Escola Estadual Senador Argemiro de Figueiredo","operador":null,"operador_tipo":null,"nivel":null,"municipio_cod":"2504009","municipio":"Campina Grande"}},{"type":"Feature","geometry":{"type":"Point","coordinates":[-35.9276849,-7.2313333]},"properties":{"osm_id":955767365,"osm_type":"way","nome":"Escola Estadual Carlos Drummond de Andrade","operador":null,"operador_tipo":null,"nivel":null,"municipio_cod":"2504009","municipio":"Campina Grande"}},{"type":"Feature","geometry":{"type":"Point","coordinates":[-35.885231,-7.2979694]},"properties":{"osm_id":955769363,"osm_type":"way","nome":"Escola Estadual Tereza Alves de Moura","operador":null,"operador_tipo":null,"nivel":null,"municipio_cod":"2512507","municipio":"Queimadas"}},{"type":"Feature","geometry":{"type":"Point","coordinates":[-35.8933408,-7.2331183]},"properties":{"osm_id":955770841,"osm_type":"way","nome":"Escola Estadual Murilo Braga","operador":null,"operador_tipo":null,"nivel":null,"municipio_cod":"2504009","municipio":"Campina Grande"}},{"type":"Feature","geometry":{"type":"Point","coordinates":[-36.162164,-6.4821649]},"properties":{"osm_id":960756531,"osm_type":"way","nome":"Uniasselvi Graduação EaD","operador":null,"operador_tipo":null,"nivel":null,"municipio_cod":"2505105","municipio":"Cuité"}},{"type":"Feature","geometry":{"type":"Point","coordinates":[-37.5349943,-6.1890083]},"properties":{"osm_id":961600663,"osm_type":"way","nome":"Escola Estadual Américo Maia","operador":"Governo do Estado da Paraíba","operador_tipo":"government","nivel":null,"municipio_cod":"2502003","municipio":"Belém do Brejo do Cruz"}},{"type":"Feature","geometry":{"type":"Point","coordinates":[-37.301301,-7.0373661]},"properties":{"osm_id":962606522,"osm_type":"way","nome":"Escola Estadual Antonia Araújo","operador":"Governo do Estado da Paraíba","operador_tipo":"government","nivel":null,"municipio_cod":"2510808","municipio":"Patos"}},{"type":"Feature","geometry":{"type":"Point","coordinates":[-37.2764595,-7.0505933]},"properties":{"osm_id":962632366,"osm_type":"way","nome":"Escola Estadual Prof. José Gomes Alves","operador":"Governo do Estado da Paraíba","operador_tipo":"government","nivel":null,"municipio_cod":"2510808","municipio":"Patos"}},{"type":"Feature","geometry":{"type":"Point","coordinates":[-36.1487573,-6.4509606]},"properties":{"osm_id":963070652,"osm_type":"way","nome":null,"operador":null,"operador_tipo":null,"nivel":null,"municipio_cod":"2505105","municipio":"Cuité"}},{"type":"Feature","geometry":{"type":"Point","coordinates":[-36.1607573,-6.4817422]},"properties":{"osm_id":963482504,"osm_type":"way","nome":"Escola Municipal de Ensino Fundamental Professora Eudócia Alves dos Santos","operador":"Secretaria Municipal de Educação de Cuité","operador_tipo":"government","nivel":null,"municipio_cod":"2505105","municipio":"Cuité"}},{"type":"Feature","geometry":{"type":"Point","coordinates":[-36.1546105,-6.4807642]},"properties":{"osm_id":963482513,"osm_type":"way","nome":"Escola Municipal de Ensino Fundamental Julieta de Lima e Costa","operador":"Secretaria Municipal de Educação de Cuité","operador_tipo":"government","nivel":null,"municipio_cod":"2505105","municipio":"Cuité"}},{"type":"Feature","geometry":{"type":"Point","coordinates":[-36.1509978,-6.4836403]},"properties":{"osm_id":963482514,"osm_type":"way","nome":"Escola Estadual Cidadã Integral de Ensino Médio Orlando Venâncio dos Santos","operador":"Secretaria de Educação do Estado da Paraíba","operador_tipo":"public","nivel":null,"municipio_cod":"2505105","municipio":"Cuité"}},{"type":"Feature","geometry":{"type":"Point","coordinates":[-36.1578504,-6.485428]},"properties":{"osm_id":963482521,"osm_type":"way","nome":"Escola Municipal de Ensino Fundamental Elça Carvalho da Fonsêca","operador":"Secretaria Municipal de Educação de Cuité","operador_tipo":"government","nivel":null,"municipio_cod":"2505105","municipio":"Cuité"}},{"type":"Feature","geometry":{"type":"Point","coordinates":[-36.1546701,-6.483933]},"properties":{"osm_id":963482522,"osm_type":"way","nome":"Escola Estadual de Ensino Fundamental André Vidal de Negreiros","operador":"Secretaria de Educação do Estado da Paraíba","operador_tipo":"public","nivel":null,"municipio_cod":"2505105","municipio":"Cuité"}},{"type":"Feature","geometry":{"type":"Point","coordinates":[-36.1477261,-6.4892317]},"properties":{"osm_id":965197982,"osm_type":"way","nome":"Escola Municipal de Ensino Fundamental Celina de Lima Montenegro","operador":"Secretaria Municipal de Educação de Cuité","operador_tipo":"government","nivel":null,"municipio_cod":"2505105","municipio":"Cuité"}},{"type":"Feature","geometry":{"type":"Point","coordinates":[-36.1993181,-6.4543914]},"properties":{"osm_id":965433038,"osm_type":"way","nome":"Escola Municipal Maria Elenilda Batista Dantas","operador":null,"operador_tipo":null,"nivel":null,"municipio_cod":"2510105","municipio":"Nova Floresta"}},{"type":"Feature","geometry":{"type":"Point","coordinates":[-36.1453135,-6.4838601]},"properties":{"osm_id":965635342,"osm_type":"way","nome":"Escola Municipal Maria Camélia Pessoa da Costa","operador":"Secretaria Municipal de Educação de Cuité","operador_tipo":"government","nivel":null,"municipio_cod":"2505105","municipio":"Cuité"}},{"type":"Feature","geometry":{"type":"Point","coordinates":[-36.1547987,-6.4823569]},"properties":{"osm_id":965635672,"osm_type":"way","nome":"Peixinho Dourado","operador":null,"operador_tipo":null,"nivel":null,"municipio_cod":"2505105","municipio":"Cuité"}},{"type":"Feature","geometry":{"type":"Point","coordinates":[-36.1558228,-6.4889483]},"properties":{"osm_id":966317451,"osm_type":"way","nome":"Escola Municipal Maria das Neves","operador":null,"operador_tipo":null,"nivel":null,"municipio_cod":"2505105","municipio":"Cuité"}},{"type":"Feature","geometry":{"type":"Point","coordinates":[-37.3053632,-7.1533505]},"properties":{"osm_id":974674089,"osm_type":"way","nome":"ECI Maria de Lourdes Meira","operador":"Governo do Estado da Paraíba","operador_tipo":"government","nivel":null,"municipio_cod":"2514602","municipio":"São José do Bonfim"}},{"type":"Feature","geometry":{"type":"Point","coordinates":[-37.2536056,-7.2219767]},"properties":{"osm_id":976358585,"osm_type":"way","nome":"Escola Estadual Dr. Manoel Dantas","operador":"Governo do Estado da Paraíba","operador_tipo":"government","nivel":null,"municipio_cod":"2516706","municipio":"Teixeira"}},{"type":"Feature","geometry":{"type":"Point","coordinates":[-37.0717573,-7.1214627]},"properties":{"osm_id":982001130,"osm_type":"way","nome":null,"operador":null,"operador_tipo":null,"nivel":null,"municipio_cod":"2510709","municipio":"Passagem"}},{"type":"Feature","geometry":{"type":"Point","coordinates":[-36.238451,-6.9962679]},"properties":{"osm_id":986505065,"osm_type":"way","nome":"ECI Maria José Costa de Albuquerque","operador":null,"operador_tipo":null,"nivel":null,"municipio_cod":"2510501","municipio":"Olivedos"}},{"type":"Feature","geometry":{"type":"Point","coordinates":[-35.4758232,-7.3077856]},"properties":{"osm_id":988311814,"osm_type":"way","nome":"Escola Municipal de Ensino Fundamental Iraci Rodrigues de Farias Melo","operador":null,"operador_tipo":null,"nivel":null,"municipio_cod":"2509404","municipio":"Mogeiro"}},{"type":"Feature","geometry":{"type":"Point","coordinates":[-35.833005,-7.3154857]},"properties":{"osm_id":988319265,"osm_type":"way","nome":"escola municipal Pimentel","operador":null,"operador_tipo":null,"nivel":null,"municipio_cod":"2504009","municipio":"Campina Grande"}},{"type":"Feature","geometry":{"type":"Point","coordinates":[-37.3259022,-6.8468648]},"properties":{"osm_id":992338852,"osm_type":"way","nome":"Escola Municipal Tentente Titico Gomes","operador":null,"operador_tipo":null,"nivel":null,"municipio_cod":"2514404","municipio":"São José de Espinharas"}},{"type":"Feature","geometry":{"type":"Point","coordinates":[-38.1646954,-6.9456466]},"properties":{"osm_id":993044809,"osm_type":"way","nome":"ECI Antônio Gregório de Lacerda","operador":null,"operador_tipo":null,"nivel":null,"municipio_cod":"2514206","municipio":"São José da Lagoa Tapada"}},{"type":"Feature","geometry":{"type":"Point","coordinates":[-38.5970957,-7.1171242]},"properties":{"osm_id":995459216,"osm_type":"way","nome":"EMEI Antonio Gomes Barbosa","operador":null,"operador_tipo":null,"nivel":null,"municipio_cod":"2514503","municipio":"São José de Piranhas"}},{"type":"Feature","geometry":{"type":"Point","coordinates":[-36.1483497,-6.4788826]},"properties":{"osm_id":995749620,"osm_type":"way","nome":"Instituto Idea de Ensino e Aprendizagem","operador":null,"operador_tipo":null,"nivel":null,"municipio_cod":"2505105","municipio":"Cuité"}},{"type":"Feature","geometry":{"type":"Point","coordinates":[-37.2817132,-7.0123266]},"properties":{"osm_id":997975254,"osm_type":"way","nome":"Colégio Autêntico","operador":null,"operador_tipo":null,"nivel":null,"municipio_cod":"2510808","municipio":"Patos"}},{"type":"Feature","geometry":{"type":"Point","coordinates":[-36.5316447,-7.3916981]},"properties":{"osm_id":998617912,"osm_type":"way","nome":"Grupo Escolar Deputado Tertuliano de Brito","operador":null,"operador_tipo":null,"nivel":null,"municipio_cod":"2514008","municipio":"São João do Cariri"}},{"type":"Feature","geometry":{"type":"Point","coordinates":[-34.8814883,-7.1776689]},"properties":{"osm_id":998786328,"osm_type":"way","nome":"EMEF Darcy Ribeiro","operador":null,"operador_tipo":null,"nivel":null,"municipio_cod":"2507507","municipio":"João Pessoa"}},{"type":"Feature","geometry":{"type":"Point","coordinates":[-34.8846989,-7.1818579]},"properties":{"osm_id":998786333,"osm_type":"way","nome":null,"operador":null,"operador_tipo":null,"nivel":null,"municipio_cod":"2507507","municipio":"João Pessoa"}},{"type":"Feature","geometry":{"type":"Point","coordinates":[-38.642943,-7.1123441]},"properties":{"osm_id":998979835,"osm_type":"way","nome":"EMEIF Joaquim Pereira Lima","operador":"Prefeitura de São José de Piranhas","operador_tipo":"public","nivel":"1;2","municipio_cod":"2514503","municipio":"São José de Piranhas"}},{"type":"Feature","geometry":{"type":"Point","coordinates":[-38.646517,-7.1427491]},"properties":{"osm_id":999309497,"osm_type":"way","nome":null,"operador":null,"operador_tipo":null,"nivel":null,"municipio_cod":"2514503","municipio":"São José de Piranhas"}},{"type":"Feature","geometry":{"type":"Point","coordinates":[-38.6688797,-7.0647499]},"properties":{"osm_id":999309559,"osm_type":"way","nome":null,"operador":null,"operador_tipo":null,"nivel":null,"municipio_cod":"2514503","municipio":"São José de Piranhas"}},{"type":"Feature","geometry":{"type":"Point","coordinates":[-36.8430178,-7.1019237]},"properties":{"osm_id":1017352431,"osm_type":"way","nome":"ECI Doutor Fenelon Nóbrega","operador":"Governo do Estado da Paraíba","operador_tipo":"government","nivel":null,"municipio_cod":"2513000","municipio":"Salgadinho"}},{"type":"Feature","geometry":{"type":"Point","coordinates":[-37.7485768,-7.2265965]},"properties":{"osm_id":1021653413,"osm_type":"way","nome":"Escola Estadual Antônio Avelino de Almeida","operador":"Governo do Estado da Paraíba","operador_tipo":"government","nivel":null,"municipio_cod":"2510402","municipio":"Olho d'Água"}},{"type":"Feature","geometry":{"type":"Point","coordinates":[-36.1477819,-6.48791]},"properties":{"osm_id":1024986131,"osm_type":"way","nome":"Creche Municipal Maria Cleonice Ramos de Sena","operador":"Secretaria Municipal de Educação de Cuité","operador_tipo":"government","nivel":null,"municipio_cod":"2505105","municipio":"Cuité"}},{"type":"Feature","geometry":{"type":"Point","coordinates":[-36.825956,-7.2135446]},"properties":{"osm_id":1025962592,"osm_type":"way","nome":"ECITE Melquíades Vilar","operador":"Governo do Estado da Paraíba","operador_tipo":"government","nivel":null,"municipio_cod":"2516508","municipio":"Taperoá"}},{"type":"Feature","geometry":{"type":"Point","coordinates":[-36.8211785,-7.2150294]},"properties":{"osm_id":1026859651,"osm_type":"way","nome":"Escola Odacy Vilar","operador":null,"operador_tipo":null,"nivel":null,"municipio_cod":"2516508","municipio":"Taperoá"}},{"type":"Feature","geometry":{"type":"Point","coordinates":[-36.1472961,-6.4798155]},"properties":{"osm_id":1028777915,"osm_type":"way","nome":"Instituto Pequeno Doutor","operador":null,"operador_tipo":null,"nivel":null,"municipio_cod":"2505105","municipio":"Cuité"}},{"type":"Feature","geometry":{"type":"Point","coordinates":[-34.833728,-7.1508123]},"properties":{"osm_id":1033120549,"osm_type":"way","nome":"ISO Colégio e Curso","operador":"ISO","operador_tipo":"private","nivel":null,"municipio_cod":"2507507","municipio":"João Pessoa"}},{"type":"Feature","geometry":{"type":"Point","coordinates":[-36.8272209,-7.2082872]},"properties":{"osm_id":1033363263,"osm_type":"way","nome":"Escola Ismênia Machado","operador":null,"operador_tipo":null,"nivel":null,"municipio_cod":"2516508","municipio":"Taperoá"}},{"type":"Feature","geometry":{"type":"Point","coordinates":[-36.8272952,-7.2085527]},"properties":{"osm_id":1033363266,"osm_type":"way","nome":"Colégio Nossa Senhora das Graças","operador":null,"operador_tipo":null,"nivel":null,"municipio_cod":"2516508","municipio":"Taperoá"}},{"type":"Feature","geometry":{"type":"Point","coordinates":[-34.877451,-7.1153253]},"properties":{"osm_id":1053186457,"osm_type":"way","nome":null,"operador":null,"operador_tipo":null,"nivel":null,"municipio_cod":"2507507","municipio":"João Pessoa"}},{"type":"Feature","geometry":{"type":"Point","coordinates":[-34.8696774,-7.1652429]},"properties":{"osm_id":1058122458,"osm_type":"way","nome":"Interactivo Colégio e Curso","operador":null,"operador_tipo":null,"nivel":null,"municipio_cod":"2507507","municipio":"João Pessoa"}},{"type":"Feature","geometry":{"type":"Point","coordinates":[-34.8824622,-7.1573776]},"properties":{"osm_id":1058435949,"osm_type":"way","nome":null,"operador":null,"operador_tipo":null,"nivel":null,"municipio_cod":"2507507","municipio":"João Pessoa"}},{"type":"Feature","geometry":{"type":"Point","coordinates":[-34.8825115,-7.1573684]},"properties":{"osm_id":1058435950,"osm_type":"way","nome":null,"operador":null,"operador_tipo":null,"nivel":null,"municipio_cod":"2507507","municipio":"João Pessoa"}},{"type":"Feature","geometry":{"type":"Point","coordinates":[-34.8770483,-7.1606963]},"properties":{"osm_id":1058435955,"osm_type":"way","nome":"EMEF Augusto dos Anjos","operador":null,"operador_tipo":null,"nivel":null,"municipio_cod":"2507507","municipio":"João Pessoa"}},{"type":"Feature","geometry":{"type":"Point","coordinates":[-37.4424999,-7.0832286]},"properties":{"osm_id":1061210521,"osm_type":"way","nome":"Escola João Noberto","operador":"Governo do Estado da Paraíba","operador_tipo":"government","nivel":null,"municipio_cod":"2513802","municipio":"Santa Teresinha"}},{"type":"Feature","geometry":{"type":"Point","coordinates":[-37.715127,-7.105844]},"properties":{"osm_id":1062156356,"osm_type":"way","nome":null,"operador":null,"operador_tipo":null,"nivel":null,"municipio_cod":"2505907","municipio":"Emas"}},{"type":"Feature","geometry":{"type":"Point","coordinates":[-37.713974,-7.1083535]},"properties":{"osm_id":1062156493,"osm_type":"way","nome":"ECIT Profª Margarida Remígio Loureiro","operador":"Governo do Estado da Paraíba","operador_tipo":"government","nivel":null,"municipio_cod":"2505907","municipio":"Emas"}},{"type":"Feature","geometry":{"type":"Point","coordinates":[-36.9442279,-7.3748126]},"properties":{"osm_id":1063086888,"osm_type":"way","nome":"ECIT João Lelys","operador":"Governo do Estado da Paraíba","operador_tipo":"government","nivel":null,"municipio_cod":"2508505","municipio":"Livramento"}},{"type":"Feature","geometry":{"type":"Point","coordinates":[-34.8687911,-6.9352067]},"properties":{"osm_id":1064091446,"osm_type":"way","nome":null,"operador":null,"operador_tipo":null,"nivel":null,"municipio_cod":"2508604","municipio":"Lucena"}},{"type":"Feature","geometry":{"type":"Point","coordinates":[-36.9485449,-7.3762296]},"properties":{"osm_id":1064734011,"osm_type":"way","nome":"Escola Municipal Ministro Alcides Carneiro","operador":null,"operador_tipo":null,"nivel":null,"municipio_cod":"2508505","municipio":"Livramento"}},{"type":"Feature","geometry":{"type":"Point","coordinates":[-36.727958,-7.0744933]},"properties":{"osm_id":1070101500,"osm_type":"way","nome":"Escola Municipal Jaime Ferreira Tavares","operador":null,"operador_tipo":null,"nivel":null,"municipio_cod":"2501351","municipio":"Assunção"}},{"type":"Feature","geometry":{"type":"Point","coordinates":[-34.8502322,-7.0759308]},"properties":{"osm_id":1072397954,"osm_type":"way","nome":"Escola Elizabeth Ferreira Da Silva","operador":null,"operador_tipo":null,"nivel":null,"municipio_cod":"2503209","municipio":"Cabedelo"}},{"type":"Feature","geometry":{"type":"Point","coordinates":[-36.3627831,-7.0637147]},"properties":{"osm_id":1073605499,"osm_type":"way","nome":"ECIT Doutor Trajano Nóbrega","operador":null,"operador_tipo":null,"nivel":null,"municipio_cod":"2516102","municipio":"Soledade"}},{"type":"Feature","geometry":{"type":"Point","coordinates":[-36.3644777,-7.0581573]},"properties":{"osm_id":1073607635,"osm_type":"way","nome":"Escola Estadual Pe. José Antônio Maria Ibiapina","operador":null,"operador_tipo":null,"nivel":null,"municipio_cod":"2516102","municipio":"Soledade"}},{"type":"Feature","geometry":{"type":"Point","coordinates":[-36.5746948,-7.0678122]},"properties":{"osm_id":1073608626,"osm_type":"way","nome":"ECIT Dep. Genival Matias","operador":null,"operador_tipo":null,"nivel":null,"municipio_cod":"2507705","municipio":"Juazeirinho"}},{"type":"Feature","geometry":{"type":"Point","coordinates":[-36.5835376,-7.068428]},"properties":{"osm_id":1073609002,"osm_type":"way","nome":"Escola Estadual Dep. Pedro Pascoal de Oliveira","operador":null,"operador_tipo":null,"nivel":null,"municipio_cod":"2507705","municipio":"Juazeirinho"}},{"type":"Feature","geometry":{"type":"Point","coordinates":[-37.7083362,-7.5535585]},"properties":{"osm_id":1075232225,"osm_type":"way","nome":"Escola Municipal António Gomes de Souza","operador":null,"operador_tipo":null,"nivel":null,"municipio_cod":"2500106","municipio":"Água Branca"}},{"type":"Feature","geometry":{"type":"Point","coordinates":[-36.7225641,-7.0705093]},"properties":{"osm_id":1075392819,"osm_type":"way","nome":"ECI João Rogério Dias de Toledo","operador":"Governo do Estado da Paraíba","operador_tipo":"government","nivel":null,"municipio_cod":"2501351","municipio":"Assunção"}},{"type":"Feature","geometry":{"type":"Point","coordinates":[-34.9566263,-7.165159]},"properties":{"osm_id":1076412315,"osm_type":"way","nome":"Escola Municipal de Ensino Fundamental I e II Manoel Faustino de Mendoça","operador":"Prefeitura Municipal de Santa Rita","operador_tipo":"public","nivel":null,"municipio_cod":"2513703","municipio":"Santa Rita"}},{"type":"Feature","geometry":{"type":"Point","coordinates":[-34.9646117,-7.1578894]},"properties":{"osm_id":1076412320,"osm_type":"way","nome":"Escola Estadual de Ensino Médio e EJA Luis Ribeiro Limeira (PADRÃO)","operador":"Governo da Paraíba","operador_tipo":"public","nivel":null,"municipio_cod":"2513703","municipio":"Santa Rita"}},{"type":"Feature","geometry":{"type":"Point","coordinates":[-34.9681284,-7.1531295]},"properties":{"osm_id":1076768344,"osm_type":"way","nome":"Escola Estadual de Ensino Médio e EJA Luiz de Azevedo Soares","operador":"Governo da Paraíba","operador_tipo":"government","nivel":null,"municipio_cod":"2513703","municipio":"Santa Rita"}},{"type":"Feature","geometry":{"type":"Point","coordinates":[-37.6377628,-7.5141686]},"properties":{"osm_id":1076995413,"osm_type":"way","nome":null,"operador":null,"operador_tipo":null,"nivel":null,"municipio_cod":"2500106","municipio":"Água Branca"}},{"type":"Feature","geometry":{"type":"Point","coordinates":[-34.983734,-6.9779196]},"properties":{"osm_id":1077134643,"osm_type":"way","nome":"EMEF Paulo Jorge Rodrigues de Lima","operador":"Prefeitura de Santa Rita","operador_tipo":"public","nivel":null,"municipio_cod":"2513703","municipio":"Santa Rita"}},{"type":"Feature","geometry":{"type":"Point","coordinates":[-34.9656675,-7.1442742]},"properties":{"osm_id":1079119000,"osm_type":"way","nome":"Escola Municipal de Ensino Fundamental Anibal Moura","operador":"Secretaria de Educação - Santa Rita","operador_tipo":"government","nivel":null,"municipio_cod":"2513703","municipio":"Santa Rita"}},{"type":"Feature","geometry":{"type":"Point","coordinates":[-34.9651574,-7.1525887]},"properties":{"osm_id":1079119289,"osm_type":"way","nome":"Escola Estadual de Ensino Médio Carlos Chargas","operador":"Governo do Estado da Paraíba","operador_tipo":"government","nivel":null,"municipio_cod":"2513703","municipio":"Santa Rita"}},{"type":"Feature","geometry":{"type":"Point","coordinates":[-37.6370211,-7.5166011]},"properties":{"osm_id":1079635713,"osm_type":"way","nome":null,"operador":null,"operador_tipo":null,"nivel":null,"municipio_cod":"2500106","municipio":"Água Branca"}},{"type":"Feature","geometry":{"type":"Point","coordinates":[-37.6379151,-7.513315]},"properties":{"osm_id":1082098317,"osm_type":"way","nome":"Escola Municipal Mãe Iaiá","operador":null,"operador_tipo":null,"nivel":null,"municipio_cod":"2500106","municipio":"Água Branca"}},{"type":"Feature","geometry":{"type":"Point","coordinates":[-37.0855623,-7.2842359]},"properties":{"osm_id":1083344436,"osm_type":"way","nome":"Escola Cassimira Leite Montenegro","operador":null,"operador_tipo":null,"nivel":null,"municipio_cod":"2505402","municipio":"Desterro"}},{"type":"Feature","geometry":{"type":"Point","coordinates":[-37.0873667,-7.2847248]},"properties":{"osm_id":1083344437,"osm_type":"way","nome":"ECI Gertrudes Leite","operador":"Governo do Estado da Paraíba","operador_tipo":"government","nivel":null,"municipio_cod":"2505402","municipio":"Desterro"}},{"type":"Feature","geometry":{"type":"Point","coordinates":[-37.26378,-7.0121087]},"properties":{"osm_id":1084916646,"osm_type":"way","nome":null,"operador":null,"operador_tipo":null,"nivel":null,"municipio_cod":"2510808","municipio":"Patos"}},{"type":"Feature","geometry":{"type":"Point","coordinates":[-38.1200263,-6.5906351]},"properties":{"osm_id":1087971676,"osm_type":"way","nome":"Maria Martins","operador":null,"operador_tipo":null,"nivel":null,"municipio_cod":"2513208","municipio":"Santa Cruz"}},{"type":"Feature","geometry":{"type":"Point","coordinates":[-36.8270739,-7.2096706]},"properties":{"osm_id":1089946981,"osm_type":"way","nome":null,"operador":null,"operador_tipo":null,"nivel":null,"municipio_cod":"2516508","municipio":"Taperoá"}},{"type":"Feature","geometry":{"type":"Point","coordinates":[-36.8861598,-7.3626388]},"properties":{"osm_id":1093270699,"osm_type":"way","nome":null,"operador":null,"operador_tipo":null,"nivel":null,"municipio_cod":"2508505","municipio":"Livramento"}},{"type":"Feature","geometry":{"type":"Point","coordinates":[-37.504355,-7.3908153]},"properties":{"osm_id":1095006937,"osm_type":"way","nome":null,"operador":null,"operador_tipo":null,"nivel":null,"municipio_cod":"2506707","municipio":"Imaculada"}},{"type":"Feature","geometry":{"type":"Point","coordinates":[-37.5099976,-7.3900336]},"properties":{"osm_id":1095006943,"osm_type":"way","nome":null,"operador":null,"operador_tipo":null,"nivel":null,"municipio_cod":"2506707","municipio":"Imaculada"}},{"type":"Feature","geometry":{"type":"Point","coordinates":[-37.5119897,-7.3856166]},"properties":{"osm_id":1096065689,"osm_type":"way","nome":null,"operador":null,"operador_tipo":null,"nivel":null,"municipio_cod":"2506707","municipio":"Imaculada"}},{"type":"Feature","geometry":{"type":"Point","coordinates":[-37.5097973,-7.3825561]},"properties":{"osm_id":1096065690,"osm_type":"way","nome":"EMEIF Maria Madalena Torres Dantas","operador":null,"operador_tipo":null,"nivel":null,"municipio_cod":"2506707","municipio":"Imaculada"}},{"type":"Feature","geometry":{"type":"Point","coordinates":[-37.2794853,-7.0607331]},"properties":{"osm_id":1098137716,"osm_type":"way","nome":"Escola Municipal Antônio Guedes dos Santos","operador":null,"operador_tipo":null,"nivel":null,"municipio_cod":"2510808","municipio":"Patos"}},{"type":"Feature","geometry":{"type":"Point","coordinates":[-37.5225638,-6.7597753]},"properties":{"osm_id":1103032058,"osm_type":"way","nome":"Grupo Escolar Municipal","operador":null,"operador_tipo":null,"nivel":null,"municipio_cod":"2514404","municipio":"São José de Espinharas"}},{"type":"Feature","geometry":{"type":"Point","coordinates":[-37.5019482,-6.7363926]},"properties":{"osm_id":1103032073,"osm_type":"way","nome":"Grupo Escolar Municipal","operador":null,"operador_tipo":null,"nivel":null,"municipio_cod":"2514404","municipio":"São José de Espinharas"}},{"type":"Feature","geometry":{"type":"Point","coordinates":[-36.8220738,-7.2084657]},"properties":{"osm_id":1103231569,"osm_type":"way","nome":"Escola Municipal Coronel Pedro de Farias","operador":null,"operador_tipo":null,"nivel":null,"municipio_cod":"2516508","municipio":"Taperoá"}},{"type":"Feature","geometry":{"type":"Point","coordinates":[-37.4887742,-6.7527564]},"properties":{"osm_id":1104104390,"osm_type":"way","nome":"Grupo Escolar Municipal","operador":null,"operador_tipo":null,"nivel":null,"municipio_cod":"2514404","municipio":"São José de Espinharas"}},{"type":"Feature","geometry":{"type":"Point","coordinates":[-37.4052256,-6.850846]},"properties":{"osm_id":1106719722,"osm_type":"way","nome":"Escola Municipal Luiz Gomes","operador":null,"operador_tipo":null,"nivel":null,"municipio_cod":"2514404","municipio":"São José de Espinharas"}},{"type":"Feature","geometry":{"type":"Point","coordinates":[-37.9782567,-7.739514]},"properties":{"osm_id":1107954160,"osm_type":"way","nome":"ECIT Nossa Senhora do Bom Conselho","operador":null,"operador_tipo":null,"nivel":null,"municipio_cod":"2512309","municipio":"Princesa Isabel"}},{"type":"Feature","geometry":{"type":"Point","coordinates":[-36.9283392,-6.87301]},"properties":{"osm_id":1115214756,"osm_type":"way","nome":null,"operador":null,"operador_tipo":null,"nivel":null,"municipio_cod":"2513406","municipio":"Santa Luzia"}},{"type":"Feature","geometry":{"type":"Point","coordinates":[-37.9949372,-7.7381296]},"properties":{"osm_id":1125585091,"osm_type":"way","nome":"EEEF Profª Iracema Marques de Lima","operador":null,"operador_tipo":null,"nivel":null,"municipio_cod":"2512309","municipio":"Princesa Isabel"}},{"type":"Feature","geometry":{"type":"Point","coordinates":[-38.1551924,-7.7118944]},"properties":{"osm_id":1125591022,"osm_type":"way","nome":"ECI Monsenhor Sebastião Rabelo","operador":null,"operador_tipo":null,"nivel":null,"municipio_cod":"2509008","municipio":"Manaíra"}},{"type":"Feature","geometry":{"type":"Point","coordinates":[-35.6696476,-6.7563194]},"properties":{"osm_id":1125833285,"osm_type":"way","nome":"EEEF Geraldo da Silva Pinto","operador":null,"operador_tipo":null,"nivel":null,"municipio_cod":"2516003","municipio":"Solânea"}},{"type":"Feature","geometry":{"type":"Point","coordinates":[-35.6540365,-6.7667413]},"properties":{"osm_id":1125834383,"osm_type":"way","nome":"ECIT Alfredo Pessoa de Lima","operador":null,"operador_tipo":null,"nivel":null,"municipio_cod":"2516003","municipio":"Solânea"}},{"type":"Feature","geometry":{"type":"Point","coordinates":[-35.6584129,-6.7574405]},"properties":{"osm_id":1125835029,"osm_type":"way","nome":"EEEFM Arlindo Ramalho","operador":null,"operador_tipo":null,"nivel":null,"municipio_cod":"2516003","municipio":"Solânea"}},{"type":"Feature","geometry":{"type":"Point","coordinates":[-35.6032451,-6.8050464]},"properties":{"osm_id":1125837192,"osm_type":"way","nome":"ECIT Efigênio Leite","operador":null,"operador_tipo":null,"nivel":null,"municipio_cod":"2502706","municipio":"Borborema"}},{"type":"Feature","geometry":{"type":"Point","coordinates":[-35.103017,-7.402498]},"properties":{"osm_id":1126464414,"osm_type":"way","nome":"ECIT João Úrsulo","operador":null,"operador_tipo":null,"nivel":null,"municipio_cod":"2511202","municipio":"Pedras de Fogo"}},{"type":"Feature","geometry":{"type":"Point","coordinates":[-35.1111291,-7.3987788]},"properties":{"osm_id":1126465839,"osm_type":"way","nome":"Escola Estadual Prof. Getúlio César Rodrigues Guedes","operador":null,"operador_tipo":null,"nivel":null,"municipio_cod":"2511202","municipio":"Pedras de Fogo"}},{"type":"Feature","geometry":{"type":"Point","coordinates":[-35.9709558,-7.1208835]},"properties":{"osm_id":1133003767,"osm_type":"way","nome":null,"operador":null,"operador_tipo":null,"nivel":null,"municipio_cod":"2512408","municipio":"Puxinanã"}},{"type":"Feature","geometry":{"type":"Point","coordinates":[-37.601833,-6.9082895]},"properties":{"osm_id":1135413748,"osm_type":"way","nome":"Escolinha Pequeno Príncipe","operador":null,"operador_tipo":null,"nivel":null,"municipio_cod":"2504504","municipio":"Condado"}},{"type":"Feature","geometry":{"type":"Point","coordinates":[-35.9469531,-7.2285456]},"properties":{"osm_id":1145156633,"osm_type":"way","nome":"Escola Municipal Paulo Freire","operador":null,"operador_tipo":null,"nivel":null,"municipio_cod":"2504009","municipio":"Campina Grande"}},{"type":"Feature","geometry":{"type":"Point","coordinates":[-37.6227996,-7.3802483]},"properties":{"osm_id":1158443306,"osm_type":"way","nome":null,"operador":null,"operador_tipo":null,"nivel":null,"municipio_cod":"2506707","municipio":"Imaculada"}},{"type":"Feature","geometry":{"type":"Point","coordinates":[-34.827091,-7.1223855]},"properties":{"osm_id":1159149586,"osm_type":"way","nome":"Escola Adventista de João Pessoa","operador":"Educação Adventista","operador_tipo":"private","nivel":null,"municipio_cod":"2507507","municipio":"João Pessoa"}},{"type":"Feature","geometry":{"type":"Point","coordinates":[-37.2836629,-7.0106725]},"properties":{"osm_id":1163376263,"osm_type":"way","nome":"Instituto Educacional Doutor Dionísio da Costa","operador":null,"operador_tipo":null,"nivel":null,"municipio_cod":"2510808","municipio":"Patos"}},{"type":"Feature","geometry":{"type":"Point","coordinates":[-37.8020748,-6.7721202]},"properties":{"osm_id":1167402096,"osm_type":"way","nome":"Escola Estadual Oito de Julho","operador":"Governo do Estado da Paraíba","operador_tipo":"government","nivel":null,"municipio_cod":"2512101","municipio":"Pombal"}},{"type":"Feature","geometry":{"type":"Point","coordinates":[-36.0591867,-6.7216157]},"properties":{"osm_id":1182794228,"osm_type":"way","nome":"Escola Estadual de Ensino Fundamental Professor José Coelho","operador":null,"operador_tipo":null,"nivel":null,"municipio_cod":"2501609","municipio":"Barra de Santa Rosa"}},{"type":"Feature","geometry":{"type":"Point","coordinates":[-37.2927202,-7.0321904]},"properties":{"osm_id":1186895304,"osm_type":"way","nome":"Escola Municipal Sabino Ferreira Leite","operador":null,"operador_tipo":null,"nivel":null,"municipio_cod":"2510808","municipio":"Patos"}},{"type":"Feature","geometry":{"type":"Point","coordinates":[-38.1531447,-7.3110549]},"properties":{"osm_id":1190598737,"osm_type":"way","nome":"Escola Estadual Adalgisa Teódulo da Fonsêca","operador":"Governo do Estado da Paraíba","operador_tipo":"government","nivel":null,"municipio_cod":"2507002","municipio":"Itaporanga"}},{"type":"Feature","geometry":{"type":"Point","coordinates":[-38.1527629,-7.3100592]},"properties":{"osm_id":1190598738,"osm_type":"way","nome":"Escola Norma Estadual Prof. Francelino de Alencar Neves","operador":"Governo do Estado da Paraíba","operador_tipo":"government","nivel":null,"municipio_cod":"2507002","municipio":"Itaporanga"}},{"type":"Feature","geometry":{"type":"Point","coordinates":[-38.1536434,-7.3120568]},"properties":{"osm_id":1190598739,"osm_type":"way","nome":"ECIT Monsenhor José Sinfrônio de Assis Filho","operador":"Governo do Estado da Paraíba","operador_tipo":"government","nivel":null,"municipio_cod":"2507002","municipio":"Itaporanga"}},{"type":"Feature","geometry":{"type":"Point","coordinates":[-38.1486511,-7.3066135]},"properties":{"osm_id":1190598740,"osm_type":"way","nome":"Escola Estadual Simeão Leal","operador":"Governo do Estado da Paraíba","operador_tipo":"government","nivel":null,"municipio_cod":"2507002","municipio":"Itaporanga"}},{"type":"Feature","geometry":{"type":"Point","coordinates":[-38.2657046,-7.4301518]},"properties":{"osm_id":1190599697,"osm_type":"way","nome":"ECIT Adilina de Sousa Diniz","operador":"Governo do Estado da Paraíba","operador_tipo":"government","nivel":null,"municipio_cod":"2505600","municipio":"Diamante"}},{"type":"Feature","geometry":{"type":"Point","coordinates":[-38.3337304,-7.5512461]},"properties":{"osm_id":1190603151,"osm_type":"way","nome":"ECIT Presidente Kennedy","operador":"Governo do Estado da Paraíba","operador_tipo":"government","nivel":null,"municipio_cod":"2513505","municipio":"Santana de Mangueira"}},{"type":"Feature","geometry":{"type":"Point","coordinates":[-38.1522216,-7.1824145]},"properties":{"osm_id":1190603152,"osm_type":"way","nome":"ECI Joselita Brasileiro","operador":"Governo do Estado da Paraíba","operador_tipo":"government","nivel":null,"municipio_cod":"2502607","municipio":"Igaracy"}},{"type":"Feature","geometry":{"type":"Point","coordinates":[-35.8709894,-7.2407907]},"properties":{"osm_id":1193566186,"osm_type":"way","nome":"Escola Estadual Audiocomunicação Demostenes Cunha Lima","operador":null,"operador_tipo":null,"nivel":null,"municipio_cod":"2504009","municipio":"Campina Grande"}},{"type":"Feature","geometry":{"type":"Point","coordinates":[-37.3010908,-7.0370128]},"properties":{"osm_id":1198065474,"osm_type":"way","nome":"E.M.E.F Anaiza Luiz Calixto","operador":null,"operador_tipo":null,"nivel":null,"municipio_cod":"2510808","municipio":"Patos"}},{"type":"Feature","geometry":{"type":"Point","coordinates":[-37.3497854,-7.2660687]},"properties":{"osm_id":1201656839,"osm_type":"way","nome":"EMEF José Ramalho Xavier","operador":"Prefeitura Municipal de Matureia","operador_tipo":"public","nivel":null,"municipio_cod":"2509396","municipio":"Maturéia"}},{"type":"Feature","geometry":{"type":"Point","coordinates":[-37.3442659,-7.2642618]},"properties":{"osm_id":1201739161,"osm_type":"way","nome":null,"operador":null,"operador_tipo":null,"nivel":null,"municipio_cod":"2509396","municipio":"Maturéia"}},{"type":"Feature","geometry":{"type":"Point","coordinates":[-37.2744481,-7.0411677]},"properties":{"osm_id":1207245285,"osm_type":"way","nome":"Escola Maria das Chagas Candeia","operador":null,"operador_tipo":null,"nivel":null,"municipio_cod":"2510808","municipio":"Patos"}},{"type":"Feature","geometry":{"type":"Point","coordinates":[-37.273694,-7.0468614]},"properties":{"osm_id":1208099403,"osm_type":"way","nome":"Escola Municipal Monsenhor Manuel Vieira","operador":null,"operador_tipo":null,"nivel":null,"municipio_cod":"2510808","municipio":"Patos"}},{"type":"Feature","geometry":{"type":"Point","coordinates":[-37.273769,-7.0470629]},"properties":{"osm_id":1208099404,"osm_type":"way","nome":"Escola Municipal Sizenando Flórido de Sousa","operador":null,"operador_tipo":null,"nivel":null,"municipio_cod":"2510808","municipio":"Patos"}},{"type":"Feature","geometry":{"type":"Point","coordinates":[-35.4256345,-6.4953801]},"properties":{"osm_id":1211966571,"osm_type":"way","nome":"Escola Modelo Em Tempo Integral","operador":null,"operador_tipo":null,"nivel":null,"municipio_cod":"2508554","municipio":"Logradouro"}},{"type":"Feature","geometry":{"type":"Point","coordinates":[-36.6288627,-7.2110549]},"properties":{"osm_id":1213608302,"osm_type":"way","nome":"ECIT Profª Neir Alves Porto","operador":"Governo do Estado da Paraíba","operador_tipo":"government","nivel":null,"municipio_cod":"2513851","municipio":"Santo André"}},{"type":"Feature","geometry":{"type":"Point","coordinates":[-37.2763373,-7.0498904]},"properties":{"osm_id":1215427247,"osm_type":"way","nome":"Escola Municipal Anatildes Alves de Moura","operador":null,"operador_tipo":null,"nivel":null,"municipio_cod":"2510808","municipio":"Patos"}},{"type":"Feature","geometry":{"type":"Point","coordinates":[-36.6627296,-7.3162227]},"properties":{"osm_id":1216259739,"osm_type":"way","nome":"EEEFM Jairo Aires Ccalute","operador":null,"operador_tipo":null,"nivel":null,"municipio_cod":"2510659","municipio":"Parari"}},{"type":"Feature","geometry":{"type":"Point","coordinates":[-37.2828921,-7.0237788]},"properties":{"osm_id":1219353543,"osm_type":"way","nome":"IEMS","operador":null,"operador_tipo":null,"nivel":null,"municipio_cod":"2510808","municipio":"Patos"}},{"type":"Feature","geometry":{"type":"Point","coordinates":[-34.9006755,-7.1595055]},"properties":{"osm_id":1222988992,"osm_type":"way","nome":null,"operador":null,"operador_tipo":null,"nivel":null,"municipio_cod":"2507507","municipio":"João Pessoa"}},{"type":"Feature","geometry":{"type":"Point","coordinates":[-34.9008525,-7.1596169]},"properties":{"osm_id":1222988993,"osm_type":"way","nome":null,"operador":null,"operador_tipo":null,"nivel":null,"municipio_cod":"2507507","municipio":"João Pessoa"}},{"type":"Feature","geometry":{"type":"Point","coordinates":[-34.9005752,-7.1593727]},"properties":{"osm_id":1222988994,"osm_type":"way","nome":null,"operador":null,"operador_tipo":null,"nivel":null,"municipio_cod":"2507507","municipio":"João Pessoa"}},{"type":"Feature","geometry":{"type":"Point","coordinates":[-36.2435625,-7.2639015]},"properties":{"osm_id":1224551326,"osm_type":"way","nome":"Escola Municipal Professora Francisca Leite Vitorino","operador":null,"operador_tipo":null,"nivel":null,"municipio_cod":"2502151","municipio":"Boa Vista"}},{"type":"Feature","geometry":{"type":"Point","coordinates":[-34.8374478,-7.151218]},"properties":{"osm_id":1228664156,"osm_type":"way","nome":"Carl Rodgers","operador":null,"operador_tipo":null,"nivel":null,"municipio_cod":"2507507","municipio":"João Pessoa"}},{"type":"Feature","geometry":{"type":"Point","coordinates":[-34.8369073,-7.1503358]},"properties":{"osm_id":1228664157,"osm_type":"way","nome":"Sucesso Comecinho do Saber","operador":null,"operador_tipo":null,"nivel":null,"municipio_cod":"2507507","municipio":"João Pessoa"}},{"type":"Feature","geometry":{"type":"Point","coordinates":[-37.1400508,-7.1948135]},"properties":{"osm_id":1230217994,"osm_type":"way","nome":null,"operador":null,"operador_tipo":null,"nivel":null,"municipio_cod":"2503555","municipio":"Cacimbas"}},{"type":"Feature","geometry":{"type":"Point","coordinates":[-37.7999745,-6.7668301]},"properties":{"osm_id":1230828488,"osm_type":"way","nome":"Colégio Menino Jesus","operador":null,"operador_tipo":null,"nivel":null,"municipio_cod":"2512101","municipio":"Pombal"}},{"type":"Feature","geometry":{"type":"Point","coordinates":[-37.8017011,-6.7675813]},"properties":{"osm_id":1230829466,"osm_type":"way","nome":"Escola Municipal Nossa Senhora do Rosário","operador":null,"operador_tipo":null,"nivel":null,"municipio_cod":"2512101","municipio":"Pombal"}},{"type":"Feature","geometry":{"type":"Point","coordinates":[-37.80191,-6.7670038]},"properties":{"osm_id":1230829467,"osm_type":"way","nome":"Escola Municipal Decisão","operador":null,"operador_tipo":null,"nivel":null,"municipio_cod":"2512101","municipio":"Pombal"}},{"type":"Feature","geometry":{"type":"Point","coordinates":[-37.7980814,-6.7700731]},"properties":{"osm_id":1230831782,"osm_type":"way","nome":"Colégio Arco-Íris","operador":null,"operador_tipo":null,"nivel":null,"municipio_cod":"2512101","municipio":"Pombal"}},{"type":"Feature","geometry":{"type":"Point","coordinates":[-37.7941154,-6.7727496]},"properties":{"osm_id":1230832123,"osm_type":"way","nome":"Escola Estadual Amélia Maria da Luz","operador":null,"operador_tipo":null,"nivel":null,"municipio_cod":"2512101","municipio":"Pombal"}},{"type":"Feature","geometry":{"type":"Point","coordinates":[-37.1524883,-7.2181228]},"properties":{"osm_id":1230854158,"osm_type":"way","nome":null,"operador":null,"operador_tipo":null,"nivel":null,"municipio_cod":"2503555","municipio":"Cacimbas"}},{"type":"Feature","geometry":{"type":"Point","coordinates":[-35.9069977,-7.2445551]},"properties":{"osm_id":1231404887,"osm_type":"way","nome":"Colegio Panorama (Infantil)","operador":"Colégio Panorama","operador_tipo":null,"nivel":null,"municipio_cod":"2504009","municipio":"Campina Grande"}},{"type":"Feature","geometry":{"type":"Point","coordinates":[-37.5000278,-6.3493647]},"properties":{"osm_id":1232163185,"osm_type":"way","nome":"ECIT Professor José Olímpio Maia","operador":"Governo do Estado da Paraíba","operador_tipo":"government","nivel":null,"municipio_cod":"2502805","municipio":"Brejo do Cruz"}},{"type":"Feature","geometry":{"type":"Point","coordinates":[-37.4966773,-6.3485506]},"properties":{"osm_id":1232163186,"osm_type":"way","nome":"Escola Estadual Antônio Gomes","operador":"Governo do Estado da Paraíba","operador_tipo":"government","nivel":null,"municipio_cod":"2502805","municipio":"Brejo do Cruz"}},{"type":"Feature","geometry":{"type":"Point","coordinates":[-36.9120951,-6.8742142]},"properties":{"osm_id":1237843738,"osm_type":"way","nome":"Escola Arlindo Bento de Morais","operador":"Governo do Estado da Paraíba","operador_tipo":"government","nivel":null,"municipio_cod":"2513406","municipio":"Santa Luzia"}},{"type":"Feature","geometry":{"type":"Point","coordinates":[-36.9098666,-6.8714309]},"properties":{"osm_id":1242952920,"osm_type":"way","nome":null,"operador":null,"operador_tipo":null,"nivel":null,"municipio_cod":"2513406","municipio":"Santa Luzia"}},{"type":"Feature","geometry":{"type":"Point","coordinates":[-37.2536132,-7.2214958]},"properties":{"osm_id":1243736253,"osm_type":"way","nome":"Colégio Menino Jesus","operador":null,"operador_tipo":null,"nivel":null,"municipio_cod":"2516706","municipio":"Teixeira"}},{"type":"Feature","geometry":{"type":"Point","coordinates":[-37.2538543,-7.2212916]},"properties":{"osm_id":1243736261,"osm_type":"way","nome":"Escola Municipal Silveira Dantas","operador":null,"operador_tipo":null,"nivel":null,"municipio_cod":"2516706","municipio":"Teixeira"}},{"type":"Feature","geometry":{"type":"Point","coordinates":[-37.2539264,-7.2251035]},"properties":{"osm_id":1244242988,"osm_type":"way","nome":null,"operador":null,"operador_tipo":null,"nivel":null,"municipio_cod":"2516706","municipio":"Teixeira"}},{"type":"Feature","geometry":{"type":"Point","coordinates":[-36.1101142,-6.5838861]},"properties":{"osm_id":1247276668,"osm_type":"way","nome":"Escola Municipal de Ensino Fundamental Professor Domiciano de Queirós","operador":"Secretaria Municipal de Educação de Cuité","operador_tipo":"public","nivel":null,"municipio_cod":"2505105","municipio":"Cuité"}},{"type":"Feature","geometry":{"type":"Point","coordinates":[-36.2252533,-6.6282384]},"properties":{"osm_id":1247377966,"osm_type":"way","nome":"Escola Municipal de Ensino Fundamental Antero Ferreira Lima","operador":"Secretaria Municipal de Educação","operador_tipo":"public","nivel":null,"municipio_cod":"2505105","municipio":"Cuité"}},{"type":"Feature","geometry":{"type":"Point","coordinates":[-36.187457,-6.6707522]},"properties":{"osm_id":1247377969,"osm_type":"way","nome":"Escola Municipal de Ensino Fundamental Leosita Amália de Araújo","operador":"Secretaria Municipal de Educação de Cuité","operador_tipo":"public","nivel":null,"municipio_cod":"2516151","municipio":"Sossêgo"}},{"type":"Feature","geometry":{"type":"Point","coordinates":[-36.0488514,-6.6277085]},"properties":{"osm_id":1247377972,"osm_type":"way","nome":"Escola Municipal de Ensino Fundamental Manoel Soares de Maria","operador":"Secretaria Municipal de Educação de Cuité","operador_tipo":"public","nivel":null,"municipio_cod":"2505105","municipio":"Cuité"}},{"type":"Feature","geometry":{"type":"Point","coordinates":[-36.0626027,-6.6278587]},"properties":{"osm_id":1247377975,"osm_type":"way","nome":"Escola Cidadã Integral Pedro Henrique da Silva","operador":"Secretaria de Educação do Estado da Paraíba","operador_tipo":"public","nivel":null,"municipio_cod":"2505105","municipio":"Cuité"}},{"type":"Feature","geometry":{"type":"Point","coordinates":[-36.0634216,-6.6286567]},"properties":{"osm_id":1247377979,"osm_type":"way","nome":"Escola de Ensino Fundamental Henrique Pereira dos Reis","operador":"Secretaria Municipal de Educação de Cuité","operador_tipo":"public","nivel":null,"municipio_cod":"2505105","municipio":"Cuité"}},{"type":"Feature","geometry":{"type":"Point","coordinates":[-35.9004339,-6.5227143]},"properties":{"osm_id":1247377981,"osm_type":"way","nome":null,"operador":null,"operador_tipo":null,"nivel":null,"municipio_cod":"2505105","municipio":"Cuité"}},{"type":"Feature","geometry":{"type":"Point","coordinates":[-35.9200231,-6.5027341]},"properties":{"osm_id":1247377982,"osm_type":"way","nome":null,"operador":null,"operador_tipo":null,"nivel":null,"municipio_cod":"2505105","municipio":"Cuité"}},{"type":"Feature","geometry":{"type":"Point","coordinates":[-36.2129523,-6.5821949]},"properties":{"osm_id":1247377984,"osm_type":"way","nome":"Escola Municipal de Ensino Fundamental Terezinha Gomes de Andrade","operador":"Secretaria Municipal de Educação","operador_tipo":"public","nivel":null,"municipio_cod":"2505105","municipio":"Cuité"}},{"type":"Feature","geometry":{"type":"Point","coordinates":[-36.2009997,-6.5957558]},"properties":{"osm_id":1247377985,"osm_type":"way","nome":null,"operador":null,"operador_tipo":null,"nivel":null,"municipio_cod":"2505105","municipio":"Cuité"}},{"type":"Feature","geometry":{"type":"Point","coordinates":[-36.1738718,-6.5798364]},"properties":{"osm_id":1247377986,"osm_type":"way","nome":"Escola Municipal de Ensino Fundamental Jácio Furtado","operador":"Secretaria Municipal de Educação de Cuité","operador_tipo":"public","nivel":null,"municipio_cod":"2505105","municipio":"Cuité"}},{"type":"Feature","geometry":{"type":"Point","coordinates":[-37.3939003,-6.8417741]},"properties":{"osm_id":1261950446,"osm_type":"way","nome":"Escola Municipal Mariana Nóbrega de Sousa","operador":null,"operador_tipo":null,"nivel":null,"municipio_cod":"2514404","municipio":"São José de Espinharas"}},{"type":"Feature","geometry":{"type":"Point","coordinates":[-35.8729406,-7.2941462]},"properties":{"osm_id":1264539147,"osm_type":"way","nome":"ESCOLA ROMULO GOUVEIA","operador":null,"operador_tipo":null,"nivel":null,"municipio_cod":"2504009","municipio":"Campina Grande"}},{"type":"Feature","geometry":{"type":"Point","coordinates":[-35.8832589,-7.2895057]},"properties":{"osm_id":1264546387,"osm_type":"way","nome":"ESCOLA LOURDES RAMALHO","operador":null,"operador_tipo":null,"nivel":null,"municipio_cod":"2504009","municipio":"Campina Grande"}},{"type":"Feature","geometry":{"type":"Point","coordinates":[-35.5046433,-6.6713016]},"properties":{"osm_id":1276435071,"osm_type":"way","nome":"Escola Municipal de Limeira","operador":null,"operador_tipo":null,"nivel":null,"municipio_cod":"2501906","municipio":"Belém"}},{"type":"Feature","geometry":{"type":"Point","coordinates":[-35.4885901,-6.6735708]},"properties":{"osm_id":1276435406,"osm_type":"way","nome":"Escola Municipal de Forquilha","operador":null,"operador_tipo":null,"nivel":null,"municipio_cod":"2501906","municipio":"Belém"}},{"type":"Feature","geometry":{"type":"Point","coordinates":[-34.8704166,-7.1066938]},"properties":{"osm_id":1277903119,"osm_type":"way","nome":"Escola Estadual de Ensino Fundamental (EEEF) Marcílio Dias","operador":"Governo do Estado da Paraíba","operador_tipo":"government","nivel":null,"municipio_cod":"2507507","municipio":"João Pessoa"}},{"type":"Feature","geometry":{"type":"Point","coordinates":[-35.923503,-7.2337613]},"properties":{"osm_id":1281192181,"osm_type":"way","nome":"Escola Municipal De Ensino Fundamental Advogado Otávio Amorim","operador":null,"operador_tipo":null,"nivel":null,"municipio_cod":"2504009","municipio":"Campina Grande"}},{"type":"Feature","geometry":{"type":"Point","coordinates":[-35.9242618,-7.2289332]},"properties":{"osm_id":1281206048,"osm_type":"way","nome":"Quadra Criança esperança","operador":null,"operador_tipo":null,"nivel":null,"municipio_cod":"2504009","municipio":"Campina Grande"}},{"type":"Feature","geometry":{"type":"Point","coordinates":[-35.9240822,-7.2292564]},"properties":{"osm_id":1281206049,"osm_type":"way","nome":"Instituto Criança Esperança","operador":null,"operador_tipo":null,"nivel":null,"municipio_cod":"2504009","municipio":"Campina Grande"}},{"type":"Feature","geometry":{"type":"Point","coordinates":[-36.2086439,-6.4545743]},"properties":{"osm_id":1284155653,"osm_type":"way","nome":"Escola Municipal de Ensino Fundamental Senador Rui Carneiro","operador":"Secretaria Municipal de Educação de Nova Floresta","operador_tipo":"public","nivel":null,"municipio_cod":"2510105","municipio":"Nova Floresta"}},{"type":"Feature","geometry":{"type":"Point","coordinates":[-36.2159781,-6.4426177]},"properties":{"osm_id":1284155655,"osm_type":"way","nome":"Escola Municipal de Ensino Fundamental Hermínia Maria dos Santos","operador":"Prefeitura Municipal de Nova Floresta","operador_tipo":"public","nivel":null,"municipio_cod":"2510105","municipio":"Nova Floresta"}},{"type":"Feature","geometry":{"type":"Point","coordinates":[-36.1996887,-6.4573567]},"properties":{"osm_id":1284155657,"osm_type":"way","nome":"Escola Municipal de Ensino Fundamental Julieta de Lima e Costa","operador":"Secretaria Municipal de Educação de Nova Floresta","operador_tipo":"public","nivel":null,"municipio_cod":"2510105","municipio":"Nova Floresta"}},{"type":"Feature","geometry":{"type":"Point","coordinates":[-36.2237188,-6.5233042]},"properties":{"osm_id":1284155659,"osm_type":"way","nome":"Escola Municipal de Ensino Fundamental Engenheiro Sebastião Ernesto dos Santos","operador":"Secretaria Municipal de Educação de Nova Floresta","operador_tipo":"public","nivel":null,"municipio_cod":"2510105","municipio":"Nova Floresta"}},{"type":"Feature","geometry":{"type":"Point","coordinates":[-36.2033435,-6.4594471]},"properties":{"osm_id":1284155661,"osm_type":"way","nome":"Escola Municipal de Ensino Fundamental Delane Santos","operador":"Secretaria Municipal de Educação de Nova Floresta","operador_tipo":"public","nivel":null,"municipio_cod":"2510105","municipio":"Nova Floresta"}},{"type":"Feature","geometry":{"type":"Point","coordinates":[-36.2041072,-6.4572692]},"properties":{"osm_id":1284155663,"osm_type":"way","nome":"Creche Gerusa Dantas","operador":"Secretaria Municipal de Educação de Nova Floresta","operador_tipo":"public","nivel":null,"municipio_cod":"2510105","municipio":"Nova Floresta"}},{"type":"Feature","geometry":{"type":"Point","coordinates":[-36.2035465,-6.4530807]},"properties":{"osm_id":1284155665,"osm_type":"way","nome":"Escola Estadual de Ensino Fundamental Deputado José Pereira","operador":"Secretaria de Educação do Estado da Paraíba","operador_tipo":"public","nivel":null,"municipio_cod":"2510105","municipio":"Nova Floresta"}},{"type":"Feature","geometry":{"type":"Point","coordinates":[-36.2035946,-6.45389]},"properties":{"osm_id":1284155667,"osm_type":"way","nome":"Instituto Educacional Sandra Maria Bezerra","operador":null,"operador_tipo":null,"nivel":null,"municipio_cod":"2510105","municipio":"Nova Floresta"}},{"type":"Feature","geometry":{"type":"Point","coordinates":[-36.1996817,-6.4555857]},"properties":{"osm_id":1284191196,"osm_type":"way","nome":"Educandário Caminhos do Saber","operador":null,"operador_tipo":null,"nivel":null,"municipio_cod":"2510105","municipio":"Nova Floresta"}},{"type":"Feature","geometry":{"type":"Point","coordinates":[-36.2919449,-6.4360152]},"properties":{"osm_id":1286602403,"osm_type":"way","nome":"Escola Municipal de Ensino Fundamental Macário Zulmiro da Silva","operador":"Secretaria Municipal de Educação de Picuí","operador_tipo":"public","nivel":null,"municipio_cod":"2511400","municipio":"Picuí"}},{"type":"Feature","geometry":{"type":"Point","coordinates":[-36.2927174,-6.4346911]},"properties":{"osm_id":1286602407,"osm_type":"way","nome":"Escola","operador":null,"operador_tipo":null,"nivel":null,"municipio_cod":"2511400","municipio":"Picuí"}},{"type":"Feature","geometry":{"type":"Point","coordinates":[-36.2910619,-6.303332]},"properties":{"osm_id":1286607472,"osm_type":"way","nome":null,"operador":"Secretaria Municipal de Educação de Picuí","operador_tipo":"public","nivel":null,"municipio_cod":"2511400","municipio":"Picuí"}},{"type":"Feature","geometry":{"type":"Point","coordinates":[-36.3394967,-6.5110787]},"properties":{"osm_id":1286636186,"osm_type":"way","nome":"Escola Municipal de Ensino Fundamental Severino Ramos da Nóbrega","operador":"Secretaria Municipal de Educação de Picuí","operador_tipo":"public","nivel":null,"municipio_cod":"2511400","municipio":"Picuí"}},{"type":"Feature","geometry":{"type":"Point","coordinates":[-35.9374734,-7.2581607]},"properties":{"osm_id":1290170927,"osm_type":"way","nome":"Centro Educacinal Desenvolver","operador":null,"operador_tipo":null,"nivel":null,"municipio_cod":"2504009","municipio":"Campina Grande"}},{"type":"Feature","geometry":{"type":"Point","coordinates":[-36.4659521,-6.7550866]},"properties":{"osm_id":1291351227,"osm_type":"way","nome":"Escola Municipal de Ensino Fundamental Maria Elenita Vasconcelos Carvalho","operador":"Secretaria Municipal de Educação de Pedra Lavrada","operador_tipo":"public","nivel":null,"municipio_cod":"2511103","municipio":"Pedra Lavrada"}},{"type":"Feature","geometry":{"type":"Point","coordinates":[-36.4695457,-6.7567477]},"properties":{"osm_id":1291368872,"osm_type":"way","nome":"Escola Cidadã Integral Graciliano Fontini Lordão","operador":"Secretaria de Educação do Estado da Paraíba","operador_tipo":"public","nivel":null,"municipio_cod":"2511103","municipio":"Pedra Lavrada"}},{"type":"Feature","geometry":{"type":"Point","coordinates":[-36.4709196,-6.7523837]},"properties":{"osm_id":1291368875,"osm_type":"way","nome":"Escola Municipal de Ensino Fundamental Marildes do Socorro Lucena Cordeiro","operador":"Secretaria Municipal de Educação de Pedra Lavrada","operador_tipo":"public","nivel":null,"municipio_cod":"2511103","municipio":"Pedra Lavrada"}},{"type":"Feature","geometry":{"type":"Point","coordinates":[-36.2674822,-6.7333787]},"properties":{"osm_id":1291506217,"osm_type":"way","nome":"Escola Municipal de Ensino Fundamental Santa Ana Albuquerque","operador":"Secretaria Municipal de Educação de Pedra Lavrada","operador_tipo":null,"nivel":null,"municipio_cod":"2511103","municipio":"Pedra Lavrada"}},{"type":"Feature","geometry":{"type":"Point","coordinates":[-36.2678226,-6.7310139]},"properties":{"osm_id":1291506221,"osm_type":"way","nome":"Escola Estadual de Ensino Fundamental e Médio Matilde de Melo Azevedo","operador":null,"operador_tipo":null,"nivel":null,"municipio_cod":"2511103","municipio":"Pedra Lavrada"}},{"type":"Feature","geometry":{"type":"Point","coordinates":[-34.9631084,-7.1527754]},"properties":{"osm_id":1294971987,"osm_type":"way","nome":"Escola Estadual de Ensino Fundamental José Mariano","operador":"Governo do Estado da Paraíba","operador_tipo":"government","nivel":null,"municipio_cod":"2513703","municipio":"Santa Rita"}},{"type":"Feature","geometry":{"type":"Point","coordinates":[-34.9665501,-7.1479682]},"properties":{"osm_id":1294971988,"osm_type":"way","nome":"Escola Estadual de Ensino Médio Professora Maria de Lourdes Araújo","operador":"Governo do Estado da Paraíba","operador_tipo":"government","nivel":null,"municipio_cod":"2513703","municipio":"Santa Rita"}},{"type":"Feature","geometry":{"type":"Point","coordinates":[-36.722522,-7.0709282]},"properties":{"osm_id":1300983848,"osm_type":"way","nome":"Escola Municipal Professor Evandir Gonçalves de Oliveira","operador":null,"operador_tipo":null,"nivel":null,"municipio_cod":"2501351","municipio":"Assunção"}},{"type":"Feature","geometry":{"type":"Point","coordinates":[-37.2853953,-7.0117389]},"properties":{"osm_id":1300989283,"osm_type":"way","nome":"Centro Educacional Millennium","operador":null,"operador_tipo":null,"nivel":null,"municipio_cod":"2510808","municipio":"Patos"}},{"type":"Feature","geometry":{"type":"Point","coordinates":[-35.228675,-7.0928015]},"properties":{"osm_id":1305427028,"osm_type":"way","nome":"Escola Cidadã Integral Técnica - Monsenhor Odilon Alves Pedrosa","operador":null,"operador_tipo":null,"nivel":null,"municipio_cod":"2515302","municipio":"Sapé"}},{"type":"Feature","geometry":{"type":"Point","coordinates":[-35.2303743,-7.0919739]},"properties":{"osm_id":1305427029,"osm_type":"way","nome":"Escola Estadual de Ensino Fundamental - Stella da Cunha Santos","operador":null,"operador_tipo":null,"nivel":null,"municipio_cod":"2515302","municipio":"Sapé"}},{"type":"Feature","geometry":{"type":"Point","coordinates":[-35.2319831,-7.0913528]},"properties":{"osm_id":1305427030,"osm_type":"way","nome":"Escola Municipal de Ensino Fundamental - Ignacio Ribeiro Coutinho","operador":null,"operador_tipo":null,"nivel":null,"municipio_cod":"2515302","municipio":"Sapé"}},{"type":"Feature","geometry":{"type":"Point","coordinates":[-35.2669838,-6.7180814]},"properties":{"osm_id":1318475774,"osm_type":"way","nome":null,"operador":null,"operador_tipo":null,"nivel":null,"municipio_cod":"2505279","municipio":"Curral de Cima"}},{"type":"Feature","geometry":{"type":"Point","coordinates":[-35.2385986,-6.7201663]},"properties":{"osm_id":1318475782,"osm_type":"way","nome":null,"operador":null,"operador_tipo":null,"nivel":null,"municipio_cod":"2505279","municipio":"Curral de Cima"}},{"type":"Feature","geometry":{"type":"Point","coordinates":[-37.3179878,-7.0313547]},"properties":{"osm_id":1319004637,"osm_type":"way","nome":"Escola Municipal Sady e Ágaba","operador":null,"operador_tipo":null,"nivel":null,"municipio_cod":"2510808","municipio":"Patos"}},{"type":"Feature","geometry":{"type":"Point","coordinates":[-35.3473665,-6.7503403]},"properties":{"osm_id":1320122787,"osm_type":"way","nome":null,"operador":null,"operador_tipo":null,"nivel":null,"municipio_cod":"2505279","municipio":"Curral de Cima"}},{"type":"Feature","geometry":{"type":"Point","coordinates":[-35.0976636,-7.3961069]},"properties":{"osm_id":1322717667,"osm_type":"way","nome":"Escola Municipal Santo Antônio","operador":null,"operador_tipo":null,"nivel":null,"municipio_cod":"2511202","municipio":"Pedras de Fogo"}},{"type":"Feature","geometry":{"type":"Point","coordinates":[-36.9401117,-7.3768166]},"properties":{"osm_id":1337989225,"osm_type":"way","nome":"Escola Municipal Prefeito Rivaldo Vilar de Carvalho","operador":null,"operador_tipo":null,"nivel":null,"municipio_cod":"2508505","municipio":"Livramento"}},{"type":"Feature","geometry":{"type":"Point","coordinates":[-36.1591279,-6.4881301]},"properties":{"osm_id":1346367980,"osm_type":"way","nome":"Creche Municipal Manoel Soares da Costa (Nezito)","operador":null,"operador_tipo":"public","nivel":null,"municipio_cod":"2505105","municipio":"Cuité"}},{"type":"Feature","geometry":{"type":"Point","coordinates":[-36.1362397,-6.5886674]},"properties":{"osm_id":1354950857,"osm_type":"way","nome":"Escola Municipal de Ensino Fundamental Professora Alice Cunha Dantas","operador":"Secretaria Municipal de Educação de Cuité","operador_tipo":"government","nivel":null,"municipio_cod":"2505105","municipio":"Cuité"}},{"type":"Feature","geometry":{"type":"Point","coordinates":[-35.880392,-7.228471]},"properties":{"osm_id":1372369442,"osm_type":"way","nome":"Escola Adventista de Campina Grande","operador":null,"operador_tipo":null,"nivel":null,"municipio_cod":"2504009","municipio":"Campina Grande"}},{"type":"Feature","geometry":{"type":"Point","coordinates":[-35.8746496,-7.2117608]},"properties":{"osm_id":1379011683,"osm_type":"way","nome":"Lourdinas","operador":null,"operador_tipo":null,"nivel":null,"municipio_cod":"2504009","municipio":"Campina Grande"}},{"type":"Feature","geometry":{"type":"Point","coordinates":[-38.4876656,-7.0416165]},"properties":{"osm_id":1381249527,"osm_type":"way","nome":"EMEIF Clemídia Pereira de Negreiros","operador":null,"operador_tipo":null,"nivel":null,"municipio_cod":"2514503","municipio":"São José de Piranhas"}},{"type":"Feature","geometry":{"type":"Point","coordinates":[-38.3964178,-7.0146089]},"properties":{"osm_id":1381464468,"osm_type":"way","nome":null,"operador":null,"operador_tipo":null,"nivel":null,"municipio_cod":"2514503","municipio":"São José de Piranhas"}},{"type":"Feature","geometry":{"type":"Point","coordinates":[-37.3296869,-7.0779745]},"properties":{"osm_id":1385590770,"osm_type":"way","nome":null,"operador":null,"operador_tipo":null,"nivel":null,"municipio_cod":"2510808","municipio":"Patos"}},{"type":"Feature","geometry":{"type":"Point","coordinates":[-37.913804,-6.5898269]},"properties":{"osm_id":1408654981,"osm_type":"way","nome":"EEEFM MONS VALERIANO PEREIRA","operador":null,"operador_tipo":null,"nivel":null,"municipio_cod":"2508109","municipio":"Lagoa"}},{"type":"Feature","geometry":{"type":"Point","coordinates":[-37.9170589,-6.5910231]},"properties":{"osm_id":1408655136,"osm_type":"way","nome":"EEEFM Frei Bruno","operador":null,"operador_tipo":null,"nivel":null,"municipio_cod":"2508109","municipio":"Lagoa"}},{"type":"Feature","geometry":{"type":"Point","coordinates":[-35.8701844,-7.1044756]},"properties":{"osm_id":1410207972,"osm_type":"way","nome":"monsenhor jose borges","operador":null,"operador_tipo":null,"nivel":null,"municipio_cod":"2515104","municipio":"São Sebastião de Lagoa de Roça"}},{"type":"Feature","geometry":{"type":"Point","coordinates":[-35.8854476,-7.2185941]},"properties":{"osm_id":1420444411,"osm_type":"way","nome":"Colégio Alfredo Dantas","operador":null,"operador_tipo":null,"nivel":null,"municipio_cod":"2504009","municipio":"Campina Grande"}},{"type":"Feature","geometry":{"type":"Point","coordinates":[-35.8723449,-7.2054997]},"properties":{"osm_id":1421215830,"osm_type":"way","nome":"Motiva Campus","operador":null,"operador_tipo":null,"nivel":null,"municipio_cod":"2504009","municipio":"Campina Grande"}},{"type":"Feature","geometry":{"type":"Point","coordinates":[-35.4402688,-6.7517663]},"properties":{"osm_id":1426691470,"osm_type":"way","nome":null,"operador":null,"operador_tipo":null,"nivel":null,"municipio_cod":"2515930","municipio":"Sertãozinho"}},{"type":"Feature","geometry":{"type":"Point","coordinates":[-36.046443,-6.7340247]},"properties":{"osm_id":1428164371,"osm_type":"way","nome":null,"operador":null,"operador_tipo":null,"nivel":null,"municipio_cod":"2501609","municipio":"Barra de Santa Rosa"}},{"type":"Feature","geometry":{"type":"Point","coordinates":[-37.3680946,-7.331055]},"properties":{"osm_id":1429002761,"osm_type":"way","nome":"EMEF MANOEL MACHADO DA COSTA","operador":null,"operador_tipo":null,"nivel":null,"municipio_cod":"2509396","municipio":"Maturéia"}},{"type":"Feature","geometry":{"type":"Point","coordinates":[-37.3261293,-7.2331002]},"properties":{"osm_id":1434449365,"osm_type":"way","nome":null,"operador":null,"operador_tipo":null,"nivel":null,"municipio_cod":"2509396","municipio":"Maturéia"}},{"type":"Feature","geometry":{"type":"Point","coordinates":[-37.3259453,-7.2329437]},"properties":{"osm_id":1434449366,"osm_type":"way","nome":null,"operador":null,"operador_tipo":null,"nivel":null,"municipio_cod":"2509396","municipio":"Maturéia"}},{"type":"Feature","geometry":{"type":"Point","coordinates":[-37.3259037,-7.2331523]},"properties":{"osm_id":1434449367,"osm_type":"way","nome":null,"operador":null,"operador_tipo":null,"nivel":null,"municipio_cod":"2509396","municipio":"Maturéia"}},{"type":"Feature","geometry":{"type":"Point","coordinates":[-37.3131723,-7.272701]},"properties":{"osm_id":1442882940,"osm_type":"way","nome":null,"operador":null,"operador_tipo":null,"nivel":null,"municipio_cod":"2509396","municipio":"Maturéia"}},{"type":"Feature","geometry":{"type":"Point","coordinates":[-37.7440286,-6.341371]},"properties":{"osm_id":1443361229,"osm_type":"way","nome":"Centro de Catequese e Pastoral Leão XIII","operador":null,"operador_tipo":null,"nivel":null,"municipio_cod":"2504306","municipio":"Catolé do Rocha"}},{"type":"Feature","geometry":{"type":"Point","coordinates":[-37.7481025,-6.3493579]},"properties":{"osm_id":1443361239,"osm_type":"way","nome":"Colégio Estadual de Catole do Rocha","operador":null,"operador_tipo":null,"nivel":null,"municipio_cod":"2504306","municipio":"Catolé do Rocha"}},{"type":"Feature","geometry":{"type":"Point","coordinates":[-37.7451386,-6.3472374]},"properties":{"osm_id":1443361253,"osm_type":"way","nome":"Colégio Técnico Dom Vital","operador":null,"operador_tipo":null,"nivel":null,"municipio_cod":"2504306","municipio":"Catolé do Rocha"}},{"type":"Feature","geometry":{"type":"Point","coordinates":[-35.8817571,-7.215486]},"properties":{"osm_id":1443619566,"osm_type":"way","nome":"Escola Estadual Cidadã Integral Sólon de Lucena","operador":"Secretaria Estadual de Educação da Paraíba","operador_tipo":"public","nivel":"school","municipio_cod":"2504009","municipio":"Campina Grande"}},{"type":"Feature","geometry":{"type":"Point","coordinates":[-37.3465334,-7.2657973]},"properties":{"osm_id":1444568899,"osm_type":"way","nome":"ECI Antônio Moacir Dantas Cavalcanti","operador":null,"operador_tipo":null,"nivel":null,"municipio_cod":"2509396","municipio":"Maturéia"}},{"type":"Feature","geometry":{"type":"Point","coordinates":[-37.3397271,-7.266372]},"properties":{"osm_id":1445457971,"osm_type":"way","nome":"EMEF Eduardo Dantas Wanderley","operador":null,"operador_tipo":null,"nivel":null,"municipio_cod":"2509396","municipio":"Maturéia"}},{"type":"Feature","geometry":{"type":"Point","coordinates":[-34.9221519,-6.7794053]},"properties":{"osm_id":1448164093,"osm_type":"way","nome":null,"operador":null,"operador_tipo":null,"nivel":"school","municipio_cod":"2512903","municipio":"Rio Tinto"}},{"type":"Feature","geometry":{"type":"Point","coordinates":[-37.3224323,-7.2480847]},"properties":{"osm_id":1450105651,"osm_type":"way","nome":null,"operador":null,"operador_tipo":null,"nivel":"school","municipio_cod":"2509396","municipio":"Maturéia"}},{"type":"Feature","geometry":{"type":"Point","coordinates":[-37.3153745,-7.2872121]},"properties":{"osm_id":1451433421,"osm_type":"way","nome":null,"operador":null,"operador_tipo":null,"nivel":"school","municipio_cod":"2509396","municipio":"Maturéia"}},{"type":"Feature","geometry":{"type":"Point","coordinates":[-37.3122943,-7.2530656]},"properties":{"osm_id":1451483057,"osm_type":"way","nome":null,"operador":null,"operador_tipo":null,"nivel":"school","municipio_cod":"2509396","municipio":"Maturéia"}},{"type":"Feature","geometry":{"type":"Point","coordinates":[-37.3178032,-7.2285271]},"properties":{"osm_id":1453407831,"osm_type":"way","nome":null,"operador":null,"operador_tipo":null,"nivel":"school","municipio_cod":"2516706","municipio":"Teixeira"}},{"type":"Feature","geometry":{"type":"Point","coordinates":[-37.3177024,-7.2285235]},"properties":{"osm_id":1453407832,"osm_type":"way","nome":null,"operador":null,"operador_tipo":null,"nivel":"school","municipio_cod":"2516706","municipio":"Teixeira"}},{"type":"Feature","geometry":{"type":"Point","coordinates":[-35.8938494,-7.2942462]},"properties":{"osm_id":1457220358,"osm_type":"way","nome":"Escola Municipal Terturliano Maciel","operador":null,"operador_tipo":null,"nivel":"school","municipio_cod":"2512507","municipio":"Queimadas"}},{"type":"Feature","geometry":{"type":"Point","coordinates":[-38.6043424,-6.6236765]},"properties":{"osm_id":1465608582,"osm_type":"way","nome":null,"operador":null,"operador_tipo":null,"nivel":"school","municipio_cod":"2516805","municipio":"Triunfo"}},{"type":"Feature","geometry":{"type":"Point","coordinates":[-37.3797629,-7.2832639]},"properties":{"osm_id":1471093257,"osm_type":"way","nome":null,"operador":null,"operador_tipo":null,"nivel":"school","municipio_cod":"2509396","municipio":"Maturéia"}},{"type":"Feature","geometry":{"type":"Point","coordinates":[-34.8726066,-7.1270741]},"properties":{"osm_id":1473680252,"osm_type":"way","nome":"Escola Sesc Dom Ulrico","operador":"Serviço Social do Comércio","operador_tipo":"private_non_profit","nivel":"school","municipio_cod":"2507507","municipio":"João Pessoa"}},{"type":"Feature","geometry":{"type":"Point","coordinates":[-35.9048995,-7.3675816]},"properties":{"osm_id":1486723203,"osm_type":"way","nome":"Escola Santa Maria","operador":null,"operador_tipo":null,"nivel":"school","municipio_cod":"2512507","municipio":"Queimadas"}},{"type":"Feature","geometry":{"type":"Point","coordinates":[-35.9048464,-7.3661652]},"properties":{"osm_id":1487025631,"osm_type":"way","nome":null,"operador":null,"operador_tipo":null,"nivel":"school","municipio_cod":"2512507","municipio":"Queimadas"}},{"type":"Feature","geometry":{"type":"Point","coordinates":[-38.5567494,-6.8869]},"properties":{"osm_id":1492792834,"osm_type":"way","nome":"Colégio Nossa Senhora do Carmo","operador":null,"operador_tipo":null,"nivel":"school","municipio_cod":"2503704","municipio":"Cajazeiras"}},{"type":"Feature","geometry":{"type":"Point","coordinates":[-35.8194423,-6.5808957]},"properties":{"osm_id":1502514793,"osm_type":"way","nome":"EMEF Senador Ruy Carneiro","operador":null,"operador_tipo":null,"nivel":"school","municipio_cod":"2503506","municipio":"Cacimba de Dentro"}},{"type":"Feature","geometry":{"type":"Point","coordinates":[-35.8054401,-6.6488642]},"properties":{"osm_id":1502795791,"osm_type":"way","nome":"EMEF Basílio Trindade de Sena","operador":null,"operador_tipo":null,"nivel":"school","municipio_cod":"2503506","municipio":"Cacimba de Dentro"}},{"type":"Feature","geometry":{"type":"Point","coordinates":[-36.8926193,-7.6594958]},"properties":{"osm_id":1502895380,"osm_type":"way","nome":"Escola Agrícola","operador":null,"operador_tipo":null,"nivel":"school","municipio_cod":"2516300","municipio":"Sumé"}},{"type":"Feature","geometry":{"type":"Point","coordinates":[-35.9003387,-7.3619166]},"properties":{"osm_id":1505414757,"osm_type":"way","nome":"Colégio Menino Jesus","operador":null,"operador_tipo":null,"nivel":"school","municipio_cod":"2512507","municipio":"Queimadas"}},{"type":"Feature","geometry":{"type":"Point","coordinates":[-35.8994041,-7.3618363]},"properties":{"osm_id":1505414758,"osm_type":"way","nome":"EEEF José Tavares","operador":null,"operador_tipo":null,"nivel":"school","municipio_cod":"2512507","municipio":"Queimadas"}},{"type":"Feature","geometry":{"type":"Point","coordinates":[-35.9031139,-7.3639138]},"properties":{"osm_id":1505414763,"osm_type":"way","nome":"E.M.E.F. Professor José Miranda","operador":null,"operador_tipo":null,"nivel":"school","municipio_cod":"2512507","municipio":"Queimadas"}},{"type":"Feature","geometry":{"type":"Point","coordinates":[-34.8695155,-7.1815583]},"properties":{"osm_id":1540239977,"osm_type":"way","nome":"Instituto de Educação Doce Mãe de Deus","operador":"Comunidade Doce Mãe de Deus","operador_tipo":"religious","nivel":"school","municipio_cod":"2507507","municipio":"João Pessoa"}},{"type":"Feature","geometry":{"type":"Point","coordinates":[-34.9865108,-7.1340217]},"properties":{"osm_id":1552182905,"osm_type":"way","nome":"EMEF Índio Piragibe","operador":null,"operador_tipo":null,"nivel":null,"municipio_cod":"2513703","municipio":"Santa Rita"}},{"type":"Feature","geometry":{"type":"Point","coordinates":[-34.876074,-7.1217651]},"properties":{"osm_id":3629655,"osm_type":"relation","nome":"Escola Estadual Profª. Argentina Pereira Gomes","operador":null,"operador_tipo":null,"nivel":null,"municipio_cod":"2507507","municipio":"João Pessoa"}},{"type":"Feature","geometry":{"type":"Point","coordinates":[-34.8929019,-7.150069]},"properties":{"osm_id":10396889,"osm_type":"relation","nome":null,"operador":null,"operador_tipo":null,"nivel":null,"municipio_cod":"2507507","municipio":"João Pessoa"}},{"type":"Feature","geometry":{"type":"Point","coordinates":[-35.6252628,-7.0447166]},"properties":{"osm_id":12211836,"osm_type":"relation","nome":"Escola de Demonstração de Alagoa Grande","operador":null,"operador_tipo":null,"nivel":null,"municipio_cod":"2500304","municipio":"Alagoa Grande"}},{"type":"Feature","geometry":{"type":"Point","coordinates":[-35.6244172,-7.0446904]},"properties":{"osm_id":12211837,"osm_type":"relation","nome":"Escola Normal Estadual de Alagoa Grande","operador":null,"operador_tipo":null,"nivel":null,"municipio_cod":"2500304","municipio":"Alagoa Grande"}},{"type":"Feature","geometry":{"type":"Point","coordinates":[-34.8566534,-7.0774552]},"properties":{"osm_id":12847538,"osm_type":"relation","nome":null,"operador":null,"operador_tipo":null,"nivel":null,"municipio_cod":"2503209","municipio":"Cabedelo"}},{"type":"Feature","geometry":{"type":"Point","coordinates":[-36.9282951,-6.8729771]},"properties":{"osm_id":14904403,"osm_type":"relation","nome":"EMEIEF Ana Brito de Figueirêdo","operador":null,"operador_tipo":null,"nivel":null,"municipio_cod":"2513406","municipio":"Santa Luzia"}},{"type":"Feature","geometry":{"type":"Point","coordinates":[-36.9283357,-6.8730229]},"properties":{"osm_id":14904404,"osm_type":"relation","nome":null,"operador":null,"operador_tipo":null,"nivel":null,"municipio_cod":"2513406","municipio":"Santa Luzia"}}]}