{"type":"FeatureCollection","features":[{"type":"Feature","properties":{"cota":800,"indice":false},"geometry":{"type":"MultiLineString","coordinates":[[[-38.23071,-7.81379],[-38.22796,-7.81422],[-38.22675,-7.81951],[-38.23123,-7.82424]],[[-38.25789,-7.83066],[-38.25474,-7.82852],[-38.24924,-7.83022],[-38.24512,-7.82726],[-38.24165,-7.82767],[-38.24162,-7.81883],[-38.23483,-7.81869],[-38.23071,-7.81379]]]}},{"type":"Feature","properties":{"cota":800,"indice":false},"geometry":{"type":"LineString","coordinates":[[-38.28358,-7.82218],[-38.2811,-7.82291],[-38.28289,-7.82679],[-38.2862,-7.82427],[-38.28358,-7.82218]]}},{"type":"Feature","properties":{"cota":1100,"indice":false},"geometry":{"type":"MultiLineString","coordinates":[[[-38.10986,-7.81935],[-38.10644,-7.82289]],[[-38.11627,-7.82251],[-38.10986,-7.81935]]]}},{"type":"Feature","properties":{"cota":900,"indice":false},"geometry":{"type":"MultiLineString","coordinates":[[[-38.19157,-7.77045],[-38.18264,-7.77274],[-38.17989,-7.78004],[-38.16753,-7.77847],[-38.16453,-7.78022]],[[-38.19916,-7.80488],[-38.19994,-7.80046],[-38.19611,-7.79366],[-38.19813,-7.78753],[-38.19739,-7.77869],[-38.19546,-7.77257],[-38.19157,-7.77045]]]}},{"type":"Feature","properties":{"cota":1100,"indice":false},"geometry":{"type":"LineString","coordinates":[[-38.06827,-7.82429],[-38.06615,-7.81866]]}},{"type":"Feature","properties":{"cota":1100,"indice":false},"geometry":{"type":"MultiLineString","coordinates":[[[-38.07376,-7.80809],[-38.0761,-7.8059],[-38.07674,-7.80046],[-38.07371,-7.79462]],[[-38.0736,-7.79402],[-38.0736,-7.7929]]]}},{"type":"Feature","properties":{"cota":1100,"indice":false},"geometry":{"type":"MultiLineString","coordinates":[[[-38.06522,-7.75891],[-38.06309,-7.75964],[-38.06553,-7.7644],[-38.06494,-7.7694]],[[-38.06977,-7.77277],[-38.06766,-7.761],[-38.06522,-7.75891]]]}},{"type":"Feature","properties":{"cota":1100,"indice":false},"geometry":{"type":"LineString","coordinates":[[-38.05973,-7.75279],[-38.05811,-7.7542],[-38.05973,-7.75608],[-38.05973,-7.75279]]}},{"type":"Feature","properties":{"cota":1000,"indice":true},"geometry":{"type":"MultiLineString","coordinates":[[[-38.06385,-7.74735],[-38.05551,-7.74943],[-38.05248,-7.75352],[-38.06161,-7.76729]],[[-38.12594,-7.81028],[-38.12521,-7.80386],[-38.11878,-7.799],[-38.11398,-7.80481],[-38.10762,-7.80522],[-38.10803,-7.81338],[-38.1023,-7.81206],[-38.09406,-7.82204],[-38.07827,-7.82883],[-38.07232,-7.82359],[-38.07139,-7.81611],[-38.08103,-7.8059],[-38.08107,-7.7991],[-38.07652,-7.7923],[-38.08042,-7.78617],[-38.07298,-7.77461],[-38.07291,-7.75692],[-38.07072,-7.75437],[-38.06591,-7.75397],[-38.06385,-7.74735]]]}},{"type":"Feature","properties":{"cota":900,"indice":false},"geometry":{"type":"MultiLineString","coordinates":[[[-38.11604,-7.73032],[-38.11433,-7.73106],[-38.11321,-7.73651],[-38.10917,-7.73799],[-38.11004,-7.7576],[-38.10739,-7.76236],[-38.11414,-7.76848],[-38.11175,-7.77393],[-38.11618,-7.78413],[-38.12084,-7.79012],[-38.1304,-7.79502],[-38.12565,-7.79915],[-38.11672,-7.79416],[-38.11192,-7.80127],[-38.10505,-7.80381],[-38.10396,-7.80794],[-38.10093,-7.80875],[-38.09366,-7.81815],[-38.08857,-7.8212],[-38.07964,-7.8246],[-38.07484,-7.82199],[-38.07346,-7.81883],[-38.07758,-7.8125],[-38.08719,-7.80386],[-38.08104,-7.79366],[-38.08373,-7.78821],[-38.0831,-7.78209],[-38.07927,-7.77937],[-38.07644,-7.77257],[-38.07732,-7.76644],[-38.07586,-7.76168],[-38.08002,-7.7542],[-38.07415,-7.75028],[-38.06866,-7.7503],[-38.06858,-7.74195],[-38.06385,-7.73712],[-38.06248,-7.74137],[-38.05012,-7.75045],[-38.04948,-7.75488],[-38.05128,-7.75836]],[[-38.16065,-7.78051],[-38.14968,-7.77473],[-38.14487,-7.77898],[-38.14033,-7.77325],[-38.12075,-7.76712],[-38.11947,-7.76121],[-38.12304,-7.7542],[-38.11998,-7.74467],[-38.12437,-7.73583],[-38.11604,-7.73032]]]}},{"type":"Feature","properties":{"cota":1000,"indice":true},"geometry":{"type":"MultiLineString","coordinates":[[[-38.18745,-7.78041],[-38.18127,-7.78325],[-38.17577,-7.78216],[-38.16924,-7.7847]],[[-38.19655,-7.80328],[-38.193,-7.79706],[-38.19472,-7.78549],[-38.18745,-7.78041]]]}},{"type":"Feature","properties":{"cota":800,"indice":false},"geometry":{"type":"LineString","coordinates":[[-38.22727,-7.79976],[-38.22521,-7.79969],[-38.22315,-7.80476],[-38.21917,-7.80318],[-38.21903,-7.80689],[-38.22796,-7.80836],[-38.22965,-7.8025],[-38.22727,-7.79976]]}},{"type":"Feature","properties":{"cota":1000,"indice":true},"geometry":{"type":"MultiLineString","coordinates":[[[-38.15243,-7.77915],[-38.14938,-7.78244]],[[-38.15432,-7.7816],[-38.15243,-7.77915]]]}},{"type":"Feature","properties":{"cota":1000,"indice":true},"geometry":{"type":"MultiLineString","coordinates":[[[-38.12016,-7.76973],[-38.11759,-7.77053],[-38.11696,-7.77665],[-38.12153,-7.78579],[-38.13183,-7.7857],[-38.13648,-7.79072]],[[-38.14492,-7.78321],[-38.13457,-7.77446],[-38.12016,-7.76973]]]}},{"type":"Feature","properties":{"cota":1100,"indice":false},"geometry":{"type":"LineString","coordinates":[[-38.12702,-7.77585],[-38.12222,-7.77597],[-38.12428,-7.78012],[-38.13198,-7.78073],[-38.12702,-7.77585]]}},{"type":"Feature","properties":{"cota":800,"indice":false},"geometry":{"type":"MultiLineString","coordinates":[[[-38.10162,-7.64798],[-38.09759,-7.64873],[-38.10024,-7.65434],[-38.09269,-7.653],[-38.08514,-7.64857],[-38.08172,-7.65145],[-38.09712,-7.66438],[-38.1052,-7.66642],[-38.10549,-7.67118],[-38.11329,-7.67383],[-38.11854,-7.67867],[-38.12125,-7.6882],[-38.12937,-7.6916],[-38.12568,-7.69568],[-38.12496,-7.70402],[-38.12165,-7.695],[-38.11849,-7.695],[-38.12147,-7.70861],[-38.11947,-7.71376],[-38.11277,-7.70793],[-38.10986,-7.69444],[-38.10711,-7.69369],[-38.1035,-7.69704],[-38.10436,-7.70077],[-38.11069,-7.70793],[-38.10986,-7.72068],[-38.1181,-7.72152],[-38.12025,-7.72494],[-38.11192,-7.72505],[-38.10427,-7.73515],[-38.10657,-7.74263],[-38.10296,-7.76304],[-38.1078,-7.76916],[-38.10811,-7.78005],[-38.11535,-7.78933],[-38.09475,-7.81179],[-38.08994,-7.81506],[-38.08514,-7.81574],[-38.09362,-7.80658],[-38.09172,-7.79978],[-38.09612,-7.79917],[-38.09893,-7.7957],[-38.09251,-7.78753],[-38.09132,-7.77475],[-38.08445,-7.77468],[-38.08249,-7.77121],[-38.08283,-7.76644],[-38.08039,-7.761],[-38.08767,-7.75692],[-38.08798,-7.75488],[-38.08308,-7.74937],[-38.07415,-7.74378],[-38.06797,-7.73379],[-38.06316,-7.73146],[-38.05149,-7.74494],[-38.04436,-7.74603],[-38.04718,-7.75476]],[[-38.20791,-7.80907],[-38.20442,-7.80658],[-38.20367,-7.79978],[-38.20097,-7.79502],[-38.20132,-7.78753],[-38.19706,-7.76331],[-38.19318,-7.76304],[-38.19088,-7.76609],[-38.18127,-7.76923],[-38.17715,-7.77476],[-38.16341,-7.77602],[-38.12428,-7.76456],[-38.12821,-7.7542],[-38.12496,-7.74555],[-38.12702,-7.74412],[-38.12977,-7.74677],[-38.13389,-7.74704],[-38.13685,-7.74331],[-38.13548,-7.73242],[-38.13741,-7.7263],[-38.1352,-7.7229],[-38.13318,-7.70725],[-38.13462,-7.70181],[-38.13964,-7.69636],[-38.142,-7.69024],[-38.14968,-7.69409],[-38.15516,-7.68615],[-38.14604,-7.67731],[-38.14546,-7.6705],[-38.14281,-7.66656],[-38.14075,-7.66638],[-38.13979,-7.66846],[-38.14475,-7.67731],[-38.14213,-7.67954],[-38.13273,-7.67118],[-38.12496,-7.65993],[-38.11938,-7.65962],[-38.11847,-7.65281],[-38.10162,-7.64798]]]}},{"type":"Feature","properties":{"cota":800,"indice":false},"geometry":{"type":"LineString","coordinates":[[-38.09544,-7.7649],[-38.09031,-7.76916],[-38.09132,-7.77458],[-38.09695,-7.77121],[-38.09751,-7.76712],[-38.09544,-7.7649]]}},{"type":"Feature","properties":{"cota":700,"indice":false},"geometry":{"type":"MultiLineString","coordinates":[[[-38.0508,-7.62867],[-38.04505,-7.63376],[-38.05181,-7.65417],[-38.05206,-7.66098],[-38.05788,-7.66438],[-38.05877,-7.67935],[-38.0508,-7.68143],[-38.0405,-7.67256],[-38.03533,-7.67459],[-38.03707,-7.68288],[-38.0302,-7.67881],[-38.0271,-7.68071],[-38.03158,-7.68754],[-38.04316,-7.69772],[-38.0435,-7.70453],[-38.05012,-7.71015],[-38.05561,-7.70971],[-38.05086,-7.72018],[-38.06248,-7.72335],[-38.06592,-7.72698],[-38.05698,-7.72475],[-38.04937,-7.72698],[-38.0481,-7.72902],[-38.05027,-7.73379],[-38.04292,-7.73379],[-38.03501,-7.73851],[-38.03558,-7.74331],[-38.03046,-7.74603],[-38.03168,-7.74949]],[[-38.29781,-7.81253],[-38.29789,-7.8115]],[[-38.2983,-7.80623],[-38.29594,-7.8027],[-38.29113,-7.80694],[-38.2877,-7.80679],[-38.28603,-7.80454],[-38.28674,-7.79978],[-38.28495,-7.79841],[-38.28403,-7.80454],[-38.27661,-7.80658],[-38.28162,-7.81407],[-38.27396,-7.81765],[-38.26092,-7.81787],[-38.2622,-7.81134],[-38.26023,-7.80936],[-38.25767,-7.81066],[-38.25738,-7.81475],[-38.24924,-7.81855],[-38.24444,-7.81245],[-38.23757,-7.8128],[-38.2357,-7.81066],[-38.23551,-7.80854],[-38.241,-7.80788],[-38.24512,-7.81039],[-38.24824,-7.80794],[-38.24581,-7.80474],[-38.24249,-7.79162],[-38.23535,-7.78481],[-38.23719,-7.77869],[-38.24581,-7.77891],[-38.24771,-7.77325],[-38.2465,-7.77207],[-38.24169,-7.77537],[-38.23647,-7.77189],[-38.23292,-7.76032],[-38.22899,-7.75556],[-38.23474,-7.75284],[-38.22998,-7.74671],[-38.2394,-7.74671],[-38.23757,-7.73959],[-38.23292,-7.73787],[-38.23499,-7.73447],[-38.24444,-7.73303],[-38.24718,-7.72983],[-38.25254,-7.72834],[-38.24826,-7.7229],[-38.24444,-7.72167],[-38.24169,-7.71287],[-38.23895,-7.7113],[-38.2362,-7.71312],[-38.23345,-7.70967],[-38.22658,-7.70861],[-38.23417,-7.70453],[-38.22857,-7.69228],[-38.23315,-7.6916],[-38.23277,-7.68988],[-38.22865,-7.68745],[-38.22275,-7.6882],[-38.22558,-7.69364],[-38.22315,-7.69714],[-38.21927,-7.69364],[-38.21897,-7.68547],[-38.2111,-7.67867],[-38.20873,-7.67376],[-38.20461,-7.6751],[-38.19706,-7.66834],[-38.18503,-7.66574],[-38.18607,-7.67249],[-38.19647,-7.68411],[-38.20257,-7.68684],[-38.19769,-7.69296],[-38.19912,-7.6987],[-38.19245,-7.70385],[-38.19706,-7.70727],[-38.2016,-7.70793],[-38.2016,-7.71133],[-38.19569,-7.71201],[-38.19706,-7.71543],[-38.20464,-7.71746],[-38.20249,-7.7229],[-38.20834,-7.7229],[-38.20655,-7.72902],[-38.21241,-7.73447],[-38.20771,-7.74195],[-38.21642,-7.74943],[-38.21423,-7.75774],[-38.21028,-7.74603],[-38.20599,-7.74668],[-38.20255,-7.73761],[-38.19912,-7.73732],[-38.19775,-7.74535],[-38.19569,-7.74402],[-38.18264,-7.71608],[-38.17983,-7.71746],[-38.17715,-7.72467],[-38.16891,-7.72272],[-38.16492,-7.72834],[-38.16612,-7.73379],[-38.16022,-7.73515],[-38.16362,-7.72902],[-38.16048,-7.7229],[-38.16547,-7.72318],[-38.16711,-7.71678],[-38.16428,-7.71337],[-38.1744,-7.71481],[-38.17819,-7.70929],[-38.17646,-7.70081],[-38.17303,-7.70623],[-38.17048,-7.70521],[-38.16835,-7.69704],[-38.17133,-7.6916],[-38.16753,-7.68759],[-38.16204,-7.68561],[-38.15457,-7.67186],[-38.15433,-7.66778],[-38.14651,-7.66098],[-38.14625,-7.65866],[-38.15311,-7.66057],[-38.1641,-7.66707],[-38.15174,-7.63803],[-38.14831,-7.64157],[-38.13938,-7.63971],[-38.13046,-7.63329],[-38.12702,-7.63337],[-38.12666,-7.6358],[-38.13187,-7.646],[-38.12878,-7.65077],[-38.12565,-7.652],[-38.1229,-7.65114],[-38.12087,-7.64737],[-38.12153,-7.64211],[-38.11702,-7.64669],[-38.11054,-7.64793],[-38.09666,-7.64328],[-38.09406,-7.63694],[-38.08926,-7.63442],[-38.08776,-7.63444],[-38.0875,-7.63716],[-38.08239,-7.63888],[-38.07278,-7.63233],[-38.07325,-7.64464],[-38.07792,-7.64737],[-38.07642,-7.65349],[-38.08396,-7.65962],[-38.08636,-7.66438],[-38.07741,-7.66574],[-38.0826,-7.66846],[-38.08239,-7.67226],[-38.08877,-7.67255],[-38.08974,-7.67595],[-38.0856,-7.67935],[-38.09289,-7.68411],[-38.08523,-7.68956],[-38.0817,-7.69478],[-38.07991,-7.69364],[-38.08264,-7.68956],[-38.0818,-7.68615],[-38.07458,-7.68207],[-38.0739,-7.67799],[-38.06706,-7.66982],[-38.06248,-7.6709],[-38.05999,-7.66778],[-38.05959,-7.65894],[-38.06196,-7.65485],[-38.06083,-7.64873],[-38.06248,-7.64124],[-38.05698,-7.63247],[-38.0508,-7.62867]]]}},{"type":"Feature","properties":{"cota":800,"indice":false},"geometry":{"type":"LineString","coordinates":[[-38.19363,-7.75728],[-38.18968,-7.75896],[-38.18917,-7.761],[-38.19294,-7.76171],[-38.19363,-7.75728]]}},{"type":"Feature","properties":{"cota":800,"indice":false},"geometry":{"type":"LineString","coordinates":[[-38.18058,-7.74799],[-38.17665,-7.74875],[-38.1662,-7.75896],[-38.16167,-7.76576],[-38.16341,-7.76966],[-38.16685,-7.77111],[-38.1694,-7.76985],[-38.17447,-7.76032],[-38.18127,-7.75371],[-38.18058,-7.74799]]}},{"type":"Feature","properties":{"cota":1000,"indice":true},"geometry":{"type":"LineString","coordinates":[[-38.11466,-7.74177],[-38.1126,-7.74282],[-38.11116,-7.74807],[-38.11416,-7.75488],[-38.11741,-7.75723],[-38.11945,-7.75352],[-38.11466,-7.74177]]}},{"type":"Feature","properties":{"cota":800,"indice":false},"geometry":{"type":"LineString","coordinates":[[-38.18058,-7.73441],[-38.17783,-7.7339],[-38.17665,-7.73583],[-38.18264,-7.73831],[-38.1831,-7.73583],[-38.18058,-7.73441]]}},{"type":"Feature","properties":{"cota":900,"indice":false},"geometry":{"type":"LineString","coordinates":[[-38.12771,-7.72012],[-38.12453,-7.72086],[-38.12634,-7.72699],[-38.12977,-7.72979],[-38.12771,-7.72012]]}},{"type":"Feature","properties":{"cota":800,"indice":false},"geometry":{"type":"LineString","coordinates":[[-38.14762,-7.70971],[-38.14468,-7.71065],[-38.1419,-7.72018],[-38.14353,-7.7263],[-38.14625,-7.72876],[-38.15037,-7.72853],[-38.15209,-7.7263],[-38.14531,-7.7195],[-38.14923,-7.71133],[-38.14762,-7.70971]]}},{"type":"Feature","properties":{"cota":700,"indice":false},"geometry":{"type":"LineString","coordinates":[[-38.08308,-7.69733],[-38.0891,-7.70113],[-38.0872,-7.70612],[-38.08476,-7.70453],[-38.08308,-7.69733]]}},{"type":"Feature","properties":{"cota":700,"indice":false},"geometry":{"type":"LineString","coordinates":[[-38.19363,-7.68664],[-38.19066,-7.68752],[-38.19061,-7.68956],[-38.19294,-7.68999],[-38.19363,-7.68664]]}},{"type":"Feature","properties":{"cota":800,"indice":false},"geometry":{"type":"LineString","coordinates":[[-38.20805,-7.68126],[-38.20777,-7.68275],[-38.21011,-7.68325],[-38.20805,-7.68126]]}},{"type":"Feature","properties":{"cota":800,"indice":false},"geometry":{"type":"MultiLineString","coordinates":[[[-38.29388,-7.81657],[-38.29113,-7.81635],[-38.28814,-7.81951],[-38.2911,-7.82444]],[[-38.29612,-7.81724],[-38.29388,-7.81657]]]}},{"type":"Feature","properties":{"cota":700,"indice":false},"geometry":{"type":"LineString","coordinates":[[-38.23963,-7.7644],[-38.23833,-7.76712],[-38.24082,-7.76644],[-38.23963,-7.7644]]}},{"type":"Feature","properties":{"cota":700,"indice":false},"geometry":{"type":"LineString","coordinates":[[-38.27877,-7.74397],[-38.27757,-7.74467],[-38.27909,-7.74739],[-38.28911,-7.75284],[-38.28861,-7.75011],[-38.27877,-7.74397]]}},{"type":"Feature","properties":{"cota":700,"indice":false},"geometry":{"type":"MultiLineString","coordinates":[[[-38.28014,-7.69976],[-38.27782,-7.70453],[-38.27872,-7.70725],[-38.2822,-7.70965],[-38.28783,-7.70997],[-38.28589,-7.71337],[-38.28816,-7.71814],[-38.29453,-7.7229],[-38.29706,-7.72902],[-38.30381,-7.73515],[-38.30374,-7.73787],[-38.30143,-7.7385],[-38.29319,-7.73227],[-38.29018,-7.73311],[-38.29746,-7.74603],[-38.30613,-7.7542],[-38.30857,-7.75964],[-38.3083,-7.76111],[-38.29456,-7.75368],[-38.29113,-7.75394],[-38.29388,-7.75918],[-38.29937,-7.76016],[-38.30227,-7.76387]],[[-38.31279,-7.73509],[-38.30692,-7.73146],[-38.2877,-7.70469],[-38.28014,-7.69976]]]}},{"type":"Feature","properties":{"cota":700,"indice":false},"geometry":{"type":"LineString","coordinates":[[-38.26298,-7.73228],[-38.26105,-7.73242],[-38.26111,-7.73651],[-38.25643,-7.74059],[-38.26366,-7.74133],[-38.26534,-7.73855],[-38.26978,-7.73719],[-38.26847,-7.7346],[-38.26298,-7.73228]]}},{"type":"Feature","properties":{"cota":600,"indice":false},"geometry":{"type":"MultiLineString","coordinates":[[[-38.32615,-7.67929],[-38.32509,-7.68003],[-38.33216,-7.68888],[-38.33349,-7.69419]],[[-38.34227,-7.69482],[-38.33464,-7.68479],[-38.32615,-7.67929]]]}},{"type":"Feature","properties":{"cota":600,"indice":false},"geometry":{"type":"LineString","coordinates":[[-38.31585,-7.67249],[-38.31443,-7.67255],[-38.32155,-7.67663],[-38.31585,-7.67249]]}},{"type":"Feature","properties":{"cota":600,"indice":false},"geometry":{"type":"MultiLineString","coordinates":[[[-38.33714,-7.65893],[-38.33197,-7.65962],[-38.33639,-7.66302],[-38.3327,-7.66506],[-38.33302,-7.6674],[-38.34783,-7.67118],[-38.34606,-7.67314],[-38.33576,-7.67336],[-38.3334,-7.67527],[-38.35061,-7.68548]],[[-38.35992,-7.68303],[-38.37833,-7.67983],[-38.37992,-7.67731],[-38.37147,-7.66802],[-38.36863,-7.66846],[-38.36755,-7.67459],[-38.36529,-7.67561],[-38.35583,-7.67118],[-38.36323,-7.66905],[-38.36299,-7.66506],[-38.35361,-7.66443],[-38.34469,-7.65984],[-38.33714,-7.65893]]]}},{"type":"Feature","properties":{"cota":600,"indice":false},"geometry":{"type":"LineString","coordinates":[[-38.31104,-7.66846],[-38.30878,-7.66846],[-38.31365,-7.67118],[-38.31104,-7.66846]]}},{"type":"Feature","properties":{"cota":700,"indice":false},"geometry":{"type":"MultiLineString","coordinates":[[[-38.02402,-7.74594],[-38.01899,-7.74671],[-38.01624,-7.75624],[-38.02212,-7.75695]],[[-38.02823,-7.75134],[-38.02402,-7.74594]]]}},{"type":"Feature","properties":{"cota":900,"indice":false},"geometry":{"type":"LineString","coordinates":[[-37.96635,-7.68772],[-37.96566,-7.69093],[-37.96723,-7.68956],[-37.96635,-7.68772]]}},{"type":"Feature","properties":{"cota":800,"indice":false},"geometry":{"type":"LineString","coordinates":[[-37.96909,-7.67448],[-37.96017,-7.68405],[-37.95839,-7.69228],[-37.96361,-7.70113],[-37.96909,-7.70342],[-37.97321,-7.69845],[-37.97733,-7.69919],[-37.9788,-7.695],[-37.97733,-7.69101],[-37.97184,-7.68848],[-37.97057,-7.68411],[-37.97802,-7.68477],[-37.9798,-7.68275],[-37.97871,-7.67996],[-37.96909,-7.67448]]}},{"type":"Feature","properties":{"cota":600,"indice":false},"geometry":{"type":"LineString","coordinates":[[-38.00961,-7.68343],[-38.01081,-7.68547],[-38.00961,-7.68638],[-38.00821,-7.68479],[-38.00961,-7.68343]]}},{"type":"Feature","properties":{"cota":600,"indice":false},"geometry":{"type":"LineString","coordinates":[[-38.01441,-7.65961],[-38.01344,-7.66166],[-38.01579,-7.66415],[-38.01613,-7.66098],[-38.01441,-7.65961]]}},{"type":"Feature","properties":{"cota":700,"indice":false},"geometry":{"type":"LineString","coordinates":[[-38.00617,-7.64715],[-38.00613,-7.65009],[-38.00823,-7.65152],[-38.00617,-7.64715]]}},{"type":"Feature","properties":{"cota":800,"indice":false},"geometry":{"type":"LineString","coordinates":[[-37.97802,-7.62831],[-37.98008,-7.63074],[-37.97802,-7.62831]]}},{"type":"Feature","properties":{"cota":500,"indice":true},"geometry":{"type":"LineString","coordinates":[[-38.0666,-7.61527],[-38.06804,-7.61674],[-38.0666,-7.61795],[-38.0666,-7.61527]]}},{"type":"Feature","properties":{"cota":800,"indice":false},"geometry":{"type":"LineString","coordinates":[[-37.97253,-7.609],[-37.96874,-7.60993],[-37.96909,-7.61293],[-37.97342,-7.61198],[-37.97253,-7.609]]}},{"type":"Feature","properties":{"cota":800,"indice":false},"geometry":{"type":"LineString","coordinates":[[-37.9636,-7.59966],[-37.95948,-7.5999],[-37.9589,-7.60381],[-37.96635,-7.60775],[-37.96731,-7.60381],[-37.9636,-7.59966]]}},{"type":"Feature","properties":{"cota":900,"indice":false},"geometry":{"type":"LineString","coordinates":[[-38.12222,-7.66471],[-38.1119,-7.66642],[-38.11398,-7.66908],[-38.1181,-7.66993],[-38.12026,-7.67459],[-38.12522,-7.67867],[-38.12666,-7.68547],[-38.13526,-7.68776],[-38.13846,-7.68684],[-38.13815,-7.68275],[-38.12702,-7.6735],[-38.12587,-7.66778],[-38.12222,-7.66471]]}},{"type":"Feature","properties":{"cota":700,"indice":false},"geometry":{"type":"LineString","coordinates":[[-38.17921,-7.66008],[-38.17747,-7.66098],[-38.17921,-7.66269],[-38.17921,-7.66008]]}},{"type":"Feature","properties":{"cota":900,"indice":false},"geometry":{"type":"LineString","coordinates":[[-38.11054,-7.65759],[-38.10446,-7.66098],[-38.10986,-7.6622],[-38.11054,-7.65759]]}},{"type":"Feature","properties":{"cota":700,"indice":false},"geometry":{"type":"LineString","coordinates":[[-38.20599,-7.64324],[-38.20363,-7.646],[-38.20599,-7.64847],[-38.20599,-7.64324]]}},{"type":"Feature","properties":{"cota":600,"indice":false},"geometry":{"type":"LineString","coordinates":[[-38.16822,-7.61127],[-38.16583,-7.61198],[-38.16685,-7.61396],[-38.16957,-7.61266],[-38.16822,-7.61127]]}},{"type":"Feature","properties":{"cota":600,"indice":false},"geometry":{"type":"LineString","coordinates":[[-38.13869,-7.60517],[-38.13577,-7.60585],[-38.13732,-7.60969],[-38.13948,-7.60721],[-38.13869,-7.60517]]}},{"type":"Feature","properties":{"cota":500,"indice":true},"geometry":{"type":"LineString","coordinates":[[-38.18264,-7.60309],[-38.18042,-7.60313],[-38.18534,-7.60449],[-38.18264,-7.60309]]}},{"type":"Feature","properties":{"cota":500,"indice":true},"geometry":{"type":"LineString","coordinates":[[-38.19843,-7.58949],[-38.19502,-7.5902],[-38.19981,-7.5923],[-38.19843,-7.58949]]}},{"type":"Feature","properties":{"cota":500,"indice":true},"geometry":{"type":"LineString","coordinates":[[-38.09887,-7.58025],[-38.09072,-7.58271],[-38.09818,-7.59735],[-38.10499,-7.59496],[-38.09887,-7.58025]]}},{"type":"Feature","properties":{"cota":500,"indice":true},"geometry":{"type":"LineString","coordinates":[[-38.18745,-7.58609],[-38.18446,-7.58611],[-38.18294,-7.58816],[-38.19296,-7.5902],[-38.18745,-7.58609]]}},{"type":"Feature","properties":{"cota":800,"indice":false},"geometry":{"type":"MultiLineString","coordinates":[[[-38.49232,-7.72081],[-38.47845,-7.73374]],[[-38.49021,-7.73468],[-38.48682,-7.72706],[-38.49662,-7.72358],[-38.49232,-7.72081]]]}},{"type":"Feature","properties":{"cota":700,"indice":false},"geometry":{"type":"MultiLineString","coordinates":[[[-38.48751,-7.71468],[-38.48476,-7.71584],[-38.4862,-7.72154],[-38.47173,-7.73321]],[[-38.49597,-7.74125],[-38.4982,-7.73379],[-38.49565,-7.7297],[-38.50399,-7.72801],[-38.50467,-7.7263],[-38.49918,-7.72052],[-38.48751,-7.71468]]]}},{"type":"Feature","properties":{"cota":700,"indice":false},"geometry":{"type":"LineString","coordinates":[[-38.59666,-7.74513],[-38.58671,-7.74535],[-38.58585,-7.75355]]}},{"type":"Feature","properties":{"cota":700,"indice":false},"geometry":{"type":"LineString","coordinates":[[-38.54794,-7.74724],[-38.54496,-7.74943],[-38.54794,-7.74981],[-38.54794,-7.74724]]}},{"type":"Feature","properties":{"cota":700,"indice":false},"geometry":{"type":"LineString","coordinates":[[-38.55961,-7.73158],[-38.55452,-7.73311],[-38.55755,-7.73565],[-38.56701,-7.73583],[-38.55961,-7.73158]]}},{"type":"Feature","properties":{"cota":600,"indice":false},"geometry":{"type":"MultiLineString","coordinates":[[[-38.65937,-7.5616],[-38.65338,-7.56501],[-38.65343,-7.5691],[-38.65846,-7.57182],[-38.65505,-7.57505],[-38.64956,-7.57458],[-38.64544,-7.57952],[-38.63995,-7.57796],[-38.63583,-7.58384],[-38.62454,-7.58407],[-38.62343,-7.58543],[-38.62526,-7.58816],[-38.62347,-7.59034],[-38.63171,-7.59181],[-38.63583,-7.59023],[-38.63926,-7.59285],[-38.64407,-7.59227],[-38.64681,-7.58954],[-38.65711,-7.59305],[-38.66261,-7.59078],[-38.66535,-7.59302],[-38.66879,-7.59154],[-38.67222,-7.59738],[-38.67634,-7.59837],[-38.68183,-7.59435],[-38.68526,-7.59527],[-38.68801,-7.59175],[-38.69116,-7.59564],[-38.68938,-7.59905],[-38.69419,-7.6006],[-38.69926,-7.59905],[-38.70106,-7.59516],[-38.70586,-7.59471],[-38.70783,-7.597],[-38.70413,-7.59973],[-38.70499,-7.60449],[-38.70037,-7.60533],[-38.7,-7.60857],[-38.69488,-7.61275],[-38.69076,-7.61137],[-38.69007,-7.61646],[-38.68595,-7.61295],[-38.6832,-7.61302],[-38.67841,-7.61606],[-38.67496,-7.62161],[-38.67101,-7.62287],[-38.67752,-7.62831],[-38.67598,-7.63648],[-38.67728,-7.63988],[-38.66123,-7.64015],[-38.65737,-7.646],[-38.66467,-7.65144],[-38.66398,-7.65331],[-38.65917,-7.65527],[-38.65299,-7.65052],[-38.64956,-7.65859],[-38.63214,-7.66098],[-38.63377,-7.66651],[-38.64015,-7.66846],[-38.64232,-7.67323],[-38.63789,-7.67865],[-38.62553,-7.67309],[-38.6232,-7.67731],[-38.6166,-7.68026],[-38.60973,-7.67703],[-38.60424,-7.67886],[-38.59923,-7.67459],[-38.59394,-7.67806],[-38.58845,-7.67532],[-38.57883,-7.68482],[-38.56991,-7.68534],[-38.57197,-7.6896],[-38.5629,-7.69228],[-38.56685,-7.69772],[-38.57952,-7.70089],[-38.58252,-7.70453],[-38.58295,-7.70793],[-38.5777,-7.70929],[-38.57697,-7.71337],[-38.58089,-7.71726],[-38.58708,-7.71609],[-38.5858,-7.72154],[-38.58913,-7.7263],[-38.58829,-7.72766],[-38.57952,-7.72497],[-38.57788,-7.72154],[-38.57128,-7.71714],[-38.56716,-7.71913],[-38.56304,-7.71848],[-38.5603,-7.72143],[-38.55743,-7.72086],[-38.55638,-7.71814],[-38.55824,-7.71256],[-38.55068,-7.71672],[-38.54794,-7.72073],[-38.54244,-7.72104],[-38.54124,-7.71814],[-38.54309,-7.71473],[-38.54107,-7.71242],[-38.53663,-7.71541],[-38.53913,-7.71814],[-38.53744,-7.7229],[-38.52665,-7.72752],[-38.5191,-7.72562],[-38.51787,-7.72902],[-38.51566,-7.7292],[-38.50997,-7.72698],[-38.4974,-7.71065],[-38.48064,-7.69717],[-38.4787,-7.70453],[-38.47919,-7.71337],[-38.47515,-7.71187],[-38.4724,-7.71445],[-38.46858,-7.70997],[-38.46897,-7.70203],[-38.46348,-7.70238],[-38.45867,-7.69842],[-38.45387,-7.70116],[-38.45079,-7.6984],[-38.4512,-7.69636],[-38.4621,-7.69254],[-38.46588,-7.68888],[-38.46109,-7.68343],[-38.45043,-7.67746],[-38.44837,-7.67796],[-38.44219,-7.68688],[-38.43739,-7.68455],[-38.43327,-7.68546],[-38.41885,-7.67544],[-38.41061,-7.67538],[-38.40511,-7.67194],[-38.38383,-7.66939],[-38.38195,-7.6705],[-38.38622,-7.67391],[-38.38619,-7.67731],[-38.3929,-7.68071],[-38.38363,-7.68139],[-38.38202,-7.68411],[-38.38312,-7.68752],[-38.40008,-7.69908],[-38.39344,-7.70027],[-38.38589,-7.69636],[-38.38314,-7.69899],[-38.3749,-7.69198],[-38.3676,-7.69025]],[[-38.3764,-7.70233],[-38.37725,-7.70308]],[[-38.37992,-7.70542],[-38.38807,-7.70919]]]}},{"type":"Feature","properties":{"cota":600,"indice":false},"geometry":{"type":"MultiLineString","coordinates":[[[-38.61797,-7.69879],[-38.6236,-7.70521],[-38.62363,-7.70838]],[[-38.62325,-7.70867],[-38.616,-7.70317],[-38.61797,-7.69879]]]}},{"type":"Feature","properties":{"cota":700,"indice":false},"geometry":{"type":"MultiLineString","coordinates":[[[-38.46073,-7.72217],[-38.45982,-7.7223]],[[-38.46099,-7.7247],[-38.46073,-7.72217]]]}},{"type":"Feature","properties":{"cota":700,"indice":false},"geometry":{"type":"MultiLineString","coordinates":[[[-38.40237,-7.71665],[-38.40129,-7.71633]],[[-38.40891,-7.72979],[-38.40787,-7.72222],[-38.40237,-7.71665]]]}},{"type":"Feature","properties":{"cota":800,"indice":false},"geometry":{"type":"LineString","coordinates":[[-38.40561,-7.72585],[-38.40467,-7.72222],[-38.40096,-7.71888]]}},{"type":"Feature","properties":{"cota":700,"indice":false},"geometry":{"type":"MultiLineString","coordinates":[[[-38.43464,-7.71867],[-38.43328,-7.71882],[-38.43417,-7.72054]],[[-38.43611,-7.72008],[-38.43464,-7.71867]]]}},{"type":"Feature","properties":{"cota":700,"indice":false},"geometry":{"type":"LineString","coordinates":[[-38.42228,-7.70652],[-38.41992,-7.70725],[-38.42091,-7.71028],[-38.42638,-7.71609],[-38.42984,-7.71609],[-38.42662,-7.70997],[-38.42228,-7.70652]]}},{"type":"Feature","properties":{"cota":700,"indice":false},"geometry":{"type":"LineString","coordinates":[[-38.43189,-7.699],[-38.43086,-7.70044],[-38.43395,-7.70487],[-38.44288,-7.71251],[-38.44631,-7.71269],[-38.447,-7.70684],[-38.43876,-7.70497],[-38.43189,-7.699]]}},{"type":"Feature","properties":{"cota":600,"indice":false},"geometry":{"type":"LineString","coordinates":[[-38.40374,-7.70516],[-38.40554,-7.70725],[-38.40147,-7.70589],[-38.40374,-7.70516]]}},{"type":"Feature","properties":{"cota":700,"indice":false},"geometry":{"type":"LineString","coordinates":[[-38.41679,-7.69063],[-38.41081,-7.69296],[-38.4213,-7.695],[-38.41679,-7.69063]]}},{"type":"Feature","properties":{"cota":700,"indice":false},"geometry":{"type":"LineString","coordinates":[[-38.45524,-7.68523],[-38.45112,-7.68509],[-38.44826,-7.68752],[-38.45112,-7.68994],[-38.45991,-7.68888],[-38.45524,-7.68523]]}},{"type":"Feature","properties":{"cota":500,"indice":true},"geometry":{"type":"LineString","coordinates":[[-38.51704,-7.6759],[-38.51866,-7.68207],[-38.51498,-7.68682],[-38.51386,-7.67595],[-38.51704,-7.6759]]}},{"type":"Feature","properties":{"cota":700,"indice":false},"geometry":{"type":"MultiLineString","coordinates":[[[-38.699,-7.62488],[-38.69694,-7.62434],[-38.69488,-7.6266],[-38.69036,-7.62559],[-38.68008,-7.64715]],[[-38.70149,-7.62624],[-38.699,-7.62488]]]}},{"type":"Feature","properties":{"cota":700,"indice":false},"geometry":{"type":"LineString","coordinates":[[-38.71537,-7.61661],[-38.71342,-7.61893],[-38.7093,-7.61959],[-38.70991,-7.62195]]}},{"type":"Feature","properties":{"cota":500,"indice":true},"geometry":{"type":"LineString","coordinates":[[-38.52047,-7.66871],[-38.52253,-7.67385],[-38.51958,-7.67118],[-38.52047,-7.66871]]}},{"type":"Feature","properties":{"cota":600,"indice":false},"geometry":{"type":"LineString","coordinates":[[-38.5088,-7.65955],[-38.50704,-7.65962],[-38.50742,-7.66247],[-38.50131,-7.66302],[-38.5136,-7.66395],[-38.51225,-7.66098],[-38.5088,-7.65955]]}},{"type":"Feature","properties":{"cota":500,"indice":true},"geometry":{"type":"LineString","coordinates":[[-38.47858,-7.65478],[-38.47586,-7.65553],[-38.48064,-7.65751],[-38.47858,-7.65478]]}},{"type":"Feature","properties":{"cota":500,"indice":true},"geometry":{"type":"LineString","coordinates":[[-38.49506,-7.64668],[-38.48827,-7.64873],[-38.49687,-7.64873],[-38.49506,-7.64668]]}},{"type":"Feature","properties":{"cota":500,"indice":true},"geometry":{"type":"LineString","coordinates":[[-38.44494,-7.63961],[-38.44219,-7.63938],[-38.43948,-7.64192],[-38.44631,-7.64499],[-38.44917,-7.64192],[-38.44494,-7.63961]]}},{"type":"Feature","properties":{"cota":500,"indice":true},"geometry":{"type":"LineString","coordinates":[[-38.39001,-7.62467],[-38.38726,-7.6274],[-38.38314,-7.62695],[-38.38222,-7.62899],[-38.38657,-7.63212],[-38.38657,-7.63614],[-38.39207,-7.63637],[-38.39279,-7.64192],[-38.39756,-7.6422],[-38.40023,-7.63784],[-38.39067,-7.62831],[-38.39001,-7.62467]]}},{"type":"Feature","properties":{"cota":500,"indice":true},"geometry":{"type":"LineString","coordinates":[[-38.44013,-7.62474],[-38.43787,-7.62491],[-38.43808,-7.62763],[-38.44151,-7.62732],[-38.44013,-7.62474]]}},{"type":"Feature","properties":{"cota":400,"indice":false},"geometry":{"type":"LineString","coordinates":[[-38.49712,-7.61877],[-38.49438,-7.62209],[-38.49421,-7.61946],[-38.49712,-7.61877]]}},{"type":"Feature","properties":{"cota":400,"indice":false},"geometry":{"type":"LineString","coordinates":[[-38.40855,-7.60626],[-38.41198,-7.61266],[-38.40992,-7.61504],[-38.40831,-7.61062],[-38.40519,-7.60857],[-38.4058,-7.60635],[-38.40855,-7.60626]]}},{"type":"Feature","properties":{"cota":400,"indice":false},"geometry":{"type":"LineString","coordinates":[[-38.5294,-7.60623],[-38.53077,-7.60931],[-38.52822,-7.60721],[-38.5294,-7.60623]]}},{"type":"Feature","properties":{"cota":600,"indice":false},"geometry":{"type":"LineString","coordinates":[[-38.54313,-7.68917],[-38.54382,-7.69485],[-38.54313,-7.68917]]}},{"type":"Feature","properties":{"cota":600,"indice":false},"geometry":{"type":"LineString","coordinates":[[-38.53764,-7.6861],[-38.53288,-7.6882],[-38.54038,-7.69362],[-38.53764,-7.6861]]}},{"type":"Feature","properties":{"cota":600,"indice":false},"geometry":{"type":"LineString","coordinates":[[-38.56304,-7.68107],[-38.56064,-7.68139],[-38.56167,-7.68408],[-38.56402,-7.68343],[-38.56304,-7.68107]]}},{"type":"Feature","properties":{"cota":600,"indice":false},"geometry":{"type":"LineString","coordinates":[[-38.55824,-7.67923],[-38.55549,-7.679],[-38.55567,-7.68139],[-38.55876,-7.68139],[-38.55824,-7.67923]]}},{"type":"Feature","properties":{"cota":700,"indice":false},"geometry":{"type":"MultiLineString","coordinates":[[[-38.67908,-7.64786],[-38.67634,-7.64828],[-38.67359,-7.65201],[-38.66967,-7.65213],[-38.66867,-7.65757],[-38.67063,-7.65955]],[[-38.67942,-7.64802],[-38.67908,-7.64786]]]}},{"type":"Feature","properties":{"cota":500,"indice":true},"geometry":{"type":"LineString","coordinates":[[-38.54931,-7.64323],[-38.54656,-7.64316],[-38.54196,-7.64669],[-38.54608,-7.64873],[-38.54343,-7.65281],[-38.5445,-7.65436],[-38.54794,-7.6544],[-38.55323,-7.65009],[-38.55249,-7.64464],[-38.54931,-7.64323]]}},{"type":"Feature","properties":{"cota":600,"indice":false},"geometry":{"type":"LineString","coordinates":[[-38.66535,-7.62558],[-38.66535,-7.62735],[-38.66839,-7.62695],[-38.66535,-7.62558]]}},{"type":"Feature","properties":{"cota":500,"indice":true},"geometry":{"type":"LineString","coordinates":[[-38.62896,-7.5997],[-38.63024,-7.60109],[-38.62759,-7.60193],[-38.62696,-7.60041],[-38.62896,-7.5997]]}},{"type":"Feature","properties":{"cota":500,"indice":true},"geometry":{"type":"LineString","coordinates":[[-38.59943,-7.58438],[-38.59743,-7.58543],[-38.60012,-7.58731],[-38.59943,-7.58438]]}},{"type":"Feature","properties":{"cota":600,"indice":false},"geometry":{"type":"LineString","coordinates":[[-38.70518,-7.60665],[-38.70654,-7.60857],[-38.70518,-7.60957],[-38.70394,-7.60857],[-38.70518,-7.60665]]}},{"type":"Feature","properties":{"cota":700,"indice":false},"geometry":{"type":"LineString","coordinates":[[-38.68544,-7.58017],[-38.68805,-7.58271],[-38.69488,-7.58366],[-38.70069,-7.58124]]}},{"type":"Feature","properties":{"cota":600,"indice":false},"geometry":{"type":"LineString","coordinates":[[-38.31997,-7.65892],[-38.31179,-7.65962],[-38.32066,-7.66589],[-38.31997,-7.65892]]}},{"type":"Feature","properties":{"cota":600,"indice":false},"geometry":{"type":"LineString","coordinates":[[-38.24787,-7.65871],[-38.24639,-7.65962],[-38.24906,-7.6637],[-38.25461,-7.66506],[-38.24787,-7.65871]]}},{"type":"Feature","properties":{"cota":600,"indice":false},"geometry":{"type":"LineString","coordinates":[[-38.23689,-7.65211],[-38.23443,-7.65213],[-38.23805,-7.65349],[-38.23689,-7.65211]]}},{"type":"Feature","properties":{"cota":500,"indice":true},"geometry":{"type":"LineString","coordinates":[[-38.29662,-7.63893],[-38.29474,-7.64056],[-38.29678,-7.64056],[-38.29662,-7.63893]]}},{"type":"Feature","properties":{"cota":400,"indice":false},"geometry":{"type":"LineString","coordinates":[[-38.27534,-7.61051],[-38.27563,-7.62287],[-38.27328,-7.62376],[-38.27094,-7.61266],[-38.27534,-7.61051]]}},{"type":"Feature","properties":{"cota":500,"indice":true},"geometry":{"type":"LineString","coordinates":[[-38.298,-7.61572],[-38.29657,-7.61742],[-38.298,-7.61572]]}},{"type":"Feature","properties":{"cota":500,"indice":true},"geometry":{"type":"LineString","coordinates":[[-38.23551,-7.61053],[-38.23388,-7.61062],[-38.23314,-7.61674],[-38.23826,-7.61979],[-38.24142,-7.61946],[-38.23576,-7.61402],[-38.23551,-7.61053]]}},{"type":"Feature","properties":{"cota":500,"indice":true},"geometry":{"type":"LineString","coordinates":[[-38.22247,-7.58542],[-38.22023,-7.58611],[-38.22023,-7.59156],[-38.23944,-7.59836],[-38.23414,-7.60239],[-38.22933,-7.60019],[-38.22315,-7.60176],[-38.21291,-7.59905],[-38.21267,-7.60381],[-38.21597,-7.60653],[-38.21903,-7.61514],[-38.22109,-7.61484],[-38.22006,-7.6113],[-38.22262,-7.60993],[-38.22208,-7.60653],[-38.22432,-7.60517],[-38.22865,-7.60471],[-38.23414,-7.60789],[-38.23963,-7.60637],[-38.24787,-7.61219],[-38.2508,-7.61062],[-38.24878,-7.60449],[-38.26034,-7.60517],[-38.25611,-7.60183],[-38.25448,-7.59564],[-38.24375,-7.59649],[-38.24048,-7.59224],[-38.23208,-7.59091],[-38.22727,-7.58653],[-38.22247,-7.58542]]}},{"type":"Feature","properties":{"cota":400,"indice":false},"geometry":{"type":"LineString","coordinates":[[-38.33164,-7.59269],[-38.32852,-7.59428],[-38.33189,-7.59496],[-38.33164,-7.59269]]}},{"type":"Feature","properties":{"cota":500,"indice":true},"geometry":{"type":"LineString","coordinates":[[-38.23139,-7.58185],[-38.22788,-7.58203],[-38.23002,-7.58349],[-38.23232,-7.58271],[-38.23139,-7.58185]]}},{"type":"Feature","properties":{"cota":500,"indice":true},"geometry":{"type":"LineString","coordinates":[[-38.03913,-7.59343],[-38.03552,-7.59496],[-38.03913,-7.59694],[-38.03913,-7.59343]]}},{"type":"Feature","properties":{"cota":600,"indice":false},"geometry":{"type":"LineString","coordinates":[[-38.02334,-7.59214],[-38.02402,-7.59754],[-38.02334,-7.59214]]}},{"type":"Feature","properties":{"cota":800,"indice":false},"geometry":{"type":"LineString","coordinates":[[-37.95124,-7.59215],[-37.9497,-7.5936],[-37.95193,-7.59511],[-37.95124,-7.59215]]}},{"type":"Feature","properties":{"cota":500,"indice":true},"geometry":{"type":"LineString","coordinates":[[-38.06591,-7.58426],[-38.0626,-7.58611],[-38.06454,-7.59048],[-38.07072,-7.59016],[-38.07096,-7.58747],[-38.06591,-7.58426]]}},{"type":"Feature","properties":{"cota":500,"indice":true},"geometry":{"type":"LineString","coordinates":[[-38.02746,-7.57368],[-38.02626,-7.57522],[-38.03043,-7.57863],[-38.03038,-7.5759],[-38.02746,-7.57368]]}},{"type":"Feature","properties":{"cota":400,"indice":false},"geometry":{"type":"LineString","coordinates":[[-38.04119,-7.567],[-38.04188,-7.56842],[-38.03843,-7.56978],[-38.03857,-7.56774],[-38.04119,-7.567]]}},{"type":"Feature","properties":{"cota":400,"indice":false},"geometry":{"type":"LineString","coordinates":[[-38.046,-7.56014],[-38.05,-7.56229],[-38.04325,-7.56397],[-38.04155,-7.56025],[-38.046,-7.56014]]}},{"type":"Feature","properties":{"cota":500,"indice":true},"geometry":{"type":"LineString","coordinates":[[-38.00823,-7.55601],[-38.00657,-7.55616],[-38.00827,-7.56025],[-38.01235,-7.56242],[-38.02402,-7.56308],[-38.02839,-7.56161],[-38.00823,-7.55601]]}},{"type":"Feature","properties":{"cota":600,"indice":false},"geometry":{"type":"LineString","coordinates":[[-37.92515,-7.54791],[-37.92103,-7.54763],[-37.9183,-7.5514],[-37.93169,-7.55208],[-37.92515,-7.54791]]}},{"type":"Feature","properties":{"cota":500,"indice":true},"geometry":{"type":"LineString","coordinates":[[-38.05698,-7.53982],[-38.04943,-7.54292],[-38.03844,-7.53962],[-38.03707,-7.54528],[-38.03158,-7.54296],[-38.02607,-7.54663],[-38.03364,-7.55392],[-38.04325,-7.55419],[-38.06069,-7.54391],[-38.05698,-7.53982]]}},{"type":"Feature","properties":{"cota":400,"indice":false},"geometry":{"type":"LineString","coordinates":[[-38.15998,-7.57824],[-38.15929,-7.58014],[-38.1577,-7.57931],[-38.15998,-7.57824]]}},{"type":"Feature","properties":{"cota":500,"indice":true},"geometry":{"type":"LineString","coordinates":[[-38.0817,-7.57318],[-38.0759,-7.57318],[-38.07746,-7.57863],[-38.07432,-7.57999],[-38.07758,-7.58424],[-38.08038,-7.58067],[-38.08727,-7.57931],[-38.08651,-7.57576],[-38.0817,-7.57318]]}},{"type":"Feature","properties":{"cota":500,"indice":true},"geometry":{"type":"LineString","coordinates":[[-38.1229,-7.57179],[-38.1214,-7.57318],[-38.124,-7.57454],[-38.1229,-7.57179]]}},{"type":"Feature","properties":{"cota":400,"indice":false},"geometry":{"type":"LineString","coordinates":[[-38.11398,-7.56897],[-38.11398,-7.5712],[-38.11222,-7.5691],[-38.11398,-7.56897]]}},{"type":"Feature","properties":{"cota":500,"indice":true},"geometry":{"type":"LineString","coordinates":[[-38.10162,-7.55746],[-38.09579,-7.55821],[-38.10555,-7.56093],[-38.10162,-7.55746]]}},{"type":"Feature","properties":{"cota":400,"indice":false},"geometry":{"type":"LineString","coordinates":[[-38.19569,-7.5541],[-38.19147,-7.5548],[-38.19637,-7.55669],[-38.19569,-7.5541]]}},{"type":"Feature","properties":{"cota":500,"indice":true},"geometry":{"type":"LineString","coordinates":[[-38.11535,-7.55062],[-38.11311,-7.5514],[-38.11319,-7.55344],[-38.11878,-7.555],[-38.11535,-7.55062]]}},{"type":"Feature","properties":{"cota":400,"indice":false},"geometry":{"type":"LineString","coordinates":[[-38.07415,-7.54242],[-38.08651,-7.54559],[-38.09112,-7.54936],[-38.0611,-7.55206],[-38.06348,-7.54936],[-38.07072,-7.54844],[-38.07209,-7.54248],[-38.07415,-7.54242]]}},{"type":"Feature","properties":{"cota":400,"indice":false},"geometry":{"type":"LineString","coordinates":[[-38.14625,-7.5438],[-38.14762,-7.54631],[-38.14625,-7.5438]]}},{"type":"Feature","properties":{"cota":500,"indice":true},"geometry":{"type":"LineString","coordinates":[[-38.11329,-7.53023],[-38.11192,-7.5303],[-38.12222,-7.53561],[-38.12479,-7.53166],[-38.11329,-7.53023]]}},{"type":"Feature","properties":{"cota":500,"indice":true},"geometry":{"type":"LineString","coordinates":[[-38.29456,-7.57039],[-38.29174,-7.57114],[-38.29181,-7.57318],[-38.29725,-7.5725],[-38.29456,-7.57039]]}},{"type":"Feature","properties":{"cota":400,"indice":false},"geometry":{"type":"LineString","coordinates":[[-38.3186,-7.56079],[-38.31475,-7.56093],[-38.31791,-7.563],[-38.31946,-7.56229],[-38.3186,-7.56079]]}},{"type":"Feature","properties":{"cota":500,"indice":true},"geometry":{"type":"LineString","coordinates":[[-38.28014,-7.54877],[-38.27716,-7.55208],[-38.28014,-7.55434],[-38.28289,-7.55377],[-38.28323,-7.5514],[-38.28014,-7.54877]]}},{"type":"Feature","properties":{"cota":400,"indice":false},"geometry":{"type":"LineString","coordinates":[[-38.36872,-7.54822],[-38.3654,-7.54868],[-38.36597,-7.5512],[-38.3693,-7.55072],[-38.36872,-7.54822]]}},{"type":"Feature","properties":{"cota":400,"indice":false},"geometry":{"type":"LineString","coordinates":[[-38.37559,-7.54252],[-38.37158,-7.54391],[-38.37147,-7.54638],[-38.37801,-7.54595],[-38.37856,-7.54391],[-38.37559,-7.54252]]}},{"type":"Feature","properties":{"cota":500,"indice":true},"geometry":{"type":"LineString","coordinates":[[-38.28358,-7.54186],[-38.27925,-7.54391],[-38.28014,-7.54783],[-38.28358,-7.54186]]}},{"type":"Feature","properties":{"cota":400,"indice":false},"geometry":{"type":"LineString","coordinates":[[-38.2362,-7.54047],[-38.23963,-7.54129],[-38.23895,-7.54543],[-38.2362,-7.54047]]}},{"type":"Feature","properties":{"cota":400,"indice":false},"geometry":{"type":"LineString","coordinates":[[-38.34949,-7.53186],[-38.34522,-7.53438],[-38.35087,-7.53682],[-38.34949,-7.53186]]}},{"type":"Feature","properties":{"cota":400,"indice":false},"geometry":{"type":"LineString","coordinates":[[-38.3234,-7.52402],[-38.31954,-7.52553],[-38.32026,-7.52962],[-38.31801,-7.53574],[-38.32752,-7.54374],[-38.33233,-7.54305],[-38.33307,-7.54051],[-38.32955,-7.52894],[-38.3234,-7.52402]]}},{"type":"Feature","properties":{"cota":500,"indice":true},"geometry":{"type":"LineString","coordinates":[[-38.27534,-7.51939],[-38.26941,-7.52213],[-38.27396,-7.5234],[-38.27534,-7.51939]]}},{"type":"Feature","properties":{"cota":600,"indice":false},"geometry":{"type":"LineString","coordinates":[[-37.94918,-7.53744],[-37.94657,-7.53983],[-37.94987,-7.54143],[-37.94918,-7.53744]]}},{"type":"Feature","properties":{"cota":500,"indice":true},"geometry":{"type":"LineString","coordinates":[[-37.96497,-7.53362],[-37.96841,-7.54023],[-37.9739,-7.54169],[-37.96497,-7.53362]]}},{"type":"Feature","properties":{"cota":400,"indice":false},"geometry":{"type":"LineString","coordinates":[[-37.98145,-7.52637],[-37.98649,-7.53234],[-37.98318,-7.53574],[-37.9935,-7.54323],[-37.99313,-7.54465],[-37.98351,-7.54283],[-37.96964,-7.53234],[-37.9739,-7.52804],[-37.98145,-7.52637]]}},{"type":"Feature","properties":{"cota":500,"indice":true},"geometry":{"type":"LineString","coordinates":[[-38.02334,-7.5246],[-38.00686,-7.52766],[-37.99862,-7.52588],[-37.99214,-7.52962],[-38.01993,-7.54527],[-38.02316,-7.54051],[-38.01904,-7.5371],[-38.02597,-7.53166],[-38.02334,-7.5246]]}},{"type":"Feature","properties":{"cota":600,"indice":false},"geometry":{"type":"LineString","coordinates":[[-37.92858,-7.53012],[-37.92603,-7.53098],[-37.93214,-7.5337],[-37.92858,-7.53012]]}},{"type":"Feature","properties":{"cota":600,"indice":false},"geometry":{"type":"LineString","coordinates":[[-38.01235,-7.52946],[-38.00275,-7.53098],[-38.01167,-7.53377],[-38.01347,-7.53166],[-38.01235,-7.52946]]}},{"type":"Feature","properties":{"cota":600,"indice":false},"geometry":{"type":"LineString","coordinates":[[-38.02197,-7.52859],[-38.01701,-7.52962],[-38.02128,-7.53206],[-38.02285,-7.53098],[-38.02197,-7.52859]]}},{"type":"Feature","properties":{"cota":400,"indice":false},"geometry":{"type":"LineString","coordinates":[[-37.95261,-7.52321],[-37.95261,-7.52603],[-37.95261,-7.52321]]}},{"type":"Feature","properties":{"cota":500,"indice":true},"geometry":{"type":"LineString","coordinates":[[-37.97596,-7.5207],[-37.97536,-7.52349],[-37.9786,-7.52349],[-37.97596,-7.5207]]}},{"type":"Feature","properties":{"cota":400,"indice":false},"geometry":{"type":"LineString","coordinates":[[-37.96635,-7.51647],[-37.96529,-7.52213],[-37.96088,-7.52553],[-37.95879,-7.525],[-37.95802,-7.51941],[-37.96635,-7.51647]]}},{"type":"Feature","properties":{"cota":500,"indice":true},"geometry":{"type":"LineString","coordinates":[[-38.00343,-7.50981],[-37.99038,-7.50968],[-37.98747,-7.51192],[-37.99038,-7.51602],[-38.00343,-7.50981]]}},{"type":"Feature","properties":{"cota":400,"indice":false},"geometry":{"type":"LineString","coordinates":[[-38.01579,-7.49826],[-38.01235,-7.49883],[-38.00961,-7.50279],[-38.00274,-7.50588],[-37.98695,-7.50733],[-37.98423,-7.50988],[-37.98409,-7.51328],[-37.99107,-7.51984],[-37.99519,-7.51551],[-37.99931,-7.51645],[-38.00892,-7.51196],[-38.01595,-7.51464],[-38.01548,-7.50988],[-38.01889,-7.50851],[-38.02017,-7.50171],[-38.01579,-7.49826]]}},{"type":"Feature","properties":{"cota":500,"indice":true},"geometry":{"type":"LineString","coordinates":[[-38.01029,-7.50645],[-38.00691,-7.50783],[-38.00961,-7.50833],[-38.01029,-7.50645]]}},{"type":"Feature","properties":{"cota":700,"indice":false},"geometry":{"type":"LineString","coordinates":[[-37.95673,-7.49694],[-37.95484,-7.49762],[-37.95536,-7.50021],[-37.95891,-7.49966],[-37.95673,-7.49694]]}},{"type":"Feature","properties":{"cota":500,"indice":true},"geometry":{"type":"LineString","coordinates":[[-37.95261,-7.48644],[-37.94849,-7.48663],[-37.94185,-7.49149],[-37.9423,-7.49422],[-37.94635,-7.49626],[-37.94558,-7.50103],[-37.94918,-7.50486],[-37.96085,-7.51068],[-37.96497,-7.50679],[-37.97531,-7.50239],[-37.97459,-7.49914],[-37.96223,-7.49532],[-37.95261,-7.48644]]}},{"type":"Feature","properties":{"cota":600,"indice":false},"geometry":{"type":"LineString","coordinates":[[-37.95124,-7.48845],[-37.94957,-7.49081],[-37.95181,-7.4949],[-37.95193,-7.50202],[-37.95948,-7.50629],[-37.96223,-7.50333],[-37.96862,-7.50239],[-37.96841,-7.4993],[-37.95193,-7.49331],[-37.95124,-7.48845]]}},{"type":"Feature","properties":{"cota":400,"indice":false},"geometry":{"type":"LineString","coordinates":[[-38.04531,-7.48937],[-38.04324,-7.48945],[-38.04356,-7.49286],[-38.04806,-7.49513],[-38.04531,-7.48937]]}},{"type":"Feature","properties":{"cota":400,"indice":false},"geometry":{"type":"LineString","coordinates":[[-37.94437,-7.4486],[-37.94242,-7.44996],[-37.94506,-7.45264],[-37.94648,-7.45133],[-37.94437,-7.4486]]}},{"type":"Feature","properties":{"cota":400,"indice":false},"geometry":{"type":"LineString","coordinates":[[-37.9739,-7.44379],[-37.95777,-7.44996],[-37.96154,-7.45248],[-37.97047,-7.45337],[-37.97184,-7.45062],[-37.97848,-7.45065],[-37.9739,-7.44379]]}},{"type":"Feature","properties":{"cota":400,"indice":false},"geometry":{"type":"LineString","coordinates":[[-37.93407,-7.43158],[-37.92721,-7.43158],[-37.92053,-7.43499],[-37.9327,-7.4422],[-37.94643,-7.44435],[-37.94506,-7.43698],[-37.93545,-7.43471],[-37.93574,-7.43226],[-37.93407,-7.43158]]}},{"type":"Feature","properties":{"cota":500,"indice":true},"geometry":{"type":"LineString","coordinates":[[-38.07415,-7.50971],[-38.06248,-7.51246],[-38.05027,-7.51056],[-38.06042,-7.51688],[-38.07484,-7.51879],[-38.10024,-7.52596],[-38.10436,-7.52555],[-38.10638,-7.52145],[-38.10024,-7.51636],[-38.09612,-7.51781],[-38.09269,-7.5141],[-38.07415,-7.50971]]}},{"type":"Feature","properties":{"cota":600,"indice":false},"geometry":{"type":"LineString","coordinates":[[-38.0769,-7.51253],[-38.0677,-7.51396],[-38.092,-7.52002],[-38.08961,-7.51668],[-38.0769,-7.51253]]}},{"type":"Feature","properties":{"cota":400,"indice":false},"geometry":{"type":"LineString","coordinates":[[-38.08582,-7.49877],[-38.0841,-7.50171],[-38.08582,-7.49877]]}},{"type":"Feature","properties":{"cota":400,"indice":false},"geometry":{"type":"LineString","coordinates":[[-38.14281,-7.48308],[-38.14147,-7.48537],[-38.14781,-7.49558],[-38.1473,-7.49966],[-38.15105,-7.50016],[-38.15693,-7.49762],[-38.15998,-7.50557],[-38.16616,-7.50462],[-38.16653,-7.50034],[-38.16067,-7.49091],[-38.15037,-7.48738],[-38.14762,-7.48897],[-38.14281,-7.48308]]}},{"type":"Feature","properties":{"cota":400,"indice":false},"geometry":{"type":"LineString","coordinates":[[-38.13663,-7.48259],[-38.13546,-7.48537],[-38.13801,-7.48691],[-38.13979,-7.48469],[-38.13663,-7.48259]]}},{"type":"Feature","properties":{"cota":400,"indice":false},"geometry":{"type":"LineString","coordinates":[[-38.15037,-7.47879],[-38.14765,-7.48128],[-38.14899,-7.48583],[-38.15137,-7.48264],[-38.15037,-7.47879]]}},{"type":"Feature","properties":{"cota":400,"indice":false},"geometry":{"type":"LineString","coordinates":[[-38.15655,-7.44169],[-38.15358,-7.44179],[-38.15449,-7.44561],[-38.15733,-7.44384],[-38.15655,-7.44169]]}},{"type":"Feature","properties":{"cota":300,"indice":false},"geometry":{"type":"LineString","coordinates":[[-38.07621,-7.39993],[-38.0714,-7.40064],[-38.06873,-7.40366],[-38.06957,-7.41047],[-38.07278,-7.41311],[-38.07682,-7.40979],[-38.07777,-7.40298],[-38.07621,-7.39993]]}},{"type":"Feature","properties":{"cota":300,"indice":false},"geometry":{"type":"LineString","coordinates":[[-38.20599,-7.39651],[-38.20736,-7.3989],[-38.2053,-7.40096],[-38.20405,-7.39822],[-38.20599,-7.39651]]}},{"type":"Feature","properties":{"cota":400,"indice":false},"geometry":{"type":"LineString","coordinates":[[-38.08514,-7.39117],[-38.08344,-7.39345],[-38.0872,-7.39496],[-38.08514,-7.39117]]}},{"type":"Feature","properties":{"cota":500,"indice":true},"geometry":{"type":"LineString","coordinates":[[-38.28907,-7.5084],[-38.28701,-7.51181],[-38.29031,-7.51056],[-38.28907,-7.5084]]}},{"type":"Feature","properties":{"cota":400,"indice":false},"geometry":{"type":"LineString","coordinates":[[-38.27946,-7.48999],[-38.27675,-7.49081],[-38.27602,-7.49774],[-38.27877,-7.49534],[-38.27946,-7.48999]]}},{"type":"Feature","properties":{"cota":400,"indice":false},"geometry":{"type":"LineString","coordinates":[[-38.25817,-7.47627],[-38.25466,-7.47788],[-38.25353,-7.48673],[-38.25076,-7.49149],[-38.24682,-7.49218],[-38.24718,-7.49964],[-38.2604,-7.49013],[-38.26212,-7.48333],[-38.25817,-7.47627]]}},{"type":"Feature","properties":{"cota":400,"indice":false},"geometry":{"type":"LineString","coordinates":[[-38.33302,-7.47784],[-38.3289,-7.48192],[-38.32553,-7.48264],[-38.32752,-7.48633],[-38.33164,-7.48415],[-38.3343,-7.47992],[-38.33302,-7.47784]]}},{"type":"Feature","properties":{"cota":400,"indice":false},"geometry":{"type":"LineString","coordinates":[[-38.31928,-7.46147],[-38.31638,-7.4629],[-38.31928,-7.46857],[-38.32615,-7.4701],[-38.32999,-7.46835],[-38.32998,-7.46494],[-38.3234,-7.46711],[-38.31928,-7.46147]]}},{"type":"Feature","properties":{"cota":400,"indice":false},"geometry":{"type":"LineString","coordinates":[[-38.37078,-7.46082],[-38.36778,-7.46358],[-38.37078,-7.46276],[-38.37078,-7.46082]]}},{"type":"Feature","properties":{"cota":400,"indice":false},"geometry":{"type":"LineString","coordinates":[[-38.36323,-7.44084],[-38.3594,-7.44656],[-38.36254,-7.45162],[-38.36556,-7.45133],[-38.36666,-7.44675],[-38.36997,-7.44928],[-38.37078,-7.4527],[-38.38242,-7.45541],[-38.38245,-7.45325],[-38.37765,-7.45267],[-38.36323,-7.44084]]}},{"type":"Feature","properties":{"cota":500,"indice":true},"geometry":{"type":"LineString","coordinates":[[-38.35979,-7.39672],[-38.357,-7.39754],[-38.36254,-7.40077],[-38.35979,-7.39672]]}},{"type":"Feature","properties":{"cota":400,"indice":false},"geometry":{"type":"LineString","coordinates":[[-38.33645,-7.37894],[-38.33349,-7.37915],[-38.33182,-7.38732],[-38.33302,-7.38903],[-38.34126,-7.38601],[-38.33997,-7.38051],[-38.33645,-7.37894]]}},{"type":"Feature","properties":{"cota":600,"indice":false},"geometry":{"type":"LineString","coordinates":[[-38.37078,-7.37905],[-38.36933,-7.37983],[-38.37078,-7.38237],[-38.37214,-7.38119],[-38.37078,-7.37905]]}},{"type":"Feature","properties":{"cota":400,"indice":false},"geometry":{"type":"LineString","coordinates":[[-38.07346,-7.38956],[-38.07026,-7.39073],[-38.07346,-7.39141],[-38.07346,-7.38956]]}},{"type":"Feature","properties":{"cota":300,"indice":false},"geometry":{"type":"LineString","coordinates":[[-38.18333,-7.35639],[-38.18078,-7.35668],[-38.18333,-7.35639]]}},{"type":"Feature","properties":{"cota":400,"indice":false},"geometry":{"type":"LineString","coordinates":[[-38.18745,-7.28846],[-38.18127,-7.2893],[-38.18064,-7.2913],[-38.18539,-7.29496],[-38.19221,-7.29675],[-38.18745,-7.28846]]}},{"type":"Feature","properties":{"cota":400,"indice":false},"geometry":{"type":"LineString","coordinates":[[-38.21903,-7.28919],[-38.21615,-7.29062],[-38.21835,-7.29278],[-38.22051,-7.2913],[-38.21903,-7.28919]]}},{"type":"Feature","properties":{"cota":600,"indice":false},"geometry":{"type":"LineString","coordinates":[[-38.19706,-7.27557],[-38.19544,-7.27972],[-38.19706,-7.28079],[-38.19706,-7.27557]]}},{"type":"Feature","properties":{"cota":500,"indice":true},"geometry":{"type":"LineString","coordinates":[[-38.19981,-7.27208],[-38.19102,-7.27359],[-38.188,-7.27904],[-38.19637,-7.28312],[-38.20255,-7.28273],[-38.20232,-7.27427],[-38.19981,-7.27208]]}},{"type":"Feature","properties":{"cota":300,"indice":false},"geometry":{"type":"LineString","coordinates":[[-38.07758,-7.26881],[-38.07532,-7.27018],[-38.0769,-7.27067],[-38.07758,-7.26881]]}},{"type":"Feature","properties":{"cota":500,"indice":true},"geometry":{"type":"LineString","coordinates":[[-38.19775,-7.264],[-38.19706,-7.26642],[-38.19865,-7.26542],[-38.19775,-7.264]]}},{"type":"Feature","properties":{"cota":400,"indice":false},"geometry":{"type":"LineString","coordinates":[[-38.19843,-7.25784],[-38.20432,-7.25997],[-38.20118,-7.26137],[-38.19744,-7.2586],[-38.19843,-7.25784]]}},{"type":"Feature","properties":{"cota":500,"indice":true},"geometry":{"type":"LineString","coordinates":[[-38.12496,-7.25237],[-38.11777,-7.25247],[-38.12016,-7.25594],[-38.12908,-7.2574],[-38.12496,-7.25237]]}},{"type":"Feature","properties":{"cota":500,"indice":true},"geometry":{"type":"LineString","coordinates":[[-38.0508,-7.3966],[-38.04802,-7.39958],[-38.05149,-7.39829],[-38.0508,-7.3966]]}},{"type":"Feature","properties":{"cota":400,"indice":false},"geometry":{"type":"LineString","coordinates":[[-38.05698,-7.38851],[-38.046,-7.39675],[-38.046,-7.40191],[-38.05506,-7.40094],[-38.05561,-7.39598],[-38.06126,-7.39209],[-38.05698,-7.38851]]}},{"type":"Feature","properties":{"cota":300,"indice":false},"geometry":{"type":"LineString","coordinates":[[-38.07209,-7.37913],[-38.06833,-7.38187],[-38.07261,-7.38187],[-38.07209,-7.37913]]}},{"type":"Feature","properties":{"cota":400,"indice":false},"geometry":{"type":"LineString","coordinates":[[-37.94369,-7.35448],[-37.94214,-7.35668],[-37.94506,-7.35754],[-37.94369,-7.35448]]}},{"type":"Feature","properties":{"cota":300,"indice":false},"geometry":{"type":"LineString","coordinates":[[-37.97733,-7.29812],[-37.97561,-7.30083],[-37.97733,-7.30221],[-37.97733,-7.29812]]}},{"type":"Feature","properties":{"cota":300,"indice":false},"geometry":{"type":"LineString","coordinates":[[-38.04874,-7.28107],[-38.04119,-7.28286],[-38.03955,-7.28517],[-38.03919,-7.2947],[-38.04309,-7.30356],[-38.06454,-7.30879],[-38.06508,-7.30424],[-38.05836,-7.30048],[-38.05286,-7.30157],[-38.04559,-7.29947],[-38.04428,-7.29334],[-38.04943,-7.29147],[-38.05176,-7.28789],[-38.04874,-7.28107]]}},{"type":"Feature","properties":{"cota":500,"indice":true},"geometry":{"type":"LineString","coordinates":[[-37.91073,-7.28297],[-37.90959,-7.28449],[-37.9128,-7.28517],[-37.91073,-7.28297]]}},{"type":"Feature","properties":{"cota":300,"indice":false},"geometry":{"type":"LineString","coordinates":[[-37.97321,-7.27482],[-37.96704,-7.27631],[-37.96635,-7.28007],[-37.97361,-7.277],[-37.97321,-7.27482]]}},{"type":"Feature","properties":{"cota":300,"indice":false},"geometry":{"type":"LineString","coordinates":[[-37.98695,-7.2455],[-37.98417,-7.24703],[-37.98695,-7.2455]]}},{"type":"Feature","properties":{"cota":300,"indice":false},"geometry":{"type":"LineString","coordinates":[[-37.91279,-7.23651],[-37.91004,-7.23711],[-37.91073,-7.24237],[-37.91367,-7.24089],[-37.91279,-7.23651]]}},{"type":"Feature","properties":{"cota":400,"indice":false},"geometry":{"type":"LineString","coordinates":[[-38.40031,-7.60149],[-38.40074,-7.60381],[-38.39887,-7.60381],[-38.40031,-7.60149]]}},{"type":"Feature","properties":{"cota":400,"indice":false},"geometry":{"type":"LineString","coordinates":[[-38.50948,-7.59891],[-38.5088,-7.6029],[-38.50468,-7.60319],[-38.50948,-7.59891]]}},{"type":"Feature","properties":{"cota":500,"indice":true},"geometry":{"type":"LineString","coordinates":[[-38.52528,-7.59421],[-38.51837,-7.59496],[-38.52047,-7.60006],[-38.52792,-7.59632],[-38.52528,-7.59421]]}},{"type":"Feature","properties":{"cota":400,"indice":false},"geometry":{"type":"LineString","coordinates":[[-38.45592,-7.57385],[-38.45134,-7.5759],[-38.45455,-7.57623],[-38.45592,-7.57385]]}},{"type":"Feature","properties":{"cota":400,"indice":false},"geometry":{"type":"LineString","coordinates":[[-38.44494,-7.5677],[-38.44399,-7.56978],[-38.44563,-7.57063],[-38.44494,-7.5677]]}},{"type":"Feature","properties":{"cota":400,"indice":false},"geometry":{"type":"LineString","coordinates":[[-38.43052,-7.55537],[-38.42869,-7.56093],[-38.43371,-7.57318],[-38.44291,-7.57931],[-38.44288,-7.57256],[-38.43614,-7.56774],[-38.43345,-7.55753],[-38.43052,-7.55537]]}},{"type":"Feature","properties":{"cota":400,"indice":false},"geometry":{"type":"LineString","coordinates":[[-38.47515,-7.55133],[-38.47201,-7.55412],[-38.47378,-7.55664],[-38.47821,-7.5548],[-38.47515,-7.55133]]}},{"type":"Feature","properties":{"cota":400,"indice":false},"geometry":{"type":"LineString","coordinates":[[-38.49712,-7.52397],[-38.49959,-7.52553],[-38.49644,-7.52796],[-38.49528,-7.52553],[-38.49712,-7.52397]]}},{"type":"Feature","properties":{"cota":500,"indice":true},"geometry":{"type":"LineString","coordinates":[[-38.47858,-7.51505],[-38.47378,-7.51535],[-38.47103,-7.52056],[-38.46705,-7.52281],[-38.46828,-7.52522],[-38.47378,-7.5232],[-38.47895,-7.52621],[-38.47592,-7.52962],[-38.47721,-7.53076],[-38.48186,-7.52962],[-38.47932,-7.52621],[-38.48339,-7.52289],[-38.48839,-7.52281],[-38.47858,-7.51505]]}},{"type":"Feature","properties":{"cota":400,"indice":false},"geometry":{"type":"LineString","coordinates":[[-38.37902,-7.47081],[-38.37687,-7.47107],[-38.37765,-7.47314],[-38.37911,-7.47311],[-38.37902,-7.47081]]}},{"type":"Feature","properties":{"cota":700,"indice":false},"geometry":{"type":"LineString","coordinates":[[-38.6813,-7.57632],[-38.68233,-7.57777]]}},{"type":"Feature","properties":{"cota":500,"indice":true},"geometry":{"type":"LineString","coordinates":[[-38.60218,-7.56346],[-38.59799,-7.56774],[-38.60424,-7.57053],[-38.60542,-7.56774],[-38.60218,-7.56346]]}},{"type":"Feature","properties":{"cota":500,"indice":true},"geometry":{"type":"LineString","coordinates":[[-38.62003,-7.53821],[-38.6174,-7.53983],[-38.62053,-7.54051],[-38.62003,-7.53821]]}},{"type":"Feature","properties":{"cota":500,"indice":true},"geometry":{"type":"LineString","coordinates":[[-38.6372,-7.53414],[-38.63377,-7.53438],[-38.63239,-7.53735],[-38.62759,-7.53691],[-38.62827,-7.54098],[-38.63789,-7.53995],[-38.63884,-7.5371],[-38.6372,-7.53414]]}},{"type":"Feature","properties":{"cota":500,"indice":true},"geometry":{"type":"LineString","coordinates":[[-38.60699,-7.53133],[-38.60493,-7.53183],[-38.60493,-7.53401],[-38.60756,-7.5337],[-38.60699,-7.53133]]}},{"type":"Feature","properties":{"cota":600,"indice":false},"geometry":{"type":"LineString","coordinates":[[-38.63514,-7.50707],[-38.62952,-7.51124],[-38.63102,-7.51559],[-38.63643,-7.51056],[-38.63514,-7.50707]]}},{"type":"Feature","properties":{"cota":600,"indice":false},"geometry":{"type":"LineString","coordinates":[[-38.59806,-7.49069],[-38.59119,-7.49142],[-38.59006,-7.49354],[-38.59455,-7.49694],[-38.59806,-7.49069]]}},{"type":"Feature","properties":{"cota":600,"indice":false},"geometry":{"type":"LineString","coordinates":[[-38.44769,-7.46136],[-38.44168,-7.46426],[-38.44357,-7.46481],[-38.44769,-7.46136]]}},{"type":"Feature","properties":{"cota":600,"indice":false},"geometry":{"type":"LineString","coordinates":[[-38.48339,-7.44823],[-38.4809,-7.45133],[-38.48408,-7.45269],[-38.48579,-7.45065],[-38.48339,-7.44823]]}},{"type":"Feature","properties":{"cota":600,"indice":false},"geometry":{"type":"LineString","coordinates":[[-38.48133,-7.43898],[-38.47819,-7.43907],[-38.48255,-7.44179],[-38.48339,-7.44591],[-38.48682,-7.44524],[-38.48682,-7.44048],[-38.48133,-7.43898]]}},{"type":"Feature","properties":{"cota":600,"indice":false},"geometry":{"type":"LineString","coordinates":[[-38.44975,-7.43425],[-38.43807,-7.44067],[-38.43258,-7.4404],[-38.43189,-7.4458],[-38.43807,-7.44521],[-38.44151,-7.44742],[-38.44494,-7.44544],[-38.44631,-7.44877],[-38.45043,-7.4495],[-38.45318,-7.44431],[-38.46416,-7.44357],[-38.47422,-7.43907],[-38.44975,-7.43425]]}},{"type":"Feature","properties":{"cota":500,"indice":true},"geometry":{"type":"LineString","coordinates":[[-38.39207,-7.42869],[-38.38905,-7.42886],[-38.39207,-7.43141],[-38.39358,-7.43022],[-38.39207,-7.42869]]}},{"type":"Feature","properties":{"cota":400,"indice":false},"geometry":{"type":"LineString","coordinates":[[-38.43464,-7.42475],[-38.43601,-7.42623],[-38.43266,-7.42477],[-38.43464,-7.42475]]}},{"type":"Feature","properties":{"cota":700,"indice":false},"geometry":{"type":"LineString","coordinates":[[-38.48339,-7.41589],[-38.48269,-7.41796],[-38.48657,-7.42273],[-38.49186,-7.42341],[-38.48947,-7.41864],[-38.48339,-7.41589]]}},{"type":"Feature","properties":{"cota":700,"indice":false},"geometry":{"type":"LineString","coordinates":[[-38.4676,-7.41102],[-38.46622,-7.41049],[-38.46462,-7.4132],[-38.46554,-7.41815],[-38.47103,-7.4149],[-38.47446,-7.41846],[-38.4788,-7.41456],[-38.47652,-7.41308],[-38.4724,-7.41436],[-38.4676,-7.41102]]}},{"type":"Feature","properties":{"cota":700,"indice":false},"geometry":{"type":"LineString","coordinates":[[-38.50124,-7.40842],[-38.50054,-7.40979],[-38.50417,-7.41115],[-38.50124,-7.40842]]}},{"type":"Feature","properties":{"cota":500,"indice":true},"geometry":{"type":"LineString","coordinates":[[-38.40786,-7.40631],[-38.40631,-7.40911],[-38.40923,-7.41211],[-38.40786,-7.40631]]}},{"type":"Feature","properties":{"cota":600,"indice":false},"geometry":{"type":"LineString","coordinates":[[-38.60973,-7.48856],[-38.60763,-7.49013],[-38.60973,-7.49354],[-38.61186,-7.49081],[-38.60973,-7.48856]]}},{"type":"Feature","properties":{"cota":600,"indice":false},"geometry":{"type":"LineString","coordinates":[[-38.55206,-7.47024],[-38.54906,-7.47243],[-38.5548,-7.47682],[-38.5548,-7.47205],[-38.55206,-7.47024]]}},{"type":"Feature","properties":{"cota":600,"indice":false},"geometry":{"type":"LineString","coordinates":[[-38.59561,-7.43651],[-38.58716,-7.44043],[-38.58566,-7.44316],[-38.59051,-7.44913],[-38.59669,-7.44934],[-38.59806,-7.45272],[-38.57334,-7.45337],[-38.56853,-7.45662],[-38.55923,-7.45269],[-38.55958,-7.45541],[-38.56725,-7.46358],[-38.56156,-7.46835],[-38.56479,-7.46971],[-38.56172,-7.47311],[-38.56387,-7.47856],[-38.57029,-7.48196],[-38.57391,-7.47788],[-38.57265,-7.47027],[-38.57952,-7.4656],[-38.58364,-7.46694],[-38.58744,-7.47175],[-38.58337,-7.47379],[-38.58325,-7.48128],[-38.58845,-7.48314],[-38.59463,-7.47706],[-38.59645,-7.48333],[-38.60493,-7.48534],[-38.60711,-7.48333],[-38.60836,-7.47628],[-38.61591,-7.47973],[-38.6209,-7.47652],[-38.62484,-7.46997],[-38.63033,-7.46825],[-38.63312,-7.46971],[-38.63164,-7.47584],[-38.62547,-7.4806],[-38.62605,-7.48469],[-38.62198,-7.49218],[-38.62759,-7.49447],[-38.63239,-7.49304],[-38.63583,-7.49464],[-38.63767,-7.49175]]}},{"type":"Feature","properties":{"cota":600,"indice":false},"geometry":{"type":"LineString","coordinates":[[-38.5397,-7.45189],[-38.53214,-7.45501],[-38.53214,-7.4606],[-38.53901,-7.46152],[-38.54313,-7.4645],[-38.54862,-7.46363],[-38.54963,-7.4595],[-38.54656,-7.45503],[-38.5397,-7.45189]]}},{"type":"Feature","properties":{"cota":700,"indice":false},"geometry":{"type":"LineString","coordinates":[[-38.59787,-7.4397],[-38.59598,-7.44111],[-38.60139,-7.44187]]}},{"type":"Feature","properties":{"cota":700,"indice":false},"geometry":{"type":"LineString","coordinates":[[-38.59339,-7.40947],[-38.5857,-7.41364],[-38.58021,-7.41139],[-38.57609,-7.41427],[-38.57815,-7.42352],[-38.58366,-7.42194]]}},{"type":"Feature","properties":{"cota":600,"indice":false},"geometry":{"type":"LineString","coordinates":[[-38.5136,-7.39473],[-38.51154,-7.39433],[-38.51049,-7.39686],[-38.51583,-7.40366],[-38.51703,-7.40094],[-38.5136,-7.39473]]}},{"type":"Feature","properties":{"cota":700,"indice":false},"geometry":{"type":"LineString","coordinates":[[-38.45387,-7.35933],[-38.45189,-7.36076],[-38.45875,-7.3703],[-38.45318,-7.37086],[-38.4528,-7.37438],[-38.45661,-7.37805],[-38.46073,-7.37402],[-38.46622,-7.37668],[-38.46587,-7.38187],[-38.47032,-7.39073],[-38.46607,-7.39413],[-38.46838,-7.3989],[-38.4719,-7.40026],[-38.4724,-7.40402],[-38.48476,-7.41146],[-38.49094,-7.41201],[-38.49597,-7.40979],[-38.49675,-7.40843],[-38.4932,-7.40366],[-38.4985,-7.40248],[-38.49958,-7.40026],[-38.49021,-7.39481],[-38.49165,-7.39073],[-38.48544,-7.38119],[-38.47584,-7.37103],[-38.46004,-7.36644],[-38.45387,-7.35933]]}},{"type":"Feature","properties":{"cota":700,"indice":false},"geometry":{"type":"LineString","coordinates":[[-38.49369,-7.37552],[-38.49267,-7.37779],[-38.49575,-7.37934],[-38.49369,-7.37552]]}},{"type":"Feature","properties":{"cota":600,"indice":false},"geometry":{"type":"LineString","coordinates":[[-38.41404,-7.37015],[-38.41473,-7.37305],[-38.41236,-7.37166],[-38.41404,-7.37015]]}},{"type":"Feature","properties":{"cota":700,"indice":false},"geometry":{"type":"LineString","coordinates":[[-38.43258,-7.36812],[-38.43058,-7.36962],[-38.43751,-7.3737],[-38.43739,-7.3699],[-38.43258,-7.36812]]}},{"type":"Feature","properties":{"cota":600,"indice":false},"geometry":{"type":"LineString","coordinates":[[-38.46897,-7.34515],[-38.46622,-7.35141],[-38.46523,-7.34919],[-38.46897,-7.34515]]}},{"type":"Feature","properties":{"cota":800,"indice":false},"geometry":{"type":"LineString","coordinates":[[-38.53146,-7.33939],[-38.52934,-7.34033],[-38.5294,-7.34519],[-38.52466,-7.34783],[-38.52665,-7.3505],[-38.53416,-7.34714],[-38.53354,-7.3417],[-38.53146,-7.33939]]}},{"type":"Feature","properties":{"cota":500,"indice":true},"geometry":{"type":"LineString","coordinates":[[-38.68218,-7.18372],[-38.66467,-7.18127],[-38.65437,-7.17655],[-38.62484,-7.17113],[-38.60699,-7.15949],[-38.59188,-7.15502],[-38.57883,-7.14679],[-38.55137,-7.14517],[-38.54979,-7.1462],[-38.54931,-7.15179],[-38.53832,-7.14588],[-38.5342,-7.14875],[-38.52047,-7.14692],[-38.50674,-7.15322],[-38.49423,-7.14348],[-38.49026,-7.14236],[-38.47405,-7.14552],[-38.47274,-7.15506],[-38.47835,-7.17141],[-38.46966,-7.17327],[-38.4676,-7.17885],[-38.45647,-7.18367],[-38.45543,-7.1864],[-38.45798,-7.19141],[-38.45074,-7.18299],[-38.45116,-7.18027],[-38.45582,-7.17686],[-38.45526,-7.17345],[-38.44554,-7.17345],[-38.44882,-7.16255],[-38.44288,-7.15166],[-38.43533,-7.15092],[-38.42846,-7.15287],[-38.42434,-7.15874],[-38.41819,-7.15915],[-38.41653,-7.16392],[-38.44082,-7.18459],[-38.4264,-7.17638],[-38.41953,-7.1764],[-38.41335,-7.17035],[-38.40341,-7.17414],[-38.40204,-7.168],[-38.39182,-7.16392],[-38.39567,-7.16051],[-38.3955,-7.1547],[-38.40305,-7.15544],[-38.4161,-7.15105],[-38.43605,-7.14143],[-38.43702,-7.14007],[-38.43536,-7.13803],[-38.41747,-7.13562],[-38.40992,-7.13644],[-38.40305,-7.13419],[-38.39756,-7.13508],[-38.36185,-7.12777],[-38.35875,-7.12849],[-38.36029,-7.13189],[-38.35911,-7.1327],[-38.33302,-7.12529],[-38.33105,-7.12644],[-38.3319,-7.12985],[-38.34118,-7.13939],[-38.34207,-7.14416],[-38.35636,-7.15333],[-38.35889,-7.15847],[-38.35636,-7.16094],[-38.34798,-7.15983],[-38.35018,-7.16769],[-38.34194,-7.16818],[-38.33915,-7.17822],[-38.34134,-7.18504],[-38.34601,-7.19049],[-38.34606,-7.19777],[-38.34156,-7.20139],[-38.34675,-7.20929],[-38.35224,-7.20137],[-38.35636,-7.20444],[-38.36417,-7.20615],[-38.36221,-7.21092],[-38.35773,-7.20986],[-38.3559,-7.2116],[-38.35913,-7.22046],[-38.3553,-7.22931],[-38.35773,-7.23183],[-38.36185,-7.23117],[-38.36306,-7.23681],[-38.35831,-7.23681],[-38.36213,-7.24566],[-38.35773,-7.24911],[-38.3543,-7.2472],[-38.35018,-7.24041],[-38.34332,-7.23813],[-38.33576,-7.23186],[-38.33576,-7.22817],[-38.33988,-7.22766],[-38.34252,-7.22318],[-38.33782,-7.21798],[-38.33233,-7.21717],[-38.32984,-7.21365],[-38.32958,-7.21139],[-38.33302,-7.20979],[-38.33164,-7.20418],[-38.32546,-7.2054],[-38.32047,-7.20207],[-38.32204,-7.19798],[-38.31928,-7.19328],[-38.31078,-7.1973],[-38.31143,-7.20343],[-38.30013,-7.19866],[-38.29953,-7.19321],[-38.30624,-7.19135],[-38.308,-7.18776],[-38.2942,-7.17686],[-38.29113,-7.17186],[-38.2779,-7.16596],[-38.27396,-7.16055],[-38.26533,-7.15847],[-38.25817,-7.15038],[-38.2513,-7.14932],[-38.24787,-7.15261],[-38.24644,-7.14961],[-38.24169,-7.14806],[-38.23895,-7.14456],[-38.22796,-7.15227],[-38.225,-7.13871],[-38.22041,-7.13718],[-38.21766,-7.13985],[-38.21217,-7.13968],[-38.20187,-7.13393],[-38.19569,-7.13493],[-38.18426,-7.13189],[-38.19088,-7.13846],[-38.19569,-7.13937],[-38.20324,-7.14652],[-38.21011,-7.14912],[-38.21666,-7.15642],[-38.22521,-7.1595],[-38.24032,-7.17311],[-38.25886,-7.17795],[-38.26572,-7.18379],[-38.27116,-7.18367],[-38.27465,-7.18786],[-38.28463,-7.18912],[-38.2883,-7.19185],[-38.28838,-7.19395],[-38.28289,-7.19359],[-38.27877,-7.19567],[-38.26298,-7.19306],[-38.25817,-7.20835],[-38.25938,-7.21501],[-38.25756,-7.22114],[-38.25165,-7.22387],[-38.24912,-7.23953],[-38.24581,-7.24285],[-38.23483,-7.24163],[-38.23233,-7.2443],[-38.2367,-7.24975],[-38.2513,-7.25533],[-38.25817,-7.26203],[-38.26484,-7.26473],[-38.26435,-7.26614],[-38.25405,-7.26494],[-38.24433,-7.26678],[-38.25073,-7.2804],[-38.25886,-7.29169],[-38.26117,-7.29062],[-38.25664,-7.28176],[-38.26298,-7.28297],[-38.26504,-7.27438],[-38.26984,-7.27504],[-38.27396,-7.27274],[-38.27595,-7.27427],[-38.27255,-7.277],[-38.27233,-7.2804],[-38.28289,-7.29339],[-38.28838,-7.2926],[-38.29113,-7.29733],[-38.29388,-7.29791],[-38.29422,-7.29266],[-38.29731,-7.28915],[-38.29937,-7.29405],[-38.30349,-7.29406],[-38.30652,-7.29811],[-38.30555,-7.3001],[-38.29868,-7.2998],[-38.29662,-7.30198],[-38.29594,-7.31183],[-38.29937,-7.31304],[-38.30651,-7.31105],[-38.31791,-7.3189],[-38.32409,-7.31472],[-38.33096,-7.31519],[-38.3337,-7.318],[-38.34194,-7.31479],[-38.34263,-7.31682],[-38.33714,-7.32407],[-38.33027,-7.32391],[-38.32917,-7.32535],[-38.33091,-7.3308],[-38.33901,-7.33625],[-38.34031,-7.3417],[-38.3459,-7.34646],[-38.34812,-7.35142],[-38.33439,-7.34112],[-38.32615,-7.34433],[-38.32443,-7.34783],[-38.33233,-7.35633],[-38.33781,-7.35872],[-38.33734,-7.36281],[-38.3392,-7.36527],[-38.34675,-7.36421],[-38.34949,-7.37059],[-38.35636,-7.37869],[-38.36017,-7.37575],[-38.36218,-7.36621],[-38.36666,-7.36663],[-38.36739,-7.36962],[-38.36397,-7.37438],[-38.36658,-7.38664],[-38.37559,-7.39019],[-38.37952,-7.39549],[-38.3775,-7.39686],[-38.37688,-7.40094],[-38.36855,-7.40298],[-38.36897,-7.40843],[-38.37649,-7.40979],[-38.37735,-7.41388],[-38.38314,-7.41685],[-38.38865,-7.41456],[-38.38841,-7.40979],[-38.38153,-7.40298],[-38.38574,-7.40162],[-38.38451,-7.39473],[-38.37872,-7.38528],[-38.37902,-7.38242],[-38.38769,-7.38596],[-38.38855,-7.39073],[-38.39344,-7.39448],[-38.39962,-7.39185],[-38.40094,-7.39549],[-38.3971,-7.39958],[-38.40031,-7.40338],[-38.40237,-7.39776],[-38.4065,-7.39822],[-38.40797,-7.39141],[-38.40985,-7.39141],[-38.41437,-7.41047],[-38.42228,-7.41856],[-38.43121,-7.42031],[-38.43533,-7.41831],[-38.43876,-7.42064],[-38.44357,-7.42032],[-38.44563,-7.42593],[-38.44906,-7.42416],[-38.45318,-7.42738],[-38.46828,-7.42967],[-38.47641,-7.43362],[-38.46485,-7.43441],[-38.44631,-7.43163],[-38.44082,-7.43291],[-38.42846,-7.42751],[-38.41899,-7.43022],[-38.41745,-7.4343],[-38.42116,-7.43635],[-38.41679,-7.44065],[-38.39756,-7.4402],[-38.39344,-7.43677],[-38.39186,-7.44248],[-38.40104,-7.44792],[-38.40702,-7.46699],[-38.41267,-7.47058],[-38.41208,-7.46699],[-38.41541,-7.46536],[-38.41679,-7.46202],[-38.42503,-7.46426],[-38.42238,-7.46835],[-38.4228,-7.47107],[-38.43121,-7.47915],[-38.43807,-7.48137],[-38.44357,-7.4778],[-38.45314,-7.47856],[-38.45249,-7.4832],[-38.44802,-7.48605],[-38.45181,-7.48934],[-38.45787,-7.48741],[-38.4676,-7.48012],[-38.4779,-7.47655],[-38.48064,-7.47275],[-38.48888,-7.47257],[-38.49103,-7.46835],[-38.48751,-7.46425],[-38.49369,-7.46359],[-38.49575,-7.45973],[-38.49987,-7.46395],[-38.5088,-7.45632],[-38.51038,-7.46154],[-38.51429,-7.46421],[-38.51936,-7.46154],[-38.51154,-7.47251],[-38.5033,-7.47154],[-38.48888,-7.4794],[-38.48339,-7.47756],[-38.47503,-7.48401],[-38.47584,-7.48724],[-38.48202,-7.48752],[-38.48476,-7.48449],[-38.49163,-7.48548],[-38.49204,-7.48877],[-38.49918,-7.49052],[-38.50761,-7.4806],[-38.51266,-7.47992],[-38.5136,-7.4764],[-38.52047,-7.47961],[-38.52665,-7.47643],[-38.53283,-7.4776],[-38.53743,-7.47447],[-38.54286,-7.47788],[-38.54038,-7.48293],[-38.5342,-7.48561],[-38.53379,-7.49013],[-38.53558,-7.49299],[-38.54313,-7.4885],[-38.55206,-7.50067],[-38.5548,-7.49878],[-38.55824,-7.49984],[-38.56236,-7.49666],[-38.57059,-7.50237],[-38.56922,-7.49176],[-38.57471,-7.4936],[-38.57883,-7.48867],[-38.58398,-7.49762],[-38.58353,-7.50988],[-38.58845,-7.51162],[-38.59051,-7.51875],[-38.59531,-7.5234],[-38.60149,-7.52414],[-38.60699,-7.52835],[-38.61797,-7.52842],[-38.62187,-7.52077],[-38.62072,-7.51668],[-38.62209,-7.51385],[-38.62353,-7.51532],[-38.62216,-7.52077],[-38.62765,-7.52621],[-38.63239,-7.52723],[-38.63651,-7.52434],[-38.64956,-7.52412],[-38.64544,-7.53118],[-38.64061,-7.53166],[-38.64269,-7.53805],[-38.64934,-7.5371],[-38.65208,-7.53359]]}},{"type":"Feature","properties":{"cota":700,"indice":false},"geometry":{"type":"LineString","coordinates":[[-38.41335,-7.25225],[-38.4098,-7.25316],[-38.40527,-7.25929],[-38.41422,-7.26678],[-38.41083,-7.27155],[-38.41423,-7.27631],[-38.41129,-7.27839],[-38.41082,-7.28449],[-38.41717,-7.28994],[-38.40565,-7.29198],[-38.40572,-7.29675],[-38.39607,-7.29947],[-38.38863,-7.29068],[-38.37879,-7.28313],[-38.37865,-7.27768],[-38.37398,-7.27291],[-38.37009,-7.27146],[-38.36529,-7.27495],[-38.36747,-7.28108],[-38.38428,-7.29879],[-38.38212,-7.30151],[-38.38646,-7.30696],[-38.38245,-7.30876],[-38.38028,-7.31241],[-38.38775,-7.31922],[-38.38863,-7.32847],[-38.38291,-7.3308],[-38.38589,-7.33457],[-38.38932,-7.33525],[-38.38993,-7.33148],[-38.39553,-7.32876],[-38.39809,-7.32331],[-38.39779,-7.31922],[-38.40168,-7.31749],[-38.40302,-7.31173],[-38.40625,-7.30833],[-38.40485,-7.30288],[-38.4133,-7.30424],[-38.40866,-7.31377],[-38.41061,-7.32434],[-38.41679,-7.3211],[-38.41953,-7.32443],[-38.42571,-7.32459],[-38.42777,-7.32698],[-38.43395,-7.32787],[-38.43506,-7.32058],[-38.44506,-7.31445],[-38.44143,-7.30969],[-38.44494,-7.30365],[-38.45247,-7.30151],[-38.44082,-7.29639],[-38.42915,-7.30205],[-38.42527,-7.30083],[-38.42815,-7.29198],[-38.42426,-7.28994],[-38.42024,-7.28108],[-38.42846,-7.28272],[-38.43177,-7.28108],[-38.43225,-7.27836],[-38.4272,-7.27631],[-38.4256,-7.2695],[-38.43395,-7.26722],[-38.43559,-7.25929],[-38.42571,-7.26034],[-38.41816,-7.25874],[-38.41335,-7.25225]]}},{"type":"Feature","properties":{"cota":600,"indice":false},"geometry":{"type":"MultiLineString","coordinates":[[[-38.493,-7.1455],[-38.47858,-7.14718],[-38.47772,-7.1537],[-38.48078,-7.15778],[-38.47925,-7.16255],[-38.48376,-7.16937],[-38.49238,-7.17686],[-38.49233,-7.18299],[-38.48339,-7.18717],[-38.48173,-7.19049],[-38.48808,-7.19594],[-38.48326,-7.20139],[-38.4882,-7.20713],[-38.49369,-7.20828],[-38.49987,-7.21311],[-38.52116,-7.20932],[-38.52059,-7.21365],[-38.52906,-7.22046],[-38.51443,-7.22182],[-38.52596,-7.2321],[-38.50536,-7.22655],[-38.50536,-7.23207],[-38.50056,-7.23193],[-38.49573,-7.23749],[-38.50193,-7.24325],[-38.5055,-7.24362],[-38.5136,-7.24928],[-38.52029,-7.24975],[-38.51772,-7.25404],[-38.51429,-7.25567],[-38.51017,-7.2541],[-38.5082,-7.2552],[-38.50536,-7.26583],[-38.52871,-7.26584],[-38.53017,-7.27018],[-38.5294,-7.27318],[-38.5239,-7.26694],[-38.51498,-7.27012],[-38.51446,-7.27223],[-38.52184,-7.2743],[-38.52424,-7.27904],[-38.52112,-7.27904],[-38.51498,-7.28569],[-38.51323,-7.28449],[-38.51154,-7.27639],[-38.50782,-7.27495],[-38.50536,-7.27866],[-38.50193,-7.27848],[-38.49824,-7.28108],[-38.5005,-7.28449],[-38.49917,-7.28857],[-38.51238,-7.29062],[-38.51068,-7.2947],[-38.51635,-7.30066],[-38.51978,-7.30173],[-38.52373,-7.31309],[-38.52807,-7.31786],[-38.52596,-7.32161],[-38.51635,-7.31668],[-38.51498,-7.32037],[-38.51017,-7.32017],[-38.50742,-7.32302],[-38.50262,-7.31946],[-38.49966,-7.32058],[-38.49781,-7.32452],[-38.49232,-7.31929],[-38.49094,-7.3154],[-38.48682,-7.31577],[-38.48768,-7.32331],[-38.49182,-7.32876],[-38.49646,-7.3308],[-38.49712,-7.33544],[-38.50202,-7.33897],[-38.49094,-7.33616],[-38.48888,-7.34072],[-38.48589,-7.33489],[-38.48064,-7.33209],[-38.47935,-7.33965],[-38.47721,-7.34028],[-38.4758,-7.34442],[-38.47863,-7.34851],[-38.4779,-7.35077],[-38.46973,-7.34374],[-38.47344,-7.33421],[-38.47324,-7.32876],[-38.47652,-7.32352],[-38.47446,-7.32338],[-38.4724,-7.32747],[-38.46191,-7.33489],[-38.46485,-7.32535],[-38.46876,-7.32467],[-38.46818,-7.32058],[-38.47063,-7.3165],[-38.46741,-7.31309],[-38.46966,-7.31114],[-38.47479,-7.31105],[-38.47568,-7.30628],[-38.47997,-7.3022],[-38.47721,-7.29803],[-38.47309,-7.29686],[-38.47543,-7.29062],[-38.46427,-7.29062],[-38.47151,-7.28449],[-38.46562,-7.28313],[-38.47103,-7.27971],[-38.48064,-7.28173],[-38.48205,-7.27836],[-38.48078,-7.27291],[-38.4724,-7.2718],[-38.47192,-7.26882],[-38.47494,-7.26542],[-38.46428,-7.25656],[-38.46656,-7.25111],[-38.45965,-7.24839],[-38.45661,-7.24317],[-38.45485,-7.24498],[-38.45455,-7.25052],[-38.44631,-7.25506],[-38.44151,-7.24925],[-38.43052,-7.25229],[-38.42255,-7.24975],[-38.43707,-7.24226],[-38.43854,-7.23817],[-38.4421,-7.23681],[-38.43807,-7.23149],[-38.44506,-7.23068],[-38.44082,-7.22608],[-38.42997,-7.22659],[-38.4356,-7.2191],[-38.43138,-7.21433],[-38.43327,-7.20888],[-38.42846,-7.20865],[-38.42111,-7.20479],[-38.41866,-7.19934],[-38.43591,-7.19866],[-38.42993,-7.19253],[-38.42571,-7.19194],[-38.42228,-7.1889],[-38.41001,-7.18844],[-38.41061,-7.17803],[-38.40786,-7.17679],[-38.40305,-7.17833],[-38.39128,-7.16732],[-38.3749,-7.16243],[-38.36411,-7.16528],[-38.36941,-7.16674],[-38.36946,-7.17209],[-38.37238,-7.17822],[-38.36433,-7.18163],[-38.37215,-7.18729],[-38.37696,-7.18726],[-38.37468,-7.19185],[-38.37714,-7.19798],[-38.37569,-7.20002],[-38.38208,-7.20479],[-38.38238,-7.20956],[-38.37424,-7.21433],[-38.38047,-7.2191],[-38.38166,-7.22523],[-38.38425,-7.22795],[-38.38422,-7.2334],[-38.38017,-7.23681],[-38.37886,-7.24158],[-38.38177,-7.25123],[-38.37425,-7.24362],[-38.37078,-7.23507],[-38.36675,-7.23613],[-38.37103,-7.24634],[-38.37696,-7.25391],[-38.38383,-7.25612],[-38.38641,-7.26065],[-38.39069,-7.26269],[-38.39079,-7.26542],[-38.39665,-7.26814],[-38.39687,-7.27001],[-38.38177,-7.2657],[-38.37833,-7.26796],[-38.36941,-7.25846],[-38.36185,-7.26276],[-38.35888,-7.25452],[-38.34126,-7.24288],[-38.33782,-7.24391],[-38.33697,-7.24771],[-38.34194,-7.25747],[-38.33233,-7.252],[-38.3289,-7.25406],[-38.32714,-7.25111],[-38.33137,-7.2443],[-38.33101,-7.23476],[-38.31928,-7.22495],[-38.31516,-7.22509],[-38.31448,-7.22772],[-38.31113,-7.22795],[-38.31983,-7.24021],[-38.32033,-7.2443],[-38.31448,-7.24504],[-38.31278,-7.24158],[-38.30967,-7.24023],[-38.3073,-7.24362],[-38.30825,-7.24703],[-38.31219,-7.25043],[-38.3123,-7.25724],[-38.30391,-7.25384],[-38.30143,-7.24967],[-38.29319,-7.24926],[-38.28986,-7.23885],[-38.29597,-7.23749],[-38.29158,-7.2334],[-38.29155,-7.23],[-38.28976,-7.22972],[-38.28896,-7.2334],[-38.28358,-7.23727],[-38.27967,-7.23545],[-38.27989,-7.22795],[-38.28529,-7.21978],[-38.2822,-7.21751],[-38.2774,-7.21999],[-38.27271,-7.21433],[-38.27328,-7.20997],[-38.27867,-7.20275],[-38.27534,-7.19934],[-38.27028,-7.20139],[-38.27248,-7.20752],[-38.27002,-7.21092],[-38.26973,-7.22931],[-38.2671,-7.22941],[-38.26435,-7.22078],[-38.2616,-7.21996],[-38.26092,-7.2255],[-38.25542,-7.22539],[-38.25383,-7.22727],[-38.25226,-7.23272],[-38.25405,-7.2421],[-38.25683,-7.24294],[-38.2616,-7.23474],[-38.26401,-7.24566],[-38.2678,-7.24975],[-38.26916,-7.25455],[-38.27259,-7.2561],[-38.27435,-7.25452],[-38.27556,-7.24907],[-38.27396,-7.24278],[-38.28265,-7.24975],[-38.28417,-7.25316],[-38.28907,-7.25097],[-38.28979,-7.25384],[-38.29594,-7.25829],[-38.30074,-7.26832],[-38.30692,-7.26911],[-38.31104,-7.27279],[-38.31791,-7.27327],[-38.3186,-7.27535],[-38.30898,-7.27591],[-38.30791,-7.27768],[-38.31319,-7.29334],[-38.31654,-7.29438],[-38.3186,-7.29179],[-38.31981,-7.29266],[-38.32066,-7.30164],[-38.32478,-7.30261],[-38.3289,-7.30111],[-38.3337,-7.30306],[-38.33714,-7.30701],[-38.33736,-7.30424],[-38.32911,-7.29538],[-38.3332,-7.29198],[-38.33402,-7.28721],[-38.3392,-7.28675],[-38.34194,-7.2913],[-38.34911,-7.29198],[-38.3451,-7.29675],[-38.35359,-7.30151],[-38.35224,-7.3046],[-38.34846,-7.30628],[-38.35018,-7.31241],[-38.36254,-7.31663],[-38.36621,-7.3199],[-38.3543,-7.32315],[-38.35293,-7.32697],[-38.34386,-7.32876],[-38.3496,-7.33761],[-38.34951,-7.34306],[-38.35979,-7.35318],[-38.3612,-7.34374],[-38.36666,-7.34654],[-38.3727,-7.34646],[-38.37215,-7.34831],[-38.36666,-7.34935],[-38.36584,-7.35191],[-38.3729,-7.35736],[-38.37505,-7.36553],[-38.37421,-7.37257],[-38.37902,-7.37374],[-38.38489,-7.37915],[-38.3901,-7.37302],[-38.38934,-7.36894],[-38.39224,-7.36621],[-38.39118,-7.36213],[-38.39413,-7.35918],[-38.39591,-7.36076],[-38.39509,-7.36553],[-38.39756,-7.37078],[-38.40923,-7.37081],[-38.40772,-7.37506],[-38.40913,-7.38051],[-38.41473,-7.37994],[-38.42434,-7.38526],[-38.42091,-7.39012],[-38.41658,-7.39005],[-38.41937,-7.39617],[-38.41898,-7.39958],[-38.4264,-7.3999],[-38.43186,-7.40707],[-38.42503,-7.40633],[-38.42227,-7.40775],[-38.42365,-7.4162],[-38.43052,-7.41666],[-38.43533,-7.41421],[-38.44013,-7.41535],[-38.44606,-7.40843],[-38.44837,-7.40131],[-38.45715,-7.41388],[-38.45694,-7.41796],[-38.45363,-7.42137],[-38.45455,-7.42341],[-38.46828,-7.42545],[-38.47446,-7.429],[-38.47858,-7.42733],[-38.4827,-7.42811],[-38.48378,-7.43226],[-38.493,-7.43501],[-38.50674,-7.43212],[-38.51154,-7.43418],[-38.51772,-7.43138],[-38.51878,-7.42886],[-38.5136,-7.42434],[-38.50206,-7.42205],[-38.49937,-7.41933],[-38.50262,-7.41651],[-38.51086,-7.4185],[-38.51192,-7.41524],[-38.50401,-7.40026],[-38.49711,-7.39345],[-38.49525,-7.38664],[-38.49918,-7.38639],[-38.50605,-7.39059],[-38.50828,-7.38868],[-38.50674,-7.38335],[-38.51429,-7.38964],[-38.51704,-7.38518],[-38.52253,-7.39342],[-38.52459,-7.39384],[-38.52371,-7.37506],[-38.53764,-7.38029],[-38.5402,-7.37779],[-38.54011,-7.37166],[-38.54519,-7.36866],[-38.54862,-7.37461],[-38.55283,-7.37643],[-38.55022,-7.38187],[-38.55672,-7.388],[-38.5578,-7.39617],[-38.5651,-7.39572],[-38.56785,-7.40428],[-38.57324,-7.40503],[-38.56733,-7.41115],[-38.56716,-7.41416],[-38.57197,-7.41716],[-38.57609,-7.42696],[-38.58401,-7.43022],[-38.57128,-7.43121],[-38.57145,-7.43499],[-38.57677,-7.43731],[-38.58982,-7.43634],[-38.59284,-7.4341]],[[-38.58473,-7.43036],[-38.58468,-7.42991]],[[-38.663,-7.18387],[-38.65368,-7.17883],[-38.62347,-7.17298],[-38.60561,-7.16092],[-38.59119,-7.15758],[-38.57842,-7.14893],[-38.56098,-7.14756],[-38.55305,-7.14893],[-38.55618,-7.15398],[-38.56304,-7.1594],[-38.58982,-7.17727],[-38.58215,-7.1755],[-38.54382,-7.15334],[-38.53832,-7.15175],[-38.51978,-7.15072],[-38.51391,-7.15233],[-38.51291,-7.15506],[-38.51615,-7.16392],[-38.51292,-7.16572],[-38.50536,-7.15947],[-38.49987,-7.15756],[-38.49861,-7.15165],[-38.493,-7.1455]]]}},{"type":"Feature","properties":{"cota":700,"indice":false},"geometry":{"type":"MultiLineString","coordinates":[[[-38.55093,-7.32082],[-38.55016,-7.32467],[-38.54593,-7.32739],[-38.54478,-7.33216],[-38.5463,-7.33557],[-38.5445,-7.33748],[-38.53626,-7.33584],[-38.53214,-7.33217],[-38.5239,-7.33666],[-38.5191,-7.3317],[-38.51144,-7.34033],[-38.51133,-7.34238],[-38.52114,-7.35464],[-38.51666,-7.36076],[-38.51566,-7.37187],[-38.51704,-7.37331],[-38.52184,-7.36817],[-38.52665,-7.3721],[-38.5342,-7.37421],[-38.53534,-7.36894],[-38.53788,-7.36689],[-38.53774,-7.36349],[-38.53942,-7.36281],[-38.53892,-7.3594],[-38.54725,-7.35547],[-38.55,-7.34572],[-38.55364,-7.34851],[-38.55349,-7.35464],[-38.55737,-7.36076],[-38.55303,-7.36757],[-38.56262,-7.36757],[-38.56012,-7.37711],[-38.56836,-7.37983],[-38.56355,-7.39073],[-38.57265,-7.39199],[-38.57595,-7.39481],[-38.57815,-7.40113],[-38.59243,-7.40683]],[[-38.54958,-7.3337],[-38.55026,-7.32886]]]}},{"type":"Feature","properties":{"cota":700,"indice":false},"geometry":{"type":"MultiLineString","coordinates":[[[-38.53989,-7.30559],[-38.54162,-7.3075]],[[-38.54317,-7.30882],[-38.54591,-7.31117]]]}},{"type":"Feature","properties":{"cota":700,"indice":false},"geometry":{"type":"MultiLineString","coordinates":[[[-38.57197,-7.15156],[-38.56304,-7.15218],[-38.56225,-7.15438],[-38.57334,-7.16311],[-38.59119,-7.17081],[-38.60918,-7.1832]],[[-38.60941,-7.18351],[-38.61627,-7.19049],[-38.60973,-7.1883],[-38.60355,-7.18955],[-38.59257,-7.18374],[-38.58295,-7.18506],[-38.5817,-7.18328]],[[-38.58172,-7.1832],[-38.58092,-7.18027],[-38.57471,-7.17923],[-38.55824,-7.17102],[-38.55343,-7.16245],[-38.5445,-7.15774],[-38.54201,-7.15778],[-38.54038,-7.16325],[-38.53008,-7.15827],[-38.52477,-7.15915],[-38.5342,-7.16994],[-38.56236,-7.1805],[-38.5651,-7.1858],[-38.5651,-7.1875],[-38.55274,-7.18347],[-38.54899,-7.18435],[-38.54723,-7.18844],[-38.54825,-7.19185],[-38.54172,-7.19594],[-38.54937,-7.20275],[-38.54447,-7.20343],[-38.54384,-7.20615],[-38.55206,-7.20808],[-38.55961,-7.21353],[-38.57197,-7.21719],[-38.58133,-7.21297],[-38.57911,-7.21637],[-38.58127,-7.2191],[-38.58029,-7.22182],[-38.56922,-7.22111],[-38.56922,-7.22458],[-38.56167,-7.22111],[-38.55824,-7.21743],[-38.55343,-7.21774],[-38.55378,-7.22455],[-38.55043,-7.22931],[-38.55599,-7.23613],[-38.54875,-7.23408],[-38.53892,-7.25452],[-38.5498,-7.25588],[-38.54931,-7.25872],[-38.54313,-7.26022],[-38.53937,-7.2661],[-38.54225,-7.27266]],[[-38.65439,-7.1832],[-38.64132,-7.17781],[-38.63377,-7.17939],[-38.62896,-7.17627],[-38.62278,-7.17535],[-38.60335,-7.16187],[-38.59119,-7.16161],[-38.58158,-7.15295],[-38.57197,-7.15156]]]}},{"type":"Feature","properties":{"cota":800,"indice":false},"geometry":{"type":"MultiLineString","coordinates":[[[-38.59325,-7.18892],[-38.58957,-7.19049],[-38.59476,-7.19594],[-38.59461,-7.20683],[-38.59906,-7.21637],[-38.60355,-7.21994],[-38.61317,-7.22335],[-38.61497,-7.23053]],[[-38.62066,-7.21642],[-38.61853,-7.21365],[-38.61248,-7.21537],[-38.60806,-7.21297],[-38.60505,-7.20683],[-38.60633,-7.20139],[-38.60386,-7.19594],[-38.59806,-7.19054],[-38.59325,-7.18892]]]}},{"type":"Feature","properties":{"cota":800,"indice":false},"geometry":{"type":"LineString","coordinates":[[-38.62272,-7.20479],[-38.62224,-7.20753]]}},{"type":"Feature","properties":{"cota":800,"indice":false},"geometry":{"type":"MultiLineString","coordinates":[[[-38.62965,-7.19018],[-38.62757,-7.19049],[-38.62893,-7.19217]],[[-38.63072,-7.19255],[-38.62965,-7.19018]]]}},{"type":"Feature","properties":{"cota":600,"indice":false},"geometry":{"type":"MultiLineString","coordinates":[[[-38.67153,-7.18434],[-38.66873,-7.18492]],[[-38.6819,-7.18638],[-38.67153,-7.18434]]]}},{"type":"Feature","properties":{"cota":700,"indice":false},"geometry":{"type":"LineString","coordinates":[[-38.5294,-7.28435],[-38.5242,-7.29334],[-38.52596,-7.29726],[-38.53008,-7.29716],[-38.53347,-7.29334],[-38.5294,-7.28435]]}},{"type":"Feature","properties":{"cota":600,"indice":false},"geometry":{"type":"LineString","coordinates":[[-38.49506,-7.22318],[-38.49234,-7.22455],[-38.4987,-7.22659],[-38.49506,-7.22318]]}},{"type":"Feature","properties":{"cota":600,"indice":false},"geometry":{"type":"LineString","coordinates":[[-38.45936,-7.22164],[-38.45612,-7.2225],[-38.46073,-7.22819],[-38.46321,-7.22455],[-38.45936,-7.22164]]}},{"type":"Feature","properties":{"cota":700,"indice":false},"geometry":{"type":"LineString","coordinates":[[-38.40649,-7.2177],[-38.39571,-7.21978],[-38.39499,-7.2225],[-38.40511,-7.22622],[-38.40941,-7.22318],[-38.40649,-7.2177]]}},{"type":"Feature","properties":{"cota":600,"indice":false},"geometry":{"type":"LineString","coordinates":[[-38.48133,-7.20952],[-38.47719,-7.21024],[-38.48133,-7.21283],[-38.48691,-7.21297],[-38.48614,-7.21013],[-38.48133,-7.20952]]}},{"type":"Feature","properties":{"cota":600,"indice":false},"geometry":{"type":"LineString","coordinates":[[-38.43601,-7.20879],[-38.43327,-7.20888],[-38.43601,-7.20999],[-38.43601,-7.20879]]}},{"type":"Feature","properties":{"cota":700,"indice":false},"geometry":{"type":"LineString","coordinates":[[-38.52116,-7.18773],[-38.51772,-7.19433],[-38.51292,-7.19543],[-38.51017,-7.19858],[-38.49712,-7.19503],[-38.49465,-7.20207],[-38.50124,-7.20763],[-38.50811,-7.20259],[-38.51429,-7.20423],[-38.5191,-7.20286],[-38.5282,-7.19662],[-38.52765,-7.19389],[-38.52116,-7.18773]]}},{"type":"Feature","properties":{"cota":600,"indice":false},"geometry":{"type":"LineString","coordinates":[[-38.43601,-7.16389],[-38.43397,-7.16732],[-38.4367,-7.17079],[-38.43942,-7.16664],[-38.43601,-7.16389]]}},{"type":"Feature","properties":{"cota":700,"indice":false},"geometry":{"type":"LineString","coordinates":[[-38.39756,-7.14407],[-38.39538,-7.14484],[-38.39755,-7.14893],[-38.40251,-7.14893],[-38.40306,-7.1462],[-38.39756,-7.14407]]}},{"type":"Feature","properties":{"cota":600,"indice":false},"geometry":{"type":"LineString","coordinates":[[-38.3392,-7.12842],[-38.33738,-7.12917],[-38.34126,-7.13458],[-38.34743,-7.14022],[-38.35254,-7.14143],[-38.35979,-7.15065],[-38.38177,-7.16015],[-38.38863,-7.16061],[-38.39056,-7.15915],[-38.38972,-7.15506],[-38.38537,-7.15029],[-38.3852,-7.14613],[-38.39756,-7.15195],[-38.40544,-7.15233],[-38.41541,-7.14889],[-38.42022,-7.14449],[-38.4264,-7.14409],[-38.43014,-7.14007],[-38.40374,-7.13686],[-38.39825,-7.13883],[-38.38108,-7.13433],[-38.36941,-7.1393],[-38.3392,-7.12842]]}},{"type":"Feature","properties":{"cota":500,"indice":true},"geometry":{"type":"LineString","coordinates":[[-38.69007,-7.03032],[-38.68742,-7.03105],[-38.68938,-7.03179],[-38.69007,-7.03032]]}},{"type":"Feature","properties":{"cota":600,"indice":false},"geometry":{"type":"LineString","coordinates":[[-38.34263,-7.35327],[-38.34168,-7.356],[-38.34447,-7.35668],[-38.34263,-7.35327]]}},{"type":"Feature","properties":{"cota":500,"indice":true},"geometry":{"type":"LineString","coordinates":[[-38.31654,-7.35104],[-38.31516,-7.35331],[-38.31899,-7.35395],[-38.31654,-7.35104]]}},{"type":"Feature","properties":{"cota":600,"indice":false},"geometry":{"type":"LineString","coordinates":[[-38.33439,-7.34641],[-38.33169,-7.34783],[-38.3337,-7.35125],[-38.33697,-7.34919],[-38.33439,-7.34641]]}},{"type":"Feature","properties":{"cota":500,"indice":true},"geometry":{"type":"LineString","coordinates":[[-38.29319,-7.31714],[-38.28884,-7.31786],[-38.28976,-7.32337],[-38.30212,-7.32261],[-38.30599,-7.32535],[-38.30729,-7.32944],[-38.31288,-7.33284],[-38.31466,-7.33216],[-38.31242,-7.32483],[-38.30349,-7.31885],[-38.29319,-7.31714]]}},{"type":"Feature","properties":{"cota":500,"indice":true},"geometry":{"type":"LineString","coordinates":[[-38.27259,-7.30544],[-38.27081,-7.30696],[-38.27398,-7.30833],[-38.27476,-7.30696],[-38.27259,-7.30544]]}},{"type":"Feature","properties":{"cota":500,"indice":true},"geometry":{"type":"LineString","coordinates":[[-38.24306,-7.29384],[-38.24167,-7.29402],[-38.24444,-7.29665],[-38.24306,-7.29384]]}},{"type":"Feature","properties":{"cota":400,"indice":false},"geometry":{"type":"LineString","coordinates":[[-38.23551,-7.28216],[-38.23377,-7.28585],[-38.23759,-7.2947],[-38.24272,-7.30015],[-38.24813,-7.30151],[-38.24605,-7.2913],[-38.2393,-7.28857],[-38.23551,-7.28216]]}},{"type":"Feature","properties":{"cota":700,"indice":false},"geometry":{"type":"LineString","coordinates":[[-38.35087,-7.28018],[-38.34769,-7.2804],[-38.35472,-7.28381],[-38.35457,-7.28176],[-38.35087,-7.28018]]}},{"type":"Feature","properties":{"cota":600,"indice":false},"geometry":{"type":"LineString","coordinates":[[-38.298,-7.21746],[-38.29662,-7.21913],[-38.29922,-7.2191],[-38.298,-7.21746]]}},{"type":"Feature","properties":{"cota":600,"indice":false},"geometry":{"type":"LineString","coordinates":[[-38.30006,-7.2088],[-38.29789,-7.20956],[-38.30006,-7.21216],[-38.30139,-7.21024],[-38.30006,-7.2088]]}},{"type":"Feature","properties":{"cota":500,"indice":true},"geometry":{"type":"LineString","coordinates":[[-38.18195,-7.24288],[-38.17704,-7.24634],[-38.17852,-7.25104],[-38.18882,-7.25851],[-38.19136,-7.2586],[-38.19118,-7.25656],[-38.18259,-7.25043],[-38.18239,-7.24839],[-38.18508,-7.24634],[-38.18195,-7.24288]]}},{"type":"Feature","properties":{"cota":500,"indice":true},"geometry":{"type":"LineString","coordinates":[[-38.19569,-7.24631],[-38.19248,-7.24771],[-38.20232,-7.25247],[-38.19912,-7.24776],[-38.19569,-7.24631]]}},{"type":"Feature","properties":{"cota":400,"indice":false},"geometry":{"type":"LineString","coordinates":[[-38.15517,-7.20678],[-38.14601,-7.20752],[-38.14696,-7.21297],[-38.14283,-7.21773],[-38.14487,-7.22372],[-38.13185,-7.21842],[-38.12977,-7.21212],[-38.11947,-7.21461],[-38.11741,-7.21075],[-38.1126,-7.21282],[-38.1078,-7.21204],[-38.10574,-7.21493],[-38.10107,-7.21637],[-38.10505,-7.2185],[-38.10767,-7.22523],[-38.10711,-7.22731],[-38.10368,-7.22811],[-38.10503,-7.23749],[-38.11466,-7.23712],[-38.11878,-7.24254],[-38.12301,-7.24362],[-38.12359,-7.24857],[-38.11672,-7.24601],[-38.11264,-7.24907],[-38.117,-7.26337],[-38.11084,-7.26678],[-38.11495,-7.27087],[-38.11503,-7.27631],[-38.11947,-7.27711],[-38.11922,-7.26678],[-38.12084,-7.26233],[-38.12702,-7.26098],[-38.1332,-7.26467],[-38.13229,-7.25384],[-38.13801,-7.25005],[-38.14109,-7.25179],[-38.14419,-7.25724],[-38.15105,-7.26083],[-38.15586,-7.25973],[-38.15942,-7.26133],[-38.15644,-7.26473],[-38.15929,-7.27106],[-38.16564,-7.27018],[-38.17097,-7.26204],[-38.17382,-7.26542],[-38.17371,-7.27176],[-38.18058,-7.27117],[-38.18333,-7.26913],[-38.18813,-7.26974],[-38.18676,-7.27347],[-38.18127,-7.27621],[-38.18607,-7.28147],[-38.19569,-7.28538],[-38.21079,-7.28816],[-38.21045,-7.28517],[-38.20512,-7.27904],[-38.21073,-7.26746],[-38.20579,-7.25997],[-38.20856,-7.25724],[-38.20812,-7.25179],[-38.19864,-7.24158],[-38.19294,-7.23777],[-38.18813,-7.23729],[-38.18369,-7.22659],[-38.17852,-7.22426],[-38.16891,-7.21516],[-38.16273,-7.2148],[-38.15517,-7.20678]]}},{"type":"Feature","properties":{"cota":500,"indice":true},"geometry":{"type":"LineString","coordinates":[[-38.16959,-7.22034],[-38.16616,-7.22017],[-38.14899,-7.2306],[-38.1414,-7.22863],[-38.14419,-7.2334],[-38.13902,-7.23476],[-38.13886,-7.23953],[-38.14899,-7.24233],[-38.16204,-7.24174],[-38.16317,-7.24362],[-38.16033,-7.25111],[-38.16616,-7.2528],[-38.16874,-7.24226],[-38.16822,-7.23577],[-38.17509,-7.23575],[-38.18122,-7.23272],[-38.17035,-7.22659],[-38.1719,-7.22318],[-38.16959,-7.22034]]}},{"type":"Feature","properties":{"cota":500,"indice":true},"geometry":{"type":"LineString","coordinates":[[-38.15517,-7.2189],[-38.1527,-7.2191],[-38.15792,-7.22196],[-38.15517,-7.2189]]}},{"type":"Feature","properties":{"cota":300,"indice":false},"geometry":{"type":"LineString","coordinates":[[-38.17989,-7.1965],[-38.1847,-7.20495],[-38.17972,-7.2007],[-38.17989,-7.1965]]}},{"type":"Feature","properties":{"cota":400,"indice":false},"geometry":{"type":"LineString","coordinates":[[-38.1284,-7.18706],[-38.12644,-7.18776],[-38.13032,-7.18912],[-38.1284,-7.18706]]}},{"type":"Feature","properties":{"cota":300,"indice":false},"geometry":{"type":"LineString","coordinates":[[-38.20255,-7.18358],[-38.2053,-7.18461],[-38.2053,-7.18762],[-38.20187,-7.18563],[-38.20255,-7.18358]]}},{"type":"Feature","properties":{"cota":400,"indice":false},"geometry":{"type":"LineString","coordinates":[[-38.11878,-7.17678],[-38.11547,-7.17822],[-38.11947,-7.18141],[-38.12709,-7.17959],[-38.11878,-7.17678]]}},{"type":"Feature","properties":{"cota":300,"indice":false},"geometry":{"type":"LineString","coordinates":[[-38.12565,-7.14064],[-38.12124,-7.14075],[-38.12362,-7.1462],[-38.12088,-7.14825],[-38.12977,-7.15955],[-38.12803,-7.15029],[-38.13278,-7.14825],[-38.12871,-7.14211],[-38.12565,-7.14064]]}},{"type":"Feature","properties":{"cota":500,"indice":true},"geometry":{"type":"LineString","coordinates":[[-38.21697,-7.19523],[-38.21491,-7.19621],[-38.21558,-7.20615],[-38.22041,-7.20512],[-38.22659,-7.20865],[-38.23002,-7.2077],[-38.23082,-7.22182],[-38.23551,-7.22446],[-38.23795,-7.21092],[-38.23623,-7.20615],[-38.22796,-7.19925],[-38.21697,-7.19523]]}},{"type":"Feature","properties":{"cota":500,"indice":true},"geometry":{"type":"LineString","coordinates":[[-38.31654,-7.2044],[-38.31722,-7.20742],[-38.31511,-7.20547],[-38.31654,-7.2044]]}},{"type":"Feature","properties":{"cota":500,"indice":true},"geometry":{"type":"LineString","coordinates":[[-38.241,-7.19457],[-38.241,-7.1992],[-38.2465,-7.20557],[-38.2465,-7.20206],[-38.241,-7.19457]]}},{"type":"Feature","properties":{"cota":600,"indice":false},"geometry":{"type":"LineString","coordinates":[[-38.23826,-7.1516],[-38.23475,-7.15233],[-38.2332,-7.15574],[-38.22829,-7.15778],[-38.241,-7.17095],[-38.26023,-7.17542],[-38.26778,-7.17894],[-38.27534,-7.17936],[-38.28426,-7.18488],[-38.29388,-7.18803],[-38.29726,-7.18708],[-38.29694,-7.18299],[-38.28701,-7.18203],[-38.2818,-7.17277],[-38.27602,-7.17281],[-38.27328,-7.16409],[-38.26366,-7.16073],[-38.25765,-7.15302],[-38.25336,-7.15475],[-38.25231,-7.16255],[-38.25062,-7.16357],[-38.23653,-7.16051],[-38.23571,-7.1571],[-38.2415,-7.15506],[-38.23826,-7.1516]]}},{"type":"Feature","properties":{"cota":400,"indice":false},"geometry":{"type":"LineString","coordinates":[[-38.29044,-7.15214],[-38.28797,-7.15233],[-38.28976,-7.15413],[-38.29044,-7.15214]]}},{"type":"Feature","properties":{"cota":700,"indice":false},"geometry":{"type":"LineString","coordinates":[[-38.37696,-7.14551],[-38.37353,-7.1472],[-38.36391,-7.14499],[-38.36181,-7.1462],[-38.37215,-7.15315],[-38.38214,-7.1537],[-38.38108,-7.14801],[-38.37696,-7.14551]]}},{"type":"Feature","properties":{"cota":400,"indice":false},"geometry":{"type":"LineString","coordinates":[[-38.22521,-7.10941],[-38.22079,-7.11009],[-38.22055,-7.11622],[-38.21826,-7.12031],[-38.22041,-7.12307],[-38.22659,-7.12489],[-38.23002,-7.1236],[-38.23414,-7.12763],[-38.24032,-7.12972],[-38.24674,-7.12849],[-38.24665,-7.12508],[-38.24032,-7.11801],[-38.23277,-7.11202],[-38.22521,-7.10941]]}},{"type":"Feature","properties":{"cota":500,"indice":true},"geometry":{"type":"LineString","coordinates":[[-38.22865,-7.11272],[-38.22453,-7.11255],[-38.2259,-7.11757],[-38.23208,-7.11818],[-38.23483,-7.1227],[-38.24169,-7.12447],[-38.23831,-7.11895],[-38.22865,-7.11272]]}},{"type":"Feature","properties":{"cota":300,"indice":false},"geometry":{"type":"LineString","coordinates":[[-38.24032,-7.09981],[-38.23866,-7.10055],[-38.24218,-7.10123],[-38.24032,-7.09981]]}},{"type":"Feature","properties":{"cota":400,"indice":false},"geometry":{"type":"LineString","coordinates":[[-38.30074,-7.08325],[-38.2925,-7.08323],[-38.29066,-7.08556],[-38.29319,-7.08926],[-38.30006,-7.08952],[-38.30186,-7.08556],[-38.30074,-7.08325]]}},{"type":"Feature","properties":{"cota":600,"indice":false},"geometry":{"type":"LineString","coordinates":[[-38.20324,-7.13792],[-38.20035,-7.13871],[-38.2053,-7.14408],[-38.21148,-7.14711],[-38.21835,-7.15467],[-38.22315,-7.15563],[-38.22471,-7.14825],[-38.22315,-7.14528],[-38.20324,-7.13792]]}},{"type":"Feature","properties":{"cota":400,"indice":false},"geometry":{"type":"LineString","coordinates":[[-38.16685,-7.14068],[-38.16532,-7.14075],[-38.16592,-7.14348],[-38.17028,-7.14586],[-38.16685,-7.14068]]}},{"type":"Feature","properties":{"cota":300,"indice":false},"geometry":{"type":"LineString","coordinates":[[-38.17028,-7.13032],[-38.17234,-7.13299],[-38.17028,-7.13032]]}},{"type":"Feature","properties":{"cota":300,"indice":false},"geometry":{"type":"LineString","coordinates":[[-38.13732,-7.11726],[-38.13457,-7.11801],[-38.13526,-7.12013],[-38.13894,-7.11963],[-38.13732,-7.11726]]}},{"type":"Feature","properties":{"cota":300,"indice":false},"geometry":{"type":"LineString","coordinates":[[-38.19363,-7.11576],[-38.19399,-7.11759],[-38.19225,-7.11776],[-38.19363,-7.11576]]}},{"type":"Feature","properties":{"cota":400,"indice":false},"geometry":{"type":"LineString","coordinates":[[-38.21285,-7.10855],[-38.20722,-7.11214],[-38.21285,-7.11497],[-38.21556,-7.11418],[-38.21642,-7.11214],[-38.21285,-7.10855]]}},{"type":"Feature","properties":{"cota":300,"indice":false},"geometry":{"type":"LineString","coordinates":[[-38.12565,-7.10731],[-38.12468,-7.10873],[-38.12702,-7.10882],[-38.12565,-7.10731]]}},{"type":"Feature","properties":{"cota":400,"indice":false},"geometry":{"type":"LineString","coordinates":[[-38.20255,-7.06715],[-38.20173,-7.06853],[-38.20599,-7.07263],[-38.20255,-7.06715]]}},{"type":"Feature","properties":{"cota":400,"indice":false},"geometry":{"type":"LineString","coordinates":[[-38.19637,-7.06557],[-38.19057,-7.06648],[-38.19074,-7.06921],[-38.19664,-7.07193],[-38.19872,-7.06784],[-38.19637,-7.06557]]}},{"type":"Feature","properties":{"cota":400,"indice":false},"geometry":{"type":"LineString","coordinates":[[-38.20187,-7.05548],[-38.19761,-7.05899],[-38.20324,-7.06172],[-38.20428,-7.06035],[-38.20187,-7.05548]]}},{"type":"Feature","properties":{"cota":400,"indice":false},"geometry":{"type":"LineString","coordinates":[[-38.2465,-7.07523],[-38.24176,-7.07738],[-38.23931,-7.08624],[-38.24063,-7.08829],[-38.24842,-7.08829],[-38.24826,-7.0842],[-38.2509,-7.07943],[-38.2465,-7.07523]]}},{"type":"Feature","properties":{"cota":400,"indice":false},"geometry":{"type":"LineString","coordinates":[[-38.22247,-7.06985],[-38.21766,-7.06993],[-38.21598,-7.07398],[-38.22178,-7.07693],[-38.23355,-7.07602],[-38.23208,-7.07337],[-38.22247,-7.06985]]}},{"type":"Feature","properties":{"cota":500,"indice":true},"geometry":{"type":"LineString","coordinates":[[-38.31104,-7.04919],[-38.3096,-7.05013],[-38.31145,-7.06853],[-38.3088,-7.07193],[-38.31319,-7.07738],[-38.31585,-7.07849],[-38.32684,-7.0761],[-38.33508,-7.07776],[-38.33893,-7.07193],[-38.33395,-7.06853],[-38.34469,-7.06409],[-38.34943,-7.06784],[-38.34849,-7.07261],[-38.34997,-7.07602],[-38.3543,-7.0768],[-38.35337,-7.06784],[-38.34759,-7.06035],[-38.34126,-7.05613],[-38.32546,-7.05847],[-38.32203,-7.05434],[-38.31722,-7.05393],[-38.31104,-7.04919]]}},{"type":"Feature","properties":{"cota":400,"indice":false},"geometry":{"type":"LineString","coordinates":[[-38.43464,-6.9805],[-38.40099,-6.98091],[-38.38589,-6.98409],[-38.35979,-6.98367],[-38.3234,-6.98923],[-38.31585,-6.992],[-38.31454,-6.99424],[-38.33026,-6.99833],[-38.32427,-7.0031],[-38.32272,-7.00874],[-38.31379,-7.00537],[-38.30898,-7.00593],[-38.31136,-7.01333],[-38.30967,-7.01572],[-38.30342,-7.01128],[-38.30212,-7.00459],[-38.2942,-6.9997],[-38.29594,-6.99635],[-38.30905,-6.99493],[-38.30212,-6.98701],[-38.27671,-6.98727],[-38.27328,-6.98382],[-38.2616,-6.9829],[-38.23826,-6.98937],[-38.22521,-6.98947],[-38.21148,-7.00001],[-38.19569,-7.00402],[-38.12153,-7.00429],[-38.09839,-7.01128],[-38.11947,-7.01342],[-38.1332,-7.01192],[-38.13938,-7.01558],[-38.14831,-7.01371],[-38.15166,-7.01742],[-38.14394,-7.02559],[-38.14625,-7.02745],[-38.15311,-7.0244],[-38.15655,-7.02599],[-38.15887,-7.01742],[-38.16273,-7.01621],[-38.16599,-7.02628],[-38.17165,-7.02498],[-38.17509,-7.02206],[-38.17715,-7.02759],[-38.18301,-7.02832],[-38.17852,-7.03342],[-38.17303,-7.03087],[-38.16474,-7.03241],[-38.16959,-7.04328],[-38.1847,-7.0445],[-38.19981,-7.04932],[-38.20131,-7.04536],[-38.19468,-7.04127],[-38.20049,-7.03505],[-38.20118,-7.03897],[-38.2055,-7.04059],[-38.20414,-7.04672],[-38.20544,-7.04945],[-38.21817,-7.0549],[-38.21463,-7.0583],[-38.21907,-7.06103],[-38.21489,-7.06376],[-38.22109,-7.06721],[-38.22542,-7.06512],[-38.225,-7.06239],[-38.22885,-7.06035],[-38.22592,-7.05694],[-38.22743,-7.05081],[-38.23551,-7.05637],[-38.23826,-7.05136],[-38.24247,-7.05217],[-38.23829,-7.04945],[-38.24581,-7.04792],[-38.24879,-7.05013],[-38.24954,-7.05762],[-38.25202,-7.06035],[-38.24859,-7.06307],[-38.25305,-7.06716],[-38.25054,-7.07057],[-38.25773,-7.07398],[-38.25512,-7.07807],[-38.25918,-7.07738],[-38.26229,-7.07229],[-38.26542,-7.07602],[-38.26423,-7.08147],[-38.26833,-7.08556],[-38.26543,-7.09033],[-38.27602,-7.0942],[-38.27964,-7.09169],[-38.2774,-7.08201],[-38.27195,-7.07738],[-38.2671,-7.06516],[-38.26138,-7.06103],[-38.25129,-7.04808],[-38.25478,-7.04399],[-38.25474,-7.03971],[-38.27084,-7.0365],[-38.26833,-7.04195],[-38.27002,-7.04876],[-38.26839,-7.05422],[-38.27259,-7.05812],[-38.2774,-7.05635],[-38.2822,-7.06869],[-38.2853,-7.06853],[-38.29044,-7.06385],[-38.28889,-7.07057],[-38.29868,-7.0729],[-38.30143,-7.06471],[-38.30624,-7.06073],[-38.3053,-7.07193],[-38.30946,-7.07943],[-38.30929,-7.08488],[-38.31467,-7.08897],[-38.31214,-7.09306],[-38.31654,-7.09799],[-38.32066,-7.09895],[-38.32387,-7.09374],[-38.32354,-7.09033],[-38.31976,-7.08556],[-38.32052,-7.08079],[-38.32409,-7.08198],[-38.32821,-7.08008],[-38.33782,-7.0825],[-38.344,-7.07027],[-38.34853,-7.08079],[-38.34735,-7.0842],[-38.35048,-7.08829],[-38.34902,-7.0951],[-38.35211,-7.09851],[-38.34949,-7.10173],[-38.34538,-7.10137],[-38.3402,-7.10532],[-38.34399,-7.106],[-38.34949,-7.10202],[-38.3543,-7.10385],[-38.35911,-7.10185],[-38.36254,-7.10436],[-38.36872,-7.10466],[-38.37627,-7.10897],[-38.38372,-7.11009],[-38.38815,-7.11418],[-38.38542,-7.11895],[-38.39344,-7.12122],[-38.40008,-7.11827],[-38.39825,-7.11406],[-38.42571,-7.11367],[-38.43395,-7.10916],[-38.43876,-7.11214],[-38.44288,-7.10869],[-38.45387,-7.11307],[-38.46279,-7.11272],[-38.46478,-7.11077],[-38.46422,-7.10396],[-38.46004,-7.10283],[-38.45249,-7.1045],[-38.45066,-7.10123],[-38.4573,-7.0968],[-38.45794,-7.09442],[-38.44837,-7.08867],[-38.44082,-7.09845],[-38.43875,-7.0951],[-38.43979,-7.08761],[-38.43807,-7.08626],[-38.42875,-7.09238],[-38.42966,-7.09646],[-38.4254,-7.10055],[-38.42139,-7.10123],[-38.4161,-7.10545],[-38.41408,-7.10328],[-38.415,-7.09715],[-38.41061,-7.09479],[-38.39962,-7.09887],[-38.38906,-7.09169],[-38.38761,-7.09646],[-38.38932,-7.10148],[-38.38039,-7.1033],[-38.37928,-7.1026],[-38.38437,-7.09783],[-38.38108,-7.09412],[-38.37627,-7.09243],[-38.36872,-7.09667],[-38.36391,-7.09215],[-38.35739,-7.09101],[-38.35911,-7.08667],[-38.36872,-7.08513],[-38.36257,-7.08284],[-38.36515,-7.07943],[-38.37009,-7.07723],[-38.38863,-7.07886],[-38.39814,-7.07261],[-38.39801,-7.06784],[-38.39481,-7.065],[-38.39035,-7.06853],[-38.38611,-7.06035],[-38.37627,-7.05785],[-38.36941,-7.06072],[-38.36603,-7.06921],[-38.3646,-7.06921],[-38.35705,-7.06095],[-38.34057,-7.05099],[-38.32958,-7.05031],[-38.33391,-7.0474],[-38.32947,-7.04263],[-38.33373,-7.04127],[-38.33783,-7.0365],[-38.33227,-7.01946],[-38.33631,-7.02014],[-38.33756,-7.02968],[-38.34263,-7.03558],[-38.39001,-7.03534],[-38.40786,-7.03256],[-38.42571,-7.03458],[-38.42699,-7.03105],[-38.41404,-7.02441],[-38.41068,-7.02491],[-38.40717,-7.02839],[-38.39962,-7.02349],[-38.39607,-7.029],[-38.38657,-7.02954],[-38.38177,-7.03216],[-38.3749,-7.02887],[-38.36941,-7.0308],[-38.36543,-7.02423],[-38.36048,-7.02369],[-38.35773,-7.02582],[-38.3516,-7.02423],[-38.34831,-7.01946],[-38.35018,-7.01736],[-38.35567,-7.01696],[-38.3587,-7.01401],[-38.3577,-7.00992],[-38.35326,-7.00583],[-38.35911,-7.00504],[-38.36185,-7.01025],[-38.36872,-7.01044],[-38.37509,-7.00515],[-38.37421,-6.9972],[-38.37848,-6.99833],[-38.38162,-7.00447],[-38.3797,-7.00856],[-38.38314,-7.0113],[-38.39413,-7.00535],[-38.39893,-7.00677],[-38.40072,-7.00447],[-38.39893,-7.00193],[-38.39481,-7.00167],[-38.38612,-6.99629],[-38.38795,-6.99405],[-38.39893,-6.99464],[-38.41335,-6.99046],[-38.44425,-6.99387],[-38.45043,-6.99096],[-38.44769,-6.98399],[-38.43464,-6.9805]]}},{"type":"Feature","properties":{"cota":500,"indice":true},"geometry":{"type":"LineString","coordinates":[[-38.34469,-7.02211],[-38.34194,-7.02206],[-38.34008,-7.02491],[-38.34263,-7.03035],[-38.35155,-7.03336],[-38.35869,-7.03241],[-38.35567,-7.02885],[-38.34982,-7.02832],[-38.34469,-7.02211]]}},{"type":"Feature","properties":{"cota":500,"indice":true},"geometry":{"type":"LineString","coordinates":[[-38.2616,-6.98525],[-38.2513,-6.98774],[-38.2465,-6.99193],[-38.23895,-6.99445],[-38.23139,-6.9918],[-38.22659,-6.99215],[-38.21629,-6.99821],[-38.21354,-7.00425],[-38.20599,-7.00353],[-38.20187,-7.00715],[-38.18676,-7.00642],[-38.17371,-7.00833],[-38.13114,-7.00596],[-38.12016,-7.0067],[-38.11591,-7.00924],[-38.11947,-7.01061],[-38.13457,-7.00939],[-38.14075,-7.01149],[-38.14762,-7.01014],[-38.15586,-7.01384],[-38.1641,-7.01279],[-38.16959,-7.01646],[-38.17577,-7.01428],[-38.18115,-7.01605],[-38.18401,-7.02048],[-38.18676,-7.01763],[-38.19088,-7.01926],[-38.19569,-7.01604],[-38.20187,-7.01642],[-38.20599,-7.02153],[-38.19753,-7.02559],[-38.20187,-7.03009],[-38.2053,-7.02959],[-38.21354,-7.03453],[-38.21983,-7.03241],[-38.21262,-7.04672],[-38.21629,-7.04824],[-38.21858,-7.0474],[-38.21854,-7.04331],[-38.22178,-7.04193],[-38.241,-7.04489],[-38.24306,-7.04039],[-38.24787,-7.04101],[-38.24856,-7.03659],[-38.25268,-7.03412],[-38.25748,-7.03589],[-38.2661,-7.03513],[-38.26817,-7.03309],[-38.26562,-7.02968],[-38.26778,-7.02604],[-38.27156,-7.029],[-38.27259,-7.03351],[-38.27843,-7.0365],[-38.27171,-7.04263],[-38.27602,-7.05028],[-38.27974,-7.05081],[-38.28235,-7.05422],[-38.28289,-7.06101],[-38.28495,-7.06239],[-38.28672,-7.05762],[-38.28495,-7.04382],[-38.28818,-7.04399],[-38.28907,-7.04832],[-38.29532,-7.05285],[-38.29344,-7.0583],[-38.29662,-7.06929],[-38.29971,-7.0583],[-38.29937,-7.05251],[-38.30212,-7.05289],[-38.30692,-7.0455],[-38.31591,-7.04399],[-38.31722,-7.03954],[-38.32134,-7.0393],[-38.32495,-7.03582],[-38.33285,-7.03377],[-38.33245,-7.02968],[-38.32424,-7.02832],[-38.32717,-7.02491],[-38.32581,-7.01605],[-38.31862,-7.00992],[-38.31448,-7.00957],[-38.31629,-7.01537],[-38.3083,-7.02279],[-38.30555,-7.0179],[-38.2997,-7.01537],[-38.29822,-7.01128],[-38.30036,-7.00788],[-38.29957,-7.00583],[-38.28632,-7.00292],[-38.28148,-6.99561],[-38.29985,-6.9922],[-38.2774,-6.99046],[-38.2616,-6.98525]]}},{"type":"Feature","properties":{"cota":600,"indice":false},"geometry":{"type":"LineString","coordinates":[[-38.2616,-6.98811],[-38.25268,-6.98998],[-38.24787,-6.99435],[-38.23895,-6.99698],[-38.22659,-6.99447],[-38.22257,-6.9997],[-38.21835,-7.00092],[-38.21491,-7.0066],[-38.20622,-7.00856],[-38.21148,-7.00926],[-38.24169,-7.00346],[-38.23895,-7.00696],[-38.23551,-7.00681],[-38.23001,-7.00992],[-38.22854,-7.01401],[-38.23002,-7.01462],[-38.2362,-7.0144],[-38.24032,-7.01202],[-38.24581,-7.01318],[-38.24993,-7.00866],[-38.25611,-7.00867],[-38.2555,-7.01196],[-38.25227,-7.01333],[-38.2495,-7.01946],[-38.25292,-7.02151],[-38.25257,-7.02423],[-38.24512,-7.027],[-38.23757,-7.02603],[-38.23519,-7.02764],[-38.24238,-7.03381],[-38.24512,-7.03357],[-38.25062,-7.02805],[-38.25575,-7.02764],[-38.25902,-7.01878],[-38.26298,-7.01885],[-38.2671,-7.0159],[-38.2719,-7.01815],[-38.2822,-7.01875],[-38.27901,-7.02219],[-38.28073,-7.02559],[-38.27602,-7.02843],[-38.27619,-7.03173],[-38.27946,-7.03304],[-38.28083,-7.02642],[-38.28271,-7.02628],[-38.2886,-7.03036],[-38.28853,-7.03309],[-38.29662,-7.04209],[-38.3046,-7.04263],[-38.30746,-7.03786],[-38.31451,-7.03377],[-38.31379,-7.03154],[-38.30418,-7.03226],[-38.29846,-7.029],[-38.3028,-7.02644],[-38.30289,-7.02287],[-38.29221,-7.01128],[-38.2968,-7.00788],[-38.29604,-7.00651],[-38.28411,-7.00447],[-38.27671,-6.99742],[-38.27212,-6.99561],[-38.27265,-6.9922],[-38.2616,-6.98811]]}},{"type":"Feature","properties":{"cota":500,"indice":true},"geometry":{"type":"LineString","coordinates":[[-38.3289,-7.00504],[-38.32624,-7.00719],[-38.33027,-7.01443],[-38.3392,-7.01563],[-38.34264,-7.01196],[-38.34116,-7.00924],[-38.3289,-7.00504]]}},{"type":"Feature","properties":{"cota":700,"indice":false},"geometry":{"type":"LineString","coordinates":[[-38.27671,-7.00367],[-38.27465,-7.01087],[-38.28259,-7.00788],[-38.27671,-7.00367]]}},{"type":"Feature","properties":{"cota":700,"indice":false},"geometry":{"type":"LineString","coordinates":[[-38.23208,-6.99757],[-38.22727,-6.99821],[-38.22453,-7.00281],[-38.23562,-7.00038],[-38.23208,-6.99757]]}},{"type":"Feature","properties":{"cota":300,"indice":false},"geometry":{"type":"LineString","coordinates":[[-37.97115,-7.2067],[-37.96749,-7.20752],[-37.96566,-7.21101],[-37.96703,-7.22129],[-37.97156,-7.21705],[-37.97263,-7.21024],[-37.97115,-7.2067]]}},{"type":"Feature","properties":{"cota":300,"indice":false},"geometry":{"type":"LineString","coordinates":[[-37.91897,-7.176],[-37.91683,-7.17754],[-37.91759,-7.17952],[-37.92025,-7.17822],[-37.91897,-7.176]]}},{"type":"Feature","properties":{"cota":300,"indice":false},"geometry":{"type":"LineString","coordinates":[[-37.94163,-7.15369],[-37.93824,-7.15506],[-37.93539,-7.15983],[-37.94387,-7.15847],[-37.94467,-7.15574],[-37.94163,-7.15369]]}},{"type":"Feature","properties":{"cota":400,"indice":false},"geometry":{"type":"LineString","coordinates":[[-37.92103,-7.13255],[-37.91729,-7.13462],[-37.92575,-7.13734],[-37.92103,-7.13255]]}},{"type":"Feature","properties":{"cota":300,"indice":false},"geometry":{"type":"LineString","coordinates":[[-37.94437,-7.1236],[-37.94094,-7.12354],[-37.93682,-7.1291],[-37.93133,-7.12631],[-37.91622,-7.12997],[-37.91162,-7.13462],[-37.92927,-7.14527],[-37.93388,-7.14416],[-37.9336,-7.13939],[-37.93545,-7.13844],[-37.94094,-7.14166],[-37.94575,-7.1407],[-37.95055,-7.14592],[-37.95673,-7.14571],[-37.95543,-7.14211],[-37.94643,-7.1376],[-37.94435,-7.13394],[-37.95523,-7.12576],[-37.95193,-7.12644],[-37.94437,-7.1236]]}},{"type":"Feature","properties":{"cota":300,"indice":false},"geometry":{"type":"LineString","coordinates":[[-38.06385,-7.04996],[-38.0611,-7.04989],[-38.05914,-7.05217],[-38.05936,-7.05626],[-38.06248,-7.05875],[-38.06786,-7.0549],[-38.06385,-7.04996]]}},{"type":"Feature","properties":{"cota":300,"indice":false},"geometry":{"type":"LineString","coordinates":[[-38.06591,-7.03557],[-38.05872,-7.03854],[-38.05849,-7.04127],[-38.06778,-7.04331],[-38.06861,-7.04059],[-38.06591,-7.03557]]}},{"type":"Feature","properties":{"cota":400,"indice":false},"geometry":{"type":"LineString","coordinates":[[-38.07484,-7.01376],[-38.05904,-7.01431],[-38.03835,-7.01878],[-38.0611,-7.01877],[-38.07484,-7.01376]]}},{"type":"Feature","properties":{"cota":300,"indice":false},"geometry":{"type":"LineString","coordinates":[[-38.00137,-6.88717],[-37.99931,-6.88757],[-37.99931,-6.88979],[-38.00448,-6.88996],[-38.00137,-6.88717]]}},{"type":"Feature","properties":{"cota":300,"indice":false},"geometry":{"type":"LineString","coordinates":[[-37.97115,-6.87972],[-37.96697,-6.88041],[-37.96548,-6.88246],[-37.96642,-6.8845],[-37.97184,-6.88711],[-37.97596,-6.8861],[-37.99107,-6.89206],[-37.99596,-6.88996],[-37.99107,-6.88546],[-37.98351,-6.88608],[-37.97939,-6.881],[-37.97527,-6.88183],[-37.97115,-6.87972]]}},{"type":"Feature","properties":{"cota":400,"indice":false},"geometry":{"type":"LineString","coordinates":[[-38.12634,-7.05533],[-38.12453,-7.05558],[-38.12461,-7.05762],[-38.12702,-7.06021],[-38.12816,-7.05762],[-38.12634,-7.05533]]}},{"type":"Feature","properties":{"cota":500,"indice":true},"geometry":{"type":"LineString","coordinates":[[-38.19019,-7.03239],[-38.18401,-7.03302],[-38.18195,-7.03801],[-38.18745,-7.03928],[-38.19088,-7.03759],[-38.19206,-7.03582],[-38.19019,-7.03239]]}},{"type":"Feature","properties":{"cota":400,"indice":false},"geometry":{"type":"LineString","coordinates":[[-38.13732,-7.01702],[-38.13325,-7.01878],[-38.13335,-7.02219],[-38.13751,-7.02082],[-38.13732,-7.01702]]}},{"type":"Feature","properties":{"cota":400,"indice":false},"geometry":{"type":"LineString","coordinates":[[-38.11878,-7.01523],[-38.11521,-7.01946],[-38.12016,-7.0214],[-38.1229,-7.01873],[-38.11878,-7.01523]]}},{"type":"Feature","properties":{"cota":600,"indice":false},"geometry":{"type":"LineString","coordinates":[[-38.18813,-7.00914],[-38.17699,-7.0106],[-38.19091,-7.0106],[-38.18813,-7.00914]]}},{"type":"Feature","properties":{"cota":500,"indice":true},"geometry":{"type":"LineString","coordinates":[[-38.17715,-6.89799],[-38.17359,-6.89882],[-38.18058,-6.90191],[-38.18443,-6.90155],[-38.17715,-6.89799]]}},{"type":"Feature","properties":{"cota":500,"indice":true},"geometry":{"type":"LineString","coordinates":[[-38.13732,-6.88993],[-38.13526,-6.89305],[-38.12908,-6.89357],[-38.12437,-6.90086],[-38.12542,-6.90291],[-38.12908,-6.90194],[-38.13869,-6.90777],[-38.14098,-6.90632],[-38.14206,-6.90155],[-38.14001,-6.89609],[-38.14178,-6.89268],[-38.13732,-6.88993]]}},{"type":"Feature","properties":{"cota":400,"indice":false},"geometry":{"type":"LineString","coordinates":[[-38.12016,-6.88507],[-38.10867,-6.88928],[-38.11192,-6.89402],[-38.11755,-6.89677],[-38.12428,-6.90588],[-38.12908,-6.9059],[-38.13389,-6.91076],[-38.14189,-6.90973],[-38.14865,-6.90427],[-38.1459,-6.8995],[-38.1451,-6.89268],[-38.14213,-6.88945],[-38.13663,-6.8865],[-38.1332,-6.88894],[-38.12634,-6.88993],[-38.12016,-6.88507]]}},{"type":"Feature","properties":{"cota":400,"indice":false},"geometry":{"type":"LineString","coordinates":[[-38.15174,-6.89183],[-38.14816,-6.89268],[-38.14955,-6.89609],[-38.15655,-6.89977],[-38.16204,-6.8987],[-38.16204,-6.89506],[-38.15723,-6.89591],[-38.15174,-6.89183]]}},{"type":"Feature","properties":{"cota":500,"indice":true},"geometry":{"type":"LineString","coordinates":[[-38.11947,-6.89189],[-38.11749,-6.89268],[-38.12084,-6.89611],[-38.11947,-6.89189]]}},{"type":"Feature","properties":{"cota":700,"indice":false},"geometry":{"type":"LineString","coordinates":[[-38.26572,-6.99138],[-38.25405,-6.99254],[-38.25106,-6.99561],[-38.25542,-6.99731],[-38.26023,-6.99477],[-38.26504,-6.99552],[-38.26726,-6.99356],[-38.26572,-6.99138]]}},{"type":"Feature","properties":{"cota":500,"indice":true},"geometry":{"type":"LineString","coordinates":[[-38.32821,-6.99288],[-38.32358,-6.99288],[-38.32821,-6.99288]]}},{"type":"Feature","properties":{"cota":300,"indice":false},"geometry":{"type":"LineString","coordinates":[[-38.2774,-6.94653],[-38.27602,-6.94928],[-38.27993,-6.94994],[-38.2774,-6.94653]]}},{"type":"Feature","properties":{"cota":300,"indice":false},"geometry":{"type":"LineString","coordinates":[[-38.35361,-6.93488],[-38.35193,-6.93631],[-38.35293,-6.93839],[-38.35361,-6.93488]]}},{"type":"Feature","properties":{"cota":500,"indice":true},"geometry":{"type":"LineString","coordinates":[[-38.22727,-6.89794],[-38.22434,-6.89882],[-38.22315,-6.90443],[-38.21953,-6.90427],[-38.22315,-6.90894],[-38.23139,-6.90988],[-38.23483,-6.90527],[-38.24156,-6.90223],[-38.23895,-6.8991],[-38.23345,-6.89837],[-38.22933,-6.90041],[-38.22727,-6.89794]]}},{"type":"Feature","properties":{"cota":400,"indice":false},"geometry":{"type":"LineString","coordinates":[[-38.23826,-6.88905],[-38.23002,-6.89204],[-38.22178,-6.88898],[-38.22304,-6.89337],[-38.21604,-6.89405],[-38.21354,-6.89903],[-38.20986,-6.89541],[-38.2074,-6.89541],[-38.20461,-6.90242],[-38.19912,-6.89879],[-38.19714,-6.90086],[-38.19754,-6.90495],[-38.19569,-6.90594],[-38.19324,-6.90495],[-38.19088,-6.89773],[-38.17303,-6.89533],[-38.16989,-6.90495],[-38.17165,-6.90575],[-38.1744,-6.90282],[-38.18333,-6.90498],[-38.18539,-6.90852],[-38.19225,-6.91268],[-38.20187,-6.90645],[-38.20667,-6.90615],[-38.21491,-6.91335],[-38.21766,-6.91361],[-38.22041,-6.91102],[-38.22796,-6.91431],[-38.23551,-6.91105],[-38.24032,-6.91367],[-38.24375,-6.90895],[-38.25062,-6.90921],[-38.2568,-6.91213],[-38.25741,-6.90768],[-38.26092,-6.90524],[-38.26916,-6.91068],[-38.27671,-6.91233],[-38.28521,-6.90836],[-38.28083,-6.90133],[-38.27403,-6.89882],[-38.2774,-6.8943],[-38.27671,-6.89101],[-38.27259,-6.89289],[-38.26778,-6.88997],[-38.26366,-6.89384],[-38.25405,-6.89327],[-38.25062,-6.88986],[-38.23826,-6.88905]]}},{"type":"Feature","properties":{"cota":300,"indice":false},"geometry":{"type":"LineString","coordinates":[[-38.33851,-6.88981],[-38.33225,-6.892],[-38.33261,-6.89814],[-38.3306,-6.90359],[-38.3337,-6.90758],[-38.34606,-6.90686],[-38.34742,-6.90427],[-38.34538,-6.90255],[-38.33394,-6.90564],[-38.33786,-6.8995],[-38.33851,-6.88981]]}},{"type":"Feature","properties":{"cota":400,"indice":false},"geometry":{"type":"LineString","coordinates":[[-38.29937,-6.8926],[-38.29542,-6.89541],[-38.3002,-6.89609],[-38.30106,-6.89405],[-38.29937,-6.8926]]}},{"type":"Feature","properties":{"cota":400,"indice":false},"geometry":{"type":"LineString","coordinates":[[-38.26435,-6.88348],[-38.26308,-6.88519],[-38.2671,-6.886],[-38.26435,-6.88348]]}},{"type":"Feature","properties":{"cota":300,"indice":false},"geometry":{"type":"LineString","coordinates":[[-38.37284,-6.86282],[-38.37084,-6.86473],[-38.3732,-6.86473],[-38.37284,-6.86282]]}},{"type":"Feature","properties":{"cota":400,"indice":false},"geometry":{"type":"LineString","coordinates":[[-38.01167,-6.88089],[-38.00761,-6.8811],[-38.0151,-6.88686],[-38.01953,-6.88655],[-38.01695,-6.88314],[-38.01167,-6.88089]]}},{"type":"Feature","properties":{"cota":300,"indice":false},"geometry":{"type":"LineString","coordinates":[[-38.00343,-6.87696],[-38.00028,-6.87769],[-38.00068,-6.87987],[-38.01029,-6.88824],[-38.01647,-6.89018],[-38.02197,-6.8892],[-38.02669,-6.88178],[-38.02402,-6.87892],[-38.01716,-6.87955],[-38.00343,-6.87696]]}},{"type":"Feature","properties":{"cota":200,"indice":false},"geometry":{"type":"LineString","coordinates":[[-38.01235,-6.84146],[-38.01507,-6.84292],[-38.01167,-6.8451],[-38.0097,-6.84224],[-38.01235,-6.84146]]}},{"type":"Feature","properties":{"cota":300,"indice":false},"geometry":{"type":"LineString","coordinates":[[-37.99175,-6.75287],[-37.98832,-6.75417],[-37.98489,-6.75995],[-37.97744,-6.76178],[-37.97949,-6.7686],[-37.98557,-6.76816],[-37.98797,-6.76519],[-37.99519,-6.76218],[-37.99613,-6.75701],[-37.99175,-6.75287]]}},{"type":"Feature","properties":{"cota":400,"indice":false},"geometry":{"type":"LineString","coordinates":[[-37.99175,-6.75596],[-37.98871,-6.75769],[-37.98969,-6.76108],[-37.99313,-6.75927],[-37.99175,-6.75596]]}},{"type":"Feature","properties":{"cota":300,"indice":false},"geometry":{"type":"LineString","coordinates":[[-37.95261,-6.72897],[-37.95059,-6.73042],[-37.95124,-6.73324],[-37.9533,-6.73197],[-37.95261,-6.72897]]}},{"type":"Feature","properties":{"cota":300,"indice":false},"geometry":{"type":"LineString","coordinates":[[-37.94643,-6.72408],[-37.9441,-6.72496],[-37.94506,-6.72773],[-37.94712,-6.7267],[-37.94643,-6.72408]]}},{"type":"Feature","properties":{"cota":300,"indice":false},"geometry":{"type":"LineString","coordinates":[[-38.00411,-6.70901],[-37.99775,-6.71132],[-37.99426,-6.71951],[-37.99859,-6.72292],[-37.99916,-6.72769],[-38.00274,-6.72912],[-38.00524,-6.72769],[-38.00606,-6.72428],[-38.00548,-6.72087],[-38.00267,-6.71882],[-38.00521,-6.71132],[-38.00411,-6.70901]]}},{"type":"Feature","properties":{"cota":400,"indice":false},"geometry":{"type":"LineString","coordinates":[[-37.97871,-6.7034],[-37.97453,-6.7045],[-37.9739,-6.7094],[-37.98008,-6.70927],[-37.97871,-6.7034]]}},{"type":"Feature","properties":{"cota":300,"indice":false},"geometry":{"type":"LineString","coordinates":[[-38.02677,-6.70445],[-38.02402,-6.70465],[-38.02349,-6.70723],[-38.02724,-6.70791],[-38.02677,-6.70445]]}},{"type":"Feature","properties":{"cota":300,"indice":false},"geometry":{"type":"LineString","coordinates":[[-38.17852,-6.88294],[-38.17371,-6.88282],[-38.1721,-6.88519],[-38.18111,-6.88587],[-38.17852,-6.88294]]}},{"type":"Feature","properties":{"cota":400,"indice":false},"geometry":{"type":"LineString","coordinates":[[-38.07621,-6.87688],[-38.07344,-6.87701],[-38.08239,-6.88407],[-38.09044,-6.8811],[-38.08788,-6.87895],[-38.07964,-6.87887],[-38.07621,-6.87688]]}},{"type":"Feature","properties":{"cota":300,"indice":false},"geometry":{"type":"LineString","coordinates":[[-38.20873,-6.87212],[-38.20465,-6.87223],[-38.20592,-6.87701],[-38.20873,-6.87996],[-38.21285,-6.88083],[-38.21337,-6.87837],[-38.20873,-6.87212]]}},{"type":"Feature","properties":{"cota":300,"indice":false},"geometry":{"type":"LineString","coordinates":[[-38.21697,-6.84962],[-38.21296,-6.85042],[-38.21629,-6.85241],[-38.21786,-6.8511],[-38.21697,-6.84962]]}},{"type":"Feature","properties":{"cota":300,"indice":false},"geometry":{"type":"LineString","coordinates":[[-38.19431,-6.84492],[-38.18976,-6.84565],[-38.19755,-6.84906],[-38.19565,-6.85178],[-38.19665,-6.85315],[-38.20255,-6.85524],[-38.20917,-6.85383],[-38.20961,-6.84974],[-38.20794,-6.84837],[-38.19431,-6.84492]]}},{"type":"Feature","properties":{"cota":300,"indice":false},"geometry":{"type":"LineString","coordinates":[[-38.1284,-6.8374],[-38.12565,-6.83745],[-38.1243,-6.84019],[-38.1284,-6.84058],[-38.1284,-6.8374]]}},{"type":"Feature","properties":{"cota":300,"indice":false},"geometry":{"type":"LineString","coordinates":[[-38.08445,-6.83465],[-38.07756,-6.83747],[-38.08065,-6.84224],[-38.08514,-6.84312],[-38.09292,-6.84019],[-38.092,-6.83609],[-38.08445,-6.83465]]}},{"type":"Feature","properties":{"cota":300,"indice":false},"geometry":{"type":"LineString","coordinates":[[-38.18264,-6.69899],[-38.18198,-6.70178],[-38.18607,-6.70921],[-38.18909,-6.70655],[-38.18926,-6.70382],[-38.18264,-6.69899]]}},{"type":"Feature","properties":{"cota":300,"indice":false},"geometry":{"type":"LineString","coordinates":[[-38.1181,-6.69069],[-38.11535,-6.69108],[-38.11498,-6.69427],[-38.12222,-6.69923],[-38.1181,-6.69069]]}},{"type":"Feature","properties":{"cota":400,"indice":false},"geometry":{"type":"LineString","coordinates":[[-38.17852,-6.66889],[-38.17646,-6.66884],[-38.17679,-6.67245],[-38.18539,-6.68846],[-38.19079,-6.68268],[-38.17852,-6.66889]]}},{"type":"Feature","properties":{"cota":400,"indice":false},"geometry":{"type":"LineString","coordinates":[[-38.54931,-7.1302],[-38.54727,-7.13121],[-38.54832,-7.13394],[-38.55412,-7.1378],[-38.55618,-7.13673],[-38.54931,-7.1302]]}},{"type":"Feature","properties":{"cota":400,"indice":false},"geometry":{"type":"LineString","coordinates":[[-38.56853,-7.12698],[-38.56692,-7.12781],[-38.56499,-7.13598],[-38.57334,-7.13894],[-38.57855,-7.13871],[-38.57905,-7.13258],[-38.56853,-7.12698]]}},{"type":"Feature","properties":{"cota":400,"indice":false},"geometry":{"type":"LineString","coordinates":[[-38.56647,-7.10794],[-38.56435,-7.11009],[-38.56728,-7.11009],[-38.56647,-7.10794]]}},{"type":"Feature","properties":{"cota":400,"indice":false},"geometry":{"type":"LineString","coordinates":[[-38.60493,-7.10593],[-38.59371,-7.10941],[-38.60424,-7.11074],[-38.60735,-7.10873],[-38.60493,-7.10593]]}},{"type":"Feature","properties":{"cota":400,"indice":false},"geometry":{"type":"LineString","coordinates":[[-38.54519,-7.10655],[-38.54359,-7.10873],[-38.54727,-7.10941],[-38.54519,-7.10655]]}},{"type":"Feature","properties":{"cota":400,"indice":false},"geometry":{"type":"LineString","coordinates":[[-38.56647,-7.08986],[-38.55814,-7.09238],[-38.56167,-7.0951],[-38.56647,-7.09198],[-38.56647,-7.08986]]}},{"type":"Feature","properties":{"cota":600,"indice":false},"geometry":{"type":"LineString","coordinates":[[-38.58707,-7.04466],[-38.57883,-7.04465],[-38.56835,-7.04876],[-38.56641,-7.05149],[-38.56991,-7.0549],[-38.56354,-7.06239],[-38.56922,-7.06478],[-38.57746,-7.06238],[-38.59257,-7.06459],[-38.59669,-7.06856],[-38.60012,-7.0676],[-38.60287,-7.06413],[-38.60973,-7.06249],[-38.61016,-7.06103],[-38.60559,-7.0583],[-38.59531,-7.05525],[-38.59257,-7.04896],[-38.58707,-7.04466]]}},{"type":"Feature","properties":{"cota":700,"indice":false},"geometry":{"type":"LineString","coordinates":[[-38.5857,-7.04736],[-38.57964,-7.05422],[-38.58501,-7.05884],[-38.59121,-7.05353],[-38.59005,-7.05013],[-38.5857,-7.04736]]}},{"type":"Feature","properties":{"cota":400,"indice":false},"geometry":{"type":"LineString","coordinates":[[-38.54176,-7.04989],[-38.5353,-7.05285],[-38.53424,-7.05558],[-38.5397,-7.05511],[-38.54226,-7.05217],[-38.54176,-7.04989]]}},{"type":"Feature","properties":{"cota":600,"indice":false},"geometry":{"type":"LineString","coordinates":[[-38.62072,-7.0501],[-38.61746,-7.05149],[-38.61797,-7.05387],[-38.62216,-7.05285],[-38.62072,-7.0501]]}},{"type":"Feature","properties":{"cota":700,"indice":false},"geometry":{"type":"LineString","coordinates":[[-38.4058,-7.14257],[-38.40381,-7.14484],[-38.4058,-7.14619],[-38.40745,-7.14484],[-38.4058,-7.14257]]}},{"type":"Feature","properties":{"cota":500,"indice":true},"geometry":{"type":"LineString","coordinates":[[-38.40717,-7.10523],[-38.40305,-7.10561],[-38.40198,-7.10805],[-38.40717,-7.10961],[-38.40855,-7.10668],[-38.40717,-7.10523]]}},{"type":"Feature","properties":{"cota":400,"indice":false},"geometry":{"type":"LineString","coordinates":[[-38.52253,-7.09819],[-38.52069,-7.09851],[-38.52163,-7.10328],[-38.51948,-7.10668],[-38.52253,-7.10841],[-38.52448,-7.106],[-38.52253,-7.09819]]}},{"type":"Feature","properties":{"cota":400,"indice":false},"geometry":{"type":"LineString","coordinates":[[-38.47996,-7.09381],[-38.47927,-7.09717],[-38.47996,-7.09381]]}},{"type":"Feature","properties":{"cota":400,"indice":false},"geometry":{"type":"LineString","coordinates":[[-38.45867,-7.06371],[-38.45249,-7.0648],[-38.45119,-7.06784],[-38.45318,-7.06944],[-38.4621,-7.0681],[-38.46691,-7.07176],[-38.47793,-7.06716],[-38.46691,-7.06391],[-38.45867,-7.06371]]}},{"type":"Feature","properties":{"cota":500,"indice":true},"geometry":{"type":"LineString","coordinates":[[-38.38314,-7.06561],[-38.37924,-7.06648],[-38.38245,-7.06783],[-38.38314,-7.06561]]}},{"type":"Feature","properties":{"cota":400,"indice":false},"geometry":{"type":"LineString","coordinates":[[-38.40237,-7.06343],[-38.39974,-7.06444],[-38.40099,-7.06741],[-38.40299,-7.0658],[-38.40237,-7.06343]]}},{"type":"Feature","properties":{"cota":400,"indice":false},"geometry":{"type":"LineString","coordinates":[[-38.41541,-7.06068],[-38.41084,-7.06239],[-38.41061,-7.06537],[-38.41553,-7.06444],[-38.41541,-7.06068]]}},{"type":"Feature","properties":{"cota":500,"indice":true},"geometry":{"type":"LineString","coordinates":[[-38.41473,-7.02757],[-38.41267,-7.02821],[-38.4132,-7.03036],[-38.41624,-7.02968],[-38.41473,-7.02757]]}},{"type":"Feature","properties":{"cota":400,"indice":false},"geometry":{"type":"LineString","coordinates":[[-38.51566,-7.02211],[-38.51154,-7.02259],[-38.50871,-7.02559],[-38.51086,-7.02644],[-38.51543,-7.02423],[-38.5169,-7.02287],[-38.51566,-7.02211]]}},{"type":"Feature","properties":{"cota":500,"indice":true},"geometry":{"type":"LineString","coordinates":[[-38.66535,-7.00703],[-38.65938,-7.00856],[-38.64613,-7.01767],[-38.63171,-7.02121],[-38.62553,-7.02547],[-38.61454,-7.02932],[-38.61248,-7.03503],[-38.60834,-7.0365],[-38.60905,-7.04114],[-38.61935,-7.04203],[-38.62347,-7.04016],[-38.6296,-7.04263],[-38.6138,-7.05013],[-38.61248,-7.05652],[-38.59779,-7.05353],[-38.59556,-7.04672],[-38.59669,-7.04328],[-38.57677,-7.04229],[-38.56373,-7.04809],[-38.55732,-7.05353],[-38.55406,-7.06444],[-38.56922,-7.06702],[-38.58295,-7.06598],[-38.58556,-7.07125],[-38.59188,-7.07331],[-38.59087,-7.07807],[-38.59531,-7.0766],[-38.59855,-7.07807],[-38.59906,-7.08284],[-38.58158,-7.09105],[-38.59257,-7.09132],[-38.60699,-7.08817],[-38.61385,-7.07953],[-38.62294,-7.07738],[-38.62004,-7.06921],[-38.61446,-7.06784],[-38.61399,-7.06376],[-38.61652,-7.0583],[-38.62896,-7.05299],[-38.62932,-7.04876],[-38.63239,-7.04655],[-38.63789,-7.05062],[-38.64353,-7.04876],[-38.64583,-7.04468],[-38.63854,-7.04399],[-38.6341,-7.03991],[-38.63397,-7.0365],[-38.65162,-7.02628],[-38.65237,-7.02287],[-38.66083,-7.01605],[-38.66162,-7.01265],[-38.66741,-7.01135],[-38.66535,-7.00703]]}},{"type":"Feature","properties":{"cota":400,"indice":false},"geometry":{"type":"LineString","coordinates":[[-38.75112,-6.98771],[-38.74981,-6.9916],[-38.75553,-6.99356],[-38.74088,-7.0004],[-38.73818,-6.9997],[-38.74294,-6.99406],[-38.73058,-6.99251],[-38.72298,-7.00174],[-38.7244,-7.00389],[-38.72989,-7.00447],[-38.72878,-7.00788],[-38.7093,-7.01616],[-38.71368,-7.0106],[-38.71891,-7.00888],[-38.72005,-7.00447],[-38.71097,-6.99697],[-38.71399,-6.9922],[-38.71278,-6.99016],[-38.69968,-6.99278],[-38.69338,-6.99152],[-38.70222,-6.9847],[-38.69625,-6.98305],[-38.68792,-6.99084],[-38.68298,-6.99288],[-38.68083,-6.99902],[-38.67381,-7.0031],[-38.67261,-7.00924],[-38.67456,-7.01196],[-38.6729,-7.01429],[-38.6681,-7.00517],[-38.65986,-7.00324],[-38.64887,-7.01065],[-38.63308,-7.01596],[-38.62347,-7.02151],[-38.61885,-7.02219],[-38.62003,-7.01878],[-38.61866,-7.01773],[-38.61248,-7.01913],[-38.61058,-7.02219],[-38.61243,-7.02491],[-38.6028,-7.03036],[-38.60699,-7.04654],[-38.60355,-7.04643],[-38.59943,-7.03928],[-38.57952,-7.03667],[-38.57128,-7.03789],[-38.56785,-7.04185],[-38.55961,-7.04242],[-38.5563,-7.04536],[-38.55682,-7.04876],[-38.55184,-7.05217],[-38.55139,-7.0583],[-38.54855,-7.06307],[-38.54931,-7.0679],[-38.56098,-7.06851],[-38.57403,-7.07193],[-38.56098,-7.07509],[-38.5589,-7.07738],[-38.56304,-7.07954],[-38.57021,-7.07875],[-38.57017,-7.08147],[-38.56647,-7.08452],[-38.57128,-7.08266],[-38.5782,-7.08624],[-38.57417,-7.09033],[-38.57952,-7.09767],[-38.58707,-7.09535],[-38.59051,-7.09828],[-38.60012,-7.09364],[-38.60493,-7.09736],[-38.61729,-7.08519],[-38.62031,-7.08692],[-38.61591,-7.0909],[-38.6166,-7.09505],[-38.62122,-7.09374],[-38.6228,-7.08965],[-38.62621,-7.08737],[-38.63239,-7.09407],[-38.63651,-7.09543],[-38.64085,-7.09169],[-38.63893,-7.08624],[-38.63333,-7.08284],[-38.63857,-7.08074],[-38.64063,-7.07038],[-38.64269,-7.07138],[-38.64407,-7.07666],[-38.64887,-7.07847],[-38.65437,-7.0706],[-38.65866,-7.07738],[-38.64968,-7.08556],[-38.64925,-7.08829],[-38.65365,-7.09033],[-38.64781,-7.09578],[-38.65468,-7.09851],[-38.65505,-7.10315],[-38.65855,-7.10216]]}},{"type":"Feature","properties":{"cota":600,"indice":false},"geometry":{"type":"LineString","coordinates":[[-38.62553,-7.02965],[-38.61729,-7.03077],[-38.61569,-7.03377],[-38.61662,-7.03786],[-38.61866,-7.03839],[-38.63121,-7.03241],[-38.62553,-7.02965]]}},{"type":"Feature","properties":{"cota":400,"indice":false},"geometry":{"type":"LineString","coordinates":[[-38.54313,-7.02538],[-38.53214,-7.02649],[-38.5304,-7.03036],[-38.54588,-7.03574],[-38.55343,-7.03366],[-38.5563,-7.03105],[-38.55206,-7.02646],[-38.54794,-7.02732],[-38.54313,-7.02538]]}},{"type":"Feature","properties":{"cota":600,"indice":false},"geometry":{"type":"LineString","coordinates":[[-38.63789,-7.02343],[-38.63453,-7.02491],[-38.63776,-7.02491],[-38.63789,-7.02343]]}},{"type":"Feature","properties":{"cota":400,"indice":false},"geometry":{"type":"LineString","coordinates":[[-38.56236,-7.02277],[-38.5603,-7.02346],[-38.56098,-7.02568],[-38.56373,-7.02437],[-38.56236,-7.02277]]}},{"type":"Feature","properties":{"cota":500,"indice":true},"geometry":{"type":"LineString","coordinates":[[-38.6887,-7.01444],[-38.6792,-7.0181],[-38.68732,-7.0185],[-38.6887,-7.01444]]}},{"type":"Feature","properties":{"cota":400,"indice":false},"geometry":{"type":"LineString","coordinates":[[-38.5548,-7.00992],[-38.54982,-7.01196],[-38.55206,-7.01555],[-38.55582,-7.01333],[-38.5548,-7.00992]]}},{"type":"Feature","properties":{"cota":400,"indice":false},"geometry":{"type":"LineString","coordinates":[[-38.6063,-6.99486],[-38.60347,-6.99697],[-38.60796,-6.99765],[-38.60836,-6.99593],[-38.6063,-6.99486]]}},{"type":"Feature","properties":{"cota":400,"indice":false},"geometry":{"type":"LineString","coordinates":[[-38.60149,-6.98257],[-38.59875,-6.9828],[-38.59823,-6.9847],[-38.60973,-6.98895],[-38.61523,-6.98808],[-38.62415,-6.99012],[-38.63836,-6.98607],[-38.63583,-6.98452],[-38.61591,-6.98482],[-38.60149,-6.98257]]}},{"type":"Feature","properties":{"cota":600,"indice":false},"geometry":{"type":"LineString","coordinates":[[-38.70586,-7.00376],[-38.69996,-7.00583],[-38.69897,-7.00788],[-38.70424,-7.00651],[-38.70586,-7.00376]]}},{"type":"Feature","properties":{"cota":500,"indice":true},"geometry":{"type":"LineString","coordinates":[[-38.69694,-6.99605],[-38.69007,-6.99707],[-38.67767,-7.00447],[-38.67702,-7.00694],[-38.69051,-7.00583],[-38.69491,-7.0106],[-38.69359,-7.01401],[-38.69556,-7.01487],[-38.70795,-7.01128],[-38.70992,-7.0031],[-38.7038,-6.99701],[-38.69968,-6.99827],[-38.69694,-6.99605]]}},{"type":"Feature","properties":{"cota":600,"indice":false},"geometry":{"type":"LineString","coordinates":[[-38.6935,-6.99896],[-38.68934,-7.00174],[-38.69213,-7.00184],[-38.6935,-6.99896]]}},{"type":"Feature","properties":{"cota":500,"indice":true},"geometry":{"type":"LineString","coordinates":[[-38.7616,-6.99238],[-38.76115,-6.99638]]}},{"type":"Feature","properties":{"cota":400,"indice":false},"geometry":{"type":"LineString","coordinates":[[-38.5191,-7.01039],[-38.51154,-7.0154],[-38.51429,-7.01622],[-38.519,-7.01401],[-38.5191,-7.01039]]}},{"type":"Feature","properties":{"cota":600,"indice":false},"geometry":{"type":"LineString","coordinates":[[-38.493,-6.98877],[-38.47508,-6.98879],[-38.47996,-6.98998],[-38.48545,-6.99456],[-38.49163,-6.99229],[-38.49931,-6.99833],[-38.50674,-7.00025],[-38.51037,-6.99902],[-38.50553,-6.99561],[-38.50722,-6.99152],[-38.493,-6.98877]]}},{"type":"Feature","properties":{"cota":400,"indice":false},"geometry":{"type":"LineString","coordinates":[[-38.49232,-6.97648],[-38.48855,-6.97721],[-38.48614,-6.98284],[-38.47034,-6.98091],[-38.46348,-6.98497],[-38.45798,-6.98558],[-38.45721,-6.98879],[-38.46004,-6.99191],[-38.47103,-6.99547],[-38.4779,-6.99553],[-38.50468,-7.0062],[-38.51429,-7.00551],[-38.5191,-7.00705],[-38.5266,-7.00106],[-38.51945,-6.99561],[-38.51566,-6.9871],[-38.50689,-6.98402],[-38.50399,-6.97983],[-38.49232,-6.97648]]}},{"type":"Feature","properties":{"cota":500,"indice":true},"geometry":{"type":"LineString","coordinates":[[-38.49575,-6.97917],[-38.49087,-6.97993],[-38.493,-6.98573],[-38.48614,-6.9866],[-38.47172,-6.9844],[-38.46828,-6.98778],[-38.46109,-6.98879],[-38.47103,-6.99301],[-38.47858,-6.9931],[-38.48545,-6.99714],[-38.49094,-6.99687],[-38.50674,-7.00312],[-38.51292,-7.00135],[-38.51978,-7.00315],[-38.51841,-6.99936],[-38.51209,-6.99561],[-38.51292,-6.99059],[-38.49986,-6.98607],[-38.49964,-6.98198],[-38.49575,-6.97917]]}},{"type":"Feature","properties":{"cota":500,"indice":true},"geometry":{"type":"LineString","coordinates":[[-38.43464,-6.98399],[-38.39962,-6.98373],[-38.3852,-6.98703],[-38.35773,-6.98731],[-38.33576,-6.99046],[-38.32855,-6.99356],[-38.33782,-6.99587],[-38.35155,-6.99325],[-38.39825,-6.99039],[-38.41267,-6.98711],[-38.43876,-6.99031],[-38.44787,-6.98947],[-38.44563,-6.98597],[-38.43464,-6.98399]]}},{"type":"Feature","properties":{"cota":600,"indice":false},"geometry":{"type":"LineString","coordinates":[[-38.43945,-6.98672],[-38.43168,-6.98675],[-38.44134,-6.98743],[-38.43945,-6.98672]]}},{"type":"Feature","properties":{"cota":300,"indice":false},"geometry":{"type":"LineString","coordinates":[[-38.447,-6.96966],[-38.44494,-6.97145],[-38.447,-6.96966]]}},{"type":"Feature","properties":{"cota":300,"indice":false},"geometry":{"type":"LineString","coordinates":[[-38.40717,-6.91078],[-38.40152,-6.91313],[-38.40545,-6.91382],[-38.40717,-6.91078]]}},{"type":"Feature","properties":{"cota":300,"indice":false},"geometry":{"type":"LineString","coordinates":[[-38.45181,-6.89874],[-38.44819,-6.90018],[-38.45181,-6.90204],[-38.45181,-6.89874]]}},{"type":"Feature","properties":{"cota":300,"indice":false},"geometry":{"type":"LineString","coordinates":[[-38.45043,-6.89044],[-38.44779,-6.892],[-38.44906,-6.89461],[-38.45179,-6.89337],[-38.45043,-6.89044]]}},{"type":"Feature","properties":{"cota":400,"indice":false},"geometry":{"type":"MultiLineString","coordinates":[[[-38.75668,-6.95624],[-38.745,-6.95826],[-38.74254,-6.96221],[-38.74569,-6.96277],[-38.75009,-6.95928]],[[-38.75542,-6.9585],[-38.75668,-6.95624]]]}},{"type":"Feature","properties":{"cota":400,"indice":false},"geometry":{"type":"LineString","coordinates":[[-38.70449,-6.91108],[-38.69694,-6.91283],[-38.69508,-6.92063],[-38.70586,-6.91657],[-38.70683,-6.91382],[-38.70449,-6.91108]]}},{"type":"Feature","properties":{"cota":400,"indice":false},"geometry":{"type":"LineString","coordinates":[[-38.75699,-6.90417],[-38.75396,-6.90495],[-38.75592,-6.91041],[-38.74569,-6.91878],[-38.74324,-6.92336],[-38.74775,-6.92366],[-38.75884,-6.91811]]}},{"type":"Feature","properties":{"cota":400,"indice":false},"geometry":{"type":"LineString","coordinates":[[-38.5754,-6.97781],[-38.57315,-6.97857],[-38.57815,-6.97928],[-38.5754,-6.97781]]}},{"type":"Feature","properties":{"cota":400,"indice":false},"geometry":{"type":"LineString","coordinates":[[-38.68526,-6.97089],[-38.67771,-6.9723],[-38.67602,-6.97516],[-38.68384,-6.97448],[-38.68526,-6.97089]]}},{"type":"Feature","properties":{"cota":400,"indice":false},"geometry":{"type":"LineString","coordinates":[[-38.57334,-6.96811],[-38.56536,-6.96903],[-38.57265,-6.97052],[-38.5744,-6.96971],[-38.57334,-6.96811]]}},{"type":"Feature","properties":{"cota":400,"indice":false},"geometry":{"type":"LineString","coordinates":[[-38.62484,-6.95593],[-38.61523,-6.95835],[-38.61258,-6.9663],[-38.61393,-6.96971],[-38.61111,-6.97127],[-38.60561,-6.97092],[-38.60287,-6.96414],[-38.596,-6.96185],[-38.58648,-6.96289],[-38.593,-6.96766],[-38.58328,-6.96971],[-38.60836,-6.97708],[-38.61935,-6.97368],[-38.63171,-6.97342],[-38.63954,-6.97107],[-38.62895,-6.96835],[-38.63897,-6.96426],[-38.63917,-6.95948],[-38.62484,-6.95593]]}},{"type":"Feature","properties":{"cota":500,"indice":true},"geometry":{"type":"LineString","coordinates":[[-38.6269,-6.96074],[-38.62016,-6.96085],[-38.61834,-6.96357],[-38.62484,-6.96431],[-38.62956,-6.96221],[-38.6269,-6.96074]]}},{"type":"Feature","properties":{"cota":400,"indice":false},"geometry":{"type":"LineString","coordinates":[[-38.67085,-6.95664],[-38.66673,-6.95697],[-38.66535,-6.9588],[-38.67085,-6.96033],[-38.6728,-6.95812],[-38.67085,-6.95664]]}},{"type":"Feature","properties":{"cota":400,"indice":false},"geometry":{"type":"LineString","coordinates":[[-38.61111,-6.93826],[-38.60811,-6.93904],[-38.60793,-6.94108],[-38.61303,-6.9404],[-38.61111,-6.93826]]}},{"type":"Feature","properties":{"cota":400,"indice":false},"geometry":{"type":"LineString","coordinates":[[-38.54038,-6.81765],[-38.53815,-6.81906],[-38.53832,-6.82148],[-38.5428,-6.81974],[-38.54038,-6.81765]]}},{"type":"Feature","properties":{"cota":400,"indice":false},"geometry":{"type":"LineString","coordinates":[[-38.55137,-6.817],[-38.54862,-6.81915],[-38.55283,-6.81906],[-38.55137,-6.817]]}},{"type":"Feature","properties":{"cota":400,"indice":false},"geometry":{"type":"LineString","coordinates":[[-38.53558,-6.80326],[-38.53328,-6.80406],[-38.53658,-6.80406],[-38.53558,-6.80326]]}},{"type":"Feature","properties":{"cota":300,"indice":false},"geometry":{"type":"LineString","coordinates":[[-38.39413,-6.88397],[-38.3919,-6.88723],[-38.39413,-6.89307],[-38.40649,-6.89955],[-38.40974,-6.89814],[-38.40855,-6.89191],[-38.40305,-6.89428],[-38.39413,-6.88397]]}},{"type":"Feature","properties":{"cota":300,"indice":false},"geometry":{"type":"LineString","coordinates":[[-38.3852,-6.88826],[-38.38176,-6.88928],[-38.38314,-6.89385],[-38.38676,-6.892],[-38.3852,-6.88826]]}},{"type":"Feature","properties":{"cota":300,"indice":false},"geometry":{"type":"LineString","coordinates":[[-38.44151,-6.86394],[-38.43464,-6.86537],[-38.43365,-6.86814],[-38.44168,-6.87019],[-38.44494,-6.87714],[-38.44975,-6.87679],[-38.45007,-6.87428],[-38.44521,-6.87155],[-38.44828,-6.86746],[-38.44151,-6.86394]]}},{"type":"Feature","properties":{"cota":300,"indice":false},"geometry":{"type":"LineString","coordinates":[[-38.46691,-6.82857],[-38.46524,-6.83269],[-38.46828,-6.8339],[-38.47005,-6.83065],[-38.46691,-6.82857]]}},{"type":"Feature","properties":{"cota":300,"indice":false},"geometry":{"type":"LineString","coordinates":[[-38.44013,-6.82429],[-38.43533,-6.82577],[-38.43499,-6.82792],[-38.44425,-6.83131],[-38.44462,-6.82792],[-38.44013,-6.82429]]}},{"type":"Feature","properties":{"cota":400,"indice":false},"geometry":{"type":"LineString","coordinates":[[-38.49438,-6.82308],[-38.48626,-6.82383],[-38.49987,-6.83016],[-38.5037,-6.82724],[-38.49438,-6.82308]]}},{"type":"Feature","properties":{"cota":400,"indice":false},"geometry":{"type":"LineString","coordinates":[[-38.5294,-6.82173],[-38.52528,-6.82194],[-38.52347,-6.82451],[-38.53008,-6.82834],[-38.5354,-6.82383],[-38.5294,-6.82173]]}},{"type":"Feature","properties":{"cota":300,"indice":false},"geometry":{"type":"LineString","coordinates":[[-38.44975,-6.82088],[-38.44755,-6.8211],[-38.44975,-6.82233],[-38.44975,-6.82088]]}},{"type":"Feature","properties":{"cota":300,"indice":false},"geometry":{"type":"LineString","coordinates":[[-38.46485,-6.81831],[-38.45901,-6.82178],[-38.46394,-6.82247],[-38.46485,-6.81831]]}},{"type":"Feature","properties":{"cota":400,"indice":false},"geometry":{"type":"LineString","coordinates":[[-38.43052,-6.62313],[-38.42932,-6.62471],[-38.43258,-6.62717],[-38.43052,-6.62313]]}},{"type":"Feature","properties":{"cota":300,"indice":false},"geometry":{"type":"LineString","coordinates":[[-38.56579,-6.79838],[-38.56198,-6.80065],[-38.56568,-6.79997],[-38.56579,-6.79838]]}},{"type":"Feature","properties":{"cota":300,"indice":false},"geometry":{"type":"LineString","coordinates":[[-38.55412,-6.78373],[-38.54529,-6.78701],[-38.55549,-6.79156],[-38.5567,-6.78906],[-38.55412,-6.78373]]}},{"type":"Feature","properties":{"cota":400,"indice":false},"geometry":{"type":"LineString","coordinates":[[-38.63128,-6.77493],[-38.62209,-6.77895],[-38.60081,-6.78017],[-38.5914,-6.78633],[-38.59325,-6.78821],[-38.60218,-6.78931],[-38.60417,-6.78769],[-38.60355,-6.78346],[-38.60699,-6.78277],[-38.61469,-6.78526]]}},{"type":"Feature","properties":{"cota":300,"indice":false},"geometry":{"type":"LineString","coordinates":[[-38.58158,-6.73829],[-38.57334,-6.73876],[-38.57128,-6.74065],[-38.57471,-6.74345],[-38.58219,-6.74405],[-38.58349,-6.74883],[-38.59434,-6.74746],[-38.59381,-6.74474],[-38.58696,-6.74405],[-38.58158,-6.73829]]}},{"type":"Feature","properties":{"cota":300,"indice":false},"geometry":{"type":"LineString","coordinates":[[-38.62209,-6.6765],[-38.62066,-6.67722],[-38.62204,-6.67927],[-38.62459,-6.67995],[-38.62528,-6.67859],[-38.62209,-6.6765]]}},{"type":"Feature","properties":{"cota":300,"indice":false},"geometry":{"type":"MultiLineString","coordinates":[[[-38.64681,-6.6518],[-38.63926,-6.65239],[-38.63713,-6.66222],[-38.63491,-6.66427],[-38.63458,-6.67381],[-38.62783,-6.67722],[-38.63308,-6.67859],[-38.63583,-6.68173],[-38.64406,-6.66972],[-38.6475,-6.6694],[-38.64472,-6.68063],[-38.6475,-6.6835],[-38.65231,-6.67975],[-38.65559,-6.67995],[-38.6578,-6.67652],[-38.66261,-6.68022],[-38.66241,-6.67525]],[[-38.64811,-6.65289],[-38.64681,-6.6518]]]}},{"type":"Feature","properties":{"cota":300,"indice":false},"geometry":{"type":"MultiLineString","coordinates":[[[-38.64819,-6.64645],[-38.64611,-6.64722],[-38.64894,-6.65192]],[[-38.65223,-6.64804],[-38.64819,-6.64645]]]}},{"type":"Feature","properties":{"cota":300,"indice":false},"geometry":{"type":"LineString","coordinates":[[-38.29868,-6.84494],[-38.28426,-6.84482],[-38.26916,-6.84738],[-38.2661,-6.84974],[-38.27053,-6.85217],[-38.28014,-6.85251],[-38.30417,-6.84633],[-38.29868,-6.84494]]}},{"type":"Feature","properties":{"cota":300,"indice":false},"geometry":{"type":"LineString","coordinates":[[-38.35361,-6.84356],[-38.35049,-6.84428],[-38.35293,-6.84635],[-38.3555,-6.84565],[-38.35361,-6.84356]]}},{"type":"Feature","properties":{"cota":300,"indice":false},"geometry":{"type":"LineString","coordinates":[[-38.36391,-6.84016],[-38.35975,-6.84156],[-38.35986,-6.84565],[-38.36254,-6.84747],[-38.36801,-6.84496],[-38.36689,-6.84156],[-38.36391,-6.84016]]}},{"type":"Feature","properties":{"cota":300,"indice":false},"geometry":{"type":"LineString","coordinates":[[-38.31516,-6.67212],[-38.31291,-6.67313],[-38.31928,-6.67755],[-38.32526,-6.67791],[-38.32409,-6.6741],[-38.31516,-6.67212]]}},{"type":"Feature","properties":{"cota":300,"indice":false},"geometry":{"type":"LineString","coordinates":[[-38.33714,-6.66801],[-38.33452,-6.6704],[-38.33789,-6.67586],[-38.33607,-6.67995],[-38.34675,-6.67886],[-38.33714,-6.66801]]}},{"type":"Feature","properties":{"cota":300,"indice":false},"geometry":{"type":"LineString","coordinates":[[-38.33027,-6.66002],[-38.3278,-6.66086],[-38.3289,-6.66448],[-38.33183,-6.6629],[-38.33027,-6.66002]]}},{"type":"Feature","properties":{"cota":500,"indice":true},"geometry":{"type":"LineString","coordinates":[[-38.33302,-6.57268],[-38.32747,-6.57628],[-38.33096,-6.58559],[-38.33588,-6.58788],[-38.3392,-6.59356],[-38.34881,-6.59788],[-38.35293,-6.59792],[-38.35335,-6.59606],[-38.34617,-6.58583],[-38.34818,-6.58037],[-38.34759,-6.57492],[-38.34469,-6.58015],[-38.33714,-6.57709],[-38.33302,-6.57268]]}},{"type":"Feature","properties":{"cota":400,"indice":false},"geometry":{"type":"LineString","coordinates":[[-38.3337,-6.52214],[-38.32843,-6.52307],[-38.3377,-6.53126],[-38.33233,-6.54081],[-38.32958,-6.53654],[-38.32478,-6.53364],[-38.31928,-6.54024],[-38.31487,-6.54081],[-38.31706,-6.55377],[-38.31596,-6.55991],[-38.31722,-6.56186],[-38.31997,-6.56119],[-38.3237,-6.55718],[-38.32191,-6.55377],[-38.32821,-6.54986],[-38.32821,-6.54636],[-38.33164,-6.54707],[-38.33257,-6.55513],[-38.33089,-6.56264],[-38.32633,-6.56741],[-38.32169,-6.58242],[-38.32615,-6.58351],[-38.3289,-6.58853],[-38.33934,-6.59811],[-38.33878,-6.60288],[-38.34181,-6.60697],[-38.34538,-6.61995],[-38.35705,-6.62101],[-38.35923,-6.61652],[-38.35451,-6.61039],[-38.35252,-6.60288],[-38.35705,-6.60183],[-38.36185,-6.60336],[-38.3637,-6.60084],[-38.35314,-6.58788],[-38.35657,-6.57833],[-38.3763,-6.57901],[-38.37968,-6.57355],[-38.37979,-6.56809],[-38.37111,-6.56264],[-38.37013,-6.5565],[-38.36391,-6.5537],[-38.35842,-6.542],[-38.34989,-6.55104],[-38.3521,-6.5565],[-38.35038,-6.56059],[-38.34743,-6.56056],[-38.34648,-6.5565],[-38.34023,-6.5524],[-38.34881,-6.54494],[-38.35121,-6.53603],[-38.34606,-6.52886],[-38.3337,-6.52214]]}},{"type":"Feature","properties":{"cota":500,"indice":true},"geometry":{"type":"LineString","coordinates":[[-38.3749,-6.56939],[-38.37195,-6.57082],[-38.37353,-6.57299],[-38.3758,-6.57151],[-38.3749,-6.56939]]}},{"type":"Feature","properties":{"cota":500,"indice":true},"geometry":{"type":"LineString","coordinates":[[-38.36323,-6.56874],[-38.35559,-6.57082],[-38.35979,-6.57262],[-38.36185,-6.57042],[-38.36679,-6.57082],[-38.36323,-6.56874]]}},{"type":"Feature","properties":{"cota":300,"indice":false},"geometry":{"type":"LineString","coordinates":[[-37.92583,-6.68584],[-37.92309,-6.68568],[-37.91897,-6.68978],[-37.91485,-6.68976],[-37.91279,-6.69176],[-37.91553,-6.6931],[-37.92171,-6.69185],[-37.92713,-6.68814],[-37.92583,-6.68584]]}},{"type":"Feature","properties":{"cota":300,"indice":false},"geometry":{"type":"LineString","coordinates":[[-37.93339,-6.68712],[-37.93141,-6.68814],[-37.93407,-6.68981],[-37.93339,-6.68712]]}},{"type":"Feature","properties":{"cota":400,"indice":false},"geometry":{"type":"LineString","coordinates":[[-37.9945,-6.66762],[-37.99175,-6.67313],[-37.98479,-6.67381],[-37.98557,-6.6829],[-37.9793,-6.68609],[-37.97696,-6.69223],[-37.97175,-6.69632],[-37.97047,-6.70265],[-37.9739,-6.70248],[-37.99341,-6.68063],[-37.9989,-6.67109],[-37.9945,-6.66762]]}},{"type":"Feature","properties":{"cota":500,"indice":true},"geometry":{"type":"LineString","coordinates":[[-37.99038,-6.67693],[-37.98838,-6.67791],[-37.98901,-6.68021],[-37.99107,-6.67892],[-37.99038,-6.67693]]}},{"type":"Feature","properties":{"cota":600,"indice":false},"geometry":{"type":"LineString","coordinates":[[-37.9224,-6.66954],[-37.92446,-6.67196],[-37.9224,-6.66954]]}},{"type":"Feature","properties":{"cota":500,"indice":true},"geometry":{"type":"LineString","coordinates":[[-37.93339,-6.65802],[-37.92884,-6.65881],[-37.92498,-6.66699],[-37.91965,-6.66516],[-37.91727,-6.66631],[-37.92087,-6.67245],[-37.92515,-6.67501],[-37.93201,-6.67313],[-37.94718,-6.66358],[-37.94469,-6.65949],[-37.93957,-6.66072],[-37.93339,-6.65802]]}},{"type":"Feature","properties":{"cota":600,"indice":false},"geometry":{"type":"LineString","coordinates":[[-37.93476,-6.66073],[-37.93106,-6.66154],[-37.92995,-6.66974],[-37.93773,-6.66495],[-37.93476,-6.66073]]}},{"type":"Feature","properties":{"cota":500,"indice":true},"geometry":{"type":"LineString","coordinates":[[-37.95948,-6.65652],[-37.95781,-6.65745],[-37.95742,-6.66468],[-37.96017,-6.66396],[-37.96179,-6.66086],[-37.95948,-6.65652]]}},{"type":"Feature","properties":{"cota":600,"indice":false},"geometry":{"type":"LineString","coordinates":[[-37.99175,-6.64714],[-37.98566,-6.6479],[-37.98501,-6.65131],[-37.99656,-6.65108],[-37.99587,-6.64846],[-37.99175,-6.64714]]}},{"type":"Feature","properties":{"cota":600,"indice":false},"geometry":{"type":"LineString","coordinates":[[-37.93133,-6.63588],[-37.92914,-6.63767],[-37.93133,-6.63995],[-37.93133,-6.63588]]}},{"type":"Feature","properties":{"cota":500,"indice":true},"geometry":{"type":"LineString","coordinates":[[-38.11398,-6.67102],[-38.11237,-6.67245],[-38.11535,-6.67582],[-38.11658,-6.67313],[-38.11398,-6.67102]]}},{"type":"Feature","properties":{"cota":500,"indice":true},"geometry":{"type":"LineString","coordinates":[[-38.13183,-6.66946],[-38.13251,-6.67248],[-38.13801,-6.67591],[-38.13704,-6.67313],[-38.13183,-6.66946]]}},{"type":"Feature","properties":{"cota":400,"indice":false},"geometry":{"type":"LineString","coordinates":[[-38.10986,-6.66558],[-38.10725,-6.66699],[-38.10722,-6.66972],[-38.1126,-6.67743],[-38.11672,-6.67869],[-38.11879,-6.67586],[-38.11851,-6.67109],[-38.10986,-6.66558]]}},{"type":"Feature","properties":{"cota":400,"indice":false},"geometry":{"type":"LineString","coordinates":[[-38.12359,-6.6566],[-38.12189,-6.65676],[-38.12231,-6.65949],[-38.12837,-6.67177],[-38.12967,-6.68063],[-38.13457,-6.68164],[-38.14278,-6.67927],[-38.14064,-6.67109],[-38.12359,-6.6566]]}},{"type":"Feature","properties":{"cota":400,"indice":false},"geometry":{"type":"LineString","coordinates":[[-38.14281,-6.64446],[-38.14015,-6.64653],[-38.14166,-6.65063],[-38.14735,-6.6554],[-38.15333,-6.66495],[-38.15731,-6.66699],[-38.16135,-6.67246],[-38.1641,-6.67254],[-38.16383,-6.66017],[-38.15295,-6.65404],[-38.14762,-6.64533],[-38.14281,-6.64446]]}},{"type":"Feature","properties":{"cota":400,"indice":false},"geometry":{"type":"LineString","coordinates":[[-38.14899,-6.64089],[-38.14657,-6.64176],[-38.14762,-6.6444],[-38.14968,-6.6429],[-38.14899,-6.64089]]}},{"type":"Feature","properties":{"cota":500,"indice":true},"geometry":{"type":"LineString","coordinates":[[-38.12771,-6.62646],[-38.12631,-6.62675],[-38.12702,-6.62897],[-38.13039,-6.62948],[-38.12771,-6.62646]]}},{"type":"Feature","properties":{"cota":400,"indice":false},"geometry":{"type":"LineString","coordinates":[[-38.12634,-6.6196],[-38.12211,-6.62607],[-38.12533,-6.63085],[-38.14144,-6.63627],[-38.14267,-6.63358],[-38.14144,-6.63071],[-38.13663,-6.62948],[-38.12634,-6.6196]]}},{"type":"Feature","properties":{"cota":300,"indice":false},"geometry":{"type":"LineString","coordinates":[[-38.16753,-6.60609],[-38.16623,-6.60697],[-38.16931,-6.61448],[-38.16637,-6.61925],[-38.17097,-6.62223],[-38.17388,-6.6138],[-38.16753,-6.60609]]}},{"type":"Feature","properties":{"cota":400,"indice":false},"geometry":{"type":"LineString","coordinates":[[-38.11672,-6.60759],[-38.11454,-6.60766],[-38.1143,-6.61448],[-38.11741,-6.61583],[-38.12222,-6.614],[-38.12222,-6.61097],[-38.11672,-6.60759]]}},{"type":"Feature","properties":{"cota":500,"indice":true},"geometry":{"type":"LineString","coordinates":[[-38.04119,-6.63286],[-38.03913,-6.6327],[-38.03768,-6.63562],[-38.04325,-6.63714],[-38.04119,-6.63286]]}},{"type":"Feature","properties":{"cota":700,"indice":false},"geometry":{"type":"LineString","coordinates":[[-37.95811,-6.6293],[-37.95605,-6.62915],[-37.95612,-6.63085],[-37.96017,-6.63275],[-37.95811,-6.6293]]}},{"type":"Feature","properties":{"cota":500,"indice":true},"geometry":{"type":"LineString","coordinates":[[-37.99862,-6.59333],[-37.98626,-6.59585],[-37.96635,-6.59356],[-37.94575,-6.60303],[-37.943,-6.61183],[-37.93133,-6.60291],[-37.92299,-6.60834],[-37.92723,-6.61516],[-37.92652,-6.61691],[-37.90936,-6.61125],[-37.9064,-6.61721],[-37.91691,-6.63412],[-37.92443,-6.63494],[-37.92377,-6.64081],[-37.92738,-6.64176],[-37.93133,-6.64781],[-37.93476,-6.64707],[-37.93819,-6.6387],[-37.94231,-6.64472],[-37.95056,-6.64244],[-37.95261,-6.63794],[-37.95811,-6.6421],[-37.95693,-6.64858],[-37.96085,-6.65301],[-37.96978,-6.65173],[-37.97527,-6.65713],[-37.98008,-6.65407],[-37.99862,-6.65468],[-37.9995,-6.65063],[-37.99656,-6.64639],[-37.98695,-6.64416],[-37.97939,-6.64756],[-37.97972,-6.64244],[-37.97047,-6.63728],[-37.9703,-6.63426],[-37.98351,-6.63231],[-37.98751,-6.62948],[-37.98832,-6.62454],[-37.99519,-6.62591],[-38.00068,-6.63135],[-38.00423,-6.63153],[-38.0053,-6.62948],[-38.00303,-6.62266],[-38.0048,-6.6207],[-38.01304,-6.62044],[-38.02471,-6.62456],[-38.03089,-6.62954],[-38.03638,-6.62862],[-38.03818,-6.62471],[-38.0357,-6.61701],[-38.01929,-6.61652],[-38.01829,-6.61175],[-38.01163,-6.61175],[-38.00656,-6.59538],[-37.99862,-6.59333]]}},{"type":"Feature","properties":{"cota":700,"indice":false},"geometry":{"type":"LineString","coordinates":[[-37.93201,-6.62053],[-37.92909,-6.62334],[-37.93407,-6.62945],[-37.94506,-6.62807],[-37.94717,-6.62539],[-37.94575,-6.62284],[-37.93957,-6.62359],[-37.93201,-6.62053]]}},{"type":"Feature","properties":{"cota":600,"indice":false},"geometry":{"type":"LineString","coordinates":[[-38.03364,-6.61913],[-38.02445,-6.62062],[-38.03272,-6.62744],[-38.03436,-6.62607],[-38.03364,-6.61913]]}},{"type":"Feature","properties":{"cota":700,"indice":false},"geometry":{"type":"LineString","coordinates":[[-37.96635,-6.6211],[-37.9636,-6.62078],[-37.96287,-6.62266],[-37.96613,-6.62403],[-37.96635,-6.6211]]}},{"type":"Feature","properties":{"cota":700,"indice":false},"geometry":{"type":"LineString","coordinates":[[-37.91759,-6.61773],[-37.91348,-6.61743],[-37.9127,-6.61925],[-37.91553,-6.62368],[-37.91828,-6.62423],[-37.92132,-6.62062],[-37.91759,-6.61773]]}},{"type":"Feature","properties":{"cota":600,"indice":false},"geometry":{"type":"LineString","coordinates":[[-37.99862,-6.59531],[-37.99313,-6.59905],[-37.98959,-6.59811],[-37.98626,-6.60062],[-37.98214,-6.59783],[-37.9739,-6.59804],[-37.96772,-6.59549],[-37.94987,-6.60431],[-37.94675,-6.60902],[-37.94817,-6.61516],[-37.9533,-6.62182],[-37.93854,-6.61925],[-37.93942,-6.61311],[-37.93133,-6.60586],[-37.92615,-6.6097],[-37.93325,-6.61721],[-37.92652,-6.6211],[-37.92103,-6.61677],[-37.91279,-6.61394],[-37.91055,-6.61448],[-37.90996,-6.61789],[-37.91368,-6.62539],[-37.91965,-6.62941],[-37.92223,-6.62539],[-37.92515,-6.62434],[-37.93339,-6.63416],[-37.93957,-6.63143],[-37.94506,-6.63643],[-37.94712,-6.63211],[-37.95193,-6.63133],[-37.96429,-6.64298],[-37.97115,-6.64496],[-37.97239,-6.64312],[-37.96717,-6.63835],[-37.96386,-6.62948],[-37.97596,-6.63138],[-37.98385,-6.62744],[-37.98309,-6.6213],[-37.97752,-6.61993],[-37.97653,-6.61789],[-37.98351,-6.60697],[-37.98695,-6.61166],[-37.99382,-6.61107],[-37.99411,-6.61311],[-37.98767,-6.61721],[-37.99175,-6.6233],[-37.99862,-6.62312],[-38.00128,-6.61789],[-38.00863,-6.61721],[-38.00455,-6.60356],[-38.00454,-6.59674],[-37.99862,-6.59531]]}},{"type":"Feature","properties":{"cota":400,"indice":false},"geometry":{"type":"LineString","coordinates":[[-37.95879,-6.56052],[-37.9533,-6.56292],[-37.94991,-6.57423],[-37.95569,-6.57764],[-37.96291,-6.58788],[-37.95773,-6.58992],[-37.95605,-6.59522],[-37.9428,-6.60084],[-37.94094,-6.60535],[-37.93201,-6.5992],[-37.92189,-6.60561],[-37.91828,-6.61036],[-37.91073,-6.60868],[-37.90524,-6.60954],[-37.90112,-6.60355],[-37.89219,-6.6],[-37.88994,-6.60152],[-37.89602,-6.63221],[-37.90197,-6.6363],[-37.90017,-6.6404],[-37.89531,-6.64312],[-37.8972,-6.64994],[-37.8942,-6.65472],[-37.89494,-6.65758],[-37.89906,-6.65908],[-37.91416,-6.6575],[-37.91662,-6.64653],[-37.90992,-6.63699],[-37.91073,-6.63556],[-37.91485,-6.63898],[-37.91965,-6.63977],[-37.92055,-6.64381],[-37.91848,-6.64858],[-37.92034,-6.65235],[-37.92446,-6.6526],[-37.92789,-6.65005],[-37.93797,-6.65063],[-37.93751,-6.65483],[-37.92789,-6.65556],[-37.92133,-6.66154],[-37.91375,-6.66495],[-37.91823,-6.67245],[-37.92515,-6.67756],[-37.93707,-6.6745],[-37.95193,-6.66503],[-37.95605,-6.66746],[-37.96085,-6.66637],[-37.96542,-6.66154],[-37.96531,-6.65745],[-37.96772,-6.6562],[-37.97459,-6.65979],[-37.98008,-6.65729],[-37.99107,-6.65662],[-37.99725,-6.65979],[-38.00343,-6.65773],[-38.00317,-6.64994],[-38.00636,-6.6479],[-38.00131,-6.64449],[-38.00037,-6.64108],[-37.99587,-6.63915],[-37.9842,-6.64114],[-37.98131,-6.63835],[-37.99519,-6.63199],[-37.99931,-6.6353],[-38.00617,-6.63397],[-38.00833,-6.63153],[-38.00823,-6.62664],[-38.01304,-6.62455],[-38.02402,-6.62765],[-38.03226,-6.63224],[-38.03707,-6.63993],[-38.04723,-6.6404],[-38.04187,-6.6288],[-38.04307,-6.62403],[-38.03971,-6.61516],[-38.04309,-6.60902],[-38.03982,-6.60864],[-38.03501,-6.61286],[-38.02814,-6.61335],[-38.02463,-6.61039],[-38.01347,-6.60697],[-38.01373,-6.60283],[-38.01922,-6.60469],[-38.02108,-6.60356],[-38.02184,-6.59606],[-38.01853,-6.59329],[-38.01235,-6.59101],[-38.00892,-6.59265],[-37.99862,-6.58997],[-37.99107,-6.59273],[-37.98421,-6.59129],[-37.98422,-6.58856],[-37.99284,-6.58037],[-37.99266,-6.57833],[-37.99038,-6.57743],[-37.98489,-6.58016],[-37.97047,-6.56312],[-37.95879,-6.56052]]}},{"type":"Feature","properties":{"cota":700,"indice":false},"geometry":{"type":"LineString","coordinates":[[-37.99313,-6.61694],[-37.99067,-6.61789],[-37.99175,-6.62029],[-37.9972,-6.61993],[-37.99313,-6.61694]]}},{"type":"Feature","properties":{"cota":700,"indice":false},"geometry":{"type":"LineString","coordinates":[[-37.96909,-6.59928],[-37.96291,-6.59987],[-37.95124,-6.60714],[-37.95266,-6.61448],[-37.96017,-6.61577],[-37.9636,-6.61417],[-37.96909,-6.61842],[-37.97115,-6.61813],[-37.97088,-6.61039],[-37.97665,-6.60958],[-37.98162,-6.60152],[-37.97939,-6.59979],[-37.96909,-6.59928]]}},{"type":"Feature","properties":{"cota":700,"indice":false},"geometry":{"type":"LineString","coordinates":[[-38.00137,-6.59737],[-37.99793,-6.59793],[-37.9959,-6.60425],[-37.99821,-6.61243],[-38.00068,-6.61457],[-38.00278,-6.61311],[-38.00123,-6.60288],[-38.00271,-6.59879],[-38.00137,-6.59737]]}},{"type":"Feature","properties":{"cota":800,"indice":false},"geometry":{"type":"LineString","coordinates":[[-37.97253,-6.60275],[-37.97014,-6.60288],[-37.96981,-6.60493],[-37.97496,-6.60697],[-37.97568,-6.60425],[-37.97253,-6.60275]]}},{"type":"Feature","properties":{"cota":300,"indice":false},"geometry":{"type":"LineString","coordinates":[[-38.05698,-6.60099],[-38.05479,-6.6022],[-38.05561,-6.60452],[-38.05785,-6.60356],[-38.05698,-6.60099]]}},{"type":"Feature","properties":{"cota":400,"indice":false},"geometry":{"type":"LineString","coordinates":[[-38.05012,-6.57832],[-38.04689,-6.57969],[-38.05149,-6.58415],[-38.05698,-6.58565],[-38.06084,-6.58378],[-38.05904,-6.58074],[-38.05286,-6.58037],[-38.05012,-6.57832]]}},{"type":"Feature","properties":{"cota":400,"indice":false},"geometry":{"type":"LineString","coordinates":[[-38.06179,-6.57206],[-38.05837,-6.57219],[-38.05829,-6.57423],[-38.06606,-6.57833],[-38.07003,-6.58406],[-38.0721,-6.58378],[-38.0722,-6.58105],[-38.06179,-6.57206]]}},{"type":"Feature","properties":{"cota":500,"indice":true},"geometry":{"type":"LineString","coordinates":[[-37.96085,-6.564],[-37.95536,-6.56508],[-37.95387,-6.56946],[-37.95536,-6.57257],[-37.97047,-6.58918],[-37.98077,-6.58781],[-37.98283,-6.58447],[-37.97931,-6.57696],[-37.97446,-6.57423],[-37.97296,-6.57014],[-37.96772,-6.56613],[-37.96085,-6.564]]}},{"type":"Feature","properties":{"cota":600,"indice":false},"geometry":{"type":"LineString","coordinates":[[-37.96223,-6.56659],[-37.95911,-6.56809],[-37.95997,-6.57219],[-37.96726,-6.58105],[-37.97184,-6.58495],[-37.97871,-6.58521],[-37.97665,-6.57894],[-37.96223,-6.56659]]}},{"type":"Feature","properties":{"cota":400,"indice":false},"geometry":{"type":"LineString","coordinates":[[-38.0563,-6.55635],[-38.05337,-6.55718],[-38.05286,-6.5621],[-38.04737,-6.56411],[-38.04256,-6.55998],[-38.03984,-6.56468],[-38.0563,-6.56791],[-38.06217,-6.56127],[-38.0563,-6.55635]]}},{"type":"Feature","properties":{"cota":400,"indice":false},"geometry":{"type":"LineString","coordinates":[[-38.02334,-6.54889],[-38.01701,-6.55104],[-38.02,-6.5565],[-38.02265,-6.5567],[-38.02455,-6.55445],[-38.02334,-6.54889]]}},{"type":"Feature","properties":{"cota":400,"indice":false},"geometry":{"type":"LineString","coordinates":[[-38.33164,-6.53164],[-38.32994,-6.53194],[-38.33027,-6.53463],[-38.33164,-6.53164]]}},{"type":"Feature","properties":{"cota":600,"indice":false},"geometry":{"type":"LineString","coordinates":[[-38.27122,-6.51758],[-38.26841,-6.51898],[-38.26872,-6.52444],[-38.27328,-6.52774],[-38.27808,-6.52777],[-38.28014,-6.53673],[-38.28365,-6.53876],[-38.28417,-6.53194],[-38.2897,-6.52307],[-38.28495,-6.5195],[-38.27122,-6.51758]]}},{"type":"Feature","properties":{"cota":500,"indice":true},"geometry":{"type":"LineString","coordinates":[[-38.27671,-6.51276],[-38.2671,-6.51645],[-38.26647,-6.52512],[-38.27603,-6.53058],[-38.27892,-6.53808],[-38.2822,-6.54051],[-38.28601,-6.54013],[-38.28603,-6.53262],[-38.29113,-6.52653],[-38.29662,-6.52579],[-38.30486,-6.52907],[-38.30967,-6.52744],[-38.30555,-6.52352],[-38.27946,-6.51632],[-38.27671,-6.51276]]}},{"type":"Feature","properties":{"cota":700,"indice":false},"geometry":{"type":"LineString","coordinates":[[-38.27259,-6.52158],[-38.27136,-6.52239],[-38.27396,-6.52385],[-38.27259,-6.52158]]}},{"type":"Feature","properties":{"cota":400,"indice":false},"geometry":{"type":"LineString","coordinates":[[-38.3337,-6.51472],[-38.332,-6.51625],[-38.33439,-6.51772],[-38.3337,-6.51472]]}},{"type":"Feature","properties":{"cota":400,"indice":false},"geometry":{"type":"LineString","coordinates":[[-38.26651,-6.49163],[-38.27609,-6.50738],[-38.26211,-6.51216],[-38.2631,-6.52648],[-38.26504,-6.52892],[-38.27422,-6.53262],[-38.27946,-6.54105],[-38.28564,-6.54322],[-38.28849,-6.54081],[-38.28907,-6.53252],[-38.29319,-6.5294],[-38.31173,-6.5326],[-38.3131,-6.53702],[-38.31516,-6.53458],[-38.31183,-6.52375],[-38.29589,-6.51693],[-38.31173,-6.51989],[-38.3167,-6.5183],[-38.30179,-6.50738],[-38.30761,-6.50661],[-38.32134,-6.51206],[-38.32414,-6.51079],[-38.3204,-6.49919],[-38.31654,-6.49968],[-38.3131,-6.49564],[-38.3083,-6.49855],[-38.30006,-6.49534],[-38.30321,-6.48889]]}},{"type":"Feature","properties":{"cota":400,"indice":false},"geometry":{"type":"LineString","coordinates":[[-38.2259,-6.49985],[-38.22796,-6.50347],[-38.23139,-6.50415],[-38.2259,-6.49985]]}},{"type":"Feature","properties":{"cota":500,"indice":true},"geometry":{"type":"LineString","coordinates":[[-38.28421,-6.5018],[-38.28105,-6.50397],[-38.28672,-6.50943],[-38.29681,-6.51147],[-38.29228,-6.5026],[-38.29597,-6.50056],[-38.29052,-6.4966]]}},{"type":"Feature","properties":{"cota":400,"indice":false},"geometry":{"type":"LineString","coordinates":[[-38.24581,-6.48995],[-38.24363,-6.49305],[-38.24581,-6.49603],[-38.24758,-6.49374],[-38.24581,-6.48995]]}},{"type":"Feature","properties":{"cota":600,"indice":false},"geometry":{"type":"LineString","coordinates":[[-38.22427,-6.48413],[-38.22727,-6.48955],[-38.23071,-6.49136],[-38.23179,-6.48275]]}},{"type":"Feature","properties":{"cota":400,"indice":false},"geometry":{"type":"LineString","coordinates":[[-38.07072,-6.60817],[-38.07003,-6.61119],[-38.07353,-6.61243],[-38.07415,-6.61059],[-38.07072,-6.60817]]}},{"type":"Feature","properties":{"cota":400,"indice":false},"geometry":{"type":"LineString","coordinates":[[-38.08102,-6.58233],[-38.07629,-6.5831],[-38.08384,-6.58719],[-38.08102,-6.58233]]}},{"type":"Feature","properties":{"cota":500,"indice":true},"geometry":{"type":"LineString","coordinates":[[-38.12634,-6.5312],[-38.12965,-6.53399],[-38.12634,-6.5312]]}},{"type":"Feature","properties":{"cota":400,"indice":false},"geometry":{"type":"LineString","coordinates":[[-38.1538,-6.52968],[-38.14782,-6.53194],[-38.15449,-6.53482],[-38.15586,-6.53262],[-38.1538,-6.52968]]}},{"type":"Feature","properties":{"cota":500,"indice":true},"geometry":{"type":"LineString","coordinates":[[-38.11672,-6.52185],[-38.11741,-6.52444],[-38.12496,-6.53076],[-38.12203,-6.52206]]}},{"type":"Feature","properties":{"cota":500,"indice":true},"geometry":{"type":"LineString","coordinates":[[-38.09702,-6.50738],[-38.09681,-6.51139],[-38.10547,-6.51496]]}},{"type":"Feature","properties":{"cota":400,"indice":false},"geometry":{"type":"LineString","coordinates":[[-38.21723,-6.48537],[-38.22178,-6.49272],[-38.23208,-6.49615],[-38.23767,-6.49442],[-38.23739,-6.48165]]}},{"type":"Feature","properties":{"cota":400,"indice":false},"geometry":{"type":"LineString","coordinates":[[-38.03826,-6.46137],[-38.0384,-6.45689],[-38.04297,-6.45826],[-38.04653,-6.45144],[-38.04874,-6.4519],[-38.05208,-6.46235],[-38.0563,-6.45979],[-38.06215,-6.46713],[-38.05873,-6.47054],[-38.06042,-6.47722],[-38.07003,-6.47611],[-38.07346,-6.48165],[-38.08994,-6.49405],[-38.08926,-6.49708],[-38.08239,-6.49705],[-38.08105,-6.49919],[-38.08926,-6.51052],[-38.1126,-6.52605],[-38.12064,-6.53399],[-38.12153,-6.53799],[-38.12634,-6.53929],[-38.13046,-6.54305],[-38.13801,-6.54456],[-38.15037,-6.55308],[-38.15205,-6.54695],[-38.14826,-6.54354],[-38.14272,-6.52989],[-38.14693,-6.52607],[-38.14984,-6.51966],[-38.1478,-6.5142],[-38.14924,-6.50943],[-38.14469,-6.50465],[-38.14349,-6.49769]]}},{"type":"Feature","properties":{"cota":500,"indice":true},"geometry":{"type":"LineString","coordinates":[[-37.95399,-6.52895],[-37.9512,-6.52921],[-37.9533,-6.53038],[-37.95399,-6.52895]]}},{"type":"Feature","properties":{"cota":400,"indice":false},"geometry":{"type":"LineString","coordinates":[[-37.98351,-6.52368],[-37.97527,-6.52698],[-37.97321,-6.5238],[-37.97047,-6.52377],[-37.96223,-6.52888],[-37.95055,-6.52537],[-37.94735,-6.52716],[-37.95124,-6.53245],[-37.96566,-6.53465],[-37.97115,-6.53293],[-37.98489,-6.53445],[-37.99172,-6.52785],[-37.98901,-6.52477],[-37.98351,-6.52368]]}},{"type":"Feature","properties":{"cota":400,"indice":false},"geometry":{"type":"LineString","coordinates":[[-38.00068,-6.52632],[-37.9977,-6.52648],[-37.99684,-6.52921],[-38.00045,-6.52921],[-38.00068,-6.52632]]}},{"type":"Feature","properties":{"cota":400,"indice":false},"geometry":{"type":"LineString","coordinates":[[-37.96978,-6.51336],[-37.96726,-6.5142],[-37.96757,-6.5183],[-37.97731,-6.5183],[-37.97654,-6.51488],[-37.96978,-6.51336]]}},{"type":"Feature","properties":{"cota":300,"indice":false},"geometry":{"type":"LineString","coordinates":[[-37.91828,-6.49722],[-37.91637,-6.49851],[-37.91759,-6.5007],[-37.91828,-6.49722]]}},{"type":"Feature","properties":{"cota":400,"indice":false},"geometry":{"type":"LineString","coordinates":[[-38.04462,-6.48663],[-38.04302,-6.4876],[-38.04462,-6.48955],[-38.04599,-6.48828],[-38.04462,-6.48663]]}},{"type":"Feature","properties":{"cota":400,"indice":false},"geometry":{"type":"LineString","coordinates":[[-38.02604,-6.47384],[-38.02478,-6.47463],[-38.02608,-6.47617],[-38.0262,-6.47404]]}},{"type":"Feature","properties":{"cota":400,"indice":false},"geometry":{"type":"MultiLineString","coordinates":[[[-38.03913,-6.46413],[-38.03907,-6.46412]],[[-38.03701,-6.47519],[-38.04188,-6.47862],[-38.0445,-6.47463],[-38.03913,-6.46413]]]}},{"type":"Feature","properties":{"cota":400,"indice":false},"geometry":{"type":"LineString","coordinates":[[-38.01759,-6.44411],[-38.01647,-6.44701],[-38.01972,-6.44713]]}},{"type":"Feature","properties":{"cota":700,"indice":false},"geometry":{"type":"LineString","coordinates":[[-38.59669,-6.53665],[-38.5931,-6.5374],[-38.59414,-6.54354],[-38.60218,-6.55165],[-38.60355,-6.54479],[-38.59669,-6.53665]]}},{"type":"Feature","properties":{"cota":600,"indice":false},"geometry":{"type":"LineString","coordinates":[[-38.61286,-6.51538],[-38.60967,-6.51693],[-38.60905,-6.52251],[-38.59943,-6.525],[-38.60081,-6.53381],[-38.59463,-6.53284],[-38.59051,-6.53432],[-38.59198,-6.5449],[-38.596,-6.55267],[-38.60355,-6.55579],[-38.60629,-6.54968],[-38.60327,-6.5374],[-38.61179,-6.54543],[-38.62158,-6.54788]]}},{"type":"Feature","properties":{"cota":700,"indice":false},"geometry":{"type":"MultiLineString","coordinates":[[[-38.60561,-6.5258],[-38.60169,-6.52648],[-38.60321,-6.53126],[-38.60767,-6.53403],[-38.61179,-6.54209],[-38.6159,-6.54208]],[[-38.61566,-6.52843],[-38.61317,-6.52627],[-38.60561,-6.5258]]]}},{"type":"Feature","properties":{"cota":500,"indice":true},"geometry":{"type":"LineString","coordinates":[[-38.58158,-6.52296],[-38.58005,-6.52307],[-38.58124,-6.5258],[-38.58707,-6.52982],[-38.58729,-6.5258],[-38.58158,-6.52296]]}},{"type":"Feature","properties":{"cota":400,"indice":false},"geometry":{"type":"LineString","coordinates":[[-38.55206,-6.52424],[-38.54794,-6.52441],[-38.54698,-6.52648],[-38.55177,-6.52785],[-38.55345,-6.52648],[-38.55206,-6.52424]]}},{"type":"Feature","properties":{"cota":700,"indice":false},"geometry":{"type":"LineString","coordinates":[[-38.58227,-6.50735],[-38.58223,-6.50943],[-38.58639,-6.51084],[-38.58227,-6.50735]]}},{"type":"Feature","properties":{"cota":600,"indice":false},"geometry":{"type":"LineString","coordinates":[[-38.55618,-6.48813],[-38.5506,-6.49169],[-38.55591,-6.49988],[-38.56236,-6.50291],[-38.57059,-6.5015],[-38.58051,-6.51147],[-38.58913,-6.514],[-38.58847,-6.50874],[-38.58158,-6.50228],[-38.57677,-6.49991],[-38.56991,-6.49962],[-38.55618,-6.48813]]}},{"type":"Feature","properties":{"cota":400,"indice":false},"geometry":{"type":"LineString","coordinates":[[-38.39344,-6.58911],[-38.39077,-6.58992],[-38.39481,-6.59494],[-38.39344,-6.58911]]}},{"type":"Feature","properties":{"cota":400,"indice":false},"geometry":{"type":"LineString","coordinates":[[-38.38863,-6.58352],[-38.3871,-6.58515],[-38.38863,-6.5871],[-38.38863,-6.58352]]}},{"type":"Feature","properties":{"cota":600,"indice":false},"geometry":{"type":"LineString","coordinates":[[-38.45043,-6.49713],[-38.4504,-6.49919],[-38.45258,-6.49988],[-38.45043,-6.49713]]}},{"type":"Feature","properties":{"cota":500,"indice":true},"geometry":{"type":"LineString","coordinates":[[-38.44357,-6.47228],[-38.43794,-6.47395],[-38.44502,-6.48623],[-38.43876,-6.48347],[-38.43812,-6.48487],[-38.44837,-6.50101],[-38.46126,-6.50397],[-38.46148,-6.50056],[-38.45714,-6.49783],[-38.45891,-6.49169],[-38.4552,-6.48555],[-38.45511,-6.48077],[-38.44357,-6.47228]]}},{"type":"Feature","properties":{"cota":400,"indice":false},"geometry":{"type":"LineString","coordinates":[[-38.44631,-6.45799],[-38.44143,-6.46235],[-38.42854,-6.46781],[-38.42838,-6.46986],[-38.43288,-6.47463],[-38.42579,-6.47873],[-38.42611,-6.4876],[-38.43479,-6.48691],[-38.44563,-6.50246],[-38.45936,-6.50877],[-38.46067,-6.51352],[-38.46416,-6.51485],[-38.46485,-6.50874],[-38.47268,-6.50465],[-38.47082,-6.50056],[-38.46426,-6.49715],[-38.46852,-6.49374],[-38.46894,-6.49032],[-38.46164,-6.48418],[-38.46341,-6.48009],[-38.45457,-6.4644],[-38.44631,-6.45799]]}},{"type":"Feature","properties":{"cota":400,"indice":false},"geometry":{"type":"LineString","coordinates":[[-38.4779,-6.45207],[-38.47378,-6.45231],[-38.47142,-6.45758],[-38.4724,-6.45955],[-38.47657,-6.4603],[-38.47911,-6.45416],[-38.4779,-6.45207]]}},{"type":"Feature","properties":{"cota":500,"indice":true},"geometry":{"type":"LineString","coordinates":[[-38.42983,-6.44398],[-38.42846,-6.44881],[-38.43086,-6.44734],[-38.42983,-6.44398]]}},{"type":"Feature","properties":{"cota":600,"indice":false},"geometry":{"type":"LineString","coordinates":[[-38.51772,-6.40745],[-38.51841,-6.41016],[-38.51772,-6.40745]]}},{"type":"Feature","properties":{"cota":600,"indice":false},"geometry":{"type":"LineString","coordinates":[[-38.38514,-6.42173],[-38.38726,-6.42372],[-38.39069,-6.42358],[-38.39481,-6.41761],[-38.40168,-6.41643],[-38.40336,-6.418],[-38.40263,-6.42551],[-38.40511,-6.42785],[-38.40717,-6.42657],[-38.40855,-6.42109],[-38.41061,-6.42055],[-38.41404,-6.42644],[-38.41953,-6.427],[-38.41507,-6.43642],[-38.41747,-6.43817],[-38.42135,-6.43233],[-38.43052,-6.42539],[-38.43121,-6.43272],[-38.43807,-6.4324],[-38.44136,-6.4296],[-38.44163,-6.42551],[-38.43311,-6.42073],[-38.4337,-6.41595],[-38.43127,-6.41235]]}},{"type":"Feature","properties":{"cota":600,"indice":false},"geometry":{"type":"LineString","coordinates":[[-38.46828,-6.39889],[-38.46241,-6.39958],[-38.4606,-6.40231],[-38.46142,-6.40477],[-38.46622,-6.4062],[-38.47103,-6.4045],[-38.47314,-6.40026],[-38.46828,-6.39889]]}},{"type":"Feature","properties":{"cota":700,"indice":false},"geometry":{"type":"LineString","coordinates":[[-38.55618,-6.49095],[-38.55355,-6.49237],[-38.5568,-6.49783],[-38.56299,-6.49988],[-38.56252,-6.49715],[-38.55618,-6.49095]]}},{"type":"Feature","properties":{"cota":500,"indice":true},"geometry":{"type":"LineString","coordinates":[[-38.53832,-6.49144],[-38.53573,-6.49237],[-38.53626,-6.49516],[-38.53985,-6.49442],[-38.53832,-6.49144]]}},{"type":"Feature","properties":{"cota":500,"indice":true},"geometry":{"type":"MultiLineString","coordinates":[[[-38.51223,-6.39133],[-38.51108,-6.39412],[-38.5132,-6.40162],[-38.51163,-6.41118],[-38.51017,-6.41344],[-38.50536,-6.41272],[-38.50405,-6.41527],[-38.50774,-6.42824],[-38.51086,-6.42827],[-38.51566,-6.4214],[-38.51978,-6.42592],[-38.52253,-6.42549],[-38.52734,-6.41915],[-38.53192,-6.42551],[-38.5294,-6.42881],[-38.52596,-6.42911],[-38.52009,-6.43915],[-38.51772,-6.44018],[-38.51566,-6.43834],[-38.51328,-6.43984],[-38.51319,-6.44275]],[[-38.51335,-6.44326],[-38.50888,-6.44734],[-38.50589,-6.45348],[-38.51978,-6.4673],[-38.52363,-6.46849],[-38.52718,-6.47395],[-38.5294,-6.47523],[-38.53341,-6.46986],[-38.53626,-6.46906],[-38.5397,-6.47598],[-38.55137,-6.47648],[-38.55343,-6.48048],[-38.55892,-6.48145],[-38.56369,-6.48555],[-38.5548,-6.48507],[-38.54931,-6.4883],[-38.54905,-6.49374],[-38.5548,-6.50132],[-38.56167,-6.50467],[-38.56991,-6.50385],[-38.57922,-6.51284],[-38.58845,-6.51666],[-38.5913,-6.51557],[-38.59227,-6.51147],[-38.58707,-6.49952],[-38.60287,-6.50821],[-38.60384,-6.51284],[-38.5982,-6.5142],[-38.60118,-6.5183],[-38.59768,-6.52307],[-38.59669,-6.5296],[-38.58762,-6.53126],[-38.58975,-6.54558],[-38.59531,-6.55432],[-38.60424,-6.55864],[-38.60699,-6.55677],[-38.60905,-6.54776],[-38.61729,-6.55151],[-38.62387,-6.55021]],[[-38.5245,-6.40316],[-38.5191,-6.40164],[-38.51223,-6.39133]]]}},{"type":"Feature","properties":{"cota":700,"indice":false},"geometry":{"type":"MultiLineString","coordinates":[[[-38.57059,-6.47045],[-38.56671,-6.47463],[-38.57334,-6.47714],[-38.57609,-6.48053],[-38.57325,-6.4737]],[[-38.57061,-6.47046],[-38.57059,-6.47045]]]}},{"type":"Feature","properties":{"cota":600,"indice":false},"geometry":{"type":"MultiLineString","coordinates":[[[-38.55533,-6.44006],[-38.55137,-6.44012],[-38.54862,-6.44576],[-38.54038,-6.44943],[-38.54022,-6.44325],[-38.53832,-6.44145],[-38.53283,-6.44107],[-38.53001,-6.44564]],[[-38.52949,-6.44586],[-38.52885,-6.44578]],[[-38.52815,-6.44532],[-38.5239,-6.44248],[-38.52264,-6.44437]],[[-38.52361,-6.44515],[-38.5253,-6.44802],[-38.52256,-6.45075],[-38.52528,-6.45089],[-38.52871,-6.44789],[-38.53047,-6.45075],[-38.52812,-6.45894],[-38.52116,-6.45965],[-38.52223,-6.46235],[-38.5294,-6.46731],[-38.54117,-6.46508],[-38.54313,-6.47152],[-38.55618,-6.47237],[-38.55804,-6.476],[-38.56968,-6.48214],[-38.57471,-6.48812],[-38.59098,-6.49546]]]}},{"type":"Feature","properties":{"cota":700,"indice":false},"geometry":{"type":"LineString","coordinates":[[-38.55583,-6.44358],[-38.55331,-6.44461],[-38.55572,-6.44871],[-38.55439,-6.45212],[-38.56098,-6.45341],[-38.56168,-6.44984]]}},{"type":"Feature","properties":{"cota":700,"indice":false},"geometry":{"type":"MultiLineString","coordinates":[[[-38.55849,-6.35412],[-38.55282,-6.35189]],[[-38.55068,-6.35105],[-38.5397,-6.35429],[-38.5391,-6.35727],[-38.55,-6.35948],[-38.55686,-6.35742],[-38.56441,-6.36353],[-38.55961,-6.36712],[-38.54519,-6.36521],[-38.54176,-6.36636],[-38.54176,-6.37008],[-38.54759,-6.37228],[-38.54639,-6.37569],[-38.54105,-6.37979],[-38.54071,-6.38525],[-38.55549,-6.38525],[-38.5603,-6.38003],[-38.57059,-6.38577],[-38.57677,-6.38558],[-38.58369,-6.39002],[-38.58227,-6.39305],[-38.57739,-6.3948],[-38.57708,-6.39821],[-38.57471,-6.4],[-38.57128,-6.39971],[-38.56921,-6.39617],[-38.56236,-6.39292],[-38.55412,-6.39547],[-38.54978,-6.39925]]]}},{"type":"Feature","properties":{"cota":800,"indice":false},"geometry":{"type":"MultiLineString","coordinates":[[[-38.58867,-6.37651],[-38.59294,-6.38184],[-38.59301,-6.3873],[-38.5968,-6.388]],[[-38.598,-6.38889],[-38.59535,-6.39605]]]}},{"type":"Feature","properties":{"cota":800,"indice":false},"geometry":{"type":"LineString","coordinates":[[-38.55068,-6.3786],[-38.5475,-6.38047],[-38.55,-6.38098],[-38.55068,-6.3786]]}},{"type":"Feature","properties":{"cota":800,"indice":false},"geometry":{"type":"LineString","coordinates":[[-38.57491,-6.37005],[-38.57125,-6.37092],[-38.56928,-6.38047],[-38.57746,-6.37942],[-38.58034,-6.37424]]}},{"type":"Feature","properties":{"cota":700,"indice":false},"geometry":{"type":"LineString","coordinates":[[-38.48454,-6.39251],[-38.48697,-6.3873],[-38.48706,-6.37178]]}},{"type":"Feature","properties":{"cota":800,"indice":false},"geometry":{"type":"MultiLineString","coordinates":[[[-38.48408,-6.37864],[-38.48407,-6.37864]],[[-38.48388,-6.38184],[-38.48408,-6.37864]]]}},{"type":"Feature","properties":{"cota":500,"indice":true},"geometry":{"type":"LineString","coordinates":[[-38.37899,-6.4343],[-38.39413,-6.42882],[-38.39456,-6.43097],[-38.38932,-6.43348],[-38.38899,-6.43847],[-38.38578,-6.4412],[-38.39344,-6.44319],[-38.40038,-6.43984],[-38.40208,-6.44802],[-38.4005,-6.45212],[-38.40237,-6.45535],[-38.41473,-6.44431],[-38.41953,-6.44469],[-38.42503,-6.44003],[-38.42983,-6.44252],[-38.43533,-6.43702],[-38.44906,-6.4308],[-38.45236,-6.43301],[-38.45244,-6.43984],[-38.45936,-6.44206],[-38.45914,-6.43301],[-38.45626,-6.4296],[-38.45802,-6.42619],[-38.45455,-6.42856],[-38.44975,-6.42821],[-38.44631,-6.42156],[-38.44074,-6.41937],[-38.44292,-6.41732],[-38.44217,-6.41391],[-38.44975,-6.41449],[-38.44527,-6.40777],[-38.44866,-6.40504],[-38.44843,-6.40179]]}},{"type":"Feature","properties":{"cota":600,"indice":false},"geometry":{"type":"MultiLineString","coordinates":[[[-38.47927,-6.34617],[-38.47732,-6.34736]],[[-38.4856,-6.39764],[-38.4882,-6.39847],[-38.48952,-6.39685],[-38.48928,-6.38115],[-38.49117,-6.37501],[-38.49495,-6.37228],[-38.49465,-6.36546],[-38.48408,-6.34977],[-38.47927,-6.34617]]]}},{"type":"Feature","properties":{"cota":700,"indice":false},"geometry":{"type":"LineString","coordinates":[[-38.48959,-6.36881],[-38.49163,-6.36957],[-38.49192,-6.36614],[-38.48873,-6.36211]]}},{"type":"Feature","properties":{"cota":600,"indice":false},"geometry":{"type":"LineString","coordinates":[[-38.47205,-6.34222],[-38.47446,-6.34278],[-38.47858,-6.34027],[-38.49042,-6.3484],[-38.50267,-6.35863],[-38.51086,-6.36885],[-38.51704,-6.36705],[-38.51772,-6.37584],[-38.52116,-6.37439],[-38.52871,-6.38114],[-38.52885,-6.37024],[-38.53214,-6.36614],[-38.53126,-6.36068],[-38.53352,-6.34369],[-38.53714,-6.34976],[-38.53609,-6.3559],[-38.53933,-6.37638],[-38.5369,-6.38115],[-38.53717,-6.38661],[-38.54009,-6.39071],[-38.53934,-6.39412],[-38.54307,-6.39753],[-38.54021,-6.4009]]}},{"type":"Feature","properties":{"cota":700,"indice":false},"geometry":{"type":"LineString","coordinates":[[-38.51576,-6.34702],[-38.51867,-6.35181],[-38.52116,-6.36585],[-38.52322,-6.36774],[-38.52592,-6.36478],[-38.52642,-6.36],[-38.52591,-6.35386],[-38.52194,-6.34772],[-38.52266,-6.34484]]}},{"type":"Feature","properties":{"cota":800,"indice":false},"geometry":{"type":"LineString","coordinates":[[-38.45943,-6.3304],[-38.4646,-6.33143]]}},{"type":"Feature","properties":{"cota":700,"indice":false},"geometry":{"type":"LineString","coordinates":[[-38.46804,-6.33869],[-38.47446,-6.33716],[-38.47496,-6.33349]]}},{"type":"Feature","properties":{"cota":700,"indice":false},"geometry":{"type":"LineString","coordinates":[[-37.07593,-8.22573],[-37.06615,-8.21745],[-37.06272,-8.21883],[-37.0586,-8.21669],[-37.05575,-8.22066],[-37.05608,-8.22882],[-37.05335,-8.23426],[-37.06461,-8.24105],[-37.06684,-8.24943],[-37.05929,-8.24866],[-37.05311,-8.2454],[-37.04693,-8.24735],[-37.04006,-8.24241],[-37.03594,-8.24827],[-37.03388,-8.24845],[-37.03289,-8.23901],[-37.02908,-8.23506],[-37.02286,-8.24173],[-37.02816,-8.24921],[-37.02128,-8.25125],[-37.02358,-8.25532],[-37.02839,-8.25808],[-37.02908,-8.26105],[-37.00504,-8.25501],[-37.00024,-8.25016],[-36.98582,-8.24763],[-36.9762,-8.24972],[-36.97915,-8.24241],[-36.97346,-8.23909],[-36.96544,-8.24037],[-36.96012,-8.24853],[-36.9659,-8.25811],[-36.95217,-8.25392],[-36.95044,-8.24853],[-36.95385,-8.24717],[-36.95531,-8.24173],[-36.95217,-8.23395],[-36.94256,-8.22965],[-36.93122,-8.21999],[-36.93062,-8.21659],[-36.92608,-8.21258],[-36.9199,-8.21449],[-36.91708,-8.21047],[-36.91158,-8.20911],[-36.90676,-8.20028],[-36.89874,-8.19824],[-36.90218,-8.19348],[-36.90038,-8.18668],[-36.90662,-8.18736],[-36.90933,-8.17921],[-36.91343,-8.17513],[-36.91254,-8.16765],[-36.91029,-8.16524],[-36.90548,-8.16276],[-36.89967,-8.1629],[-36.89449,-8.15833],[-36.88763,-8.15855],[-36.87672,-8.15542],[-36.87277,-8.1527],[-36.86804,-8.14522],[-36.8596,-8.14047],[-36.85673,-8.1363],[-36.85179,-8.13503],[-36.85364,-8.13911],[-36.85208,-8.14454],[-36.85721,-8.1493],[-36.85606,-8.15474],[-36.85048,-8.15678],[-36.85001,-8.16018],[-36.8561,-8.16969],[-36.85145,-8.17241],[-36.85386,-8.17785],[-36.84927,-8.17921],[-36.84828,-8.18397],[-36.85055,-8.18743],[-36.86234,-8.19552],[-36.86016,-8.19587],[-36.84917,-8.19117],[-36.84231,-8.18381],[-36.82926,-8.17671],[-36.82446,-8.17208],[-36.82232,-8.16697],[-36.82358,-8.16222],[-36.82202,-8.15746],[-36.8121,-8.15027],[-36.79356,-8.14606],[-36.79081,-8.14046],[-36.786,-8.14229],[-36.76952,-8.1393],[-36.7654,-8.13131],[-36.75236,-8.13091],[-36.73862,-8.12454],[-36.70752,-8.11599],[-36.71253,-8.11287],[-36.72352,-8.11068],[-36.72901,-8.10401],[-36.73313,-8.11267],[-36.73725,-8.10932],[-36.74549,-8.11647],[-36.7606,-8.12267],[-36.76952,-8.1195],[-36.77158,-8.11528],[-36.77656,-8.11463],[-36.77433,-8.10907],[-36.77097,-8.10852],[-36.76952,-8.11223],[-36.75806,-8.10172],[-36.74905,-8.0922],[-36.74805,-8.08744],[-36.74274,-8.08007],[-36.73382,-8.07795],[-36.73004,-8.08472],[-36.7287,-8.09288],[-36.72526,-8.09152],[-36.71708,-8.08268],[-36.71253,-8.07282],[-36.70728,-8.07045],[-36.70829,-8.06569],[-36.69949,-8.06229],[-36.68987,-8.05307],[-36.68569,-8.05209],[-36.68232,-8.04755],[-36.67133,-8.04575],[-36.67002,-8.04325],[-36.67198,-8.03849],[-36.67108,-8.03373],[-36.6576,-8.02565],[-36.65558,-8.02761],[-36.65756,-8.04325],[-36.65563,-8.04597],[-36.64924,-8.03645],[-36.6533,-8.03373],[-36.65264,-8.02625],[-36.6455,-8.0215],[-36.64973,-8.01946],[-36.64936,-8.01525],[-36.64181,-8.01258],[-36.63769,-8.01385],[-36.63357,-8.01156],[-36.62958,-8.00314],[-36.62968,-7.98614],[-36.62312,-7.98012]]}},{"type":"Feature","properties":{"cota":1100,"indice":false},"geometry":{"type":"MultiLineString","coordinates":[[[-36.73794,-8.16968],[-36.72695,-8.1708],[-36.72571,-8.17249]],[[-36.74035,-8.1724],[-36.73794,-8.16968]]]}},{"type":"Feature","properties":{"cota":1000,"indice":true},"geometry":{"type":"LineString","coordinates":[[-36.78865,-8.18986],[-36.78591,-8.18397],[-36.77845,-8.18447],[-36.77326,-8.18193],[-36.7844,-8.17785],[-36.78317,-8.17105],[-36.77776,-8.16857],[-36.77433,-8.17449],[-36.77158,-8.17451],[-36.75716,-8.16657],[-36.75465,-8.16086],[-36.75027,-8.15814],[-36.7448,-8.15086],[-36.73382,-8.14762],[-36.7321,-8.14454],[-36.7448,-8.14399],[-36.74744,-8.13979],[-36.74,-8.1322],[-36.71597,-8.12792],[-36.70841,-8.12394],[-36.70223,-8.12507],[-36.70086,-8.13051],[-36.69468,-8.12511],[-36.68644,-8.1268],[-36.67743,-8.11803],[-36.67271,-8.12098],[-36.66344,-8.11463],[-36.65417,-8.11184],[-36.64455,-8.11497],[-36.64112,-8.11184],[-36.62829,-8.10743]]}},{"type":"Feature","properties":{"cota":1100,"indice":false},"geometry":{"type":"MultiLineString","coordinates":[[[-36.69605,-8.14098],[-36.69366,-8.14066]],[[-36.72549,-8.15663],[-36.72987,-8.15542],[-36.7273,-8.14794],[-36.71803,-8.14521],[-36.71528,-8.14898],[-36.70773,-8.14287],[-36.70361,-8.14903],[-36.6981,-8.14726],[-36.69854,-8.14318],[-36.69605,-8.14098]]]}},{"type":"Feature","properties":{"cota":900,"indice":false},"geometry":{"type":"MultiLineString","coordinates":[[[-36.62945,-8.03021],[-36.62904,-8.03]],[[-36.90723,-8.25286],[-36.92265,-8.24774],[-36.92061,-8.24037],[-36.91784,-8.23977],[-36.91372,-8.24325],[-36.90205,-8.23769],[-36.89635,-8.23765],[-36.88712,-8.2329],[-36.89367,-8.23086],[-36.87389,-8.21728],[-36.87184,-8.21795],[-36.87481,-8.2227],[-36.87321,-8.22387],[-36.8635,-8.21863],[-36.86085,-8.21505],[-36.85398,-8.21251],[-36.84643,-8.21331],[-36.83544,-8.20345],[-36.83064,-8.20228],[-36.82009,-8.18736],[-36.82259,-8.18464],[-36.82183,-8.18261],[-36.80935,-8.18359],[-36.8036,-8.17377],[-36.78665,-8.16561],[-36.78595,-8.16222],[-36.78875,-8.16149],[-36.8066,-8.1672],[-36.81416,-8.16749],[-36.81484,-8.15986],[-36.80729,-8.15366],[-36.78963,-8.1527],[-36.78524,-8.1493],[-36.77982,-8.15036],[-36.77364,-8.14675],[-36.7709,-8.15099],[-36.76746,-8.15173],[-36.76128,-8.13603],[-36.74824,-8.13576],[-36.73725,-8.12819],[-36.71528,-8.12535],[-36.7091,-8.12165],[-36.69811,-8.12375],[-36.69193,-8.11933],[-36.68781,-8.12267],[-36.67751,-8.11547],[-36.67133,-8.11625],[-36.66859,-8.1131],[-36.65485,-8.10901],[-36.64524,-8.11001],[-36.63142,-8.10444],[-36.63631,-8.10143],[-36.6473,-8.10305],[-36.66035,-8.09997],[-36.67202,-8.10729],[-36.70567,-8.10958],[-36.70843,-8.10784],[-36.70822,-8.10308],[-36.71047,-8.09957],[-36.71597,-8.09929],[-36.71854,-8.0956],[-36.71622,-8.08948],[-36.70704,-8.07702],[-36.70223,-8.07867],[-36.69399,-8.07475],[-36.68836,-8.07453],[-36.68369,-8.06914],[-36.6829,-8.07113],[-36.68572,-8.07589],[-36.68095,-8.07815],[-36.66977,-8.06773],[-36.66309,-8.06987],[-36.6524,-8.06501],[-36.64638,-8.05753],[-36.64761,-8.05277],[-36.63288,-8.04405],[-36.63053,-8.03917],[-36.63201,-8.03441],[-36.62945,-8.03021]]]}},{"type":"Feature","properties":{"cota":1000,"indice":true},"geometry":{"type":"LineString","coordinates":[[-36.75922,-8.13838],[-36.75579,-8.13875],[-36.7551,-8.14047],[-36.76197,-8.14428],[-36.76252,-8.14182],[-36.75922,-8.13838]]}},{"type":"Feature","properties":{"cota":1100,"indice":false},"geometry":{"type":"LineString","coordinates":[[-36.72558,-8.13286],[-36.71634,-8.13367],[-36.72009,-8.13507],[-36.72558,-8.13286]]}},{"type":"Feature","properties":{"cota":1100,"indice":false},"geometry":{"type":"LineString","coordinates":[[-36.69056,-8.13089],[-36.68722,-8.13299],[-36.68987,-8.13512],[-36.69199,-8.13367],[-36.69056,-8.13089]]}},{"type":"Feature","properties":{"cota":1100,"indice":false},"geometry":{"type":"MultiLineString","coordinates":[[[-36.67683,-8.12817],[-36.67341,-8.12831]],[[-36.67913,-8.13179],[-36.67683,-8.12817]]]}},{"type":"Feature","properties":{"cota":1100,"indice":false},"geometry":{"type":"MultiLineString","coordinates":[[[-36.65348,-8.12018],[-36.65198,-8.12149]],[[-36.65445,-8.12183],[-36.65348,-8.12018]]]}},{"type":"Feature","properties":{"cota":900,"indice":false},"geometry":{"type":"LineString","coordinates":[[-36.73794,-8.09077],[-36.73506,-8.0922],[-36.7354,-8.1024],[-36.74398,-8.1058],[-36.74755,-8.10995],[-36.7551,-8.11253],[-36.75839,-8.11124],[-36.75874,-8.1092],[-36.75183,-8.10036],[-36.73794,-8.09077]]}},{"type":"Feature","properties":{"cota":1000,"indice":true},"geometry":{"type":"LineString","coordinates":[[-36.74206,-8.09558],[-36.7389,-8.0956],[-36.73794,-8.10127],[-36.75228,-8.10784],[-36.74686,-8.099],[-36.74206,-8.09558]]}},{"type":"Feature","properties":{"cota":800,"indice":false},"geometry":{"type":"LineString","coordinates":[[-36.73931,-8.08199],[-36.73588,-8.08143],[-36.73378,-8.08336],[-36.73167,-8.099],[-36.73326,-8.10308],[-36.74089,-8.10716],[-36.74343,-8.1111],[-36.75442,-8.11607],[-36.76609,-8.11533],[-36.76171,-8.10716],[-36.74214,-8.09016],[-36.74224,-8.08404],[-36.73931,-8.08199]]}},{"type":"Feature","properties":{"cota":1100,"indice":false},"geometry":{"type":"LineString","coordinates":[[-36.67683,-8.09015],[-36.67382,-8.09152],[-36.67396,-8.09356],[-36.68198,-8.09696],[-36.68438,-8.10202],[-36.69332,-8.09764],[-36.68919,-8.09335],[-36.67683,-8.09015]]}},{"type":"Feature","properties":{"cota":1100,"indice":false},"geometry":{"type":"LineString","coordinates":[[-36.64514,-8.09175],[-36.6473,-8.09626],[-36.65045,-8.09628],[-36.64821,-8.0894]]}},{"type":"Feature","properties":{"cota":1000,"indice":true},"geometry":{"type":"MultiLineString","coordinates":[[[-36.64112,-8.05774],[-36.63958,-8.06153]],[[-36.6323,-8.09821],[-36.63769,-8.0974],[-36.6473,-8.10035],[-36.65623,-8.09862],[-36.65712,-8.0922],[-36.6533,-8.08744],[-36.6576,-8.08613],[-36.6627,-8.09084],[-36.6653,-8.10104],[-36.67202,-8.10477],[-36.67683,-8.10417],[-36.68507,-8.10731],[-36.69949,-8.1016],[-36.70292,-8.10216],[-36.70514,-8.099],[-36.7004,-8.09356],[-36.70223,-8.08936],[-36.71185,-8.09446],[-36.71388,-8.09356],[-36.71188,-8.0888],[-36.70635,-8.08392],[-36.69811,-8.08003],[-36.69476,-8.08064],[-36.69537,-8.08565],[-36.68575,-8.08155],[-36.68369,-8.08528],[-36.68026,-8.08484],[-36.67545,-8.07756],[-36.66859,-8.07262],[-36.66653,-8.07333],[-36.66172,-8.08202],[-36.65966,-8.07178],[-36.65315,-8.06998]],[[-36.65218,-8.06935],[-36.64112,-8.05774]]]}},{"type":"Feature","properties":{"cota":800,"indice":false},"geometry":{"type":"LineString","coordinates":[[-36.70086,-8.06692],[-36.69845,-8.06773],[-36.70086,-8.06839],[-36.70086,-8.06692]]}},{"type":"Feature","properties":{"cota":900,"indice":false},"geometry":{"type":"LineString","coordinates":[[-36.6885,-8.06137],[-36.68414,-8.06297],[-36.6885,-8.06414],[-36.68989,-8.06297],[-36.6885,-8.06137]]}},{"type":"Feature","properties":{"cota":1000,"indice":true},"geometry":{"type":"MultiLineString","coordinates":[[[-36.63219,-8.0531],[-36.63086,-8.05795]],[[-36.63661,-8.06031],[-36.63219,-8.0531]]]}},{"type":"Feature","properties":{"cota":900,"indice":false},"geometry":{"type":"LineString","coordinates":[[-36.67751,-8.05609],[-36.67508,-8.05685],[-36.67663,-8.05957],[-36.68324,-8.06297],[-36.68095,-8.05816],[-36.67751,-8.05609]]}},{"type":"Feature","properties":{"cota":1000,"indice":true},"geometry":{"type":"LineString","coordinates":[[-36.62788,-8.05016],[-36.63028,-8.05141],[-36.62824,-8.04381]]}},{"type":"Feature","properties":{"cota":900,"indice":false},"geometry":{"type":"LineString","coordinates":[[-36.63769,-8.02618],[-36.63557,-8.02761],[-36.63563,-8.03099],[-36.63884,-8.02829],[-36.63769,-8.02618]]}},{"type":"Feature","properties":{"cota":900,"indice":false},"geometry":{"type":"MultiLineString","coordinates":[[[-36.98994,-8.27366],[-36.98788,-8.27315],[-36.98669,-8.27571],[-36.99712,-8.2825],[-37.00264,-8.2966]],[[-37.02346,-8.28723],[-37.0174,-8.28483],[-37.01054,-8.2856],[-36.99543,-8.27935],[-36.98994,-8.27366]]]}},{"type":"Feature","properties":{"cota":800,"indice":false},"geometry":{"type":"LineString","coordinates":[[-36.98788,-8.25377],[-36.98444,-8.25444],[-36.98112,-8.25804],[-36.98856,-8.26233],[-36.99674,-8.26076],[-36.99612,-8.25852],[-36.98788,-8.25377]]}},{"type":"Feature","properties":{"cota":800,"indice":false},"geometry":{"type":"MultiLineString","coordinates":[[[-37.06753,-8.22608],[-37.06303,-8.2295],[-37.06683,-8.23274]],[[-37.06958,-8.23062],[-37.06995,-8.22746],[-37.06753,-8.22608]]]}},{"type":"Feature","properties":{"cota":700,"indice":false},"geometry":{"type":"LineString","coordinates":[[-37.08126,-8.21922],[-37.07927,-8.21999],[-37.08195,-8.22202],[-37.08126,-8.21922]]}},{"type":"Feature","properties":{"cota":700,"indice":false},"geometry":{"type":"LineString","coordinates":[[-37.01603,-8.18791],[-37.01191,-8.18807],[-37.00557,-8.19212],[-37.01559,-8.20571],[-37.02537,-8.21319],[-37.02504,-8.21931],[-37.02908,-8.22143],[-37.03371,-8.21455],[-37.04693,-8.21093],[-37.05242,-8.21152],[-37.05122,-8.20639],[-37.04174,-8.19756],[-37.04456,-8.1962],[-37.04117,-8.19212],[-37.03457,-8.18925],[-37.03045,-8.19199],[-37.01603,-8.18791]]}},{"type":"Feature","properties":{"cota":800,"indice":false},"geometry":{"type":"LineString","coordinates":[[-37.01534,-8.19341],[-37.01399,-8.19416],[-37.01878,-8.20017],[-37.02483,-8.203],[-37.02976,-8.208],[-37.03251,-8.20869],[-37.03727,-8.20503],[-37.0332,-8.19926],[-37.0277,-8.19601],[-37.01534,-8.19341]]}},{"type":"Feature","properties":{"cota":700,"indice":false},"geometry":{"type":"LineString","coordinates":[[-36.99062,-8.17988],[-36.98444,-8.18102],[-36.98503,-8.186],[-36.99337,-8.1919],[-36.99916,-8.19144],[-36.99749,-8.18483],[-36.99062,-8.17988]]}},{"type":"Feature","properties":{"cota":700,"indice":false},"geometry":{"type":"MultiLineString","coordinates":[[[-37.11422,-8.16557],[-37.10909,-8.16697],[-37.10816,-8.17173],[-37.11839,-8.17664]],[[-37.15964,-8.1706],[-37.16036,-8.16982]],[[-37.16092,-8.16778],[-37.15816,-8.16934],[-37.14741,-8.16833],[-37.14443,-8.1743],[-37.12933,-8.1708],[-37.12521,-8.1679],[-37.11697,-8.16821],[-37.11422,-8.16557]]]}},{"type":"Feature","properties":{"cota":700,"indice":false},"geometry":{"type":"LineString","coordinates":[[-37.13139,-8.16081],[-37.12605,-8.16086],[-37.1244,-8.1629],[-37.12795,-8.16477],[-37.13139,-8.16081]]}},{"type":"Feature","properties":{"cota":800,"indice":false},"geometry":{"type":"LineString","coordinates":[[-36.94393,-8.23761],[-36.94642,-8.24037],[-36.94894,-8.24037],[-36.94393,-8.23761]]}},{"type":"Feature","properties":{"cota":900,"indice":false},"geometry":{"type":"LineString","coordinates":[[-36.92883,-8.22723],[-36.92685,-8.22746],[-36.92745,-8.22989],[-36.93226,-8.23187],[-36.92883,-8.22723]]}},{"type":"Feature","properties":{"cota":800,"indice":false},"geometry":{"type":"LineString","coordinates":[[-36.92402,-8.2205],[-36.91921,-8.22244],[-36.9199,-8.22669],[-36.92814,-8.23383],[-36.93295,-8.2354],[-36.93569,-8.23432],[-36.93685,-8.23154],[-36.93501,-8.2276],[-36.92402,-8.2205]]}},{"type":"Feature","properties":{"cota":1000,"indice":true},"geometry":{"type":"MultiLineString","coordinates":[[[-36.82514,-8.20629],[-36.82131,-8.20747]],[[-36.82695,-8.20941],[-36.82514,-8.20629]]]}},{"type":"Feature","properties":{"cota":800,"indice":false},"geometry":{"type":"LineString","coordinates":[[-37.02693,-8.28424],[-37.01603,-8.27938],[-37.01054,-8.28125],[-37.00083,-8.27639],[-36.99131,-8.26735],[-36.9817,-8.26658],[-36.97727,-8.27707],[-36.98925,-8.28334],[-36.9913,-8.28862],[-36.98376,-8.28799],[-36.97895,-8.29182],[-36.97224,-8.28386],[-36.96728,-8.2821],[-36.96479,-8.28386],[-36.96395,-8.29269],[-36.95972,-8.29576],[-36.95615,-8.28862],[-36.95798,-8.27775],[-36.95571,-8.27367],[-36.95835,-8.27032],[-36.96276,-8.27095],[-36.96247,-8.26786],[-36.95011,-8.26208],[-36.94599,-8.26321],[-36.93981,-8.26049],[-36.93157,-8.261],[-36.92814,-8.26425],[-36.9238,-8.2526],[-36.93638,-8.24967],[-36.93784,-8.24717],[-36.93021,-8.24309],[-36.92127,-8.23253],[-36.90342,-8.22789],[-36.90298,-8.2261],[-36.90663,-8.22406],[-36.90516,-8.21863],[-36.90685,-8.21506],[-36.89106,-8.20953],[-36.889,-8.20381],[-36.88488,-8.20053],[-36.87947,-8.20028],[-36.88289,-8.20639],[-36.87961,-8.20979],[-36.88213,-8.21543],[-36.88076,-8.21739],[-36.85535,-8.20425],[-36.85055,-8.20709],[-36.84626,-8.20571],[-36.83407,-8.19427],[-36.83658,-8.19008],[-36.83613,-8.18709],[-36.82446,-8.17858],[-36.80769,-8.17173],[-36.8169,-8.17117],[-36.81815,-8.16969],[-36.81877,-8.15882],[-36.81072,-8.15322],[-36.79356,-8.15012],[-36.78532,-8.14586],[-36.77845,-8.14614],[-36.77296,-8.14209],[-36.76815,-8.14354],[-36.76375,-8.13435],[-36.75373,-8.13392],[-36.73725,-8.12618],[-36.7254,-8.12483],[-36.7091,-8.11957],[-36.69743,-8.12007],[-36.69193,-8.1159],[-36.68644,-8.11745],[-36.67146,-8.11124],[-36.67202,-8.10996],[-36.70773,-8.11191],[-36.71207,-8.10852],[-36.71322,-8.10453],[-36.72157,-8.10716],[-36.72267,-8.10172],[-36.72639,-8.09764],[-36.71391,-8.08336],[-36.70919,-8.07453],[-36.70086,-8.07517],[-36.69122,-8.07045],[-36.69023,-8.06841],[-36.69369,-8.06365],[-36.69274,-8.05957],[-36.68438,-8.0577],[-36.67957,-8.05229],[-36.67133,-8.05094],[-36.66515,-8.04563],[-36.66213,-8.04665],[-36.66294,-8.05073],[-36.67472,-8.06297],[-36.67614,-8.0671],[-36.65966,-8.05892],[-36.65554,-8.0611],[-36.65279,-8.06011],[-36.65178,-8.05345],[-36.64368,-8.04665],[-36.64387,-8.04211],[-36.63926,-8.03713],[-36.64391,-8.02693],[-36.637,-8.02054],[-36.63219,-8.02461],[-36.62725,-8.00882]]}},{"type":"Feature","properties":{"cota":700,"indice":false},"geometry":{"type":"LineString","coordinates":[[-36.93638,-8.19444],[-36.93385,-8.1962],[-36.93688,-8.19824],[-36.93707,-8.20169],[-36.9426,-8.203],[-36.93638,-8.19444]]}},{"type":"Feature","properties":{"cota":700,"indice":false},"geometry":{"type":"LineString","coordinates":[[-36.86771,-8.19392],[-36.86703,-8.19732],[-36.86278,-8.1962],[-36.86771,-8.19392]]}},{"type":"Feature","properties":{"cota":700,"indice":false},"geometry":{"type":"LineString","coordinates":[[-36.92814,-8.1784],[-36.92684,-8.17989],[-36.92814,-8.18127],[-36.92814,-8.1784]]}},{"type":"Feature","properties":{"cota":700,"indice":false},"geometry":{"type":"LineString","coordinates":[[-36.84299,-8.16697],[-36.83814,-8.16901],[-36.84196,-8.17309],[-36.84217,-8.17921],[-36.84437,-8.18111],[-36.84761,-8.17717],[-36.84299,-8.16697]]}},{"type":"Feature","properties":{"cota":900,"indice":false},"geometry":{"type":"LineString","coordinates":[[-36.87046,-8.17035],[-36.87061,-8.17377],[-36.87252,-8.17508],[-36.87046,-8.17035]]}},{"type":"Feature","properties":{"cota":800,"indice":false},"geometry":{"type":"LineString","coordinates":[[-36.86497,-8.14996],[-36.86146,-8.15542],[-36.86567,-8.16493],[-36.86015,-8.16561],[-36.86485,-8.17173],[-36.86525,-8.17921],[-36.87801,-8.17976],[-36.88516,-8.19348],[-36.89106,-8.1949],[-36.88145,-8.17343],[-36.88557,-8.17304],[-36.88969,-8.17666],[-36.89518,-8.17814],[-36.89793,-8.17378],[-36.90479,-8.17512],[-36.90685,-8.17015],[-36.89724,-8.16861],[-36.89243,-8.16392],[-36.88076,-8.16301],[-36.87046,-8.15816],[-36.86497,-8.14996]]}},{"type":"Feature","properties":{"cota":900,"indice":false},"geometry":{"type":"LineString","coordinates":[[-36.89175,-8.17133],[-36.8903,-8.17241],[-36.89175,-8.17377],[-36.89175,-8.17133]]}},{"type":"Feature","properties":{"cota":900,"indice":false},"geometry":{"type":"LineString","coordinates":[[-36.87252,-8.16393],[-36.87043,-8.16493],[-36.87252,-8.16851],[-36.87493,-8.16629],[-36.87252,-8.16393]]}},{"type":"Feature","properties":{"cota":1000,"indice":true},"geometry":{"type":"LineString","coordinates":[[-36.80386,-8.15471],[-36.79356,-8.15524],[-36.79128,-8.15746],[-36.80454,-8.16259],[-36.80788,-8.15746],[-36.80386,-8.15471]]}},{"type":"Feature","properties":{"cota":700,"indice":false},"geometry":{"type":"LineString","coordinates":[[-36.89587,-8.15059],[-36.88935,-8.15134],[-36.89312,-8.15509],[-36.90503,-8.1561],[-36.90273,-8.1528],[-36.89587,-8.15059]]}},{"type":"Feature","properties":{"cota":600,"indice":false},"geometry":{"type":"LineString","coordinates":[[-36.92539,-8.05917],[-36.91808,-8.06161],[-36.92076,-8.06569],[-36.92539,-8.06816],[-36.92934,-8.06433],[-36.92677,-8.06415],[-36.92539,-8.05917]]}},{"type":"Feature","properties":{"cota":600,"indice":false},"geometry":{"type":"LineString","coordinates":[[-36.89587,-8.03675],[-36.89444,-8.03781],[-36.89557,-8.04121],[-36.90891,-8.05612],[-36.91509,-8.05924],[-36.91939,-8.05549],[-36.91647,-8.04888],[-36.91235,-8.04771],[-36.91029,-8.05135],[-36.89999,-8.04277],[-36.89587,-8.03675]]}},{"type":"Feature","properties":{"cota":600,"indice":false},"geometry":{"type":"LineString","coordinates":[[-36.95972,-8.0301],[-36.95462,-8.03237],[-36.96041,-8.03608],[-36.96424,-8.03237],[-36.95972,-8.0301]]}},{"type":"Feature","properties":{"cota":600,"indice":false},"geometry":{"type":"LineString","coordinates":[[-36.92539,-8.02521],[-36.92402,-8.02639],[-36.92675,-8.02761],[-36.92539,-8.02521]]}},{"type":"Feature","properties":{"cota":700,"indice":false},"geometry":{"type":"LineString","coordinates":[[-36.86497,-7.98313],[-36.86524,-7.98546],[-36.87595,-7.99491],[-36.89067,-8.00042],[-36.88831,-7.99693],[-36.86497,-7.98313]]}},{"type":"Feature","properties":{"cota":600,"indice":false},"geometry":{"type":"LineString","coordinates":[[-36.91853,-7.97791],[-36.91921,-7.98163],[-36.91853,-7.97791]]}},{"type":"Feature","properties":{"cota":600,"indice":false},"geometry":{"type":"LineString","coordinates":[[-36.89381,-7.97106],[-36.8908,-7.97186],[-36.89587,-7.97903],[-36.89793,-7.97862],[-36.89899,-7.97594],[-36.89381,-7.97106]]}},{"type":"Feature","properties":{"cota":600,"indice":false},"geometry":{"type":"LineString","coordinates":[[-36.88282,-7.96567],[-36.87661,-7.96642],[-36.88145,-7.97313],[-36.88599,-7.9705],[-36.88282,-7.96567]]}},{"type":"Feature","properties":{"cota":700,"indice":false},"geometry":{"type":"LineString","coordinates":[[-36.85123,-7.96706],[-36.84986,-7.9678],[-36.85261,-7.96968],[-36.85123,-7.96706]]}},{"type":"Feature","properties":{"cota":600,"indice":false},"geometry":{"type":"LineString","coordinates":[[-36.88419,-7.94873],[-36.87893,-7.9501],[-36.88213,-7.95202],[-36.88419,-7.94873]]}},{"type":"Feature","properties":{"cota":700,"indice":false},"geometry":{"type":"LineString","coordinates":[[-37.14437,-8.08583],[-37.14383,-8.08839]]}},{"type":"Feature","properties":{"cota":700,"indice":false},"geometry":{"type":"LineString","coordinates":[[-37.05997,-8.05341],[-37.05517,-8.05514],[-37.05336,-8.05957],[-37.04762,-8.06026],[-37.039,-8.06637],[-37.05379,-8.06609],[-37.07523,-8.06025],[-37.07439,-8.05789],[-37.05997,-8.05341]]}},{"type":"Feature","properties":{"cota":800,"indice":false},"geometry":{"type":"LineString","coordinates":[[-37.06203,-8.05813],[-37.05929,-8.05789],[-37.0586,-8.05991],[-37.06135,-8.06016],[-37.06203,-8.05813]]}},{"type":"Feature","properties":{"cota":700,"indice":false},"geometry":{"type":"LineString","coordinates":[[-37.12727,-8.0167],[-37.12072,-8.01742],[-37.12374,-8.0215],[-37.12212,-8.02693],[-37.12601,-8.03169],[-37.12036,-8.03917],[-37.12246,-8.04169],[-37.12727,-8.0409],[-37.13342,-8.03509],[-37.13784,-8.02286],[-37.13688,-8.01702],[-37.12727,-8.0167]]}},{"type":"Feature","properties":{"cota":700,"indice":false},"geometry":{"type":"MultiLineString","coordinates":[[[-37.14924,-8.01568],[-37.14306,-8.02759],[-37.13824,-8.03169],[-37.13963,-8.03332],[-37.14306,-8.03299],[-37.14518,-8.03645],[-37.15069,-8.0389]],[[-37.15044,-8.01822],[-37.14924,-8.01568]]]}},{"type":"Feature","properties":{"cota":700,"indice":false},"geometry":{"type":"LineString","coordinates":[[-37.11559,-7.99617],[-37.11216,-7.99682],[-37.11145,-7.99974],[-37.11697,-7.99937],[-37.11773,-8.00314],[-37.12246,-8.00525],[-37.13384,-8.00382],[-37.13001,-7.99839],[-37.1204,-7.99888],[-37.11559,-7.99617]]}},{"type":"Feature","properties":{"cota":700,"indice":false},"geometry":{"type":"LineString","coordinates":[[-37.13482,-7.98935],[-37.13214,-7.9909],[-37.13345,-7.99377],[-37.13604,-7.99226],[-37.13482,-7.98935]]}},{"type":"Feature","properties":{"cota":600,"indice":false},"geometry":{"type":"LineString","coordinates":[[-37.06066,-7.97455],[-37.06272,-7.97861],[-37.05987,-7.97594],[-37.06066,-7.97455]]}},{"type":"Feature","properties":{"cota":600,"indice":false},"geometry":{"type":"LineString","coordinates":[[-36.98719,-7.89629],[-36.98376,-7.89598],[-36.98251,-7.89773],[-36.98856,-7.90102],[-36.9905,-7.89773],[-36.98719,-7.89629]]}},{"type":"Feature","properties":{"cota":600,"indice":false},"geometry":{"type":"LineString","coordinates":[[-36.99406,-7.86503],[-36.99223,-7.8678],[-36.99637,-7.8678],[-36.9968,-7.86608],[-36.99406,-7.86503]]}},{"type":"Feature","properties":{"cota":700,"indice":false},"geometry":{"type":"LineString","coordinates":[[-36.65005,-8.0105],[-36.6486,-8.01062],[-36.64936,-8.01291],[-36.65005,-8.0105]]}},{"type":"Feature","properties":{"cota":700,"indice":false},"geometry":{"type":"LineString","coordinates":[[-36.72695,-8.00174],[-36.72215,-8.00711],[-36.72239,-8.01334],[-36.72421,-8.0145],[-36.72764,-8.01299],[-36.73519,-8.01631],[-36.73241,-8.01062],[-36.73313,-8.00396],[-36.72695,-8.00174]]}},{"type":"Feature","properties":{"cota":700,"indice":false},"geometry":{"type":"LineString","coordinates":[[-36.71185,-7.99958],[-36.70697,-8.0011],[-36.71047,-8.01136],[-36.71282,-8.0079],[-36.71844,-8.00518],[-36.71185,-7.99958]]}},{"type":"Feature","properties":{"cota":700,"indice":false},"geometry":{"type":"LineString","coordinates":[[-36.72009,-7.99564],[-36.71803,-7.99518],[-36.71738,-7.99702],[-36.7194,-7.99777],[-36.72009,-7.99564]]}},{"type":"Feature","properties":{"cota":700,"indice":false},"geometry":{"type":"LineString","coordinates":[[-36.6885,-7.98875],[-36.68586,-7.9909],[-36.68707,-7.99906],[-36.69056,-8.00051],[-36.69748,-7.99702],[-36.69572,-7.99226],[-36.6885,-7.98875]]}},{"type":"Feature","properties":{"cota":700,"indice":false},"geometry":{"type":"LineString","coordinates":[[-36.74549,-7.98163],[-36.74061,-7.98478],[-36.74062,-7.99022],[-36.73722,-7.99362],[-36.74755,-7.99699],[-36.74969,-7.99294],[-36.74549,-7.98163]]}},{"type":"Feature","properties":{"cota":700,"indice":false},"geometry":{"type":"LineString","coordinates":[[-36.68507,-7.98245],[-36.68383,-7.98478],[-36.68781,-7.98777],[-36.68507,-7.98245]]}},{"type":"Feature","properties":{"cota":700,"indice":false},"geometry":{"type":"LineString","coordinates":[[-36.65554,-7.9826],[-36.65485,-7.98552],[-36.65554,-7.9826]]}},{"type":"Feature","properties":{"cota":700,"indice":false},"geometry":{"type":"LineString","coordinates":[[-36.73656,-7.97449],[-36.73479,-7.97526],[-36.73725,-7.97805],[-36.73656,-7.97449]]}},{"type":"Feature","properties":{"cota":700,"indice":false},"geometry":{"type":"LineString","coordinates":[[-36.65211,-7.96692],[-36.65011,-7.96778],[-36.65219,-7.97118],[-36.64864,-7.97594],[-36.64936,-7.9793],[-36.65615,-7.97526],[-36.65211,-7.96692]]}},{"type":"Feature","properties":{"cota":700,"indice":false},"geometry":{"type":"LineString","coordinates":[[-36.66721,-7.96464],[-36.6654,-7.96506],[-36.66302,-7.97118],[-36.66515,-7.9744],[-36.67124,-7.97118],[-36.66721,-7.96464]]}},{"type":"Feature","properties":{"cota":600,"indice":false},"geometry":{"type":"LineString","coordinates":[[-36.68369,-7.96147],[-36.68301,-7.96708],[-36.68369,-7.96147]]}},{"type":"Feature","properties":{"cota":600,"indice":false},"geometry":{"type":"LineString","coordinates":[[-36.73519,-7.95877],[-36.73362,-7.96098],[-36.73725,-7.96269],[-36.73804,-7.9603],[-36.73519,-7.95877]]}},{"type":"Feature","properties":{"cota":700,"indice":false},"geometry":{"type":"MultiLineString","coordinates":[[[-36.61366,-7.93986],[-36.60336,-7.94014],[-36.59168,-7.94648],[-36.58619,-7.9528],[-36.57902,-7.95486],[-36.5802,-7.9593]],[[-36.62295,-7.97573],[-36.62714,-7.97254],[-36.62854,-7.95078],[-36.63136,-7.94806],[-36.62052,-7.94448],[-36.61795,-7.94126],[-36.61366,-7.93986]]]}},{"type":"Feature","properties":{"cota":800,"indice":false},"geometry":{"type":"MultiLineString","coordinates":[[[-36.61366,-7.9426],[-36.60448,-7.94262],[-36.60267,-7.94747],[-36.5938,-7.95078],[-36.59023,-7.95749]],[[-36.62192,-7.96762],[-36.6243,-7.96438],[-36.62392,-7.96166],[-36.62189,-7.95716],[-36.61647,-7.95486],[-36.61919,-7.94942],[-36.61366,-7.9426]]]}},{"type":"Feature","properties":{"cota":700,"indice":false},"geometry":{"type":"LineString","coordinates":[[-36.67889,-7.95262],[-36.6746,-7.95418],[-36.67614,-7.95909],[-36.67896,-7.9569],[-36.67889,-7.95262]]}},{"type":"Feature","properties":{"cota":600,"indice":false},"geometry":{"type":"LineString","coordinates":[[-36.72009,-7.94653],[-36.71391,-7.94646],[-36.71116,-7.94861],[-36.70292,-7.94622],[-36.70038,-7.94806],[-36.70635,-7.95381],[-36.71401,-7.95486],[-36.72489,-7.96194],[-36.72622,-7.95214],[-36.72009,-7.94653]]}},{"type":"Feature","properties":{"cota":900,"indice":false},"geometry":{"type":"MultiLineString","coordinates":[[[-36.60061,-7.95198],[-36.59734,-7.95214],[-36.59832,-7.95455]],[[-36.60169,-7.95333],[-36.60061,-7.95198]]]}},{"type":"Feature","properties":{"cota":700,"indice":false},"geometry":{"type":"LineString","coordinates":[[-36.7194,-7.94938],[-36.71677,-7.95146],[-36.72077,-7.95335],[-36.72188,-7.95146],[-36.7194,-7.94938]]}},{"type":"Feature","properties":{"cota":600,"indice":false},"geometry":{"type":"MultiLineString","coordinates":[[[-36.5086,-7.91549],[-36.50495,-7.91808]],[[-36.50906,-7.91644],[-36.5086,-7.91549]]]}},{"type":"Feature","properties":{"cota":600,"indice":false},"geometry":{"type":"MultiLineString","coordinates":[[[-36.53675,-7.89759],[-36.53057,-7.8981],[-36.52576,-7.9048],[-36.51578,-7.90793],[-36.5144,-7.91337],[-36.52028,-7.9101]],[[-36.54222,-7.90053],[-36.53675,-7.89759]]]}},{"type":"Feature","properties":{"cota":700,"indice":false},"geometry":{"type":"MultiLineString","coordinates":[[[-36.53538,-7.90038],[-36.53194,-7.90054],[-36.53077,-7.90328]],[[-36.53794,-7.90133],[-36.53538,-7.90038]]]}},{"type":"Feature","properties":{"cota":600,"indice":false},"geometry":{"type":"LineString","coordinates":[[-36.55669,-7.90008],[-36.55665,-7.90007]]}},{"type":"Feature","properties":{"cota":700,"indice":false},"geometry":{"type":"LineString","coordinates":[[-36.65554,-7.94053],[-36.64249,-7.94184],[-36.63505,-7.9467],[-36.64455,-7.95241],[-36.64487,-7.95826],[-36.64867,-7.96164],[-36.65289,-7.95758],[-36.64803,-7.95146],[-36.65897,-7.94812],[-36.66203,-7.94466],[-36.66103,-7.94116],[-36.65554,-7.94053]]}},{"type":"Feature","properties":{"cota":900,"indice":false},"geometry":{"type":"LineString","coordinates":[[-36.61091,-7.94659],[-36.60943,-7.94874],[-36.6114,-7.94806],[-36.61091,-7.94659]]}},{"type":"Feature","properties":{"cota":800,"indice":false},"geometry":{"type":"LineString","coordinates":[[-36.65485,-7.94329],[-36.64264,-7.94534],[-36.64524,-7.94705],[-36.65241,-7.94602],[-36.65655,-7.94466],[-36.65485,-7.94329]]}},{"type":"Feature","properties":{"cota":600,"indice":false},"geometry":{"type":"LineString","coordinates":[[-36.69468,-7.94165],[-36.6916,-7.9433],[-36.69537,-7.94679],[-36.69687,-7.94466],[-36.69468,-7.94165]]}},{"type":"Feature","properties":{"cota":600,"indice":false},"geometry":{"type":"LineString","coordinates":[[-36.75579,-7.87042],[-36.75368,-7.8712],[-36.75384,-7.87324],[-36.75922,-7.87649],[-36.7599,-7.87324],[-36.75579,-7.87042]]}},{"type":"Feature","properties":{"cota":500,"indice":true},"geometry":{"type":"LineString","coordinates":[[-36.72558,-7.86028],[-36.72809,-7.86236],[-36.7253,-7.86372],[-36.72421,-7.86915],[-36.72117,-7.86508],[-36.72558,-7.86028]]}},{"type":"Feature","properties":{"cota":500,"indice":true},"geometry":{"type":"LineString","coordinates":[[-36.76609,-7.83705],[-36.76773,-7.83991],[-36.76472,-7.84155],[-36.76282,-7.83855],[-36.76609,-7.83705]]}},{"type":"Feature","properties":{"cota":500,"indice":true},"geometry":{"type":"LineString","coordinates":[[-36.65623,-7.81134],[-36.65841,-7.81202],[-36.65623,-7.81482],[-36.65279,-7.81431],[-36.65279,-7.81118],[-36.65623,-7.81134]]}},{"type":"Feature","properties":{"cota":500,"indice":true},"geometry":{"type":"LineString","coordinates":[[-36.71665,-7.77043],[-36.71508,-7.77121],[-36.71665,-7.77477],[-36.72146,-7.77558],[-36.72102,-7.77257],[-36.71665,-7.77043]]}},{"type":"Feature","properties":{"cota":500,"indice":true},"geometry":{"type":"LineString","coordinates":[[-36.70155,-7.76909],[-36.70498,-7.77147],[-36.70155,-7.76909]]}},{"type":"Feature","properties":{"cota":600,"indice":false},"geometry":{"type":"LineString","coordinates":[[-36.43005,-7.88503],[-36.43993,-7.88434],[-36.45135,-7.87597],[-36.43211,-7.87574]]}},{"type":"Feature","properties":{"cota":600,"indice":false},"geometry":{"type":"MultiLineString","coordinates":[[[-36.24561,-7.822],[-36.24444,-7.82181]],[[-36.26795,-7.83106],[-36.26003,-7.82494],[-36.25111,-7.82581],[-36.24561,-7.822]]]}},{"type":"Feature","properties":{"cota":600,"indice":false},"geometry":{"type":"MultiLineString","coordinates":[[[-36.31908,-7.80828],[-36.31782,-7.8081]],[[-36.32,-7.80893],[-36.31908,-7.80828]]]}},{"type":"Feature","properties":{"cota":500,"indice":true},"geometry":{"type":"LineString","coordinates":[[-36.18382,-7.72625],[-36.17768,-7.72766],[-36.19137,-7.73878],[-36.19733,-7.73787],[-36.19782,-7.73447],[-36.18382,-7.72625]]}},{"type":"Feature","properties":{"cota":600,"indice":false},"geometry":{"type":"LineString","coordinates":[[-36.46328,-7.8725],[-36.45847,-7.87325],[-36.45703,-7.87528],[-36.46122,-7.87606],[-36.465,-7.87324],[-36.46328,-7.8725]]}},{"type":"Feature","properties":{"cota":500,"indice":true},"geometry":{"type":"LineString","coordinates":[[-36.48113,-7.7842],[-36.47922,-7.78617],[-36.48113,-7.78808],[-36.48274,-7.78685],[-36.48113,-7.7842]]}},{"type":"Feature","properties":{"cota":500,"indice":true},"geometry":{"type":"LineString","coordinates":[[-36.55598,-7.78068],[-36.55117,-7.78009],[-36.54953,-7.78209],[-36.55254,-7.78454],[-36.55726,-7.78277],[-36.55598,-7.78068]]}},{"type":"Feature","properties":{"cota":500,"indice":true},"geometry":{"type":"LineString","coordinates":[[-36.46328,-7.77588],[-36.46063,-7.77801],[-36.46259,-7.78223],[-36.46786,-7.77937],[-36.46328,-7.77588]]}},{"type":"Feature","properties":{"cota":500,"indice":true},"geometry":{"type":"LineString","coordinates":[[-36.45229,-7.76095],[-36.44796,-7.76304],[-36.45023,-7.76776],[-36.4549,-7.7644],[-36.45229,-7.76095]]}},{"type":"Feature","properties":{"cota":500,"indice":true},"geometry":{"type":"LineString","coordinates":[[-36.52645,-7.7458],[-36.52459,-7.74603],[-36.52782,-7.7478],[-36.52645,-7.7458]]}},{"type":"Feature","properties":{"cota":600,"indice":false},"geometry":{"type":"LineString","coordinates":[[-36.56696,-7.69429],[-36.56216,-7.6951],[-36.5605,-7.70317],[-36.56353,-7.70568],[-36.57194,-7.70725],[-36.57306,-7.6984],[-36.56696,-7.69429]]}},{"type":"Feature","properties":{"cota":700,"indice":false},"geometry":{"type":"LineString","coordinates":[[-36.5649,-7.6969],[-36.56357,-7.70181],[-36.5704,-7.70346],[-36.57019,-7.69976],[-36.5649,-7.6969]]}},{"type":"Feature","properties":{"cota":500,"indice":true},"geometry":{"type":"LineString","coordinates":[[-36.52508,-7.67582],[-36.52233,-7.67612],[-36.5206,-7.67867],[-36.52265,-7.68684],[-36.5292,-7.68966],[-36.52969,-7.68684],[-36.5247,-7.68275],[-36.52801,-7.67867],[-36.52508,-7.67582]]}},{"type":"Feature","properties":{"cota":500,"indice":true},"geometry":{"type":"LineString","coordinates":[[-36.63151,-7.75861],[-36.63007,-7.75964],[-36.63219,-7.76136],[-36.63151,-7.75861]]}},{"type":"Feature","properties":{"cota":500,"indice":true},"geometry":{"type":"LineString","coordinates":[[-36.60061,-7.75692],[-36.59871,-7.7576],[-36.59992,-7.75995],[-36.60203,-7.75828],[-36.60061,-7.75692]]}},{"type":"Feature","properties":{"cota":600,"indice":false},"geometry":{"type":"LineString","coordinates":[[-36.67271,-7.71651],[-36.66309,-7.71801],[-36.65959,-7.72222],[-36.66721,-7.73904],[-36.67014,-7.73855],[-36.67271,-7.72963],[-36.67628,-7.73106],[-36.67602,-7.73719],[-36.67889,-7.73412],[-36.67926,-7.72494],[-36.67614,-7.71896],[-36.67271,-7.71651]]}},{"type":"Feature","properties":{"cota":700,"indice":false},"geometry":{"type":"LineString","coordinates":[[-36.67202,-7.71868],[-36.66378,-7.72332],[-36.66721,-7.73185],[-36.67133,-7.72357],[-36.67438,-7.72154],[-36.67202,-7.71868]]}},{"type":"Feature","properties":{"cota":500,"indice":true},"geometry":{"type":"LineString","coordinates":[[-36.61983,-7.68335],[-36.61707,-7.68547],[-36.62327,-7.68954],[-36.62637,-7.6882],[-36.62601,-7.68588],[-36.61983,-7.68335]]}},{"type":"Feature","properties":{"cota":500,"indice":true},"geometry":{"type":"LineString","coordinates":[[-36.76403,-7.6778],[-36.76212,-7.68071],[-36.76403,-7.68265],[-36.76403,-7.6778]]}},{"type":"Feature","properties":{"cota":500,"indice":true},"geometry":{"type":"LineString","coordinates":[[-36.75579,-7.67324],[-36.75442,-7.67615],[-36.75622,-7.67527],[-36.75579,-7.67324]]}},{"type":"Feature","properties":{"cota":600,"indice":false},"geometry":{"type":"LineString","coordinates":[[-36.72352,-7.65041],[-36.72196,-7.65145],[-36.72283,-7.65286],[-36.72352,-7.65041]]}},{"type":"Feature","properties":{"cota":600,"indice":false},"geometry":{"type":"LineString","coordinates":[[-36.70841,-7.63624],[-36.70655,-7.63852],[-36.70841,-7.64073],[-36.70971,-7.63852],[-36.70841,-7.63624]]}},{"type":"Feature","properties":{"cota":600,"indice":false},"geometry":{"type":"LineString","coordinates":[[-36.58756,-7.58269],[-36.5855,-7.58267],[-36.58513,-7.58475],[-36.58922,-7.58543],[-36.58982,-7.58407],[-36.58756,-7.58269]]}},{"type":"Feature","properties":{"cota":500,"indice":true},"geometry":{"type":"LineString","coordinates":[[-36.22639,-7.70775],[-36.22381,-7.70861],[-36.22646,-7.71201],[-36.22969,-7.71269],[-36.23048,-7.70997],[-36.22639,-7.70775]]}},{"type":"Feature","properties":{"cota":500,"indice":true},"geometry":{"type":"LineString","coordinates":[[-36.31359,-7.66024],[-36.31016,-7.6608],[-36.31133,-7.6637],[-36.31702,-7.66807],[-36.32195,-7.66778],[-36.32046,-7.66458],[-36.31359,-7.66024]]}},{"type":"Feature","properties":{"cota":500,"indice":true},"geometry":{"type":"LineString","coordinates":[[-36.3081,-7.652],[-36.30505,-7.65281],[-36.30741,-7.65571],[-36.30919,-7.65349],[-36.3081,-7.652]]}},{"type":"Feature","properties":{"cota":500,"indice":true},"geometry":{"type":"LineString","coordinates":[[-36.20098,-7.63505],[-36.19582,-7.6358],[-36.19823,-7.63784],[-36.20346,-7.63716],[-36.20098,-7.63505]]}},{"type":"Feature","properties":{"cota":500,"indice":true},"geometry":{"type":"LineString","coordinates":[[-36.40697,-7.61242],[-36.40423,-7.61261],[-36.40423,-7.61402],[-36.40766,-7.61639],[-36.4109,-7.61606],[-36.40697,-7.61242]]}},{"type":"Feature","properties":{"cota":400,"indice":false},"geometry":{"type":"LineString","coordinates":[[-36.27857,-7.56364],[-36.27857,-7.57094],[-36.28338,-7.57389],[-36.28613,-7.57356],[-36.28613,-7.57],[-36.27857,-7.56364]]}},{"type":"Feature","properties":{"cota":600,"indice":false},"geometry":{"type":"LineString","coordinates":[[-36.19411,-7.54635],[-36.19343,-7.54868],[-36.19988,-7.5548],[-36.20579,-7.55704],[-36.21091,-7.55616],[-36.20991,-7.5534],[-36.20304,-7.54971],[-36.19755,-7.54947],[-36.19411,-7.54635]]}},{"type":"Feature","properties":{"cota":500,"indice":true},"geometry":{"type":"LineString","coordinates":[[-36.19274,-7.54109],[-36.18943,-7.54732],[-36.19288,-7.55412],[-36.20304,-7.56],[-36.21128,-7.5605],[-36.21403,-7.55903],[-36.2147,-7.55548],[-36.21282,-7.55276],[-36.19274,-7.54109]]}},{"type":"Feature","properties":{"cota":400,"indice":false},"geometry":{"type":"LineString","coordinates":[[-36.31016,-7.53436],[-36.30878,-7.53656],[-36.30878,-7.53422],[-36.31016,-7.53436]]}},{"type":"Feature","properties":{"cota":400,"indice":false},"geometry":{"type":"LineString","coordinates":[[-36.20785,-7.51996],[-36.20272,-7.52077],[-36.20077,-7.52417],[-36.20853,-7.52523],[-36.21015,-7.52213],[-36.20785,-7.51996]]}},{"type":"Feature","properties":{"cota":700,"indice":false},"geometry":{"type":"MultiLineString","coordinates":[[[-37.18288,-7.98668],[-37.18082,-7.98807],[-37.17938,-7.99433]],[[-37.18535,-7.98897],[-37.18288,-7.98668]]]}},{"type":"Feature","properties":{"cota":1000,"indice":true},"geometry":{"type":"LineString","coordinates":[[-37.35063,-7.964],[-37.34833,-7.96506],[-37.35111,-7.97171],[-37.34367,-7.97322],[-37.34385,-7.97508]]}},{"type":"Feature","properties":{"cota":700,"indice":false},"geometry":{"type":"MultiLineString","coordinates":[[[-37.25086,-7.96436],[-37.24125,-7.96756],[-37.23929,-7.9728]],[[-37.28053,-7.97054],[-37.27627,-7.97091],[-37.26391,-7.96534],[-37.2543,-7.96694],[-37.25086,-7.96436]]]}},{"type":"Feature","properties":{"cota":900,"indice":false},"geometry":{"type":"LineString","coordinates":[[-37.33118,-7.94436],[-37.33257,-7.94842],[-37.34153,-7.95146],[-37.33801,-7.9569],[-37.34579,-7.96914],[-37.33601,-7.96837],[-37.34041,-7.97801]]}},{"type":"Feature","properties":{"cota":1000,"indice":true},"geometry":{"type":"MultiLineString","coordinates":[[[-37.34768,-7.95413],[-37.34605,-7.95554],[-37.34947,-7.9602]],[[-37.34781,-7.95415],[-37.34768,-7.95413]]]}},{"type":"Feature","properties":{"cota":800,"indice":false},"geometry":{"type":"MultiLineString","coordinates":[[[-37.29206,-7.9275],[-37.28588,-7.92962],[-37.2851,-7.93242],[-37.29275,-7.93318],[-37.29618,-7.93563],[-37.30373,-7.93549],[-37.30941,-7.94058],[-37.30688,-7.9433],[-37.30775,-7.94466],[-37.31266,-7.94371],[-37.3209,-7.94974],[-37.32502,-7.94877],[-37.32845,-7.95256],[-37.33428,-7.95282],[-37.33462,-7.95758],[-37.33909,-7.9637],[-37.3327,-7.96438],[-37.33634,-7.97801]],[[-37.30999,-7.929],[-37.29206,-7.9275]]]}},{"type":"Feature","properties":{"cota":700,"indice":false},"geometry":{"type":"LineString","coordinates":[[-37.24194,-7.95076],[-37.23713,-7.95109],[-37.23355,-7.95622],[-37.24262,-7.95672],[-37.24536,-7.95214],[-37.24194,-7.95076]]}},{"type":"Feature","properties":{"cota":1000,"indice":true},"geometry":{"type":"LineString","coordinates":[[-37.34596,-7.94707],[-37.34841,-7.94795]]}},{"type":"Feature","properties":{"cota":600,"indice":false},"geometry":{"type":"LineString","coordinates":[[-36.87733,-7.94518],[-36.87161,-7.9467],[-36.87733,-7.94518]]}},{"type":"Feature","properties":{"cota":600,"indice":false},"geometry":{"type":"LineString","coordinates":[[-36.85741,-7.94326],[-36.85947,-7.9453],[-36.85741,-7.94326]]}},{"type":"Feature","properties":{"cota":600,"indice":false},"geometry":{"type":"LineString","coordinates":[[-36.80248,-7.91445],[-36.80277,-7.91745],[-36.81938,-7.9365],[-36.83409,-7.94942],[-36.8375,-7.94999],[-36.83756,-7.94602],[-36.83057,-7.93854],[-36.80248,-7.91445]]}},{"type":"Feature","properties":{"cota":600,"indice":false},"geometry":{"type":"LineString","coordinates":[[-36.79287,-7.90317],[-36.79139,-7.90521],[-36.79327,-7.90861],[-36.80065,-7.91337],[-36.79855,-7.90657],[-36.79287,-7.90317]]}},{"type":"Feature","properties":{"cota":600,"indice":false},"geometry":{"type":"LineString","coordinates":[[-36.83819,-7.86502],[-36.82995,-7.86761],[-36.82878,-7.87188],[-36.83407,-7.87353],[-36.83956,-7.87202],[-36.8408,-7.86848],[-36.83819,-7.86502]]}},{"type":"Feature","properties":{"cota":600,"indice":false},"geometry":{"type":"LineString","coordinates":[[-36.84986,-7.85588],[-36.847,-7.8576],[-36.84732,-7.86236],[-36.84917,-7.86312],[-36.85255,-7.86168],[-36.84986,-7.85588]]}},{"type":"Feature","properties":{"cota":600,"indice":false},"geometry":{"type":"LineString","coordinates":[[-36.87252,-7.84802],[-36.87047,-7.84876],[-36.87016,-7.85284],[-36.87252,-7.85551],[-36.87518,-7.85284],[-36.87252,-7.84802]]}},{"type":"Feature","properties":{"cota":600,"indice":false},"geometry":{"type":"LineString","coordinates":[[-36.94736,-7.84571],[-36.94468,-7.8474],[-36.94805,-7.84943],[-36.94921,-7.8474],[-36.94736,-7.84571]]}},{"type":"Feature","properties":{"cota":600,"indice":false},"geometry":{"type":"LineString","coordinates":[[-36.85741,-7.84325],[-36.85741,-7.84568],[-36.86359,-7.8472],[-36.86323,-7.84468],[-36.86016,-7.8452],[-36.85741,-7.84325]]}},{"type":"Feature","properties":{"cota":600,"indice":false},"geometry":{"type":"LineString","coordinates":[[-36.85192,-7.83827],[-36.85067,-7.83991],[-36.85329,-7.84211],[-36.85192,-7.83827]]}},{"type":"Feature","properties":{"cota":900,"indice":false},"geometry":{"type":"LineString","coordinates":[[-37.31815,-7.94053],[-37.31665,-7.94194],[-37.31815,-7.94346],[-37.31949,-7.94194],[-37.31815,-7.94053]]}},{"type":"Feature","properties":{"cota":700,"indice":false},"geometry":{"type":"LineString","coordinates":[[-37.1767,-7.93444],[-37.16994,-7.93582],[-37.17396,-7.93829],[-37.1767,-7.93444]]}},{"type":"Feature","properties":{"cota":900,"indice":false},"geometry":{"type":"LineString","coordinates":[[-37.30941,-7.93206],[-37.30718,-7.9331],[-37.3096,-7.93582],[-37.31475,-7.93703]]}},{"type":"Feature","properties":{"cota":800,"indice":false},"geometry":{"type":"MultiLineString","coordinates":[[[-37.30854,-7.9146],[-37.30569,-7.91745],[-37.30923,-7.92005],[-37.31073,-7.91891]],[[-37.30983,-7.91528],[-37.30854,-7.9146]]]}},{"type":"Feature","properties":{"cota":800,"indice":false},"geometry":{"type":"LineString","coordinates":[[-37.29075,-7.90396],[-37.29481,-7.90695],[-37.30099,-7.90684],[-37.30862,-7.91041]]}},{"type":"Feature","properties":{"cota":700,"indice":false},"geometry":{"type":"LineString","coordinates":[[-37.19943,-7.79947],[-37.21794,-7.80998],[-37.20623,-7.81223],[-37.20434,-7.81407],[-37.20898,-7.81956],[-37.21584,-7.81976],[-37.21653,-7.82312],[-37.22337,-7.82835],[-37.21596,-7.83583],[-37.21548,-7.84128],[-37.21859,-7.84379],[-37.23275,-7.8474],[-37.2282,-7.85483],[-37.22271,-7.85276],[-37.2179,-7.85517],[-37.2162,-7.85828],[-37.21554,-7.86372],[-37.22179,-7.87392],[-37.2185,-7.87733],[-37.21933,-7.88005],[-37.22546,-7.88496],[-37.22889,-7.87948],[-37.24331,-7.88419],[-37.24674,-7.88258],[-37.25685,-7.88889],[-37.25979,-7.89318],[-37.265,-7.89297],[-37.26679,-7.89977],[-37.27146,-7.90005],[-37.27513,-7.90317],[-37.26901,-7.90589],[-37.27165,-7.91269],[-37.26871,-7.91473],[-37.28301,-7.92289],[-37.28279,-7.92493],[-37.27695,-7.93108],[-37.26734,-7.92655],[-37.25636,-7.92684],[-37.25381,-7.92969],[-37.25785,-7.93242],[-37.25773,-7.93563],[-37.26322,-7.93761],[-37.27352,-7.93753],[-37.29164,-7.94194],[-37.27901,-7.94458],[-37.28123,-7.94942],[-37.26395,-7.9569],[-37.2646,-7.95942],[-37.27215,-7.96247],[-37.28772,-7.96438],[-37.28332,-7.96925]]}},{"type":"Feature","properties":{"cota":700,"indice":false},"geometry":{"type":"LineString","coordinates":[[-37.11765,-7.86433],[-37.11561,-7.86508],[-37.11789,-7.86644],[-37.11765,-7.86433]]}},{"type":"Feature","properties":{"cota":600,"indice":false},"geometry":{"type":"LineString","coordinates":[[-37.02702,-7.86026],[-37.02528,-7.8644],[-37.0277,-7.8678],[-37.02702,-7.86026]]}},{"type":"Feature","properties":{"cota":600,"indice":false},"geometry":{"type":"LineString","coordinates":[[-37.03457,-7.8503],[-37.03119,-7.85284],[-37.03182,-7.85879],[-37.03457,-7.85672],[-37.03457,-7.8503]]}},{"type":"Feature","properties":{"cota":600,"indice":false},"geometry":{"type":"LineString","coordinates":[[-36.99474,-7.85079],[-36.99337,-7.85148],[-36.9948,-7.85284],[-36.99721,-7.85284],[-36.99749,-7.85147],[-36.99474,-7.85079]]}},{"type":"Feature","properties":{"cota":700,"indice":false},"geometry":{"type":"LineString","coordinates":[[-37.14031,-7.841],[-37.13757,-7.84264],[-37.13847,-7.84672],[-37.14235,-7.84468],[-37.14031,-7.841]]}},{"type":"Feature","properties":{"cota":800,"indice":false},"geometry":{"type":"LineString","coordinates":[[-37.13894,-7.83152],[-37.13361,-7.83379],[-37.13908,-7.83311],[-37.13894,-7.83152]]}},{"type":"Feature","properties":{"cota":700,"indice":false},"geometry":{"type":"LineString","coordinates":[[-37.10941,-7.81804],[-37.10708,-7.81951],[-37.10776,-7.82359],[-37.11285,-7.82576],[-37.11746,-7.83447],[-37.11775,-7.83991],[-37.12383,-7.84569],[-37.13482,-7.84667],[-37.13665,-7.84536],[-37.13598,-7.84059],[-37.13825,-7.83823],[-37.14512,-7.83954],[-37.14742,-7.83719],[-37.14482,-7.82971],[-37.14031,-7.82521],[-37.13139,-7.82756],[-37.12658,-7.82537],[-37.12315,-7.82092],[-37.11697,-7.82117],[-37.11422,-7.8187],[-37.10941,-7.81804]]}},{"type":"Feature","properties":{"cota":700,"indice":false},"geometry":{"type":"LineString","coordinates":[[-37.09156,-7.82612],[-37.08923,-7.82699],[-37.08973,-7.83107],[-37.1022,-7.83719],[-37.10281,-7.83515],[-37.10005,-7.83107],[-37.09156,-7.82612]]}},{"type":"Feature","properties":{"cota":700,"indice":false},"geometry":{"type":"LineString","coordinates":[[-37.09499,-7.80513],[-37.09224,-7.80658],[-37.09008,-7.81202],[-37.09568,-7.81546],[-37.09905,-7.81134],[-37.09499,-7.80513]]}},{"type":"Feature","properties":{"cota":700,"indice":false},"geometry":{"type":"LineString","coordinates":[[-37.12795,-7.79768],[-37.12589,-7.79752],[-37.12582,-7.7991],[-37.13001,-7.80317],[-37.12795,-7.79768]]}},{"type":"Feature","properties":{"cota":800,"indice":false},"geometry":{"type":"MultiLineString","coordinates":[[[-37.24468,-7.86072],[-37.23998,-7.861],[-37.23651,-7.8644],[-37.23782,-7.86633],[-37.24125,-7.86574],[-37.24476,-7.86803]],[[-37.24552,-7.86138],[-37.24468,-7.86072]]]}},{"type":"Feature","properties":{"cota":800,"indice":false},"geometry":{"type":"LineString","coordinates":[[-37.22738,-7.8056],[-37.23001,-7.8065]]}},{"type":"Feature","properties":{"cota":600,"indice":false},"geometry":{"type":"LineString","coordinates":[[-36.8224,-7.82481],[-36.8224,-7.8275],[-36.83168,-7.83787],[-36.83562,-7.83923],[-36.83295,-7.82699],[-36.82514,-7.8279],[-36.8224,-7.82481]]}},{"type":"Feature","properties":{"cota":600,"indice":false},"geometry":{"type":"LineString","coordinates":[[-36.87595,-7.80149],[-36.8741,-7.80318],[-36.87664,-7.80584],[-36.87771,-7.80386],[-36.87595,-7.80149]]}},{"type":"Feature","properties":{"cota":600,"indice":false},"geometry":{"type":"LineString","coordinates":[[-36.94805,-7.79336],[-36.94572,-7.79638],[-36.94805,-7.79798],[-36.94947,-7.79638],[-36.94805,-7.79336]]}},{"type":"Feature","properties":{"cota":500,"indice":true},"geometry":{"type":"LineString","coordinates":[[-36.77639,-7.79159],[-36.77776,-7.79565],[-36.77502,-7.79671],[-36.77398,-7.79366],[-36.77639,-7.79159]]}},{"type":"Feature","properties":{"cota":600,"indice":false},"geometry":{"type":"LineString","coordinates":[[-38.31451,-7.73145],[-38.30094,-7.71882],[-38.28838,-7.70145],[-38.27744,-7.69296],[-38.27259,-7.69131],[-38.27036,-7.70113],[-38.27456,-7.70861],[-38.26934,-7.71065],[-38.27819,-7.7229],[-38.27818,-7.72834],[-38.28173,-7.73038],[-38.27702,-7.73242],[-38.27961,-7.73923],[-38.27671,-7.73917],[-38.27015,-7.73106],[-38.26916,-7.72073],[-38.26658,-7.72222],[-38.26641,-7.72579],[-38.26309,-7.72494],[-38.26202,-7.7195],[-38.26458,-7.71609],[-38.25795,-7.71133],[-38.25886,-7.70863],[-38.26366,-7.70741],[-38.26505,-7.70317],[-38.26023,-7.70191],[-38.25748,-7.70493],[-38.25405,-7.7043],[-38.2513,-7.70609],[-38.24917,-7.70453],[-38.25954,-7.69661],[-38.26504,-7.69776],[-38.26763,-7.69636],[-38.2671,-7.68699],[-38.23689,-7.65966],[-38.23139,-7.6579],[-38.22985,-7.66098],[-38.2362,-7.67288],[-38.23414,-7.67377],[-38.23071,-7.67135],[-38.22571,-7.67255],[-38.22772,-7.6671],[-38.22402,-7.66166],[-38.22672,-7.65689],[-38.21839,-7.65009],[-38.21972,-7.64801],[-38.22315,-7.64807],[-38.22189,-7.64464],[-38.21766,-7.64122],[-38.21217,-7.64224],[-38.2067,-7.6392],[-38.20443,-7.6358],[-38.2069,-7.63307],[-38.20049,-7.63146],[-38.1845,-7.61674],[-38.17345,-7.6181],[-38.17328,-7.62491],[-38.17646,-7.62799],[-38.18358,-7.62899],[-38.18298,-7.63376],[-38.18813,-7.64304],[-38.18127,-7.63996],[-38.17989,-7.64468],[-38.1744,-7.64298],[-38.17165,-7.64661],[-38.17002,-7.63716],[-38.17754,-7.6358],[-38.17818,-7.63239],[-38.16822,-7.62831],[-38.16341,-7.63074],[-38.1665,-7.61946],[-38.15792,-7.61306],[-38.15633,-7.60857],[-38.15105,-7.60688],[-38.14556,-7.60913],[-38.14842,-7.61742],[-38.14075,-7.61465],[-38.13732,-7.6203],[-38.13583,-7.61266],[-38.12908,-7.60988],[-38.11878,-7.60189],[-38.11535,-7.60143],[-38.12951,-7.61402],[-38.12908,-7.61529],[-38.12565,-7.61425],[-38.12287,-7.61742],[-38.13097,-7.62014],[-38.13217,-7.62831],[-38.12496,-7.6273],[-38.12084,-7.63103],[-38.11418,-7.62491],[-38.10505,-7.63394],[-38.09818,-7.62684],[-38.09338,-7.62486],[-38.08926,-7.62561],[-38.0817,-7.6206],[-38.08038,-7.6215],[-38.0824,-7.62627],[-38.07964,-7.62729],[-38.07621,-7.62509],[-38.0769,-7.63005],[-38.06934,-7.6261],[-38.06385,-7.62856],[-38.05973,-7.62524],[-38.05424,-7.62543],[-38.04502,-7.62082],[-38.04404,-7.62491],[-38.03895,-7.62695],[-38.04223,-7.6358],[-38.04349,-7.65417],[-38.03776,-7.65376],[-38.03714,-7.64669],[-38.03501,-7.64439],[-38.03056,-7.64941],[-38.02402,-7.65282],[-38.01853,-7.64885],[-38.01949,-7.66574],[-38.0151,-7.66675],[-38.01738,-7.67935],[-38.01451,-7.67935],[-38.01076,-7.67118],[-38.01093,-7.66506],[-38.00835,-7.65825],[-38.01281,-7.65621],[-38.01418,-7.65281],[-38.00989,-7.64464],[-38.01267,-7.62355],[-38.00961,-7.61881],[-38.00411,-7.61865],[-37.99656,-7.61341],[-37.99107,-7.61503],[-37.98892,-7.61062],[-37.99381,-7.60842],[-38.00076,-7.60925],[-38.0048,-7.60455],[-38.00247,-7.59973],[-38.00549,-7.59509],[-38.0151,-7.59657],[-38.02059,-7.58723],[-38.01922,-7.58164],[-38.01579,-7.58581],[-38.01029,-7.58531],[-38.00617,-7.58804],[-38.00384,-7.58611],[-38.00637,-7.58067],[-37.99999,-7.5777],[-37.99239,-7.57931],[-37.98695,-7.56954],[-37.9842,-7.5737],[-37.97871,-7.56877],[-37.97253,-7.56849],[-37.97477,-7.57454],[-37.97321,-7.57639],[-37.96291,-7.57159],[-37.95742,-7.5746],[-37.94781,-7.56516],[-37.943,-7.56725],[-37.93613,-7.56553],[-37.93514,-7.57114],[-37.9399,-7.57658],[-37.92927,-7.57447],[-37.92842,-7.57999],[-37.93532,-7.58475],[-37.93819,-7.5884],[-37.93788,-7.59156],[-37.93407,-7.59681],[-37.91965,-7.58808],[-37.91318,-7.59428],[-37.91716,-7.59836],[-37.91622,-7.59957],[-37.90823,-7.59632],[-37.91044,-7.5902],[-37.90936,-7.58831],[-37.89768,-7.58561],[-37.89288,-7.58974],[-37.87567,-7.5759],[-37.87627,-7.56978],[-37.89631,-7.56929],[-37.90476,-7.56297],[-37.90438,-7.56093],[-37.86816,-7.55912],[-37.86541,-7.55654],[-37.85579,-7.55616],[-37.84473,-7.55208],[-37.84374,-7.55004],[-37.84659,-7.548],[-37.84687,-7.54543],[-37.85049,-7.54527],[-37.85196,-7.54255],[-37.8455,-7.53915],[-37.84109,-7.53915],[-37.8417,-7.53166],[-37.83888,-7.52757],[-37.83932,-7.52256],[-37.85063,-7.52349],[-37.85374,-7.52724],[-37.85717,-7.52744],[-37.85717,-7.53114],[-37.87224,-7.53506],[-37.87434,-7.53734],[-37.87996,-7.53302],[-37.87571,-7.52812],[-37.86418,-7.52145],[-37.86266,-7.51731],[-37.8575,-7.51532],[-37.85854,-7.51003],[-37.85442,-7.51009],[-37.85182,-7.50783],[-37.85371,-7.50511],[-37.85305,-7.50157],[-37.85786,-7.50212],[-37.86541,-7.49986],[-37.88395,-7.51043],[-37.88807,-7.51108],[-37.89288,-7.50836],[-37.8937,-7.51328],[-37.9018,-7.51815],[-37.90055,-7.51464],[-37.90672,-7.51328],[-37.90703,-7.50715],[-37.91,-7.50647],[-37.90592,-7.50297],[-37.90318,-7.506],[-37.8915,-7.50156],[-37.8867,-7.50562],[-37.8812,-7.49879],[-37.87434,-7.49674],[-37.871,-7.49286],[-37.87393,-7.49149],[-37.87347,-7.48877],[-37.85854,-7.47665],[-37.85916,-7.47447],[-37.86534,-7.47584],[-37.86188,-7.46835],[-37.86266,-7.46562],[-37.86541,-7.46668],[-37.87022,-7.46485],[-37.87379,-7.46767],[-37.87502,-7.47416],[-37.87983,-7.46872],[-37.88532,-7.47438],[-37.88738,-7.4743],[-37.88574,-7.4663],[-37.87777,-7.46608],[-37.87502,-7.4641],[-37.87446,-7.45609],[-37.87206,-7.45609],[-37.86678,-7.4618],[-37.84893,-7.46238],[-37.84856,-7.46426],[-37.85282,-7.46835],[-37.85099,-7.47018],[-37.83451,-7.45876],[-37.8181,-7.43499],[-37.8091,-7.43962],[-37.80678,-7.4486],[-37.81035,-7.46086],[-37.80892,-7.46562],[-37.81523,-7.46971],[-37.81594,-7.47243],[-37.81391,-7.47509],[-37.82627,-7.47034],[-37.82793,-7.47175],[-37.82211,-7.47856],[-37.82589,-7.4806],[-37.82549,-7.48401],[-37.82807,-7.48605],[-37.82871,-7.49013],[-37.82529,-7.49286],[-37.82558,-7.49672],[-37.82133,-7.4983],[-37.82846,-7.50511],[-37.82716,-7.50851],[-37.83106,-7.5126],[-37.82421,-7.5154],[-37.82315,-7.51804],[-37.8257,-7.52349],[-37.82888,-7.52553],[-37.82724,-7.53438],[-37.83151,-7.53983],[-37.83033,-7.54255],[-37.83424,-7.54936],[-37.8297,-7.5502],[-37.82009,-7.54286],[-37.81666,-7.54395],[-37.81415,-7.53983],[-37.81514,-7.53234],[-37.81167,-7.52826],[-37.80567,-7.52568],[-37.80224,-7.5273],[-37.79851,-7.52349],[-37.79145,-7.52145],[-37.80093,-7.51736],[-37.79354,-7.51192],[-37.79376,-7.50239],[-37.79813,-7.50034],[-37.79749,-7.49762],[-37.79128,-7.49762],[-37.79057,-7.50631],[-37.78507,-7.50523],[-37.77683,-7.50768],[-37.77537,-7.49694],[-37.7734,-7.49593],[-37.77065,-7.49812],[-37.76241,-7.49242],[-37.76104,-7.48896],[-37.75898,-7.49563],[-37.75143,-7.49444],[-37.74868,-7.49576],[-37.748,-7.49149],[-37.75252,-7.48877],[-37.75143,-7.48408],[-37.74787,-7.48196],[-37.75076,-7.47175],[-37.74387,-7.46875],[-37.73289,-7.47096],[-37.72889,-7.46494],[-37.72903,-7.4595],[-37.72383,-7.45745],[-37.72602,-7.44656],[-37.71915,-7.44187],[-37.71915,-7.43834],[-37.72945,-7.44082],[-37.73838,-7.44768],[-37.73701,-7.44316],[-37.74113,-7.4409],[-37.74483,-7.4343],[-37.74455,-7.4309],[-37.74869,-7.42613],[-37.74387,-7.42098],[-37.73769,-7.43468],[-37.7327,-7.43362],[-37.73067,-7.43022],[-37.73083,-7.41184],[-37.72877,-7.40606],[-37.72257,-7.41252],[-37.72404,-7.41728],[-37.72325,-7.42613],[-37.72053,-7.4292],[-37.71886,-7.4275],[-37.71915,-7.41899],[-37.70954,-7.42458],[-37.7092,-7.4309],[-37.7027,-7.43226],[-37.69924,-7.44473],[-37.6947,-7.44179],[-37.69701,-7.43226],[-37.69032,-7.42716],[-37.68114,-7.43362],[-37.67864,-7.43956],[-37.65982,-7.44316],[-37.67384,-7.4364],[-37.68553,-7.42545],[-37.68292,-7.41933],[-37.67643,-7.4166],[-37.67452,-7.41021],[-37.68688,-7.41758],[-37.69512,-7.41858],[-37.69718,-7.4211],[-37.70473,-7.41497],[-37.70605,-7.4166],[-37.70402,-7.42137],[-37.70679,-7.42385],[-37.70785,-7.41524],[-37.71572,-7.40701],[-37.71572,-7.40497],[-37.7116,-7.40453],[-37.70987,-7.40162],[-37.71229,-7.39487],[-37.71616,-7.39277],[-37.71435,-7.38852],[-37.70748,-7.39108],[-37.7013,-7.3986],[-37.6965,-7.39867],[-37.70217,-7.38868],[-37.70066,-7.38528],[-37.70229,-7.36689],[-37.69746,-7.35259],[-37.68826,-7.34609],[-37.6862,-7.34099],[-37.68345,-7.34],[-37.67864,-7.34292],[-37.67679,-7.34783],[-37.66903,-7.35325],[-37.66628,-7.3529],[-37.66354,-7.34848],[-37.65324,-7.34678],[-37.64596,-7.35191],[-37.64405,-7.356],[-37.63607,-7.3533],[-37.6244,-7.35747],[-37.62247,-7.35464],[-37.62249,-7.34783],[-37.62989,-7.34409],[-37.63111,-7.34102],[-37.62797,-7.33829],[-37.63459,-7.33489],[-37.63264,-7.32991],[-37.62371,-7.32962],[-37.61536,-7.33625],[-37.61204,-7.34164],[-37.60448,-7.34276],[-37.60485,-7.34919],[-37.60927,-7.35736],[-37.60654,-7.36026],[-37.60242,-7.35849],[-37.59903,-7.36349],[-37.59828,-7.37302],[-37.602,-7.37779],[-37.59762,-7.38148],[-37.58719,-7.38119],[-37.58655,-7.37779],[-37.5935,-7.37635],[-37.59523,-7.37098],[-37.58558,-7.36553],[-37.58695,-7.36076],[-37.57688,-7.35532],[-37.57839,-7.35302],[-37.58457,-7.35444],[-37.58732,-7.35101],[-37.5983,-7.35353],[-37.59952,-7.34987],[-37.59212,-7.34962],[-37.58845,-7.34578],[-37.59556,-7.34319],[-37.59551,-7.33897],[-37.57772,-7.32127],[-37.5774,-7.31854],[-37.58012,-7.3165],[-37.57839,-7.31064],[-37.5729,-7.30981],[-37.55985,-7.29971],[-37.55711,-7.29376],[-37.54641,-7.28653],[-37.54337,-7.27701],[-37.53445,-7.27987],[-37.53239,-7.28413],[-37.52827,-7.28396],[-37.52691,-7.27291],[-37.52346,-7.27208],[-37.51659,-7.2771],[-37.51865,-7.28454],[-37.50835,-7.28109],[-37.50522,-7.28653],[-37.5008,-7.28947],[-37.49182,-7.28994],[-37.49959,-7.28449],[-37.50432,-7.27768],[-37.50412,-7.27495],[-37.49752,-7.27087],[-37.50073,-7.26678],[-37.49393,-7.26455],[-37.49732,-7.27087],[-37.49515,-7.27427],[-37.48569,-7.2754],[-37.47735,-7.28449],[-37.4771,-7.28926],[-37.48258,-7.29266],[-37.48226,-7.29545],[-37.47402,-7.29379],[-37.46853,-7.29588],[-37.46684,-7.30015],[-37.46319,-7.30151],[-37.45617,-7.30951],[-37.45268,-7.30492],[-37.45548,-7.30163],[-37.45637,-7.29675],[-37.45068,-7.29169],[-37.44381,-7.29153],[-37.44248,-7.28653],[-37.43969,-7.28447],[-37.43489,-7.28789],[-37.43241,-7.29402],[-37.43257,-7.30083],[-37.42458,-7.30346],[-37.42107,-7.3022],[-37.42333,-7.30015],[-37.42316,-7.29743],[-37.41863,-7.29538],[-37.42367,-7.28857],[-37.42259,-7.27495],[-37.40977,-7.2552],[-37.41016,-7.25297],[-37.41566,-7.25231],[-37.41891,-7.24975],[-37.42058,-7.2443],[-37.41794,-7.23885],[-37.40948,-7.2333],[-37.40467,-7.23438],[-37.39437,-7.23084],[-37.39025,-7.23293],[-37.38489,-7.22727],[-37.37171,-7.22065],[-37.36553,-7.2139],[-37.35592,-7.21202],[-37.34013,-7.2035],[-37.32708,-7.20183],[-37.31541,-7.20478],[-37.30236,-7.20537],[-37.29824,-7.20322],[-37.29481,-7.1984],[-37.28771,-7.20615],[-37.28175,-7.2082],[-37.2822,-7.21092],[-37.28982,-7.2191],[-37.29,-7.22115],[-37.28725,-7.22234],[-37.2646,-7.20148],[-37.24537,-7.19907],[-37.23026,-7.20795],[-37.22614,-7.20846],[-37.22614,-7.20214],[-37.21447,-7.19562],[-37.2076,-7.19596],[-37.20481,-7.1973],[-37.20061,-7.20683],[-37.18871,-7.21501],[-37.18041,-7.22591],[-37.1822,-7.23457],[-37.17396,-7.23723],[-37.17219,-7.24362],[-37.16915,-7.24413],[-37.16572,-7.24173],[-37.15653,-7.24158],[-37.17068,-7.23272],[-37.16812,-7.23],[-37.17711,-7.22114],[-37.17783,-7.2082],[-37.18527,-7.20547],[-37.18609,-7.20002],[-37.1909,-7.19185],[-37.18838,-7.18517],[-37.18014,-7.18145],[-37.17602,-7.18137],[-37.16984,-7.18472],[-37.1616,-7.17778],[-37.14612,-7.1755],[-37.14237,-7.16942],[-37.141,-7.1708],[-37.14565,-7.18095],[-37.14306,-7.18273],[-37.12246,-7.17366],[-37.11491,-7.17522],[-37.11216,-7.17943],[-37.10598,-7.17864],[-37.10323,-7.1747],[-37.09637,-7.17568],[-37.09827,-7.17141],[-37.11051,-7.16664],[-37.10461,-7.16224],[-37.09087,-7.15849],[-37.08538,-7.15904],[-37.07858,-7.15029],[-37.06547,-7.14347],[-37.05636,-7.14756],[-37.05578,-7.1571],[-37.05901,-7.1646],[-37.05877,-7.17345],[-37.06135,-7.17639],[-37.06823,-7.17822],[-37.06975,-7.18163],[-37.06821,-7.18353],[-37.05242,-7.17774],[-37.03594,-7.17596],[-37.0277,-7.17962],[-37.00436,-7.17204],[-37.00115,-7.17209],[-36.99955,-7.17422],[-36.97689,-7.1588],[-36.96178,-7.16664],[-36.95217,-7.15915],[-36.95074,-7.15165],[-36.94547,-7.14961],[-36.9456,-7.14552],[-36.93089,-7.1372],[-36.92196,-7.1392],[-36.91441,-7.14613],[-36.90411,-7.14611],[-36.89793,-7.14903],[-36.89748,-7.14416],[-36.88557,-7.14023],[-36.88266,-7.1428],[-36.88557,-7.1475],[-36.88419,-7.15037],[-36.88007,-7.15069],[-36.87458,-7.14724],[-36.87171,-7.14756],[-36.87574,-7.1537],[-36.87363,-7.15642],[-36.87526,-7.16051],[-36.88076,-7.16341],[-36.889,-7.16391],[-36.89793,-7.16727],[-36.90479,-7.16594],[-36.90751,-7.16732],[-36.90067,-7.17116],[-36.89518,-7.17031],[-36.88488,-7.17238],[-36.8478,-7.1594],[-36.84309,-7.16051],[-36.84918,-7.16596],[-36.84795,-7.16868],[-36.8419,-7.168],[-36.83064,-7.1627],[-36.82802,-7.1646],[-36.83956,-7.17421],[-36.86565,-7.19067],[-36.87183,-7.19304],[-36.87801,-7.19124],[-36.8794,-7.19662],[-36.89312,-7.20804],[-36.92402,-7.22584],[-36.93157,-7.22652],[-36.93432,-7.22327],[-36.9405,-7.22813],[-36.95217,-7.22799],[-36.95698,-7.22615],[-36.96384,-7.22846],[-36.97208,-7.22692],[-36.97689,-7.22805],[-36.98925,-7.21967],[-36.99332,-7.21978],[-36.99543,-7.22326],[-36.99807,-7.21705],[-37.00779,-7.21625],[-37.01296,-7.2191],[-37.00655,-7.22182],[-37.01038,-7.22863],[-37.0071,-7.23353],[-37.00779,-7.23583],[-37.01213,-7.23408],[-37.02084,-7.21802],[-37.03045,-7.21772],[-37.03447,-7.22046],[-37.02633,-7.22066],[-37.02613,-7.22455],[-37.02356,-7.22727],[-37.02557,-7.23136],[-37.03337,-7.23545],[-37.02561,-7.23885],[-37.03457,-7.2451],[-37.04121,-7.23681],[-37.04624,-7.23613],[-37.04727,-7.23953],[-37.0443,-7.24703],[-37.04762,-7.24977],[-37.05384,-7.24703],[-37.05034,-7.24294],[-37.05105,-7.23953],[-37.05983,-7.23204],[-37.05958,-7.22727],[-37.06272,-7.22742],[-37.06899,-7.23068],[-37.06304,-7.23476],[-37.06276,-7.24158],[-37.0689,-7.23979],[-37.07302,-7.23612],[-37.07657,-7.24294],[-37.06919,-7.24907],[-37.07508,-7.25165],[-37.08641,-7.25247],[-37.08263,-7.25512],[-37.0689,-7.25668],[-37.0689,-7.26211],[-37.06203,-7.26054],[-37.05977,-7.26201],[-37.06272,-7.26726],[-37.08144,-7.2695],[-37.07783,-7.27191],[-37.07302,-7.27198],[-37.06809,-7.27563],[-37.07095,-7.28176],[-37.06871,-7.28449],[-37.0792,-7.28678],[-37.08469,-7.28449],[-37.09362,-7.28732],[-37.0998,-7.28512],[-37.10188,-7.28926],[-37.09178,-7.28994],[-37.08881,-7.29499],[-37.08469,-7.28955],[-37.07371,-7.29079],[-37.07165,-7.29408],[-37.06615,-7.29107],[-37.06203,-7.29549],[-37.05448,-7.2921],[-37.05405,-7.28857],[-37.05633,-7.28449],[-37.05311,-7.28036],[-37.05036,-7.28154],[-37.04624,-7.27945],[-37.04006,-7.28493],[-37.03388,-7.27456],[-37.03045,-7.27604],[-37.02702,-7.27383],[-37.02221,-7.27788],[-37.0174,-7.26921],[-37.00573,-7.2739],[-37.00249,-7.27155],[-37.00671,-7.2661],[-37.00634,-7.26337],[-37.00367,-7.26305],[-37.00161,-7.26581],[-36.99749,-7.26683],[-36.99131,-7.26398],[-36.98788,-7.25952],[-36.9817,-7.26042],[-36.9817,-7.26474],[-36.98788,-7.26956],[-36.98444,-7.27224],[-36.9762,-7.27201],[-36.97483,-7.27588],[-36.98101,-7.28194],[-36.99613,-7.28381],[-36.99955,-7.28959],[-37.00823,-7.2913],[-36.99983,-7.3022],[-37.00013,-7.30628],[-37.01603,-7.30984],[-37.01627,-7.31241],[-37.01233,-7.31514],[-37.01613,-7.31786],[-37.01643,-7.32127],[-37.02496,-7.3237],[-37.02891,-7.33148],[-37.03767,-7.33421],[-37.03065,-7.33625],[-37.03114,-7.34207],[-37.02358,-7.33256],[-37.02129,-7.33216],[-37.02015,-7.33613],[-37.01507,-7.33421],[-37.01772,-7.34442],[-37.01672,-7.34778],[-37.01054,-7.34318],[-37.00553,-7.34442],[-37.00483,-7.33625],[-37.00024,-7.3339],[-36.99749,-7.32449],[-36.9949,-7.32535],[-36.99474,-7.33059],[-36.98856,-7.3307],[-36.98507,-7.32467],[-36.9817,-7.32351],[-36.97689,-7.33128],[-36.96796,-7.33301],[-36.9684,-7.33897],[-36.9659,-7.33996],[-36.96328,-7.33557],[-36.96361,-7.32944],[-36.97208,-7.32457],[-36.97237,-7.32263],[-36.96247,-7.31372],[-36.95459,-7.32331],[-36.9508,-7.32485],[-36.95111,-7.3199],[-36.94659,-7.31582],[-36.94818,-7.30969],[-36.94668,-7.30789],[-36.94256,-7.30789],[-36.94196,-7.31173],[-36.93775,-7.31141],[-36.93318,-7.31582],[-36.94325,-7.33012],[-36.94197,-7.33352],[-36.9596,-7.34238],[-36.96106,-7.34442],[-36.95286,-7.3444],[-36.95198,-7.34578],[-36.96087,-7.35532],[-36.96587,-7.356],[-36.96728,-7.35354],[-36.96897,-7.35395],[-36.96979,-7.35804],[-36.97559,-7.36281],[-36.95904,-7.3626],[-36.95217,-7.3606],[-36.94599,-7.36379],[-36.93638,-7.35941],[-36.93291,-7.36349],[-36.94393,-7.36642],[-36.94736,-7.36957],[-36.95354,-7.36726],[-36.95492,-7.37169],[-36.96041,-7.37372],[-36.96453,-7.37252],[-36.97689,-7.37968],[-36.96728,-7.38172],[-36.94599,-7.38009],[-36.93981,-7.38211],[-36.92814,-7.37999],[-36.91508,-7.38528],[-36.92127,-7.39009],[-36.92495,-7.388],[-36.92745,-7.38362],[-36.93295,-7.38372],[-36.93569,-7.38655],[-36.9405,-7.38389],[-36.94736,-7.38729],[-36.95493,-7.38664],[-36.96041,-7.38888],[-36.97002,-7.39771],[-36.97758,-7.3951],[-36.97983,-7.3989],[-36.99213,-7.40775],[-36.98513,-7.41094],[-36.98163,-7.41933],[-36.97629,-7.40503],[-36.97336,-7.40503],[-36.97071,-7.40802],[-36.9611,-7.40735],[-36.95698,-7.40281],[-36.94874,-7.4],[-36.94752,-7.40366],[-36.95472,-7.40639],[-36.95181,-7.40911],[-36.95529,-7.4166],[-36.95423,-7.41906],[-36.9462,-7.4166],[-36.94283,-7.40911],[-36.93794,-7.40639],[-36.94211,-7.4023],[-36.93913,-7.39855],[-36.92814,-7.40173],[-36.9199,-7.40148],[-36.91983,-7.40435],[-36.92384,-7.40707],[-36.92196,-7.4105],[-36.91235,-7.40079],[-36.89861,-7.40177],[-36.89793,-7.41043],[-36.88419,-7.40515],[-36.87389,-7.40482],[-36.86771,-7.40175],[-36.86808,-7.40435],[-36.87389,-7.40566],[-36.87733,-7.41093],[-36.88419,-7.41221],[-36.88969,-7.41587],[-36.89724,-7.41651],[-36.89999,-7.41341],[-36.90273,-7.41343],[-36.90733,-7.41864],[-36.91563,-7.42137],[-36.91921,-7.42595],[-36.93295,-7.42585],[-36.93981,-7.42948],[-36.9453,-7.42985],[-36.94668,-7.43277],[-36.95148,-7.43443],[-36.95148,-7.43627],[-36.93363,-7.43556],[-36.93287,-7.43907],[-36.92902,-7.44111],[-36.93569,-7.44036],[-36.93638,-7.44532],[-36.94265,-7.44588],[-36.94683,-7.44928],[-36.92402,-7.45166],[-36.91921,-7.45547],[-36.91166,-7.44983],[-36.90479,-7.45181],[-36.90386,-7.45541],[-36.89518,-7.4592],[-36.89518,-7.46796],[-36.88954,-7.4629],[-36.889,-7.45593],[-36.8821,-7.45269],[-36.8839,-7.44928],[-36.87939,-7.44763],[-36.87389,-7.45401],[-36.87033,-7.45405],[-36.87046,-7.46073],[-36.86428,-7.45684],[-36.86085,-7.45693],[-36.85696,-7.46018],[-36.85192,-7.46918],[-36.8478,-7.46567],[-36.84025,-7.46411],[-36.83688,-7.46699],[-36.83819,-7.47285],[-36.83471,-7.47311],[-36.8327,-7.47569],[-36.82789,-7.47434],[-36.82034,-7.47778],[-36.818,-7.47652],[-36.8177,-7.47175],[-36.81553,-7.46947],[-36.80386,-7.47205],[-36.79451,-7.46018],[-36.79424,-7.45611],[-36.78944,-7.45997],[-36.77364,-7.45235],[-36.77111,-7.45473],[-36.7718,-7.45813],[-36.78051,-7.46648],[-36.78532,-7.46741],[-36.79071,-7.47652],[-36.80336,-7.4806],[-36.80489,-7.48401],[-36.80876,-7.48605],[-36.80838,-7.48809],[-36.8037,-7.48945],[-36.80908,-7.49762],[-36.80454,-7.49771],[-36.80248,-7.49439],[-36.79836,-7.49435],[-36.786,-7.48903],[-36.77502,-7.47957],[-36.76678,-7.47694],[-36.76431,-7.49081],[-36.76815,-7.49534],[-36.77455,-7.49762],[-36.78125,-7.50579],[-36.77776,-7.50636],[-36.76746,-7.50232],[-36.76477,-7.50988],[-36.76554,-7.516],[-36.78738,-7.53664],[-36.78909,-7.53642],[-36.78795,-7.53234],[-36.79012,-7.52976],[-36.79493,-7.53175],[-36.79626,-7.5371],[-36.80317,-7.54496],[-36.80523,-7.54442],[-36.80757,-7.53983],[-36.81072,-7.5398],[-36.8117,-7.54187],[-36.80935,-7.54326],[-36.80982,-7.54595],[-36.81416,-7.54645],[-36.81828,-7.54965],[-36.82514,-7.54993],[-36.82463,-7.55548],[-36.82652,-7.55701],[-36.83681,-7.55809],[-36.84093,-7.55305],[-36.84368,-7.55764],[-36.85467,-7.55906],[-36.85799,-7.55684],[-36.85647,-7.55276],[-36.86085,-7.55168],[-36.86229,-7.55276],[-36.86038,-7.55684],[-36.86222,-7.55916],[-36.87183,-7.56122],[-36.88173,-7.56025],[-36.88313,-7.55821],[-36.88201,-7.55412],[-36.87427,-7.54936],[-36.87978,-7.54732],[-36.8811,-7.54119],[-36.8734,-7.53915],[-36.86703,-7.53107],[-36.86303,-7.52894],[-36.86428,-7.52736],[-36.87458,-7.53172],[-36.87801,-7.52644],[-36.88282,-7.53046],[-36.88831,-7.5283],[-36.89037,-7.53118],[-36.89861,-7.52888],[-36.90158,-7.53098],[-36.89518,-7.53505],[-36.89838,-7.54051],[-36.89104,-7.54595],[-36.89177,-7.54868],[-36.89801,-7.55276],[-36.88842,-7.5548],[-36.88696,-7.55889],[-36.889,-7.56101],[-36.89793,-7.56266],[-36.90891,-7.56073],[-36.90954,-7.55753],[-36.90414,-7.55344],[-36.90617,-7.54942],[-36.91257,-7.55412],[-36.91323,-7.55957],[-36.91969,-7.56025],[-36.92048,-7.55753],[-36.91367,-7.55004],[-36.91921,-7.54511],[-36.92814,-7.55276],[-36.92596,-7.55957],[-36.93322,-7.56025],[-36.93303,-7.55616],[-36.93763,-7.55072],[-36.93018,-7.54391],[-36.93569,-7.54335],[-36.94076,-7.54732],[-36.94316,-7.5548],[-36.94736,-7.55094],[-36.95272,-7.55208],[-36.94965,-7.55821],[-36.94276,-7.55889],[-36.94287,-7.56093],[-36.95835,-7.56015],[-36.9751,-7.56229],[-36.97208,-7.56477],[-36.95059,-7.56637],[-36.95011,-7.56955],[-36.95646,-7.57726],[-36.94599,-7.57201],[-36.94282,-7.5725],[-36.9458,-7.57795],[-36.94241,-7.58271],[-36.95423,-7.58765],[-36.95863,-7.59292],[-36.95698,-7.59433],[-36.95148,-7.59285],[-36.94599,-7.59523],[-36.94525,-7.597],[-36.94736,-7.59941],[-36.95766,-7.59616],[-36.9659,-7.5993],[-36.96389,-7.59496],[-36.96522,-7.59344],[-36.97277,-7.59491],[-36.9968,-7.60647],[-36.99791,-7.60313],[-36.99309,-7.59836],[-36.99818,-7.59769],[-36.99869,-7.59224],[-37.00436,-7.58962],[-37.01185,-7.59428],[-37.00764,-7.59564],[-37.00823,-7.60041],[-37.00577,-7.60313],[-37.01101,-7.6113],[-37.00642,-7.61238],[-37.00596,-7.61402],[-37.01122,-7.61588],[-37.01319,-7.6113],[-37.01809,-7.61014],[-37.01982,-7.61266],[-37.0184,-7.61674],[-37.02221,-7.61851],[-37.02906,-7.6181],[-37.03724,-7.60789],[-37.04556,-7.6108],[-37.04865,-7.60789],[-37.0435,-7.60478],[-37.05036,-7.60417],[-37.06135,-7.60759],[-37.07302,-7.60378],[-37.07574,-7.60857],[-37.06715,-7.61334],[-37.06203,-7.6123],[-37.05705,-7.61402],[-37.04762,-7.6215],[-37.04763,-7.62559],[-37.05791,-7.62709],[-37.05941,-7.62287],[-37.06547,-7.62249],[-37.06753,-7.61938],[-37.07233,-7.6176],[-37.07379,-7.61878],[-37.07276,-7.62423],[-37.07577,-7.62834],[-37.07807,-7.62695],[-37.07922,-7.62287],[-37.0834,-7.6215],[-37.08465,-7.60721],[-37.09499,-7.60149],[-37.09837,-7.59632],[-37.09523,-7.58816],[-37.09637,-7.58625],[-37.10434,-7.59088],[-37.09845,-7.60857],[-37.09439,-7.6147],[-37.09792,-7.61742],[-37.10117,-7.62527],[-37.10763,-7.62491],[-37.10873,-7.62023],[-37.11312,-7.61538],[-37.11268,-7.61062],[-37.11422,-7.60871],[-37.1204,-7.61563],[-37.12933,-7.61106],[-37.12682,-7.61946],[-37.13207,-7.62444],[-37.13825,-7.61743],[-37.14443,-7.62154],[-37.14855,-7.61155],[-37.15336,-7.60989],[-37.15305,-7.61742],[-37.16022,-7.61715],[-37.16237,-7.61946],[-37.1587,-7.62355],[-37.16396,-7.62967],[-37.1513,-7.63019],[-37.14649,-7.63469],[-37.14783,-7.64192],[-37.15513,-7.64737],[-37.15473,-7.6513],[-37.14993,-7.64946],[-37.14512,-7.65193],[-37.13963,-7.65018],[-37.13549,-7.65145],[-37.13923,-7.65689],[-37.13732,-7.65962],[-37.1382,-7.66166],[-37.14169,-7.66591],[-37.14678,-7.66642],[-37.15058,-7.66914],[-37.15061,-7.6715],[-37.14581,-7.66854],[-37.13963,-7.67074],[-37.1374,-7.6671],[-37.12452,-7.66446],[-37.12418,-7.65962],[-37.12109,-7.65817],[-37.11971,-7.65484],[-37.11422,-7.65513],[-37.11079,-7.65248],[-37.10906,-7.65825],[-37.11036,-7.66982],[-37.10598,-7.67053],[-37.10575,-7.66574],[-37.09843,-7.66033],[-37.09582,-7.66438],[-37.09705,-7.6721],[-37.08847,-7.67186],[-37.08881,-7.6671],[-37.08607,-7.66365],[-37.08401,-7.66905],[-37.07889,-7.67118],[-37.08968,-7.68343],[-37.09362,-7.68427],[-37.09637,-7.6874],[-37.10117,-7.68519],[-37.10319,-7.69024],[-37.10735,-7.68913],[-37.10935,-7.69228],[-37.11303,-7.69364],[-37.11218,-7.69772],[-37.11824,-7.69908],[-37.11697,-7.70137],[-37.10502,-7.70181],[-37.11834,-7.71528],[-37.12177,-7.72492],[-37.11834,-7.72365],[-37.11491,-7.71818],[-37.1101,-7.7184],[-37.10578,-7.71541],[-37.10043,-7.70997],[-37.09911,-7.70567],[-37.09431,-7.70328],[-37.09331,-7.70657],[-37.0959,-7.71269],[-37.08881,-7.71161],[-37.08607,-7.71332],[-37.07645,-7.7032],[-37.0654,-7.70044],[-37.06181,-7.69364],[-37.0597,-7.69432],[-37.05855,-7.6984],[-37.05036,-7.69997],[-37.04487,-7.69853],[-37.0435,-7.69389],[-37.03827,-7.69432],[-37.03663,-7.69908],[-37.04762,-7.70677],[-37.05311,-7.70623],[-37.05723,-7.70351],[-37.06478,-7.70814],[-37.0689,-7.70839],[-37.06967,-7.71269],[-37.07603,-7.71678],[-37.07508,-7.71885],[-37.06547,-7.72128],[-37.06358,-7.72494],[-37.05748,-7.72698],[-37.06066,-7.73122],[-37.06479,-7.73311],[-37.06409,-7.73613],[-37.05687,-7.73923],[-37.06098,-7.74059],[-37.0659,-7.74671],[-37.06697,-7.75352],[-37.06397,-7.75692],[-37.06559,-7.76236],[-37.06341,-7.76316],[-37.05654,-7.75833],[-37.05517,-7.75445],[-37.04624,-7.75077],[-37.04416,-7.75216],[-37.04727,-7.7576],[-37.04607,-7.76372],[-37.0397,-7.7644],[-37.03938,-7.7693],[-37.05003,-7.76916],[-37.05099,-7.77597],[-37.04735,-7.77937],[-37.05147,-7.78821],[-37.04899,-7.79375],[-37.04774,-7.78821],[-37.0435,-7.78339],[-37.03869,-7.78358],[-37.03526,-7.78863],[-37.02976,-7.78134],[-37.02496,-7.78001],[-37.02221,-7.77176],[-37.01672,-7.77103],[-37.0126,-7.78031],[-37.00723,-7.78141],[-37.01379,-7.7923],[-37.0229,-7.79389],[-37.02051,-7.79774],[-37.01122,-7.8014],[-37.00985,-7.80499],[-37.00164,-7.80454],[-37.0023,-7.79783],[-36.99268,-7.79273],[-36.98788,-7.79274],[-36.98376,-7.78336],[-36.98101,-7.78164],[-36.97948,-7.78549],[-36.98212,-7.79502],[-36.97911,-7.79638],[-36.98059,-7.80114],[-36.97895,-7.80193],[-36.97277,-7.79833],[-36.97067,-7.7923],[-36.97083,-7.78481],[-36.96316,-7.7804],[-36.96041,-7.77383],[-36.95217,-7.77253],[-36.94736,-7.7768],[-36.94187,-7.77266],[-36.94057,-7.77461],[-36.94668,-7.78887],[-36.94874,-7.78364],[-36.95286,-7.78704],[-36.96178,-7.78748],[-36.96722,-7.79502],[-36.96504,-7.80046],[-36.96918,-7.80658],[-36.97829,-7.81066],[-36.97774,-7.81475],[-36.9716,-7.81951],[-36.97277,-7.82248],[-36.98032,-7.82114],[-36.98307,-7.81718],[-36.98994,-7.81933],[-36.99406,-7.81555],[-36.99886,-7.81843],[-37.00573,-7.81559],[-37.01191,-7.81587],[-37.0174,-7.82035],[-37.02633,-7.8205],[-37.02861,-7.82223],[-37.01946,-7.82653],[-37.00989,-7.82495],[-37.00858,-7.83243],[-37.01054,-7.8369],[-37.00642,-7.83907],[-36.99955,-7.83905],[-36.99792,-7.84332],[-36.99955,-7.84937],[-37.00504,-7.8504],[-37.01191,-7.84252],[-37.01672,-7.8509],[-37.02306,-7.84332],[-37.02633,-7.84317],[-37.02908,-7.8377],[-37.03146,-7.83855],[-37.03526,-7.84905],[-37.03938,-7.84646],[-37.04075,-7.83911],[-37.04762,-7.83996],[-37.04758,-7.8474],[-37.04965,-7.8508],[-37.04657,-7.8542],[-37.04762,-7.85886],[-37.05105,-7.85937],[-37.0586,-7.85387],[-37.05997,-7.86002],[-37.07405,-7.86168],[-37.0689,-7.86988],[-37.06478,-7.86542],[-37.06283,-7.8678],[-37.06303,-7.87188],[-37.06684,-7.8746],[-37.06459,-7.87869],[-37.06684,-7.88233],[-37.07302,-7.8757],[-37.07989,-7.87644],[-37.08607,-7.87182],[-37.08324,-7.88345],[-37.09019,-7.89024],[-37.09362,-7.88916],[-37.09637,-7.8841],[-37.10117,-7.88466],[-37.10392,-7.88244],[-37.11216,-7.88574],[-37.12109,-7.88405],[-37.12658,-7.88516],[-37.13139,-7.8814],[-37.13509,-7.88413],[-37.13551,-7.88689],[-37.11903,-7.8898],[-37.10667,-7.8894],[-37.09774,-7.89243],[-37.0969,-7.89841],[-37.10155,-7.90249],[-37.09734,-7.90521],[-37.09494,-7.91337],[-37.09862,-7.92017],[-37.09774,-7.92137],[-37.09138,-7.91677],[-37.08469,-7.90246],[-37.07896,-7.89705],[-37.07508,-7.89658],[-37.07839,-7.88889],[-37.07714,-7.88616],[-37.07439,-7.88702],[-37.07165,-7.89148],[-37.06865,-7.88821],[-37.06627,-7.88821],[-37.06409,-7.89582],[-37.05997,-7.89412],[-37.05803,-7.89569],[-37.05866,-7.89841],[-37.06272,-7.89794],[-37.06739,-7.90113],[-37.06679,-7.90589],[-37.07042,-7.91201],[-37.06959,-7.91372],[-37.06341,-7.90961],[-37.05929,-7.91141],[-37.05173,-7.91055],[-37.04418,-7.90014],[-37.04629,-7.90453],[-37.04624,-7.9135],[-37.05276,-7.91745],[-37.05062,-7.92221],[-37.0477,-7.92357],[-37.05066,-7.92561],[-37.05173,-7.9299],[-37.05585,-7.93001],[-37.0586,-7.93347],[-37.06753,-7.9312],[-37.06987,-7.93446],[-37.06753,-7.93873],[-37.06295,-7.94126],[-37.0689,-7.94293],[-37.075,-7.94738],[-37.06835,-7.94942],[-37.06927,-7.95418],[-37.06765,-7.9569],[-37.06959,-7.96166],[-37.06066,-7.96187],[-37.06187,-7.95078],[-37.05723,-7.9522],[-37.05036,-7.9512],[-37.0483,-7.94498],[-37.0435,-7.94211],[-37.038,-7.94837],[-37.0324,-7.95078],[-37.03204,-7.95418],[-37.03594,-7.95852],[-37.04556,-7.96047],[-37.05763,-7.97322],[-37.05448,-7.9749],[-37.04967,-7.97215],[-37.04556,-7.97445],[-37.04075,-7.97339],[-37.04226,-7.98274],[-37.04075,-7.98403],[-37.0332,-7.97576],[-37.0277,-7.97536],[-37.02363,-7.96506],[-37.02152,-7.96466],[-37.02281,-7.97118],[-37.0204,-7.97662],[-37.0243,-7.98342],[-37.02289,-7.98818],[-37.03251,-7.99849],[-37.02976,-7.99911],[-37.0229,-7.9954],[-37.01878,-7.99639],[-37.0174,-7.99018],[-37.01086,-7.98546],[-37.01046,-7.9807],[-37.01328,-7.97218],[-37.00779,-7.97118],[-37.00475,-7.96642],[-37.00607,-7.9637],[-37.01206,-7.96234],[-37.01411,-7.95078],[-37.01122,-7.94845],[-37.00504,-7.95237],[-37.00161,-7.94958],[-36.9968,-7.95184],[-36.99683,-7.94942],[-37.00326,-7.94194],[-36.99749,-7.94047],[-36.99406,-7.94192],[-36.99175,-7.93854],[-36.99563,-7.92697],[-36.99818,-7.9255],[-36.99987,-7.91677],[-36.99886,-7.91218],[-36.99474,-7.91104],[-36.9865,-7.91174],[-36.98223,-7.91541],[-36.9817,-7.91952],[-36.9865,-7.91922],[-36.98902,-7.92357],[-36.9827,-7.92901],[-36.98168,-7.93786],[-36.9766,-7.9433],[-36.98219,-7.94942],[-36.97534,-7.95214],[-36.97552,-7.95647],[-36.96908,-7.9637],[-36.96982,-7.96574],[-36.97552,-7.96799],[-36.98101,-7.96668],[-36.98642,-7.96982],[-36.97978,-7.97662],[-36.9816,-7.9807],[-36.97953,-7.98682],[-36.97552,-7.98476],[-36.97346,-7.98567],[-36.97277,-7.99393],[-36.96796,-7.99198],[-36.96453,-7.99325],[-36.95972,-7.99088],[-36.95835,-7.98778],[-36.9508,-7.98986],[-36.94805,-7.98478],[-36.94256,-7.98231],[-36.93981,-7.9903],[-36.93501,-7.99022],[-36.93089,-7.98749],[-36.92951,-7.99033],[-36.92471,-7.9913],[-36.91784,-7.98459],[-36.91303,-7.98388],[-36.90891,-7.98997],[-36.91097,-7.99154],[-36.91578,-7.99087],[-36.91457,-7.99498],[-36.91744,-7.99974],[-36.90548,-8.00015],[-36.89518,-7.99561],[-36.89055,-7.9909],[-36.88889,-7.98614],[-36.89381,-7.98501],[-36.89561,-7.9807],[-36.889,-7.97953],[-36.8894,-7.97526],[-36.88212,-7.97798],[-36.88213,-7.98284],[-36.87527,-7.98027],[-36.87321,-7.98235],[-36.86291,-7.97643],[-36.85492,-7.96574],[-36.84849,-7.96082],[-36.84505,-7.96063],[-36.84479,-7.96574],[-36.84711,-7.97073],[-36.85947,-7.98277],[-36.86222,-7.98808],[-36.87801,-8.00112],[-36.88969,-8.00813],[-36.89449,-8.00607],[-36.89655,-8.01158],[-36.90342,-8.01366],[-36.90823,-8.01269],[-36.91372,-8.01863],[-36.92402,-8.02229],[-36.92843,-8.0215],[-36.9289,-8.01334],[-36.92745,-8.00877],[-36.9218,-8.00246],[-36.92333,-7.99961],[-36.93501,-7.99713],[-36.93981,-8.00097],[-36.9453,-8.00167],[-36.95766,-7.99676],[-36.96522,-8.00647],[-36.96865,-8.00199],[-36.97435,-8.00246],[-36.97675,-8.00518],[-36.97071,-8.00644],[-36.96978,-8.00994],[-36.97976,-8.02014],[-36.97099,-8.0215],[-36.9677,-8.02897],[-36.97277,-8.03274],[-36.97782,-8.03033],[-36.97278,-8.04121],[-36.97414,-8.04724],[-36.97666,-8.04325],[-36.9766,-8.03645],[-36.98101,-8.03645],[-36.98513,-8.03118],[-36.99087,-8.03305],[-36.98693,-8.03917],[-36.98788,-8.04101],[-36.99062,-8.04006],[-36.99886,-8.03028],[-37.00161,-8.03412],[-37.00747,-8.03305],[-37.00406,-8.03849],[-37.00504,-8.04136],[-37.00985,-8.04113],[-37.01191,-8.03834],[-37.01603,-8.04069],[-37.01672,-8.03687],[-37.02152,-8.03624],[-37.02427,-8.03351],[-37.0277,-8.0374],[-37.03388,-8.0375],[-37.03427,-8.04189],[-37.04053,-8.04461],[-37.03251,-8.04707],[-37.03299,-8.05141],[-37.02976,-8.05208],[-37.02633,-8.04844],[-37.02021,-8.04869],[-37.02109,-8.05413],[-37.02578,-8.05821],[-37.02279,-8.06161],[-37.02496,-8.06524],[-37.00779,-8.06806],[-36.99131,-8.07436],[-36.98513,-8.07317],[-36.98293,-8.07521],[-36.98376,-8.08026],[-36.99062,-8.08763],[-37.00161,-8.08726],[-37.00463,-8.08268],[-37.00779,-8.08161],[-37.01122,-8.08451],[-37.01672,-8.08465],[-37.0174,-8.08986],[-37.02358,-8.08595],[-37.02702,-8.08824],[-37.03045,-8.08706],[-37.03182,-8.09758],[-37.04281,-8.09354],[-37.04487,-8.09802],[-37.05517,-8.09591],[-37.05962,-8.09968],[-37.05105,-8.10153],[-37.05036,-8.10399],[-37.04556,-8.1043],[-37.04075,-8.10923],[-37.03869,-8.10369],[-37.02702,-8.10564],[-37.02084,-8.10164],[-37.00779,-8.10217],[-37.00573,-8.10574],[-37.00191,-8.10716],[-37.01534,-8.11543],[-37.02564,-8.11449],[-37.03561,-8.11803],[-37.01809,-8.12257],[-37.01191,-8.12121],[-37.00507,-8.12279],[-37.0139,-8.12551],[-37.01421,-8.12891],[-37.01746,-8.13095],[-37.0125,-8.13231],[-37.01115,-8.13639],[-37.01426,-8.14318],[-37.01064,-8.14658],[-37.01603,-8.15208],[-37.02015,-8.15184],[-37.02195,-8.15406],[-37.02084,-8.15751],[-37.01466,-8.15472],[-37.0071,-8.15896],[-37.00467,-8.15406],[-36.9998,-8.15338],[-37.00442,-8.14794],[-37.00473,-8.13979],[-37.00298,-8.13725],[-36.99955,-8.13599],[-36.99337,-8.13907],[-36.99267,-8.13163],[-36.98856,-8.12733],[-36.9817,-8.12837],[-36.97826,-8.1333],[-36.97623,-8.12755],[-36.97061,-8.12891],[-36.97098,-8.12279],[-36.975,-8.11803],[-36.97031,-8.11124],[-36.9762,-8.11004],[-36.9776,-8.10784],[-36.97002,-8.10705],[-36.96796,-8.11022],[-36.95974,-8.11192],[-36.95698,-8.10441],[-36.96661,-8.09764],[-36.9611,-8.10001],[-36.9573,-8.099],[-36.95648,-8.09764],[-36.95963,-8.09288],[-36.9556,-8.08957],[-36.95317,-8.09016],[-36.9508,-8.09479],[-36.94375,-8.0922],[-36.94326,-8.08948],[-36.94707,-8.08472],[-36.94187,-8.0852],[-36.94232,-8.07996],[-36.93518,-8.07589],[-36.94257,-8.07249],[-36.93638,-8.06715],[-36.92883,-8.06957],[-36.9262,-8.07317],[-36.92237,-8.07453],[-36.93542,-8.08404],[-36.93949,-8.09288],[-36.93569,-8.0935],[-36.93089,-8.09079],[-36.92745,-8.09268],[-36.92127,-8.09189],[-36.92014,-8.09628],[-36.92127,-8.09799],[-36.92471,-8.09535],[-36.93089,-8.09872],[-36.94118,-8.09838],[-36.94577,-8.10172],[-36.9453,-8.10406],[-36.9405,-8.10422],[-36.93068,-8.10852],[-36.93391,-8.11735],[-36.9398,-8.12075],[-36.93775,-8.12737],[-36.9302,-8.1234],[-36.92781,-8.12551],[-36.92883,-8.12799],[-36.93365,-8.13027],[-36.93751,-8.13911],[-36.93638,-8.14107],[-36.93383,-8.13979],[-36.93157,-8.13249],[-36.92503,-8.13367],[-36.92127,-8.12327],[-36.91576,-8.12279],[-36.91865,-8.11531],[-36.91289,-8.1092],[-36.90548,-8.10496],[-36.90273,-8.10718],[-36.89735,-8.10444],[-36.89518,-8.09469],[-36.89312,-8.09333],[-36.88831,-8.09436],[-36.87934,-8.07793],[-36.87664,-8.0765],[-36.86823,-8.07861],[-36.86795,-8.07521],[-36.87047,-8.07249],[-36.86634,-8.06583],[-36.86308,-8.06637],[-36.86153,-8.07146],[-36.85673,-8.06762],[-36.85028,-8.06773],[-36.84917,-8.06977],[-36.85673,-8.07842],[-36.86222,-8.07992],[-36.86497,-8.0861],[-36.86977,-8.08951],[-36.87065,-8.0922],[-36.86903,-8.09424],[-36.87194,-8.09832],[-36.87022,-8.09968],[-36.87083,-8.1024],[-36.88211,-8.11667],[-36.87491,-8.11531],[-36.8684,-8.11047],[-36.86428,-8.11135],[-36.86016,-8.10746],[-36.85467,-8.1078],[-36.85128,-8.10444],[-36.84917,-8.09687],[-36.84162,-8.09564],[-36.84061,-8.09832],[-36.84292,-8.10308],[-36.83613,-8.10475],[-36.83314,-8.11328],[-36.82995,-8.11242],[-36.82567,-8.10512],[-36.8269,-8.10172],[-36.82489,-8.09492],[-36.82583,-8.09286],[-36.82858,-8.09266],[-36.82919,-8.09016],[-36.82446,-8.09096],[-36.81004,-8.07904],[-36.80639,-8.08064],[-36.81156,-8.08812],[-36.80886,-8.09628],[-36.81278,-8.10058],[-36.81612,-8.10036],[-36.81552,-8.10512],[-36.81777,-8.10988],[-36.81667,-8.11328],[-36.82318,-8.12143],[-36.81965,-8.12189],[-36.81759,-8.11807],[-36.80866,-8.11851],[-36.80288,-8.11667],[-36.80152,-8.11395],[-36.80357,-8.11056],[-36.79768,-8.10461],[-36.79548,-8.1058],[-36.79696,-8.1092],[-36.79594,-8.11395],[-36.78806,-8.11334],[-36.78805,-8.1092],[-36.78443,-8.10716],[-36.78346,-8.1024],[-36.77891,-8.09832],[-36.78463,-8.09829],[-36.786,-8.09399],[-36.79043,-8.09492],[-36.78772,-8.08472],[-36.79138,-8.08064],[-36.78797,-8.07861],[-36.78532,-8.07231],[-36.78077,-8.07589],[-36.7812,-8.08141],[-36.77639,-8.07766],[-36.77355,-8.082],[-36.77021,-8.08284],[-36.76932,-8.07725],[-36.76581,-8.07249],[-36.76588,-8.06501],[-36.7604,-8.06297],[-36.75785,-8.058],[-36.75304,-8.05564],[-36.74206,-8.05648],[-36.73862,-8.05932],[-36.73602,-8.05005],[-36.74274,-8.04986],[-36.74357,-8.04801],[-36.73862,-8.04197],[-36.73313,-8.04272],[-36.73107,-8.03963],[-36.7212,-8.03441],[-36.71794,-8.02897],[-36.72283,-8.03243],[-36.73313,-8.03509],[-36.74,-8.03246],[-36.74892,-8.0395],[-36.75579,-8.03919],[-36.75796,-8.04529],[-36.76472,-8.04866],[-36.76533,-8.05209],[-36.77364,-8.05757],[-36.78049,-8.05549],[-36.77364,-8.04772],[-36.76815,-8.0458],[-36.76746,-8.03919],[-36.7709,-8.03804],[-36.77227,-8.04065],[-36.77502,-8.04066],[-36.77845,-8.03348],[-36.79001,-8.04053],[-36.78587,-8.03441],[-36.78621,-8.02761],[-36.78463,-8.02597],[-36.7812,-8.02703],[-36.77433,-8.02502],[-36.77021,-8.02904],[-36.76609,-8.02631],[-36.76334,-8.02762],[-36.76057,-8.02625],[-36.76266,-8.02141],[-36.75588,-8.01538],[-36.75413,-8.00994],[-36.75991,-8.00438],[-36.76472,-8.00416],[-36.76477,-8.00042],[-36.76266,-7.99711],[-36.75718,-7.9943],[-36.75676,-7.98818],[-36.75303,-7.98682],[-36.74686,-7.97634],[-36.74206,-7.97574],[-36.72558,-7.96374],[-36.72469,-7.96982],[-36.72669,-7.97458],[-36.72509,-7.97798],[-36.71189,-7.98002],[-36.70784,-7.96642],[-36.70567,-7.96517],[-36.70292,-7.96695],[-36.69743,-7.96427],[-36.69468,-7.95531],[-36.68919,-7.9541],[-36.68369,-7.96079],[-36.68407,-7.95146],[-36.67932,-7.94738],[-36.68163,-7.94384],[-36.68095,-7.94155],[-36.67477,-7.94079],[-36.67037,-7.94262],[-36.66447,-7.93668],[-36.64043,-7.93618],[-36.63151,-7.94096],[-36.61091,-7.9338],[-36.59237,-7.93461],[-36.58766,-7.94262],[-36.57711,-7.94253]]}},{"type":"Feature","properties":{"cota":600,"indice":false},"geometry":{"type":"LineString","coordinates":[[-36.95423,-7.72146],[-36.95218,-7.72222],[-36.95437,-7.73038],[-36.95217,-7.73404],[-36.94736,-7.73441],[-36.93707,-7.73103],[-36.93157,-7.7383],[-36.92402,-7.73601],[-36.92196,-7.73957],[-36.91583,-7.73991],[-36.9217,-7.75284],[-36.93847,-7.7644],[-36.94187,-7.77186],[-36.94656,-7.76644],[-36.94663,-7.76236],[-36.94422,-7.7542],[-36.93776,-7.74875],[-36.94393,-7.7453],[-36.95286,-7.74699],[-36.95698,-7.74246],[-36.95615,-7.73242],[-36.95792,-7.72698],[-36.95698,-7.72266],[-36.95423,-7.72146]]}},{"type":"Feature","properties":{"cota":500,"indice":true},"geometry":{"type":"LineString","coordinates":[[-36.7757,-7.686],[-36.77502,-7.68834],[-36.77667,-7.68752],[-36.7757,-7.686]]}},{"type":"Feature","properties":{"cota":600,"indice":false},"geometry":{"type":"LineString","coordinates":[[-36.87046,-7.66231],[-36.86521,-7.6637],[-36.86977,-7.66671],[-36.87141,-7.66506],[-36.87046,-7.66231]]}},{"type":"Feature","properties":{"cota":600,"indice":false},"geometry":{"type":"LineString","coordinates":[[-36.86359,-7.66285],[-36.86011,-7.66438],[-36.86175,-7.66506],[-36.86359,-7.66285]]}},{"type":"Feature","properties":{"cota":600,"indice":false},"geometry":{"type":"LineString","coordinates":[[-36.84162,-7.63823],[-36.83901,-7.63988],[-36.83887,-7.64448],[-36.8425,-7.64192],[-36.84162,-7.63823]]}},{"type":"Feature","properties":{"cota":700,"indice":false},"geometry":{"type":"LineString","coordinates":[[-37.10804,-7.79673],[-37.10529,-7.797],[-37.10461,-7.80025],[-37.1092,-7.79978],[-37.10804,-7.79673]]}},{"type":"Feature","properties":{"cota":700,"indice":false},"geometry":{"type":"LineString","coordinates":[[-37.11491,-7.7493],[-37.11634,-7.76032],[-37.12182,-7.76576],[-37.12144,-7.78005],[-37.12658,-7.78348],[-37.13619,-7.79875],[-37.14375,-7.80094],[-37.14633,-7.79434],[-37.14139,-7.78141],[-37.13577,-7.77461],[-37.13449,-7.76848],[-37.12933,-7.76621],[-37.12298,-7.75556],[-37.11491,-7.7493]]}},{"type":"Feature","properties":{"cota":700,"indice":false},"geometry":{"type":"LineString","coordinates":[[-37.09568,-7.767],[-37.09246,-7.77053],[-37.09431,-7.7727],[-37.09813,-7.77121],[-37.09568,-7.767]]}},{"type":"Feature","properties":{"cota":700,"indice":false},"geometry":{"type":"LineString","coordinates":[[-37.14935,-7.76005],[-37.149,-7.76576],[-37.15369,-7.76637]]}},{"type":"Feature","properties":{"cota":700,"indice":false},"geometry":{"type":"LineString","coordinates":[[-37.09705,-7.75685],[-37.09431,-7.75638],[-37.08813,-7.75964],[-37.08813,-7.76304],[-37.09843,-7.76105],[-37.09892,-7.75828],[-37.09705,-7.75685]]}},{"type":"Feature","properties":{"cota":700,"indice":false},"geometry":{"type":"LineString","coordinates":[[-37.08469,-7.73771],[-37.08126,-7.73747],[-37.07911,-7.73991],[-37.07794,-7.74943],[-37.08057,-7.75222],[-37.08389,-7.7508],[-37.08761,-7.73991],[-37.08469,-7.73771]]}},{"type":"Feature","properties":{"cota":600,"indice":false},"geometry":{"type":"LineString","coordinates":[[-37.03182,-7.73645],[-37.02496,-7.73883],[-37.02564,-7.74372],[-37.02865,-7.74399],[-37.03314,-7.73991],[-37.03182,-7.73645]]}},{"type":"Feature","properties":{"cota":600,"indice":false},"geometry":{"type":"LineString","coordinates":[[-37.01603,-7.72938],[-37.01445,-7.73242],[-37.01672,-7.73403],[-37.01815,-7.73242],[-37.01603,-7.72938]]}},{"type":"Feature","properties":{"cota":600,"indice":false},"geometry":{"type":"LineString","coordinates":[[-37.00573,-7.72133],[-37.00389,-7.72154],[-37.00434,-7.7229],[-37.00749,-7.72358],[-37.00573,-7.72133]]}},{"type":"Feature","properties":{"cota":600,"indice":false},"geometry":{"type":"LineString","coordinates":[[-37.07783,-7.66695],[-37.07851,-7.67058],[-37.07783,-7.66695]]}},{"type":"Feature","properties":{"cota":600,"indice":false},"geometry":{"type":"LineString","coordinates":[[-36.85673,-7.63631],[-36.85398,-7.63654],[-36.85398,-7.63934],[-36.85701,-7.6392],[-36.85673,-7.63631]]}},{"type":"Feature","properties":{"cota":600,"indice":false},"geometry":{"type":"LineString","coordinates":[[-36.80386,-7.61593],[-36.79905,-7.62038],[-36.79398,-7.62082],[-36.79356,-7.62492],[-36.79679,-7.62627],[-36.7953,-7.63648],[-36.8018,-7.63894],[-36.80523,-7.6365],[-36.80729,-7.64185],[-36.81451,-7.6426],[-36.82135,-7.65009],[-36.83201,-7.65583],[-36.8375,-7.65664],[-36.83785,-7.65417],[-36.83298,-7.65145],[-36.82995,-7.64444],[-36.82256,-7.6426],[-36.81876,-7.62831],[-36.81347,-7.6274],[-36.8066,-7.63306],[-36.8018,-7.62912],[-36.80386,-7.61593]]}},{"type":"Feature","properties":{"cota":700,"indice":false},"geometry":{"type":"LineString","coordinates":[[-36.8169,-7.63031],[-36.81416,-7.63011],[-36.81018,-7.63444],[-36.81057,-7.63784],[-36.8169,-7.63537],[-36.8169,-7.63031]]}},{"type":"Feature","properties":{"cota":600,"indice":false},"geometry":{"type":"LineString","coordinates":[[-36.9714,-7.60375],[-36.96796,-7.60339],[-36.96642,-7.60585],[-36.97359,-7.60653],[-36.9714,-7.60375]]}},{"type":"Feature","properties":{"cota":600,"indice":false},"geometry":{"type":"LineString","coordinates":[[-36.8375,-7.59691],[-36.82926,-7.59678],[-36.82577,-7.59836],[-36.82513,-7.60109],[-36.83064,-7.60369],[-36.8375,-7.59924],[-36.8375,-7.59691]]}},{"type":"Feature","properties":{"cota":600,"indice":false},"geometry":{"type":"LineString","coordinates":[[-36.9199,-7.5845],[-36.91578,-7.58444],[-36.91045,-7.58816],[-36.91389,-7.59224],[-36.92196,-7.59381],[-36.92539,-7.59106],[-36.92951,-7.59235],[-36.93342,-7.5902],[-36.92951,-7.58636],[-36.92539,-7.587],[-36.9199,-7.5845]]}},{"type":"Feature","properties":{"cota":600,"indice":false},"geometry":{"type":"LineString","coordinates":[[-36.93363,-7.56698],[-36.92925,-7.56774],[-36.93089,-7.57359],[-36.93921,-7.5725],[-36.93363,-7.56698]]}},{"type":"Feature","properties":{"cota":600,"indice":false},"geometry":{"type":"LineString","coordinates":[[-36.82102,-7.55319],[-36.80611,-7.5548],[-36.81965,-7.55709],[-36.82237,-7.55548],[-36.82102,-7.55319]]}},{"type":"Feature","properties":{"cota":600,"indice":false},"geometry":{"type":"LineString","coordinates":[[-36.79699,-7.55169],[-36.79082,-7.55344],[-36.79699,-7.55553],[-36.79851,-7.55412],[-36.79699,-7.55169]]}},{"type":"Feature","properties":{"cota":700,"indice":false},"geometry":{"type":"LineString","coordinates":[[-36.83407,-7.53548],[-36.83201,-7.53712],[-36.83491,-7.53779],[-36.83407,-7.53548]]}},{"type":"Feature","properties":{"cota":600,"indice":false},"geometry":{"type":"LineString","coordinates":[[-36.9968,-7.62284],[-36.99555,-7.62491],[-36.99886,-7.62705],[-36.99914,-7.62423],[-36.9968,-7.62284]]}},{"type":"Feature","properties":{"cota":600,"indice":false},"geometry":{"type":"MultiLineString","coordinates":[[[-37.07577,-7.59646],[-37.07577,-7.59646]],[[-37.07577,-7.59646],[-37.07508,-7.59956],[-37.07577,-7.59646]],[[-37.07577,-7.59646],[-37.07577,-7.59646]]]}},{"type":"Feature","properties":{"cota":700,"indice":false},"geometry":{"type":"LineString","coordinates":[[-37.07371,-7.54655],[-37.07007,-7.54663],[-37.06945,-7.54936],[-37.07419,-7.54936],[-37.07517,-7.548],[-37.07371,-7.54655]]}},{"type":"Feature","properties":{"cota":700,"indice":false},"geometry":{"type":"LineString","coordinates":[[-37.10941,-7.54087],[-37.09911,-7.54232],[-37.09568,-7.54595],[-37.09843,-7.54698],[-37.10667,-7.54505],[-37.10986,-7.54255],[-37.10941,-7.54087]]}},{"type":"Feature","properties":{"cota":700,"indice":false},"geometry":{"type":"LineString","coordinates":[[-37.01122,-7.52683],[-37.00997,-7.52757],[-37.0126,-7.53],[-37.01122,-7.52683]]}},{"type":"Feature","properties":{"cota":700,"indice":false},"geometry":{"type":"LineString","coordinates":[[-37.00367,-7.52127],[-37.00084,-7.52145],[-37.00092,-7.52456],[-37.00527,-7.52485],[-37.00367,-7.52127]]}},{"type":"Feature","properties":{"cota":700,"indice":false},"geometry":{"type":"LineString","coordinates":[[-36.98925,-7.45393],[-36.98866,-7.45541],[-36.99062,-7.45623],[-36.98925,-7.45393]]}},{"type":"Feature","properties":{"cota":800,"indice":false},"geometry":{"type":"MultiLineString","coordinates":[[[-37.87296,-7.66638],[-37.87052,-7.66972]],[[-37.87518,-7.67793],[-37.87875,-7.67527],[-37.87571,-7.66802],[-37.87296,-7.66638]]]}},{"type":"Feature","properties":{"cota":800,"indice":false},"geometry":{"type":"LineString","coordinates":[[-37.76516,-7.63097],[-37.75954,-7.63171],[-37.76585,-7.63571],[-37.76759,-7.63376],[-37.76516,-7.63097]]}},{"type":"Feature","properties":{"cota":800,"indice":false},"geometry":{"type":"MultiLineString","coordinates":[[[-37.79606,-7.6245],[-37.79438,-7.62597]],[[-37.80325,-7.63394],[-37.80318,-7.63369]],[[-37.79732,-7.62603],[-37.79606,-7.6245]]]}},{"type":"Feature","properties":{"cota":800,"indice":false},"geometry":{"type":"LineString","coordinates":[[-37.76612,-7.65887],[-37.76379,-7.65725],[-37.75802,-7.65962],[-37.75692,-7.64909],[-37.7525,-7.64669],[-37.75273,-7.64056],[-37.74245,-7.63344]]}},{"type":"Feature","properties":{"cota":900,"indice":false},"geometry":{"type":"LineString","coordinates":[[-37.74551,-7.65622],[-37.7455,-7.65621]]}},{"type":"Feature","properties":{"cota":800,"indice":false},"geometry":{"type":"LineString","coordinates":[[-37.79949,-7.61773],[-37.79675,-7.61924],[-37.79606,-7.62234],[-37.79949,-7.61773]]}},{"type":"Feature","properties":{"cota":800,"indice":false},"geometry":{"type":"MultiLineString","coordinates":[[[-37.75829,-7.60166],[-37.7557,-7.60313],[-37.75535,-7.60721],[-37.751,-7.61465]],[[-37.75243,-7.62611],[-37.75457,-7.63035],[-37.76221,-7.61062],[-37.76722,-7.60996],[-37.76748,-7.60381],[-37.76104,-7.6065],[-37.75829,-7.60166]]]}},{"type":"Feature","properties":{"cota":700,"indice":false},"geometry":{"type":"LineString","coordinates":[[-37.8455,-7.57645],[-37.84187,-7.57863],[-37.84481,-7.58203],[-37.8455,-7.57645]]}},{"type":"Feature","properties":{"cota":600,"indice":false},"geometry":{"type":"LineString","coordinates":[[-37.89974,-7.54932],[-37.89828,-7.55072],[-37.90112,-7.55192],[-37.89974,-7.54932]]}},{"type":"Feature","properties":{"cota":700,"indice":false},"geometry":{"type":"LineString","coordinates":[[-37.80293,-7.54182],[-37.79705,-7.54663],[-37.80638,-7.54936],[-37.80783,-7.54663],[-37.80293,-7.54182]]}},{"type":"Feature","properties":{"cota":700,"indice":false},"geometry":{"type":"LineString","coordinates":[[-37.78645,-7.52892],[-37.7844,-7.53302],[-37.78919,-7.53397],[-37.78955,-7.53098],[-37.78645,-7.52892]]}},{"type":"Feature","properties":{"cota":600,"indice":false},"geometry":{"type":"LineString","coordinates":[[-37.86472,-7.50432],[-37.86241,-7.50511],[-37.86472,-7.50787],[-37.8669,-7.50579],[-37.86472,-7.50432]]}},{"type":"Feature","properties":{"cota":600,"indice":false},"geometry":{"type":"LineString","coordinates":[[-37.8867,-7.48856],[-37.88516,-7.48877],[-37.88653,-7.49081],[-37.89425,-7.49422],[-37.8867,-7.48856]]}},{"type":"Feature","properties":{"cota":600,"indice":false},"geometry":{"type":"LineString","coordinates":[[-37.82284,-7.48449],[-37.82094,-7.48469],[-37.82284,-7.48774],[-37.82284,-7.48449]]}},{"type":"Feature","properties":{"cota":500,"indice":true},"geometry":{"type":"LineString","coordinates":[[-37.89906,-7.47537],[-37.89974,-7.47981],[-37.8972,-7.47788],[-37.89906,-7.47537]]}},{"type":"Feature","properties":{"cota":800,"indice":false},"geometry":{"type":"MultiLineString","coordinates":[[[-37.74662,-7.57572],[-37.74287,-7.57795],[-37.74603,-7.58203],[-37.74532,-7.58475],[-37.73373,-7.59402]],[[-37.74469,-7.60648],[-37.74646,-7.60177],[-37.74593,-7.59413],[-37.75143,-7.59298],[-37.7528,-7.58828],[-37.76241,-7.58924],[-37.76637,-7.58679],[-37.76748,-7.58339],[-37.76447,-7.57761],[-37.76035,-7.57747],[-37.75211,-7.58126],[-37.74662,-7.57572]]]}},{"type":"Feature","properties":{"cota":800,"indice":false},"geometry":{"type":"MultiLineString","coordinates":[[[-37.7219,-7.5793],[-37.71951,-7.5803]],[[-37.72304,-7.58014],[-37.7219,-7.5793]]]}},{"type":"Feature","properties":{"cota":800,"indice":false},"geometry":{"type":"MultiLineString","coordinates":[[[-37.71229,-7.56432],[-37.70895,-7.56398]],[[-37.71505,-7.57811],[-37.71858,-7.5725],[-37.71499,-7.5691],[-37.71559,-7.56569],[-37.71229,-7.56432]]]}},{"type":"Feature","properties":{"cota":800,"indice":false},"geometry":{"type":"LineString","coordinates":[[-37.65244,-7.52723],[-37.64907,-7.52894],[-37.65048,-7.52947]]}},{"type":"Feature","properties":{"cota":800,"indice":false},"geometry":{"type":"MultiLineString","coordinates":[[[-37.64088,-7.52394],[-37.63126,-7.52981],[-37.63221,-7.53197]],[[-37.63451,-7.53129],[-37.6414,-7.52689],[-37.64088,-7.52394]]]}},{"type":"Feature","properties":{"cota":800,"indice":false},"geometry":{"type":"MultiLineString","coordinates":[[[-37.6189,-7.52138],[-37.61621,-7.52212]],[[-37.62557,-7.52897],[-37.6189,-7.52138]]]}},{"type":"Feature","properties":{"cota":800,"indice":false},"geometry":{"type":"LineString","coordinates":[[-37.66148,-7.49625],[-37.65461,-7.50169],[-37.6498,-7.49608],[-37.65027,-7.49966],[-37.64823,-7.50307],[-37.64945,-7.50511],[-37.65461,-7.50523],[-37.66018,-7.51464],[-37.65994,-7.52077],[-37.66216,-7.52088],[-37.66903,-7.5147],[-37.67384,-7.51647],[-37.67796,-7.51546],[-37.67727,-7.51321],[-37.67221,-7.5126],[-37.67148,-7.50783],[-37.6656,-7.50459],[-37.6657,-7.49966],[-37.66148,-7.49625]]}},{"type":"Feature","properties":{"cota":700,"indice":false},"geometry":{"type":"MultiLineString","coordinates":[[[-37.21035,-7.19865],[-37.20473,-7.20411],[-37.20417,-7.20882],[-37.19009,-7.21637],[-37.1859,-7.22591],[-37.1919,-7.22863],[-37.18641,-7.23476],[-37.18686,-7.23749],[-37.20365,-7.24907],[-37.20549,-7.25656],[-37.20265,-7.26065],[-37.20438,-7.26814],[-37.18999,-7.2695],[-37.19593,-7.27327],[-37.19414,-7.27631],[-37.19662,-7.27981],[-37.20417,-7.28077],[-37.21236,-7.28653],[-37.20898,-7.28897],[-37.20079,-7.28857],[-37.1973,-7.29067],[-37.18975,-7.28689],[-37.18354,-7.29538],[-37.18476,-7.29879],[-37.18304,-7.30015],[-37.18014,-7.30077],[-37.17691,-7.29607],[-37.17327,-7.29554],[-37.15885,-7.30218],[-37.16043,-7.30492],[-37.16823,-7.30833],[-37.15612,-7.31105],[-37.15537,-7.31445],[-37.15866,-7.31718],[-37.15522,-7.32058],[-37.16141,-7.32331],[-37.16645,-7.33293]],[[-37.16196,-7.33546],[-37.15748,-7.32939],[-37.15336,-7.32803],[-37.15061,-7.33094],[-37.13963,-7.33247],[-37.13869,-7.33489],[-37.14283,-7.33752]],[[-37.99619,-7.77896],[-37.99931,-7.77465],[-38.0025,-7.77855]],[[-38.00677,-7.77248],[-37.99791,-7.76712],[-37.99924,-7.75964],[-38.01064,-7.74875],[-38.00892,-7.73349],[-38.0048,-7.73571],[-38.00587,-7.74603],[-37.99907,-7.74943],[-37.99825,-7.75828],[-37.98557,-7.76184],[-37.9839,-7.75896],[-37.9868,-7.7542],[-37.98121,-7.75011],[-37.97802,-7.73241],[-37.9725,-7.73787],[-37.97506,-7.74399],[-37.9739,-7.74787],[-37.96481,-7.73515],[-37.96772,-7.7265],[-37.96075,-7.73242],[-37.95261,-7.73139],[-37.95742,-7.72481],[-37.96085,-7.72354],[-37.96071,-7.7195],[-37.9636,-7.71805],[-37.95948,-7.71343],[-37.9471,-7.71065],[-37.94787,-7.70657],[-37.94481,-7.70521],[-37.94309,-7.70113],[-37.94437,-7.69987],[-37.95193,-7.70546],[-37.9636,-7.70668],[-37.97047,-7.71338],[-37.97871,-7.70968],[-37.98283,-7.71283],[-37.98674,-7.70997],[-37.98634,-7.70589],[-37.98923,-7.70249],[-37.98893,-7.69772],[-37.98362,-7.69296],[-37.98653,-7.68547],[-37.98264,-7.67663],[-37.97253,-7.6703],[-37.9636,-7.66756],[-37.95055,-7.68126],[-37.93997,-7.68139],[-37.94712,-7.67155],[-37.95403,-7.67118],[-37.95023,-7.66098],[-37.9557,-7.66098],[-37.95594,-7.65825],[-37.95177,-7.65281],[-37.95673,-7.65027],[-37.9607,-7.65689],[-37.96566,-7.65814],[-37.96867,-7.64873],[-37.97253,-7.65072],[-37.97527,-7.64552],[-37.97801,-7.65009],[-37.98241,-7.65281],[-37.97871,-7.65484],[-37.97555,-7.66098],[-37.97685,-7.66438],[-37.98283,-7.66554],[-37.98832,-7.66316],[-37.99519,-7.66615],[-37.99899,-7.66438],[-37.99583,-7.65077],[-37.99852,-7.64805],[-37.99795,-7.64328],[-38.0048,-7.64228],[-38.00749,-7.63307],[-38.00631,-7.62491],[-37.99862,-7.62144],[-37.99875,-7.62831],[-37.99587,-7.63098],[-37.99175,-7.62662],[-37.98873,-7.62695],[-37.98868,-7.62287],[-37.98067,-7.61878],[-37.98763,-7.61752],[-37.9868,-7.61334],[-37.97292,-7.60449],[-37.96892,-7.59836],[-37.97253,-7.59769],[-37.99038,-7.6051],[-37.99158,-7.60381],[-37.99009,-7.59836],[-37.99518,-7.59428],[-37.99297,-7.58884],[-37.99509,-7.58543],[-37.98763,-7.5831],[-37.98557,-7.58867],[-37.97871,-7.58779],[-37.96703,-7.58328],[-37.96429,-7.57852],[-37.95538,-7.57863],[-37.94932,-7.57046],[-37.94302,-7.57182],[-37.95478,-7.58543],[-37.96295,-7.59156],[-37.96243,-7.59428],[-37.95879,-7.59493],[-37.9533,-7.58577],[-37.94437,-7.58207],[-37.94133,-7.58271],[-37.94538,-7.58816],[-37.94555,-7.59428],[-37.95169,-7.60109],[-37.95605,-7.61426],[-37.96017,-7.61371],[-37.96492,-7.6215],[-37.95605,-7.62572],[-37.95879,-7.63658],[-37.94684,-7.62967],[-37.94666,-7.63307],[-37.95062,-7.63988],[-37.94643,-7.64224],[-37.94231,-7.63928],[-37.93339,-7.63809],[-37.92583,-7.62952],[-37.9224,-7.63209],[-37.91416,-7.61892],[-37.90798,-7.61504],[-37.90524,-7.60721],[-37.90336,-7.60789],[-37.9018,-7.6132],[-37.89837,-7.60958],[-37.89631,-7.61011],[-37.89614,-7.6181],[-37.89219,-7.62101],[-37.89126,-7.61674],[-37.88464,-7.61281],[-37.87983,-7.61686],[-37.87434,-7.61691],[-37.86934,-7.61402],[-37.86541,-7.61532],[-37.86486,-7.61334],[-37.86834,-7.60993],[-37.86611,-7.60381],[-37.85709,-7.60313],[-37.86297,-7.59224],[-37.8558,-7.58907],[-37.8467,-7.58816],[-37.84581,-7.59428],[-37.84151,-7.60041],[-37.84268,-7.60449],[-37.84587,-7.60653],[-37.84442,-7.61266],[-37.83932,-7.61201],[-37.83588,-7.61605],[-37.83022,-7.61062],[-37.83109,-7.60721],[-37.82878,-7.60449],[-37.82855,-7.59905],[-37.81174,-7.58475],[-37.81369,-7.58067],[-37.81254,-7.5777],[-37.794,-7.57206],[-37.79259,-7.56706],[-37.78555,-7.56501],[-37.77821,-7.55215],[-37.76928,-7.55142],[-37.76097,-7.5548],[-37.76467,-7.5514],[-37.76632,-7.54595],[-37.75968,-7.54187],[-37.76447,-7.54142],[-37.76653,-7.53907],[-37.7734,-7.54079],[-37.77379,-7.53915],[-37.76928,-7.53443],[-37.77546,-7.53617],[-37.77801,-7.53506],[-37.77771,-7.53234],[-37.77385,-7.52894],[-37.77937,-7.52281],[-37.77546,-7.51781],[-37.77065,-7.51709],[-37.76241,-7.50896],[-37.75692,-7.51332],[-37.74937,-7.51111],[-37.73769,-7.51516],[-37.73151,-7.51463],[-37.73079,-7.52009],[-37.72566,-7.52145],[-37.72367,-7.52485],[-37.72998,-7.53098],[-37.72533,-7.53287],[-37.72121,-7.53129],[-37.71847,-7.53323],[-37.71062,-7.52689],[-37.71541,-7.52349],[-37.71325,-7.52077],[-37.71366,-7.51485],[-37.70817,-7.51625],[-37.70542,-7.52071],[-37.70005,-7.51464],[-37.70267,-7.5072],[-37.72808,-7.49939],[-37.72839,-7.48945],[-37.72673,-7.48605],[-37.72808,-7.48516],[-37.73701,-7.48888],[-37.7385,-7.48673],[-37.73734,-7.48264],[-37.73952,-7.48128],[-37.73769,-7.47586],[-37.73412,-7.47992],[-37.72327,-7.47969],[-37.72256,-7.47516],[-37.72624,-7.47311],[-37.72396,-7.46995],[-37.71502,-7.47243],[-37.71615,-7.4663],[-37.71176,-7.4595],[-37.71286,-7.45337],[-37.71091,-7.45081],[-37.70814,-7.45201],[-37.70602,-7.46358],[-37.7003,-7.46835],[-37.69718,-7.47703],[-37.69296,-7.46767],[-37.69222,-7.45745],[-37.68345,-7.454],[-37.67315,-7.46047],[-37.66766,-7.45208],[-37.65942,-7.45597],[-37.65324,-7.45335],[-37.65157,-7.45609],[-37.65215,-7.46086],[-37.64568,-7.46372],[-37.64019,-7.47333],[-37.63401,-7.47505],[-37.63126,-7.47851],[-37.62577,-7.47651],[-37.62396,-7.48673],[-37.62234,-7.4878],[-37.61771,-7.48673],[-37.61478,-7.48341],[-37.61066,-7.48691],[-37.60841,-7.48401],[-37.60792,-7.4778],[-37.60105,-7.47483],[-37.59487,-7.4748],[-37.59075,-7.46963],[-37.5832,-7.47647],[-37.57965,-7.46903],[-37.57084,-7.46629],[-37.56733,-7.4629],[-37.58663,-7.46301],[-37.59624,-7.46496],[-37.60105,-7.46028],[-37.61616,-7.46097],[-37.61753,-7.46594],[-37.62508,-7.46504],[-37.62466,-7.4595],[-37.63132,-7.44928],[-37.62646,-7.44882],[-37.62568,-7.4452],[-37.61425,-7.43907],[-37.62798,-7.44248],[-37.63038,-7.44043],[-37.62862,-7.43567],[-37.6347,-7.43304],[-37.64294,-7.43382],[-37.64431,-7.43766],[-37.64774,-7.43819],[-37.65252,-7.43226],[-37.65736,-7.43136],[-37.65939,-7.42341],[-37.66542,-7.41864],[-37.66148,-7.41244],[-37.6553,-7.41548],[-37.6556,-7.41184],[-37.65944,-7.40843],[-37.65924,-7.40435],[-37.66388,-7.4023],[-37.66354,-7.39752],[-37.6656,-7.3943],[-37.66834,-7.39371],[-37.67315,-7.39624],[-37.67579,-7.39277],[-37.66697,-7.38798],[-37.66285,-7.3929],[-37.65598,-7.39356],[-37.65514,-7.38868],[-37.66164,-7.38324],[-37.65944,-7.37847],[-37.66166,-7.37506],[-37.65667,-7.37876],[-37.64843,-7.37873],[-37.64882,-7.3737],[-37.64673,-7.36826],[-37.64431,-7.36734],[-37.64137,-7.36826],[-37.64255,-7.37098],[-37.64027,-7.37506],[-37.63582,-7.37643],[-37.63492,-7.3846],[-37.62989,-7.38986],[-37.62779,-7.38664],[-37.6298,-7.37438],[-37.62783,-7.37335],[-37.61926,-7.37575],[-37.61602,-7.37234],[-37.61753,-7.36504],[-37.61135,-7.36758],[-37.60929,-7.36549],[-37.60484,-7.36757],[-37.6055,-7.36962],[-37.60934,-7.37098],[-37.61021,-7.37506],[-37.60764,-7.38051],[-37.61086,-7.388],[-37.60977,-7.39754],[-37.60448,-7.40626],[-37.59556,-7.40761],[-37.59247,-7.40571],[-37.59879,-7.39617],[-37.597,-7.38528],[-37.59144,-7.38453],[-37.58595,-7.38868],[-37.58183,-7.38029],[-37.5729,-7.37364],[-37.55961,-7.37506],[-37.55848,-7.3819],[-37.55024,-7.38327],[-37.54962,-7.388],[-37.53582,-7.39322],[-37.53117,-7.39686],[-37.53101,-7.3993],[-37.53021,-7.39481],[-37.54026,-7.3846],[-37.5367,-7.38051],[-37.54131,-7.37673],[-37.54543,-7.3776],[-37.55505,-7.37475],[-37.56639,-7.35872],[-37.56649,-7.35191],[-37.57277,-7.34783],[-37.57565,-7.34246],[-37.58145,-7.3417],[-37.57702,-7.331],[-37.57221,-7.33281],[-37.56878,-7.32652],[-37.56098,-7.32195],[-37.55917,-7.31558],[-37.56535,-7.31617],[-37.56806,-7.31105],[-37.56397,-7.31052],[-37.5523,-7.29293],[-37.53885,-7.28721],[-37.53377,-7.29402],[-37.53645,-7.29879],[-37.54269,-7.30248],[-37.542,-7.30511],[-37.52924,-7.29947],[-37.52552,-7.29584],[-37.52281,-7.29947],[-37.51797,-7.3009],[-37.51426,-7.29811],[-37.51179,-7.29871],[-37.50984,-7.3022],[-37.51074,-7.30696],[-37.50767,-7.30969],[-37.49393,-7.3114],[-37.49161,-7.31037],[-37.49325,-7.30348],[-37.48707,-7.30505],[-37.47814,-7.30004],[-37.47624,-7.3022],[-37.47915,-7.30833],[-37.46981,-7.31105],[-37.47231,-7.31854],[-37.4651,-7.32181],[-37.45892,-7.32138],[-37.45754,-7.31719],[-37.44627,-7.32058],[-37.44524,-7.31309],[-37.44805,-7.31037],[-37.44199,-7.30969],[-37.44106,-7.3054],[-37.43145,-7.30795],[-37.42218,-7.30628],[-37.41909,-7.30886],[-37.41497,-7.30784],[-37.41085,-7.31038],[-37.39986,-7.31042],[-37.39643,-7.31336],[-37.39368,-7.31058],[-37.38956,-7.31204],[-37.38407,-7.30706],[-37.38956,-7.30723],[-37.3978,-7.30198],[-37.41232,-7.29811],[-37.41981,-7.28926],[-37.4188,-7.28517],[-37.42116,-7.27972],[-37.42051,-7.27563],[-37.41227,-7.2661],[-37.40561,-7.25384],[-37.39766,-7.24771],[-37.4081,-7.24572],[-37.41291,-7.24991],[-37.41634,-7.2496],[-37.41909,-7.24329],[-37.4136,-7.23656],[-37.39918,-7.23473],[-37.39918,-7.2387],[-37.39231,-7.24011],[-37.3901,-7.23681],[-37.37832,-7.23],[-37.37849,-7.22591],[-37.37103,-7.22212],[-37.36485,-7.21563],[-37.35935,-7.21658],[-37.3518,-7.21168],[-37.34768,-7.21124],[-37.34013,-7.20529],[-37.32708,-7.20383],[-37.31609,-7.20733],[-37.30785,-7.20636],[-37.30305,-7.21159],[-37.29824,-7.20625],[-37.29206,-7.20621],[-37.28835,-7.2082],[-37.28685,-7.21092],[-37.30531,-7.23476],[-37.30373,-7.23962],[-37.30003,-7.23476],[-37.29137,-7.22984],[-37.28519,-7.232],[-37.28245,-7.23604],[-37.27469,-7.22046],[-37.26775,-7.21842],[-37.26529,-7.2116],[-37.26699,-7.20752],[-37.26548,-7.20547],[-37.25155,-7.20053],[-37.24606,-7.20086],[-37.24154,-7.20343],[-37.23782,-7.21016],[-37.2179,-7.21342],[-37.22202,-7.20443],[-37.21035,-7.19865]]]}},{"type":"Feature","properties":{"cota":600,"indice":false},"geometry":{"type":"LineString","coordinates":[[-37.89425,-7.47146],[-37.89098,-7.47243],[-37.89219,-7.4752],[-37.89425,-7.47146]]}},{"type":"Feature","properties":{"cota":500,"indice":true},"geometry":{"type":"LineString","coordinates":[[-37.9018,-7.44041],[-37.89707,-7.44043],[-37.90089,-7.4452],[-37.9073,-7.44863],[-37.9018,-7.44041]]}},{"type":"Feature","properties":{"cota":500,"indice":true},"geometry":{"type":"LineString","coordinates":[[-37.88807,-7.42929],[-37.88655,-7.4309],[-37.89219,-7.43575],[-37.89356,-7.43144],[-37.88807,-7.42929]]}},{"type":"Feature","properties":{"cota":400,"indice":false},"geometry":{"type":"LineString","coordinates":[[-37.90661,-7.43018],[-37.90222,-7.43158],[-37.91073,-7.43331],[-37.90661,-7.43018]]}},{"type":"Feature","properties":{"cota":600,"indice":false},"geometry":{"type":"LineString","coordinates":[[-37.79881,-7.4145],[-37.79266,-7.41728],[-37.79196,-7.42886],[-37.794,-7.43365],[-37.80224,-7.44019],[-37.80719,-7.43635],[-37.80996,-7.42069],[-37.80842,-7.41862],[-37.80772,-7.42137],[-37.79879,-7.42341],[-37.80023,-7.41933],[-37.79881,-7.4145]]}},{"type":"Feature","properties":{"cota":600,"indice":false},"geometry":{"type":"LineString","coordinates":[[-37.8297,-7.40276],[-37.82735,-7.40298],[-37.82337,-7.40843],[-37.82538,-7.4132],[-37.8506,-7.43499],[-37.86816,-7.44495],[-37.8915,-7.45067],[-37.87983,-7.44216],[-37.87103,-7.44111],[-37.86747,-7.43593],[-37.86129,-7.43181],[-37.85801,-7.42613],[-37.85374,-7.42413],[-37.8503,-7.41943],[-37.84687,-7.41896],[-37.84501,-7.41388],[-37.84069,-7.41177],[-37.83726,-7.41268],[-37.83451,-7.40849],[-37.83108,-7.40819],[-37.8297,-7.40276]]}},{"type":"Feature","properties":{"cota":500,"indice":true},"geometry":{"type":"LineString","coordinates":[[-37.87502,-7.40928],[-37.8709,-7.41019],[-37.86802,-7.41592],[-37.87983,-7.42415],[-37.88128,-7.42069],[-37.87502,-7.40928]]}},{"type":"Feature","properties":{"cota":500,"indice":true},"geometry":{"type":"LineString","coordinates":[[-37.75692,-7.41382],[-37.75596,-7.4166],[-37.75898,-7.41864],[-37.75692,-7.41382]]}},{"type":"Feature","properties":{"cota":600,"indice":false},"geometry":{"type":"LineString","coordinates":[[-37.79057,-7.40617],[-37.78766,-7.40707],[-37.78919,-7.41027],[-37.79095,-7.40911],[-37.79057,-7.40617]]}},{"type":"Feature","properties":{"cota":500,"indice":true},"geometry":{"type":"LineString","coordinates":[[-37.85854,-7.39545],[-37.85688,-7.39686],[-37.85952,-7.40162],[-37.85857,-7.40571],[-37.86404,-7.40701],[-37.8661,-7.40514],[-37.86641,-7.40094],[-37.85854,-7.39545]]}},{"type":"Feature","properties":{"cota":800,"indice":false},"geometry":{"type":"MultiLineString","coordinates":[[[-37.6086,-7.50304],[-37.60079,-7.50453]],[[-37.6103,-7.51131],[-37.6157,-7.51056],[-37.61228,-7.50511],[-37.6086,-7.50304]]]}},{"type":"Feature","properties":{"cota":800,"indice":false},"geometry":{"type":"LineString","coordinates":[[-37.64362,-7.40761],[-37.64055,-7.41047],[-37.645,-7.41265],[-37.6462,-7.40979],[-37.64362,-7.40761]]}},{"type":"Feature","properties":{"cota":700,"indice":false},"geometry":{"type":"LineString","coordinates":[[-37.6807,-7.35143],[-37.67521,-7.35311],[-37.66574,-7.3703],[-37.67109,-7.37271],[-37.6759,-7.36934],[-37.6807,-7.373],[-37.68482,-7.37033],[-37.69032,-7.37455],[-37.69393,-7.3703],[-37.69418,-7.36689],[-37.691,-7.36162],[-37.6862,-7.35989],[-37.685,-7.356],[-37.68139,-7.35621],[-37.6807,-7.35143]]}},{"type":"Feature","properties":{"cota":700,"indice":false},"geometry":{"type":"LineString","coordinates":[[-37.65255,-7.3519],[-37.65107,-7.35395],[-37.65324,-7.35653],[-37.65255,-7.3519]]}},{"type":"Feature","properties":{"cota":600,"indice":false},"geometry":{"type":"LineString","coordinates":[[-37.69306,-7.32934],[-37.691,-7.32905],[-37.69008,-7.33216],[-37.69455,-7.33557],[-37.69504,-7.34442],[-37.70275,-7.36076],[-37.70679,-7.37527],[-37.71023,-7.377],[-37.71709,-7.37652],[-37.72259,-7.37158],[-37.72671,-7.37262],[-37.73245,-7.36417],[-37.72739,-7.3543],[-37.72121,-7.34683],[-37.69306,-7.32934]]}},{"type":"Feature","properties":{"cota":700,"indice":false},"geometry":{"type":"LineString","coordinates":[[-37.68208,-7.3447],[-37.68139,-7.34625],[-37.68345,-7.34727],[-37.68208,-7.3447]]}},{"type":"Feature","properties":{"cota":300,"indice":false},"geometry":{"type":"LineString","coordinates":[[-37.75898,-7.32726],[-37.76099,-7.33216],[-37.75389,-7.33693],[-37.75563,-7.3451],[-37.75487,-7.35464],[-37.74456,-7.35688],[-37.75027,-7.34783],[-37.74791,-7.33965],[-37.75524,-7.33216],[-37.75503,-7.32808],[-37.75898,-7.32726]]}},{"type":"Feature","properties":{"cota":500,"indice":true},"geometry":{"type":"LineString","coordinates":[[-37.67727,-7.32245],[-37.67485,-7.32263],[-37.67727,-7.32437],[-37.67727,-7.32245]]}},{"type":"Feature","properties":{"cota":400,"indice":false},"geometry":{"type":"LineString","coordinates":[[-37.60792,-7.31204],[-37.60271,-7.31718],[-37.6038,-7.32108],[-37.60788,-7.31854],[-37.60792,-7.31204]]}},{"type":"Feature","properties":{"cota":300,"indice":false},"geometry":{"type":"LineString","coordinates":[[-37.70885,-7.30057],[-37.71229,-7.30634],[-37.70817,-7.30416],[-37.70687,-7.30151],[-37.70885,-7.30057]]}},{"type":"Feature","properties":{"cota":800,"indice":false},"geometry":{"type":"LineString","coordinates":[[-37.55917,-7.40056],[-37.55637,-7.40435],[-37.55712,-7.40911],[-37.55526,-7.41252],[-37.55779,-7.41605],[-37.56466,-7.41574],[-37.58045,-7.41916],[-37.58921,-7.41728],[-37.58692,-7.40979],[-37.5832,-7.40679],[-37.57153,-7.41013],[-37.56123,-7.404],[-37.55917,-7.40056]]}},{"type":"Feature","properties":{"cota":800,"indice":false},"geometry":{"type":"MultiLineString","coordinates":[[[-37.53101,-7.3047],[-37.52209,-7.30495],[-37.52181,-7.30901],[-37.51797,-7.31307],[-37.51385,-7.30917],[-37.50629,-7.31404],[-37.50011,-7.3128],[-37.49187,-7.31476],[-37.48501,-7.31218],[-37.48211,-7.31445],[-37.48226,-7.31639],[-37.48707,-7.31956],[-37.50011,-7.327],[-37.50904,-7.32835],[-37.50973,-7.33048],[-37.50492,-7.33163],[-37.5008,-7.32776],[-37.49187,-7.32981],[-37.48638,-7.32726],[-37.48401,-7.32808],[-37.48226,-7.3319],[-37.47677,-7.32786],[-37.47423,-7.33148],[-37.47265,-7.34176],[-37.46716,-7.339],[-37.46166,-7.34149],[-37.45274,-7.3389],[-37.44724,-7.34368],[-37.44244,-7.34006],[-37.43623,-7.34306],[-37.43778,-7.34783],[-37.43488,-7.35104],[-37.43162,-7.34578],[-37.4239,-7.34597],[-37.41634,-7.34061],[-37.41319,-7.34374],[-37.41761,-7.35123],[-37.4136,-7.35511],[-37.40467,-7.35046],[-37.3978,-7.35633],[-37.39162,-7.35457],[-37.38772,-7.35712]],[[-37.53235,-7.47187],[-37.5339,-7.47175],[-37.53189,-7.46699],[-37.53357,-7.4629],[-37.5334,-7.45065],[-37.53852,-7.44928],[-37.53963,-7.44724],[-37.53445,-7.44059],[-37.54269,-7.44064],[-37.54612,-7.44305],[-37.55152,-7.44111],[-37.54372,-7.43771],[-37.54287,-7.43158],[-37.53857,-7.42856],[-37.53239,-7.42876],[-37.52655,-7.43226],[-37.52237,-7.44054]],[[-37.51727,-7.43566],[-37.52209,-7.41885],[-37.51934,-7.41532],[-37.51247,-7.41922],[-37.50904,-7.4171],[-37.50725,-7.41456],[-37.50767,-7.40959],[-37.49823,-7.40435],[-37.50206,-7.39958],[-37.49791,-7.39481],[-37.49402,-7.39345],[-37.49369,-7.39141],[-37.49599,-7.38782],[-37.51041,-7.38056],[-37.50842,-7.37643],[-37.51364,-7.36962],[-37.51351,-7.36417],[-37.51728,-7.36306],[-37.52397,-7.36621],[-37.52621,-7.36979],[-37.52814,-7.36621],[-37.53376,-7.3642],[-37.5353,-7.35804],[-37.52895,-7.35641],[-37.52815,-7.35464],[-37.52897,-7.35123],[-37.53483,-7.3451],[-37.5344,-7.33761],[-37.53994,-7.33318],[-37.54406,-7.33624],[-37.54749,-7.33582],[-37.55093,-7.3392],[-37.55628,-7.33489],[-37.55367,-7.33027],[-37.54902,-7.32944],[-37.54926,-7.32263],[-37.54572,-7.3165],[-37.54269,-7.31406],[-37.53925,-7.31468],[-37.53809,-7.30833],[-37.53101,-7.3047]]]}},{"type":"Feature","properties":{"cota":700,"indice":false},"geometry":{"type":"LineString","coordinates":[[-37.58251,-7.32931],[-37.57806,-7.3308],[-37.58535,-7.33352],[-37.58251,-7.32931]]}},{"type":"Feature","properties":{"cota":900,"indice":false},"geometry":{"type":"LineString","coordinates":[[-37.53239,-7.31167],[-37.52621,-7.31218],[-37.51797,-7.31708],[-37.51247,-7.31557],[-37.50481,-7.31786],[-37.51385,-7.31863],[-37.52415,-7.32246],[-37.52895,-7.3218],[-37.52964,-7.32933],[-37.53239,-7.32665],[-37.53709,-7.32603],[-37.53262,-7.32058],[-37.53387,-7.31445],[-37.53239,-7.31167]]}},{"type":"Feature","properties":{"cota":700,"indice":false},"geometry":{"type":"LineString","coordinates":[[-37.44656,-7.29597],[-37.44248,-7.29607],[-37.44043,-7.29879],[-37.44518,-7.30342],[-37.44812,-7.30083],[-37.44656,-7.29597]]}},{"type":"Feature","properties":{"cota":600,"indice":false},"geometry":{"type":"LineString","coordinates":[[-37.43832,-7.27879],[-37.43622,-7.2804],[-37.439,-7.28268],[-37.43832,-7.27879]]}},{"type":"Feature","properties":{"cota":400,"indice":false},"geometry":{"type":"LineString","coordinates":[[-37.5832,-7.27752],[-37.58389,-7.28111],[-37.58521,-7.27972],[-37.5832,-7.27752]]}},{"type":"Feature","properties":{"cota":800,"indice":false},"geometry":{"type":"LineString","coordinates":[[-37.41772,-7.27552],[-37.41426,-7.277],[-37.41497,-7.28036],[-37.4184,-7.27902],[-37.41772,-7.27552]]}},{"type":"Feature","properties":{"cota":700,"indice":false},"geometry":{"type":"LineString","coordinates":[[-36.81278,-7.52412],[-36.80901,-7.52689],[-36.81347,-7.53041],[-36.8174,-7.54051],[-36.82209,-7.54255],[-36.8224,-7.53541],[-36.82652,-7.53232],[-36.82701,-7.52962],[-36.81278,-7.52412]]}},{"type":"Feature","properties":{"cota":800,"indice":false},"geometry":{"type":"LineString","coordinates":[[-36.82102,-7.52952],[-36.81769,-7.5303],[-36.81896,-7.53312],[-36.82237,-7.53098],[-36.82102,-7.52952]]}},{"type":"Feature","properties":{"cota":700,"indice":false},"geometry":{"type":"LineString","coordinates":[[-36.77296,-7.50842],[-36.77081,-7.51464],[-36.77433,-7.51653],[-36.77586,-7.51192],[-36.77296,-7.50842]]}},{"type":"Feature","properties":{"cota":700,"indice":false},"geometry":{"type":"LineString","coordinates":[[-36.91784,-7.50707],[-36.91715,-7.50938],[-36.92168,-7.51464],[-36.91784,-7.50707]]}},{"type":"Feature","properties":{"cota":700,"indice":false},"geometry":{"type":"LineString","coordinates":[[-36.84093,-7.49693],[-36.83729,-7.50239],[-36.83887,-7.50434],[-36.84117,-7.50375],[-36.84267,-7.49966],[-36.84093,-7.49693]]}},{"type":"Feature","properties":{"cota":700,"indice":false},"geometry":{"type":"MultiLineString","coordinates":[[[-36.98719,-7.46888],[-36.98216,-7.47311],[-36.98212,-7.47788],[-36.9762,-7.48135],[-36.97071,-7.47682],[-36.96453,-7.4751],[-36.95835,-7.47658],[-36.95286,-7.47542],[-36.9508,-7.47814],[-36.9453,-7.4727],[-36.93363,-7.47331],[-36.92883,-7.47717],[-36.91715,-7.47693],[-36.91509,-7.47949],[-36.91097,-7.47596],[-36.90933,-7.4772],[-36.91262,-7.48605],[-36.91647,-7.48783],[-36.92132,-7.4949],[-36.91773,-7.49694],[-36.91921,-7.50416],[-36.92539,-7.5058],[-36.92551,-7.49898],[-36.9311,-7.4983],[-36.93819,-7.51192],[-36.94942,-7.51706],[-36.95785,-7.52826],[-36.96796,-7.53194],[-36.96978,-7.53098],[-36.96702,-7.52553],[-36.96867,-7.52213],[-36.96667,-7.51804],[-36.96038,-7.516],[-36.95237,-7.50919],[-36.94435,-7.50579],[-36.9453,-7.5039],[-36.95178,-7.50239],[-36.9508,-7.4979],[-36.9556,-7.49697],[-36.95972,-7.49951],[-36.96384,-7.49819],[-36.96453,-7.49196],[-36.97346,-7.49829],[-36.97895,-7.49881],[-36.98513,-7.50322],[-36.98975,-7.50171],[-36.99131,-7.4968],[-36.9968,-7.50139],[-36.99705,-7.50511],[-36.99955,-7.50752],[-37.00746,-7.50443],[-37.00441,-7.50171],[-37.00755,-7.4983],[-37.00532,-7.49452]],[[-36.99079,-7.474],[-36.98719,-7.46888]]]}},{"type":"Feature","properties":{"cota":700,"indice":false},"geometry":{"type":"LineString","coordinates":[[-36.89037,-7.4744],[-36.88763,-7.47433],[-36.88557,-7.47834],[-36.88076,-7.47513],[-36.87718,-7.4806],[-36.88007,-7.48418],[-36.88828,-7.48741],[-36.88902,-7.48945],[-36.88522,-7.49286],[-36.89037,-7.49641],[-36.89206,-7.4949],[-36.89196,-7.49081],[-36.89573,-7.48809],[-36.89282,-7.48264],[-36.8939,-7.4772],[-36.89037,-7.4744]]}},{"type":"Feature","properties":{"cota":600,"indice":false},"geometry":{"type":"LineString","coordinates":[[-36.85329,-7.47142],[-36.85467,-7.47515],[-36.85329,-7.47142]]}},{"type":"Feature","properties":{"cota":700,"indice":false},"geometry":{"type":"LineString","coordinates":[[-36.86291,-7.43226],[-36.85392,-7.43362],[-36.86428,-7.44037],[-36.87071,-7.43907],[-36.86291,-7.43226]]}},{"type":"Feature","properties":{"cota":600,"indice":false},"geometry":{"type":"LineString","coordinates":[[-36.86497,-7.42885],[-36.85055,-7.42901],[-36.84896,-7.43158],[-36.85051,-7.43771],[-36.85604,-7.44204],[-36.86428,-7.44364],[-36.88145,-7.44287],[-36.87733,-7.43204],[-36.87321,-7.43268],[-36.86497,-7.42885]]}},{"type":"Feature","properties":{"cota":700,"indice":false},"geometry":{"type":"LineString","coordinates":[[-37.01672,-7.43962],[-37.01444,-7.44043],[-37.01534,-7.44315],[-37.01732,-7.44179],[-37.01672,-7.43962]]}},{"type":"Feature","properties":{"cota":700,"indice":false},"geometry":{"type":"LineString","coordinates":[[-37.01623,-7.43107],[-37.0174,-7.43343],[-37.02163,-7.43314]]}},{"type":"Feature","properties":{"cota":700,"indice":false},"geometry":{"type":"MultiLineString","coordinates":[[[-37.02152,-7.38929],[-37.0158,-7.39005],[-37.01294,-7.39277],[-37.01645,-7.39686],[-37.01635,-7.39983]],[[-37.02289,-7.39005],[-37.02152,-7.38929]]]}},{"type":"Feature","properties":{"cota":700,"indice":false},"geometry":{"type":"LineString","coordinates":[[-37.06203,-7.35179],[-37.05878,-7.35532],[-37.05929,-7.3586],[-37.06419,-7.356],[-37.06203,-7.35179]]}},{"type":"Feature","properties":{"cota":700,"indice":false},"geometry":{"type":"MultiLineString","coordinates":[[[-37.10804,-7.31648],[-37.10255,-7.31694],[-37.09498,-7.32467],[-37.09488,-7.33284],[-37.09086,-7.33625],[-37.0902,-7.3417],[-37.09442,-7.34374],[-37.09602,-7.34919],[-37.09019,-7.35412],[-37.08881,-7.34846],[-37.08332,-7.34902],[-37.08381,-7.3417],[-37.07989,-7.33783],[-37.0789,-7.34578],[-37.07404,-7.35464],[-37.07027,-7.35912],[-37.06615,-7.35964],[-37.05922,-7.36621],[-37.06409,-7.37119],[-37.06615,-7.368],[-37.07027,-7.36647],[-37.0718,-7.37131]],[[-37.11193,-7.35213],[-37.11147,-7.34906],[-37.10604,-7.34987],[-37.10656,-7.34442],[-37.10323,-7.34084],[-37.10255,-7.33621],[-37.09869,-7.33352],[-37.10181,-7.32603],[-37.10804,-7.32041],[-37.1138,-7.31854],[-37.10804,-7.31648]]]}},{"type":"Feature","properties":{"cota":700,"indice":false},"geometry":{"type":"MultiLineString","coordinates":[[[-37.12521,-7.34017],[-37.12177,-7.341],[-37.12078,-7.34578],[-37.12177,-7.3492],[-37.12421,-7.34809]],[[-37.13005,-7.34476],[-37.12521,-7.34017]]]}},{"type":"Feature","properties":{"cota":700,"indice":false},"geometry":{"type":"LineString","coordinates":[[-37.13413,-7.34166],[-37.13136,-7.34374],[-37.13413,-7.34344],[-37.13413,-7.34166]]}},{"type":"Feature","properties":{"cota":700,"indice":false},"geometry":{"type":"LineString","coordinates":[[-37.07165,-7.33618],[-37.06888,-7.33625],[-37.06677,-7.33965],[-37.07165,-7.34426],[-37.07294,-7.34238],[-37.07165,-7.33618]]}},{"type":"Feature","properties":{"cota":700,"indice":false},"geometry":{"type":"LineString","coordinates":[[-37.17052,-7.29194],[-37.16377,-7.29334],[-37.16915,-7.29419],[-37.17052,-7.29194]]}},{"type":"Feature","properties":{"cota":800,"indice":false},"geometry":{"type":"MultiLineString","coordinates":[[[-37.33326,-7.20612],[-37.32159,-7.2075],[-37.32113,-7.21228],[-37.30923,-7.20945],[-37.30839,-7.21433],[-37.29893,-7.21623],[-37.29728,-7.2191],[-37.30305,-7.2229],[-37.30419,-7.22727],[-37.30923,-7.2283],[-37.31884,-7.22198],[-37.32132,-7.22863],[-37.32614,-7.23204],[-37.33189,-7.24012],[-37.33738,-7.2385],[-37.34013,-7.24235],[-37.34493,-7.23919],[-37.34545,-7.24634],[-37.34815,-7.24975],[-37.34486,-7.25316],[-37.34756,-7.25792],[-37.34763,-7.26269],[-37.34493,-7.26278],[-37.34013,-7.25908],[-37.33189,-7.25874],[-37.32767,-7.25588],[-37.32572,-7.26269],[-37.33151,-7.26542],[-37.32981,-7.27291],[-37.32182,-7.28449],[-37.31747,-7.28754],[-37.31557,-7.28653],[-37.31403,-7.27771],[-37.30717,-7.28223],[-37.30305,-7.27824],[-37.3003,-7.27794],[-37.29618,-7.28382],[-37.29206,-7.27222],[-37.28451,-7.2758],[-37.28176,-7.2751],[-37.27901,-7.27],[-37.27511,-7.26882],[-37.27627,-7.26523],[-37.27215,-7.26514],[-37.2694,-7.26725],[-37.26737,-7.27223],[-37.26903,-7.27424]],[[-37.37793,-7.35314],[-37.37789,-7.34382],[-37.36828,-7.34223],[-37.36499,-7.33897],[-37.36422,-7.33489],[-37.36004,-7.33381],[-37.35867,-7.33148],[-37.36416,-7.32776],[-37.36965,-7.32957],[-37.37444,-7.3199],[-37.37783,-7.31786],[-37.3772,-7.31342],[-37.37559,-7.31037],[-37.37309,-7.30991],[-37.36622,-7.31557],[-37.36279,-7.31545],[-37.36094,-7.31377],[-37.36338,-7.30901],[-37.35729,-7.30385],[-37.35238,-7.30356],[-37.35249,-7.30075],[-37.35869,-7.29811],[-37.35434,-7.28857],[-37.35798,-7.28751],[-37.36279,-7.29093],[-37.36347,-7.28381],[-37.36141,-7.27952],[-37.35249,-7.27768],[-37.35073,-7.27427],[-37.35455,-7.27512],[-37.35729,-7.27152],[-37.37446,-7.27882],[-37.37687,-7.28176],[-37.37406,-7.28517],[-37.37583,-7.2878],[-37.38338,-7.28531],[-37.39986,-7.28857],[-37.40879,-7.28744],[-37.41016,-7.28449],[-37.40046,-7.28176],[-37.39368,-7.27677],[-37.38648,-7.27631],[-37.38301,-7.27291],[-37.36759,-7.26661],[-37.36016,-7.26133],[-37.38407,-7.26707],[-37.39712,-7.26754],[-37.39994,-7.27018],[-37.39774,-7.27427],[-37.40398,-7.2759],[-37.40917,-7.27359],[-37.41031,-7.27018],[-37.40846,-7.26473],[-37.40406,-7.26405],[-37.40188,-7.2552],[-37.38682,-7.24009],[-37.37509,-7.23204],[-37.37171,-7.2255],[-37.36759,-7.222],[-37.36485,-7.22217],[-37.36371,-7.22727],[-37.35935,-7.22783],[-37.35532,-7.22523],[-37.35477,-7.21842],[-37.3518,-7.21621],[-37.34894,-7.2191],[-37.34974,-7.22579],[-37.33204,-7.2225],[-37.33135,-7.22114],[-37.33865,-7.21773],[-37.33772,-7.21297],[-37.34242,-7.21024],[-37.33944,-7.2073],[-37.33326,-7.20612]]]}},{"type":"Feature","properties":{"cota":800,"indice":false},"geometry":{"type":"LineString","coordinates":[[-37.26528,-7.27128],[-37.26369,-7.27155],[-37.2646,-7.27331],[-37.26713,-7.27223],[-37.26528,-7.27128]]}},{"type":"Feature","properties":{"cota":700,"indice":false},"geometry":{"type":"LineString","coordinates":[[-37.18838,-7.25157],[-37.18297,-7.25452],[-37.18321,-7.25656],[-37.19387,-7.258],[-37.19387,-7.25531],[-37.18838,-7.25157]]}},{"type":"Feature","properties":{"cota":1100,"indice":false},"geometry":{"type":"LineString","coordinates":[[-37.38613,-7.25177],[-37.38141,-7.25179],[-37.38476,-7.25499],[-37.38766,-7.25384],[-37.38613,-7.25177]]}},{"type":"Feature","properties":{"cota":1000,"indice":true},"geometry":{"type":"LineString","coordinates":[[-37.37377,-7.24292],[-37.37194,-7.2443],[-37.37377,-7.25412],[-37.37926,-7.254],[-37.38407,-7.25808],[-37.3941,-7.25656],[-37.39116,-7.25179],[-37.37377,-7.24292]]}},{"type":"Feature","properties":{"cota":900,"indice":false},"geometry":{"type":"LineString","coordinates":[[-37.37377,-7.23602],[-37.36965,-7.23864],[-37.36347,-7.23812],[-37.36213,-7.24021],[-37.36347,-7.24243],[-37.36828,-7.24276],[-37.36916,-7.25247],[-37.37111,-7.2552],[-37.37446,-7.25716],[-37.37926,-7.25689],[-37.38407,-7.2613],[-37.39986,-7.25742],[-37.39231,-7.25018],[-37.37583,-7.24012],[-37.37377,-7.23602]]}},{"type":"Feature","properties":{"cota":600,"indice":false},"geometry":{"type":"LineString","coordinates":[[-36.89449,-7.38246],[-36.89108,-7.38392],[-36.89518,-7.38579],[-36.89671,-7.3846],[-36.89449,-7.38246]]}},{"type":"Feature","properties":{"cota":600,"indice":false},"geometry":{"type":"LineString","coordinates":[[-36.87664,-7.37967],[-36.87562,-7.38324],[-36.88351,-7.3872],[-36.88867,-7.38528],[-36.88694,-7.38222],[-36.88007,-7.38196],[-36.87664,-7.37967]]}},{"type":"Feature","properties":{"cota":600,"indice":false},"geometry":{"type":"LineString","coordinates":[[-36.93295,-7.22021],[-36.93363,-7.22314],[-36.93295,-7.22021]]}},{"type":"Feature","properties":{"cota":700,"indice":false},"geometry":{"type":"LineString","coordinates":[[-36.92059,-7.21418],[-36.91824,-7.21569],[-36.9219,-7.21637],[-36.92059,-7.21418]]}},{"type":"Feature","properties":{"cota":800,"indice":false},"geometry":{"type":"LineString","coordinates":[[-36.96659,-7.21215],[-36.9629,-7.21365],[-36.9659,-7.21514],[-36.96756,-7.21365],[-36.96659,-7.21215]]}},{"type":"Feature","properties":{"cota":700,"indice":false},"geometry":{"type":"LineString","coordinates":[[-36.91441,-7.2102],[-36.9127,-7.21092],[-36.91509,-7.21242],[-36.91441,-7.2102]]}},{"type":"Feature","properties":{"cota":700,"indice":false},"geometry":{"type":"LineString","coordinates":[[-36.98444,-7.1692],[-36.98032,-7.16893],[-36.97826,-7.17147],[-36.96659,-7.17347],[-36.95766,-7.1708],[-36.93501,-7.16883],[-36.92265,-7.17054],[-36.91324,-7.17482],[-36.92176,-7.17686],[-36.91805,-7.18299],[-36.91971,-7.1898],[-36.92402,-7.19184],[-36.92883,-7.19112],[-36.93226,-7.19454],[-36.93402,-7.19321],[-36.93325,-7.18504],[-36.93501,-7.1809],[-36.94736,-7.18023],[-36.94415,-7.18572],[-36.94942,-7.18739],[-36.95972,-7.1835],[-36.97483,-7.18678],[-36.99612,-7.1857],[-37.00161,-7.18811],[-37.005,-7.1864],[-37.00491,-7.18367],[-36.9968,-7.17598],[-36.98788,-7.17598],[-36.98726,-7.17073],[-36.98444,-7.1692]]}},{"type":"Feature","properties":{"cota":800,"indice":false},"geometry":{"type":"LineString","coordinates":[[-36.96384,-7.176],[-36.96013,-7.17618],[-36.95963,-7.17822],[-36.96394,-7.17822],[-36.9652,-7.17686],[-36.96384,-7.176]]}},{"type":"Feature","properties":{"cota":700,"indice":false},"geometry":{"type":"LineString","coordinates":[[-36.93226,-7.14139],[-36.92039,-7.14416],[-36.91907,-7.14893],[-36.91423,-7.15438],[-36.92059,-7.15813],[-36.92471,-7.15587],[-36.93295,-7.15613],[-36.93589,-7.14825],[-36.93226,-7.14139]]}},{"type":"Feature","properties":{"cota":600,"indice":false},"geometry":{"type":"LineString","coordinates":[[-36.84574,-7.14615],[-36.84103,-7.14688],[-36.8478,-7.14996],[-36.85339,-7.14961],[-36.84574,-7.14615]]}},{"type":"Feature","properties":{"cota":600,"indice":false},"geometry":{"type":"LineString","coordinates":[[-36.98376,-7.31283],[-36.97975,-7.31377],[-36.98444,-7.31771],[-36.98376,-7.31283]]}},{"type":"Feature","properties":{"cota":600,"indice":false},"geometry":{"type":"LineString","coordinates":[[-36.9968,-7.29044],[-36.98856,-7.29259],[-36.98755,-7.2947],[-36.99406,-7.29719],[-36.99755,-7.29402],[-36.99823,-7.2913],[-36.9968,-7.29044]]}},{"type":"Feature","properties":{"cota":500,"indice":true},"geometry":{"type":"MultiLineString","coordinates":[[[-38.65525,-7.5496],[-38.64819,-7.55765],[-38.64338,-7.55773],[-38.64349,-7.56706],[-38.6372,-7.56536],[-38.63454,-7.56978],[-38.63171,-7.56993],[-38.63199,-7.56569],[-38.62827,-7.56249],[-38.62686,-7.56365],[-38.62832,-7.56842],[-38.62621,-7.56973],[-38.61475,-7.56706],[-38.61729,-7.57132],[-38.62508,-7.57386],[-38.61866,-7.57962],[-38.61107,-7.57795],[-38.60867,-7.58271],[-38.61391,-7.58816],[-38.6063,-7.58613],[-38.60265,-7.58816],[-38.60781,-7.59496],[-38.59954,-7.597],[-38.60186,-7.60517],[-38.6003,-7.60857],[-38.60836,-7.61121],[-38.62621,-7.60359],[-38.62537,-7.60721],[-38.62079,-7.61198],[-38.62759,-7.61498],[-38.63308,-7.61102],[-38.64063,-7.61079],[-38.64956,-7.61321],[-38.65231,-7.61155],[-38.66685,-7.61062],[-38.66467,-7.6138],[-38.6578,-7.61469],[-38.65299,-7.62033],[-38.63651,-7.62509],[-38.62965,-7.62471],[-38.6274,-7.63035],[-38.62819,-7.63307],[-38.63445,-7.63524],[-38.63926,-7.6314],[-38.64215,-7.63171],[-38.63991,-7.6358],[-38.64291,-7.64464],[-38.64225,-7.64873],[-38.6372,-7.63995],[-38.62965,-7.6438],[-38.62621,-7.64192],[-38.61935,-7.64243],[-38.61826,-7.64532],[-38.62445,-7.65417],[-38.61591,-7.65386],[-38.61385,-7.66103],[-38.61227,-7.65621],[-38.60836,-7.65599],[-38.60792,-7.66506],[-38.60561,-7.66604],[-38.60051,-7.66642],[-38.60057,-7.66098],[-38.59443,-7.6603],[-38.59271,-7.65689],[-38.59394,-7.65251],[-38.58913,-7.65502],[-38.58158,-7.65182],[-38.57883,-7.65416],[-38.56236,-7.64804],[-38.55929,-7.65145],[-38.5548,-7.6513],[-38.55,-7.65682],[-38.54382,-7.65892],[-38.55173,-7.66506],[-38.55578,-7.67118],[-38.55343,-7.67339],[-38.54794,-7.67224],[-38.54588,-7.6746],[-38.54038,-7.671],[-38.53214,-7.66989],[-38.52528,-7.66477],[-38.52047,-7.66738],[-38.51349,-7.65825],[-38.5033,-7.65499],[-38.49781,-7.65115],[-38.49555,-7.65417],[-38.49721,-7.65757],[-38.49438,-7.65823],[-38.492,-7.65553],[-38.48682,-7.65436],[-38.48506,-7.65689],[-38.48786,-7.65962],[-38.47754,-7.66302],[-38.47782,-7.66982],[-38.48506,-7.67459],[-38.48808,-7.68071],[-38.48476,-7.68249],[-38.47996,-7.67928],[-38.47618,-7.68139],[-38.47446,-7.68499],[-38.47183,-7.68343],[-38.47086,-7.67391],[-38.46554,-7.67055],[-38.45936,-7.67224],[-38.45391,-7.6705],[-38.46192,-7.66234],[-38.45948,-7.65894],[-38.45241,-7.65962],[-38.45112,-7.66403],[-38.44815,-7.66234],[-38.44838,-7.65825],[-38.44631,-7.6561],[-38.44082,-7.65515],[-38.43499,-7.65689],[-38.4409,-7.66098],[-38.43624,-7.6637],[-38.44085,-7.66574],[-38.43807,-7.67068],[-38.43189,-7.669],[-38.42567,-7.66234],[-38.42839,-7.65757],[-38.42365,-7.65443],[-38.41541,-7.65578],[-38.4058,-7.65395],[-38.40305,-7.65728],[-38.39825,-7.65808],[-38.39802,-7.65349],[-38.39481,-7.6501],[-38.38795,-7.65015],[-38.38314,-7.64723],[-38.38198,-7.64873],[-38.38629,-7.65485],[-38.38028,-7.65757],[-38.37862,-7.66574],[-38.37696,-7.66645],[-38.3738,-7.66438],[-38.37315,-7.65825],[-38.37313,-7.65077],[-38.37612,-7.64805],[-38.37596,-7.64532],[-38.37147,-7.64213],[-38.36872,-7.64621],[-38.36323,-7.64647],[-38.36288,-7.64464],[-38.36667,-7.64192],[-38.36529,-7.63935],[-38.35361,-7.6375],[-38.344,-7.64566],[-38.34251,-7.64328],[-38.34601,-7.63988],[-38.34469,-7.63595],[-38.33645,-7.63666],[-38.33233,-7.63922],[-38.32905,-7.63716],[-38.32958,-7.63143],[-38.32409,-7.63061],[-38.31658,-7.63784],[-38.31997,-7.6403],[-38.32445,-7.63988],[-38.31523,-7.646],[-38.31452,-7.64805],[-38.3191,-7.65213],[-38.31654,-7.65295],[-38.30074,-7.64759],[-38.29088,-7.64056],[-38.29515,-7.6358],[-38.29388,-7.63174],[-38.29113,-7.63063],[-38.28401,-7.63307],[-38.28632,-7.63957],[-38.27328,-7.63631],[-38.27141,-7.63784],[-38.28564,-7.64712],[-38.28981,-7.64805],[-38.29942,-7.65689],[-38.30006,-7.65868],[-38.29388,-7.65863],[-38.29239,-7.66166],[-38.30891,-7.67459],[-38.30597,-7.68275],[-38.29909,-7.68343],[-38.30145,-7.6984],[-38.29707,-7.70044],[-38.29868,-7.70679],[-38.27877,-7.69053],[-38.27053,-7.68755],[-38.2588,-7.67663],[-38.25628,-7.67255],[-38.2616,-7.67205],[-38.26221,-7.66778],[-38.25062,-7.65586],[-38.24238,-7.64976],[-38.23071,-7.64523],[-38.22659,-7.64539],[-38.22247,-7.64],[-38.21629,-7.6372],[-38.21217,-7.63773],[-38.20973,-7.63171],[-38.19607,-7.62423],[-38.18951,-7.61672],[-38.18229,-7.61266],[-38.18058,-7.60847],[-38.16067,-7.60797],[-38.15105,-7.604],[-38.14556,-7.60442],[-38.14283,-7.59973],[-38.13457,-7.59561],[-38.13046,-7.59025],[-38.12611,-7.58884],[-38.12771,-7.59483],[-38.12061,-7.59088],[-38.12039,-7.58543],[-38.10917,-7.5822],[-38.10604,-7.58475],[-38.10928,-7.59632],[-38.1056,-7.59973],[-38.11209,-7.60789],[-38.11123,-7.61412],[-38.10642,-7.60808],[-38.10024,-7.60912],[-38.09704,-7.60109],[-38.08445,-7.59055],[-38.08308,-7.59496],[-38.07896,-7.5979],[-38.07415,-7.59392],[-38.07072,-7.59442],[-38.06751,-7.60245],[-38.06835,-7.60789],[-38.06522,-7.61116],[-38.06371,-7.60381],[-38.06486,-7.5936],[-38.05561,-7.59038],[-38.05694,-7.5936],[-38.05492,-7.59821],[-38.04668,-7.59826],[-38.04423,-7.60177],[-38.04842,-7.61402],[-38.05706,-7.62014],[-38.03982,-7.61649],[-38.03935,-7.62082],[-38.03385,-7.62287],[-38.03471,-7.63239],[-38.03061,-7.6358],[-38.02989,-7.64056],[-38.0254,-7.64471],[-38.02646,-7.63988],[-38.02444,-7.63239],[-38.01745,-7.62831],[-38.01358,-7.61742],[-38.00572,-7.61266],[-38.01205,-7.6113],[-38.01098,-7.60197],[-38.01991,-7.61235],[-38.02197,-7.60382],[-38.03158,-7.61119],[-38.03427,-7.60449],[-38.02987,-7.59088],[-38.03089,-7.58872],[-38.03776,-7.58902],[-38.03915,-7.58339],[-38.03158,-7.58348],[-38.02883,-7.58608],[-38.02265,-7.58003],[-38.01991,-7.5703],[-38.01647,-7.57209],[-38.01441,-7.57977],[-38.00274,-7.56931],[-37.9945,-7.57445],[-37.98695,-7.56433],[-37.96772,-7.56375],[-37.96497,-7.56706],[-37.96154,-7.56722],[-37.95605,-7.56624],[-37.94849,-7.56115],[-37.92592,-7.56093],[-37.9326,-7.55684],[-37.95261,-7.5566],[-37.95264,-7.55412],[-37.94095,-7.54868],[-37.94369,-7.54638],[-37.96834,-7.548],[-37.9636,-7.5428],[-37.95536,-7.53857],[-37.94849,-7.53001],[-37.94231,-7.5285],[-37.93957,-7.53177],[-37.93242,-7.52689],[-37.9327,-7.52508],[-37.93789,-7.52349],[-37.92847,-7.51396],[-37.93523,-7.51192],[-37.93257,-7.50851],[-37.92652,-7.5051],[-37.92515,-7.50766],[-37.91897,-7.50799],[-37.90661,-7.49984],[-37.90157,-7.49898],[-37.88875,-7.48537],[-37.88532,-7.47924],[-37.89082,-7.48117],[-37.89974,-7.48931],[-37.90661,-7.48982],[-37.90631,-7.48264],[-37.90867,-7.47944],[-37.91179,-7.47924],[-37.90592,-7.47429],[-37.89974,-7.47432],[-37.89768,-7.46794],[-37.8935,-7.4663],[-37.89082,-7.4622],[-37.88206,-7.46018],[-37.87983,-7.45458],[-37.87296,-7.45167],[-37.86752,-7.45201],[-37.86816,-7.4503],[-37.87914,-7.44995],[-37.90524,-7.46166],[-37.9047,-7.45882],[-37.89761,-7.45337],[-37.89562,-7.44833],[-37.8867,-7.43905],[-37.87365,-7.43711],[-37.86704,-7.4275],[-37.86472,-7.42044],[-37.8556,-7.42137],[-37.85433,-7.4166],[-37.84996,-7.41388],[-37.84824,-7.40833],[-37.84284,-7.40707],[-37.84335,-7.40366],[-37.84,-7.39954],[-37.83344,-7.39754],[-37.83527,-7.39481],[-37.83349,-7.39141],[-37.82078,-7.38427],[-37.81734,-7.3784],[-37.80747,-7.38051],[-37.8091,-7.38209],[-37.81254,-7.38053],[-37.8151,-7.38256],[-37.81369,-7.38732],[-37.8173,-7.39413],[-37.81391,-7.39527],[-37.80567,-7.39131],[-37.80018,-7.40093],[-37.79812,-7.3964],[-37.7938,-7.39481],[-37.79381,-7.38732],[-37.77958,-7.37624],[-37.77203,-7.37519],[-37.77014,-7.38596],[-37.77428,-7.39686],[-37.77407,-7.4023],[-37.77624,-7.40639],[-37.77958,-7.40751],[-37.78342,-7.41524],[-37.78233,-7.41745],[-37.77821,-7.41643],[-37.77669,-7.41864],[-37.7837,-7.42859],[-37.78713,-7.43061],[-37.78782,-7.43524],[-37.7837,-7.43193],[-37.77644,-7.43294],[-37.77877,-7.4275],[-37.77288,-7.42001],[-37.77065,-7.40653],[-37.76647,-7.41047],[-37.76943,-7.41933],[-37.76859,-7.42696],[-37.76447,-7.42602],[-37.7631,-7.42848],[-37.75829,-7.42736],[-37.74812,-7.41388],[-37.75367,-7.39686],[-37.75096,-7.39073],[-37.75434,-7.37983],[-37.74937,-7.37665],[-37.74614,-7.37915],[-37.74628,-7.38664],[-37.74133,-7.39822],[-37.73975,-7.41122],[-37.73426,-7.41397],[-37.73083,-7.40407],[-37.72671,-7.39838],[-37.72465,-7.40366],[-37.72053,-7.40737],[-37.71992,-7.4023],[-37.7219,-7.39776],[-37.7148,-7.38256],[-37.7219,-7.37679],[-37.73002,-7.37438],[-37.73426,-7.36676],[-37.73389,-7.36076],[-37.72327,-7.34571],[-37.69169,-7.3256],[-37.6879,-7.32603],[-37.6854,-7.33012],[-37.68826,-7.3388],[-37.68345,-7.33817],[-37.67315,-7.34332],[-37.66972,-7.34192],[-37.66834,-7.34891],[-37.65633,-7.34306],[-37.66423,-7.33897],[-37.66427,-7.33625],[-37.65461,-7.33622],[-37.6498,-7.33762],[-37.64637,-7.34108],[-37.64134,-7.33829],[-37.64356,-7.33148],[-37.64774,-7.32654],[-37.65873,-7.32933],[-37.66598,-7.32603],[-37.66657,-7.32195],[-37.66079,-7.31918],[-37.61959,-7.32595],[-37.61547,-7.33344],[-37.61135,-7.33599],[-37.60517,-7.33638],[-37.59968,-7.34114],[-37.59677,-7.33284],[-37.58938,-7.32963],[-37.58081,-7.32127],[-37.5873,-7.31854],[-37.58489,-7.31445],[-37.58595,-7.31327],[-37.58938,-7.31356],[-37.59297,-7.31854],[-37.59466,-7.31105],[-37.57512,-7.3056],[-37.57427,-7.29584],[-37.57015,-7.29782],[-37.56809,-7.30166],[-37.56205,-7.29811],[-37.55917,-7.29135],[-37.55052,-7.28585],[-37.54644,-7.27291],[-37.54882,-7.26405],[-37.54738,-7.25929],[-37.55436,-7.25953],[-37.56123,-7.25586],[-37.56809,-7.25562],[-37.56978,-7.24839],[-37.57337,-7.2443],[-37.57131,-7.23476],[-37.56723,-7.23136],[-37.57874,-7.22114],[-37.56878,-7.22269],[-37.56054,-7.21958],[-37.55643,-7.2225],[-37.55642,-7.22456],[-37.56499,-7.23136],[-37.56191,-7.23631],[-37.55592,-7.23613],[-37.55779,-7.23868],[-37.56618,-7.24158],[-37.56071,-7.25111],[-37.55372,-7.25111],[-37.55366,-7.24771],[-37.54955,-7.24165],[-37.54131,-7.24624],[-37.53788,-7.2506],[-37.5317,-7.25285],[-37.53101,-7.24986],[-37.53488,-7.24839],[-37.54406,-7.23817],[-37.5463,-7.23204],[-37.54475,-7.22987],[-37.53872,-7.23],[-37.53513,-7.23613],[-37.53033,-7.23725],[-37.52827,-7.24312],[-37.52483,-7.23204],[-37.53209,-7.22659],[-37.52621,-7.22182],[-37.52949,-7.21773],[-37.52743,-7.21024],[-37.52415,-7.20883],[-37.52071,-7.21135],[-37.51199,-7.19934],[-37.52346,-7.19917],[-37.52505,-7.1973],[-37.52346,-7.19432],[-37.51522,-7.19478],[-37.51041,-7.19178],[-37.50629,-7.19167],[-37.50526,-7.19662],[-37.49943,-7.20057],[-37.49608,-7.19662],[-37.49737,-7.19041],[-37.48226,-7.18873],[-37.47334,-7.19508],[-37.46441,-7.19077],[-37.45928,-7.19321],[-37.46098,-7.19617],[-37.46853,-7.19778],[-37.4714,-7.20139],[-37.46794,-7.2082],[-37.47608,-7.20745],[-37.48089,-7.21131],[-37.48569,-7.21041],[-37.48743,-7.21228],[-37.48226,-7.21901],[-37.47128,-7.21524],[-37.45411,-7.2178],[-37.45274,-7.21033],[-37.44299,-7.21978],[-37.44521,-7.22659],[-37.44587,-7.24324],[-37.45136,-7.243],[-37.46304,-7.23466],[-37.46647,-7.23841],[-37.4754,-7.22702],[-37.47764,-7.23272],[-37.47428,-7.23749],[-37.48248,-7.24907],[-37.48158,-7.25096],[-37.4699,-7.25188],[-37.46777,-7.25588],[-37.46853,-7.25808],[-37.4808,-7.26405],[-37.48135,-7.26678],[-37.47608,-7.26858],[-37.47196,-7.26542],[-37.46578,-7.26554],[-37.45698,-7.27427],[-37.4572,-7.277],[-37.47094,-7.28857],[-37.46853,-7.29112],[-37.46166,-7.28957],[-37.4596,-7.29573],[-37.45205,-7.28884],[-37.44603,-7.28857],[-37.44188,-7.277],[-37.43763,-7.27563],[-37.43214,-7.26937],[-37.42945,-7.27018],[-37.42714,-7.277],[-37.42884,-7.2804],[-37.42664,-7.28044],[-37.42572,-7.27155],[-37.41393,-7.25724],[-37.42016,-7.25179],[-37.42248,-7.24566],[-37.42024,-7.23885],[-37.41587,-7.23408],[-37.40909,-7.23],[-37.40398,-7.23167],[-37.38374,-7.22455],[-37.37287,-7.2191],[-37.36622,-7.21203],[-37.35638,-7.21024],[-37.34013,-7.20172],[-37.32777,-7.19999],[-37.31587,-7.20139],[-37.31281,-7.19934],[-37.31081,-7.19457],[-37.30717,-7.19335],[-37.30424,-7.19594],[-37.30387,-7.20139],[-37.29549,-7.19493],[-37.28725,-7.20357],[-37.28176,-7.20347],[-37.27695,-7.20984],[-37.27489,-7.20354],[-37.26528,-7.19772],[-37.24298,-7.1973],[-37.2385,-7.19461],[-37.22477,-7.19657],[-37.21378,-7.19152],[-37.20213,-7.19662],[-37.19721,-7.20615],[-37.1822,-7.21958],[-37.18082,-7.21064],[-37.18704,-7.20615],[-37.1927,-7.19117],[-37.18838,-7.18316],[-37.17876,-7.17948],[-37.16846,-7.18071],[-37.16228,-7.17605],[-37.14786,-7.17345],[-37.14169,-7.16695],[-37.13857,-7.17005],[-37.14031,-7.17836],[-37.12315,-7.17196],[-37.11285,-7.17287],[-37.11139,-7.17073],[-37.11459,-7.16732],[-37.11324,-7.16528],[-37.10529,-7.16068],[-37.08607,-7.15606],[-37.07989,-7.14924],[-37.06821,-7.14244],[-37.06203,-7.14193],[-37.05449,-7.14756],[-37.05418,-7.15778],[-37.05672,-7.16528],[-37.05585,-7.17593],[-37.03663,-7.17315],[-37.02633,-7.17759],[-37.0071,-7.16969],[-36.99406,-7.16902],[-36.98054,-7.1571],[-36.97208,-7.15398],[-36.96865,-7.16083],[-36.96247,-7.16314],[-36.96156,-7.16119],[-36.96505,-7.15642],[-36.95727,-7.15233],[-36.96258,-7.15029],[-36.9619,-7.14688],[-36.95354,-7.14713],[-36.95354,-7.14376],[-36.94748,-7.1428],[-36.9302,-7.13506],[-36.92539,-7.13445],[-36.9199,-7.13638],[-36.91372,-7.13287],[-36.90548,-7.13312],[-36.90371,-7.12917],[-36.89999,-7.12817],[-36.89106,-7.13198],[-36.88694,-7.12768],[-36.88007,-7.12621],[-36.87763,-7.12985],[-36.88076,-7.1354],[-36.87252,-7.12491],[-36.86909,-7.12841],[-36.8581,-7.13063],[-36.84986,-7.12525],[-36.84437,-7.12667],[-36.83358,-7.12031],[-36.84231,-7.11884],[-36.84109,-7.1169],[-36.8327,-7.11566],[-36.82102,-7.11922],[-36.81347,-7.11371],[-36.77776,-7.11008],[-36.77655,-7.10873],[-36.77914,-7.10748],[-36.8121,-7.10837],[-36.81278,-7.10532],[-36.80865,-7.10055],[-36.81004,-7.09796],[-36.81484,-7.10114],[-36.81828,-7.1004],[-36.81914,-7.10668],[-36.82102,-7.10837],[-36.82446,-7.10816],[-36.82436,-7.10396],[-36.8272,-7.10187],[-36.82984,-7.10396],[-36.83064,-7.1079],[-36.83876,-7.10941],[-36.83503,-7.10396],[-36.83399,-7.09851],[-36.82127,-7.09442],[-36.81723,-7.08965],[-36.80286,-7.08215],[-36.80454,-7.07982],[-36.82308,-7.08719],[-36.86703,-7.09415],[-36.87183,-7.09221],[-36.8787,-7.09533],[-36.88488,-7.09435],[-36.889,-7.09793],[-36.90136,-7.09928],[-36.9096,-7.10272],[-36.91441,-7.10183],[-36.91784,-7.10385],[-36.92265,-7.10208],[-36.92608,-7.10389],[-36.94118,-7.10525],[-36.95492,-7.10404],[-36.9611,-7.10657],[-36.96796,-7.10399],[-36.97208,-7.10504],[-36.97552,-7.10255],[-36.97895,-7.10517],[-36.98376,-7.10569],[-36.98925,-7.10344],[-37.00504,-7.10287],[-37.02221,-7.09672],[-37.02458,-7.09238],[-37.02152,-7.08898],[-37.0071,-7.089],[-37.00108,-7.08556],[-37.0071,-7.08263],[-37.01122,-7.07809],[-37.01603,-7.07919],[-37.02358,-7.07739],[-37.02601,-7.0733],[-37.02015,-7.06993],[-37.01534,-7.06396],[-37.00298,-7.06015],[-36.99749,-7.05482],[-36.99268,-7.05479],[-36.992,-7.05221],[-36.99738,-7.05081],[-36.99749,-7.0485],[-36.98696,-7.04604],[-36.98706,-7.04195],[-36.98925,-7.04118],[-37.00092,-7.04547],[-37.00367,-7.04472],[-37.00465,-7.04195],[-37.00285,-7.03786],[-37.00773,-7.03513],[-37.00436,-7.03021],[-36.99886,-7.0292],[-36.99337,-7.0318],[-36.97959,-7.02968],[-36.98482,-7.02559],[-36.97573,-7.02014],[-36.98264,-7.01605],[-36.97518,-7.00856],[-36.96796,-7.00841],[-36.96178,-7.00277],[-36.95835,-7.01183],[-36.94911,-7.00174],[-36.95177,-6.99902],[-36.9495,-6.99765],[-36.93501,-6.99048],[-36.92265,-6.99335],[-36.91578,-6.99002],[-36.91303,-6.98591],[-36.89018,-6.96835],[-36.88821,-6.96221],[-36.87807,-6.9554],[-36.87563,-6.95131],[-36.87458,-6.93777],[-36.86977,-6.93806],[-36.86153,-6.9259],[-36.85892,-6.93018],[-36.86004,-6.93767],[-36.86356,-6.94381],[-36.85879,-6.95093],[-36.85329,-6.94352],[-36.84958,-6.94449],[-36.84691,-6.95131],[-36.8482,-6.96289],[-36.84505,-6.96481],[-36.84018,-6.96357],[-36.8366,-6.95267],[-36.83326,-6.94926],[-36.83681,-6.94852],[-36.8375,-6.9516],[-36.84162,-6.95199],[-36.83897,-6.94722],[-36.84239,-6.9404],[-36.84752,-6.93563],[-36.84437,-6.92719],[-36.8375,-6.92595],[-36.82995,-6.92172],[-36.82734,-6.92336],[-36.82832,-6.92813],[-36.82652,-6.92933],[-36.81004,-6.91941],[-36.80248,-6.92041],[-36.79974,-6.91874],[-36.79836,-6.91502],[-36.80248,-6.91633],[-36.80644,-6.90973],[-36.80111,-6.90189],[-36.80523,-6.90226],[-36.82102,-6.91126],[-36.82268,-6.91041],[-36.82171,-6.90573],[-36.8327,-6.90732],[-36.83613,-6.91017],[-36.84849,-6.91302],[-36.85192,-6.91212],[-36.85265,-6.90904],[-36.84986,-6.90434],[-36.84299,-6.9053],[-36.83475,-6.90029],[-36.8285,-6.8995],[-36.81482,-6.88859],[-36.81484,-6.88638],[-36.82858,-6.88699],[-36.83887,-6.89238],[-36.83873,-6.88314],[-36.84253,-6.88178],[-36.84093,-6.87925],[-36.83613,-6.87945],[-36.8189,-6.85655],[-36.81965,-6.85367],[-36.825,-6.85246],[-36.82378,-6.84428],[-36.82035,-6.84428],[-36.81759,-6.84799],[-36.81484,-6.8481],[-36.80967,-6.84292],[-36.81267,-6.83747],[-36.80454,-6.83639],[-36.80792,-6.82519],[-36.80729,-6.82042],[-36.8103,-6.8136],[-36.80505,-6.80678],[-36.79218,-6.79941],[-36.78463,-6.80325],[-36.78051,-6.80161],[-36.77688,-6.79383],[-36.77818,-6.78974],[-36.77612,-6.78402]],[[-36.77017,-6.82791],[-36.77418,-6.8286],[-36.77268,-6.83678],[-36.7757,-6.84311],[-36.78276,-6.84701],[-36.78694,-6.85519],[-36.78532,-6.86026],[-36.78188,-6.85541],[-36.77972,-6.8586],[-36.78557,-6.87019],[-36.78591,-6.8736],[-36.78338,-6.87701],[-36.786,-6.887],[-36.78267,-6.8845],[-36.77819,-6.87632],[-36.77858,-6.86883],[-36.76472,-6.84957],[-36.76128,-6.84834],[-36.7609,-6.84428],[-36.75461,-6.83706]],[[-36.74872,-6.83642],[-36.7483,-6.83815],[-36.75256,-6.84292],[-36.75167,-6.84893],[-36.74137,-6.84219],[-36.73611,-6.83503]],[[-36.57189,-6.88094],[-36.57922,-6.89473],[-36.57962,-6.90223],[-36.58344,-6.91183],[-36.57314,-6.90899],[-36.56765,-6.90354],[-36.56147,-6.9063],[-36.55978,-6.89268],[-36.54156,-6.87235],[-36.54224,-6.87733],[-36.54713,-6.88314],[-36.5443,-6.88474],[-36.5443,-6.88717],[-36.54842,-6.88655],[-36.55009,-6.88859],[-36.53954,-6.892],[-36.54087,-6.89596],[-36.54708,-6.90223],[-36.54224,-6.90733],[-36.53897,-6.90018],[-36.53404,-6.89882],[-36.52804,-6.88996],[-36.52851,-6.8844],[-36.52508,-6.88377],[-36.52302,-6.88606],[-36.51752,-6.88491],[-36.51564,-6.88314],[-36.51961,-6.88041],[-36.51792,-6.87701],[-36.51134,-6.87424],[-36.50694,-6.87837],[-36.50105,-6.87517],[-36.50226,-6.87292],[-36.50105,-6.87018],[-36.49368,-6.86951],[-36.49453,-6.86201],[-36.49002,-6.8586],[-36.48663,-6.85028],[-36.47976,-6.85024],[-36.4777,-6.85511],[-36.47152,-6.85082],[-36.46671,-6.85338],[-36.46259,-6.85285],[-36.46053,-6.85587],[-36.45573,-6.85596],[-36.45344,-6.84974],[-36.45092,-6.84918],[-36.44817,-6.85124],[-36.44542,-6.84633],[-36.44955,-6.84592],[-36.45092,-6.83997],[-36.45504,-6.84478],[-36.46053,-6.84253],[-36.46328,-6.83196],[-36.46671,-6.83328],[-36.47152,-6.84273],[-36.4774,-6.84087],[-36.47728,-6.83474],[-36.47944,-6.83065],[-36.4766,-6.82519],[-36.48147,-6.82247],[-36.47992,-6.81497],[-36.4847,-6.81497],[-36.48731,-6.82142],[-36.49006,-6.81755],[-36.49487,-6.82009],[-36.49574,-6.81769],[-36.49382,-6.8136],[-36.49624,-6.81126],[-36.50242,-6.81152],[-36.50634,-6.81906],[-36.51615,-6.82732],[-36.5237,-6.82393],[-36.53101,-6.82792],[-36.53245,-6.83201],[-36.53429,-6.83126]],[[-36.50371,-6.76126],[-36.50444,-6.75632]],[[-36.50694,-6.75279],[-36.50379,-6.74846],[-36.49899,-6.7465],[-36.49635,-6.74746],[-36.49363,-6.7536],[-36.49442,-6.76315],[-36.49281,-6.76339],[-36.49077,-6.7611],[-36.49025,-6.75496],[-36.48457,-6.75093],[-36.47811,-6.75224],[-36.47915,-6.74678],[-36.46985,-6.73792],[-36.47221,-6.73718],[-36.47701,-6.74158],[-36.47976,-6.73637],[-36.48731,-6.73757],[-36.49349,-6.74144],[-36.49776,-6.73792],[-36.49675,-6.73383],[-36.49906,-6.73042],[-36.4961,-6.72837],[-36.50254,-6.72428],[-36.50236,-6.71405],[-36.49596,-6.71132],[-36.49487,-6.70869],[-36.49006,-6.71046],[-36.48257,-6.70587],[-36.48344,-6.69837],[-36.48808,-6.68882],[-36.48658,-6.682],[-36.4882,-6.67995],[-36.49552,-6.67927],[-36.49864,-6.67518],[-36.49761,-6.67216],[-36.49281,-6.67134],[-36.49174,-6.66904],[-36.49862,-6.65813],[-36.498,-6.65335],[-36.50353,-6.65063],[-36.50668,-6.64244],[-36.5054,-6.63835],[-36.50723,-6.63788],[-36.51351,-6.64312],[-36.5143,-6.64108],[-36.51163,-6.63767],[-36.51272,-6.63227],[-36.51958,-6.63233],[-36.52439,-6.62789],[-36.52848,-6.63221],[-36.52895,-6.63767],[-36.53324,-6.64073]],[[-36.45735,-6.55115],[-36.45818,-6.54763],[-36.45132,-6.53944],[-36.45213,-6.53535],[-36.44572,-6.51761],[-36.43787,-6.51826],[-36.43513,-6.51015],[-36.43101,-6.5117],[-36.42897,-6.5067],[-36.4262,-6.5056],[-36.42264,-6.50806],[-36.41865,-6.51761],[-36.41247,-6.51651],[-36.40903,-6.51265],[-36.40079,-6.51464],[-36.39725,-6.5183],[-36.40114,-6.5258],[-36.40466,-6.52853],[-36.40167,-6.53535],[-36.39753,-6.52921],[-36.39393,-6.52823],[-36.39161,-6.53058],[-36.3905,-6.53656],[-36.38569,-6.53442],[-36.38547,-6.54081],[-36.37942,-6.54354],[-36.37952,-6.54763],[-36.38367,-6.54968],[-36.385,-6.55472],[-36.39187,-6.55042],[-36.39872,-6.55786],[-36.40011,-6.56245],[-36.40686,-6.56673],[-36.4028,-6.56946],[-36.40011,-6.57693],[-36.39652,-6.57696],[-36.39662,-6.57151],[-36.39256,-6.56399],[-36.38569,-6.56634],[-36.37814,-6.56304],[-36.36647,-6.57082],[-36.36715,-6.5753],[-36.35685,-6.57857],[-36.35704,-6.58515],[-36.35276,-6.59947],[-36.34861,-6.59735],[-36.34106,-6.60172],[-36.33973,-6.60015],[-36.34441,-6.59265],[-36.3353,-6.58583],[-36.33323,-6.57764],[-36.33837,-6.56741],[-36.33242,-6.55923],[-36.33694,-6.55799],[-36.34174,-6.56143],[-36.34117,-6.55172],[-36.33762,-6.54669],[-36.33076,-6.54513],[-36.32046,-6.54621],[-36.31915,-6.55104],[-36.31428,-6.55105],[-36.31583,-6.5449],[-36.31977,-6.54309],[-36.31975,-6.54081],[-36.31496,-6.54048],[-36.31222,-6.54566],[-36.30672,-6.54638],[-36.2996,-6.53467],[-36.30412,-6.53058],[-36.30441,-6.52512],[-36.30604,-6.52429],[-36.30852,-6.52512],[-36.30947,-6.53335],[-36.31565,-6.52953],[-36.31771,-6.53279],[-36.32183,-6.53255],[-36.32252,-6.5291],[-36.31702,-6.52281],[-36.31359,-6.52255],[-36.31248,-6.5183],[-36.30715,-6.51284],[-36.30732,-6.5067],[-36.30878,-6.5061],[-36.3129,-6.50978],[-36.31565,-6.50597],[-36.3232,-6.50779],[-36.32801,-6.49863],[-36.33144,-6.50072],[-36.3335,-6.49909],[-36.33268,-6.49237],[-36.33515,-6.4876],[-36.33282,-6.48319],[-36.32801,-6.48335],[-36.32938,-6.47259],[-36.32755,-6.46303],[-36.32526,-6.45606],[-36.32065,-6.45348],[-36.32595,-6.45152],[-36.32966,-6.44666],[-36.32858,-6.44257],[-36.32461,-6.43847],[-36.32471,-6.43506],[-36.33213,-6.43259],[-36.33396,-6.42892],[-36.32732,-6.42448],[-36.3184,-6.42464],[-36.31084,-6.41972],[-36.30604,-6.41985],[-36.30089,-6.41664],[-36.30604,-6.41427],[-36.3121,-6.40777],[-36.31252,-6.40026],[-36.31878,-6.39139],[-36.31774,-6.38798],[-36.30789,-6.38525],[-36.31172,-6.38184],[-36.31152,-6.37774],[-36.31628,-6.37228],[-36.31677,-6.36682],[-36.32199,-6.36273],[-36.31908,-6.35968],[-36.3129,-6.35817],[-36.30924,-6.36],[-36.30741,-6.36355],[-36.30549,-6.36273],[-36.3049,-6.35522],[-36.30672,-6.35345],[-36.3129,-6.35391],[-36.31378,-6.3484],[-36.3049,-6.34567],[-36.30535,-6.34319],[-36.31024,-6.34226],[-36.31068,-6.33816],[-36.30878,-6.3351],[-36.30535,-6.33504],[-36.30067,-6.32929],[-36.30329,-6.32801],[-36.30741,-6.33102],[-36.31222,-6.32761],[-36.31496,-6.32772],[-36.31485,-6.32315],[-36.31974,-6.31769],[-36.31999,-6.31018],[-36.32389,-6.30848],[-36.33144,-6.31284],[-36.33556,-6.30781],[-36.34037,-6.30703],[-36.34067,-6.30041]],[[-36.13425,-6.42761],[-36.133,-6.43149],[-36.12957,-6.42953],[-36.12547,-6.43233],[-36.12716,-6.43506],[-36.13152,-6.43642],[-36.12656,-6.44325],[-36.13352,-6.45007],[-36.13712,-6.45066],[-36.13712,-6.45232],[-36.1272,-6.45212],[-36.12947,-6.4603],[-36.12476,-6.46663],[-36.11858,-6.46723],[-36.1124,-6.4648],[-36.11153,-6.46849],[-36.11622,-6.4719],[-36.11652,-6.4756],[-36.11927,-6.47756],[-36.12694,-6.47463],[-36.12172,-6.48623],[-36.12271,-6.49169],[-36.12849,-6.49783],[-36.12838,-6.50465],[-36.12202,-6.50369],[-36.11979,-6.50533],[-36.11904,-6.50806],[-36.12303,-6.51079],[-36.12196,-6.5142],[-36.12888,-6.51102],[-36.13026,-6.50675],[-36.13918,-6.51185],[-36.14399,-6.51114],[-36.15086,-6.51328],[-36.15302,-6.50738],[-36.16116,-6.505],[-36.16317,-6.5067],[-36.16262,-6.51625],[-36.17695,-6.52544],[-36.18277,-6.52034],[-36.18099,-6.50602],[-36.18244,-6.50573],[-36.18431,-6.50943],[-36.19,-6.51352],[-36.18976,-6.5183],[-36.19371,-6.52034],[-36.18725,-6.52876],[-36.19617,-6.53137],[-36.19973,-6.52853],[-36.19755,-6.53442],[-36.19249,-6.5374],[-36.1947,-6.54081],[-36.19462,-6.54558],[-36.20564,-6.55309],[-36.19892,-6.55569],[-36.1948,-6.55377],[-36.19389,-6.55582],[-36.19683,-6.56059],[-36.19411,-6.56273],[-36.19068,-6.56101],[-36.18656,-6.56413],[-36.18486,-6.55718],[-36.18587,-6.55268],[-36.18176,-6.5587],[-36.17626,-6.55296],[-36.17439,-6.55309],[-36.17547,-6.55786],[-36.18029,-6.55991],[-36.18098,-6.564],[-36.17764,-6.5676],[-36.17626,-6.57394],[-36.17352,-6.57634],[-36.16922,-6.57628],[-36.17254,-6.58651],[-36.17832,-6.58808],[-36.17851,-6.59197],[-36.18038,-6.59305],[-36.18862,-6.58874],[-36.19064,-6.5906],[-36.18968,-6.59674],[-36.19588,-6.59879],[-36.18587,-6.60315],[-36.18107,-6.59986],[-36.17832,-6.60094],[-36.17698,-6.60288],[-36.17893,-6.60697],[-36.17516,-6.6097],[-36.17537,-6.61448],[-36.16818,-6.61721],[-36.17008,-6.62288],[-36.18637,-6.62266],[-36.18725,-6.63085],[-36.18587,-6.63226],[-36.18038,-6.6308],[-36.17553,-6.64108],[-36.17832,-6.64506],[-36.18253,-6.64585],[-36.18257,-6.64926],[-36.18686,-6.65199],[-36.18587,-6.65397],[-36.18218,-6.65472],[-36.18576,-6.65881],[-36.18587,-6.66282],[-36.18989,-6.66495],[-36.18555,-6.66972],[-36.18955,-6.67313],[-36.18656,-6.67671],[-36.17626,-6.67301],[-36.16322,-6.67211],[-36.16583,-6.68132],[-36.16316,-6.69018],[-36.16459,-6.69801],[-36.16116,-6.69797],[-36.15917,-6.69359],[-36.15599,-6.68404],[-36.15617,-6.67381],[-36.15154,-6.67344],[-36.1488,-6.67815],[-36.14717,-6.67791],[-36.14991,-6.66768],[-36.15919,-6.65745],[-36.16009,-6.65199],[-36.1503,-6.65267],[-36.15306,-6.64585],[-36.14861,-6.64449],[-36.15032,-6.63767],[-36.14429,-6.63289],[-36.13987,-6.62498],[-36.14088,-6.63971],[-36.13863,-6.65063],[-36.13506,-6.65438],[-36.13094,-6.64169],[-36.12657,-6.6363],[-36.12621,-6.63085],[-36.12291,-6.62744],[-36.11869,-6.61107],[-36.11584,-6.61072],[-36.11475,-6.61243],[-36.11639,-6.62675],[-36.11446,-6.63062],[-36.10348,-6.62636],[-36.09867,-6.62724],[-36.09028,-6.62198],[-36.08802,-6.60834],[-36.08013,-6.60404],[-36.0767,-6.59472],[-36.07293,-6.59674],[-36.07189,-6.6021],[-36.06297,-6.60458],[-36.05378,-6.59129],[-36.05473,-6.58737],[-36.06022,-6.58651],[-36.05473,-6.58602],[-36.04649,-6.58007],[-36.03481,-6.58496],[-36.03024,-6.57423],[-36.02964,-6.56468],[-36.03634,-6.56059],[-36.0339,-6.5565],[-36.03322,-6.54285],[-36.03138,-6.53951],[-36.02713,-6.53808],[-36.02657,-6.53118],[-36.01682,-6.52989],[-36.01696,-6.53316],[-36.02044,-6.5374],[-36.01765,-6.54043],[-36.01284,-6.53849],[-36.00837,-6.54558],[-36.00914,-6.54968],[-36.00659,-6.55377],[-36.00789,-6.55718],[-36.00254,-6.56021],[-36.00078,-6.56332],[-36.00332,-6.56741],[-36.00048,-6.56957],[-35.99959,-6.57355],[-36.00278,-6.57833],[-35.99842,-6.58261],[-35.99499,-6.58415],[-35.98881,-6.58351],[-35.98537,-6.57842],[-35.96615,-6.57675],[-35.96409,-6.57218],[-35.95654,-6.57579],[-35.9483,-6.57524],[-35.94212,-6.58206],[-35.93594,-6.5805],[-35.92907,-6.58192],[-35.92083,-6.57931],[-35.91259,-6.57241],[-35.90763,-6.57764],[-35.9067,-6.5906],[-35.90092,-6.59798],[-35.89884,-6.59401],[-35.90033,-6.5906],[-35.89913,-6.58105],[-35.90437,-6.57628],[-35.90517,-6.57082],[-35.89954,-6.56494],[-35.8913,-6.56798],[-35.88718,-6.56351],[-35.881,-6.56397],[-35.87897,-6.55991],[-35.87946,-6.55582],[-35.87558,-6.55377],[-35.87813,-6.54968],[-35.87643,-6.54558],[-35.88211,-6.53876],[-35.87957,-6.53535],[-35.88462,-6.53058],[-35.87963,-6.53007],[-35.87139,-6.53701],[-35.86109,-6.54167],[-35.8608,-6.53399],[-35.86429,-6.52785],[-35.8687,-6.52512],[-35.86902,-6.52239],[-35.86452,-6.51992],[-35.85079,-6.52512],[-35.85214,-6.51693],[-35.85588,-6.51216],[-35.85354,-6.50936],[-35.85067,-6.51352],[-35.84118,-6.51894],[-35.83775,-6.52329],[-35.83431,-6.5213],[-35.83088,-6.52228],[-35.82822,-6.5183],[-35.82951,-6.51326],[-35.82333,-6.51223],[-35.82003,-6.50943],[-35.82495,-6.50602],[-35.82677,-6.50192],[-35.8247,-6.49429],[-35.82127,-6.50463],[-35.80822,-6.50543],[-35.80204,-6.50998],[-35.79174,-6.50768],[-35.78931,-6.51079],[-35.78833,-6.51761],[-35.79243,-6.52505],[-35.80273,-6.52011],[-35.81097,-6.52034],[-35.80273,-6.52367],[-35.79577,-6.53194],[-35.80616,-6.54228],[-35.81125,-6.54422],[-35.80816,-6.54695],[-35.80841,-6.55377],[-35.80685,-6.55472],[-35.79998,-6.54985],[-35.79703,-6.54013],[-35.79174,-6.53619],[-35.78281,-6.52313],[-35.77938,-6.52353],[-35.77708,-6.52921],[-35.77251,-6.53121],[-35.76496,-6.52724],[-35.75809,-6.52628],[-35.75329,-6.52795],[-35.74991,-6.52648],[-35.75167,-6.52034],[-35.7563,-6.51625],[-35.74711,-6.51319],[-35.74649,-6.50874],[-35.7423,-6.50502],[-35.73818,-6.51106],[-35.73674,-6.52034],[-35.73475,-6.52279],[-35.72994,-6.51979],[-35.72218,-6.52034],[-35.72422,-6.52444],[-35.72362,-6.52989],[-35.71072,-6.52187],[-35.70656,-6.52444],[-35.7074,-6.52716],[-35.71209,-6.5294],[-35.71473,-6.53467],[-35.72456,-6.5374],[-35.72926,-6.54484],[-35.73418,-6.54695],[-35.73451,-6.55036],[-35.72908,-6.5565],[-35.72994,-6.55914],[-35.73406,-6.55803],[-35.74299,-6.5598],[-35.7439,-6.56468],[-35.74009,-6.56946],[-35.74299,-6.57488],[-35.74598,-6.57628],[-35.74435,-6.58105],[-35.75665,-6.58378],[-35.75534,-6.58788],[-35.75055,-6.59129],[-35.75123,-6.59347],[-35.75535,-6.59216],[-35.76427,-6.59492],[-35.77437,-6.60766],[-35.77801,-6.60673],[-35.78191,-6.61107],[-35.7811,-6.61652],[-35.77388,-6.61857],[-35.76957,-6.62539],[-35.77518,-6.62812],[-35.77526,-6.6325],[-35.77857,-6.6363],[-35.77675,-6.64858],[-35.7839,-6.65063],[-35.78693,-6.65528],[-35.79105,-6.65466],[-35.79105,-6.65981],[-35.80135,-6.65994],[-35.80479,-6.65656],[-35.80822,-6.65597],[-35.80927,-6.65131],[-35.81303,-6.64761],[-35.82058,-6.64768],[-35.81715,-6.64273],[-35.80961,-6.63903],[-35.81622,-6.63289],[-35.81097,-6.62628],[-35.80645,-6.62471],[-35.80616,-6.62239],[-35.81097,-6.62068],[-35.8144,-6.61512],[-35.81852,-6.62237],[-35.8247,-6.6227],[-35.82446,-6.61721],[-35.8205,-6.61516],[-35.82058,-6.61243],[-35.835,-6.60483],[-35.83743,-6.60834],[-35.83431,-6.61339],[-35.84187,-6.61425],[-35.84873,-6.61814],[-35.85011,-6.62114],[-35.86178,-6.61696],[-35.8659,-6.61045],[-35.86837,-6.6138],[-35.86796,-6.62229],[-35.86315,-6.62056],[-35.85011,-6.63022],[-35.84599,-6.63076],[-35.83912,-6.62834],[-35.83729,-6.63153],[-35.85148,-6.6332],[-35.85629,-6.63649],[-35.86422,-6.63767],[-35.86221,-6.64244],[-35.86643,-6.64585],[-35.86235,-6.64994],[-35.87002,-6.65935],[-35.87445,-6.65472],[-35.87551,-6.64872],[-35.88086,-6.65267],[-35.88033,-6.64517],[-35.88375,-6.64215],[-35.88787,-6.64794],[-35.89474,-6.65132],[-35.90023,-6.66015],[-35.90366,-6.65933],[-35.91053,-6.66421],[-35.91534,-6.6641],[-35.91808,-6.66069],[-35.92289,-6.66108],[-35.92231,-6.65063],[-35.92676,-6.6479],[-35.92821,-6.63903],[-35.92032,-6.61448],[-35.92152,-6.60582],[-35.92902,-6.62471],[-35.93587,-6.62948],[-35.93935,-6.64585],[-35.94418,-6.64762],[-35.94212,-6.65413],[-35.94867,-6.65199],[-35.94661,-6.6404],[-35.94761,-6.6373],[-35.95654,-6.6404],[-35.96272,-6.63873],[-35.96418,-6.6404],[-35.9634,-6.64727],[-35.96684,-6.64819],[-35.9729,-6.64449],[-35.97856,-6.65063],[-35.97737,-6.65949],[-35.98331,-6.65978],[-35.98878,-6.65472],[-35.98315,-6.64312],[-35.98532,-6.63971],[-35.9824,-6.63289],[-35.97697,-6.63017],[-35.97713,-6.62604],[-35.97061,-6.62539],[-35.97274,-6.62062],[-35.97722,-6.61721],[-35.97164,-6.61571],[-35.96615,-6.62075],[-35.962,-6.62198],[-35.96014,-6.61789],[-35.96303,-6.61175],[-35.9605,-6.60697],[-35.9634,-6.60562],[-35.96958,-6.60729],[-35.97146,-6.60493],[-35.96917,-6.60152],[-35.96988,-6.59947],[-35.97233,-6.59855],[-35.97851,-6.60252],[-35.98263,-6.59242],[-35.98606,-6.59374],[-35.99567,-6.58981],[-36.00458,-6.59333],[-35.99911,-6.59761],[-35.9911,-6.60015],[-35.98944,-6.60902],[-35.99224,-6.61607],[-36.00187,-6.61993],[-36.0046,-6.62385],[-36.01627,-6.62161],[-36.02177,-6.62374],[-36.03207,-6.62388],[-36.03076,-6.63426],[-36.03627,-6.64312],[-36.04237,-6.64483],[-36.04717,-6.65022],[-36.05273,-6.64994],[-36.05953,-6.66129],[-36.07052,-6.65827],[-36.07533,-6.65268],[-36.08616,-6.65949],[-36.087,-6.66328],[-36.09253,-6.6629],[-36.08562,-6.67248],[-36.08766,-6.67791],[-36.08263,-6.68609],[-36.08425,-6.70298],[-36.09262,-6.70928],[-36.08978,-6.72087],[-36.091,-6.72496],[-36.09386,-6.72628],[-36.09798,-6.72362],[-36.10142,-6.7265],[-36.10268,-6.72564],[-36.10416,-6.70768],[-36.10897,-6.71288],[-36.11172,-6.70759],[-36.11584,-6.70493],[-36.12116,-6.71132],[-36.12202,-6.69949],[-36.12614,-6.7043],[-36.12993,-6.7161],[-36.13712,-6.71269],[-36.14165,-6.71882],[-36.13697,-6.72564],[-36.14271,-6.73246],[-36.13523,-6.73383],[-36.133,-6.73757],[-36.12995,-6.73519],[-36.13049,-6.73042],[-36.12565,-6.7236],[-36.12339,-6.72374],[-36.12302,-6.73042],[-36.12039,-6.73246],[-36.12017,-6.73587],[-36.12308,-6.74133],[-36.1202,-6.74405],[-36.12699,-6.74951],[-36.12324,-6.75496],[-36.12598,-6.76042],[-36.12476,-6.76306],[-36.12064,-6.76228],[-36.11652,-6.75812],[-36.1129,-6.7461],[-36.10762,-6.74269],[-36.10668,-6.73724],[-36.1021,-6.73092],[-36.09479,-6.73451],[-36.09223,-6.73792],[-36.0929,-6.74201],[-36.09814,-6.7461],[-36.09804,-6.75156],[-36.09517,-6.7536],[-36.09617,-6.75974],[-36.10062,-6.76315],[-36.10695,-6.77678],[-36.10622,-6.78301],[-36.09992,-6.77678],[-36.10106,-6.78701],[-36.10875,-6.80201],[-36.11446,-6.80117],[-36.11721,-6.80338],[-36.11721,-6.80663],[-36.1124,-6.80505],[-36.10997,-6.81088],[-36.11446,-6.82139],[-36.108,-6.81974],[-36.10691,-6.82502],[-36.1021,-6.82266],[-36.09592,-6.80399],[-36.09221,-6.80542],[-36.09043,-6.81173],[-36.08705,-6.80338],[-36.08121,-6.80201],[-36.08469,-6.79588],[-36.07891,-6.79519],[-36.07862,-6.79042],[-36.07493,-6.78701],[-36.07389,-6.78019],[-36.07841,-6.77747],[-36.07433,-6.77474],[-36.0742,-6.76997],[-36.07121,-6.76553],[-36.06684,-6.76656],[-36.06751,-6.77201],[-36.07007,-6.77474],[-36.06915,-6.77705],[-36.06571,-6.77787],[-36.06022,-6.77424],[-36.05198,-6.77466],[-36.05219,-6.77747],[-36.05679,-6.77754],[-36.05894,-6.78019],[-36.05747,-6.78453],[-36.05267,-6.78251],[-36.05198,-6.78774],[-36.04855,-6.78615],[-36.04511,-6.7807],[-36.04237,-6.78286],[-36.04099,-6.78172],[-36.0385,-6.76519],[-36.03481,-6.75934],[-36.03231,-6.76247],[-36.03138,-6.77308],[-36.02984,-6.77269],[-36.02726,-6.76363],[-36.02507,-6.7686],[-36.02039,-6.77018],[-36.01866,-6.77678],[-36.02245,-6.78119],[-36.02863,-6.77695],[-36.03138,-6.78633],[-36.02604,-6.79656],[-36.02647,-6.80133],[-36.02285,-6.8061],[-36.02383,-6.81089],[-36.03001,-6.81265],[-36.03138,-6.80872],[-36.04099,-6.81089],[-36.04923,-6.8064],[-36.05314,-6.80747],[-36.05267,-6.81268],[-36.05825,-6.81224],[-36.05129,-6.81726],[-36.04031,-6.81569],[-36.03981,-6.81906],[-36.04398,-6.82247],[-36.04421,-6.82588],[-36.03756,-6.82857],[-36.03344,-6.83557],[-36.04305,-6.84389],[-36.04855,-6.8349],[-36.05198,-6.83694],[-36.06297,-6.833],[-36.0664,-6.83427],[-36.07258,-6.83241],[-36.07323,-6.83406],[-36.06915,-6.83787],[-36.06228,-6.83851],[-36.05467,-6.84156],[-36.05411,-6.8436],[-36.06069,-6.84633],[-36.06321,-6.85724],[-36.07121,-6.86538],[-36.08487,-6.86814],[-36.08974,-6.87125],[-36.09318,-6.87065],[-36.09515,-6.87292],[-36.09485,-6.87973],[-36.09318,-6.88064],[-36.08974,-6.875],[-36.08309,-6.87564],[-36.08189,-6.87087],[-36.07807,-6.87178],[-36.07121,-6.86787],[-36.06571,-6.87068],[-36.06142,-6.86746],[-36.05953,-6.86134],[-36.05473,-6.86354],[-36.05061,-6.86011],[-36.0472,-6.86405],[-36.04828,-6.87087],[-36.05992,-6.88314],[-36.04855,-6.8805],[-36.04649,-6.88617],[-36.04397,-6.88791],[-36.04511,-6.89034],[-36.05061,-6.89193],[-36.05062,-6.89746],[-36.0561,-6.90055],[-36.05953,-6.8991],[-36.0664,-6.90217],[-36.06983,-6.8955],[-36.07652,-6.8995],[-36.07861,-6.90768],[-36.08494,-6.90959],[-36.08898,-6.91382],[-36.08148,-6.91586],[-36.08418,-6.92268],[-36.09249,-6.92675],[-36.09867,-6.92552],[-36.09798,-6.92755],[-36.09291,-6.92949],[-36.09486,-6.93563],[-36.09382,-6.93904],[-36.08425,-6.93204],[-36.0767,-6.91905],[-36.06571,-6.92325],[-36.04168,-6.92582],[-36.039,-6.92949],[-36.04707,-6.93358],[-36.03962,-6.93724],[-36.03297,-6.93563],[-36.03138,-6.93062],[-36.02314,-6.93003],[-36.01421,-6.92386],[-36.0046,-6.92166],[-35.99567,-6.91679],[-35.95928,-6.90558],[-35.95585,-6.90593],[-35.95648,-6.91041],[-35.96821,-6.91903],[-35.97851,-6.92175],[-35.98097,-6.92404],[-35.98642,-6.92404],[-35.98848,-6.93086],[-35.99718,-6.93699],[-35.99461,-6.93972],[-35.9943,-6.95644],[-35.98194,-6.95248],[-35.97713,-6.94692],[-35.96463,-6.94313],[-35.95516,-6.93719],[-35.95151,-6.93904],[-35.95589,-6.94858],[-35.94808,-6.94994],[-35.95654,-6.95789],[-35.96066,-6.95748],[-35.9634,-6.95451],[-35.97095,-6.96065],[-35.97782,-6.95845],[-35.98194,-6.96015],[-35.98509,-6.97039],[-35.98007,-6.97312],[-35.98051,-6.97652],[-35.98743,-6.98015],[-35.9925,-6.98607],[-35.98675,-6.98542],[-35.98583,-6.98947],[-35.98771,-6.99288],[-35.98403,-6.99356],[-35.9811,-6.99016],[-35.97988,-6.9829],[-35.97301,-6.97985],[-35.95928,-6.98156],[-35.95821,-6.97993],[-35.96035,-6.97448],[-35.95384,-6.96766],[-35.94761,-6.96484],[-35.9428,-6.96004],[-35.94006,-6.96524],[-35.93731,-6.96485],[-35.9325,-6.9557],[-35.92907,-6.95827],[-35.92413,-6.95267],[-35.92976,-6.95352],[-35.93343,-6.94858],[-35.92458,-6.94108],[-35.92334,-6.93699],[-35.92014,-6.93885],[-35.91534,-6.93755],[-35.90753,-6.93904],[-35.90687,-6.93427],[-35.90228,-6.92949],[-35.90778,-6.92721],[-35.91519,-6.91722],[-35.90127,-6.90632],[-35.9018,-6.90086],[-35.89336,-6.90509],[-35.88836,-6.90223],[-35.89006,-6.89677],[-35.88499,-6.89268],[-35.89509,-6.88655],[-35.88993,-6.88629],[-35.88718,-6.88398],[-35.88293,-6.87701],[-35.8868,-6.87428],[-35.87985,-6.8661],[-35.89647,-6.87087],[-35.89284,-6.86678],[-35.88996,-6.8586],[-35.89385,-6.85587],[-35.89482,-6.85178],[-35.88444,-6.84577],[-35.881,-6.84605],[-35.88069,-6.84156],[-35.87757,-6.83811],[-35.86915,-6.83815],[-35.86868,-6.8436],[-35.8653,-6.84769],[-35.87048,-6.85042],[-35.87009,-6.85383],[-35.87452,-6.85655],[-35.87581,-6.86201],[-35.85354,-6.85335],[-35.84736,-6.85257],[-35.84538,-6.85655],[-35.84843,-6.86473],[-35.84667,-6.86709],[-35.83785,-6.85587],[-35.84049,-6.84841],[-35.82882,-6.84598],[-35.82607,-6.83798],[-35.81989,-6.83915],[-35.81818,-6.84769],[-35.81234,-6.85408],[-35.80685,-6.85347],[-35.80936,-6.84906],[-35.80753,-6.84701],[-35.7938,-6.85029],[-35.78693,-6.84541],[-35.77183,-6.84325],[-35.7732,-6.85287],[-35.76702,-6.8548],[-35.75741,-6.84815],[-35.75603,-6.85315],[-35.7478,-6.8492],[-35.74093,-6.85061],[-35.72651,-6.83956],[-35.7169,-6.84222],[-35.71175,-6.8361],[-35.70728,-6.83465],[-35.69698,-6.8367],[-35.69355,-6.84438],[-35.70248,-6.84308],[-35.7114,-6.84501],[-35.7169,-6.84326],[-35.72565,-6.84428],[-35.72849,-6.84837],[-35.72788,-6.85335],[-35.73718,-6.8586],[-35.73495,-6.86269],[-35.7375,-6.86288],[-35.73956,-6.86002],[-35.74312,-6.86201],[-35.74035,-6.86473],[-35.74162,-6.86953],[-35.75189,-6.86883],[-35.75535,-6.86238],[-35.76277,-6.86337],[-35.76359,-6.85789],[-35.77045,-6.85977],[-35.77183,-6.86459],[-35.77782,-6.86746],[-35.77663,-6.8736],[-35.76633,-6.8704],[-35.76387,-6.87155],[-35.77116,-6.87769],[-35.77045,-6.8809],[-35.75054,-6.88163],[-35.74517,-6.8845],[-35.75123,-6.88604],[-35.75878,-6.90381],[-35.77067,-6.907],[-35.7719,-6.91041],[-35.78479,-6.91995],[-35.78048,-6.92063],[-35.76565,-6.91135],[-35.76319,-6.91722],[-35.76702,-6.92437],[-35.7629,-6.92116],[-35.75844,-6.92131],[-35.75697,-6.91654],[-35.75329,-6.915],[-35.7498,-6.91518],[-35.74711,-6.91819],[-35.73887,-6.91708],[-35.74642,-6.93162],[-35.73612,-6.92395],[-35.73063,-6.92758],[-35.72604,-6.92472],[-35.72582,-6.92027],[-35.71747,-6.91995],[-35.71415,-6.91697],[-35.71581,-6.91245],[-35.71292,-6.91109],[-35.7119,-6.90632],[-35.7066,-6.90206],[-35.69973,-6.89838],[-35.69355,-6.89853],[-35.68943,-6.8941],[-35.6805,-6.89407],[-35.67965,-6.89746],[-35.68262,-6.90155],[-35.67708,-6.90632],[-35.67776,-6.9096],[-35.68943,-6.90688],[-35.69852,-6.907],[-35.69526,-6.91313],[-35.69698,-6.9171],[-35.69008,-6.91995],[-35.69355,-6.92442],[-35.69904,-6.92303],[-35.70079,-6.92472],[-35.69682,-6.93222],[-35.69857,-6.93904],[-35.70454,-6.94352],[-35.7066,-6.94877],[-35.7114,-6.94949],[-35.71415,-6.95246],[-35.72111,-6.95062],[-35.71346,-6.95499],[-35.70591,-6.95387],[-35.69836,-6.94562],[-35.6908,-6.95051],[-35.69025,-6.93836],[-35.68668,-6.93619],[-35.68458,-6.93767],[-35.68581,-6.94381],[-35.67776,-6.95479],[-35.67323,-6.94926],[-35.66677,-6.94639],[-35.66334,-6.95335],[-35.65784,-6.94837],[-35.65441,-6.95188],[-35.6496,-6.95153],[-35.64437,-6.94653],[-35.63999,-6.94595],[-35.64137,-6.95247],[-35.6474,-6.95267],[-35.64423,-6.9588],[-35.64617,-6.95968],[-35.64823,-6.95573],[-35.65578,-6.95455],[-35.66128,-6.9576],[-35.66677,-6.95574],[-35.6672,-6.96085],[-35.67056,-6.96357],[-35.66579,-6.96835],[-35.66814,-6.96948],[-35.67158,-6.96746],[-35.67707,-6.96971],[-35.67921,-6.97312],[-35.67905,-6.97652],[-35.68099,-6.97857],[-35.67707,-6.98533],[-35.68151,-6.98266],[-35.68236,-6.97448],[-35.686,-6.97084],[-35.68749,-6.97312],[-35.68644,-6.97857],[-35.69218,-6.98333],[-35.69745,-6.97721],[-35.70454,-6.97789],[-35.70934,-6.98748],[-35.71209,-6.98787],[-35.71415,-6.98462],[-35.72215,-6.99016],[-35.72012,-6.99629],[-35.73475,-6.99981],[-35.74098,-6.99902],[-35.74368,-6.99349],[-35.74897,-6.99561],[-35.745,-6.99833],[-35.74182,-7.00515],[-35.74711,-7.00823],[-35.7526,-7.00545],[-35.76084,-7.00821],[-35.76084,-7.00985],[-35.75741,-7.00995],[-35.75479,-7.01333],[-35.7549,-7.02151],[-35.76496,-7.02943],[-35.77663,-7.02734],[-35.77705,-7.02491],[-35.77244,-7.01946],[-35.77297,-7.01673],[-35.77869,-7.01934],[-35.78281,-7.01588],[-35.78831,-7.01509],[-35.78978,-7.01265],[-35.78808,-7.00924],[-35.79105,-7.0074],[-35.79272,-7.01265],[-35.80141,-7.01673],[-35.79998,-7.01891],[-35.79243,-7.01655],[-35.79105,-7.02048],[-35.78213,-7.01975],[-35.78221,-7.02219],[-35.78968,-7.02536],[-35.79449,-7.02339],[-35.80155,-7.02559],[-35.80309,-7.02832],[-35.79723,-7.02633],[-35.79481,-7.03036],[-35.78419,-7.02859],[-35.77457,-7.03135],[-35.77286,-7.03309],[-35.77374,-7.03445],[-35.78093,-7.03718],[-35.77251,-7.0401],[-35.77183,-7.04496],[-35.76702,-7.04226],[-35.76359,-7.04446],[-35.75809,-7.04151],[-35.75741,-7.05158],[-35.75224,-7.05558],[-35.75412,-7.0583],[-35.75084,-7.06103],[-35.76015,-7.06232],[-35.76427,-7.06637],[-35.781,-7.06921],[-35.78251,-7.07193],[-35.77845,-7.07943],[-35.78419,-7.0812],[-35.78556,-7.08425],[-35.78968,-7.08376],[-35.79174,-7.08799],[-35.79517,-7.0878],[-35.80317,-7.08284],[-35.79961,-7.08624],[-35.79586,-7.0976],[-35.78693,-7.09502],[-35.78213,-7.0955],[-35.77801,-7.09855],[-35.77457,-7.09457],[-35.76839,-7.09623],[-35.76575,-7.10055],[-35.76733,-7.106],[-35.77045,-7.10915],[-35.77794,-7.11145],[-35.77814,-7.11622],[-35.7814,-7.12099],[-35.77794,-7.12167],[-35.77699,-7.12372],[-35.78487,-7.12601],[-35.78487,-7.12833],[-35.78182,-7.13053],[-35.78322,-7.13258],[-35.78867,-7.13326],[-35.78898,-7.12917],[-35.79105,-7.12802],[-35.79792,-7.13035],[-35.79655,-7.1344],[-35.78989,-7.13803],[-35.79045,-7.14075],[-35.80341,-7.15365],[-35.82539,-7.16748],[-35.83868,-7.18231],[-35.85079,-7.18852],[-35.85253,-7.19525],[-35.85651,-7.1973],[-35.86023,-7.20479],[-35.86521,-7.20775],[-35.86315,-7.21328],[-35.85425,-7.20888],[-35.85734,-7.2191],[-35.8655,-7.22591],[-35.86452,-7.22929],[-35.86025,-7.23068],[-35.86302,-7.24362],[-35.86796,-7.24637],[-35.86787,-7.25247],[-35.87201,-7.26065],[-35.87757,-7.26496],[-35.88448,-7.26678],[-35.88924,-7.27393],[-35.89328,-7.27223],[-35.89062,-7.26214],[-35.88621,-7.25724],[-35.88558,-7.25247],[-35.88822,-7.25043],[-35.88712,-7.24566],[-35.88994,-7.24634],[-35.89336,-7.25238],[-35.89954,-7.25228],[-35.89998,-7.25792],[-35.90613,-7.26269],[-35.91053,-7.26252],[-35.91085,-7.2443],[-35.91396,-7.23973],[-35.91815,-7.23817],[-35.9152,-7.23272],[-35.91671,-7.23057],[-35.92099,-7.23272],[-35.92285,-7.23817],[-35.91908,-7.24703],[-35.91969,-7.25179],[-35.9277,-7.2599],[-35.93746,-7.25452],[-35.94624,-7.25455],[-35.94658,-7.25043],[-35.94131,-7.24634],[-35.9428,-7.2433],[-35.9531,-7.24561],[-35.95654,-7.24251],[-35.95984,-7.25043],[-35.9586,-7.25601],[-35.96409,-7.25995],[-35.96771,-7.25724],[-35.9674,-7.25111],[-35.97027,-7.24799],[-35.97457,-7.24771],[-35.97713,-7.24369],[-35.97845,-7.24703],[-35.97602,-7.25588],[-35.97782,-7.26089],[-35.98408,-7.26065],[-35.98363,-7.26542],[-35.98573,-7.26814],[-35.99018,-7.26771],[-35.9943,-7.26973],[-36.00117,-7.26709],[-36.00941,-7.27615],[-36.01376,-7.26814],[-36.00538,-7.26201],[-36.00993,-7.25929],[-36.01215,-7.25279],[-36.01765,-7.25146],[-36.01728,-7.25724],[-36.01902,-7.25992],[-36.03275,-7.25373],[-36.03619,-7.25838],[-36.0422,-7.25724],[-36.04331,-7.25588],[-36.04135,-7.25179],[-36.0449,-7.24362],[-36.05061,-7.23838],[-36.05125,-7.24634],[-36.05412,-7.24907],[-36.05059,-7.25316],[-36.05428,-7.25792],[-36.05101,-7.25929],[-36.04923,-7.2635],[-36.04566,-7.26405],[-36.04562,-7.2661],[-36.05473,-7.26926],[-36.05885,-7.27273],[-36.06434,-7.27291],[-36.06477,-7.26814],[-36.06805,-7.26542],[-36.06458,-7.26269],[-36.06503,-7.26121],[-36.06915,-7.25992],[-36.07651,-7.26133],[-36.07113,-7.25111],[-36.07464,-7.24999],[-36.08013,-7.25329],[-36.08451,-7.25111],[-36.07807,-7.24575],[-36.07191,-7.2443],[-36.07395,-7.24198],[-36.08442,-7.23885],[-36.08082,-7.23487],[-36.07395,-7.23346],[-36.07382,-7.23136],[-36.08356,-7.22621],[-36.087,-7.22145],[-36.0973,-7.22623],[-36.09867,-7.21642],[-36.10691,-7.22266],[-36.10966,-7.2218],[-36.11652,-7.2252],[-36.1179,-7.22897],[-36.12064,-7.23013],[-36.12025,-7.22114],[-36.12198,-7.21569],[-36.11785,-7.21228],[-36.12408,-7.20984],[-36.12664,-7.20547],[-36.13163,-7.20572],[-36.13438,-7.2081],[-36.14235,-7.2082],[-36.1316,-7.21569],[-36.13282,-7.22046],[-36.14124,-7.22051],[-36.1396,-7.22523],[-36.15017,-7.22565],[-36.15549,-7.23136],[-36.15478,-7.2334],[-36.14351,-7.23749],[-36.14948,-7.24208],[-36.16047,-7.23958],[-36.16665,-7.24117],[-36.17352,-7.23757],[-36.1797,-7.23949],[-36.1845,-7.23059],[-36.18725,-7.23443],[-36.19274,-7.23355],[-36.19452,-7.23545],[-36.19028,-7.25111],[-36.17485,-7.25384],[-36.17272,-7.25724],[-36.16528,-7.2618],[-36.16348,-7.26882],[-36.16734,-7.27035],[-36.17695,-7.26571],[-36.18862,-7.26394],[-36.1892,-7.27087],[-36.1948,-7.26769],[-36.20647,-7.27414],[-36.21192,-7.27359],[-36.2051,-7.28096],[-36.21044,-7.28176],[-36.21127,-7.28517],[-36.21975,-7.28857],[-36.2198,-7.29266],[-36.21074,-7.29607],[-36.21265,-7.29996],[-36.21815,-7.29745],[-36.21952,-7.30382],[-36.22531,-7.30151],[-36.22419,-7.29675],[-36.22679,-7.2947],[-36.22303,-7.29062],[-36.23031,-7.28789],[-36.2315,-7.28381],[-36.23531,-7.28341],[-36.23767,-7.28449],[-36.24012,-7.29003],[-36.24639,-7.28585],[-36.24905,-7.28607],[-36.25082,-7.29402],[-36.2482,-7.29879],[-36.24973,-7.30113],[-36.2566,-7.30158],[-36.26965,-7.30751],[-36.26799,-7.30083],[-36.27051,-7.29675],[-36.2675,-7.29334],[-36.27275,-7.28789],[-36.27239,-7.28261],[-36.27583,-7.28152],[-36.27445,-7.2785],[-36.26759,-7.27711],[-36.26278,-7.27991],[-36.25724,-7.27768],[-36.25277,-7.27291],[-36.24767,-7.27236],[-36.24493,-7.26879],[-36.23875,-7.2692],[-36.23394,-7.27383],[-36.22728,-7.27427],[-36.22529,-7.27291],[-36.2257,-7.26865],[-36.21818,-7.26201],[-36.21826,-7.25929],[-36.22501,-7.25743],[-36.22976,-7.25997],[-36.22929,-7.25656],[-36.23327,-7.25316],[-36.23355,-7.24839],[-36.22903,-7.24566],[-36.22982,-7.2405],[-36.22501,-7.23977],[-36.22089,-7.24145],[-36.21698,-7.23749],[-36.22083,-7.23476],[-36.21781,-7.22727],[-36.21883,-7.2248],[-36.22707,-7.23326],[-36.229,-7.23204],[-36.22739,-7.22318],[-36.22946,-7.21365],[-36.22332,-7.20547],[-36.22293,-7.1973],[-36.2195,-7.19049],[-36.22021,-7.18741],[-36.2263,-7.19389],[-36.22778,-7.20343],[-36.23463,-7.2036],[-36.24043,-7.2082],[-36.24022,-7.21297],[-36.237,-7.21773],[-36.24165,-7.21978],[-36.23945,-7.22318],[-36.24379,-7.23136],[-36.24326,-7.23408],[-36.24931,-7.23749],[-36.24836,-7.2445],[-36.2555,-7.24226],[-36.25258,-7.23545],[-36.25963,-7.23136],[-36.25817,-7.22591],[-36.25525,-7.22387],[-36.25653,-7.22114],[-36.25447,-7.21637],[-36.25682,-7.2116],[-36.25343,-7.20207],[-36.26209,-7.20513],[-36.26553,-7.2044],[-36.26267,-7.21365],[-36.26392,-7.21637],[-36.26762,-7.21773],[-36.26965,-7.22273],[-36.27181,-7.2225],[-36.27789,-7.21448],[-36.28201,-7.2152],[-36.2875,-7.21012],[-36.28944,-7.21501],[-36.28525,-7.21773],[-36.28362,-7.22182],[-36.28667,-7.22523],[-36.27209,-7.23068],[-36.27089,-7.23817],[-36.2772,-7.24073],[-36.28201,-7.23994],[-36.28475,-7.2426],[-36.2875,-7.23838],[-36.29162,-7.23956],[-36.29711,-7.23686],[-36.30312,-7.23681],[-36.31015,-7.23272],[-36.30947,-7.22908],[-36.30378,-7.22455],[-36.30604,-7.22139],[-36.30878,-7.22222],[-36.31599,-7.21978],[-36.31168,-7.21433],[-36.31565,-7.2116],[-36.31301,-7.20479],[-36.31607,-7.20139],[-36.31565,-7.19672],[-36.3184,-7.19539],[-36.32044,-7.1973],[-36.31961,-7.2007],[-36.32114,-7.20318],[-36.32439,-7.19866],[-36.33213,-7.19721],[-36.32513,-7.21024],[-36.32595,-7.21438],[-36.34487,-7.21228],[-36.34541,-7.21569],[-36.3429,-7.21978],[-36.33482,-7.2225],[-36.33076,-7.22598],[-36.33055,-7.22931],[-36.33523,-7.23204],[-36.32731,-7.23681],[-36.32801,-7.23878],[-36.33609,-7.24021],[-36.33762,-7.24408],[-36.34444,-7.24294],[-36.34416,-7.24975],[-36.33484,-7.25247],[-36.33831,-7.25859],[-36.3493,-7.25687],[-36.35045,-7.25452],[-36.34827,-7.24975],[-36.35822,-7.24194],[-36.36303,-7.24893],[-36.37539,-7.24948],[-36.37907,-7.24771],[-36.37903,-7.2443],[-36.37459,-7.23749],[-36.37716,-7.23068],[-36.3724,-7.22727],[-36.37402,-7.22297],[-36.38017,-7.22046],[-36.37694,-7.21365],[-36.37715,-7.2082],[-36.38065,-7.20752],[-36.38363,-7.20953],[-36.38369,-7.20411],[-36.37951,-7.20045],[-36.37231,-7.19798],[-36.37545,-7.19321],[-36.37464,-7.19185],[-36.37127,-7.19154],[-36.36784,-7.19565],[-36.36582,-7.19525],[-36.36471,-7.19185],[-36.36856,-7.18504],[-36.36303,-7.18187],[-36.36028,-7.18301],[-36.35881,-7.18027],[-36.3596,-7.1774],[-36.36578,-7.17724],[-36.36693,-7.1755],[-36.36419,-7.17073],[-36.36596,-7.1646],[-36.36426,-7.15915],[-36.36915,-7.15438],[-36.3637,-7.14756],[-36.36921,-7.14753],[-36.37201,-7.14348],[-36.36779,-7.13394],[-36.37058,-7.13029],[-36.37278,-7.13462],[-36.37745,-7.13618],[-36.37807,-7.13871],[-36.3727,-7.15506],[-36.3747,-7.16284],[-36.37676,-7.16461],[-36.38363,-7.15906],[-36.3862,-7.15983],[-36.38246,-7.16732],[-36.38432,-7.17327],[-36.37814,-7.17672],[-36.37765,-7.18231],[-36.38523,-7.18912],[-36.38706,-7.19353],[-36.3886,-7.19253],[-36.38804,-7.18776],[-36.39256,-7.18407],[-36.39239,-7.18776],[-36.39668,-7.18917],[-36.40285,-7.20629],[-36.40495,-7.20615],[-36.41178,-7.19708],[-36.40952,-7.19321],[-36.41659,-7.17562],[-36.42002,-7.17743],[-36.42414,-7.1704],[-36.43134,-7.16732],[-36.41855,-7.18844],[-36.42483,-7.18936],[-36.43368,-7.1864],[-36.43159,-7.19049],[-36.42312,-7.19457],[-36.42351,-7.19866],[-36.42955,-7.20275],[-36.41853,-7.20956],[-36.42983,-7.21501],[-36.42414,-7.21982],[-36.41659,-7.22015],[-36.40941,-7.22727],[-36.41178,-7.23057],[-36.42757,-7.23086],[-36.43011,-7.23272],[-36.42545,-7.24566],[-36.41764,-7.24771],[-36.41865,-7.25203],[-36.40949,-7.25452],[-36.4159,-7.26063],[-36.41585,-7.26337],[-36.40384,-7.26405],[-36.40604,-7.27087],[-36.41721,-7.27359],[-36.42202,-7.277],[-36.42136,-7.2804],[-36.42757,-7.28486],[-36.4365,-7.28607],[-36.43468,-7.28244],[-36.43852,-7.2804],[-36.43105,-7.27087],[-36.4335,-7.26746],[-36.43358,-7.26337],[-36.43993,-7.25963],[-36.4468,-7.26063],[-36.46167,-7.25724],[-36.45467,-7.25247],[-36.45397,-7.24839],[-36.44681,-7.24294],[-36.43981,-7.2443],[-36.4399,-7.24089],[-36.44611,-7.2336],[-36.45023,-7.23595],[-36.45687,-7.23476],[-36.45324,-7.22182],[-36.45916,-7.21873],[-36.46143,-7.22863],[-36.46671,-7.23319],[-36.47015,-7.23348],[-36.47065,-7.24089],[-36.47358,-7.24361],[-36.47633,-7.24329],[-36.47858,-7.23136],[-36.48113,-7.2288],[-36.48502,-7.22863],[-36.48642,-7.21637],[-36.49212,-7.22022],[-36.49281,-7.21449],[-36.50103,-7.21228],[-36.49805,-7.20683],[-36.50105,-7.20114],[-36.4925,-7.19798],[-36.48771,-7.19321],[-36.50791,-7.19664],[-36.514,-7.18367],[-36.51611,-7.18367],[-36.51458,-7.1864],[-36.51658,-7.19117],[-36.51354,-7.19457],[-36.51353,-7.2007],[-36.50817,-7.20411],[-36.50822,-7.2082],[-36.50402,-7.21433],[-36.50542,-7.2191],[-36.5028,-7.22318],[-36.50394,-7.22931],[-36.50585,-7.23077],[-36.51821,-7.22975],[-36.52552,-7.22523],[-36.53932,-7.2225],[-36.53058,-7.22863],[-36.53194,-7.23317],[-36.52714,-7.23233],[-36.524,-7.23476],[-36.52576,-7.24336],[-36.5189,-7.23846],[-36.51478,-7.24315],[-36.50875,-7.24566],[-36.51272,-7.2535],[-36.51615,-7.25419],[-36.52264,-7.26065],[-36.52359,-7.26473],[-36.50448,-7.26316],[-36.49843,-7.26814],[-36.49624,-7.27555],[-36.49036,-7.26473],[-36.48457,-7.26281],[-36.48045,-7.26415],[-36.47495,-7.26135],[-36.47176,-7.2661],[-36.48071,-7.27291],[-36.48374,-7.27836],[-36.48251,-7.27979],[-36.47268,-7.27972],[-36.47788,-7.28653],[-36.48572,-7.28994],[-36.48045,-7.29443],[-36.48731,-7.29238],[-36.50173,-7.29473],[-36.50517,-7.29056],[-36.50981,-7.2947],[-36.51134,-7.30411],[-36.51762,-7.3022],[-36.52027,-7.29618],[-36.52439,-7.2976],[-36.52851,-7.29566],[-36.52902,-7.29743],[-36.52477,-7.3022],[-36.53538,-7.30364],[-36.54205,-7.3022],[-36.54254,-7.30424],[-36.53675,-7.30911],[-36.53057,-7.31029],[-36.52645,-7.30695],[-36.52062,-7.30764],[-36.52375,-7.31514],[-36.5189,-7.31727],[-36.51871,-7.32058],[-36.52988,-7.33028],[-36.5086,-7.32773],[-36.50673,-7.32263],[-36.50379,-7.32102],[-36.50383,-7.32603],[-36.49916,-7.32876],[-36.49768,-7.33284],[-36.5024,-7.33489],[-36.5035,-7.33965],[-36.49778,-7.35123],[-36.50713,-7.34919],[-36.50823,-7.34578],[-36.50686,-7.34102],[-36.51134,-7.33937],[-36.51409,-7.34344],[-36.52143,-7.3451],[-36.51924,-7.35055],[-36.52609,-7.356],[-36.51713,-7.35872],[-36.52027,-7.36266],[-36.52714,-7.36314],[-36.53137,-7.36076],[-36.53426,-7.34851],[-36.5395,-7.3435],[-36.5443,-7.34489],[-36.54842,-7.34378],[-36.55529,-7.34818],[-36.5601,-7.34559],[-36.56328,-7.34851],[-36.56341,-7.35464],[-36.56559,-7.35593],[-36.56765,-7.35478],[-36.5692,-7.34919],[-36.5621,-7.3417],[-36.56154,-7.33761],[-36.55508,-7.33421],[-36.56353,-7.33221],[-36.57131,-7.33352],[-36.57148,-7.32944],[-36.56202,-7.32399],[-36.56504,-7.32195],[-36.56623,-7.31786],[-36.57383,-7.32073],[-36.57864,-7.32017],[-36.58207,-7.32442],[-36.58675,-7.32603],[-36.58997,-7.32127],[-36.58344,-7.3169],[-36.58276,-7.31402],[-36.59649,-7.31325],[-36.60052,-7.31786],[-36.60336,-7.32893],[-36.60574,-7.32671],[-36.6064,-7.31718],[-36.61335,-7.31854],[-36.61307,-7.31309],[-36.61777,-7.30655],[-36.62464,-7.31124],[-36.63212,-7.31309],[-36.63195,-7.31037],[-36.626,-7.30288],[-36.62781,-7.29811],[-36.62074,-7.29607],[-36.61925,-7.29402],[-36.62111,-7.28994],[-36.62533,-7.28888],[-36.62807,-7.28573],[-36.64006,-7.28585],[-36.64031,-7.27972],[-36.62739,-7.28077],[-36.62533,-7.27744],[-36.61843,-7.27359],[-36.62059,-7.26882],[-36.6164,-7.26717],[-36.61297,-7.26889],[-36.6061,-7.26529],[-36.60385,-7.26065],[-36.60816,-7.26085],[-36.60933,-7.25929],[-36.60101,-7.2552],[-36.60336,-7.25193],[-36.61915,-7.25445],[-36.62445,-7.25179],[-36.61476,-7.24498],[-36.62023,-7.24089],[-36.61438,-7.2334],[-36.62258,-7.23082],[-36.62198,-7.22795],[-36.61784,-7.22455],[-36.62625,-7.22318],[-36.62464,-7.2145],[-36.63082,-7.21722],[-36.63298,-7.21569],[-36.63317,-7.21024],[-36.63677,-7.20615],[-36.63631,-7.20053],[-36.64112,-7.19687],[-36.65216,-7.19525],[-36.64758,-7.19934],[-36.64759,-7.20411],[-36.64348,-7.20479],[-36.6408,-7.21228],[-36.64516,-7.21978],[-36.63918,-7.22318],[-36.63806,-7.23],[-36.63906,-7.23223],[-36.64318,-7.23278],[-36.64397,-7.23545],[-36.637,-7.24064],[-36.63357,-7.23979],[-36.6311,-7.24158],[-36.63288,-7.2437],[-36.637,-7.24215],[-36.64169,-7.24498],[-36.64215,-7.24907],[-36.64661,-7.25339],[-36.65279,-7.25184],[-36.65132,-7.24771],[-36.65417,-7.23891],[-36.66241,-7.23907],[-36.67126,-7.24226],[-36.67294,-7.23681],[-36.67202,-7.23068],[-36.67545,-7.23084],[-36.68469,-7.22591],[-36.68166,-7.22182],[-36.68232,-7.22016],[-36.69056,-7.21593],[-36.69468,-7.22108],[-36.69743,-7.21888],[-36.70155,-7.21914],[-36.70498,-7.21507],[-36.70979,-7.21752],[-36.70979,-7.21149],[-36.71391,-7.21339],[-36.72009,-7.21242],[-36.7203,-7.21501],[-36.71597,-7.21802],[-36.71459,-7.22152],[-36.70979,-7.22359],[-36.70429,-7.22156],[-36.69608,-7.22591],[-36.69262,-7.23327],[-36.68724,-7.23885],[-36.68575,-7.24884],[-36.67751,-7.25066],[-36.6707,-7.25588],[-36.67063,-7.26337],[-36.67683,-7.26351],[-36.67957,-7.26071],[-36.68267,-7.26473],[-36.68781,-7.26678],[-36.67863,-7.27087],[-36.68069,-7.27563],[-36.67274,-7.27972],[-36.67629,-7.28585],[-36.68116,-7.28926],[-36.66795,-7.29607],[-36.66391,-7.30015],[-36.67422,-7.30356],[-36.67545,-7.30901],[-36.6656,-7.31377],[-36.67042,-7.31582],[-36.67143,-7.32263],[-36.67477,-7.32423],[-36.6782,-7.3234],[-36.68095,-7.31712],[-36.68575,-7.31645],[-36.6885,-7.31318],[-36.69468,-7.31761],[-36.69618,-7.30833],[-36.70498,-7.30433],[-36.70369,-7.31241],[-36.70567,-7.31457],[-36.71597,-7.31029],[-36.71665,-7.31464],[-36.72489,-7.31162],[-36.73468,-7.31241],[-36.74686,-7.30407],[-36.75163,-7.3056],[-36.75204,-7.30696],[-36.74412,-7.31286],[-36.73519,-7.31683],[-36.7345,-7.3213],[-36.72764,-7.31829],[-36.72283,-7.3213],[-36.71803,-7.32127],[-36.71185,-7.32506],[-36.70027,-7.32808],[-36.72077,-7.33054],[-36.73358,-7.33897],[-36.73107,-7.34],[-36.71597,-7.33449],[-36.70292,-7.335],[-36.6898,-7.33829],[-36.69325,-7.34578],[-36.69056,-7.34981],[-36.6882,-7.34919],[-36.68575,-7.34479],[-36.67751,-7.34383],[-36.67065,-7.33994],[-36.66653,-7.34212],[-36.65417,-7.34151],[-36.65224,-7.34374],[-36.65623,-7.34667],[-36.62948,-7.34919],[-36.64387,-7.35179],[-36.67581,-7.36349],[-36.66309,-7.36489],[-36.66203,-7.36757],[-36.66515,-7.37023],[-36.67443,-7.37098],[-36.68507,-7.3661],[-36.68507,-7.37131],[-36.68277,-7.3737],[-36.68369,-7.37966],[-36.68781,-7.37589],[-36.70017,-7.37732],[-36.70979,-7.37536],[-36.72104,-7.37915],[-36.71535,-7.38187],[-36.72626,-7.38914],[-36.71803,-7.38879],[-36.70979,-7.38528],[-36.70633,-7.38664],[-36.71528,-7.39393],[-36.71693,-7.39754],[-36.71528,-7.39844],[-36.70397,-7.39481],[-36.70405,-7.40298],[-36.706,-7.40707],[-36.70361,-7.40985],[-36.69737,-7.40503],[-36.69858,-7.39958],[-36.69674,-7.39731],[-36.69262,-7.39679],[-36.68781,-7.3993],[-36.68575,-7.39445],[-36.67957,-7.3954],[-36.67202,-7.39144],[-36.66584,-7.40152],[-36.66378,-7.39398],[-36.65897,-7.3921],[-36.6559,-7.39617],[-36.65791,-7.40435],[-36.65554,-7.41195],[-36.65295,-7.40298],[-36.64862,-7.4023],[-36.65166,-7.39413],[-36.6473,-7.39332],[-36.64066,-7.39617],[-36.63798,-7.39413],[-36.63915,-7.39005],[-36.63425,-7.38769],[-36.6258,-7.39481],[-36.62922,-7.39822],[-36.62732,-7.40298],[-36.61887,-7.40979],[-36.63201,-7.41252],[-36.62616,-7.41933],[-36.62691,-7.4275],[-36.62539,-7.4309],[-36.6267,-7.43275],[-36.63082,-7.43108],[-36.63563,-7.42111],[-36.63906,-7.42023],[-36.64181,-7.41566],[-36.64567,-7.42001],[-36.64513,-7.42477],[-36.6416,-7.4275],[-36.65045,-7.42954],[-36.64524,-7.43594],[-36.65211,-7.437],[-36.65279,-7.44066],[-36.65829,-7.43731],[-36.66103,-7.44223],[-36.66859,-7.44018],[-36.66859,-7.44449],[-36.68232,-7.44633],[-36.68507,-7.44498],[-36.68713,-7.44836],[-36.69111,-7.44792],[-36.6885,-7.45618],[-36.6782,-7.45887],[-36.67339,-7.45723],[-36.66915,-7.46018],[-36.66833,-7.46358],[-36.6576,-7.46627],[-36.65454,-7.46903],[-36.65554,-7.4709],[-36.66859,-7.46943],[-36.6795,-7.46426],[-36.67271,-7.47324],[-36.66551,-7.4772],[-36.66584,-7.4804],[-36.67065,-7.47919],[-36.67683,-7.48062],[-36.6799,-7.48333],[-36.67829,-7.48605],[-36.67165,-7.48877],[-36.67133,-7.49431],[-36.66859,-7.49654],[-36.66172,-7.49641],[-36.65691,-7.49903],[-36.65533,-7.49354],[-36.65142,-7.49325],[-36.64508,-7.48264],[-36.64593,-7.47304],[-36.64155,-7.47516],[-36.64043,-7.48036],[-36.63631,-7.48187],[-36.63067,-7.47107],[-36.62601,-7.46928],[-36.61983,-7.47065],[-36.61854,-7.47311],[-36.61983,-7.47532],[-36.63008,-7.48264],[-36.62743,-7.48673],[-36.62811,-7.48945],[-36.64,-7.50034],[-36.63906,-7.50247],[-36.63082,-7.50547],[-36.62121,-7.50386],[-36.61654,-7.50715],[-36.61347,-7.5126],[-36.61494,-7.516],[-36.60998,-7.51804],[-36.61022,-7.52417],[-36.60454,-7.51873],[-36.60336,-7.5114],[-36.59959,-7.51396],[-36.59718,-7.51977],[-36.59168,-7.51405],[-36.58598,-7.5126],[-36.59198,-7.50511],[-36.59557,-7.50375],[-36.5981,-7.49898],[-36.59758,-7.49422],[-36.60293,-7.48537],[-36.60198,-7.48379],[-36.59855,-7.4842],[-36.591,-7.4883],[-36.59374,-7.47992],[-36.5855,-7.48026],[-36.58379,-7.4772],[-36.5874,-7.47243],[-36.59306,-7.47161],[-36.59664,-7.46358],[-36.59443,-7.46329],[-36.59168,-7.46612],[-36.57864,-7.46304],[-36.57691,-7.46562],[-36.57876,-7.47107],[-36.57615,-7.47243],[-36.57452,-7.47948],[-36.56147,-7.4755],[-36.55607,-7.46971],[-36.55608,-7.4663],[-36.5527,-7.46086],[-36.56378,-7.45541],[-36.55673,-7.44724],[-36.55919,-7.44452],[-36.55872,-7.44216],[-36.54636,-7.43466],[-36.54449,-7.43635],[-36.54988,-7.44248],[-36.54466,-7.44452],[-36.54442,-7.45133],[-36.5395,-7.45086],[-36.53606,-7.45373],[-36.53194,-7.45149],[-36.52933,-7.45269],[-36.53675,-7.45734],[-36.53923,-7.46086],[-36.53904,-7.46562],[-36.54817,-7.47447],[-36.54556,-7.48196],[-36.54864,-7.49013],[-36.55328,-7.49354],[-36.55406,-7.50034],[-36.55048,-7.5045],[-36.55051,-7.49966],[-36.54018,-7.49248],[-36.53057,-7.49666],[-36.5237,-7.50269],[-36.5189,-7.50113],[-36.51821,-7.4949],[-36.50517,-7.49927],[-36.49967,-7.49225],[-36.49693,-7.49193],[-36.49349,-7.48509],[-36.49042,-7.48333],[-36.48878,-7.47652],[-36.49212,-7.47415],[-36.49478,-7.4629],[-36.50058,-7.45677],[-36.49349,-7.45434],[-36.48869,-7.45621],[-36.46671,-7.44285],[-36.46214,-7.44452],[-36.46053,-7.44887],[-36.45367,-7.44646],[-36.44886,-7.45139],[-36.43856,-7.44245],[-36.43101,-7.4426],[-36.42803,-7.44452],[-36.4302,-7.44996],[-36.42636,-7.45201],[-36.42209,-7.46086],[-36.43513,-7.468],[-36.43993,-7.46133],[-36.44337,-7.46285],[-36.44611,-7.46119],[-36.45475,-7.46154],[-36.44948,-7.4663],[-36.45291,-7.47175],[-36.45147,-7.47652],[-36.45985,-7.48418],[-36.46658,-7.48673],[-36.46191,-7.4895],[-36.45504,-7.48721],[-36.45158,-7.49081],[-36.45534,-7.49286],[-36.45577,-7.49694],[-36.46122,-7.5034],[-36.46788,-7.50034],[-36.46834,-7.50647],[-36.47308,-7.50783],[-36.47224,-7.51124],[-36.47562,-7.51396],[-36.47358,-7.51523],[-36.46465,-7.51392],[-36.46899,-7.51941],[-36.4674,-7.52078],[-36.45857,-7.51941],[-36.45229,-7.5115],[-36.44886,-7.51633],[-36.44268,-7.51218],[-36.43925,-7.52041],[-36.43547,-7.51873],[-36.43101,-7.51053],[-36.42395,-7.51532],[-36.42673,-7.51941],[-36.42442,-7.52281],[-36.42688,-7.52621],[-36.42395,-7.53234],[-36.42882,-7.53847],[-36.42414,-7.5396],[-36.41659,-7.5358],[-36.41315,-7.53641],[-36.40903,-7.53397],[-36.40727,-7.53506],[-36.41803,-7.54936],[-36.41977,-7.55548],[-36.41796,-7.5582],[-36.43101,-7.56602],[-36.43581,-7.57192],[-36.43581,-7.56893],[-36.42271,-7.54595],[-36.4365,-7.54677],[-36.43787,-7.54388],[-36.44337,-7.54205],[-36.44264,-7.5371],[-36.44405,-7.53549],[-36.45985,-7.53865],[-36.4524,-7.54595],[-36.45473,-7.54936],[-36.45327,-7.55344],[-36.45573,-7.55679],[-36.46122,-7.55378],[-36.46324,-7.5548],[-36.4638,-7.56025],[-36.46049,-7.56433],[-36.46465,-7.56798],[-36.46809,-7.56623],[-36.47221,-7.56816],[-36.47427,-7.56197],[-36.47839,-7.56004],[-36.47855,-7.56706],[-36.48251,-7.57246],[-36.488,-7.5737],[-36.48937,-7.5656],[-36.49349,-7.56434],[-36.49624,-7.56978],[-36.49997,-7.5691],[-36.50242,-7.55453],[-36.52164,-7.55764],[-36.52081,-7.56025],[-36.51409,-7.56028],[-36.50917,-7.56365],[-36.50964,-7.56706],[-36.51353,-7.56978],[-36.50723,-7.57827],[-36.502,-7.58135],[-36.50199,-7.58339],[-36.50505,-7.58543],[-36.50454,-7.58816],[-36.50166,-7.59156],[-36.49693,-7.59198],[-36.4913,-7.59836],[-36.49281,-7.59959],[-36.49555,-7.59546],[-36.4983,-7.59633],[-36.50035,-7.59905],[-36.49946,-7.60313],[-36.5019,-7.60925],[-36.51134,-7.61416],[-36.51208,-7.6113],[-36.50855,-7.60653],[-36.51152,-7.60245],[-36.50997,-7.59761],[-36.51684,-7.60148],[-36.5189,-7.60575],[-36.52988,-7.61217],[-36.53073,-7.60993],[-36.5248,-7.60177],[-36.52508,-7.59853],[-36.5292,-7.59976],[-36.5315,-7.59496],[-36.53675,-7.59194],[-36.53744,-7.59523],[-36.54362,-7.59558],[-36.54911,-7.59196],[-36.55186,-7.59213],[-36.55252,-7.5936],[-36.54853,-7.59905],[-36.5393,-7.60517],[-36.5441,-7.6113],[-36.54129,-7.6147],[-36.54224,-7.61968],[-36.53341,-7.62287],[-36.53606,-7.62552],[-36.54224,-7.62701],[-36.5546,-7.62185],[-36.55626,-7.62491],[-36.55941,-7.62472],[-36.56971,-7.6125],[-36.57183,-7.61538],[-36.57806,-7.61606],[-36.58001,-7.62207],[-36.59306,-7.62402],[-36.59606,-7.6215],[-36.59632,-7.61742],[-36.60161,-7.6147],[-36.60109,-7.60585],[-36.60404,-7.60171],[-36.60748,-7.60036],[-36.60885,-7.59684],[-36.61231,-7.60245],[-36.60954,-7.60331],[-36.60585,-7.60857],[-36.61219,-7.61606],[-36.61777,-7.61904],[-36.62258,-7.61606],[-36.63143,-7.62014],[-36.62801,-7.62423],[-36.63156,-7.62695],[-36.62656,-7.63103],[-36.63273,-7.6358],[-36.62384,-7.63988],[-36.62231,-7.64396],[-36.61572,-7.64582],[-36.6116,-7.64304],[-36.6061,-7.64537],[-36.60552,-7.65145],[-36.5958,-7.65243],[-36.58482,-7.66151],[-36.57246,-7.65981],[-36.56943,-7.66166],[-36.56902,-7.66554],[-36.55558,-7.66574],[-36.55717,-7.67186],[-36.55529,-7.67589],[-36.54876,-7.67527],[-36.54705,-7.67185],[-36.54377,-7.67323],[-36.54837,-7.67663],[-36.54224,-7.67868],[-36.54255,-7.68275],[-36.54842,-7.69097],[-36.55735,-7.69423],[-36.55805,-7.69772],[-36.55542,-7.70113],[-36.55569,-7.70385],[-36.56696,-7.71246],[-36.57918,-7.71133],[-36.57665,-7.695],[-36.5718,-7.6882],[-36.57233,-7.68411],[-36.56565,-7.67935],[-36.56614,-7.67663],[-36.5752,-7.67693],[-36.58207,-7.67933],[-36.58619,-7.67662],[-36.58894,-7.68032],[-36.59924,-7.67991],[-36.60013,-7.67663],[-36.5963,-7.66982],[-36.59786,-7.66475],[-36.60404,-7.6628],[-36.6078,-7.66574],[-36.60954,-7.67057],[-36.61225,-7.6671],[-36.6121,-7.6637],[-36.6164,-7.66515],[-36.61911,-7.65894],[-36.62121,-7.65851],[-36.62431,-7.6637],[-36.62209,-7.66982],[-36.62458,-7.67255],[-36.61902,-7.67731],[-36.61932,-7.68003],[-36.62189,-7.68177],[-36.62807,-7.67845],[-36.63038,-7.67118],[-36.63906,-7.67124],[-36.63917,-7.66846],[-36.64222,-7.6671],[-36.64112,-7.66479],[-36.63288,-7.66073],[-36.63481,-7.65757],[-36.63425,-7.65377],[-36.64112,-7.65215],[-36.64387,-7.65658],[-36.65211,-7.65834],[-36.654,-7.65689],[-36.65073,-7.64712],[-36.64112,-7.64542],[-36.63713,-7.64192],[-36.6421,-7.63716],[-36.64112,-7.6303],[-36.64936,-7.63268],[-36.65142,-7.6313],[-36.64387,-7.61467],[-36.64593,-7.61386],[-36.64802,-7.61674],[-36.65279,-7.61723],[-36.66103,-7.62252],[-36.66441,-7.61538],[-36.67133,-7.60937],[-36.67957,-7.61022],[-36.68176,-7.61334],[-36.6761,-7.62082],[-36.67614,-7.6248],[-36.67133,-7.62423],[-36.67041,-7.62899],[-36.66356,-7.63444],[-36.66484,-7.63988],[-36.66364,-7.64192],[-36.66927,-7.64129],[-36.673,-7.64464],[-36.66809,-7.64941],[-36.67065,-7.65302],[-36.67753,-7.65689],[-36.67657,-7.66166],[-36.67889,-7.66462],[-36.68403,-7.6637],[-36.68129,-7.65621],[-36.68225,-7.65485],[-36.68507,-7.65417],[-36.69056,-7.65765],[-36.6978,-7.65485],[-36.69871,-7.65009],[-36.69605,-7.64438],[-36.70844,-7.65553],[-36.70773,-7.6604],[-36.70223,-7.66263],[-36.70223,-7.66442],[-36.7091,-7.66594],[-36.71253,-7.66446],[-36.72009,-7.67029],[-36.72131,-7.6671],[-36.71821,-7.6637],[-36.71803,-7.66067],[-36.72283,-7.65979],[-36.73038,-7.66443],[-36.73656,-7.66117],[-36.74068,-7.66162],[-36.74412,-7.65894],[-36.74297,-7.65417],[-36.73361,-7.64669],[-36.74686,-7.65003],[-36.74827,-7.64532],[-36.74405,-7.64192],[-36.74317,-7.63784],[-36.74813,-7.63648],[-36.75304,-7.64095],[-36.75579,-7.6338],[-36.75922,-7.63342],[-36.76345,-7.62763],[-36.76884,-7.62598],[-36.77065,-7.62831],[-36.76439,-7.63103],[-36.76378,-7.63852],[-36.75991,-7.64275],[-36.75579,-7.64415],[-36.75243,-7.64941],[-36.75573,-7.65417],[-36.7551,-7.65986],[-36.75167,-7.66158],[-36.74549,-7.66091],[-36.74402,-7.66914],[-36.7503,-7.66725],[-36.7551,-7.66883],[-36.75716,-7.67202],[-36.76334,-7.67008],[-36.76403,-7.67536],[-36.76746,-7.67489],[-36.7812,-7.68245],[-36.78463,-7.67726],[-36.79007,-7.67459],[-36.7926,-7.66914],[-36.79768,-7.66944],[-36.80077,-7.67118],[-36.79973,-7.67391],[-36.80143,-7.67595],[-36.81719,-7.68207],[-36.81004,-7.68361],[-36.8018,-7.67995],[-36.7963,-7.67502],[-36.79287,-7.67499],[-36.78733,-7.68071],[-36.789,-7.69364],[-36.77845,-7.69429],[-36.77296,-7.69243],[-36.76884,-7.69761],[-36.76472,-7.6969],[-36.76534,-7.69092],[-36.75991,-7.68711],[-36.75442,-7.69127],[-36.74068,-7.6856],[-36.73725,-7.69009],[-36.72901,-7.69081],[-36.72558,-7.68491],[-36.71948,-7.6916],[-36.70704,-7.68916],[-36.70361,-7.69252],[-36.68644,-7.68652],[-36.68507,-7.69],[-36.68987,-7.69128],[-36.69825,-7.69772],[-36.69928,-7.70181],[-36.70292,-7.70331],[-36.70346,-7.70793],[-36.70773,-7.71056],[-36.71459,-7.71148],[-36.71851,-7.71678],[-36.71253,-7.71514],[-36.70979,-7.71809],[-36.69743,-7.71906],[-36.6885,-7.71167],[-36.68232,-7.70946],[-36.67957,-7.7115],[-36.67408,-7.70315],[-36.66721,-7.70969],[-36.66484,-7.70861],[-36.66241,-7.70347],[-36.65829,-7.70353],[-36.65623,-7.71126],[-36.64867,-7.71082],[-36.64524,-7.70613],[-36.64555,-7.71133],[-36.64842,-7.71473],[-36.64593,-7.72144],[-36.64112,-7.71338],[-36.6366,-7.71405],[-36.63614,-7.71814],[-36.63219,-7.72123],[-36.63155,-7.72494],[-36.63454,-7.73242],[-36.64524,-7.74312],[-36.64936,-7.74259],[-36.65211,-7.73702],[-36.65544,-7.74195],[-36.65538,-7.74603],[-36.65974,-7.74739],[-36.66172,-7.74195],[-36.66828,-7.74535],[-36.66721,-7.75163],[-36.67477,-7.74842],[-36.67751,-7.75009],[-36.68026,-7.7456],[-36.68301,-7.74751],[-36.68781,-7.74609],[-36.68919,-7.75408],[-36.6988,-7.74912],[-36.70155,-7.74023],[-36.70567,-7.74208],[-36.71128,-7.73855],[-36.71164,-7.74263],[-36.7174,-7.74535],[-36.71334,-7.75284],[-36.71658,-7.7542],[-36.71803,-7.75806],[-36.72421,-7.75816],[-36.72598,-7.76032],[-36.72421,-7.76849],[-36.72626,-7.76914],[-36.72901,-7.76505],[-36.73519,-7.7632],[-36.73725,-7.76826],[-36.74274,-7.77087],[-36.74618,-7.7704],[-36.74529,-7.77733],[-36.74757,-7.78073],[-36.74137,-7.78254],[-36.74206,-7.78622],[-36.74686,-7.79071],[-36.75167,-7.79178],[-36.75236,-7.79657],[-36.75716,-7.79504],[-36.75922,-7.79896],[-36.7654,-7.80077],[-36.77433,-7.80028],[-36.7758,-7.80318],[-36.76727,-7.8059],[-36.76782,-7.81202],[-36.77123,-7.81747],[-36.78317,-7.82699],[-36.78069,-7.82971],[-36.78031,-7.83923],[-36.78574,-7.84332],[-36.78875,-7.84988],[-36.77502,-7.84382],[-36.76976,-7.83651],[-36.76815,-7.82654],[-36.76197,-7.82795],[-36.76053,-7.82359],[-36.7619,-7.82223],[-36.75482,-7.81543],[-36.7551,-7.80928],[-36.75167,-7.80622],[-36.74952,-7.80794],[-36.75234,-7.81407],[-36.74888,-7.81611],[-36.75,-7.82155],[-36.74741,-7.82359],[-36.74618,-7.81827],[-36.74113,-7.81611],[-36.73732,-7.80522],[-36.7408,-7.80386],[-36.73982,-7.80046],[-36.7297,-7.79323],[-36.72695,-7.80186],[-36.72421,-7.79044],[-36.71713,-7.79298],[-36.71702,-7.78821],[-36.72047,-7.78209],[-36.71665,-7.77737],[-36.71209,-7.77801],[-36.70979,-7.78703],[-36.70361,-7.78271],[-36.70017,-7.7753],[-36.69793,-7.77529],[-36.69805,-7.77937],[-36.69605,-7.78073],[-36.69125,-7.77659],[-36.6885,-7.77015],[-36.68084,-7.77053],[-36.68267,-7.77801],[-36.68874,-7.78413],[-36.68864,-7.79026],[-36.67683,-7.78759],[-36.67258,-7.78889],[-36.69013,-7.80318],[-36.68208,-7.80318],[-36.68476,-7.80726],[-36.67957,-7.81023],[-36.67922,-7.8127],[-36.69811,-7.82063],[-36.70027,-7.81951],[-36.69761,-7.8127],[-36.69949,-7.81048],[-36.70292,-7.81273],[-36.70773,-7.81276],[-36.71342,-7.81747],[-36.71047,-7.82121],[-36.70435,-7.82291],[-36.70809,-7.82903],[-36.70408,-7.83107],[-36.706,-7.83991],[-36.70493,-7.84264],[-36.72286,-7.8576],[-36.72009,-7.8586],[-36.71391,-7.85542],[-36.71116,-7.8571],[-36.70298,-7.85284],[-36.70292,-7.85698],[-36.69674,-7.86344],[-36.69488,-7.861],[-36.69525,-7.85488],[-36.68817,-7.8474],[-36.69258,-7.84468],[-36.68715,-7.83651],[-36.68977,-7.82903],[-36.68811,-7.82359],[-36.67854,-7.82087],[-36.67921,-7.82903],[-36.67683,-7.83139],[-36.67331,-7.81815],[-36.67065,-7.81499],[-36.66325,-7.81338],[-36.65829,-7.80589],[-36.65101,-7.80998],[-36.64846,-7.8093],[-36.65055,-7.80658],[-36.64717,-7.80182],[-36.65005,-7.8004],[-36.64991,-7.79774],[-36.63906,-7.78743],[-36.63494,-7.78806],[-36.63329,-7.78617],[-36.63823,-7.77529],[-36.62395,-7.77441],[-36.62685,-7.78141],[-36.62327,-7.78347],[-36.59806,-7.77121],[-36.5949,-7.7678],[-36.59577,-7.7644],[-36.59374,-7.76243],[-36.58894,-7.7648],[-36.5752,-7.75728],[-36.57368,-7.75828],[-36.57726,-7.76481],[-36.58619,-7.76723],[-36.58825,-7.7744],[-36.59718,-7.77819],[-36.60363,-7.78345],[-36.60254,-7.78821],[-36.60404,-7.792],[-36.59168,-7.79041],[-36.58756,-7.78595],[-36.58636,-7.78821],[-36.57984,-7.79094],[-36.58894,-7.79422],[-36.59786,-7.80234],[-36.60198,-7.80178],[-36.6068,-7.80386],[-36.60284,-7.80794],[-36.60829,-7.81202],[-36.60744,-7.81679],[-36.6116,-7.81734],[-36.61434,-7.82167],[-36.62114,-7.82291],[-36.62189,-7.82669],[-36.61412,-7.82631],[-36.61534,-7.83311],[-36.61228,-7.83732],[-36.60936,-7.83583],[-36.60816,-7.83053],[-36.60336,-7.8305],[-36.60267,-7.8265],[-36.59374,-7.82159],[-36.59674,-7.81747],[-36.59443,-7.81368],[-36.58207,-7.81164],[-36.58157,-7.81407],[-36.58426,-7.81747],[-36.58324,-7.82155],[-36.57658,-7.82332],[-36.57187,-7.82019],[-36.56943,-7.81747],[-36.57053,-7.8127],[-36.5734,-7.81066],[-36.57312,-7.80726],[-36.56856,-7.8059],[-36.56284,-7.80926],[-36.55683,-7.80726],[-36.55742,-7.80318],[-36.56103,-7.79978],[-36.55872,-7.79734],[-36.55215,-7.7957],[-36.55317,-7.79026],[-36.55117,-7.78674],[-36.54909,-7.78821],[-36.54911,-7.79335],[-36.54224,-7.7909],[-36.53781,-7.79366],[-36.54018,-7.79773],[-36.54674,-7.79978],[-36.5452,-7.80318],[-36.54999,-7.80726],[-36.54842,-7.81222],[-36.54224,-7.81168],[-36.53934,-7.81338],[-36.54156,-7.82293],[-36.53643,-7.82019],[-36.53618,-7.81611],[-36.53263,-7.81083],[-36.52439,-7.81156],[-36.52027,-7.8093],[-36.51316,-7.8127],[-36.51828,-7.82087],[-36.51546,-7.82372],[-36.50361,-7.81407],[-36.50316,-7.8127],[-36.50827,-7.80862],[-36.50379,-7.80491],[-36.50086,-7.80522],[-36.50232,-7.81202],[-36.49967,-7.81288],[-36.49121,-7.80998],[-36.49035,-7.80726],[-36.49668,-7.8059],[-36.48937,-7.80098],[-36.47633,-7.79735],[-36.47083,-7.80112],[-36.46382,-7.79298],[-36.46328,-7.78907],[-36.4571,-7.79056],[-36.45367,-7.78869],[-36.45181,-7.79298],[-36.44955,-7.79198],[-36.44822,-7.78957],[-36.45442,-7.78209],[-36.44955,-7.76787],[-36.43667,-7.76848],[-36.43942,-7.77325],[-36.43856,-7.77721],[-36.42655,-7.77461],[-36.43513,-7.78157],[-36.43581,-7.7853],[-36.41659,-7.7848],[-36.41247,-7.78721],[-36.40785,-7.78073],[-36.40148,-7.77851],[-36.40061,-7.78005],[-36.4056,-7.79068],[-36.40354,-7.79201],[-36.39736,-7.79044],[-36.39599,-7.78401],[-36.38805,-7.78413],[-36.38555,-7.77937],[-36.39056,-7.77733],[-36.3884,-7.77461],[-36.39055,-7.77189],[-36.38442,-7.76644],[-36.38775,-7.76041],[-36.39462,-7.76168],[-36.38987,-7.75284],[-36.39462,-7.75085],[-36.40079,-7.75281],[-36.39759,-7.74535],[-36.40244,-7.74399],[-36.39626,-7.73719],[-36.39599,-7.73218],[-36.37539,-7.71417],[-36.37228,-7.71473],[-36.37886,-7.73242],[-36.38535,-7.73719],[-36.38632,-7.73991],[-36.38107,-7.74467],[-36.38167,-7.74739],[-36.37703,-7.75011],[-36.38164,-7.75964],[-36.37814,-7.76541],[-36.36509,-7.76587],[-36.36646,-7.7596],[-36.35822,-7.75692],[-36.36324,-7.7508],[-36.35586,-7.74875],[-36.36046,-7.74467],[-36.35891,-7.7394],[-36.35342,-7.73671],[-36.34792,-7.73999],[-36.34312,-7.73982],[-36.34467,-7.73447],[-36.34291,-7.73174],[-36.33556,-7.72893],[-36.33144,-7.73435],[-36.32967,-7.72834],[-36.32664,-7.72637],[-36.32161,-7.72834],[-36.32729,-7.73583],[-36.32537,-7.74195],[-36.33649,-7.75352],[-36.3377,-7.76032],[-36.32664,-7.75841],[-36.32662,-7.76508],[-36.32389,-7.77165],[-36.32046,-7.7603],[-36.31428,-7.75418],[-36.30741,-7.76092],[-36.30597,-7.76032],[-36.30681,-7.7542],[-36.30466,-7.75308],[-36.29162,-7.7546],[-36.28819,-7.75918],[-36.28407,-7.75833],[-36.28924,-7.7508],[-36.29368,-7.74835],[-36.30123,-7.74584],[-36.31359,-7.74738],[-36.31476,-7.74603],[-36.2989,-7.73991],[-36.29505,-7.74319],[-36.29476,-7.73855],[-36.28278,-7.72902],[-36.30141,-7.72698],[-36.3036,-7.72358],[-36.29886,-7.72086],[-36.30192,-7.71568],[-36.29505,-7.71392],[-36.29277,-7.71746],[-36.2875,-7.71993],[-36.27764,-7.71746],[-36.27796,-7.71201],[-36.28608,-7.70657],[-36.28663,-7.70317],[-36.2772,-7.70189],[-36.27377,-7.70356],[-36.26681,-7.69976],[-36.27357,-7.69432],[-36.27445,-7.69046],[-36.28625,-7.68615],[-36.28804,-7.68275],[-36.28698,-7.67799],[-36.27926,-7.68083],[-36.27445,-7.67965],[-36.27353,-7.67527],[-36.26397,-7.67459],[-36.26194,-7.6705],[-36.26759,-7.66946],[-36.26755,-7.66778],[-36.25797,-7.66474],[-36.25454,-7.66667],[-36.25111,-7.66606],[-36.24406,-7.65894],[-36.25454,-7.65471],[-36.26415,-7.65507],[-36.27545,-7.65213],[-36.27033,-7.65053],[-36.26645,-7.646],[-36.24081,-7.64296],[-36.2373,-7.64532],[-36.23989,-7.65145],[-36.23806,-7.65327],[-36.23342,-7.65077],[-36.23257,-7.64253],[-36.21334,-7.63733],[-36.2082,-7.63784],[-36.21746,-7.64463],[-36.22364,-7.64666],[-36.22443,-7.65009],[-36.2294,-7.65349],[-36.229,-7.65757],[-36.23417,-7.6603],[-36.23646,-7.66438],[-36.22776,-7.66446],[-36.22639,-7.66868],[-36.22295,-7.66996],[-36.22091,-7.66914],[-36.22109,-7.66574],[-36.2154,-7.66126],[-36.21265,-7.66468],[-36.2051,-7.66194],[-36.20307,-7.66506],[-36.20441,-7.67038],[-36.19892,-7.67195],[-36.19444,-7.66778],[-36.1941,-7.66166],[-36.18587,-7.65735],[-36.18348,-7.66098],[-36.18833,-7.6671],[-36.18386,-7.67595],[-36.19411,-7.67891],[-36.19892,-7.67702],[-36.20373,-7.6811],[-36.2154,-7.68012],[-36.22227,-7.68201],[-36.22707,-7.67936],[-36.22913,-7.67297],[-36.23257,-7.67134],[-36.23586,-7.67595],[-36.23068,-7.68003],[-36.23188,-7.68355],[-36.23806,-7.68616],[-36.25111,-7.68403],[-36.25248,-7.68753],[-36.25752,-7.68888],[-36.26246,-7.69432],[-36.26232,-7.6984],[-36.25591,-7.70521],[-36.26247,-7.71201],[-36.25027,-7.71337],[-36.25866,-7.72051],[-36.24012,-7.71716],[-36.23943,-7.72044],[-36.22776,-7.71853],[-36.22129,-7.72086],[-36.23213,-7.73174],[-36.22158,-7.72814],[-36.22077,-7.7297],[-36.23738,-7.74195],[-36.2366,-7.74603],[-36.24341,-7.74875],[-36.24287,-7.75281],[-36.2257,-7.75013],[-36.22089,-7.74567],[-36.21471,-7.74786],[-36.21197,-7.75175],[-36.20922,-7.74152],[-36.20304,-7.74413],[-36.20098,-7.74727],[-36.19686,-7.74808],[-36.1948,-7.74344],[-36.18587,-7.73857],[-36.18666,-7.74739],[-36.19103,-7.75828],[-36.18894,-7.76032],[-36.19054,-7.76304],[-36.18382,-7.77128],[-36.16734,-7.748],[-36.16541,-7.74875],[-36.16467,-7.75284],[-36.15869,-7.7576],[-36.1591,-7.76546],[-36.15292,-7.76],[-36.14663,-7.76032],[-36.14564,-7.75964],[-36.15591,-7.75284],[-36.15292,-7.74718],[-36.14711,-7.74399],[-36.15465,-7.74195],[-36.15566,-7.73694],[-36.14973,-7.73106],[-36.15498,-7.73065],[-36.15791,-7.72494],[-36.1571,-7.72086],[-36.15292,-7.7213],[-36.15223,-7.7276],[-36.14468,-7.7244],[-36.14063,-7.72562],[-36.14054,-7.72154],[-36.13686,-7.71609],[-36.14399,-7.71639],[-36.14543,-7.71405],[-36.14056,-7.70881],[-36.13597,-7.70725],[-36.13206,-7.69976],[-36.12545,-7.69848],[-36.12401,-7.69976],[-36.13232,-7.71139],[-36.11034,-7.69644],[-36.09249,-7.67755],[-36.08631,-7.67523],[-36.0847,-7.67799],[-36.0943,-7.69432],[-36.09223,-7.69772],[-36.09249,-7.70185],[-36.08814,-7.70249],[-36.08928,-7.70793],[-36.08307,-7.71065],[-36.08631,-7.71377],[-36.09043,-7.71256],[-36.09274,-7.71814],[-36.0961,-7.72086],[-36.0973,-7.73473],[-36.09443,-7.73379],[-36.09425,-7.7297],[-36.08768,-7.72174],[-36.08219,-7.73318],[-36.0767,-7.72753],[-36.06983,-7.72655],[-36.06365,-7.72965],[-36.06022,-7.72802],[-36.05679,-7.73186],[-36.0516,-7.72698],[-36.05061,-7.72224],[-36.03756,-7.7241],[-36.03069,-7.72866],[-36.0284,-7.72834],[-36.02451,-7.72343],[-36.01902,-7.72631],[-36.01353,-7.72524],[-36.0114,-7.72698],[-36.01421,-7.73047],[-36.02795,-7.73107],[-36.03344,-7.73993],[-36.04992,-7.74235],[-36.05883,-7.74603],[-36.05287,-7.75011],[-36.05267,-7.75341],[-36.06365,-7.75715],[-36.07063,-7.76236],[-36.07515,-7.76916],[-36.07258,-7.77057],[-36.0664,-7.76881],[-36.06431,-7.76985],[-36.06406,-7.77597],[-36.0677,-7.78005],[-36.06748,-7.78227]]]}},{"type":"Feature","properties":{"cota":800,"indice":false},"geometry":{"type":"LineString","coordinates":[[-36.98101,-7.21081],[-36.97664,-7.2116],[-36.97964,-7.21354],[-36.98211,-7.21228],[-36.98101,-7.21081]]}},{"type":"Feature","properties":{"cota":700,"indice":false},"geometry":{"type":"LineString","coordinates":[[-37.12383,-7.17548],[-37.11971,-7.17497],[-37.11648,-7.17686],[-37.11903,-7.18537],[-37.10941,-7.18116],[-37.10323,-7.18211],[-37.10117,-7.17819],[-37.09362,-7.17958],[-37.08675,-7.17561],[-37.07577,-7.18072],[-37.07268,-7.19117],[-37.07967,-7.2007],[-37.07939,-7.20547],[-37.07165,-7.21108],[-37.06718,-7.21773],[-37.07412,-7.2225],[-37.09076,-7.22795],[-37.09826,-7.23476],[-37.11072,-7.24021],[-37.11656,-7.24498],[-37.12246,-7.24667],[-37.13688,-7.24617],[-37.14738,-7.24226],[-37.15199,-7.23668],[-37.15679,-7.23535],[-37.15906,-7.22727],[-37.15748,-7.22166],[-37.16091,-7.21977],[-37.17258,-7.22036],[-37.1728,-7.21024],[-37.16002,-7.20752],[-37.17327,-7.20557],[-37.17545,-7.20139],[-37.17337,-7.19457],[-37.1616,-7.18],[-37.14993,-7.17716],[-37.14891,-7.18231],[-37.14306,-7.185],[-37.12383,-7.17548]]}},{"type":"Feature","properties":{"cota":700,"indice":false},"geometry":{"type":"LineString","coordinates":[[-37.01809,-7.19791],[-37.00848,-7.19995],[-37.0023,-7.20404],[-36.98238,-7.20798],[-36.95766,-7.2106],[-36.95059,-7.20956],[-36.94909,-7.21092],[-36.95018,-7.21569],[-36.94393,-7.21979],[-36.95148,-7.2238],[-36.95629,-7.21781],[-36.96247,-7.22137],[-36.97414,-7.21869],[-36.97895,-7.22108],[-36.98788,-7.21555],[-37.0023,-7.21096],[-37.01397,-7.21259],[-37.02498,-7.2116],[-37.03045,-7.20786],[-37.04285,-7.20888],[-37.03938,-7.20426],[-37.02496,-7.20271],[-37.01809,-7.19791]]}},{"type":"Feature","properties":{"cota":800,"indice":false},"geometry":{"type":"LineString","coordinates":[[-37.12246,-7.17682],[-37.11992,-7.17754],[-37.12096,-7.18095],[-37.12943,-7.18912],[-37.12589,-7.19484],[-37.12005,-7.18844],[-37.10941,-7.18368],[-37.10323,-7.18544],[-37.09692,-7.19049],[-37.09911,-7.19457],[-37.0957,-7.1973],[-37.09723,-7.20002],[-37.09617,-7.20615],[-37.10049,-7.20831],[-37.10598,-7.20679],[-37.11147,-7.21157],[-37.10323,-7.21398],[-37.08401,-7.20985],[-37.08013,-7.21433],[-37.08195,-7.21757],[-37.09499,-7.22151],[-37.10392,-7.22042],[-37.11079,-7.22711],[-37.11765,-7.22826],[-37.12315,-7.22523],[-37.12344,-7.2225],[-37.12033,-7.2191],[-37.12452,-7.21593],[-37.1313,-7.21842],[-37.13117,-7.22182],[-37.13345,-7.22403],[-37.14169,-7.22259],[-37.14237,-7.21755],[-37.13551,-7.21387],[-37.13489,-7.2116],[-37.14306,-7.21048],[-37.14787,-7.20535],[-37.15409,-7.20343],[-37.15542,-7.19878],[-37.1616,-7.19878],[-37.16572,-7.20128],[-37.17183,-7.19934],[-37.17111,-7.19594],[-37.15954,-7.18372],[-37.15405,-7.18257],[-37.1484,-7.18572],[-37.14649,-7.18946],[-37.12246,-7.17682]]}},{"type":"Feature","properties":{"cota":900,"indice":false},"geometry":{"type":"LineString","coordinates":[[-37.11216,-7.18908],[-37.10365,-7.19117],[-37.11353,-7.20427],[-37.12524,-7.20411],[-37.13001,-7.20919],[-37.13139,-7.2043],[-37.141,-7.20714],[-37.1435,-7.20547],[-37.1429,-7.20139],[-37.14031,-7.19889],[-37.13345,-7.19673],[-37.12933,-7.19946],[-37.12658,-7.19913],[-37.11697,-7.19402],[-37.11216,-7.18908]]}},{"type":"Feature","properties":{"cota":800,"indice":false},"geometry":{"type":"LineString","coordinates":[[-37.05517,-7.19144],[-37.05133,-7.19321],[-37.05379,-7.19439],[-37.05517,-7.19144]]}},{"type":"Feature","properties":{"cota":700,"indice":false},"geometry":{"type":"LineString","coordinates":[[-37.038,-7.17872],[-37.03347,-7.17959],[-37.03423,-7.18299],[-37.03099,-7.19117],[-37.03961,-7.20002],[-37.04418,-7.20221],[-37.04762,-7.20007],[-37.05723,-7.20064],[-37.06066,-7.2043],[-37.06826,-7.20275],[-37.06682,-7.19798],[-37.06972,-7.19253],[-37.06615,-7.18774],[-37.05784,-7.18504],[-37.05379,-7.18104],[-37.0435,-7.1816],[-37.038,-7.17872]]}},{"type":"Feature","properties":{"cota":700,"indice":false},"geometry":{"type":"LineString","coordinates":[[-37.17876,-7.23947],[-37.1767,-7.24142],[-37.18082,-7.24677],[-37.18855,-7.24703],[-37.18288,-7.24073],[-37.17876,-7.23947]]}},{"type":"Feature","properties":{"cota":900,"indice":false},"geometry":{"type":"LineString","coordinates":[[-37.34425,-7.22856],[-37.34048,-7.23068],[-37.34768,-7.23198],[-37.35386,-7.23853],[-37.35873,-7.23749],[-37.36211,-7.2334],[-37.34425,-7.22856]]}},{"type":"Feature","properties":{"cota":800,"indice":false},"geometry":{"type":"LineString","coordinates":[[-37.32227,-7.23161],[-37.31884,-7.2324],[-37.31953,-7.23518],[-37.32292,-7.23408],[-37.32227,-7.23161]]}},{"type":"Feature","properties":{"cota":800,"indice":false},"geometry":{"type":"LineString","coordinates":[[-37.22546,-7.21569],[-37.2114,-7.21842],[-37.19697,-7.23068],[-37.19456,-7.23476],[-37.20486,-7.23493],[-37.22614,-7.2185],[-37.22546,-7.21569]]}},{"type":"Feature","properties":{"cota":700,"indice":false},"geometry":{"type":"LineString","coordinates":[[-37.27901,-7.2184],[-37.27598,-7.21978],[-37.27901,-7.22064],[-37.27901,-7.2184]]}},{"type":"Feature","properties":{"cota":900,"indice":false},"geometry":{"type":"LineString","coordinates":[[-37.30923,-7.21838],[-37.30542,-7.2191],[-37.30717,-7.22053],[-37.30923,-7.21838]]}},{"type":"Feature","properties":{"cota":800,"indice":false},"geometry":{"type":"LineString","coordinates":[[-37.25773,-7.20742],[-37.25336,-7.20888],[-37.2534,-7.21569],[-37.26254,-7.22314],[-37.26438,-7.22114],[-37.26412,-7.21569],[-37.25988,-7.21228],[-37.25773,-7.20742]]}},{"type":"Feature","properties":{"cota":800,"indice":false},"geometry":{"type":"LineString","coordinates":[[-37.21516,-7.204],[-37.20939,-7.20615],[-37.20623,-7.21164],[-37.19832,-7.21433],[-37.19769,-7.21842],[-37.20966,-7.21667],[-37.21763,-7.2082],[-37.21516,-7.204]]}},{"type":"Feature","properties":{"cota":800,"indice":false},"geometry":{"type":"LineString","coordinates":[[-37.24949,-7.20469],[-37.24668,-7.20615],[-37.24606,-7.21077],[-37.25068,-7.20888],[-37.24949,-7.20469]]}},{"type":"Feature","properties":{"cota":600,"indice":false},"geometry":{"type":"LineString","coordinates":[[-37.23576,-7.19656],[-37.22958,-7.1982],[-37.2277,-7.2007],[-37.23438,-7.2004],[-37.23717,-7.19798],[-37.23576,-7.19656]]}},{"type":"Feature","properties":{"cota":900,"indice":false},"geometry":{"type":"LineString","coordinates":[[-37.15816,-7.18624],[-37.15199,-7.1879],[-37.15116,-7.19389],[-37.16461,-7.19457],[-37.15816,-7.18624]]}},{"type":"Feature","properties":{"cota":800,"indice":false},"geometry":{"type":"LineString","coordinates":[[-37.04556,-7.1884],[-37.0432,-7.19049],[-37.04487,-7.19245],[-37.048,-7.19117],[-37.04556,-7.1884]]}},{"type":"Feature","properties":{"cota":800,"indice":false},"geometry":{"type":"LineString","coordinates":[[-37.08744,-7.18024],[-37.08089,-7.18299],[-37.0844,-7.18708],[-37.08055,-7.1898],[-37.08332,-7.19268],[-37.0863,-7.19185],[-37.09094,-7.18367],[-37.09067,-7.18163],[-37.08744,-7.18024]]}},{"type":"Feature","properties":{"cota":800,"indice":false},"geometry":{"type":"LineString","coordinates":[[-37.09705,-7.18285],[-37.09248,-7.18435],[-37.09205,-7.1864],[-37.09637,-7.18625],[-37.09807,-7.18435],[-37.09705,-7.18285]]}},{"type":"Feature","properties":{"cota":700,"indice":false},"geometry":{"type":"LineString","coordinates":[[-37.01946,-7.18087],[-37.01659,-7.18231],[-37.02221,-7.18581],[-37.02846,-7.18435],[-37.01946,-7.18087]]}},{"type":"Feature","properties":{"cota":800,"indice":false},"geometry":{"type":"LineString","coordinates":[[-36.98238,-7.1759],[-36.97006,-7.17754],[-36.97483,-7.18228],[-36.99157,-7.18163],[-36.98238,-7.1759]]}},{"type":"Feature","properties":{"cota":500,"indice":true},"geometry":{"type":"LineString","coordinates":[[-37.03457,-7.16794],[-37.03289,-7.16937],[-37.03526,-7.17035],[-37.03457,-7.16794]]}},{"type":"Feature","properties":{"cota":800,"indice":false},"geometry":{"type":"LineString","coordinates":[[-37.07371,-7.15898],[-37.07096,-7.15954],[-37.06478,-7.16594],[-37.06478,-7.17053],[-37.07233,-7.16821],[-37.07905,-7.16868],[-37.07906,-7.16528],[-37.07371,-7.15898]]}},{"type":"Feature","properties":{"cota":700,"indice":false},"geometry":{"type":"LineString","coordinates":[[-37.06821,-7.14599],[-37.06478,-7.14593],[-37.05816,-7.14961],[-37.05751,-7.15778],[-37.0615,-7.1646],[-37.05988,-7.17073],[-37.06203,-7.17442],[-37.0792,-7.17479],[-37.08538,-7.17245],[-37.08881,-7.1741],[-37.09225,-7.17214],[-37.09362,-7.16829],[-37.10428,-7.16664],[-37.09431,-7.16283],[-37.08607,-7.16457],[-37.07747,-7.15233],[-37.06821,-7.14599]]}},{"type":"Feature","properties":{"cota":800,"indice":false},"geometry":{"type":"LineString","coordinates":[[-37.06272,-7.15229],[-37.06021,-7.15506],[-37.06135,-7.15894],[-37.06853,-7.1571],[-37.06272,-7.15229]]}},{"type":"Feature","properties":{"cota":600,"indice":false},"geometry":{"type":"LineString","coordinates":[[-37.30854,-7.19578],[-37.30698,-7.19662],[-37.30854,-7.19806],[-37.30854,-7.19578]]}},{"type":"Feature","properties":{"cota":400,"indice":false},"geometry":{"type":"LineString","coordinates":[[-37.3621,-7.19395],[-37.36141,-7.19904],[-37.3621,-7.19395]]}},{"type":"Feature","properties":{"cota":700,"indice":false},"geometry":{"type":"LineString","coordinates":[[-37.18082,-7.18365],[-37.17709,-7.18435],[-37.17785,-7.19321],[-37.18288,-7.20346],[-37.18941,-7.1898],[-37.187,-7.18588],[-37.18082,-7.18365]]}},{"type":"Feature","properties":{"cota":300,"indice":false},"geometry":{"type":"LineString","coordinates":[[-37.32159,-7.18761],[-37.3233,-7.18912],[-37.32227,-7.19106],[-37.31974,-7.18844],[-37.32159,-7.18761]]}},{"type":"Feature","properties":{"cota":800,"indice":false},"geometry":{"type":"LineString","coordinates":[[-37.18494,-7.18755],[-37.18349,-7.18844],[-37.18494,-7.1898],[-37.18494,-7.18755]]}},{"type":"Feature","properties":{"cota":400,"indice":false},"geometry":{"type":"LineString","coordinates":[[-37.36828,-7.17598],[-37.36691,-7.17745],[-37.36895,-7.17754],[-37.36828,-7.17598]]}},{"type":"Feature","properties":{"cota":400,"indice":false},"geometry":{"type":"MultiLineString","coordinates":[[[-37.38888,-7.16314],[-37.38742,-7.16295]],[[-37.38739,-7.16295],[-37.37926,-7.16414],[-37.37446,-7.16292],[-37.34932,-7.17141],[-37.35386,-7.17425],[-37.37103,-7.1715],[-37.37355,-7.1755],[-37.37583,-7.17585],[-37.37784,-7.17005],[-37.38819,-7.16905],[-37.39121,-7.1646],[-37.38888,-7.16314]]]}},{"type":"Feature","properties":{"cota":400,"indice":false},"geometry":{"type":"LineString","coordinates":[[-37.39986,-7.16306],[-37.39722,-7.1646],[-37.39998,-7.1646],[-37.39986,-7.16306]]}},{"type":"Feature","properties":{"cota":300,"indice":false},"geometry":{"type":"LineString","coordinates":[[-37.32021,-7.1489],[-37.30923,-7.14959],[-37.30529,-7.15233],[-37.30949,-7.1537],[-37.3106,-7.15779],[-37.3395,-7.15915],[-37.33669,-7.15409],[-37.32021,-7.1489]]}},{"type":"Feature","properties":{"cota":300,"indice":false},"geometry":{"type":"MultiLineString","coordinates":[[[-37.37789,-7.13044],[-37.37614,-7.13189],[-37.37884,-7.13462],[-37.38122,-7.14688],[-37.38464,-7.14688],[-37.3827,-7.14259],[-37.38888,-7.1401],[-37.3894,-7.14126]],[[-37.38948,-7.14139],[-37.39162,-7.14361],[-37.39712,-7.1429],[-37.40398,-7.14498],[-37.40879,-7.14238],[-37.41428,-7.14262],[-37.4155,-7.14075],[-37.41291,-7.13741],[-37.39712,-7.13969],[-37.393,-7.1365],[-37.38968,-7.13929]],[[-37.38959,-7.13935],[-37.37789,-7.13044]]]}},{"type":"Feature","properties":{"cota":300,"indice":false},"geometry":{"type":"LineString","coordinates":[[-37.12933,-7.14749],[-37.1243,-7.14893],[-37.12589,-7.15361],[-37.13101,-7.15233],[-37.12933,-7.14749]]}},{"type":"Feature","properties":{"cota":400,"indice":false},"geometry":{"type":"LineString","coordinates":[[-36.97826,-7.13524],[-36.97093,-7.13598],[-36.97758,-7.13949],[-36.98006,-7.13803],[-36.97826,-7.13524]]}},{"type":"Feature","properties":{"cota":400,"indice":false},"geometry":{"type":"LineString","coordinates":[[-37.13894,-7.11139],[-37.13527,-7.1135],[-37.13825,-7.11418],[-37.13894,-7.11139]]}},{"type":"Feature","properties":{"cota":500,"indice":true},"geometry":{"type":"LineString","coordinates":[[-37.05929,-7.11139],[-37.05587,-7.11214],[-37.06087,-7.1135],[-37.05929,-7.11139]]}},{"type":"Feature","properties":{"cota":400,"indice":false},"geometry":{"type":"LineString","coordinates":[[-37.05654,-7.10871],[-37.05281,-7.10941],[-37.05145,-7.11214],[-37.0586,-7.11577],[-37.06409,-7.1146],[-37.06272,-7.11035],[-37.05654,-7.10871]]}},{"type":"Feature","properties":{"cota":400,"indice":false},"geometry":{"type":"LineString","coordinates":[[-37.06203,-7.10179],[-37.05943,-7.10396],[-37.06455,-7.10396],[-37.06203,-7.10179]]}},{"type":"Feature","properties":{"cota":400,"indice":false},"geometry":{"type":"LineString","coordinates":[[-37.1513,-7.09491],[-37.14993,-7.09749],[-37.15255,-7.09646],[-37.1513,-7.09491]]}},{"type":"Feature","properties":{"cota":400,"indice":false},"geometry":{"type":"LineString","coordinates":[[-37.07645,-7.09215],[-37.07233,-7.09211],[-37.07136,-7.09442],[-37.07744,-7.09578],[-37.07863,-7.09374],[-37.07645,-7.09215]]}},{"type":"Feature","properties":{"cota":700,"indice":false},"geometry":{"type":"LineString","coordinates":[[-37.01946,-7.09232],[-37.01331,-7.09442],[-37.01899,-7.09442],[-37.02083,-7.09306],[-37.01946,-7.09232]]}},{"type":"Feature","properties":{"cota":800,"indice":false},"geometry":{"type":"LineString","coordinates":[[-36.98032,-7.09168],[-36.97734,-7.09238],[-36.98032,-7.09394],[-36.98393,-7.09238],[-36.98032,-7.09168]]}},{"type":"Feature","properties":{"cota":400,"indice":false},"geometry":{"type":"LineString","coordinates":[[-37.88944,-7.3946],[-37.88601,-7.3956],[-37.88597,-7.39754],[-37.89393,-7.3989],[-37.88944,-7.3946]]}},{"type":"Feature","properties":{"cota":600,"indice":false},"geometry":{"type":"LineString","coordinates":[[-37.77546,-7.38042],[-37.7734,-7.38065],[-37.7734,-7.38522],[-37.77752,-7.38771],[-37.77958,-7.39166],[-37.78713,-7.39477],[-37.78919,-7.39383],[-37.79031,-7.39073],[-37.78851,-7.38721],[-37.7837,-7.38434],[-37.77752,-7.38554],[-37.77546,-7.38042]]}},{"type":"Feature","properties":{"cota":500,"indice":true},"geometry":{"type":"LineString","coordinates":[[-37.84344,-7.38358],[-37.84111,-7.38392],[-37.84344,-7.38807],[-37.84756,-7.39081],[-37.85039,-7.39005],[-37.84344,-7.38358]]}},{"type":"Feature","properties":{"cota":500,"indice":true},"geometry":{"type":"LineString","coordinates":[[-37.83657,-7.37969],[-37.83596,-7.38119],[-37.83971,-7.38256],[-37.83657,-7.37969]]}},{"type":"Feature","properties":{"cota":400,"indice":false},"geometry":{"type":"LineString","coordinates":[[-37.86541,-7.36824],[-37.86222,-7.36962],[-37.86266,-7.37177],[-37.86618,-7.36962],[-37.86541,-7.36824]]}},{"type":"Feature","properties":{"cota":400,"indice":false},"geometry":{"type":"LineString","coordinates":[[-37.87296,-7.36742],[-37.86859,-7.3703],[-37.87159,-7.37157],[-37.87296,-7.36742]]}},{"type":"Feature","properties":{"cota":400,"indice":false},"geometry":{"type":"LineString","coordinates":[[-37.88876,-7.22239],[-37.88696,-7.22863],[-37.87444,-7.24158],[-37.87234,-7.24771],[-37.87289,-7.25111],[-37.87502,-7.25244],[-37.88601,-7.25135],[-37.89219,-7.24757],[-37.89511,-7.25179],[-37.89517,-7.26473],[-37.8915,-7.2663],[-37.89082,-7.26959],[-37.8867,-7.27073],[-37.88131,-7.28176],[-37.87267,-7.28994],[-37.87502,-7.30228],[-37.88206,-7.30083],[-37.87929,-7.31718],[-37.88314,-7.32399],[-37.88807,-7.32476],[-37.88774,-7.32944],[-37.88189,-7.33522],[-37.87159,-7.33294],[-37.86541,-7.32866],[-37.8606,-7.32887],[-37.85743,-7.33693],[-37.8606,-7.34012],[-37.86147,-7.33557],[-37.86678,-7.33421],[-37.87102,-7.33693],[-37.87159,-7.34348],[-37.87571,-7.33958],[-37.88258,-7.34084],[-37.88601,-7.33889],[-37.88876,-7.34691],[-37.89356,-7.34273],[-37.89375,-7.33693],[-37.89778,-7.33625],[-37.89664,-7.33012],[-37.90429,-7.32876],[-37.90491,-7.32263],[-37.90785,-7.31854],[-37.89382,-7.3022],[-37.897,-7.29908],[-37.90286,-7.29879],[-37.90798,-7.28966],[-37.91759,-7.28985],[-37.92583,-7.2936],[-37.9314,-7.28994],[-37.92858,-7.28647],[-37.91846,-7.28585],[-37.91553,-7.27994],[-37.90989,-7.277],[-37.91009,-7.27223],[-37.90318,-7.27028],[-37.89876,-7.26473],[-37.90212,-7.24703],[-37.89462,-7.24362],[-37.89497,-7.23136],[-37.88876,-7.22239]]}},{"type":"Feature","properties":{"cota":500,"indice":true},"geometry":{"type":"LineString","coordinates":[[-37.90386,-7.27344],[-37.89938,-7.27836],[-37.89824,-7.28381],[-37.89902,-7.29266],[-37.90112,-7.29526],[-37.90336,-7.29198],[-37.90358,-7.28381],[-37.90703,-7.27904],[-37.90386,-7.27344]]}},{"type":"Feature","properties":{"cota":400,"indice":false},"geometry":{"type":"LineString","coordinates":[[-37.87846,-7.268],[-37.87551,-7.27087],[-37.87708,-7.27286],[-37.87915,-7.27018],[-37.87846,-7.268]]}},{"type":"Feature","properties":{"cota":600,"indice":false},"geometry":{"type":"LineString","coordinates":[[-37.88807,-7.24088],[-37.88124,-7.24294],[-37.87983,-7.24602],[-37.88654,-7.24498],[-37.88807,-7.24088]]}},{"type":"Feature","properties":{"cota":300,"indice":false},"geometry":{"type":"LineString","coordinates":[[-37.71709,-7.29663],[-37.71972,-7.29743],[-37.71915,-7.29894],[-37.71572,-7.29847],[-37.71509,-7.29675],[-37.71709,-7.29663]]}},{"type":"Feature","properties":{"cota":300,"indice":false},"geometry":{"type":"LineString","coordinates":[[-37.71091,-7.29257],[-37.71218,-7.2947],[-37.70885,-7.29918],[-37.70633,-7.29334],[-37.71091,-7.29257]]}},{"type":"Feature","properties":{"cota":400,"indice":false},"geometry":{"type":"LineString","coordinates":[[-37.69512,-7.28105],[-37.69279,-7.28108],[-37.69512,-7.28105]]}},{"type":"Feature","properties":{"cota":400,"indice":false},"geometry":{"type":"LineString","coordinates":[[-37.66903,-7.27286],[-37.66697,-7.27469],[-37.66993,-7.27495],[-37.66903,-7.27286]]}},{"type":"Feature","properties":{"cota":400,"indice":false},"geometry":{"type":"LineString","coordinates":[[-37.68002,-7.26262],[-37.67728,-7.26405],[-37.68032,-7.27155],[-37.6754,-7.27563],[-37.68963,-7.27982],[-37.68398,-7.27495],[-37.68361,-7.27223],[-37.68702,-7.27018],[-37.68395,-7.26882],[-37.68002,-7.26262]]}},{"type":"Feature","properties":{"cota":400,"indice":false},"geometry":{"type":"LineString","coordinates":[[-37.66834,-7.2572],[-37.6644,-7.2586],[-37.66903,-7.2618],[-37.67086,-7.25997],[-37.66834,-7.2572]]}},{"type":"Feature","properties":{"cota":400,"indice":false},"geometry":{"type":"LineString","coordinates":[[-37.64774,-7.24487],[-37.64156,-7.24822],[-37.64156,-7.24999],[-37.65392,-7.25492],[-37.65873,-7.25484],[-37.65803,-7.25043],[-37.64774,-7.24487]]}},{"type":"Feature","properties":{"cota":500,"indice":true},"geometry":{"type":"LineString","coordinates":[[-37.59968,-7.23994],[-37.59687,-7.24089],[-37.59899,-7.24208],[-37.59968,-7.23994]]}},{"type":"Feature","properties":{"cota":400,"indice":false},"geometry":{"type":"LineString","coordinates":[[-37.59968,-7.21319],[-37.59723,-7.21978],[-37.60036,-7.22567],[-37.61135,-7.22809],[-37.62302,-7.23735],[-37.62578,-7.2443],[-37.6337,-7.24089],[-37.63394,-7.23885],[-37.6285,-7.23204],[-37.6189,-7.22582],[-37.61204,-7.22701],[-37.60813,-7.2191],[-37.59968,-7.21319]]}},{"type":"Feature","properties":{"cota":300,"indice":false},"geometry":{"type":"LineString","coordinates":[[-37.74456,-7.18158],[-37.7424,-7.18367],[-37.74456,-7.18561],[-37.74664,-7.18367],[-37.74456,-7.18158]]}},{"type":"Feature","properties":{"cota":500,"indice":true},"geometry":{"type":"LineString","coordinates":[[-37.4548,-7.2645],[-37.45274,-7.26453],[-37.44986,-7.26882],[-37.45136,-7.27196],[-37.45731,-7.26678],[-37.4548,-7.2645]]}},{"type":"Feature","properties":{"cota":500,"indice":true},"geometry":{"type":"LineString","coordinates":[[-37.43694,-7.25367],[-37.43488,-7.25724],[-37.43763,-7.25966],[-37.44004,-7.25588],[-37.43694,-7.25367]]}},{"type":"Feature","properties":{"cota":700,"indice":false},"geometry":{"type":"LineString","coordinates":[[-37.52071,-7.24822],[-37.51745,-7.24975],[-37.52071,-7.2517],[-37.52192,-7.25043],[-37.52071,-7.24822]]}},{"type":"Feature","properties":{"cota":600,"indice":false},"geometry":{"type":"LineString","coordinates":[[-37.54887,-7.24802],[-37.54735,-7.24907],[-37.54818,-7.25129],[-37.54887,-7.24802]]}},{"type":"Feature","properties":{"cota":800,"indice":false},"geometry":{"type":"LineString","coordinates":[[-37.41154,-7.23733],[-37.40848,-7.23885],[-37.41634,-7.2455],[-37.41703,-7.24255],[-37.41154,-7.23733]]}},{"type":"Feature","properties":{"cota":700,"indice":false},"geometry":{"type":"LineString","coordinates":[[-37.50698,-7.21551],[-37.48536,-7.22387],[-37.48399,-7.22863],[-37.48792,-7.23613],[-37.5008,-7.25049],[-37.50835,-7.25196],[-37.51385,-7.25582],[-37.51535,-7.25043],[-37.51273,-7.24498],[-37.51611,-7.23681],[-37.50912,-7.23136],[-37.51011,-7.22591],[-37.50698,-7.21551]]}},{"type":"Feature","properties":{"cota":600,"indice":false},"geometry":{"type":"LineString","coordinates":[[-37.50561,-7.20188],[-37.49948,-7.20615],[-37.49874,-7.20998],[-37.49423,-7.21297],[-37.49393,-7.21605],[-37.48981,-7.21666],[-37.48158,-7.22315],[-37.48099,-7.22863],[-37.48532,-7.24021],[-37.49506,-7.25316],[-37.49497,-7.25724],[-37.50149,-7.26575],[-37.50973,-7.26862],[-37.51728,-7.26686],[-37.51965,-7.26201],[-37.51908,-7.25656],[-37.52277,-7.25527],[-37.526,-7.25111],[-37.522,-7.23476],[-37.51496,-7.23068],[-37.51453,-7.226],[-37.52552,-7.22834],[-37.52805,-7.22727],[-37.52306,-7.22523],[-37.5214,-7.21769],[-37.51865,-7.21853],[-37.51305,-7.21501],[-37.50561,-7.20188]]}},{"type":"Feature","properties":{"cota":800,"indice":false},"geometry":{"type":"LineString","coordinates":[[-37.49874,-7.22446],[-37.4925,-7.22455],[-37.48707,-7.22892],[-37.49325,-7.23966],[-37.50217,-7.24637],[-37.50519,-7.23953],[-37.49824,-7.23204],[-37.501,-7.22863],[-37.49874,-7.22446]]}},{"type":"Feature","properties":{"cota":600,"indice":false},"geometry":{"type":"LineString","coordinates":[[-37.43557,-7.23224],[-37.43191,-7.23408],[-37.43488,-7.23513],[-37.43557,-7.23224]]}},{"type":"Feature","properties":{"cota":500,"indice":true},"geometry":{"type":"LineString","coordinates":[[-37.43832,-7.22655],[-37.43214,-7.22901],[-37.42733,-7.22813],[-37.42602,-7.23],[-37.42824,-7.23545],[-37.43557,-7.23983],[-37.44272,-7.22931],[-37.43832,-7.22655]]}},{"type":"Feature","properties":{"cota":400,"indice":false},"geometry":{"type":"LineString","coordinates":[[-37.55024,-7.22657],[-37.54955,-7.22896],[-37.54703,-7.22659],[-37.55024,-7.22657]]}},{"type":"Feature","properties":{"cota":700,"indice":false},"geometry":{"type":"LineString","coordinates":[[-37.45892,-7.22179],[-37.45205,-7.22393],[-37.45078,-7.22863],[-37.45388,-7.22863],[-37.45892,-7.22179]]}},{"type":"Feature","properties":{"cota":600,"indice":false},"geometry":{"type":"LineString","coordinates":[[-37.47334,-7.21755],[-37.4525,-7.22114],[-37.44884,-7.22455],[-37.44862,-7.23139],[-37.45892,-7.231],[-37.46578,-7.22374],[-37.47471,-7.22033],[-37.47334,-7.21755]]}},{"type":"Feature","properties":{"cota":400,"indice":false},"geometry":{"type":"LineString","coordinates":[[-37.53651,-7.21483],[-37.53951,-7.21637],[-37.54021,-7.22114],[-37.54618,-7.22591],[-37.53994,-7.22498],[-37.53651,-7.21483]]}},{"type":"Feature","properties":{"cota":500,"indice":true},"geometry":{"type":"LineString","coordinates":[[-37.55093,-7.21069],[-37.54309,-7.21637],[-37.54332,-7.2191],[-37.54749,-7.22216],[-37.5519,-7.22114],[-37.55252,-7.21228],[-37.55093,-7.21069]]}},{"type":"Feature","properties":{"cota":500,"indice":true},"geometry":{"type":"LineString","coordinates":[[-37.43763,-7.21148],[-37.43257,-7.21365],[-37.43214,-7.21777],[-37.43687,-7.21433],[-37.43763,-7.21148]]}},{"type":"Feature","properties":{"cota":500,"indice":true},"geometry":{"type":"LineString","coordinates":[[-37.41703,-7.19798],[-37.41335,-7.20002],[-37.41253,-7.20752],[-37.41909,-7.21949],[-37.42677,-7.22046],[-37.42749,-7.2191],[-37.42185,-7.2116],[-37.42113,-7.20479],[-37.42366,-7.19934],[-37.41703,-7.19798]]}},{"type":"Feature","properties":{"cota":600,"indice":false},"geometry":{"type":"LineString","coordinates":[[-37.48981,-7.20398],[-37.48668,-7.20615],[-37.49249,-7.21092],[-37.49339,-7.20683],[-37.48981,-7.20398]]}},{"type":"Feature","properties":{"cota":400,"indice":false},"geometry":{"type":"LineString","coordinates":[[-37.4548,-7.1993],[-37.46135,-7.2082],[-37.46098,-7.21019],[-37.45068,-7.20114],[-37.44863,-7.20207],[-37.44931,-7.20615],[-37.44724,-7.20828],[-37.44175,-7.20531],[-37.43521,-7.20615],[-37.43969,-7.20042],[-37.4548,-7.1993]]}},{"type":"Feature","properties":{"cota":500,"indice":true},"geometry":{"type":"LineString","coordinates":[[-37.53445,-7.19859],[-37.53157,-7.19934],[-37.5337,-7.20207],[-37.54059,-7.20207],[-37.53994,-7.20026],[-37.53445,-7.19859]]}},{"type":"Feature","properties":{"cota":400,"indice":false},"geometry":{"type":"LineString","coordinates":[[-37.56672,-7.19316],[-37.56492,-7.19321],[-37.56406,-7.19594],[-37.56672,-7.19874],[-37.56847,-7.19662],[-37.56672,-7.19316]]}},{"type":"Feature","properties":{"cota":600,"indice":false},"geometry":{"type":"LineString","coordinates":[[-37.48432,-7.1938],[-37.48234,-7.19457],[-37.48501,-7.19643],[-37.48432,-7.1938]]}},{"type":"Feature","properties":{"cota":400,"indice":false},"geometry":{"type":"LineString","coordinates":[[-37.55024,-7.18951],[-37.54819,-7.19117],[-37.55024,-7.19359],[-37.55024,-7.18951]]}},{"type":"Feature","properties":{"cota":500,"indice":true},"geometry":{"type":"LineString","coordinates":[[-37.51179,-7.17201],[-37.50915,-7.17277],[-37.5095,-7.17482],[-37.51591,-7.17605],[-37.51179,-7.17201]]}},{"type":"Feature","properties":{"cota":500,"indice":true},"geometry":{"type":"LineString","coordinates":[[-37.47265,-7.16113],[-37.46578,-7.16236],[-37.45617,-7.16088],[-37.44765,-7.16323],[-37.45892,-7.16823],[-37.46372,-7.16759],[-37.46784,-7.17099],[-37.47746,-7.17395],[-37.49531,-7.17323],[-37.49943,-7.17539],[-37.50363,-7.17277],[-37.49119,-7.16862],[-37.48506,-7.16392],[-37.47265,-7.16113]]}},{"type":"Feature","properties":{"cota":600,"indice":false},"geometry":{"type":"LineString","coordinates":[[-37.47196,-7.16348],[-37.46726,-7.16528],[-37.4699,-7.16868],[-37.47746,-7.17094],[-37.48158,-7.1684],[-37.48708,-7.16937],[-37.48501,-7.16684],[-37.48158,-7.16745],[-37.47196,-7.16348]]}},{"type":"Feature","properties":{"cota":300,"indice":false},"geometry":{"type":"LineString","coordinates":[[-37.43351,-7.14401],[-37.43179,-7.14484],[-37.43384,-7.15233],[-37.43626,-7.154],[-37.44,-7.14756],[-37.43488,-7.14648],[-37.43351,-7.14401]]}},{"type":"Feature","properties":{"cota":500,"indice":true},"geometry":{"type":"LineString","coordinates":[[-37.5832,-7.10395],[-37.56466,-7.10409],[-37.5539,-7.10668],[-37.57565,-7.11043],[-37.58123,-7.11282],[-37.58938,-7.1203],[-37.5983,-7.1215],[-37.60311,-7.11916],[-37.60369,-7.11554],[-37.59915,-7.10532],[-37.5832,-7.10395]]}},{"type":"Feature","properties":{"cota":600,"indice":false},"geometry":{"type":"LineString","coordinates":[[-37.59693,-7.1058],[-37.56657,-7.10668],[-37.57908,-7.10925],[-37.58505,-7.11214],[-37.58855,-7.11759],[-37.59762,-7.11935],[-37.60137,-7.11622],[-37.59971,-7.10805],[-37.59693,-7.1058]]}},{"type":"Feature","properties":{"cota":400,"indice":false},"geometry":{"type":"LineString","coordinates":[[-37.58251,-7.10121],[-37.542,-7.10418],[-37.51675,-7.11009],[-37.52895,-7.11247],[-37.5523,-7.10955],[-37.57771,-7.11353],[-37.59075,-7.12268],[-37.59899,-7.12338],[-37.60517,-7.12049],[-37.60599,-7.11622],[-37.60036,-7.10405],[-37.58251,-7.10121]]}},{"type":"Feature","properties":{"cota":500,"indice":true},"geometry":{"type":"LineString","coordinates":[[-37.8915,-7.23044],[-37.87672,-7.24294],[-37.87474,-7.24703],[-37.87571,-7.24938],[-37.88464,-7.24915],[-37.8911,-7.2443],[-37.89371,-7.23476],[-37.8915,-7.23044]]}},{"type":"Feature","properties":{"cota":300,"indice":false},"geometry":{"type":"LineString","coordinates":[[-37.91416,-7.20739],[-37.9073,-7.21204],[-37.90377,-7.2191],[-37.90798,-7.22425],[-37.91229,-7.22114],[-37.91416,-7.20739]]}},{"type":"Feature","properties":{"cota":300,"indice":false},"geometry":{"type":"LineString","coordinates":[[-37.81185,-7.20819],[-37.80961,-7.20888],[-37.81116,-7.21117],[-37.81185,-7.20819]]}},{"type":"Feature","properties":{"cota":300,"indice":false},"geometry":{"type":"LineString","coordinates":[[-37.88052,-7.18829],[-37.87608,-7.19117],[-37.87708,-7.19557],[-37.88052,-7.18829]]}},{"type":"Feature","properties":{"cota":300,"indice":false},"geometry":{"type":"LineString","coordinates":[[-37.84275,-7.16241],[-37.83622,-7.16664],[-37.83559,-7.17073],[-37.83121,-7.17277],[-37.83039,-7.17509],[-37.83932,-7.1718],[-37.84784,-7.17754],[-37.84946,-7.17277],[-37.84769,-7.16868],[-37.85233,-7.16937],[-37.85262,-7.16664],[-37.8503,-7.1636],[-37.84275,-7.16241]]}},{"type":"Feature","properties":{"cota":400,"indice":false},"geometry":{"type":"LineString","coordinates":[[-37.80773,-7.15701],[-37.8062,-7.15915],[-37.81038,-7.16187],[-37.80773,-7.15701]]}},{"type":"Feature","properties":{"cota":300,"indice":false},"geometry":{"type":"LineString","coordinates":[[-37.76722,-7.12892],[-37.76509,-7.12985],[-37.76859,-7.13199],[-37.76722,-7.12892]]}},{"type":"Feature","properties":{"cota":300,"indice":false},"geometry":{"type":"LineString","coordinates":[[-37.77889,-7.07381],[-37.77711,-7.0767],[-37.78164,-7.07831],[-37.78505,-7.08215],[-37.77851,-7.08829],[-37.77845,-7.09169],[-37.79652,-7.0951],[-37.78849,-7.09715],[-37.78851,-7.10207],[-37.79743,-7.10281],[-37.80293,-7.09965],[-37.8043,-7.10233],[-37.8091,-7.09815],[-37.81185,-7.10143],[-37.8146,-7.10024],[-37.82009,-7.10338],[-37.82558,-7.10279],[-37.824,-7.09987],[-37.8249,-7.09745],[-37.84118,-7.09578],[-37.83382,-7.09301],[-37.82902,-7.09377],[-37.82558,-7.09008],[-37.8194,-7.09245],[-37.80087,-7.08857],[-37.79537,-7.08153],[-37.79057,-7.08165],[-37.78439,-7.07472],[-37.77889,-7.07381]]}},{"type":"Feature","properties":{"cota":300,"indice":false},"geometry":{"type":"LineString","coordinates":[[-37.84962,-7.05005],[-37.84711,-7.05217],[-37.84824,-7.05649],[-37.85786,-7.06105],[-37.86139,-7.05967],[-37.8606,-7.05581],[-37.84962,-7.05005]]}},{"type":"Feature","properties":{"cota":300,"indice":false},"geometry":{"type":"LineString","coordinates":[[-37.89013,-7.04805],[-37.88642,-7.04876],[-37.8871,-7.05353],[-37.89429,-7.05149],[-37.89013,-7.04805]]}},{"type":"Feature","properties":{"cota":300,"indice":false},"geometry":{"type":"LineString","coordinates":[[-37.68482,-7.18072],[-37.68323,-7.18163],[-37.68414,-7.18324],[-37.68568,-7.18231],[-37.68482,-7.18072]]}},{"type":"Feature","properties":{"cota":300,"indice":false},"geometry":{"type":"LineString","coordinates":[[-37.72739,-7.1568],[-37.7251,-7.15778],[-37.72585,-7.16255],[-37.72323,-7.1646],[-37.72439,-7.168],[-37.72671,-7.16879],[-37.72861,-7.16732],[-37.72685,-7.16255],[-37.72976,-7.16051],[-37.72739,-7.1568]]}},{"type":"Feature","properties":{"cota":300,"indice":false},"geometry":{"type":"LineString","coordinates":[[-37.73289,-7.15908],[-37.73036,-7.16051],[-37.73236,-7.16119],[-37.73289,-7.15908]]}},{"type":"Feature","properties":{"cota":300,"indice":false},"geometry":{"type":"LineString","coordinates":[[-37.70267,-7.15758],[-37.69929,-7.15778],[-37.69787,-7.16122],[-37.70371,-7.15915],[-37.70267,-7.15758]]}},{"type":"Feature","properties":{"cota":700,"indice":false},"geometry":{"type":"LineString","coordinates":[[-37.59624,-7.10794],[-37.58763,-7.10873],[-37.59624,-7.10936],[-37.59624,-7.10794]]}},{"type":"Feature","properties":{"cota":700,"indice":false},"geometry":{"type":"LineString","coordinates":[[-37.58457,-7.10735],[-37.58244,-7.10805],[-37.58723,-7.10805],[-37.58457,-7.10735]]}},{"type":"Feature","properties":{"cota":300,"indice":false},"geometry":{"type":"LineString","coordinates":[[-37.66766,-7.08264],[-37.65955,-7.08556],[-37.66628,-7.08637],[-37.66766,-7.08264]]}},{"type":"Feature","properties":{"cota":400,"indice":false},"geometry":{"type":"LineString","coordinates":[[-37.74319,-7.07937],[-37.73907,-7.07957],[-37.73759,-7.08215],[-37.75486,-7.08875],[-37.76035,-7.08827],[-37.7608,-7.08556],[-37.75898,-7.08395],[-37.74319,-7.07937]]}},{"type":"Feature","properties":{"cota":600,"indice":false},"geometry":{"type":"LineString","coordinates":[[-37.66834,-7.00984],[-37.66591,-7.00992],[-37.67933,-7.01935],[-37.691,-7.02276],[-37.73632,-7.02412],[-37.7492,-7.02219],[-37.68688,-7.01636],[-37.68254,-7.01265],[-37.67452,-7.01245],[-37.66834,-7.00984]]}},{"type":"Feature","properties":{"cota":500,"indice":true},"geometry":{"type":"LineString","coordinates":[[-37.6601,-7.00435],[-37.65821,-7.00447],[-37.65783,-7.00651],[-37.66148,-7.01102],[-37.67864,-7.02149],[-37.69306,-7.02603],[-37.73975,-7.02609],[-37.81798,-7.01946],[-37.81391,-7.01738],[-37.79675,-7.01546],[-37.76997,-7.0186],[-37.75417,-7.01766],[-37.75074,-7.01952],[-37.74662,-7.01784],[-37.74044,-7.01907],[-37.70061,-7.01641],[-37.68345,-7.00999],[-37.67452,-7.00961],[-37.6601,-7.00435]]}},{"type":"Feature","properties":{"cota":400,"indice":false},"geometry":{"type":"LineString","coordinates":[[-37.51385,-7.10932],[-37.51146,-7.11009],[-37.51445,-7.11077],[-37.51385,-7.10932]]}},{"type":"Feature","properties":{"cota":500,"indice":true},"geometry":{"type":"LineString","coordinates":[[-37.54887,-7.10597],[-37.53835,-7.10873],[-37.54818,-7.1083],[-37.54986,-7.10737],[-37.54887,-7.10597]]}},{"type":"Feature","properties":{"cota":400,"indice":false},"geometry":{"type":"LineString","coordinates":[[-37.42664,-7.09851],[-37.40515,-7.10396],[-37.40202,-7.10668],[-37.40742,-7.10741],[-37.42252,-7.10484],[-37.42914,-7.10055],[-37.42664,-7.09851]]}},{"type":"Feature","properties":{"cota":300,"indice":false},"geometry":{"type":"LineString","coordinates":[[-37.54681,-7.08134],[-37.54872,-7.08692],[-37.54681,-7.08833],[-37.54453,-7.08147],[-37.54681,-7.08134]]}},{"type":"Feature","properties":{"cota":400,"indice":false},"geometry":{"type":"LineString","coordinates":[[-37.45205,-7.01125],[-37.44724,-7.01188],[-37.44497,-7.01673],[-37.45191,-7.01469],[-37.45351,-7.01265],[-37.45205,-7.01125]]}},{"type":"Feature","properties":{"cota":300,"indice":false},"geometry":{"type":"LineString","coordinates":[[-37.43832,-6.99851],[-37.44106,-7.00048],[-37.44862,-6.99949],[-37.45177,-7.00242],[-37.4493,-7.00428],[-37.44518,-7.0017],[-37.44309,-7.00447],[-37.43969,-7.00448],[-37.4342,-7.00862],[-37.42709,-7.00651],[-37.42834,-7.00379],[-37.43832,-6.99851]]}},{"type":"Feature","properties":{"cota":400,"indice":false},"geometry":{"type":"LineString","coordinates":[[-37.55093,-6.97648],[-37.54912,-6.97721],[-37.5523,-6.9783],[-37.55093,-6.97648]]}},{"type":"Feature","properties":{"cota":300,"indice":false},"geometry":{"type":"LineString","coordinates":[[-37.55367,-6.9565],[-37.54818,-6.95727],[-37.54818,-6.96068],[-37.55093,-6.96185],[-37.55499,-6.96017],[-37.55598,-6.9588],[-37.55367,-6.9565]]}},{"type":"Feature","properties":{"cota":300,"indice":false},"geometry":{"type":"LineString","coordinates":[[-37.46716,-6.94643],[-37.45305,-6.95403],[-37.45069,-6.96017],[-37.45871,-6.9663],[-37.45411,-6.96972],[-37.46372,-6.96845],[-37.46497,-6.96426],[-37.46108,-6.95744],[-37.46477,-6.95267],[-37.47114,-6.94926],[-37.46716,-6.94643]]}},{"type":"Feature","properties":{"cota":300,"indice":false},"geometry":{"type":"LineString","coordinates":[[-37.53239,-6.94839],[-37.52759,-6.94994],[-37.53101,-6.95074],[-37.53239,-6.94839]]}},{"type":"Feature","properties":{"cota":400,"indice":false},"geometry":{"type":"LineString","coordinates":[[-37.63332,-6.99218],[-37.63003,-6.99288],[-37.63126,-6.99566],[-37.65274,-7.0031],[-37.65627,-7.00992],[-37.67109,-7.02137],[-37.69306,-7.03017],[-37.70473,-7.03131],[-37.71091,-7.02916],[-37.72259,-7.02928],[-37.73083,-7.03091],[-37.76997,-7.02497],[-37.81528,-7.0228],[-37.83451,-7.0269],[-37.86767,-7.01878],[-37.86541,-7.01602],[-37.84481,-7.01534],[-37.83932,-7.01803],[-37.82352,-7.01761],[-37.79606,-7.01253],[-37.76928,-7.01538],[-37.74044,-7.01564],[-37.72465,-7.01507],[-37.70885,-7.01192],[-37.69924,-7.01279],[-37.68414,-7.00627],[-37.67452,-7.0062],[-37.65392,-6.99758],[-37.63332,-6.99218]]}},{"type":"Feature","properties":{"cota":400,"indice":false},"geometry":{"type":"LineString","coordinates":[[-37.75074,-7.00227],[-37.74229,-7.00788],[-37.74868,-7.01088],[-37.75417,-7.00893],[-37.75588,-7.00583],[-37.75074,-7.00227]]}},{"type":"Feature","properties":{"cota":400,"indice":false},"geometry":{"type":"LineString","coordinates":[[-37.71709,-6.99667],[-37.71388,-6.9997],[-37.71709,-6.99986],[-37.71709,-6.99667]]}},{"type":"Feature","properties":{"cota":400,"indice":false},"geometry":{"type":"LineString","coordinates":[[-37.59281,-6.98878],[-37.58831,-6.99356],[-37.58793,-6.99697],[-37.58938,-6.99924],[-37.59457,-6.99902],[-37.59624,-7.00367],[-37.61677,-6.99697],[-37.62025,-6.99356],[-37.6189,-6.99249],[-37.60998,-6.99528],[-37.60517,-6.99307],[-37.59899,-6.99556],[-37.59432,-6.99288],[-37.59281,-6.98878]]}},{"type":"Feature","properties":{"cota":400,"indice":false},"geometry":{"type":"LineString","coordinates":[[-37.6704,-6.99482],[-37.6668,-6.99493],[-37.6704,-6.99697],[-37.6704,-6.99482]]}},{"type":"Feature","properties":{"cota":400,"indice":false},"geometry":{"type":"LineString","coordinates":[[-37.70405,-6.99151],[-37.6954,-6.9922],[-37.70336,-6.9982],[-37.70768,-6.99765],[-37.70817,-6.99236],[-37.70405,-6.99151]]}},{"type":"Feature","properties":{"cota":400,"indice":false},"geometry":{"type":"LineString","coordinates":[[-37.65186,-6.98874],[-37.64732,-6.98947],[-37.65942,-6.99585],[-37.66518,-6.99424],[-37.66079,-6.99064],[-37.65186,-6.98874]]}},{"type":"Feature","properties":{"cota":300,"indice":false},"geometry":{"type":"LineString","coordinates":[[-37.70473,-6.97572],[-37.70199,-6.97661],[-37.70017,-6.98061],[-37.7063,-6.97993],[-37.70682,-6.97721],[-37.70473,-6.97572]]}},{"type":"Feature","properties":{"cota":400,"indice":false},"geometry":{"type":"LineString","coordinates":[[-37.64637,-6.96204],[-37.64225,-6.96202],[-37.63744,-6.96555],[-37.62976,-6.96289],[-37.6292,-6.96851],[-37.6351,-6.97243],[-37.63113,-6.97652],[-37.6395,-6.97926],[-37.64225,-6.97319],[-37.64843,-6.97675],[-37.65873,-6.97556],[-37.66491,-6.97874],[-37.67614,-6.97721],[-37.67299,-6.97243],[-37.67727,-6.97027],[-37.66491,-6.96495],[-37.65942,-6.96778],[-37.64637,-6.96204]]}},{"type":"Feature","properties":{"cota":300,"indice":false},"geometry":{"type":"LineString","coordinates":[[-37.59281,-6.96549],[-37.59066,-6.9663],[-37.5914,-6.96835],[-37.59418,-6.96733],[-37.59281,-6.96549]]}},{"type":"Feature","properties":{"cota":300,"indice":false},"geometry":{"type":"LineString","coordinates":[[-37.46922,-6.94224],[-37.46572,-6.94313],[-37.46922,-6.94474],[-37.47071,-6.94313],[-37.46922,-6.94224]]}},{"type":"Feature","properties":{"cota":300,"indice":false},"geometry":{"type":"LineString","coordinates":[[-37.44312,-6.93954],[-37.43911,-6.93972],[-37.44312,-6.93954]]}},{"type":"Feature","properties":{"cota":300,"indice":false},"geometry":{"type":"LineString","coordinates":[[-37.49599,-6.92865],[-37.49325,-6.92901],[-37.49251,-6.93154],[-37.49599,-6.93163],[-37.49599,-6.92865]]}},{"type":"Feature","properties":{"cota":400,"indice":false},"geometry":{"type":"LineString","coordinates":[[-37.47128,-6.92877],[-37.45529,-6.92949],[-37.4596,-6.93172],[-37.46853,-6.93158],[-37.47313,-6.93018],[-37.47128,-6.92877]]}},{"type":"Feature","properties":{"cota":300,"indice":false},"geometry":{"type":"LineString","coordinates":[[-37.48295,-6.92161],[-37.47677,-6.92208],[-37.47471,-6.92541],[-37.46372,-6.92561],[-37.45617,-6.92274],[-37.44999,-6.92738],[-37.44312,-6.92503],[-37.43691,-6.92677],[-37.44587,-6.93151],[-37.46578,-6.93715],[-37.48503,-6.9329],[-37.48582,-6.93086],[-37.47992,-6.92472],[-37.48295,-6.92161]]}},{"type":"Feature","properties":{"cota":400,"indice":false},"geometry":{"type":"LineString","coordinates":[[-37.53788,-6.924],[-37.53084,-6.92472],[-37.53582,-6.92617],[-37.53981,-6.92472],[-37.53788,-6.924]]}},{"type":"Feature","properties":{"cota":300,"indice":false},"geometry":{"type":"LineString","coordinates":[[-37.51865,-6.91442],[-37.51571,-6.91518],[-37.51691,-6.92063],[-37.51513,-6.92268],[-37.50904,-6.92455],[-37.50355,-6.92298],[-37.50168,-6.93018],[-37.50698,-6.93224],[-37.51522,-6.92988],[-37.53651,-6.92939],[-37.54955,-6.92599],[-37.56569,-6.9254],[-37.55917,-6.92324],[-37.54818,-6.92523],[-37.53925,-6.92094],[-37.52552,-6.92123],[-37.51865,-6.91442]]}},{"type":"Feature","properties":{"cota":300,"indice":false},"geometry":{"type":"LineString","coordinates":[[-37.54406,-6.89732],[-37.54623,-6.89814],[-37.54406,-6.89732]]}},{"type":"Feature","properties":{"cota":300,"indice":false},"geometry":{"type":"LineString","coordinates":[[-37.44106,-6.89398],[-37.42691,-6.89814],[-37.43557,-6.90089],[-37.44757,-6.90086],[-37.44106,-6.89398]]}},{"type":"Feature","properties":{"cota":300,"indice":false},"geometry":{"type":"LineString","coordinates":[[-37.42115,-6.89184],[-37.41703,-6.89188],[-37.4173,-6.89405],[-37.41978,-6.89704],[-37.4239,-6.89776],[-37.42115,-6.89184]]}},{"type":"Feature","properties":{"cota":600,"indice":false},"geometry":{"type":"LineString","coordinates":[[-36.8581,-7.13992],[-36.85142,-7.14007],[-36.85948,-7.14416],[-36.8581,-7.13992]]}},{"type":"Feature","properties":{"cota":600,"indice":false},"geometry":{"type":"LineString","coordinates":[[-36.8993,-7.13424],[-36.90181,-7.14075],[-36.90685,-7.14335],[-36.91166,-7.1423],[-36.91538,-7.13734],[-36.91166,-7.13507],[-36.90342,-7.1368],[-36.8993,-7.13424]]}},{"type":"Feature","properties":{"cota":500,"indice":true},"geometry":{"type":"LineString","coordinates":[[-36.88007,-7.13619],[-36.87664,-7.13953],[-36.87324,-7.13871],[-36.88007,-7.13619]]}},{"type":"Feature","properties":{"cota":400,"indice":false},"geometry":{"type":"LineString","coordinates":[[-36.96041,-7.13393],[-36.95841,-7.13462],[-36.96134,-7.1353],[-36.96041,-7.13393]]}},{"type":"Feature","properties":{"cota":600,"indice":false},"geometry":{"type":"LineString","coordinates":[[-36.76952,-7.12364],[-36.76527,-7.12508],[-36.77021,-7.12875],[-36.77252,-7.12576],[-36.76952,-7.12364]]}},{"type":"Feature","properties":{"cota":400,"indice":false},"geometry":{"type":"LineString","coordinates":[[-36.94324,-7.1181],[-36.94187,-7.11775],[-36.94166,-7.11963],[-36.94519,-7.12031],[-36.94324,-7.1181]]}},{"type":"Feature","properties":{"cota":400,"indice":false},"geometry":{"type":"LineString","coordinates":[[-36.90273,-7.11203],[-36.90205,-7.11359],[-36.90481,-7.11418],[-36.90273,-7.11203]]}},{"type":"Feature","properties":{"cota":400,"indice":false},"geometry":{"type":"LineString","coordinates":[[-36.89243,-7.11178],[-36.89057,-7.1135],[-36.89283,-7.1135],[-36.89243,-7.11178]]}},{"type":"Feature","properties":{"cota":800,"indice":false},"geometry":{"type":"LineString","coordinates":[[-36.96865,-7.09032],[-36.95979,-7.09033],[-36.96247,-7.09319],[-36.97002,-7.09402],[-36.97528,-7.09238],[-36.96865,-7.09032]]}},{"type":"Feature","properties":{"cota":700,"indice":false},"geometry":{"type":"LineString","coordinates":[[-36.84505,-7.0817],[-36.84093,-7.08352],[-36.84695,-7.0842],[-36.84505,-7.0817]]}},{"type":"Feature","properties":{"cota":700,"indice":false},"geometry":{"type":"LineString","coordinates":[[-37.03663,-7.08751],[-37.03388,-7.08747],[-37.03333,-7.09101],[-37.04012,-7.09101],[-37.03663,-7.08751]]}},{"type":"Feature","properties":{"cota":600,"indice":false},"geometry":{"type":"LineString","coordinates":[[-37.03457,-7.08415],[-37.03023,-7.08488],[-37.03072,-7.09169],[-37.03251,-7.09333],[-37.04006,-7.09398],[-37.05811,-7.08897],[-37.05723,-7.08709],[-37.05242,-7.0859],[-37.04075,-7.08737],[-37.03457,-7.08415]]}},{"type":"Feature","properties":{"cota":500,"indice":true},"geometry":{"type":"LineString","coordinates":[[-37.06753,-7.07599],[-37.04281,-7.08433],[-37.03457,-7.08067],[-37.02772,-7.08079],[-37.02498,-7.08488],[-37.02812,-7.08829],[-37.02858,-7.09374],[-37.03374,-7.09646],[-37.0332,-7.09856],[-37.04908,-7.09851],[-37.05653,-7.09578],[-37.0603,-7.09033],[-37.06126,-7.08624],[-37.05748,-7.08284],[-37.06964,-7.08011],[-37.07019,-7.07738],[-37.06753,-7.07599]]}},{"type":"Feature","properties":{"cota":400,"indice":false},"geometry":{"type":"LineString","coordinates":[[-37.10392,-7.08327],[-37.09568,-7.08559],[-37.09568,-7.0904],[-37.10255,-7.08983],[-37.10392,-7.08327]]}},{"type":"Feature","properties":{"cota":400,"indice":false},"geometry":{"type":"LineString","coordinates":[[-37.08538,-7.08284],[-37.07957,-7.08352],[-37.08401,-7.08588],[-37.08586,-7.08488],[-37.08538,-7.08284]]}},{"type":"Feature","properties":{"cota":500,"indice":true},"geometry":{"type":"LineString","coordinates":[[-37.01946,-7.08142],[-37.01603,-7.08113],[-37.01423,-7.08488],[-37.0229,-7.08379],[-37.01946,-7.08142]]}},{"type":"Feature","properties":{"cota":500,"indice":true},"geometry":{"type":"LineString","coordinates":[[-37.09705,-7.06972],[-37.09488,-7.06989],[-37.09568,-7.0725],[-37.09705,-7.06972]]}},{"type":"Feature","properties":{"cota":600,"indice":false},"geometry":{"type":"LineString","coordinates":[[-37.11079,-7.05142],[-37.09554,-7.05422],[-37.09525,-7.05694],[-37.10186,-7.06553],[-37.10667,-7.06672],[-37.10667,-7.05963],[-37.1101,-7.05674],[-37.11713,-7.05558],[-37.11079,-7.05142]]}},{"type":"Feature","properties":{"cota":700,"indice":false},"geometry":{"type":"LineString","coordinates":[[-37.10529,-7.05421],[-37.09813,-7.05626],[-37.10255,-7.06318],[-37.10529,-7.05421]]}},{"type":"Feature","properties":{"cota":600,"indice":false},"geometry":{"type":"LineString","coordinates":[[-36.9817,-7.05543],[-36.9758,-7.05762],[-36.98929,-7.06103],[-36.98788,-7.05773],[-36.9817,-7.05543]]}},{"type":"Feature","properties":{"cota":700,"indice":false},"geometry":{"type":"LineString","coordinates":[[-36.82926,-7.07736],[-36.82498,-7.08147],[-36.83201,-7.08212],[-36.82926,-7.07736]]}},{"type":"Feature","properties":{"cota":800,"indice":false},"geometry":{"type":"MultiLineString","coordinates":[[[-36.88488,-7.06442],[-36.87867,-7.06648],[-36.89037,-7.07338],[-36.89287,-7.07125],[-36.89999,-7.07181],[-36.90394,-7.07602],[-36.90306,-7.07943],[-36.9096,-7.08432],[-36.91578,-7.08552],[-36.9199,-7.08261],[-36.92402,-7.08255],[-36.92709,-7.0842],[-36.92814,-7.08881],[-36.9405,-7.08794],[-36.94462,-7.09326],[-36.9508,-7.0925],[-36.95495,-7.08897],[-36.91662,-7.07585]],[[-36.91662,-7.07585],[-36.88488,-7.06442]]]}},{"type":"Feature","properties":{"cota":700,"indice":false},"geometry":{"type":"LineString","coordinates":[[-36.81622,-7.0744],[-36.8132,-7.07466],[-36.81319,-7.07738],[-36.81622,-7.07724],[-36.81622,-7.0744]]}},{"type":"Feature","properties":{"cota":800,"indice":false},"geometry":{"type":"LineString","coordinates":[[-36.86634,-7.06016],[-36.86137,-7.06035],[-36.86634,-7.06286],[-36.86776,-7.06171],[-36.86634,-7.06016]]}},{"type":"Feature","properties":{"cota":800,"indice":false},"geometry":{"type":"LineString","coordinates":[[-36.84711,-7.05215],[-36.84298,-7.05285],[-36.85871,-7.0583],[-36.85535,-7.05375],[-36.84711,-7.05215]]}},{"type":"Feature","properties":{"cota":700,"indice":false},"geometry":{"type":"MultiLineString","coordinates":[[[-36.72626,-7.0049],[-36.72394,-7.00583],[-36.72421,-7.01121],[-36.71514,-7.01469],[-36.7191,-7.01742],[-36.72215,-7.02664],[-36.73262,-7.02559],[-36.72944,-7.03173],[-36.73725,-7.03646],[-36.73725,-7.04348],[-36.74274,-7.04215],[-36.74961,-7.04907],[-36.75579,-7.04333],[-36.75991,-7.04885],[-36.76799,-7.05081],[-36.76837,-7.05558],[-36.77776,-7.05775],[-36.78734,-7.06307],[-36.7915,-7.06805],[-36.79432,-7.06784],[-36.78741,-7.06307],[-36.78639,-7.05149],[-36.78298,-7.04672],[-36.785,-7.04399],[-36.7963,-7.04189],[-36.80798,-7.04479],[-36.82034,-7.05341],[-36.82446,-7.05441],[-36.82926,-7.06075],[-36.83819,-7.05659],[-36.84162,-7.05876],[-36.84991,-7.05967],[-36.86271,-7.06716],[-36.8605,-7.07738],[-36.86428,-7.08042],[-36.8684,-7.07621],[-36.86943,-7.06921],[-36.87183,-7.06852],[-36.88007,-7.07428],[-36.89655,-7.08028],[-36.90685,-7.08642],[-36.91715,-7.08975],[-36.92265,-7.08811],[-36.92951,-7.09243],[-36.94256,-7.09544],[-36.95148,-7.09679],[-36.9556,-7.09424],[-36.9611,-7.09678],[-36.97552,-7.09534],[-36.99818,-7.09712],[-37.00523,-7.0951],[-36.98376,-7.08914],[-36.95698,-7.08636],[-36.92883,-7.07735],[-36.92402,-7.0737],[-36.91739,-7.07282]],[[-36.91739,-7.07282],[-36.90411,-7.0659],[-36.89999,-7.06616],[-36.89557,-7.06376],[-36.8921,-7.05149],[-36.90342,-7.04902],[-36.90891,-7.05493],[-36.92156,-7.05655]],[[-36.92156,-7.05655],[-36.9405,-7.06371],[-36.94236,-7.06307],[-36.93984,-7.0583],[-36.9478,-7.06035],[-36.94157,-7.05285],[-36.94431,-7.05149],[-36.94324,-7.04682],[-36.94672,-7.04672],[-36.94546,-7.04127],[-36.94256,-7.04041],[-36.94177,-7.0365],[-36.93834,-7.03582],[-36.93611,-7.03173],[-36.92918,-7.03241],[-36.93677,-7.03786],[-36.93638,-7.04098],[-36.93157,-7.04295],[-36.92608,-7.04042],[-36.92781,-7.04536],[-36.9199,-7.04612],[-36.9169,-7.04399],[-36.91509,-7.03742],[-36.91166,-7.03668],[-36.91097,-7.03998],[-36.90823,-7.03985],[-36.89861,-7.03426],[-36.89518,-7.02955],[-36.87458,-7.01444],[-36.87223,-7.0181],[-36.87277,-7.02082],[-36.8936,-7.03991],[-36.88282,-7.04193],[-36.88213,-7.04587],[-36.88657,-7.04945],[-36.87733,-7.05539],[-36.87183,-7.0557],[-36.86996,-7.04945],[-36.87321,-7.04533],[-36.87252,-7.04244],[-36.86497,-7.04604],[-36.86359,-7.05313],[-36.85192,-7.04757],[-36.84025,-7.04695],[-36.83475,-7.04263],[-36.80891,-7.03309],[-36.80386,-7.02923],[-36.79768,-7.02833],[-36.78532,-7.02281],[-36.77296,-7.01322],[-36.7702,-7.01333],[-36.77158,-7.01723],[-36.76746,-7.01551],[-36.76197,-7.01745],[-36.7503,-7.01357],[-36.74412,-7.01451],[-36.73107,-7.0109],[-36.72626,-7.0049]]]}},{"type":"Feature","properties":{"cota":800,"indice":false},"geometry":{"type":"LineString","coordinates":[[-36.8169,-7.04193],[-36.81381,-7.04263],[-36.81553,-7.04604],[-36.82789,-7.05294],[-36.8327,-7.0541],[-36.83653,-7.05217],[-36.8327,-7.04841],[-36.82102,-7.04497],[-36.8169,-7.04193]]}},{"type":"Feature","properties":{"cota":700,"indice":false},"geometry":{"type":"LineString","coordinates":[[-36.77364,-7.04535],[-36.77093,-7.04808],[-36.77364,-7.04535]]}},{"type":"Feature","properties":{"cota":700,"indice":false},"geometry":{"type":"LineString","coordinates":[[-36.86703,-7.03703],[-36.86411,-7.03786],[-36.86497,-7.04374],[-36.8684,-7.04047],[-36.86703,-7.03703]]}},{"type":"Feature","properties":{"cota":800,"indice":false},"geometry":{"type":"LineString","coordinates":[[-36.79287,-7.03222],[-36.79047,-7.03241],[-36.78669,-7.03708],[-36.77914,-7.03611],[-36.77722,-7.03854],[-36.79081,-7.04126],[-36.79397,-7.03854],[-36.79456,-7.03445],[-36.79287,-7.03222]]}},{"type":"Feature","properties":{"cota":300,"indice":false},"geometry":{"type":"LineString","coordinates":[[-37.17876,-7.10391],[-37.17258,-7.10682],[-37.17262,-7.11145],[-37.17602,-7.11239],[-37.18069,-7.10941],[-37.18181,-7.106],[-37.17876,-7.10391]]}},{"type":"Feature","properties":{"cota":300,"indice":false},"geometry":{"type":"LineString","coordinates":[[-37.19318,-7.09625],[-37.19066,-7.09646],[-37.19049,-7.09851],[-37.19323,-7.09851],[-37.19318,-7.09625]]}},{"type":"Feature","properties":{"cota":300,"indice":false},"geometry":{"type":"LineString","coordinates":[[-37.17121,-7.07377],[-37.1614,-7.08079],[-37.16434,-7.082],[-37.16984,-7.07964],[-37.17121,-7.07377]]}},{"type":"Feature","properties":{"cota":300,"indice":false},"geometry":{"type":"LineString","coordinates":[[-37.23026,-7.07118],[-37.22546,-7.07175],[-37.22397,-7.07534],[-37.22889,-7.07506],[-37.23026,-7.07118]]}},{"type":"Feature","properties":{"cota":300,"indice":false},"geometry":{"type":"LineString","coordinates":[[-37.30099,-7.06145],[-37.29851,-7.06239],[-37.3003,-7.06559],[-37.30264,-7.06376],[-37.30099,-7.06145]]}},{"type":"Feature","properties":{"cota":300,"indice":false},"geometry":{"type":"LineString","coordinates":[[-37.38613,-7.02997],[-37.38064,-7.03213],[-37.36794,-7.03173],[-37.37186,-7.03718],[-37.37858,-7.03959],[-37.38132,-7.03318],[-37.38613,-7.03723],[-37.38888,-7.03689],[-37.38613,-7.02997]]}},{"type":"Feature","properties":{"cota":300,"indice":false},"geometry":{"type":"LineString","coordinates":[[-37.34219,-7.00984],[-37.33669,-7.00993],[-37.33397,-7.01333],[-37.34027,-7.01946],[-37.34356,-7.02021],[-37.34678,-7.01878],[-37.34378,-7.01605],[-37.34974,-7.01487],[-37.35079,-7.01265],[-37.34219,-7.00984]]}},{"type":"Feature","properties":{"cota":300,"indice":false},"geometry":{"type":"LineString","coordinates":[[-37.18151,-7.00851],[-37.17679,-7.01128],[-37.18082,-7.01538],[-37.18407,-7.01196],[-37.18151,-7.00851]]}},{"type":"Feature","properties":{"cota":300,"indice":false},"geometry":{"type":"LineString","coordinates":[[-37.22271,-6.98742],[-37.2215,-6.98879],[-37.2234,-6.98991],[-37.22271,-6.98742]]}},{"type":"Feature","properties":{"cota":300,"indice":false},"geometry":{"type":"LineString","coordinates":[[-37.34219,-6.97986],[-37.3392,-6.9813],[-37.33944,-6.98445],[-37.34399,-6.98334],[-37.34219,-6.97986]]}},{"type":"Feature","properties":{"cota":500,"indice":true},"geometry":{"type":"LineString","coordinates":[[-37.09568,-7.04447],[-37.09313,-7.04468],[-37.09225,-7.05022],[-37.08538,-7.0484],[-37.07403,-7.05013],[-37.07439,-7.05168],[-37.0827,-7.05422],[-37.07989,-7.05746],[-37.07111,-7.06171],[-37.07096,-7.06501],[-37.07851,-7.06549],[-37.08813,-7.06245],[-37.09156,-7.06396],[-37.09499,-7.06213],[-37.10137,-7.06853],[-37.10667,-7.06973],[-37.11491,-7.05928],[-37.12404,-7.05899],[-37.12308,-7.05353],[-37.1201,-7.05149],[-37.11079,-7.04893],[-37.09637,-7.0482],[-37.09568,-7.04447]]}},{"type":"Feature","properties":{"cota":300,"indice":false},"geometry":{"type":"LineString","coordinates":[[-37.15679,-7.0542],[-37.15405,-7.05384],[-37.15353,-7.05626],[-37.15721,-7.05626],[-37.15679,-7.0542]]}},{"type":"Feature","properties":{"cota":500,"indice":true},"geometry":{"type":"LineString","coordinates":[[-37.06203,-7.04718],[-37.05933,-7.0474],[-37.06203,-7.04718]]}},{"type":"Feature","properties":{"cota":500,"indice":true},"geometry":{"type":"LineString","coordinates":[[-37.05585,-7.0249],[-37.05242,-7.02479],[-37.052,-7.02628],[-37.05517,-7.02847],[-37.05674,-7.02696],[-37.05585,-7.0249]]}},{"type":"Feature","properties":{"cota":400,"indice":false},"geometry":{"type":"LineString","coordinates":[[-37.12795,-7.00739],[-37.12464,-7.00992],[-37.12524,-7.01128],[-37.12865,-7.01128],[-37.12795,-7.00739]]}},{"type":"Feature","properties":{"cota":400,"indice":false},"geometry":{"type":"LineString","coordinates":[[-37.04281,-6.99556],[-37.04006,-6.99691],[-37.03576,-7.00515],[-37.0381,-7.00856],[-37.03663,-7.01377],[-37.04281,-7.01526],[-37.04834,-7.01401],[-37.04546,-7.0106],[-37.05025,-7.00447],[-37.04281,-6.99556]]}},{"type":"Feature","properties":{"cota":400,"indice":false},"geometry":{"type":"LineString","coordinates":[[-37.12864,-7.00334],[-37.12864,-7.0064],[-37.12864,-7.00334]]}},{"type":"Feature","properties":{"cota":500,"indice":true},"geometry":{"type":"LineString","coordinates":[[-37.04212,-7.00034],[-37.03938,-7.00249],[-37.03915,-7.00515],[-37.04664,-7.00515],[-37.04694,-7.0031],[-37.04212,-7.00034]]}},{"type":"Feature","properties":{"cota":400,"indice":false},"geometry":{"type":"LineString","coordinates":[[-37.14306,-6.99882],[-37.14031,-6.99926],[-37.141,-7.00174],[-37.14375,-7.00106],[-37.14306,-6.99882]]}},{"type":"Feature","properties":{"cota":300,"indice":false},"geometry":{"type":"LineString","coordinates":[[-37.14649,-6.97762],[-37.14239,-6.97857],[-37.14443,-6.9825],[-37.14749,-6.97993],[-37.14649,-6.97762]]}},{"type":"Feature","properties":{"cota":700,"indice":false},"geometry":{"type":"LineString","coordinates":[[-36.84986,-7.02688],[-36.85192,-7.03063],[-36.84986,-7.02688]]}},{"type":"Feature","properties":{"cota":700,"indice":false},"geometry":{"type":"LineString","coordinates":[[-36.82652,-7.0227],[-36.82313,-7.02355],[-36.82583,-7.02745],[-36.83407,-7.02909],[-36.82652,-7.0227]]}},{"type":"Feature","properties":{"cota":700,"indice":false},"geometry":{"type":"LineString","coordinates":[[-36.88831,-7.01449],[-36.88627,-7.01673],[-36.89028,-7.0181],[-36.88831,-7.01449]]}},{"type":"Feature","properties":{"cota":700,"indice":false},"geometry":{"type":"LineString","coordinates":[[-36.77364,-6.9975],[-36.77445,-7.00447],[-36.7812,-7.00814],[-36.78137,-7.00242],[-36.77364,-6.9975]]}},{"type":"Feature","properties":{"cota":700,"indice":false},"geometry":{"type":"LineString","coordinates":[[-36.80317,-6.97746],[-36.80045,-6.97993],[-36.80042,-6.98481],[-36.79699,-6.984],[-36.79555,-6.98675],[-36.78939,-6.98947],[-36.78728,-6.99561],[-36.78287,-6.9997],[-36.78738,-7.0022],[-36.7915,-6.99425],[-36.7963,-6.99765],[-36.79788,-7.00651],[-36.79533,-7.00856],[-36.79561,-7.01196],[-36.79278,-7.01742],[-36.79768,-7.02089],[-36.80111,-7.01682],[-36.80413,-7.02082],[-36.80289,-7.02423],[-36.80729,-7.02711],[-36.80676,-7.02151],[-36.81072,-7.01808],[-36.81965,-7.01978],[-36.81476,-7.00924],[-36.82012,-7.00719],[-36.81004,-6.99295],[-36.80668,-6.99629],[-36.80523,-7.00267],[-36.80386,-7.00207],[-36.80352,-6.9922],[-36.80737,-6.98266],[-36.80317,-6.97746]]}},{"type":"Feature","properties":{"cota":700,"indice":false},"geometry":{"type":"LineString","coordinates":[[-36.81828,-6.99121],[-36.81428,-6.99629],[-36.82171,-6.99784],[-36.82191,-6.99493],[-36.81828,-6.99121]]}},{"type":"Feature","properties":{"cota":700,"indice":false},"geometry":{"type":"LineString","coordinates":[[-36.81896,-6.98186],[-36.81593,-6.98334],[-36.81896,-6.98621],[-36.82144,-6.9847],[-36.81896,-6.98186]]}},{"type":"Feature","properties":{"cota":500,"indice":true},"geometry":{"type":"LineString","coordinates":[[-36.9453,-6.97206],[-36.94118,-6.97543],[-36.93424,-6.97312],[-36.93438,-6.97789],[-36.94118,-6.98699],[-36.95217,-6.99101],[-36.94868,-6.98607],[-36.95114,-6.9813],[-36.9453,-6.97206]]}},{"type":"Feature","properties":{"cota":700,"indice":false},"geometry":{"type":"LineString","coordinates":[[-36.7963,-6.96899],[-36.79354,-6.97039],[-36.80248,-6.97544],[-36.80834,-6.97312],[-36.80454,-6.97019],[-36.7963,-6.96899]]}},{"type":"Feature","properties":{"cota":500,"indice":true},"geometry":{"type":"LineString","coordinates":[[-36.97002,-6.95797],[-36.96522,-6.9582],[-36.96041,-6.96329],[-36.96659,-6.96991],[-36.97592,-6.96494],[-36.97424,-6.96085],[-36.97002,-6.95797]]}},{"type":"Feature","properties":{"cota":300,"indice":false},"geometry":{"type":"LineString","coordinates":[[-37.31472,-6.97581],[-37.30991,-6.97575],[-37.3063,-6.97857],[-37.31266,-6.97944],[-37.31493,-6.97789],[-37.31472,-6.97581]]}},{"type":"Feature","properties":{"cota":300,"indice":false},"geometry":{"type":"LineString","coordinates":[[-37.19593,-6.97015],[-37.19455,-6.97107],[-37.19736,-6.97175],[-37.19593,-6.97015]]}},{"type":"Feature","properties":{"cota":300,"indice":false},"geometry":{"type":"LineString","coordinates":[[-37.3312,-6.94231],[-37.31197,-6.94561],[-37.31002,-6.94858],[-37.31403,-6.95137],[-37.31953,-6.94811],[-37.32983,-6.94974],[-37.34837,-6.94918],[-37.35984,-6.94585],[-37.35317,-6.94283],[-37.3312,-6.94231]]}},{"type":"Feature","properties":{"cota":400,"indice":false},"geometry":{"type":"LineString","coordinates":[[-37.33051,-6.94512],[-37.32658,-6.94585],[-37.33191,-6.94653],[-37.33051,-6.94512]]}},{"type":"Feature","properties":{"cota":300,"indice":false},"geometry":{"type":"LineString","coordinates":[[-37.17602,-6.91032],[-37.17356,-6.91041],[-37.17602,-6.91545],[-37.16984,-6.91392],[-37.16759,-6.91518],[-37.17121,-6.91915],[-37.17102,-6.92404],[-37.17826,-6.93018],[-37.1768,-6.93358],[-37.17902,-6.93699],[-37.19799,-6.94108],[-37.20829,-6.946],[-37.21879,-6.94517],[-37.18357,-6.92472],[-37.18216,-6.92268],[-37.18515,-6.92063],[-37.18326,-6.91654],[-37.18505,-6.91245],[-37.17602,-6.91032]]}},{"type":"Feature","properties":{"cota":300,"indice":false},"geometry":{"type":"LineString","coordinates":[[-37.3209,-6.91994],[-37.31831,-6.92063],[-37.32227,-6.92279],[-37.32748,-6.92268],[-37.3209,-6.91994]]}},{"type":"Feature","properties":{"cota":300,"indice":false},"geometry":{"type":"LineString","coordinates":[[-37.19387,-6.91697],[-37.1924,-6.91791],[-37.19524,-6.92182],[-37.2036,-6.922],[-37.20142,-6.91832],[-37.19387,-6.91697]]}},{"type":"Feature","properties":{"cota":500,"indice":true},"geometry":{"type":"LineString","coordinates":[[-37.22958,-6.90834],[-37.22475,-6.90973],[-37.22889,-6.91073],[-37.23045,-6.90973],[-37.22958,-6.90834]]}},{"type":"Feature","properties":{"cota":400,"indice":false},"geometry":{"type":"LineString","coordinates":[[-37.20554,-6.89949],[-37.20074,-6.89979],[-37.19907,-6.90291],[-37.21035,-6.91057],[-37.23438,-6.91357],[-37.23828,-6.91041],[-37.23026,-6.90598],[-37.22202,-6.90626],[-37.21859,-6.90228],[-37.20554,-6.89949]]}},{"type":"Feature","properties":{"cota":300,"indice":false},"geometry":{"type":"LineString","coordinates":[[-37.18975,-6.894],[-37.18832,-6.89473],[-37.19063,-6.90086],[-37.19581,-6.90632],[-37.2131,-6.91476],[-37.23713,-6.9178],[-37.24262,-6.91277],[-37.25361,-6.91871],[-37.25979,-6.91553],[-37.28352,-6.91382],[-37.28176,-6.91144],[-37.27283,-6.90877],[-37.26528,-6.90887],[-37.25979,-6.91175],[-37.25704,-6.90928],[-37.22436,-6.90223],[-37.21859,-6.89906],[-37.20486,-6.89643],[-37.19387,-6.89685],[-37.18975,-6.894]]}},{"type":"Feature","properties":{"cota":700,"indice":false},"geometry":{"type":"LineString","coordinates":[[-36.78326,-6.95731],[-36.78326,-6.96194],[-36.78875,-6.96369],[-36.78326,-6.95731]]}},{"type":"Feature","properties":{"cota":600,"indice":false},"geometry":{"type":"LineString","coordinates":[[-36.85879,-6.95808],[-36.85808,-6.95948],[-36.86101,-6.96153],[-36.85879,-6.95808]]}},{"type":"Feature","properties":{"cota":400,"indice":false},"geometry":{"type":"LineString","coordinates":[[-36.90136,-6.95642],[-36.89867,-6.95744],[-36.89999,-6.96012],[-36.90256,-6.9588],[-36.90136,-6.95642]]}},{"type":"Feature","properties":{"cota":500,"indice":true},"geometry":{"type":"LineString","coordinates":[[-36.92677,-6.93425],[-36.92508,-6.93427],[-36.92531,-6.93631],[-36.92892,-6.94176],[-36.92881,-6.94722],[-36.93382,-6.95676],[-36.94324,-6.96383],[-36.94674,-6.96357],[-36.94668,-6.95421],[-36.93981,-6.95218],[-36.93661,-6.94381],[-36.92677,-6.93425]]}},{"type":"Feature","properties":{"cota":500,"indice":true},"geometry":{"type":"LineString","coordinates":[[-36.96316,-6.93287],[-36.96126,-6.93358],[-36.96157,-6.93904],[-36.9714,-6.95478],[-36.97261,-6.95267],[-36.97171,-6.94653],[-36.96842,-6.94108],[-36.96906,-6.93631],[-36.96316,-6.93287]]}},{"type":"Feature","properties":{"cota":600,"indice":false},"geometry":{"type":"LineString","coordinates":[[-36.83338,-6.92856],[-36.82995,-6.934],[-36.82065,-6.93018],[-36.81589,-6.93018],[-36.81892,-6.93358],[-36.82789,-6.93715],[-36.83064,-6.93436],[-36.83614,-6.93358],[-36.83338,-6.92856]]}},{"type":"Feature","properties":{"cota":600,"indice":false},"geometry":{"type":"MultiLineString","coordinates":[[[-36.59893,-6.92013],[-36.5971,-6.922],[-36.60052,-6.92472],[-36.60035,-6.92745],[-36.59643,-6.93086],[-36.59608,-6.93767],[-36.59786,-6.94517],[-36.60061,-6.94786],[-36.60267,-6.94852],[-36.60459,-6.94653],[-36.60542,-6.93925],[-36.61398,-6.93836],[-36.61917,-6.93397]],[[-36.62274,-6.93394],[-36.62258,-6.94013],[-36.62807,-6.94197],[-36.63288,-6.93958],[-36.63507,-6.9404],[-36.62795,-6.94722],[-36.62258,-6.94544],[-36.61503,-6.94822],[-36.61593,-6.95199],[-36.61131,-6.96289],[-36.61152,-6.96903],[-36.61777,-6.97271],[-36.6267,-6.97383],[-36.63013,-6.97763],[-36.64448,-6.97243],[-36.63852,-6.99016],[-36.64136,-6.99084],[-36.64318,-6.98756],[-36.65005,-6.9839],[-36.65142,-6.98082],[-36.65554,-6.98007],[-36.6618,-6.98334],[-36.66938,-6.99152],[-36.66418,-6.99765],[-36.67271,-7.00381],[-36.67545,-7.00355],[-36.6782,-6.99879],[-36.68644,-7.00288],[-36.69056,-7.00249],[-36.69193,-7.0074],[-36.71116,-7.00216],[-36.70635,-7.01007],[-36.70292,-7.01168],[-36.70293,-7.01401],[-36.70607,-7.02082],[-36.71379,-7.02559],[-36.71414,-7.03036],[-36.71956,-7.03445],[-36.71597,-7.04176],[-36.72352,-7.04863],[-36.73008,-7.04808],[-36.73588,-7.05841],[-36.74343,-7.06042],[-36.75442,-7.05682],[-36.75387,-7.06103],[-36.75854,-7.0668],[-36.76815,-7.06686],[-36.77845,-7.07475],[-36.78532,-7.07483],[-36.78782,-7.0733],[-36.78806,-7.07071],[-36.79768,-7.07238],[-36.81347,-7.08056],[-36.81896,-7.08038],[-36.82319,-7.0842],[-36.83132,-7.08594],[-36.83613,-7.08485],[-36.84574,-7.08818],[-36.86428,-7.0888],[-36.87183,-7.08252],[-36.87345,-7.08965],[-36.87939,-7.09318],[-36.88111,-7.09238],[-36.88008,-7.08897],[-36.88223,-7.08488],[-36.88419,-7.08439],[-36.88848,-7.08692],[-36.88969,-7.09548],[-36.89518,-7.08825],[-36.89778,-7.09646],[-36.90273,-7.09384],[-36.9096,-7.09996],[-36.91303,-7.09175],[-36.91853,-7.09685],[-36.92127,-7.09175],[-36.92672,-7.09374],[-36.92883,-7.09705],[-36.93175,-7.09783],[-36.9293,-7.10055],[-36.93089,-7.10207],[-36.93432,-7.10202],[-36.93775,-7.0992],[-36.94187,-7.10269],[-36.9453,-7.09929],[-36.9508,-7.10244],[-36.95629,-7.09819],[-36.95856,-7.09919],[-36.95857,-7.1026],[-36.96041,-7.10384],[-36.96384,-7.10305],[-36.96297,-7.09987],[-36.96522,-7.09865],[-36.9714,-7.10177],[-36.97341,-7.09851],[-36.9762,-7.09797],[-36.9817,-7.1031],[-36.98582,-7.09892],[-36.99886,-7.10074],[-37.0226,-7.09442],[-37.0229,-7.09223],[-37.02084,-7.09078],[-37.00848,-7.09229],[-36.98719,-7.08747],[-36.9817,-7.08424],[-36.9762,-7.08517],[-36.97208,-7.083],[-36.96796,-7.08422],[-36.9659,-7.08098],[-36.96316,-7.08337],[-36.95891,-7.08284],[-36.95702,-7.08215],[-36.95891,-7.07943],[-36.95766,-7.07712],[-36.94736,-7.07224],[-36.9417,-7.07398],[-36.94324,-7.06946],[-36.96384,-7.07373],[-36.96863,-7.07193],[-36.96815,-7.06921],[-36.97277,-7.06801],[-36.97013,-7.06239],[-36.9616,-7.05694],[-36.96337,-7.0549],[-36.96934,-7.05407],[-36.97023,-7.05217],[-36.964,-7.0474],[-36.96316,-7.04347],[-36.95883,-7.04127],[-36.95898,-7.0365],[-36.9762,-7.04249],[-36.97551,-7.03718],[-36.97856,-7.03582],[-36.97277,-7.03497],[-36.9616,-7.02559],[-36.97051,-7.02287],[-36.96384,-7.01643],[-36.9611,-7.01634],[-36.9556,-7.02106],[-36.95286,-7.02041],[-36.94854,-7.01537],[-36.95147,-7.00924],[-36.94805,-7.00517],[-36.94462,-7.00937],[-36.93755,-7.00515],[-36.93775,-7.00251],[-36.94324,-7.003],[-36.94426,-6.99902],[-36.93501,-6.99268],[-36.9302,-6.99348],[-36.92759,-6.99629],[-36.93221,-7.00106],[-36.93093,-7.00719],[-36.93666,-7.01673],[-36.93295,-7.01735],[-36.92534,-7.01196],[-36.92265,-7.00757],[-36.91372,-7.00308],[-36.9154,-7.01196],[-36.91372,-7.01262],[-36.9028,-6.99288],[-36.90571,-6.98675],[-36.90479,-6.98431],[-36.90301,-6.98334],[-36.90252,-6.98675],[-36.89999,-6.9864],[-36.89381,-6.9786],[-36.88663,-6.9738],[-36.8787,-6.9623],[-36.87321,-6.96005],[-36.8697,-6.96357],[-36.86714,-6.97039],[-36.87183,-6.97625],[-36.87801,-6.9799],[-36.88282,-6.9898],[-36.87757,-6.98743],[-36.87733,-6.99372],[-36.87321,-6.99455],[-36.87115,-6.98901],[-36.86771,-6.98924],[-36.86584,-6.9847],[-36.85673,-6.98046],[-36.85995,-6.9922],[-36.85673,-6.99175],[-36.84917,-6.98497],[-36.84871,-6.99288],[-36.84377,-7.0031],[-36.84133,-7.0031],[-36.84423,-6.9922],[-36.84231,-6.9889],[-36.834,-6.98334],[-36.83935,-6.97925],[-36.83675,-6.97243],[-36.83132,-6.96505],[-36.82858,-6.96478],[-36.82446,-6.95349],[-36.81237,-6.95267],[-36.81565,-6.9479],[-36.81491,-6.94244],[-36.81683,-6.93767],[-36.79463,-6.93086],[-36.79264,-6.92813],[-36.80042,-6.92824],[-36.80127,-6.92609],[-36.79356,-6.91991],[-36.78532,-6.92017],[-36.78494,-6.91586],[-36.77786,-6.91109],[-36.77924,-6.90904],[-36.79012,-6.90909],[-36.79186,-6.907],[-36.78532,-6.90123],[-36.77776,-6.90389],[-36.7757,-6.89686],[-36.77104,-6.89473],[-36.77211,-6.88928],[-36.76971,-6.88519],[-36.77411,-6.88041],[-36.77102,-6.87223],[-36.77352,-6.86883],[-36.7677,-6.85928],[-36.76334,-6.85815],[-36.75967,-6.86201],[-36.76177,-6.8661],[-36.76128,-6.86964],[-36.74995,-6.86201],[-36.74632,-6.85383],[-36.74274,-6.85358],[-36.7426,-6.8586],[-36.74729,-6.86405],[-36.74749,-6.86951],[-36.7551,-6.87203],[-36.75872,-6.87769],[-36.75785,-6.87932],[-36.75304,-6.87791],[-36.7503,-6.88067],[-36.74532,-6.88002]],[[-36.75144,-6.88984],[-36.75272,-6.89189]]]}},{"type":"Feature","properties":{"cota":600,"indice":false},"geometry":{"type":"LineString","coordinates":[[-36.81622,-6.89535],[-36.81718,-6.89814],[-36.82131,-6.8995],[-36.81622,-6.89535]]}},{"type":"Feature","properties":{"cota":400,"indice":false},"geometry":{"type":"LineString","coordinates":[[-36.87939,-6.8721],[-36.87733,-6.87228],[-36.87688,-6.87428],[-36.88145,-6.87709],[-36.88245,-6.87428],[-36.87939,-6.8721]]}},{"type":"Feature","properties":{"cota":600,"indice":false},"geometry":{"type":"LineString","coordinates":[[-36.80935,-6.85712],[-36.80795,-6.85792],[-36.80873,-6.86951],[-36.81547,-6.88178],[-36.81965,-6.88378],[-36.82308,-6.87902],[-36.82944,-6.8811],[-36.82982,-6.87905],[-36.82016,-6.86883],[-36.8205,-6.86337],[-36.81416,-6.86162],[-36.80935,-6.85712]]}},{"type":"Feature","properties":{"cota":300,"indice":false},"geometry":{"type":"LineString","coordinates":[[-37.10255,-6.96218],[-37.09983,-6.96221],[-37.09971,-6.96426],[-37.10529,-6.96785],[-37.11158,-6.96835],[-37.10255,-6.96218]]}},{"type":"Feature","properties":{"cota":300,"indice":false},"geometry":{"type":"LineString","coordinates":[[-37.08469,-6.95539],[-37.07717,-6.95744],[-37.08675,-6.96813],[-37.08999,-6.96426],[-37.08744,-6.95728],[-37.08469,-6.95539]]}},{"type":"Feature","properties":{"cota":300,"indice":false},"geometry":{"type":"LineString","coordinates":[[-37.12864,-6.95601],[-37.12555,-6.95812],[-37.1307,-6.95882],[-37.12864,-6.95601]]}},{"type":"Feature","properties":{"cota":300,"indice":false},"geometry":{"type":"LineString","coordinates":[[-37.12246,-6.95601],[-37.11986,-6.95676],[-37.12383,-6.95862],[-37.12246,-6.95601]]}},{"type":"Feature","properties":{"cota":300,"indice":false},"geometry":{"type":"LineString","coordinates":[[-37.05242,-6.94709],[-37.0483,-6.94818],[-37.04647,-6.9554],[-37.05161,-6.95131],[-37.05242,-6.94709]]}},{"type":"Feature","properties":{"cota":400,"indice":false},"geometry":{"type":"LineString","coordinates":[[-36.98719,-6.93216],[-36.98531,-6.93358],[-36.98719,-6.93672],[-36.99278,-6.93631],[-36.99249,-6.93427],[-36.98719,-6.93216]]}},{"type":"Feature","properties":{"cota":500,"indice":true},"geometry":{"type":"LineString","coordinates":[[-37.02221,-6.88517],[-37.0199,-6.88587],[-37.02015,-6.88808],[-37.03182,-6.89733],[-37.02976,-6.89129],[-37.02221,-6.88517]]}},{"type":"Feature","properties":{"cota":400,"indice":false},"geometry":{"type":"LineString","coordinates":[[-37.01466,-6.87484],[-37.00504,-6.87804],[-37.00464,-6.88041],[-37.0126,-6.8887],[-37.01672,-6.88912],[-37.02386,-6.89473],[-37.02531,-6.89677],[-37.02408,-6.8995],[-37.0277,-6.90155],[-37.03045,-6.90699],[-37.03526,-6.90701],[-37.03688,-6.90086],[-37.03213,-6.89132],[-37.02338,-6.87837],[-37.01466,-6.87484]]}},{"type":"Feature","properties":{"cota":300,"indice":false},"geometry":{"type":"LineString","coordinates":[[-37.12521,-6.86604],[-37.123,-6.8661],[-37.12265,-6.86814],[-37.12795,-6.87843],[-37.13945,-6.8845],[-37.15467,-6.89814],[-37.15748,-6.89843],[-37.15678,-6.89609],[-37.15267,-6.89398],[-37.15201,-6.88791],[-37.14855,-6.88877],[-37.14443,-6.88625],[-37.13213,-6.86951],[-37.12521,-6.86604]]}},{"type":"Feature","properties":{"cota":400,"indice":false},"geometry":{"type":"LineString","coordinates":[[-37.12864,-6.87123],[-37.12727,-6.87101],[-37.12729,-6.87292],[-37.1307,-6.87547],[-37.12864,-6.87123]]}},{"type":"Feature","properties":{"cota":500,"indice":true},"geometry":{"type":"LineString","coordinates":[[-37.20623,-6.9029],[-37.20384,-6.90291],[-37.21195,-6.90836],[-37.21722,-6.90848],[-37.21722,-6.90468],[-37.20623,-6.9029]]}},{"type":"Feature","properties":{"cota":300,"indice":false},"geometry":{"type":"LineString","coordinates":[[-37.19524,-6.85922],[-37.19276,-6.85996],[-37.19387,-6.86494],[-37.19665,-6.86133],[-37.19524,-6.85922]]}},{"type":"Feature","properties":{"cota":200,"indice":false},"geometry":{"type":"LineString","coordinates":[[-37.39094,-6.84276],[-37.39368,-6.85087],[-37.38895,-6.84769],[-37.38861,-6.8436],[-37.39094,-6.84276]]}},{"type":"Feature","properties":{"cota":300,"indice":false},"geometry":{"type":"LineString","coordinates":[[-37.27215,-6.83801],[-37.27077,-6.84064],[-37.27283,-6.83995],[-37.27215,-6.83801]]}},{"type":"Feature","properties":{"cota":200,"indice":false},"geometry":{"type":"LineString","coordinates":[[-37.34013,-6.82927],[-37.33807,-6.83121],[-37.33633,-6.82997],[-37.34013,-6.82927]]}},{"type":"Feature","properties":{"cota":300,"indice":false},"geometry":{"type":"LineString","coordinates":[[-37.26048,-6.81888],[-37.2581,-6.81906],[-37.2585,-6.8211],[-37.26312,-6.82247],[-37.26339,-6.82042],[-37.26048,-6.81888]]}},{"type":"Feature","properties":{"cota":400,"indice":false},"geometry":{"type":"LineString","coordinates":[[-37.24022,-6.8209],[-37.24426,-6.8211],[-37.24473,-6.81793]]}},{"type":"Feature","properties":{"cota":300,"indice":false},"geometry":{"type":"MultiLineString","coordinates":[[[-37.2373,-6.82282],[-37.24194,-6.82527],[-37.25086,-6.82349],[-37.25257,-6.82042],[-37.25084,-6.81391]],[[-37.25144,-6.81351],[-37.25842,-6.81485],[-37.26061,-6.81224],[-37.26043,-6.80133],[-37.25563,-6.79844]],[[-37.2576,-6.79407],[-37.26005,-6.78863]]]}},{"type":"Feature","properties":{"cota":400,"indice":false},"geometry":{"type":"LineString","coordinates":[[-37.25513,-6.80804],[-37.25745,-6.80406],[-37.25517,-6.8026]]}},{"type":"Feature","properties":{"cota":200,"indice":false},"geometry":{"type":"LineString","coordinates":[[-37.38201,-6.77811],[-37.37983,-6.77883],[-37.37977,-6.78156],[-37.38212,-6.78088],[-37.38201,-6.77811]]}},{"type":"Feature","properties":{"cota":600,"indice":false},"geometry":{"type":"MultiLineString","coordinates":[[[-35.99842,-7.80681],[-35.99704,-7.80805]],[[-36.00452,-7.81283],[-36.00816,-7.8093],[-36.00117,-7.81064],[-35.99842,-7.80681]]]}},{"type":"Feature","properties":{"cota":600,"indice":false},"geometry":{"type":"MultiLineString","coordinates":[[[-36.12202,-7.78474],[-36.11659,-7.78498]],[[-36.12257,-7.78502],[-36.12202,-7.78474]]]}},{"type":"Feature","properties":{"cota":600,"indice":false},"geometry":{"type":"MultiLineString","coordinates":[[[-36.13781,-7.77911],[-36.13532,-7.78005],[-36.13565,-7.78281]],[[-36.13727,-7.78256],[-36.13781,-7.77911]]]}},{"type":"Feature","properties":{"cota":600,"indice":false},"geometry":{"type":"LineString","coordinates":[[-36.12476,-7.76352],[-36.12408,-7.76576],[-36.12614,-7.76802],[-36.12743,-7.76576],[-36.12476,-7.76352]]}},{"type":"Feature","properties":{"cota":500,"indice":true},"geometry":{"type":"LineString","coordinates":[[-36.06228,-7.76207],[-36.05975,-7.76304],[-36.06159,-7.76518],[-36.06316,-7.76372],[-36.06228,-7.76207]]}},{"type":"Feature","properties":{"cota":600,"indice":false},"geometry":{"type":"LineString","coordinates":[[-35.62285,-7.67051],[-35.62361,-7.66642],[-35.62083,-7.667]]}},{"type":"Feature","properties":{"cota":600,"indice":false},"geometry":{"type":"LineString","coordinates":[[-35.62351,-7.65551],[-35.62036,-7.65689],[-35.62351,-7.65551]]}},{"type":"Feature","properties":{"cota":500,"indice":true},"geometry":{"type":"MultiLineString","coordinates":[[[-35.57819,-7.64523],[-35.57064,-7.646],[-35.57293,-7.65213],[-35.55897,-7.65892],[-35.55485,-7.65407],[-35.55073,-7.65752],[-35.54867,-7.65547],[-35.54455,-7.6561],[-35.53631,-7.65247],[-35.53502,-7.65556]],[[-36.01423,-7.81133],[-36.01644,-7.80726],[-36.00598,-7.80114],[-36.00803,-7.7969],[-35.98743,-7.78324],[-35.98277,-7.78209],[-35.98224,-7.78821],[-35.98057,-7.78914],[-35.97616,-7.78617],[-35.97792,-7.78277],[-35.97645,-7.78105],[-35.97164,-7.7838],[-35.96698,-7.78345],[-35.97071,-7.77869],[-35.96876,-7.77121],[-35.9531,-7.75871],[-35.952,-7.76372],[-35.95552,-7.76508],[-35.95654,-7.76989],[-35.96335,-7.77461],[-35.96409,-7.77733],[-35.96003,-7.77869],[-35.9586,-7.78186],[-35.9531,-7.77824],[-35.95031,-7.77869],[-35.94926,-7.78481],[-35.95374,-7.78821]],[[-35.95003,-7.78885],[-35.94231,-7.78932]],[[-35.93819,-7.78673],[-35.93319,-7.77996],[-35.9324,-7.78345],[-35.92963,-7.78518]],[[-35.92733,-7.78565],[-35.92631,-7.78604]],[[-35.92349,-7.78711],[-35.90641,-7.79117],[-35.90743,-7.78617],[-35.89756,-7.77869],[-35.89954,-7.77479],[-35.90435,-7.77303],[-35.91396,-7.76485],[-35.91655,-7.76032],[-35.91399,-7.7576],[-35.9119,-7.74894],[-35.9071,-7.74906],[-35.90366,-7.74576],[-35.89954,-7.74658],[-35.8968,-7.7427],[-35.8892,-7.73787],[-35.89336,-7.73683],[-35.89748,-7.74152],[-35.90396,-7.74127],[-35.90269,-7.73515],[-35.89975,-7.73242],[-35.90023,-7.72636],[-35.90435,-7.72579],[-35.91602,-7.73],[-35.92293,-7.72222],[-35.92051,-7.71746],[-35.90979,-7.71269],[-35.90689,-7.70793],[-35.90229,-7.70523],[-35.8913,-7.70297],[-35.88787,-7.70695],[-35.8762,-7.70236],[-35.8738,-7.70453],[-35.87414,-7.71254],[-35.8659,-7.70492],[-35.86246,-7.7134],[-35.85699,-7.71133],[-35.8578,-7.71473],[-35.86326,-7.71882],[-35.86179,-7.72086],[-35.86582,-7.72902],[-35.86551,-7.73379],[-35.87398,-7.73719],[-35.87543,-7.74263],[-35.87414,-7.74358],[-35.86796,-7.74399],[-35.86452,-7.74201],[-35.86109,-7.74357],[-35.8563,-7.73991],[-35.84873,-7.73981],[-35.83981,-7.73415],[-35.83569,-7.73634],[-35.83259,-7.73242],[-35.82607,-7.7318],[-35.82195,-7.72751],[-35.80479,-7.71892],[-35.79586,-7.71922],[-35.78281,-7.70758],[-35.78509,-7.71269],[-35.77846,-7.71473],[-35.77549,-7.7195],[-35.77698,-7.72358],[-35.78007,-7.72456],[-35.78025,-7.72766],[-35.77526,-7.72778],[-35.76084,-7.72137],[-35.74878,-7.70521],[-35.74093,-7.70131],[-35.7169,-7.70407],[-35.71684,-7.69908],[-35.7129,-7.69364],[-35.71278,-7.68872],[-35.70454,-7.68923],[-35.7011,-7.69122],[-35.69767,-7.68989],[-35.69698,-7.68449],[-35.69012,-7.67763],[-35.68394,-7.67611],[-35.68312,-7.67731],[-35.68518,-7.68479],[-35.69307,-7.6916],[-35.68943,-7.69711],[-35.68668,-7.69588],[-35.68462,-7.6911],[-35.67844,-7.68754],[-35.6659,-7.69228],[-35.67576,-7.68071],[-35.66883,-7.67341],[-35.66339,-7.67391],[-35.65891,-7.67799],[-35.65765,-7.68684],[-35.66068,-7.69228],[-35.65647,-7.6941],[-35.6496,-7.69144],[-35.64849,-7.68888],[-35.65304,-7.68884],[-35.65462,-7.68684],[-35.65029,-7.68101],[-35.63285,-7.67391],[-35.63624,-7.6705],[-35.63182,-7.65894],[-35.63725,-7.65722],[-35.64068,-7.65369],[-35.64686,-7.65631],[-35.648,-7.65213],[-35.64548,-7.64902],[-35.61047,-7.64875],[-35.59948,-7.64792],[-35.59605,-7.64599],[-35.59055,-7.64854],[-35.58437,-7.64855],[-35.57819,-7.64523]]]}},{"type":"Feature","properties":{"cota":600,"indice":false},"geometry":{"type":"MultiLineString","coordinates":[[[-35.73338,-7.70585],[-35.7277,-7.70589],[-35.72831,-7.70955]],[[-35.73856,-7.71091],[-35.74436,-7.70933],[-35.74478,-7.70725],[-35.73338,-7.70585]]]}},{"type":"Feature","properties":{"cota":700,"indice":false},"geometry":{"type":"MultiLineString","coordinates":[[[-35.81303,-7.73916],[-35.80786,-7.74059],[-35.80622,-7.74365]],[[-35.82235,-7.74868],[-35.81767,-7.74127],[-35.81303,-7.73916]]]}},{"type":"Feature","properties":{"cota":600,"indice":false},"geometry":{"type":"MultiLineString","coordinates":[[[-35.78831,-7.71775],[-35.78511,-7.7195],[-35.78537,-7.72222],[-35.79403,-7.72902],[-35.79432,-7.73311],[-35.78823,-7.73515],[-35.78625,-7.73803],[-35.77557,-7.73388]],[[-35.84735,-7.74778],[-35.84118,-7.73928],[-35.83431,-7.74483],[-35.83194,-7.73855],[-35.82195,-7.73308],[-35.81783,-7.73332],[-35.81371,-7.72689],[-35.80685,-7.72558],[-35.80204,-7.72237],[-35.79723,-7.72546],[-35.78831,-7.71775]]]}},{"type":"Feature","properties":{"cota":600,"indice":false},"geometry":{"type":"LineString","coordinates":[[-35.89748,-7.71055],[-35.89457,-7.71133],[-35.8968,-7.71207],[-35.89748,-7.71055]]}},{"type":"Feature","properties":{"cota":400,"indice":false},"geometry":{"type":"LineString","coordinates":[[-35.90572,-7.6792],[-35.90092,-7.67935],[-35.90641,-7.6822],[-35.91058,-7.68207],[-35.90572,-7.6792]]}},{"type":"Feature","properties":{"cota":400,"indice":false},"geometry":{"type":"LineString","coordinates":[[-35.98194,-7.66225],[-35.97971,-7.66302],[-35.98313,-7.66846],[-35.98262,-7.67323],[-35.98949,-7.67634],[-35.99171,-7.67935],[-35.98482,-7.68615],[-35.99327,-7.6882],[-35.99104,-7.69228],[-35.99224,-7.69398],[-36.00254,-7.69212],[-36.00544,-7.68343],[-36.00323,-7.67945],[-35.99794,-7.67731],[-35.99543,-7.66982],[-35.99746,-7.66506],[-35.98194,-7.66225]]}},{"type":"Feature","properties":{"cota":300,"indice":false},"geometry":{"type":"LineString","coordinates":[[-35.83569,-7.6736],[-35.83901,-7.67731],[-35.83775,-7.68117],[-35.8307,-7.67867],[-35.83569,-7.6736]]}},{"type":"Feature","properties":{"cota":400,"indice":false},"geometry":{"type":"LineString","coordinates":[[-35.86178,-7.67307],[-35.85749,-7.67323],[-35.86109,-7.67591],[-35.86378,-7.67459],[-35.86178,-7.67307]]}},{"type":"Feature","properties":{"cota":400,"indice":false},"geometry":{"type":"LineString","coordinates":[[-35.86864,-7.67118],[-35.86649,-7.67391],[-35.87002,-7.67507],[-35.87064,-7.67255],[-35.86864,-7.67118]]}},{"type":"Feature","properties":{"cota":300,"indice":false},"geometry":{"type":"LineString","coordinates":[[-35.80616,-7.65682],[-35.80341,-7.65704],[-35.803,-7.6603],[-35.80822,-7.66306],[-35.8094,-7.6603],[-35.80616,-7.65682]]}},{"type":"Feature","properties":{"cota":500,"indice":true},"geometry":{"type":"LineString","coordinates":[[-35.77938,-7.70444],[-35.77526,-7.70474],[-35.77364,-7.70793],[-35.78131,-7.70725],[-35.77938,-7.70444]]}},{"type":"Feature","properties":{"cota":600,"indice":false},"geometry":{"type":"MultiLineString","coordinates":[[[-35.70728,-7.69497],[-35.70583,-7.69565]],[[-35.70926,-7.7],[-35.7108,-7.69772],[-35.70728,-7.69497]]]}},{"type":"Feature","properties":{"cota":600,"indice":false},"geometry":{"type":"LineString","coordinates":[[-35.6805,-7.69566],[-35.67917,-7.69636],[-35.6805,-7.6982],[-35.6805,-7.69566]]}},{"type":"Feature","properties":{"cota":500,"indice":true},"geometry":{"type":"LineString","coordinates":[[-35.78831,-7.68612],[-35.78606,-7.68615],[-35.7864,-7.68888],[-35.78861,-7.68888],[-35.78831,-7.68612]]}},{"type":"Feature","properties":{"cota":600,"indice":false},"geometry":{"type":"LineString","coordinates":[[-35.66814,-7.67653],[-35.66571,-7.67731],[-35.66486,-7.68003],[-35.66952,-7.67932],[-35.66814,-7.67653]]}},{"type":"Feature","properties":{"cota":400,"indice":false},"geometry":{"type":"LineString","coordinates":[[-35.7526,-7.66697],[-35.75054,-7.66673],[-35.74856,-7.67255],[-35.74516,-7.67459],[-35.74642,-7.67701],[-35.75619,-7.67323],[-35.75614,-7.66982],[-35.7526,-7.66697]]}},{"type":"Feature","properties":{"cota":400,"indice":false},"geometry":{"type":"LineString","coordinates":[[-35.68806,-7.6635],[-35.6866,-7.6637],[-35.69149,-7.67112],[-35.69286,-7.66642],[-35.68806,-7.6635]]}},{"type":"Feature","properties":{"cota":400,"indice":false},"geometry":{"type":"LineString","coordinates":[[-35.71346,-7.65196],[-35.71182,-7.65213],[-35.71213,-7.65417],[-35.72739,-7.67118],[-35.72957,-7.67731],[-35.7334,-7.67731],[-35.74462,-7.66914],[-35.74299,-7.66609],[-35.72376,-7.66007],[-35.72046,-7.65417],[-35.71346,-7.65196]]}},{"type":"Feature","properties":{"cota":400,"indice":false},"geometry":{"type":"LineString","coordinates":[[-35.75741,-7.66226],[-35.75466,-7.66282],[-35.75672,-7.66541],[-35.7629,-7.66689],[-35.76556,-7.66574],[-35.76349,-7.66302],[-35.75741,-7.66226]]}},{"type":"Feature","properties":{"cota":400,"indice":false},"geometry":{"type":"LineString","coordinates":[[-35.67844,-7.65264],[-35.67981,-7.65894],[-35.68462,-7.65976],[-35.68452,-7.65689],[-35.67844,-7.65264]]}},{"type":"Feature","properties":{"cota":400,"indice":false},"geometry":{"type":"LineString","coordinates":[[-36.00254,-7.75352],[-36.00395,-7.75624],[-36.00803,-7.7569],[-36.00776,-7.7542],[-36.00254,-7.75352]]}},{"type":"Feature","properties":{"cota":700,"indice":false},"geometry":{"type":"LineString","coordinates":[[-36.11927,-7.74187],[-36.11591,-7.74331],[-36.11721,-7.7466],[-36.12172,-7.74467],[-36.11927,-7.74187]]}},{"type":"Feature","properties":{"cota":600,"indice":false},"geometry":{"type":"LineString","coordinates":[[-36.11652,-7.72968],[-36.11103,-7.73501],[-36.10691,-7.72984],[-36.10502,-7.73174],[-36.11117,-7.74603],[-36.12133,-7.75737],[-36.1227,-7.74999],[-36.13181,-7.74671],[-36.12862,-7.74399],[-36.1286,-7.73923],[-36.11652,-7.72968]]}},{"type":"Feature","properties":{"cota":600,"indice":false},"geometry":{"type":"LineString","coordinates":[[-36.04031,-7.72822],[-36.03687,-7.72884],[-36.0337,-7.73242],[-36.03465,-7.73719],[-36.04511,-7.73787],[-36.05053,-7.73515],[-36.04923,-7.73081],[-36.04031,-7.72822]]}},{"type":"Feature","properties":{"cota":500,"indice":true},"geometry":{"type":"LineString","coordinates":[[-36.05541,-7.705],[-36.05066,-7.70589],[-36.04804,-7.70861],[-36.05198,-7.72056],[-36.05369,-7.7195],[-36.05663,-7.70793],[-36.05541,-7.705]]}},{"type":"Feature","properties":{"cota":500,"indice":true},"geometry":{"type":"LineString","coordinates":[[-36.09455,-7.70368],[-36.1021,-7.70436],[-36.10348,-7.70657],[-36.10004,-7.70889],[-36.09592,-7.70691],[-36.09455,-7.70368]]}},{"type":"Feature","properties":{"cota":500,"indice":true},"geometry":{"type":"LineString","coordinates":[[-36.06777,-7.68941],[-36.06439,-7.69024],[-36.0664,-7.69378],[-36.07876,-7.699],[-36.08438,-7.6984],[-36.08288,-7.69474],[-36.06777,-7.68941]]}},{"type":"Feature","properties":{"cota":500,"indice":true},"geometry":{"type":"LineString","coordinates":[[-36.10485,-7.64326],[-36.10622,-7.64622],[-36.10485,-7.64326]]}},{"type":"Feature","properties":{"cota":400,"indice":false},"geometry":{"type":"LineString","coordinates":[[-36.11172,-7.63086],[-36.11034,-7.63301],[-36.11242,-7.63239],[-36.11172,-7.63086]]}},{"type":"Feature","properties":{"cota":500,"indice":true},"geometry":{"type":"LineString","coordinates":[[-36.15223,-7.59683],[-36.15041,-7.59768],[-36.15086,-7.59944],[-36.1531,-7.59905],[-36.15223,-7.59683]]}},{"type":"Feature","properties":{"cota":200,"indice":false},"geometry":{"type":"LineString","coordinates":[[-35.79037,-7.65211],[-35.79311,-7.65375],[-35.79037,-7.65211]]}},{"type":"Feature","properties":{"cota":300,"indice":false},"geometry":{"type":"LineString","coordinates":[[-35.7011,-7.64662],[-35.69973,-7.64797],[-35.70248,-7.65067],[-35.7011,-7.64662]]}},{"type":"Feature","properties":{"cota":300,"indice":false},"geometry":{"type":"LineString","coordinates":[[-35.74436,-7.63374],[-35.74088,-7.63648],[-35.7423,-7.6403],[-35.74848,-7.63824],[-35.75466,-7.64018],[-35.75672,-7.63855],[-35.75535,-7.63618],[-35.74436,-7.63374]]}},{"type":"Feature","properties":{"cota":400,"indice":false},"geometry":{"type":"LineString","coordinates":[[-35.6599,-7.63353],[-35.65733,-7.63376],[-35.65716,-7.63566],[-35.6599,-7.63353]]}},{"type":"Feature","properties":{"cota":400,"indice":false},"geometry":{"type":"LineString","coordinates":[[-35.65098,-7.63212],[-35.64463,-7.63376],[-35.65304,-7.63586],[-35.65098,-7.63212]]}},{"type":"Feature","properties":{"cota":300,"indice":false},"geometry":{"type":"LineString","coordinates":[[-35.64274,-7.6181],[-35.64274,-7.62183],[-35.64617,-7.62175],[-35.64686,-7.61961],[-35.64274,-7.6181]]}},{"type":"Feature","properties":{"cota":400,"indice":false},"geometry":{"type":"LineString","coordinates":[[-35.69286,-7.60516],[-35.6908,-7.60951],[-35.68806,-7.60953],[-35.686,-7.60505],[-35.67913,-7.60772],[-35.67638,-7.61195],[-35.67844,-7.61404],[-35.68732,-7.61402],[-35.68324,-7.62763],[-35.686,-7.63446],[-35.69389,-7.63307],[-35.69549,-7.62967],[-35.69995,-7.62695],[-35.69516,-7.62491],[-35.69077,-7.6181],[-35.6944,-7.6113],[-35.69463,-7.60653],[-35.69286,-7.60516]]}},{"type":"Feature","properties":{"cota":400,"indice":false},"geometry":{"type":"LineString","coordinates":[[-35.73612,-7.58542],[-35.73269,-7.58879],[-35.72651,-7.58937],[-35.72838,-7.59496],[-35.72651,-7.59926],[-35.72376,-7.59581],[-35.71827,-7.59895],[-35.7169,-7.59502],[-35.71484,-7.59457],[-35.70742,-7.59836],[-35.71397,-7.60245],[-35.71113,-7.60857],[-35.70518,-7.6113],[-35.70486,-7.61538],[-35.71896,-7.61243],[-35.72239,-7.61676],[-35.72857,-7.61204],[-35.73309,-7.61402],[-35.73132,-7.61999],[-35.72582,-7.62278],[-35.72651,-7.62423],[-35.73475,-7.62376],[-35.73818,-7.62034],[-35.7423,-7.62122],[-35.74264,-7.61878],[-35.734,-7.61334],[-35.73858,-7.60925],[-35.73638,-7.60585],[-35.73681,-7.60262],[-35.74698,-7.5902],[-35.74162,-7.59116],[-35.73612,-7.58542]]}},{"type":"Feature","properties":{"cota":200,"indice":false},"geometry":{"type":"LineString","coordinates":[[-35.65922,-7.59833],[-35.65922,-7.60061],[-35.65621,-7.60109],[-35.65922,-7.59833]]}},{"type":"Feature","properties":{"cota":400,"indice":false},"geometry":{"type":"LineString","coordinates":[[-35.65029,-7.58305],[-35.64617,-7.58912],[-35.64882,-7.58816],[-35.65029,-7.58305]]}},{"type":"Feature","properties":{"cota":300,"indice":false},"geometry":{"type":"LineString","coordinates":[[-35.80685,-7.64925],[-35.80479,-7.64929],[-35.80479,-7.6508],[-35.80753,-7.65152],[-35.80685,-7.64925]]}},{"type":"Feature","properties":{"cota":400,"indice":false},"geometry":{"type":"LineString","coordinates":[[-35.92426,-7.6349],[-35.9215,-7.6358],[-35.92426,-7.63724],[-35.92426,-7.6349]]}},{"type":"Feature","properties":{"cota":400,"indice":false},"geometry":{"type":"LineString","coordinates":[[-35.98949,-7.63302],[-35.98779,-7.63307],[-35.99226,-7.63512],[-35.98949,-7.63302]]}},{"type":"Feature","properties":{"cota":400,"indice":false},"geometry":{"type":"LineString","coordinates":[[-35.95791,-7.62616],[-35.94898,-7.62615],[-35.94486,-7.62754],[-35.94474,-7.62967],[-35.95133,-7.63512],[-35.95104,-7.62967],[-35.96074,-7.63035],[-35.95791,-7.62616]]}},{"type":"Feature","properties":{"cota":300,"indice":false},"geometry":{"type":"LineString","coordinates":[[-35.93388,-7.62404],[-35.93555,-7.62763],[-35.93388,-7.62904],[-35.9317,-7.62627],[-35.93388,-7.62404]]}},{"type":"Feature","properties":{"cota":400,"indice":false},"geometry":{"type":"LineString","coordinates":[[-36.00529,-7.57435],[-35.99979,-7.5771],[-35.98915,-7.57795],[-35.99567,-7.58438],[-35.99911,-7.58477],[-36.01147,-7.58051],[-36.00529,-7.57435]]}},{"type":"Feature","properties":{"cota":400,"indice":false},"geometry":{"type":"LineString","coordinates":[[-35.96752,-7.56754],[-35.95665,-7.56842],[-35.95431,-7.57182],[-35.96203,-7.57252],[-35.96739,-7.56978],[-35.96752,-7.56754]]}},{"type":"Feature","properties":{"cota":500,"indice":true},"geometry":{"type":"LineString","coordinates":[[-35.80204,-7.54712],[-35.79966,-7.548],[-35.79957,-7.55004],[-35.80211,-7.54936],[-35.80204,-7.54712]]}},{"type":"Feature","properties":{"cota":500,"indice":true},"geometry":{"type":"LineString","coordinates":[[-35.82745,-7.54181],[-35.82539,-7.54214],[-35.82329,-7.54663],[-35.82882,-7.54598],[-35.82745,-7.54181]]}},{"type":"Feature","properties":{"cota":400,"indice":false},"geometry":{"type":"LineString","coordinates":[[-35.63725,-7.47504],[-35.63509,-7.47788],[-35.63935,-7.48264],[-35.63548,-7.49013],[-35.6448,-7.50194],[-35.64981,-7.50375],[-35.65029,-7.50821],[-35.65375,-7.50919],[-35.65523,-7.51328],[-35.66128,-7.51756],[-35.66883,-7.51794],[-35.6719,-7.52281],[-35.68188,-7.52812],[-35.68737,-7.52785],[-35.69286,-7.5336],[-35.70248,-7.53226],[-35.70522,-7.53539],[-35.71072,-7.53665],[-35.71302,-7.53506],[-35.71278,-7.52912],[-35.72033,-7.53024],[-35.72582,-7.52669],[-35.72947,-7.5303],[-35.72419,-7.5337],[-35.72582,-7.53561],[-35.72994,-7.53547],[-35.72926,-7.53878],[-35.72033,-7.54141],[-35.71923,-7.54323],[-35.72376,-7.54398],[-35.72651,-7.54706],[-35.72994,-7.54583],[-35.73614,-7.55072],[-35.73406,-7.5536],[-35.72582,-7.55149],[-35.72054,-7.5548],[-35.7339,-7.56501],[-35.73063,-7.56936],[-35.72582,-7.56836],[-35.7243,-7.56978],[-35.73401,-7.57454],[-35.73269,-7.5802],[-35.73956,-7.57795],[-35.74162,-7.57476],[-35.73911,-7.56774],[-35.74069,-7.56569],[-35.74917,-7.56497],[-35.75672,-7.56674],[-35.76221,-7.56454],[-35.76702,-7.55948],[-35.76861,-7.56365],[-35.7723,-7.56637],[-35.77938,-7.56646],[-35.78477,-7.56229],[-35.78419,-7.55296],[-35.78831,-7.55332],[-35.79105,-7.55058],[-35.79609,-7.55684],[-35.78963,-7.56025],[-35.79514,-7.56569],[-35.79398,-7.57046],[-35.81234,-7.57562],[-35.82195,-7.57645],[-35.82462,-7.58203],[-35.83579,-7.58747],[-35.82798,-7.58816],[-35.82806,-7.5936],[-35.83843,-7.5987],[-35.84031,-7.597],[-35.83981,-7.59342],[-35.84393,-7.59101],[-35.84835,-7.59632],[-35.84805,-7.60228],[-35.8556,-7.6045],[-35.85904,-7.60245],[-35.8555,-7.59632],[-35.86278,-7.5902],[-35.85145,-7.58475],[-35.85629,-7.58122],[-35.86384,-7.58481],[-35.86727,-7.58185],[-35.87088,-7.58271],[-35.87161,-7.58475],[-35.86962,-7.58747],[-35.87232,-7.58952],[-35.87414,-7.59653],[-35.87963,-7.59412],[-35.89062,-7.59376],[-35.89401,-7.60041],[-35.88862,-7.60381],[-35.8968,-7.61158],[-35.90092,-7.6099],[-35.91053,-7.61003],[-35.90927,-7.60721],[-35.91398,-7.60381],[-35.91122,-7.60187],[-35.8999,-7.60041],[-35.90359,-7.597],[-35.90298,-7.59223],[-35.90984,-7.59423],[-35.91328,-7.5906],[-35.91808,-7.59467],[-35.92083,-7.59284],[-35.9325,-7.5964],[-35.9351,-7.59428],[-35.9344,-7.59088],[-35.94624,-7.5912],[-35.94872,-7.59292],[-35.9437,-7.59496],[-35.94555,-7.59713],[-35.95928,-7.59584],[-35.95885,-7.5936],[-35.9634,-7.59086],[-35.97618,-7.59088],[-35.96369,-7.58203],[-35.97885,-7.57863],[-35.97338,-7.5759],[-35.95036,-7.57737],[-35.94684,-7.57522],[-35.94486,-7.56858],[-35.93525,-7.56655],[-35.92495,-7.56821],[-35.92014,-7.56589],[-35.91884,-7.56297],[-35.92083,-7.56025],[-35.912,-7.55072],[-35.91612,-7.54527],[-35.91465,-7.54108],[-35.90092,-7.54235],[-35.9041,-7.55208],[-35.89756,-7.55548],[-35.89676,-7.55821],[-35.8865,-7.56],[-35.87963,-7.5559],[-35.87414,-7.55865],[-35.86796,-7.55264],[-35.86315,-7.55282],[-35.86158,-7.54936],[-35.86178,-7.54652],[-35.86658,-7.54693],[-35.87361,-7.54051],[-35.8659,-7.53277],[-35.85423,-7.53711],[-35.84736,-7.53212],[-35.84213,-7.5337],[-35.84255,-7.53789],[-35.83843,-7.53853],[-35.83363,-7.53388],[-35.82539,-7.53521],[-35.82102,-7.5337],[-35.82058,-7.53155],[-35.83888,-7.52417],[-35.83431,-7.52104],[-35.82957,-7.52145],[-35.82745,-7.5259],[-35.81852,-7.52676],[-35.81372,-7.5303],[-35.80135,-7.52548],[-35.79371,-7.52962],[-35.79037,-7.53559],[-35.78806,-7.53302],[-35.78762,-7.52663],[-35.78077,-7.52417],[-35.77389,-7.51576],[-35.76439,-7.51192],[-35.76503,-7.50851],[-35.76221,-7.50553],[-35.75741,-7.50507],[-35.75397,-7.50157],[-35.7478,-7.49933],[-35.7447,-7.49966],[-35.74299,-7.50292],[-35.73887,-7.49999],[-35.73269,-7.49971],[-35.73113,-7.49626],[-35.72644,-7.49354],[-35.72514,-7.48791],[-35.71827,-7.49046],[-35.71346,-7.48791],[-35.70728,-7.48987],[-35.70179,-7.48846],[-35.69767,-7.49203],[-35.68806,-7.49071],[-35.68668,-7.49319],[-35.67844,-7.48695],[-35.66608,-7.49057],[-35.65758,-7.48537],[-35.65853,-7.48107],[-35.65304,-7.48169],[-35.64754,-7.48533],[-35.64517,-7.4806],[-35.63725,-7.47504]]}},{"type":"Feature","properties":{"cota":500,"indice":true},"geometry":{"type":"LineString","coordinates":[[-36.14605,-7.5963],[-36.14262,-7.59639],[-36.14158,-7.59836],[-36.14594,-7.59905],[-36.14731,-7.59768],[-36.14605,-7.5963]]}},{"type":"Feature","properties":{"cota":500,"indice":true},"geometry":{"type":"LineString","coordinates":[[-36.17352,-7.59219],[-36.16802,-7.59663],[-36.16184,-7.59719],[-36.16082,-7.60041],[-36.16665,-7.60158],[-36.17832,-7.59865],[-36.18237,-7.60245],[-36.17832,-7.59528],[-36.17352,-7.59219]]}},{"type":"Feature","properties":{"cota":400,"indice":false},"geometry":{"type":"LineString","coordinates":[[-36.02657,-7.58318],[-36.02314,-7.58383],[-36.02235,-7.58611],[-36.02795,-7.58648],[-36.0286,-7.58475],[-36.02657,-7.58318]]}},{"type":"Feature","properties":{"cota":500,"indice":true},"geometry":{"type":"LineString","coordinates":[[-36.07876,-7.56335],[-36.05953,-7.56481],[-36.05129,-7.56744],[-36.04511,-7.56631],[-36.04099,-7.56912],[-36.03413,-7.5683],[-36.02454,-7.5725],[-36.02657,-7.5743],[-36.03619,-7.57466],[-36.04099,-7.57153],[-36.05267,-7.57161],[-36.05816,-7.57506],[-36.06846,-7.57094],[-36.08013,-7.57031],[-36.08191,-7.56706],[-36.07876,-7.56335]]}},{"type":"Feature","properties":{"cota":600,"indice":false},"geometry":{"type":"LineString","coordinates":[[-36.06159,-7.56747],[-36.05582,-7.5691],[-36.05885,-7.57098],[-36.06159,-7.56747]]}},{"type":"Feature","properties":{"cota":400,"indice":false},"geometry":{"type":"LineString","coordinates":[[-36.17901,-7.52883],[-36.18038,-7.53251],[-36.17725,-7.5303],[-36.17901,-7.52883]]}},{"type":"Feature","properties":{"cota":400,"indice":false},"geometry":{"type":"LineString","coordinates":[[-36.18313,-7.48237],[-36.1807,-7.48605],[-36.18519,-7.492],[-36.18615,-7.48877],[-36.18313,-7.48237]]}},{"type":"Feature","properties":{"cota":700,"indice":false},"geometry":{"type":"LineString","coordinates":[[-36.04923,-7.48054],[-36.0473,-7.48264],[-36.04855,-7.48465],[-36.05129,-7.48315],[-36.04923,-7.48054]]}},{"type":"Feature","properties":{"cota":400,"indice":false},"geometry":{"type":"LineString","coordinates":[[-36.07944,-7.47297],[-36.07464,-7.473],[-36.07156,-7.47516],[-36.07149,-7.48469],[-36.09621,-7.48264],[-36.09583,-7.47992],[-36.08906,-7.47438],[-36.07944,-7.47297]]}},{"type":"Feature","properties":{"cota":500,"indice":true},"geometry":{"type":"LineString","coordinates":[[-36.03069,-7.46758],[-36.02451,-7.46892],[-36.02401,-7.47311],[-36.03825,-7.48687],[-36.04786,-7.48926],[-36.05267,-7.48824],[-36.06032,-7.47788],[-36.0597,-7.47584],[-36.05404,-7.47714],[-36.0497,-7.47516],[-36.04786,-7.47189],[-36.03825,-7.47075],[-36.03069,-7.46758]]}},{"type":"Feature","properties":{"cota":400,"indice":false},"geometry":{"type":"LineString","coordinates":[[-35.65647,-7.57379],[-35.65372,-7.57458],[-35.65372,-7.57811],[-35.65685,-7.57658],[-35.65647,-7.57379]]}},{"type":"Feature","properties":{"cota":400,"indice":false},"geometry":{"type":"LineString","coordinates":[[-35.7169,-7.5342],[-35.7153,-7.53779],[-35.7169,-7.5394],[-35.71841,-7.53642],[-35.7169,-7.5342]]}},{"type":"Feature","properties":{"cota":500,"indice":true},"geometry":{"type":"LineString","coordinates":[[-35.68188,-7.51384],[-35.6777,-7.51668],[-35.68119,-7.52285],[-35.68394,-7.52176],[-35.68505,-7.51873],[-35.68427,-7.51532],[-35.68188,-7.51384]]}},{"type":"Feature","properties":{"cota":500,"indice":true},"geometry":{"type":"LineString","coordinates":[[-35.75123,-7.50479],[-35.74844,-7.50647],[-35.75054,-7.50851],[-35.74969,-7.51396],[-35.75735,-7.51804],[-35.75653,-7.52213],[-35.76908,-7.52595],[-35.77445,-7.52281],[-35.77251,-7.51964],[-35.75535,-7.51379],[-35.75123,-7.50479]]}},{"type":"Feature","properties":{"cota":500,"indice":true},"geometry":{"type":"LineString","coordinates":[[-35.71484,-7.49278],[-35.71003,-7.49545],[-35.7011,-7.49409],[-35.69586,-7.49694],[-35.69576,-7.50034],[-35.69143,-7.50375],[-35.6935,-7.51192],[-35.69751,-7.51464],[-35.69079,-7.51804],[-35.69475,-7.52281],[-35.69561,-7.52841],[-35.7011,-7.52121],[-35.70827,-7.51873],[-35.706,-7.51532],[-35.70616,-7.50783],[-35.70305,-7.50375],[-35.70454,-7.50283],[-35.71621,-7.50631],[-35.71964,-7.5016],[-35.72514,-7.50934],[-35.73063,-7.51021],[-35.73389,-7.51532],[-35.7423,-7.51796],[-35.74079,-7.50851],[-35.73818,-7.5052],[-35.72994,-7.50623],[-35.7265,-7.49966],[-35.71484,-7.49278]]}},{"type":"Feature","properties":{"cota":500,"indice":true},"geometry":{"type":"LineString","coordinates":[[-35.64274,-7.48779],[-35.64204,-7.49013],[-35.64673,-7.49898],[-35.65304,-7.50038],[-35.6551,-7.50476],[-35.66059,-7.50354],[-35.66138,-7.50579],[-35.65875,-7.51056],[-35.66334,-7.51464],[-35.6702,-7.51348],[-35.67364,-7.50918],[-35.68845,-7.50443],[-35.68798,-7.49966],[-35.686,-7.49796],[-35.67776,-7.50084],[-35.6762,-7.49558],[-35.67364,-7.49412],[-35.6702,-7.49488],[-35.66814,-7.49784],[-35.66128,-7.49716],[-35.65686,-7.4949],[-35.65773,-7.49149],[-35.65578,-7.48921],[-35.64754,-7.49018],[-35.64274,-7.48779]]}},{"type":"Feature","properties":{"cota":200,"indice":false},"geometry":{"type":"LineString","coordinates":[[-35.68188,-7.45638],[-35.67931,-7.4595],[-35.68119,-7.46703],[-35.68506,-7.46562],[-35.686,-7.4629],[-35.68188,-7.45638]]}},{"type":"Feature","properties":{"cota":200,"indice":false},"geometry":{"type":"LineString","coordinates":[[-35.65372,-7.4526],[-35.65166,-7.45284],[-35.65235,-7.45477],[-35.66402,-7.45927],[-35.66911,-7.45813],[-35.66746,-7.45542],[-35.65922,-7.45524],[-35.65372,-7.4526]]}},{"type":"Feature","properties":{"cota":200,"indice":false},"geometry":{"type":"LineString","coordinates":[[-35.70454,-7.42199],[-35.70568,-7.42818],[-35.70065,-7.43294],[-35.70591,-7.43522],[-35.70862,-7.43362],[-35.71,-7.42545],[-35.70866,-7.42312],[-35.70454,-7.42199]]}},{"type":"Feature","properties":{"cota":300,"indice":false},"geometry":{"type":"LineString","coordinates":[[-35.7938,-7.42545],[-35.78651,-7.42682],[-35.79037,-7.42814],[-35.79885,-7.42682],[-35.7938,-7.42545]]}},{"type":"Feature","properties":{"cota":500,"indice":true},"geometry":{"type":"LineString","coordinates":[[-35.80891,-7.53708],[-35.8041,-7.53681],[-35.8024,-7.53847],[-35.80621,-7.54119],[-35.80685,-7.54505],[-35.81371,-7.54476],[-35.80891,-7.53708]]}},{"type":"Feature","properties":{"cota":400,"indice":false},"geometry":{"type":"LineString","coordinates":[[-35.89542,-7.52072],[-35.8913,-7.52083],[-35.89048,-7.52349],[-35.89542,-7.52436],[-35.89732,-7.52281],[-35.89542,-7.52072]]}},{"type":"Feature","properties":{"cota":400,"indice":false},"geometry":{"type":"LineString","coordinates":[[-35.96409,-7.48974],[-35.95791,-7.48957],[-35.95448,-7.49405],[-35.95036,-7.49154],[-35.94692,-7.49556],[-35.94074,-7.49774],[-35.93662,-7.49574],[-35.92976,-7.49788],[-35.92426,-7.49819],[-35.92152,-7.49615],[-35.91861,-7.49762],[-35.92115,-7.50239],[-35.9159,-7.50579],[-35.91926,-7.50988],[-35.91877,-7.51541],[-35.93388,-7.51886],[-35.94006,-7.52497],[-35.94019,-7.52826],[-35.91946,-7.52961],[-35.91053,-7.52507],[-35.90023,-7.52352],[-35.90106,-7.52826],[-35.90964,-7.52962],[-35.90984,-7.5345],[-35.92083,-7.54399],[-35.92564,-7.53419],[-35.93388,-7.5357],[-35.94008,-7.5337],[-35.94264,-7.52826],[-35.94761,-7.52746],[-35.95108,-7.52417],[-35.94551,-7.51532],[-35.95568,-7.50783],[-35.95059,-7.49898],[-35.95448,-7.49639],[-35.95928,-7.49914],[-35.96409,-7.48974]]}},{"type":"Feature","properties":{"cota":400,"indice":false},"geometry":{"type":"LineString","coordinates":[[-35.96889,-7.49542],[-35.96472,-7.49558],[-35.96821,-7.50341],[-35.97156,-7.50103],[-35.96889,-7.49542]]}},{"type":"Feature","properties":{"cota":400,"indice":false},"geometry":{"type":"LineString","coordinates":[[-35.90984,-7.49487],[-35.90692,-7.49626],[-35.91328,-7.50077],[-35.91512,-7.49762],[-35.90984,-7.49487]]}},{"type":"Feature","properties":{"cota":300,"indice":false},"geometry":{"type":"LineString","coordinates":[[-35.84599,-7.47969],[-35.84604,-7.48333],[-35.84255,-7.48544],[-35.8505,-7.48605],[-35.84599,-7.47969]]}},{"type":"Feature","properties":{"cota":400,"indice":false},"geometry":{"type":"LineString","coordinates":[[-35.984,-7.47211],[-35.97068,-7.47379],[-35.96639,-7.48128],[-35.97095,-7.48356],[-35.97851,-7.47919],[-35.98606,-7.48289],[-35.98914,-7.47652],[-35.98606,-7.47575],[-35.984,-7.47211]]}},{"type":"Feature","properties":{"cota":400,"indice":false},"geometry":{"type":"LineString","coordinates":[[-35.9586,-7.44723],[-35.95379,-7.44769],[-35.95384,-7.45065],[-35.95952,-7.45201],[-35.96028,-7.44928],[-35.9586,-7.44723]]}},{"type":"Feature","properties":{"cota":600,"indice":false},"geometry":{"type":"LineString","coordinates":[[-35.99636,-7.44556],[-35.99392,-7.44588],[-35.99427,-7.44792],[-35.99744,-7.44792],[-35.99636,-7.44556]]}},{"type":"Feature","properties":{"cota":500,"indice":true},"geometry":{"type":"LineString","coordinates":[[-35.99705,-7.44309],[-35.99055,-7.44452],[-35.99293,-7.45019],[-35.99842,-7.45098],[-36.00117,-7.44946],[-36.0003,-7.44588],[-35.99705,-7.44309]]}},{"type":"Feature","properties":{"cota":600,"indice":false},"geometry":{"type":"LineString","coordinates":[[-36.03001,-7.46957],[-36.02659,-7.47039],[-36.02623,-7.47243],[-36.03469,-7.47788],[-36.03636,-7.48128],[-36.04443,-7.48372],[-36.04786,-7.48674],[-36.05308,-7.48469],[-36.05366,-7.48196],[-36.05101,-7.47856],[-36.0458,-7.4788],[-36.04374,-7.47458],[-36.03001,-7.46957]]}},{"type":"Feature","properties":{"cota":500,"indice":true},"geometry":{"type":"LineString","coordinates":[[-36.13987,-7.41629],[-36.136,-7.41864],[-36.13781,-7.42258],[-36.14121,-7.41933],[-36.13987,-7.41629]]}},{"type":"Feature","properties":{"cota":500,"indice":true},"geometry":{"type":"LineString","coordinates":[[-36.13369,-7.39954],[-36.11858,-7.40185],[-36.11446,-7.39935],[-36.11312,-7.40162],[-36.12133,-7.40575],[-36.13163,-7.40767],[-36.13369,-7.39954]]}},{"type":"Feature","properties":{"cota":500,"indice":true},"geometry":{"type":"LineString","coordinates":[[-36.07876,-7.39744],[-36.0767,-7.39981],[-36.07876,-7.39744]]}},{"type":"Feature","properties":{"cota":500,"indice":true},"geometry":{"type":"LineString","coordinates":[[-36.13918,-7.39263],[-36.13588,-7.39413],[-36.13712,-7.39706],[-36.14157,-7.39481],[-36.13918,-7.39263]]}},{"type":"Feature","properties":{"cota":500,"indice":true},"geometry":{"type":"LineString","coordinates":[[-36.18587,-7.37836],[-36.18382,-7.3794],[-36.18031,-7.38732],[-36.18107,-7.39019],[-36.18313,-7.38995],[-36.1859,-7.38392],[-36.18587,-7.37836]]}},{"type":"Feature","properties":{"cota":400,"indice":false},"geometry":{"type":"LineString","coordinates":[[-36.00391,-7.38109],[-36.0106,-7.38596],[-36.00295,-7.38596],[-36.00244,-7.38187],[-36.00391,-7.38109]]}},{"type":"Feature","properties":{"cota":500,"indice":true},"geometry":{"type":"LineString","coordinates":[[-36.17008,-7.37692],[-36.16749,-7.37847],[-36.1694,-7.37875],[-36.17008,-7.37692]]}},{"type":"Feature","properties":{"cota":500,"indice":true},"geometry":{"type":"LineString","coordinates":[[-36.08768,-7.37568],[-36.08425,-7.37524],[-36.08275,-7.37711],[-36.08562,-7.37929],[-36.08768,-7.37568]]}},{"type":"Feature","properties":{"cota":500,"indice":true},"geometry":{"type":"LineString","coordinates":[[-36.0918,-7.37429],[-36.08904,-7.37575],[-36.09249,-7.37674],[-36.0918,-7.37429]]}},{"type":"Feature","properties":{"cota":300,"indice":false},"geometry":{"type":"LineString","coordinates":[[-35.62077,-7.61445],[-35.61684,-7.6181],[-35.61695,-7.62423],[-35.62351,-7.62693],[-35.624,-7.6181],[-35.62077,-7.61445]]}},{"type":"Feature","properties":{"cota":600,"indice":false},"geometry":{"type":"LineString","coordinates":[[-35.52917,-7.61566],[-35.54043,-7.61787],[-35.54592,-7.61667],[-35.55468,-7.62423],[-35.55897,-7.6248],[-35.56049,-7.62967],[-35.56994,-7.62763],[-35.56595,-7.62423],[-35.56535,-7.61878],[-35.56171,-7.616],[-35.55524,-7.61538],[-35.5501,-7.60789],[-35.53288,-7.60243],[-35.51948,-7.60091]]}},{"type":"Feature","properties":{"cota":500,"indice":true},"geometry":{"type":"LineString","coordinates":[[-35.52699,-7.63056],[-35.53493,-7.63195],[-35.53837,-7.63051],[-35.55416,-7.63354],[-35.57133,-7.6313],[-35.57631,-7.62763],[-35.569,-7.62287],[-35.56799,-7.61606],[-35.55759,-7.60869],[-35.53493,-7.60031],[-35.52061,-7.59794]]}},{"type":"Feature","properties":{"cota":600,"indice":false},"geometry":{"type":"LineString","coordinates":[[-35.52713,-7.59091],[-35.53151,-7.58948]]}},{"type":"Feature","properties":{"cota":500,"indice":true},"geometry":{"type":"LineString","coordinates":[[-35.58231,-7.57368],[-35.58025,-7.57415],[-35.57879,-7.57795],[-35.58437,-7.58747],[-35.58846,-7.58135],[-35.58231,-7.57368]]}},{"type":"Feature","properties":{"cota":600,"indice":false},"geometry":{"type":"MultiLineString","coordinates":[[[-35.52326,-7.55271],[-35.5208,-7.55282]],[[-35.52356,-7.56022],[-35.52471,-7.56332]],[[-35.53667,-7.57994],[-35.53891,-7.57658],[-35.53713,-7.56842],[-35.53356,-7.56619],[-35.53275,-7.56297],[-35.52804,-7.56229],[-35.52326,-7.55271]]]}},{"type":"Feature","properties":{"cota":300,"indice":false},"geometry":{"type":"LineString","coordinates":[[-35.60566,-7.54838],[-35.60416,-7.54936],[-35.60772,-7.5525],[-35.60566,-7.54838]]}},{"type":"Feature","properties":{"cota":400,"indice":false},"geometry":{"type":"LineString","coordinates":[[-35.56721,-7.53774],[-35.56459,-7.53915],[-35.56515,-7.54324],[-35.56862,-7.54119],[-35.56721,-7.53774]]}},{"type":"Feature","properties":{"cota":600,"indice":false},"geometry":{"type":"LineString","coordinates":[[-35.52464,-7.53548],[-35.52236,-7.5371],[-35.52601,-7.53948],[-35.5271,-7.53779],[-35.52464,-7.53548]]}},{"type":"Feature","properties":{"cota":500,"indice":true},"geometry":{"type":"MultiLineString","coordinates":[[[-35.46284,-7.44635],[-35.45391,-7.45023],[-35.45116,-7.44635],[-35.43521,-7.44928],[-35.43294,-7.45473],[-35.43468,-7.45742],[-35.43812,-7.45684],[-35.43919,-7.45975]],[[-35.52229,-7.59539],[-35.53562,-7.59516],[-35.54317,-7.59704],[-35.54476,-7.59632],[-35.54455,-7.59323],[-35.54935,-7.59122],[-35.55759,-7.5926],[-35.55896,-7.59156],[-35.55712,-7.58475],[-35.56416,-7.58203],[-35.56142,-7.57795],[-35.5521,-7.57889],[-35.54444,-7.57522],[-35.54608,-7.56706],[-35.55347,-7.56582],[-35.55759,-7.56239],[-35.5624,-7.56253],[-35.56377,-7.55889],[-35.55897,-7.55507],[-35.55073,-7.55439],[-35.54592,-7.55728],[-35.53768,-7.55349],[-35.5315,-7.55443],[-35.52967,-7.55072],[-35.53527,-7.54732],[-35.54246,-7.5371],[-35.53013,-7.53391],[-35.5267,-7.52935],[-35.51912,-7.5303],[-35.51721,-7.51328],[-35.52035,-7.50988],[-35.51156,-7.50715],[-35.51365,-7.50394],[-35.51983,-7.50254],[-35.52771,-7.49626],[-35.528,-7.49422],[-35.52411,-7.49218],[-35.53037,-7.48469],[-35.51846,-7.48617],[-35.51365,-7.48475],[-35.50884,-7.48634],[-35.50888,-7.47992],[-35.51147,-7.47652],[-35.52192,-7.47379],[-35.52259,-7.46971],[-35.52899,-7.46562],[-35.52258,-7.46213],[-35.51708,-7.46268],[-35.48412,-7.45266],[-35.4752,-7.45307],[-35.46284,-7.44635]]]}},{"type":"Feature","properties":{"cota":600,"indice":false},"geometry":{"type":"MultiLineString","coordinates":[[[-35.50678,-7.51169],[-35.50353,-7.51362]],[[-35.50603,-7.51533],[-35.50931,-7.51464],[-35.50678,-7.51169]]]}},{"type":"Feature","properties":{"cota":600,"indice":false},"geometry":{"type":"MultiLineString","coordinates":[[[-35.49374,-7.46123],[-35.49103,-7.4629],[-35.49838,-7.47039],[-35.49786,-7.4752],[-35.48893,-7.47052],[-35.48871,-7.47379],[-35.48412,-7.47378],[-35.48069,-7.47615],[-35.47429,-7.47422]],[[-35.50334,-7.50625],[-35.50747,-7.49919],[-35.5029,-7.49762],[-35.50213,-7.49149],[-35.49801,-7.48741],[-35.50134,-7.48196],[-35.50107,-7.47856],[-35.5049,-7.47379],[-35.51206,-7.47175],[-35.51438,-7.46835],[-35.51296,-7.46711],[-35.50816,-7.46898],[-35.49374,-7.46123]]]}},{"type":"Feature","properties":{"cota":400,"indice":false},"geometry":{"type":"LineString","coordinates":[[-35.56583,-7.46698],[-35.56051,-7.46699],[-35.55553,-7.46993],[-35.55497,-7.47516],[-35.55897,-7.4773],[-35.5604,-7.47311],[-35.56515,-7.47259],[-35.56784,-7.48128],[-35.5727,-7.4818],[-35.57465,-7.47992],[-35.57248,-7.47584],[-35.57264,-7.47107],[-35.56583,-7.46698]]}},{"type":"Feature","properties":{"cota":100,"indice":false},"geometry":{"type":"LineString","coordinates":[[-35.57751,-7.44587],[-35.58477,-7.45133],[-35.58369,-7.45928],[-35.58266,-7.45337],[-35.57751,-7.44587]]}},{"type":"Feature","properties":{"cota":300,"indice":false},"geometry":{"type":"LineString","coordinates":[[-35.51228,-7.44513],[-35.50552,-7.44588],[-35.51434,-7.44756],[-35.51993,-7.44656],[-35.51228,-7.44513]]}},{"type":"Feature","properties":{"cota":100,"indice":false},"geometry":{"type":"LineString","coordinates":[[-35.57064,-7.44233],[-35.57481,-7.44452],[-35.57086,-7.44384],[-35.57064,-7.44233]]}},{"type":"Feature","properties":{"cota":200,"indice":false},"geometry":{"type":"LineString","coordinates":[[-35.55828,-7.4361],[-35.55309,-7.43703],[-35.55691,-7.43925],[-35.55828,-7.4361]]}},{"type":"Feature","properties":{"cota":300,"indice":false},"geometry":{"type":"MultiLineString","coordinates":[[[-35.40447,-7.45106],[-35.39829,-7.45275],[-35.39311,-7.45133],[-35.3919,-7.45405],[-35.39414,-7.45675]],[[-35.39838,-7.45839],[-35.40154,-7.45677],[-35.40447,-7.45106]]]}},{"type":"Feature","properties":{"cota":300,"indice":false},"geometry":{"type":"MultiLineString","coordinates":[[[-35.36602,-7.44108],[-35.36161,-7.44111],[-35.36217,-7.44269]],[[-35.36651,-7.44136],[-35.36602,-7.44108]]]}},{"type":"Feature","properties":{"cota":100,"indice":false},"geometry":{"type":"MultiLineString","coordinates":[[[-34.97944,-7.47644],[-34.96433,-7.48032],[-34.96171,-7.48333],[-34.96369,-7.48673],[-34.96914,-7.48887],[-34.97455,-7.49422],[-34.97676,-7.49694],[-34.97615,-7.49898],[-34.95884,-7.49624],[-34.95868,-7.50851],[-34.94991,-7.50798],[-34.94355,-7.51668],[-34.95678,-7.524],[-34.96983,-7.51072],[-34.97807,-7.50703],[-34.98056,-7.50918]],[[-34.98909,-7.48149],[-34.98425,-7.48335],[-34.97944,-7.47644]]]}},{"type":"Feature","properties":{"cota":100,"indice":false},"geometry":{"type":"LineString","coordinates":[[-34.97601,-7.44178],[-34.97051,-7.44261],[-34.95841,-7.44928],[-34.95481,-7.45745],[-34.95541,-7.46005],[-34.98013,-7.45468],[-34.98167,-7.4452],[-34.97601,-7.44178]]}},{"type":"Feature","properties":{"cota":300,"indice":false},"geometry":{"type":"MultiLineString","coordinates":[[[-35.35297,-7.44033],[-35.35226,-7.44022]],[[-35.35682,-7.44188],[-35.35297,-7.44033]]]}},{"type":"Feature","properties":{"cota":300,"indice":false},"geometry":{"type":"LineString","coordinates":[[-35.38525,-7.43545],[-35.38113,-7.43556],[-35.37632,-7.43894],[-35.3722,-7.43861],[-35.36953,-7.44111],[-35.3825,-7.43989],[-35.38635,-7.43635],[-35.38525,-7.43545]]}},{"type":"Feature","properties":{"cota":300,"indice":false},"geometry":{"type":"LineString","coordinates":[[-35.36053,-7.42185],[-35.35677,-7.42205],[-35.36053,-7.42185]]}},{"type":"Feature","properties":{"cota":300,"indice":false},"geometry":{"type":"LineString","coordinates":[[-35.4546,-7.41108],[-35.44842,-7.41126],[-35.44292,-7.41516],[-35.44192,-7.42137],[-35.44955,-7.42613],[-35.46078,-7.42882],[-35.4648,-7.42613],[-35.46738,-7.41933],[-35.45627,-7.41524],[-35.4546,-7.41108]]}},{"type":"Feature","properties":{"cota":300,"indice":false},"geometry":{"type":"LineString","coordinates":[[-35.39417,-7.40965],[-35.39101,-7.40979],[-35.39417,-7.41116],[-35.39417,-7.40965]]}},{"type":"Feature","properties":{"cota":300,"indice":false},"geometry":{"type":"LineString","coordinates":[[-35.38181,-7.40495],[-35.37714,-7.40639],[-35.38319,-7.41048],[-35.38864,-7.40911],[-35.38181,-7.40495]]}},{"type":"Feature","properties":{"cota":300,"indice":false},"geometry":{"type":"MultiLineString","coordinates":[[[-35.34336,-7.39666],[-35.34032,-7.39686],[-35.33855,-7.40087],[-35.32947,-7.40503],[-35.32986,-7.40726]],[[-35.33115,-7.40867],[-35.33855,-7.40664],[-35.34606,-7.40094],[-35.34336,-7.39666]]]}},{"type":"Feature","properties":{"cota":100,"indice":false},"geometry":{"type":"LineString","coordinates":[[-34.99592,-7.43833],[-34.99386,-7.43798],[-34.99205,-7.44043],[-34.99592,-7.44047],[-34.99592,-7.43833]]}},{"type":"Feature","properties":{"cota":100,"indice":false},"geometry":{"type":"LineString","coordinates":[[-34.96914,-7.41251],[-34.96159,-7.41698],[-34.96159,-7.4211],[-34.96365,-7.42347],[-34.96708,-7.42328],[-34.97224,-7.41796],[-34.97204,-7.41456],[-34.96914,-7.41251]]}},{"type":"Feature","properties":{"cota":100,"indice":false},"geometry":{"type":"LineString","coordinates":[[-34.93412,-7.38782],[-34.93073,-7.38936],[-34.93069,-7.39191],[-34.93481,-7.3912],[-34.93412,-7.38782]]}},{"type":"Feature","properties":{"cota":100,"indice":false},"geometry":{"type":"LineString","coordinates":[[-34.85996,-7.37019],[-34.85673,-7.37234],[-34.86294,-7.37234],[-34.85996,-7.37019]]}},{"type":"Feature","properties":{"cota":100,"indice":false},"geometry":{"type":"LineString","coordinates":[[-34.9609,-7.33961],[-34.95541,-7.3396],[-34.95266,-7.34325],[-34.95506,-7.34851],[-34.95403,-7.35024],[-34.94717,-7.3447],[-34.93961,-7.35008],[-34.93206,-7.35104],[-34.92974,-7.35327],[-34.92968,-7.35668],[-34.93206,-7.35842],[-34.94729,-7.35804],[-34.94579,-7.36877],[-34.93893,-7.36969],[-34.93409,-7.37575],[-34.94167,-7.38377],[-34.94442,-7.38369],[-34.95231,-7.37166],[-34.95684,-7.36281],[-34.9558,-7.35872],[-34.96464,-7.35191],[-34.9609,-7.33961]]}},{"type":"Feature","properties":{"cota":200,"indice":false},"geometry":{"type":"LineString","coordinates":[[-35.53493,-7.43134],[-35.53287,-7.43158],[-35.53356,-7.43384],[-35.536,-7.43294],[-35.53493,-7.43134]]}},{"type":"Feature","properties":{"cota":200,"indice":false},"geometry":{"type":"LineString","coordinates":[[-35.52601,-7.42522],[-35.5212,-7.42559],[-35.52006,-7.42954],[-35.52601,-7.4324],[-35.53087,-7.43158],[-35.53075,-7.42886],[-35.52601,-7.42522]]}},{"type":"Feature","properties":{"cota":200,"indice":false},"geometry":{"type":"LineString","coordinates":[[-35.58163,-7.41922],[-35.58479,-7.42409],[-35.58837,-7.42409],[-35.58163,-7.41922]]}},{"type":"Feature","properties":{"cota":200,"indice":false},"geometry":{"type":"LineString","coordinates":[[-35.57682,-7.31351],[-35.57476,-7.31412],[-35.5729,-7.31854],[-35.57888,-7.32287],[-35.57992,-7.32058],[-35.57682,-7.31351]]}},{"type":"Feature","properties":{"cota":200,"indice":false},"geometry":{"type":"LineString","coordinates":[[-35.54523,-7.31078],[-35.54233,-7.31309],[-35.54523,-7.31683],[-35.54749,-7.31377],[-35.54523,-7.31078]]}},{"type":"Feature","properties":{"cota":200,"indice":false},"geometry":{"type":"LineString","coordinates":[[-35.61184,-7.31098],[-35.60909,-7.31059],[-35.60812,-7.31309],[-35.61184,-7.31611],[-35.61378,-7.31377],[-35.61184,-7.31098]]}},{"type":"Feature","properties":{"cota":300,"indice":false},"geometry":{"type":"LineString","coordinates":[[-35.58163,-7.29741],[-35.57545,-7.29702],[-35.57588,-7.3022],[-35.58369,-7.30454],[-35.58901,-7.30288],[-35.58163,-7.29741]]}},{"type":"Feature","properties":{"cota":200,"indice":false},"geometry":{"type":"LineString","coordinates":[[-35.59879,-7.29095],[-35.59707,-7.2913],[-35.59811,-7.2934],[-35.59879,-7.29095]]}},{"type":"Feature","properties":{"cota":400,"indice":false},"geometry":{"type":"LineString","coordinates":[[-35.57957,-7.28638],[-35.57613,-7.28617],[-35.57507,-7.28789],[-35.57888,-7.28912],[-35.57957,-7.28638]]}},{"type":"Feature","properties":{"cota":400,"indice":false},"geometry":{"type":"LineString","coordinates":[[-35.55691,-7.28377],[-35.55485,-7.28676],[-35.55691,-7.28639],[-35.55691,-7.28377]]}},{"type":"Feature","properties":{"cota":300,"indice":false},"geometry":{"type":"LineString","coordinates":[[-35.81165,-7.43497],[-35.80778,-7.43567],[-35.81165,-7.43748],[-35.81165,-7.43497]]}},{"type":"Feature","properties":{"cota":500,"indice":true},"geometry":{"type":"LineString","coordinates":[[-35.95585,-7.37368],[-35.94871,-7.37643],[-35.96203,-7.38039],[-35.9901,-7.37779],[-35.984,-7.37501],[-35.97164,-7.37617],[-35.95585,-7.37368]]}},{"type":"Feature","properties":{"cota":500,"indice":true},"geometry":{"type":"LineString","coordinates":[[-35.92152,-7.35998],[-35.9119,-7.35971],[-35.90696,-7.36349],[-35.91122,-7.36713],[-35.91602,-7.36811],[-35.91877,-7.36384],[-35.92418,-7.36417],[-35.92152,-7.35998]]}},{"type":"Feature","properties":{"cota":500,"indice":true},"geometry":{"type":"LineString","coordinates":[[-35.86864,-7.35971],[-35.8663,-7.36213],[-35.86927,-7.36145],[-35.86864,-7.35971]]}},{"type":"Feature","properties":{"cota":500,"indice":true},"geometry":{"type":"LineString","coordinates":[[-35.89474,-7.34574],[-35.88924,-7.34525],[-35.87973,-7.34783],[-35.88444,-7.35494],[-35.89199,-7.35824],[-35.89954,-7.35937],[-35.90018,-7.35736],[-35.89714,-7.35532],[-35.90092,-7.35287],[-35.90504,-7.35943],[-35.90951,-7.35804],[-35.90962,-7.35532],[-35.90435,-7.34975],[-35.90092,-7.35013],[-35.89474,-7.34574]]}},{"type":"Feature","properties":{"cota":500,"indice":true},"geometry":{"type":"LineString","coordinates":[[-35.81852,-7.33204],[-35.80959,-7.33341],[-35.80341,-7.33679],[-35.79159,-7.33625],[-35.79154,-7.33965],[-35.78556,-7.34371],[-35.78173,-7.35055],[-35.78693,-7.368],[-35.80273,-7.36599],[-35.80985,-7.36145],[-35.81008,-7.356],[-35.81836,-7.35191],[-35.83294,-7.35163],[-35.83843,-7.3492],[-35.84255,-7.35283],[-35.85195,-7.35464],[-35.8556,-7.359],[-35.86296,-7.36281],[-35.86109,-7.35822],[-35.85588,-7.35464],[-35.86169,-7.34646],[-35.85903,-7.34218],[-35.85491,-7.34104],[-35.85011,-7.34239],[-35.84324,-7.33867],[-35.83431,-7.33692],[-35.82745,-7.33883],[-35.82653,-7.33625],[-35.82195,-7.33573],[-35.81852,-7.33204]]}},{"type":"Feature","properties":{"cota":600,"indice":false},"geometry":{"type":"LineString","coordinates":[[-35.8556,-7.34479],[-35.84805,-7.34629],[-35.84667,-7.34935],[-35.85341,-7.34987],[-35.8556,-7.34479]]}},{"type":"Feature","properties":{"cota":600,"indice":false},"geometry":{"type":"LineString","coordinates":[[-35.81715,-7.33802],[-35.80135,-7.34277],[-35.79225,-7.34306],[-35.79333,-7.34714],[-35.7885,-7.34783],[-35.7879,-7.35259],[-35.80067,-7.35359],[-35.80891,-7.34713],[-35.81783,-7.34474],[-35.82476,-7.3451],[-35.81715,-7.33802]]}},{"type":"Feature","properties":{"cota":500,"indice":true},"geometry":{"type":"LineString","coordinates":[[-35.87414,-7.34438],[-35.87168,-7.3451],[-35.87519,-7.34714],[-35.87414,-7.34438]]}},{"type":"Feature","properties":{"cota":600,"indice":false},"geometry":{"type":"LineString","coordinates":[[-35.82951,-7.34423],[-35.82552,-7.3451],[-35.82745,-7.34625],[-35.82951,-7.34423]]}},{"type":"Feature","properties":{"cota":200,"indice":false},"geometry":{"type":"LineString","coordinates":[[-35.68943,-7.41515],[-35.68668,-7.41525],[-35.6854,-7.41796],[-35.69149,-7.42712],[-35.6963,-7.42551],[-35.69767,-7.42005],[-35.70176,-7.42001],[-35.68943,-7.41515]]}},{"type":"Feature","properties":{"cota":300,"indice":false},"geometry":{"type":"LineString","coordinates":[[-35.7732,-7.40908],[-35.77096,-7.41115],[-35.77434,-7.41592],[-35.78318,-7.4166],[-35.78274,-7.41252],[-35.7732,-7.40908]]}},{"type":"Feature","properties":{"cota":200,"indice":false},"geometry":{"type":"LineString","coordinates":[[-35.65304,-7.40416],[-35.65044,-7.40503],[-35.65304,-7.40628],[-35.65304,-7.40416]]}},{"type":"Feature","properties":{"cota":300,"indice":false},"geometry":{"type":"LineString","coordinates":[[-35.75466,-7.39617],[-35.75393,-7.39822],[-35.75731,-7.39958],[-35.75466,-7.39617]]}},{"type":"Feature","properties":{"cota":200,"indice":false},"geometry":{"type":"LineString","coordinates":[[-35.67982,-7.37691],[-35.67666,-7.37847],[-35.67844,-7.38635],[-35.69329,-7.38936],[-35.67982,-7.37691]]}},{"type":"Feature","properties":{"cota":500,"indice":true},"geometry":{"type":"MultiLineString","coordinates":[[[-35.74368,-7.33806],[-35.74162,-7.33795]],[[-35.74151,-7.33798],[-35.73546,-7.3417],[-35.73515,-7.34374],[-35.74093,-7.34682],[-35.74917,-7.34529],[-35.74889,-7.34238],[-35.74368,-7.33806]]]}},{"type":"Feature","properties":{"cota":500,"indice":true},"geometry":{"type":"LineString","coordinates":[[-35.68394,-7.33683],[-35.67172,-7.3417],[-35.67501,-7.34411],[-35.6805,-7.34388],[-35.68795,-7.33897],[-35.68394,-7.33683]]}},{"type":"Feature","properties":{"cota":300,"indice":false},"geometry":{"type":"LineString","coordinates":[[-35.63931,-7.33447],[-35.63623,-7.33965],[-35.64068,-7.34642],[-35.64583,-7.34442],[-35.64812,-7.33897],[-35.63931,-7.33447]]}},{"type":"Feature","properties":{"cota":400,"indice":false},"geometry":{"type":"MultiLineString","coordinates":[[[-35.73544,-7.33144],[-35.71552,-7.33136],[-35.70728,-7.33436],[-35.69561,-7.33506],[-35.68256,-7.33429],[-35.66677,-7.33883],[-35.66453,-7.3417],[-35.66619,-7.3451],[-35.67638,-7.34606],[-35.69149,-7.34184],[-35.70552,-7.34337]],[[-35.70556,-7.34338],[-35.71552,-7.3477],[-35.72788,-7.34634],[-35.7423,-7.34923],[-35.75321,-7.34783],[-35.75163,-7.33489],[-35.73902,-7.33209]],[[-35.73865,-7.33199],[-35.73544,-7.33144]]]}},{"type":"Feature","properties":{"cota":500,"indice":true},"geometry":{"type":"MultiLineString","coordinates":[[[-35.73681,-7.33398],[-35.72376,-7.33432],[-35.70728,-7.33792],[-35.70248,-7.33616],[-35.697,-7.33829],[-35.70435,-7.34036]],[[-35.70437,-7.34036],[-35.71209,-7.33928],[-35.71484,-7.34402],[-35.72239,-7.34483],[-35.72651,-7.34188],[-35.73384,-7.34238],[-35.73862,-7.33693],[-35.73681,-7.33398]]]}},{"type":"Feature","properties":{"cota":600,"indice":false},"geometry":{"type":"LineString","coordinates":[[-35.7272,-7.33689],[-35.72033,-7.33717],[-35.71854,-7.34033],[-35.73215,-7.33761],[-35.7272,-7.33689]]}},{"type":"Feature","properties":{"cota":200,"indice":false},"geometry":{"type":"LineString","coordinates":[[-35.65784,-7.32371],[-35.66122,-7.32671],[-35.66151,-7.32944],[-35.65574,-7.32808],[-35.65784,-7.32371]]}},{"type":"Feature","properties":{"cota":300,"indice":false},"geometry":{"type":"MultiLineString","coordinates":[[[-35.73269,-7.30827],[-35.72958,-7.30901],[-35.73274,-7.31173],[-35.73046,-7.31377]],[[-35.72993,-7.31375],[-35.7258,-7.31582],[-35.73174,-7.31753]],[[-35.73227,-7.31747],[-35.73548,-7.31309],[-35.73269,-7.30827]]]}},{"type":"Feature","properties":{"cota":300,"indice":false},"geometry":{"type":"LineString","coordinates":[[-35.74917,-7.29198],[-35.74824,-7.29334],[-35.74986,-7.29442],[-35.75085,-7.29334],[-35.74917,-7.29198]]}},{"type":"Feature","properties":{"cota":300,"indice":false},"geometry":{"type":"LineString","coordinates":[[-35.67707,-7.27959],[-35.67364,-7.27934],[-35.66996,-7.28176],[-35.67678,-7.28721],[-35.67664,-7.29334],[-35.67982,-7.29525],[-35.68126,-7.29198],[-35.67975,-7.28721],[-35.68197,-7.28313],[-35.67707,-7.27959]]}},{"type":"Feature","properties":{"cota":400,"indice":false},"geometry":{"type":"LineString","coordinates":[[-35.79449,-7.28291],[-35.79027,-7.28585],[-35.79174,-7.28803],[-35.79525,-7.28721],[-35.79449,-7.28291]]}},{"type":"Feature","properties":{"cota":300,"indice":false},"geometry":{"type":"MultiLineString","coordinates":[[[-35.70797,-7.27209],[-35.70654,-7.27291],[-35.70981,-7.27836],[-35.71514,-7.28279]],[[-35.71541,-7.28289],[-35.71809,-7.28244],[-35.71694,-7.27836],[-35.71046,-7.27273]],[[-35.71031,-7.27268],[-35.70797,-7.27209]]]}},{"type":"Feature","properties":{"cota":300,"indice":false},"geometry":{"type":"LineString","coordinates":[[-35.68806,-7.2695],[-35.68737,-7.27228],[-35.69463,-7.27495],[-35.69561,-7.28103],[-35.70042,-7.28006],[-35.70144,-7.27631],[-35.69965,-7.27291],[-35.68806,-7.2695]]}},{"type":"Feature","properties":{"cota":300,"indice":false},"geometry":{"type":"LineString","coordinates":[[-35.72033,-7.24404],[-35.71491,-7.24498],[-35.71758,-7.25827],[-35.72412,-7.2552],[-35.72266,-7.25111],[-35.72402,-7.24839],[-35.72033,-7.24404]]}},{"type":"Feature","properties":{"cota":400,"indice":false},"geometry":{"type":"LineString","coordinates":[[-35.75809,-7.22643],[-35.75581,-7.22795],[-35.75686,-7.23272],[-35.7526,-7.23585],[-35.74848,-7.23506],[-35.74668,-7.23681],[-35.75622,-7.23953],[-35.74691,-7.25111],[-35.7478,-7.25367],[-35.75672,-7.25898],[-35.7588,-7.25384],[-35.76633,-7.2541],[-35.76955,-7.25111],[-35.76052,-7.24839],[-35.76748,-7.24021],[-35.76084,-7.23601],[-35.75809,-7.22643]]}},{"type":"Feature","properties":{"cota":500,"indice":true},"geometry":{"type":"LineString","coordinates":[[-36.11034,-7.36345],[-36.10072,-7.36553],[-36.097,-7.36962],[-36.10485,-7.37178],[-36.11103,-7.36978],[-36.11301,-7.36689],[-36.11034,-7.36345]]}},{"type":"Feature","properties":{"cota":600,"indice":false},"geometry":{"type":"LineString","coordinates":[[-36.14056,-7.35643],[-36.13797,-7.35804],[-36.14056,-7.35643]]}},{"type":"Feature","properties":{"cota":500,"indice":true},"geometry":{"type":"LineString","coordinates":[[-36.17352,-7.34098],[-36.15978,-7.34076],[-36.14468,-7.34404],[-36.13026,-7.35631],[-36.12614,-7.35566],[-36.11777,-7.35872],[-36.11749,-7.36689],[-36.12064,-7.3685],[-36.13163,-7.36477],[-36.13506,-7.36756],[-36.14056,-7.36558],[-36.15154,-7.36728],[-36.16184,-7.36166],[-36.18038,-7.36297],[-36.19068,-7.37132],[-36.20202,-7.3703],[-36.19753,-7.36349],[-36.20302,-7.35872],[-36.19892,-7.35646],[-36.19781,-7.35191],[-36.18107,-7.34198],[-36.17352,-7.34098]]}},{"type":"Feature","properties":{"cota":600,"indice":false},"geometry":{"type":"LineString","coordinates":[[-36.17352,-7.34639],[-36.16184,-7.34589],[-36.14742,-7.34799],[-36.14553,-7.35055],[-36.17214,-7.35183],[-36.16967,-7.356],[-36.17352,-7.35801],[-36.18519,-7.35834],[-36.18999,-7.35608],[-36.1797,-7.34782],[-36.17352,-7.34639]]}},{"type":"Feature","properties":{"cota":500,"indice":true},"geometry":{"type":"LineString","coordinates":[[-36.03825,-7.27209],[-36.03253,-7.27359],[-36.0355,-7.2754],[-36.03831,-7.27427],[-36.03825,-7.27209]]}},{"type":"Feature","properties":{"cota":500,"indice":true},"geometry":{"type":"LineString","coordinates":[[-36.09386,-7.25235],[-36.0918,-7.25187],[-36.09026,-7.25384],[-36.09524,-7.25403],[-36.09386,-7.25235]]}},{"type":"Feature","properties":{"cota":600,"indice":false},"geometry":{"type":"LineString","coordinates":[[-36.03344,-7.19311],[-36.03001,-7.19298],[-36.02451,-7.19697],[-36.01627,-7.19614],[-36.01271,-7.20411],[-36.01902,-7.20348],[-36.0252,-7.19959],[-36.03069,-7.1996],[-36.03418,-7.19525],[-36.03344,-7.19311]]}},{"type":"Feature","properties":{"cota":600,"indice":false},"geometry":{"type":"LineString","coordinates":[[-36.11446,-7.16762],[-36.11103,-7.16817],[-36.11008,-7.17073],[-36.11362,-7.17141],[-36.11446,-7.16762]]}},{"type":"Feature","properties":{"cota":600,"indice":false},"geometry":{"type":"LineString","coordinates":[[-36.12408,-7.16515],[-36.11852,-7.16732],[-36.11861,-7.17073],[-36.12133,-7.17408],[-36.12521,-7.17209],[-36.12408,-7.16515]]}},{"type":"Feature","properties":{"cota":600,"indice":false},"geometry":{"type":"LineString","coordinates":[[-36.1124,-7.16185],[-36.11079,-7.16392],[-36.1124,-7.16185]]}},{"type":"Feature","properties":{"cota":400,"indice":false},"geometry":{"type":"LineString","coordinates":[[-35.73338,-7.23335],[-35.72031,-7.23613],[-35.72994,-7.24028],[-35.73333,-7.23749],[-35.73338,-7.23335]]}},{"type":"Feature","properties":{"cota":400,"indice":false},"geometry":{"type":"LineString","coordinates":[[-35.74368,-7.2346],[-35.74299,-7.23902],[-35.74556,-7.23681],[-35.74368,-7.2346]]}},{"type":"Feature","properties":{"cota":400,"indice":false},"geometry":{"type":"LineString","coordinates":[[-35.77869,-7.22984],[-35.77526,-7.23071],[-35.77024,-7.23681],[-35.77045,-7.23881],[-35.77526,-7.2378],[-35.77732,-7.24031],[-35.78518,-7.23953],[-35.78584,-7.23476],[-35.77869,-7.22984]]}},{"type":"Feature","properties":{"cota":300,"indice":false},"geometry":{"type":"LineString","coordinates":[[-35.65716,-7.23188],[-35.6551,-7.2317],[-35.65427,-7.23408],[-35.65853,-7.2373],[-35.65974,-7.23476],[-35.65716,-7.23188]]}},{"type":"Feature","properties":{"cota":400,"indice":false},"geometry":{"type":"LineString","coordinates":[[-35.74848,-7.22091],[-35.74604,-7.22182],[-35.74632,-7.22387],[-35.75123,-7.2276],[-35.75331,-7.22727],[-35.75397,-7.22365],[-35.75054,-7.22369],[-35.74848,-7.22091]]}},{"type":"Feature","properties":{"cota":300,"indice":false},"geometry":{"type":"LineString","coordinates":[[-35.73132,-7.21763],[-35.732,-7.22048],[-35.72845,-7.21978],[-35.73132,-7.21763]]}},{"type":"Feature","properties":{"cota":500,"indice":true},"geometry":{"type":"LineString","coordinates":[[-35.74642,-7.17407],[-35.73956,-7.17826],[-35.7272,-7.17574],[-35.72621,-7.17754],[-35.72971,-7.18708],[-35.73487,-7.1898],[-35.73612,-7.19243],[-35.73887,-7.19144],[-35.74024,-7.19425],[-35.74707,-7.19594],[-35.74446,-7.20275],[-35.7478,-7.20633],[-35.753,-7.20139],[-35.75266,-7.19321],[-35.75809,-7.19243],[-35.76498,-7.18572],[-35.76015,-7.17894],[-35.75466,-7.18045],[-35.75329,-7.17654],[-35.74642,-7.17407]]}},{"type":"Feature","properties":{"cota":300,"indice":false},"geometry":{"type":"MultiLineString","coordinates":[[[-36.10557,-6.42418],[-36.10622,-6.42893],[-36.10142,-6.42387],[-36.08631,-6.42098],[-36.08296,-6.41322],[-36.07807,-6.41134],[-36.0756,-6.41254],[-36.07731,-6.41664],[-36.07343,-6.42141],[-36.07354,-6.42619],[-36.06915,-6.4246],[-36.06503,-6.42707],[-36.06159,-6.4239],[-36.06164,-6.41937],[-36.05917,-6.41619]],[[-35.78316,-6.48339],[-35.78281,-6.48481],[-35.77932,-6.48316]],[[-35.76358,-6.48083],[-35.76486,-6.48418],[-35.77114,-6.48771],[-35.77306,-6.49237],[-35.76633,-6.49413],[-35.76427,-6.49792],[-35.76398,-6.49032],[-35.75603,-6.48392],[-35.75191,-6.48624],[-35.74848,-6.48203],[-35.73818,-6.47869],[-35.73269,-6.47874],[-35.73063,-6.48227],[-35.72651,-6.47901],[-35.71621,-6.47652],[-35.71484,-6.4796],[-35.70866,-6.47891],[-35.70385,-6.48442],[-35.69836,-6.48328],[-35.69251,-6.47804],[-35.69108,-6.47122],[-35.68717,-6.46917],[-35.68188,-6.45545],[-35.67501,-6.45623],[-35.67226,-6.46072],[-35.66471,-6.46034],[-35.66059,-6.46472],[-35.66196,-6.46898],[-35.67364,-6.47977],[-35.68668,-6.48526],[-35.69424,-6.49241],[-35.70305,-6.4951],[-35.69913,-6.50056],[-35.70242,-6.50874],[-35.69561,-6.51215],[-35.68943,-6.51111],[-35.68119,-6.50296],[-35.67501,-6.50563],[-35.66196,-6.4975],[-35.65956,-6.49783],[-35.66471,-6.50841],[-35.67638,-6.51105],[-35.67872,-6.51352],[-35.67707,-6.51633],[-35.66971,-6.51761],[-35.67164,-6.52375],[-35.66608,-6.52295],[-35.66539,-6.52716],[-35.67158,-6.5331],[-35.67844,-6.53025],[-35.68737,-6.5304],[-35.68737,-6.53253],[-35.67627,-6.53876],[-35.67937,-6.5449],[-35.67913,-6.54968],[-35.68668,-6.55718],[-35.69277,-6.55718],[-35.69322,-6.56127],[-35.70335,-6.57082],[-35.70042,-6.57228],[-35.69012,-6.56998],[-35.68188,-6.57271],[-35.67924,-6.57628],[-35.69218,-6.58092],[-35.7011,-6.57723],[-35.70316,-6.58349],[-35.71072,-6.58656],[-35.71827,-6.58711],[-35.72125,-6.59333],[-35.72614,-6.59606],[-35.7269,-6.60561],[-35.72885,-6.60902],[-35.73208,-6.61039],[-35.73406,-6.61417],[-35.73973,-6.6138],[-35.73625,-6.61993],[-35.73622,-6.62403],[-35.73338,-6.6265],[-35.73063,-6.62581],[-35.72926,-6.62187],[-35.71964,-6.62562],[-35.71852,-6.6138],[-35.71209,-6.60629],[-35.7087,-6.60766],[-35.70791,-6.61652],[-35.70522,-6.61883],[-35.69424,-6.61054],[-35.68737,-6.6081],[-35.68325,-6.60301],[-35.67668,-6.60152],[-35.67089,-6.59445],[-35.6599,-6.59297],[-35.65166,-6.58552],[-35.63793,-6.58503],[-35.63175,-6.58076],[-35.62489,-6.58152],[-35.61939,-6.57843],[-35.61253,-6.57889],[-35.60703,-6.57305],[-35.60085,-6.57586],[-35.59399,-6.5741],[-35.58849,-6.57727],[-35.57804,-6.57151],[-35.57407,-6.56355],[-35.56994,-6.57423],[-35.56515,-6.5771],[-35.56342,-6.58105],[-35.56927,-6.58724],[-35.57888,-6.5809],[-35.58437,-6.59518],[-35.59055,-6.59231],[-35.59264,-6.59879],[-35.58518,-6.60697],[-35.58781,-6.60962],[-35.59324,-6.60902],[-35.59605,-6.61474],[-35.59482,-6.61857],[-35.60497,-6.63133],[-35.61391,-6.63289],[-35.61055,-6.64244],[-35.61115,-6.6465],[-35.61527,-6.64683],[-35.62008,-6.6511],[-35.62351,-6.65159],[-35.63244,-6.64815],[-35.63458,-6.64517],[-35.6345,-6.64043],[-35.65098,-6.64017],[-35.65497,-6.63699],[-35.65054,-6.62948],[-35.65304,-6.62577],[-35.65578,-6.62556],[-35.66128,-6.6312],[-35.66952,-6.63092],[-35.67364,-6.63262],[-35.67982,-6.6283],[-35.68006,-6.6363],[-35.67734,-6.64244],[-35.68138,-6.64653],[-35.68737,-6.64843],[-35.69066,-6.65335],[-35.70591,-6.65056],[-35.71209,-6.65459],[-35.71629,-6.65267],[-35.72176,-6.65813],[-35.72033,-6.6629],[-35.7272,-6.66919],[-35.73338,-6.66821],[-35.73956,-6.66193],[-35.7402,-6.67109],[-35.74696,-6.67109],[-35.74746,-6.67654],[-35.75143,-6.67995],[-35.75135,-6.68336],[-35.7538,-6.68541],[-35.76221,-6.68811],[-35.77183,-6.68799],[-35.77837,-6.69223],[-35.77026,-6.69223],[-35.76908,-6.69713],[-35.75397,-6.69049],[-35.74711,-6.69093],[-35.74344,-6.68882],[-35.74162,-6.67924],[-35.7375,-6.68054],[-35.73406,-6.67695],[-35.72857,-6.67499],[-35.72239,-6.6767],[-35.71851,-6.67518],[-35.7114,-6.66377],[-35.70385,-6.66131],[-35.69572,-6.66222],[-35.69698,-6.6681],[-35.67776,-6.66317],[-35.67644,-6.66495],[-35.67741,-6.6704],[-35.676,-6.67109],[-35.67635,-6.66495],[-35.6741,-6.65813],[-35.66009,-6.64108],[-35.65441,-6.64302],[-35.65029,-6.64798],[-35.64342,-6.64676],[-35.64152,-6.64994],[-35.63725,-6.65024],[-35.63056,-6.65881],[-35.62901,-6.66416],[-35.62145,-6.65889],[-35.61887,-6.65949],[-35.61733,-6.66251],[-35.61459,-6.66218],[-35.60566,-6.65377],[-35.60085,-6.65216],[-35.59845,-6.64585],[-35.5933,-6.64074],[-35.58231,-6.64005],[-35.58025,-6.63631],[-35.57819,-6.63604],[-35.58121,-6.64517],[-35.57388,-6.64722],[-35.58273,-6.66154],[-35.57476,-6.66551],[-35.57473,-6.66699],[-35.57965,-6.67313],[-35.58369,-6.6745],[-35.58522,-6.67859],[-35.59888,-6.68132],[-35.59683,-6.68745],[-35.60235,-6.69632],[-35.60663,-6.69973],[-35.60689,-6.70723],[-35.58918,-6.70637],[-35.58025,-6.70332],[-35.57883,-6.7045],[-35.58093,-6.70859],[-35.57751,-6.71162],[-35.57231,-6.70928],[-35.57133,-6.70601],[-35.56927,-6.7102],[-35.56446,-6.70472],[-35.55828,-6.70566],[-35.55755,-6.70859],[-35.5673,-6.72496],[-35.56058,-6.72973],[-35.56168,-6.73383],[-35.55937,-6.73519],[-35.56148,-6.74065],[-35.55759,-6.74182],[-35.55622,-6.74634],[-35.55347,-6.74625],[-35.54935,-6.7419],[-35.54334,-6.74474],[-35.54959,-6.75224],[-35.55133,-6.75906],[-35.55485,-6.76043],[-35.55169,-6.77065],[-35.55759,-6.77432],[-35.56309,-6.77148],[-35.56282,-6.78565],[-35.56927,-6.7919],[-35.57545,-6.7938],[-35.58781,-6.80327],[-35.59354,-6.81156],[-35.58563,-6.81292],[-35.58762,-6.82042],[-35.58405,-6.82383],[-35.60328,-6.83542],[-35.59673,-6.83687],[-35.59212,-6.83337],[-35.57957,-6.8299],[-35.57649,-6.83133],[-35.57407,-6.83624],[-35.56927,-6.83119],[-35.56386,-6.8361],[-35.57018,-6.84224],[-35.56583,-6.84314],[-35.56309,-6.84632],[-35.55759,-6.84617],[-35.55314,-6.85383],[-35.54386,-6.85316],[-35.53768,-6.85665],[-35.52807,-6.85286],[-35.52504,-6.85792],[-35.5212,-6.85853],[-35.51914,-6.8563],[-35.51695,-6.85792],[-35.5212,-6.86226],[-35.52569,-6.86337],[-35.52472,-6.86951],[-35.52738,-6.87271],[-35.53631,-6.86662],[-35.54535,-6.86814],[-35.54234,-6.87632],[-35.5457,-6.87973],[-35.54523,-6.88338],[-35.55073,-6.8856],[-35.55499,-6.88382],[-35.5624,-6.87471],[-35.57064,-6.87478],[-35.57888,-6.86947],[-35.58359,-6.86883],[-35.58704,-6.86064],[-35.5865,-6.85724],[-35.59467,-6.85326],[-35.60276,-6.85451],[-35.59492,-6.85996],[-35.59124,-6.87284],[-35.58081,-6.88178],[-35.58369,-6.88425],[-35.59399,-6.88515],[-35.59644,-6.89064],[-35.60223,-6.8952],[-35.61115,-6.89496],[-35.6139,-6.89294],[-35.61115,-6.89678],[-35.59908,-6.8995],[-35.6036,-6.9032],[-35.61047,-6.90322],[-35.612,-6.90632],[-35.59261,-6.90393],[-35.58755,-6.90018],[-35.58849,-6.8951],[-35.58584,-6.89609],[-35.58506,-6.90003],[-35.57613,-6.89936],[-35.57684,-6.907],[-35.57505,-6.91177],[-35.57697,-6.9145],[-35.57545,-6.91636],[-35.56875,-6.91382],[-35.57027,-6.90973],[-35.56868,-6.90632],[-35.56277,-6.90768],[-35.56322,-6.91041],[-35.57045,-6.91791],[-35.56744,-6.922],[-35.56845,-6.9254],[-35.57613,-6.92744],[-35.57957,-6.93167],[-35.59055,-6.93018],[-35.59238,-6.93495],[-35.58715,-6.93767],[-35.58092,-6.94722],[-35.58305,-6.94994],[-35.58288,-6.95403],[-35.58806,-6.9588],[-35.59161,-6.96835],[-35.60017,-6.9774],[-35.61459,-6.98314],[-35.61871,-6.98745],[-35.62639,-6.98675],[-35.62932,-6.97925],[-35.63107,-6.97889],[-35.63353,-6.98675],[-35.63037,-6.9922],[-35.63147,-6.99424],[-35.64411,-6.99942],[-35.64823,-6.99762],[-35.65406,-7.00038],[-35.65317,-7.00719],[-35.6551,-7.01024],[-35.66128,-7.01382],[-35.66814,-7.01453],[-35.67158,-7.01834],[-35.67982,-7.01842],[-35.68378,-7.03105],[-35.686,-7.03273],[-35.68955,-7.03173],[-35.69078,-7.02559],[-35.69492,-7.02525],[-35.69698,-7.02217],[-35.69967,-7.02287],[-35.69435,-7.029],[-35.6956,-7.03445],[-35.69345,-7.03854],[-35.69527,-7.04331],[-35.68806,-7.04167],[-35.68653,-7.04331],[-35.69424,-7.04956],[-35.70316,-7.05082],[-35.70706,-7.05626],[-35.70603,-7.05967],[-35.71209,-7.06538],[-35.71827,-7.0659],[-35.73225,-7.08284],[-35.72376,-7.07967],[-35.70866,-7.07748],[-35.70782,-7.08147],[-35.71796,-7.09101],[-35.71497,-7.09097]],[[-35.71446,-7.09112],[-35.71438,-7.09374],[-35.71806,-7.09415]],[[-35.7182,-7.09399],[-35.71896,-7.0928],[-35.72193,-7.0951],[-35.72514,-7.10141],[-35.73647,-7.10873],[-35.73704,-7.11418],[-35.73252,-7.1135],[-35.73126,-7.10805],[-35.72788,-7.10536],[-35.72308,-7.10507],[-35.72102,-7.10809],[-35.69149,-7.09431],[-35.68915,-7.09646],[-35.6925,-7.10123],[-35.68943,-7.10246],[-35.68325,-7.10065],[-35.6792,-7.10396],[-35.67913,-7.10833],[-35.67021,-7.11077],[-35.67707,-7.11443],[-35.68874,-7.11459],[-35.69767,-7.11877],[-35.69698,-7.12285],[-35.69112,-7.12372],[-35.68852,-7.12917],[-35.69355,-7.13353],[-35.70332,-7.13258],[-35.70469,-7.13462],[-35.70195,-7.13803],[-35.70591,-7.13979],[-35.70591,-7.14316],[-35.69836,-7.14403],[-35.69102,-7.13939],[-35.68668,-7.14001],[-35.68462,-7.13722],[-35.68119,-7.13664],[-35.67844,-7.13186],[-35.67432,-7.13434],[-35.66952,-7.13312],[-35.66746,-7.12929],[-35.66128,-7.13103],[-35.66154,-7.12576],[-35.65578,-7.12579],[-35.65372,-7.12343],[-35.65029,-7.12573],[-35.64686,-7.11953],[-35.64274,-7.12188],[-35.63587,-7.11889],[-35.63426,-7.12167],[-35.6374,-7.13053],[-35.64274,-7.13498],[-35.64449,-7.14075],[-35.64823,-7.14343],[-35.6512,-7.14961],[-35.64548,-7.14891],[-35.63038,-7.14],[-35.62695,-7.14235],[-35.62214,-7.1415],[-35.62099,-7.14825],[-35.62503,-7.15165],[-35.62695,-7.1593],[-35.63877,-7.16051],[-35.64077,-7.16323],[-35.63587,-7.16882],[-35.62567,-7.16937],[-35.62543,-7.17345],[-35.63356,-7.17686],[-35.62969,-7.17974],[-35.62945,-7.18231],[-35.63656,-7.18323],[-35.63862,-7.17983],[-35.65235,-7.17611],[-35.64734,-7.17959],[-35.6464,-7.18504],[-35.64205,-7.18708],[-35.64049,-7.19049],[-35.63244,-7.19014],[-35.62731,-7.19253],[-35.63175,-7.19665],[-35.63725,-7.19553],[-35.64099,-7.19866],[-35.6409,-7.20207],[-35.64274,-7.20335],[-35.64861,-7.20343],[-35.65098,-7.19659],[-35.65333,-7.19866],[-35.65166,-7.20735],[-35.6496,-7.20827],[-35.6448,-7.20621],[-35.64165,-7.2116],[-35.64411,-7.2167],[-35.64935,-7.2191],[-35.64684,-7.22659],[-35.64892,-7.23061],[-35.65853,-7.22476],[-35.66677,-7.22545],[-35.66879,-7.22318],[-35.66651,-7.21705],[-35.67299,-7.21501],[-35.6757,-7.21131],[-35.67913,-7.21195],[-35.68325,-7.20977],[-35.686,-7.20519],[-35.69149,-7.2093],[-35.69973,-7.20958],[-35.70244,-7.21228],[-35.6997,-7.21842],[-35.70728,-7.22265],[-35.72708,-7.22114],[-35.72445,-7.22393],[-35.71621,-7.22332],[-35.71119,-7.22931],[-35.72033,-7.24349],[-35.72582,-7.24751],[-35.73406,-7.25108],[-35.7407,-7.25043],[-35.73871,-7.25656],[-35.73269,-7.25685],[-35.72292,-7.26678],[-35.72376,-7.26907],[-35.73338,-7.27513],[-35.73956,-7.27377],[-35.74722,-7.27563],[-35.74711,-7.27874],[-35.73962,-7.28176],[-35.73994,-7.28517],[-35.75809,-7.28198],[-35.75878,-7.2777],[-35.77156,-7.27972],[-35.77045,-7.28192],[-35.76153,-7.28259],[-35.76231,-7.28721],[-35.7609,-7.28926],[-35.77457,-7.29371],[-35.77711,-7.29538],[-35.77515,-7.29743],[-35.75466,-7.29824],[-35.74093,-7.29658],[-35.73983,-7.29947],[-35.74458,-7.3022],[-35.74731,-7.30696],[-35.74574,-7.30845],[-35.73765,-7.30764],[-35.7423,-7.31306],[-35.74986,-7.31503],[-35.75329,-7.31115],[-35.75603,-7.31084],[-35.75771,-7.31922],[-35.75672,-7.32477],[-35.76633,-7.31782],[-35.77114,-7.32262],[-35.77526,-7.3225],[-35.77595,-7.32475],[-35.76496,-7.32438],[-35.75603,-7.33062],[-35.74917,-7.3246],[-35.73956,-7.3232],[-35.73647,-7.32632]],[[-35.73607,-7.32659],[-35.732,-7.32814],[-35.71072,-7.32669],[-35.69561,-7.33085],[-35.68256,-7.33058],[-35.66814,-7.33499],[-35.66128,-7.33495],[-35.65737,-7.34306],[-35.66058,-7.34919],[-35.66334,-7.35004],[-35.69218,-7.34467],[-35.70777,-7.34915]],[[-35.70785,-7.34917],[-35.71552,-7.3527],[-35.72445,-7.35196],[-35.72788,-7.34993],[-35.73612,-7.35351],[-35.74986,-7.35271],[-35.75313,-7.35736],[-35.74436,-7.35821],[-35.73681,-7.36248],[-35.7368,-7.36553],[-35.74024,-7.36804],[-35.74642,-7.36679],[-35.74994,-7.36962],[-35.75191,-7.3806],[-35.75553,-7.38187],[-35.76221,-7.38907],[-35.7721,-7.38868],[-35.77268,-7.3846],[-35.77595,-7.38264],[-35.78347,-7.38936],[-35.78362,-7.39345],[-35.78762,-7.39557],[-35.79311,-7.39527],[-35.7938,-7.39824],[-35.78164,-7.40366],[-35.78101,-7.40707],[-35.79105,-7.41834],[-35.7985,-7.41592],[-35.79942,-7.42137],[-35.80447,-7.42477],[-35.80271,-7.42886],[-35.8041,-7.43085],[-35.81646,-7.42999],[-35.82271,-7.43839],[-35.82745,-7.43662],[-35.83569,-7.44196],[-35.83602,-7.43839],[-35.83189,-7.4343],[-35.8318,-7.4309],[-35.82813,-7.4252],[-35.83622,-7.42886],[-35.83843,-7.43246],[-35.84393,-7.42997],[-35.83986,-7.43635],[-35.84049,-7.44312],[-35.84805,-7.44442],[-35.85719,-7.44043],[-35.8556,-7.44683],[-35.84461,-7.44836],[-35.84104,-7.45065],[-35.84942,-7.45424],[-35.85773,-7.45133],[-35.85549,-7.45405],[-35.85728,-7.45882],[-35.85148,-7.45766],[-35.84169,-7.46086],[-35.84255,-7.46258],[-35.84736,-7.46238],[-35.85246,-7.46494],[-35.85079,-7.46813],[-35.8453,-7.46621],[-35.84244,-7.46835],[-35.85217,-7.47784],[-35.85635,-7.47924],[-35.86315,-7.47587],[-35.87414,-7.47493],[-35.87478,-7.46903],[-35.87894,-7.46551],[-35.88238,-7.4704],[-35.8913,-7.47034],[-35.89353,-7.47516],[-35.87951,-7.47584],[-35.87963,-7.48121],[-35.87449,-7.48196],[-35.87551,-7.4893],[-35.87276,-7.48864],[-35.87002,-7.4844],[-35.86293,-7.48537],[-35.8659,-7.49209],[-35.85285,-7.48542],[-35.85467,-7.49422],[-35.85217,-7.5034],[-35.84995,-7.50239],[-35.84805,-7.49739],[-35.83775,-7.49517],[-35.83363,-7.4985],[-35.82951,-7.49323],[-35.82127,-7.4962],[-35.82564,-7.48809],[-35.8247,-7.48528],[-35.82264,-7.485],[-35.81113,-7.49422],[-35.80959,-7.49783],[-35.8001,-7.49898],[-35.80733,-7.50511],[-35.80616,-7.50542],[-35.79792,-7.50373],[-35.79449,-7.50488],[-35.7835,-7.49849],[-35.77114,-7.49517],[-35.76633,-7.49695],[-35.76213,-7.49218],[-35.75535,-7.49225],[-35.74848,-7.48875],[-35.74711,-7.48985],[-35.73887,-7.484],[-35.73544,-7.48587],[-35.72926,-7.48218],[-35.72033,-7.48476],[-35.70934,-7.48339],[-35.7066,-7.48487],[-35.70042,-7.48098],[-35.69698,-7.48327],[-35.69218,-7.48246],[-35.686,-7.48606],[-35.68119,-7.48427],[-35.67638,-7.47734],[-35.67364,-7.47927],[-35.66662,-7.47924],[-35.66677,-7.47343],[-35.65578,-7.46899],[-35.65141,-7.47039],[-35.65896,-7.47516],[-35.6551,-7.47728],[-35.64548,-7.47656],[-35.63793,-7.47127],[-35.6345,-7.47096],[-35.62632,-7.47924],[-35.63374,-7.48401],[-35.62849,-7.48877],[-35.6315,-7.49558],[-35.65441,-7.51692],[-35.66471,-7.52295],[-35.68188,-7.53879],[-35.68737,-7.53899],[-35.68934,-7.54187],[-35.68364,-7.54459],[-35.6859,-7.5514],[-35.67982,-7.54791],[-35.67501,-7.54988],[-35.67362,-7.548],[-35.6757,-7.54282],[-35.67226,-7.5395],[-35.6654,-7.53535],[-35.6599,-7.53681],[-35.65602,-7.53438],[-35.65957,-7.53779],[-35.66016,-7.54391],[-35.65815,-7.548],[-35.66284,-7.55412],[-35.65784,-7.55649],[-35.65441,-7.55111],[-35.64812,-7.55208],[-35.65034,-7.54527],[-35.64637,-7.54187],[-35.6467,-7.53847],[-35.64342,-7.53463],[-35.63862,-7.54449],[-35.63207,-7.54868],[-35.63333,-7.55616],[-35.63663,-7.55889],[-35.63505,-7.56161],[-35.63678,-7.56706],[-35.63381,-7.57064],[-35.62832,-7.56674],[-35.62401,-7.56637],[-35.62354,-7.56229],[-35.61971,-7.56093],[-35.61939,-7.55403],[-35.6139,-7.55624],[-35.60772,-7.55358],[-35.60804,-7.56161],[-35.61423,-7.57046],[-35.60923,-7.57114],[-35.61054,-7.58203],[-35.60464,-7.58611],[-35.60703,-7.5915],[-35.60291,-7.59282],[-35.59799,-7.59768],[-35.59857,-7.60041],[-35.60227,-7.60313],[-35.60143,-7.60789],[-35.59803,-7.60993],[-35.60429,-7.61424],[-35.60877,-7.61402],[-35.61057,-7.61062],[-35.60888,-7.60653],[-35.6096,-7.60177],[-35.61871,-7.59904],[-35.62283,-7.59903],[-35.62832,-7.60317],[-35.63203,-7.60313],[-35.63313,-7.60608],[-35.63862,-7.60264],[-35.64411,-7.60596],[-35.64912,-7.59768],[-35.65578,-7.59392],[-35.65647,-7.58856],[-35.66003,-7.58339],[-35.66608,-7.58114],[-35.67158,-7.58161],[-35.67913,-7.57119],[-35.70179,-7.57251],[-35.70341,-7.57318],[-35.70248,-7.57617],[-35.67817,-7.58679],[-35.69902,-7.5902],[-35.69355,-7.59589],[-35.68462,-7.60005],[-35.68227,-7.59632],[-35.6757,-7.59365],[-35.66913,-7.59632],[-35.66574,-7.60177],[-35.66746,-7.60611],[-35.67432,-7.60576],[-35.67004,-7.6147],[-35.67998,-7.6181],[-35.67982,-7.62059],[-35.6761,-7.62287],[-35.68394,-7.63635],[-35.70385,-7.63407],[-35.7066,-7.62754],[-35.71278,-7.62771],[-35.7169,-7.62465],[-35.71964,-7.62982],[-35.72651,-7.62986],[-35.73063,-7.63232],[-35.73612,-7.62926],[-35.74299,-7.63176],[-35.74574,-7.62851],[-35.7526,-7.62888],[-35.75603,-7.62495],[-35.76153,-7.6236],[-35.76081,-7.61606],[-35.76718,-7.61334],[-35.75886,-7.60857],[-35.75741,-7.60501],[-35.76359,-7.6014],[-35.76702,-7.6063],[-35.77571,-7.61062],[-35.78075,-7.59468],[-35.78098,-7.59905],[-35.78419,-7.60261],[-35.78776,-7.60109],[-35.78918,-7.60925],[-35.78247,-7.6113],[-35.78046,-7.61606],[-35.79024,-7.62014],[-35.77801,-7.62],[-35.7762,-7.6215],[-35.77869,-7.62316],[-35.78803,-7.62355],[-35.78361,-7.62831],[-35.78742,-7.63512],[-35.7935,-7.6392],[-35.78831,-7.64056],[-35.78492,-7.64396],[-35.78884,-7.64805],[-35.79861,-7.64853],[-35.79619,-7.64124],[-35.80198,-7.63988],[-35.7963,-7.63171],[-35.80204,-7.63268],[-35.80479,-7.63122],[-35.80822,-7.63375],[-35.81073,-7.63239],[-35.81117,-7.62831],[-35.81432,-7.62763],[-35.81162,-7.64192],[-35.83019,-7.64538],[-35.8341,-7.65077],[-35.82539,-7.65125],[-35.82195,-7.64866],[-35.81715,-7.64826],[-35.81642,-7.64941],[-35.81987,-7.65281],[-35.81671,-7.65553],[-35.81852,-7.65874],[-35.82401,-7.65896],[-35.82951,-7.65517],[-35.86246,-7.66098],[-35.8659,-7.65386],[-35.86993,-7.65894],[-35.87482,-7.66011],[-35.89611,-7.65716],[-35.904,-7.6603],[-35.89988,-7.66302],[-35.90301,-7.66574],[-35.90023,-7.66748],[-35.90155,-7.66914],[-35.92426,-7.6783],[-35.92796,-7.67527],[-35.93022,-7.66778],[-35.92907,-7.66471],[-35.92426,-7.66393],[-35.9236,-7.66166],[-35.93093,-7.6603],[-35.93023,-7.65621],[-35.9325,-7.65487],[-35.93937,-7.65982],[-35.9428,-7.65989],[-35.95029,-7.64873],[-35.94945,-7.64464],[-35.94557,-7.64056],[-35.94561,-7.63716],[-35.96066,-7.64723],[-35.95905,-7.63784],[-35.97048,-7.62967],[-35.96684,-7.62574],[-35.95163,-7.6215],[-35.9586,-7.6157],[-35.96546,-7.6165],[-35.96833,-7.6147],[-35.96143,-7.61198],[-35.96203,-7.60739],[-35.98434,-7.60381],[-35.98843,-7.59496],[-35.98596,-7.58679],[-35.98743,-7.58331],[-35.99043,-7.5902],[-35.9934,-7.59156],[-35.99203,-7.59564],[-35.99473,-7.59905],[-35.99523,-7.6113],[-35.99087,-7.61328],[-35.98675,-7.61213],[-35.98125,-7.6145],[-35.98055,-7.61674],[-35.98564,-7.6215],[-35.99705,-7.62435],[-36.00163,-7.62831],[-35.98949,-7.62909],[-35.97507,-7.62701],[-35.97507,-7.63427],[-35.97164,-7.63802],[-35.96693,-7.6392],[-35.97314,-7.64669],[-35.96564,-7.64464],[-35.96764,-7.65077],[-35.96683,-7.65417],[-35.97536,-7.67118],[-35.97301,-7.67788],[-35.96147,-7.6603],[-35.9531,-7.65609],[-35.94624,-7.67173],[-35.93716,-7.67118],[-35.94963,-7.68479],[-35.94967,-7.68621],[-35.94369,-7.68752],[-35.9531,-7.69643],[-35.94143,-7.694],[-35.92632,-7.68638],[-35.92014,-7.68725],[-35.91396,-7.67983],[-35.89268,-7.67257],[-35.88581,-7.66799],[-35.86521,-7.66742],[-35.85217,-7.66952],[-35.84255,-7.66646],[-35.835,-7.67086],[-35.83019,-7.66719],[-35.82745,-7.6716],[-35.82401,-7.66878],[-35.80959,-7.66546],[-35.80616,-7.66706],[-35.80204,-7.66542],[-35.79861,-7.66835],[-35.79655,-7.65945],[-35.79449,-7.65886],[-35.78748,-7.6637],[-35.7849,-7.66098],[-35.78806,-7.65757],[-35.78693,-7.65423],[-35.76908,-7.64309],[-35.76678,-7.64464],[-35.77582,-7.65825],[-35.77457,-7.66246],[-35.76977,-7.66378],[-35.76153,-7.65774],[-35.75054,-7.65661],[-35.74811,-7.65757],[-35.7478,-7.66171],[-35.74505,-7.6626],[-35.74074,-7.6603],[-35.74601,-7.65894],[-35.74368,-7.65541],[-35.73063,-7.65123],[-35.72582,-7.65188],[-35.70934,-7.64837],[-35.70764,-7.65077],[-35.70841,-7.65417],[-35.72014,-7.67186],[-35.72033,-7.67408],[-35.71827,-7.67523],[-35.70728,-7.6675],[-35.70651,-7.66574],[-35.70909,-7.66166],[-35.70042,-7.65537],[-35.69492,-7.65489],[-35.67913,-7.64637],[-35.67295,-7.64848],[-35.66989,-7.6426],[-35.66242,-7.63988],[-35.66984,-7.63239],[-35.66883,-7.63014],[-35.66608,-7.63111],[-35.65922,-7.62908],[-35.6551,-7.63046],[-35.64754,-7.62594],[-35.63949,-7.63376],[-35.63587,-7.63128],[-35.62695,-7.6313],[-35.62049,-7.63376],[-35.61802,-7.63712],[-35.59879,-7.6323],[-35.59673,-7.63788],[-35.58987,-7.63732],[-35.58781,-7.6404],[-35.58437,-7.64115],[-35.57792,-7.63988],[-35.57688,-7.6392],[-35.58506,-7.63327],[-35.58437,-7.62723],[-35.58914,-7.61878],[-35.58437,-7.61444],[-35.5802,-7.61334],[-35.57751,-7.60752],[-35.56487,-7.60245],[-35.56789,-7.60057],[-35.57613,-7.60074],[-35.583,-7.59769],[-35.58814,-7.59768],[-35.5954,-7.58747],[-35.59609,-7.57931],[-35.59467,-7.57494],[-35.59158,-7.5725],[-35.59373,-7.56297],[-35.59299,-7.55753],[-35.58927,-7.55208],[-35.58894,-7.54051],[-35.57715,-7.53234],[-35.57985,-7.52349],[-35.57873,-7.51941],[-35.57201,-7.51642],[-35.569,-7.52077],[-35.57107,-7.52621],[-35.56927,-7.52938],[-35.56707,-7.52826],[-35.56493,-7.51941],[-35.57367,-7.51192],[-35.57532,-7.50783],[-35.58145,-7.50443],[-35.57993,-7.49354],[-35.57751,-7.48983],[-35.57407,-7.48849],[-35.56789,-7.49046],[-35.56645,-7.48877],[-35.56749,-7.48605],[-35.58,-7.4806],[-35.57565,-7.47584],[-35.57476,-7.46984],[-35.56377,-7.46247],[-35.55691,-7.46129],[-35.55168,-7.46562],[-35.54867,-7.47495],[-35.54311,-7.47107],[-35.54631,-7.46699],[-35.5418,-7.4629],[-35.50216,-7.45269],[-35.49863,-7.45065],[-35.50334,-7.44656],[-35.50212,-7.4452],[-35.48344,-7.44147],[-35.47245,-7.4366],[-35.4708,-7.43771],[-35.47176,-7.442],[-35.45254,-7.43819],[-35.44498,-7.442],[-35.43812,-7.44121],[-35.42576,-7.44434],[-35.42448,-7.45201],[-35.42122,-7.45677],[-35.42355,-7.46018],[-35.42472,-7.46494],[-35.42337,-7.46835],[-35.42576,-7.47401]]]}},{"type":"Feature","properties":{"cota":200,"indice":false},"geometry":{"type":"MultiLineString","coordinates":[[[-35.68798,-6.45426],[-35.68119,-6.45092],[-35.67707,-6.45112],[-35.67226,-6.45412],[-35.6599,-6.45129],[-35.65446,-6.4528],[-35.65312,-6.45689],[-35.65713,-6.46099],[-35.65616,-6.4644],[-35.65822,-6.47054],[-35.66655,-6.48077],[-35.67237,-6.4835],[-35.68188,-6.4919],[-35.69144,-6.49646],[-35.69149,-6.50242],[-35.6702,-6.49304],[-35.65647,-6.49292],[-35.65029,-6.48949],[-35.64205,-6.49133],[-35.63656,-6.49715],[-35.63793,-6.4989],[-35.65372,-6.50126],[-35.65647,-6.50315],[-35.6621,-6.51557],[-35.65807,-6.52716],[-35.67097,-6.53808],[-35.67219,-6.54695],[-35.67764,-6.55786],[-35.6702,-6.55603],[-35.66677,-6.55253],[-35.65853,-6.55147],[-35.65817,-6.55377],[-35.66196,-6.55561],[-35.66179,-6.55786],[-35.65643,-6.55923],[-35.65259,-6.564],[-35.64548,-6.56375],[-35.64468,-6.56605],[-35.65647,-6.57303],[-35.67226,-6.56874],[-35.67163,-6.57764],[-35.6908,-6.5912],[-35.67226,-6.58794],[-35.67134,-6.5831],[-35.66952,-6.58204],[-35.6664,-6.58719],[-35.66265,-6.58853],[-35.64892,-6.57693],[-35.63999,-6.57743],[-35.62626,-6.57312],[-35.62351,-6.56985],[-35.61665,-6.57322],[-35.61665,-6.56789],[-35.61242,-6.56264],[-35.60085,-6.56491],[-35.59883,-6.56332],[-35.59851,-6.55923],[-35.5935,-6.5565],[-35.59055,-6.55237],[-35.58601,-6.56196],[-35.58973,-6.56809],[-35.58849,-6.57101],[-35.58292,-6.56878],[-35.57755,-6.55854],[-35.5727,-6.55591],[-35.56269,-6.55582],[-35.55965,-6.56048],[-35.55485,-6.56233],[-35.55073,-6.55807],[-35.54752,-6.55991],[-35.54431,-6.57014],[-35.55279,-6.5754],[-35.55612,-6.5756],[-35.55042,-6.58515],[-35.55206,-6.58856],[-35.55633,-6.5906],[-35.55492,-6.59401],[-35.5624,-6.59426],[-35.56489,-6.59947],[-35.57064,-6.60472],[-35.57655,-6.60084],[-35.57589,-6.5947],[-35.57819,-6.5946],[-35.58098,-6.60015],[-35.5797,-6.60356],[-35.58135,-6.61039],[-35.58987,-6.61546],[-35.59124,-6.62026],[-35.59533,-6.62403],[-35.59657,-6.62948],[-35.60508,-6.6363],[-35.60238,-6.6404],[-35.60437,-6.64449],[-35.60085,-6.63689],[-35.59301,-6.63494],[-35.59295,-6.63153],[-35.58589,-6.61925],[-35.57909,-6.61789],[-35.57476,-6.61072],[-35.56103,-6.60889],[-35.55863,-6.6138],[-35.56005,-6.61993],[-35.5727,-6.63153],[-35.57348,-6.63903],[-35.57133,-6.64027],[-35.56377,-6.63682],[-35.55691,-6.63767],[-35.56828,-6.64585],[-35.57313,-6.65335],[-35.56515,-6.6588],[-35.56478,-6.66154],[-35.583,-6.68122],[-35.58987,-6.68367],[-35.59302,-6.69427],[-35.59662,-6.69768],[-35.58918,-6.6988],[-35.58025,-6.69392],[-35.57993,-6.69905],[-35.57476,-6.69991],[-35.57027,-6.69223],[-35.56583,-6.68887],[-35.56495,-6.69427],[-35.5624,-6.697],[-35.55759,-6.69059],[-35.55412,-6.69291],[-35.55485,-6.69958],[-35.54935,-6.69571],[-35.54661,-6.69613],[-35.54607,-6.69973],[-35.55691,-6.71196],[-35.56238,-6.72155],[-35.55897,-6.72587],[-35.55347,-6.72491],[-35.55436,-6.73724],[-35.54401,-6.74065],[-35.53493,-6.74115],[-35.52733,-6.75224],[-35.53114,-6.75428],[-35.53288,-6.75918],[-35.53562,-6.75433],[-35.54111,-6.75203],[-35.53813,-6.75701],[-35.54845,-6.76383],[-35.54729,-6.77162],[-35.54424,-6.77133],[-35.54447,-6.77269],[-35.5521,-6.77403],[-35.55841,-6.77883],[-35.56064,-6.78769],[-35.55759,-6.78862],[-35.54661,-6.78105],[-35.53561,-6.77747],[-35.55827,-6.79792],[-35.55761,-6.80065],[-35.55141,-6.80037],[-35.54935,-6.80272],[-35.54386,-6.79957],[-35.54395,-6.80269],[-35.56171,-6.81339],[-35.56858,-6.81304],[-35.56644,-6.80678],[-35.57064,-6.80741],[-35.57476,-6.80333],[-35.5745,-6.80747],[-35.5686,-6.81769],[-35.56995,-6.82175],[-35.55553,-6.82179],[-35.55448,-6.82315],[-35.55614,-6.82588],[-35.55073,-6.82626],[-35.54989,-6.83065],[-35.53891,-6.83747],[-35.53974,-6.84047],[-35.54317,-6.83855],[-35.54729,-6.83921],[-35.54778,-6.84837],[-35.53631,-6.85085],[-35.53082,-6.84786],[-35.52532,-6.84902],[-35.51434,-6.85326],[-35.50838,-6.86064],[-35.52051,-6.86678],[-35.51998,-6.87632],[-35.52258,-6.87928],[-35.52601,-6.87719],[-35.5315,-6.87804],[-35.53356,-6.87347],[-35.53701,-6.87428],[-35.54058,-6.88041],[-35.53863,-6.88587],[-35.54043,-6.88816],[-35.55073,-6.88838],[-35.55622,-6.88658],[-35.56343,-6.87769],[-35.57201,-6.87675],[-35.58849,-6.86798],[-35.58849,-6.87166],[-35.57518,-6.88314],[-35.57564,-6.88519],[-35.58231,-6.88748],[-35.5856,-6.892],[-35.57957,-6.89672],[-35.57322,-6.89473],[-35.57206,-6.89882],[-35.57339,-6.90512],[-35.56789,-6.89872],[-35.56171,-6.90247],[-35.55347,-6.90053],[-35.53956,-6.90155],[-35.54386,-6.90498],[-35.55055,-6.90564],[-35.55044,-6.91041],[-35.55347,-6.91431],[-35.55965,-6.91333],[-35.5644,-6.92881],[-35.57396,-6.93222],[-35.56979,-6.93495],[-35.56995,-6.93741],[-35.58023,-6.93699],[-35.57421,-6.94313],[-35.5737,-6.94653],[-35.56927,-6.94444],[-35.56515,-6.94586],[-35.56971,-6.94994],[-35.57201,-6.95653],[-35.57667,-6.95744],[-35.57262,-6.96017],[-35.57305,-6.96766],[-35.57103,-6.96766],[-35.56771,-6.96085],[-35.5678,-6.95608],[-35.55828,-6.95463],[-35.55485,-6.9509],[-35.5534,-6.95267],[-35.55608,-6.9554],[-35.55669,-6.96698],[-35.56296,-6.97448],[-35.5666,-6.97448],[-35.56677,-6.97857],[-35.56927,-6.98118],[-35.58163,-6.98654],[-35.57292,-6.99016],[-35.58473,-7.00583],[-35.60017,-7.01556],[-35.60022,-7.0106],[-35.59699,-7.00242],[-35.59879,-7.00085],[-35.60841,-7.01078],[-35.60948,-7.01401],[-35.60684,-7.01673],[-35.60772,-7.01985],[-35.61321,-7.0214],[-35.61733,-7.02012],[-35.62201,-7.02355],[-35.62214,-7.02748],[-35.62832,-7.03018],[-35.63221,-7.02968],[-35.62949,-7.02423],[-35.63034,-7.02014],[-35.62153,-7.0106],[-35.60909,-6.99179],[-35.60463,-6.98947],[-35.6019,-6.98334],[-35.60806,-6.98402],[-35.61871,-6.99131],[-35.62351,-6.9906],[-35.63381,-6.99988],[-35.64205,-7.0031],[-35.64816,-7.0031],[-35.65145,-7.01196],[-35.6654,-7.01818],[-35.67364,-7.02795],[-35.67913,-7.02791],[-35.6798,-7.03036],[-35.67784,-7.03309],[-35.67982,-7.03743],[-35.68969,-7.0365],[-35.68896,-7.03854],[-35.68304,-7.04127],[-35.68323,-7.04399],[-35.69218,-7.05172],[-35.6989,-7.05353],[-35.70375,-7.06239],[-35.71072,-7.06813],[-35.71712,-7.07057],[-35.71718,-7.07534],[-35.70934,-7.07441],[-35.70522,-7.07648],[-35.6805,-7.05955],[-35.67295,-7.05578],[-35.66883,-7.05719],[-35.66402,-7.0488],[-35.65922,-7.04751],[-35.65784,-7.04205],[-35.64342,-7.03906],[-35.63793,-7.0356],[-35.64294,-7.04604],[-35.67095,-7.07125],[-35.66858,-7.07534],[-35.67589,-7.08147],[-35.67639,-7.0842],[-35.67432,-7.0854],[-35.67089,-7.08276],[-35.66128,-7.0806],[-35.66059,-7.07494],[-35.65853,-7.07314],[-35.65029,-7.07602],[-35.64141,-7.06784],[-35.63725,-7.06682],[-35.63459,-7.06784],[-35.63335,-7.07466],[-35.63856,-7.08011],[-35.63525,-7.08556],[-35.63931,-7.08947],[-35.64686,-7.0879],[-35.64827,-7.09238],[-35.65922,-7.09867],[-35.66677,-7.09636],[-35.67571,-7.09919],[-35.67501,-7.10046],[-35.66883,-7.0997],[-35.66608,-7.1033],[-35.65407,-7.10328],[-35.65784,-7.10859],[-35.66608,-7.11418],[-35.66643,-7.1169],[-35.67295,-7.12204],[-35.6759,-7.12781],[-35.67295,-7.1294],[-35.66746,-7.12215],[-35.65853,-7.12194],[-35.64411,-7.11181],[-35.64068,-7.11551],[-35.63381,-7.11342],[-35.63356,-7.10873],[-35.62837,-7.106],[-35.62489,-7.09863],[-35.62383,-7.10123],[-35.6267,-7.10668],[-35.62469,-7.11282],[-35.62901,-7.11609],[-35.62978,-7.12167],[-35.6242,-7.11857],[-35.61939,-7.11866],[-35.61803,-7.12304],[-35.6222,-7.12985],[-35.6291,-7.13258],[-35.62489,-7.13613],[-35.62008,-7.13476],[-35.61376,-7.13734],[-35.60936,-7.11895],[-35.60527,-7.11418],[-35.60706,-7.10668],[-35.60497,-7.10447],[-35.59879,-7.11145],[-35.59912,-7.11554],[-35.5963,-7.1169],[-35.59673,-7.12253],[-35.583,-7.12141],[-35.57819,-7.11744],[-35.5761,-7.12031],[-35.58437,-7.12671],[-35.59055,-7.12798],[-35.59553,-7.12508],[-35.59402,-7.13053],[-35.59795,-7.13258],[-35.60309,-7.15233],[-35.61047,-7.15178],[-35.61257,-7.14688],[-35.61527,-7.14528],[-35.61584,-7.15165],[-35.61819,-7.15438],[-35.6179,-7.16323],[-35.6236,-7.1646],[-35.61527,-7.16889],[-35.60772,-7.16918],[-35.60497,-7.16558],[-35.60159,-7.16596],[-35.60481,-7.1755],[-35.59633,-7.17754],[-35.59414,-7.18367],[-35.59619,-7.19185],[-35.59811,-7.19324],[-35.60223,-7.19272],[-35.60497,-7.18677],[-35.61153,-7.18572],[-35.60772,-7.18802],[-35.60743,-7.19117],[-35.61047,-7.19324],[-35.6139,-7.18884],[-35.61427,-7.19253],[-35.61819,-7.19798],[-35.61871,-7.20152],[-35.6139,-7.2023],[-35.61253,-7.2055],[-35.60218,-7.20411],[-35.6056,-7.21501],[-35.61156,-7.22318],[-35.60909,-7.22891],[-35.60504,-7.23],[-35.60597,-7.23204],[-35.61596,-7.23312],[-35.62283,-7.23757],[-35.62626,-7.23712],[-35.62832,-7.23451],[-35.64205,-7.24047],[-35.64617,-7.23885],[-35.6551,-7.24176],[-35.66265,-7.2414],[-35.66746,-7.24387],[-35.67005,-7.24226],[-35.66987,-7.23817],[-35.67295,-7.23613],[-35.67729,-7.22795],[-35.67982,-7.22514],[-35.68509,-7.22387],[-35.67844,-7.24107],[-35.67523,-7.24158],[-35.67209,-7.24498],[-35.67364,-7.2463],[-35.68119,-7.24399],[-35.68325,-7.24786],[-35.68559,-7.24839],[-35.67566,-7.24771],[-35.67598,-7.25043],[-35.6816,-7.25588],[-35.67549,-7.25588],[-35.67602,-7.26269],[-35.66814,-7.2661],[-35.66938,-7.26882],[-35.66721,-7.27018],[-35.6713,-7.27359],[-35.66608,-7.2765],[-35.6496,-7.27934],[-35.64445,-7.28517],[-35.64464,-7.28857],[-35.64754,-7.29152],[-35.65993,-7.28994],[-35.65716,-7.29517],[-35.65098,-7.29406],[-35.64686,-7.2982],[-35.63725,-7.29157],[-35.63557,-7.29334],[-35.63747,-7.29879],[-35.63175,-7.29787],[-35.62493,-7.3022],[-35.63023,-7.30969],[-35.63244,-7.31014],[-35.63958,-7.30764],[-35.63999,-7.30103],[-35.64405,-7.3022],[-35.6448,-7.30716],[-35.64873,-7.30901],[-35.64923,-7.31105],[-35.64137,-7.31018],[-35.63868,-7.31309],[-35.64565,-7.32331],[-35.63862,-7.32653],[-35.63381,-7.3237],[-35.62969,-7.32482],[-35.62832,-7.32007],[-35.62351,-7.32042],[-35.62008,-7.31711],[-35.61665,-7.3167],[-35.60969,-7.32399],[-35.6116,-7.32671],[-35.61623,-7.32808],[-35.61379,-7.33284],[-35.62145,-7.3408],[-35.62763,-7.34177],[-35.63313,-7.34667],[-35.63546,-7.35259],[-35.64342,-7.3569],[-35.645,-7.35532],[-35.64434,-7.35055],[-35.64823,-7.34886],[-35.6521,-7.34238],[-35.65358,-7.33625],[-35.65224,-7.33012],[-35.65426,-7.32944],[-35.65463,-7.35123],[-35.66471,-7.3533],[-35.67364,-7.35146],[-35.67806,-7.356],[-35.67226,-7.35973],[-35.6599,-7.3556],[-35.65515,-7.35872],[-35.65536,-7.36281],[-35.66265,-7.36723],[-35.66746,-7.36733],[-35.6693,-7.36621],[-35.66952,-7.36194],[-35.67364,-7.36178],[-35.67776,-7.36415],[-35.68188,-7.36061],[-35.68943,-7.35931],[-35.69218,-7.36322],[-35.70044,-7.36553],[-35.69907,-7.36894],[-35.69197,-7.37302],[-35.69904,-7.3807],[-35.70279,-7.37983],[-35.69836,-7.37248],[-35.70866,-7.3697],[-35.70797,-7.36208],[-35.71278,-7.3632],[-35.71444,-7.36629]],[[-35.71472,-7.36654],[-35.72926,-7.36518],[-35.72933,-7.37098],[-35.72445,-7.37213],[-35.72161,-7.37643],[-35.72514,-7.37758],[-35.72857,-7.37566],[-35.72926,-7.37945],[-35.73544,-7.37865],[-35.73132,-7.38658],[-35.72369,-7.38924]],[[-35.72341,-7.38933],[-35.72344,-7.38941]],[[-35.7238,-7.38951],[-35.7272,-7.38882],[-35.73173,-7.39209],[-35.73018,-7.39549],[-35.73191,-7.3989],[-35.72694,-7.39746]],[[-35.72646,-7.39716],[-35.72445,-7.3981],[-35.72445,-7.40262],[-35.71323,-7.40503],[-35.7169,-7.4105],[-35.7217,-7.4124],[-35.72885,-7.40979],[-35.73018,-7.40673]],[[-35.7304,-7.40619],[-35.73406,-7.40738],[-35.73681,-7.40607],[-35.74642,-7.41113],[-35.75123,-7.40967],[-35.75809,-7.41154],[-35.76084,-7.40855],[-35.76352,-7.41115],[-35.75696,-7.4166],[-35.75925,-7.42137],[-35.75425,-7.42341],[-35.75601,-7.42545],[-35.75449,-7.42886],[-35.7603,-7.43158],[-35.76019,-7.43499],[-35.74986,-7.43143],[-35.7478,-7.42743],[-35.74833,-7.43158],[-35.74574,-7.43454],[-35.7423,-7.42904],[-35.73908,-7.42816]],[[-35.7388,-7.42887],[-35.732,-7.43249],[-35.72926,-7.42794],[-35.72445,-7.43116],[-35.7217,-7.4276],[-35.71758,-7.42881],[-35.71021,-7.43362],[-35.71076,-7.43839],[-35.70316,-7.44016],[-35.69973,-7.4434],[-35.69561,-7.4404],[-35.69681,-7.44588],[-35.69492,-7.44733],[-35.67432,-7.4391],[-35.66746,-7.43918],[-35.66478,-7.44248],[-35.67295,-7.45036],[-35.67787,-7.45133],[-35.68256,-7.45553],[-35.686,-7.45128],[-35.69132,-7.45677],[-35.69713,-7.45269],[-35.69843,-7.45882],[-35.69561,-7.46342],[-35.69206,-7.46358],[-35.69286,-7.46582],[-35.7066,-7.46856],[-35.70614,-7.46154],[-35.70934,-7.45565],[-35.70911,-7.46222],[-35.71514,-7.46767],[-35.71913,-7.46494],[-35.71696,-7.46018],[-35.72376,-7.45749],[-35.73612,-7.46472],[-35.7423,-7.4616],[-35.74711,-7.471],[-35.75393,-7.46775]],[[-35.75471,-7.46768],[-35.75817,-7.46562],[-35.7604,-7.47039],[-35.76015,-7.47601],[-35.76977,-7.47933],[-35.77251,-7.4775],[-35.7749,-7.48128],[-35.76153,-7.48058],[-35.75858,-7.47748]],[[-35.75837,-7.4774],[-35.7526,-7.47447],[-35.74917,-7.47833],[-35.74093,-7.47301],[-35.73269,-7.47751],[-35.72857,-7.4753],[-35.72445,-7.47773],[-35.71346,-7.47792],[-35.70385,-7.47512],[-35.69639,-7.47924],[-35.69149,-7.47931],[-35.68462,-7.47741],[-35.67913,-7.47047],[-35.67217,-7.47243],[-35.67295,-7.46521],[-35.66952,-7.47035],[-35.65578,-7.46185],[-35.65057,-7.46222],[-35.64823,-7.46513],[-35.64342,-7.46077],[-35.63313,-7.46072],[-35.62996,-7.46426],[-35.63587,-7.46554],[-35.63591,-7.46699],[-35.63038,-7.47055],[-35.6242,-7.4716],[-35.62077,-7.47558],[-35.61868,-7.47243],[-35.62095,-7.46835],[-35.61596,-7.46712],[-35.61067,-7.46835],[-35.61163,-7.47856],[-35.62025,-7.48401],[-35.61745,-7.49218],[-35.63008,-7.50239],[-35.63383,-7.50851],[-35.62763,-7.51197],[-35.62351,-7.50933],[-35.62145,-7.50475],[-35.61802,-7.5069],[-35.61758,-7.50103],[-35.61184,-7.49954],[-35.60936,-7.49694],[-35.60965,-7.48741],[-35.6041,-7.47992],[-35.60783,-7.47788],[-35.60598,-7.47175],[-35.60075,-7.46903],[-35.59467,-7.46052],[-35.59154,-7.46222],[-35.59372,-7.46562],[-35.594,-7.47175],[-35.59052,-7.47516],[-35.59429,-7.47992],[-35.59401,-7.48401],[-35.60346,-7.48877],[-35.60561,-7.49422],[-35.60306,-7.49966],[-35.60429,-7.50511],[-35.59948,-7.50529],[-35.59605,-7.50274],[-35.59512,-7.50511],[-35.60165,-7.51192],[-35.60279,-7.516],[-35.60571,-7.51736],[-35.60486,-7.52145],[-35.60772,-7.52123],[-35.61115,-7.52717],[-35.61665,-7.52752],[-35.61745,-7.5303],[-35.61749,-7.53983],[-35.61459,-7.54261],[-35.61115,-7.53701],[-35.60085,-7.53597],[-35.59722,-7.53847],[-35.59931,-7.548],[-35.60296,-7.55412],[-35.6008,-7.57522],[-35.60356,-7.57931],[-35.6012,-7.58271],[-35.60154,-7.58951],[-35.59636,-7.59428],[-35.59186,-7.60517],[-35.59404,-7.61198],[-35.60017,-7.61609],[-35.60978,-7.61631],[-35.61276,-7.61266],[-35.61527,-7.6039],[-35.62008,-7.6041],[-35.63038,-7.61121],[-35.63862,-7.60883],[-35.64548,-7.61111],[-35.64823,-7.60628],[-35.65166,-7.60649],[-35.65166,-7.60954],[-35.65647,-7.60952],[-35.6599,-7.61458],[-35.67033,-7.61946],[-35.67523,-7.62695],[-35.67743,-7.63444],[-35.68462,-7.63942],[-35.69012,-7.64041],[-35.71278,-7.63689],[-35.72033,-7.64125],[-35.7272,-7.64026],[-35.73475,-7.64246],[-35.74024,-7.64805],[-35.74505,-7.64645],[-35.75603,-7.64821],[-35.75934,-7.646],[-35.76172,-7.63512],[-35.76015,-7.63203],[-35.7629,-7.63207],[-35.76326,-7.63512],[-35.76908,-7.63617],[-35.77251,-7.63528],[-35.77526,-7.63184],[-35.77886,-7.64464],[-35.77501,-7.6426],[-35.7732,-7.63771],[-35.76771,-7.63738],[-35.76304,-7.6426],[-35.7631,-7.64737],[-35.7656,-7.64941],[-35.75466,-7.65389],[-35.71072,-7.64388],[-35.69973,-7.64268],[-35.68943,-7.64548],[-35.6805,-7.64092],[-35.6757,-7.64262],[-35.67158,-7.62841],[-35.6599,-7.62194],[-35.65372,-7.62217],[-35.65166,-7.61498],[-35.64686,-7.6157],[-35.63862,-7.61352],[-35.63313,-7.61563],[-35.62489,-7.61375],[-35.61939,-7.60952],[-35.61321,-7.61745],[-35.60703,-7.62068],[-35.60633,-7.62491],[-35.6036,-7.62571],[-35.60154,-7.62052],[-35.59261,-7.62269],[-35.59269,-7.61878],[-35.58712,-7.61215],[-35.58551,-7.60653],[-35.58094,-7.60626],[-35.57788,-7.60381],[-35.58987,-7.59965],[-35.59831,-7.58611],[-35.59542,-7.56978],[-35.59803,-7.5548],[-35.59358,-7.54868],[-35.59018,-7.53847],[-35.58519,-7.53438],[-35.58664,-7.52145],[-35.5895,-7.51736],[-35.58781,-7.51346],[-35.58369,-7.51344],[-35.57965,-7.51056],[-35.58524,-7.50783],[-35.5867,-7.49966],[-35.58287,-7.49081],[-35.58428,-7.48605],[-35.57874,-7.48537],[-35.58312,-7.47992],[-35.57897,-7.47516],[-35.57751,-7.46845],[-35.57336,-7.46426],[-35.57888,-7.45677],[-35.57751,-7.45421],[-35.57064,-7.45462],[-35.56377,-7.45025],[-35.55828,-7.44977],[-35.55965,-7.45481],[-35.55022,-7.45405],[-35.55074,-7.4595],[-35.54729,-7.46295],[-35.51975,-7.45405],[-35.51667,-7.45201],[-35.52326,-7.45016],[-35.53493,-7.45066],[-35.53724,-7.44792],[-35.53306,-7.44384],[-35.52738,-7.44216],[-35.50198,-7.44084],[-35.46976,-7.43158],[-35.47791,-7.4275],[-35.47863,-7.4243],[-35.48618,-7.42504],[-35.48822,-7.42341],[-35.4752,-7.4226],[-35.46955,-7.4166],[-35.46097,-7.41456],[-35.45597,-7.40804],[-35.45048,-7.40832],[-35.44567,-7.40608],[-35.44417,-7.41047],[-35.43949,-7.41258],[-35.43566,-7.42069],[-35.44746,-7.43022],[-35.44665,-7.43362],[-35.43949,-7.43792],[-35.42988,-7.4369],[-35.42301,-7.44278],[-35.41745,-7.45337],[-35.41888,-7.46562],[-35.41752,-7.4689],[-35.41134,-7.45886],[-35.40798,-7.45677],[-35.40944,-7.44588],[-35.39462,-7.44452],[-35.40516,-7.44003],[-35.40722,-7.43612],[-35.41083,-7.4343],[-35.41082,-7.43226],[-35.39555,-7.43408],[-35.38456,-7.42983],[-35.37563,-7.43424],[-35.36945,-7.43431],[-35.37309,-7.4309],[-35.36533,-7.42862],[-35.36602,-7.42675],[-35.37083,-7.42674],[-35.37975,-7.42216],[-35.37975,-7.41562],[-35.38525,-7.4183],[-35.39045,-7.4166],[-35.39417,-7.42008],[-35.39829,-7.41831],[-35.40447,-7.41979],[-35.40585,-7.41577],[-35.40939,-7.41388],[-35.40722,-7.40535],[-35.39829,-7.40715],[-35.39623,-7.40121],[-35.38937,-7.40377],[-35.3825,-7.40176],[-35.37701,-7.40235],[-35.37281,-7.40435],[-35.37083,-7.40801],[-35.36602,-7.40705],[-35.36201,-7.40911],[-35.35866,-7.41388],[-35.35915,-7.41676],[-35.3516,-7.41843],[-35.34885,-7.41559],[-35.34473,-7.41685],[-35.3388,-7.41524],[-35.34473,-7.41087],[-35.35091,-7.41226],[-35.35432,-7.40775],[-35.35503,-7.39928],[-35.34405,-7.39355],[-35.33855,-7.39322],[-35.33237,-7.39715],[-35.32413,-7.39844],[-35.31933,-7.39847],[-35.31727,-7.3945],[-35.31452,-7.39395],[-35.30903,-7.39888],[-35.29688,-7.39958],[-35.29917,-7.4033]],[[-35.30112,-7.40443],[-35.30491,-7.40582],[-35.30766,-7.40355],[-35.31293,-7.40649]],[[-35.3496,-7.43223],[-35.35297,-7.43195],[-35.35524,-7.43499],[-35.34949,-7.4362]],[[-35.37385,-7.44655],[-35.37907,-7.44377],[-35.38235,-7.44452],[-35.37932,-7.44914]]]}},{"type":"Feature","properties":{"cota":500,"indice":true},"geometry":{"type":"LineString","coordinates":[[-35.79037,-7.15018],[-35.78625,-7.15288],[-35.78213,-7.1506],[-35.7732,-7.1522],[-35.77031,-7.15778],[-35.77139,-7.16051],[-35.7646,-7.16528],[-35.76427,-7.16862],[-35.76771,-7.17146],[-35.77114,-7.16942],[-35.77457,-7.1772],[-35.78043,-7.17209],[-35.78213,-7.1777],[-35.7938,-7.1756],[-35.80479,-7.16807],[-35.80891,-7.16787],[-35.8112,-7.17005],[-35.81088,-7.1646],[-35.80253,-7.15506],[-35.79037,-7.15018]]}},{"type":"Feature","properties":{"cota":500,"indice":true},"geometry":{"type":"LineString","coordinates":[[-35.87757,-7.32803],[-35.87554,-7.32876],[-35.87894,-7.32987],[-35.87757,-7.32803]]}},{"type":"Feature","properties":{"cota":400,"indice":false},"geometry":{"type":"LineString","coordinates":[[-35.82195,-7.32118],[-35.82058,-7.32306],[-35.82292,-7.32263],[-35.82195,-7.32118]]}},{"type":"Feature","properties":{"cota":500,"indice":true},"geometry":{"type":"LineString","coordinates":[[-35.89748,-7.2729],[-35.89405,-7.27293],[-35.89312,-7.27631],[-35.89548,-7.28108],[-35.89511,-7.28517],[-35.89748,-7.28676],[-35.90034,-7.28449],[-35.89986,-7.27836],[-35.90242,-7.27631],[-35.89748,-7.2729]]}},{"type":"Feature","properties":{"cota":600,"indice":false},"geometry":{"type":"LineString","coordinates":[[-35.96478,-7.21476],[-35.96272,-7.2148],[-35.96025,-7.21978],[-35.96409,-7.21893],[-35.96478,-7.21476]]}},{"type":"Feature","properties":{"cota":600,"indice":false},"geometry":{"type":"LineString","coordinates":[[-35.94692,-7.21419],[-35.94257,-7.21637],[-35.94624,-7.21826],[-35.94692,-7.21419]]}},{"type":"Feature","properties":{"cota":600,"indice":false},"geometry":{"type":"LineString","coordinates":[[-35.92976,-7.19697],[-35.92837,-7.1973],[-35.93044,-7.19907],[-35.92976,-7.19697]]}},{"type":"Feature","properties":{"cota":400,"indice":false},"geometry":{"type":"MultiLineString","coordinates":[[[-36.11984,-6.42709],[-36.119,-6.43301],[-36.12355,-6.43984],[-36.11515,-6.44376],[-36.11242,-6.44734],[-36.1076,-6.44789],[-36.10503,-6.45553],[-36.10882,-6.47395],[-36.10598,-6.48691],[-36.10939,-6.49032],[-36.10924,-6.49374],[-36.11778,-6.49851],[-36.11034,-6.50072],[-36.09989,-6.49169],[-36.10213,-6.48146],[-36.10073,-6.47862],[-36.09867,-6.4774],[-36.09386,-6.48067],[-36.09201,-6.47941],[-36.09645,-6.46849],[-36.09149,-6.46508],[-36.09114,-6.46235],[-36.09634,-6.45962],[-36.09592,-6.45097],[-36.10165,-6.4412],[-36.09948,-6.43438],[-36.0973,-6.43393],[-36.09455,-6.43727],[-36.09112,-6.435],[-36.08356,-6.43921],[-36.07876,-6.44292],[-36.07738,-6.4474],[-36.07121,-6.44593],[-36.06846,-6.44729],[-36.06621,-6.44325],[-36.06093,-6.4412],[-36.06195,-6.43642],[-36.05778,-6.43301],[-36.05571,-6.42616]],[[-35.969,-6.48616],[-35.96958,-6.48983],[-35.98057,-6.49567],[-35.99636,-6.49223],[-36.0049,-6.48691],[-36.00666,-6.48182],[-36.00872,-6.48542],[-36.01346,-6.48691],[-36.01363,-6.49715],[-36.01696,-6.4995],[-36.02291,-6.49032],[-36.02365,-6.48555],[-36.03147,-6.48896],[-36.02819,-6.49237],[-36.02828,-6.49783],[-36.03069,-6.49989],[-36.03893,-6.49733],[-36.04312,-6.50192],[-36.04295,-6.51284],[-36.05556,-6.50943],[-36.04992,-6.51947],[-36.06297,-6.5207],[-36.07158,-6.52648],[-36.06734,-6.52921],[-36.07258,-6.54296],[-36.06821,-6.5449],[-36.06927,-6.53944],[-36.06317,-6.53262],[-36.06401,-6.52853],[-36.06159,-6.52657],[-36.05747,-6.53042],[-36.05338,-6.52921],[-36.05347,-6.52648],[-36.05061,-6.52491],[-36.04099,-6.52954],[-36.03741,-6.51761],[-36.0322,-6.51284],[-36.02863,-6.512],[-36.02845,-6.50533],[-36.02589,-6.50301],[-36.01833,-6.51122],[-36.01627,-6.50756],[-36.01386,-6.50806],[-36.0052,-6.51898],[-36.00504,-6.52171],[-35.99859,-6.52444],[-35.99911,-6.52665],[-36.00391,-6.52521],[-36.00676,-6.52921],[-36.00037,-6.5333],[-36.00052,-6.53876],[-35.99705,-6.54515],[-35.9935,-6.54217],[-35.99545,-6.5374],[-35.99361,-6.53485],[-35.98537,-6.5438],[-35.98308,-6.54285],[-35.98125,-6.53794],[-35.97919,-6.54373],[-35.97645,-6.54167],[-35.97164,-6.5415],[-35.96546,-6.54683],[-35.96338,-6.54149],[-35.96856,-6.5374],[-35.96605,-6.5333],[-35.97164,-6.53009],[-35.97542,-6.51898],[-35.97027,-6.5124],[-35.95808,-6.51488],[-35.95867,-6.51147],[-35.95634,-6.50738],[-35.96118,-6.49988],[-35.96641,-6.49578],[-35.96456,-6.48964],[-35.9605,-6.48752]],[[-35.93883,-6.49268],[-35.93339,-6.49646],[-35.92102,-6.51079],[-35.91182,-6.52444],[-35.9129,-6.52921],[-35.90979,-6.53808],[-35.9139,-6.55172],[-35.92188,-6.56468],[-35.91671,-6.56459],[-35.91671,-6.56889],[-35.90984,-6.56698],[-35.90572,-6.55659],[-35.89748,-6.5584],[-35.89405,-6.55259],[-35.8902,-6.55036],[-35.89065,-6.54354],[-35.88542,-6.54285],[-35.88953,-6.53808],[-35.8891,-6.52921],[-35.88238,-6.52553],[-35.87027,-6.53058],[-35.87634,-6.52034],[-35.88459,-6.51352],[-35.88621,-6.50806],[-35.88444,-6.50588],[-35.87757,-6.50579],[-35.87345,-6.51047],[-35.86664,-6.50806],[-35.86821,-6.49988],[-35.87636,-6.49715],[-35.87275,-6.49169],[-35.87284,-6.48875]],[[-35.84514,-6.48709],[-35.84567,-6.49237],[-35.84967,-6.49578],[-35.84169,-6.50738],[-35.83912,-6.50807],[-35.839,-6.50533],[-35.84427,-6.49715],[-35.84187,-6.49226],[-35.83762,-6.49237],[-35.83652,-6.48964],[-35.83872,-6.48671]],[[-35.80438,-6.48466],[-35.80326,-6.49101],[-35.80657,-6.49578],[-35.80204,-6.4977],[-35.79723,-6.49291],[-35.7938,-6.49369],[-35.79175,-6.49851],[-35.79372,-6.50329],[-35.78556,-6.50918],[-35.78213,-6.50908],[-35.77828,-6.50329],[-35.77161,-6.50397],[-35.77177,-6.51011],[-35.77939,-6.5142],[-35.78007,-6.51736],[-35.76908,-6.51378],[-35.76427,-6.50756],[-35.75191,-6.50803],[-35.74751,-6.50397],[-35.74024,-6.49095],[-35.73132,-6.48855],[-35.7272,-6.49076],[-35.7182,-6.48555],[-35.71664,-6.48896],[-35.72209,-6.49578],[-35.7114,-6.49596],[-35.70953,-6.50397],[-35.717,-6.50806],[-35.7114,-6.51304],[-35.70591,-6.51239],[-35.69767,-6.51543],[-35.68943,-6.51467],[-35.68693,-6.51625],[-35.68993,-6.52307],[-35.70258,-6.52853],[-35.7063,-6.53535],[-35.71585,-6.53944],[-35.71354,-6.54285],[-35.71621,-6.54504],[-35.71528,-6.54899],[-35.70934,-6.55297],[-35.7011,-6.55249],[-35.68394,-6.54459],[-35.68312,-6.55036],[-35.69986,-6.55786],[-35.69999,-6.56332],[-35.71086,-6.57219],[-35.71415,-6.57932],[-35.72323,-6.58447],[-35.72561,-6.59197],[-35.72857,-6.59231],[-35.73063,-6.58914],[-35.732,-6.58988],[-35.73313,-6.59333],[-35.72977,-6.59606],[-35.732,-6.60512],[-35.74368,-6.60692],[-35.75329,-6.60184],[-35.75871,-6.60288],[-35.75809,-6.605],[-35.76245,-6.60766],[-35.76134,-6.61175],[-35.7631,-6.61652],[-35.76084,-6.61779],[-35.75878,-6.61199],[-35.75498,-6.61175],[-35.75198,-6.61721],[-35.7526,-6.62176],[-35.7478,-6.62182],[-35.74457,-6.62675],[-35.74848,-6.62972],[-35.75535,-6.63091],[-35.76153,-6.62275],[-35.76359,-6.62334],[-35.76496,-6.63071],[-35.77008,-6.63221],[-35.77045,-6.6343],[-35.76646,-6.6363],[-35.76544,-6.63903],[-35.77112,-6.64585],[-35.76839,-6.6483],[-35.76221,-6.64375],[-35.76038,-6.64585],[-35.76721,-6.65199],[-35.77083,-6.65745],[-35.77183,-6.66292],[-35.77485,-6.6629],[-35.77457,-6.65902],[-35.78118,-6.65881],[-35.78688,-6.66904],[-35.78664,-6.67518],[-35.78968,-6.67861],[-35.79174,-6.6784],[-35.79655,-6.66789],[-35.8041,-6.67206],[-35.80764,-6.66836],[-35.8125,-6.66699],[-35.81597,-6.66017],[-35.81371,-6.65453],[-35.81994,-6.65404],[-35.8247,-6.66237],[-35.82905,-6.65949],[-35.83075,-6.64994],[-35.82648,-6.64312],[-35.83088,-6.6349],[-35.83278,-6.63835],[-35.83176,-6.65199],[-35.835,-6.6642],[-35.83864,-6.66358],[-35.84057,-6.65199],[-35.84461,-6.64554],[-35.84736,-6.6459],[-35.84857,-6.64722],[-35.84656,-6.65608],[-35.84873,-6.65958],[-35.8556,-6.66013],[-35.85903,-6.67602],[-35.86521,-6.67351],[-35.87002,-6.67487],[-35.87551,-6.67012],[-35.8769,-6.6745],[-35.87142,-6.68132],[-35.87155,-6.68609],[-35.87414,-6.68914],[-35.88306,-6.68828],[-35.88493,-6.68404],[-35.88818,-6.68404],[-35.88813,-6.67927],[-35.88993,-6.67774],[-35.89817,-6.68985],[-35.90504,-6.68369],[-35.91122,-6.68743],[-35.9174,-6.68783],[-35.91458,-6.69427],[-35.91602,-6.69867],[-35.92739,-6.69564],[-35.9325,-6.68852],[-35.93334,-6.69359],[-35.93626,-6.697],[-35.93585,-6.70246],[-35.92804,-6.70791],[-35.92907,-6.71193],[-35.9364,-6.70655],[-35.93901,-6.70041],[-35.94761,-6.69359],[-35.95064,-6.68677],[-35.95319,-6.68745],[-35.9531,-6.69219],[-35.95791,-6.68994],[-35.96066,-6.69427],[-35.96889,-6.69636],[-35.96958,-6.70064],[-35.95654,-6.70058],[-35.95113,-6.70519],[-35.95448,-6.70822],[-35.95957,-6.70928],[-35.9573,-6.71269],[-35.95722,-6.71885],[-35.96752,-6.71864],[-35.97257,-6.72292],[-35.96695,-6.72769],[-35.96889,-6.73378],[-35.95722,-6.72909],[-35.95466,-6.72973],[-35.95348,-6.73314],[-35.96118,-6.73996],[-35.95551,-6.74133],[-35.95512,-6.74951],[-35.96066,-6.75344],[-35.96752,-6.75323],[-35.97095,-6.75771],[-35.95585,-6.75696],[-35.95103,-6.75292],[-35.94967,-6.74733],[-35.9442,-6.74474],[-35.94477,-6.74133],[-35.938,-6.73937],[-35.93088,-6.74065],[-35.93516,-6.7461],[-35.93647,-6.75224],[-35.94212,-6.75688],[-35.94555,-6.75722],[-35.9532,-6.7686],[-35.96652,-6.77747],[-35.9634,-6.78169],[-35.96203,-6.77761],[-35.95036,-6.77338],[-35.94624,-6.76975],[-35.94143,-6.77191],[-35.94212,-6.77629],[-35.95774,-6.77951],[-35.95831,-6.78156],[-35.95399,-6.78769],[-35.9586,-6.79592],[-35.94967,-6.79201],[-35.94898,-6.78322],[-35.94349,-6.78685],[-35.93731,-6.7821],[-35.93388,-6.78218],[-35.93595,-6.76315],[-35.93319,-6.76047],[-35.92632,-6.75926],[-35.9242,-6.7611],[-35.92426,-6.76481],[-35.92003,-6.76383],[-35.91808,-6.75399],[-35.9119,-6.75549],[-35.90778,-6.74446],[-35.90133,-6.74883],[-35.9081,-6.76042],[-35.90641,-6.76392],[-35.90141,-6.76587],[-35.90114,-6.77201],[-35.9108,-6.78088],[-35.91099,-6.78428],[-35.90563,-6.7911],[-35.91947,-6.79588],[-35.92046,-6.80474],[-35.92655,-6.81838],[-35.93525,-6.82527],[-35.92907,-6.82603],[-35.92632,-6.82004],[-35.92225,-6.81769],[-35.91741,-6.80474],[-35.91767,-6.79997],[-35.91534,-6.79694],[-35.9071,-6.79604],[-35.89611,-6.79848],[-35.89365,-6.79512]],[[-35.8934,-6.79457],[-35.89166,-6.79247],[-35.89439,-6.78769],[-35.89137,-6.7836],[-35.89611,-6.78397],[-35.89947,-6.78019],[-35.89702,-6.7611],[-35.89836,-6.75837],[-35.89397,-6.75292],[-35.88958,-6.75156],[-35.89541,-6.74678],[-35.89687,-6.73655],[-35.90484,-6.73519],[-35.91044,-6.72564],[-35.90023,-6.72193],[-35.8968,-6.707],[-35.88856,-6.69457],[-35.87037,-6.69291],[-35.86933,-6.69896],[-35.85923,-6.70041],[-35.85876,-6.70928],[-35.85354,-6.70957],[-35.85148,-6.71911],[-35.84324,-6.72302],[-35.83531,-6.71678],[-35.83617,-6.712],[-35.84095,-6.70519],[-35.83474,-6.69427],[-35.83493,-6.69018],[-35.83088,-6.68908],[-35.82401,-6.69606],[-35.82058,-6.69274],[-35.81234,-6.69197],[-35.80906,-6.69768],[-35.8121,-6.70178],[-35.81234,-6.70585],[-35.80777,-6.70723],[-35.80647,-6.70996],[-35.81592,-6.71951],[-35.81602,-6.72633],[-35.80891,-6.72918],[-35.80468,-6.72223],[-35.80067,-6.72188],[-35.79861,-6.71792],[-35.79422,-6.71951],[-35.79247,-6.72837],[-35.79453,-6.73587],[-35.79154,-6.74269],[-35.79959,-6.7536],[-35.79792,-6.75447],[-35.79174,-6.75057],[-35.78556,-6.75361],[-35.78592,-6.75837],[-35.78042,-6.76042],[-35.78007,-6.76736],[-35.77324,-6.75974],[-35.77709,-6.75701],[-35.77628,-6.75224],[-35.78419,-6.74975],[-35.78555,-6.74678],[-35.77251,-6.73958],[-35.76908,-6.73284],[-35.75892,-6.72837],[-35.76015,-6.71935],[-35.75397,-6.71781],[-35.74642,-6.71101],[-35.74268,-6.71405],[-35.74162,-6.71848],[-35.7388,-6.71951],[-35.73983,-6.7236],[-35.74853,-6.73178],[-35.74989,-6.73724],[-35.74848,-6.73896],[-35.74642,-6.73569],[-35.73956,-6.73484],[-35.73475,-6.72652],[-35.72857,-6.72896],[-35.72788,-6.72253],[-35.7173,-6.72155],[-35.72461,-6.712],[-35.72136,-6.7045],[-35.71856,-6.70246],[-35.72124,-6.69768],[-35.71919,-6.69018],[-35.7135,-6.68541],[-35.70248,-6.68287],[-35.70054,-6.68677],[-35.70328,-6.69291],[-35.71225,-6.70041],[-35.71795,-6.71132],[-35.70934,-6.72218],[-35.70591,-6.7234],[-35.70297,-6.72155],[-35.70562,-6.7311],[-35.70316,-6.73267],[-35.69698,-6.7272],[-35.69355,-6.72775],[-35.69149,-6.73095],[-35.68876,-6.72769],[-35.69019,-6.72428],[-35.68394,-6.72023],[-35.68325,-6.71536],[-35.67295,-6.71635],[-35.66952,-6.71187],[-35.65372,-6.70111],[-35.6536,-6.69496],[-35.65853,-6.69232],[-35.66746,-6.68068],[-35.67158,-6.68144],[-35.67313,-6.67927],[-35.66754,-6.67245],[-35.67078,-6.66563],[-35.67031,-6.6629],[-35.6654,-6.6572],[-35.66078,-6.65608],[-35.66043,-6.65199],[-35.65716,-6.64953],[-35.65112,-6.65199],[-35.64892,-6.65977],[-35.64205,-6.65599],[-35.63862,-6.6574],[-35.63479,-6.6629],[-35.63644,-6.66699],[-35.63617,-6.67586],[-35.63381,-6.68009],[-35.62217,-6.67245],[-35.62185,-6.66972],[-35.61939,-6.66821],[-35.61976,-6.67245],[-35.61626,-6.67586],[-35.61801,-6.68063],[-35.61459,-6.68165],[-35.60841,-6.67494],[-35.60343,-6.67245],[-35.6036,-6.67067],[-35.60801,-6.66836],[-35.60703,-6.66361],[-35.59879,-6.6611],[-35.59774,-6.66836],[-35.59124,-6.67152],[-35.58989,-6.6745],[-35.59399,-6.67758],[-35.60223,-6.67659],[-35.60512,-6.67927],[-35.60246,-6.68814],[-35.61475,-6.70041],[-35.61195,-6.7045],[-35.61295,-6.70996],[-35.60635,-6.71214],[-35.59948,-6.71028],[-35.58575,-6.71064],[-35.57957,-6.7197],[-35.56995,-6.71728],[-35.57291,-6.72905],[-35.56877,-6.73996],[-35.56433,-6.7461],[-35.56789,-6.74673],[-35.57375,-6.74337],[-35.57531,-6.74951],[-35.5727,-6.75941],[-35.58643,-6.75774],[-35.58709,-6.76042],[-35.58415,-6.76656],[-35.5905,-6.77065],[-35.59014,-6.77542],[-35.59536,-6.77831],[-35.60235,-6.77883],[-35.60212,-6.78224],[-35.59579,-6.78838],[-35.60154,-6.79366],[-35.60566,-6.79004],[-35.6114,-6.79315],[-35.60634,-6.79724],[-35.60746,-6.80201],[-35.61175,-6.80338],[-35.61025,-6.80542],[-35.61081,-6.81088],[-35.61459,-6.81343],[-35.6136,-6.82178],[-35.6156,-6.82656],[-35.62763,-6.82963],[-35.63244,-6.82723],[-35.63862,-6.83488],[-35.6448,-6.83457],[-35.6483,-6.83678],[-35.65166,-6.84246],[-35.66128,-6.84385],[-35.66124,-6.84633],[-35.65739,-6.84701],[-35.65838,-6.84974],[-35.65523,-6.85246],[-35.65647,-6.85669],[-35.65304,-6.85612],[-35.6496,-6.8591],[-35.64411,-6.85919],[-35.64068,-6.85669],[-35.63725,-6.8582],[-35.63381,-6.85704],[-35.63931,-6.86559],[-35.64548,-6.8678],[-35.65372,-6.87655],[-35.66468,-6.87223],[-35.66334,-6.86581],[-35.66054,-6.86405],[-35.66334,-6.85957],[-35.67089,-6.86037],[-35.67295,-6.8681],[-35.67638,-6.86649],[-35.68188,-6.86941],[-35.69149,-6.86852],[-35.69698,-6.86993],[-35.70454,-6.86714],[-35.707,-6.86814],[-35.70089,-6.87155],[-35.69032,-6.87292],[-35.69902,-6.8811],[-35.70591,-6.8817],[-35.7101,-6.8845],[-35.70385,-6.88801],[-35.70042,-6.88619],[-35.69767,-6.88761],[-35.69355,-6.88437],[-35.68874,-6.88434],[-35.68693,-6.8811],[-35.67913,-6.87736],[-35.66883,-6.87519],[-35.66696,-6.87769],[-35.66899,-6.87973],[-35.66998,-6.88859],[-35.66677,-6.89],[-35.66608,-6.89471],[-35.65716,-6.89381],[-35.65441,-6.89547],[-35.65013,-6.89337],[-35.64823,-6.88934],[-35.64274,-6.88819],[-35.63725,-6.89297],[-35.62695,-6.89199],[-35.62283,-6.89853],[-35.61589,-6.90086],[-35.62283,-6.90388],[-35.62695,-6.90012],[-35.63313,-6.90027],[-35.6344,-6.90155],[-35.62969,-6.90313],[-35.62856,-6.907],[-35.63587,-6.90924],[-35.63999,-6.90758],[-35.64617,-6.90971],[-35.65166,-6.90452],[-35.65716,-6.90508],[-35.6599,-6.90314],[-35.66471,-6.90687],[-35.66402,-6.90814],[-35.66059,-6.90671],[-35.65647,-6.90972],[-35.65304,-6.90846],[-35.65115,-6.91073]],[[-35.65071,-6.91126],[-35.64823,-6.91426],[-35.64274,-6.91307],[-35.64068,-6.91662],[-35.63632,-6.91859],[-35.64068,-6.92254],[-35.64945,-6.92404],[-35.651,-6.93222],[-35.6496,-6.9333],[-35.64428,-6.93086],[-35.64205,-6.92748],[-35.6353,-6.93018],[-35.6345,-6.92477],[-35.62626,-6.92752],[-35.61115,-6.92777],[-35.59948,-6.91762],[-35.59044,-6.91927],[-35.59193,-6.9224],[-35.59742,-6.92257],[-35.60075,-6.92472],[-35.59962,-6.92813],[-35.60327,-6.93154],[-35.6035,-6.93563],[-35.60909,-6.93586],[-35.60772,-6.93843],[-35.60291,-6.94011],[-35.60333,-6.94176],[-35.60841,-6.94466],[-35.61047,-6.94248],[-35.61459,-6.94241],[-35.61839,-6.94653],[-35.61665,-6.94807],[-35.61115,-6.94784],[-35.60916,-6.94994],[-35.61733,-6.9533],[-35.61665,-6.95726],[-35.61321,-6.95418],[-35.60841,-6.9554],[-35.60291,-6.94944],[-35.59184,-6.95199],[-35.59139,-6.95471],[-35.59719,-6.95812],[-35.6019,-6.96426],[-35.59724,-6.96562],[-35.59912,-6.97175],[-35.60909,-6.97803],[-35.61802,-6.97922],[-35.61939,-6.98198],[-35.62351,-6.98361],[-35.62489,-6.98149],[-35.62105,-6.97789],[-35.62214,-6.97219],[-35.63958,-6.97448],[-35.6364,-6.97925],[-35.63858,-6.9847],[-35.63789,-6.98947],[-35.64342,-6.99323],[-35.64582,-6.99016],[-35.64321,-6.98675],[-35.64409,-6.98334],[-35.65174,-6.97652],[-35.65166,-6.96971],[-35.65372,-6.96918],[-35.65652,-6.9738],[-35.65193,-6.98198],[-35.65336,-6.98607],[-35.65105,-6.98947],[-35.6551,-6.99387],[-35.6599,-6.99459],[-35.65964,-7.00106],[-35.66572,-7.00447],[-35.65784,-7.00568],[-35.65709,-7.00788],[-35.66059,-7.01069],[-35.67501,-7.0143],[-35.68462,-7.01224],[-35.68729,-7.01537],[-35.686,-7.0238],[-35.69299,-7.01333],[-35.69355,-7.00692],[-35.70179,-7.01315],[-35.70065,-6.99833],[-35.70327,-6.99561],[-35.70248,-6.99052],[-35.70591,-6.99109],[-35.70866,-6.99559],[-35.71388,-6.99561],[-35.71101,-6.9997],[-35.71415,-7.00771],[-35.7169,-7.00339],[-35.71896,-7.00613],[-35.72719,-7.00924],[-35.72788,-7.01345],[-35.73818,-7.01529],[-35.74574,-7.01333],[-35.7466,-7.01605],[-35.74093,-7.01628],[-35.73855,-7.02287],[-35.74298,-7.02491],[-35.74404,-7.02764],[-35.74863,-7.029],[-35.7478,-7.03522],[-35.7369,-7.02968],[-35.73475,-7.02649],[-35.732,-7.03256],[-35.72389,-7.03309],[-35.72424,-7.03582],[-35.72744,-7.03786],[-35.72651,-7.04055],[-35.71827,-7.03333],[-35.70316,-7.02758],[-35.699,-7.03105],[-35.70058,-7.03513],[-35.69741,-7.03854],[-35.7025,-7.0474],[-35.70864,-7.04945],[-35.70784,-7.05217],[-35.71072,-7.05559],[-35.71346,-7.05585],[-35.71896,-7.05215],[-35.71997,-7.05422],[-35.7155,-7.06103],[-35.72046,-7.06307],[-35.73319,-7.07875],[-35.74368,-7.08465],[-35.75741,-7.08268],[-35.75672,-7.08494],[-35.74868,-7.08692],[-35.74368,-7.09477],[-35.73544,-7.09317],[-35.73101,-7.09783],[-35.73706,-7.10464],[-35.75346,-7.11282],[-35.76015,-7.12071],[-35.78278,-7.13734],[-35.77801,-7.13724],[-35.77016,-7.13121],[-35.72033,-7.11239],[-35.70934,-7.10579],[-35.71442,-7.11214],[-35.71867,-7.11418],[-35.71278,-7.11554],[-35.70316,-7.11255],[-35.70142,-7.11418],[-35.70385,-7.11794],[-35.70934,-7.11585],[-35.71371,-7.12304],[-35.72093,-7.1244],[-35.72376,-7.12984],[-35.72926,-7.12951],[-35.73132,-7.12697],[-35.73475,-7.12959],[-35.73818,-7.12728],[-35.74024,-7.13079],[-35.74463,-7.13189],[-35.74387,-7.1353],[-35.75238,-7.14007],[-35.75106,-7.14484],[-35.74712,-7.14893],[-35.75346,-7.14961],[-35.75494,-7.1537],[-35.75317,-7.15778],[-35.75776,-7.16119],[-35.75603,-7.16755],[-35.74574,-7.16586],[-35.74024,-7.17046],[-35.73612,-7.16972],[-35.73887,-7.16479],[-35.73818,-7.16288],[-35.73338,-7.16476],[-35.72788,-7.16188],[-35.72376,-7.16448],[-35.71964,-7.15752],[-35.71621,-7.15991],[-35.71072,-7.15945],[-35.70797,-7.15195],[-35.70248,-7.15103],[-35.69698,-7.15479],[-35.68417,-7.14961],[-35.68188,-7.14411],[-35.67638,-7.14198],[-35.66952,-7.14289],[-35.66471,-7.13785],[-35.65613,-7.14211],[-35.6615,-7.14348],[-35.66352,-7.15097],[-35.66736,-7.15233],[-35.66901,-7.15574],[-35.65988,-7.15642],[-35.66901,-7.16255],[-35.6685,-7.16664],[-35.68133,-7.17686],[-35.6805,-7.18025],[-35.68462,-7.1805],[-35.68737,-7.18329],[-35.69149,-7.18093],[-35.69424,-7.18503],[-35.69836,-7.18362],[-35.70042,-7.18529],[-35.70454,-7.18258],[-35.71091,-7.18435],[-35.71208,-7.18572],[-35.70872,-7.18776],[-35.7112,-7.19321],[-35.71889,-7.20002],[-35.72033,-7.19378],[-35.7272,-7.19657],[-35.73132,-7.1961],[-35.73478,-7.2007],[-35.72949,-7.20207],[-35.7267,-7.20752],[-35.72788,-7.21066],[-35.73132,-7.20724],[-35.7375,-7.20592],[-35.74642,-7.2116],[-35.7523,-7.21024],[-35.759,-7.2007],[-35.76839,-7.19608],[-35.76599,-7.20275],[-35.76717,-7.20343],[-35.77526,-7.19768],[-35.77558,-7.19253],[-35.77938,-7.19077],[-35.78075,-7.1938],[-35.78419,-7.19405],[-35.78487,-7.19847],[-35.79929,-7.19173],[-35.80273,-7.1948],[-35.81238,-7.19457],[-35.81371,-7.20242],[-35.82867,-7.19934],[-35.83039,-7.20139],[-35.82607,-7.20166],[-35.81783,-7.20745],[-35.81583,-7.21297],[-35.80891,-7.21326],[-35.79449,-7.22002],[-35.79408,-7.22318],[-35.79655,-7.22499],[-35.80341,-7.22322],[-35.808,-7.22523],[-35.80266,-7.22931],[-35.80891,-7.23212],[-35.81715,-7.22916],[-35.82127,-7.23184],[-35.82607,-7.23198],[-35.82182,-7.23885],[-35.81382,-7.24021],[-35.8144,-7.24356],[-35.82401,-7.24229],[-35.83126,-7.24362],[-35.82676,-7.24512],[-35.8246,-7.24907],[-35.82945,-7.25179],[-35.82882,-7.25533],[-35.83464,-7.2586],[-35.83225,-7.26525],[-35.83844,-7.25792],[-35.85148,-7.25853],[-35.84985,-7.26337],[-35.84369,-7.26746],[-35.84013,-7.27427],[-35.84224,-7.27495],[-35.84599,-7.27207],[-35.84873,-7.27815],[-35.85491,-7.27417],[-35.86078,-7.27904],[-35.85354,-7.29015],[-35.84942,-7.28928],[-35.84599,-7.2917],[-35.83936,-7.28994],[-35.84165,-7.28381],[-35.83981,-7.28166],[-35.83294,-7.28678],[-35.82821,-7.28789],[-35.83101,-7.29607],[-35.8208,-7.30628],[-35.82676,-7.31045],[-35.83566,-7.31037],[-35.8368,-7.31786],[-35.83068,-7.32058],[-35.83157,-7.32629],[-35.83843,-7.32501],[-35.8453,-7.33042],[-35.85217,-7.3282],[-35.85697,-7.33459],[-35.85285,-7.33245],[-35.84942,-7.33448],[-35.82882,-7.33036],[-35.8247,-7.33276],[-35.81989,-7.3293],[-35.81371,-7.32845],[-35.80341,-7.33323],[-35.78487,-7.33225],[-35.7732,-7.34023],[-35.77183,-7.34425],[-35.76116,-7.34851],[-35.76208,-7.35259],[-35.76084,-7.35434],[-35.75809,-7.35398],[-35.75878,-7.3567],[-35.76633,-7.35864],[-35.77812,-7.36894],[-35.7804,-7.37302],[-35.78841,-7.3737],[-35.78968,-7.38171],[-35.78584,-7.3846],[-35.79037,-7.38369],[-35.79257,-7.38936],[-35.80067,-7.38981],[-35.8008,-7.39413],[-35.80341,-7.39558],[-35.80799,-7.39481],[-35.80832,-7.38868],[-35.81097,-7.38495],[-35.81509,-7.3858],[-35.81654,-7.38936],[-35.83019,-7.39421],[-35.83271,-7.38664],[-35.83245,-7.37983],[-35.82854,-7.37438],[-35.83386,-7.3737],[-35.83569,-7.36655],[-35.83993,-7.36894],[-35.84049,-7.37237],[-35.84437,-7.3737],[-35.84273,-7.37643],[-35.84353,-7.38119],[-35.83843,-7.38353],[-35.83823,-7.38664],[-35.84384,-7.39073],[-35.84255,-7.39352],[-35.85174,-7.39754],[-35.84736,-7.40134],[-35.84324,-7.40057],[-35.84187,-7.40224],[-35.84461,-7.40434],[-35.8453,-7.40866],[-35.85354,-7.41151],[-35.86005,-7.40775],[-35.86057,-7.40162],[-35.85709,-7.39822],[-35.86246,-7.39478],[-35.87139,-7.39464],[-35.8762,-7.38694],[-35.87894,-7.39188],[-35.88924,-7.39328],[-35.89133,-7.40503],[-35.89542,-7.40733],[-35.90435,-7.40666],[-35.90362,-7.40094],[-35.90538,-7.39686],[-35.91234,-7.39617],[-35.91446,-7.38868],[-35.91671,-7.38801],[-35.91698,-7.39617],[-35.9127,-7.40162],[-35.91355,-7.40639],[-35.91906,-7.40775],[-35.91723,-7.41456],[-35.92014,-7.414],[-35.9222,-7.41],[-35.9277,-7.40851],[-35.92989,-7.41184],[-35.9296,-7.41524],[-35.93525,-7.4174],[-35.93868,-7.41432],[-35.94226,-7.41864],[-35.93513,-7.42205],[-35.93398,-7.42613],[-35.94418,-7.43124],[-35.95036,-7.42935],[-35.9518,-7.42205],[-35.95654,-7.42026],[-35.95611,-7.42682],[-35.96118,-7.43226],[-35.96478,-7.43369],[-35.96684,-7.43004],[-35.97042,-7.42954],[-35.96722,-7.44179],[-35.96262,-7.44588],[-35.96453,-7.44792],[-35.96409,-7.45149],[-35.97045,-7.45337],[-35.9709,-7.44996],[-35.96618,-7.44724],[-35.96889,-7.44463],[-35.97164,-7.4489],[-35.98537,-7.44751],[-35.98786,-7.45133],[-35.99499,-7.45505],[-36.00323,-7.45261],[-36.00575,-7.44452],[-36.00185,-7.44031],[-35.99328,-7.43703],[-35.99426,-7.43158],[-36.00194,-7.42886],[-36.00449,-7.42069],[-36.01019,-7.41864],[-36.00943,-7.41592],[-36.00529,-7.41294],[-35.99705,-7.41697],[-35.99582,-7.41252],[-35.99114,-7.41115],[-35.99458,-7.40571],[-36.0046,-7.40347],[-36.0078,-7.40026],[-36.00735,-7.39748],[-35.99819,-7.39209],[-35.99979,-7.38786],[-36.00405,-7.39345],[-36.01027,-7.39754],[-36.01069,-7.40162],[-36.00761,-7.40775],[-36.01353,-7.4095],[-36.01338,-7.41388],[-36.01867,-7.42069],[-36.01765,-7.42499],[-36.00735,-7.42527],[-36.00827,-7.43022],[-36.01147,-7.43309],[-36.0218,-7.42205],[-36.02503,-7.42137],[-36.02229,-7.42954],[-36.03075,-7.43158],[-36.02795,-7.43171],[-36.02337,-7.43567],[-36.03486,-7.44248],[-36.03112,-7.44588],[-36.03344,-7.45065],[-36.02762,-7.45337],[-36.02781,-7.45745],[-36.03016,-7.4595],[-36.0252,-7.46099],[-36.01559,-7.46001],[-36.01269,-7.46835],[-36.01559,-7.47421],[-36.01902,-7.47228],[-36.02589,-7.48345],[-36.03419,-7.49013],[-36.04272,-7.49422],[-36.05472,-7.49422],[-36.05335,-7.49856],[-36.0458,-7.49948],[-36.04233,-7.50307],[-36.04786,-7.50863],[-36.05541,-7.50498],[-36.06022,-7.50659],[-36.0639,-7.50443],[-36.0638,-7.50239],[-36.05896,-7.50034],[-36.05911,-7.49762],[-36.06091,-7.49515],[-36.06784,-7.49422],[-36.06091,-7.49387],[-36.05814,-7.49081],[-36.06865,-7.47175],[-36.0647,-7.46767],[-36.06939,-7.4663],[-36.07239,-7.4629],[-36.06365,-7.46249],[-36.05998,-7.4595],[-36.07533,-7.45746],[-36.07876,-7.4553],[-36.08288,-7.45771],[-36.08562,-7.45249],[-36.0918,-7.45694],[-36.09455,-7.44929],[-36.1,-7.45745],[-36.09325,-7.4629],[-36.09661,-7.46794],[-36.10004,-7.46487],[-36.10622,-7.46627],[-36.11584,-7.46127],[-36.11652,-7.46735],[-36.12888,-7.46068],[-36.13882,-7.46903],[-36.1385,-7.47514],[-36.14536,-7.47387],[-36.14632,-7.47175],[-36.14549,-7.46562],[-36.14161,-7.46222],[-36.14399,-7.45959],[-36.14742,-7.46312],[-36.15772,-7.46631],[-36.1591,-7.46137],[-36.16322,-7.46362],[-36.16665,-7.46074],[-36.16871,-7.46457],[-36.17214,-7.4663],[-36.17044,-7.47243],[-36.17558,-7.47371],[-36.17777,-7.47175],[-36.17448,-7.4663],[-36.17562,-7.46358],[-36.18038,-7.4591],[-36.18547,-7.4595],[-36.18077,-7.4663],[-36.18725,-7.47808],[-36.1949,-7.48401],[-36.19598,-7.48128],[-36.19343,-7.47428],[-36.20204,-7.48333],[-36.20967,-7.48537],[-36.2051,-7.48842],[-36.20441,-7.49253],[-36.20115,-7.49422],[-36.20216,-7.49558],[-36.20647,-7.49668],[-36.20991,-7.49472],[-36.22639,-7.50276],[-36.23386,-7.50307],[-36.2402,-7.50851],[-36.2348,-7.51464],[-36.23825,-7.51804],[-36.23237,-7.52281],[-36.23227,-7.52485],[-36.23463,-7.52616],[-36.24274,-7.52145],[-36.24036,-7.51668],[-36.24424,-7.51448],[-36.24699,-7.51848],[-36.25042,-7.51642],[-36.26621,-7.51742],[-36.26806,-7.51668],[-36.26468,-7.51056],[-36.26553,-7.50867],[-36.27102,-7.51164],[-36.27585,-7.50988],[-36.27514,-7.49956],[-36.26347,-7.49434],[-36.25931,-7.49013],[-36.26209,-7.48867],[-36.27514,-7.49169],[-36.27594,-7.48469],[-36.26232,-7.47311],[-36.27102,-7.46822],[-36.27022,-7.47311],[-36.27377,-7.47671],[-36.27609,-7.47652],[-36.27789,-7.47225],[-36.28338,-7.474],[-36.28407,-7.46724],[-36.28885,-7.46903],[-36.29001,-7.46562],[-36.29398,-7.4629],[-36.3026,-7.46108],[-36.30389,-7.45813],[-36.30062,-7.45405],[-36.30535,-7.45325],[-36.30741,-7.44935],[-36.31222,-7.44739],[-36.31431,-7.45065],[-36.31249,-7.45473],[-36.3058,-7.46018],[-36.30672,-7.46456],[-36.3026,-7.46503],[-36.30054,-7.46932],[-36.29732,-7.46971],[-36.29693,-7.47652],[-36.29205,-7.48128],[-36.29368,-7.48357],[-36.30355,-7.48537],[-36.30229,-7.49149],[-36.2978,-7.48891],[-36.29574,-7.49309],[-36.28269,-7.49282],[-36.28023,-7.4949],[-36.2809,-7.49966],[-36.27916,-7.50307],[-36.28184,-7.50647],[-36.28632,-7.50783],[-36.28736,-7.51124],[-36.28484,-7.51328],[-36.28613,-7.51516],[-36.29025,-7.51291],[-36.29418,-7.516],[-36.28188,-7.52145],[-36.29505,-7.52873],[-36.3081,-7.53893],[-36.31012,-7.54459],[-36.3075,-7.54732],[-36.31449,-7.55753],[-36.29917,-7.5518],[-36.29326,-7.54527],[-36.28613,-7.54541],[-36.28764,-7.54051],[-36.28132,-7.52993],[-36.27796,-7.5303],[-36.2772,-7.53473],[-36.27239,-7.53356],[-36.26209,-7.54037],[-36.27102,-7.53995],[-36.27377,-7.54171],[-36.27428,-7.54459],[-36.27039,-7.548],[-36.27377,-7.5537],[-36.27926,-7.55037],[-36.28544,-7.5495],[-36.29093,-7.55802],[-36.29713,-7.55889],[-36.29872,-7.56229],[-36.29387,-7.56774],[-36.29848,-7.57395],[-36.30535,-7.57056],[-36.31359,-7.57348],[-36.31359,-7.57571],[-36.30898,-7.57999],[-36.31149,-7.58611],[-36.30899,-7.59156],[-36.31702,-7.59864],[-36.32183,-7.59745],[-36.32526,-7.59872],[-36.3335,-7.59429],[-36.33762,-7.59543],[-36.34106,-7.59272],[-36.34792,-7.59672],[-36.35273,-7.59537],[-36.35616,-7.59804],[-36.36372,-7.59839],[-36.36543,-7.60313],[-36.36908,-7.60585],[-36.36838,-7.60857],[-36.37158,-7.6147],[-36.38112,-7.62355],[-36.38364,-7.63103],[-36.38775,-7.63211],[-36.39256,-7.63061],[-36.39462,-7.62628],[-36.40972,-7.63],[-36.41796,-7.62871],[-36.43273,-7.63716],[-36.43384,-7.64532],[-36.42362,-7.63512],[-36.41247,-7.63598],[-36.40766,-7.63342],[-36.40079,-7.63489],[-36.39805,-7.64298],[-36.3905,-7.64023],[-36.38569,-7.64211],[-36.38226,-7.63789],[-36.37642,-7.63716],[-36.3699,-7.6297],[-36.36855,-7.63171],[-36.37203,-7.63988],[-36.36646,-7.64514],[-36.36743,-7.64056],[-36.36378,-7.63444],[-36.35851,-7.63239],[-36.36127,-7.62831],[-36.35745,-7.62082],[-36.36466,-7.61334],[-36.3596,-7.60661],[-36.35616,-7.60819],[-36.35204,-7.60436],[-36.35027,-7.60517],[-36.34998,-7.60939],[-36.34655,-7.60681],[-36.34213,-7.60789],[-36.33968,-7.61554],[-36.33668,-7.61062],[-36.33213,-7.61123],[-36.32717,-7.62014],[-36.33161,-7.62491],[-36.33007,-7.62846],[-36.32183,-7.62497],[-36.31907,-7.62082],[-36.31326,-7.62355],[-36.31222,-7.61359],[-36.30741,-7.61325],[-36.30329,-7.60783],[-36.29642,-7.6088],[-36.298,-7.61334],[-36.29642,-7.61551],[-36.29093,-7.61012],[-36.28504,-7.60857],[-36.28504,-7.60381],[-36.2878,-7.60109],[-36.28326,-7.59973],[-36.28356,-7.59428],[-36.2772,-7.59647],[-36.27651,-7.60217],[-36.27073,-7.59905],[-36.27239,-7.58785],[-36.27789,-7.58334],[-36.28396,-7.58271],[-36.27951,-7.57931],[-36.28063,-7.57405],[-36.27651,-7.57145],[-36.27033,-7.57746],[-36.26206,-7.57931],[-36.26586,-7.57182],[-36.26484,-7.56882],[-36.25935,-7.56745],[-36.26277,-7.56433],[-36.26209,-7.56192],[-36.25797,-7.56287],[-36.25179,-7.55503],[-36.2463,-7.56006],[-36.24275,-7.55684],[-36.24218,-7.55138],[-36.23514,-7.55821],[-36.23714,-7.56297],[-36.23457,-7.57114],[-36.22282,-7.57046],[-36.22314,-7.57454],[-36.22724,-7.57726],[-36.22776,-7.58002],[-36.21883,-7.57739],[-36.21453,-7.58475],[-36.21513,-7.58135],[-36.21149,-7.57795],[-36.21216,-7.57454],[-36.21822,-7.57046],[-36.2138,-7.56433],[-36.21969,-7.55753],[-36.21917,-7.55344],[-36.21597,-7.55004],[-36.21814,-7.54527],[-36.21638,-7.54051],[-36.22107,-7.53302],[-36.22665,-7.53166],[-36.2263,-7.52962],[-36.22244,-7.52894],[-36.20716,-7.53365],[-36.20098,-7.52747],[-36.19728,-7.52621],[-36.19686,-7.51913],[-36.1901,-7.51804],[-36.18715,-7.52213],[-36.18793,-7.52515],[-36.18038,-7.5189],[-36.17146,-7.51547],[-36.17294,-7.52485],[-36.17126,-7.52621],[-36.17764,-7.54105],[-36.16528,-7.52842],[-36.1591,-7.52527],[-36.15223,-7.51583],[-36.14536,-7.51342],[-36.12751,-7.49757],[-36.12469,-7.50103],[-36.12902,-7.50307],[-36.1252,-7.50579],[-36.12476,-7.50922],[-36.12064,-7.51048],[-36.11637,-7.50715],[-36.11594,-7.50375],[-36.11345,-7.50443],[-36.11433,-7.51396],[-36.11172,-7.51881],[-36.10145,-7.50715],[-36.10142,-7.50267],[-36.09806,-7.50307],[-36.09661,-7.50597],[-36.08974,-7.50811],[-36.08636,-7.51124],[-36.08683,-7.51328],[-36.09249,-7.51537],[-36.1021,-7.51439],[-36.10445,-7.52009],[-36.09292,-7.52417],[-36.10276,-7.52894],[-36.10019,-7.5337],[-36.09318,-7.53323],[-36.09021,-7.53506],[-36.10354,-7.54323],[-36.09714,-7.54595],[-36.0973,-7.55108],[-36.09456,-7.55004],[-36.09443,-7.54323],[-36.09043,-7.54203],[-36.08894,-7.54391],[-36.0918,-7.54921],[-36.08082,-7.5545],[-36.08292,-7.55072],[-36.0821,-7.54595],[-36.07495,-7.54323],[-36.07681,-7.53779],[-36.05953,-7.53606],[-36.05172,-7.53779],[-36.0535,-7.54255],[-36.05198,-7.54508],[-36.03825,-7.54024],[-36.02589,-7.54338],[-36.01902,-7.54225],[-36.01147,-7.54568],[-36.00789,-7.54051],[-36.00323,-7.54962],[-35.99991,-7.5514],[-36.00185,-7.55323],[-36.02383,-7.55015],[-36.02618,-7.5514],[-36.02384,-7.55616],[-36.03069,-7.55567],[-36.03275,-7.55913],[-36.04031,-7.5575],[-36.04099,-7.56095],[-36.01937,-7.57114],[-36.01847,-7.57386],[-36.02589,-7.57986],[-36.05198,-7.57589],[-36.05747,-7.57829],[-36.08768,-7.57444],[-36.0927,-7.57522],[-36.09098,-7.58135],[-36.09369,-7.58271],[-36.09112,-7.5873],[-36.07258,-7.58764],[-36.06709,-7.58326],[-36.05679,-7.58126],[-36.04802,-7.58475],[-36.05953,-7.58743],[-36.07258,-7.59374],[-36.11996,-7.60064],[-36.12151,-7.60177],[-36.12037,-7.60653],[-36.13404,-7.6113],[-36.13186,-7.61606],[-36.133,-7.62021],[-36.12957,-7.61943],[-36.12751,-7.61474],[-36.11927,-7.619],[-36.11446,-7.61791],[-36.10622,-7.61128],[-36.10378,-7.61198],[-36.10691,-7.61456],[-36.10925,-7.62082],[-36.11446,-7.61825],[-36.11515,-7.62425],[-36.12156,-7.62559],[-36.12311,-7.63239],[-36.11998,-7.63512],[-36.12408,-7.63364],[-36.13447,-7.63852],[-36.1343,-7.64124],[-36.12751,-7.6478],[-36.12545,-7.6409],[-36.11446,-7.64202],[-36.10897,-7.63764],[-36.10279,-7.63759],[-36.10004,-7.63165],[-36.0918,-7.63284],[-36.08756,-7.63103],[-36.08984,-7.62627],[-36.08631,-7.62355],[-36.08768,-7.61898],[-36.08145,-7.6215],[-36.08287,-7.63103],[-36.07738,-7.63446],[-36.07533,-7.62867],[-36.06958,-7.62491],[-36.07389,-7.6215],[-36.07327,-7.62012],[-36.06923,-7.62014],[-36.06777,-7.62419],[-36.06571,-7.6247],[-36.06022,-7.61897],[-36.04952,-7.6181],[-36.0485,-7.61674],[-36.05089,-7.61402],[-36.04717,-7.61196],[-36.04511,-7.61214],[-36.04443,-7.61578],[-36.03687,-7.6141],[-36.03133,-7.61538],[-36.03258,-7.61742],[-36.02971,-7.63103],[-36.04971,-7.63376],[-36.04989,-7.63784],[-36.05679,-7.64043],[-36.06432,-7.64805],[-36.07181,-7.65213],[-36.07659,-7.65962],[-36.05198,-7.65758],[-36.04511,-7.65457],[-36.04734,-7.66438],[-36.05289,-7.66778],[-36.04704,-7.67118],[-36.04649,-7.67416],[-36.04168,-7.67487],[-36.03825,-7.67193],[-36.03805,-7.66778],[-36.03126,-7.66438],[-36.0331,-7.66166],[-36.03207,-7.65969],[-36.02589,-7.65833],[-36.02472,-7.66234],[-36.02177,-7.66275],[-36.01935,-7.66098],[-36.01696,-7.65365],[-36.00597,-7.64871],[-36.01367,-7.65621],[-36.01215,-7.65889],[-36.00597,-7.65773],[-36.00353,-7.65962],[-36.00691,-7.66234],[-36.00803,-7.66846],[-36.01439,-7.67459],[-36.01426,-7.67935],[-36.01003,-7.68071],[-36.01101,-7.68343],[-36.01421,-7.68508],[-36.01696,-7.68125],[-36.02039,-7.68136],[-36.02159,-7.68479],[-36.01696,-7.6855],[-36.01538,-7.68888],[-36.01902,-7.69405],[-36.02383,-7.69454],[-36.02449,-7.68752],[-36.02589,-7.68718],[-36.03097,-7.69092],[-36.03481,-7.6971],[-36.03856,-7.6984],[-36.03756,-7.70601],[-36.02932,-7.69561],[-36.0252,-7.69494],[-36.0241,-7.69772],[-36.02602,-7.70249],[-36.02451,-7.70399],[-36.01696,-7.69738],[-36.01078,-7.69526],[-36.00666,-7.69053],[-36.00572,-7.69704],[-35.99224,-7.70036],[-35.99008,-7.70249],[-35.9945,-7.71065],[-35.99018,-7.71261],[-35.98978,-7.71473],[-35.99805,-7.72086],[-35.99174,-7.72426],[-35.99023,-7.72834],[-35.99773,-7.72738],[-36.00062,-7.7297],[-36.00025,-7.73515],[-35.99773,-7.73651],[-35.99752,-7.73991],[-36.00047,-7.74331],[-36.00529,-7.74423],[-36.00852,-7.75284],[-36.0149,-7.74892],[-36.02109,-7.74875],[-36.01238,-7.75624],[-36.02177,-7.77358],[-36.01559,-7.76808],[-36.01009,-7.77019],[-36.00735,-7.76457],[-36.00597,-7.77357],[-36.00185,-7.77461],[-35.99979,-7.76894],[-35.99842,-7.77228],[-35.99492,-7.77189],[-35.99122,-7.76712],[-35.99419,-7.75964],[-35.98868,-7.75556],[-35.99228,-7.75284],[-35.99018,-7.74838],[-35.98345,-7.74875],[-35.97782,-7.75605],[-35.97746,-7.73923],[-35.97384,-7.73583],[-35.97159,-7.72834],[-35.9739,-7.7263],[-35.97392,-7.72086],[-35.97797,-7.71814],[-35.97576,-7.71319],[-35.96821,-7.70939],[-35.9586,-7.70965],[-35.95585,-7.70324],[-35.949,-7.70249],[-35.95461,-7.70997],[-35.9571,-7.71746],[-35.95482,-7.7195],[-35.95379,-7.72713],[-35.94624,-7.73003],[-35.94758,-7.72562],[-35.94418,-7.714],[-35.94143,-7.71415],[-35.93662,-7.70979],[-35.93319,-7.71164],[-35.92907,-7.70968],[-35.92781,-7.70589],[-35.92083,-7.70202],[-35.9177,-7.70861],[-35.91473,-7.70861],[-35.91141,-7.70317],[-35.9125,-7.695],[-35.90899,-7.69432],[-35.90572,-7.7004],[-35.9007,-7.6984],[-35.9025,-7.6916],[-35.89706,-7.6882],[-35.89405,-7.68203],[-35.88993,-7.68388],[-35.88512,-7.6787],[-35.87963,-7.6792],[-35.88,-7.67663],[-35.88695,-7.67323],[-35.88517,-7.67186],[-35.87652,-7.67186],[-35.87345,-7.67731],[-35.87406,-7.68615],[-35.87047,-7.68956],[-35.87117,-7.69296],[-35.86452,-7.69656],[-35.86109,-7.692],[-35.85697,-7.69284],[-35.85697,-7.70102],[-35.84942,-7.69535],[-35.84393,-7.70133],[-35.83431,-7.69616],[-35.83494,-7.70997],[-35.83775,-7.71381],[-35.84454,-7.71678],[-35.84072,-7.71882],[-35.83981,-7.72608],[-35.83749,-7.7263],[-35.83294,-7.72264],[-35.82745,-7.72562],[-35.82329,-7.72018],[-35.82771,-7.71473],[-35.82015,-7.70929],[-35.82333,-7.70496],[-35.82401,-7.70816],[-35.82704,-7.70589],[-35.82491,-7.70385],[-35.82348,-7.69636],[-35.8144,-7.6904],[-35.81303,-7.69584],[-35.81097,-7.69657],[-35.80479,-7.69093],[-35.80212,-7.69568],[-35.80187,-7.70181],[-35.7938,-7.70428],[-35.79447,-7.69704],[-35.79899,-7.69296],[-35.79862,-7.68615],[-35.79655,-7.6828],[-35.78971,-7.68003],[-35.79105,-7.67482],[-35.78831,-7.67394],[-35.78646,-7.67731],[-35.78419,-7.67689],[-35.78007,-7.67033],[-35.77862,-7.67186],[-35.782,-7.68275],[-35.78154,-7.6882],[-35.78596,-7.69704],[-35.77801,-7.6952],[-35.76908,-7.696],[-35.76565,-7.69319],[-35.76565,-7.69847],[-35.75928,-7.70317],[-35.75947,-7.70774],[-35.7561,-7.70453],[-35.75544,-7.70044],[-35.74878,-7.69432],[-35.74869,-7.69024],[-35.7549,-7.69024],[-35.75191,-7.68686],[-35.7478,-7.68668],[-35.74336,-7.68956],[-35.74777,-7.69568],[-35.74576,-7.69772],[-35.73887,-7.69372],[-35.72788,-7.69637],[-35.72582,-7.68781],[-35.7217,-7.68884],[-35.71896,-7.69263],[-35.71552,-7.68603],[-35.7011,-7.68507],[-35.6908,-7.67408],[-35.67844,-7.66826],[-35.67585,-7.66846],[-35.67675,-7.67255],[-35.67501,-7.67269],[-35.66952,-7.66614],[-35.66829,-7.66098],[-35.66334,-7.65723],[-35.65853,-7.66198],[-35.65441,-7.65987],[-35.64823,-7.66326],[-35.65402,-7.65417],[-35.65258,-7.64873],[-35.64548,-7.64249],[-35.63999,-7.64487],[-35.63244,-7.64366],[-35.61871,-7.64584],[-35.59811,-7.6427],[-35.58575,-7.64534],[-35.56927,-7.6426],[-35.56171,-7.65008],[-35.5596,-7.64464],[-35.55485,-7.6446],[-35.55073,-7.64807],[-35.53631,-7.64168],[-35.52807,-7.64203],[-35.52395,-7.63851],[-35.52325,-7.63533]],[[-35.52502,-7.63308],[-35.52807,-7.63857],[-35.5315,-7.63472],[-35.53493,-7.63809],[-35.53974,-7.6345],[-35.55347,-7.63688],[-35.58094,-7.6318],[-35.58028,-7.62627],[-35.57304,-7.62014],[-35.56937,-7.6113],[-35.57013,-7.60721],[-35.55965,-7.60427],[-35.55511,-7.60109],[-35.5624,-7.59752],[-35.57564,-7.59836],[-35.57675,-7.597],[-35.57476,-7.59221],[-35.58781,-7.59154],[-35.59291,-7.58067],[-35.58495,-7.57046],[-35.58575,-7.56749],[-35.58999,-7.56433],[-35.58781,-7.55971],[-35.57751,-7.56021],[-35.57217,-7.57182],[-35.56721,-7.5705],[-35.56985,-7.56365],[-35.57064,-7.55091],[-35.56446,-7.55007],[-35.55759,-7.54583],[-35.55275,-7.548],[-35.54668,-7.54323],[-35.55416,-7.53669],[-35.54867,-7.53792],[-35.54431,-7.52962],[-35.53731,-7.52894],[-35.53699,-7.52388],[-35.52775,-7.52281],[-35.52769,-7.51873],[-35.53221,-7.51532],[-35.528,-7.5126],[-35.52783,-7.50988],[-35.53288,-7.50647],[-35.53699,-7.50774],[-35.53911,-7.50307],[-35.53699,-7.50145],[-35.52762,-7.50171],[-35.5319,-7.49762],[-35.53209,-7.48945],[-35.54037,-7.47788],[-35.53837,-7.47672],[-35.52258,-7.48139],[-35.52071,-7.47924],[-35.53288,-7.47253],[-35.53261,-7.46903],[-35.5425,-7.4663],[-35.53905,-7.46405],[-35.51708,-7.45973],[-35.48941,-7.45133],[-35.48817,-7.44928],[-35.49391,-7.44656],[-35.49168,-7.44464],[-35.48318,-7.4452],[-35.48344,-7.44871],[-35.47726,-7.45012],[-35.46627,-7.44426],[-35.45254,-7.44178],[-35.44567,-7.44463],[-35.43949,-7.44391],[-35.42713,-7.44664],[-35.42881,-7.45201],[-35.42709,-7.46086],[-35.43044,-7.46358],[-35.4288,-7.46699],[-35.43104,-7.46903],[-35.42963,-7.47257]],[[-35.52959,-7.64864],[-35.53033,-7.64965]]]}},{"type":"Feature","properties":{"cota":700,"indice":false},"geometry":{"type":"LineString","coordinates":[[-36.00597,-7.12669],[-35.9994,-7.13394],[-35.99998,-7.13803],[-35.99252,-7.14211],[-35.99322,-7.14756],[-35.98691,-7.14825],[-35.98812,-7.15324],[-35.99911,-7.14856],[-36.00323,-7.14867],[-36.00941,-7.14375],[-36.01382,-7.14416],[-36.01615,-7.13666],[-36.00597,-7.12669]]}},{"type":"Feature","properties":{"cota":500,"indice":true},"geometry":{"type":"LineString","coordinates":[[-35.81028,-7.12498],[-35.81165,-7.1278],[-35.80685,-7.13229],[-35.80268,-7.12985],[-35.81028,-7.12498]]}},{"type":"Feature","properties":{"cota":700,"indice":false},"geometry":{"type":"LineString","coordinates":[[-35.9531,-7.09679],[-35.94659,-7.10328],[-35.94054,-7.10464],[-35.94459,-7.10941],[-35.94429,-7.1169],[-35.9483,-7.11933],[-35.95301,-7.11622],[-35.94872,-7.11077],[-35.95293,-7.10396],[-35.9531,-7.09679]]}},{"type":"Feature","properties":{"cota":500,"indice":true},"geometry":{"type":"LineString","coordinates":[[-35.7835,-7.14512],[-35.78122,-7.14688],[-35.78213,-7.15012],[-35.78452,-7.14825],[-35.7835,-7.14512]]}},{"type":"Feature","properties":{"cota":500,"indice":true},"geometry":{"type":"LineString","coordinates":[[-35.76359,-7.13296],[-35.75517,-7.13394],[-35.76221,-7.14033],[-35.76908,-7.14175],[-35.77013,-7.14007],[-35.76735,-7.1353],[-35.76359,-7.13296]]}},{"type":"Feature","properties":{"cota":200,"indice":false},"geometry":{"type":"LineString","coordinates":[[-35.68325,-7.12772],[-35.68325,-7.1307],[-35.68081,-7.12849],[-35.68325,-7.12772]]}},{"type":"Feature","properties":{"cota":400,"indice":false},"geometry":{"type":"LineString","coordinates":[[-35.69767,-7.11145],[-35.69597,-7.1135],[-35.69982,-7.11418],[-35.69767,-7.11145]]}},{"type":"Feature","properties":{"cota":200,"indice":false},"geometry":{"type":"LineString","coordinates":[[-35.65098,-7.10055],[-35.64892,-7.10044],[-35.64848,-7.1026],[-35.65281,-7.1026],[-35.65098,-7.10055]]}},{"type":"Feature","properties":{"cota":400,"indice":false},"geometry":{"type":"LineString","coordinates":[[-35.7114,-7.08007],[-35.72445,-7.09265],[-35.73066,-7.09033],[-35.72994,-7.08713],[-35.72376,-7.08264],[-35.7114,-7.08007]]}},{"type":"Feature","properties":{"cota":300,"indice":false},"geometry":{"type":"LineString","coordinates":[[-35.64205,-7.0732],[-35.64369,-7.08147],[-35.65166,-7.08477],[-35.65372,-7.08966],[-35.65853,-7.08991],[-35.66196,-7.09281],[-35.66883,-7.09151],[-35.67844,-7.09585],[-35.6847,-7.09442],[-35.68158,-7.09101],[-35.65372,-7.08134],[-35.64892,-7.08209],[-35.64205,-7.0732]]}},{"type":"Feature","properties":{"cota":500,"indice":true},"geometry":{"type":"LineString","coordinates":[[-35.73612,-7.07185],[-35.73286,-7.07261],[-35.73544,-7.07378],[-35.73612,-7.07185]]}},{"type":"Feature","properties":{"cota":500,"indice":true},"geometry":{"type":"LineString","coordinates":[[-35.73818,-7.05758],[-35.73273,-7.0583],[-35.73334,-7.06648],[-35.73871,-7.06853],[-35.73887,-7.07292],[-35.74505,-7.07266],[-35.74848,-7.07576],[-35.75036,-7.0733],[-35.74893,-7.06921],[-35.73818,-7.05758]]}},{"type":"Feature","properties":{"cota":300,"indice":false},"geometry":{"type":"LineString","coordinates":[[-35.65166,-7.04391],[-35.64861,-7.04468],[-35.6496,-7.04754],[-35.67198,-7.06784],[-35.69424,-7.08448],[-35.70441,-7.08624],[-35.70077,-7.08147],[-35.70081,-7.07738],[-35.68806,-7.07378],[-35.68733,-7.07125],[-35.69149,-7.07057],[-35.68325,-7.06442],[-35.679,-7.06307],[-35.67432,-7.0649],[-35.66814,-7.06112],[-35.66265,-7.05315],[-35.65722,-7.05081],[-35.6551,-7.04522],[-35.65166,-7.04391]]}},{"type":"Feature","properties":{"cota":600,"indice":false},"geometry":{"type":"LineString","coordinates":[[-35.80135,-7.10522],[-35.7989,-7.106],[-35.80135,-7.10711],[-35.80135,-7.10522]]}},{"type":"Feature","properties":{"cota":600,"indice":false},"geometry":{"type":"LineString","coordinates":[[-35.8453,-7.08737],[-35.84254,-7.08761],[-35.84266,-7.09101],[-35.84873,-7.0955],[-35.85285,-7.09544],[-35.85307,-7.09169],[-35.8453,-7.08737]]}},{"type":"Feature","properties":{"cota":700,"indice":false},"geometry":{"type":"LineString","coordinates":[[-35.94898,-7.03439],[-35.9455,-7.03513],[-35.94497,-7.03922],[-35.94003,-7.04127],[-35.94692,-7.04285],[-35.95059,-7.04876],[-35.94349,-7.0478],[-35.94006,-7.05046],[-35.92495,-7.0507],[-35.92218,-7.05422],[-35.92564,-7.05974],[-35.93044,-7.06238],[-35.93594,-7.06095],[-35.93889,-7.06444],[-35.93937,-7.06938],[-35.94486,-7.07137],[-35.94967,-7.06966],[-35.95173,-7.0724],[-35.95681,-7.0733],[-35.9572,-7.08352],[-35.95333,-7.08624],[-35.95347,-7.09101],[-35.95516,-7.09464],[-35.96203,-7.09233],[-35.96546,-7.10259],[-35.96958,-7.10167],[-35.97095,-7.09164],[-35.97576,-7.09138],[-35.97919,-7.09504],[-35.98331,-7.08926],[-35.98731,-7.10328],[-35.984,-7.10805],[-35.98851,-7.11145],[-35.98796,-7.11554],[-35.97053,-7.12167],[-35.97713,-7.12483],[-35.98057,-7.12968],[-35.98606,-7.12502],[-35.98881,-7.12874],[-35.99191,-7.12917],[-35.99682,-7.12644],[-36.00117,-7.11966],[-36.0021,-7.11486],[-35.99792,-7.10805],[-35.99979,-7.10414],[-36.00996,-7.10191],[-36.00666,-7.09976],[-35.99911,-7.10087],[-35.99528,-7.09715],[-35.99636,-7.09178],[-35.99884,-7.08965],[-35.99705,-7.07398],[-36.00185,-7.07183],[-36.00597,-7.0658],[-36.00323,-7.06206],[-35.99499,-7.06504],[-35.99251,-7.05422],[-35.98606,-7.04865],[-35.98407,-7.04945],[-35.98469,-7.05325],[-35.97713,-7.05827],[-35.97439,-7.05806],[-35.97095,-7.04488],[-35.96203,-7.04497],[-35.96066,-7.03786],[-35.94898,-7.03439]]}},{"type":"Feature","properties":{"cota":600,"indice":false},"geometry":{"type":"LineString","coordinates":[[-35.87002,-6.91789],[-35.86758,-6.91791],[-35.86447,-6.922],[-35.86705,-6.93018],[-35.86109,-6.93183],[-35.85952,-6.93427],[-35.86692,-6.93972],[-35.8832,-6.94449],[-35.89561,-6.95335],[-35.89296,-6.9554],[-35.8942,-6.95948],[-35.88637,-6.95948],[-35.88993,-6.96226],[-35.89248,-6.96903],[-35.90093,-6.98061],[-35.89817,-6.98436],[-35.89611,-6.98436],[-35.89268,-6.97855],[-35.88993,-6.97981],[-35.87826,-6.97306],[-35.85903,-6.96819],[-35.85657,-6.97243],[-35.85212,-6.97516],[-35.85051,-6.97993],[-35.85697,-6.98439],[-35.86631,-6.98743],[-35.87178,-6.99356],[-35.86933,-6.99839],[-35.87785,-7.00379],[-35.87682,-7.00924],[-35.88444,-7.01249],[-35.88556,-7.01469],[-35.87276,-7.01153],[-35.86796,-7.008],[-35.86933,-7.01651],[-35.8639,-7.01265],[-35.86109,-7.00669],[-35.8472,-6.99833],[-35.84324,-6.99304],[-35.83363,-6.99414],[-35.8328,-6.99561],[-35.84016,-6.99902],[-35.83775,-7.00633],[-35.8481,-7.00515],[-35.84557,-7.01196],[-35.84305,-7.01333],[-35.84417,-7.0181],[-35.84931,-7.02219],[-35.85008,-7.02559],[-35.85457,-7.02696],[-35.85723,-7.03991],[-35.86152,-7.04263],[-35.86175,-7.04672],[-35.86394,-7.04876],[-35.86288,-7.05217],[-35.8659,-7.05472],[-35.8707,-7.05381],[-35.87318,-7.05694],[-35.8711,-7.06103],[-35.86658,-7.06164],[-35.86178,-7.05846],[-35.85354,-7.05678],[-35.8453,-7.05132],[-35.84372,-7.05353],[-35.84616,-7.05967],[-35.84187,-7.06269],[-35.835,-7.05504],[-35.82745,-7.05483],[-35.82401,-7.05009],[-35.82224,-7.05081],[-35.82246,-7.05558],[-35.81989,-7.05616],[-35.81715,-7.05256],[-35.81153,-7.05149],[-35.81097,-7.0471],[-35.79929,-7.04638],[-35.79989,-7.04263],[-35.79449,-7.03958],[-35.78768,-7.04399],[-35.79037,-7.0461],[-35.79786,-7.04604],[-35.79792,-7.04981],[-35.80439,-7.05217],[-35.80284,-7.05626],[-35.80891,-7.05727],[-35.81028,-7.06051],[-35.81625,-7.06376],[-35.81877,-7.06989],[-35.81593,-7.07261],[-35.81715,-7.08006],[-35.82127,-7.07722],[-35.82585,-7.07943],[-35.82891,-7.08556],[-35.82195,-7.09446],[-35.82623,-7.10123],[-35.82264,-7.10326],[-35.82401,-7.10516],[-35.82676,-7.10545],[-35.83019,-7.10138],[-35.83294,-7.10394],[-35.83706,-7.10124],[-35.83225,-7.09489],[-35.83266,-7.09033],[-35.83081,-7.08761],[-35.83706,-7.08567],[-35.83843,-7.08356],[-35.84736,-7.08401],[-35.86208,-7.08897],[-35.86355,-7.08352],[-35.86109,-7.07548],[-35.86864,-7.08097],[-35.8707,-7.07484],[-35.87276,-7.0741],[-35.87452,-7.08011],[-35.87272,-7.08352],[-35.8746,-7.08692],[-35.88238,-7.09019],[-35.88904,-7.09578],[-35.88512,-7.09622],[-35.86933,-7.08998],[-35.86562,-7.09374],[-35.86936,-7.09919],[-35.86246,-7.09751],[-35.85976,-7.09919],[-35.86073,-7.106],[-35.8556,-7.10805],[-35.85419,-7.11077],[-35.8556,-7.1127],[-35.8604,-7.1126],[-35.87002,-7.11992],[-35.8762,-7.11485],[-35.88032,-7.1166],[-35.8865,-7.11611],[-35.8844,-7.12099],[-35.87757,-7.12068],[-35.87493,-7.1244],[-35.87482,-7.12665],[-35.8793,-7.12849],[-35.8789,-7.12985],[-35.8762,-7.13137],[-35.86864,-7.13102],[-35.8671,-7.13326],[-35.87139,-7.13382],[-35.87373,-7.13803],[-35.87894,-7.14063],[-35.88259,-7.13939],[-35.88257,-7.14211],[-35.87894,-7.14452],[-35.8762,-7.14198],[-35.87002,-7.14208],[-35.86452,-7.13839],[-35.85972,-7.14291],[-35.85774,-7.14007],[-35.85972,-7.13309],[-35.85148,-7.13253],[-35.84873,-7.13454],[-35.83843,-7.13183],[-35.83822,-7.13939],[-35.843,-7.14075],[-35.84183,-7.14552],[-35.84421,-7.15097],[-35.83157,-7.14719],[-35.82995,-7.14893],[-35.83294,-7.15448],[-35.84324,-7.15617],[-35.84554,-7.15915],[-35.84211,-7.16119],[-35.84187,-7.17039],[-35.83843,-7.16984],[-35.83827,-7.17141],[-35.84324,-7.17437],[-35.85011,-7.17103],[-35.84897,-7.17618],[-35.85148,-7.17811],[-35.85629,-7.17119],[-35.86109,-7.17577],[-35.86315,-7.17267],[-35.86727,-7.1749],[-35.87026,-7.17073],[-35.86658,-7.16623],[-35.87276,-7.16754],[-35.87757,-7.17728],[-35.88032,-7.17296],[-35.88512,-7.17165],[-35.88711,-7.17414],[-35.88295,-7.18231],[-35.88856,-7.18225],[-35.89111,-7.18708],[-35.88889,-7.1898],[-35.88993,-7.1935],[-35.90504,-7.19765],[-35.91045,-7.1973],[-35.9119,-7.19254],[-35.91808,-7.19395],[-35.92358,-7.19166],[-35.9277,-7.19257],[-35.94006,-7.17853],[-35.94212,-7.18475],[-35.94963,-7.18367],[-35.94061,-7.19321],[-35.94143,-7.1967],[-35.94624,-7.1989],[-35.94721,-7.20275],[-35.94092,-7.20615],[-35.94006,-7.20968],[-35.94761,-7.21382],[-35.95448,-7.20879],[-35.96134,-7.21088],[-35.96821,-7.20939],[-35.96968,-7.20683],[-35.96611,-7.20207],[-35.96889,-7.19934],[-35.97645,-7.20215],[-35.97713,-7.20697],[-35.98263,-7.21031],[-35.99113,-7.2082],[-35.99499,-7.20189],[-35.99665,-7.20411],[-35.99611,-7.20956],[-35.99911,-7.21224],[-36.00676,-7.20615],[-36.00695,-7.20207],[-36.00931,-7.19934],[-36.00803,-7.19662],[-36.01167,-7.19253],[-36.00444,-7.18299],[-36.01919,-7.17686],[-36.01035,-7.17209],[-36.00835,-7.168],[-36.0026,-7.16392],[-36.03138,-7.16107],[-36.04248,-7.15029],[-36.04168,-7.14211],[-36.0348,-7.14007],[-36.03853,-7.13394],[-36.03345,-7.12576],[-36.03962,-7.12659],[-36.04132,-7.12508],[-36.03502,-7.1135],[-36.03687,-7.11033],[-36.04855,-7.12231],[-36.05335,-7.12226],[-36.06091,-7.11867],[-36.05977,-7.12372],[-36.06365,-7.12757],[-36.06777,-7.1253],[-36.07533,-7.12702],[-36.07807,-7.13462],[-36.07275,-7.13803],[-36.07554,-7.14552],[-36.07551,-7.15438],[-36.0664,-7.1573],[-36.06369,-7.16528],[-36.05885,-7.17107],[-36.05129,-7.17265],[-36.04802,-7.17686],[-36.05267,-7.17667],[-36.06846,-7.1701],[-36.07395,-7.1714],[-36.07807,-7.1686],[-36.08631,-7.16733],[-36.08893,-7.16868],[-36.07601,-7.17421],[-36.06983,-7.18004],[-36.0582,-7.18299],[-36.05198,-7.19321],[-36.06689,-7.19253],[-36.07121,-7.18523],[-36.07738,-7.18725],[-36.08219,-7.18544],[-36.08574,-7.18095],[-36.08133,-7.17686],[-36.087,-7.17236],[-36.09455,-7.17262],[-36.09209,-7.17754],[-36.09318,-7.18068],[-36.10073,-7.18059],[-36.10343,-7.17345],[-36.10054,-7.17005],[-36.10142,-7.16586],[-36.09319,-7.15574],[-36.09798,-7.15226],[-36.10416,-7.15219],[-36.10713,-7.15029],[-36.10794,-7.14756],[-36.10485,-7.1428],[-36.11054,-7.13803],[-36.10691,-7.134],[-36.10279,-7.13323],[-36.10052,-7.12644],[-36.09571,-7.12167],[-36.09592,-7.11594],[-36.10138,-7.1135],[-36.09848,-7.10668],[-36.087,-7.09815],[-36.08562,-7.09406],[-36.09661,-7.09494],[-36.10004,-7.09096],[-36.10416,-7.0953],[-36.11405,-7.09783],[-36.11532,-7.09374],[-36.11287,-7.08692],[-36.11446,-7.07936],[-36.1195,-7.09033],[-36.12525,-7.0951],[-36.12431,-7.09987],[-36.12751,-7.10516],[-36.1387,-7.09851],[-36.14721,-7.09646],[-36.14043,-7.09238],[-36.14323,-7.08147],[-36.1391,-7.07466],[-36.13232,-7.06922],[-36.13723,-7.06444],[-36.13133,-7.06171],[-36.13015,-7.05626],[-36.12064,-7.05433],[-36.11309,-7.05628],[-36.09936,-7.05191],[-36.09936,-7.0448],[-36.1076,-7.04675],[-36.11652,-7.04492],[-36.1179,-7.03797],[-36.12339,-7.04],[-36.13575,-7.03933],[-36.12191,-7.02968],[-36.12479,-7.02628],[-36.1233,-7.02219],[-36.12957,-7.02283],[-36.132,-7.02082],[-36.12966,-7.01537],[-36.13086,-7.01401],[-36.13781,-7.01369],[-36.14365,-7.01946],[-36.144,-7.02219],[-36.1488,-7.02538],[-36.1503,-7.02423],[-36.14819,-7.02082],[-36.1498,-7.01946],[-36.17214,-7.01553],[-36.17351,-7.01196],[-36.16047,-7.00717],[-36.15749,-7.00242],[-36.15968,-6.99902],[-36.15398,-6.99629],[-36.14997,-6.99152],[-36.14948,-6.98809],[-36.14536,-6.98907],[-36.1385,-6.98736],[-36.13094,-6.98977],[-36.12751,-6.98307],[-36.11253,-6.98334],[-36.10691,-6.96892],[-36.10142,-6.96587],[-36.09661,-6.96628],[-36.09386,-6.96872],[-36.09112,-6.96503],[-36.087,-6.96355],[-36.08929,-6.95812],[-36.08438,-6.9554],[-36.08346,-6.94994],[-36.07629,-6.94176],[-36.06983,-6.93879],[-36.06657,-6.93972],[-36.06768,-6.94313],[-36.0721,-6.94449],[-36.07406,-6.95062],[-36.06797,-6.95471],[-36.06709,-6.96207],[-36.06022,-6.96145],[-36.05749,-6.95948],[-36.06159,-6.95617],[-36.05953,-6.95209],[-36.05679,-6.95265],[-36.05309,-6.9479],[-36.04443,-6.94493],[-36.03963,-6.94994],[-36.03756,-6.94955],[-36.0355,-6.94213],[-36.02932,-6.93879],[-36.02589,-6.93434],[-36.01696,-6.93702],[-36.01649,-6.93018],[-36.01147,-6.92635],[-36.00666,-6.92569],[-36.00345,-6.92813],[-36.00891,-6.93836],[-36.01375,-6.94108],[-36.02245,-6.95223],[-36.03275,-6.95787],[-36.04003,-6.96698],[-36.04717,-6.97232],[-36.05816,-6.97536],[-36.08176,-6.99016],[-36.07876,-6.99403],[-36.07322,-6.99356],[-36.07258,-7.00008],[-36.06365,-6.99784],[-36.06297,-7.00169],[-36.07189,-7.00086],[-36.07464,-7.00539],[-36.08356,-7.00611],[-36.08631,-7.00837],[-36.09419,-7.00719],[-36.0872,-7.01469],[-36.09439,-7.01878],[-36.09383,-7.02014],[-36.07983,-7.02014],[-36.08872,-7.02696],[-36.0836,-7.03241],[-36.08513,-7.03786],[-36.07413,-7.04331],[-36.07556,-7.04536],[-36.08082,-7.04658],[-36.08684,-7.05285],[-36.08631,-7.05521],[-36.07395,-7.0556],[-36.05679,-7.05273],[-36.04237,-7.046],[-36.0392,-7.04672],[-36.03967,-7.05013],[-36.03687,-7.05353],[-36.03069,-7.05025],[-36.01833,-7.0497],[-36.00597,-7.04072],[-35.98456,-7.03445],[-35.97919,-7.02879],[-35.97546,-7.02968],[-35.97561,-7.03377],[-35.97416,-7.03445],[-35.96478,-7.01848],[-35.95448,-7.01615],[-35.93525,-7.00479],[-35.92605,-7.0031],[-35.92477,-6.99697],[-35.91923,-6.99152],[-35.92125,-6.98675],[-35.91671,-6.98367],[-35.91534,-6.9778],[-35.90936,-6.97516],[-35.9031,-6.96357],[-35.90396,-6.96017],[-35.90131,-6.95608],[-35.9043,-6.95335],[-35.90915,-6.95267],[-35.90887,-6.95062],[-35.89867,-6.94517],[-35.8968,-6.93688],[-35.89199,-6.93899],[-35.88787,-6.93809],[-35.887,-6.93563],[-35.88994,-6.9329],[-35.88894,-6.93086],[-35.88171,-6.92677],[-35.8803,-6.92336],[-35.87414,-6.92228],[-35.87002,-6.91789]]}},{"type":"Feature","properties":{"cota":600,"indice":false},"geometry":{"type":"LineString","coordinates":[[-35.82264,-7.0433],[-35.81646,-7.04331],[-35.81596,-7.04468],[-35.82195,-7.04676],[-35.8241,-7.04468],[-35.82264,-7.0433]]}},{"type":"Feature","properties":{"cota":700,"indice":false},"geometry":{"type":"LineString","coordinates":[[-35.95242,-7.02764],[-35.95045,-7.02832],[-35.95242,-7.03017],[-35.95791,-7.03056],[-35.95967,-7.029],[-35.95242,-7.02764]]}},{"type":"Feature","properties":{"cota":600,"indice":false},"geometry":{"type":"LineString","coordinates":[[-35.88924,-7.01529],[-35.89268,-7.01798],[-35.88795,-7.01605],[-35.88924,-7.01529]]}},{"type":"Feature","properties":{"cota":600,"indice":false},"geometry":{"type":"LineString","coordinates":[[-35.80753,-6.97368],[-35.80479,-6.97336],[-35.80547,-6.97625],[-35.80795,-6.97584],[-35.80753,-6.97368]]}},{"type":"Feature","properties":{"cota":500,"indice":true},"geometry":{"type":"LineString","coordinates":[[-35.94349,-6.96891],[-35.94606,-6.97039],[-35.94555,-6.97397],[-35.94184,-6.97243],[-35.94156,-6.96903],[-35.94349,-6.96891]]}},{"type":"Feature","properties":{"cota":500,"indice":true},"geometry":{"type":"LineString","coordinates":[[-36.00117,-6.93815],[-36.00254,-6.94057],[-35.99977,-6.93904],[-36.00117,-6.93815]]}},{"type":"Feature","properties":{"cota":600,"indice":false},"geometry":{"type":"LineString","coordinates":[[-36.14674,-7.15016],[-36.14124,-7.15048],[-36.13893,-7.15302],[-36.14674,-7.15186],[-36.14803,-7.15097],[-36.14674,-7.15016]]}},{"type":"Feature","properties":{"cota":600,"indice":false},"geometry":{"type":"LineString","coordinates":[[-36.11927,-7.13694],[-36.11525,-7.13871],[-36.11858,-7.13914],[-36.11927,-7.13694]]}},{"type":"Feature","properties":{"cota":600,"indice":false},"geometry":{"type":"LineString","coordinates":[[-36.08562,-7.08794],[-36.08494,-7.09102],[-36.08562,-7.08794]]}},{"type":"Feature","properties":{"cota":700,"indice":false},"geometry":{"type":"LineString","coordinates":[[-36.02726,-7.07872],[-36.02423,-7.07875],[-36.02356,-7.08147],[-36.02783,-7.08215],[-36.02726,-7.07872]]}},{"type":"Feature","properties":{"cota":700,"indice":false},"geometry":{"type":"LineString","coordinates":[[-36.01765,-7.06577],[-36.0145,-7.06716],[-36.01765,-7.0673],[-36.01765,-7.06577]]}},{"type":"Feature","properties":{"cota":600,"indice":false},"geometry":{"type":"LineString","coordinates":[[-36.10004,-6.94907],[-36.09867,-6.9487],[-36.09867,-6.95042],[-36.10142,-6.95217],[-36.10004,-6.94907]]}},{"type":"Feature","properties":{"cota":600,"indice":false},"geometry":{"type":"LineString","coordinates":[[-36.13644,-6.93881],[-36.13232,-6.94039],[-36.13195,-6.94381],[-36.13918,-6.95285],[-36.14536,-6.95477],[-36.14666,-6.94858],[-36.14481,-6.94108],[-36.13644,-6.93881]]}},{"type":"Feature","properties":{"cota":600,"indice":false},"geometry":{"type":"LineString","coordinates":[[-36.1536,-6.93627],[-36.14683,-6.93836],[-36.14562,-6.94108],[-36.15635,-6.94574],[-36.15836,-6.94313],[-36.1536,-6.93627]]}},{"type":"Feature","properties":{"cota":500,"indice":true},"geometry":{"type":"LineString","coordinates":[[-36.02932,-6.86782],[-36.02497,-6.87223],[-36.0285,-6.87632],[-36.02795,-6.88416],[-36.04184,-6.88791],[-36.03829,-6.87769],[-36.02932,-6.86782]]}},{"type":"Feature","properties":{"cota":500,"indice":true},"geometry":{"type":"MultiLineString","coordinates":[[[-36.07121,-6.87352],[-36.07121,-6.87352]],[[-36.07121,-6.87352],[-36.07395,-6.87868],[-36.07091,-6.87701],[-36.07121,-6.87352]],[[-36.07121,-6.87352],[-36.07121,-6.87352]]]}},{"type":"Feature","properties":{"cota":500,"indice":true},"geometry":{"type":"LineString","coordinates":[[-35.74436,-7.05466],[-35.7427,-7.05694],[-35.74574,-7.05832],[-35.74436,-7.05466]]}},{"type":"Feature","properties":{"cota":200,"indice":false},"geometry":{"type":"LineString","coordinates":[[-35.64823,-7.01124],[-35.6449,-7.01128],[-35.64129,-7.01537],[-35.6448,-7.01991],[-35.64994,-7.0181],[-35.64823,-7.01124]]}},{"type":"Feature","properties":{"cota":500,"indice":true},"geometry":{"type":"LineString","coordinates":[[-35.72582,-6.99891],[-35.72405,-7.00242],[-35.72807,-7.00242],[-35.72582,-6.99891]]}},{"type":"Feature","properties":{"cota":600,"indice":false},"geometry":{"type":"LineString","coordinates":[[-35.77663,-6.98454],[-35.77501,-6.98538],[-35.77595,-6.98793],[-35.77663,-6.98454]]}},{"type":"Feature","properties":{"cota":600,"indice":false},"geometry":{"type":"LineString","coordinates":[[-35.79723,-6.9778],[-35.79174,-6.979],[-35.79063,-6.9813],[-35.7938,-6.9831],[-35.79723,-6.98251],[-35.80547,-6.9893],[-35.80467,-6.98061],[-35.79723,-6.9778]]}},{"type":"Feature","properties":{"cota":600,"indice":false},"geometry":{"type":"LineString","coordinates":[[-35.78625,-6.96691],[-35.7812,-6.96903],[-35.78036,-6.97516],[-35.79174,-6.97567],[-35.79359,-6.97312],[-35.7926,-6.96971],[-35.78899,-6.96978],[-35.78625,-6.96691]]}},{"type":"Feature","properties":{"cota":600,"indice":false},"geometry":{"type":"LineString","coordinates":[[-35.70248,-6.96661],[-35.70081,-6.96766],[-35.70316,-6.96872],[-35.70248,-6.96661]]}},{"type":"Feature","properties":{"cota":600,"indice":false},"geometry":{"type":"LineString","coordinates":[[-35.75535,-6.95869],[-35.72994,-6.96627],[-35.7252,-6.97516],[-35.73612,-6.97262],[-35.74035,-6.97652],[-35.74246,-6.97448],[-35.73915,-6.96971],[-35.7423,-6.96697],[-35.74642,-6.96801],[-35.75563,-6.96357],[-35.75535,-6.95869]]}},{"type":"Feature","properties":{"cota":600,"indice":false},"geometry":{"type":"LineString","coordinates":[[-35.77045,-6.95459],[-35.76839,-6.9576],[-35.77045,-6.95459]]}},{"type":"Feature","properties":{"cota":600,"indice":false},"geometry":{"type":"LineString","coordinates":[[-35.76221,-6.9536],[-35.76015,-6.95588],[-35.76221,-6.9536]]}},{"type":"Feature","properties":{"cota":100,"indice":false},"geometry":{"type":"LineString","coordinates":[[-35.23693,-7.35052],[-35.23506,-7.35259],[-35.23693,-7.35582],[-35.23905,-7.35327],[-35.23693,-7.35052]]}},{"type":"Feature","properties":{"cota":200,"indice":false},"geometry":{"type":"LineString","coordinates":[[-35.06184,-7.33063],[-35.05776,-7.33284],[-35.05866,-7.33761],[-35.06184,-7.33967],[-35.07052,-7.33965],[-35.06835,-7.33489],[-35.06184,-7.33063]]}},{"type":"Feature","properties":{"cota":100,"indice":false},"geometry":{"type":"LineString","coordinates":[[-34.91009,-7.33064],[-34.90929,-7.33216],[-34.91146,-7.33427],[-34.91009,-7.33064]]}},{"type":"Feature","properties":{"cota":100,"indice":false},"geometry":{"type":"LineString","coordinates":[[-35.2644,-7.32802],[-35.26129,-7.32876],[-35.26371,-7.33035],[-35.2644,-7.32802]]}},{"type":"Feature","properties":{"cota":100,"indice":false},"geometry":{"type":"LineString","coordinates":[[-34.9094,-7.31914],[-34.90818,-7.3199],[-34.9094,-7.32155],[-34.91117,-7.32058],[-34.9094,-7.31914]]}},{"type":"Feature","properties":{"cota":100,"indice":false},"geometry":{"type":"LineString","coordinates":[[-35.26577,-7.31633],[-35.26388,-7.31854],[-35.26508,-7.3229],[-35.2679,-7.31922],[-35.26577,-7.31633]]}},{"type":"Feature","properties":{"cota":100,"indice":false},"geometry":{"type":"LineString","coordinates":[[-35.25547,-7.3055],[-35.25232,-7.30696],[-35.25299,-7.31037],[-35.25134,-7.31241],[-35.25547,-7.32119],[-35.25883,-7.31922],[-35.26024,-7.31309],[-35.25547,-7.3055]]}},{"type":"Feature","properties":{"cota":100,"indice":false},"geometry":{"type":"LineString","coordinates":[[-34.93687,-7.29052],[-34.92451,-7.29516],[-34.92664,-7.30288],[-34.92275,-7.30628],[-34.93069,-7.30896],[-34.93481,-7.30342],[-34.93755,-7.30349],[-34.943,-7.31309],[-34.93565,-7.31445],[-34.93722,-7.32195],[-34.93379,-7.3308],[-34.94511,-7.33559],[-34.95011,-7.32603],[-34.95464,-7.32195],[-34.95797,-7.30696],[-34.95111,-7.29811],[-34.94579,-7.29815],[-34.94373,-7.29548],[-34.93961,-7.29492],[-34.93687,-7.29052]]}},{"type":"Feature","properties":{"cota":100,"indice":false},"geometry":{"type":"LineString","coordinates":[[-34.90803,-7.293],[-34.90322,-7.29743],[-34.90391,-7.30551],[-34.9094,-7.30804],[-34.91201,-7.31514],[-34.91764,-7.3183],[-34.9183,-7.30969],[-34.91352,-7.30256],[-34.90767,-7.29811],[-34.90803,-7.293]]}},{"type":"Feature","properties":{"cota":100,"indice":false},"geometry":{"type":"LineString","coordinates":[[-34.90391,-7.25043],[-34.90154,-7.25384],[-34.90636,-7.25929],[-34.90443,-7.26473],[-34.90597,-7.28221],[-34.90803,-7.28423],[-34.91009,-7.28173],[-34.91299,-7.26814],[-34.91067,-7.25792],[-34.90391,-7.25043]]}},{"type":"Feature","properties":{"cota":100,"indice":false},"geometry":{"type":"LineString","coordinates":[[-35.39898,-7.34916],[-35.39581,-7.34919],[-35.40241,-7.36148],[-35.40305,-7.35736],[-35.40888,-7.35464],[-35.39898,-7.34916]]}},{"type":"Feature","properties":{"cota":100,"indice":false},"geometry":{"type":"LineString","coordinates":[[-35.28774,-7.3416],[-35.28706,-7.34324],[-35.28429,-7.34306],[-35.28774,-7.3416]]}},{"type":"Feature","properties":{"cota":100,"indice":false},"geometry":{"type":"LineString","coordinates":[[-35.29118,-7.33076],[-35.2964,-7.33216],[-35.29049,-7.33262],[-35.29118,-7.33076]]}},{"type":"Feature","properties":{"cota":100,"indice":false},"geometry":{"type":"LineString","coordinates":[[-35.29667,-7.31767],[-35.29736,-7.3206],[-35.29127,-7.32127],[-35.29324,-7.31773],[-35.29667,-7.31767]]}},{"type":"Feature","properties":{"cota":100,"indice":false},"geometry":{"type":"LineString","coordinates":[[-35.28568,-7.31344],[-35.28568,-7.31635],[-35.28184,-7.31514],[-35.28568,-7.31344]]}},{"type":"Feature","properties":{"cota":100,"indice":false},"geometry":{"type":"LineString","coordinates":[[-35.35023,-7.29728],[-35.33763,-7.29947],[-35.33857,-7.30424],[-35.34405,-7.3063],[-35.35091,-7.30548],[-35.3516,-7.30973],[-35.35572,-7.30988],[-35.35918,-7.31241],[-35.3473,-7.31718],[-35.34808,-7.31854],[-35.36259,-7.31762],[-35.36739,-7.32225],[-35.38387,-7.32353],[-35.3856,-7.31854],[-35.38387,-7.3155],[-35.37357,-7.31185],[-35.36327,-7.30454],[-35.36053,-7.30705],[-35.35819,-7.30015],[-35.35023,-7.29728]]}},{"type":"Feature","properties":{"cota":100,"indice":false},"geometry":{"type":"LineString","coordinates":[[-35.27744,-7.2945],[-35.2762,-7.29538],[-35.27813,-7.29751],[-35.27744,-7.2945]]}},{"type":"Feature","properties":{"cota":100,"indice":false},"geometry":{"type":"LineString","coordinates":[[-35.35709,-7.28569],[-35.35572,-7.2856],[-35.35618,-7.28721],[-35.35915,-7.28838],[-35.35709,-7.28569]]}},{"type":"Feature","properties":{"cota":200,"indice":false},"geometry":{"type":"LineString","coordinates":[[-35.43468,-7.24408],[-35.43153,-7.24566],[-35.43421,-7.25247],[-35.44292,-7.25568],[-35.44739,-7.25452],[-35.44704,-7.25189],[-35.43468,-7.24408]]}},{"type":"Feature","properties":{"cota":100,"indice":false},"geometry":{"type":"LineString","coordinates":[[-35.29804,-7.24466],[-35.29439,-7.25043],[-35.29598,-7.25361],[-35.30697,-7.25081],[-35.29804,-7.24466]]}},{"type":"Feature","properties":{"cota":400,"indice":false},"geometry":{"type":"LineString","coordinates":[[-35.5164,-7.28295],[-35.51502,-7.28531],[-35.5164,-7.28295]]}},{"type":"Feature","properties":{"cota":400,"indice":false},"geometry":{"type":"LineString","coordinates":[[-35.57133,-7.27767],[-35.5675,-7.27904],[-35.56927,-7.28239],[-35.57241,-7.27972],[-35.57133,-7.27767]]}},{"type":"Feature","properties":{"cota":300,"indice":false},"geometry":{"type":"LineString","coordinates":[[-35.59467,-7.27269],[-35.59217,-7.27631],[-35.59399,-7.27962],[-35.59603,-7.277],[-35.59467,-7.27269]]}},{"type":"Feature","properties":{"cota":400,"indice":false},"geometry":{"type":"LineString","coordinates":[[-35.5418,-7.26191],[-35.53493,-7.26473],[-35.53416,-7.27018],[-35.52863,-7.27836],[-35.52038,-7.28244],[-35.51997,-7.28449],[-35.52823,-7.28244],[-35.5315,-7.27798],[-35.53974,-7.27887],[-35.54729,-7.27712],[-35.5521,-7.27907],[-35.55553,-7.2774],[-35.5564,-7.27495],[-35.55418,-7.27018],[-35.54798,-7.26761],[-35.5418,-7.26191]]}},{"type":"Feature","properties":{"cota":400,"indice":false},"geometry":{"type":"LineString","coordinates":[[-35.56652,-7.25975],[-35.5597,-7.26814],[-35.5624,-7.27376],[-35.56507,-7.27291],[-35.56771,-7.26746],[-35.56652,-7.25975]]}},{"type":"Feature","properties":{"cota":200,"indice":false},"geometry":{"type":"LineString","coordinates":[[-35.47588,-7.21909],[-35.4697,-7.22121],[-35.46718,-7.22523],[-35.46902,-7.22913],[-35.47338,-7.23068],[-35.47437,-7.23613],[-35.47929,-7.23885],[-35.4785,-7.24294],[-35.48213,-7.24566],[-35.48069,-7.24872],[-35.47052,-7.25452],[-35.47108,-7.25691],[-35.4748,-7.25724],[-35.47295,-7.26405],[-35.46764,-7.27087],[-35.47233,-7.27359],[-35.47214,-7.27768],[-35.48481,-7.27618],[-35.49923,-7.2715],[-35.50541,-7.2776],[-35.51502,-7.2747],[-35.5061,-7.28745],[-35.50678,-7.29149],[-35.52395,-7.29286],[-35.53631,-7.28607],[-35.54661,-7.28379],[-35.54888,-7.2913],[-35.55141,-7.29345],[-35.55622,-7.29358],[-35.56034,-7.29179],[-35.56309,-7.28756],[-35.56652,-7.28816],[-35.56796,-7.29062],[-35.56721,-7.29929],[-35.57133,-7.30006],[-35.57339,-7.30439],[-35.58094,-7.30957],[-35.58987,-7.30894],[-35.59525,-7.3056],[-35.59555,-7.30151],[-35.59059,-7.29675],[-35.59309,-7.29266],[-35.58974,-7.28926],[-35.58768,-7.27904],[-35.58532,-7.27631],[-35.58787,-7.27427],[-35.59094,-7.28108],[-35.59536,-7.28507],[-35.59868,-7.27836],[-35.59764,-7.26882],[-35.59467,-7.26632],[-35.58712,-7.26819],[-35.58068,-7.26746],[-35.58534,-7.26269],[-35.58643,-7.2587],[-35.59193,-7.26095],[-35.59494,-7.25997],[-35.59261,-7.2532],[-35.58884,-7.25111],[-35.59207,-7.24703],[-35.59051,-7.24294],[-35.59554,-7.23885],[-35.59605,-7.23457],[-35.59304,-7.23476],[-35.58918,-7.23973],[-35.58506,-7.23539],[-35.58157,-7.23817],[-35.57613,-7.23903],[-35.57576,-7.24158],[-35.57873,-7.2443],[-35.57682,-7.24659],[-35.56446,-7.23307],[-35.55897,-7.23105],[-35.55141,-7.23279],[-35.54249,-7.23134],[-35.54122,-7.23817],[-35.53905,-7.23841],[-35.53699,-7.23447],[-35.53309,-7.23272],[-35.53577,-7.22863],[-35.53425,-7.22728],[-35.52532,-7.22811],[-35.52189,-7.23159],[-35.51708,-7.23163],[-35.51434,-7.23647],[-35.50404,-7.23549],[-35.50339,-7.23272],[-35.50782,-7.22591],[-35.50404,-7.22657],[-35.50129,-7.23011],[-35.49854,-7.22989],[-35.49722,-7.22795],[-35.49985,-7.22114],[-35.49648,-7.2197],[-35.49326,-7.22182],[-35.49347,-7.22863],[-35.48618,-7.2375],[-35.48344,-7.23833],[-35.48113,-7.23749],[-35.48319,-7.23204],[-35.48275,-7.22384],[-35.48,-7.22045],[-35.47588,-7.21909]]}},{"type":"Feature","properties":{"cota":300,"indice":false},"geometry":{"type":"LineString","coordinates":[[-35.55897,-7.23404],[-35.54966,-7.23749],[-35.54847,-7.2443],[-35.54386,-7.24308],[-35.53592,-7.2443],[-35.53699,-7.2469],[-35.54043,-7.24569],[-35.54565,-7.25384],[-35.54386,-7.2546],[-35.54286,-7.25247],[-35.53905,-7.25151],[-35.53631,-7.25752],[-35.53288,-7.25358],[-35.52301,-7.25452],[-35.52629,-7.25043],[-35.52258,-7.24993],[-35.51951,-7.24703],[-35.52259,-7.24362],[-35.51846,-7.24064],[-35.51159,-7.24142],[-35.50121,-7.23885],[-35.49511,-7.2335],[-35.48652,-7.24089],[-35.48424,-7.24907],[-35.47933,-7.25316],[-35.47573,-7.26473],[-35.47197,-7.26882],[-35.48344,-7.26661],[-35.47868,-7.27291],[-35.48344,-7.27413],[-35.49762,-7.26882],[-35.49897,-7.26201],[-35.49442,-7.2586],[-35.4983,-7.25179],[-35.50404,-7.24948],[-35.50554,-7.25043],[-35.50567,-7.26065],[-35.51159,-7.25978],[-35.51434,-7.26152],[-35.51518,-7.26542],[-35.50816,-7.26875],[-35.50671,-7.27359],[-35.5099,-7.27359],[-35.5164,-7.26878],[-35.51987,-7.27018],[-35.51938,-7.27836],[-35.51156,-7.28313],[-35.51066,-7.28789],[-35.51228,-7.28954],[-35.52326,-7.28905],[-35.53425,-7.2832],[-35.54661,-7.28006],[-35.55099,-7.28313],[-35.55061,-7.28789],[-35.55347,-7.29054],[-35.55897,-7.28882],[-35.56171,-7.28201],[-35.57064,-7.28755],[-35.57133,-7.29291],[-35.583,-7.29078],[-35.58524,-7.28857],[-35.58437,-7.28126],[-35.57751,-7.28293],[-35.57573,-7.28176],[-35.57888,-7.27438],[-35.56854,-7.27359],[-35.58025,-7.26201],[-35.57894,-7.2552],[-35.56768,-7.24089],[-35.55897,-7.23404]]}},{"type":"Feature","properties":{"cota":200,"indice":false},"geometry":{"type":"LineString","coordinates":[[-35.62832,-7.26132],[-35.62626,-7.26182],[-35.62664,-7.26337],[-35.62867,-7.26337],[-35.62832,-7.26132]]}},{"type":"Feature","properties":{"cota":400,"indice":false},"geometry":{"type":"LineString","coordinates":[[-35.56309,-7.25781],[-35.56046,-7.25792],[-35.56034,-7.26052],[-35.56399,-7.26065],[-35.56309,-7.25781]]}},{"type":"Feature","properties":{"cota":300,"indice":false},"geometry":{"type":"LineString","coordinates":[[-35.54867,-7.25352],[-35.55004,-7.25568],[-35.54607,-7.25384],[-35.54867,-7.25352]]}},{"type":"Feature","properties":{"cota":100,"indice":false},"geometry":{"type":"LineString","coordinates":[[-35.33443,-7.24208],[-35.33529,-7.24362],[-35.33237,-7.24486],[-35.33146,-7.24294],[-35.33443,-7.24208]]}},{"type":"Feature","properties":{"cota":100,"indice":false},"geometry":{"type":"LineString","coordinates":[[-35.3056,-7.24021],[-35.30285,-7.23972],[-35.30216,-7.24268],[-35.30977,-7.24294],[-35.3056,-7.24021]]}},{"type":"Feature","properties":{"cota":200,"indice":false},"geometry":{"type":"LineString","coordinates":[[-35.39417,-7.22435],[-35.39147,-7.22523],[-35.39199,-7.22727],[-35.39508,-7.22659],[-35.39417,-7.22435]]}},{"type":"Feature","properties":{"cota":300,"indice":false},"geometry":{"type":"LineString","coordinates":[[-35.44292,-7.21769],[-35.42994,-7.21842],[-35.42788,-7.2225],[-35.43056,-7.22846],[-35.44636,-7.22955],[-35.44292,-7.21769]]}},{"type":"Feature","properties":{"cota":100,"indice":false},"geometry":{"type":"LineString","coordinates":[[-35.37495,-7.22166],[-35.37333,-7.2225],[-35.37426,-7.22418],[-35.37495,-7.22166]]}},{"type":"Feature","properties":{"cota":200,"indice":false},"geometry":{"type":"LineString","coordinates":[[-35.40447,-7.21695],[-35.40077,-7.21773],[-35.4031,-7.22368],[-35.40585,-7.22428],[-35.40758,-7.21978],[-35.40447,-7.21695]]}},{"type":"Feature","properties":{"cota":200,"indice":false},"geometry":{"type":"LineString","coordinates":[[-35.43949,-7.20053],[-35.43674,-7.20117],[-35.43505,-7.20479],[-35.43655,-7.21433],[-35.42378,-7.21637],[-35.4204,-7.22591],[-35.43056,-7.23355],[-35.44086,-7.23246],[-35.44704,-7.23751],[-35.44976,-7.22931],[-35.44919,-7.2225],[-35.44334,-7.21365],[-35.45048,-7.21223],[-35.45139,-7.2082],[-35.43949,-7.20053]]}},{"type":"Feature","properties":{"cota":300,"indice":false},"geometry":{"type":"LineString","coordinates":[[-35.43949,-7.2041],[-35.43883,-7.20615],[-35.44086,-7.20816],[-35.44179,-7.20615],[-35.43949,-7.2041]]}},{"type":"Feature","properties":{"cota":200,"indice":false},"geometry":{"type":"LineString","coordinates":[[-35.42507,-7.18905],[-35.42027,-7.19492],[-35.41939,-7.2007],[-35.42301,-7.20649],[-35.42782,-7.20337],[-35.43131,-7.20479],[-35.42799,-7.19662],[-35.42814,-7.19049],[-35.42507,-7.18905]]}},{"type":"Feature","properties":{"cota":200,"indice":false},"geometry":{"type":"LineString","coordinates":[[-35.40447,-7.18221],[-35.40182,-7.18504],[-35.40274,-7.19321],[-35.40791,-7.19819],[-35.41192,-7.19457],[-35.41402,-7.18912],[-35.40447,-7.18221]]}},{"type":"Feature","properties":{"cota":400,"indice":false},"geometry":{"type":"LineString","coordinates":[[-35.49099,-7.25274],[-35.48756,-7.25511],[-35.4906,-7.25452],[-35.49099,-7.25274]]}},{"type":"Feature","properties":{"cota":400,"indice":false},"geometry":{"type":"LineString","coordinates":[[-35.49511,-7.2392],[-35.49252,-7.24021],[-35.49442,-7.24447],[-35.49719,-7.24294],[-35.49511,-7.2392]]}},{"type":"Feature","properties":{"cota":300,"indice":false},"geometry":{"type":"LineString","coordinates":[[-35.47863,-7.22718],[-35.47683,-7.22863],[-35.47794,-7.2351],[-35.48026,-7.23204],[-35.47863,-7.22718]]}},{"type":"Feature","properties":{"cota":200,"indice":false},"geometry":{"type":"LineString","coordinates":[[-35.51983,-7.22224],[-35.51551,-7.22387],[-35.51571,-7.22721],[-35.52052,-7.22589],[-35.51983,-7.22224]]}},{"type":"Feature","properties":{"cota":300,"indice":false},"geometry":{"type":"LineString","coordinates":[[-35.47382,-7.22247],[-35.47047,-7.22591],[-35.47404,-7.22591],[-35.47382,-7.22247]]}},{"type":"Feature","properties":{"cota":200,"indice":false},"geometry":{"type":"LineString","coordinates":[[-35.53562,-7.21627],[-35.52997,-7.21773],[-35.53562,-7.22133],[-35.53793,-7.21842],[-35.53562,-7.21627]]}},{"type":"Feature","properties":{"cota":300,"indice":false},"geometry":{"type":"LineString","coordinates":[[-35.52807,-7.15701],[-35.51789,-7.15847],[-35.51932,-7.16255],[-35.50933,-7.16868],[-35.51983,-7.17375],[-35.52326,-7.17307],[-35.52378,-7.16868],[-35.52977,-7.1646],[-35.53075,-7.15915],[-35.52807,-7.15701]]}},{"type":"Feature","properties":{"cota":300,"indice":false},"geometry":{"type":"LineString","coordinates":[[-35.58163,-7.15975],[-35.56789,-7.16225],[-35.56205,-7.16119],[-35.57613,-7.16957],[-35.57989,-7.168],[-35.5831,-7.16187],[-35.58163,-7.15975]]}},{"type":"Feature","properties":{"cota":200,"indice":false},"geometry":{"type":"LineString","coordinates":[[-35.57339,-7.14482],[-35.56748,-7.1462],[-35.56515,-7.15355],[-35.55828,-7.15445],[-35.54798,-7.14698],[-35.53288,-7.14586],[-35.52944,-7.15331],[-35.5264,-7.15302],[-35.52189,-7.14871],[-35.51983,-7.15344],[-35.51365,-7.15164],[-35.51249,-7.15574],[-35.50861,-7.15915],[-35.5098,-7.16187],[-35.50472,-7.16234],[-35.49761,-7.16868],[-35.49992,-7.17092],[-35.51244,-7.17345],[-35.51226,-7.1789],[-35.51502,-7.18001],[-35.51846,-7.1775],[-35.52869,-7.1755],[-35.52921,-7.17005],[-35.53328,-7.16732],[-35.53556,-7.16255],[-35.5521,-7.1622],[-35.55553,-7.16535],[-35.57613,-7.17456],[-35.58454,-7.17073],[-35.58391,-7.16664],[-35.58646,-7.16051],[-35.58477,-7.15302],[-35.58035,-7.15233],[-35.57957,-7.14774],[-35.57545,-7.1492],[-35.57339,-7.14482]]}},{"type":"Feature","properties":{"cota":300,"indice":false},"geometry":{"type":"LineString","coordinates":[[-35.55073,-7.15363],[-35.54592,-7.15419],[-35.54431,-7.1571],[-35.5521,-7.15751],[-35.55295,-7.15574],[-35.55073,-7.15363]]}},{"type":"Feature","properties":{"cota":100,"indice":false},"geometry":{"type":"MultiLineString","coordinates":[[[-35.51484,-6.47719],[-35.52043,-6.47873],[-35.51732,-6.48146],[-35.52052,-6.48648],[-35.51571,-6.48514],[-35.51159,-6.47985],[-35.50238,-6.48146],[-35.5006,-6.48649],[-35.49099,-6.48547],[-35.4903,-6.49036],[-35.48687,-6.49101],[-35.48962,-6.49526],[-35.49374,-6.4965],[-35.49511,-6.49962],[-35.50316,-6.50465],[-35.50198,-6.50684],[-35.48756,-6.5004],[-35.48138,-6.49593],[-35.47726,-6.48991],[-35.47108,-6.48745],[-35.46805,-6.48964],[-35.4682,-6.49374],[-35.46635,-6.49578],[-35.47106,-6.49988],[-35.46978,-6.50943],[-35.47382,-6.51244],[-35.47562,-6.51761],[-35.47245,-6.51922],[-35.4726,-6.52307],[-35.47451,-6.52559],[-35.47863,-6.52571],[-35.47756,-6.52716],[-35.47172,-6.52648],[-35.45872,-6.51328],[-35.4546,-6.51384],[-35.45281,-6.51079],[-35.45391,-6.50603],[-35.45116,-6.50448],[-35.44644,-6.50874],[-35.44514,-6.51625],[-35.44117,-6.51761],[-35.44314,-6.52375],[-35.44716,-6.52853],[-35.44361,-6.52806],[-35.43606,-6.52014],[-35.43194,-6.51954],[-35.43537,-6.52793],[-35.43974,-6.53126],[-35.4397,-6.5374],[-35.44296,-6.53944],[-35.43726,-6.54354],[-35.44145,-6.55036],[-35.44028,-6.56059],[-35.44636,-6.56276],[-35.4503,-6.57082],[-35.45596,-6.57492],[-35.44773,-6.57649],[-35.44564,-6.57901],[-35.4491,-6.6034],[-35.4415,-6.57833],[-35.44509,-6.57014],[-35.44227,-6.56605],[-35.43674,-6.56555],[-35.43446,-6.56741],[-35.43331,-6.57414],[-35.43055,-6.57492],[-35.43258,-6.56946],[-35.42876,-6.56468],[-35.43281,-6.55991],[-35.4301,-6.55513],[-35.43144,-6.54968],[-35.42919,-6.54678],[-35.42453,-6.54695],[-35.42525,-6.54081],[-35.42373,-6.5374],[-35.42507,-6.53335],[-35.42936,-6.5333],[-35.42507,-6.52928],[-35.42164,-6.52953],[-35.42003,-6.5258],[-35.41443,-6.52239],[-35.42097,-6.5183],[-35.41209,-6.50874],[-35.41683,-6.50045],[-35.42645,-6.50068],[-35.42953,-6.49851],[-35.43093,-6.49578],[-35.42872,-6.49374],[-35.4307,-6.48865]],[[-35.39641,-6.49345],[-35.39216,-6.49646],[-35.39555,-6.51162],[-35.38662,-6.50468],[-35.38525,-6.50943],[-35.37838,-6.51557],[-35.37721,-6.5142],[-35.37878,-6.50943],[-35.37604,-6.50514]],[[-35.34482,-6.53456],[-35.34748,-6.53198],[-35.3516,-6.53141],[-35.35431,-6.53535],[-35.35091,-6.53828],[-35.35736,-6.53944],[-35.36383,-6.54763],[-35.36126,-6.54831],[-35.35915,-6.54501],[-35.34954,-6.54617],[-35.34405,-6.54385],[-35.34247,-6.54627],[-35.34405,-6.552],[-35.33855,-6.54727],[-35.33148,-6.55104],[-35.33185,-6.55513],[-35.3294,-6.55786],[-35.331,-6.564],[-35.33718,-6.56419],[-35.34473,-6.57005],[-35.35023,-6.56651],[-35.35339,-6.56673],[-35.34984,-6.57355],[-35.35488,-6.57833],[-35.34061,-6.58026],[-35.3392,-6.5831],[-35.34473,-6.58658],[-35.34954,-6.58499],[-35.3516,-6.59191],[-35.36671,-6.59204],[-35.37014,-6.58783],[-35.37251,-6.59538],[-35.37632,-6.60035],[-35.38146,-6.60288],[-35.38188,-6.60561],[-35.37907,-6.61085],[-35.37805,-6.60493],[-35.37083,-6.60173],[-35.36749,-6.6022],[-35.36396,-6.60669],[-35.36143,-6.6022],[-35.35572,-6.60057],[-35.34611,-6.6043],[-35.33855,-6.60032],[-35.33273,-6.60152],[-35.33201,-6.60425],[-35.33539,-6.60834],[-35.331,-6.60911],[-35.32937,-6.61243],[-35.331,-6.62062],[-35.33585,-6.62266],[-35.33581,-6.62627],[-35.32475,-6.61993],[-35.32413,-6.61276],[-35.31996,-6.60629],[-35.32103,-6.59811],[-35.32413,-6.59903],[-35.32578,-6.59743],[-35.32458,-6.59401],[-35.32646,-6.58788],[-35.32413,-6.587],[-35.3207,-6.59186],[-35.30903,-6.59645],[-35.30924,-6.58992],[-35.30262,-6.58378],[-35.30673,-6.57764],[-35.29797,-6.57355],[-35.30142,-6.56878],[-35.29392,-6.56251],[-35.29038,-6.55445],[-35.29165,-6.55036],[-35.28843,-6.54795],[-35.27793,-6.54763],[-35.27788,-6.54392]],[[-35.23477,-6.53229],[-35.24021,-6.53876],[-35.23693,-6.5435],[-35.22938,-6.53947],[-35.22642,-6.54763],[-35.22784,-6.55377],[-35.23163,-6.55718],[-35.22526,-6.55587],[-35.22114,-6.55799],[-35.22102,-6.54899],[-35.21687,-6.5449],[-35.22216,-6.54149],[-35.22,-6.53671],[-35.22663,-6.52843],[-35.22567,-6.52365]],[[-35.14873,-6.55252],[-35.14835,-6.55538],[-35.14423,-6.55546],[-35.14011,-6.54985],[-35.13558,-6.54899],[-35.12942,-6.53944],[-35.12295,-6.54274],[-35.11814,-6.53511],[-35.11127,-6.53375],[-35.10702,-6.54627],[-35.0999,-6.55854],[-35.09797,-6.56878],[-35.09969,-6.57492],[-35.09214,-6.58105],[-35.09007,-6.59333],[-35.08624,-6.60152],[-35.09686,-6.60051],[-35.09686,-6.59401],[-35.10235,-6.58199],[-35.11199,-6.58788],[-35.10833,-6.5947],[-35.11883,-6.5949],[-35.12125,-6.59129],[-35.11951,-6.58623],[-35.12432,-6.58739],[-35.12569,-6.5855],[-35.12505,-6.57969],[-35.12157,-6.5741],[-35.13119,-6.58153],[-35.13435,-6.57901],[-35.13539,-6.57423],[-35.13737,-6.5737],[-35.13961,-6.58037],[-35.1325,-6.58788],[-35.13234,-6.59265],[-35.14149,-6.59479],[-35.14492,-6.59205],[-35.14835,-6.59391],[-35.15195,-6.59333],[-35.15111,-6.58719],[-35.15347,-6.58105],[-35.15243,-6.57287],[-35.15385,-6.5718],[-35.15849,-6.58515],[-35.15857,-6.5906],[-35.16209,-6.59203],[-35.16604,-6.58856],[-35.16824,-6.58037],[-35.17101,-6.58758],[-35.17811,-6.58515],[-35.17961,-6.57696],[-35.17647,-6.56946],[-35.17857,-6.56759],[-35.18269,-6.57068],[-35.18749,-6.57078],[-35.18488,-6.57833],[-35.1855,-6.5831],[-35.18749,-6.58484],[-35.19299,-6.58501],[-35.20054,-6.5727],[-35.20124,-6.58242],[-35.19973,-6.58788],[-35.20397,-6.58755],[-35.20603,-6.59293],[-35.22182,-6.58127],[-35.22577,-6.58378],[-35.22492,-6.58856],[-35.21908,-6.58893],[-35.21373,-6.59401],[-35.2132,-6.59743],[-35.21564,-6.59974],[-35.22045,-6.59867],[-35.22045,-6.60276],[-35.22457,-6.6032],[-35.22601,-6.60834],[-35.23313,-6.61448],[-35.22437,-6.61448],[-35.21928,-6.60834],[-35.21427,-6.60758],[-35.21152,-6.6046],[-35.20809,-6.60603],[-35.19711,-6.59637],[-35.19436,-6.59636],[-35.19161,-6.60039],[-35.18887,-6.59594],[-35.17788,-6.59531],[-35.16621,-6.6041],[-35.16209,-6.60315],[-35.16042,-6.60493],[-35.16684,-6.6138],[-35.1717,-6.61623],[-35.17327,-6.6213],[-35.1717,-6.62306],[-35.16483,-6.61761],[-35.158,-6.61789],[-35.15732,-6.61311],[-35.15316,-6.61001],[-35.14423,-6.61727],[-35.14561,-6.60756],[-35.13256,-6.60846],[-35.12913,-6.61208],[-35.12569,-6.61046],[-35.10715,-6.61431],[-35.1053,-6.61925],[-35.11056,-6.62539],[-35.11835,-6.62607],[-35.11951,-6.63262],[-35.12501,-6.63443],[-35.13187,-6.62707],[-35.13187,-6.63678],[-35.14011,-6.62878],[-35.14286,-6.62882],[-35.14413,-6.63153],[-35.14002,-6.63835],[-35.14011,-6.64217],[-35.14286,-6.64282],[-35.14904,-6.63801],[-35.15103,-6.6404],[-35.14826,-6.64722],[-35.15385,-6.64621],[-35.15728,-6.65106],[-35.16326,-6.63971],[-35.16855,-6.64108],[-35.1717,-6.64688],[-35.17274,-6.64381],[-35.17068,-6.63903],[-35.17376,-6.63358],[-35.182,-6.63645],[-35.18221,-6.6288],[-35.18887,-6.6293],[-35.19642,-6.62218],[-35.19862,-6.62607],[-35.2044,-6.6288],[-35.199,-6.63153],[-35.19848,-6.63478],[-35.19419,-6.63835],[-35.19506,-6.64244],[-35.1908,-6.64449],[-35.18893,-6.64926],[-35.18536,-6.65199],[-35.18532,-6.6554],[-35.19367,-6.65261],[-35.19573,-6.65927],[-35.20191,-6.65396],[-35.20603,-6.66231],[-35.21225,-6.65676],[-35.21138,-6.65131],[-35.2177,-6.6509],[-35.2189,-6.64381],[-35.22251,-6.64355],[-35.22526,-6.63653],[-35.22668,-6.64176],[-35.2253,-6.64926],[-35.23418,-6.64899],[-35.23515,-6.65472],[-35.22869,-6.65524],[-35.22114,-6.65985],[-35.2185,-6.66358],[-35.21873,-6.66836],[-35.22114,-6.67021],[-35.228,-6.66851],[-35.2335,-6.67142],[-35.23899,-6.6708],[-35.24117,-6.6745],[-35.23891,-6.67927],[-35.24306,-6.68063],[-35.24311,-6.68667],[-35.2481,-6.68473],[-35.24956,-6.67518],[-35.26096,-6.67531],[-35.26227,-6.67177],[-35.2644,-6.67148],[-35.26783,-6.6779],[-35.2742,-6.67859],[-35.27744,-6.68549],[-35.28225,-6.67993],[-35.28637,-6.68072],[-35.28492,-6.69359],[-35.29096,-6.69223],[-35.29049,-6.70131],[-35.2953,-6.69539],[-35.29804,-6.68343],[-35.30082,-6.68745],[-35.30285,-6.70092],[-35.30903,-6.69142],[-35.31179,-6.69223],[-35.31246,-6.69831],[-35.31644,-6.69632],[-35.31284,-6.68609],[-35.31384,-6.68381],[-35.31856,-6.68336],[-35.31967,-6.69155],[-35.32413,-6.69595],[-35.32825,-6.68477],[-35.331,-6.68845],[-35.33718,-6.68509],[-35.34023,-6.68677],[-35.33403,-6.69155],[-35.33299,-6.697],[-35.34129,-6.69632],[-35.34022,-6.70109],[-35.34405,-6.70196],[-35.35091,-6.69323],[-35.3516,-6.7009],[-35.35703,-6.69973],[-35.35035,-6.70859],[-35.35207,-6.71064],[-35.35984,-6.71163],[-35.36465,-6.70691],[-35.37014,-6.70753],[-35.37357,-6.70109],[-35.3792,-6.70723],[-35.37882,-6.70996],[-35.37577,-6.712],[-35.3763,-6.71405],[-35.3825,-6.71629],[-35.39005,-6.71197],[-35.39157,-6.71473],[-35.38525,-6.71905],[-35.37975,-6.7201],[-35.37074,-6.71405],[-35.3669,-6.71473],[-35.36671,-6.71853],[-35.37362,-6.72155],[-35.37289,-6.72796],[-35.3686,-6.72292],[-35.36259,-6.72054],[-35.36063,-6.72155],[-35.36121,-6.72736],[-35.35709,-6.72487],[-35.35366,-6.72656],[-35.34954,-6.72355],[-35.34771,-6.73178],[-35.35105,-6.73655],[-35.35023,-6.7378],[-35.3396,-6.73587],[-35.34479,-6.73042],[-35.34511,-6.72769],[-35.34336,-6.72336],[-35.33924,-6.72737],[-35.33789,-6.72087],[-35.33512,-6.71809],[-35.33375,-6.72003],[-35.32619,-6.71868],[-35.32692,-6.72223],[-35.32551,-6.72326],[-35.31894,-6.72223],[-35.3207,-6.72614],[-35.32482,-6.72523],[-35.33433,-6.73451],[-35.32619,-6.73818],[-35.32139,-6.73548],[-35.31658,-6.74161],[-35.31315,-6.73555],[-35.30697,-6.73699],[-35.30148,-6.73333],[-35.299,-6.73451],[-35.29873,-6.73851],[-35.29392,-6.74055],[-35.28948,-6.73655],[-35.29027,-6.73383],[-35.28431,-6.73224],[-35.28218,-6.73314],[-35.28088,-6.73717],[-35.27401,-6.73606],[-35.27401,-6.73119],[-35.2692,-6.7329],[-35.26646,-6.73003],[-35.2644,-6.73477],[-35.25135,-6.73466],[-35.24235,-6.7311],[-35.24632,-6.72428],[-35.24448,-6.7139],[-35.24098,-6.71269],[-35.2418,-6.70587],[-35.23487,-6.70231],[-35.228,-6.70484],[-35.22663,-6.70076],[-35.22065,-6.69973],[-35.22292,-6.69359],[-35.21702,-6.69281],[-35.21597,-6.68882],[-35.20798,-6.68677],[-35.2064,-6.69632],[-35.19985,-6.70353],[-35.197,-6.69155],[-35.20168,-6.68132],[-35.19299,-6.67875],[-35.18955,-6.68495],[-35.18216,-6.68541],[-35.18472,-6.69018],[-35.18338,-6.697],[-35.17734,-6.69905],[-35.17513,-6.705],[-35.17355,-6.70314],[-35.17478,-6.69496],[-35.16936,-6.68814],[-35.16895,-6.67661],[-35.16277,-6.67759],[-35.15797,-6.67404],[-35.15247,-6.67447],[-35.15042,-6.67722],[-35.15063,-6.70041],[-35.15627,-6.71473],[-35.16415,-6.71623],[-35.1662,-6.71882],[-35.16563,-6.72087],[-35.16093,-6.72292],[-35.16234,-6.72973],[-35.16071,-6.73157],[-35.15659,-6.72937],[-35.15342,-6.7236],[-35.14673,-6.72292],[-35.14297,-6.71269],[-35.13943,-6.70842],[-35.13496,-6.71132],[-35.13225,-6.71814],[-35.12913,-6.7192],[-35.12992,-6.70723],[-35.13339,-6.7045],[-35.13307,-6.70041],[-35.1381,-6.69768],[-35.13534,-6.69086],[-35.13683,-6.68473],[-35.13531,-6.67844],[-35.12981,-6.68134],[-35.13119,-6.66832],[-35.12707,-6.66732],[-35.12495,-6.67177],[-35.12226,-6.67281],[-35.11787,-6.66836],[-35.11828,-6.66358],[-35.11333,-6.66137],[-35.10715,-6.67636],[-35.10529,-6.66427],[-35.10107,-6.65881],[-35.10198,-6.65404],[-35.09823,-6.65521],[-35.09274,-6.64741],[-35.08999,-6.6469],[-35.08312,-6.66033],[-35.08081,-6.64312],[-35.07586,-6.63835],[-35.07076,-6.63665],[-35.06552,-6.64722],[-35.06501,-6.66154],[-35.06115,-6.66323],[-35.05634,-6.66109],[-35.05154,-6.66385],[-35.04604,-6.6643],[-35.04361,-6.66768],[-35.04394,-6.67177],[-35.05222,-6.67938],[-35.05634,-6.67316],[-35.06007,-6.67381],[-35.06026,-6.68745],[-35.06596,-6.69191],[-35.07214,-6.69431],[-35.08793,-6.69446],[-35.09157,-6.69837],[-35.08656,-6.69761],[-35.07076,-6.70085],[-35.04879,-6.69521],[-35.04287,-6.7045],[-35.05154,-6.71028],[-35.05634,-6.70965],[-35.05978,-6.7117],[-35.07076,-6.71029],[-35.07557,-6.71589],[-35.08038,-6.71637],[-35.0848,-6.71405],[-35.09055,-6.72292],[-35.10284,-6.72837],[-35.10324,-6.73178],[-35.10695,-6.73451],[-35.10441,-6.73576],[-35.09205,-6.73195],[-35.08587,-6.73459],[-35.08312,-6.73031],[-35.0742,-6.72464],[-35.07008,-6.7286],[-35.06321,-6.72593],[-35.05497,-6.72658],[-35.04879,-6.73477],[-35.04261,-6.72446],[-35.03094,-6.72112],[-35.0275,-6.72196],[-35.02407,-6.7288],[-35.01698,-6.73042],[-35.02002,-6.73451],[-35.01789,-6.74065],[-35.01926,-6.74247],[-35.02476,-6.74311],[-35.03025,-6.74009],[-35.033,-6.74853],[-35.0378,-6.74985],[-35.05566,-6.74077],[-35.06596,-6.74031],[-35.07077,-6.74405],[-35.06596,-6.74649],[-35.05566,-6.7589],[-35.04864,-6.7611],[-35.05566,-6.77376],[-35.04673,-6.77517],[-35.04055,-6.77079],[-35.02956,-6.77218],[-35.02956,-6.77707],[-35.0378,-6.78297],[-35.05222,-6.78605],[-35.05879,-6.78428],[-35.05736,-6.77951],[-35.05909,-6.7756],[-35.06654,-6.77406],[-35.0687,-6.77044],[-35.07214,-6.77209],[-35.07488,-6.77054],[-35.07832,-6.7714],[-35.07355,-6.76042],[-35.0845,-6.7528],[-35.09017,-6.75769],[-35.0948,-6.758],[-35.0948,-6.76824],[-35.10029,-6.76644],[-35.10921,-6.75246],[-35.10974,-6.75906],[-35.11196,-6.76167],[-35.11951,-6.75631],[-35.12295,-6.76064],[-35.12913,-6.75756],[-35.13033,-6.76315],[-35.12227,-6.77542],[-35.12094,-6.78292],[-35.09548,-6.78601],[-35.08724,-6.79532],[-35.08631,-6.79997],[-35.09754,-6.80465],[-35.10509,-6.80377],[-35.11265,-6.80598],[-35.11773,-6.80201],[-35.1177,-6.79656],[-35.11951,-6.79574],[-35.1229,-6.79929],[-35.12363,-6.80371],[-35.12638,-6.80554],[-35.13119,-6.80209],[-35.13349,-6.80269],[-35.13485,-6.80815],[-35.13339,-6.81497],[-35.13674,-6.82042],[-35.15385,-6.81936],[-35.15639,-6.81769],[-35.15657,-6.81428],[-35.14655,-6.79929],[-35.14296,-6.78701],[-35.14355,-6.7828],[-35.15865,-6.8017],[-35.16209,-6.80296],[-35.16395,-6.7986],[-35.15632,-6.77406],[-35.1511,-6.76804],[-35.14698,-6.75885],[-35.14904,-6.75834],[-35.16158,-6.76656],[-35.16432,-6.77883],[-35.16895,-6.78378],[-35.17236,-6.77883],[-35.17128,-6.76792],[-35.17376,-6.76209],[-35.18612,-6.76499],[-35.18501,-6.77542],[-35.19024,-6.77844],[-35.2026,-6.77021],[-35.20809,-6.77506],[-35.20878,-6.77023],[-35.21427,-6.77131],[-35.21672,-6.76997],[-35.21226,-6.76383],[-35.21908,-6.76327],[-35.22182,-6.76548],[-35.22285,-6.76383],[-35.21976,-6.75915],[-35.2111,-6.75633],[-35.21192,-6.75019],[-35.20444,-6.74951],[-35.20809,-6.74819],[-35.20927,-6.74405],[-35.21702,-6.74448],[-35.22182,-6.74134],[-35.22732,-6.74901],[-35.23281,-6.74643],[-35.23556,-6.74985],[-35.24517,-6.74575],[-35.24471,-6.73996],[-35.24723,-6.73907],[-35.26165,-6.74324],[-35.26263,-6.74542],[-35.26021,-6.75428],[-35.26508,-6.75201],[-35.27052,-6.7536],[-35.27252,-6.76042],[-35.26714,-6.76441],[-35.26371,-6.7617],[-35.25684,-6.76586],[-35.25272,-6.76044],[-35.2486,-6.76522],[-35.24605,-6.76383],[-35.2438,-6.76916],[-35.24174,-6.76767],[-35.23899,-6.7706],[-35.23451,-6.77133],[-35.2362,-6.77338],[-35.24174,-6.77409],[-35.24726,-6.77951],[-35.23281,-6.77833],[-35.23136,-6.78019],[-35.23634,-6.78701],[-35.22852,-6.79792],[-35.23305,-6.79929],[-35.23468,-6.80951],[-35.24105,-6.81668],[-35.24448,-6.81347],[-35.25204,-6.8147],[-35.25398,-6.82042],[-35.25616,-6.82105],[-35.26234,-6.81385],[-35.26283,-6.81769],[-35.26781,-6.82042],[-35.26556,-6.81292],[-35.26646,-6.81068],[-35.28706,-6.80321],[-35.28942,-6.80065],[-35.29105,-6.79178],[-35.28304,-6.78701],[-35.28342,-6.78497],[-35.28912,-6.78182],[-35.29255,-6.78533],[-35.29667,-6.78534],[-35.30216,-6.7769],[-35.30422,-6.78406],[-35.31864,-6.78568],[-35.32139,-6.78157],[-35.32413,-6.78202],[-35.32894,-6.77788],[-35.33253,-6.78019],[-35.32848,-6.78292],[-35.32803,-6.78701],[-35.32345,-6.78852],[-35.32207,-6.79332],[-35.31727,-6.79319],[-35.31521,-6.79918],[-35.30616,-6.79792],[-35.30375,-6.80542],[-35.31612,-6.80678],[-35.30766,-6.81586],[-35.30714,-6.81906],[-35.31178,-6.81865],[-35.31288,-6.81428],[-35.3159,-6.81254],[-35.32482,-6.81288],[-35.32757,-6.81096],[-35.3341,-6.81497],[-35.33626,-6.80883],[-35.33423,-6.80542],[-35.33924,-6.80143],[-35.34267,-6.79368],[-35.34494,-6.79383],[-35.34748,-6.79856],[-35.3619,-6.79585],[-35.36339,-6.79997],[-35.35297,-6.8004],[-35.35091,-6.80519],[-35.34817,-6.80533],[-35.34509,-6.81019],[-35.34714,-6.81428],[-35.34611,-6.81821],[-35.35297,-6.81891],[-35.35778,-6.81272],[-35.36143,-6.81906],[-35.35942,-6.82656],[-35.35297,-6.82724],[-35.34571,-6.83474],[-35.36121,-6.83131],[-35.36602,-6.82781],[-35.36854,-6.82928],[-35.36787,-6.83406],[-35.3722,-6.83164],[-35.38044,-6.83441],[-35.38799,-6.833],[-35.38869,-6.83133],[-35.37636,-6.82724],[-35.37318,-6.82315],[-35.37209,-6.81769],[-35.38181,-6.81419],[-35.38456,-6.8158],[-35.38675,-6.81224],[-35.38457,-6.80883],[-35.38731,-6.80437],[-35.39349,-6.81225],[-35.39967,-6.81154],[-35.40447,-6.81565],[-35.40791,-6.81442],[-35.40864,-6.81088],[-35.4134,-6.80717],[-35.41683,-6.80905],[-35.42507,-6.80876],[-35.42645,-6.80313],[-35.43344,-6.79792],[-35.43544,-6.79315],[-35.42896,-6.78224],[-35.44224,-6.78802],[-35.45048,-6.79549],[-35.45803,-6.78871],[-35.46078,-6.79266],[-35.46352,-6.79144],[-35.46404,-6.78224],[-35.45654,-6.77678],[-35.46146,-6.77761],[-35.46696,-6.78224],[-35.46558,-6.77348],[-35.46902,-6.76621],[-35.47081,-6.76792],[-35.4688,-6.77542],[-35.47314,-6.7792],[-35.47932,-6.77713],[-35.48069,-6.774],[-35.4855,-6.77355],[-35.49374,-6.77639],[-35.50335,-6.76787],[-35.50651,-6.76928],[-35.50443,-6.77542],[-35.49442,-6.78297],[-35.48618,-6.78115],[-35.47925,-6.78497],[-35.49305,-6.79013],[-35.49612,-6.78974],[-35.49786,-6.79276],[-35.50541,-6.79358],[-35.51708,-6.79965],[-35.49442,-6.79549],[-35.48824,-6.79278],[-35.48412,-6.79633],[-35.47176,-6.78746],[-35.47038,-6.79178],[-35.46558,-6.79661],[-35.45581,-6.7986],[-35.46078,-6.80474],[-35.46482,-6.80678],[-35.46902,-6.81662],[-35.4546,-6.80414],[-35.44361,-6.7983],[-35.43949,-6.79891],[-35.43521,-6.80406],[-35.443,-6.80883],[-35.44262,-6.8136],[-35.45098,-6.81974],[-35.44567,-6.82167],[-35.44018,-6.82016],[-35.43662,-6.82383],[-35.434,-6.8315],[-35.42909,-6.83133],[-35.42878,-6.83815],[-35.42435,-6.83951],[-35.422,-6.84292],[-35.42285,-6.84906],[-35.42782,-6.8518],[-35.43606,-6.8489],[-35.4388,-6.85061],[-35.44842,-6.84696],[-35.45039,-6.84974],[-35.4489,-6.85655],[-35.45254,-6.85747],[-35.46146,-6.85361],[-35.46558,-6.85516],[-35.47451,-6.85434],[-35.48275,-6.85745],[-35.48618,-6.84996],[-35.48824,-6.85228],[-35.49442,-6.85053],[-35.49733,-6.86064],[-35.4903,-6.85783],[-35.4855,-6.86463],[-35.47583,-6.86542],[-35.49006,-6.87087],[-35.48962,-6.87499],[-35.48481,-6.87479],[-35.48204,-6.87769],[-35.47843,-6.88314],[-35.47932,-6.88621],[-35.48138,-6.88662],[-35.48401,-6.88178],[-35.48893,-6.88029],[-35.49051,-6.88178],[-35.48893,-6.88549],[-35.4958,-6.88667],[-35.50266,-6.87665],[-35.50037,-6.88382],[-35.50129,-6.88625],[-35.50953,-6.88806],[-35.51285,-6.8845],[-35.5127,-6.88791],[-35.50884,-6.89268],[-35.5109,-6.89517],[-35.51914,-6.89365],[-35.52258,-6.89613],[-35.52807,-6.89466],[-35.54158,-6.89541],[-35.52818,-6.90018],[-35.53219,-6.90731],[-35.52189,-6.90025],[-35.51996,-6.90086],[-35.52052,-6.90537],[-35.51708,-6.90517],[-35.51365,-6.90296],[-35.50816,-6.9031],[-35.50335,-6.89831],[-35.49786,-6.89833],[-35.49305,-6.90072],[-35.48756,-6.89562],[-35.48319,-6.90155],[-35.49168,-6.90469],[-35.49317,-6.90836],[-35.48412,-6.90621],[-35.47932,-6.90825],[-35.47713,-6.907],[-35.47896,-6.90359],[-35.47726,-6.90014],[-35.47314,-6.89749],[-35.46764,-6.89946],[-35.4649,-6.89138],[-35.45707,-6.88928],[-35.4586,-6.88655],[-35.45666,-6.87544],[-35.44932,-6.88041],[-35.45665,-6.88178],[-35.44892,-6.88928],[-35.45048,-6.89236],[-35.45666,-6.89421],[-35.45817,-6.89746],[-35.4491,-6.89802],[-35.44704,-6.90021],[-35.45589,-6.90632],[-35.46975,-6.90973],[-35.47395,-6.91654],[-35.46764,-6.9167],[-35.4649,-6.92169],[-35.46215,-6.91691],[-35.45528,-6.92343],[-35.45702,-6.91654],[-35.45528,-6.91503],[-35.45185,-6.91791],[-35.45178,-6.9254],[-35.44779,-6.92949],[-35.4538,-6.93699],[-35.45011,-6.94313],[-35.45581,-6.94517],[-35.45166,-6.94926],[-35.45121,-6.95267],[-35.45533,-6.95131],[-35.45521,-6.96017],[-35.46101,-6.96289],[-35.46375,-6.96766],[-35.45872,-6.96881],[-35.45632,-6.96562],[-35.45185,-6.96595],[-35.45064,-6.96221],[-35.44842,-6.96159],[-35.44796,-6.97039],[-35.45146,-6.9813],[-35.45104,-6.98538],[-35.45275,-6.98743],[-35.45714,-6.98743],[-35.4587,-6.99493],[-35.46352,-6.99747],[-35.46764,-6.99684],[-35.46764,-7.00131],[-35.47588,-7.00187],[-35.47864,-7.00447],[-35.47964,-7.00788],[-35.47039,-7.00578],[-35.46764,-7.01046],[-35.46558,-7.00662],[-35.46167,-7.00651],[-35.4649,-7.01196],[-35.4633,-7.02082],[-35.46549,-7.02628],[-35.47314,-7.0221],[-35.48206,-7.02471],[-35.48356,-7.02082],[-35.4861,-7.02014],[-35.49087,-7.02491],[-35.49442,-7.03234],[-35.50284,-7.02628],[-35.499,-7.03036],[-35.49786,-7.03619],[-35.4958,-7.0364],[-35.49442,-7.03335],[-35.48962,-7.03058],[-35.48618,-7.0238],[-35.48412,-7.03092],[-35.48069,-7.02844],[-35.47245,-7.02711],[-35.46926,-7.03105],[-35.47238,-7.03582],[-35.46833,-7.03802],[-35.4649,-7.03652],[-35.46009,-7.03803],[-35.45684,-7.04127],[-35.45658,-7.04672],[-35.45272,-7.04604],[-35.45139,-7.04399],[-35.45377,-7.03309],[-35.44095,-7.02968],[-35.44984,-7.02287],[-35.4491,-7.02042],[-35.44361,-7.02017],[-35.44183,-7.01537],[-35.43799,-7.01333],[-35.4446,-7.00515],[-35.4443,-7.00201],[-35.44018,-7.00664],[-35.43606,-7.00691],[-35.42782,-7.01332],[-35.42507,-7.01054],[-35.42233,-7.0115],[-35.42019,-7.00992],[-35.4236,-7.00106],[-35.42237,-6.99629],[-35.42517,-6.99424],[-35.42548,-6.99016],[-35.42421,-6.97721],[-35.41958,-6.97148],[-35.41699,-6.97312],[-35.4154,-6.97789],[-35.41998,-6.98334],[-35.42041,-6.98743],[-35.41752,-6.99333],[-35.41169,-6.99356],[-35.41067,-6.99765],[-35.41251,-7.00038],[-35.40859,-7.00556],[-35.4056,-7.00583],[-35.39967,-7.00073],[-35.39555,-7.00139],[-35.39527,-6.9997],[-35.39994,-6.99629],[-35.40274,-6.9847],[-35.39645,-6.9738],[-35.38668,-6.96289],[-35.38593,-6.95709],[-35.38215,-6.95812],[-35.38416,-6.9663],[-35.38096,-6.96903],[-35.38423,-6.97721],[-35.38198,-6.98061],[-35.38911,-6.98675],[-35.38208,-6.98947],[-35.37975,-6.99287],[-35.37701,-6.98515],[-35.37485,-6.99016],[-35.37014,-6.99344],[-35.37204,-6.98675],[-35.37083,-6.98225],[-35.36808,-6.98101],[-35.36327,-6.98433],[-35.36069,-6.98198],[-35.36616,-6.9738],[-35.36602,-6.96846],[-35.35915,-6.97552],[-35.35435,-6.97584],[-35.35061,-6.97448],[-35.35023,-6.97066],[-35.34542,-6.97063],[-35.34336,-6.96696],[-35.34095,-6.96903],[-35.34175,-6.97448],[-35.33855,-6.97915],[-35.33626,-6.9738],[-35.33229,-6.97243],[-35.33086,-6.96903],[-35.32619,-6.9727],[-35.32345,-6.96971],[-35.3207,-6.97151],[-35.31452,-6.96834],[-35.30422,-6.96959],[-35.3056,-6.96316],[-35.29598,-6.96153],[-35.29461,-6.95974],[-35.29255,-6.96155],[-35.28912,-6.96082],[-35.28637,-6.95398],[-35.28019,-6.95555],[-35.27545,-6.95403],[-35.27538,-6.95093],[-35.28258,-6.94381],[-35.28294,-6.93655],[-35.28912,-6.94009],[-35.29574,-6.93836],[-35.29334,-6.93563],[-35.2932,-6.93154],[-35.29805,-6.92881],[-35.30328,-6.91859],[-35.30036,-6.90904],[-35.30079,-6.90378],[-35.29598,-6.90469],[-35.29324,-6.902],[-35.29125,-6.90359],[-35.29341,-6.9145],[-35.29713,-6.91859],[-35.2953,-6.92129],[-35.2898,-6.91688],[-35.28362,-6.92022],[-35.27882,-6.91699],[-35.27538,-6.91118],[-35.27176,-6.91177],[-35.26989,-6.9154],[-35.26646,-6.91364],[-35.26362,-6.91518],[-35.26447,-6.92063],[-35.26714,-6.92415],[-35.27126,-6.92523],[-35.27566,-6.93699],[-35.27195,-6.94256],[-35.26165,-6.94685],[-35.25918,-6.94517],[-35.25684,-6.93722],[-35.25478,-6.93628],[-35.25066,-6.93812],[-35.2486,-6.94138],[-35.23899,-6.9456],[-35.23605,-6.93904],[-35.23131,-6.93972],[-35.23159,-6.93427],[-35.22114,-6.93181],[-35.2177,-6.92673],[-35.21221,-6.92665],[-35.20947,-6.92001],[-35.20466,-6.92079],[-35.2026,-6.92408],[-35.18887,-6.93235],[-35.18111,-6.92813],[-35.18189,-6.91927],[-35.19081,-6.91245],[-35.19417,-6.90495],[-35.19367,-6.90072],[-35.20026,-6.90018],[-35.20484,-6.89473],[-35.20054,-6.88932],[-35.19299,-6.8928],[-35.18955,-6.88643],[-35.18406,-6.88915],[-35.17925,-6.88385],[-35.17307,-6.88871],[-35.17014,-6.89473],[-35.16257,-6.8995],[-35.15934,-6.90472],[-35.15659,-6.89604],[-35.15076,-6.90223],[-35.15636,-6.90836],[-35.15192,-6.91245],[-35.15591,-6.91363],[-35.15797,-6.91125],[-35.16209,-6.91266],[-35.16621,-6.9106],[-35.17152,-6.9145],[-35.16552,-6.919],[-35.16207,-6.92472],[-35.16323,-6.92745],[-35.17323,-6.9329],[-35.17239,-6.93557],[-35.16646,-6.93767],[-35.16808,-6.94244],[-35.17445,-6.94501],[-35.17925,-6.93804],[-35.19367,-6.93964],[-35.20809,-6.93003],[-35.22204,-6.93836],[-35.22251,-6.94275],[-35.2177,-6.94888],[-35.21432,-6.94653],[-35.21613,-6.93767],[-35.21152,-6.93421],[-35.19917,-6.94426],[-35.18178,-6.94653],[-35.1813,-6.94994],[-35.1845,-6.95267],[-35.1925,-6.95267],[-35.18838,-6.96017],[-35.19371,-6.96698],[-35.2026,-6.96833],[-35.21152,-6.96101],[-35.20918,-6.96766],[-35.21084,-6.97054],[-35.22526,-6.97068],[-35.22869,-6.96737],[-35.23487,-6.9707],[-35.24105,-6.96873],[-35.24199,-6.97107],[-35.24036,-6.97385],[-35.23418,-6.97495],[-35.21015,-6.97603],[-35.20774,-6.97925],[-35.21633,-6.99301],[-35.22114,-6.99526],[-35.24311,-6.99723],[-35.24311,-6.99978],[-35.228,-6.99829],[-35.22182,-7.00098],[-35.21564,-6.99903],[-35.20603,-6.98594],[-35.19985,-6.98589],[-35.19848,-6.98292],[-35.19985,-6.99528],[-35.20672,-7.00207],[-35.20617,-7.00651],[-35.21188,-7.01128],[-35.21129,-7.01537],[-35.22823,-7.02287],[-35.22182,-7.02404],[-35.22114,-7.02938],[-35.21084,-7.02219],[-35.20729,-7.02287],[-35.20593,-7.02968],[-35.21667,-7.03991],[-35.20054,-7.0382],[-35.19854,-7.04195],[-35.20268,-7.04672],[-35.19374,-7.04876],[-35.20384,-7.05353],[-35.20442,-7.06035],[-35.20123,-7.06277],[-35.19505,-7.0622],[-35.19161,-7.05858],[-35.18681,-7.05837],[-35.18571,-7.06444],[-35.17719,-7.07067],[-35.182,-7.07258],[-35.19699,-7.06784],[-35.20123,-7.06408],[-35.20535,-7.06491],[-35.2107,-7.05285],[-35.21976,-7.04913],[-35.22156,-7.05081],[-35.21928,-7.05558],[-35.21969,-7.06171],[-35.22388,-7.06176],[-35.22526,-7.05713],[-35.2301,-7.05626],[-35.2335,-7.04944],[-35.24105,-7.0556],[-35.24882,-7.05694],[-35.24929,-7.06047],[-35.25616,-7.06391],[-35.25767,-7.06239],[-35.25616,-7.05825],[-35.26394,-7.05762],[-35.26047,-7.05285],[-35.26466,-7.05013],[-35.26488,-7.04468],[-35.27676,-7.0387],[-35.28156,-7.02867],[-35.28294,-7.02804],[-35.28441,-7.03036],[-35.28098,-7.03309],[-35.27882,-7.04022],[-35.26971,-7.04672],[-35.26796,-7.05353],[-35.2692,-7.05687],[-35.2747,-7.05628],[-35.27966,-7.05967],[-35.26989,-7.06007],[-35.26714,-7.06349],[-35.26371,-7.06368],[-35.26301,-7.06716],[-35.25929,-7.06921],[-35.26028,-7.07397],[-35.25616,-7.07153],[-35.2486,-7.07152],[-35.24586,-7.0737],[-35.23693,-7.07465],[-35.23624,-7.07949],[-35.23281,-7.07704],[-35.22457,-7.08171],[-35.22045,-7.07912],[-35.21732,-7.08488],[-35.21084,-7.08664],[-35.20878,-7.08943],[-35.20123,-7.08758],[-35.19616,-7.08965],[-35.20329,-7.09082],[-35.2129,-7.09575],[-35.22255,-7.0951],[-35.21976,-7.09984],[-35.19779,-7.09867],[-35.17943,-7.10396],[-35.17101,-7.10869],[-35.17033,-7.11102],[-35.17925,-7.11229],[-35.17998,-7.11622],[-35.17445,-7.1191],[-35.16403,-7.11963],[-35.16384,-7.12508],[-35.16895,-7.12488],[-35.17445,-7.11985],[-35.18337,-7.11972],[-35.19161,-7.113],[-35.19711,-7.11274],[-35.20466,-7.10744],[-35.20692,-7.10805],[-35.20744,-7.11486],[-35.19486,-7.12031],[-35.1951,-7.12372],[-35.19893,-7.12781],[-35.19573,-7.13466],[-35.18648,-7.1353],[-35.1949,-7.13871],[-35.19631,-7.14484],[-35.20123,-7.14403],[-35.20408,-7.14075],[-35.20052,-7.13189],[-35.20603,-7.12782],[-35.20989,-7.11963],[-35.21318,-7.11759],[-35.21228,-7.11214],[-35.21383,-7.10805],[-35.22045,-7.10699],[-35.22594,-7.10313],[-35.23418,-7.10605],[-35.23624,-7.09526],[-35.24105,-7.09414],[-35.24207,-7.09101],[-35.24723,-7.08932],[-35.24929,-7.08591],[-35.25684,-7.08821],[-35.26028,-7.09345],[-35.26502,-7.09169],[-35.26264,-7.08761],[-35.26371,-7.08573],[-35.27607,-7.08365],[-35.27828,-7.08624],[-35.27614,-7.08965],[-35.27744,-7.09058],[-35.28031,-7.08761],[-35.28019,-7.08417],[-35.28362,-7.0842],[-35.28706,-7.0875],[-35.28831,-7.08488],[-35.28706,-7.08025],[-35.29598,-7.08034],[-35.29915,-7.07602],[-35.30285,-7.0748],[-35.30216,-7.08433],[-35.30609,-7.07943],[-35.31178,-7.07671],[-35.30981,-7.08352],[-35.31727,-7.08206],[-35.31727,-7.08571],[-35.32139,-7.08744],[-35.32359,-7.07875],[-35.32957,-7.07807],[-35.33031,-7.06865],[-35.33486,-7.07125],[-35.33581,-7.08178],[-35.33855,-7.08338],[-35.34336,-7.08244],[-35.33928,-7.07534],[-35.33772,-7.06784],[-35.34146,-7.06853],[-35.34339,-7.07261],[-35.34755,-7.07261],[-35.34023,-7.0583],[-35.34267,-7.05584],[-35.35091,-7.05911],[-35.35224,-7.0549],[-35.35366,-7.05551],[-35.35757,-7.05899],[-35.35747,-7.06307],[-35.36053,-7.06947],[-35.36671,-7.07063],[-35.36945,-7.0652],[-35.37151,-7.06502],[-35.37357,-7.07134],[-35.3825,-7.07219],[-35.38972,-7.06444],[-35.39143,-7.05903],[-35.39486,-7.06304],[-35.40241,-7.0561],[-35.39761,-7.06963],[-35.39417,-7.07019],[-35.3928,-7.07307],[-35.38937,-7.07326],[-35.38868,-7.07837],[-35.38319,-7.07937],[-35.38162,-7.08147],[-35.3825,-7.08373],[-35.39148,-7.08284],[-35.39415,-7.08965],[-35.39211,-7.09375],[-35.39829,-7.09103],[-35.39898,-7.08569],[-35.4031,-7.07977],[-35.41134,-7.08649],[-35.4134,-7.09303],[-35.42507,-7.08863],[-35.42822,-7.08965],[-35.42988,-7.09372],[-35.43674,-7.09213],[-35.44498,-7.09303],[-35.44979,-7.0899],[-35.45322,-7.08373],[-35.4673,-7.08556],[-35.45414,-7.08761],[-35.44773,-7.09863],[-35.4424,-7.10055],[-35.44328,-7.10532],[-35.43125,-7.1065],[-35.42439,-7.10444],[-35.41854,-7.10805],[-35.41798,-7.11486],[-35.42439,-7.12042],[-35.42576,-7.12503],[-35.42986,-7.12713],[-35.42975,-7.13121],[-35.43693,-7.13121],[-35.43315,-7.13462],[-35.43277,-7.13871],[-35.44671,-7.1462],[-35.43916,-7.14893],[-35.44704,-7.15737],[-35.44292,-7.15702],[-35.43468,-7.15113],[-35.428,-7.15302],[-35.42919,-7.15793],[-35.42484,-7.1571],[-35.42793,-7.15097],[-35.42039,-7.14211],[-35.42264,-7.13871],[-35.42282,-7.13258],[-35.41889,-7.13158],[-35.41615,-7.12707],[-35.40622,-7.1244],[-35.41112,-7.1135],[-35.41016,-7.10873],[-35.40585,-7.1056],[-35.39148,-7.10464],[-35.39417,-7.11102],[-35.38868,-7.11089],[-35.38681,-7.11282],[-35.39552,-7.12031],[-35.3928,-7.1257],[-35.38731,-7.12436],[-35.38044,-7.1267],[-35.37769,-7.12077],[-35.37426,-7.12166],[-35.36969,-7.11827],[-35.36945,-7.11148],[-35.36533,-7.11584],[-35.3619,-7.11203],[-35.35984,-7.12291],[-35.35572,-7.12011],[-35.35229,-7.12535],[-35.34624,-7.12372],[-35.33394,-7.13462],[-35.33581,-7.13914],[-35.34021,-7.14075],[-35.33695,-7.14552],[-35.3418,-7.14688],[-35.34611,-7.15141],[-35.35641,-7.14987],[-35.35984,-7.13924],[-35.36292,-7.14007],[-35.36396,-7.14534],[-35.36739,-7.14397],[-35.36735,-7.15029],[-35.3711,-7.15097],[-35.37357,-7.16104],[-35.37563,-7.16162],[-35.37907,-7.15716],[-35.37943,-7.16187],[-35.38283,-7.16392],[-35.37907,-7.16633],[-35.37838,-7.17109],[-35.36121,-7.1646],[-35.35871,-7.16596],[-35.35832,-7.16868],[-35.36808,-7.18088],[-35.37495,-7.18432],[-35.38525,-7.18606],[-35.38593,-7.18849],[-35.38181,-7.18734],[-35.37632,-7.19048],[-35.37083,-7.19091],[-35.36602,-7.18746],[-35.3619,-7.19194],[-35.35998,-7.1898],[-35.36091,-7.1864],[-35.35847,-7.18367],[-35.35366,-7.18521],[-35.3516,-7.18874],[-35.34644,-7.1898],[-35.35162,-7.19594],[-35.34748,-7.19894],[-35.34199,-7.19573],[-35.33718,-7.20102],[-35.33548,-7.19866],[-35.33747,-7.19321],[-35.33129,-7.19185],[-35.33331,-7.18776],[-35.33237,-7.18584],[-35.32413,-7.18692],[-35.32207,-7.1845],[-35.31727,-7.18414],[-35.3245,-7.19117],[-35.32139,-7.19697],[-35.31933,-7.19646],[-35.31521,-7.1895],[-35.31246,-7.19503],[-35.30834,-7.1944],[-35.30658,-7.1898],[-35.31174,-7.18776],[-35.30815,-7.18435],[-35.30948,-7.17959],[-35.30491,-7.174],[-35.30354,-7.18592],[-35.29461,-7.1815],[-35.29186,-7.18564],[-35.28706,-7.18591],[-35.27401,-7.17483],[-35.27395,-7.18095],[-35.27882,-7.18549],[-35.28568,-7.18783],[-35.28637,-7.19439],[-35.29118,-7.19028],[-35.29894,-7.19321],[-35.30158,-7.20002],[-35.29532,-7.20411],[-35.29736,-7.20649],[-35.30766,-7.20082],[-35.31315,-7.2035],[-35.31452,-7.19792],[-35.32345,-7.20071],[-35.32825,-7.19663],[-35.331,-7.20327],[-35.33924,-7.20646],[-35.34061,-7.20301],[-35.34473,-7.20317],[-35.34817,-7.19983],[-35.36053,-7.20446],[-35.36533,-7.2041],[-35.36645,-7.20752],[-35.36429,-7.21092],[-35.36671,-7.21392],[-35.37412,-7.20683],[-35.37975,-7.20729],[-35.38113,-7.20058],[-35.39349,-7.20176],[-35.39379,-7.20547],[-35.39862,-7.21092],[-35.38229,-7.21433],[-35.38186,-7.22182],[-35.3787,-7.22863],[-35.37954,-7.23204],[-35.38113,-7.23312],[-35.38525,-7.23035],[-35.38868,-7.23526],[-35.40363,-7.23613],[-35.41181,-7.24294],[-35.40447,-7.24571],[-35.39761,-7.24207],[-35.38868,-7.24555],[-35.38456,-7.24373],[-35.38272,-7.24703],[-35.38662,-7.24958],[-35.39005,-7.24819],[-35.3935,-7.24975],[-35.39207,-7.25452],[-35.39532,-7.25452],[-35.39692,-7.25812],[-35.40104,-7.259],[-35.4031,-7.26167],[-35.41752,-7.26473],[-35.41624,-7.2695],[-35.42301,-7.27475],[-35.41613,-7.27427],[-35.41134,-7.2697],[-35.40104,-7.26645],[-35.39692,-7.2681],[-35.39211,-7.26535],[-35.38731,-7.26545],[-35.38048,-7.25997],[-35.37838,-7.25504],[-35.37014,-7.25379],[-35.36602,-7.25061],[-35.36094,-7.25179],[-35.36385,-7.24498],[-35.35984,-7.23491],[-35.35366,-7.23384],[-35.33993,-7.2367],[-35.33649,-7.23099],[-35.33375,-7.22992],[-35.331,-7.23174],[-35.32139,-7.22415],[-35.31921,-7.22591],[-35.31882,-7.23272],[-35.32619,-7.23454],[-35.32877,-7.24021],[-35.32413,-7.24183],[-35.31864,-7.23896],[-35.31084,-7.23885],[-35.31092,-7.24158],[-35.31452,-7.24202],[-35.3191,-7.24566],[-35.31492,-7.24771],[-35.31658,-7.25383],[-35.32001,-7.25163],[-35.32551,-7.25407],[-35.32963,-7.25206],[-35.33212,-7.25792],[-35.33512,-7.25938],[-35.33924,-7.2545],[-35.34679,-7.2534],[-35.34787,-7.2552],[-35.34631,-7.2586],[-35.35023,-7.26256],[-35.35703,-7.26269],[-35.35709,-7.26974],[-35.34885,-7.26968],[-35.34199,-7.26326],[-35.33535,-7.2661],[-35.33375,-7.27047],[-35.32757,-7.26763],[-35.32894,-7.27109],[-35.33443,-7.27466],[-35.33906,-7.27291],[-35.34182,-7.27904],[-35.35297,-7.28357],[-35.3619,-7.28253],[-35.36739,-7.28594],[-35.37426,-7.28178],[-35.37701,-7.28437],[-35.38044,-7.28364],[-35.38456,-7.29022],[-35.38868,-7.28756],[-35.39143,-7.29041],[-35.39875,-7.28994],[-35.40241,-7.29391],[-35.40928,-7.29256],[-35.41409,-7.29823],[-35.427,-7.29538],[-35.42465,-7.30083],[-35.42564,-7.30356],[-35.43203,-7.3056],[-35.43468,-7.30973],[-35.44498,-7.31565],[-35.46627,-7.31635],[-35.46391,-7.32127],[-35.45666,-7.32156],[-35.44498,-7.31912],[-35.4237,-7.30966],[-35.41683,-7.3045],[-35.39555,-7.30115],[-35.39005,-7.30246],[-35.37975,-7.2985],[-35.37632,-7.30081],[-35.3722,-7.29786],[-35.36882,-7.29947],[-35.36933,-7.30424],[-35.38113,-7.31333],[-35.38731,-7.31555],[-35.39074,-7.32295],[-35.39486,-7.32417],[-35.40035,-7.32223],[-35.40447,-7.3249],[-35.41409,-7.32499],[-35.41449,-7.33284],[-35.41889,-7.33612],[-35.42164,-7.33588],[-35.42439,-7.3311],[-35.4328,-7.32876],[-35.42593,-7.33625],[-35.42632,-7.33897],[-35.43262,-7.33936],[-35.43812,-7.34429],[-35.44773,-7.34803],[-35.46146,-7.3488],[-35.469,-7.35327],[-35.46873,-7.34646],[-35.47314,-7.3456],[-35.48824,-7.35144],[-35.4934,-7.34919],[-35.49542,-7.34442],[-35.49888,-7.34306],[-35.50198,-7.33331],[-35.50527,-7.33829],[-35.5054,-7.34851],[-35.50747,-7.34889],[-35.51708,-7.33209],[-35.52052,-7.33263],[-35.52807,-7.32481],[-35.53142,-7.33148],[-35.54249,-7.33384],[-35.54342,-7.33625],[-35.53631,-7.33824],[-35.52738,-7.33774],[-35.52659,-7.33965],[-35.52905,-7.34238],[-35.52555,-7.34987],[-35.52944,-7.35074],[-35.53562,-7.34611],[-35.5418,-7.34671],[-35.5418,-7.34915],[-35.5327,-7.35259],[-35.53981,-7.356],[-35.53219,-7.35933],[-35.52464,-7.35582],[-35.5212,-7.35867],[-35.51808,-7.35736],[-35.51728,-7.35259],[-35.51434,-7.35096],[-35.51291,-7.35395],[-35.51708,-7.3592],[-35.50129,-7.35551],[-35.49041,-7.36076],[-35.51846,-7.37275],[-35.5267,-7.37967],[-35.53013,-7.37954],[-35.53356,-7.37578],[-35.53562,-7.37585],[-35.53684,-7.37711],[-35.53413,-7.38596],[-35.53728,-7.38373]],[[-35.53779,-7.38341],[-35.54043,-7.38259],[-35.54455,-7.38552],[-35.54935,-7.38383],[-35.55622,-7.3844],[-35.55759,-7.37936],[-35.56103,-7.38356],[-35.56469,-7.3846],[-35.56396,-7.38664],[-35.55831,-7.38936],[-35.5624,-7.39045],[-35.56789,-7.39529],[-35.57957,-7.38653],[-35.58987,-7.38776],[-35.58973,-7.39209],[-35.5939,-7.39413],[-35.59124,-7.39569],[-35.57909,-7.39549],[-35.5766,-7.40162],[-35.5727,-7.40378],[-35.55759,-7.40268],[-35.55485,-7.39824],[-35.55036,-7.39822],[-35.54935,-7.40336],[-35.55946,-7.40775],[-35.55829,-7.41115],[-35.56257,-7.41728],[-35.5521,-7.41268],[-35.54806,-7.41388],[-35.54932,-7.42069],[-35.54606,-7.42545],[-35.55001,-7.4309],[-35.54815,-7.43499],[-35.54867,-7.4403],[-35.54196,-7.43362],[-35.54215,-7.43022],[-35.53887,-7.42613],[-35.5399,-7.42069],[-35.53837,-7.41257],[-35.53332,-7.41184],[-35.53562,-7.40556],[-35.53013,-7.40207],[-35.52807,-7.40405],[-35.52464,-7.40344],[-35.52395,-7.40021],[-35.51502,-7.39604],[-35.51228,-7.39801],[-35.50816,-7.39646],[-35.49442,-7.40388],[-35.4939,-7.39822],[-35.49923,-7.39654],[-35.49991,-7.39345],[-35.49671,-7.38936],[-35.49656,-7.38392],[-35.49305,-7.3825],[-35.49099,-7.37814],[-35.48687,-7.37732],[-35.48481,-7.37071],[-35.46696,-7.37029],[-35.46078,-7.3671],[-35.45734,-7.36977],[-35.45254,-7.36695],[-35.44567,-7.36634],[-35.44468,-7.3703],[-35.44815,-7.37779],[-35.45734,-7.38275],[-35.45876,-7.38528],[-35.45617,-7.388],[-35.45713,-7.39073],[-35.46383,-7.39413],[-35.46009,-7.39403],[-35.45597,-7.3967],[-35.44361,-7.39117],[-35.43743,-7.39659],[-35.43194,-7.3946],[-35.42729,-7.39958],[-35.42919,-7.40663],[-35.42576,-7.40658],[-35.42164,-7.41053],[-35.42324,-7.39549],[-35.41876,-7.39073],[-35.42674,-7.38664],[-35.42125,-7.38119],[-35.42531,-7.37438],[-35.42301,-7.36713],[-35.42113,-7.36757],[-35.42095,-7.3724],[-35.41546,-7.37401],[-35.41262,-7.36689],[-35.40516,-7.36305],[-35.40585,-7.36838],[-35.39731,-7.36689],[-35.39864,-7.3737],[-35.39486,-7.37187],[-35.38937,-7.37223],[-35.38856,-7.3737],[-35.39208,-7.37915],[-35.38884,-7.38392],[-35.3825,-7.38205],[-35.37975,-7.38591],[-35.37495,-7.38767],[-35.37289,-7.38297],[-35.36739,-7.38578],[-35.37029,-7.37983],[-35.36979,-7.37575],[-35.37188,-7.3737],[-35.36945,-7.36979],[-35.36671,-7.36954],[-35.36327,-7.37249],[-35.36075,-7.37098],[-35.35925,-7.36213],[-35.35435,-7.35922],[-35.3516,-7.36266],[-35.34748,-7.36139],[-35.34679,-7.36674],[-35.34473,-7.3665],[-35.34179,-7.36076],[-35.34514,-7.35464],[-35.33993,-7.34596],[-35.33306,-7.34512],[-35.32688,-7.3406],[-35.32413,-7.34309],[-35.32207,-7.34243],[-35.32001,-7.33737],[-35.31315,-7.33546],[-35.31057,-7.3308],[-35.30752,-7.32944],[-35.30676,-7.32467],[-35.30129,-7.32399],[-35.30156,-7.32058],[-35.30519,-7.31786],[-35.30369,-7.30696],[-35.29942,-7.30669],[-35.29988,-7.31105],[-35.29804,-7.31199],[-35.29324,-7.30814],[-35.28843,-7.31003],[-35.28362,-7.30705],[-35.28225,-7.30396],[-35.27813,-7.30565],[-35.27264,-7.30285],[-35.26577,-7.30266],[-35.2635,-7.30424],[-35.26696,-7.30764],[-35.26654,-7.31241],[-35.26852,-7.31283],[-35.27264,-7.30863],[-35.27725,-7.31173],[-35.27584,-7.31445],[-35.27156,-7.31582],[-35.27217,-7.32331],[-35.27744,-7.32522],[-35.28362,-7.32194],[-35.28696,-7.32263],[-35.2795,-7.32821],[-35.272,-7.32876],[-35.27022,-7.33148],[-35.27126,-7.33377],[-35.27765,-7.33557],[-35.27682,-7.33965],[-35.28146,-7.34374],[-35.27981,-7.34578],[-35.28084,-7.34851],[-35.28431,-7.34969],[-35.29112,-7.34646],[-35.29255,-7.33983],[-35.29873,-7.34015],[-35.30185,-7.34306],[-35.29736,-7.3447],[-35.29709,-7.34851],[-35.3061,-7.35123],[-35.3059,-7.35804],[-35.29942,-7.35633],[-35.29785,-7.35804],[-35.29904,-7.36281],[-35.30324,-7.36621],[-35.30216,-7.37055],[-35.29588,-7.36689],[-35.28912,-7.35952],[-35.28415,-7.36076],[-35.28253,-7.36349],[-35.28598,-7.36689],[-35.28106,-7.3703],[-35.28637,-7.37286],[-35.29326,-7.38051],[-35.29392,-7.38415],[-35.28906,-7.38187],[-35.28843,-7.38658],[-35.28431,-7.38466],[-35.28088,-7.38546],[-35.27538,-7.38171],[-35.26875,-7.38205]],[[-35.26369,-7.37967],[-35.26136,-7.37892]],[[-35.25845,-7.37798],[-35.25807,-7.37302],[-35.25256,-7.36962],[-35.25684,-7.36252],[-35.26179,-7.3594],[-35.2589,-7.35811],[-35.25547,-7.35956],[-35.25341,-7.35389],[-35.2486,-7.35206],[-35.24673,-7.35259],[-35.24925,-7.35736],[-35.24652,-7.3594],[-35.24968,-7.36621],[-35.24862,-7.36826],[-35.23418,-7.35706],[-35.23291,-7.35804],[-35.2345,-7.36281],[-35.22663,-7.35913],[-35.21984,-7.36145],[-35.22356,-7.3737],[-35.21908,-7.37426],[-35.21633,-7.3697],[-35.2129,-7.36925],[-35.21454,-7.36281],[-35.20946,-7.36349],[-35.21415,-7.35736],[-35.21422,-7.35191],[-35.21887,-7.34442],[-35.20741,-7.34852],[-35.20741,-7.34625],[-35.21302,-7.34306],[-35.20672,-7.34439],[-35.19724,-7.33965],[-35.19299,-7.34047],[-35.18887,-7.33847],[-35.18612,-7.3408],[-35.184,-7.33897],[-35.19024,-7.33513],[-35.20329,-7.3355],[-35.20672,-7.33391],[-35.20892,-7.33693],[-35.21152,-7.33609],[-35.2118,-7.33352],[-35.20461,-7.32263],[-35.20054,-7.32206],[-35.19779,-7.31681],[-35.19367,-7.31901],[-35.19024,-7.31706],[-35.18543,-7.32306],[-35.18131,-7.32458],[-35.18079,-7.31854],[-35.17582,-7.31595],[-35.17224,-7.32467],[-35.16385,-7.33625],[-35.16552,-7.34093],[-35.15712,-7.33897],[-35.17091,-7.30764],[-35.18269,-7.30769],[-35.18681,-7.30256],[-35.19505,-7.30264],[-35.19881,-7.29879],[-35.19642,-7.29486],[-35.19093,-7.29642],[-35.18887,-7.2941],[-35.18469,-7.29402],[-35.17653,-7.28381],[-35.1717,-7.27225],[-35.17058,-7.27768],[-35.17447,-7.29266],[-35.16552,-7.27237],[-35.16196,-7.27155],[-35.16116,-7.27427],[-35.16641,-7.28926],[-35.16529,-7.29538],[-35.15806,-7.31377],[-35.14904,-7.32014],[-35.14901,-7.31718],[-35.15707,-7.30969],[-35.15514,-7.30288],[-35.15932,-7.29675],[-35.15916,-7.28789],[-35.15341,-7.27223],[-35.14976,-7.27018],[-35.15036,-7.29062],[-35.14904,-7.29632],[-35.14355,-7.30187],[-35.14172,-7.29879],[-35.14235,-7.2913],[-35.13838,-7.28585],[-35.14069,-7.28176],[-35.13784,-7.27631],[-35.14018,-7.26473],[-35.13526,-7.26678],[-35.12981,-7.27333],[-35.12913,-7.26728],[-35.12707,-7.26726],[-35.11883,-7.27535],[-35.11908,-7.2695],[-35.12887,-7.25247],[-35.1263,-7.24566],[-35.12089,-7.24549],[-35.11333,-7.23727],[-35.10166,-7.23758],[-35.09999,-7.23885],[-35.10173,-7.24294],[-35.10051,-7.24907],[-35.09686,-7.25258],[-35.09205,-7.24384],[-35.08244,-7.23616],[-35.07832,-7.23657],[-35.07076,-7.24139],[-35.06321,-7.23982],[-35.05732,-7.24294],[-35.04604,-7.2534],[-35.04124,-7.25382],[-35.03231,-7.25016],[-35.02682,-7.25123],[-35.02376,-7.25452],[-35.02531,-7.26065],[-35.02972,-7.2661],[-35.04405,-7.27359],[-35.06046,-7.27435],[-35.06802,-7.28224],[-35.07557,-7.27667],[-35.08312,-7.27637],[-35.08245,-7.28313],[-35.07766,-7.28857],[-35.07969,-7.29204],[-35.08656,-7.29264],[-35.09068,-7.28757],[-35.0948,-7.28783],[-35.09823,-7.28555],[-35.10235,-7.28903],[-35.10578,-7.28575],[-35.10715,-7.28949],[-35.11304,-7.29062],[-35.11388,-7.29198],[-35.11059,-7.29746],[-35.10784,-7.2989],[-35.10029,-7.29819],[-35.09677,-7.3022],[-35.10029,-7.30734],[-35.11333,-7.30935],[-35.11748,-7.31173],[-35.11129,-7.31445],[-35.11127,-7.32285],[-35.10509,-7.31505],[-35.10098,-7.31446],[-35.09892,-7.32152],[-35.09394,-7.32671],[-35.09417,-7.33421],[-35.09645,-7.33829],[-35.09136,-7.33551],[-35.08793,-7.33648],[-35.08644,-7.33421],[-35.08965,-7.32876],[-35.08513,-7.32195],[-35.08941,-7.31718],[-35.09005,-7.31377],[-35.08612,-7.31037],[-35.08373,-7.30356],[-35.08106,-7.30289],[-35.07897,-7.30492],[-35.07587,-7.31241],[-35.07626,-7.31929],[-35.07282,-7.3189],[-35.06939,-7.32189],[-35.06628,-7.31786],[-35.06891,-7.29879],[-35.06487,-7.29334],[-35.05291,-7.28727],[-35.05106,-7.29062],[-35.0536,-7.30424],[-35.05169,-7.31514],[-35.04948,-7.31909],[-35.04346,-7.32058],[-35.04537,-7.31445],[-35.04054,-7.28789],[-35.03643,-7.28528],[-35.033,-7.29262],[-35.02956,-7.2932],[-35.02476,-7.28328],[-35.01956,-7.28721],[-35.01768,-7.30424],[-35.01573,-7.30764],[-35.02182,-7.3165],[-35.01926,-7.31804],[-35.01308,-7.31661],[-35.0069,-7.31893],[-35.00464,-7.32399],[-35.00541,-7.32739],[-35.01112,-7.33489],[-35.02407,-7.33995],[-35.02947,-7.33761],[-35.02878,-7.34442],[-35.03009,-7.34578],[-35.03437,-7.34662],[-35.03767,-7.34033],[-35.0433,-7.33996],[-35.041,-7.34851],[-35.04192,-7.35094],[-35.04879,-7.34633],[-35.04948,-7.35133],[-35.05497,-7.34635],[-35.05464,-7.35464],[-35.0584,-7.35769],[-35.06115,-7.35685],[-35.0639,-7.35106],[-35.07279,-7.356],[-35.07626,-7.36001],[-35.08082,-7.35668],[-35.08244,-7.35178],[-35.08392,-7.35395],[-35.08302,-7.36076],[-35.0845,-7.36159],[-35.08793,-7.35522],[-35.09068,-7.3545],[-35.09393,-7.35736],[-35.09076,-7.36008],[-35.08862,-7.36597],[-35.08521,-7.36826],[-35.09136,-7.36597],[-35.09823,-7.3675],[-35.10235,-7.37061],[-35.10647,-7.36967],[-35.11814,-7.37772],[-35.11962,-7.38119],[-35.1144,-7.38119],[-35.10784,-7.37638],[-35.10235,-7.37528],[-35.09494,-7.37711],[-35.09677,-7.3846],[-35.09548,-7.38502],[-35.0893,-7.38443],[-35.08518,-7.37981],[-35.08106,-7.38447],[-35.07832,-7.37776],[-35.07506,-7.37915],[-35.07351,-7.38412],[-35.06733,-7.37935],[-35.06531,-7.38187],[-35.0669,-7.39073],[-35.06527,-7.39193],[-35.06036,-7.38392],[-35.06131,-7.37643],[-35.05978,-7.37348],[-35.0481,-7.36669],[-35.05134,-7.37438],[-35.0481,-7.37429],[-35.0378,-7.36685],[-35.03574,-7.36004],[-35.02476,-7.36597],[-35.01965,-7.36281],[-35.01889,-7.35668],[-35.00965,-7.35342],[-35.00856,-7.36008],[-35.00115,-7.36417],[-35.00211,-7.36757],[-34.99969,-7.37098],[-35.00078,-7.37438],[-34.99798,-7.37604],[-34.99563,-7.38392],[-34.99866,-7.38438],[-35.01034,-7.37634],[-35.02078,-7.38324],[-35.01926,-7.3855],[-35.01108,-7.38868],[-35.01206,-7.39277],[-35.00553,-7.39756],[-35.01308,-7.39579],[-35.01377,-7.403],[-35.01926,-7.40204],[-35.02613,-7.3948],[-35.02846,-7.388],[-35.033,-7.38417],[-35.03333,-7.39073],[-35.04055,-7.39028],[-35.04398,-7.38725],[-35.05304,-7.39481],[-35.0508,-7.39958],[-35.04536,-7.40008],[-35.03986,-7.40464],[-35.02927,-7.40775],[-35.02819,-7.41047],[-35.02956,-7.41171],[-35.04078,-7.41252],[-35.0378,-7.4176],[-35.0275,-7.41892],[-35.02201,-7.41406],[-35.01496,-7.42069],[-35.01771,-7.4275],[-35.00771,-7.43022],[-35.00926,-7.43839],[-35.00399,-7.44179],[-35.00434,-7.44928],[-35.00079,-7.45444]]]}},{"type":"Feature","properties":{"cota":100,"indice":false},"geometry":{"type":"LineString","coordinates":[[-35.2953,-7.16036],[-35.29297,-7.16051],[-35.29608,-7.16255],[-35.2953,-7.16036]]}},{"type":"Feature","properties":{"cota":100,"indice":false},"geometry":{"type":"LineString","coordinates":[[-35.44979,-7.15914],[-35.45123,-7.15983],[-35.44979,-7.16197],[-35.44979,-7.15914]]}},{"type":"Feature","properties":{"cota":200,"indice":false},"geometry":{"type":"LineString","coordinates":[[-35.41615,-7.14531],[-35.40585,-7.14749],[-35.40858,-7.15438],[-35.405,-7.16187],[-35.40585,-7.16976],[-35.40913,-7.168],[-35.40958,-7.15574],[-35.41409,-7.15333],[-35.41831,-7.14756],[-35.41615,-7.14531]]}},{"type":"Feature","properties":{"cota":100,"indice":false},"geometry":{"type":"LineString","coordinates":[[-35.42782,-7.13928],[-35.42645,-7.14129],[-35.43125,-7.14737],[-35.43664,-7.14688],[-35.42782,-7.13928]]}},{"type":"Feature","properties":{"cota":200,"indice":false},"geometry":{"type":"LineString","coordinates":[[-35.38319,-7.13579],[-35.38044,-7.13686],[-35.38181,-7.14035],[-35.38534,-7.13939],[-35.38319,-7.13579]]}},{"type":"Feature","properties":{"cota":100,"indice":false},"geometry":{"type":"LineString","coordinates":[[-35.34061,-7.11126],[-35.33718,-7.11526],[-35.33169,-7.11168],[-35.32614,-7.11622],[-35.33443,-7.11796],[-35.33787,-7.11568],[-35.34472,-7.11554],[-35.34061,-7.11126]]}},{"type":"Feature","properties":{"cota":100,"indice":false},"geometry":{"type":"LineString","coordinates":[[-35.43125,-7.09848],[-35.42922,-7.09987],[-35.43125,-7.10187],[-35.44067,-7.10123],[-35.43125,-7.09848]]}},{"type":"Feature","properties":{"cota":100,"indice":false},"geometry":{"type":"LineString","coordinates":[[-35.31521,-6.96135],[-35.31178,-6.96221],[-35.31521,-6.96743],[-35.31715,-6.96562],[-35.31521,-6.96135]]}},{"type":"Feature","properties":{"cota":100,"indice":false},"geometry":{"type":"LineString","coordinates":[[-35.37563,-6.94842],[-35.37396,-6.95062],[-35.37701,-6.95307],[-35.37777,-6.95131],[-35.37563,-6.94842]]}},{"type":"Feature","properties":{"cota":200,"indice":false},"geometry":{"type":"LineString","coordinates":[[-35.51296,-7.14264],[-35.50266,-7.14331],[-35.50091,-7.1462],[-35.50404,-7.14818],[-35.51296,-7.14596],[-35.51296,-7.14264]]}},{"type":"Feature","properties":{"cota":200,"indice":false},"geometry":{"type":"LineString","coordinates":[[-35.51708,-7.12643],[-35.51502,-7.12605],[-35.51423,-7.12781],[-35.51777,-7.12826],[-35.51708,-7.12643]]}},{"type":"Feature","properties":{"cota":200,"indice":false},"geometry":{"type":"LineString","coordinates":[[-35.50198,-7.10796],[-35.49236,-7.10868],[-35.49086,-7.11145],[-35.49305,-7.11336],[-35.5006,-7.11315],[-35.50273,-7.11009],[-35.50198,-7.10796]]}},{"type":"Feature","properties":{"cota":200,"indice":false},"geometry":{"type":"LineString","coordinates":[[-35.61596,-7.08815],[-35.61474,-7.08897],[-35.61584,-7.09374],[-35.6242,-7.0984],[-35.62415,-7.09442],[-35.61596,-7.08815]]}},{"type":"Feature","properties":{"cota":200,"indice":false},"geometry":{"type":"LineString","coordinates":[[-35.60566,-7.08457],[-35.60407,-7.08488],[-35.60489,-7.08692],[-35.61256,-7.09442],[-35.6126,-7.09238],[-35.60566,-7.08457]]}},{"type":"Feature","properties":{"cota":200,"indice":false},"geometry":{"type":"LineString","coordinates":[[-35.52876,-7.08213],[-35.52512,-7.08284],[-35.52504,-7.08488],[-35.52807,-7.0851],[-35.52876,-7.08213]]}},{"type":"Feature","properties":{"cota":200,"indice":false},"geometry":{"type":"LineString","coordinates":[[-35.51434,-7.07723],[-35.51032,-7.07943],[-35.51434,-7.07988],[-35.5156,-7.07875],[-35.51434,-7.07723]]}},{"type":"Feature","properties":{"cota":100,"indice":false},"geometry":{"type":"LineString","coordinates":[[-35.50678,-7.02554],[-35.50953,-7.02983],[-35.51546,-7.03173],[-35.50884,-7.03397],[-35.50551,-7.02696],[-35.50678,-7.02554]]}},{"type":"Feature","properties":{"cota":300,"indice":false},"geometry":{"type":"LineString","coordinates":[[-35.59399,-6.98731],[-35.59291,-6.99016],[-35.61047,-7.00644],[-35.61396,-7.01469],[-35.61904,-7.01605],[-35.6197,-7.01401],[-35.61473,-7.00379],[-35.60703,-6.99428],[-35.59399,-6.98731]]}},{"type":"Feature","properties":{"cota":300,"indice":false},"geometry":{"type":"LineString","coordinates":[[-35.58575,-6.9908],[-35.58204,-6.9922],[-35.58552,-7.00106],[-35.5933,-7.0052],[-35.59055,-6.99383],[-35.58575,-6.9908]]}},{"type":"Feature","properties":{"cota":100,"indice":false},"geometry":{"type":"LineString","coordinates":[[-35.1408,-7.19521],[-35.13187,-7.19797],[-35.13531,-7.20667],[-35.14355,-7.21658],[-35.15264,-7.21433],[-35.1529,-7.22591],[-35.15865,-7.23791],[-35.15316,-7.2351],[-35.14904,-7.22517],[-35.13256,-7.21901],[-35.12844,-7.21442],[-35.11127,-7.21807],[-35.10832,-7.22114],[-35.12844,-7.22967],[-35.13805,-7.23832],[-35.15041,-7.25544],[-35.16209,-7.26355],[-35.16705,-7.26473],[-35.17239,-7.27043],[-35.17726,-7.2661],[-35.17218,-7.26065],[-35.17262,-7.25179],[-35.1794,-7.24907],[-35.18125,-7.24362],[-35.17868,-7.23885],[-35.17811,-7.23068],[-35.17239,-7.23014],[-35.16977,-7.22727],[-35.1744,-7.21705],[-35.16758,-7.21561],[-35.16447,-7.20956],[-35.15797,-7.20397],[-35.1408,-7.19521]]}},{"type":"Feature","properties":{"cota":100,"indice":false},"geometry":{"type":"LineString","coordinates":[[-35.10509,-7.19729],[-35.09757,-7.20207],[-35.09514,-7.2082],[-35.09823,-7.21203],[-35.10401,-7.21092],[-35.10683,-7.19934],[-35.10509,-7.19729]]}},{"type":"Feature","properties":{"cota":100,"indice":false},"geometry":{"type":"LineString","coordinates":[[-35.08518,-7.20127],[-35.08322,-7.20207],[-35.08381,-7.20381],[-35.08639,-7.20275],[-35.08518,-7.20127]]}},{"type":"Feature","properties":{"cota":100,"indice":false},"geometry":{"type":"LineString","coordinates":[[-35.01858,-6.93216],[-35.0124,-6.93231],[-35.00865,-6.9404],[-35.0021,-6.9453],[-34.99249,-6.93904],[-34.98841,-6.94244],[-34.98726,-6.94517],[-34.98891,-6.94994],[-34.99307,-6.95471],[-34.98768,-6.96143],[-34.98779,-6.96494],[-34.99043,-6.96804],[-34.99386,-6.96815],[-35.00553,-6.96226],[-35.00896,-6.97055],[-35.0124,-6.96725],[-35.0172,-6.96653],[-35.01729,-6.97175],[-35.02201,-6.97637],[-35.0275,-6.97244],[-35.02956,-6.97754],[-35.03138,-6.97789],[-35.03574,-6.97336],[-35.03732,-6.97993],[-35.0435,-6.98538],[-35.03368,-6.98414],[-35.01583,-6.9915],[-35.00731,-6.99152],[-35.00579,-6.99424],[-35.00943,-7.00174],[-35.01377,-7.00405],[-35.02132,-7.00403],[-35.03162,-6.99838],[-35.03712,-6.99986],[-35.04604,-6.99749],[-35.04988,-7.00174],[-35.04961,-7.00788],[-35.05154,-7.00876],[-35.05655,-7.00788],[-35.06427,-7.00242],[-35.07458,-6.9997],[-35.07629,-7.00106],[-35.0685,-7.0106],[-35.06885,-7.01265],[-35.07626,-7.01694],[-35.08906,-7.01605],[-35.08793,-7.01776],[-35.07351,-7.02076],[-35.05772,-7.01854],[-35.04261,-7.02555],[-35.03782,-7.03036],[-35.03712,-7.03377],[-35.04127,-7.04059],[-35.04328,-7.0549],[-35.04055,-7.05629],[-35.03162,-7.05018],[-35.02338,-7.049],[-35.01619,-7.05558],[-35.01652,-7.06494],[-35.0275,-7.06992],[-35.03712,-7.06831],[-35.05085,-7.07026],[-35.05703,-7.06863],[-35.06321,-7.07049],[-35.07351,-7.0774],[-35.08133,-7.07602],[-35.08455,-7.07193],[-35.08192,-7.04945],[-35.0845,-7.04024],[-35.09754,-7.0404],[-35.10095,-7.03786],[-35.10188,-7.03445],[-35.10829,-7.03105],[-35.11059,-7.02631],[-35.11265,-7.02679],[-35.10505,-7.04195],[-35.09266,-7.05081],[-35.09148,-7.05626],[-35.09686,-7.06712],[-35.11059,-7.05981],[-35.10832,-7.06716],[-35.09943,-7.07875],[-35.09944,-7.08488],[-35.10636,-7.08965],[-35.10853,-7.09506],[-35.11196,-7.09635],[-35.11539,-7.10079],[-35.12707,-7.1023],[-35.13091,-7.09851],[-35.13243,-7.08897],[-35.13119,-7.0844],[-35.12601,-7.07807],[-35.12262,-7.06239],[-35.12356,-7.0583],[-35.12981,-7.04992],[-35.13187,-7.05004],[-35.13259,-7.05285],[-35.12992,-7.06376],[-35.13508,-7.07398],[-35.13805,-7.07458],[-35.14492,-7.0695],[-35.15041,-7.07274],[-35.1511,-7.06889],[-35.1566,-7.06307],[-35.15763,-7.05558],[-35.1554,-7.04808],[-35.15697,-7.04331],[-35.16209,-7.03933],[-35.16552,-7.04479],[-35.16758,-7.04507],[-35.17157,-7.04059],[-35.16715,-7.03445],[-35.16827,-7.02976],[-35.17582,-7.03304],[-35.18231,-7.029],[-35.18063,-7.02335],[-35.18896,-7.02491],[-35.19288,-6.99561],[-35.1904,-6.99356],[-35.1899,-6.98811],[-35.18681,-6.98784],[-35.1845,-6.98334],[-35.18023,-6.9813],[-35.18383,-6.97789],[-35.18467,-6.97312],[-35.18024,-6.96903],[-35.17931,-6.96085],[-35.17101,-6.95472],[-35.16621,-6.95484],[-35.15659,-6.94919],[-35.15206,-6.94926],[-35.14423,-6.95302],[-35.14462,-6.96153],[-35.14812,-6.96971],[-35.16226,-6.98947],[-35.16301,-6.9997],[-35.1614,-7.00612],[-35.156,-6.98947],[-35.1511,-6.98807],[-35.15026,-6.98402],[-35.14629,-6.98095],[-35.13874,-6.98393],[-35.13874,-6.97801],[-35.13553,-6.97516],[-35.13769,-6.97175],[-35.13351,-6.96971],[-35.13414,-6.96289],[-35.12775,-6.94967],[-35.11265,-6.94803],[-35.10372,-6.95609],[-35.10029,-6.95062],[-35.07969,-6.95106],[-35.07008,-6.97277],[-35.06897,-6.97039],[-35.07162,-6.96426],[-35.07209,-6.95403],[-35.06527,-6.95657],[-35.05566,-6.96619],[-35.05088,-6.9588],[-35.05635,-6.95199],[-35.05428,-6.94594],[-35.04467,-6.94344],[-35.03849,-6.9459],[-35.03729,-6.9404],[-35.03231,-6.93903],[-35.02064,-6.94514],[-35.01583,-6.95119],[-35.01551,-6.94381],[-35.022,-6.93631],[-35.01858,-6.93216]]}},{"type":"Feature","properties":{"cota":200,"indice":false},"geometry":{"type":"LineString","coordinates":[[-35.10441,-7.00025],[-35.10235,-7.00065],[-35.10097,-7.00583],[-35.10166,-7.01175],[-35.10921,-7.00921],[-35.12226,-7.01612],[-35.12688,-7.02287],[-35.12578,-7.03105],[-35.13708,-7.02968],[-35.13462,-7.02078],[-35.11768,-7.00651],[-35.10441,-7.00025]]}},{"type":"Feature","properties":{"cota":100,"indice":false},"geometry":{"type":"LineString","coordinates":[[-35.22045,-6.90829],[-35.21387,-6.91109],[-35.21383,-6.91382],[-35.21976,-6.91393],[-35.22045,-6.90829]]}},{"type":"Feature","properties":{"cota":100,"indice":false},"geometry":{"type":"LineString","coordinates":[[-35.18337,-6.7861],[-35.18084,-6.78838],[-35.18475,-6.78989],[-35.18337,-6.7861]]}},{"type":"Feature","properties":{"cota":100,"indice":false},"geometry":{"type":"LineString","coordinates":[[-35.0639,-6.78334],[-35.06181,-6.7836],[-35.06184,-6.78647],[-35.06664,-6.79179],[-35.06825,-6.78701],[-35.0639,-6.78334]]}},{"type":"Feature","properties":{"cota":100,"indice":false},"geometry":{"type":"LineString","coordinates":[[-35.18955,-6.77987],[-35.18749,-6.78216],[-35.18955,-6.78245],[-35.18955,-6.77987]]}},{"type":"Feature","properties":{"cota":100,"indice":false},"geometry":{"type":"LineString","coordinates":[[-35.00759,-6.76582],[-35.00278,-6.76746],[-35.00278,-6.77378],[-35.00832,-6.76928],[-35.00759,-6.76582]]}},{"type":"Feature","properties":{"cota":200,"indice":false},"geometry":{"type":"LineString","coordinates":[[-35.53425,-6.96758],[-35.53185,-6.96835],[-35.53211,-6.97312],[-35.54352,-6.97925],[-35.54317,-6.98314],[-35.54111,-6.98387],[-35.53082,-6.97809],[-35.52925,-6.97925],[-35.53915,-6.9922],[-35.54643,-6.99765],[-35.54798,-7.00275],[-35.55322,-7.00788],[-35.55466,-7.0031],[-35.55276,-6.99424],[-35.54631,-6.99016],[-35.54842,-6.97925],[-35.54422,-6.97312],[-35.53905,-6.97206],[-35.53425,-6.96758]]}},{"type":"Feature","properties":{"cota":300,"indice":false},"geometry":{"type":"LineString","coordinates":[[-35.58987,-6.97365],[-35.58781,-6.97464],[-35.58649,-6.97993],[-35.59124,-6.9832],[-35.59536,-6.98142],[-35.59577,-6.97857],[-35.58987,-6.97365]]}},{"type":"Feature","properties":{"cota":300,"indice":false},"geometry":{"type":"LineString","coordinates":[[-35.58369,-6.96404],[-35.57786,-6.96494],[-35.57847,-6.96835],[-35.58231,-6.9719],[-35.58592,-6.96903],[-35.58369,-6.96404]]}},{"type":"Feature","properties":{"cota":200,"indice":false},"geometry":{"type":"LineString","coordinates":[[-35.52738,-6.9463],[-35.52226,-6.94926],[-35.5212,-6.95238],[-35.52944,-6.953],[-35.52738,-6.9463]]}},{"type":"Feature","properties":{"cota":400,"indice":false},"geometry":{"type":"LineString","coordinates":[[-35.59467,-6.94427],[-35.59261,-6.94449],[-35.59261,-6.94625],[-35.59496,-6.94585],[-35.59467,-6.94427]]}},{"type":"Feature","properties":{"cota":200,"indice":false},"geometry":{"type":"LineString","coordinates":[[-35.54386,-6.93135],[-35.54177,-6.9329],[-35.54435,-6.9404],[-35.54935,-6.94457],[-35.55332,-6.94381],[-35.55004,-6.93268],[-35.54386,-6.93135]]}},{"type":"Feature","properties":{"cota":200,"indice":false},"geometry":{"type":"LineString","coordinates":[[-35.48,-6.93612],[-35.47764,-6.93699],[-35.4775,-6.93904],[-35.48034,-6.93904],[-35.48,-6.93612]]}},{"type":"Feature","properties":{"cota":200,"indice":false},"geometry":{"type":"LineString","coordinates":[[-35.53974,-6.91354],[-35.53484,-6.91382],[-35.53497,-6.91791],[-35.5418,-6.92467],[-35.54591,-6.91995],[-35.53974,-6.91354]]}},{"type":"Feature","properties":{"cota":200,"indice":false},"geometry":{"type":"LineString","coordinates":[[-35.50953,-6.90968],[-35.51296,-6.91639],[-35.5212,-6.9242],[-35.52464,-6.92517],[-35.51571,-6.91142],[-35.50953,-6.90968]]}},{"type":"Feature","properties":{"cota":400,"indice":false},"geometry":{"type":"LineString","coordinates":[[-35.59811,-6.90759],[-35.59262,-6.90768],[-35.58734,-6.91245],[-35.58712,-6.91513],[-35.60088,-6.91109],[-35.59811,-6.90759]]}},{"type":"Feature","properties":{"cota":100,"indice":false},"geometry":{"type":"LineString","coordinates":[[-35.50266,-6.89324],[-35.50114,-6.89473],[-35.50335,-6.89672],[-35.50429,-6.89473],[-35.50266,-6.89324]]}},{"type":"Feature","properties":{"cota":400,"indice":false},"geometry":{"type":"LineString","coordinates":[[-35.63038,-6.88173],[-35.62851,-6.88246],[-35.63287,-6.88314],[-35.63038,-6.88173]]}},{"type":"Feature","properties":{"cota":400,"indice":false},"geometry":{"type":"LineString","coordinates":[[-35.61527,-6.87731],[-35.60978,-6.8785],[-35.60429,-6.88264],[-35.59984,-6.88178],[-35.60085,-6.88657],[-35.6036,-6.88769],[-35.62077,-6.8857],[-35.62214,-6.8791],[-35.61871,-6.87945],[-35.61527,-6.87731]]}},{"type":"Feature","properties":{"cota":400,"indice":false},"geometry":{"type":"LineString","coordinates":[[-35.63656,-6.86943],[-35.62597,-6.86951],[-35.62969,-6.87478],[-35.63793,-6.8722],[-35.63864,-6.87087],[-35.63656,-6.86943]]}},{"type":"Feature","properties":{"cota":400,"indice":false},"geometry":{"type":"LineString","coordinates":[[-35.57545,-6.86325],[-35.56932,-6.86746],[-35.5727,-6.87103],[-35.57644,-6.86542],[-35.57545,-6.86325]]}},{"type":"Feature","properties":{"cota":400,"indice":false},"geometry":{"type":"LineString","coordinates":[[-35.55347,-6.86046],[-35.55148,-6.86133],[-35.55654,-6.86405],[-35.55347,-6.86046]]}},{"type":"Feature","properties":{"cota":400,"indice":false},"geometry":{"type":"LineString","coordinates":[[-35.57064,-6.84762],[-35.568,-6.84906],[-35.56931,-6.85519],[-35.56345,-6.85792],[-35.56309,-6.86169],[-35.56721,-6.86214],[-35.57556,-6.85519],[-35.57064,-6.84762]]}},{"type":"Feature","properties":{"cota":400,"indice":false},"geometry":{"type":"LineString","coordinates":[[-35.62351,-6.85103],[-35.61665,-6.8536],[-35.61506,-6.85655],[-35.61802,-6.85723],[-35.62145,-6.85353],[-35.62557,-6.85339],[-35.62351,-6.85103]]}},{"type":"Feature","properties":{"cota":400,"indice":false},"geometry":{"type":"LineString","coordinates":[[-35.58163,-6.85104],[-35.57888,-6.85119],[-35.57849,-6.85383],[-35.58301,-6.85315],[-35.58163,-6.85104]]}},{"type":"Feature","properties":{"cota":100,"indice":false},"geometry":{"type":"LineString","coordinates":[[-35.48412,-6.84285],[-35.4864,-6.84428],[-35.48618,-6.8479],[-35.48412,-6.84285]]}},{"type":"Feature","properties":{"cota":500,"indice":true},"geometry":{"type":"LineString","coordinates":[[-36.4983,-7.66632],[-36.4901,-7.66846],[-36.51272,-7.67787],[-36.50911,-7.67186],[-36.5106,-7.66778],[-36.50448,-7.66674],[-36.50173,-7.66867],[-36.4983,-7.66632]]}},{"type":"Feature","properties":{"cota":500,"indice":true},"geometry":{"type":"LineString","coordinates":[[-36.47701,-7.6642],[-36.47475,-7.66506],[-36.47839,-7.6667],[-36.47701,-7.6642]]}},{"type":"Feature","properties":{"cota":500,"indice":true},"geometry":{"type":"LineString","coordinates":[[-36.53538,-7.6568],[-36.53288,-7.65825],[-36.53812,-7.66369],[-36.54449,-7.66438],[-36.54293,-7.65974],[-36.53538,-7.6568]]}},{"type":"Feature","properties":{"cota":400,"indice":false},"geometry":{"type":"LineString","coordinates":[[-36.44199,-7.65342],[-36.44337,-7.65642],[-36.44199,-7.65342]]}},{"type":"Feature","properties":{"cota":400,"indice":false},"geometry":{"type":"LineString","coordinates":[[-36.43719,-7.64776],[-36.44131,-7.65341],[-36.43719,-7.64776]]}},{"type":"Feature","properties":{"cota":500,"indice":true},"geometry":{"type":"LineString","coordinates":[[-36.48525,-7.60853],[-36.48642,-7.6147],[-36.48983,-7.61538],[-36.48525,-7.60853]]}},{"type":"Feature","properties":{"cota":500,"indice":true},"geometry":{"type":"LineString","coordinates":[[-36.47976,-7.57639],[-36.47437,-7.57863],[-36.47491,-7.58271],[-36.47849,-7.58407],[-36.47976,-7.57639]]}},{"type":"Feature","properties":{"cota":600,"indice":false},"geometry":{"type":"LineString","coordinates":[[-36.58138,-7.56671],[-36.5801,-7.5691],[-36.58207,-7.57071],[-36.58138,-7.56671]]}},{"type":"Feature","properties":{"cota":600,"indice":false},"geometry":{"type":"LineString","coordinates":[[-36.57177,-7.56085],[-36.57071,-7.56365],[-36.57581,-7.56637],[-36.5752,-7.56283],[-36.57177,-7.56085]]}},{"type":"Feature","properties":{"cota":600,"indice":false},"geometry":{"type":"LineString","coordinates":[[-36.53332,-7.52475],[-36.53066,-7.52621],[-36.53332,-7.52904],[-36.53588,-7.52757],[-36.53332,-7.52475]]}},{"type":"Feature","properties":{"cota":600,"indice":false},"geometry":{"type":"LineString","coordinates":[[-36.75922,-7.50234],[-36.75442,-7.50386],[-36.75304,-7.50908],[-36.75716,-7.50737],[-36.76111,-7.50851],[-36.76168,-7.50443],[-36.75922,-7.50234]]}},{"type":"Feature","properties":{"cota":500,"indice":true},"geometry":{"type":"LineString","coordinates":[[-36.67271,-7.4994],[-36.67133,-7.50306],[-36.66766,-7.50103],[-36.67271,-7.4994]]}},{"type":"Feature","properties":{"cota":600,"indice":false},"geometry":{"type":"LineString","coordinates":[[-36.75854,-7.49667],[-36.7566,-7.4983],[-36.75854,-7.501],[-36.76004,-7.49898],[-36.75854,-7.49667]]}},{"type":"Feature","properties":{"cota":600,"indice":false},"geometry":{"type":"LineString","coordinates":[[-36.7448,-7.49077],[-36.73862,-7.49334],[-36.73823,-7.49762],[-36.74686,-7.50271],[-36.75219,-7.50239],[-36.75277,-7.49694],[-36.7448,-7.49077]]}},{"type":"Feature","properties":{"cota":700,"indice":false},"geometry":{"type":"LineString","coordinates":[[-36.74549,-7.49471],[-36.74222,-7.4949],[-36.74209,-7.49694],[-36.74824,-7.49852],[-36.74549,-7.49471]]}},{"type":"Feature","properties":{"cota":600,"indice":false},"geometry":{"type":"LineString","coordinates":[[-36.75785,-7.47564],[-36.75291,-7.4772],[-36.75922,-7.48427],[-36.76137,-7.4806],[-36.75785,-7.47564]]}},{"type":"Feature","properties":{"cota":600,"indice":false},"geometry":{"type":"LineString","coordinates":[[-36.76403,-7.45046],[-36.76175,-7.45133],[-36.76128,-7.45746],[-36.76506,-7.45337],[-36.76403,-7.45046]]}},{"type":"Feature","properties":{"cota":600,"indice":false},"geometry":{"type":"LineString","coordinates":[[-36.73313,-7.44792],[-36.73209,-7.44928],[-36.73427,-7.45609],[-36.74016,-7.45609],[-36.74,-7.45101],[-36.73313,-7.44792]]}},{"type":"Feature","properties":{"cota":500,"indice":true},"geometry":{"type":"LineString","coordinates":[[-36.68301,-7.44791],[-36.68102,-7.45133],[-36.68438,-7.45278],[-36.68564,-7.45065],[-36.68301,-7.44791]]}},{"type":"Feature","properties":{"cota":500,"indice":true},"geometry":{"type":"LineString","coordinates":[[-36.61777,-7.42311],[-36.61519,-7.42409],[-36.61777,-7.42311]]}},{"type":"Feature","properties":{"cota":400,"indice":false},"geometry":{"type":"LineString","coordinates":[[-36.21197,-7.50489],[-36.20742,-7.50579],[-36.21435,-7.50851],[-36.21463,-7.50647],[-36.21197,-7.50489]]}},{"type":"Feature","properties":{"cota":500,"indice":true},"geometry":{"type":"LineString","coordinates":[[-36.22707,-7.48737],[-36.22398,-7.48741],[-36.22368,-7.48945],[-36.22634,-7.49354],[-36.22913,-7.49427],[-36.23112,-7.49149],[-36.22707,-7.48737]]}},{"type":"Feature","properties":{"cota":500,"indice":true},"geometry":{"type":"LineString","coordinates":[[-36.4056,-7.48182],[-36.40028,-7.48673],[-36.40148,-7.49189],[-36.40791,-7.48877],[-36.4056,-7.48182]]}},{"type":"Feature","properties":{"cota":500,"indice":true},"geometry":{"type":"LineString","coordinates":[[-36.37264,-7.4776],[-36.37033,-7.47992],[-36.37127,-7.48213],[-36.37437,-7.4806],[-36.37264,-7.4776]]}},{"type":"Feature","properties":{"cota":600,"indice":false},"geometry":{"type":"LineString","coordinates":[[-36.3905,-7.47646],[-36.38903,-7.47788],[-36.3905,-7.47929],[-36.39178,-7.47788],[-36.3905,-7.47646]]}},{"type":"Feature","properties":{"cota":500,"indice":true},"geometry":{"type":"LineString","coordinates":[[-36.385,-7.46743],[-36.38175,-7.47311],[-36.38228,-7.47652],[-36.38638,-7.48388],[-36.39324,-7.48375],[-36.39581,-7.4806],[-36.39522,-7.47584],[-36.39118,-7.47046],[-36.385,-7.46743]]}},{"type":"Feature","properties":{"cota":400,"indice":false},"geometry":{"type":"LineString","coordinates":[[-36.3287,-7.43234],[-36.3287,-7.43438],[-36.3232,-7.43823],[-36.31153,-7.43917],[-36.31222,-7.43719],[-36.3232,-7.43259],[-36.3287,-7.43234]]}},{"type":"Feature","properties":{"cota":500,"indice":true},"geometry":{"type":"LineString","coordinates":[[-36.35891,-7.38654],[-36.35461,-7.39209],[-36.35685,-7.3912],[-36.35891,-7.38654]]}},{"type":"Feature","properties":{"cota":500,"indice":true},"geometry":{"type":"LineString","coordinates":[[-36.39736,-7.38451],[-36.38638,-7.3849],[-36.38466,-7.38732],[-36.39118,-7.39191],[-36.40388,-7.38936],[-36.40255,-7.38596],[-36.39736,-7.38451]]}},{"type":"Feature","properties":{"cota":500,"indice":true},"geometry":{"type":"LineString","coordinates":[[-36.29368,-7.37838],[-36.2924,-7.38051],[-36.29628,-7.38119],[-36.29368,-7.37838]]}},{"type":"Feature","properties":{"cota":500,"indice":true},"geometry":{"type":"LineString","coordinates":[[-36.27377,-7.3752],[-36.26868,-7.37779],[-36.27445,-7.38141],[-36.27377,-7.3752]]}},{"type":"Feature","properties":{"cota":500,"indice":true},"geometry":{"type":"LineString","coordinates":[[-36.31428,-7.37205],[-36.31274,-7.37302],[-36.31544,-7.3737],[-36.31428,-7.37205]]}},{"type":"Feature","properties":{"cota":500,"indice":true},"geometry":{"type":"LineString","coordinates":[[-36.28338,-7.36752],[-36.27859,-7.36826],[-36.2876,-7.37166],[-36.2875,-7.36907],[-36.28338,-7.36752]]}},{"type":"Feature","properties":{"cota":500,"indice":true},"geometry":{"type":"LineString","coordinates":[[-36.30329,-7.36546],[-36.29709,-7.36689],[-36.30192,-7.37074],[-36.30604,-7.37092],[-36.30686,-7.36826],[-36.30329,-7.36546]]}},{"type":"Feature","properties":{"cota":500,"indice":true},"geometry":{"type":"LineString","coordinates":[[-36.21197,-7.36332],[-36.20991,-7.36369],[-36.20884,-7.36689],[-36.22021,-7.37248],[-36.22338,-7.37166],[-36.21197,-7.36332]]}},{"type":"Feature","properties":{"cota":500,"indice":true},"geometry":{"type":"LineString","coordinates":[[-36.27308,-7.36398],[-36.26924,-7.36417],[-36.26737,-7.36689],[-36.27456,-7.36826],[-36.27538,-7.36689],[-36.27308,-7.36398]]}},{"type":"Feature","properties":{"cota":500,"indice":true},"geometry":{"type":"LineString","coordinates":[[-36.25111,-7.3586],[-36.24748,-7.36076],[-36.24836,-7.3653],[-36.25215,-7.36349],[-36.25111,-7.3586]]}},{"type":"Feature","properties":{"cota":500,"indice":true},"geometry":{"type":"LineString","coordinates":[[-36.2669,-7.35928],[-36.25866,-7.35981],[-36.25844,-7.36145],[-36.26278,-7.36295],[-36.2669,-7.35928]]}},{"type":"Feature","properties":{"cota":500,"indice":true},"geometry":{"type":"LineString","coordinates":[[-36.26415,-7.35048],[-36.26274,-7.35191],[-36.26415,-7.35303],[-36.26548,-7.35191],[-36.26415,-7.35048]]}},{"type":"Feature","properties":{"cota":500,"indice":true},"geometry":{"type":"LineString","coordinates":[[-36.3699,-7.32306],[-36.35767,-7.32603],[-36.35754,-7.33302],[-36.36028,-7.33365],[-36.35895,-7.33012],[-36.36303,-7.32741],[-36.37127,-7.32567],[-36.3699,-7.32306]]}},{"type":"Feature","properties":{"cota":500,"indice":true},"geometry":{"type":"LineString","coordinates":[[-36.4571,-7.46151],[-36.4587,-7.4629],[-36.45525,-7.46222],[-36.4571,-7.46151]]}},{"type":"Feature","properties":{"cota":500,"indice":true},"geometry":{"type":"LineString","coordinates":[[-36.50517,-7.45594],[-36.50197,-7.45677],[-36.50448,-7.45758],[-36.50517,-7.45594]]}},{"type":"Feature","properties":{"cota":500,"indice":true},"geometry":{"type":"LineString","coordinates":[[-36.51752,-7.36475],[-36.51323,-7.36689],[-36.51821,-7.36858],[-36.51752,-7.36475]]}},{"type":"Feature","properties":{"cota":500,"indice":true},"geometry":{"type":"LineString","coordinates":[[-36.46877,-7.36477],[-36.4663,-7.36553],[-36.47298,-7.36757],[-36.46877,-7.36477]]}},{"type":"Feature","properties":{"cota":500,"indice":true},"geometry":{"type":"LineString","coordinates":[[-36.53538,-7.35931],[-36.53467,-7.36076],[-36.53685,-7.36145],[-36.53538,-7.35931]]}},{"type":"Feature","properties":{"cota":500,"indice":true},"geometry":{"type":"LineString","coordinates":[[-36.47015,-7.35361],[-36.46737,-7.35464],[-36.46903,-7.35804],[-36.47572,-7.35872],[-36.47015,-7.35361]]}},{"type":"Feature","properties":{"cota":500,"indice":true},"geometry":{"type":"LineString","coordinates":[[-36.46328,-7.35377],[-36.46036,-7.35464],[-36.46242,-7.35532],[-36.46328,-7.35377]]}},{"type":"Feature","properties":{"cota":500,"indice":true},"geometry":{"type":"LineString","coordinates":[[-36.47839,-7.33672],[-36.47551,-7.33761],[-36.47738,-7.34306],[-36.47038,-7.34783],[-36.47083,-7.35093],[-36.47907,-7.34613],[-36.48015,-7.33965],[-36.47839,-7.33672]]}},{"type":"Feature","properties":{"cota":600,"indice":false},"geometry":{"type":"LineString","coordinates":[[-36.54842,-7.09081],[-36.54217,-7.09238],[-36.53988,-7.0951],[-36.54148,-7.09919],[-36.54705,-7.10352],[-36.55323,-7.10162],[-36.55666,-7.10693],[-36.56216,-7.10606],[-36.56422,-7.10346],[-36.5704,-7.10732],[-36.58134,-7.10668],[-36.58388,-7.10396],[-36.58276,-7.09919],[-36.57932,-7.09676],[-36.56628,-7.09539],[-36.56216,-7.0989],[-36.55666,-7.09342],[-36.54842,-7.09081]]}},{"type":"Feature","properties":{"cota":600,"indice":false},"geometry":{"type":"LineString","coordinates":[[-36.53263,-7.08795],[-36.53126,-7.09024],[-36.53306,-7.08965],[-36.53263,-7.08795]]}},{"type":"Feature","properties":{"cota":500,"indice":true},"geometry":{"type":"LineString","coordinates":[[-36.60885,-7.41992],[-36.60735,-7.42069],[-36.61467,-7.42409],[-36.60885,-7.41992]]}},{"type":"Feature","properties":{"cota":500,"indice":true},"geometry":{"type":"LineString","coordinates":[[-36.63425,-7.38427],[-36.63087,-7.3846],[-36.63425,-7.38649],[-36.63425,-7.38427]]}},{"type":"Feature","properties":{"cota":500,"indice":true},"geometry":{"type":"LineString","coordinates":[[-36.73176,-7.37807],[-36.73215,-7.37983],[-36.73024,-7.38051],[-36.73176,-7.37807]]}},{"type":"Feature","properties":{"cota":500,"indice":true},"geometry":{"type":"LineString","coordinates":[[-36.63494,-7.31642],[-36.63288,-7.31643],[-36.63288,-7.31825],[-36.63494,-7.31837],[-36.63494,-7.31642]]}},{"type":"Feature","properties":{"cota":500,"indice":true},"geometry":{"type":"LineString","coordinates":[[-36.75991,-7.3062],[-36.75991,-7.3079],[-36.75773,-7.30764],[-36.75991,-7.3062]]}},{"type":"Feature","properties":{"cota":500,"indice":true},"geometry":{"type":"LineString","coordinates":[[-36.66103,-7.29804],[-36.65915,-7.29947],[-36.6632,-7.29947],[-36.66103,-7.29804]]}},{"type":"Feature","properties":{"cota":500,"indice":true},"geometry":{"type":"LineString","coordinates":[[-36.64661,-7.25543],[-36.6421,-7.25792],[-36.64867,-7.263],[-36.65095,-7.25929],[-36.64661,-7.25543]]}},{"type":"Feature","properties":{"cota":600,"indice":false},"geometry":{"type":"LineString","coordinates":[[-36.75648,-7.12078],[-36.75473,-7.12236],[-36.75776,-7.12304],[-36.75648,-7.12078]]}},{"type":"Feature","properties":{"cota":800,"indice":false},"geometry":{"type":"LineString","coordinates":[[-36.76334,-7.03907],[-36.76235,-7.04127],[-36.76472,-7.0443],[-36.76556,-7.04195],[-36.76334,-7.03907]]}},{"type":"Feature","properties":{"cota":800,"indice":false},"geometry":{"type":"LineString","coordinates":[[-36.75442,-7.02204],[-36.75167,-7.02154],[-36.73931,-7.02633],[-36.7383,-7.03036],[-36.74245,-7.03718],[-36.75777,-7.03309],[-36.75821,-7.02491],[-36.75442,-7.02204]]}},{"type":"Feature","properties":{"cota":600,"indice":false},"geometry":{"type":"LineString","coordinates":[[-36.48594,-7.0724],[-36.48045,-7.0727],[-36.47483,-7.07875],[-36.47408,-7.08352],[-36.47564,-7.08633],[-36.48113,-7.08861],[-36.48663,-7.08584],[-36.48937,-7.08975],[-36.50105,-7.09513],[-36.50529,-7.09306],[-36.50199,-7.08488],[-36.50379,-7.08332],[-36.51409,-7.09865],[-36.53057,-7.10284],[-36.53407,-7.10191],[-36.52943,-7.09033],[-36.5189,-7.08373],[-36.51255,-7.08352],[-36.51172,-7.07875],[-36.5086,-7.07555],[-36.49761,-7.07517],[-36.49006,-7.07745],[-36.48594,-7.0724]]}},{"type":"Feature","properties":{"cota":600,"indice":false},"geometry":{"type":"LineString","coordinates":[[-36.44062,-7.06918],[-36.43513,-7.07035],[-36.43169,-7.07485],[-36.4262,-7.06944],[-36.42071,-7.0688],[-36.41518,-7.07466],[-36.41727,-7.07687],[-36.4262,-7.07938],[-36.44611,-7.07914],[-36.45161,-7.07434],[-36.45641,-7.07827],[-36.45916,-7.07765],[-36.45779,-7.07223],[-36.44062,-7.06918]]}},{"type":"Feature","properties":{"cota":600,"indice":false},"geometry":{"type":"LineString","coordinates":[[-36.52302,-7.06303],[-36.51863,-7.0658],[-36.52333,-7.06716],[-36.5244,-7.06512],[-36.52302,-7.06303]]}},{"type":"Feature","properties":{"cota":600,"indice":false},"geometry":{"type":"LineString","coordinates":[[-36.48869,-7.03987],[-36.47775,-7.04195],[-36.4842,-7.05081],[-36.4982,-7.06307],[-36.50723,-7.06787],[-36.51334,-7.0658],[-36.51451,-7.06376],[-36.51265,-7.0583],[-36.50928,-7.05694],[-36.50311,-7.05877],[-36.50294,-7.04876],[-36.49624,-7.04851],[-36.49538,-7.04399],[-36.48869,-7.03987]]}},{"type":"Feature","properties":{"cota":600,"indice":false},"geometry":{"type":"LineString","coordinates":[[-36.44817,-7.05061],[-36.44435,-7.05081],[-36.44817,-7.05248],[-36.44817,-7.05061]]}},{"type":"Feature","properties":{"cota":600,"indice":false},"geometry":{"type":"LineString","coordinates":[[-36.4674,-6.89715],[-36.46593,-6.8995],[-36.46831,-6.90291],[-36.47414,-6.90291],[-36.47289,-6.89929],[-36.4674,-6.89715]]}},{"type":"Feature","properties":{"cota":400,"indice":false},"geometry":{"type":"LineString","coordinates":[[-36.51066,-6.84425],[-36.5189,-6.84626],[-36.51958,-6.85791],[-36.51469,-6.84906],[-36.50772,-6.84769],[-36.5086,-6.84445],[-36.51066,-6.84425]]}},{"type":"Feature","properties":{"cota":500,"indice":true},"geometry":{"type":"LineString","coordinates":[[-36.43719,-6.84128],[-36.43968,-6.8436],[-36.43542,-6.84633],[-36.43444,-6.85076],[-36.42832,-6.84837],[-36.43375,-6.84238],[-36.43719,-6.84128]]}},{"type":"Feature","properties":{"cota":400,"indice":false},"geometry":{"type":"MultiLineString","coordinates":[[[-36.52508,-6.83467],[-36.53057,-6.83751],[-36.53606,-6.83756],[-36.53812,-6.84033],[-36.54076,-6.83871]],[[-36.55139,-6.84327],[-36.55117,-6.84555],[-36.54607,-6.84701],[-36.54499,-6.85074],[-36.53744,-6.84591],[-36.534,-6.84059],[-36.52645,-6.84208],[-36.51852,-6.83951],[-36.52233,-6.83514],[-36.52508,-6.83467]]]}},{"type":"Feature","properties":{"cota":500,"indice":true},"geometry":{"type":"LineString","coordinates":[[-36.49487,-6.82049],[-36.49264,-6.82656],[-36.4983,-6.8302],[-36.49865,-6.82656],[-36.49487,-6.82049]]}},{"type":"Feature","properties":{"cota":500,"indice":true},"geometry":{"type":"LineString","coordinates":[[-36.36234,-7.29465],[-36.35789,-7.29538],[-36.36372,-7.3032],[-36.36696,-7.29947],[-36.36234,-7.29465]]}},{"type":"Feature","properties":{"cota":500,"indice":true},"geometry":{"type":"LineString","coordinates":[[-36.33419,-7.26123],[-36.3287,-7.26111],[-36.32023,-7.26473],[-36.32114,-7.26676],[-36.32959,-7.2695],[-36.33149,-7.27291],[-36.32445,-7.27904],[-36.32801,-7.28274],[-36.33282,-7.28256],[-36.33762,-7.28554],[-36.34586,-7.29214],[-36.3493,-7.2978],[-36.35426,-7.29334],[-36.34867,-7.28108],[-36.35179,-7.27087],[-36.34037,-7.2669],[-36.33419,-7.26123]]}},{"type":"Feature","properties":{"cota":500,"indice":true},"geometry":{"type":"LineString","coordinates":[[-36.25179,-7.19994],[-36.25317,-7.20182],[-36.25042,-7.20089],[-36.25179,-7.19994]]}},{"type":"Feature","properties":{"cota":600,"indice":false},"geometry":{"type":"LineString","coordinates":[[-36.20991,-6.99874],[-36.20519,-7.00106],[-36.21059,-7.00472],[-36.21434,-7.00447],[-36.21433,-7.00174],[-36.20991,-6.99874]]}},{"type":"Feature","properties":{"cota":600,"indice":false},"geometry":{"type":"LineString","coordinates":[[-36.27171,-6.5974],[-36.26827,-6.59706],[-36.26365,-6.60084],[-36.27059,-6.6097],[-36.26485,-6.61516],[-36.26211,-6.62675],[-36.25523,-6.62235],[-36.2482,-6.62471],[-36.25422,-6.63085],[-36.24812,-6.63903],[-36.23788,-6.63767],[-36.23531,-6.63063],[-36.22982,-6.62822],[-36.22709,-6.62948],[-36.23222,-6.6363],[-36.22885,-6.64176],[-36.22987,-6.64858],[-36.23257,-6.65274],[-36.24012,-6.65339],[-36.24424,-6.64988],[-36.24975,-6.65063],[-36.24848,-6.65608],[-36.2543,-6.66017],[-36.2534,-6.66631],[-36.25729,-6.66637],[-36.26553,-6.67382],[-36.27377,-6.67028],[-36.27995,-6.67202],[-36.29064,-6.67995],[-36.28956,-6.68519],[-36.28407,-6.68122],[-36.27926,-6.68183],[-36.27953,-6.68745],[-36.27514,-6.69],[-36.27536,-6.69427],[-36.27033,-6.69814],[-36.25248,-6.69419],[-36.25042,-6.69081],[-36.24809,-6.69086],[-36.25503,-6.70178],[-36.25598,-6.70859],[-36.26676,-6.7161],[-36.26621,-6.71818],[-36.25983,-6.72087],[-36.26072,-6.72636],[-36.25335,-6.72564],[-36.25507,-6.7311],[-36.25164,-6.73314],[-36.2491,-6.73996],[-36.25578,-6.74405],[-36.25582,-6.75633],[-36.25788,-6.75974],[-36.25639,-6.76451],[-36.2603,-6.77883],[-36.2507,-6.77474],[-36.2463,-6.76887],[-36.24218,-6.76897],[-36.23596,-6.77406],[-36.24127,-6.78565],[-36.23668,-6.7911],[-36.22999,-6.79178],[-36.23687,-6.79997],[-36.2327,-6.80678],[-36.23422,-6.81497],[-36.22845,-6.81582],[-36.21609,-6.80721],[-36.2082,-6.80951],[-36.20517,-6.8136],[-36.20712,-6.81838],[-36.20302,-6.82315],[-36.20327,-6.82519],[-36.20579,-6.82698],[-36.21403,-6.82548],[-36.22158,-6.83876],[-36.22707,-6.83967],[-36.23119,-6.8428],[-36.23531,-6.84242],[-36.23921,-6.84565],[-36.2396,-6.84906],[-36.236,-6.8505],[-36.22982,-6.84721],[-36.22501,-6.84909],[-36.22335,-6.85587],[-36.22823,-6.8586],[-36.22501,-6.86818],[-36.22158,-6.86708],[-36.22051,-6.86201],[-36.2154,-6.86093],[-36.21197,-6.85621],[-36.20716,-6.85462],[-36.20098,-6.85868],[-36.20117,-6.85383],[-36.19755,-6.84954],[-36.18862,-6.84498],[-36.18382,-6.8459],[-36.1828,-6.84837],[-36.18935,-6.85655],[-36.189,-6.86064],[-36.19137,-6.8643],[-36.18793,-6.86552],[-36.18519,-6.86174],[-36.17901,-6.85979],[-36.17387,-6.87087],[-36.17527,-6.87632],[-36.17146,-6.87988],[-36.17067,-6.87632],[-36.16591,-6.87428],[-36.16459,-6.86815],[-36.15772,-6.86796],[-36.1597,-6.85792],[-36.15154,-6.85494],[-36.15017,-6.86195],[-36.14454,-6.86064],[-36.14361,-6.86746],[-36.14647,-6.87973],[-36.1433,-6.88579],[-36.13781,-6.88751],[-36.13232,-6.88546],[-36.1263,-6.88655],[-36.12614,-6.89232],[-36.13163,-6.89378],[-36.13575,-6.89026],[-36.1385,-6.89057],[-36.14257,-6.90018],[-36.14017,-6.90427],[-36.14605,-6.90246],[-36.14948,-6.91027],[-36.15772,-6.90528],[-36.16253,-6.92269],[-36.17056,-6.92949],[-36.171,-6.93699],[-36.16831,-6.93836],[-36.16797,-6.94176],[-36.16175,-6.95131],[-36.15714,-6.95471],[-36.15768,-6.95676],[-36.16379,-6.9588],[-36.16446,-6.95471],[-36.17077,-6.95072],[-36.18244,-6.9585],[-36.18342,-6.95608],[-36.18111,-6.95131],[-36.18313,-6.95034],[-36.19343,-6.95774],[-36.19758,-6.95812],[-36.20053,-6.96289],[-36.20029,-6.96791],[-36.2051,-6.96596],[-36.21952,-6.97041],[-36.22364,-6.96906],[-36.22243,-6.96698],[-36.21471,-6.96405],[-36.20769,-6.95744],[-36.20907,-6.95199],[-36.20524,-6.94858],[-36.20964,-6.94449],[-36.20029,-6.9366],[-36.1923,-6.93427],[-36.19111,-6.93018],[-36.1868,-6.92609],[-36.19444,-6.92677],[-36.19168,-6.92131],[-36.19617,-6.92092],[-36.20127,-6.9145],[-36.20055,-6.90632],[-36.20922,-6.90789],[-36.21403,-6.90206],[-36.21471,-6.90561],[-36.21115,-6.91177],[-36.21532,-6.91722],[-36.21179,-6.92268],[-36.21265,-6.92881],[-36.21883,-6.93061],[-36.22295,-6.92413],[-36.22601,-6.92336],[-36.22833,-6.91995],[-36.23564,-6.91859],[-36.23417,-6.91109],[-36.23731,-6.90768],[-36.23468,-6.90291],[-36.23612,-6.89609],[-36.23457,-6.89268],[-36.23624,-6.88723],[-36.24012,-6.88782],[-36.24218,-6.88231],[-36.2454,-6.88519],[-36.24252,-6.89541],[-36.24844,-6.90223],[-36.25111,-6.91096],[-36.25776,-6.90973],[-36.25935,-6.89699],[-36.26415,-6.90739],[-36.2669,-6.90711],[-36.26965,-6.90342],[-36.27171,-6.90768],[-36.27779,-6.907],[-36.27514,-6.91501],[-36.28234,-6.91586],[-36.2795,-6.92131],[-36.28063,-6.92325],[-36.28663,-6.92268],[-36.28475,-6.9291],[-36.27857,-6.93006],[-36.27583,-6.9342],[-36.27102,-6.93518],[-36.26674,-6.9404],[-36.26209,-6.94149],[-36.25796,-6.94517],[-36.26072,-6.94933],[-36.26553,-6.94668],[-36.26827,-6.95237],[-36.27445,-6.95485],[-36.28385,-6.95199],[-36.27854,-6.96289],[-36.27995,-6.96608],[-36.28544,-6.9658],[-36.28819,-6.96116],[-36.29162,-6.96268],[-36.29876,-6.96085],[-36.29927,-6.96357],[-36.29299,-6.96903],[-36.29318,-6.97243],[-36.2894,-6.97516],[-36.29025,-6.9775],[-36.29574,-6.97922],[-36.29986,-6.97727],[-36.31484,-6.97652],[-36.31536,-6.9738],[-36.31253,-6.97039],[-36.31565,-6.96782],[-36.3169,-6.96085],[-36.31974,-6.95744],[-36.31586,-6.95403],[-36.31535,-6.94585],[-36.31908,-6.94428],[-36.32252,-6.94837],[-36.33517,-6.95199],[-36.34243,-6.96126],[-36.35204,-6.96345],[-36.35643,-6.96971],[-36.35619,-6.9738],[-36.36234,-6.97867],[-36.3747,-6.97837],[-36.39437,-6.98947],[-36.39393,-6.99498],[-36.385,-6.99385],[-36.383,-6.9997],[-36.37608,-7.00033],[-36.37608,-7.0034],[-36.38157,-7.00324],[-36.38638,-7.01016],[-36.39393,-7.01642],[-36.40424,-7.02014],[-36.40466,-7.02355],[-36.40697,-7.02524],[-36.41865,-7.02386],[-36.42689,-7.02542],[-36.42934,-7.02287],[-36.423,-7.02014],[-36.42564,-7.01742],[-36.42108,-7.01128],[-36.42107,-7.00856],[-36.42826,-7.00735],[-36.4365,-7.01593],[-36.43762,-7.01333],[-36.43574,-7.00515],[-36.42277,-6.99234],[-36.41521,-6.9938],[-36.41489,-6.98675],[-36.41109,-6.97952],[-36.40791,-6.97721],[-36.41178,-6.96884],[-36.40903,-6.96768],[-36.40491,-6.96933],[-36.40148,-6.95906],[-36.39436,-6.95676],[-36.40079,-6.95322],[-36.41109,-6.95838],[-36.41384,-6.95513],[-36.41865,-6.95835],[-36.43032,-6.95828],[-36.43048,-6.97243],[-36.43581,-6.97534],[-36.43856,-6.97323],[-36.44749,-6.97398],[-36.44837,-6.97993],[-36.45504,-6.98427],[-36.45705,-6.98879],[-36.46876,-6.99152],[-36.47427,-6.99921],[-36.47907,-7.00002],[-36.48147,-7.00447],[-36.488,-7.00587],[-36.48937,-7.01002],[-36.49473,-7.01128],[-36.49418,-7.02023],[-36.4983,-7.01857],[-36.50517,-7.0196],[-36.50791,-7.02334],[-36.51066,-7.02117],[-36.51821,-7.02256],[-36.53881,-7.02861],[-36.55323,-7.03616],[-36.55533,-7.03513],[-36.55582,-7.03173],[-36.55296,-7.02559],[-36.55735,-7.02559],[-36.56971,-7.03396],[-36.56992,-7.03922],[-36.57452,-7.03839],[-36.58482,-7.04176],[-36.59168,-7.03939],[-36.59307,-7.04468],[-36.59718,-7.04877],[-36.60198,-7.0471],[-36.60473,-7.05047],[-36.60752,-7.05013],[-36.60846,-7.04808],[-36.60336,-7.04046],[-36.59325,-7.03922],[-36.59237,-7.03251],[-36.58751,-7.03105],[-36.58622,-7.02628],[-36.59079,-7.02287],[-36.59316,-7.0181],[-36.58966,-7.01469],[-36.59085,-7.00719],[-36.58619,-6.99911],[-36.58276,-6.99951],[-36.56834,-7.00862],[-36.56559,-7.01486],[-36.55872,-7.00342],[-36.54938,-7.00447],[-36.55186,-6.99681],[-36.56422,-6.99879],[-36.56689,-6.99697],[-36.56637,-6.99152],[-36.5701,-6.98402],[-36.56595,-6.97448],[-36.57314,-6.97374],[-36.57479,-6.96971],[-36.57233,-6.96289],[-36.56691,-6.96085],[-36.56717,-6.95403],[-36.5649,-6.95312],[-36.55804,-6.95625],[-36.55254,-6.96508],[-36.55048,-6.96493],[-36.54774,-6.96102],[-36.5421,-6.96494],[-36.53556,-6.96426],[-36.55048,-6.94517],[-36.54087,-6.94372],[-36.52714,-6.93526],[-36.52027,-6.93599],[-36.51964,-6.94381],[-36.51272,-6.94556],[-36.50752,-6.9404],[-36.51134,-6.92636],[-36.50173,-6.93325],[-36.50242,-6.92518],[-36.49849,-6.92268],[-36.49414,-6.91109],[-36.49006,-6.90753],[-36.48754,-6.90973],[-36.48821,-6.92131],[-36.48319,-6.91798],[-36.4777,-6.91979],[-36.47633,-6.93301],[-36.47425,-6.93358],[-36.47083,-6.92571],[-36.46672,-6.92472],[-36.47015,-6.92053],[-36.4703,-6.91586],[-36.46877,-6.9149],[-36.46434,-6.91518],[-36.46259,-6.91933],[-36.45847,-6.92008],[-36.4571,-6.92419],[-36.45161,-6.92922],[-36.45108,-6.91313],[-36.46201,-6.90291],[-36.45161,-6.89966],[-36.44084,-6.91041],[-36.4365,-6.91159],[-36.42689,-6.90268],[-36.42071,-6.90513],[-36.41881,-6.90291],[-36.41929,-6.8995],[-36.41599,-6.89609],[-36.41961,-6.89268],[-36.42089,-6.88382],[-36.41384,-6.88527],[-36.41109,-6.88341],[-36.4056,-6.8859],[-36.404,-6.8811],[-36.39118,-6.8726],[-36.38483,-6.87769],[-36.3907,-6.88655],[-36.39457,-6.90495],[-36.3905,-6.90611],[-36.38677,-6.89609],[-36.37951,-6.89197],[-36.37539,-6.9061],[-36.37058,-6.90489],[-36.36097,-6.89732],[-36.35822,-6.90256],[-36.34586,-6.89719],[-36.34543,-6.90427],[-36.34723,-6.90904],[-36.35428,-6.9145],[-36.34792,-6.91628],[-36.34861,-6.92275],[-36.33991,-6.92336],[-36.34607,-6.92949],[-36.3493,-6.93695],[-36.34243,-6.93465],[-36.33419,-6.93583],[-36.33007,-6.92805],[-36.32789,-6.92813],[-36.32664,-6.93132],[-36.31798,-6.92609],[-36.32595,-6.91932],[-36.32665,-6.91586],[-36.31702,-6.91626],[-36.31762,-6.90836],[-36.30329,-6.90401],[-36.30032,-6.89609],[-36.30878,-6.89907],[-36.31702,-6.89865],[-36.31365,-6.89473],[-36.31496,-6.89003],[-36.3184,-6.88856],[-36.32664,-6.88945],[-36.33184,-6.88314],[-36.32389,-6.87976],[-36.3215,-6.8845],[-36.31771,-6.88514],[-36.31264,-6.87428],[-36.3081,-6.87446],[-36.30466,-6.86876],[-36.29873,-6.86814],[-36.30535,-6.86326],[-36.31555,-6.86405],[-36.31428,-6.85413],[-36.3287,-6.86002],[-36.33093,-6.85246],[-36.32954,-6.84565],[-36.32595,-6.85164],[-36.3184,-6.84465],[-36.31013,-6.84156],[-36.30849,-6.83747],[-36.30398,-6.83796],[-36.29986,-6.83567],[-36.29162,-6.84201],[-36.28887,-6.83276],[-36.27826,-6.83951],[-36.27651,-6.84269],[-36.27009,-6.83951],[-36.27014,-6.83542],[-36.27359,-6.82928],[-36.27651,-6.82786],[-36.27857,-6.83077],[-36.28063,-6.83067],[-36.28369,-6.82519],[-36.28132,-6.82325],[-36.27789,-6.82446],[-36.26531,-6.82042],[-36.2669,-6.81439],[-36.27121,-6.8136],[-36.26733,-6.81019],[-36.27308,-6.80518],[-36.28117,-6.80542],[-36.28248,-6.80269],[-36.28129,-6.7986],[-36.28663,-6.79315],[-36.28338,-6.78935],[-36.27589,-6.78906],[-36.27975,-6.78292],[-36.27514,-6.78029],[-36.27514,-6.77721],[-36.28819,-6.78026],[-36.29824,-6.77474],[-36.29304,-6.77133],[-36.2961,-6.76656],[-36.29436,-6.76114],[-36.28475,-6.76203],[-36.28146,-6.75974],[-36.28343,-6.75701],[-36.29025,-6.75552],[-36.29551,-6.75019],[-36.29488,-6.74678],[-36.28656,-6.74133],[-36.29368,-6.73928],[-36.29848,-6.74368],[-36.3081,-6.73881],[-36.3112,-6.73928],[-36.31095,-6.74405],[-36.30788,-6.74746],[-36.30903,-6.75156],[-36.30565,-6.75769],[-36.30741,-6.76067],[-36.3129,-6.75911],[-36.31829,-6.76792],[-36.31569,-6.77201],[-36.31702,-6.77524],[-36.31977,-6.77427],[-36.32595,-6.76467],[-36.3335,-6.76359],[-36.33296,-6.75769],[-36.33556,-6.75183],[-36.35032,-6.77201],[-36.35152,-6.7836],[-36.35612,-6.78428],[-36.3596,-6.77883],[-36.36029,-6.77269],[-36.35652,-6.76997],[-36.36006,-6.76587],[-36.36273,-6.77065],[-36.37127,-6.77235],[-36.36857,-6.77883],[-36.37495,-6.78224],[-36.37303,-6.78565],[-36.37667,-6.78838],[-36.37068,-6.79178],[-36.37256,-6.79656],[-36.36852,-6.79929],[-36.37676,-6.80252],[-36.38157,-6.80851],[-36.38884,-6.8061],[-36.3905,-6.80122],[-36.40079,-6.80125],[-36.40147,-6.79997],[-36.39736,-6.7917],[-36.38638,-6.79089],[-36.38262,-6.78838],[-36.38603,-6.78224],[-36.38097,-6.77951],[-36.38313,-6.77406],[-36.38127,-6.76792],[-36.38569,-6.76162],[-36.3905,-6.76207],[-36.39462,-6.75971],[-36.40079,-6.76277],[-36.4056,-6.76966],[-36.40972,-6.75983],[-36.41796,-6.76091],[-36.42144,-6.76997],[-36.42063,-6.77542],[-36.42414,-6.7785],[-36.43101,-6.77475],[-36.43238,-6.77133],[-36.43925,-6.76545],[-36.43967,-6.76178],[-36.43621,-6.74746],[-36.43307,-6.74342],[-36.42172,-6.7461],[-36.41933,-6.75349],[-36.41109,-6.75428],[-36.40923,-6.74746],[-36.40629,-6.74566],[-36.40423,-6.72442],[-36.40279,-6.72633],[-36.40405,-6.73246],[-36.39933,-6.73451],[-36.39942,-6.74388],[-36.39599,-6.74861],[-36.38981,-6.74915],[-36.38432,-6.74348],[-36.3794,-6.7461],[-36.38363,-6.73706],[-36.38744,-6.73587],[-36.38775,-6.73056],[-36.39179,-6.72837],[-36.39002,-6.72564],[-36.38594,-6.72428],[-36.38569,-6.72118],[-36.39497,-6.71678],[-36.39388,-6.70996],[-36.39874,-6.70917],[-36.40422,-6.7045],[-36.40766,-6.69444],[-36.41178,-6.69556],[-36.41406,-6.69359],[-36.41247,-6.69113],[-36.40697,-6.69155],[-36.40151,-6.68814],[-36.39904,-6.67722],[-36.39942,-6.67076],[-36.40255,-6.66699],[-36.40079,-6.65973],[-36.39324,-6.66325],[-36.38706,-6.65703],[-36.37539,-6.66065],[-36.37362,-6.66427],[-36.3747,-6.66584],[-36.38432,-6.66287],[-36.38775,-6.66657],[-36.39187,-6.66744],[-36.39268,-6.66972],[-36.38672,-6.67109],[-36.38706,-6.68073],[-36.37949,-6.67586],[-36.37823,-6.68063],[-36.38082,-6.68473],[-36.37676,-6.68603],[-36.3747,-6.69043],[-36.37196,-6.68376],[-36.36715,-6.68047],[-36.3644,-6.68498],[-36.3596,-6.68308],[-36.35706,-6.68404],[-36.35828,-6.69155],[-36.35679,-6.69359],[-36.35685,-6.70487],[-36.35342,-6.70498],[-36.3493,-6.69906],[-36.34586,-6.70102],[-36.33799,-6.69973],[-36.33837,-6.69359],[-36.33615,-6.69018],[-36.33754,-6.68677],[-36.33556,-6.68526],[-36.33015,-6.68677],[-36.32526,-6.69194],[-36.31702,-6.69548],[-36.31876,-6.69018],[-36.31835,-6.682],[-36.32458,-6.68063],[-36.329,-6.67313],[-36.32458,-6.67083],[-36.31977,-6.67257],[-36.31771,-6.67147],[-36.3187,-6.66358],[-36.31247,-6.66154],[-36.31462,-6.65404],[-36.31035,-6.65063],[-36.30947,-6.64626],[-36.30353,-6.64858],[-36.30726,-6.65335],[-36.30428,-6.65608],[-36.30329,-6.66475],[-36.30054,-6.66611],[-36.29848,-6.6627],[-36.29368,-6.66438],[-36.29078,-6.66222],[-36.29458,-6.65267],[-36.291,-6.64858],[-36.29017,-6.64176],[-36.28475,-6.6402],[-36.28255,-6.63153],[-36.28675,-6.6288],[-36.29035,-6.62198],[-36.28201,-6.62179],[-36.27918,-6.61516],[-36.27336,-6.6138],[-36.27235,-6.61107],[-36.27974,-6.60629],[-36.2772,-6.59908],[-36.27171,-6.5974]]}},{"type":"Feature","properties":{"cota":600,"indice":false},"geometry":{"type":"LineString","coordinates":[[-36.236,-6.7617],[-36.23297,-6.76178],[-36.23346,-6.76587],[-36.23875,-6.76616],[-36.23939,-6.76315],[-36.236,-6.7617]]}},{"type":"Feature","properties":{"cota":600,"indice":false},"geometry":{"type":"LineString","coordinates":[[-36.31222,-6.73227],[-36.3129,-6.73548],[-36.31016,-6.73492],[-36.31016,-6.7327],[-36.31222,-6.73227]]}},{"type":"Feature","properties":{"cota":600,"indice":false},"geometry":{"type":"LineString","coordinates":[[-36.41109,-6.729],[-36.40939,-6.7311],[-36.41109,-6.73271],[-36.41295,-6.7311],[-36.41109,-6.729]]}},{"type":"Feature","properties":{"cota":500,"indice":true},"geometry":{"type":"LineString","coordinates":[[-36.19617,-6.67785],[-36.20271,-6.68404],[-36.19686,-6.68333],[-36.19364,-6.67995],[-36.19617,-6.67785]]}},{"type":"Feature","properties":{"cota":600,"indice":false},"geometry":{"type":"LineString","coordinates":[[-36.35136,-6.67446],[-36.34607,-6.68063],[-36.35204,-6.6832],[-36.35301,-6.67859],[-36.35136,-6.67446]]}},{"type":"Feature","properties":{"cota":600,"indice":false},"geometry":{"type":"LineString","coordinates":[[-36.72558,-6.98897],[-36.72764,-6.99611],[-36.74174,-7.00242],[-36.72077,-6.99622],[-36.71871,-6.99706],[-36.71734,-7.00152],[-36.71185,-6.99937],[-36.71096,-6.99152],[-36.71665,-6.99037],[-36.72215,-6.99237],[-36.72558,-6.98897]]}},{"type":"Feature","properties":{"cota":700,"indice":false},"geometry":{"type":"LineString","coordinates":[[-36.66378,-6.95853],[-36.66089,-6.96017],[-36.66126,-6.96562],[-36.658,-6.97175],[-36.66447,-6.97768],[-36.66919,-6.97857],[-36.67067,-6.98334],[-36.67751,-6.99066],[-36.68919,-6.99435],[-36.69021,-6.99084],[-36.68781,-6.98014],[-36.67378,-6.97175],[-36.66378,-6.95853]]}},{"type":"Feature","properties":{"cota":700,"indice":false},"geometry":{"type":"LineString","coordinates":[[-36.70685,-6.96796],[-36.70598,-6.97175],[-36.70979,-6.98213],[-36.71597,-6.98574],[-36.71805,-6.98222]]}},{"type":"Feature","properties":{"cota":700,"indice":false},"geometry":{"type":"LineString","coordinates":[[-36.76526,-6.93799],[-36.76736,-6.93631],[-36.76597,-6.93482]]}},{"type":"Feature","properties":{"cota":700,"indice":false},"geometry":{"type":"LineString","coordinates":[[-36.68988,-6.92904],[-36.69691,-6.94058]]}},{"type":"Feature","properties":{"cota":600,"indice":false},"geometry":{"type":"LineString","coordinates":[[-36.73145,-6.84005],[-36.73199,-6.83565]]}},{"type":"Feature","properties":{"cota":300,"indice":false},"geometry":{"type":"LineString","coordinates":[[-37.90592,-7.04602],[-37.90318,-7.04621],[-37.90386,-7.04946],[-37.90621,-7.04876],[-37.90592,-7.04602]]}},{"type":"Feature","properties":{"cota":600,"indice":false},"geometry":{"type":"LineString","coordinates":[[-37.76516,-7.02013],[-37.76037,-7.02151],[-37.76447,-7.02182],[-37.76637,-7.02082],[-37.76516,-7.02013]]}},{"type":"Feature","properties":{"cota":500,"indice":true},"geometry":{"type":"LineString","coordinates":[[-37.84893,-7.01869],[-37.82533,-7.02082],[-37.83314,-7.02357],[-37.84481,-7.02189],[-37.84893,-7.01869]]}},{"type":"Feature","properties":{"cota":300,"indice":false},"geometry":{"type":"LineString","coordinates":[[-37.76722,-7.00035],[-37.76585,-7.00229],[-37.76414,-7.00106],[-37.76722,-7.00035]]}},{"type":"Feature","properties":{"cota":400,"indice":false},"geometry":{"type":"LineString","coordinates":[[-37.75967,-6.99148],[-37.75649,-6.9922],[-37.75623,-6.99405],[-37.76342,-6.99356],[-37.75967,-6.99148]]}},{"type":"Feature","properties":{"cota":300,"indice":false},"geometry":{"type":"LineString","coordinates":[[-37.80087,-6.98462],[-37.79537,-6.98434],[-37.79125,-6.9889],[-37.78634,-6.99084],[-37.79057,-6.99275],[-37.80224,-6.99301],[-37.80186,-6.99016],[-37.80437,-6.98675],[-37.80087,-6.98462]]}},{"type":"Feature","properties":{"cota":300,"indice":false},"geometry":{"type":"LineString","coordinates":[[-37.76585,-6.98181],[-37.76367,-6.98334],[-37.76653,-6.98501],[-37.76777,-6.98334],[-37.76585,-6.98181]]}},{"type":"Feature","properties":{"cota":300,"indice":false},"geometry":{"type":"LineString","coordinates":[[-37.76653,-6.96334],[-37.7631,-6.96387],[-37.76338,-6.97175],[-37.76859,-6.97427],[-37.77477,-6.97337],[-37.77425,-6.96903],[-37.76653,-6.96334]]}},{"type":"Feature","properties":{"cota":200,"indice":false},"geometry":{"type":"LineString","coordinates":[[-37.83108,-6.87071],[-37.83219,-6.87155],[-37.83039,-6.87246],[-37.82143,-6.8736],[-37.82284,-6.87183],[-37.83108,-6.87071]]}},{"type":"Feature","properties":{"cota":200,"indice":false},"geometry":{"type":"LineString","coordinates":[[-37.89837,-6.76376],[-37.89768,-6.76649],[-37.89946,-6.76519],[-37.89837,-6.76376]]}},{"type":"Feature","properties":{"cota":300,"indice":false},"geometry":{"type":"LineString","coordinates":[[-37.69444,-6.95741],[-37.68894,-6.9575],[-37.68779,-6.96017],[-37.69375,-6.96235],[-37.6958,-6.96017],[-37.69444,-6.95741]]}},{"type":"Feature","properties":{"cota":300,"indice":false},"geometry":{"type":"LineString","coordinates":[[-37.72533,-6.95123],[-37.72191,-6.95403],[-37.72465,-6.95713],[-37.72806,-6.95471],[-37.72533,-6.95123]]}},{"type":"Feature","properties":{"cota":300,"indice":false},"geometry":{"type":"LineString","coordinates":[[-37.62371,-6.94749],[-37.62094,-6.9479],[-37.62113,-6.94994],[-37.6244,-6.95014],[-37.62371,-6.94749]]}},{"type":"Feature","properties":{"cota":300,"indice":false},"geometry":{"type":"LineString","coordinates":[[-37.67384,-6.93613],[-37.67067,-6.93699],[-37.67021,-6.93904],[-37.67253,-6.93904],[-37.67384,-6.93613]]}},{"type":"Feature","properties":{"cota":300,"indice":false},"geometry":{"type":"LineString","coordinates":[[-37.68757,-6.93476],[-37.68419,-6.93563],[-37.6862,-6.93645],[-37.68757,-6.93476]]}},{"type":"Feature","properties":{"cota":300,"indice":false},"geometry":{"type":"LineString","coordinates":[[-37.66697,-6.92307],[-37.66183,-6.92404],[-37.66326,-6.92813],[-37.65858,-6.93086],[-37.66216,-6.93596],[-37.66491,-6.93586],[-37.6695,-6.92881],[-37.66697,-6.92307]]}},{"type":"Feature","properties":{"cota":300,"indice":false},"geometry":{"type":"LineString","coordinates":[[-37.70405,-6.86374],[-37.70198,-6.86542],[-37.70492,-6.87564],[-37.71435,-6.87985],[-37.72001,-6.87837],[-37.72115,-6.87496],[-37.71915,-6.87178],[-37.71046,-6.86951],[-37.70405,-6.86374]]}},{"type":"Feature","properties":{"cota":300,"indice":false},"geometry":{"type":"LineString","coordinates":[[-37.69512,-6.85352],[-37.69184,-6.85451],[-37.691,-6.85837],[-37.69507,-6.85724],[-37.69512,-6.85352]]}},{"type":"Feature","properties":{"cota":300,"indice":false},"geometry":{"type":"LineString","coordinates":[[-37.68963,-6.84617],[-37.68639,-6.84769],[-37.68826,-6.85118],[-37.69049,-6.85042],[-37.68963,-6.84617]]}},{"type":"Feature","properties":{"cota":300,"indice":false},"geometry":{"type":"LineString","coordinates":[[-37.6807,-6.8415],[-37.67856,-6.84496],[-37.67933,-6.85295],[-37.68304,-6.84769],[-37.6807,-6.8415]]}},{"type":"Feature","properties":{"cota":300,"indice":false},"geometry":{"type":"LineString","coordinates":[[-37.53582,-6.88431],[-37.53332,-6.88519],[-37.53353,-6.88723],[-37.53834,-6.89405],[-37.54131,-6.89493],[-37.53582,-6.88431]]}},{"type":"Feature","properties":{"cota":300,"indice":false},"geometry":{"type":"LineString","coordinates":[[-37.42458,-6.8809],[-37.42239,-6.88246],[-37.42458,-6.8809]]}},{"type":"Feature","properties":{"cota":400,"indice":false},"geometry":{"type":"LineString","coordinates":[[-37.52552,-6.8767],[-37.52071,-6.87818],[-37.52008,-6.8811],[-37.52576,-6.88314],[-37.52716,-6.87905],[-37.52552,-6.8767]]}},{"type":"Feature","properties":{"cota":300,"indice":false},"geometry":{"type":"LineString","coordinates":[[-37.52964,-6.85855],[-37.52749,-6.85996],[-37.52718,-6.87292],[-37.51865,-6.87465],[-37.51637,-6.87905],[-37.51797,-6.88403],[-37.52552,-6.88777],[-37.52996,-6.88519],[-37.53081,-6.87632],[-37.53473,-6.86951],[-37.53394,-6.86337],[-37.52964,-6.85855]]}},{"type":"Feature","properties":{"cota":300,"indice":false},"geometry":{"type":"LineString","coordinates":[[-37.48638,-6.87014],[-37.48226,-6.87133],[-37.48246,-6.87428],[-37.48638,-6.87424],[-37.48769,-6.87155],[-37.48638,-6.87014]]}},{"type":"Feature","properties":{"cota":300,"indice":false},"geometry":{"type":"LineString","coordinates":[[-37.48226,-6.84154],[-37.47677,-6.84195],[-37.47292,-6.84496],[-37.47226,-6.84906],[-37.47677,-6.85319],[-37.48562,-6.84428],[-37.48226,-6.84154]]}},{"type":"Feature","properties":{"cota":500,"indice":true},"geometry":{"type":"LineString","coordinates":[[-37.42115,-6.84348],[-37.41903,-6.84496],[-37.42184,-6.85049],[-37.42535,-6.84769],[-37.42115,-6.84348]]}},{"type":"Feature","properties":{"cota":400,"indice":false},"geometry":{"type":"LineString","coordinates":[[-37.47814,-6.84523],[-37.47608,-6.84807],[-37.47814,-6.84523]]}},{"type":"Feature","properties":{"cota":300,"indice":false},"geometry":{"type":"LineString","coordinates":[[-37.43145,-6.82153],[-37.42662,-6.82451],[-37.42802,-6.83667],[-37.42046,-6.82633],[-37.41154,-6.82622],[-37.40899,-6.82997],[-37.41077,-6.84019],[-37.42074,-6.8586],[-37.42052,-6.8661],[-37.42321,-6.86783],[-37.43547,-6.86064],[-37.43239,-6.84769],[-37.43294,-6.84019],[-37.43623,-6.83474],[-37.43145,-6.82153]]}},{"type":"Feature","properties":{"cota":400,"indice":false},"geometry":{"type":"LineString","coordinates":[[-37.41978,-6.82855],[-37.41153,-6.82928],[-37.41315,-6.83951],[-37.42013,-6.85451],[-37.42802,-6.86035],[-37.43214,-6.86023],[-37.4335,-6.85724],[-37.43032,-6.84837],[-37.4308,-6.8436],[-37.42502,-6.83951],[-37.41978,-6.82855]]}},{"type":"Feature","properties":{"cota":400,"indice":false},"geometry":{"type":"LineString","coordinates":[[-37.52003,-6.83394],[-37.51728,-6.83396],[-37.5123,-6.83815],[-37.51522,-6.84405],[-37.52135,-6.8361],[-37.52003,-6.83394]]}},{"type":"Feature","properties":{"cota":600,"indice":false},"geometry":{"type":"LineString","coordinates":[[-37.41772,-6.8352],[-37.41772,-6.83818],[-37.4191,-6.83678],[-37.41772,-6.8352]]}},{"type":"Feature","properties":{"cota":500,"indice":true},"geometry":{"type":"LineString","coordinates":[[-37.41978,-6.83088],[-37.41332,-6.83201],[-37.41772,-6.84179],[-37.42209,-6.83747],[-37.41978,-6.83088]]}},{"type":"Feature","properties":{"cota":400,"indice":false},"geometry":{"type":"LineString","coordinates":[[-37.4548,-6.83199],[-37.45326,-6.83406],[-37.45548,-6.8351],[-37.45674,-6.83337],[-37.4548,-6.83199]]}},{"type":"Feature","properties":{"cota":400,"indice":false},"geometry":{"type":"LineString","coordinates":[[-37.43145,-6.82928],[-37.43031,-6.83201],[-37.43282,-6.83648],[-37.4339,-6.83406],[-37.43145,-6.82928]]}},{"type":"Feature","properties":{"cota":300,"indice":false},"geometry":{"type":"LineString","coordinates":[[-37.45617,-6.81614],[-37.44862,-6.8159],[-37.44748,-6.8211],[-37.45161,-6.82519],[-37.45011,-6.8286],[-37.45139,-6.83542],[-37.45686,-6.83788],[-37.45823,-6.84148],[-37.46029,-6.84204],[-37.46179,-6.83951],[-37.45975,-6.83201],[-37.45548,-6.8286],[-37.45903,-6.82042],[-37.45617,-6.81614]]}},{"type":"Feature","properties":{"cota":500,"indice":true},"geometry":{"type":"LineString","coordinates":[[-37.52689,-6.81824],[-37.52474,-6.81974],[-37.52689,-6.83035],[-37.52689,-6.81824]]}},{"type":"Feature","properties":{"cota":400,"indice":false},"geometry":{"type":"LineString","coordinates":[[-37.52758,-6.80845],[-37.52483,-6.80922],[-37.52163,-6.81838],[-37.52188,-6.83406],[-37.52336,-6.83474],[-37.52895,-6.83366],[-37.5306,-6.83133],[-37.52758,-6.80845]]}},{"type":"Feature","properties":{"cota":300,"indice":false},"geometry":{"type":"LineString","coordinates":[[-37.46166,-6.80936],[-37.46572,-6.81838],[-37.47196,-6.82287],[-37.4754,-6.82309],[-37.47464,-6.81769],[-37.46166,-6.80936]]}},{"type":"Feature","properties":{"cota":400,"indice":false},"geometry":{"type":"LineString","coordinates":[[-37.50629,-6.80459],[-37.50355,-6.80457],[-37.5022,-6.80747],[-37.50492,-6.81281],[-37.50835,-6.81514],[-37.50712,-6.81224],[-37.50836,-6.80747],[-37.50629,-6.80459]]}},{"type":"Feature","properties":{"cota":300,"indice":false},"geometry":{"type":"LineString","coordinates":[[-37.49874,-6.76451],[-37.48981,-6.7641],[-37.48845,-6.76656],[-37.49195,-6.77815],[-37.50217,-6.788],[-37.5008,-6.79718],[-37.49393,-6.79697],[-37.49119,-6.79057],[-37.48913,-6.78964],[-37.48315,-6.80269],[-37.48981,-6.81998],[-37.49462,-6.82037],[-37.4953,-6.8136],[-37.49943,-6.81224],[-37.50492,-6.82271],[-37.51247,-6.81789],[-37.51491,-6.81838],[-37.51531,-6.82588],[-37.51203,-6.82792],[-37.512,-6.83269],[-37.50973,-6.83584],[-37.50561,-6.82861],[-37.50286,-6.82981],[-37.50229,-6.83269],[-37.50341,-6.83747],[-37.50835,-6.83902],[-37.51179,-6.84574],[-37.51865,-6.84836],[-37.52209,-6.8418],[-37.53101,-6.83686],[-37.53305,-6.83337],[-37.53112,-6.80883],[-37.52895,-6.80534],[-37.5214,-6.80453],[-37.51888,-6.8061],[-37.51911,-6.81224],[-37.51728,-6.81531],[-37.51183,-6.81088],[-37.51088,-6.80338],[-37.5165,-6.79178],[-37.51247,-6.7875],[-37.50913,-6.77815],[-37.49874,-6.76451]]}},{"type":"Feature","properties":{"cota":400,"indice":false},"geometry":{"type":"LineString","coordinates":[[-37.49187,-6.79924],[-37.48707,-6.80085],[-37.48707,-6.80488],[-37.48981,-6.80896],[-37.49599,-6.80877],[-37.49599,-6.80269],[-37.49187,-6.79924]]}},{"type":"Feature","properties":{"cota":500,"indice":true},"geometry":{"type":"LineString","coordinates":[[-37.49187,-6.80198],[-37.48996,-6.80269],[-37.49119,-6.80418],[-37.49294,-6.80338],[-37.49187,-6.80198]]}},{"type":"Feature","properties":{"cota":300,"indice":false},"geometry":{"type":"LineString","coordinates":[[-37.46922,-6.79433],[-37.46393,-6.79588],[-37.46419,-6.80201],[-37.47882,-6.8061],[-37.48108,-6.80201],[-37.48,-6.79929],[-37.46922,-6.79433]]}},{"type":"Feature","properties":{"cota":400,"indice":false},"geometry":{"type":"LineString","coordinates":[[-37.46853,-6.79628],[-37.46566,-6.79724],[-37.46647,-6.80109],[-37.47471,-6.80393],[-37.47746,-6.80287],[-37.47677,-6.79958],[-37.46853,-6.79628]]}},{"type":"Feature","properties":{"cota":400,"indice":false},"geometry":{"type":"LineString","coordinates":[[-37.50767,-6.78962],[-37.50561,-6.79012],[-37.50422,-6.79383],[-37.50423,-6.79856],[-37.50629,-6.8001],[-37.5111,-6.79706],[-37.51049,-6.79178],[-37.50767,-6.78962]]}},{"type":"Feature","properties":{"cota":400,"indice":false},"geometry":{"type":"LineString","coordinates":[[-37.49462,-6.76859],[-37.49206,-6.76997],[-37.49407,-6.77678],[-37.50011,-6.78339],[-37.50698,-6.78538],[-37.50799,-6.78292],[-37.50629,-6.77911],[-37.49462,-6.76859]]}},{"type":"Feature","properties":{"cota":500,"indice":true},"geometry":{"type":"LineString","coordinates":[[-37.49599,-6.77233],[-37.49668,-6.77533],[-37.49599,-6.77233]]}},{"type":"Feature","properties":{"cota":500,"indice":true},"geometry":{"type":"LineString","coordinates":[[-37.54131,-6.7538],[-37.5377,-6.75974],[-37.54226,-6.76724],[-37.54315,-6.77406],[-37.53766,-6.7761],[-37.54681,-6.77909],[-37.54887,-6.7757],[-37.55397,-6.77542],[-37.55174,-6.77133],[-37.55337,-6.76383],[-37.54955,-6.75682],[-37.54475,-6.75661],[-37.54131,-6.7538]]}},{"type":"Feature","properties":{"cota":400,"indice":false},"geometry":{"type":"LineString","coordinates":[[-37.54337,-6.74926],[-37.53925,-6.75052],[-37.53495,-6.75769],[-37.53903,-6.76997],[-37.53445,-6.77314],[-37.52689,-6.76927],[-37.5236,-6.76997],[-37.53307,-6.77937],[-37.54749,-6.78226],[-37.55672,-6.77474],[-37.55421,-6.77065],[-37.55535,-6.76383],[-37.55263,-6.75769],[-37.54337,-6.74926]]}},{"type":"Feature","properties":{"cota":300,"indice":false},"geometry":{"type":"LineString","coordinates":[[-37.73563,-6.82144],[-37.73289,-6.82181],[-37.73179,-6.82451],[-37.73907,-6.82987],[-37.74113,-6.82544],[-37.73563,-6.82144]]}},{"type":"Feature","properties":{"cota":400,"indice":false},"geometry":{"type":"MultiLineString","coordinates":[[[-38.66518,-7.11141],[-38.65986,-7.10933],[-38.65419,-7.11077],[-38.65377,-7.11282],[-38.66085,-7.11963],[-38.65917,-7.12135],[-38.65299,-7.12165],[-38.65271,-7.12781],[-38.64819,-7.12741],[-38.64711,-7.13121],[-38.64407,-7.13296],[-38.64411,-7.12917],[-38.64093,-7.12508],[-38.64444,-7.12031],[-38.63919,-7.11827],[-38.64171,-7.1135],[-38.63731,-7.11009],[-38.64407,-7.10537],[-38.64338,-7.10357],[-38.62278,-7.10441],[-38.6179,-7.10668],[-38.6185,-7.10873],[-38.6276,-7.11077],[-38.62582,-7.11486],[-38.62775,-7.11827],[-38.6236,-7.12099],[-38.62484,-7.12615],[-38.6212,-7.12508],[-38.61866,-7.12153],[-38.61179,-7.12157],[-38.60905,-7.11841],[-38.60561,-7.11768],[-38.60294,-7.12304],[-38.59758,-7.1244],[-38.60081,-7.12832],[-38.60873,-7.12985],[-38.60905,-7.13356],[-38.60287,-7.13574],[-38.60278,-7.13939],[-38.61261,-7.14211],[-38.6128,-7.14416],[-38.60767,-7.14336],[-38.60515,-7.14552],[-38.61968,-7.1571],[-38.61797,-7.1595],[-38.60012,-7.15127],[-38.59257,-7.14979],[-38.58438,-7.14143],[-38.58707,-7.1385],[-38.58707,-7.13525],[-38.58227,-7.13979],[-38.57471,-7.14247],[-38.55412,-7.13905],[-38.5445,-7.14215],[-38.51635,-7.14116],[-38.51029,-7.1428],[-38.50991,-7.1462],[-38.50742,-7.148],[-38.49712,-7.14026],[-38.48957,-7.13867],[-38.47309,-7.1425],[-38.46821,-7.15097],[-38.46219,-7.15165],[-38.46278,-7.15506],[-38.45661,-7.15949],[-38.45335,-7.15438],[-38.45462,-7.14893],[-38.4573,-7.14598],[-38.46279,-7.14864],[-38.46545,-7.14688],[-38.46488,-7.1428],[-38.4621,-7.14039],[-38.44563,-7.13627],[-38.44314,-7.13939],[-38.44591,-7.14348],[-38.44151,-7.14477],[-38.44103,-7.13939],[-38.43601,-7.13453],[-38.41953,-7.13057],[-38.40855,-7.13131],[-38.39344,-7.12269],[-38.38932,-7.12656],[-38.38245,-7.12751],[-38.35567,-7.12386],[-38.34949,-7.12612],[-38.33508,-7.12263],[-38.31242,-7.12596],[-38.31221,-7.12781],[-38.31928,-7.13307],[-38.32615,-7.13538],[-38.3331,-7.1428],[-38.33508,-7.14834],[-38.32546,-7.14395],[-38.32841,-7.15165],[-38.32684,-7.15479],[-38.31942,-7.15029],[-38.31585,-7.14234],[-38.31104,-7.14071],[-38.30405,-7.13258],[-38.29525,-7.13141],[-38.30054,-7.1428],[-38.29772,-7.14825],[-38.298,-7.15391],[-38.30898,-7.1511],[-38.31509,-7.15506],[-38.31327,-7.15983],[-38.31781,-7.1646],[-38.31727,-7.16937],[-38.32752,-7.17454],[-38.32821,-7.17702],[-38.31411,-7.17141],[-38.3083,-7.15788],[-38.3028,-7.15783],[-38.29825,-7.16392],[-38.298,-7.16786],[-38.30245,-7.17005],[-38.298,-7.17278],[-38.27602,-7.15876],[-38.26832,-7.15574],[-38.25954,-7.14815],[-38.24375,-7.14377],[-38.23963,-7.13856],[-38.23689,-7.1388],[-38.23139,-7.14424],[-38.22907,-7.13666],[-38.22109,-7.13338],[-38.21491,-7.1328],[-38.21148,-7.13469],[-38.20475,-7.12985],[-38.19981,-7.1293],[-38.19294,-7.13167],[-38.18911,-7.12917],[-38.18853,-7.12576],[-38.18539,-7.12461],[-38.18127,-7.12845],[-38.177,-7.12849],[-38.19157,-7.14321],[-38.20605,-7.15165],[-38.2169,-7.16255],[-38.21629,-7.16627],[-38.20599,-7.16468],[-38.19981,-7.16768],[-38.19775,-7.17161],[-38.19088,-7.16981],[-38.19611,-7.1755],[-38.20049,-7.17776],[-38.21037,-7.17822],[-38.21206,-7.1755],[-38.20805,-7.1682],[-38.21011,-7.16739],[-38.21766,-7.17029],[-38.22109,-7.16766],[-38.22717,-7.17141],[-38.21898,-7.17686],[-38.21697,-7.18315],[-38.22315,-7.18221],[-38.23002,-7.18396],[-38.23205,-7.18231],[-38.23277,-7.17762],[-38.23602,-7.1789],[-38.22839,-7.18844],[-38.22797,-7.19457],[-38.21354,-7.19239],[-38.21148,-7.20208],[-38.20393,-7.20048],[-38.18813,-7.19133],[-38.18624,-7.19185],[-38.18676,-7.19344],[-38.19843,-7.2046],[-38.20324,-7.20536],[-38.20805,-7.20993],[-38.21148,-7.21003],[-38.21491,-7.21524],[-38.22315,-7.2122],[-38.22389,-7.21433],[-38.22067,-7.21705],[-38.22115,-7.22046],[-38.23345,-7.22769],[-38.23689,-7.2274],[-38.23902,-7.22455],[-38.24169,-7.20803],[-38.24878,-7.21297],[-38.24668,-7.21705],[-38.24805,-7.22455],[-38.24385,-7.23204],[-38.24677,-7.23817],[-38.24306,-7.24009],[-38.22727,-7.23735],[-38.22593,-7.24158],[-38.22933,-7.24864],[-38.22178,-7.24494],[-38.21766,-7.24581],[-38.20118,-7.22855],[-38.19912,-7.22851],[-38.19921,-7.23068],[-38.20736,-7.24269],[-38.21354,-7.24549],[-38.21835,-7.25114],[-38.23277,-7.25738],[-38.23483,-7.25278],[-38.24199,-7.2552],[-38.23482,-7.26133],[-38.23963,-7.26532],[-38.24198,-7.27223],[-38.23904,-7.27631],[-38.24169,-7.27956],[-38.24518,-7.2804],[-38.24357,-7.28517],[-38.24613,-7.29062],[-38.24924,-7.2912],[-38.2513,-7.28663],[-38.25748,-7.29454],[-38.26273,-7.29607],[-38.26273,-7.29947],[-38.26544,-7.30288],[-38.26432,-7.30764],[-38.26847,-7.31351],[-38.27453,-7.3165],[-38.27904,-7.31241],[-38.28002,-7.30356],[-38.28234,-7.3022],[-38.28393,-7.30628],[-38.28131,-7.31105],[-38.28316,-7.32127],[-38.28135,-7.32399],[-38.28181,-7.32808],[-38.29009,-7.33625],[-38.28973,-7.34102],[-38.29456,-7.34767],[-38.29731,-7.34958],[-38.29868,-7.34857],[-38.29731,-7.34267],[-38.30212,-7.3443],[-38.30444,-7.34306],[-38.3047,-7.33897],[-38.3021,-7.33352],[-38.30761,-7.33444],[-38.31242,-7.33924],[-38.31722,-7.33801],[-38.3209,-7.33965],[-38.31516,-7.34533],[-38.3083,-7.34581],[-38.30639,-7.34851],[-38.30654,-7.35327],[-38.30418,-7.3538],[-38.30379,-7.356],[-38.3083,-7.35927],[-38.31006,-7.36553],[-38.31448,-7.36722],[-38.31585,-7.36081],[-38.3234,-7.36091],[-38.32685,-7.35804],[-38.32803,-7.36894],[-38.33508,-7.37225],[-38.34126,-7.3802],[-38.34881,-7.38192],[-38.35895,-7.38936],[-38.35911,-7.39214],[-38.35567,-7.38922],[-38.35018,-7.38864],[-38.34393,-7.39141],[-38.34654,-7.39617],[-38.34459,-7.40026],[-38.34773,-7.40366],[-38.35463,-7.40503],[-38.35408,-7.40911],[-38.35636,-7.4114],[-38.35891,-7.41047],[-38.35711,-7.40503],[-38.35842,-7.40433],[-38.36377,-7.40639],[-38.37353,-7.41549],[-38.38383,-7.42047],[-38.39275,-7.41819],[-38.39619,-7.41925],[-38.3979,-7.41388],[-38.39234,-7.40707],[-38.39275,-7.40177],[-38.40051,-7.40775],[-38.3999,-7.41252],[-38.40374,-7.41811],[-38.41129,-7.41817],[-38.42943,-7.42409],[-38.41129,-7.4268],[-38.41198,-7.43039],[-38.40305,-7.42971],[-38.40031,-7.43132],[-38.39413,-7.42646],[-38.38245,-7.42376],[-38.38141,-7.42477],[-38.38366,-7.42954],[-38.38245,-7.43226],[-38.37559,-7.42996],[-38.37228,-7.43362],[-38.37796,-7.44452],[-38.38451,-7.45231],[-38.38795,-7.45284],[-38.38855,-7.45813],[-38.38589,-7.46185],[-38.38863,-7.46305],[-38.39069,-7.45915],[-38.3958,-7.46494],[-38.39184,-7.46562],[-38.39069,-7.46854],[-38.38726,-7.46686],[-38.38272,-7.46767],[-38.38342,-7.47516],[-38.38068,-7.47856],[-38.38201,-7.47992],[-38.38932,-7.47828],[-38.4058,-7.48111],[-38.40778,-7.47992],[-38.40717,-7.47403],[-38.41885,-7.47924],[-38.42228,-7.48268],[-38.42571,-7.48087],[-38.43149,-7.48741],[-38.43876,-7.4883],[-38.43807,-7.49465],[-38.45249,-7.50356],[-38.45893,-7.49898],[-38.4593,-7.49422],[-38.46485,-7.48938],[-38.4662,-7.49149],[-38.46295,-7.49898],[-38.47446,-7.50191],[-38.47103,-7.50426],[-38.46691,-7.50331],[-38.46399,-7.50715],[-38.46932,-7.51056],[-38.46592,-7.51396],[-38.45455,-7.51226],[-38.45112,-7.50913],[-38.44769,-7.50871],[-38.44563,-7.50932],[-38.44464,-7.51328],[-38.4367,-7.51696],[-38.43649,-7.52213],[-38.42983,-7.52451],[-38.42441,-7.5337],[-38.42709,-7.53571],[-38.43052,-7.53096],[-38.43601,-7.53321],[-38.43945,-7.52976],[-38.44301,-7.53438],[-38.43876,-7.54005],[-38.43464,-7.54032],[-38.42709,-7.54511],[-38.42571,-7.54887],[-38.43258,-7.54885],[-38.44151,-7.54187],[-38.45524,-7.5364],[-38.46554,-7.53777],[-38.46828,-7.54414],[-38.4724,-7.54632],[-38.47721,-7.53808],[-38.48682,-7.53225],[-38.49506,-7.53066],[-38.49987,-7.53665],[-38.50468,-7.53701],[-38.50811,-7.54347],[-38.53573,-7.54119],[-38.53077,-7.54698],[-38.5239,-7.54551],[-38.52212,-7.55276],[-38.52459,-7.55544],[-38.52938,-7.55616],[-38.52871,-7.56486],[-38.53489,-7.56714],[-38.5445,-7.56637],[-38.54127,-7.57114],[-38.54252,-7.57386],[-38.51978,-7.57636],[-38.51086,-7.57444],[-38.51132,-7.58475],[-38.50605,-7.5899],[-38.50083,-7.58884],[-38.49699,-7.58475],[-38.49506,-7.57907],[-38.48751,-7.57969],[-38.48202,-7.57773],[-38.48438,-7.58543],[-38.48829,-7.58816],[-38.48101,-7.58884],[-38.48437,-7.59224],[-38.48421,-7.597],[-38.49163,-7.59911],[-38.50066,-7.60789],[-38.49506,-7.60738],[-38.49232,-7.60336],[-38.49017,-7.60381],[-38.488,-7.60925],[-38.49063,-7.62082],[-38.48751,-7.6225],[-38.48209,-7.61062],[-38.47777,-7.60653],[-38.47876,-7.59973],[-38.46966,-7.59544],[-38.46554,-7.5908],[-38.45798,-7.58797],[-38.45774,-7.59632],[-38.46135,-7.60109],[-38.46093,-7.60517],[-38.46993,-7.6113],[-38.46828,-7.61905],[-38.46562,-7.61062],[-38.46279,-7.60941],[-38.45655,-7.61062],[-38.45629,-7.60245],[-38.45455,-7.59998],[-38.45045,-7.59905],[-38.44532,-7.58747],[-38.43778,-7.58543]],[[-38.43751,-7.5853],[-38.43052,-7.58098],[-38.42709,-7.5908],[-38.41897,-7.58339],[-38.42505,-7.57182],[-38.42297,-7.56801],[-38.41953,-7.56903],[-38.41807,-7.56774],[-38.42169,-7.56093],[-38.41696,-7.55276],[-38.41752,-7.548],[-38.41267,-7.54588],[-38.41269,-7.55004],[-38.40916,-7.55412],[-38.40992,-7.55998],[-38.40634,-7.56433],[-38.40767,-7.57318],[-38.41104,-7.57726],[-38.40826,-7.57931],[-38.40482,-7.58679],[-38.41092,-7.59088],[-38.40482,-7.59156],[-38.39962,-7.59753],[-38.39862,-7.59496],[-38.40362,-7.59156],[-38.40373,-7.58952],[-38.39962,-7.58665],[-38.3939,-7.58816],[-38.40141,-7.57863],[-38.39762,-7.5759],[-38.39854,-7.5725],[-38.39298,-7.55957],[-38.39413,-7.55774],[-38.40511,-7.55456],[-38.40766,-7.5514],[-38.39914,-7.548],[-38.39138,-7.54217],[-38.38726,-7.54162],[-38.38141,-7.54459],[-38.38629,-7.55616],[-38.38177,-7.55565],[-38.37902,-7.55753],[-38.3808,-7.56501],[-38.37557,-7.56774],[-38.37848,-7.56978],[-38.37857,-7.57386],[-38.38287,-7.57726],[-38.37978,-7.58067],[-38.38251,-7.58611],[-38.37779,-7.59156],[-38.36867,-7.59224],[-38.3685,-7.59905],[-38.36022,-7.60449],[-38.35636,-7.61159],[-38.35479,-7.61062],[-38.35603,-7.60857],[-38.35492,-7.60109],[-38.36328,-7.59428],[-38.37113,-7.57795],[-38.36941,-7.57532],[-38.36348,-7.57318],[-38.36666,-7.56812],[-38.36597,-7.56587],[-38.3599,-7.56637],[-38.35866,-7.5725],[-38.35499,-7.57403],[-38.35224,-7.57271],[-38.34812,-7.56351],[-38.34554,-7.56501],[-38.34856,-7.56706],[-38.34628,-7.57046],[-38.34872,-7.57726],[-38.34469,-7.58529],[-38.33371,-7.58407],[-38.33663,-7.58952],[-38.3348,-7.59496],[-38.33645,-7.59911],[-38.32526,-7.59973],[-38.33439,-7.61174],[-38.33027,-7.61203],[-38.32395,-7.60789],[-38.31873,-7.61266],[-38.31791,-7.61614],[-38.31104,-7.61941],[-38.3085,-7.61402],[-38.31166,-7.60925],[-38.31654,-7.60815],[-38.31827,-7.60585],[-38.31516,-7.60109],[-38.31623,-7.59836],[-38.31303,-7.59496],[-38.31735,-7.5902],[-38.31585,-7.5875],[-38.3083,-7.59652],[-38.3028,-7.59508],[-38.29937,-7.59639],[-38.29594,-7.59313],[-38.29319,-7.59372],[-38.29259,-7.59564],[-38.29632,-7.59973],[-38.29492,-7.60313],[-38.2966,-7.60585],[-38.29456,-7.60942],[-38.28564,-7.60786],[-38.2822,-7.61107],[-38.2774,-7.60957],[-38.27946,-7.60437],[-38.27107,-7.60041],[-38.27671,-7.59751],[-38.27702,-7.59564],[-38.26984,-7.5966],[-38.26557,-7.59428],[-38.26244,-7.59156],[-38.26253,-7.58611],[-38.26778,-7.58225],[-38.27259,-7.58625],[-38.28152,-7.5866],[-38.28495,-7.59055],[-38.28907,-7.5909],[-38.28955,-7.58884],[-38.28485,-7.58407],[-38.28632,-7.57981],[-38.28358,-7.5793],[-38.28152,-7.58182],[-38.27804,-7.57999],[-38.28004,-7.57318],[-38.28564,-7.5722],[-38.29044,-7.58031],[-38.29662,-7.58047],[-38.3068,-7.57182],[-38.30235,-7.56842],[-38.3068,-7.56637],[-38.3059,-7.56365],[-38.29814,-7.55412],[-38.30143,-7.55298],[-38.3083,-7.56015],[-38.3141,-7.56025],[-38.31174,-7.55004],[-38.31465,-7.54732],[-38.31473,-7.54119],[-38.31024,-7.53983],[-38.30892,-7.5371],[-38.31089,-7.53166],[-38.3162,-7.52894],[-38.31104,-7.52576],[-38.31448,-7.52546],[-38.31627,-7.51941],[-38.32073,-7.51668],[-38.31791,-7.51396],[-38.31484,-7.50307],[-38.31482,-7.49558],[-38.31104,-7.49236],[-38.30692,-7.49347],[-38.30614,-7.49762],[-38.31055,-7.50103],[-38.30829,-7.50715],[-38.3044,-7.51056],[-38.29505,-7.51396],[-38.3032,-7.50715],[-38.30199,-7.49218],[-38.31379,-7.48602],[-38.31492,-7.48333],[-38.3131,-7.48144],[-38.30117,-7.48401],[-38.30006,-7.48907],[-38.29457,-7.49422],[-38.29542,-7.49966],[-38.29319,-7.50279],[-38.28435,-7.50647],[-38.27865,-7.51328],[-38.27122,-7.5128],[-38.27048,-7.50783],[-38.2671,-7.5063],[-38.26558,-7.51124],[-38.26271,-7.51328],[-38.26307,-7.51941],[-38.25574,-7.52009],[-38.25545,-7.52621],[-38.26023,-7.52745],[-38.2616,-7.53203],[-38.26642,-7.53234],[-38.26378,-7.53642],[-38.26423,-7.54051],[-38.26906,-7.54459],[-38.26847,-7.54709],[-38.25886,-7.54388],[-38.25979,-7.55208],[-38.25482,-7.55276],[-38.25474,-7.54958],[-38.2487,-7.54663],[-38.25016,-7.54255],[-38.24856,-7.54054],[-38.241,-7.54043],[-38.24371,-7.52553],[-38.24169,-7.52476],[-38.23551,-7.52757],[-38.23381,-7.52349],[-38.23906,-7.52077],[-38.23414,-7.51847],[-38.2286,-7.53098],[-38.23333,-7.53166],[-38.23364,-7.53915],[-38.22796,-7.54106],[-38.22041,-7.53809],[-38.21552,-7.54119],[-38.21766,-7.54345],[-38.22384,-7.54286],[-38.22727,-7.54537],[-38.23345,-7.54579],[-38.23407,-7.54936],[-38.23724,-7.55208],[-38.23606,-7.55548],[-38.22796,-7.55895],[-38.22247,-7.55204],[-38.21491,-7.55289],[-38.20873,-7.55129],[-38.209,-7.55412],[-38.21237,-7.55616],[-38.21202,-7.55889],[-38.21523,-7.56025],[-38.21517,-7.56365],[-38.20667,-7.56347],[-38.20255,-7.55844],[-38.19656,-7.56297],[-38.19981,-7.56556],[-38.2053,-7.56489],[-38.21129,-7.5725],[-38.20805,-7.57388],[-38.19294,-7.57216],[-38.19294,-7.58033],[-38.19135,-7.5759],[-38.18195,-7.57001],[-38.17812,-7.57114],[-38.17823,-7.57522],[-38.17509,-7.57947],[-38.17092,-7.57795],[-38.17176,-7.57454],[-38.17028,-7.57277],[-38.16281,-7.57386],[-38.16374,-7.56978],[-38.16822,-7.56701],[-38.17234,-7.5699],[-38.18405,-7.56637],[-38.18311,-7.55957],[-38.17921,-7.5566],[-38.17378,-7.55616],[-38.17331,-7.55208],[-38.17097,-7.55083],[-38.15449,-7.55121],[-38.15373,-7.55412],[-38.15655,-7.56143],[-38.14693,-7.55513],[-38.13938,-7.55542],[-38.13732,-7.56122],[-38.13183,-7.563],[-38.13116,-7.56842],[-38.12565,-7.56839],[-38.12084,-7.56465],[-38.11645,-7.56501],[-38.11535,-7.56002],[-38.12428,-7.56393],[-38.13145,-7.55889],[-38.12977,-7.55339],[-38.1332,-7.55321],[-38.1375,-7.54936],[-38.13247,-7.54323],[-38.14007,-7.54514],[-38.13894,-7.53983],[-38.14556,-7.54093],[-38.14777,-7.53915],[-38.14762,-7.53418],[-38.15305,-7.53438],[-38.14621,-7.52621],[-38.15037,-7.52489],[-38.15037,-7.52278],[-38.14171,-7.51668],[-38.1476,-7.51328],[-38.14422,-7.50919],[-38.14804,-7.50715],[-38.14671,-7.50103],[-38.14007,-7.497],[-38.1332,-7.49755],[-38.13345,-7.50171],[-38.13114,-7.50301],[-38.12676,-7.50103],[-38.12702,-7.50343],[-38.13589,-7.51328],[-38.13034,-7.51532],[-38.12977,-7.51956],[-38.11751,-7.50851],[-38.11398,-7.50783],[-38.10848,-7.49701],[-38.10505,-7.50072],[-38.09544,-7.4964],[-38.09209,-7.49966],[-38.09406,-7.50211],[-38.09956,-7.50217],[-38.10024,-7.51041],[-38.10574,-7.51024],[-38.11054,-7.51708],[-38.08926,-7.50847],[-38.08641,-7.50511],[-38.07415,-7.50222],[-38.06934,-7.49865],[-38.04904,-7.49626],[-38.0508,-7.50084],[-38.05886,-7.50375],[-38.06203,-7.50783],[-38.06042,-7.50898],[-38.046,-7.5071],[-38.04476,-7.50919],[-38.04645,-7.5126],[-38.05767,-7.52044],[-38.07855,-7.52621],[-38.08007,-7.52757],[-38.07719,-7.5303],[-38.07771,-7.53302],[-38.08033,-7.53395],[-38.08514,-7.53177],[-38.09287,-7.5371],[-38.09269,-7.53991],[-38.07758,-7.53722],[-38.07232,-7.53847],[-38.07072,-7.54114],[-38.06591,-7.53553],[-38.05561,-7.53372],[-38.05449,-7.5303],[-38.04943,-7.52938],[-38.04462,-7.52558],[-38.04119,-7.52765],[-38.03707,-7.52439],[-38.0302,-7.52796],[-38.03123,-7.52213],[-38.04392,-7.51668],[-38.04507,-7.51328],[-38.04325,-7.51123],[-38.03364,-7.51601],[-38.02608,-7.51489],[-38.02608,-7.52043],[-38.01304,-7.51936],[-37.99313,-7.52341],[-37.98695,-7.51941],[-37.98351,-7.52139],[-37.98148,-7.51668],[-37.97733,-7.51487],[-37.97423,-7.51056],[-37.98039,-7.50715],[-37.97797,-7.4983],[-37.96429,-7.48736],[-37.9533,-7.48316],[-37.94437,-7.48463],[-37.93407,-7.47813],[-37.92446,-7.47475],[-37.92103,-7.47538],[-37.92037,-7.47788],[-37.92785,-7.48741],[-37.92062,-7.48469],[-37.9121,-7.47246],[-37.91897,-7.47424],[-37.92171,-7.46918],[-37.92927,-7.4713],[-37.93232,-7.46767],[-37.93173,-7.46358],[-37.92446,-7.46149],[-37.91553,-7.45534],[-37.9121,-7.46],[-37.9088,-7.45541],[-37.91279,-7.45285],[-37.91356,-7.44996],[-37.90763,-7.43907],[-37.90318,-7.43523],[-37.89847,-7.4343],[-37.90088,-7.43158],[-37.89837,-7.42895],[-37.88944,-7.42546],[-37.88437,-7.42613],[-37.88516,-7.42001],[-37.87819,-7.40366],[-37.87365,-7.4003],[-37.87202,-7.39481],[-37.86678,-7.39153],[-37.85678,-7.39141],[-37.85305,-7.38559],[-37.83863,-7.37682],[-37.83176,-7.37584],[-37.83245,-7.38143],[-37.85047,-7.39686],[-37.84824,-7.39804],[-37.83863,-7.38882],[-37.82421,-7.38218],[-37.82027,-7.37506],[-37.80773,-7.36595],[-37.8043,-7.36136],[-37.79856,-7.35872],[-37.79331,-7.35344],[-37.78301,-7.34954],[-37.78579,-7.35804],[-37.80329,-7.3703],[-37.79929,-7.37643],[-37.80531,-7.38596],[-37.80186,-7.38936],[-37.80018,-7.39553],[-37.7967,-7.39277],[-37.79652,-7.38392],[-37.78777,-7.37847],[-37.79298,-7.37779],[-37.79277,-7.36962],[-37.78095,-7.36467],[-37.77203,-7.36608],[-37.77216,-7.3594],[-37.77724,-7.35464],[-37.77546,-7.3512],[-37.77122,-7.34987],[-37.77357,-7.34578],[-37.76859,-7.33986],[-37.76516,-7.33906],[-37.76073,-7.34783],[-37.7651,-7.35395],[-37.76808,-7.36689],[-37.76699,-7.39141],[-37.77107,-7.39686],[-37.76507,-7.39822],[-37.76585,-7.40162],[-37.76379,-7.40608],[-37.75923,-7.40435],[-37.75891,-7.39822],[-37.76145,-7.39209],[-37.75615,-7.38528],[-37.7579,-7.37847],[-37.74963,-7.37302],[-37.74731,-7.36757],[-37.74091,-7.37983],[-37.74206,-7.38664],[-37.73718,-7.39005],[-37.73851,-7.4023],[-37.73563,-7.40704],[-37.72807,-7.39413],[-37.72721,-7.3846],[-37.72255,-7.38528],[-37.72259,-7.39236],[-37.71882,-7.38256],[-37.73197,-7.37575],[-37.73634,-7.36553],[-37.7339,-7.35532],[-37.72465,-7.3431],[-37.69924,-7.32729],[-37.68894,-7.32354],[-37.68208,-7.32992],[-37.6704,-7.33327],[-37.66929,-7.3308],[-37.67864,-7.32982],[-37.68208,-7.32249],[-37.67658,-7.31942],[-37.65942,-7.31628],[-37.6189,-7.32394],[-37.61204,-7.33244],[-37.61283,-7.32944],[-37.61135,-7.32774],[-37.59899,-7.3303],[-37.59037,-7.32739],[-37.58797,-7.32399],[-37.59505,-7.32127],[-37.59871,-7.31309],[-37.5966,-7.30628],[-37.60403,-7.30356],[-37.60474,-7.29947],[-37.60174,-7.29709],[-37.59899,-7.29996],[-37.59693,-7.29962],[-37.59582,-7.29062],[-37.59418,-7.28995],[-37.58801,-7.29114],[-37.58479,-7.30151],[-37.58114,-7.30086],[-37.57902,-7.28653],[-37.57629,-7.28313],[-37.57726,-7.27904],[-37.57221,-7.27806],[-37.57565,-7.27399],[-37.58183,-7.27568],[-37.58457,-7.26869],[-37.58995,-7.26814],[-37.58985,-7.26678],[-37.58526,-7.26528],[-37.5832,-7.26818],[-37.57771,-7.2658],[-37.56741,-7.26999],[-37.56383,-7.26882],[-37.56878,-7.26725],[-37.57221,-7.26374],[-37.57522,-7.25724],[-37.57942,-7.2552],[-37.57973,-7.25111],[-37.58457,-7.2521],[-37.58615,-7.24771],[-37.59144,-7.2463],[-37.59418,-7.25296],[-37.5983,-7.25279],[-37.60087,-7.25043],[-37.60243,-7.2443],[-37.60742,-7.24158],[-37.60242,-7.23692],[-37.59281,-7.23417],[-37.59007,-7.2354],[-37.58595,-7.22939],[-37.57908,-7.23106],[-37.57665,-7.22931],[-37.57811,-7.22727],[-37.59123,-7.22455],[-37.58381,-7.2191],[-37.58732,-7.21742],[-37.59096,-7.20752],[-37.58663,-7.20418],[-37.57839,-7.20738],[-37.576,-7.20207],[-37.57221,-7.20132],[-37.56809,-7.20346],[-37.56254,-7.21228],[-37.56054,-7.21269],[-37.56009,-7.20479],[-37.55621,-7.2007],[-37.55721,-7.19594],[-37.55505,-7.19444],[-37.55304,-7.19525],[-37.55358,-7.19866],[-37.54701,-7.20275],[-37.54864,-7.20752],[-37.54406,-7.21031],[-37.54087,-7.20615],[-37.54461,-7.19934],[-37.53667,-7.19457],[-37.54114,-7.19253],[-37.53933,-7.18708],[-37.54475,-7.18659],[-37.54475,-7.18395],[-37.53788,-7.17995],[-37.53101,-7.17904],[-37.52845,-7.18299],[-37.53337,-7.19049],[-37.5327,-7.19321],[-37.52895,-7.19523],[-37.52346,-7.18474],[-37.52071,-7.18879],[-37.51522,-7.19087],[-37.51355,-7.18912],[-37.5148,-7.18435],[-37.51316,-7.18311],[-37.50971,-7.18504],[-37.50937,-7.18776],[-37.50355,-7.18901],[-37.49588,-7.18367],[-37.49531,-7.17983],[-37.50492,-7.18328],[-37.50835,-7.18183],[-37.50698,-7.1782],[-37.52209,-7.18102],[-37.52095,-7.17482],[-37.51247,-7.1692],[-37.49491,-7.16664],[-37.48295,-7.15803],[-37.45617,-7.15786],[-37.44506,-7.16051],[-37.44397,-7.16596],[-37.46589,-7.17414],[-37.45964,-7.18027],[-37.474,-7.18367],[-37.46922,-7.18759],[-37.4596,-7.18794],[-37.44587,-7.18548],[-37.44528,-7.18708],[-37.45003,-7.19321],[-37.44862,-7.19576],[-37.43923,-7.19117],[-37.44164,-7.1864],[-37.44057,-7.18367],[-37.42879,-7.18027],[-37.43323,-7.1755],[-37.43145,-7.17233],[-37.42436,-7.17414],[-37.42458,-7.17823],[-37.41472,-7.18027],[-37.42115,-7.18645],[-37.41154,-7.19807],[-37.40968,-7.20615],[-37.4223,-7.22659],[-37.42596,-7.23817],[-37.433,-7.2443],[-37.42664,-7.24744],[-37.42372,-7.23817],[-37.4168,-7.23068],[-37.41016,-7.22767],[-37.38586,-7.2225],[-37.37512,-7.21637],[-37.36759,-7.20954],[-37.35798,-7.20771],[-37.34463,-7.20139],[-37.34331,-7.19934],[-37.34486,-7.19662],[-37.34013,-7.19314],[-37.33597,-7.19389],[-37.33601,-7.1988],[-37.31815,-7.19885],[-37.30648,-7.18981],[-37.30167,-7.19405],[-37.29412,-7.19279],[-37.28725,-7.19931],[-37.28107,-7.19806],[-37.27764,-7.20073],[-37.26665,-7.19414],[-37.25704,-7.19538],[-37.2385,-7.19199],[-37.22958,-7.19326],[-37.21172,-7.18855],[-37.20005,-7.19472],[-37.19593,-7.20186],[-37.19044,-7.20616],[-37.19475,-7.18912],[-37.19208,-7.18367],[-37.18632,-7.1793],[-37.16984,-7.17686],[-37.16844,-7.17482],[-37.17121,-7.17277],[-37.16572,-7.16907],[-37.16022,-7.17229],[-37.1513,-7.17143],[-37.14169,-7.16491],[-37.13726,-7.16664],[-37.13482,-7.17343],[-37.13207,-7.17287],[-37.11834,-7.1677],[-37.10667,-7.15912],[-37.08739,-7.15302],[-37.07788,-7.14484],[-37.06821,-7.13998],[-37.06066,-7.13986],[-37.05249,-7.1462],[-37.05163,-7.15983],[-37.05325,-7.16868],[-37.05173,-7.17219],[-37.04214,-7.17005],[-37.03909,-7.16596],[-37.03896,-7.16051],[-37.03251,-7.15733],[-37.03103,-7.15233],[-37.02564,-7.14924],[-37.02015,-7.14858],[-37.0107,-7.1537],[-37.00999,-7.15642],[-37.01191,-7.15795],[-37.02576,-7.15642],[-37.03149,-7.1646],[-37.02933,-7.16868],[-37.03002,-7.17277],[-37.02633,-7.17461],[-37.0174,-7.17259],[-37.00779,-7.16745],[-36.99406,-7.16557],[-36.9893,-7.15847],[-36.9714,-7.14872],[-36.96659,-7.14847],[-36.96178,-7.14386],[-36.94874,-7.14049],[-36.92951,-7.13232],[-36.91962,-7.13258],[-36.91815,-7.13053],[-36.92038,-7.12781],[-36.91372,-7.12394],[-36.90479,-7.12222],[-36.89188,-7.12576],[-36.89123,-7.1244],[-36.8955,-7.12304],[-36.89622,-7.12099],[-36.88076,-7.11579],[-36.87046,-7.11411],[-36.86497,-7.11603],[-36.85261,-7.11491],[-36.86977,-7.11398],[-36.87132,-7.11214],[-36.85987,-7.10396],[-36.85947,-7.09985],[-36.88763,-7.10766],[-36.89175,-7.10439],[-36.90205,-7.10937],[-36.92999,-7.11009],[-36.93363,-7.11284],[-36.93775,-7.11003],[-36.95148,-7.10985],[-36.95462,-7.11077],[-36.95629,-7.11389],[-36.9611,-7.1139],[-36.96659,-7.1202],[-36.97208,-7.11831],[-36.97826,-7.11942],[-36.97853,-7.1169],[-36.96908,-7.11009],[-36.97552,-7.10842],[-36.98513,-7.10987],[-36.98994,-7.1075],[-36.99955,-7.10652],[-37.00916,-7.11071],[-37.01143,-7.10873],[-37.00968,-7.10464],[-37.02015,-7.10195],[-37.02633,-7.09693],[-37.02839,-7.10174],[-37.04212,-7.10335],[-37.06742,-7.09715],[-37.06832,-7.09442],[-37.06451,-7.09101],[-37.06753,-7.08606],[-37.07875,-7.08215],[-37.07447,-7.07943],[-37.07576,-7.07534],[-37.06615,-7.07292],[-37.05791,-7.07505],[-37.04624,-7.07421],[-37.04553,-7.07193],[-37.04764,-7.06921],[-37.04358,-7.06853],[-37.04249,-7.06035],[-37.04693,-7.05679],[-37.04967,-7.05765],[-37.05242,-7.06232],[-37.05448,-7.06263],[-37.05723,-7.05939],[-37.06959,-7.06829],[-37.09019,-7.06746],[-37.09127,-7.07534],[-37.09499,-7.08127],[-37.10456,-7.07807],[-37.11285,-7.06845],[-37.12821,-7.06103],[-37.13105,-7.05626],[-37.12589,-7.05073],[-37.10804,-7.04496],[-37.11226,-7.04059],[-37.11146,-7.03922],[-37.09019,-7.04071],[-37.08332,-7.04298],[-37.07001,-7.04059],[-37.07281,-7.0365],[-37.07138,-7.03173],[-37.06286,-7.02559],[-37.0733,-7.02151],[-37.07318,-7.0181],[-37.07629,-7.01401],[-37.07508,-7.01207],[-37.06135,-7.02271],[-37.05531,-7.02082],[-37.05311,-7.01815],[-37.04281,-7.01676],[-37.04656,-7.03105],[-37.03615,-7.03377],[-37.03388,-7.03928],[-37.02839,-7.0405],[-37.02496,-7.03307],[-37.0229,-7.0322],[-37.02048,-7.03513],[-37.02028,-7.04127],[-37.01809,-7.04283],[-37.01226,-7.04127],[-37.0137,-7.03786],[-37.00947,-7.03036],[-37.0126,-7.02395],[-36.99474,-7.02702],[-36.99433,-7.02151],[-36.98472,-7.02082],[-36.98668,-7.01673],[-36.98581,-7.01333],[-36.98032,-7.01104],[-36.9762,-7.00576],[-36.9694,-7.0031],[-36.96659,-6.99634],[-36.95835,-6.99922],[-36.9557,-6.99629],[-36.95745,-6.99288],[-36.9577,-6.98334],[-36.94805,-6.96815],[-36.95286,-6.96373],[-36.96659,-6.97367],[-36.97277,-6.97603],[-36.97431,-6.97448],[-36.97378,-6.97039],[-36.97803,-6.96698],[-36.979,-6.96357],[-36.97457,-6.95676],[-36.97534,-6.9479],[-36.97125,-6.94108],[-36.97111,-6.93427],[-36.96659,-6.92979],[-36.95766,-6.92726],[-36.95698,-6.92297],[-36.95243,-6.91859],[-36.95099,-6.91177],[-36.94668,-6.90678],[-36.94498,-6.907],[-36.94598,-6.91109],[-36.95253,-6.92063],[-36.96122,-6.94722],[-36.96618,-6.95267],[-36.95972,-6.95773],[-36.95148,-6.95687],[-36.9469,-6.94926],[-36.94163,-6.94653],[-36.94118,-6.93775],[-36.93501,-6.93807],[-36.91853,-6.92154],[-36.91615,-6.92336],[-36.91674,-6.92813],[-36.92509,-6.94176],[-36.92992,-6.95608],[-36.93956,-6.96562],[-36.93913,-6.96974],[-36.92979,-6.97107],[-36.93363,-6.98544],[-36.92196,-6.98921],[-36.91666,-6.98743],[-36.90935,-6.98061],[-36.90966,-6.97652],[-36.90466,-6.96903],[-36.8904,-6.95335],[-36.88694,-6.95279],[-36.88626,-6.95744],[-36.88488,-6.95689],[-36.8787,-6.94354],[-36.87664,-6.93383],[-36.87458,-6.93213],[-36.86977,-6.93241],[-36.86153,-6.91977],[-36.85789,-6.92131],[-36.85673,-6.93729],[-36.85201,-6.93836],[-36.85025,-6.92472],[-36.84351,-6.91722],[-36.85123,-6.91618],[-36.85438,-6.91382],[-36.85437,-6.90564],[-36.85123,-6.9019],[-36.84368,-6.90056],[-36.83749,-6.89677],[-36.84437,-6.89276],[-36.84917,-6.89556],[-36.85261,-6.89489],[-36.85387,-6.892],[-36.85165,-6.88519],[-36.83887,-6.86561],[-36.83681,-6.86505],[-36.83407,-6.86754],[-36.82858,-6.86432],[-36.82574,-6.85928],[-36.83101,-6.85451],[-36.82692,-6.84292],[-36.81868,-6.84019],[-36.81376,-6.83133],[-36.81347,-6.81968],[-36.81553,-6.81921],[-36.82377,-6.82543],[-36.8254,-6.81974],[-36.82858,-6.8174],[-36.82818,-6.81428],[-36.82446,-6.80908],[-36.81659,-6.80542],[-36.81491,-6.79929],[-36.81072,-6.7942],[-36.80848,-6.79588],[-36.81004,-6.80753],[-36.80779,-6.80269],[-36.8008,-6.79997],[-36.80076,-6.79315],[-36.79768,-6.78872],[-36.79218,-6.78946],[-36.78377,-6.79383],[-36.78329,-6.78701],[-36.77919,-6.78127]],[[-36.78055,-6.78005],[-36.78362,-6.77951],[-36.78392,-6.77701]],[[-36.5634,-6.8432],[-36.56625,-6.84906],[-36.5601,-6.85292],[-36.55778,-6.85928],[-36.55804,-6.86642],[-36.55118,-6.85724],[-36.55648,-6.85042],[-36.554,-6.84253]],[[-36.53222,-6.73414],[-36.53491,-6.7332]],[[-36.55492,-6.71582],[-36.54806,-6.71678],[-36.53812,-6.72811],[-36.53493,-6.72769],[-36.53641,-6.72428],[-36.53147,-6.72019],[-36.53379,-6.7161],[-36.53136,-6.71337],[-36.53476,-6.70791],[-36.5263,-6.7045],[-36.54247,-6.69837],[-36.52371,-6.69496],[-36.52645,-6.69137],[-36.53134,-6.69086],[-36.52782,-6.68017],[-36.5237,-6.67577],[-36.51615,-6.67614],[-36.50638,-6.67109],[-36.51885,-6.66017],[-36.5237,-6.64797],[-36.52768,-6.64994],[-36.53132,-6.66631],[-36.534,-6.66823],[-36.54159,-6.66576]],[[-36.47345,-6.36012],[-36.48096,-6.37228],[-36.48214,-6.38184],[-36.48557,-6.38388],[-36.48964,-6.39139],[-36.48716,-6.39548],[-36.48769,-6.40162],[-36.48525,-6.40262],[-36.4844,-6.40572],[-36.48113,-6.40684],[-36.47633,-6.40394],[-36.47502,-6.40777],[-36.47839,-6.41155],[-36.48113,-6.40929],[-36.48457,-6.40987],[-36.49162,-6.41459],[-36.49291,-6.42141],[-36.48706,-6.4221],[-36.48959,-6.42551],[-36.49006,-6.43047],[-36.49555,-6.43215],[-36.49471,-6.43506],[-36.49858,-6.44529],[-36.49143,-6.43972],[-36.488,-6.43914],[-36.48663,-6.43406],[-36.48182,-6.43387],[-36.47967,-6.42755],[-36.47427,-6.42526],[-36.47083,-6.43181],[-36.46343,-6.43711],[-36.46603,-6.43908],[-36.46669,-6.44257],[-36.46908,-6.44325],[-36.46926,-6.44666],[-36.46434,-6.44734],[-36.46098,-6.45689],[-36.45504,-6.45901],[-36.45023,-6.45599],[-36.44817,-6.45865],[-36.44521,-6.45348],[-36.44977,-6.44802],[-36.44439,-6.44461],[-36.44664,-6.43165],[-36.44141,-6.42414],[-36.4453,-6.41459],[-36.43638,-6.4064],[-36.44051,-6.40231],[-36.43856,-6.39041],[-36.44165,-6.38388],[-36.43466,-6.37774],[-36.43513,-6.36972],[-36.44199,-6.37041],[-36.44362,-6.36682],[-36.44199,-6.36436],[-36.43543,-6.36289]],[[-36.42836,-6.35943],[-36.42208,-6.36301],[-36.41729,-6.36341],[-36.41545,-6.37228],[-36.41801,-6.37706],[-36.42282,-6.37911],[-36.41696,-6.38525],[-36.42191,-6.38934],[-36.41796,-6.39439],[-36.41453,-6.39331],[-36.41296,-6.3948],[-36.41296,-6.3989],[-36.41629,-6.40367],[-36.41491,-6.4064],[-36.41604,-6.40913],[-36.41215,-6.41186],[-36.40972,-6.42365],[-36.40656,-6.41937],[-36.40359,-6.39071],[-36.40011,-6.38688],[-36.39818,-6.38866],[-36.39721,-6.39753],[-36.39913,-6.40777],[-36.39771,-6.4105],[-36.39324,-6.41309],[-36.38912,-6.40474],[-36.38638,-6.40533],[-36.38432,-6.40998],[-36.37347,-6.40435],[-36.37264,-6.41093],[-36.37882,-6.41168],[-36.38418,-6.41595],[-36.37814,-6.41619],[-36.37506,-6.41937],[-36.36593,-6.42141],[-36.36784,-6.42707],[-36.35619,-6.42278],[-36.36398,-6.41459],[-36.36183,-6.41186],[-36.3622,-6.40708],[-36.36578,-6.40635],[-36.36702,-6.3989],[-36.36646,-6.39256],[-36.36303,-6.3887],[-36.35616,-6.38666],[-36.35342,-6.38796],[-36.36002,-6.38457],[-36.35676,-6.37638],[-36.36028,-6.37638],[-36.36921,-6.38294],[-36.37196,-6.38272],[-36.37058,-6.37498],[-36.3747,-6.37453],[-36.37516,-6.37024],[-36.37802,-6.36955],[-36.37745,-6.35804],[-36.3802,-6.35756],[-36.38129,-6.35386],[-36.37814,-6.34771],[-36.36926,-6.34703],[-36.36633,-6.3368],[-36.37058,-6.33656],[-36.37608,-6.34072],[-36.38432,-6.33196],[-36.39805,-6.3397],[-36.40059,-6.33543],[-36.40042,-6.32792],[-36.39324,-6.3268],[-36.38981,-6.33003],[-36.38469,-6.32383],[-36.39353,-6.31905],[-36.39636,-6.31359],[-36.39659,-6.30745],[-36.40285,-6.31536],[-36.40554,-6.31521]]]}},{"type":"Feature","properties":{"cota":300,"indice":false},"geometry":{"type":"LineString","coordinates":[[-37.73151,-6.76698],[-37.72885,-6.76724],[-37.72796,-6.76928],[-37.73083,-6.77484],[-37.73403,-6.77201],[-37.73151,-6.76698]]}},{"type":"Feature","properties":{"cota":300,"indice":false},"geometry":{"type":"LineString","coordinates":[[-37.60105,-6.73551],[-37.59556,-6.74496],[-37.59221,-6.74201],[-37.59495,-6.73792],[-37.59212,-6.73539],[-37.59041,-6.73792],[-37.592,-6.74201],[-37.58595,-6.74258],[-37.58293,-6.74746],[-37.57702,-6.7478],[-37.57534,-6.75087],[-37.58045,-6.76029],[-37.58457,-6.75973],[-37.59281,-6.76706],[-37.59556,-6.77412],[-37.59829,-6.77133],[-37.59783,-6.7611],[-37.60103,-6.75019],[-37.60105,-6.73551]]}},{"type":"Feature","properties":{"cota":500,"indice":true},"geometry":{"type":"LineString","coordinates":[[-37.59007,-6.75076],[-37.58494,-6.75292],[-37.59007,-6.7579],[-37.59226,-6.75565],[-37.59007,-6.75076]]}},{"type":"Feature","properties":{"cota":400,"indice":false},"geometry":{"type":"LineString","coordinates":[[-37.59007,-6.74541],[-37.58121,-6.75292],[-37.58801,-6.75922],[-37.59418,-6.76055],[-37.59856,-6.74951],[-37.59487,-6.75015],[-37.59007,-6.74541]]}},{"type":"Feature","properties":{"cota":300,"indice":false},"geometry":{"type":"MultiLineString","coordinates":[[[-38.66744,-6.68792],[-38.66202,-6.69018],[-38.65711,-6.69832],[-38.64956,-6.69877],[-38.64792,-6.70041],[-38.64887,-6.703],[-38.66261,-6.70359],[-38.66148,-6.70723],[-38.66396,-6.70996],[-38.65569,-6.71132],[-38.6591,-6.71541],[-38.65737,-6.72087],[-38.65162,-6.72336],[-38.6475,-6.72104],[-38.64515,-6.72564],[-38.64494,-6.73246],[-38.6419,-6.73587],[-38.6453,-6.73928],[-38.64407,-6.74238],[-38.64183,-6.74133],[-38.63997,-6.73655],[-38.63445,-6.7338],[-38.62347,-6.73729],[-38.62209,-6.7328],[-38.61523,-6.73175],[-38.61289,-6.72837],[-38.60973,-6.72815],[-38.60905,-6.73302],[-38.60287,-6.73306],[-38.59844,-6.73587],[-38.6103,-6.74269],[-38.6132,-6.74951],[-38.60699,-6.75032],[-38.60424,-6.74797],[-38.60081,-6.75119],[-38.59531,-6.74979],[-38.58375,-6.76451],[-38.57655,-6.76247],[-38.57616,-6.76587],[-38.58049,-6.77678],[-38.56785,-6.7806],[-38.56674,-6.78292],[-38.57028,-6.78565],[-38.56406,-6.78906],[-38.57128,-6.79158],[-38.58103,-6.79178],[-38.58191,-6.79315],[-38.57438,-6.79656],[-38.57883,-6.79936],[-38.5857,-6.79801],[-38.60149,-6.80142],[-38.60699,-6.79985],[-38.6151,-6.80133],[-38.61591,-6.80436],[-38.60973,-6.80643],[-38.59737,-6.80487],[-38.59471,-6.80678],[-38.61485,-6.81224],[-38.61158,-6.82042],[-38.61451,-6.82315],[-38.61591,-6.82812],[-38.62188,-6.82928],[-38.62323,-6.83337],[-38.61864,-6.8361],[-38.61775,-6.83883],[-38.62827,-6.84122],[-38.62896,-6.84719],[-38.62553,-6.84701],[-38.62278,-6.84391],[-38.62072,-6.84831],[-38.61099,-6.84496],[-38.61494,-6.83406],[-38.61179,-6.83307],[-38.6123,-6.82928],[-38.60355,-6.82141],[-38.59528,-6.81906],[-38.59295,-6.82656],[-38.58845,-6.82718],[-38.58259,-6.83269],[-38.58609,-6.82178],[-38.59125,-6.81565],[-38.58926,-6.81224],[-38.59077,-6.80747],[-38.58021,-6.80522],[-38.57746,-6.80793],[-38.56853,-6.80695],[-38.55961,-6.80953],[-38.55549,-6.80731],[-38.54712,-6.80747],[-38.55716,-6.80269],[-38.55823,-6.80065],[-38.55618,-6.79959],[-38.53214,-6.79815],[-38.52665,-6.80045],[-38.51704,-6.80036],[-38.51358,-6.80542],[-38.52155,-6.81224],[-38.51841,-6.81469],[-38.5136,-6.8137],[-38.50948,-6.81618],[-38.50674,-6.8124],[-38.50193,-6.81224],[-38.50246,-6.80951],[-38.5094,-6.80474],[-38.50536,-6.80113],[-38.49369,-6.80397],[-38.49163,-6.80678],[-38.48614,-6.80444],[-38.47309,-6.80539],[-38.46622,-6.80929],[-38.46279,-6.80777],[-38.45936,-6.80989],[-38.45661,-6.80893],[-38.43876,-6.81326],[-38.43451,-6.81633],[-38.43423,-6.81769],[-38.44013,-6.81949],[-38.447,-6.82004],[-38.45249,-6.81702],[-38.48133,-6.81352],[-38.47515,-6.81578],[-38.47144,-6.8211],[-38.47623,-6.82588],[-38.47552,-6.83337],[-38.48133,-6.836],[-38.48751,-6.83371],[-38.49163,-6.83624],[-38.49644,-6.83533],[-38.50536,-6.8374],[-38.5076,-6.84019],[-38.50399,-6.84112],[-38.50399,-6.84449],[-38.51498,-6.83981],[-38.51606,-6.8436],[-38.51222,-6.8511],[-38.51332,-6.85246],[-38.51547,-6.85178],[-38.52459,-6.83876],[-38.52748,-6.83951],[-38.52656,-6.84837],[-38.53235,-6.84633],[-38.53283,-6.85352],[-38.5397,-6.85193],[-38.54244,-6.84632],[-38.54656,-6.85091],[-38.55137,-6.85256],[-38.56098,-6.85155],[-38.56178,-6.85383],[-38.55899,-6.85587],[-38.54668,-6.85792],[-38.55206,-6.86432],[-38.54862,-6.86477],[-38.54176,-6.85979],[-38.53816,-6.86133],[-38.53926,-6.86883],[-38.54313,-6.87219],[-38.5511,-6.8736],[-38.55164,-6.87701],[-38.55618,-6.87703],[-38.56236,-6.88008],[-38.56647,-6.88474],[-38.57059,-6.88535],[-38.57471,-6.88348],[-38.57609,-6.8873],[-38.58374,-6.88996],[-38.56785,-6.8901],[-38.5548,-6.88351],[-38.55274,-6.88877],[-38.54107,-6.88402],[-38.54087,-6.88996],[-38.54939,-6.89814],[-38.55201,-6.90564],[-38.54931,-6.90754],[-38.54244,-6.9022],[-38.5397,-6.90475],[-38.53695,-6.90457],[-38.53695,-6.89884],[-38.52988,-6.89541],[-38.53118,-6.88859],[-38.52335,-6.8845],[-38.52608,-6.8811],[-38.52232,-6.87769],[-38.52749,-6.87292],[-38.52665,-6.8641],[-38.52322,-6.86351],[-38.52331,-6.86746],[-38.52116,-6.86838],[-38.51292,-6.86327],[-38.51094,-6.87223],[-38.50605,-6.87301],[-38.50029,-6.87155],[-38.50279,-6.86746],[-38.5027,-6.86269],[-38.50056,-6.86079],[-38.49621,-6.86064],[-38.49438,-6.86338],[-38.49026,-6.86066],[-38.4827,-6.86251],[-38.47867,-6.86814],[-38.48957,-6.87143],[-38.49781,-6.87792],[-38.51086,-6.88407],[-38.50966,-6.88859],[-38.51575,-6.89609],[-38.51062,-6.89541],[-38.50605,-6.89029],[-38.50651,-6.89541],[-38.5033,-6.89712],[-38.50154,-6.89473],[-38.50191,-6.88996],[-38.49781,-6.88702],[-38.49319,-6.88791],[-38.49754,-6.89473],[-38.49465,-6.89814],[-38.49427,-6.90904],[-38.50151,-6.91382],[-38.49369,-6.91573],[-38.48923,-6.91245],[-38.49224,-6.90564],[-38.4864,-6.90291],[-38.48439,-6.88791],[-38.47738,-6.88382],[-38.47771,-6.88041],[-38.47275,-6.87701],[-38.4676,-6.86756],[-38.46682,-6.87428],[-38.46889,-6.88041],[-38.47574,-6.88382],[-38.46738,-6.88996],[-38.48014,-6.89473],[-38.46952,-6.89746],[-38.4724,-6.90387],[-38.46142,-6.9049],[-38.46003,-6.907],[-38.46111,-6.91041],[-38.45936,-6.91179],[-38.45618,-6.907],[-38.45249,-6.90555],[-38.44631,-6.90884],[-38.43945,-6.90845],[-38.43325,-6.90495],[-38.43757,-6.90018],[-38.43052,-6.89656],[-38.42625,-6.90086],[-38.42735,-6.90427],[-38.42571,-6.90849],[-38.41473,-6.90786],[-38.41325,-6.90973],[-38.42011,-6.91313],[-38.42434,-6.91823],[-38.43189,-6.91677],[-38.4538,-6.91791],[-38.45447,-6.91995],[-38.44863,-6.92677],[-38.44975,-6.93066],[-38.46828,-6.93174],[-38.46956,-6.93631],[-38.46348,-6.93641],[-38.46279,-6.93911],[-38.46897,-6.93862],[-38.47774,-6.94313],[-38.47652,-6.94523],[-38.46073,-6.94795],[-38.45592,-6.94395],[-38.45332,-6.94517],[-38.45326,-6.95267],[-38.45015,-6.9554],[-38.45059,-6.95744],[-38.45524,-6.95955],[-38.4724,-6.95934],[-38.4798,-6.96153],[-38.47378,-6.96387],[-38.4621,-6.96302],[-38.45661,-6.96519],[-38.45617,-6.96698],[-38.45976,-6.96971],[-38.4562,-6.97312],[-38.45764,-6.97857],[-38.45455,-6.98264],[-38.45043,-6.9788],[-38.43823,-6.97448],[-38.43815,-6.9663],[-38.43518,-6.96357],[-38.43962,-6.96153],[-38.44034,-6.9588],[-38.43807,-6.95519],[-38.43189,-6.95548],[-38.42571,-6.95086],[-38.41885,-6.95417],[-38.42031,-6.96017],[-38.41404,-6.96513],[-38.41129,-6.96098],[-38.41267,-6.95573],[-38.40305,-6.94756],[-38.39674,-6.94994],[-38.39949,-6.96153],[-38.39619,-6.96574],[-38.39138,-6.95698],[-38.3852,-6.95285],[-38.38314,-6.95698],[-38.37559,-6.95354],[-38.37408,-6.95608],[-38.37636,-6.96357],[-38.37215,-6.96808],[-38.36941,-6.96075],[-38.35879,-6.95471],[-38.36329,-6.95199],[-38.36316,-6.9479],[-38.36778,-6.94449],[-38.36666,-6.94288],[-38.3572,-6.94517],[-38.3568,-6.9479],[-38.35936,-6.95062],[-38.35842,-6.95303],[-38.35224,-6.94325],[-38.34743,-6.94838],[-38.34469,-6.94645],[-38.33782,-6.94647],[-38.3337,-6.94906],[-38.3332,-6.94653],[-38.33876,-6.93904],[-38.33645,-6.93819],[-38.32862,-6.94176],[-38.33061,-6.94722],[-38.31997,-6.95753],[-38.31654,-6.95439],[-38.31082,-6.95403],[-38.32001,-6.94449],[-38.3131,-6.94233],[-38.30486,-6.94462],[-38.29595,-6.9404],[-38.30431,-6.93427],[-38.29606,-6.92745],[-38.3028,-6.92428],[-38.30395,-6.922],[-38.30212,-6.91926],[-38.29187,-6.91791],[-38.30074,-6.91277],[-38.30349,-6.90741],[-38.3083,-6.91027],[-38.31654,-6.91075],[-38.32478,-6.90629],[-38.32615,-6.90124],[-38.32134,-6.90624],[-38.3175,-6.89882],[-38.32615,-6.89699],[-38.32684,-6.89078],[-38.32272,-6.88977],[-38.31791,-6.89248],[-38.31564,-6.89746],[-38.30692,-6.8985],[-38.3028,-6.88889],[-38.29731,-6.88727],[-38.29044,-6.89125],[-38.28852,-6.88859],[-38.28014,-6.88538],[-38.27808,-6.88204],[-38.26874,-6.87905],[-38.26674,-6.87428],[-38.26298,-6.87392],[-38.25954,-6.87097],[-38.25617,-6.87292],[-38.25688,-6.8811],[-38.25474,-6.88376],[-38.24787,-6.88222],[-38.24469,-6.88587],[-38.23689,-6.88508],[-38.23071,-6.8872],[-38.22533,-6.88519],[-38.22417,-6.8845],[-38.22791,-6.88178],[-38.22848,-6.87769],[-38.22315,-6.87324],[-38.21918,-6.87632],[-38.22247,-6.88429],[-38.18813,-6.88367],[-38.1869,-6.88587],[-38.18951,-6.88767],[-38.20511,-6.892],[-38.195,-6.89507],[-38.17097,-6.89192],[-38.16547,-6.90275],[-38.1641,-6.89141],[-38.15792,-6.89162],[-38.14878,-6.88655],[-38.16049,-6.88587],[-38.15978,-6.88314],[-38.15586,-6.88102],[-38.15037,-6.88304],[-38.14625,-6.88021],[-38.13389,-6.87965],[-38.12977,-6.88489],[-38.12496,-6.87728],[-38.10642,-6.87694],[-38.10555,-6.87973],[-38.1092,-6.88382],[-38.10024,-6.88632],[-38.09362,-6.88382],[-38.09927,-6.87905],[-38.09681,-6.87363],[-38.092,-6.87601],[-38.08376,-6.87209],[-38.08033,-6.87402],[-38.0769,-6.87211],[-38.06728,-6.87422],[-38.06597,-6.87701],[-38.08102,-6.88677],[-38.08788,-6.88612],[-38.092,-6.88926],[-38.0975,-6.88954],[-38.10162,-6.89295],[-38.10505,-6.89096],[-38.11826,-6.90223],[-38.12222,-6.90834],[-38.1284,-6.9093],[-38.13251,-6.91476],[-38.13869,-6.91356],[-38.1435,-6.91744],[-38.14899,-6.91425],[-38.15586,-6.91521],[-38.15807,-6.91245],[-38.15274,-6.90632],[-38.15449,-6.90352],[-38.16959,-6.91052],[-38.17786,-6.90904],[-38.19157,-6.91584],[-38.20049,-6.91442],[-38.22178,-6.91949],[-38.23483,-6.91819],[-38.241,-6.92067],[-38.24581,-6.91954],[-38.24859,-6.92131],[-38.24864,-6.9254],[-38.25062,-6.92665],[-38.25741,-6.91859],[-38.26641,-6.9149],[-38.26853,-6.91654],[-38.26255,-6.9254],[-38.26504,-6.92992],[-38.26778,-6.93117],[-38.27053,-6.92873],[-38.27465,-6.92938],[-38.27602,-6.93271],[-38.28203,-6.93358],[-38.28383,-6.9404],[-38.28907,-6.94026],[-38.2909,-6.94244],[-38.28632,-6.94702],[-38.28632,-6.95185],[-38.2832,-6.95267],[-38.28467,-6.95608],[-38.2822,-6.96004],[-38.27877,-6.95714],[-38.27328,-6.95691],[-38.2706,-6.95948],[-38.26641,-6.95885],[-38.261,-6.96221],[-38.26092,-6.96495],[-38.26543,-6.96698],[-38.26435,-6.97035],[-38.25817,-6.97123],[-38.25254,-6.96426],[-38.25265,-6.96153],[-38.24924,-6.95988],[-38.25003,-6.95608],[-38.24581,-6.95297],[-38.24446,-6.96085],[-38.2273,-6.96766],[-38.22315,-6.97621],[-38.21972,-6.9722],[-38.21391,-6.9738],[-38.21359,-6.97789],[-38.20887,-6.98198],[-38.20255,-6.98249],[-38.19706,-6.97981],[-38.19568,-6.98334],[-38.19706,-6.98673],[-38.18727,-6.98947],[-38.19061,-6.99493],[-38.18882,-6.99664],[-38.17886,-6.99697],[-38.17646,-6.99178],[-38.17371,-6.99601],[-38.16891,-6.9965],[-38.16616,-6.99446],[-38.15759,-6.99629],[-38.15497,-6.99152],[-38.15517,-6.98787],[-38.15209,-6.99833],[-38.13801,-6.99853],[-38.13389,-6.99656],[-38.13114,-6.99779],[-38.13251,-6.99315],[-38.13932,-6.99016],[-38.13837,-6.98675],[-38.13457,-6.98501],[-38.12428,-6.98897],[-38.12222,-6.99296],[-38.11398,-6.992],[-38.10769,-6.99697],[-38.10574,-7.0017],[-38.10024,-6.99976],[-38.09475,-7.00067],[-38.09205,-7.00379],[-38.09533,-7.00651],[-38.09113,-7.00856],[-38.06385,-7.01035],[-38.05561,-7.00754],[-38.0501,-7.01265],[-38.03913,-7.01445],[-38.03295,-7.01781],[-37.99519,-7.02121],[-37.98828,-7.02355],[-37.99244,-7.02545],[-38.01785,-7.0255],[-38.03432,-7.02174],[-38.05303,-7.02355],[-38.05491,-7.02832],[-38.05836,-7.02951],[-38.07484,-7.02747],[-38.07593,-7.029],[-38.07083,-7.0365],[-38.07313,-7.04127],[-38.07637,-7.04314]],[[-38.07644,-7.04316],[-38.07749,-7.04399],[-38.07411,-7.04894]],[[-38.07399,-7.049],[-38.06914,-7.05285],[-38.07003,-7.05875]],[[-38.0701,-7.05888],[-38.0769,-7.06274],[-38.08284,-7.05967],[-38.08531,-7.05013],[-38.08308,-7.04523],[-38.07964,-7.04274],[-38.08409,-7.03922],[-38.08064,-7.03275]],[[-38.08061,-7.0327],[-38.07864,-7.02832],[-38.08157,-7.02355],[-38.07887,-7.0181],[-38.08699,-7.017]],[[-38.087,-7.017],[-38.10299,-7.01693],[-38.10379,-7.02014],[-38.10769,-7.02219],[-38.10771,-7.02696],[-38.11466,-7.02652],[-38.11672,-7.03241],[-38.12771,-7.02411],[-38.12908,-7.03012],[-38.13457,-7.02939],[-38.13361,-7.03377],[-38.12856,-7.03445],[-38.12832,-7.03786],[-38.12428,-7.04203],[-38.12486,-7.04604],[-38.11284,-7.05285],[-38.11516,-7.06171],[-38.11947,-7.06604],[-38.13114,-7.06376],[-38.13343,-7.05899],[-38.13096,-7.0474],[-38.13389,-7.04291],[-38.14075,-7.04041],[-38.14693,-7.0434],[-38.15037,-7.03822],[-38.15261,-7.04331],[-38.14789,-7.05149],[-38.14682,-7.05899],[-38.14157,-7.06171],[-38.14046,-7.06716],[-38.15037,-7.06415],[-38.15037,-7.0698],[-38.15449,-7.07159],[-38.15517,-7.05864],[-38.16016,-7.06103],[-38.1629,-7.06648],[-38.16822,-7.06755],[-38.17078,-7.06444],[-38.16949,-7.05694],[-38.17509,-7.05691],[-38.17234,-7.07453],[-38.1744,-7.07109],[-38.18264,-7.07028],[-38.18058,-7.07691],[-38.18333,-7.07776],[-38.18745,-7.07564],[-38.18676,-7.08058],[-38.19157,-7.07984],[-38.19775,-7.0828],[-38.20118,-7.08209],[-38.20324,-7.07912],[-38.20667,-7.08152],[-38.20942,-7.07828],[-38.21217,-7.08549],[-38.21697,-7.08016],[-38.21754,-7.0842],[-38.22178,-7.08886],[-38.22659,-7.0883],[-38.24718,-7.09304],[-38.25474,-7.08784],[-38.25817,-7.09449],[-38.28289,-7.10115],[-38.28495,-7.10332],[-38.28926,-7.10123],[-38.28976,-7.09444],[-38.29456,-7.10181],[-38.30555,-7.10158],[-38.3135,-7.106],[-38.31242,-7.10739],[-38.30692,-7.1059],[-38.29662,-7.10774],[-38.2925,-7.10611],[-38.28976,-7.10917],[-38.28358,-7.11015],[-38.25611,-7.10287],[-38.24924,-7.10442],[-38.24238,-7.10178],[-38.24818,-7.10805],[-38.24625,-7.11077],[-38.24733,-7.11282],[-38.25817,-7.11824],[-38.26504,-7.11335],[-38.27053,-7.11985],[-38.27053,-7.12318],[-38.26572,-7.12081],[-38.26355,-7.12167],[-38.27062,-7.13258],[-38.26887,-7.13598],[-38.2699,-7.13871],[-38.26435,-7.13954],[-38.25747,-7.13189],[-38.25418,-7.12304],[-38.23826,-7.11002],[-38.22933,-7.10701],[-38.21697,-7.10589],[-38.21079,-7.10319],[-38.20393,-7.10629],[-38.19569,-7.10145],[-38.18813,-7.10115],[-38.18712,-7.10328],[-38.19086,-7.10737],[-38.17785,-7.10805],[-38.18154,-7.1135],[-38.17989,-7.11772],[-38.17234,-7.11163],[-38.16753,-7.11225],[-38.16616,-7.11621],[-38.1641,-7.11642],[-38.15311,-7.11111],[-38.15394,-7.10668],[-38.15105,-7.10342],[-38.14419,-7.10166],[-38.13693,-7.1026],[-38.13252,-7.10668],[-38.13422,-7.11145],[-38.14281,-7.11546],[-38.14831,-7.11584],[-38.1662,-7.12849],[-38.15586,-7.12595],[-38.15243,-7.12308],[-38.14443,-7.12236],[-38.14628,-7.12713],[-38.14556,-7.13617],[-38.15586,-7.14163],[-38.15668,-7.14688],[-38.16291,-7.15029],[-38.16285,-7.1571],[-38.16543,-7.16051],[-38.16303,-7.16255],[-38.16354,-7.1646],[-38.17097,-7.17081],[-38.17783,-7.16941],[-38.18058,-7.17265],[-38.18548,-7.17209],[-38.19225,-7.1788],[-38.18607,-7.17812],[-38.18058,-7.18041],[-38.16685,-7.17581],[-38.15628,-7.16868],[-38.16135,-7.17695],[-38.17525,-7.18844],[-38.16616,-7.18561],[-38.16341,-7.18962],[-38.15934,-7.18708],[-38.16009,-7.1789],[-38.1538,-7.17411],[-38.14915,-7.17414],[-38.14869,-7.17005],[-38.14507,-7.16596],[-38.14815,-7.16187],[-38.14383,-7.1571],[-38.13935,-7.1571],[-38.14075,-7.16284],[-38.13068,-7.15983],[-38.13732,-7.16574],[-38.13794,-7.17005],[-38.15929,-7.19774],[-38.14968,-7.18942],[-38.14556,-7.19223],[-38.14498,-7.18572],[-38.13807,-7.18027],[-38.13526,-7.17541],[-38.12617,-7.17073],[-38.12359,-7.16737],[-38.11741,-7.16752],[-38.11054,-7.16155],[-38.1023,-7.16032],[-38.09755,-7.16187],[-38.10368,-7.16434],[-38.10695,-7.16868],[-38.10024,-7.16928],[-38.09551,-7.17822],[-38.10848,-7.18883],[-38.11376,-7.1898],[-38.11204,-7.19525],[-38.10826,-7.19662],[-38.10848,-7.20115],[-38.10162,-7.19922],[-38.09475,-7.2018],[-38.08582,-7.20234],[-38.07758,-7.20624],[-38.07322,-7.20275],[-38.07415,-7.19827],[-38.06866,-7.19585],[-38.06271,-7.2007],[-38.0698,-7.20479],[-38.0699,-7.20683],[-38.06797,-7.20957],[-38.06042,-7.21233],[-38.05698,-7.22061],[-38.05492,-7.21579],[-38.05149,-7.2149],[-38.04806,-7.21676],[-38.046,-7.2121],[-38.04119,-7.21009],[-38.03364,-7.21888],[-38.02608,-7.21612],[-38.02051,-7.21842],[-38.02219,-7.21433],[-38.02821,-7.21024],[-38.02871,-7.20547],[-38.02334,-7.20318],[-38.01953,-7.19457],[-38.0254,-7.18987],[-38.0302,-7.1914],[-38.03537,-7.18844],[-38.03785,-7.18367],[-38.03673,-7.1789],[-38.03328,-7.17618],[-38.04188,-7.16948],[-38.04806,-7.16776],[-38.05106,-7.1646],[-38.05026,-7.16323],[-38.04188,-7.15855],[-38.03707,-7.15936],[-38.03432,-7.1566],[-38.0254,-7.15785],[-38.02536,-7.16937],[-38.02197,-7.17269],[-38.01167,-7.1638],[-38.00205,-7.16844],[-37.99999,-7.17117],[-37.9945,-7.16904],[-37.99357,-7.16664],[-37.99684,-7.16255],[-37.99107,-7.1599],[-37.9842,-7.16734],[-37.97787,-7.16664],[-37.97939,-7.17109],[-37.9842,-7.16938],[-37.98822,-7.17209],[-37.98164,-7.18095],[-37.9823,-7.1898],[-37.99107,-7.18299],[-37.9945,-7.17718],[-38.00068,-7.17592],[-38.00286,-7.17822],[-38.00205,-7.18387],[-37.99894,-7.1864],[-37.99887,-7.19321],[-38.00218,-7.19594],[-38.00261,-7.19934],[-38.00892,-7.19985],[-38.01043,-7.20343],[-37.99958,-7.20547],[-37.99381,-7.21042],[-37.98901,-7.20549],[-37.98484,-7.21092],[-37.98471,-7.21569],[-37.97939,-7.2162],[-37.97733,-7.21941],[-37.97384,-7.21978],[-37.97008,-7.23204],[-37.97527,-7.23187],[-37.97733,-7.22763],[-37.98077,-7.22803],[-37.98969,-7.22345],[-37.99312,-7.21842],[-37.99519,-7.21828],[-37.99648,-7.2225],[-38.00016,-7.22455],[-37.99721,-7.23068],[-38.00323,-7.23272],[-38.00193,-7.23681],[-37.99349,-7.23885],[-37.99597,-7.24294],[-37.99351,-7.24498],[-37.99533,-7.24703],[-37.99516,-7.25724],[-37.99862,-7.25907],[-38.00274,-7.25626],[-38.00677,-7.26133],[-38.0067,-7.26542],[-38.01089,-7.26746],[-38.00894,-7.27155],[-38.01235,-7.27223],[-38.01245,-7.26814],[-38.01822,-7.26405],[-38.01752,-7.25179],[-38.02471,-7.2571],[-38.02402,-7.24621],[-38.02856,-7.25043],[-38.03158,-7.25833],[-38.03638,-7.25873],[-38.04256,-7.25406],[-38.04188,-7.24348],[-38.04828,-7.24771],[-38.04808,-7.25316],[-38.05218,-7.25612],[-38.05817,-7.24975],[-38.05904,-7.244],[-38.06316,-7.24276],[-38.06934,-7.23612],[-38.07278,-7.2363],[-38.07399,-7.24089],[-38.06896,-7.24566],[-38.06797,-7.25047],[-38.06981,-7.2552],[-38.06689,-7.25792],[-38.06763,-7.26473],[-38.07003,-7.26609],[-38.07758,-7.25881],[-38.08217,-7.26065],[-38.0817,-7.26609],[-38.08857,-7.26595],[-38.09422,-7.2695],[-38.09353,-7.27291],[-38.08994,-7.27288],[-38.08695,-7.27631],[-38.08857,-7.27772],[-38.09269,-7.27606],[-38.09305,-7.2804],[-38.09584,-7.28381],[-38.09501,-7.28926],[-38.09111,-7.2913],[-38.09132,-7.29825],[-38.09905,-7.29743],[-38.09818,-7.29071],[-38.1023,-7.28788],[-38.10642,-7.29243],[-38.11466,-7.29337],[-38.11741,-7.29567],[-38.12565,-7.29463],[-38.12153,-7.3044],[-38.12817,-7.30288],[-38.13251,-7.29626],[-38.14007,-7.29847],[-38.14981,-7.28789],[-38.1493,-7.28313],[-38.14556,-7.27709],[-38.14693,-7.27486],[-38.14959,-7.2804],[-38.15428,-7.28313],[-38.15231,-7.2947],[-38.15861,-7.2957],[-38.1641,-7.29068],[-38.16523,-7.29198],[-38.16682,-7.29811],[-38.15792,-7.30429],[-38.15449,-7.30381],[-38.15654,-7.30696],[-38.16135,-7.30779],[-38.16479,-7.31259],[-38.1744,-7.31298],[-38.17365,-7.31922],[-38.17646,-7.32149],[-38.18127,-7.31971],[-38.19157,-7.32226],[-38.19706,-7.31992],[-38.19501,-7.32944],[-38.19981,-7.3323],[-38.20599,-7.33073],[-38.2073,-7.33489],[-38.21072,-7.33625],[-38.21015,-7.33965],[-38.20599,-7.34045],[-38.20255,-7.33844],[-38.19775,-7.34396],[-38.19157,-7.34522],[-38.19072,-7.34102],[-38.1847,-7.33715],[-38.17577,-7.33623],[-38.17509,-7.34033],[-38.17028,-7.34176],[-38.15586,-7.33259],[-38.15311,-7.33182],[-38.1517,-7.33352],[-38.15792,-7.34173],[-38.16341,-7.34135],[-38.17231,-7.35327],[-38.17715,-7.35188],[-38.17944,-7.35668],[-38.16547,-7.3658],[-38.16547,-7.36966],[-38.18676,-7.36394],[-38.19157,-7.36574],[-38.19571,-7.36417],[-38.19842,-7.36689],[-38.19962,-7.37166],[-38.19593,-7.37779],[-38.19632,-7.38392],[-38.20237,-7.39345],[-38.19912,-7.39613],[-38.19294,-7.39289],[-38.18897,-7.38324],[-38.18421,-7.38392],[-38.17921,-7.37996],[-38.17577,-7.37379],[-38.17321,-7.37983],[-38.17577,-7.38549],[-38.17165,-7.38443],[-38.16848,-7.37438],[-38.16273,-7.37167],[-38.16002,-7.36621],[-38.16145,-7.35804],[-38.15449,-7.35654],[-38.15118,-7.35123],[-38.14581,-7.34783],[-38.14095,-7.33693],[-38.14274,-7.33216],[-38.13869,-7.3295],[-38.13801,-7.32315],[-38.13046,-7.32139],[-38.12781,-7.32467],[-38.12828,-7.3308],[-38.13234,-7.33352],[-38.13178,-7.3417],[-38.13406,-7.34374],[-38.13312,-7.34714],[-38.13483,-7.35123],[-38.1284,-7.3499],[-38.12565,-7.35358],[-38.12269,-7.34851],[-38.12729,-7.3451],[-38.12748,-7.34102],[-38.12428,-7.33843],[-38.11288,-7.33625],[-38.11174,-7.33421],[-38.11341,-7.32876],[-38.10894,-7.32127],[-38.1023,-7.31966],[-38.09956,-7.32301],[-38.09612,-7.3185],[-38.09269,-7.31892],[-38.09029,-7.32127],[-38.09123,-7.3308],[-38.08926,-7.33323],[-38.08376,-7.32402],[-38.08033,-7.32362],[-38.07926,-7.31582],[-38.0666,-7.31204],[-38.06174,-7.31922],[-38.06591,-7.31832],[-38.0681,-7.3199],[-38.06385,-7.32368],[-38.06306,-7.32739],[-38.05836,-7.32683],[-38.05712,-7.32944],[-38.07214,-7.33421],[-38.07006,-7.33829],[-38.07571,-7.34033],[-38.07173,-7.34578],[-38.07278,-7.34839],[-38.08857,-7.34617],[-38.09162,-7.35055],[-38.09956,-7.34999],[-38.09866,-7.35259],[-38.10221,-7.356],[-38.10162,-7.35747],[-38.09612,-7.35649],[-38.08633,-7.3594],[-38.08788,-7.36179],[-38.09269,-7.36174],[-38.0984,-7.36826],[-38.09378,-7.3703],[-38.09008,-7.37711],[-38.09055,-7.37983],[-38.09484,-7.38324],[-38.09249,-7.38732],[-38.09373,-7.39141],[-38.092,-7.39246],[-38.08445,-7.38753],[-38.07978,-7.39141],[-38.08048,-7.39481],[-38.08514,-7.39984],[-38.09338,-7.3957],[-38.10065,-7.3989],[-38.10347,-7.4023],[-38.10112,-7.40503],[-38.1023,-7.4128],[-38.09956,-7.41259],[-38.09681,-7.40926],[-38.0916,-7.41184],[-38.08884,-7.42137],[-38.09141,-7.4275],[-38.08971,-7.43294],[-38.0872,-7.43464],[-38.08239,-7.42958],[-38.07682,-7.43226],[-38.07627,-7.42409],[-38.08102,-7.42333],[-38.08229,-7.42069],[-38.0714,-7.41525],[-38.06661,-7.41728],[-38.06625,-7.42069],[-38.07036,-7.42341],[-38.06454,-7.42865],[-38.05561,-7.42556],[-38.0508,-7.42888],[-38.04835,-7.42818],[-38.05055,-7.41796],[-38.05698,-7.42306],[-38.06042,-7.4226],[-38.06215,-7.42001],[-38.05483,-7.40707],[-38.06019,-7.40298],[-38.06316,-7.39682],[-38.06797,-7.39874],[-38.07077,-7.39549],[-38.07621,-7.39421],[-38.07796,-7.39141],[-38.07552,-7.38617],[-38.06734,-7.38528],[-38.06522,-7.37686],[-38.06062,-7.3737],[-38.06321,-7.36894],[-38.06179,-7.36601],[-38.05886,-7.37234],[-38.05355,-7.37614],[-38.05131,-7.37575],[-38.05012,-7.37124],[-38.04806,-7.37082],[-38.04653,-7.38051],[-38.05233,-7.3846],[-38.04961,-7.38868],[-38.04188,-7.39358],[-38.03913,-7.39831],[-38.03364,-7.38923],[-38.03199,-7.39277],[-38.02814,-7.39354],[-38.0261,-7.40366],[-38.02265,-7.40655],[-38.01853,-7.3977],[-38.01205,-7.39754],[-38.02152,-7.3846],[-38.0254,-7.3823],[-38.02788,-7.37711],[-38.03252,-7.3737],[-38.03374,-7.36689],[-38.02883,-7.36243],[-38.0254,-7.36312],[-38.02108,-7.37234],[-38.01441,-7.37778],[-38.00892,-7.37725],[-38.00549,-7.38063],[-38.00274,-7.37711],[-37.99931,-7.37795],[-37.99035,-7.37166],[-37.99931,-7.3741],[-38.01167,-7.37253],[-38.01345,-7.3703],[-38.01305,-7.36485],[-38.00892,-7.36392],[-38.00887,-7.36145],[-38.01167,-7.35876],[-38.02265,-7.35588],[-38.02402,-7.3504],[-38.02883,-7.35266],[-38.04394,-7.35351],[-38.04804,-7.35123],[-38.04509,-7.34714],[-38.04466,-7.33693],[-38.03982,-7.33612],[-38.0357,-7.33773],[-38.03503,-7.33284],[-38.03732,-7.32739],[-38.03089,-7.32408],[-38.02746,-7.33012],[-38.02334,-7.32761],[-38.01991,-7.33068],[-38.01501,-7.3308],[-38.00961,-7.33737],[-38.00343,-7.33966],[-37.99931,-7.33812],[-37.99228,-7.34306],[-37.99491,-7.33557],[-37.99841,-7.33216],[-37.99383,-7.32876],[-37.9931,-7.32399],[-37.99915,-7.30833],[-38.00439,-7.30151],[-38.00411,-7.29919],[-37.9945,-7.29999],[-37.99576,-7.30424],[-37.99274,-7.31309],[-37.98832,-7.31032],[-37.987,-7.31309],[-37.98811,-7.31718],[-37.98283,-7.32245],[-37.98109,-7.31445],[-37.97909,-7.31445],[-37.97321,-7.32923],[-37.97171,-7.32739],[-37.97288,-7.31786],[-37.9697,-7.31241],[-37.97098,-7.30969],[-37.96969,-7.30288],[-37.96786,-7.3022],[-37.96497,-7.31409],[-37.95879,-7.31387],[-37.95613,-7.31582],[-37.95365,-7.32876],[-37.94712,-7.3255],[-37.94284,-7.32739],[-37.94239,-7.33148],[-37.93836,-7.33284],[-37.93607,-7.32671],[-37.94918,-7.31824],[-37.9521,-7.31173],[-37.94575,-7.3048],[-37.94231,-7.307],[-37.93888,-7.30342],[-37.9327,-7.30601],[-37.92951,-7.30424],[-37.93933,-7.29879],[-37.94239,-7.28857],[-37.93571,-7.28789],[-37.93514,-7.28108],[-37.93957,-7.27919],[-37.94047,-7.27495],[-37.9468,-7.27359],[-37.94606,-7.26814],[-37.94195,-7.26678],[-37.94149,-7.26201],[-37.93819,-7.2599],[-37.93892,-7.26405],[-37.93412,-7.26542],[-37.9327,-7.26935],[-37.92924,-7.26882],[-37.92309,-7.27342],[-37.92048,-7.27223],[-37.92869,-7.26201],[-37.92523,-7.25656],[-37.92575,-7.25452],[-37.93763,-7.24771],[-37.93339,-7.24658],[-37.92927,-7.24893],[-37.92171,-7.24859],[-37.92034,-7.25201],[-37.91691,-7.25171],[-37.91458,-7.25384],[-37.91152,-7.25929],[-37.90867,-7.25921],[-37.91174,-7.24839],[-37.90318,-7.23959],[-37.89828,-7.23953],[-37.89836,-7.23],[-37.90112,-7.22778],[-37.90119,-7.21978],[-37.89459,-7.20956],[-37.89808,-7.20139],[-37.91117,-7.19049],[-37.91339,-7.18435],[-37.9121,-7.18239],[-37.90936,-7.18223],[-37.9073,-7.18584],[-37.90043,-7.18545],[-37.89452,-7.19185],[-37.89082,-7.19297],[-37.88486,-7.20275],[-37.88654,-7.20615],[-37.88532,-7.20901],[-37.87846,-7.20953],[-37.87708,-7.20403],[-37.87159,-7.20609],[-37.8709,-7.20046],[-37.86146,-7.20275],[-37.85944,-7.20683],[-37.86798,-7.21092],[-37.87032,-7.21569],[-37.86599,-7.21842],[-37.86747,-7.22182],[-37.86647,-7.22659],[-37.86968,-7.23068],[-37.86678,-7.23456],[-37.86266,-7.23157],[-37.85992,-7.22585],[-37.85395,-7.23068],[-37.85463,-7.23681],[-37.85923,-7.23753],[-37.86247,-7.24089],[-37.86266,-7.24686],[-37.85442,-7.24812],[-37.85502,-7.24294],[-37.85168,-7.24002],[-37.83863,-7.24563],[-37.8361,-7.24226],[-37.84206,-7.24199],[-37.84672,-7.23681],[-37.84513,-7.23],[-37.84707,-7.22182],[-37.84481,-7.22009],[-37.83039,-7.22054],[-37.82787,-7.21705],[-37.8385,-7.21024],[-37.83039,-7.20666],[-37.83216,-7.19594],[-37.84172,-7.19253],[-37.82875,-7.19185],[-37.82571,-7.18776],[-37.82976,-7.18163],[-37.82757,-7.1755],[-37.8206,-7.17277],[-37.8178,-7.1646],[-37.81116,-7.15473],[-37.80704,-7.15381],[-37.8029,-7.15574],[-37.79902,-7.16323],[-37.80636,-7.16471],[-37.81779,-7.17277],[-37.81597,-7.17459],[-37.81,-7.17345],[-37.81211,-7.17686],[-37.81037,-7.18027],[-37.81528,-7.18234],[-37.81861,-7.19049],[-37.8231,-7.20956],[-37.82215,-7.21155],[-37.81847,-7.21228],[-37.82272,-7.21978],[-37.81322,-7.21851],[-37.80636,-7.2243],[-37.79675,-7.22157],[-37.79217,-7.22591],[-37.7982,-7.23],[-37.80451,-7.23885],[-37.80224,-7.23999],[-37.79028,-7.23749],[-37.79949,-7.24845],[-37.79868,-7.25452],[-37.80636,-7.25274],[-37.81185,-7.25448],[-37.81264,-7.25656],[-37.80608,-7.26201],[-37.80707,-7.27018],[-37.80454,-7.27223],[-37.80361,-7.27783],[-37.79949,-7.27735],[-37.79177,-7.28653],[-37.79675,-7.29063],[-37.80018,-7.2843],[-37.8043,-7.28393],[-37.8071,-7.28653],[-37.80543,-7.28857],[-37.80634,-7.2913],[-37.80155,-7.298],[-37.79812,-7.29754],[-37.79592,-7.29947],[-37.79812,-7.30238],[-37.8043,-7.30458],[-37.80842,-7.30146],[-37.81322,-7.30197],[-37.81803,-7.29745],[-37.82421,-7.29517],[-37.81876,-7.30356],[-37.81982,-7.30696],[-37.82558,-7.30964],[-37.83176,-7.30913],[-37.83494,-7.30492],[-37.84,-7.304],[-37.84264,-7.30696],[-37.83823,-7.31037],[-37.84427,-7.31514],[-37.83657,-7.31492],[-37.83726,-7.32029],[-37.82833,-7.31522],[-37.82421,-7.31556],[-37.82297,-7.31786],[-37.8256,-7.32331],[-37.82421,-7.32547],[-37.82009,-7.32366],[-37.81666,-7.31895],[-37.81254,-7.32149],[-37.8091,-7.316],[-37.80567,-7.31629],[-37.80155,-7.31314],[-37.79812,-7.31506],[-37.79331,-7.30969],[-37.78782,-7.31423],[-37.78576,-7.30926],[-37.78027,-7.31069],[-37.77894,-7.3165],[-37.7805,-7.31922],[-37.78507,-7.31945],[-37.78782,-7.32277],[-37.79776,-7.32399],[-37.79675,-7.32776],[-37.79101,-7.32876],[-37.79194,-7.33378],[-37.79469,-7.33513],[-37.80361,-7.33281],[-37.80979,-7.33765],[-37.81089,-7.34102],[-37.8091,-7.34286],[-37.80087,-7.3378],[-37.79606,-7.34327],[-37.79194,-7.34347],[-37.78095,-7.33127],[-37.77862,-7.33557],[-37.78114,-7.34238],[-37.77821,-7.34356],[-37.77271,-7.32756],[-37.76653,-7.32425],[-37.75898,-7.32485],[-37.75942,-7.31445],[-37.75514,-7.30764],[-37.76241,-7.30746],[-37.77401,-7.30015],[-37.76901,-7.29538],[-37.77231,-7.29266],[-37.77203,-7.28599],[-37.76928,-7.28569],[-37.76585,-7.28932],[-37.76241,-7.28885],[-37.74937,-7.2962],[-37.7462,-7.29402],[-37.74843,-7.28994],[-37.74662,-7.28256],[-37.74456,-7.28113],[-37.74113,-7.28232],[-37.73838,-7.27816],[-37.73495,-7.281],[-37.73255,-7.28926],[-37.72739,-7.29658],[-37.72053,-7.29447],[-37.71921,-7.29062],[-37.72161,-7.28517],[-37.71992,-7.28244],[-37.72163,-7.27836],[-37.72046,-7.27427],[-37.72249,-7.27087],[-37.718,-7.26678],[-37.73069,-7.26337],[-37.73397,-7.2586],[-37.72739,-7.2578],[-37.72465,-7.25464],[-37.71641,-7.25464],[-37.71551,-7.24975],[-37.72671,-7.24386],[-37.7296,-7.23885],[-37.71412,-7.23],[-37.71082,-7.22591],[-37.71198,-7.2191],[-37.70748,-7.2181],[-37.70525,-7.21501],[-37.70632,-7.2116],[-37.70252,-7.2082],[-37.70523,-7.20275],[-37.69949,-7.19934],[-37.70052,-7.19594],[-37.69581,-7.19565],[-37.69306,-7.19233],[-37.68528,-7.18912],[-37.68252,-7.19321],[-37.68186,-7.20002],[-37.67747,-7.2007],[-37.67424,-7.2082],[-37.67452,-7.21823],[-37.6664,-7.2225],[-37.66979,-7.21365],[-37.66221,-7.20547],[-37.66853,-7.20002],[-37.66704,-7.19117],[-37.66886,-7.18708],[-37.66766,-7.18599],[-37.66285,-7.18988],[-37.66043,-7.18844],[-37.66909,-7.17482],[-37.66422,-7.16903],[-37.65736,-7.17263],[-37.64912,-7.17359],[-37.65118,-7.16965],[-37.65537,-7.16937],[-37.65859,-7.16528],[-37.6553,-7.16286],[-37.64956,-7.1646],[-37.64797,-7.16255],[-37.6601,-7.15728],[-37.6759,-7.16347],[-37.68757,-7.16073],[-37.68826,-7.15692],[-37.6807,-7.15861],[-37.6758,-7.1571],[-37.67877,-7.15029],[-37.67796,-7.13902],[-37.67246,-7.13705],[-37.66972,-7.14163],[-37.6656,-7.13656],[-37.66216,-7.13659],[-37.65873,-7.139],[-37.6595,-7.14484],[-37.65736,-7.14752],[-37.65301,-7.13939],[-37.65543,-7.13462],[-37.65144,-7.13053],[-37.65247,-7.1244],[-37.65049,-7.1216],[-37.64378,-7.11895],[-37.64562,-7.10873],[-37.64362,-7.10683],[-37.63491,-7.10873],[-37.63692,-7.1135],[-37.63538,-7.1189],[-37.63839,-7.12031],[-37.64156,-7.12732],[-37.63401,-7.12687],[-37.62714,-7.12968],[-37.62508,-7.12414],[-37.61966,-7.12917],[-37.62597,-7.13053],[-37.62427,-7.13394],[-37.62477,-7.14007],[-37.61991,-7.14893],[-37.61684,-7.14897],[-37.61204,-7.14312],[-37.6038,-7.1447],[-37.59542,-7.14075],[-37.59819,-7.14552],[-37.59543,-7.14893],[-37.59714,-7.15438],[-37.59487,-7.15993],[-37.58974,-7.15778],[-37.5893,-7.14961],[-37.58255,-7.1462],[-37.5832,-7.14216],[-37.58835,-7.14007],[-37.59012,-7.13326],[-37.58663,-7.13042],[-37.58183,-7.13271],[-37.57702,-7.13009],[-37.57107,-7.13053],[-37.57359,-7.12691],[-37.57977,-7.12938],[-37.58457,-7.12452],[-37.5983,-7.12986],[-37.60517,-7.12806],[-37.61063,-7.11759],[-37.60842,-7.11009],[-37.61204,-7.11032],[-37.61684,-7.10676],[-37.62249,-7.10668],[-37.61066,-7.10085],[-37.63538,-7.09352],[-37.64637,-7.09513],[-37.6518,-7.09169],[-37.64823,-7.09033],[-37.64774,-7.08808],[-37.64225,-7.08709],[-37.63195,-7.08836],[-37.62577,-7.09115],[-37.60998,-7.0913],[-37.5935,-7.09435],[-37.58728,-7.09101],[-37.59029,-7.08761],[-37.58183,-7.08488],[-37.57084,-7.08588],[-37.56603,-7.08857],[-37.5626,-7.0872],[-37.5523,-7.08876],[-37.54951,-7.08692],[-37.55024,-7.0804],[-37.55642,-7.08476],[-37.56397,-7.08236],[-37.56672,-7.07867],[-37.5729,-7.07734],[-37.5729,-7.0646],[-37.58059,-7.07534],[-37.59041,-7.07738],[-37.59086,-7.07466],[-37.59362,-7.0733],[-37.59181,-7.06376],[-37.59556,-7.05193],[-37.59764,-7.06376],[-37.60425,-7.06512],[-37.6038,-7.07194],[-37.61135,-7.06855],[-37.61426,-7.07125],[-37.60939,-7.07807],[-37.61085,-7.08215],[-37.60723,-7.085],[-37.6141,-7.08737],[-37.62165,-7.08734],[-37.65186,-7.08316],[-37.65786,-7.07943],[-37.65855,-7.0767],[-37.64431,-7.07283],[-37.64362,-7.06767],[-37.63813,-7.07017],[-37.6371,-7.06853],[-37.63805,-7.06444],[-37.64674,-7.06171],[-37.64418,-7.05694],[-37.64706,-7.04695],[-37.64927,-7.04808],[-37.64867,-7.05217],[-37.65324,-7.05631],[-37.65388,-7.05967],[-37.65804,-7.06059],[-37.66339,-7.0583],[-37.66422,-7.06558],[-37.67341,-7.0583],[-37.67178,-7.06376],[-37.67267,-7.06853],[-37.6656,-7.073],[-37.66491,-7.07706],[-37.67315,-7.0769],[-37.67933,-7.08067],[-37.68377,-7.07807],[-37.68419,-7.07398],[-37.68856,-7.07193],[-37.68619,-7.06716],[-37.69512,-7.06503],[-37.69178,-7.07057],[-37.69903,-7.07602],[-37.69963,-7.08147],[-37.70405,-7.0836],[-37.71097,-7.08079],[-37.70642,-7.07466],[-37.71503,-7.07227],[-37.72533,-7.07272],[-37.72829,-7.07057],[-37.72465,-7.06624],[-37.71166,-7.06444],[-37.7127,-7.05967],[-37.7102,-7.05626],[-37.71229,-7.05554],[-37.71915,-7.05848],[-37.72259,-7.05538],[-37.72671,-7.05766],[-37.73014,-7.05574],[-37.73357,-7.05717],[-37.7355,-7.06171],[-37.73907,-7.06307],[-37.74238,-7.06035],[-37.74166,-7.05149],[-37.74319,-7.05047],[-37.74868,-7.05961],[-37.7528,-7.06064],[-37.75619,-7.0658],[-37.75121,-7.06921],[-37.75308,-7.07193],[-37.75224,-7.07398],[-37.73769,-7.07626],[-37.7339,-7.07943],[-37.7336,-7.08215],[-37.73838,-7.08649],[-37.74937,-7.09078],[-37.76241,-7.0919],[-37.76819,-7.08624],[-37.76389,-7.08079],[-37.77234,-7.0767],[-37.77049,-7.07193],[-37.76499,-7.07057],[-37.75806,-7.0658],[-37.7626,-7.06239],[-37.7542,-7.04604],[-37.75691,-7.04399],[-37.75761,-7.03951],[-37.75972,-7.03991],[-37.76379,-7.04649],[-37.77271,-7.03194],[-37.77529,-7.03241],[-37.77752,-7.0361],[-37.78713,-7.03342],[-37.794,-7.03804],[-37.79881,-7.03269],[-37.80361,-7.03366],[-37.81048,-7.02994],[-37.81803,-7.03613],[-37.82146,-7.03143],[-37.82558,-7.0339],[-37.83245,-7.03422],[-37.84,-7.03202],[-37.84313,-7.03445],[-37.84079,-7.03786],[-37.84206,-7.04099],[-37.8558,-7.04622],[-37.85797,-7.04468],[-37.8582,-7.04059],[-37.85478,-7.03582],[-37.86264,-7.03309],[-37.85497,-7.02696],[-37.86884,-7.0231],[-37.87502,-7.02483],[-37.88258,-7.0205],[-37.88601,-7.0212],[-37.87846,-7.01587],[-37.86335,-7.01227],[-37.84687,-7.01101],[-37.82009,-7.01223],[-37.80361,-7.00583],[-37.80018,-6.99938],[-37.79537,-6.99685],[-37.79194,-6.99859],[-37.78919,-6.99692],[-37.78645,-7.00336],[-37.77546,-7.00209],[-37.77048,-7.00038],[-37.77238,-6.99493],[-37.77065,-6.99154],[-37.75967,-6.98843],[-37.7528,-6.98955],[-37.74799,-6.98819],[-37.74799,-6.9969],[-37.74525,-6.99752],[-37.73838,-6.99383],[-37.73657,-6.99765],[-37.73911,-7.00447],[-37.72945,-7.006],[-37.73346,-7.00242],[-37.7328,-6.99424],[-37.72945,-6.99312],[-37.72602,-6.99869],[-37.72465,-6.99113],[-37.71847,-6.98779],[-37.71297,-6.99032],[-37.71023,-6.98647],[-37.7013,-6.98557],[-37.69855,-6.98189],[-37.6862,-6.98597],[-37.68276,-6.99164],[-37.68002,-6.98943],[-37.67397,-6.98879],[-37.68127,-6.98334],[-37.68345,-6.97486],[-37.6905,-6.9738],[-37.68909,-6.96766],[-37.66491,-6.95916],[-37.6553,-6.96096],[-37.6525,-6.95471],[-37.64738,-6.95335],[-37.64537,-6.94994],[-37.63332,-6.9468],[-37.6304,-6.9479],[-37.63019,-6.95131],[-37.63538,-6.95385],[-37.6388,-6.95948],[-37.63676,-6.96044],[-37.6292,-6.9582],[-37.62508,-6.9624],[-37.62367,-6.95676],[-37.62028,-6.95521],[-37.61735,-6.96017],[-37.61866,-6.96289],[-37.61502,-6.96562],[-37.61834,-6.97039],[-37.61341,-6.97077],[-37.61122,-6.9738],[-37.61272,-6.97758],[-37.6308,-6.9813],[-37.63255,-6.98334],[-37.63127,-6.98675],[-37.61822,-6.98706],[-37.61341,-6.98981],[-37.61286,-6.9847],[-37.60998,-6.98341],[-37.60105,-6.98517],[-37.5983,-6.98892],[-37.59418,-6.98498],[-37.58457,-6.98417],[-37.5808,-6.98607],[-37.57977,-6.98953],[-37.57304,-6.9847],[-37.57687,-6.98061],[-37.57633,-6.97741],[-37.56672,-6.9805],[-37.56466,-6.97534],[-37.55892,-6.97448],[-37.55839,-6.97039],[-37.55093,-6.96395],[-37.53857,-6.96197],[-37.53445,-6.97042],[-37.52689,-6.97042],[-37.52724,-6.9663],[-37.52457,-6.96085],[-37.51247,-6.95781],[-37.51166,-6.95335],[-37.50835,-6.95135],[-37.5058,-6.95199],[-37.50588,-6.9554],[-37.50161,-6.95812],[-37.50344,-6.96153],[-37.50286,-6.96899],[-37.49874,-6.9665],[-37.49393,-6.9676],[-37.49207,-6.96562],[-37.49484,-6.95744],[-37.48981,-6.95516],[-37.48569,-6.95954],[-37.47952,-6.95856],[-37.47608,-6.96276],[-37.47196,-6.96074],[-37.46758,-6.96426],[-37.47128,-6.96507],[-37.47952,-6.97146],[-37.48707,-6.97353],[-37.49323,-6.97925],[-37.47746,-6.98347],[-37.46922,-6.98288],[-37.45548,-6.98842],[-37.46304,-6.99648],[-37.47063,-6.99697],[-37.48077,-7.00174],[-37.4699,-7.00501],[-37.46732,-7.00719],[-37.4673,-7.00992],[-37.46235,-7.00054],[-37.45623,-7.00038],[-37.45823,-6.99441],[-37.45167,-6.99356],[-37.45143,-6.98879],[-37.4445,-6.98697],[-37.43922,-6.98947],[-37.4415,-6.99424],[-37.43832,-6.99795],[-37.43076,-6.99402],[-37.41978,-6.99495],[-37.40742,-6.99738],[-37.40037,-7.0031],[-37.40122,-7.00583],[-37.40536,-7.00774],[-37.40771,-7.00719],[-37.4081,-7.00366],[-37.41085,-7.00321],[-37.42115,-7.00651],[-37.41698,-7.00992],[-37.41799,-7.01196],[-37.43763,-7.01515],[-37.44244,-7.01976],[-37.4493,-7.0215],[-37.45588,-7.02764],[-37.4548,-7.03037],[-37.44518,-7.0325],[-37.44312,-7.03947],[-37.439,-7.03606],[-37.43488,-7.03965],[-37.42664,-7.03789],[-37.4305,-7.03241],[-37.42802,-7.03024],[-37.42458,-7.03193],[-37.4136,-7.03016],[-37.40192,-7.03646],[-37.39645,-7.03718],[-37.4014,-7.04195],[-37.39698,-7.04604],[-37.40673,-7.04742],[-37.40768,-7.05149],[-37.40469,-7.05422],[-37.41291,-7.05447],[-37.4135,-7.05899],[-37.41978,-7.0589],[-37.42321,-7.05644],[-37.42458,-7.06101],[-37.43076,-7.05982],[-37.43488,-7.0534],[-37.44099,-7.05422],[-37.43786,-7.06103],[-37.44069,-7.06376],[-37.43582,-7.06648],[-37.44348,-7.06853],[-37.43752,-7.07398],[-37.44175,-7.07648],[-37.44656,-7.07464],[-37.45342,-7.07696],[-37.4473,-7.08284],[-37.4423,-7.08488],[-37.4527,-7.09169],[-37.44106,-7.096],[-37.4342,-7.09285],[-37.42046,-7.0953],[-37.38939,-7.106],[-37.38744,-7.10805],[-37.40536,-7.11188],[-37.4287,-7.10756],[-37.42321,-7.115],[-37.41909,-7.11364],[-37.41687,-7.11759],[-37.4184,-7.11932],[-37.42252,-7.1182],[-37.42596,-7.12109],[-37.43314,-7.12167],[-37.42252,-7.1274],[-37.40948,-7.13088],[-37.40849,-7.13394],[-37.41497,-7.13486],[-37.41978,-7.13776],[-37.43282,-7.13247],[-37.43694,-7.13698],[-37.44307,-7.13326],[-37.44425,-7.13462],[-37.44294,-7.13803],[-37.44512,-7.14143],[-37.44871,-7.1428],[-37.44106,-7.15682],[-37.42939,-7.15541],[-37.41703,-7.15852],[-37.41154,-7.1684],[-37.40398,-7.17],[-37.40424,-7.168],[-37.411,-7.1646],[-37.40467,-7.15936],[-37.38783,-7.15864]],[[-37.38777,-7.15864],[-37.35386,-7.16199],[-37.3518,-7.16547],[-37.34287,-7.16713],[-37.34172,-7.17277],[-37.35396,-7.17959],[-37.35065,-7.1864],[-37.35457,-7.1898],[-37.35317,-7.19777],[-37.35023,-7.19253],[-37.34562,-7.19044],[-37.34425,-7.18438],[-37.33669,-7.18408],[-37.33326,-7.18777],[-37.32914,-7.18776],[-37.33102,-7.18435],[-37.32983,-7.1818],[-37.32227,-7.18182],[-37.31403,-7.17421],[-37.31197,-7.17485],[-37.30854,-7.18204],[-37.29687,-7.1872],[-37.28801,-7.18776],[-37.29188,-7.18299],[-37.29067,-7.1789],[-37.29481,-7.17308],[-37.3003,-7.17763],[-37.30236,-7.17635],[-37.30312,-7.17005],[-37.29864,-7.16664],[-37.3022,-7.1646],[-37.2993,-7.16119],[-37.30242,-7.15778],[-37.30167,-7.15372],[-37.29687,-7.15409],[-37.28794,-7.16174],[-37.27764,-7.16539],[-37.27642,-7.17141],[-37.27764,-7.17382],[-37.28116,-7.17482],[-37.27911,-7.17822],[-37.28169,-7.18163],[-37.27558,-7.1827],[-37.27283,-7.1857],[-37.26734,-7.17968],[-37.26397,-7.18027],[-37.25979,-7.176],[-37.25292,-7.1856],[-37.24743,-7.18555],[-37.24638,-7.17959],[-37.24364,-7.17618],[-37.24502,-7.1646],[-37.24262,-7.16231],[-37.24037,-7.16392],[-37.24113,-7.16732],[-37.23782,-7.17141],[-37.23438,-7.17075],[-37.2234,-7.17537],[-37.21653,-7.17595],[-37.20966,-7.17076],[-37.2028,-7.17273],[-37.20386,-7.18095],[-37.20142,-7.18309],[-37.1973,-7.17995],[-37.1964,-7.1755],[-37.19112,-7.17644],[-37.19007,-7.17209],[-37.18357,-7.16784],[-37.16937,-7.16596],[-37.16725,-7.16392],[-37.16866,-7.16119],[-37.16709,-7.15994],[-37.16349,-7.15983],[-37.16297,-7.16431],[-37.15405,-7.16587],[-37.14375,-7.16162],[-37.13578,-7.16119],[-37.14306,-7.15077],[-37.13619,-7.15034],[-37.13297,-7.15778],[-37.13419,-7.16119],[-37.13001,-7.1651],[-37.09499,-7.14659],[-37.09499,-7.14291],[-37.09293,-7.14108],[-37.08675,-7.14364],[-37.08759,-7.13394],[-37.08195,-7.13644],[-37.07096,-7.13128],[-37.05997,-7.13289],[-37.06409,-7.12705],[-37.07851,-7.1288],[-37.0895,-7.12482],[-37.09293,-7.12728],[-37.09705,-7.12323],[-37.10392,-7.13377],[-37.10941,-7.13395],[-37.11216,-7.13175],[-37.11765,-7.1333],[-37.11863,-7.12713],[-37.12309,-7.12167],[-37.11971,-7.11655],[-37.12795,-7.11665],[-37.13757,-7.11969],[-37.14581,-7.11476],[-37.14855,-7.12033],[-37.15167,-7.12031],[-37.15196,-7.1169],[-37.15644,-7.11077],[-37.15267,-7.1091],[-37.14787,-7.1099],[-37.14191,-7.10532],[-37.16297,-7.09949],[-37.166,-7.09646],[-37.16559,-7.09442],[-37.16022,-7.09266],[-37.1529,-7.08692],[-37.15848,-7.08147],[-37.15493,-7.08011],[-37.16087,-7.07534],[-37.15919,-7.07193],[-37.16235,-7.06648],[-37.16091,-7.06449],[-37.15363,-7.06784],[-37.15294,-7.06444],[-37.15458,-7.06171],[-37.15031,-7.05353],[-37.15267,-7.04792],[-37.15885,-7.04775],[-37.16287,-7.04536],[-37.15611,-7.04045],[-37.14443,-7.03856],[-37.13908,-7.03105],[-37.14237,-7.02921],[-37.14841,-7.02968],[-37.14632,-7.02559],[-37.14787,-7.02444],[-37.15679,-7.02569],[-37.15943,-7.02968],[-37.16984,-7.03523],[-37.17732,-7.03105],[-37.16443,-7.02355],[-37.16666,-7.01878],[-37.16293,-7.01742],[-37.16287,-7.01265],[-37.15817,-7.00992],[-37.15937,-7.00651],[-37.16477,-7.00379],[-37.16298,-6.9997],[-37.16502,-6.99561],[-37.16434,-6.99227],[-37.15907,-7.00106],[-37.15405,-7.00347],[-37.14993,-7.00037],[-37.15032,-6.9922],[-37.14787,-6.9889],[-37.14443,-6.99235],[-37.13413,-6.99146],[-37.13345,-6.99591],[-37.12727,-6.99245],[-37.12246,-6.99545],[-37.11971,-6.99265],[-37.11422,-6.99586],[-37.11079,-6.99368],[-37.10461,-6.9936],[-37.1001,-6.99493],[-37.09705,-6.99878],[-37.09523,-6.99561],[-37.10732,-6.98538],[-37.106,-6.98198],[-37.10125,-6.97857],[-37.10117,-6.97394],[-37.09774,-6.97582],[-37.09362,-6.97481],[-37.08744,-6.97853],[-37.08332,-6.97497],[-37.07233,-6.97125],[-37.0712,-6.97312],[-37.0734,-6.9813],[-37.06959,-6.98815],[-37.06409,-6.98045],[-37.0586,-6.97905],[-37.04899,-6.9836],[-37.04855,-6.97789],[-37.0521,-6.97312],[-37.05242,-6.96798],[-37.04075,-6.97342],[-37.03079,-6.97448],[-37.03663,-6.96912],[-37.04125,-6.96085],[-37.03869,-6.95719],[-37.03182,-6.95676],[-37.02221,-6.96405],[-37.01929,-6.96426],[-37.01466,-6.97449],[-37.00848,-6.97296],[-37.01355,-6.96017],[-37.02264,-6.95062],[-37.02365,-6.94585],[-37.01878,-6.94721],[-37.01534,-6.95383],[-37.01191,-6.9557],[-37.01054,-6.95252],[-37.00504,-6.95297],[-37.01035,-6.9479],[-37.01005,-6.94381],[-37.01372,-6.93904],[-37.01379,-6.93427],[-37.00848,-6.93427],[-37.00642,-6.93196],[-37.00206,-6.93154],[-36.998,-6.92609],[-37.00203,-6.92268],[-36.99762,-6.9145],[-37.00161,-6.91262],[-37.00779,-6.91396],[-37.00985,-6.90942],[-37.01328,-6.91065],[-37.01868,-6.91791],[-37.02358,-6.91841],[-37.0277,-6.91396],[-37.03251,-6.91725],[-37.04212,-6.91707],[-37.04657,-6.91313],[-37.04218,-6.89746],[-37.04641,-6.89268],[-37.04401,-6.88791],[-37.03355,-6.87769],[-37.03045,-6.8658],[-37.03388,-6.86346],[-37.04144,-6.86515],[-37.04554,-6.86064],[-37.04481,-6.85383],[-37.04762,-6.85323],[-37.05654,-6.86089],[-37.06341,-6.86102],[-37.06821,-6.8643],[-37.08057,-6.86661],[-37.08379,-6.86269],[-37.08216,-6.85519],[-37.06615,-6.83563],[-37.05892,-6.8361],[-37.05036,-6.83038],[-37.04487,-6.82953],[-37.038,-6.82191],[-37.02358,-6.81152],[-37.02084,-6.8114],[-37.01809,-6.81473],[-37.01191,-6.81145],[-37.01099,-6.81428],[-37.0166,-6.8211],[-37.01672,-6.82625],[-37.00298,-6.82014],[-37.00002,-6.82451],[-37.00374,-6.82588],[-37.00173,-6.83201],[-37.00616,-6.83406],[-37.00273,-6.83815],[-37.00848,-6.83885],[-37.0096,-6.8436],[-37.01953,-6.8511],[-37.0071,-6.85023],[-36.99749,-6.85252],[-36.9971,-6.85928],[-37.00298,-6.86887],[-36.99369,-6.86542],[-36.9916,-6.86951],[-36.99286,-6.87496],[-36.99131,-6.87492],[-36.98782,-6.87087],[-36.98638,-6.86337],[-36.98245,-6.85655],[-36.97689,-6.85234],[-36.97277,-6.85219],[-36.96664,-6.85792],[-36.96679,-6.86542],[-36.97049,-6.87428],[-36.96964,-6.87632],[-36.9659,-6.87669],[-36.96053,-6.87019],[-36.96115,-6.8661],[-36.95906,-6.86201],[-36.95423,-6.86131],[-36.95588,-6.85383],[-36.96064,-6.85178],[-36.95766,-6.84848],[-36.95455,-6.85042],[-36.9546,-6.85315],[-36.95011,-6.85407],[-36.94674,-6.85792],[-36.94784,-6.86269],[-36.94535,-6.86883],[-36.94599,-6.87223],[-36.94118,-6.87919],[-36.93501,-6.87434],[-36.92745,-6.87539],[-36.92553,-6.88859],[-36.92677,-6.89458],[-36.91921,-6.88783],[-36.91303,-6.89145],[-36.90963,-6.88655],[-36.9149,-6.8811],[-36.91468,-6.87701],[-36.91715,-6.87345],[-36.92337,-6.87223],[-36.9247,-6.86337],[-36.9224,-6.8586],[-36.92696,-6.85451],[-36.93098,-6.85383],[-36.93127,-6.84633],[-36.93378,-6.84292],[-36.93314,-6.83883],[-36.93799,-6.8361],[-36.93571,-6.82928],[-36.93661,-6.82247],[-36.93357,-6.82315],[-36.93541,-6.8286],[-36.93132,-6.83065],[-36.92947,-6.84156],[-36.92539,-6.84757],[-36.91097,-6.84143],[-36.9096,-6.83764],[-36.89934,-6.82928],[-36.89587,-6.82324],[-36.89381,-6.82394],[-36.88857,-6.83542],[-36.88557,-6.83165],[-36.88168,-6.83065],[-36.88138,-6.82792],[-36.88619,-6.82588],[-36.88971,-6.81974],[-36.88881,-6.81565],[-36.89115,-6.81224],[-36.9025,-6.81156],[-36.8993,-6.80542],[-36.90411,-6.80375],[-36.90299,-6.79929],[-36.90722,-6.79519],[-36.90342,-6.78811],[-36.89612,-6.79178],[-36.89868,-6.79724],[-36.89817,-6.80133],[-36.89243,-6.80166],[-36.88969,-6.80812],[-36.88282,-6.81433],[-36.87826,-6.81428],[-36.87321,-6.82052],[-36.874,-6.80747],[-36.87164,-6.80815],[-36.8684,-6.81425],[-36.86359,-6.8158],[-36.86205,-6.80747],[-36.86746,-6.80201],[-36.86291,-6.79642],[-36.86016,-6.80284],[-36.85741,-6.80232],[-36.85398,-6.79744],[-36.85594,-6.79383],[-36.85398,-6.78579],[-36.84849,-6.78947],[-36.84505,-6.79479],[-36.84025,-6.78902],[-36.83297,-6.78974],[-36.83473,-6.78565],[-36.82857,-6.77201],[-36.82988,-6.76792],[-36.82686,-6.76451],[-36.82821,-6.75974],[-36.82102,-6.76079],[-36.81969,-6.74883],[-36.81665,-6.7476]]]}},{"type":"Feature","properties":{"cota":200,"indice":false},"geometry":{"type":"LineString","coordinates":[[-37.64019,-6.69272],[-37.63756,-6.69359],[-37.63538,-6.69882],[-37.64161,-6.69564],[-37.64019,-6.69272]]}},{"type":"Feature","properties":{"cota":200,"indice":false},"geometry":{"type":"LineString","coordinates":[[-37.66148,-6.66529],[-37.66078,-6.66699],[-37.66354,-6.66929],[-37.66148,-6.66529]]}},{"type":"Feature","properties":{"cota":200,"indice":false},"geometry":{"type":"LineString","coordinates":[[-37.71915,-6.64783],[-37.71634,-6.65404],[-37.72378,-6.65063],[-37.71915,-6.64783]]}},{"type":"Feature","properties":{"cota":300,"indice":false},"geometry":{"type":"LineString","coordinates":[[-37.54269,-6.7453],[-37.53994,-6.74579],[-37.53242,-6.7536],[-37.53284,-6.76792],[-37.52209,-6.76526],[-37.51797,-6.76711],[-37.51762,-6.76997],[-37.53239,-6.78227],[-37.54887,-6.78576],[-37.5589,-6.77678],[-37.55834,-6.76383],[-37.55367,-6.75428],[-37.54269,-6.7453]]}},{"type":"Feature","properties":{"cota":600,"indice":false},"geometry":{"type":"LineString","coordinates":[[-37.54955,-6.76148],[-37.54502,-6.76451],[-37.54612,-6.76779],[-37.55024,-6.7659],[-37.54955,-6.76148]]}},{"type":"Feature","properties":{"cota":300,"indice":false},"geometry":{"type":"LineString","coordinates":[[-37.56535,-6.75335],[-37.56329,-6.75743],[-37.56603,-6.7552],[-37.56535,-6.75335]]}},{"type":"Feature","properties":{"cota":400,"indice":false},"geometry":{"type":"LineString","coordinates":[[-37.54475,-6.732],[-37.54428,-6.73383],[-37.54818,-6.73919],[-37.54475,-6.732]]}},{"type":"Feature","properties":{"cota":300,"indice":false},"geometry":{"type":"LineString","coordinates":[[-37.47128,-6.72685],[-37.46647,-6.72808],[-37.46674,-6.73246],[-37.48226,-6.74402],[-37.48393,-6.72905],[-37.47883,-6.72962],[-37.47128,-6.72685]]}},{"type":"Feature","properties":{"cota":400,"indice":false},"geometry":{"type":"LineString","coordinates":[[-37.47265,-6.73041],[-37.4708,-6.7311],[-37.47215,-6.73314],[-37.47952,-6.73686],[-37.47952,-6.73353],[-37.47265,-6.73041]]}},{"type":"Feature","properties":{"cota":300,"indice":false},"geometry":{"type":"LineString","coordinates":[[-37.43351,-6.71943],[-37.43144,-6.71951],[-37.43149,-6.72223],[-37.43626,-6.72516],[-37.43648,-6.72223],[-37.43351,-6.71943]]}},{"type":"Feature","properties":{"cota":300,"indice":false},"geometry":{"type":"LineString","coordinates":[[-37.57359,-6.7166],[-37.56951,-6.71814],[-37.57168,-6.72223],[-37.58131,-6.72496],[-37.57745,-6.71882],[-37.57359,-6.7166]]}},{"type":"Feature","properties":{"cota":500,"indice":true},"geometry":{"type":"LineString","coordinates":[[-37.49187,-6.70238],[-37.48933,-6.70587],[-37.49981,-6.7161],[-37.50707,-6.71541],[-37.49187,-6.70238]]}},{"type":"Feature","properties":{"cota":400,"indice":false},"geometry":{"type":"LineString","coordinates":[[-37.51179,-6.70039],[-37.50944,-6.70109],[-37.51247,-6.70652],[-37.51797,-6.7119],[-37.52209,-6.71298],[-37.52067,-6.70587],[-37.51179,-6.70039]]}},{"type":"Feature","properties":{"cota":300,"indice":false},"geometry":{"type":"LineString","coordinates":[[-37.43819,-6.70231],[-37.44175,-6.70666],[-37.44412,-6.70587],[-37.44421,-6.7033]]}},{"type":"Feature","properties":{"cota":300,"indice":false},"geometry":{"type":"LineString","coordinates":[[-37.47063,-6.70767],[-37.47814,-6.7157],[-37.48226,-6.72337],[-37.48528,-6.72223],[-37.48707,-6.71176],[-37.49325,-6.71933],[-37.51182,-6.72564],[-37.51591,-6.73205],[-37.52092,-6.72496],[-37.52141,-6.71882],[-37.52765,-6.71269],[-37.53857,-6.72514],[-37.53904,-6.73246],[-37.54438,-6.74065],[-37.55024,-6.74472],[-37.55156,-6.7386],[-37.54749,-6.72948],[-37.54557,-6.71678],[-37.54887,-6.71641],[-37.55917,-6.72619],[-37.56171,-6.72496],[-37.56384,-6.71951],[-37.55436,-6.7062],[-37.53925,-6.69496],[-37.52964,-6.67967],[-37.52415,-6.66434],[-37.51865,-6.66739],[-37.51345,-6.67381],[-37.51129,-6.68336],[-37.51316,-6.69725],[-37.50492,-6.69172],[-37.49736,-6.68336],[-37.50144,-6.69223],[-37.50145,-6.69632],[-37.50794,-6.70587],[-37.49943,-6.70209],[-37.48585,-6.68677],[-37.48498,-6.68404],[-37.48775,-6.68389],[-37.48725,-6.68132],[-37.48089,-6.68103],[-37.47632,-6.67586],[-37.47547,-6.66631],[-37.47814,-6.66518],[-37.48569,-6.66809],[-37.48775,-6.65941],[-37.47952,-6.66181],[-37.47707,-6.65745],[-37.47074,-6.65324]]}},{"type":"Feature","properties":{"cota":400,"indice":false},"geometry":{"type":"MultiLineString","coordinates":[[[-37.47648,-6.70864],[-37.48089,-6.71328],[-37.48182,-6.70952]],[[-37.48307,-6.70639],[-37.49019,-6.70996],[-37.50052,-6.71951],[-37.50492,-6.71898],[-37.51522,-6.72357],[-37.51746,-6.72223],[-37.51769,-6.71882],[-37.51453,-6.71485],[-37.49874,-6.7057],[-37.49325,-6.69921],[-37.48797,-6.69768],[-37.48666,-6.69223],[-37.47254,-6.67695]]]}},{"type":"Feature","properties":{"cota":600,"indice":false},"geometry":{"type":"LineString","coordinates":[[-37.47978,-6.69914],[-37.48163,-6.69905],[-37.4787,-6.69673]]}},{"type":"Feature","properties":{"cota":500,"indice":true},"geometry":{"type":"LineString","coordinates":[[-37.48136,-6.70261],[-37.48539,-6.70246],[-37.48525,-6.69905],[-37.47563,-6.68996]]}},{"type":"Feature","properties":{"cota":400,"indice":false},"geometry":{"type":"LineString","coordinates":[[-37.52346,-6.66795],[-37.51865,-6.67035],[-37.51517,-6.67654],[-37.51765,-6.68677],[-37.51633,-6.69086],[-37.51917,-6.69837],[-37.52684,-6.7045],[-37.52799,-6.70859],[-37.53719,-6.71428],[-37.53994,-6.7182],[-37.54312,-6.71269],[-37.54887,-6.71269],[-37.55985,-6.72188],[-37.56069,-6.71814],[-37.55342,-6.70928],[-37.54955,-6.70813],[-37.54543,-6.7021],[-37.5368,-6.697],[-37.52787,-6.68132],[-37.52346,-6.66795]]}},{"type":"Feature","properties":{"cota":500,"indice":true},"geometry":{"type":"LineString","coordinates":[[-37.52277,-6.67065],[-37.51975,-6.67177],[-37.51726,-6.67722],[-37.52209,-6.69508],[-37.53239,-6.70268],[-37.53435,-6.70723],[-37.54616,-6.70996],[-37.54475,-6.70465],[-37.53466,-6.69768],[-37.53318,-6.69223],[-37.52631,-6.682],[-37.52277,-6.67065]]}},{"type":"Feature","properties":{"cota":600,"indice":false},"geometry":{"type":"LineString","coordinates":[[-37.5214,-6.67703],[-37.52065,-6.68132],[-37.5234,-6.68814],[-37.53101,-6.69626],[-37.53094,-6.69291],[-37.5214,-6.67703]]}},{"type":"Feature","properties":{"cota":500,"indice":true},"geometry":{"type":"LineString","coordinates":[[-37.47403,-6.68641],[-37.47676,-6.68677],[-37.47127,-6.67892]]}},{"type":"Feature","properties":{"cota":200,"indice":false},"geometry":{"type":"LineString","coordinates":[[-37.80499,-6.6932],[-37.79961,-6.69768],[-37.80499,-6.6932]]}},{"type":"Feature","properties":{"cota":200,"indice":false},"geometry":{"type":"LineString","coordinates":[[-37.81872,-6.68605],[-37.82884,-6.68814],[-37.82146,-6.68969],[-37.81734,-6.68745],[-37.81872,-6.68605]]}},{"type":"Feature","properties":{"cota":500,"indice":true},"geometry":{"type":"LineString","coordinates":[[-37.89837,-6.65388],[-37.897,-6.65618],[-37.89906,-6.65605],[-37.89837,-6.65388]]}},{"type":"Feature","properties":{"cota":500,"indice":true},"geometry":{"type":"LineString","coordinates":[[-37.90661,-6.64155],[-37.90386,-6.64165],[-37.89976,-6.64653],[-37.90439,-6.64994],[-37.90356,-6.65404],[-37.9073,-6.65584],[-37.90981,-6.65063],[-37.90661,-6.64155]]}},{"type":"Feature","properties":{"cota":500,"indice":true},"geometry":{"type":"LineString","coordinates":[[-37.78507,-6.63346],[-37.78011,-6.64108],[-37.7837,-6.64417],[-37.78768,-6.64108],[-37.78507,-6.6378],[-37.78507,-6.63346]]}},{"type":"Feature","properties":{"cota":400,"indice":false},"geometry":{"type":"LineString","coordinates":[[-37.86266,-6.62718],[-37.85854,-6.62973],[-37.85811,-6.63767],[-37.85992,-6.64149],[-37.86541,-6.64314],[-37.86711,-6.63767],[-37.86266,-6.63153],[-37.86266,-6.62718]]}},{"type":"Feature","properties":{"cota":400,"indice":false},"geometry":{"type":"LineString","coordinates":[[-37.8812,-6.62161],[-37.87571,-6.62755],[-37.87204,-6.62675],[-37.87228,-6.63163],[-37.87635,-6.63153],[-37.87534,-6.6363],[-37.87777,-6.63963],[-37.88738,-6.63899],[-37.89219,-6.64094],[-37.89308,-6.63767],[-37.88806,-6.63494],[-37.88993,-6.63085],[-37.88836,-6.62471],[-37.88255,-6.62403],[-37.8812,-6.62161]]}},{"type":"Feature","properties":{"cota":500,"indice":true},"geometry":{"type":"LineString","coordinates":[[-37.78507,-6.626],[-37.78277,-6.62675],[-37.7837,-6.63029],[-37.78507,-6.626]]}},{"type":"Feature","properties":{"cota":400,"indice":false},"geometry":{"type":"MultiLineString","coordinates":[[[-37.77477,-6.59056],[-37.77201,-6.59197],[-37.76874,-6.59811],[-37.77001,-6.60288],[-37.76706,-6.61925],[-37.76928,-6.62034],[-37.77546,-6.61538],[-37.78011,-6.61789],[-37.77328,-6.63289],[-37.7788,-6.6363],[-37.77615,-6.64406],[-37.78027,-6.645],[-37.78507,-6.6501],[-37.78805,-6.64517],[-37.79476,-6.64244],[-37.79463,-6.63494],[-37.78941,-6.6288],[-37.79474,-6.61993],[-37.79565,-6.61448],[-37.794,-6.60778],[-37.78962,-6.60561],[-37.7911,-6.59747]],[[-37.79103,-6.59731],[-37.78782,-6.59371],[-37.77958,-6.59515],[-37.77477,-6.59056]]]}},{"type":"Feature","properties":{"cota":500,"indice":true},"geometry":{"type":"LineString","coordinates":[[-37.79125,-6.60882],[-37.78726,-6.61039],[-37.78529,-6.61448],[-37.78721,-6.62266],[-37.79328,-6.61721],[-37.79341,-6.61243],[-37.79125,-6.60882]]}},{"type":"Feature","properties":{"cota":200,"indice":false},"geometry":{"type":"LineString","coordinates":[[-37.59968,-6.6416],[-37.59737,-6.64176],[-37.59704,-6.64449],[-37.59899,-6.64441],[-37.59968,-6.6416]]}},{"type":"Feature","properties":{"cota":200,"indice":false},"geometry":{"type":"LineString","coordinates":[[-37.60311,-6.6276],[-37.6001,-6.6288],[-37.60036,-6.6361],[-37.60654,-6.63556],[-37.60876,-6.63289],[-37.60311,-6.6276]]}},{"type":"Feature","properties":{"cota":400,"indice":false},"geometry":{"type":"LineString","coordinates":[[-37.75143,-6.61651],[-37.74835,-6.61857],[-37.75177,-6.61925],[-37.75143,-6.61651]]}},{"type":"Feature","properties":{"cota":300,"indice":false},"geometry":{"type":"LineString","coordinates":[[-37.72121,-6.60664],[-37.71861,-6.60697],[-37.7183,-6.60902],[-37.72163,-6.60902],[-37.72121,-6.60664]]}},{"type":"Feature","properties":{"cota":300,"indice":false},"geometry":{"type":"MultiLineString","coordinates":[[[-37.72053,-6.55987],[-37.71545,-6.56059],[-37.70852,-6.57287],[-37.71229,-6.57361],[-37.71709,-6.58268],[-37.72396,-6.58598],[-37.72877,-6.58516],[-37.72975,-6.58924],[-37.7322,-6.59064],[-37.73495,-6.5905],[-37.74044,-6.58468],[-37.74315,-6.58856],[-37.73735,-6.59674],[-37.74044,-6.60506],[-37.74593,-6.60545],[-37.76553,-6.59743],[-37.76474,-6.60152],[-37.75349,-6.60872],[-37.74444,-6.61789],[-37.74731,-6.62122],[-37.7528,-6.6216],[-37.756,-6.61721],[-37.76516,-6.61141],[-37.76517,-6.6213],[-37.77107,-6.62403],[-37.76822,-6.63358],[-37.77365,-6.63903],[-37.77203,-6.64446],[-37.7686,-6.64653],[-37.76585,-6.65503],[-37.77271,-6.6502],[-37.77683,-6.65229],[-37.78095,-6.65068],[-37.78507,-6.6542],[-37.79058,-6.65267],[-37.7912,-6.64858],[-37.79747,-6.64381],[-37.79777,-6.63358],[-37.79389,-6.62812],[-37.79709,-6.62266],[-37.79769,-6.61311],[-37.79312,-6.60288],[-37.79305,-6.59719]],[[-37.79297,-6.59693],[-37.79276,-6.59401],[-37.79684,-6.59129],[-37.79537,-6.57435],[-37.79251,-6.57628],[-37.78827,-6.5906],[-37.78027,-6.59157],[-37.77477,-6.58809],[-37.76928,-6.5915],[-37.76493,-6.58378],[-37.7696,-6.57833],[-37.76904,-6.57628],[-37.75417,-6.57761],[-37.75211,-6.57224],[-37.74113,-6.57642],[-37.73888,-6.57355],[-37.74081,-6.56878],[-37.73563,-6.56354],[-37.73133,-6.56468],[-37.72877,-6.5725],[-37.72465,-6.57595],[-37.71797,-6.57423],[-37.71603,-6.57219],[-37.719,-6.56741],[-37.72465,-6.56588],[-37.72643,-6.56332],[-37.72533,-6.56109],[-37.72053,-6.55987]]]}},{"type":"Feature","properties":{"cota":200,"indice":false},"geometry":{"type":"LineString","coordinates":[[-37.6086,-6.59464],[-37.60658,-6.5947],[-37.60583,-6.59947],[-37.60723,-6.60621],[-37.60242,-6.60312],[-37.599,-6.60561],[-37.5991,-6.61039],[-37.60242,-6.61304],[-37.6029,-6.61789],[-37.60517,-6.61924],[-37.60871,-6.61721],[-37.60628,-6.61311],[-37.60723,-6.61154],[-37.61272,-6.61213],[-37.61775,-6.60902],[-37.61027,-6.6022],[-37.6086,-6.59464]]}},{"type":"Feature","properties":{"cota":300,"indice":false},"geometry":{"type":"LineString","coordinates":[[-37.70611,-6.59381],[-37.70319,-6.5947],[-37.70366,-6.60084],[-37.7116,-6.60401],[-37.71166,-6.59947],[-37.70611,-6.59381]]}},{"type":"Feature","properties":{"cota":500,"indice":true},"geometry":{"type":"LineString","coordinates":[[-37.75486,-6.58828],[-37.74779,-6.59265],[-37.74917,-6.59674],[-37.75514,-6.59743],[-37.75903,-6.59401],[-37.75937,-6.59197],[-37.75486,-6.58828]]}},{"type":"Feature","properties":{"cota":300,"indice":false},"geometry":{"type":"LineString","coordinates":[[-37.68757,-6.58991],[-37.6853,-6.59197],[-37.68606,-6.59401],[-37.68863,-6.59197],[-37.68757,-6.58991]]}},{"type":"Feature","properties":{"cota":300,"indice":false},"geometry":{"type":"LineString","coordinates":[[-37.71503,-6.5876],[-37.71073,-6.58788],[-37.70936,-6.59129],[-37.71487,-6.58992],[-37.71503,-6.5876]]}},{"type":"Feature","properties":{"cota":300,"indice":false},"geometry":{"type":"LineString","coordinates":[[-37.05379,-6.86317],[-37.04795,-6.86542],[-37.05036,-6.87558],[-37.056,-6.87292],[-37.05379,-6.86317]]}},{"type":"Feature","properties":{"cota":400,"indice":false},"geometry":{"type":"LineString","coordinates":[[-36.97414,-6.85638],[-36.97148,-6.85928],[-36.97483,-6.86276],[-36.97565,-6.85792],[-36.97414,-6.85638]]}},{"type":"Feature","properties":{"cota":400,"indice":false},"geometry":{"type":"LineString","coordinates":[[-37.00848,-6.85447],[-37.00149,-6.85587],[-37.00092,-6.85792],[-37.00298,-6.86005],[-37.00916,-6.8607],[-37.01225,-6.85724],[-37.00848,-6.85447]]}},{"type":"Feature","properties":{"cota":500,"indice":true},"geometry":{"type":"LineString","coordinates":[[-37.06684,-6.8469],[-37.06378,-6.84769],[-37.06821,-6.85499],[-37.07302,-6.85864],[-37.07645,-6.85895],[-37.07233,-6.85085],[-37.06684,-6.8469]]}},{"type":"Feature","properties":{"cota":300,"indice":false},"geometry":{"type":"LineString","coordinates":[[-37.11422,-6.84288],[-37.11523,-6.84701],[-37.11971,-6.84906],[-37.11903,-6.84549],[-37.11422,-6.84288]]}},{"type":"Feature","properties":{"cota":400,"indice":false},"geometry":{"type":"LineString","coordinates":[[-37.03594,-6.8272],[-37.0352,-6.82928],[-37.0416,-6.83678],[-37.06066,-6.84825],[-37.07165,-6.86017],[-37.07942,-6.86133],[-37.07932,-6.85724],[-37.07027,-6.84621],[-37.06135,-6.84252],[-37.05036,-6.83463],[-37.03869,-6.83017],[-37.03594,-6.8272]]}},{"type":"Feature","properties":{"cota":300,"indice":false},"geometry":{"type":"LineString","coordinates":[[-37.12933,-6.8149],[-37.12859,-6.81701],[-37.13276,-6.81926],[-37.12933,-6.8149]]}},{"type":"Feature","properties":{"cota":400,"indice":false},"geometry":{"type":"LineString","coordinates":[[-37.07577,-6.79372],[-37.07336,-6.79451],[-37.07511,-6.80201],[-37.09225,-6.82083],[-37.10284,-6.82928],[-37.09998,-6.82042],[-37.10735,-6.82253],[-37.10667,-6.81813],[-37.09774,-6.81344],[-37.09362,-6.80582],[-37.07577,-6.79372]]}},{"type":"Feature","properties":{"cota":300,"indice":false},"geometry":{"type":"LineString","coordinates":[[-37.05379,-6.77807],[-37.05249,-6.78088],[-37.05677,-6.78906],[-37.06955,-6.7986],[-37.07222,-6.80542],[-37.07233,-6.8146],[-37.07851,-6.81478],[-37.0764,-6.81838],[-37.07714,-6.8208],[-37.0863,-6.82042],[-37.10598,-6.83695],[-37.10804,-6.82856],[-37.11559,-6.83737],[-37.11834,-6.83792],[-37.11102,-6.82588],[-37.10873,-6.8061],[-37.09843,-6.80633],[-37.08057,-6.79263],[-37.07577,-6.78672],[-37.06341,-6.78505],[-37.05379,-6.77807]]}},{"type":"Feature","properties":{"cota":300,"indice":false},"geometry":{"type":"LineString","coordinates":[[-37.01397,-6.80055],[-37.01033,-6.80269],[-37.00821,-6.80678],[-37.00916,-6.80827],[-37.01328,-6.80476],[-37.01397,-6.80055]]}},{"type":"Feature","properties":{"cota":400,"indice":false},"geometry":{"type":"LineString","coordinates":[[-36.86703,-6.85103],[-36.85879,-6.8511],[-36.85716,-6.85383],[-36.86048,-6.86269],[-36.86634,-6.86802],[-36.87457,-6.86269],[-36.86703,-6.85103]]}},{"type":"Feature","properties":{"cota":500,"indice":true},"geometry":{"type":"LineString","coordinates":[[-36.86565,-6.8535],[-36.86044,-6.85519],[-36.86348,-6.86201],[-36.86703,-6.86441],[-36.86916,-6.86064],[-36.86565,-6.8535]]}},{"type":"Feature","properties":{"cota":300,"indice":false},"geometry":{"type":"LineString","coordinates":[[-36.95835,-6.84079],[-36.95972,-6.84527],[-36.95835,-6.84079]]}},{"type":"Feature","properties":{"cota":600,"indice":false},"geometry":{"type":"MultiLineString","coordinates":[[[-36.79562,-6.8045],[-36.79341,-6.80542],[-36.79504,-6.81088],[-36.79218,-6.81597],[-36.78532,-6.81898],[-36.77776,-6.81561],[-36.77708,-6.81074],[-36.77138,-6.80844]],[[-36.77067,-6.81989],[-36.77845,-6.81959],[-36.77985,-6.82997],[-36.7856,-6.83269],[-36.79127,-6.83951],[-36.79014,-6.84292],[-36.79287,-6.85037],[-36.79562,-6.84842],[-36.8018,-6.84881],[-36.80065,-6.84224],[-36.79448,-6.83883],[-36.79475,-6.82724],[-36.80701,-6.81633],[-36.80111,-6.81396],[-36.79562,-6.8045]]]}},{"type":"Feature","properties":{"cota":500,"indice":true},"geometry":{"type":"LineString","coordinates":[[-36.81828,-6.81013],[-36.81607,-6.81224],[-36.82034,-6.81652],[-36.8226,-6.81292],[-36.81828,-6.81013]]}},{"type":"Feature","properties":{"cota":300,"indice":false},"geometry":{"type":"LineString","coordinates":[[-36.93707,-6.80399],[-36.93707,-6.8069],[-36.93844,-6.80542],[-36.93707,-6.80399]]}},{"type":"Feature","properties":{"cota":300,"indice":false},"geometry":{"type":"LineString","coordinates":[[-36.9096,-6.77119],[-36.90823,-6.77487],[-36.9096,-6.77119]]}},{"type":"Feature","properties":{"cota":300,"indice":false},"geometry":{"type":"LineString","coordinates":[[-36.90445,-6.75471],[-36.90754,-6.75868],[-36.9131,-6.75858]]}},{"type":"Feature","properties":{"cota":200,"indice":false},"geometry":{"type":"LineString","coordinates":[[-37.38826,-6.70051],[-37.38888,-6.70463],[-37.39126,-6.70047]]}},{"type":"Feature","properties":{"cota":500,"indice":true},"geometry":{"type":"LineString","coordinates":[[-37.08057,-6.80191],[-37.08195,-6.80454],[-37.08057,-6.80191]]}},{"type":"Feature","properties":{"cota":300,"indice":false},"geometry":{"type":"LineString","coordinates":[[-37.10598,-6.78606],[-37.10392,-6.78624],[-37.1036,-6.78838],[-37.10695,-6.80133],[-37.12315,-6.81057],[-37.12315,-6.80552],[-37.11834,-6.80168],[-37.11285,-6.79167],[-37.10598,-6.78606]]}},{"type":"Feature","properties":{"cota":300,"indice":false},"geometry":{"type":"LineString","coordinates":[[-36.97689,-6.78357],[-36.97521,-6.78565],[-36.97552,-6.78996],[-36.97689,-6.78357]]}},{"type":"Feature","properties":{"cota":300,"indice":false},"geometry":{"type":"LineString","coordinates":[[-36.98617,-6.71203],[-36.99091,-6.71541],[-36.99023,-6.70951]]}},{"type":"Feature","properties":{"cota":300,"indice":false},"geometry":{"type":"LineString","coordinates":[[-36.9957,-6.70796],[-37.00161,-6.71287],[-37.00545,-6.71109]]}},{"type":"Feature","properties":{"cota":300,"indice":false},"geometry":{"type":"LineString","coordinates":[[-36.83118,-6.73453],[-36.83886,-6.73229]]}},{"type":"Feature","properties":{"cota":200,"indice":false},"geometry":{"type":"MultiLineString","coordinates":[[[-37.56237,-6.16279],[-37.57496,-6.16046],[-37.57495,-6.16616],[-37.5772,-6.16889],[-37.58251,-6.17162],[-37.58676,-6.1682],[-37.59007,-6.17593],[-37.59212,-6.17507],[-37.5945,-6.16918]],[[-37.59868,-6.17182],[-37.59899,-6.17869],[-37.60174,-6.176],[-37.61111,-6.17913],[-37.60503,-6.18322],[-37.60517,-6.18683],[-37.60998,-6.18765],[-37.61616,-6.18426],[-37.61959,-6.18616],[-37.62083,-6.19278],[-37.61592,-6.19824],[-37.61822,-6.20215],[-37.62147,-6.20029],[-37.62714,-6.20068],[-37.62812,-6.20848],[-37.62508,-6.21208],[-37.62165,-6.20753],[-37.61822,-6.20695],[-37.61547,-6.21385],[-37.60998,-6.20837],[-37.60654,-6.20944],[-37.60311,-6.20593],[-37.59624,-6.20821],[-37.58801,-6.20689],[-37.58953,-6.21189],[-37.59827,-6.21326],[-37.5962,-6.21735],[-37.60184,-6.22077],[-37.602,-6.2235],[-37.59693,-6.22491],[-37.58938,-6.22207],[-37.58526,-6.22278],[-37.57839,-6.22538],[-37.57663,-6.22964],[-37.5725,-6.23237],[-37.58114,-6.23164],[-37.59693,-6.23586],[-37.59777,-6.23783],[-37.59494,-6.23988],[-37.59497,-6.24261],[-37.59112,-6.24534],[-37.59556,-6.24954],[-37.60045,-6.24875],[-37.6038,-6.25249],[-37.60737,-6.25217],[-37.61562,-6.24397],[-37.62141,-6.24397],[-37.61866,-6.2467],[-37.61753,-6.25365],[-37.60635,-6.25967],[-37.60517,-6.2649],[-37.5983,-6.26583],[-37.59007,-6.2635],[-37.59704,-6.27469],[-37.60311,-6.27992],[-37.6074,-6.28083],[-37.60725,-6.28288],[-37.6038,-6.2842],[-37.60105,-6.2822],[-37.59281,-6.28157],[-37.58801,-6.27617],[-37.58389,-6.27815],[-37.58183,-6.27191],[-37.5729,-6.26315],[-37.57354,-6.25694],[-37.56878,-6.25625],[-37.56107,-6.25899],[-37.56853,-6.2624],[-37.57015,-6.2699],[-37.56603,-6.26805],[-37.56191,-6.2688],[-37.56107,-6.26991],[-37.56514,-6.27469],[-37.55779,-6.27535],[-37.55679,-6.27742],[-37.55982,-6.2822],[-37.56878,-6.28524],[-37.57084,-6.28877],[-37.57804,-6.29175],[-37.56883,-6.2938],[-37.56809,-6.29634],[-37.56424,-6.2979],[-37.56455,-6.30131],[-37.56123,-6.30496],[-37.55711,-6.30364],[-37.55299,-6.29701],[-37.54875,-6.2979],[-37.54788,-6.29312],[-37.53719,-6.2835],[-37.53307,-6.28409],[-37.5317,-6.28854],[-37.52415,-6.284],[-37.51845,-6.28629],[-37.51585,-6.28356],[-37.51752,-6.28015],[-37.51591,-6.27793],[-37.50561,-6.28281],[-37.50371,-6.27264],[-37.50149,-6.27125],[-37.49923,-6.27674],[-37.50428,-6.28356],[-37.49576,-6.2897],[-37.49805,-6.29275],[-37.50286,-6.29087],[-37.50573,-6.29312],[-37.51797,-6.29503],[-37.52003,-6.30216],[-37.52415,-6.29761],[-37.53033,-6.29903],[-37.53994,-6.29742],[-37.54257,-6.29994],[-37.54337,-6.30762],[-37.54952,-6.30881],[-37.54633,-6.31632],[-37.5567,-6.3211],[-37.5626,-6.31994],[-37.57084,-6.31181],[-37.575,-6.31154],[-37.57291,-6.317],[-37.57977,-6.31651],[-37.58241,-6.31973],[-37.57977,-6.32268],[-37.57599,-6.32246],[-37.57591,-6.32451],[-37.58526,-6.3289],[-37.59007,-6.3281],[-37.59092,-6.32997],[-37.58732,-6.33441],[-37.57908,-6.33104],[-37.57496,-6.33513],[-37.56947,-6.33492],[-37.5711,-6.33884],[-37.56957,-6.34362],[-37.581,-6.34635],[-37.58663,-6.35065],[-37.59212,-6.35148],[-37.59624,-6.35531],[-37.59624,-6.35727],[-37.59281,-6.35373],[-37.58935,-6.35386],[-37.58903,-6.3559],[-37.59249,-6.35795],[-37.59144,-6.36063],[-37.58663,-6.36009],[-37.58045,-6.35607],[-37.57676,-6.35795],[-37.57754,-6.36205],[-37.58801,-6.37236],[-37.59485,-6.37433],[-37.59007,-6.37623],[-37.58732,-6.37338],[-37.58389,-6.37397],[-37.57496,-6.37094],[-37.57354,-6.36751],[-37.56697,-6.36205],[-37.56191,-6.36087],[-37.55985,-6.36237],[-37.5523,-6.35357],[-37.54861,-6.35317],[-37.54521,-6.34976],[-37.542,-6.34377],[-37.53925,-6.34952],[-37.53585,-6.34908],[-37.53239,-6.34581],[-37.52483,-6.35053],[-37.51865,-6.347],[-37.51788,-6.34226],[-37.51355,-6.34021],[-37.5111,-6.33586],[-37.50923,-6.34294],[-37.51005,-6.34703],[-37.50698,-6.3492],[-37.50217,-6.34977],[-37.49668,-6.34772],[-37.48707,-6.33998],[-37.4802,-6.34117],[-37.47685,-6.34567],[-37.48364,-6.35181],[-37.46716,-6.35876],[-37.46542,-6.36341],[-37.46716,-6.36574],[-37.47362,-6.36751],[-37.46853,-6.37231],[-37.47608,-6.37415],[-37.4802,-6.3691],[-37.49124,-6.37024],[-37.49173,-6.37365],[-37.48913,-6.37954],[-37.48478,-6.3832],[-37.48569,-6.38452],[-37.49325,-6.38134],[-37.49617,-6.37296],[-37.50208,-6.37433],[-37.50076,-6.37842],[-37.5032,-6.38115],[-37.49764,-6.38934],[-37.50066,-6.39344],[-37.50149,-6.40082],[-37.50629,-6.4001],[-37.51385,-6.38725],[-37.51728,-6.38812],[-37.51621,-6.39275],[-37.5214,-6.39779],[-37.52758,-6.39895],[-37.53101,-6.39687],[-37.53101,-6.4006],[-37.51869,-6.40913],[-37.52827,-6.41088],[-37.54524,-6.4105],[-37.54543,-6.41901],[-37.53445,-6.41593],[-37.53229,-6.4221],[-37.53307,-6.42519],[-37.54132,-6.4296],[-37.54337,-6.43686],[-37.55198,-6.43847],[-37.55268,-6.44393],[-37.55642,-6.44609],[-37.55779,-6.45122],[-37.56741,-6.44875],[-37.56994,-6.4528],[-37.56892,-6.45621],[-37.57153,-6.45797],[-37.57626,-6.45758],[-37.57854,-6.45212],[-37.5832,-6.449],[-37.5835,-6.44325],[-37.58801,-6.43954],[-37.5966,-6.44188],[-37.59144,-6.4449],[-37.58769,-6.45212],[-37.59693,-6.45933],[-37.60448,-6.45268],[-37.60792,-6.45326],[-37.61135,-6.44946],[-37.618,-6.44802],[-37.6189,-6.44438],[-37.62577,-6.44836],[-37.63126,-6.44383],[-37.64088,-6.44411],[-37.64554,-6.43438],[-37.64961,-6.43097],[-37.64912,-6.42129],[-37.65049,-6.42059],[-37.65405,-6.42414],[-37.65439,-6.4296],[-37.65032,-6.43711],[-37.65541,-6.44052],[-37.64872,-6.44529],[-37.64973,-6.44939],[-37.64843,-6.45132],[-37.64362,-6.45245],[-37.64019,-6.45576],[-37.6374,-6.45485],[-37.63607,-6.45164],[-37.63332,-6.45519],[-37.62508,-6.45297],[-37.61936,-6.45621],[-37.61959,-6.4593],[-37.61592,-6.46099],[-37.61348,-6.46508],[-37.61897,-6.46576],[-37.6244,-6.46939],[-37.63202,-6.46235],[-37.62955,-6.47327],[-37.63323,-6.47668],[-37.62852,-6.48206],[-37.62508,-6.48164],[-37.62384,-6.4835],[-37.62498,-6.48896],[-37.63273,-6.49305],[-37.62835,-6.49442],[-37.62887,-6.49919],[-37.63126,-6.50161],[-37.63607,-6.5017],[-37.63724,-6.50397],[-37.63203,-6.51761],[-37.62848,-6.5142],[-37.62714,-6.50885],[-37.62028,-6.51042],[-37.61743,-6.50602],[-37.61698,-6.50056],[-37.61341,-6.49586],[-37.61242,-6.50397],[-37.61551,-6.50806],[-37.6141,-6.51053],[-37.60407,-6.50465],[-37.60242,-6.49908],[-37.59968,-6.50424],[-37.58457,-6.50056],[-37.58658,-6.50738],[-37.58526,-6.51061],[-37.57771,-6.50112],[-37.57427,-6.50241],[-37.57238,-6.50602],[-37.57315,-6.51761],[-37.57839,-6.52414],[-37.58457,-6.52603],[-37.58801,-6.53084],[-37.59556,-6.53362],[-37.60311,-6.5401],[-37.6103,-6.54013],[-37.61273,-6.54422],[-37.62234,-6.55162],[-37.62783,-6.5534],[-37.62989,-6.54965],[-37.63401,-6.5527],[-37.63813,-6.55191],[-37.64088,-6.55453],[-37.65049,-6.55551],[-37.65324,-6.56124],[-37.65873,-6.56054],[-37.65873,-6.55419],[-37.65133,-6.55309],[-37.65383,-6.54558],[-37.65186,-6.52685],[-37.65461,-6.52512],[-37.6601,-6.52872],[-37.66249,-6.52102],[-37.66713,-6.5183],[-37.66566,-6.50874],[-37.67178,-6.48879],[-37.6744,-6.49305],[-37.67239,-6.49988],[-37.67452,-6.50298],[-37.67727,-6.50094],[-37.68208,-6.5019],[-37.68482,-6.49938],[-37.69581,-6.4959],[-37.69688,-6.49919],[-37.69332,-6.50192],[-37.69248,-6.50806],[-37.68963,-6.51119],[-37.69444,-6.5117],[-37.6965,-6.50708],[-37.70267,-6.50793],[-37.70885,-6.50269],[-37.70477,-6.51693],[-37.69589,-6.52102],[-37.69564,-6.52716],[-37.69032,-6.53277],[-37.69924,-6.53576],[-37.71915,-6.53831],[-37.73174,-6.54285],[-37.70954,-6.54312],[-37.70611,-6.54819],[-37.70405,-6.54381],[-37.69924,-6.54168],[-37.69444,-6.54392],[-37.67223,-6.54627],[-37.67315,-6.55274],[-37.67837,-6.55172],[-37.68373,-6.55513],[-37.67933,-6.55836],[-37.67821,-6.56196],[-37.68219,-6.56537],[-37.68228,-6.56878],[-37.67408,-6.57355],[-37.67384,-6.57686],[-37.6656,-6.57189],[-37.65324,-6.57551],[-37.64843,-6.57126],[-37.64571,-6.57219],[-37.65198,-6.58378],[-37.65598,-6.58592],[-37.65873,-6.59029],[-37.66512,-6.59333],[-37.66491,-6.59552],[-37.6553,-6.59187],[-37.64912,-6.59227],[-37.64671,-6.59879],[-37.64777,-6.60084],[-37.65255,-6.60129],[-37.6542,-6.60493],[-37.66128,-6.6097],[-37.66206,-6.61516],[-37.66548,-6.61721],[-37.66614,-6.62062],[-37.66422,-6.62286],[-37.65731,-6.62471],[-37.65598,-6.62939],[-37.64245,-6.62675],[-37.6553,-6.63121],[-37.66747,-6.63903],[-37.66491,-6.64139],[-37.65334,-6.64108],[-37.65667,-6.64358],[-37.66216,-6.64385],[-37.6656,-6.64892],[-37.6704,-6.64795],[-37.67658,-6.65254],[-37.68345,-6.64532],[-37.68894,-6.6517],[-37.69306,-6.65342],[-37.6969,-6.65199],[-37.69301,-6.64108],[-37.69787,-6.63665],[-37.69786,-6.63085],[-37.70061,-6.62888],[-37.70224,-6.63289],[-37.70131,-6.63835],[-37.70542,-6.64127],[-37.70885,-6.6355],[-37.71665,-6.63699],[-37.71509,-6.62948],[-37.71641,-6.6279],[-37.72121,-6.6325],[-37.72726,-6.63153],[-37.72449,-6.6363],[-37.72576,-6.63903],[-37.72945,-6.63868],[-37.73146,-6.63358],[-37.73495,-6.63313],[-37.73657,-6.63562],[-37.73289,-6.64429],[-37.71915,-6.66358],[-37.72877,-6.67005],[-37.73357,-6.67059],[-37.7405,-6.66768],[-37.74058,-6.67109],[-37.73714,-6.6745],[-37.73975,-6.6773],[-37.75486,-6.68072],[-37.75761,-6.67983],[-37.76035,-6.67449],[-37.76801,-6.68132],[-37.76791,-6.6843],[-37.76173,-6.68554],[-37.75341,-6.697],[-37.75336,-6.69837],[-37.75844,-6.69973],[-37.75536,-6.7045],[-37.75692,-6.70743],[-37.76133,-6.70655],[-37.76133,-6.70382],[-37.76379,-6.70269],[-37.76997,-6.70693],[-37.77683,-6.70525],[-37.77976,-6.71064],[-37.7837,-6.70946],[-37.78851,-6.71116],[-37.78919,-6.70728],[-37.78348,-6.70246],[-37.78576,-6.69806],[-37.78971,-6.69564],[-37.78713,-6.68788],[-37.794,-6.68922],[-37.79743,-6.69199],[-37.80293,-6.68578],[-37.80627,-6.69223],[-37.813,-6.69086],[-37.81033,-6.69359],[-37.80969,-6.69768],[-37.7974,-6.70519],[-37.80117,-6.71132],[-37.79435,-6.7161],[-37.80722,-6.71473],[-37.80722,-6.71814],[-37.81185,-6.71957],[-37.81322,-6.72759],[-37.81872,-6.72834],[-37.82146,-6.73103],[-37.83932,-6.73019],[-37.84138,-6.73375],[-37.8455,-6.73464],[-37.84756,-6.73787],[-37.85305,-6.74042],[-37.86129,-6.72854],[-37.86404,-6.72818],[-37.86401,-6.7311],[-37.85898,-6.73792],[-37.85848,-6.74269],[-37.8661,-6.74444],[-37.87502,-6.75077],[-37.88052,-6.74935],[-37.88464,-6.75837],[-37.88052,-6.76236],[-37.89082,-6.76487],[-37.89288,-6.76171],[-37.9018,-6.76015],[-37.90959,-6.75565],[-37.92289,-6.76315],[-37.91897,-6.77504],[-37.93064,-6.77035],[-37.93613,-6.77527],[-37.94849,-6.77766],[-37.95536,-6.79089],[-37.97184,-6.79923],[-37.97939,-6.80891],[-37.98077,-6.8139],[-37.99175,-6.82073],[-37.99793,-6.81684],[-37.99656,-6.82247],[-38.0081,-6.82383],[-38.01373,-6.82666],[-38.02059,-6.82486],[-38.02265,-6.82228],[-38.02883,-6.82254],[-38.0405,-6.81561],[-38.04394,-6.82132],[-38.04806,-6.8213],[-38.05492,-6.82569],[-38.05876,-6.82519],[-38.06165,-6.82042],[-38.06164,-6.82656],[-38.05973,-6.82848],[-38.05149,-6.8275],[-38.04874,-6.82497],[-38.04188,-6.82551],[-38.0405,-6.82316],[-38.03432,-6.82197],[-38.03158,-6.82592],[-38.01178,-6.83065],[-38.00961,-6.8336],[-38.00549,-6.82957],[-37.9945,-6.83096],[-37.99107,-6.8293],[-37.98832,-6.83434],[-37.98145,-6.82756],[-37.96772,-6.82662],[-37.96174,-6.81769],[-37.95742,-6.8159],[-37.95536,-6.81905],[-37.94025,-6.81825],[-37.94096,-6.82519],[-37.94769,-6.82928],[-37.943,-6.83266],[-37.93957,-6.82721],[-37.9327,-6.8243],[-37.93407,-6.83693],[-37.93064,-6.82987],[-37.92515,-6.82954],[-37.9228,-6.83337],[-37.91622,-6.83213],[-37.91521,-6.8286],[-37.92103,-6.82825],[-37.92995,-6.8235],[-37.93216,-6.82042],[-37.92995,-6.81409],[-37.92034,-6.80514],[-37.91553,-6.80786],[-37.91316,-6.8061],[-37.91401,-6.80269],[-37.90936,-6.79791],[-37.9018,-6.79583],[-37.89942,-6.80678],[-37.89494,-6.80902],[-37.89221,-6.80542],[-37.8941,-6.79929],[-37.8867,-6.79973],[-37.88892,-6.79588],[-37.88807,-6.7939],[-37.88258,-6.79748],[-37.87983,-6.79172],[-37.87708,-6.79613],[-37.87365,-6.79736],[-37.87185,-6.79383],[-37.87478,-6.7911],[-37.87434,-6.78789],[-37.8709,-6.78635],[-37.86904,-6.78974],[-37.86669,-6.78974],[-37.8667,-6.7836],[-37.86129,-6.78034],[-37.85236,-6.78136],[-37.85033,-6.78906],[-37.8455,-6.78968],[-37.84001,-6.77951],[-37.8455,-6.77128],[-37.83794,-6.76928],[-37.8397,-6.76587],[-37.83863,-6.76351],[-37.83588,-6.76183],[-37.83127,-6.76315],[-37.83129,-6.75769],[-37.82833,-6.75426],[-37.8146,-6.74693],[-37.8167,-6.75428],[-37.81419,-6.75701],[-37.81572,-6.76383],[-37.81437,-6.7686],[-37.8194,-6.77009],[-37.82124,-6.77474],[-37.83202,-6.78156],[-37.83203,-6.78428],[-37.82464,-6.78906],[-37.82764,-6.79293],[-37.83314,-6.79205],[-37.83813,-6.79724],[-37.83849,-6.79929],[-37.83551,-6.80201],[-37.83523,-6.80747],[-37.84138,-6.80611],[-37.84407,-6.80815],[-37.842,-6.8136],[-37.84412,-6.81708],[-37.8352,-6.81348],[-37.833,-6.81428],[-37.83386,-6.81633],[-37.84962,-6.8301],[-37.8611,-6.84496],[-37.85905,-6.84974],[-37.85648,-6.84983],[-37.85296,-6.84769],[-37.8534,-6.84292],[-37.8503,-6.84121],[-37.8455,-6.85227],[-37.83794,-6.85225],[-37.83824,-6.86201],[-37.853,-6.86746],[-37.84896,-6.87087],[-37.85342,-6.8736],[-37.85374,-6.87893],[-37.85791,-6.87973],[-37.85578,-6.88655],[-37.85729,-6.88996],[-37.85599,-6.89541],[-37.85786,-6.89853],[-37.8606,-6.9001],[-37.87434,-6.89926],[-37.8792,-6.90086],[-37.87932,-6.90291],[-37.87663,-6.90427],[-37.87962,-6.9145],[-37.87777,-6.92015],[-37.87564,-6.90973],[-37.8709,-6.90303],[-37.85648,-6.90393],[-37.85374,-6.90176],[-37.85097,-6.89609],[-37.8525,-6.88928],[-37.84687,-6.87727],[-37.84275,-6.87682],[-37.83795,-6.88178],[-37.83998,-6.87905],[-37.83913,-6.8736],[-37.83406,-6.87087],[-37.83527,-6.86814],[-37.8301,-6.86473],[-37.8298,-6.85655],[-37.82057,-6.85792],[-37.82187,-6.85451],[-37.81946,-6.84701],[-37.83245,-6.84129],[-37.83536,-6.83678],[-37.83061,-6.83269],[-37.83108,-6.82683],[-37.82586,-6.81701],[-37.82284,-6.81721],[-37.82232,-6.82247],[-37.81811,-6.82451],[-37.82201,-6.82724],[-37.82146,-6.83054],[-37.81597,-6.83036],[-37.81697,-6.82724],[-37.81254,-6.82077],[-37.8091,-6.82498],[-37.80693,-6.82178],[-37.80361,-6.82221],[-37.79385,-6.83269],[-37.79553,-6.82383],[-37.80155,-6.8209],[-37.80251,-6.81838],[-37.79212,-6.81497],[-37.80567,-6.80953],[-37.81258,-6.81224],[-37.81403,-6.81088],[-37.81177,-6.80815],[-37.81322,-6.80655],[-37.8219,-6.80747],[-37.81254,-6.79967],[-37.79478,-6.79315],[-37.79881,-6.78638],[-37.794,-6.78292],[-37.78988,-6.78419],[-37.78884,-6.78292],[-37.79081,-6.77678],[-37.79615,-6.7761],[-37.79743,-6.77302],[-37.794,-6.76845],[-37.78671,-6.76792],[-37.78335,-6.76451],[-37.78713,-6.76276],[-37.78988,-6.75752],[-37.79331,-6.75628],[-37.80087,-6.75906],[-37.8051,-6.75496],[-37.80099,-6.75156],[-37.79949,-6.73986],[-37.78861,-6.73928],[-37.78645,-6.73061],[-37.78301,-6.73415],[-37.77889,-6.73517],[-37.77794,-6.72837],[-37.77203,-6.72651],[-37.76951,-6.7311],[-37.77418,-6.73383],[-37.7758,-6.73792],[-37.77203,-6.73865],[-37.77416,-6.7461],[-37.76843,-6.75156],[-37.76898,-6.75837],[-37.76447,-6.75726],[-37.75843,-6.7611],[-37.75839,-6.76383],[-37.76202,-6.76656],[-37.76104,-6.76824],[-37.75211,-6.76681],[-37.74998,-6.76451],[-37.75399,-6.7611],[-37.75193,-6.75224],[-37.75527,-6.74815],[-37.75545,-6.74133],[-37.75143,-6.73782],[-37.74525,-6.73782],[-37.74179,-6.73996],[-37.74075,-6.73383],[-37.74499,-6.73042],[-37.73978,-6.72769],[-37.74113,-6.72554],[-37.74456,-6.72558],[-37.74456,-6.72362],[-37.74044,-6.72466],[-37.73563,-6.72045],[-37.73042,-6.72496],[-37.72959,-6.71746],[-37.72526,-6.71405],[-37.72783,-6.70859],[-37.726,-6.70178],[-37.71847,-6.7016],[-37.71804,-6.69564],[-37.71366,-6.69262],[-37.71002,-6.69496],[-37.71104,-6.70041],[-37.70466,-6.70246],[-37.70801,-6.70996],[-37.70542,-6.71345],[-37.70267,-6.71069],[-37.70057,-6.71269],[-37.70061,-6.71639],[-37.69581,-6.71462],[-37.691,-6.71621],[-37.68894,-6.70927],[-37.6966,-6.70723],[-37.69877,-6.697],[-37.69581,-6.69274],[-37.69026,-6.69086],[-37.68619,-6.68541],[-37.6872,-6.68132],[-37.68316,-6.67859],[-37.68114,-6.67381],[-37.67315,-6.66949],[-37.6796,-6.67927],[-37.6759,-6.6831],[-37.66628,-6.6736],[-37.66196,-6.67586],[-37.67065,-6.69291],[-37.66766,-6.6951],[-37.6601,-6.68986],[-37.65392,-6.68945],[-37.6526,-6.69155],[-37.65947,-6.69905],[-37.65918,-6.70382],[-37.66476,-6.70928],[-37.66628,-6.71531],[-37.66903,-6.71712],[-37.67384,-6.71541],[-37.67203,-6.72292],[-37.67698,-6.72633],[-37.67452,-6.73058],[-37.67179,-6.73042],[-37.66972,-6.72567],[-37.66697,-6.72413],[-37.66422,-6.72406],[-37.66414,-6.72701],[-37.68083,-6.74678],[-37.67452,-6.75276],[-37.67178,-6.74786],[-37.66365,-6.7461],[-37.65736,-6.73999],[-37.65566,-6.74405],[-37.65986,-6.75224],[-37.65804,-6.75573],[-37.64843,-6.7535],[-37.64568,-6.74996],[-37.64294,-6.74988],[-37.63111,-6.75974],[-37.63094,-6.76383],[-37.63452,-6.76792],[-37.63356,-6.77201],[-37.63058,-6.77165],[-37.63038,-6.76519],[-37.62645,-6.76315],[-37.62714,-6.7582],[-37.63028,-6.75428],[-37.62989,-6.74788],[-37.6347,-6.74967],[-37.63813,-6.74481],[-37.64248,-6.74337],[-37.6432,-6.73928],[-37.63869,-6.73042],[-37.65571,-6.71405],[-37.65461,-6.70829],[-37.65049,-6.70656],[-37.64568,-6.71364],[-37.63607,-6.71628],[-37.63672,-6.71132],[-37.63949,-6.70791],[-37.63392,-6.70109],[-37.62852,-6.70067],[-37.62165,-6.70587],[-37.61853,-6.70382],[-37.62276,-6.70178],[-37.62389,-6.69564],[-37.61952,-6.69018],[-37.62577,-6.69055],[-37.63454,-6.68745],[-37.63058,-6.68404],[-37.63422,-6.68063],[-37.63193,-6.67722],[-37.63619,-6.6745],[-37.63687,-6.66836],[-37.64163,-6.66427],[-37.63941,-6.65608],[-37.6347,-6.65656],[-37.6292,-6.66778],[-37.62577,-6.66062],[-37.62096,-6.66304],[-37.62165,-6.65631],[-37.6189,-6.65798],[-37.61457,-6.6554],[-37.61709,-6.65131],[-37.61547,-6.64945],[-37.61135,-6.6512],[-37.60654,-6.64877],[-37.60311,-6.65233],[-37.5983,-6.65205],[-37.59036,-6.64585],[-37.58701,-6.63971],[-37.59035,-6.63426],[-37.58938,-6.63074],[-37.58663,-6.62909],[-37.57555,-6.63494],[-37.57508,-6.64244],[-37.57274,-6.64449],[-37.57693,-6.64858],[-37.57232,-6.65131],[-37.57528,-6.65608],[-37.57221,-6.66328],[-37.56741,-6.65987],[-37.56603,-6.66535],[-37.55642,-6.67163],[-37.55376,-6.66563],[-37.55779,-6.66315],[-37.55779,-6.65863],[-37.56191,-6.65782],[-37.56439,-6.65199],[-37.55917,-6.64543],[-37.55157,-6.6479],[-37.55792,-6.63426],[-37.5559,-6.62812],[-37.56672,-6.62929],[-37.56964,-6.62471],[-37.56641,-6.6213],[-37.57228,-6.61311],[-37.55573,-6.6128],[-37.55779,-6.60903],[-37.56209,-6.60766],[-37.56152,-6.60356],[-37.56689,-6.60288],[-37.56672,-6.59958],[-37.56229,-6.59538],[-37.55779,-6.59563],[-37.55367,-6.59276],[-37.54918,-6.59538],[-37.54612,-6.6002],[-37.542,-6.59999],[-37.5355,-6.59333],[-37.54154,-6.58788],[-37.54146,-6.58515],[-37.53719,-6.58164],[-37.53239,-6.58241],[-37.52827,-6.57955],[-37.52665,-6.58515],[-37.52949,-6.58856],[-37.52885,-6.59197],[-37.53073,-6.59538],[-37.52928,-6.60015],[-37.53037,-6.60288],[-37.5285,-6.60561],[-37.53123,-6.61107],[-37.52827,-6.61261],[-37.5272,-6.61584],[-37.52808,-6.62266],[-37.52003,-6.63264],[-37.51871,-6.63699],[-37.52232,-6.64449],[-37.51785,-6.64722],[-37.51659,-6.65622],[-37.50835,-6.65349],[-37.50793,-6.64926],[-37.5113,-6.64585],[-37.5111,-6.6429],[-37.50355,-6.63904],[-37.49805,-6.64243],[-37.49248,-6.63494],[-37.49393,-6.63357],[-37.49874,-6.63444],[-37.50011,-6.63146],[-37.50492,-6.63088],[-37.5091,-6.62403],[-37.50633,-6.6213],[-37.51073,-6.61584],[-37.50886,-6.60766],[-37.50137,-6.60629],[-37.50814,-6.60084],[-37.50725,-6.59333],[-37.50355,-6.59241],[-37.5008,-6.59762],[-37.4931,-6.5947],[-37.49556,-6.58788],[-37.49112,-6.58242],[-37.4908,-6.57492],[-37.48432,-6.57158],[-37.48256,-6.56468],[-37.48569,-6.56138],[-37.49187,-6.56115],[-37.49315,-6.5565],[-37.48733,-6.54422],[-37.48257,-6.54081],[-37.4793,-6.53399],[-37.47678,-6.53399],[-37.47367,-6.53758]],[[-37.42794,-6.70061],[-37.43214,-6.70263],[-37.43302,-6.70928],[-37.43749,-6.71269],[-37.4342,-6.71285],[-37.43064,-6.70859],[-37.4239,-6.70623],[-37.42115,-6.7072],[-37.41978,-6.71077],[-37.41346,-6.71064],[-37.43009,-6.73042],[-37.42854,-6.73792],[-37.43282,-6.7397],[-37.43385,-6.74269],[-37.42939,-6.74474],[-37.41963,-6.74065],[-37.42739,-6.74678],[-37.42939,-6.75123],[-37.4342,-6.75131],[-37.43733,-6.7536],[-37.44237,-6.76247],[-37.42458,-6.7551],[-37.4184,-6.7491],[-37.41311,-6.75087],[-37.42034,-6.76315],[-37.41978,-6.76765],[-37.42775,-6.76997],[-37.42479,-6.77406],[-37.42805,-6.77747],[-37.42837,-6.78633],[-37.43485,-6.79519],[-37.43626,-6.80143],[-37.43214,-6.80055],[-37.42705,-6.79383],[-37.42243,-6.78497],[-37.42254,-6.77678],[-37.41772,-6.77333],[-37.41222,-6.77641],[-37.41085,-6.77159],[-37.4081,-6.76999],[-37.40572,-6.77406],[-37.40758,-6.78224],[-37.40604,-6.78716],[-37.39904,-6.78292],[-37.39712,-6.77718],[-37.39154,-6.78019],[-37.39162,-6.78706],[-37.39386,-6.79042],[-37.39238,-6.79383],[-37.39716,-6.7986],[-37.39145,-6.80338],[-37.39237,-6.80883],[-37.38996,-6.81088],[-37.38933,-6.82247],[-37.39109,-6.8286],[-37.38476,-6.82988],[-37.3827,-6.83335],[-37.3807,-6.83201],[-37.38301,-6.82315],[-37.38161,-6.81974],[-37.38268,-6.81701],[-37.38021,-6.81497],[-37.38052,-6.81019],[-37.37652,-6.80454],[-37.37034,-6.80454],[-37.36374,-6.8136],[-37.3629,-6.8211],[-37.35729,-6.82207],[-37.35332,-6.82792],[-37.35348,-6.83065],[-37.34956,-6.83065],[-37.34631,-6.83702],[-37.34272,-6.82997],[-37.34974,-6.82484],[-37.35546,-6.81497],[-37.35579,-6.81088],[-37.35249,-6.80747],[-37.35711,-6.80406],[-37.35798,-6.79943],[-37.36347,-6.79609],[-37.36691,-6.79652],[-37.37355,-6.7911],[-37.37525,-6.78292],[-37.36735,-6.78428],[-37.36897,-6.78045],[-37.37531,-6.77815],[-37.37575,-6.76383],[-37.38407,-6.76406],[-37.38017,-6.75496],[-37.38222,-6.75428],[-37.38239,-6.75087],[-37.3875,-6.7507],[-37.38905,-6.74815],[-37.38398,-6.74337],[-37.38476,-6.73659],[-37.38956,-6.73472],[-37.39208,-6.7311],[-37.39213,-6.72564],[-37.39712,-6.72609],[-37.39884,-6.72155],[-37.39643,-6.72061],[-37.39094,-6.72409],[-37.38682,-6.72249],[-37.3875,-6.71533],[-37.37789,-6.71941],[-37.37158,-6.72633],[-37.37309,-6.73077],[-37.36953,-6.7311],[-37.36485,-6.73694],[-37.36154,-6.73655],[-37.36279,-6.72759],[-37.35386,-6.73074],[-37.34287,-6.74061],[-37.34013,-6.74118],[-37.33807,-6.73801],[-37.33168,-6.7386],[-37.33069,-6.73655],[-37.33944,-6.7329],[-37.34493,-6.7333],[-37.34584,-6.73042],[-37.35082,-6.72769],[-37.35146,-6.72292],[-37.35523,-6.7232],[-37.35841,-6.72087],[-37.35867,-6.71688],[-37.36279,-6.71793],[-37.37088,-6.71473],[-37.37295,-6.712],[-37.36828,-6.71027],[-37.36682,-6.70723],[-37.37377,-6.70679],[-37.37418,-6.70072]]]}},{"type":"Feature","properties":{"cota":200,"indice":false},"geometry":{"type":"LineString","coordinates":[[-37.25155,-6.11824],[-37.24383,-6.12041],[-37.24538,-6.12724],[-37.24404,-6.13339],[-37.24537,-6.1363],[-37.25361,-6.14141],[-37.25439,-6.13817],[-37.25773,-6.13595],[-37.25863,-6.12997],[-37.25694,-6.12383],[-37.25155,-6.11824]]}},{"type":"Feature","properties":{"cota":300,"indice":false},"geometry":{"type":"LineString","coordinates":[[-37.25086,-6.12377],[-37.2488,-6.12447],[-37.24933,-6.12656],[-37.25361,-6.13028],[-37.25086,-6.12377]]}},{"type":"Feature","properties":{"cota":500,"indice":true},"geometry":{"type":"LineString","coordinates":[[-36.38432,-6.31189],[-36.38234,-6.31291],[-36.38294,-6.31558],[-36.385,-6.31389],[-36.38432,-6.31189]]}},{"type":"Feature","properties":{"cota":500,"indice":true},"geometry":{"type":"LineString","coordinates":[[-36.3797,-6.30145],[-36.37799,-6.30745],[-36.37951,-6.30931],[-36.38294,-6.31052],[-36.38912,-6.30809],[-36.39204,-6.30404],[-36.38883,-6.29688]]}},{"type":"Feature","properties":{"cota":200,"indice":false},"geometry":{"type":"LineString","coordinates":[[-37.17263,-6.12886],[-37.1822,-6.13164],[-37.18494,-6.12126],[-37.17876,-6.12164],[-37.17446,-6.11427],[-37.16725,-6.1099]]}},{"type":"Feature","properties":{"cota":400,"indice":false},"geometry":{"type":"MultiLineString","coordinates":[[[-37.17052,-6.11753],[-37.16992,-6.11749]],[[-37.17136,-6.12204],[-37.17258,-6.12035],[-37.17052,-6.11753]]]}},{"type":"Feature","properties":{"cota":300,"indice":false},"geometry":{"type":"MultiLineString","coordinates":[[[-37.16915,-6.11424],[-37.16846,-6.11395]],[[-37.17189,-6.12491],[-37.17487,-6.12519],[-37.17482,-6.11905],[-37.16915,-6.11424]]]}},{"type":"Feature","properties":{"cota":300,"indice":false},"geometry":{"type":"LineString","coordinates":[[-37.18632,-6.0875],[-37.18426,-6.08796],[-37.18407,-6.09174],[-37.18975,-6.0967],[-37.19177,-6.09106],[-37.18632,-6.0875]]}},{"type":"Feature","properties":{"cota":300,"indice":false},"geometry":{"type":"LineString","coordinates":[[-37.17151,-6.09399],[-37.1727,-6.09174],[-37.17142,-6.08646]]}},{"type":"Feature","properties":{"cota":200,"indice":false},"geometry":{"type":"LineString","coordinates":[[-37.26665,-6.05869],[-37.26116,-6.05944],[-37.25636,-6.06273],[-37.25636,-6.06732],[-37.25979,-6.068],[-37.26322,-6.06374],[-37.26691,-6.06238],[-37.26665,-6.05869]]}},{"type":"Feature","properties":{"cota":700,"indice":false},"geometry":{"type":"MultiLineString","coordinates":[[[-37.17602,-6.05477],[-37.17552,-6.05456]],[[-37.17502,-6.05786],[-37.17602,-6.05477]]]}},{"type":"Feature","properties":{"cota":300,"indice":false},"geometry":{"type":"LineString","coordinates":[[-37.29137,-6.05509],[-37.28725,-6.0593],[-37.29137,-6.0586],[-37.29137,-6.05509]]}},{"type":"Feature","properties":{"cota":200,"indice":false},"geometry":{"type":"LineString","coordinates":[[-37.27146,-6.05462],[-37.27283,-6.05962],[-37.28031,-6.05965],[-37.28313,-6.06641],[-37.28931,-6.06776],[-37.29563,-6.06238],[-37.29687,-6.05405],[-37.30292,-6.05232]]}},{"type":"Feature","properties":{"cota":700,"indice":false},"geometry":{"type":"MultiLineString","coordinates":[[[-37.18409,-6.04937],[-37.18563,-6.05063],[-37.1882,-6.04882]],[[-37.19182,-6.04833],[-37.19378,-6.04807]],[[-37.20125,-6.03991],[-37.20538,-6.03931]]]}},{"type":"Feature","properties":{"cota":700,"indice":false},"geometry":{"type":"LineString","coordinates":[[-37.22283,-6.0419],[-37.22491,-6.04258],[-37.22423,-6.03969]]}},{"type":"Feature","properties":{"cota":200,"indice":false},"geometry":{"type":"LineString","coordinates":[[-37.17039,-6.10369],[-37.17487,-6.10266],[-37.1767,-6.08885],[-37.19044,-6.10221],[-37.20013,-6.09857],[-37.19616,-6.08969],[-37.1973,-6.08824],[-37.20044,-6.08901],[-37.19813,-6.08559],[-37.20164,-6.08286],[-37.19607,-6.07672],[-37.19799,-6.07086],[-37.20486,-6.0762],[-37.21009,-6.07467],[-37.2092,-6.06852],[-37.21378,-6.06706],[-37.21928,-6.07158],[-37.2234,-6.07001],[-37.23301,-6.07497],[-37.23919,-6.05966],[-37.24262,-6.05915],[-37.244,-6.05564],[-37.24949,-6.05169],[-37.26048,-6.05324],[-37.26493,-6.04779]]}},{"type":"Feature","properties":{"cota":300,"indice":false},"geometry":{"type":"LineString","coordinates":[[-37.17131,-6.07789],[-37.17945,-6.084],[-37.18357,-6.07981],[-37.18906,-6.08094],[-37.18321,-6.06989],[-37.18426,-6.06505],[-37.20074,-6.05939],[-37.20692,-6.06201],[-37.21378,-6.05575],[-37.22614,-6.06543],[-37.23001,-6.06648],[-37.23458,-6.0617],[-37.23498,-6.05487],[-37.23927,-6.05487],[-37.24194,-6.05144],[-37.2543,-6.044],[-37.25704,-6.04623],[-37.25842,-6.04436],[-37.26328,-6.04385]]}},{"type":"Feature","properties":{"cota":400,"indice":false},"geometry":{"type":"LineString","coordinates":[[-37.17213,-6.07265],[-37.17808,-6.07783],[-37.18151,-6.0767],[-37.18252,-6.07399],[-37.18003,-6.06784],[-37.1818,-6.06306],[-37.19662,-6.05821],[-37.20089,-6.05555],[-37.2028,-6.05177],[-37.20539,-6.05282],[-37.20692,-6.0574],[-37.21653,-6.05241],[-37.21967,-6.05692],[-37.2282,-6.06181],[-37.23135,-6.05965],[-37.23232,-6.05406],[-37.23618,-6.05077],[-37.23574,-6.04667],[-37.23782,-6.04347],[-37.24194,-6.04042],[-37.24812,-6.04002],[-37.25018,-6.03487],[-37.2591,-6.04162],[-37.26301,-6.04176]]}},{"type":"Feature","properties":{"cota":500,"indice":true},"geometry":{"type":"LineString","coordinates":[[-37.17294,-6.06852],[-37.1767,-6.07427],[-37.1797,-6.07467],[-37.17795,-6.06648],[-37.1822,-6.05827],[-37.19044,-6.0554],[-37.19593,-6.05577],[-37.20211,-6.04847],[-37.20966,-6.05042],[-37.21653,-6.04926],[-37.22225,-6.05555],[-37.22614,-6.05603],[-37.22982,-6.05214],[-37.23301,-6.03831],[-37.23989,-6.03711],[-37.24606,-6.03078],[-37.25292,-6.0306],[-37.26048,-6.03923],[-37.26269,-6.03922]]}},{"type":"Feature","properties":{"cota":600,"indice":false},"geometry":{"type":"LineString","coordinates":[[-37.17354,-6.06543],[-37.17551,-6.06579],[-37.18082,-6.0537],[-37.18563,-6.05422],[-37.19044,-6.05212],[-37.19456,-6.05325],[-37.2024,-6.04394],[-37.21172,-6.04204],[-37.2138,-6.04531],[-37.21859,-6.0467],[-37.22408,-6.0519],[-37.22941,-6.04326],[-37.23073,-6.03507],[-37.24056,-6.02966],[-37.23694,-6.02714]]}},{"type":"Feature","properties":{"cota":700,"indice":false},"geometry":{"type":"LineString","coordinates":[[-37.1749,-6.05205],[-37.17602,-6.05409],[-37.17777,-6.04941]]}},{"type":"Feature","properties":{"cota":600,"indice":false},"geometry":{"type":"LineString","coordinates":[[-35.75535,-6.93641],[-35.74848,-6.94123],[-35.74516,-6.9479],[-35.75466,-6.95594],[-35.75788,-6.95403],[-35.75906,-6.94994],[-35.75583,-6.94585],[-35.75706,-6.93972],[-35.75535,-6.93641]]}},{"type":"Feature","properties":{"cota":600,"indice":false},"geometry":{"type":"LineString","coordinates":[[-35.72376,-6.93338],[-35.71945,-6.93495],[-35.72308,-6.93976],[-35.72554,-6.93699],[-35.72376,-6.93338]]}},{"type":"Feature","properties":{"cota":500,"indice":true},"geometry":{"type":"LineString","coordinates":[[-35.68188,-6.9231],[-35.6805,-6.92404],[-35.68256,-6.92537],[-35.68188,-6.9231]]}},{"type":"Feature","properties":{"cota":500,"indice":true},"geometry":{"type":"LineString","coordinates":[[-35.66814,-6.91987],[-35.66545,-6.92131],[-35.66746,-6.92392],[-35.66963,-6.92268],[-35.66814,-6.91987]]}},{"type":"Feature","properties":{"cota":500,"indice":true},"geometry":{"type":"LineString","coordinates":[[-35.79311,-6.91429],[-35.79861,-6.91813],[-35.78828,-6.91586],[-35.79311,-6.91429]]}},{"type":"Feature","properties":{"cota":500,"indice":true},"geometry":{"type":"LineString","coordinates":[[-35.73475,-6.89397],[-35.73286,-6.89405],[-35.74176,-6.90018],[-35.74156,-6.90291],[-35.73771,-6.90632],[-35.74642,-6.91278],[-35.74534,-6.90018],[-35.74135,-6.89541],[-35.73475,-6.89397]]}},{"type":"Feature","properties":{"cota":500,"indice":true},"geometry":{"type":"LineString","coordinates":[[-35.71003,-6.87475],[-35.70767,-6.87564],[-35.71003,-6.87475]]}},{"type":"Feature","properties":{"cota":500,"indice":true},"geometry":{"type":"LineString","coordinates":[[-35.75741,-6.86587],[-35.75672,-6.86919],[-35.75836,-6.86814],[-35.75741,-6.86587]]}},{"type":"Feature","properties":{"cota":500,"indice":true},"geometry":{"type":"LineString","coordinates":[[-35.70728,-6.85845],[-35.70225,-6.86201],[-35.70708,-6.86133],[-35.70728,-6.85845]]}},{"type":"Feature","properties":{"cota":500,"indice":true},"geometry":{"type":"LineString","coordinates":[[-35.7272,-6.85687],[-35.72126,-6.8586],[-35.7272,-6.86022],[-35.72856,-6.8586],[-35.7272,-6.85687]]}},{"type":"Feature","properties":{"cota":600,"indice":false},"geometry":{"type":"LineString","coordinates":[[-35.99567,-6.92031],[-35.99394,-6.92131],[-35.99793,-6.92677],[-36.00195,-6.92745],[-35.99567,-6.92031]]}},{"type":"Feature","properties":{"cota":500,"indice":true},"geometry":{"type":"LineString","coordinates":[[-35.91053,-6.87745],[-35.90843,-6.87769],[-35.90844,-6.87973],[-35.91328,-6.88195],[-35.91053,-6.87745]]}},{"type":"Feature","properties":{"cota":500,"indice":true},"geometry":{"type":"LineString","coordinates":[[-35.90023,-6.85917],[-35.8986,-6.85996],[-35.89979,-6.86269],[-35.90641,-6.8673],[-35.90435,-6.86174],[-35.90023,-6.85917]]}},{"type":"Feature","properties":{"cota":500,"indice":true},"geometry":{"type":"LineString","coordinates":[[-35.99567,-6.84271],[-35.9943,-6.84504],[-35.99705,-6.84439],[-35.99567,-6.84271]]}},{"type":"Feature","properties":{"cota":500,"indice":true},"geometry":{"type":"LineString","coordinates":[[-35.90229,-6.8134],[-35.89948,-6.81565],[-35.89526,-6.82724],[-35.89042,-6.83065],[-35.89268,-6.83517],[-35.89748,-6.83424],[-35.89954,-6.82817],[-35.90229,-6.82632],[-35.91259,-6.82988],[-35.90984,-6.82201],[-35.90435,-6.82263],[-35.90255,-6.8211],[-35.90229,-6.8134]]}},{"type":"Feature","properties":{"cota":500,"indice":true},"geometry":{"type":"LineString","coordinates":[[-35.82401,-6.7222],[-35.82083,-6.72701],[-35.81955,-6.7386],[-35.81234,-6.73621],[-35.81052,-6.7386],[-35.81209,-6.74269],[-35.8105,-6.74678],[-35.81583,-6.75224],[-35.81106,-6.75837],[-35.81764,-6.76656],[-35.81014,-6.76997],[-35.81097,-6.77516],[-35.80753,-6.7743],[-35.80547,-6.77731],[-35.80067,-6.77644],[-35.79979,-6.77815],[-35.80135,-6.78041],[-35.81028,-6.78307],[-35.80974,-6.7911],[-35.81165,-6.79441],[-35.81783,-6.78598],[-35.82195,-6.78554],[-35.8247,-6.78783],[-35.82429,-6.79247],[-35.82653,-6.79792],[-35.82127,-6.79922],[-35.81817,-6.8061],[-35.82195,-6.81406],[-35.82882,-6.81847],[-35.83484,-6.81633],[-35.83502,-6.81156],[-35.84062,-6.80678],[-35.83238,-6.79588],[-35.83049,-6.78974],[-35.82059,-6.77951],[-35.82402,-6.77542],[-35.82616,-6.75837],[-35.83501,-6.7536],[-35.83637,-6.75051],[-35.84118,-6.75146],[-35.84736,-6.75511],[-35.84942,-6.75844],[-35.85711,-6.75769],[-35.86071,-6.76315],[-35.85843,-6.76928],[-35.86109,-6.77114],[-35.86412,-6.7686],[-35.86383,-6.76451],[-35.86864,-6.76291],[-35.87894,-6.75284],[-35.88361,-6.76315],[-35.88924,-6.7696],[-35.89265,-6.77065],[-35.89329,-6.76656],[-35.88215,-6.75224],[-35.88289,-6.73996],[-35.88032,-6.73554],[-35.87056,-6.73655],[-35.87144,-6.74201],[-35.87002,-6.74332],[-35.86384,-6.73963],[-35.8604,-6.7476],[-35.8556,-6.74645],[-35.85217,-6.74995],[-35.85079,-6.74883],[-35.85144,-6.74337],[-35.84942,-6.74158],[-35.84599,-6.74105],[-35.83981,-6.74511],[-35.83569,-6.74408],[-35.8365,-6.73996],[-35.834,-6.73314],[-35.83088,-6.73482],[-35.82472,-6.73042],[-35.82605,-6.72496],[-35.82401,-6.7222]]}},{"type":"Feature","properties":{"cota":500,"indice":true},"geometry":{"type":"LineString","coordinates":[[-35.80273,-6.74121],[-35.79792,-6.74145],[-35.79701,-6.74337],[-35.8041,-6.74683],[-35.80273,-6.74121]]}},{"type":"Feature","properties":{"cota":500,"indice":true},"geometry":{"type":"LineString","coordinates":[[-35.84942,-6.72833],[-35.84393,-6.73021],[-35.84393,-6.73437],[-35.84873,-6.73291],[-35.84942,-6.72833]]}},{"type":"Feature","properties":{"cota":500,"indice":true},"geometry":{"type":"LineString","coordinates":[[-35.88032,-6.72526],[-35.87411,-6.72905],[-35.87482,-6.73229],[-35.87963,-6.7336],[-35.88169,-6.73206],[-35.88274,-6.72905],[-35.88032,-6.72526]]}},{"type":"Feature","properties":{"cota":400,"indice":false},"geometry":{"type":"LineString","coordinates":[[-35.94898,-6.72139],[-35.94614,-6.72292],[-35.94639,-6.72564],[-35.9531,-6.72758],[-35.95316,-6.72496],[-35.94898,-6.72139]]}},{"type":"Feature","properties":{"cota":400,"indice":false},"geometry":{"type":"LineString","coordinates":[[-35.64548,-6.85174],[-35.64317,-6.85246],[-35.64389,-6.85519],[-35.6494,-6.85587],[-35.64548,-6.85174]]}},{"type":"Feature","properties":{"cota":500,"indice":true},"geometry":{"type":"LineString","coordinates":[[-35.67432,-6.84334],[-35.67178,-6.8436],[-35.67275,-6.84565],[-35.67776,-6.84779],[-35.67432,-6.84334]]}},{"type":"Feature","properties":{"cota":400,"indice":false},"geometry":{"type":"LineString","coordinates":[[-35.68668,-6.82077],[-35.68697,-6.82315],[-35.68152,-6.82588],[-35.68668,-6.82077]]}},{"type":"Feature","properties":{"cota":500,"indice":true},"geometry":{"type":"LineString","coordinates":[[-35.68188,-6.80508],[-35.68462,-6.80756],[-35.68188,-6.80508]]}},{"type":"Feature","properties":{"cota":500,"indice":true},"geometry":{"type":"LineString","coordinates":[[-35.77938,-6.78019],[-35.77595,-6.782],[-35.76771,-6.78088],[-35.76733,-6.78292],[-35.77143,-6.78701],[-35.76774,-6.78974],[-35.77073,-6.79588],[-35.77595,-6.79461],[-35.77865,-6.79929],[-35.78213,-6.80013],[-35.78309,-6.79792],[-35.78101,-6.79315],[-35.78693,-6.79259],[-35.78833,-6.78906],[-35.77938,-6.78019]]}},{"type":"Feature","properties":{"cota":600,"indice":false},"geometry":{"type":"LineString","coordinates":[[-35.66677,-6.76922],[-35.66367,-6.78156],[-35.66814,-6.78343],[-35.67038,-6.77406],[-35.66677,-6.76922]]}},{"type":"Feature","properties":{"cota":500,"indice":true},"geometry":{"type":"LineString","coordinates":[[-35.73681,-6.75019],[-35.7375,-6.75264],[-35.73681,-6.75019]]}},{"type":"Feature","properties":{"cota":500,"indice":true},"geometry":{"type":"MultiLineString","coordinates":[[[-35.66128,-6.66555],[-35.65578,-6.66843],[-35.6496,-6.6663],[-35.64812,-6.6704],[-35.64439,-6.67245],[-35.64617,-6.68136],[-35.64137,-6.68209],[-35.63381,-6.69025],[-35.62969,-6.68878],[-35.62626,-6.69381],[-35.61393,-6.69155],[-35.62237,-6.70246],[-35.62145,-6.70794],[-35.61657,-6.70723],[-35.61939,-6.71134],[-35.62304,-6.71269],[-35.62219,-6.71814],[-35.61802,-6.71859],[-35.6139,-6.71587],[-35.61047,-6.72006],[-35.60566,-6.72173],[-35.59193,-6.71435],[-35.58897,-6.71541],[-35.58437,-6.72282],[-35.58025,-6.72375],[-35.57754,-6.72701],[-35.57819,-6.73002],[-35.58643,-6.7244],[-35.58712,-6.731],[-35.59261,-6.73225],[-35.60223,-6.73109],[-35.6116,-6.73451],[-35.60978,-6.73748],[-35.59536,-6.73915],[-35.59261,-6.73737],[-35.58643,-6.73788],[-35.58408,-6.74065],[-35.58918,-6.74073],[-35.59742,-6.74748],[-35.60497,-6.75041],[-35.61581,-6.74542],[-35.61871,-6.7513],[-35.63038,-6.7549],[-35.62489,-6.75909],[-35.60978,-6.75737],[-35.60802,-6.75974],[-35.60909,-6.76314],[-35.60429,-6.76456],[-35.59811,-6.76221],[-35.59602,-6.76315],[-35.59673,-6.76747],[-35.60154,-6.7698],[-35.60909,-6.76991],[-35.61184,-6.76801],[-35.61596,-6.76962],[-35.62077,-6.7661],[-35.62738,-6.76724],[-35.62151,-6.77133],[-35.62456,-6.77474],[-35.62351,-6.77786],[-35.61871,-6.78189],[-35.61527,-6.78051],[-35.611,-6.78292],[-35.61115,-6.78648],[-35.61802,-6.78741],[-35.62214,-6.78346],[-35.62626,-6.78351],[-35.63519,-6.77402],[-35.6384,-6.77542],[-35.63407,-6.77883],[-35.63381,-6.78235],[-35.64337,-6.7835]],[[-35.64401,-6.78353],[-35.65166,-6.78625],[-35.65265,-6.78838],[-35.6496,-6.79245],[-35.64314,-6.79]],[[-35.64274,-6.79003],[-35.63656,-6.79099],[-35.63392,-6.79519],[-35.62901,-6.79499],[-35.62901,-6.79901],[-35.63166,-6.80133],[-35.62351,-6.80203],[-35.62066,-6.81088],[-35.62214,-6.81464],[-35.62695,-6.81119],[-35.62901,-6.81497],[-35.64068,-6.81263],[-35.63639,-6.82383],[-35.63838,-6.82997],[-35.64137,-6.8322],[-35.64339,-6.82928],[-35.63971,-6.82451],[-35.64342,-6.8212],[-35.6515,-6.82178],[-35.6502,-6.82656],[-35.65304,-6.82735],[-35.65899,-6.81974],[-35.65562,-6.81156],[-35.66054,-6.8061],[-35.65599,-6.80065],[-35.6654,-6.79545],[-35.66883,-6.80001],[-35.67638,-6.79923],[-35.67635,-6.79383],[-35.67849,-6.79042],[-35.6764,-6.78019],[-35.67875,-6.77542],[-35.67628,-6.76997],[-35.68394,-6.76879],[-35.68394,-6.76311],[-35.69286,-6.76993],[-35.69322,-6.76587],[-35.69492,-6.7659],[-35.69884,-6.76997],[-35.69904,-6.77445],[-35.71484,-6.77509],[-35.71758,-6.77729],[-35.72239,-6.77647],[-35.72272,-6.77883],[-35.71804,-6.78224],[-35.72001,-6.78633],[-35.72582,-6.79291],[-35.73125,-6.79247],[-35.73243,-6.79588],[-35.74093,-6.80218],[-35.74324,-6.79997],[-35.74093,-6.78738],[-35.74523,-6.78906],[-35.74848,-6.79468],[-35.75691,-6.78838],[-35.75506,-6.78428],[-35.75659,-6.78156],[-35.75495,-6.77133],[-35.75054,-6.7662],[-35.74162,-6.76343],[-35.73092,-6.7536],[-35.72994,-6.74909],[-35.72582,-6.75021],[-35.71896,-6.74834],[-35.71552,-6.74481],[-35.70591,-6.74376],[-35.69704,-6.7386],[-35.69795,-6.74269],[-35.69561,-6.74289],[-35.69012,-6.7393],[-35.68531,-6.73903],[-35.68325,-6.733],[-35.67844,-6.73565],[-35.67501,-6.73333],[-35.67158,-6.73477],[-35.66933,-6.72564],[-35.66265,-6.71935],[-35.6551,-6.71887],[-35.65716,-6.71261],[-35.64539,-6.70791],[-35.63931,-6.70217],[-35.6401,-6.69632],[-35.65451,-6.68882],[-35.6565,-6.68336],[-35.65217,-6.67927],[-35.66241,-6.6704],[-35.66308,-6.66699],[-35.66128,-6.66555]]]}},{"type":"Feature","properties":{"cota":600,"indice":false},"geometry":{"type":"MultiLineString","coordinates":[[[-35.63793,-6.71739],[-35.63313,-6.71778],[-35.61337,-6.72633],[-35.63175,-6.7246],[-35.63665,-6.72769],[-35.63778,-6.73042],[-35.63391,-6.73246],[-35.63356,-6.73587],[-35.62832,-6.73423],[-35.62404,-6.73792],[-35.6272,-6.73928],[-35.62763,-6.74461],[-35.63107,-6.74618],[-35.64205,-6.74241],[-35.64754,-6.74432],[-35.65166,-6.74098],[-35.65903,-6.74337],[-35.65879,-6.74678],[-35.6525,-6.75428],[-35.64277,-6.75974],[-35.64698,-6.7605]],[[-35.64711,-6.76043],[-35.65117,-6.75974],[-35.64644,-6.76541]],[[-35.64602,-6.7655],[-35.64205,-6.76524],[-35.63979,-6.76792],[-35.64068,-6.76913],[-35.64566,-6.76739]],[[-35.64621,-6.76714],[-35.6496,-6.76689],[-35.65078,-6.77065],[-35.64722,-6.77678],[-35.65304,-6.77855],[-35.65742,-6.77406],[-35.65784,-6.76357],[-35.66814,-6.75867],[-35.67226,-6.75982],[-35.67586,-6.75633],[-35.6702,-6.75345],[-35.66814,-6.74789],[-35.65948,-6.74269],[-35.6571,-6.7386],[-35.65716,-6.72999],[-35.6496,-6.72969],[-35.64617,-6.73374],[-35.64209,-6.73314],[-35.64045,-6.72973],[-35.6406,-6.71951],[-35.63793,-6.71739]]]}},{"type":"Feature","properties":{"cota":400,"indice":false},"geometry":{"type":"LineString","coordinates":[[-35.70179,-6.71183],[-35.69812,-6.71541],[-35.7011,-6.71875],[-35.70179,-6.71183]]}},{"type":"Feature","properties":{"cota":500,"indice":true},"geometry":{"type":"LineString","coordinates":[[-36.02726,-6.86047],[-36.02376,-6.86064],[-36.02726,-6.86397],[-36.02849,-6.86201],[-36.02726,-6.86047]]}},{"type":"Feature","properties":{"cota":500,"indice":true},"geometry":{"type":"LineString","coordinates":[[-36.03481,-6.82268],[-36.03343,-6.82383],[-36.03481,-6.82488],[-36.03481,-6.82268]]}},{"type":"Feature","properties":{"cota":500,"indice":true},"geometry":{"type":"LineString","coordinates":[[-36.13987,-6.73924],[-36.14362,-6.74337],[-36.1427,-6.75019],[-36.13839,-6.74133],[-36.13987,-6.73924]]}},{"type":"Feature","properties":{"cota":600,"indice":false},"geometry":{"type":"LineString","coordinates":[[-36.09592,-6.68027],[-36.09261,-6.68404],[-36.09524,-6.68832],[-36.09852,-6.68404],[-36.09592,-6.68027]]}},{"type":"Feature","properties":{"cota":600,"indice":false},"geometry":{"type":"LineString","coordinates":[[-36.04717,-6.59261],[-36.04305,-6.59424],[-36.03825,-6.59279],[-36.03172,-6.59401],[-36.03344,-6.60092],[-36.02726,-6.59911],[-36.02455,-6.60015],[-36.02589,-6.60906],[-36.02245,-6.61025],[-36.01669,-6.60902],[-36.01434,-6.61175],[-36.01971,-6.61319],[-36.02245,-6.61679],[-36.02589,-6.6158],[-36.02776,-6.61857],[-36.03887,-6.61925],[-36.03775,-6.62471],[-36.03906,-6.62812],[-36.03577,-6.63289],[-36.04855,-6.64069],[-36.05009,-6.64449],[-36.05735,-6.64653],[-36.05873,-6.65199],[-36.06163,-6.65472],[-36.06674,-6.65404],[-36.06777,-6.64437],[-36.07738,-6.64632],[-36.08082,-6.64889],[-36.08631,-6.64568],[-36.0879,-6.64653],[-36.08836,-6.65131],[-36.09318,-6.65615],[-36.10877,-6.65949],[-36.10891,-6.65676],[-36.09497,-6.64585],[-36.09592,-6.64407],[-36.1032,-6.64381],[-36.10416,-6.63798],[-36.09524,-6.63875],[-36.09112,-6.63208],[-36.087,-6.63225],[-36.082,-6.6288],[-36.08188,-6.61925],[-36.07533,-6.60963],[-36.07121,-6.60803],[-36.06434,-6.61174],[-36.05541,-6.6124],[-36.05292,-6.60834],[-36.05617,-6.60629],[-36.05605,-6.59947],[-36.04717,-6.59261]]}},{"type":"Feature","properties":{"cota":600,"indice":false},"geometry":{"type":"LineString","coordinates":[[-36.00254,-6.6075],[-35.9994,-6.60834],[-36.00323,-6.61406],[-36.00803,-6.61371],[-36.01143,-6.61107],[-36.00666,-6.61081],[-36.00254,-6.6075]]}},{"type":"Feature","properties":{"cota":500,"indice":true},"geometry":{"type":"LineString","coordinates":[[-36.10142,-6.58702],[-36.09204,-6.59265],[-36.09249,-6.60315],[-36.09824,-6.5947],[-36.09867,-6.59113],[-36.10208,-6.58992],[-36.10142,-6.58702]]}},{"type":"Feature","properties":{"cota":600,"indice":false},"geometry":{"type":"LineString","coordinates":[[-36.02589,-6.58307],[-36.02314,-6.58317],[-36.02314,-6.58563],[-36.02701,-6.58583],[-36.02589,-6.58307]]}},{"type":"Feature","properties":{"cota":500,"indice":true},"geometry":{"type":"LineString","coordinates":[[-36.16047,-6.57896],[-36.15841,-6.57858],[-36.15834,-6.58174],[-36.16184,-6.58094],[-36.16047,-6.57896]]}},{"type":"Feature","properties":{"cota":600,"indice":false},"geometry":{"type":"LineString","coordinates":[[-36.01696,-6.57339],[-36.01295,-6.57696],[-36.01353,-6.58065],[-36.02053,-6.57969],[-36.01696,-6.57339]]}},{"type":"Feature","properties":{"cota":400,"indice":false},"geometry":{"type":"LineString","coordinates":[[-35.84736,-6.71397],[-35.84873,-6.71676],[-35.84736,-6.71397]]}},{"type":"Feature","properties":{"cota":500,"indice":true},"geometry":{"type":"LineString","coordinates":[[-35.82745,-6.70445],[-35.8259,-6.70655],[-35.82745,-6.70782],[-35.82901,-6.70655],[-35.82745,-6.70445]]}},{"type":"Feature","properties":{"cota":400,"indice":false},"geometry":{"type":"LineString","coordinates":[[-35.86384,-6.68666],[-35.86109,-6.6866],[-35.85999,-6.68882],[-35.86172,-6.69359],[-35.86521,-6.69555],[-35.86732,-6.69427],[-35.8674,-6.6895],[-35.86384,-6.68666]]}},{"type":"Feature","properties":{"cota":400,"indice":false},"geometry":{"type":"LineString","coordinates":[[-35.83088,-6.68044],[-35.8284,-6.68336],[-35.83088,-6.68595],[-35.83225,-6.68268],[-35.83088,-6.68044]]}},{"type":"Feature","properties":{"cota":400,"indice":false},"geometry":{"type":"LineString","coordinates":[[-35.84187,-6.68055],[-35.83912,-6.68031],[-35.83877,-6.682],[-35.84187,-6.68272],[-35.84187,-6.68055]]}},{"type":"Feature","properties":{"cota":400,"indice":false},"geometry":{"type":"LineString","coordinates":[[-35.8247,-6.66987],[-35.82265,-6.67109],[-35.82333,-6.6734],[-35.82539,-6.67245],[-35.8247,-6.66987]]}},{"type":"Feature","properties":{"cota":500,"indice":true},"geometry":{"type":"LineString","coordinates":[[-35.87963,-6.65849],[-35.87828,-6.66154],[-35.881,-6.66444],[-35.88198,-6.66222],[-35.87963,-6.65849]]}},{"type":"Feature","properties":{"cota":500,"indice":true},"geometry":{"type":"LineString","coordinates":[[-35.82607,-6.65023],[-35.82423,-6.65131],[-35.82539,-6.65369],[-35.82607,-6.65023]]}},{"type":"Feature","properties":{"cota":600,"indice":false},"geometry":{"type":"LineString","coordinates":[[-35.89474,-6.63252],[-35.89301,-6.63358],[-35.89474,-6.63632],[-35.89474,-6.63252]]}},{"type":"Feature","properties":{"cota":500,"indice":true},"geometry":{"type":"LineString","coordinates":[[-35.82745,-6.62399],[-35.826,-6.62403],[-35.82813,-6.62682],[-35.82745,-6.62399]]}},{"type":"Feature","properties":{"cota":400,"indice":false},"geometry":{"type":"LineString","coordinates":[[-35.78144,-6.67281],[-35.77893,-6.6745],[-35.78007,-6.67733],[-35.7823,-6.67586],[-35.78144,-6.67281]]}},{"type":"Feature","properties":{"cota":400,"indice":false},"geometry":{"type":"LineString","coordinates":[[-35.70248,-6.62534],[-35.69973,-6.62835],[-35.69066,-6.62948],[-35.68808,-6.63494],[-35.69149,-6.63642],[-35.70246,-6.63017],[-35.70248,-6.62534]]}},{"type":"Feature","properties":{"cota":400,"indice":false},"geometry":{"type":"LineString","coordinates":[[-35.63175,-6.5858],[-35.62861,-6.58719],[-35.62992,-6.58992],[-35.62839,-6.59401],[-35.61893,-6.60084],[-35.62213,-6.60561],[-35.61733,-6.61143],[-35.61115,-6.6074],[-35.60243,-6.61107],[-35.60527,-6.61652],[-35.60221,-6.61993],[-35.60223,-6.6234],[-35.60841,-6.62475],[-35.61184,-6.62814],[-35.6192,-6.62812],[-35.61759,-6.6363],[-35.62283,-6.64637],[-35.62762,-6.64381],[-35.62901,-6.63466],[-35.63999,-6.63526],[-35.64068,-6.62062],[-35.64999,-6.61857],[-35.65029,-6.6065],[-35.6551,-6.60752],[-35.65853,-6.60343],[-35.66913,-6.60561],[-35.66967,-6.60834],[-35.66442,-6.61448],[-35.66883,-6.6232],[-35.67204,-6.61993],[-35.67258,-6.61516],[-35.67773,-6.60629],[-35.67295,-6.60421],[-35.66883,-6.59797],[-35.65905,-6.59606],[-35.65029,-6.58814],[-35.64548,-6.5874],[-35.63931,-6.58959],[-35.63175,-6.5858]]}},{"type":"Feature","properties":{"cota":500,"indice":true},"geometry":{"type":"LineString","coordinates":[[-35.6496,-6.5918],[-35.64058,-6.59879],[-35.64175,-6.60834],[-35.62489,-6.62003],[-35.61972,-6.62062],[-35.62832,-6.62925],[-35.63125,-6.6288],[-35.6305,-6.62266],[-35.63381,-6.61462],[-35.64475,-6.61243],[-35.64375,-6.60493],[-35.65352,-6.59606],[-35.6496,-6.5918]]}},{"type":"Feature","properties":{"cota":400,"indice":false},"geometry":{"type":"LineString","coordinates":[[-35.69355,-6.57319],[-35.68903,-6.5756],[-35.69355,-6.5776],[-35.695,-6.5756],[-35.69355,-6.57319]]}},{"type":"Feature","properties":{"cota":500,"indice":true},"geometry":{"type":"LineString","coordinates":[[-35.75054,-6.57069],[-35.75123,-6.57375],[-35.7478,-6.5745],[-35.7478,-6.57051],[-35.75054,-6.57069]]}},{"type":"Feature","properties":{"cota":300,"indice":false},"geometry":{"type":"LineString","coordinates":[[-35.66471,-6.56178],[-35.66142,-6.56264],[-35.66265,-6.56533],[-35.66544,-6.56468],[-35.66471,-6.56178]]}},{"type":"Feature","properties":{"cota":500,"indice":true},"geometry":{"type":"LineString","coordinates":[[-35.69973,-6.51895],[-35.69561,-6.51856],[-35.69416,-6.52034],[-35.70179,-6.52397],[-35.70486,-6.52307],[-35.69973,-6.51895]]}},{"type":"Feature","properties":{"cota":400,"indice":false},"geometry":{"type":"LineString","coordinates":[[-35.69286,-6.48405],[-35.69149,-6.48526],[-35.69531,-6.48896],[-35.69888,-6.48896],[-35.69286,-6.48405]]}},{"type":"Feature","properties":{"cota":300,"indice":false},"geometry":{"type":"LineString","coordinates":[[-35.70591,-6.4731],[-35.70465,-6.476],[-35.70797,-6.47849],[-35.70882,-6.47531],[-35.70591,-6.4731]]}},{"type":"Feature","properties":{"cota":600,"indice":false},"geometry":{"type":"LineString","coordinates":[[-35.9071,-6.60893],[-35.90493,-6.6097],[-35.9059,-6.61311],[-35.90004,-6.62062],[-35.90092,-6.62498],[-35.90699,-6.62403],[-35.90889,-6.61039],[-35.9071,-6.60893]]}},{"type":"Feature","properties":{"cota":600,"indice":false},"geometry":{"type":"LineString","coordinates":[[-35.81989,-6.5849],[-35.81509,-6.58623],[-35.8144,-6.58974],[-35.82002,-6.58924],[-35.82142,-6.58719],[-35.81989,-6.5849]]}},{"type":"Feature","properties":{"cota":600,"indice":false},"geometry":{"type":"LineString","coordinates":[[-35.83431,-6.57129],[-35.82598,-6.57492],[-35.8259,-6.57901],[-35.82832,-6.57969],[-35.83589,-6.57355],[-35.83431,-6.57129]]}},{"type":"Feature","properties":{"cota":500,"indice":true},"geometry":{"type":"LineString","coordinates":[[-35.94358,-6.49296],[-35.93507,-6.49851],[-35.93134,-6.50329],[-35.92976,-6.50918],[-35.92358,-6.51243],[-35.92203,-6.51557],[-35.92348,-6.51898],[-35.91735,-6.52512],[-35.91877,-6.52873],[-35.92426,-6.52751],[-35.93456,-6.53098],[-35.93733,-6.53399],[-35.9277,-6.5339],[-35.92547,-6.5374],[-35.92564,-6.5448],[-35.91877,-6.54229],[-35.91737,-6.54354],[-35.91839,-6.55036],[-35.9243,-6.55786],[-35.92951,-6.56059],[-35.93044,-6.56573],[-35.93456,-6.56497],[-35.94418,-6.56813],[-35.95666,-6.56264],[-35.95242,-6.55952],[-35.9472,-6.54763],[-35.95055,-6.54627],[-35.94921,-6.53671],[-35.95351,-6.53535],[-35.95586,-6.53058],[-35.95173,-6.52056],[-35.95197,-6.51557],[-35.94741,-6.51079],[-35.95158,-6.49783],[-35.96089,-6.49237],[-35.95417,-6.49029]]}},{"type":"Feature","properties":{"cota":400,"indice":false},"geometry":{"type":"LineString","coordinates":[[-35.8913,-6.51688],[-35.8842,-6.5183],[-35.88388,-6.52239],[-35.89062,-6.52314],[-35.8913,-6.51688]]}},{"type":"Feature","properties":{"cota":500,"indice":true},"geometry":{"type":"LineString","coordinates":[[-35.81715,-6.49814],[-35.8145,-6.50056],[-35.81852,-6.50284],[-35.81715,-6.49814]]}},{"type":"Feature","properties":{"cota":400,"indice":false},"geometry":{"type":"LineString","coordinates":[[-35.90993,-6.49096],[-35.90229,-6.49665],[-35.89748,-6.49692],[-35.89611,-6.50188],[-35.90366,-6.50335],[-35.91472,-6.49646],[-35.91784,-6.49143]]}},{"type":"Feature","properties":{"cota":400,"indice":false},"geometry":{"type":"LineString","coordinates":[[-35.90073,-6.49041],[-35.90366,-6.49221],[-35.90538,-6.49069]]}},{"type":"Feature","properties":{"cota":500,"indice":true},"geometry":{"type":"LineString","coordinates":[[-35.9786,-6.48782],[-35.98057,-6.49229],[-35.98469,-6.49201],[-35.98743,-6.48957],[-35.99558,-6.4876],[-35.99861,-6.48487],[-35.99796,-6.48295]]}},{"type":"Feature","properties":{"cota":500,"indice":true},"geometry":{"type":"LineString","coordinates":[[-36.14605,-6.55305],[-36.1426,-6.55445],[-36.14133,-6.564],[-36.14545,-6.57287],[-36.13954,-6.57423],[-36.13641,-6.57764],[-36.13781,-6.58025],[-36.14262,-6.57945],[-36.15223,-6.57241],[-36.15525,-6.57219],[-36.14948,-6.57011],[-36.14764,-6.56264],[-36.14858,-6.55923],[-36.14605,-6.55305]]}},{"type":"Feature","properties":{"cota":500,"indice":true},"geometry":{"type":"LineString","coordinates":[[-36.09524,-6.56171],[-36.09455,-6.56377],[-36.09661,-6.56471],[-36.09524,-6.56171]]}},{"type":"Feature","properties":{"cota":500,"indice":true},"geometry":{"type":"LineString","coordinates":[[-36.12202,-6.55027],[-36.11823,-6.55445],[-36.12038,-6.56127],[-36.11509,-6.56605],[-36.12614,-6.57364],[-36.13042,-6.56059],[-36.12849,-6.55786],[-36.1282,-6.55184],[-36.12408,-6.55421],[-36.12202,-6.55027]]}},{"type":"Feature","properties":{"cota":500,"indice":true},"geometry":{"type":"LineString","coordinates":[[-36.11309,-6.54483],[-36.1124,-6.5463],[-36.11584,-6.54627],[-36.11309,-6.54483]]}},{"type":"Feature","properties":{"cota":400,"indice":false},"geometry":{"type":"MultiLineString","coordinates":[[[-36.07601,-6.52601],[-36.07601,-6.52601]],[[-36.07601,-6.52601],[-36.07983,-6.52921],[-36.07908,-6.53058],[-36.07499,-6.52785],[-36.07601,-6.52601]],[[-36.07601,-6.52601],[-36.07601,-6.52601]]]}},{"type":"Feature","properties":{"cota":500,"indice":true},"geometry":{"type":"LineString","coordinates":[[-36.11515,-6.51061],[-36.11244,-6.51352],[-36.11515,-6.51665],[-36.11642,-6.51488],[-36.11515,-6.51061]]}},{"type":"Feature","properties":{"cota":600,"indice":false},"geometry":{"type":"LineString","coordinates":[[-36.17214,-6.50804],[-36.16663,-6.51079],[-36.16596,-6.51439],[-36.17283,-6.51364],[-36.17214,-6.50804]]}},{"type":"Feature","properties":{"cota":400,"indice":false},"geometry":{"type":"LineString","coordinates":[[-36.00735,-6.49736],[-36.00522,-6.49919],[-36.00803,-6.50177],[-36.00735,-6.49736]]}},{"type":"Feature","properties":{"cota":600,"indice":false},"geometry":{"type":"LineString","coordinates":[[-36.16665,-6.49782],[-36.16294,-6.49851],[-36.16665,-6.50108],[-36.16786,-6.49988],[-36.16665,-6.49782]]}},{"type":"Feature","properties":{"cota":500,"indice":true},"geometry":{"type":"LineString","coordinates":[[-36.05335,-6.47592],[-36.04996,-6.47736],[-36.05335,-6.48225],[-36.05602,-6.47941],[-36.05335,-6.47592]]}},{"type":"Feature","properties":{"cota":600,"indice":false},"geometry":{"type":"LineString","coordinates":[[-36.45092,-6.79787],[-36.44611,-6.79743],[-36.44364,-6.80065],[-36.43914,-6.80133],[-36.44058,-6.81019],[-36.43857,-6.81497],[-36.43925,-6.81884],[-36.45298,-6.8157],[-36.45779,-6.81161],[-36.45677,-6.80542],[-36.45092,-6.79787]]}},{"type":"Feature","properties":{"cota":400,"indice":false},"geometry":{"type":"LineString","coordinates":[[-36.52508,-6.72475],[-36.53056,-6.72905],[-36.5244,-6.72701],[-36.52508,-6.72475]]}},{"type":"Feature","properties":{"cota":400,"indice":false},"geometry":{"type":"LineString","coordinates":[[-36.51272,-6.69357],[-36.51506,-6.69496],[-36.51134,-6.69647],[-36.50878,-6.69427],[-36.51272,-6.69357]]}},{"type":"Feature","properties":{"cota":400,"indice":false},"geometry":{"type":"LineString","coordinates":[[-36.5395,-6.68253],[-36.53567,-6.68609],[-36.53812,-6.68965],[-36.54167,-6.68882],[-36.54137,-6.68404],[-36.5395,-6.68253]]}},{"type":"Feature","properties":{"cota":500,"indice":true},"geometry":{"type":"LineString","coordinates":[[-36.53767,-6.65401],[-36.53624,-6.65676],[-36.53956,-6.65969]]}},{"type":"Feature","properties":{"cota":600,"indice":false},"geometry":{"type":"LineString","coordinates":[[-36.48251,-6.64635],[-36.48034,-6.64653],[-36.48113,-6.64913],[-36.48324,-6.64926],[-36.48251,-6.64635]]}},{"type":"Feature","properties":{"cota":700,"indice":false},"geometry":{"type":"MultiLineString","coordinates":[[[-36.43719,-6.61972],[-36.43244,-6.62471],[-36.4365,-6.62971],[-36.43959,-6.6278]],[[-36.43675,-6.6225],[-36.43712,-6.62101]],[[-36.43733,-6.62017],[-36.43719,-6.61972]]]}},{"type":"Feature","properties":{"cota":600,"indice":false},"geometry":{"type":"MultiLineString","coordinates":[[[-36.43307,-6.5826],[-36.42857,-6.58651],[-36.4297,-6.58992],[-36.43375,-6.59171],[-36.43501,-6.5947],[-36.42963,-6.59609],[-36.42757,-6.59962],[-36.41982,-6.59947],[-36.42071,-6.60584],[-36.41384,-6.60637],[-36.41207,-6.60152],[-36.40835,-6.59942],[-36.40217,-6.60403],[-36.40102,-6.60084],[-36.39911,-6.60084],[-36.3986,-6.60561],[-36.3939,-6.60834],[-36.39599,-6.61296],[-36.41109,-6.62114],[-36.40705,-6.62471],[-36.40744,-6.6288],[-36.40391,-6.63153],[-36.40838,-6.63494],[-36.40632,-6.64108],[-36.41168,-6.64381],[-36.40784,-6.65335],[-36.40799,-6.65745],[-36.41412,-6.65608],[-36.4262,-6.64593],[-36.43032,-6.64576],[-36.43238,-6.63772],[-36.43856,-6.64123],[-36.44749,-6.63585],[-36.44886,-6.63048],[-36.45367,-6.62891],[-36.45552,-6.63085],[-36.4533,-6.64176],[-36.45749,-6.64312],[-36.46428,-6.65404],[-36.46133,-6.65676],[-36.46107,-6.66086],[-36.46671,-6.66011],[-36.47289,-6.66266],[-36.47564,-6.66122],[-36.47907,-6.66358],[-36.47633,-6.65806],[-36.47151,-6.65472],[-36.47105,-6.65063],[-36.4677,-6.64926],[-36.46803,-6.64449],[-36.46525,-6.63699],[-36.46603,-6.63289],[-36.47289,-6.63178],[-36.47608,-6.62675],[-36.47669,-6.62266],[-36.47342,-6.61925],[-36.47463,-6.61532]],[[-36.44149,-6.59166],[-36.43307,-6.5826]]]}},{"type":"Feature","properties":{"cota":600,"indice":false},"geometry":{"type":"LineString","coordinates":[[-36.52191,-6.61502],[-36.51973,-6.61721],[-36.52307,-6.61914]]}},{"type":"Feature","properties":{"cota":600,"indice":false},"geometry":{"type":"LineString","coordinates":[[-36.48992,-6.60672],[-36.49456,-6.61652],[-36.49761,-6.61723],[-36.49655,-6.60283]]}},{"type":"Feature","properties":{"cota":600,"indice":false},"geometry":{"type":"LineString","coordinates":[[-36.50862,-6.59752],[-36.51958,-6.59739],[-36.52418,-6.60062]]}},{"type":"Feature","properties":{"cota":600,"indice":false},"geometry":{"type":"LineString","coordinates":[[-36.30878,-6.64034],[-36.30712,-6.64176],[-36.30947,-6.64309],[-36.3105,-6.64176],[-36.30878,-6.64034]]}},{"type":"Feature","properties":{"cota":600,"indice":false},"geometry":{"type":"LineString","coordinates":[[-36.41178,-6.59258],[-36.41178,-6.59546],[-36.41178,-6.59258]]}},{"type":"Feature","properties":{"cota":600,"indice":false},"geometry":{"type":"LineString","coordinates":[[-36.21815,-6.58494],[-36.21627,-6.58515],[-36.21645,-6.58719],[-36.21974,-6.58788],[-36.21815,-6.58494]]}},{"type":"Feature","properties":{"cota":600,"indice":false},"geometry":{"type":"LineString","coordinates":[[-36.24218,-6.58423],[-36.24073,-6.58515],[-36.24287,-6.58664],[-36.24218,-6.58423]]}},{"type":"Feature","properties":{"cota":600,"indice":false},"geometry":{"type":"LineString","coordinates":[[-36.25866,-6.56489],[-36.25643,-6.56605],[-36.25624,-6.57219],[-36.25317,-6.5734],[-36.24836,-6.5713],[-36.24598,-6.57355],[-36.25076,-6.5831],[-36.24775,-6.58719],[-36.24973,-6.58966],[-36.26827,-6.59295],[-36.28132,-6.593],[-36.28992,-6.58856],[-36.29071,-6.58447],[-36.28819,-6.58098],[-36.2849,-6.58583],[-36.27926,-6.58916],[-36.27406,-6.58856],[-36.27222,-6.58378],[-36.26588,-6.57696],[-36.27156,-6.57355],[-36.27128,-6.56946],[-36.25866,-6.56489]]}},{"type":"Feature","properties":{"cota":500,"indice":true},"geometry":{"type":"LineString","coordinates":[[-36.34449,-6.57681],[-36.34152,-6.57833],[-36.34449,-6.58102],[-36.34449,-6.57681]]}},{"type":"Feature","properties":{"cota":500,"indice":true},"geometry":{"type":"LineString","coordinates":[[-36.3596,-6.56669],[-36.3554,-6.56741],[-36.35822,-6.56839],[-36.36059,-6.56741],[-36.3596,-6.56669]]}},{"type":"Feature","properties":{"cota":600,"indice":false},"geometry":{"type":"LineString","coordinates":[[-36.25248,-6.56169],[-36.25111,-6.56393],[-36.25448,-6.56468],[-36.25248,-6.56169]]}},{"type":"Feature","properties":{"cota":600,"indice":false},"geometry":{"type":"LineString","coordinates":[[-36.26347,-6.55828],[-36.26058,-6.56196],[-36.26347,-6.55828]]}},{"type":"Feature","properties":{"cota":600,"indice":false},"geometry":{"type":"LineString","coordinates":[[-36.26827,-6.54896],[-36.26621,-6.54881],[-36.26042,-6.55377],[-36.26233,-6.55445],[-36.26759,-6.55139],[-36.26827,-6.54896]]}},{"type":"Feature","properties":{"cota":600,"indice":false},"geometry":{"type":"MultiLineString","coordinates":[[[-36.42963,-6.53322],[-36.42564,-6.53808],[-36.42196,-6.55377],[-36.42937,-6.56332],[-36.42276,-6.56809],[-36.42225,-6.57082],[-36.42643,-6.5756],[-36.42573,-6.57901],[-36.43238,-6.58234],[-36.43787,-6.57678],[-36.44192,-6.5754]],[[-36.44394,-6.55964],[-36.43881,-6.55786],[-36.43196,-6.54968],[-36.42981,-6.54285],[-36.43155,-6.53535],[-36.42963,-6.53322]]]}},{"type":"Feature","properties":{"cota":600,"indice":false},"geometry":{"type":"LineString","coordinates":[[-36.41659,-6.55444],[-36.41445,-6.55513],[-36.4149,-6.55718],[-36.41746,-6.5565],[-36.41659,-6.55444]]}},{"type":"Feature","properties":{"cota":600,"indice":false},"geometry":{"type":"LineString","coordinates":[[-36.44749,-6.55092],[-36.44498,-6.55104],[-36.44367,-6.55377],[-36.44955,-6.55383],[-36.44749,-6.55092]]}},{"type":"Feature","properties":{"cota":500,"indice":true},"geometry":{"type":"MultiLineString","coordinates":[[[-36.47564,-6.50118],[-36.47358,-6.50131],[-36.47246,-6.50397],[-36.47332,-6.51079],[-36.4661,-6.51216],[-36.46415,-6.5142],[-36.46334,-6.53262],[-36.45951,-6.53535],[-36.46303,-6.54149],[-36.46946,-6.54272],[-36.47351,-6.54621]],[[-36.50651,-6.50947],[-36.50105,-6.50751],[-36.49212,-6.50873],[-36.47564,-6.50118]]]}},{"type":"Feature","properties":{"cota":600,"indice":false},"geometry":{"type":"LineString","coordinates":[[-36.43238,-6.51995],[-36.43119,-6.52171],[-36.43375,-6.52596],[-36.43444,-6.52357],[-36.43238,-6.51995]]}},{"type":"Feature","properties":{"cota":600,"indice":false},"geometry":{"type":"MultiLineString","coordinates":[[[-36.488,-6.51207],[-36.48388,-6.51245],[-36.47288,-6.51966],[-36.47263,-6.52239],[-36.47742,-6.52512],[-36.4743,-6.53194],[-36.47701,-6.53359],[-36.48058,-6.52865]],[[-36.49981,-6.51372],[-36.4983,-6.51254],[-36.49143,-6.51413],[-36.488,-6.51207]]]}},{"type":"Feature","properties":{"cota":500,"indice":true},"geometry":{"type":"LineString","coordinates":[[-36.44543,-6.5026],[-36.44432,-6.5067],[-36.45023,-6.50946],[-36.45029,-6.50533],[-36.44543,-6.5026]]}},{"type":"Feature","properties":{"cota":500,"indice":true},"geometry":{"type":"LineString","coordinates":[[-36.41933,-6.46274],[-36.41659,-6.46322],[-36.4152,-6.46576],[-36.41566,-6.48146],[-36.40715,-6.49032],[-36.40903,-6.49687],[-36.41453,-6.49633],[-36.42045,-6.48828],[-36.42757,-6.48656],[-36.42971,-6.48418],[-36.42895,-6.4812],[-36.42095,-6.47668],[-36.41933,-6.46274]]}},{"type":"Feature","properties":{"cota":500,"indice":true},"geometry":{"type":"LineString","coordinates":[[-36.48525,-6.46975],[-36.4829,-6.47122],[-36.48301,-6.47395],[-36.48893,-6.48282],[-36.49143,-6.48314],[-36.49447,-6.48009],[-36.49356,-6.47531],[-36.48525,-6.46975]]}},{"type":"Feature","properties":{"cota":500,"indice":true},"geometry":{"type":"LineString","coordinates":[[-36.42551,-6.45815],[-36.42209,-6.45962],[-36.42139,-6.46233],[-36.42775,-6.46099],[-36.42822,-6.45962],[-36.42551,-6.45815]]}},{"type":"Feature","properties":{"cota":500,"indice":true},"geometry":{"type":"LineString","coordinates":[[-36.49284,-6.35871],[-36.49467,-6.36409],[-36.49233,-6.36887],[-36.4946,-6.37501],[-36.49902,-6.37979],[-36.49293,-6.38457],[-36.50146,-6.38593],[-36.50255,-6.3948],[-36.50137,-6.40299],[-36.49624,-6.40629],[-36.49515,-6.40913],[-36.50105,-6.41704],[-36.50379,-6.4178],[-36.50654,-6.41563],[-36.51096,-6.42073],[-36.51584,-6.42278],[-36.51266,-6.43097],[-36.51284,-6.44052],[-36.51615,-6.44649],[-36.52233,-6.44904],[-36.52311,-6.45826],[-36.52796,-6.46372],[-36.52576,-6.47291],[-36.52268,-6.46713],[-36.51958,-6.46558],[-36.51831,-6.46713],[-36.52096,-6.48486],[-36.52348,-6.48828],[-36.52121,-6.50204]]}},{"type":"Feature","properties":{"cota":500,"indice":true},"geometry":{"type":"LineString","coordinates":[[-36.43513,-6.43119],[-36.43236,-6.43301],[-36.43444,-6.43662],[-36.436,-6.43438],[-36.43513,-6.43119]]}},{"type":"Feature","properties":{"cota":400,"indice":false},"geometry":{"type":"LineString","coordinates":[[-36.46671,-6.42575],[-36.4652,-6.42619],[-36.46515,-6.4296],[-36.4674,-6.43184],[-36.46671,-6.42575]]}},{"type":"Feature","properties":{"cota":600,"indice":false},"geometry":{"type":"LineString","coordinates":[[-36.50878,-6.40071],[-36.50469,-6.40981],[-36.51272,-6.41761],[-36.51876,-6.42073],[-36.51983,-6.42619],[-36.51692,-6.43097],[-36.51946,-6.43506],[-36.51713,-6.43915],[-36.51769,-6.44188],[-36.52645,-6.44727],[-36.52851,-6.45107],[-36.53051,-6.45007]]}},{"type":"Feature","properties":{"cota":600,"indice":false},"geometry":{"type":"LineString","coordinates":[[-36.41109,-6.54339],[-36.40491,-6.54682],[-36.39809,-6.54763],[-36.40835,-6.55921],[-36.41233,-6.5565],[-36.4098,-6.55104],[-36.41222,-6.54627],[-36.41109,-6.54339]]}},{"type":"Feature","properties":{"cota":500,"indice":true},"geometry":{"type":"LineString","coordinates":[[-36.3596,-6.5399],[-36.35813,-6.54558],[-36.36028,-6.54751],[-36.36173,-6.54285],[-36.3596,-6.5399]]}},{"type":"Feature","properties":{"cota":600,"indice":false},"geometry":{"type":"LineString","coordinates":[[-36.26278,-6.53381],[-36.25997,-6.53808],[-36.26278,-6.54416],[-36.26759,-6.5429],[-36.26965,-6.54669],[-36.27377,-6.54788],[-36.28114,-6.54422],[-36.28006,-6.53944],[-36.27445,-6.5356],[-36.26896,-6.53629],[-36.26278,-6.53381]]}},{"type":"Feature","properties":{"cota":500,"indice":true},"geometry":{"type":"LineString","coordinates":[[-36.38706,-6.51033],[-36.38363,-6.51147],[-36.38302,-6.51898],[-36.38062,-6.52102],[-36.38157,-6.52278],[-36.39139,-6.51966],[-36.38706,-6.51033]]}},{"type":"Feature","properties":{"cota":600,"indice":false},"geometry":{"type":"LineString","coordinates":[[-36.19137,-6.49373],[-36.18779,-6.49715],[-36.19068,-6.50016],[-36.19446,-6.49646],[-36.19137,-6.49373]]}},{"type":"Feature","properties":{"cota":600,"indice":false},"geometry":{"type":"LineString","coordinates":[[-36.15756,-6.42777],[-36.15635,-6.43193],[-36.15227,-6.43506],[-36.15623,-6.43984],[-36.15138,-6.44325],[-36.15269,-6.44734],[-36.14955,-6.45144],[-36.15157,-6.45485],[-36.1496,-6.46099],[-36.15168,-6.46508],[-36.14468,-6.46505],[-36.13918,-6.46933],[-36.12909,-6.48691],[-36.13099,-6.49305],[-36.13843,-6.4951],[-36.13306,-6.50056],[-36.13781,-6.50579],[-36.14674,-6.50575],[-36.15772,-6.49481],[-36.17105,-6.49237],[-36.18045,-6.48077],[-36.18862,-6.4784],[-36.19068,-6.47219],[-36.20211,-6.47873],[-36.20167,-6.48591],[-36.1993,-6.48896],[-36.20081,-6.49237],[-36.19774,-6.4951],[-36.19892,-6.49644],[-36.20922,-6.49243],[-36.21952,-6.50098],[-36.22456,-6.49442],[-36.22982,-6.49299],[-36.23882,-6.49783],[-36.23864,-6.50056],[-36.23324,-6.50533],[-36.23669,-6.51282],[-36.24493,-6.51192],[-36.2493,-6.51625],[-36.2488,-6.52102],[-36.25135,-6.52444],[-36.24943,-6.53194],[-36.25248,-6.53323],[-36.2566,-6.53099],[-36.26141,-6.53241],[-36.27102,-6.52709],[-36.27713,-6.5183],[-36.27579,-6.51352],[-36.2673,-6.50738],[-36.26811,-6.49646],[-36.26209,-6.49321],[-36.25869,-6.49374],[-36.25317,-6.50503],[-36.24311,-6.49578],[-36.24287,-6.4911],[-36.2463,-6.49025],[-36.24905,-6.47922],[-36.25352,-6.47941],[-36.25446,-6.47259],[-36.25935,-6.46871],[-36.27171,-6.46698],[-36.27514,-6.46314],[-36.28407,-6.46439],[-36.28887,-6.46262],[-36.29128,-6.46917],[-36.29669,-6.4719],[-36.2964,-6.47531],[-36.29216,-6.48077],[-36.29342,-6.48487],[-36.29711,-6.48729],[-36.30741,-6.48805],[-36.31016,-6.49185],[-36.31702,-6.49044],[-36.31719,-6.48077],[-36.32183,-6.47825],[-36.32379,-6.47463],[-36.32252,-6.47244],[-36.3184,-6.47251],[-36.3159,-6.47054],[-36.31317,-6.45962],[-36.30902,-6.45348],[-36.31028,-6.44871],[-36.31702,-6.447],[-36.32242,-6.44325],[-36.32059,-6.43097],[-36.31565,-6.42862],[-36.29642,-6.43025],[-36.29555,-6.42687],[-36.29207,-6.42414],[-36.29309,-6.41937],[-36.27995,-6.41973],[-36.27213,-6.41527],[-36.27434,-6.40981],[-36.27796,-6.40845],[-36.27926,-6.40488],[-36.28277,-6.40504],[-36.28398,-6.41118],[-36.28681,-6.41327],[-36.30054,-6.40712],[-36.30646,-6.40231],[-36.30808,-6.39344],[-36.30118,-6.38593],[-36.30468,-6.38047],[-36.30398,-6.37211],[-36.29436,-6.36006],[-36.28827,-6.35863],[-36.28887,-6.34981],[-36.28338,-6.34903],[-36.28237,-6.3443],[-36.27817,-6.34021],[-36.28445,-6.32997],[-36.28245,-6.32451],[-36.2832,-6.31973],[-36.28052,-6.317],[-36.28243,-6.31154],[-36.28475,-6.31037],[-36.2923,-6.3126],[-36.29574,-6.30981],[-36.30054,-6.31806],[-36.3026,-6.31805],[-36.30832,-6.31359],[-36.30896,-6.31018],[-36.30369,-6.29994],[-36.30464,-6.28834],[-36.31428,-6.28891],[-36.3293,-6.29994],[-36.33213,-6.29966],[-36.33224,-6.29721],[-36.32513,-6.29065]]}},{"type":"Feature","properties":{"cota":400,"indice":false},"geometry":{"type":"LineString","coordinates":[[-36.37539,-6.39244],[-36.37378,-6.39412],[-36.37608,-6.39551],[-36.37539,-6.39244]]}},{"type":"Feature","properties":{"cota":400,"indice":false},"geometry":{"type":"LineString","coordinates":[[-36.37676,-6.37538],[-36.37527,-6.37638],[-36.37676,-6.37855],[-36.37676,-6.37538]]}},{"type":"Feature","properties":{"cota":500,"indice":true},"geometry":{"type":"LineString","coordinates":[[-36.33488,-6.33669],[-36.33488,-6.33996],[-36.33831,-6.34099],[-36.33488,-6.33669]]}},{"type":"Feature","properties":{"cota":500,"indice":true},"geometry":{"type":"LineString","coordinates":[[-36.32252,-6.33256],[-36.32036,-6.3327],[-36.32183,-6.33977],[-36.32845,-6.33748],[-36.3273,-6.33407],[-36.32252,-6.33256]]}},{"type":"Feature","properties":{"cota":500,"indice":true},"geometry":{"type":"LineString","coordinates":[[-36.49555,-6.39795],[-36.49379,-6.40026],[-36.49624,-6.4022],[-36.4973,-6.40026],[-36.49555,-6.39795]]}},{"type":"Feature","properties":{"cota":600,"indice":false},"geometry":{"type":"MultiLineString","coordinates":[[[-36.49672,-6.35842],[-36.50001,-6.36455]],[[-36.50003,-6.36528],[-36.4989,-6.36955],[-36.50046,-6.37132]]]}},{"type":"Feature","properties":{"cota":500,"indice":true},"geometry":{"type":"LineString","coordinates":[[-36.48223,-6.35948],[-36.48319,-6.3613],[-36.48425,-6.35933]]}},{"type":"Feature","properties":{"cota":100,"indice":false},"geometry":{"type":"LineString","coordinates":[[-35.45048,-6.91409],[-35.4477,-6.91654],[-35.45096,-6.91654],[-35.45048,-6.91409]]}},{"type":"Feature","properties":{"cota":100,"indice":false},"geometry":{"type":"LineString","coordinates":[[-35.4443,-6.90945],[-35.44133,-6.90973],[-35.43982,-6.91313],[-35.44224,-6.91586],[-35.44612,-6.91177],[-35.4443,-6.90945]]}},{"type":"Feature","properties":{"cota":100,"indice":false},"geometry":{"type":"LineString","coordinates":[[-35.27744,-6.9019],[-35.27555,-6.90359],[-35.27676,-6.90569],[-35.27818,-6.90495],[-35.27744,-6.9019]]}},{"type":"Feature","properties":{"cota":100,"indice":false},"geometry":{"type":"LineString","coordinates":[[-35.41477,-6.89942],[-35.41117,-6.90086],[-35.41409,-6.90668],[-35.42538,-6.90359],[-35.41477,-6.89942]]}},{"type":"Feature","properties":{"cota":100,"indice":false},"geometry":{"type":"LineString","coordinates":[[-35.44636,-6.88704],[-35.44361,-6.88867],[-35.44636,-6.88704]]}},{"type":"Feature","properties":{"cota":100,"indice":false},"geometry":{"type":"LineString","coordinates":[[-35.43331,-6.85448],[-35.43125,-6.85488],[-35.43121,-6.85724],[-35.43331,-6.85661],[-35.43331,-6.85448]]}},{"type":"Feature","properties":{"cota":200,"indice":false},"geometry":{"type":"LineString","coordinates":[[-35.46902,-6.84217],[-35.46788,-6.84292],[-35.4697,-6.84496],[-35.47096,-6.8436],[-35.46902,-6.84217]]}},{"type":"Feature","properties":{"cota":100,"indice":false},"geometry":{"type":"LineString","coordinates":[[-35.33855,-6.83601],[-35.33556,-6.83678],[-35.33649,-6.83952],[-35.33893,-6.83883],[-35.33855,-6.83601]]}},{"type":"Feature","properties":{"cota":100,"indice":false},"geometry":{"type":"LineString","coordinates":[[-35.41065,-6.81607],[-35.40928,-6.81587],[-35.40892,-6.81838],[-35.41203,-6.81972],[-35.413,-6.81838],[-35.41065,-6.81607]]}},{"type":"Feature","properties":{"cota":100,"indice":false},"geometry":{"type":"LineString","coordinates":[[-35.32413,-6.81557],[-35.32328,-6.81769],[-35.3251,-6.81701],[-35.32413,-6.81557]]}},{"type":"Feature","properties":{"cota":500,"indice":true},"geometry":{"type":"LineString","coordinates":[[-35.62763,-6.82094],[-35.62399,-6.82315],[-35.62626,-6.82607],[-35.62865,-6.82383],[-35.62763,-6.82094]]}},{"type":"Feature","properties":{"cota":200,"indice":false},"geometry":{"type":"LineString","coordinates":[[-35.48138,-6.80126],[-35.4784,-6.80133],[-35.47352,-6.80747],[-35.48824,-6.83194],[-35.49717,-6.83692],[-35.50129,-6.83302],[-35.50129,-6.8264],[-35.50816,-6.82622],[-35.5109,-6.82397],[-35.51187,-6.82928],[-35.5081,-6.83269],[-35.51146,-6.83542],[-35.50944,-6.83951],[-35.51502,-6.84329],[-35.52471,-6.84224],[-35.52561,-6.84019],[-35.52079,-6.83201],[-35.52876,-6.82544],[-35.53288,-6.82792],[-35.53288,-6.83138],[-35.53905,-6.82966],[-35.5386,-6.82451],[-35.54444,-6.81838],[-35.53356,-6.81392],[-35.52944,-6.8141],[-35.52532,-6.81761],[-35.51708,-6.80922],[-35.51228,-6.80901],[-35.5061,-6.80481],[-35.49992,-6.80727],[-35.48824,-6.8035],[-35.48412,-6.80384],[-35.48138,-6.80126]]}},{"type":"Feature","properties":{"cota":300,"indice":false},"geometry":{"type":"LineString","coordinates":[[-35.49236,-6.8081],[-35.48418,-6.81156],[-35.48286,-6.81497],[-35.48416,-6.82178],[-35.49374,-6.83168],[-35.49707,-6.83065],[-35.49608,-6.82383],[-35.49902,-6.8211],[-35.49717,-6.81937],[-35.49143,-6.82042],[-35.49236,-6.8124],[-35.50432,-6.81565],[-35.50747,-6.81841],[-35.51296,-6.81821],[-35.5212,-6.82516],[-35.52616,-6.82247],[-35.51777,-6.81599],[-35.50816,-6.81415],[-35.50472,-6.81093],[-35.49786,-6.81197],[-35.49236,-6.8081]]}},{"type":"Feature","properties":{"cota":500,"indice":true},"geometry":{"type":"LineString","coordinates":[[-35.62145,-6.81597],[-35.61856,-6.81769],[-35.61939,-6.82061],[-35.6221,-6.81906],[-35.62145,-6.81597]]}},{"type":"Feature","properties":{"cota":200,"indice":false},"geometry":{"type":"LineString","coordinates":[[-35.57613,-6.8115],[-35.57758,-6.81292],[-35.57613,-6.81483],[-35.57343,-6.81292],[-35.57613,-6.8115]]}},{"type":"Feature","properties":{"cota":300,"indice":false},"geometry":{"type":"LineString","coordinates":[[-35.56171,-6.79439],[-35.56309,-6.79663],[-35.56171,-6.79439]]}},{"type":"Feature","properties":{"cota":400,"indice":false},"geometry":{"type":"LineString","coordinates":[[-35.58437,-6.78458],[-35.583,-6.78929],[-35.57751,-6.78662],[-35.57553,-6.78906],[-35.583,-6.79706],[-35.58712,-6.79835],[-35.58514,-6.79315],[-35.59261,-6.79556],[-35.59443,-6.7911],[-35.58437,-6.78458]]}},{"type":"Feature","properties":{"cota":400,"indice":false},"geometry":{"type":"LineString","coordinates":[[-35.5727,-6.7711],[-35.57004,-6.77201],[-35.57064,-6.77479],[-35.57391,-6.77406],[-35.5727,-6.7711]]}},{"type":"Feature","properties":{"cota":400,"indice":false},"geometry":{"type":"LineString","coordinates":[[-35.55759,-6.75012],[-35.5563,-6.75292],[-35.56103,-6.75322],[-35.5609,-6.75087],[-35.55759,-6.75012]]}},{"type":"Feature","properties":{"cota":500,"indice":true},"geometry":{"type":"LineString","coordinates":[[-35.59261,-6.74618],[-35.58781,-6.74646],[-35.58634,-6.74883],[-35.59193,-6.74795],[-35.59261,-6.74618]]}},{"type":"Feature","properties":{"cota":200,"indice":false},"geometry":{"type":"LineString","coordinates":[[-35.42027,-6.78343],[-35.41821,-6.78368],[-35.41458,-6.78974],[-35.42084,-6.79383],[-35.42027,-6.80099],[-35.42262,-6.79383],[-35.42517,-6.79178],[-35.42027,-6.78343]]}},{"type":"Feature","properties":{"cota":100,"indice":false},"geometry":{"type":"LineString","coordinates":[[-35.33581,-6.77588],[-35.33306,-6.77994],[-35.33581,-6.77588]]}},{"type":"Feature","properties":{"cota":100,"indice":false},"geometry":{"type":"LineString","coordinates":[[-35.26783,-6.75426],[-35.26628,-6.75496],[-35.26714,-6.75692],[-35.2687,-6.75633],[-35.26783,-6.75426]]}},{"type":"Feature","properties":{"cota":100,"indice":false},"geometry":{"type":"LineString","coordinates":[[-35.31658,-6.7426],[-35.31944,-6.7461],[-35.3159,-6.74779],[-35.31262,-6.74542],[-35.31658,-6.7426]]}},{"type":"Feature","properties":{"cota":100,"indice":false},"geometry":{"type":"LineString","coordinates":[[-35.31796,-6.716],[-35.31614,-6.71678],[-35.31864,-6.71887],[-35.31796,-6.716]]}},{"type":"Feature","properties":{"cota":100,"indice":false},"geometry":{"type":"LineString","coordinates":[[-35.34954,-6.71114],[-35.34802,-6.712],[-35.34885,-6.71387],[-35.3504,-6.71269],[-35.34954,-6.71114]]}},{"type":"Feature","properties":{"cota":200,"indice":false},"geometry":{"type":"LineString","coordinates":[[-35.38731,-6.6538],[-35.38469,-6.65676],[-35.3848,-6.66563],[-35.39486,-6.67371],[-35.40173,-6.67629],[-35.40104,-6.67361],[-35.39321,-6.66768],[-35.38731,-6.6538]]}},{"type":"Feature","properties":{"cota":200,"indice":false},"geometry":{"type":"LineString","coordinates":[[-35.40928,-6.62257],[-35.40731,-6.62403],[-35.40717,-6.62812],[-35.41568,-6.64176],[-35.41752,-6.6541],[-35.42216,-6.64585],[-35.4188,-6.6404],[-35.41886,-6.63221],[-35.40928,-6.62257]]}},{"type":"Feature","properties":{"cota":200,"indice":false},"geometry":{"type":"LineString","coordinates":[[-35.42164,-6.60692],[-35.41812,-6.60834],[-35.41821,-6.61782],[-35.42358,-6.61107],[-35.42164,-6.60692]]}},{"type":"Feature","properties":{"cota":100,"indice":false},"geometry":{"type":"MultiLineString","coordinates":[[[-35.44979,-6.60543],[-35.44979,-6.60543]],[[-35.44979,-6.60543],[-35.4531,-6.6097],[-35.44979,-6.60543]],[[-35.44979,-6.60543],[-35.44979,-6.60543]]]}},{"type":"Feature","properties":{"cota":400,"indice":false},"geometry":{"type":"LineString","coordinates":[[-35.51228,-6.73049],[-35.51114,-6.73246],[-35.51296,-6.73424],[-35.51228,-6.73049]]}},{"type":"Feature","properties":{"cota":200,"indice":false},"geometry":{"type":"LineString","coordinates":[[-35.54661,-6.72747],[-35.54455,-6.72767],[-35.54424,-6.72973],[-35.54867,-6.73451],[-35.54661,-6.72747]]}},{"type":"Feature","properties":{"cota":400,"indice":false},"geometry":{"type":"LineString","coordinates":[[-35.50541,-6.71517],[-35.50388,-6.71541],[-35.50472,-6.71722],[-35.50636,-6.71678],[-35.50541,-6.71517]]}},{"type":"Feature","properties":{"cota":300,"indice":false},"geometry":{"type":"MultiLineString","coordinates":[[[-35.44636,-6.67563],[-35.44131,-6.67586],[-35.43796,-6.68473],[-35.43872,-6.68745],[-35.44567,-6.69068],[-35.44979,-6.69662],[-35.45597,-6.69945],[-35.45872,-6.71146],[-35.46352,-6.71043],[-35.46696,-6.71593],[-35.4697,-6.71542],[-35.47314,-6.7187],[-35.47794,-6.7183],[-35.48458,-6.72496],[-35.48479,-6.72837],[-35.48957,-6.73515]],[[-35.48974,-6.73536],[-35.49786,-6.73965],[-35.50129,-6.7357],[-35.50472,-6.73529],[-35.50744,-6.73996],[-35.51846,-6.74352],[-35.52824,-6.73519],[-35.52434,-6.72496],[-35.52017,-6.72223],[-35.51847,-6.7161],[-35.52189,-6.71495],[-35.52876,-6.71662],[-35.52949,-6.71405],[-35.52258,-6.70847],[-35.5164,-6.70943],[-35.50792,-6.70723],[-35.50747,-6.70456],[-35.51605,-6.69905],[-35.5057,-6.697],[-35.50266,-6.69398],[-35.50064,-6.69564],[-35.50427,-6.69905],[-35.50431,-6.70314],[-35.49511,-6.7045],[-35.4961,-6.70996],[-35.49374,-6.71322],[-35.48344,-6.70953],[-35.47794,-6.7036],[-35.46902,-6.70347],[-35.46247,-6.6895],[-35.44979,-6.68067],[-35.44636,-6.67563]]]}},{"type":"Feature","properties":{"cota":300,"indice":false},"geometry":{"type":"LineString","coordinates":[[-35.56995,-6.70058],[-35.56995,-6.70336],[-35.56995,-6.70058]]}},{"type":"Feature","properties":{"cota":200,"indice":false},"geometry":{"type":"MultiLineString","coordinates":[[[-35.45322,-6.64653],[-35.45097,-6.6479],[-35.45143,-6.65608],[-35.44636,-6.66071],[-35.44137,-6.65472],[-35.43971,-6.66086],[-35.44204,-6.66311]],[[-35.44246,-6.66321],[-35.44498,-6.66299],[-35.44649,-6.66495],[-35.44498,-6.66976],[-35.43949,-6.66977],[-35.43331,-6.67258],[-35.42645,-6.67133],[-35.42439,-6.67494],[-35.42095,-6.67192],[-35.41849,-6.67995],[-35.43135,-6.69018],[-35.43309,-6.69564],[-35.43606,-6.69828],[-35.4444,-6.69905],[-35.45154,-6.712],[-35.44884,-6.71405],[-35.44898,-6.7161],[-35.45322,-6.71918],[-35.45804,-6.71882],[-35.46157,-6.72837],[-35.4649,-6.72949],[-35.46764,-6.72726],[-35.47245,-6.72749],[-35.4752,-6.73057],[-35.4814,-6.73246],[-35.48349,-6.73723]],[[-35.48365,-6.73763],[-35.48076,-6.74133],[-35.48589,-6.74474],[-35.48724,-6.74815],[-35.49442,-6.75242],[-35.49854,-6.75197],[-35.50404,-6.74773],[-35.50678,-6.74925],[-35.50953,-6.74501],[-35.52189,-6.74753],[-35.52922,-6.74474],[-35.5339,-6.73383],[-35.52463,-6.72019],[-35.53425,-6.72122],[-35.53639,-6.71746],[-35.53601,-6.70996],[-35.52944,-6.7041],[-35.52447,-6.70314],[-35.52592,-6.69905],[-35.50816,-6.68571],[-35.50198,-6.67805],[-35.49742,-6.68268],[-35.49779,-6.68609],[-35.49442,-6.68657],[-35.48893,-6.68191],[-35.48618,-6.685],[-35.48407,-6.68473],[-35.48555,-6.67859],[-35.48206,-6.6766],[-35.47797,-6.68541],[-35.47589,-6.68609],[-35.47989,-6.67381],[-35.46799,-6.67109],[-35.46711,-6.66904],[-35.46925,-6.66563],[-35.46696,-6.66165],[-35.46421,-6.65961],[-35.46146,-6.66172],[-35.45902,-6.65966]],[[-35.4588,-6.65936],[-35.45756,-6.65063],[-35.45322,-6.64653]]]}},{"type":"Feature","properties":{"cota":200,"indice":false},"geometry":{"type":"LineString","coordinates":[[-35.61184,-6.65264],[-35.61558,-6.65472],[-35.61184,-6.65264]]}},{"type":"Feature","properties":{"cota":400,"indice":false},"geometry":{"type":"LineString","coordinates":[[-35.58918,-6.64372],[-35.58521,-6.64449],[-35.58966,-6.65131],[-35.59526,-6.64926],[-35.58918,-6.64372]]}},{"type":"Feature","properties":{"cota":200,"indice":false},"geometry":{"type":"LineString","coordinates":[[-35.50335,-6.62185],[-35.50129,-6.62153],[-35.50103,-6.62334],[-35.50444,-6.6288],[-35.50747,-6.62914],[-35.50335,-6.62185]]}},{"type":"Feature","properties":{"cota":200,"indice":false},"geometry":{"type":"LineString","coordinates":[[-35.53837,-6.613],[-35.53531,-6.6138],[-35.53557,-6.61721],[-35.54224,-6.62539],[-35.54729,-6.62486],[-35.54523,-6.61954],[-35.53837,-6.613]]}},{"type":"Feature","properties":{"cota":100,"indice":false},"geometry":{"type":"LineString","coordinates":[[-34.98905,-6.7533],[-34.98757,-6.75565],[-34.98933,-6.7611],[-34.99592,-6.76606],[-34.99835,-6.76587],[-34.99822,-6.76315],[-34.98905,-6.7533]]}},{"type":"Feature","properties":{"cota":200,"indice":false},"geometry":{"type":"LineString","coordinates":[[-35.13187,-6.73557],[-35.12938,-6.73792],[-35.13187,-6.74025],[-35.1335,-6.7386],[-35.13187,-6.73557]]}},{"type":"Feature","properties":{"cota":200,"indice":false},"geometry":{"type":"LineString","coordinates":[[-35.18337,-6.73103],[-35.17925,-6.73242],[-35.17513,-6.73051],[-35.17421,-6.73519],[-35.18543,-6.7349],[-35.18337,-6.73103]]}},{"type":"Feature","properties":{"cota":200,"indice":false},"geometry":{"type":"LineString","coordinates":[[-35.21084,-6.71458],[-35.20466,-6.71795],[-35.19675,-6.71678],[-35.19455,-6.72087],[-35.19642,-6.72536],[-35.20191,-6.7263],[-35.20857,-6.72292],[-35.21254,-6.71746],[-35.21084,-6.71458]]}},{"type":"Feature","properties":{"cota":200,"indice":false},"geometry":{"type":"LineString","coordinates":[[-35.19299,-6.70913],[-35.18974,-6.71064],[-35.19573,-6.71484],[-35.19299,-6.70913]]}},{"type":"Feature","properties":{"cota":100,"indice":false},"geometry":{"type":"LineString","coordinates":[[-35.0536,-6.65194],[-35.04467,-6.65377],[-35.04442,-6.65676],[-35.04695,-6.65745],[-35.05291,-6.65413],[-35.0536,-6.65194]]}},{"type":"Feature","properties":{"cota":100,"indice":false},"geometry":{"type":"LineString","coordinates":[[-35.05222,-6.63066],[-35.04536,-6.63072],[-35.04297,-6.63289],[-35.04299,-6.64312],[-35.03811,-6.6479],[-35.04192,-6.65263],[-35.04398,-6.65291],[-35.04742,-6.64636],[-35.05283,-6.64312],[-35.05373,-6.63358],[-35.05222,-6.63066]]}},{"type":"Feature","properties":{"cota":200,"indice":false},"geometry":{"type":"LineString","coordinates":[[-35.23556,-6.62537],[-35.23215,-6.62812],[-35.23693,-6.63102],[-35.23885,-6.6288],[-35.23556,-6.62537]]}},{"type":"Feature","properties":{"cota":200,"indice":false},"geometry":{"type":"LineString","coordinates":[[-35.24998,-6.56332],[-35.24756,-6.564],[-35.24836,-6.56946],[-35.24574,-6.57355],[-35.24673,-6.58105],[-35.24506,-6.58583],[-35.24723,-6.58876],[-35.25204,-6.59019],[-35.25239,-6.59879],[-35.24015,-6.6022],[-35.2438,-6.60706],[-35.2492,-6.60766],[-35.2502,-6.61175],[-35.25441,-6.61243],[-35.25352,-6.61857],[-35.25959,-6.61993],[-35.26401,-6.6288],[-35.26302,-6.63165],[-35.25959,-6.6301],[-35.25077,-6.63221],[-35.25175,-6.6363],[-35.25616,-6.63876],[-35.25898,-6.64381],[-35.2571,-6.65063],[-35.25897,-6.65131],[-35.26234,-6.64675],[-35.26989,-6.6541],[-35.27332,-6.65431],[-35.27423,-6.65199],[-35.272,-6.64653],[-35.28088,-6.64429],[-35.28518,-6.63903],[-35.28177,-6.63426],[-35.28494,-6.63153],[-35.28333,-6.62539],[-35.29091,-6.61652],[-35.28774,-6.61228],[-35.28197,-6.61243],[-35.28238,-6.60834],[-35.27882,-6.60598],[-35.26962,-6.60766],[-35.26979,-6.6022],[-35.26714,-6.6012],[-35.26484,-6.59674],[-35.26799,-6.59333],[-35.26641,-6.58992],[-35.26852,-6.58526],[-35.26017,-6.5831],[-35.26472,-6.57628],[-35.26028,-6.57194],[-35.25079,-6.57355],[-35.2533,-6.56605],[-35.24998,-6.56332]]}},{"type":"Feature","properties":{"cota":100,"indice":false},"geometry":{"type":"LineString","coordinates":[[-35.46078,-6.57417],[-35.46146,-6.57644],[-35.45876,-6.5756],[-35.46078,-6.57417]]}},{"type":"Feature","properties":{"cota":100,"indice":false},"geometry":{"type":"LineString","coordinates":[[-35.4443,-6.50893],[-35.44108,-6.51079],[-35.44409,-6.51079],[-35.4443,-6.50893]]}},{"type":"Feature","properties":{"cota":100,"indice":false},"geometry":{"type":"MultiLineString","coordinates":[[[-35.38593,-6.50042],[-35.38471,-6.49999]],[[-35.3844,-6.50018],[-35.38525,-6.50347],[-35.38593,-6.50042]]]}},{"type":"Feature","properties":{"cota":200,"indice":false},"geometry":{"type":"LineString","coordinates":[[-35.51571,-6.5844],[-35.5118,-6.58447],[-35.5164,-6.59052],[-35.51571,-6.5844]]}},{"type":"Feature","properties":{"cota":200,"indice":false},"geometry":{"type":"LineString","coordinates":[[-35.53699,-6.55706],[-35.5267,-6.56003],[-35.52429,-6.56468],[-35.52849,-6.57492],[-35.53425,-6.58076],[-35.53411,-6.57628],[-35.53837,-6.57408],[-35.54065,-6.56946],[-35.53944,-6.55923],[-35.53699,-6.55706]]}},{"type":"Feature","properties":{"cota":200,"indice":false},"geometry":{"type":"LineString","coordinates":[[-35.59536,-6.493],[-35.58923,-6.49442],[-35.59536,-6.49636],[-35.59536,-6.493]]}},{"type":"Feature","properties":{"cota":200,"indice":false},"geometry":{"type":"LineString","coordinates":[[-35.61047,-6.47904],[-35.60842,-6.48009],[-35.61047,-6.48355],[-35.61047,-6.47904]]}},{"type":"Feature","properties":{"cota":200,"indice":false},"geometry":{"type":"LineString","coordinates":[[-35.62489,-6.47383],[-35.62159,-6.47463],[-35.62052,-6.47804],[-35.62196,-6.48214],[-35.62489,-6.48359],[-35.62754,-6.48214],[-35.62827,-6.47873],[-35.62489,-6.47383]]}},{"type":"Feature","properties":{"cota":200,"indice":false},"geometry":{"type":"LineString","coordinates":[[-35.60703,-6.46777],[-35.60504,-6.46781],[-35.60479,-6.46986],[-35.60731,-6.47463],[-35.60978,-6.47547],[-35.61125,-6.47259],[-35.60703,-6.46777]]}},{"type":"Feature","properties":{"cota":500,"indice":true},"geometry":{"type":"LineString","coordinates":[[-36.05953,-6.44718],[-36.05475,-6.44871],[-36.0573,-6.45144],[-36.05602,-6.46235],[-36.05146,-6.46713],[-36.06022,-6.47336],[-36.06188,-6.47259],[-36.0617,-6.46986],[-36.05885,-6.465],[-36.07052,-6.46993],[-36.07508,-6.46645],[-36.0765,-6.45962],[-36.07603,-6.45416],[-36.07395,-6.45165],[-36.07052,-6.45444],[-36.06365,-6.45348],[-36.06302,-6.44871],[-36.05953,-6.44718]]}},{"type":"Feature","properties":{"cota":500,"indice":true},"geometry":{"type":"MultiLineString","coordinates":[[[-36.01895,-6.45117],[-36.01605,-6.45315]],[[-36.01046,-6.46176],[-36.01421,-6.46583],[-36.01523,-6.46303],[-36.01364,-6.45962],[-36.02177,-6.45802],[-36.02589,-6.45298],[-36.03054,-6.45621],[-36.03207,-6.46027],[-36.03413,-6.45488],[-36.04031,-6.45394],[-36.0355,-6.4492],[-36.02909,-6.44725]]]}},{"type":"Feature","properties":{"cota":500,"indice":true},"geometry":{"type":"LineString","coordinates":[[-36.11103,-6.45073],[-36.10897,-6.4514],[-36.10783,-6.45621],[-36.10966,-6.45932],[-36.11439,-6.45553],[-36.11103,-6.45073]]}},{"type":"Feature","properties":{"cota":500,"indice":true},"geometry":{"type":"LineString","coordinates":[[-36.08837,-6.44276],[-36.08254,-6.44529],[-36.08356,-6.45591],[-36.08935,-6.45075],[-36.08837,-6.44276]]}},{"type":"Feature","properties":{"cota":500,"indice":true},"geometry":{"type":"LineString","coordinates":[[-36.11858,-6.44732],[-36.11678,-6.44802],[-36.1179,-6.45016],[-36.12062,-6.44871],[-36.11858,-6.44732]]}},{"type":"Feature","properties":{"cota":400,"indice":false},"geometry":{"type":"LineString","coordinates":[[-36.11446,-6.43831],[-36.1108,-6.43915],[-36.11103,-6.44255],[-36.11718,-6.4412],[-36.11446,-6.43831]]}},{"type":"Feature","properties":{"cota":500,"indice":true},"geometry":{"type":"LineString","coordinates":[[-36.03973,-6.44177],[-36.04031,-6.44699],[-36.04443,-6.44932],[-36.04604,-6.44325],[-36.04923,-6.44579],[-36.05404,-6.4434],[-36.05652,-6.43915],[-36.05129,-6.43781],[-36.05039,-6.43287]]}},{"type":"Feature","properties":{"cota":500,"indice":true},"geometry":{"type":"LineString","coordinates":[[-36.13575,-6.43561],[-36.13712,-6.43788],[-36.13181,-6.43642],[-36.13575,-6.43561]]}},{"type":"Feature","properties":{"cota":300,"indice":false},"geometry":{"type":"LineString","coordinates":[[-37.53307,-6.63475],[-37.53035,-6.63767],[-37.53239,-6.641],[-37.53426,-6.63699],[-37.53307,-6.63475]]}},{"type":"Feature","properties":{"cota":400,"indice":false},"geometry":{"type":"LineString","coordinates":[[-37.47585,-6.60906],[-37.47858,-6.60834],[-37.47786,-6.60687]]}},{"type":"Feature","properties":{"cota":300,"indice":false},"geometry":{"type":"MultiLineString","coordinates":[[[-37.47814,-6.57544],[-37.47781,-6.57534]],[[-37.47507,-6.61415],[-37.48246,-6.61243],[-37.48591,-6.60288],[-37.48111,-6.59743],[-37.48037,-6.59129],[-37.48311,-6.58242],[-37.47814,-6.57544]]]}},{"type":"Feature","properties":{"cota":500,"indice":true},"geometry":{"type":"LineString","coordinates":[[-37.89425,-6.60423],[-37.8933,-6.61175],[-37.89651,-6.61584],[-37.89639,-6.6213],[-37.89974,-6.62248],[-37.90492,-6.61721],[-37.90043,-6.60674],[-37.89425,-6.60423]]}},{"type":"Feature","properties":{"cota":400,"indice":false},"geometry":{"type":"LineString","coordinates":[[-37.75829,-6.60947],[-37.75475,-6.61039],[-37.75349,-6.61395],[-37.75829,-6.61321],[-37.75829,-6.60947]]}},{"type":"Feature","properties":{"cota":500,"indice":true},"geometry":{"type":"MultiLineString","coordinates":[[[-37.77477,-6.59446],[-37.77274,-6.60493],[-37.7697,-6.61039],[-37.77065,-6.61506],[-37.77409,-6.61138],[-37.77821,-6.61089],[-37.78645,-6.60554],[-37.7894,-6.59771]],[[-37.78937,-6.59765],[-37.78645,-6.5958],[-37.78233,-6.60034],[-37.77477,-6.59446]]]}},{"type":"Feature","properties":{"cota":600,"indice":false},"geometry":{"type":"LineString","coordinates":[[-37.77821,-6.60207],[-37.77551,-6.60288],[-37.77615,-6.60697],[-37.7792,-6.60425],[-37.77821,-6.60207]]}},{"type":"Feature","properties":{"cota":500,"indice":true},"geometry":{"type":"LineString","coordinates":[[-37.83726,-6.60217],[-37.83585,-6.60356],[-37.83794,-6.60518],[-37.83726,-6.60217]]}},{"type":"Feature","properties":{"cota":400,"indice":false},"geometry":{"type":"LineString","coordinates":[[-37.83726,-6.59789],[-37.83245,-6.59781],[-37.83184,-6.6022],[-37.83314,-6.60732],[-37.83794,-6.60928],[-37.84194,-6.60766],[-37.84269,-6.60493],[-37.84158,-6.60152],[-37.83726,-6.59789]]}},{"type":"Feature","properties":{"cota":300,"indice":false},"geometry":{"type":"MultiLineString","coordinates":[[[-37.82902,-6.58031],[-37.82617,-6.5831],[-37.82921,-6.58651],[-37.82893,-6.59197]],[[-37.82891,-6.59204],[-37.82817,-6.60356],[-37.83176,-6.61018],[-37.83726,-6.61221],[-37.84481,-6.6098],[-37.84717,-6.59811],[-37.83726,-6.5926],[-37.83044,-6.58583],[-37.82902,-6.58031]]]}},{"type":"Feature","properties":{"cota":300,"indice":false},"geometry":{"type":"LineString","coordinates":[[-37.82696,-6.56114],[-37.82395,-6.564],[-37.82421,-6.5705],[-37.82696,-6.57294],[-37.82928,-6.56878],[-37.82696,-6.56114]]}},{"type":"Feature","properties":{"cota":300,"indice":false},"geometry":{"type":"LineString","coordinates":[[-37.86266,-6.54884],[-37.86041,-6.54968],[-37.86105,-6.5524],[-37.87022,-6.5599],[-37.87107,-6.5565],[-37.86266,-6.54884]]}},{"type":"Feature","properties":{"cota":300,"indice":false},"geometry":{"type":"LineString","coordinates":[[-37.80361,-6.51331],[-37.80066,-6.5142],[-37.80155,-6.5179],[-37.80465,-6.51693],[-37.80361,-6.51331]]}},{"type":"Feature","properties":{"cota":400,"indice":false},"geometry":{"type":"LineString","coordinates":[[-37.74937,-6.57559],[-37.7438,-6.58105],[-37.74746,-6.58856],[-37.73988,-6.59606],[-37.74319,-6.603],[-37.75829,-6.5991],[-37.76561,-6.59129],[-37.7646,-6.58788],[-37.7595,-6.58447],[-37.76035,-6.58046],[-37.7528,-6.5809],[-37.74937,-6.57559]]}},{"type":"Feature","properties":{"cota":500,"indice":true},"geometry":{"type":"LineString","coordinates":[[-37.74868,-6.57874],[-37.74656,-6.58037],[-37.74731,-6.58214],[-37.74927,-6.58105],[-37.74868,-6.57874]]}},{"type":"Feature","properties":{"cota":400,"indice":false},"geometry":{"type":"LineString","coordinates":[[-37.73563,-6.57691],[-37.72575,-6.58105],[-37.72808,-6.58216],[-37.73408,-6.58037],[-37.73678,-6.57833],[-37.73563,-6.57691]]}},{"type":"Feature","properties":{"cota":400,"indice":false},"geometry":{"type":"LineString","coordinates":[[-37.73563,-6.56855],[-37.7327,-6.57014],[-37.73426,-6.57411],[-37.73685,-6.57151],[-37.73563,-6.56855]]}},{"type":"Feature","properties":{"cota":200,"indice":false},"geometry":{"type":"LineString","coordinates":[[-37.62508,-6.55905],[-37.61595,-6.56059],[-37.61753,-6.56257],[-37.62508,-6.5623],[-37.62637,-6.56127],[-37.62508,-6.55905]]}},{"type":"Feature","properties":{"cota":300,"indice":false},"geometry":{"type":"LineString","coordinates":[[-37.645,-6.5366],[-37.64343,-6.53876],[-37.64637,-6.54598],[-37.6488,-6.54081],[-37.645,-6.5366]]}},{"type":"Feature","properties":{"cota":300,"indice":false},"geometry":{"type":"LineString","coordinates":[[-37.6038,-6.53328],[-37.60156,-6.53399],[-37.60586,-6.53643],[-37.6038,-6.53328]]}},{"type":"Feature","properties":{"cota":400,"indice":false},"geometry":{"type":"LineString","coordinates":[[-37.62234,-6.52435],[-37.61911,-6.52785],[-37.61976,-6.53399],[-37.61811,-6.53876],[-37.61938,-6.54149],[-37.62234,-6.54244],[-37.62356,-6.53944],[-37.62234,-6.52435]]}},{"type":"Feature","properties":{"cota":300,"indice":false},"geometry":{"type":"LineString","coordinates":[[-37.61959,-6.52019],[-37.61643,-6.52716],[-37.61567,-6.54149],[-37.61792,-6.54422],[-37.6244,-6.54565],[-37.62614,-6.54354],[-37.62501,-6.52375],[-37.61959,-6.52019]]}},{"type":"Feature","properties":{"cota":300,"indice":false},"geometry":{"type":"LineString","coordinates":[[-37.73769,-6.51897],[-37.73426,-6.51877],[-37.73331,-6.52375],[-37.73701,-6.52579],[-37.7423,-6.52444],[-37.74251,-6.52239],[-37.73769,-6.51897]]}},{"type":"Feature","properties":{"cota":300,"indice":false},"geometry":{"type":"LineString","coordinates":[[-37.85168,-6.51079],[-37.84827,-6.51147],[-37.84824,-6.51455],[-37.85242,-6.5142],[-37.85168,-6.51079]]}},{"type":"Feature","properties":{"cota":300,"indice":false},"geometry":{"type":"LineString","coordinates":[[-37.79675,-6.50665],[-37.792,-6.51011],[-37.79675,-6.51305],[-37.79818,-6.51216],[-37.79675,-6.50665]]}},{"type":"Feature","properties":{"cota":400,"indice":false},"geometry":{"type":"LineString","coordinates":[[-37.84687,-6.50177],[-37.8435,-6.50329],[-37.8455,-6.50649],[-37.84846,-6.50533],[-37.84687,-6.50177]]}},{"type":"Feature","properties":{"cota":300,"indice":false},"geometry":{"type":"LineString","coordinates":[[-37.84344,-6.4978],[-37.8397,-6.49851],[-37.84025,-6.5067],[-37.84824,-6.50931],[-37.85096,-6.50602],[-37.85054,-6.5026],[-37.84824,-6.49955],[-37.84344,-6.4978]]}},{"type":"Feature","properties":{"cota":300,"indice":false},"geometry":{"type":"LineString","coordinates":[[-37.86816,-6.4895],[-37.86369,-6.49374],[-37.86404,-6.49706],[-37.86881,-6.4951],[-37.86816,-6.4895]]}},{"type":"Feature","properties":{"cota":300,"indice":false},"geometry":{"type":"LineString","coordinates":[[-37.82558,-6.48141],[-37.82405,-6.48418],[-37.82558,-6.48772],[-37.83451,-6.49503],[-37.83794,-6.49453],[-37.83771,-6.49169],[-37.82558,-6.48141]]}},{"type":"Feature","properties":{"cota":300,"indice":false},"geometry":{"type":"LineString","coordinates":[[-37.85511,-6.48392],[-37.85279,-6.48487],[-37.85232,-6.4876],[-37.85603,-6.48623],[-37.85511,-6.48392]]}},{"type":"Feature","properties":{"cota":300,"indice":false},"geometry":{"type":"LineString","coordinates":[[-37.80224,-6.47869],[-37.79923,-6.48077],[-37.80018,-6.48568],[-37.81185,-6.4881],[-37.81048,-6.48403],[-37.80224,-6.47869]]}},{"type":"Feature","properties":{"cota":300,"indice":false},"geometry":{"type":"LineString","coordinates":[[-37.88944,-6.48047],[-37.88631,-6.48146],[-37.88738,-6.48449],[-37.89095,-6.4835],[-37.88944,-6.48047]]}},{"type":"Feature","properties":{"cota":300,"indice":false},"geometry":{"type":"LineString","coordinates":[[-37.78164,-6.47872],[-37.77977,-6.48077],[-37.78301,-6.48238],[-37.78394,-6.48009],[-37.78164,-6.47872]]}},{"type":"Feature","properties":{"cota":300,"indice":false},"geometry":{"type":"LineString","coordinates":[[-37.48199,-6.55552],[-37.48509,-6.5524],[-37.48158,-6.54675]]}},{"type":"Feature","properties":{"cota":200,"indice":false},"geometry":{"type":"LineString","coordinates":[[-37.53582,-6.49289],[-37.53231,-6.49646],[-37.53513,-6.49992],[-37.53769,-6.49646],[-37.53582,-6.49289]]}},{"type":"Feature","properties":{"cota":200,"indice":false},"geometry":{"type":"LineString","coordinates":[[-37.50355,-6.44213],[-37.49759,-6.44529],[-37.49624,-6.44871],[-37.50081,-6.44939],[-37.50355,-6.44213]]}},{"type":"Feature","properties":{"cota":300,"indice":false},"geometry":{"type":"LineString","coordinates":[[-37.57015,-6.43027],[-37.5626,-6.43201],[-37.5613,-6.43438],[-37.56466,-6.43616],[-37.57016,-6.43438],[-37.57109,-6.43642],[-37.56908,-6.44052],[-37.57062,-6.44188],[-37.57793,-6.44052],[-37.57846,-6.43711],[-37.57015,-6.43027]]}},{"type":"Feature","properties":{"cota":300,"indice":false},"geometry":{"type":"LineString","coordinates":[[-37.5729,-6.41929],[-37.57015,-6.41932],[-37.57002,-6.42141],[-37.57221,-6.4219],[-37.5729,-6.41929]]}},{"type":"Feature","properties":{"cota":300,"indice":false},"geometry":{"type":"LineString","coordinates":[[-37.56603,-6.38861],[-37.56226,-6.39002],[-37.56178,-6.3948],[-37.56568,-6.39685],[-37.56803,-6.40094],[-37.57496,-6.40349],[-37.5811,-6.40094],[-37.5729,-6.39533],[-37.56878,-6.39477],[-37.56603,-6.38861]]}},{"type":"Feature","properties":{"cota":400,"indice":false},"geometry":{"type":"LineString","coordinates":[[-37.55436,-6.38646],[-37.55505,-6.38918],[-37.55436,-6.38646]]}},{"type":"Feature","properties":{"cota":300,"indice":false},"geometry":{"type":"LineString","coordinates":[[-37.51659,-6.35715],[-37.52277,-6.37712],[-37.53582,-6.3809],[-37.54063,-6.38502],[-37.5417,-6.38047],[-37.54612,-6.37997],[-37.54803,-6.38115],[-37.5503,-6.39002],[-37.55573,-6.39192],[-37.56041,-6.39002],[-37.55965,-6.38661],[-37.55341,-6.37911],[-37.54543,-6.37586],[-37.53303,-6.36546],[-37.51659,-6.35715]]}},{"type":"Feature","properties":{"cota":500,"indice":true},"geometry":{"type":"LineString","coordinates":[[-37.52689,-6.36802],[-37.52346,-6.36872],[-37.52453,-6.37296],[-37.52942,-6.3716],[-37.53239,-6.37526],[-37.53376,-6.37283],[-37.52689,-6.36802]]}},{"type":"Feature","properties":{"cota":300,"indice":false},"geometry":{"type":"LineString","coordinates":[[-37.59624,-6.508],[-37.59217,-6.50874],[-37.58925,-6.51625],[-37.58927,-6.51966],[-37.59212,-6.52223],[-37.59462,-6.52102],[-37.59487,-6.51779],[-37.60036,-6.51794],[-37.60213,-6.51557],[-37.60238,-6.51079],[-37.59624,-6.508]]}},{"type":"Feature","properties":{"cota":400,"indice":false},"geometry":{"type":"LineString","coordinates":[[-37.59624,-6.51073],[-37.59408,-6.51284],[-37.59899,-6.51489],[-37.59968,-6.51214],[-37.59624,-6.51073]]}},{"type":"Feature","properties":{"cota":200,"indice":false},"geometry":{"type":"LineString","coordinates":[[-37.61272,-6.47236],[-37.61066,-6.47259],[-37.61272,-6.4752],[-37.61417,-6.47395],[-37.61272,-6.47236]]}},{"type":"Feature","properties":{"cota":200,"indice":false},"geometry":{"type":"LineString","coordinates":[[-37.645,-6.45664],[-37.64362,-6.45886],[-37.64298,-6.45689],[-37.645,-6.45664]]}},{"type":"Feature","properties":{"cota":300,"indice":false},"geometry":{"type":"LineString","coordinates":[[-37.6244,-6.41793],[-37.62115,-6.41937],[-37.61996,-6.42346],[-37.6244,-6.42815],[-37.62736,-6.42414],[-37.6244,-6.41793]]}},{"type":"Feature","properties":{"cota":300,"indice":false},"geometry":{"type":"LineString","coordinates":[[-37.58869,-6.40895],[-37.58251,-6.41004],[-37.58064,-6.41459],[-37.58732,-6.41921],[-37.59407,-6.41937],[-37.59314,-6.41322],[-37.58869,-6.40895]]}},{"type":"Feature","properties":{"cota":400,"indice":false},"geometry":{"type":"LineString","coordinates":[[-37.58801,-6.41093],[-37.58457,-6.41115],[-37.5832,-6.41369],[-37.58938,-6.41683],[-37.59022,-6.41459],[-37.58801,-6.41093]]}},{"type":"Feature","properties":{"cota":300,"indice":false},"geometry":{"type":"LineString","coordinates":[[-37.5983,-6.40544],[-37.59417,-6.40708],[-37.60036,-6.41262],[-37.60252,-6.40845],[-37.5983,-6.40544]]}},{"type":"Feature","properties":{"cota":300,"indice":false},"geometry":{"type":"LineString","coordinates":[[-37.75074,-6.38722],[-37.74662,-6.38713],[-37.74565,-6.39002],[-37.74937,-6.39093],[-37.75074,-6.38722]]}},{"type":"Feature","properties":{"cota":300,"indice":false},"geometry":{"type":"LineString","coordinates":[[-37.69581,-6.38241],[-37.691,-6.38272],[-37.68827,-6.38593],[-37.69238,-6.39347],[-37.69787,-6.39294],[-37.69999,-6.38866],[-37.69581,-6.38241]]}},{"type":"Feature","properties":{"cota":300,"indice":false},"geometry":{"type":"LineString","coordinates":[[-37.82558,-6.47315],[-37.8198,-6.47463],[-37.82284,-6.48053],[-37.8249,-6.4807],[-37.82678,-6.47804],[-37.82558,-6.47315]]}},{"type":"Feature","properties":{"cota":300,"indice":false},"geometry":{"type":"LineString","coordinates":[[-37.86335,-6.47237],[-37.86044,-6.47395],[-37.86335,-6.47685],[-37.86538,-6.47463],[-37.86335,-6.47237]]}},{"type":"Feature","properties":{"cota":400,"indice":false},"geometry":{"type":"LineString","coordinates":[[-37.84275,-6.43218],[-37.83868,-6.43301],[-37.8379,-6.43642],[-37.84275,-6.4366],[-37.84401,-6.43369],[-37.84275,-6.43218]]}},{"type":"Feature","properties":{"cota":400,"indice":false},"geometry":{"type":"LineString","coordinates":[[-37.80979,-6.42413],[-37.80567,-6.42863],[-37.81056,-6.42755],[-37.8116,-6.42551],[-37.80979,-6.42413]]}},{"type":"Feature","properties":{"cota":400,"indice":false},"geometry":{"type":"LineString","coordinates":[[-37.85786,-6.39132],[-37.85019,-6.39617],[-37.85374,-6.40141],[-37.85947,-6.3989],[-37.85786,-6.39132]]}},{"type":"Feature","properties":{"cota":500,"indice":true},"geometry":{"type":"LineString","coordinates":[[-37.8854,-6.39052],[-37.87916,-6.39275],[-37.88689,-6.39532]]}},{"type":"Feature","properties":{"cota":300,"indice":false},"geometry":{"type":"LineString","coordinates":[[-37.77546,-6.3841],[-37.7723,-6.38661],[-37.77615,-6.39065],[-37.77546,-6.3841]]}},{"type":"Feature","properties":{"cota":300,"indice":false},"geometry":{"type":"LineString","coordinates":[[-37.76653,-6.37904],[-37.76279,-6.38115],[-37.76131,-6.38593],[-37.76722,-6.38945],[-37.77012,-6.38593],[-37.76653,-6.37904]]}},{"type":"Feature","properties":{"cota":500,"indice":true},"geometry":{"type":"LineString","coordinates":[[-37.88869,-6.38184],[-37.8872,-6.38388],[-37.88857,-6.38534]]}},{"type":"Feature","properties":{"cota":400,"indice":false},"geometry":{"type":"MultiLineString","coordinates":[[[-37.85616,-6.36967],[-37.85236,-6.38637],[-37.85923,-6.38775],[-37.86541,-6.38175],[-37.87468,-6.39071],[-37.87708,-6.39541],[-37.88716,-6.3989],[-37.88518,-6.40435],[-37.8867,-6.40668],[-37.89219,-6.40696],[-37.89494,-6.40231],[-37.89837,-6.40153],[-37.91325,-6.40751]],[[-37.88879,-6.3792],[-37.8812,-6.38325],[-37.87851,-6.38184],[-37.88052,-6.37809],[-37.88532,-6.37802],[-37.88897,-6.37411]]]}},{"type":"Feature","properties":{"cota":500,"indice":true},"geometry":{"type":"LineString","coordinates":[[-37.86723,-6.37187],[-37.86977,-6.37911],[-37.87228,-6.37979],[-37.87571,-6.37271],[-37.8812,-6.37025],[-37.88184,-6.36744]]}},{"type":"Feature","properties":{"cota":300,"indice":false},"geometry":{"type":"LineString","coordinates":[[-37.78988,-6.36688],[-37.78439,-6.37008],[-37.78233,-6.37441],[-37.79017,-6.3716],[-37.78988,-6.36688]]}},{"type":"Feature","properties":{"cota":500,"indice":true},"geometry":{"type":"LineString","coordinates":[[-37.88386,-6.36733],[-37.88496,-6.36797]]}},{"type":"Feature","properties":{"cota":400,"indice":false},"geometry":{"type":"LineString","coordinates":[[-37.83868,-6.34738],[-37.83775,-6.3484],[-37.84124,-6.3507]]}},{"type":"Feature","properties":{"cota":400,"indice":false},"geometry":{"type":"LineString","coordinates":[[-37.77752,-6.32724],[-37.77289,-6.32792],[-37.77683,-6.33013],[-37.78032,-6.32861],[-37.77752,-6.32724]]}},{"type":"Feature","properties":{"cota":600,"indice":false},"geometry":{"type":"LineString","coordinates":[[-37.8249,-6.32443],[-37.82078,-6.32477],[-37.81971,-6.32656],[-37.82627,-6.32872],[-37.82725,-6.32656],[-37.8249,-6.32443]]}},{"type":"Feature","properties":{"cota":400,"indice":false},"geometry":{"type":"LineString","coordinates":[[-37.69444,-6.38489],[-37.69169,-6.38519],[-37.69068,-6.3873],[-37.69444,-6.39104],[-37.6968,-6.38866],[-37.69444,-6.38489]]}},{"type":"Feature","properties":{"cota":500,"indice":true},"geometry":{"type":"LineString","coordinates":[[-37.71503,-6.37611],[-37.71264,-6.37774],[-37.71297,-6.3804],[-37.71641,-6.37924],[-37.71503,-6.37611]]}},{"type":"Feature","properties":{"cota":300,"indice":false},"geometry":{"type":"LineString","coordinates":[[-37.70954,-6.36477],[-37.70199,-6.36704],[-37.69899,-6.37092],[-37.7013,-6.37487],[-37.70611,-6.37621],[-37.70748,-6.38597],[-37.71297,-6.38656],[-37.71847,-6.3844],[-37.72465,-6.37501],[-37.7268,-6.37569],[-37.72945,-6.38098],[-37.73343,-6.37979],[-37.72945,-6.36645],[-37.71641,-6.36669],[-37.70954,-6.36477]]}},{"type":"Feature","properties":{"cota":400,"indice":false},"geometry":{"type":"LineString","coordinates":[[-37.71091,-6.36736],[-37.70336,-6.3691],[-37.70209,-6.37092],[-37.70679,-6.36979],[-37.71229,-6.37228],[-37.71018,-6.37979],[-37.7116,-6.38349],[-37.71814,-6.38047],[-37.71938,-6.37092],[-37.71366,-6.37194],[-37.71091,-6.36736]]}},{"type":"Feature","properties":{"cota":300,"indice":false},"geometry":{"type":"LineString","coordinates":[[-37.66697,-6.35178],[-37.66494,-6.35454],[-37.66903,-6.3571],[-37.66951,-6.35386],[-37.66697,-6.35178]]}},{"type":"Feature","properties":{"cota":300,"indice":false},"geometry":{"type":"LineString","coordinates":[[-37.63126,-6.34481],[-37.62577,-6.34571],[-37.62276,-6.34976],[-37.63126,-6.34922],[-37.63331,-6.34635],[-37.63126,-6.34481]]}},{"type":"Feature","properties":{"cota":300,"indice":false},"geometry":{"type":"LineString","coordinates":[[-37.74799,-6.34489],[-37.74593,-6.34792],[-37.74868,-6.34772],[-37.74799,-6.34489]]}},{"type":"Feature","properties":{"cota":300,"indice":false},"geometry":{"type":"LineString","coordinates":[[-37.71229,-6.34421],[-37.71019,-6.34567],[-37.71297,-6.34724],[-37.71229,-6.34421]]}},{"type":"Feature","properties":{"cota":300,"indice":false},"geometry":{"type":"LineString","coordinates":[[-37.66903,-6.3419],[-37.66576,-6.34499],[-37.67109,-6.34762],[-37.6719,-6.34567],[-37.66903,-6.3419]]}},{"type":"Feature","properties":{"cota":300,"indice":false},"geometry":{"type":"LineString","coordinates":[[-37.73975,-6.33384],[-37.73083,-6.33481],[-37.72886,-6.33816],[-37.7322,-6.34041],[-37.73975,-6.34097],[-37.74148,-6.33816],[-37.73975,-6.33384]]}},{"type":"Feature","properties":{"cota":600,"indice":false},"geometry":{"type":"LineString","coordinates":[[-37.83763,-6.32517],[-37.83826,-6.32557]]}},{"type":"Feature","properties":{"cota":600,"indice":false},"geometry":{"type":"LineString","coordinates":[[-37.8187,-6.30951],[-37.81222,-6.31427],[-37.81391,-6.31985],[-37.81844,-6.31672]]}},{"type":"Feature","properties":{"cota":500,"indice":true},"geometry":{"type":"MultiLineString","coordinates":[[[-37.76182,-6.28282],[-37.75309,-6.28561],[-37.75971,-6.29448],[-37.75486,-6.29412],[-37.75227,-6.29585],[-37.76928,-6.29947],[-37.77821,-6.30786],[-37.79125,-6.30285],[-37.79132,-6.30608],[-37.78645,-6.30843],[-37.78145,-6.31496],[-37.79403,-6.31837],[-37.79433,-6.32588],[-37.79606,-6.3282],[-37.79951,-6.32656],[-37.80979,-6.30818],[-37.81251,-6.3095],[-37.81022,-6.31291],[-37.81178,-6.32042],[-37.81391,-6.32222],[-37.81901,-6.32178],[-37.81684,-6.32588],[-37.8194,-6.32934],[-37.83039,-6.33125],[-37.83354,-6.32997],[-37.83451,-6.32694],[-37.84104,-6.32857]],[[-37.82287,-6.30474],[-37.82078,-6.3051],[-37.82152,-6.30323]]]}},{"type":"Feature","properties":{"cota":600,"indice":false},"geometry":{"type":"LineString","coordinates":[[-37.78374,-6.29016],[-37.79698,-6.30336],[-37.79331,-6.30904],[-37.78657,-6.31154],[-37.78744,-6.31427],[-37.79537,-6.31574],[-37.79812,-6.31292],[-37.80155,-6.31391],[-37.8057,-6.31018],[-37.80499,-6.30674],[-37.8091,-6.30473],[-37.81364,-6.3054],[-37.81956,-6.30104]]}},{"type":"Feature","properties":{"cota":700,"indice":false},"geometry":{"type":"LineString","coordinates":[[-37.81232,-6.29294],[-37.81179,-6.29517],[-37.81669,-6.29783]]}},{"type":"Feature","properties":{"cota":500,"indice":true},"geometry":{"type":"LineString","coordinates":[[-38.2209,-6.48473],[-38.22659,-6.49165],[-38.23139,-6.4937],[-38.23459,-6.49169],[-38.23385,-6.48235]]}},{"type":"Feature","properties":{"cota":300,"indice":false},"geometry":{"type":"LineString","coordinates":[[-37.74165,-6.18873],[-37.74061,-6.19346],[-37.74422,-6.20575],[-37.74043,-6.22008],[-37.74614,-6.22418],[-37.7464,-6.2351],[-37.75042,-6.23988],[-37.74185,-6.24739],[-37.74662,-6.25158],[-37.75211,-6.25061],[-37.75692,-6.24675],[-37.7601,-6.24807],[-37.75143,-6.2539],[-37.74456,-6.26535],[-37.73975,-6.26545],[-37.73701,-6.27036],[-37.73345,-6.26513],[-37.73844,-6.25899],[-37.73769,-6.25658],[-37.71709,-6.2499],[-37.71165,-6.2508],[-37.71015,-6.25421],[-37.70748,-6.25513],[-37.70273,-6.24875],[-37.69787,-6.24775],[-37.69814,-6.25763],[-37.69512,-6.26072],[-37.69479,-6.2665],[-37.69887,-6.27264],[-37.69279,-6.27401],[-37.69152,-6.27605],[-37.69924,-6.27954],[-37.70336,-6.27637],[-37.71739,-6.2781],[-37.71499,-6.28288],[-37.72048,-6.28697],[-37.71847,-6.2888],[-37.70679,-6.28981],[-37.70542,-6.29647],[-37.70097,-6.29926],[-37.70267,-6.30589],[-37.70748,-6.30724],[-37.71229,-6.30403],[-37.72053,-6.31118],[-37.72671,-6.31231],[-37.73632,-6.30873],[-37.74096,-6.31427],[-37.7372,-6.31769],[-37.73563,-6.32246],[-37.74319,-6.33247],[-37.74593,-6.33324],[-37.75555,-6.32551],[-37.76104,-6.32421],[-37.75814,-6.33134],[-37.7607,-6.33543],[-37.7556,-6.33748],[-37.75608,-6.34089],[-37.77409,-6.3494],[-37.77752,-6.355],[-37.78301,-6.35508],[-37.78415,-6.36068],[-37.78988,-6.36468],[-37.79514,-6.36546],[-37.79743,-6.37037],[-37.80087,-6.36565],[-37.80979,-6.36279],[-37.80997,-6.36887],[-37.81363,-6.37296],[-37.81057,-6.37706],[-37.81517,-6.38047],[-37.81197,-6.38525],[-37.81322,-6.3912],[-37.8096,-6.39275],[-37.80884,-6.39753],[-37.81254,-6.40343],[-37.81803,-6.40482],[-37.81933,-6.40708],[-37.81597,-6.40995],[-37.80979,-6.40805],[-37.79881,-6.39946],[-37.79183,-6.40777],[-37.79143,-6.41254],[-37.79535,-6.418],[-37.79096,-6.42278],[-37.78301,-6.42538],[-37.7734,-6.42309],[-37.77469,-6.42824],[-37.78507,-6.43317],[-37.79125,-6.43247],[-37.8043,-6.43585],[-37.81062,-6.43506],[-37.81627,-6.4296],[-37.81803,-6.42444],[-37.82215,-6.42442],[-37.82745,-6.43642],[-37.82382,-6.43847],[-37.82952,-6.44188],[-37.8297,-6.44961],[-37.83726,-6.45314],[-37.83821,-6.44802],[-37.84344,-6.44585],[-37.85305,-6.45379],[-37.86472,-6.45621],[-37.86735,-6.45416],[-37.86716,-6.45075],[-37.87036,-6.44871],[-37.87228,-6.44232],[-37.87596,-6.4528],[-37.87476,-6.45826],[-37.8764,-6.46204],[-37.87914,-6.46286],[-37.88136,-6.45689],[-37.87901,-6.45144],[-37.88282,-6.44871],[-37.87862,-6.44325],[-37.88189,-6.43477],[-37.88944,-6.434],[-37.89046,-6.4412],[-37.89494,-6.44485],[-37.90043,-6.44119],[-37.90661,-6.44003],[-37.90535,-6.43028],[-37.91553,-6.43363],[-37.91254,-6.43642],[-37.91373,-6.43915],[-37.91133,-6.44325],[-37.91326,-6.44666],[-37.91144,-6.45144],[-37.91416,-6.45216],[-37.92995,-6.43487],[-37.93422,-6.43779],[-37.92702,-6.44598],[-37.92684,-6.44939],[-37.93515,-6.4528],[-37.93324,-6.45621],[-37.93476,-6.45888],[-37.9401,-6.45894],[-37.93545,-6.46537],[-37.93064,-6.46018],[-37.91965,-6.4629],[-37.91818,-6.46645],[-37.92161,-6.46917],[-37.91743,-6.47259],[-37.91759,-6.47866],[-37.89425,-6.48775],[-37.8927,-6.49032],[-37.89494,-6.4945],[-37.9018,-6.49833],[-37.90524,-6.49755],[-37.90798,-6.50036],[-37.91073,-6.50035],[-37.91202,-6.49374],[-37.91973,-6.49101],[-37.91965,-6.48393],[-37.92446,-6.48554],[-37.92652,-6.48178],[-37.93362,-6.48077],[-37.93407,-6.47332],[-37.938,-6.47531],[-37.94098,-6.47941],[-37.94021,-6.4835],[-37.94231,-6.48452],[-37.94848,-6.48282],[-37.94849,-6.47708],[-37.95811,-6.47089],[-37.96047,-6.47531],[-37.95742,-6.48215],[-37.96429,-6.48318],[-37.96497,-6.4887],[-37.97253,-6.48839],[-37.9739,-6.4918],[-37.98949,-6.50056],[-37.98901,-6.50607],[-37.97939,-6.50075],[-37.97253,-6.50272],[-37.96703,-6.50683],[-37.95399,-6.5051],[-37.94575,-6.50639],[-37.94149,-6.50874],[-37.94012,-6.51284],[-37.93545,-6.51166],[-37.92935,-6.5142],[-37.93058,-6.51898],[-37.9245,-6.52239],[-37.93144,-6.52375],[-37.93352,-6.52785],[-37.93825,-6.53058],[-37.93835,-6.53467],[-37.94643,-6.53701],[-37.94819,-6.53944],[-37.93888,-6.54072],[-37.93476,-6.53941],[-37.93064,-6.54171],[-37.92652,-6.53968],[-37.92103,-6.54137],[-37.91553,-6.53562],[-37.91073,-6.54134],[-37.90432,-6.53944],[-37.90608,-6.54695],[-37.89974,-6.54461],[-37.89154,-6.54831],[-37.893,-6.5524],[-37.89031,-6.55445],[-37.89631,-6.55531],[-37.89493,-6.56127],[-37.89866,-6.56537],[-37.90018,-6.57219],[-37.90592,-6.57337],[-37.90936,-6.56943],[-37.92034,-6.5651],[-37.92011,-6.57423],[-37.91838,-6.57696],[-37.92446,-6.5781],[-37.92889,-6.57492],[-37.93058,-6.56332],[-37.93339,-6.56191],[-37.93819,-6.56968],[-37.94513,-6.56809],[-37.94413,-6.5756],[-37.9463,-6.58037],[-37.94437,-6.58409],[-37.93742,-6.58447],[-37.93682,-6.58881],[-37.93064,-6.58831],[-37.9302,-6.59265],[-37.92515,-6.59737],[-37.91348,-6.60323],[-37.9073,-6.6038],[-37.90318,-6.60044],[-37.89219,-6.59637],[-37.88601,-6.5976],[-37.88532,-6.61512],[-37.88189,-6.61472],[-37.87846,-6.61098],[-37.87296,-6.61555],[-37.86678,-6.61303],[-37.87019,-6.61721],[-37.86747,-6.62355],[-37.86335,-6.62285],[-37.85786,-6.62559],[-37.85556,-6.6288],[-37.85442,-6.63691],[-37.8503,-6.63582],[-37.84886,-6.63767],[-37.84989,-6.64108],[-37.8558,-6.64689],[-37.86816,-6.64953],[-37.8709,-6.65292],[-37.87293,-6.65063],[-37.86981,-6.64722],[-37.87228,-6.64176],[-37.87365,-6.64199],[-37.88059,-6.65063],[-37.8802,-6.6554],[-37.88189,-6.65791],[-37.89013,-6.65174],[-37.89494,-6.66246],[-37.9073,-6.66392],[-37.90824,-6.66699],[-37.91897,-6.67795],[-37.92927,-6.68268],[-37.94094,-6.67816],[-37.94575,-6.67379],[-37.96085,-6.66985],[-37.97047,-6.66318],[-37.98626,-6.66443],[-37.97945,-6.67245],[-37.97868,-6.68132],[-37.9739,-6.68945],[-37.96826,-6.69223],[-37.96596,-6.70246],[-37.96909,-6.70791],[-37.96291,-6.71196],[-37.96291,-6.71586],[-37.96841,-6.71546],[-37.97459,-6.71972],[-37.98489,-6.70978],[-37.98674,-6.71541],[-37.98969,-6.71533],[-37.99403,-6.70859],[-37.99316,-6.70314],[-37.98851,-6.69905],[-37.9895,-6.69496],[-37.99381,-6.69194],[-37.99862,-6.6935],[-38.00617,-6.68754],[-38.01024,-6.69496],[-38.00754,-6.69905],[-38.00961,-6.70311],[-38.01373,-6.70214],[-38.02197,-6.69541],[-38.02677,-6.70221],[-38.02952,-6.70284],[-38.0318,-6.70109],[-38.03249,-6.69632],[-38.02801,-6.69427],[-38.02725,-6.69018],[-38.03226,-6.6787],[-38.02059,-6.67975],[-38.01029,-6.68425],[-38.00848,-6.67927],[-38.00964,-6.67177],[-38.0024,-6.66495],[-38.02265,-6.65561],[-38.02521,-6.65131],[-38.02472,-6.64312],[-38.01825,-6.63767],[-38.01853,-6.63519],[-38.02608,-6.63604],[-38.04068,-6.64653],[-38.04224,-6.65063],[-38.05218,-6.65402],[-38.05101,-6.65881],[-38.05286,-6.66155],[-38.06385,-6.66027],[-38.06797,-6.66322],[-38.07058,-6.66222],[-38.06934,-6.65784],[-38.06454,-6.65773],[-38.05879,-6.65404],[-38.0659,-6.64858],[-38.06469,-6.64176],[-38.05823,-6.63835],[-38.06042,-6.63519],[-38.05522,-6.63358],[-38.0599,-6.62266],[-38.05754,-6.61721],[-38.06316,-6.61317],[-38.07877,-6.62198],[-38.08164,-6.61448],[-38.07345,-6.60493],[-38.06797,-6.60333],[-38.06412,-6.60493],[-38.06316,-6.61099],[-38.05904,-6.61229],[-38.04247,-6.59879],[-38.04454,-6.59606],[-38.0436,-6.59333],[-38.0311,-6.58651],[-38.03158,-6.58484],[-38.03364,-6.58695],[-38.04021,-6.58515],[-38.03501,-6.57541],[-38.02929,-6.57151],[-38.029,-6.56878],[-38.03158,-6.56719],[-38.03614,-6.56878],[-38.03745,-6.57287],[-38.04047,-6.57492],[-38.04105,-6.58037],[-38.04806,-6.58738],[-38.06186,-6.59129],[-38.07415,-6.59156],[-38.07568,-6.59674],[-38.0817,-6.60001],[-38.08376,-6.60003],[-38.08514,-6.59704],[-38.092,-6.60025],[-38.09407,-6.6022],[-38.09486,-6.60834],[-38.09818,-6.61207],[-38.10166,-6.61107],[-38.10505,-6.60341],[-38.1078,-6.60212],[-38.10579,-6.60902],[-38.10711,-6.62191],[-38.11123,-6.62334],[-38.12056,-6.61925],[-38.11744,-6.62471],[-38.11878,-6.62827],[-38.12702,-6.63603],[-38.13609,-6.63971],[-38.13637,-6.6479],[-38.13938,-6.65698],[-38.1332,-6.65549],[-38.11741,-6.64566],[-38.11466,-6.64637],[-38.11791,-6.66086],[-38.10574,-6.66247],[-38.102,-6.66836],[-38.1042,-6.67381],[-38.10328,-6.67654],[-38.10775,-6.67995],[-38.10543,-6.68609],[-38.11741,-6.68945],[-38.11895,-6.68268],[-38.1229,-6.6795],[-38.12443,-6.68404],[-38.1284,-6.68752],[-38.14831,-6.68521],[-38.15105,-6.68204],[-38.16891,-6.69859],[-38.17371,-6.70081],[-38.16974,-6.68473],[-38.1641,-6.68044],[-38.15449,-6.67801],[-38.14968,-6.675],[-38.14828,-6.67177],[-38.15586,-6.6735],[-38.16204,-6.6774],[-38.16616,-6.67661],[-38.16959,-6.67819],[-38.17234,-6.67663],[-38.17317,-6.68336],[-38.17692,-6.68745],[-38.17576,-6.69223],[-38.17921,-6.69771],[-38.18195,-6.69837],[-38.18247,-6.69496],[-38.18813,-6.69317],[-38.19088,-6.68964],[-38.19933,-6.70109],[-38.19639,-6.7045],[-38.19981,-6.7105],[-38.20765,-6.71337],[-38.20667,-6.7065],[-38.21825,-6.70928],[-38.21401,-6.70382],[-38.21489,-6.70041],[-38.21133,-6.69291],[-38.20255,-6.68937],[-38.19948,-6.68336],[-38.18656,-6.67109],[-38.18219,-6.66222],[-38.17165,-6.66068],[-38.1706,-6.65745],[-38.16547,-6.65618],[-38.16384,-6.64312],[-38.15174,-6.63524],[-38.14776,-6.63494],[-38.1435,-6.62473],[-38.13556,-6.6213],[-38.12874,-6.6138],[-38.12634,-6.60819],[-38.10368,-6.59523],[-38.09873,-6.58651],[-38.1019,-6.58242],[-38.09918,-6.57696],[-38.10183,-6.57287],[-38.0975,-6.56238],[-38.10018,-6.564],[-38.10093,-6.56887],[-38.10508,-6.56946],[-38.10491,-6.5756],[-38.10866,-6.58242],[-38.10891,-6.58992],[-38.11301,-6.5906],[-38.11226,-6.5831],[-38.1181,-6.58145],[-38.12359,-6.5892],[-38.13114,-6.59035],[-38.13583,-6.59811],[-38.14213,-6.60027],[-38.14567,-6.60834],[-38.15105,-6.61076],[-38.15534,-6.6097],[-38.15206,-6.60015],[-38.15311,-6.59743],[-38.1589,-6.60288],[-38.16142,-6.60288],[-38.15586,-6.59674],[-38.15586,-6.59181],[-38.1515,-6.58856],[-38.15517,-6.58719],[-38.15655,-6.58344],[-38.16547,-6.58703],[-38.1675,-6.58242],[-38.16122,-6.5756],[-38.17165,-6.57934],[-38.17646,-6.57225],[-38.17989,-6.596],[-38.18264,-6.59518],[-38.19019,-6.5869],[-38.19431,-6.58504],[-38.19762,-6.58719],[-38.19105,-6.59538],[-38.19534,-6.60697],[-38.20118,-6.59768],[-38.21423,-6.60231],[-38.21681,-6.60084],[-38.21556,-6.59538],[-38.21873,-6.59606],[-38.22586,-6.6022],[-38.22521,-6.60549],[-38.22071,-6.6097],[-38.223,-6.61516],[-38.2259,-6.61577],[-38.22796,-6.61076],[-38.23277,-6.60785],[-38.23608,-6.61039],[-38.23453,-6.61584],[-38.23895,-6.61856],[-38.2438,-6.61857],[-38.24787,-6.625],[-38.24993,-6.63103],[-38.24444,-6.62763],[-38.24169,-6.63058],[-38.23483,-6.62812],[-38.23551,-6.63078],[-38.24067,-6.63426],[-38.2422,-6.63903],[-38.23393,-6.64517],[-38.23551,-6.64803],[-38.24306,-6.65127],[-38.24709,-6.64926],[-38.24856,-6.64334],[-38.25367,-6.64653],[-38.25311,-6.65131],[-38.25627,-6.65472],[-38.25706,-6.65881],[-38.25323,-6.66222],[-38.25336,-6.66711],[-38.25013,-6.66972],[-38.25405,-6.67543],[-38.25838,-6.67313],[-38.25945,-6.66631],[-38.26298,-6.6669],[-38.26652,-6.66358],[-38.26439,-6.65745],[-38.26572,-6.65558],[-38.27143,-6.66017],[-38.2719,-6.66999],[-38.28152,-6.67033],[-38.28426,-6.67796],[-38.28901,-6.67518],[-38.29089,-6.66904],[-38.27531,-6.6554],[-38.27671,-6.65363],[-38.28358,-6.65496],[-38.28499,-6.65267],[-38.27066,-6.63562],[-38.26537,-6.63562],[-38.2644,-6.63289],[-38.26633,-6.62744],[-38.25953,-6.61993],[-38.2641,-6.61789],[-38.26378,-6.61516],[-38.26092,-6.61315],[-38.25474,-6.61503],[-38.25336,-6.61167],[-38.24464,-6.60697],[-38.24434,-6.60084],[-38.23957,-6.59674],[-38.23993,-6.59401],[-38.22975,-6.58788],[-38.22726,-6.5831],[-38.22947,-6.58242],[-38.24718,-6.59358],[-38.24872,-6.60015],[-38.25268,-6.60226],[-38.25465,-6.59265],[-38.24991,-6.58583],[-38.25309,-6.5831],[-38.25369,-6.57628],[-38.25817,-6.57499],[-38.25925,-6.57628],[-38.25611,-6.58556],[-38.26548,-6.58992],[-38.26242,-6.59606],[-38.26504,-6.59901],[-38.26548,-6.60356],[-38.26227,-6.60902],[-38.26504,-6.60913],[-38.26641,-6.60333],[-38.2712,-6.60425],[-38.27122,-6.59935],[-38.27808,-6.60684],[-38.28083,-6.60521],[-38.28517,-6.60766],[-38.28013,-6.61652],[-38.28389,-6.61925],[-38.28399,-6.6213],[-38.27908,-6.62334],[-38.27808,-6.62889],[-38.28426,-6.63052],[-38.28976,-6.62878],[-38.29103,-6.62675],[-38.2895,-6.6213],[-38.29594,-6.61513],[-38.29821,-6.61721],[-38.29625,-6.6213],[-38.30495,-6.62539],[-38.30567,-6.63221],[-38.30399,-6.63562],[-38.30692,-6.63971],[-38.30486,-6.64104],[-38.298,-6.63573],[-38.29489,-6.6363],[-38.29508,-6.64176],[-38.29269,-6.64381],[-38.29662,-6.6503],[-38.30555,-6.65401],[-38.30898,-6.65241],[-38.31928,-6.66007],[-38.3208,-6.65881],[-38.31937,-6.65063],[-38.32077,-6.65063],[-38.33714,-6.66319],[-38.34538,-6.66304],[-38.35087,-6.65395],[-38.35092,-6.65949],[-38.35499,-6.65903],[-38.35889,-6.6629],[-38.3539,-6.66427],[-38.35361,-6.67026],[-38.36254,-6.67327],[-38.36803,-6.66663],[-38.37009,-6.66653],[-38.37265,-6.66904],[-38.37257,-6.67313],[-38.36864,-6.67722],[-38.36921,-6.68268],[-38.37696,-6.68551],[-38.38277,-6.68404],[-38.38314,-6.68966],[-38.38932,-6.69308],[-38.3907,-6.69223],[-38.38944,-6.68609],[-38.39307,-6.68336],[-38.38937,-6.68132],[-38.39072,-6.67654],[-38.38226,-6.66427],[-38.39101,-6.65949],[-38.38666,-6.65063],[-38.39001,-6.64965],[-38.39101,-6.65199],[-38.39917,-6.6554],[-38.39926,-6.66563],[-38.40374,-6.66986],[-38.4057,-6.66699],[-38.40398,-6.66086],[-38.40855,-6.65831],[-38.41198,-6.66207],[-38.41953,-6.65221],[-38.4216,-6.65404],[-38.42228,-6.66059],[-38.42818,-6.66017],[-38.42691,-6.66358],[-38.42884,-6.66631],[-38.42668,-6.66904],[-38.42811,-6.67381],[-38.41758,-6.68268],[-38.42022,-6.68838],[-38.42434,-6.68719],[-38.42709,-6.6885],[-38.43395,-6.68189],[-38.43338,-6.68745],[-38.43656,-6.69086],[-38.43566,-6.69496],[-38.43876,-6.69662],[-38.44107,-6.69427],[-38.44082,-6.69064],[-38.44708,-6.68814],[-38.44906,-6.68418],[-38.46116,-6.69359],[-38.46184,-6.69768],[-38.46496,-6.69768],[-38.46279,-6.6854],[-38.45887,-6.68268],[-38.45936,-6.67971],[-38.45661,-6.67759],[-38.45524,-6.67303],[-38.44733,-6.66563],[-38.44631,-6.66051],[-38.4573,-6.66757],[-38.46348,-6.66272],[-38.46949,-6.66836],[-38.47034,-6.67351],[-38.47729,-6.67654],[-38.47942,-6.682],[-38.4827,-6.68369],[-38.49026,-6.69463],[-38.49781,-6.69879],[-38.50124,-6.69426],[-38.50948,-6.69749],[-38.50978,-6.69359],[-38.50532,-6.68814],[-38.49781,-6.68659],[-38.49482,-6.68132],[-38.49592,-6.67791],[-38.493,-6.67411],[-38.48614,-6.67325],[-38.48133,-6.66464],[-38.47455,-6.66358],[-38.4742,-6.65676],[-38.45798,-6.64429],[-38.44926,-6.63494],[-38.4261,-6.60356],[-38.42365,-6.59218],[-38.44034,-6.58992],[-38.44041,-6.58719],[-38.43739,-6.58558],[-38.42777,-6.58649],[-38.41953,-6.59012],[-38.40844,-6.5831],[-38.40569,-6.56946],[-38.41061,-6.56592],[-38.4106,-6.55991],[-38.41953,-6.5573],[-38.42228,-6.55172],[-38.41404,-6.55026],[-38.41458,-6.55309],[-38.40509,-6.55923],[-38.40374,-6.56373],[-38.40031,-6.56097],[-38.39687,-6.56106],[-38.39722,-6.55513],[-38.39138,-6.55715],[-38.3896,-6.55036],[-38.39543,-6.54899],[-38.39482,-6.54422],[-38.40318,-6.53603],[-38.39619,-6.534],[-38.3934,-6.52921],[-38.38383,-6.52388],[-38.39344,-6.51375],[-38.39756,-6.51802],[-38.40168,-6.51558],[-38.40923,-6.52014],[-38.4161,-6.52893],[-38.41807,-6.52785],[-38.41531,-6.52512],[-38.41528,-6.52239],[-38.41885,-6.52009],[-38.44151,-6.53967],[-38.45661,-6.54124],[-38.46348,-6.54656],[-38.47034,-6.54667],[-38.48125,-6.5524],[-38.4782,-6.55854],[-38.47894,-6.56264],[-38.47464,-6.56946],[-38.47717,-6.57423],[-38.48413,-6.57969],[-38.48455,-6.58378],[-38.4895,-6.58447],[-38.48768,-6.58856],[-38.48977,-6.5947],[-38.493,-6.59697],[-38.49578,-6.59606],[-38.50124,-6.58924],[-38.49899,-6.57696],[-38.50181,-6.56332],[-38.50084,-6.55991],[-38.50262,-6.55815],[-38.50674,-6.55976],[-38.51772,-6.55651],[-38.5239,-6.56266],[-38.53316,-6.55923],[-38.53489,-6.55676],[-38.53704,-6.55718],[-38.53738,-6.56196],[-38.53469,-6.56468],[-38.53891,-6.56946],[-38.53352,-6.5756],[-38.54076,-6.57628],[-38.54038,-6.58195],[-38.54917,-6.57014],[-38.55274,-6.56797],[-38.55689,-6.56946],[-38.55686,-6.57462],[-38.56373,-6.57542],[-38.56853,-6.58181],[-38.58011,-6.57355],[-38.58213,-6.56741],[-38.58579,-6.56809],[-38.58698,-6.57287],[-38.59319,-6.57355],[-38.58905,-6.57696],[-38.58992,-6.5831],[-38.59266,-6.58719],[-38.58021,-6.59177],[-38.57883,-6.59668],[-38.57334,-6.59648],[-38.56647,-6.5933],[-38.5651,-6.60055],[-38.55178,-6.60084],[-38.54732,-6.60766],[-38.55412,-6.60827],[-38.5518,-6.61584],[-38.55618,-6.61527],[-38.56236,-6.61031],[-38.56922,-6.61129],[-38.57471,-6.60859],[-38.57689,-6.61584],[-38.58294,-6.61789],[-38.58041,-6.62334],[-38.58295,-6.62495],[-38.58815,-6.62334],[-38.58941,-6.61175],[-38.59394,-6.61147],[-38.59806,-6.61663],[-38.60013,-6.61175],[-38.6063,-6.6088],[-38.60836,-6.62222],[-38.61779,-6.62062],[-38.6161,-6.62948],[-38.61385,-6.63089],[-38.61935,-6.63383],[-38.62553,-6.62932],[-38.6372,-6.63134],[-38.64063,-6.62878],[-38.64441,-6.63221],[-38.64544,-6.63757],[-38.65437,-6.63416],[-38.65077,-6.64312],[-38.65231,-6.64616],[-38.65517,-6.64458]]}},{"type":"Feature","properties":{"cota":800,"indice":false},"geometry":{"type":"LineString","coordinates":[[-38.56853,-6.36873],[-38.56647,-6.36865],[-38.56647,-6.37014],[-38.56961,-6.37024],[-38.56853,-6.36873]]}},{"type":"Feature","properties":{"cota":400,"indice":false},"geometry":{"type":"LineString","coordinates":[[-38.37666,-6.44103],[-38.38863,-6.44897],[-38.39513,-6.44802],[-38.39895,-6.45826],[-38.40786,-6.4577],[-38.41198,-6.45448],[-38.41362,-6.45962],[-38.4161,-6.46139],[-38.41888,-6.45894],[-38.41953,-6.45397],[-38.42503,-6.45574],[-38.44425,-6.45581],[-38.44471,-6.4528],[-38.44008,-6.44734],[-38.44151,-6.44326],[-38.44769,-6.44675],[-38.45249,-6.44537],[-38.45655,-6.44666],[-38.46485,-6.45443],[-38.46657,-6.4528],[-38.46622,-6.44937],[-38.47414,-6.44871],[-38.47089,-6.44257],[-38.47166,-6.43847],[-38.46877,-6.43506],[-38.46704,-6.42755],[-38.46828,-6.42668],[-38.47446,-6.43305],[-38.48075,-6.43574],[-38.48545,-6.44361],[-38.49437,-6.44802],[-38.49246,-6.4528],[-38.49762,-6.45553],[-38.49957,-6.45962],[-38.49415,-6.46372],[-38.49918,-6.47161],[-38.51429,-6.47925],[-38.51247,-6.48418],[-38.5136,-6.48593],[-38.52047,-6.48564],[-38.52094,-6.48009],[-38.51705,-6.47463],[-38.51978,-6.47457],[-38.53704,-6.4876],[-38.53255,-6.49305],[-38.53489,-6.50006],[-38.54244,-6.50117],[-38.54588,-6.49587],[-38.55274,-6.50424],[-38.56098,-6.50754],[-38.56853,-6.5074],[-38.57334,-6.51116],[-38.57575,-6.51557],[-38.56546,-6.51761],[-38.57026,-6.52102],[-38.57359,-6.52989],[-38.57128,-6.53083],[-38.56304,-6.52602],[-38.56167,-6.53412],[-38.56853,-6.53494],[-38.57197,-6.53329],[-38.57746,-6.53801],[-38.58295,-6.53816],[-38.59054,-6.55309],[-38.60218,-6.56109],[-38.60767,-6.56106],[-38.61317,-6.55416],[-38.6261,-6.55923],[-38.62685,-6.56264],[-38.63027,-6.56332],[-38.63102,-6.56657],[-38.63295,-6.56716]]}},{"type":"Feature","properties":{"cota":500,"indice":true},"geometry":{"type":"MultiLineString","coordinates":[[[-38.45122,-6.3929],[-38.4508,-6.3928]],[[-38.44954,-6.39756],[-38.45318,-6.39704],[-38.45627,-6.3989],[-38.45734,-6.40435],[-38.46505,-6.41118],[-38.47034,-6.42272],[-38.48064,-6.42996],[-38.47721,-6.40427],[-38.47927,-6.40168],[-38.48153,-6.40708],[-38.48682,-6.41174],[-38.49644,-6.38529],[-38.4985,-6.38417],[-38.50468,-6.38874],[-38.50942,-6.3832],[-38.50018,-6.37228],[-38.50026,-6.36614],[-38.51154,-6.3744],[-38.52253,-6.38732],[-38.5282,-6.38866],[-38.52802,-6.3925],[-38.52472,-6.3948],[-38.5245,-6.3978]],[[-38.52678,-6.3968],[-38.53008,-6.39623],[-38.53184,-6.39834]]]}},{"type":"Feature","properties":{"cota":400,"indice":false},"geometry":{"type":"LineString","coordinates":[[-37.76205,-6.25576],[-37.75766,-6.26036],[-37.76035,-6.26527],[-37.75074,-6.26683],[-37.74916,-6.27469],[-37.74319,-6.27256],[-37.73975,-6.2787],[-37.73632,-6.27576],[-37.7322,-6.27642],[-37.73054,-6.27059],[-37.72552,-6.26923],[-37.72877,-6.26216],[-37.72053,-6.25957],[-37.70007,-6.2624],[-37.69951,-6.2665],[-37.70199,-6.27043],[-37.70885,-6.27471],[-37.71915,-6.27375],[-37.72187,-6.27742],[-37.72259,-6.28292],[-37.74368,-6.28766],[-37.74181,-6.29012],[-37.73426,-6.28889],[-37.72739,-6.2973],[-37.7219,-6.29149],[-37.71847,-6.29395],[-37.71023,-6.29276],[-37.70954,-6.29749],[-37.71984,-6.29532],[-37.73014,-6.30133],[-37.73563,-6.30012],[-37.74877,-6.30677],[-37.7528,-6.3154],[-37.75733,-6.31223],[-37.75515,-6.30608],[-37.75745,-6.30131],[-37.76783,-6.30267],[-37.77134,-6.30798],[-37.7788,-6.31154],[-37.77901,-6.31769],[-37.78301,-6.32322],[-37.78851,-6.32386],[-37.79606,-6.33254],[-37.80842,-6.31922],[-37.81342,-6.32519],[-37.81484,-6.33065],[-37.81872,-6.33381],[-37.83108,-6.33404],[-37.84244,-6.33149]]}},{"type":"Feature","properties":{"cota":400,"indice":false},"geometry":{"type":"MultiLineString","coordinates":[[[-37.7631,-6.252],[-37.76023,-6.25353],[-37.76193,-6.2548]],[[-37.76327,-6.25216],[-37.7631,-6.252]]]}},{"type":"Feature","properties":{"cota":400,"indice":false},"geometry":{"type":"LineString","coordinates":[[-37.52483,-6.36468],[-37.52123,-6.36819],[-37.52415,-6.37564],[-37.5317,-6.37829],[-37.5396,-6.37501],[-37.53105,-6.36682],[-37.52483,-6.36468]]}},{"type":"Feature","properties":{"cota":300,"indice":false},"geometry":{"type":"LineString","coordinates":[[-37.49256,-6.35315],[-37.47876,-6.36],[-37.48363,-6.36344],[-37.4905,-6.36264],[-37.49393,-6.36411],[-37.49943,-6.36022],[-37.50629,-6.35915],[-37.50933,-6.3559],[-37.50835,-6.35445],[-37.49256,-6.35315]]}},{"type":"Feature","properties":{"cota":400,"indice":false},"geometry":{"type":"LineString","coordinates":[[-37.49462,-6.35518],[-37.48432,-6.35787],[-37.48275,-6.36],[-37.48569,-6.36188],[-37.49806,-6.35795],[-37.49462,-6.35518]]}},{"type":"Feature","properties":{"cota":200,"indice":false},"geometry":{"type":"LineString","coordinates":[[-37.46578,-6.35006],[-37.45947,-6.35181],[-37.45894,-6.3559],[-37.46647,-6.35792],[-37.46789,-6.35317],[-37.46578,-6.35006]]}},{"type":"Feature","properties":{"cota":200,"indice":false},"geometry":{"type":"LineString","coordinates":[[-37.55642,-6.35112],[-37.55312,-6.35113],[-37.55288,-6.35317],[-37.55642,-6.35112]]}},{"type":"Feature","properties":{"cota":200,"indice":false},"geometry":{"type":"LineString","coordinates":[[-37.45892,-6.30335],[-37.46029,-6.30557],[-37.45892,-6.30335]]}},{"type":"Feature","properties":{"cota":200,"indice":false},"geometry":{"type":"LineString","coordinates":[[-37.49119,-6.26552],[-37.48947,-6.2665],[-37.49119,-6.27046],[-37.49319,-6.26855],[-37.49119,-6.26552]]}},{"type":"Feature","properties":{"cota":200,"indice":false},"geometry":{"type":"LineString","coordinates":[[-37.58114,-6.2034],[-37.57952,-6.20507],[-37.58457,-6.20909],[-37.58536,-6.2078],[-37.58114,-6.2034]]}},{"type":"Feature","properties":{"cota":300,"indice":false},"geometry":{"type":"LineString","coordinates":[[-37.7219,-6.31288],[-37.71539,-6.31632],[-37.71351,-6.32246],[-37.71641,-6.32596],[-37.71915,-6.32587],[-37.72638,-6.31973],[-37.72602,-6.31363],[-37.7219,-6.31288]]}},{"type":"Feature","properties":{"cota":300,"indice":false},"geometry":{"type":"LineString","coordinates":[[-37.68002,-6.30258],[-37.67802,-6.3054],[-37.68276,-6.31084],[-37.68894,-6.31277],[-37.69314,-6.31154],[-37.69322,-6.30881],[-37.68826,-6.30428],[-37.68002,-6.30258]]}},{"type":"Feature","properties":{"cota":500,"indice":true},"geometry":{"type":"LineString","coordinates":[[-37.74937,-6.29444],[-37.7425,-6.29935],[-37.73907,-6.29696],[-37.73837,-6.29858],[-37.74525,-6.30272],[-37.75074,-6.30184],[-37.75092,-6.29585],[-37.74937,-6.29444]]}},{"type":"Feature","properties":{"cota":200,"indice":false},"geometry":{"type":"LineString","coordinates":[[-37.60105,-6.25751],[-37.59954,-6.25967],[-37.60242,-6.25926],[-37.60105,-6.25751]]}},{"type":"Feature","properties":{"cota":300,"indice":false},"geometry":{"type":"LineString","coordinates":[[-37.72053,-6.21724],[-37.71882,-6.21735],[-37.71909,-6.22008],[-37.72327,-6.22322],[-37.72327,-6.21958],[-37.72053,-6.21724]]}},{"type":"Feature","properties":{"cota":200,"indice":false},"geometry":{"type":"LineString","coordinates":[[-37.62852,-6.21524],[-37.62989,-6.21721],[-37.62764,-6.21667],[-37.62852,-6.21524]]}},{"type":"Feature","properties":{"cota":600,"indice":false},"geometry":{"type":"LineString","coordinates":[[-37.75106,-6.19808],[-37.75461,-6.20283]]}},{"type":"Feature","properties":{"cota":600,"indice":false},"geometry":{"type":"LineString","coordinates":[[-37.76454,-6.21968],[-37.76379,-6.22312],[-37.76794,-6.22325]]}},{"type":"Feature","properties":{"cota":500,"indice":true},"geometry":{"type":"LineString","coordinates":[[-37.7494,-6.19633],[-37.75301,-6.20507],[-37.75053,-6.21053],[-37.75143,-6.21686],[-37.75623,-6.21759],[-37.76222,-6.22623],[-37.76957,-6.22496]]}},{"type":"Feature","properties":{"cota":400,"indice":false},"geometry":{"type":"LineString","coordinates":[[-37.74516,-6.1919],[-37.75018,-6.20438],[-37.74751,-6.21053],[-37.74733,-6.2194],[-37.75008,-6.22691],[-37.75211,-6.22924],[-37.75555,-6.22743],[-37.75829,-6.23132],[-37.76516,-6.22992],[-37.76692,-6.23364]]}}]}