{"type":"FeatureCollection","features":[{"type":"Feature","properties":{"SIGLA":"PP2pac","NOME":"Complexo Pão de Açúcar","LITOTIPOS":"Metadiorito, Metagranito, Metagranodiorito, Metatonalito, Migmatito, Ortognaisse granodiorítico","AMBIENTE_TECTONICO":null,"ERA_MIN":"Paleoproterozóico","ERA_MAX":"Paleoproterozóico","IDADE_MIN":2050.1,"IDADE_MAX":2300.0,"LEGENDA":"Ortognaisse migmatítico, quartzo- diorítico, tonalítico a granítico, granodiorítico, com intercalações de rochas máficas (anfibolitos) e ultramáficas e restos de paraderivadas.","area_km2":177.69},"geometry":{"type":"Polygon","coordinates":[[[-36.81327,-8.20549],[-36.8617,-8.2224],[-36.8792,-8.2356],[-36.896,-8.2408],[-36.923,-8.2698],[-36.9422,-8.2739],[-36.947,-8.2774],[-36.9473,-8.2911],[-36.9545,-8.2992],[-36.9602,-8.3005],[-36.978,-8.2974],[-36.9912,-8.303],[-37.0206,-8.2897],[-37.02747,-8.28377],[-36.98297,-8.24285],[-36.94871,-8.22803],[-36.90577,-8.20481],[-36.8522,-8.17303],[-36.80859,-8.14144],[-36.75139,-8.12001],[-36.66532,-8.10624],[-36.72279,-8.13529],[-36.76027,-8.15938],[-36.79546,-8.1901],[-36.8058,-8.1954],[-36.81327,-8.20549]]]}},{"type":"Feature","properties":{"SIGLA":"NP3_gamma_i","NOME":"Corpo Granitoides indiscriminados brasilianos","LITOTIPOS":"Biotita granito, Granito pórfiro, Granitoide, Granodiorito, Metagranito, Monzogranito, Quartzo diorito, Quartzo monzonito, Sienogranito, Tonalito","AMBIENTE_TECTONICO":null,"ERA_MIN":"Neoproterozóico","ERA_MAX":"Neoproterozóico","IDADE_MIN":541.1,"IDADE_MAX":635.0,"LEGENDA":"Granitoides de composição petrográfica diversa e quimismo não determinado. Granitoides cinzentos, geralmente de granulometria média a grossa (fácies porfirítica subordinada), de composição granítica dominante, em parte com enclaves dioríticos, em jazimentos individualizados ou intrusivos, de foliação incipiente, alguns gnaissificados e fortemente milonitizados. Monzogranito, granodiorito, tonalito e sienogranito cinza claro a róseo, com granulação fina, foliação definida pela orientação preferencial da biotita; possuem xenólitos; Sienito isotrópico fino a médio, inequigranular e porfirítico.; Hornblenda -biotita diorito e monzodiorito inequigranular fino, foliado, de coloração cinza escura, com enclaves microgranulares e clots de biotita; Biotita metaquartzo sienito a granito peraluminoso, metagranito com biotita metaluminoso e hiperstênio-hornblenda metatonalito. Localmente, exibem foliação magmática; Também ocorrem quartzo diorito, granodiorito, tonalito e quartzo monzonito fortemente milonitizados. Também ocorrem quartzo diorito, granodiorito, tonalito e quartzo monzonito.","area_km2":27.71},"geometry":{"type":"MultiPolygon","coordinates":[[[[-36.72487,-8.15286],[-36.77201,-8.19207],[-36.79546,-8.1901],[-36.76027,-8.15938],[-36.72279,-8.13529],[-36.66532,-8.10624],[-36.63226,-8.09961],[-36.66679,-8.11749],[-36.69229,-8.13541],[-36.72487,-8.15286]]],[[[-36.81196,-8.2045],[-36.8125,-8.2053],[-36.81327,-8.20549],[-36.81196,-8.2045]]]]}},{"type":"Feature","properties":{"SIGLA":"NP3_gamma_3tf5","NOME":"Corpo Plúton Sem Denominação","LITOTIPOS":"Álcali-feldspato granito, Quartzo álcali-feldspato sienito","AMBIENTE_TECTONICO":null,"ERA_MIN":"Neoproterozóico","ERA_MAX":"Neoproterozóico","IDADE_MIN":541.1,"IDADE_MAX":635.0,"LEGENDA":"Alcalifeldspato-granito/sienito, quartzo-sienito e quartzomonzonito equigranulares médios a finos, apresentam biotita, hornblenda e piroxênio. São peralcalinos com afinidades ultrapotássicas, enclaves máficos e xenólitos são frequentes nestas rochas.","area_km2":16.5},"geometry":{"type":"Polygon","coordinates":[[[-36.85855,-8.17529],[-36.86136,-8.17302],[-36.86103,-8.1679],[-36.84652,-8.15493],[-36.85125,-8.1495],[-36.85161,-8.14547],[-36.8397,-8.1355],[-36.75139,-8.12001],[-36.80859,-8.14144],[-36.8522,-8.17303],[-36.85855,-8.17529]]]}},{"type":"Feature","properties":{"SIGLA":"PP2pac","NOME":"Complexo Pão de Açúcar","LITOTIPOS":"Metadiorito, Metagranito, Metagranodiorito, Metatonalito, Migmatito, Ortognaisse granodiorítico","AMBIENTE_TECTONICO":null,"ERA_MIN":"Paleoproterozóico","ERA_MAX":"Paleoproterozóico","IDADE_MIN":2050.1,"IDADE_MAX":2300.0,"LEGENDA":"Ortognaisse migmatítico, quartzo- diorítico, tonalítico a granítico, granodiorítico, com intercalações de rochas máficas (anfibolitos) e ultramáficas e restos de paraderivadas.","area_km2":58.85},"geometry":{"type":"Polygon","coordinates":[[[-36.82974,-8.08861],[-36.83526,-8.10154],[-36.84281,-8.11163],[-36.85788,-8.12216],[-36.87752,-8.12929],[-36.92983,-8.14184],[-36.98667,-8.1679],[-36.96431,-8.14829],[-36.92,-8.10244],[-36.89137,-8.07974],[-36.86364,-8.07202],[-36.84323,-8.07119],[-36.83487,-8.07365],[-36.83197,-8.07687],[-36.82974,-8.08861]],[[-36.89055,-8.11771],[-36.86145,-8.09809],[-36.85523,-8.09202],[-36.85528,-8.08834],[-36.85917,-8.08709],[-36.86636,-8.08911],[-36.8772,-8.09561],[-36.89008,-8.11105],[-36.89233,-8.11637],[-36.89055,-8.11771]]]}},{"type":"Feature","properties":{"SIGLA":"NP3_gamma_2it31","NOME":"Corpo Plúton Serra da Jararaca","LITOTIPOS":"Diorito, Granito, Granodiorito, Monzonito","AMBIENTE_TECTONICO":null,"ERA_MIN":"Neoproterozóico","ERA_MAX":"Neoproterozóico","IDADE_MIN":541.1,"IDADE_MAX":635.0,"LEGENDA":"Granito e granodiorito, grossos a porfiríticos, com ou sem epidoto magmático, associados a diorito e fases intermediárias de mistura, calcialcalinos de alto K, metaluminosos","area_km2":217.57},"geometry":{"type":"MultiPolygon","coordinates":[[[[-36.72181,-8.15071],[-36.69229,-8.13541],[-36.66679,-8.11749],[-36.63226,-8.09961],[-36.79434,-8.1285],[-36.8397,-8.1355],[-36.89042,-8.13969],[-36.84724,-8.12959],[-36.82313,-8.11901],[-36.75505,-8.05468],[-36.75037,-8.03462],[-36.74245,-8.01648],[-36.74669,-8.0177],[-36.75376,-8.00827],[-36.77646,-8.00523],[-36.78171,-8.0],[-36.62673,-8.0],[-36.6293,-8.0254],[-36.6288,-8.0571],[-36.6538,-8.0704],[-36.6587,-8.0798],[-36.6504,-8.0813],[-36.6477,-8.0913],[-36.637,-8.0932],[-36.6279,-8.1029],[-36.6286,-8.1111],[-36.6403,-8.1199],[-36.6652,-8.1233],[-36.6939,-8.1408],[-36.687,-8.1557],[-36.697,-8.1547],[-36.7037,-8.158],[-36.72181,-8.15071]]],[[[-36.77201,-8.19207],[-36.73649,-8.16157],[-36.72316,-8.15166],[-36.7258,-8.1564],[-36.7189,-8.1616],[-36.724,-8.1725],[-36.7409,-8.1724],[-36.7501,-8.1757],[-36.7535,-8.1915],[-36.7616,-8.1963],[-36.77201,-8.19207]]]]}},{"type":"Feature","properties":{"SIGLA":"NP2_gamma_i","NOME":"Corpo Granitoides indiscriminados brasilianos","LITOTIPOS":"Metagranito, Metagranodiorito, Metamonzodiorito, Metatonalito, Ortognaisse","AMBIENTE_TECTONICO":null,"ERA_MIN":"Neoproterozóico","ERA_MAX":"Neoproterozóico","IDADE_MIN":635.1,"IDADE_MAX":720.0,"LEGENDA":"Metagranitóides, ortognaisses e ortognaisses migmatíticos de composições monzogranítica, granodiorítica, quartzo-monzonítica e tonalítica. Possuem enclaves máficos e xenólitos. Natureza química indiscriminada. ","area_km2":4.56},"geometry":{"type":"Polygon","coordinates":[[[-36.89055,-8.11771],[-36.89233,-8.11637],[-36.89008,-8.11105],[-36.8772,-8.09561],[-36.86636,-8.08911],[-36.85917,-8.08709],[-36.85528,-8.08834],[-36.85523,-8.09202],[-36.86145,-8.09809],[-36.89055,-8.11771]]]}},{"type":"Feature","properties":{"SIGLA":"PPMP_gamma_c","NOME":"Suíte Camalaú","LITOTIPOS":"Augen gnaisse, Metagranito, Metamonzonito, Metassienito, Metatonalito, Metatrondhjemito, Ortognaisse, Ortognaisse monzogranítico","AMBIENTE_TECTONICO":null,"ERA_MIN":"Mesoproterozóico","ERA_MAX":"Paleoproterozóico","IDADE_MIN":1000.1,"IDADE_MAX":2500.0,"LEGENDA":"Ortognaisse monzonítico a monzograníticos e/ou tonalítico-trondhjemítico-granítico e sienítico. Por vezes granadíferos com anfibólio e piroxênio associados espacialmente a rochas metagabróicas e metanortosíticas.","area_km2":1.87},"geometry":{"type":"Polygon","coordinates":[[[-36.93564,-8.08264],[-36.91913,-8.06467],[-36.88776,-8.03893],[-36.91287,-8.06535],[-36.93564,-8.08264]]]}},{"type":"Feature","properties":{"SIGLA":"PPMP_gamma_c","NOME":"Suíte Camalaú","LITOTIPOS":"Augen gnaisse, Metagranito, Metamonzonito, Metassienito, Metatonalito, Metatrondhjemito, Ortognaisse, Ortognaisse monzogranítico","AMBIENTE_TECTONICO":null,"ERA_MIN":"Mesoproterozóico","ERA_MAX":"Paleoproterozóico","IDADE_MIN":1000.1,"IDADE_MAX":2500.0,"LEGENDA":"Ortognaisse monzonítico a monzograníticos e/ou tonalítico-trondhjemítico-granítico e sienítico. Por vezes granadíferos com anfibólio e piroxênio associados espacialmente a rochas metagabróicas e metanortosíticas.","area_km2":1.16},"geometry":{"type":"Polygon","coordinates":[[[-36.88105,-8.04134],[-36.86839,-8.02302],[-36.85305,-8.00815],[-36.84917,-8.00702],[-36.88105,-8.04134]]]}},{"type":"Feature","properties":{"SIGLA":"PP3jb","NOME":"Complexo Serra de Jabitacá","LITOTIPOS":"Metagranodiorito, Metatonalito, Migmatito","AMBIENTE_TECTONICO":null,"ERA_MIN":"Paleoproterozóico","ERA_MAX":"Paleoproterozóico","IDADE_MIN":1800.1,"IDADE_MAX":2050.0,"LEGENDA":"Ortognaisse e migmatito tonalítico-granodiorítico, com paragnaisse, anfibolito e leptinito. U-Pb em Zircão: 2,033Ga.","area_km2":29.2},"geometry":{"type":"Polygon","coordinates":[[[-36.96542,-8.0],[-36.96901,-8.01609],[-36.96383,-8.02592],[-36.94931,-8.03172],[-36.92145,-8.03097],[-36.93503,-8.03895],[-36.95507,-8.04618],[-36.9778,-8.0465],[-37.00143,-8.03299],[-37.02083,-8.00979],[-37.02524,-8.0],[-36.96542,-8.0]]]}},{"type":"Feature","properties":{"SIGLA":"PPMP_gamma_c","NOME":"Suíte Camalaú","LITOTIPOS":"Augen gnaisse, Metagranito, Metamonzonito, Metassienito, Metatonalito, Metatrondhjemito, Ortognaisse, Ortognaisse monzogranítico","AMBIENTE_TECTONICO":null,"ERA_MIN":"Mesoproterozóico","ERA_MAX":"Paleoproterozóico","IDADE_MIN":1000.1,"IDADE_MAX":2500.0,"LEGENDA":"Ortognaisse monzonítico a monzograníticos e/ou tonalítico-trondhjemítico-granítico e sienítico. Por vezes granadíferos com anfibólio e piroxênio associados espacialmente a rochas metagabróicas e metanortosíticas.","area_km2":13.7},"geometry":{"type":"Polygon","coordinates":[[[-36.94982,-8.0],[-36.94671,-8.00346],[-36.93434,-8.00239],[-36.92202,-8.00759],[-36.89252,-8.00546],[-36.88252,-8.0],[-36.87203,-8.0],[-36.88026,-8.00648],[-36.90974,-8.02085],[-36.92734,-8.0252],[-36.94168,-8.02357],[-36.95025,-8.01805],[-36.95558,-8.00915],[-36.95741,-8.00044],[-36.94982,-8.0]]]}},{"type":"Feature","properties":{"SIGLA":"PPMP_gamma_c","NOME":"Suíte Camalaú","LITOTIPOS":"Augen gnaisse, Metagranito, Metamonzonito, Metassienito, Metatonalito, Metatrondhjemito, Ortognaisse, Ortognaisse monzogranítico","AMBIENTE_TECTONICO":null,"ERA_MIN":"Mesoproterozóico","ERA_MAX":"Paleoproterozóico","IDADE_MIN":1000.1,"IDADE_MAX":2500.0,"LEGENDA":"Ortognaisse monzonítico a monzograníticos e/ou tonalítico-trondhjemítico-granítico e sienítico. Por vezes granadíferos com anfibólio e piroxênio associados espacialmente a rochas metagabróicas e metanortosíticas.","area_km2":3.7},"geometry":{"type":"MultiPolygon","coordinates":[[[[-36.88252,-8.0],[-36.85818,-7.9845],[-36.83669,-7.96686],[-36.83584,-7.97325],[-36.85795,-7.99151],[-36.87203,-8.0],[-36.88252,-8.0]]],[[[-36.95716,-8.0],[-36.95307,-7.99585],[-36.94982,-8.0],[-36.95716,-8.0]]]]}},{"type":"Feature","properties":{"SIGLA":"NP3_gamma_2it31","NOME":"Corpo Plúton Serra da Jararaca","LITOTIPOS":"Diorito, Granito, Granodiorito, Monzonito","AMBIENTE_TECTONICO":null,"ERA_MIN":"Neoproterozóico","ERA_MAX":"Neoproterozóico","IDADE_MIN":541.1,"IDADE_MAX":635.0,"LEGENDA":"Granito e granodiorito, grossos a porfiríticos, com ou sem epidoto magmático, associados a diorito e fases intermediárias de mistura, calcialcalinos de alto K, metaluminosos","area_km2":104.68},"geometry":{"type":"Polygon","coordinates":[[[-36.78171,-8.0],[-36.77549,-7.98729],[-36.76006,-7.97139],[-36.70729,-7.94689],[-36.70014,-7.95326],[-36.68684,-7.94402],[-36.68317,-7.94447],[-36.68191,-7.94771],[-36.67529,-7.94579],[-36.6756,-7.94083],[-36.66351,-7.93463],[-36.64213,-7.93803],[-36.61735,-7.92968],[-36.57369,-7.93758],[-36.58,-7.9467],[-36.5742,-7.9517],[-36.5768,-7.9596],[-36.5869,-7.9587],[-36.6125,-7.9494],[-36.6135,-7.9565],[-36.6194,-7.9615],[-36.6227,-7.9695],[-36.6232,-7.9821],[-36.6279,-7.9864],[-36.62673,-8.0],[-36.78171,-8.0]]]}},{"type":"Feature","properties":{"SIGLA":"PPMP_gamma_c","NOME":"Suíte Camalaú","LITOTIPOS":"Augen gnaisse, Metagranito, Metamonzonito, Metassienito, Metatonalito, Metatrondhjemito, Ortognaisse, Ortognaisse monzogranítico","AMBIENTE_TECTONICO":null,"ERA_MIN":"Mesoproterozóico","ERA_MAX":"Paleoproterozóico","IDADE_MIN":1000.1,"IDADE_MAX":2500.0,"LEGENDA":"Ortognaisse monzonítico a monzograníticos e/ou tonalítico-trondhjemítico-granítico e sienítico. Por vezes granadíferos com anfibólio e piroxênio associados espacialmente a rochas metagabróicas e metanortosíticas.","area_km2":3.77},"geometry":{"type":"Polygon","coordinates":[[[-36.8378,-7.94688],[-36.85766,-7.958],[-36.86004,-7.9622],[-36.87413,-7.95823],[-36.88137,-7.95211],[-36.86734,-7.94928],[-36.85407,-7.94975],[-36.83594,-7.94281],[-36.8378,-7.94688]]]}},{"type":"Feature","properties":{"SIGLA":"PPMP_gamma_c","NOME":"Suíte Camalaú","LITOTIPOS":"Augen gnaisse, Metagranito, Metamonzonito, Metassienito, Metatonalito, Metatrondhjemito, Ortognaisse, Ortognaisse monzogranítico","AMBIENTE_TECTONICO":null,"ERA_MIN":"Mesoproterozóico","ERA_MAX":"Paleoproterozóico","IDADE_MIN":1000.1,"IDADE_MAX":2500.0,"LEGENDA":"Ortognaisse monzonítico a monzograníticos e/ou tonalítico-trondhjemítico-granítico e sienítico. Por vezes granadíferos com anfibólio e piroxênio associados espacialmente a rochas metagabróicas e metanortosíticas.","area_km2":4.59},"geometry":{"type":"Polygon","coordinates":[[[-36.8373,-7.96198],[-36.82575,-7.94458],[-36.81827,-7.94071],[-36.80546,-7.92733],[-36.78935,-7.91971],[-36.79037,-7.92545],[-36.79628,-7.928],[-36.80703,-7.94005],[-36.8248,-7.95292],[-36.83669,-7.96686],[-36.8373,-7.96198]]]}},{"type":"Feature","properties":{"SIGLA":"PPMP_gamma_c","NOME":"Suíte Camalaú","LITOTIPOS":"Augen gnaisse, Metagranito, Metamonzonito, Metassienito, Metatonalito, Metatrondhjemito, Ortognaisse, Ortognaisse monzogranítico","AMBIENTE_TECTONICO":null,"ERA_MIN":"Mesoproterozóico","ERA_MAX":"Paleoproterozóico","IDADE_MIN":1000.1,"IDADE_MAX":2500.0,"LEGENDA":"Ortognaisse monzonítico a monzograníticos e/ou tonalítico-trondhjemítico-granítico e sienítico. Por vezes granadíferos com anfibólio e piroxênio associados espacialmente a rochas metagabróicas e metanortosíticas.","area_km2":1.63},"geometry":{"type":"Polygon","coordinates":[[[-36.86964,-7.93759],[-36.86276,-7.9364],[-36.85455,-7.92646],[-36.85719,-7.93552],[-36.86108,-7.94134],[-36.86614,-7.94409],[-36.87491,-7.94061],[-36.87521,-7.93548],[-36.88185,-7.92848],[-36.88123,-7.92516],[-36.87802,-7.93152],[-36.86964,-7.93759]]]}},{"type":"Feature","properties":{"SIGLA":"PPMP_gamma_c","NOME":"Suíte Camalaú","LITOTIPOS":"Augen gnaisse, Metagranito, Metamonzonito, Metassienito, Metatonalito, Metatrondhjemito, Ortognaisse, Ortognaisse monzogranítico","AMBIENTE_TECTONICO":null,"ERA_MIN":"Mesoproterozóico","ERA_MAX":"Paleoproterozóico","IDADE_MIN":1000.1,"IDADE_MAX":2500.0,"LEGENDA":"Ortognaisse monzonítico a monzograníticos e/ou tonalítico-trondhjemítico-granítico e sienítico. Por vezes granadíferos com anfibólio e piroxênio associados espacialmente a rochas metagabróicas e metanortosíticas.","area_km2":2.11},"geometry":{"type":"Polygon","coordinates":[[[-36.88951,-7.89778],[-36.89734,-7.92721],[-36.90442,-7.93562],[-36.89291,-7.89758],[-36.90176,-7.90177],[-36.89011,-7.89092],[-36.88951,-7.89778]]]}},{"type":"Feature","properties":{"SIGLA":"PPMP_gamma_c","NOME":"Suíte Camalaú","LITOTIPOS":"Augen gnaisse, Metagranito, Metamonzonito, Metassienito, Metatonalito, Metatrondhjemito, Ortognaisse, Ortognaisse monzogranítico","AMBIENTE_TECTONICO":null,"ERA_MIN":"Mesoproterozóico","ERA_MAX":"Paleoproterozóico","IDADE_MIN":1000.1,"IDADE_MAX":2500.0,"LEGENDA":"Ortognaisse monzonítico a monzograníticos e/ou tonalítico-trondhjemítico-granítico e sienítico. Por vezes granadíferos com anfibólio e piroxênio associados espacialmente a rochas metagabróicas e metanortosíticas.","area_km2":4.25},"geometry":{"type":"Polygon","coordinates":[[[-36.78786,-7.91062],[-36.74911,-7.87762],[-36.7412,-7.8761],[-36.78342,-7.91684],[-36.78935,-7.91971],[-36.78786,-7.91062]]]}},{"type":"Feature","properties":{"SIGLA":"PPMP_gamma_c","NOME":"Suíte Camalaú","LITOTIPOS":"Augen gnaisse, Metagranito, Metamonzonito, Metassienito, Metatonalito, Metatrondhjemito, Ortognaisse, Ortognaisse monzogranítico","AMBIENTE_TECTONICO":null,"ERA_MIN":"Mesoproterozóico","ERA_MAX":"Paleoproterozóico","IDADE_MIN":1000.1,"IDADE_MAX":2500.0,"LEGENDA":"Ortognaisse monzonítico a monzograníticos e/ou tonalítico-trondhjemítico-granítico e sienítico. Por vezes granadíferos com anfibólio e piroxênio associados espacialmente a rochas metagabróicas e metanortosíticas.","area_km2":3.05},"geometry":{"type":"Polygon","coordinates":[[[-36.91719,-7.87144],[-36.91233,-7.86299],[-36.91001,-7.86302],[-36.90929,-7.86749],[-36.91998,-7.89624],[-36.92452,-7.91637],[-36.92312,-7.92114],[-36.91682,-7.90186],[-36.9188,-7.91865],[-36.92461,-7.93182],[-36.92608,-7.90936],[-36.91217,-7.86879],[-36.92196,-7.88119],[-36.9173,-7.86104],[-36.91719,-7.87144]]]}},{"type":"Feature","properties":{"SIGLA":"PPMP_gamma_c","NOME":"Suíte Camalaú","LITOTIPOS":"Augen gnaisse, Metagranito, Metamonzonito, Metassienito, Metatonalito, Metatrondhjemito, Ortognaisse, Ortognaisse monzogranítico","AMBIENTE_TECTONICO":null,"ERA_MIN":"Mesoproterozóico","ERA_MAX":"Paleoproterozóico","IDADE_MIN":1000.1,"IDADE_MAX":2500.0,"LEGENDA":"Ortognaisse monzonítico a monzograníticos e/ou tonalítico-trondhjemítico-granítico e sienítico. Por vezes granadíferos com anfibólio e piroxênio associados espacialmente a rochas metagabróicas e metanortosíticas.","area_km2":1.92},"geometry":{"type":"Polygon","coordinates":[[[-36.77683,-7.891],[-36.78604,-7.88872],[-36.77021,-7.87605],[-36.75955,-7.85955],[-36.75344,-7.8552],[-36.76337,-7.87442],[-36.77915,-7.88558],[-36.77601,-7.88832],[-36.77683,-7.891]]]}},{"type":"Feature","properties":{"SIGLA":"PPMP_gamma_c","NOME":"Suíte Camalaú","LITOTIPOS":"Augen gnaisse, Metagranito, Metamonzonito, Metassienito, Metatonalito, Metatrondhjemito, Ortognaisse, Ortognaisse monzogranítico","AMBIENTE_TECTONICO":null,"ERA_MIN":"Mesoproterozóico","ERA_MAX":"Paleoproterozóico","IDADE_MIN":1000.1,"IDADE_MAX":2500.0,"LEGENDA":"Ortognaisse monzonítico a monzograníticos e/ou tonalítico-trondhjemítico-granítico e sienítico. Por vezes granadíferos com anfibólio e piroxênio associados espacialmente a rochas metagabróicas e metanortosíticas.","area_km2":42.32},"geometry":{"type":"Polygon","coordinates":[[[-36.71752,-7.9214],[-36.70461,-7.9093],[-36.66352,-7.88744],[-36.61352,-7.84807],[-36.5893,-7.83428],[-36.57553,-7.83096],[-36.56026,-7.83455],[-36.53573,-7.82755],[-36.52793,-7.82863],[-36.51419,-7.82303],[-36.49609,-7.82567],[-36.51793,-7.83481],[-36.53583,-7.83515],[-36.55047,-7.84644],[-36.58577,-7.84937],[-36.5994,-7.85952],[-36.62942,-7.88838],[-36.64172,-7.89161],[-36.66646,-7.91279],[-36.69199,-7.91619],[-36.70163,-7.91479],[-36.71246,-7.92132],[-36.71752,-7.9214]]]}},{"type":"Feature","properties":{"SIGLA":"PPMP_gamma_c","NOME":"Suíte Camalaú","LITOTIPOS":"Augen gnaisse, Metagranito, Metamonzonito, Metassienito, Metatonalito, Metatrondhjemito, Ortognaisse, Ortognaisse monzogranítico","AMBIENTE_TECTONICO":null,"ERA_MIN":"Mesoproterozóico","ERA_MAX":"Paleoproterozóico","IDADE_MIN":1000.1,"IDADE_MAX":2500.0,"LEGENDA":"Ortognaisse monzonítico a monzograníticos e/ou tonalítico-trondhjemítico-granítico e sienítico. Por vezes granadíferos com anfibólio e piroxênio associados espacialmente a rochas metagabróicas e metanortosíticas.","area_km2":0.85},"geometry":{"type":"Polygon","coordinates":[[[-36.82094,-7.87949],[-36.80687,-7.87575],[-36.8204,-7.8816],[-36.82942,-7.87852],[-36.83054,-7.87258],[-36.82293,-7.86235],[-36.82773,-7.87624],[-36.82094,-7.87949]]]}},{"type":"Feature","properties":{"SIGLA":"PPMP_gamma_c","NOME":"Suíte Camalaú","LITOTIPOS":"Augen gnaisse, Metagranito, Metamonzonito, Metassienito, Metatonalito, Metatrondhjemito, Ortognaisse, Ortognaisse monzogranítico","AMBIENTE_TECTONICO":null,"ERA_MIN":"Mesoproterozóico","ERA_MAX":"Paleoproterozóico","IDADE_MIN":1000.1,"IDADE_MAX":2500.0,"LEGENDA":"Ortognaisse monzonítico a monzograníticos e/ou tonalítico-trondhjemítico-granítico e sienítico. Por vezes granadíferos com anfibólio e piroxênio associados espacialmente a rochas metagabróicas e metanortosíticas.","area_km2":9.88},"geometry":{"type":"Polygon","coordinates":[[[-36.83917,-7.84254],[-36.85494,-7.86182],[-36.8635,-7.8657],[-36.87877,-7.86206],[-36.88148,-7.86576],[-36.87779,-7.87565],[-36.88225,-7.8828],[-36.89668,-7.8888],[-36.90088,-7.88785],[-36.90122,-7.881],[-36.89848,-7.87573],[-36.88946,-7.87542],[-36.89439,-7.87178],[-36.894,-7.86863],[-36.88629,-7.8684],[-36.88381,-7.86584],[-36.8839,-7.85041],[-36.87005,-7.85232],[-36.86224,-7.84898],[-36.85387,-7.84903],[-36.83917,-7.84254]]]}},{"type":"Feature","properties":{"SIGLA":"PPMP_gamma_c","NOME":"Suíte Camalaú","LITOTIPOS":"Augen gnaisse, Metagranito, Metamonzonito, Metassienito, Metatonalito, Metatrondhjemito, Ortognaisse, Ortognaisse monzogranítico","AMBIENTE_TECTONICO":null,"ERA_MIN":"Mesoproterozóico","ERA_MAX":"Paleoproterozóico","IDADE_MIN":1000.1,"IDADE_MAX":2500.0,"LEGENDA":"Ortognaisse monzonítico a monzograníticos e/ou tonalítico-trondhjemítico-granítico e sienítico. Por vezes granadíferos com anfibólio e piroxênio associados espacialmente a rochas metagabróicas e metanortosíticas.","area_km2":0.41},"geometry":{"type":"Polygon","coordinates":[[[-36.73475,-7.87161],[-36.72365,-7.85865],[-36.70686,-7.84908],[-36.72424,-7.86155],[-36.73475,-7.87161]]]}},{"type":"Feature","properties":{"SIGLA":"PPMP_gamma_c","NOME":"Suíte Camalaú","LITOTIPOS":"Augen gnaisse, Metagranito, Metamonzonito, Metassienito, Metatonalito, Metatrondhjemito, Ortognaisse, Ortognaisse monzogranítico","AMBIENTE_TECTONICO":null,"ERA_MIN":"Mesoproterozóico","ERA_MAX":"Paleoproterozóico","IDADE_MIN":1000.1,"IDADE_MAX":2500.0,"LEGENDA":"Ortognaisse monzonítico a monzograníticos e/ou tonalítico-trondhjemítico-granítico e sienítico. Por vezes granadíferos com anfibólio e piroxênio associados espacialmente a rochas metagabróicas e metanortosíticas.","area_km2":6.36},"geometry":{"type":"Polygon","coordinates":[[[-36.81719,-7.83195],[-36.81097,-7.82751],[-36.81105,-7.83612],[-36.82279,-7.84751],[-36.82961,-7.85835],[-36.83068,-7.85588],[-36.82797,-7.8526],[-36.82989,-7.84923],[-36.82563,-7.83558],[-36.83584,-7.85403],[-36.83551,-7.86189],[-36.84077,-7.86932],[-36.83896,-7.87638],[-36.84124,-7.87621],[-36.84632,-7.87294],[-36.84741,-7.86526],[-36.84075,-7.85825],[-36.8355,-7.84374],[-36.82772,-7.83092],[-36.8174,-7.82443],[-36.81719,-7.83195]]]}},{"type":"Feature","properties":{"SIGLA":"PPMP_gamma_c","NOME":"Suíte Camalaú","LITOTIPOS":"Augen gnaisse, Metagranito, Metamonzonito, Metassienito, Metatonalito, Metatrondhjemito, Ortognaisse, Ortognaisse monzogranítico","AMBIENTE_TECTONICO":null,"ERA_MIN":"Mesoproterozóico","ERA_MAX":"Paleoproterozóico","IDADE_MIN":1000.1,"IDADE_MAX":2500.0,"LEGENDA":"Ortognaisse monzonítico a monzograníticos e/ou tonalítico-trondhjemítico-granítico e sienítico. Por vezes granadíferos com anfibólio e piroxênio associados espacialmente a rochas metagabróicas e metanortosíticas.","area_km2":4.54},"geometry":{"type":"Polygon","coordinates":[[[-36.70725,-7.83332],[-36.72607,-7.84018],[-36.72993,-7.83779],[-36.7345,-7.84478],[-36.73281,-7.84763],[-36.73774,-7.85728],[-36.75497,-7.86923],[-36.74325,-7.85507],[-36.74991,-7.85399],[-36.7393,-7.83982],[-36.72272,-7.83048],[-36.71177,-7.83258],[-36.7033,-7.8298],[-36.70725,-7.83332]]]}},{"type":"Feature","properties":{"SIGLA":"PPMP_gamma_c","NOME":"Suíte Camalaú","LITOTIPOS":"Augen gnaisse, Metagranito, Metamonzonito, Metassienito, Metatonalito, Metatrondhjemito, Ortognaisse, Ortognaisse monzogranítico","AMBIENTE_TECTONICO":null,"ERA_MIN":"Mesoproterozóico","ERA_MAX":"Paleoproterozóico","IDADE_MIN":1000.1,"IDADE_MAX":2500.0,"LEGENDA":"Ortognaisse monzonítico a monzograníticos e/ou tonalítico-trondhjemítico-granítico e sienítico. Por vezes granadíferos com anfibólio e piroxênio associados espacialmente a rochas metagabróicas e metanortosíticas.","area_km2":3.24},"geometry":{"type":"Polygon","coordinates":[[[-36.79547,-7.83868],[-36.79004,-7.83628],[-36.78552,-7.83719],[-36.79997,-7.84626],[-36.80206,-7.84948],[-36.79917,-7.85072],[-36.8016,-7.85317],[-36.81637,-7.85962],[-36.81929,-7.85811],[-36.82022,-7.84921],[-36.8068,-7.85008],[-36.80791,-7.84426],[-36.80205,-7.84035],[-36.80029,-7.83488],[-36.79547,-7.83868]]]}},{"type":"Feature","properties":{"SIGLA":"NP23sc","NOME":"Complexo Surubim - Caroalina","LITOTIPOS":"Granada-biotita gnaisse, Mármore, Muscovita quartzito, Paragnaisse, Rocha calcissilicática, Xisto pelítico","AMBIENTE_TECTONICO":null,"ERA_MIN":"Neoproterozóico","ERA_MAX":"Neoproterozóico","IDADE_MIN":541.1,"IDADE_MAX":720.0,"LEGENDA":"Granada-biotita gnaisse e granada-biotita xisto com cianita, muscovita ou sillimanita, apresentando intercalações de mármore, quartzito micáceo, biotita-muscovita xisto e raras lentes anfibolíticas. Existem ainda micaxistos granatíferos com sillimanita, paragnaisses pelíticos a semi-pelíticos, leucognaisses, anfibólio-biotita paragnaisse, paranfibolitos, rochas cálciossilicáticas e quartzitos. Migmatização localizada. U-Pb em zircão detrítico: < 642 Ma.","area_km2":1.04},"geometry":{"type":"Polygon","coordinates":[[[-36.01091,-7.81054],[-36.00527,-7.80342],[-36.0,-7.79918],[-36.0,-7.81352],[-36.01091,-7.81054]]]}},{"type":"Feature","properties":{"SIGLA":"NP23sc","NOME":"Complexo Surubim - Caroalina","LITOTIPOS":"Granada-biotita gnaisse, Mármore, Muscovita quartzito, Paragnaisse, Rocha calcissilicática, Xisto pelítico","AMBIENTE_TECTONICO":null,"ERA_MIN":"Neoproterozóico","ERA_MAX":"Neoproterozóico","IDADE_MIN":541.1,"IDADE_MAX":720.0,"LEGENDA":"Granada-biotita gnaisse e granada-biotita xisto com cianita, muscovita ou sillimanita, apresentando intercalações de mármore, quartzito micáceo, biotita-muscovita xisto e raras lentes anfibolíticas. Existem ainda micaxistos granatíferos com sillimanita, paragnaisses pelíticos a semi-pelíticos, leucognaisses, anfibólio-biotita paragnaisse, paranfibolitos, rochas cálciossilicáticas e quartzitos. Migmatização localizada. U-Pb em zircão detrítico: < 642 Ma.","area_km2":30.49},"geometry":{"type":"MultiPolygon","coordinates":[[[[-35.93789,-7.78639],[-35.93187,-7.77774],[-35.92576,-7.74782],[-35.91214,-7.72863],[-35.91435,-7.72517],[-35.91124,-7.71836],[-35.90128,-7.71337],[-35.89549,-7.70539],[-35.87009,-7.69912],[-35.867,-7.70541],[-35.86263,-7.70607],[-35.86291,-7.71844],[-35.86897,-7.71206],[-35.89009,-7.71313],[-35.8976,-7.71627],[-35.90328,-7.72276],[-35.88723,-7.71905],[-35.87861,-7.7199],[-35.87686,-7.72617],[-35.87994,-7.74125],[-35.87438,-7.75065],[-35.87897,-7.75297],[-35.88499,-7.74774],[-35.8894,-7.74006],[-35.88886,-7.73104],[-35.89089,-7.72954],[-35.90967,-7.73696],[-35.91902,-7.74811],[-35.91846,-7.75415],[-35.91077,-7.7644],[-35.88914,-7.77831],[-35.8982,-7.7889],[-35.9094,-7.7925],[-35.9285,-7.7852],[-35.93789,-7.78639]]],[[[-36.0,-7.79918],[-35.99728,-7.7974],[-35.9921,-7.79904],[-35.9962,-7.8039],[-35.9982,-7.8138],[-36.0,-7.81352],[-36.0,-7.79918]]],[[[-35.869,-7.74855],[-35.86955,-7.73623],[-35.85842,-7.74442],[-35.84108,-7.74388],[-35.82667,-7.74949],[-35.8507,-7.7475],[-35.8623,-7.751],[-35.869,-7.74855]]]]}},{"type":"Feature","properties":{"SIGLA":"NP23scc","NOME":"Litofácies Surubim - Caroalina, calcário","LITOTIPOS":"Mármore","AMBIENTE_TECTONICO":null,"ERA_MIN":"Neoproterozóico","ERA_MAX":"Neoproterozóico","IDADE_MIN":541.1,"IDADE_MAX":720.0,"LEGENDA":"Xisto, gnaisse, mármore","area_km2":14.29},"geometry":{"type":"Polygon","coordinates":[[[-35.88914,-7.77831],[-35.91077,-7.7644],[-35.91936,-7.74975],[-35.90967,-7.73696],[-35.89089,-7.72954],[-35.88886,-7.73104],[-35.88857,-7.74236],[-35.87897,-7.75297],[-35.8818,-7.7544],[-35.881,-7.7663],[-35.8838,-7.7748],[-35.88914,-7.77831]]]}},{"type":"Feature","properties":{"SIGLA":"PPMP_gamma_c","NOME":"Suíte Camalaú","LITOTIPOS":"Augen gnaisse, Metagranito, Metamonzonito, Metassienito, Metatonalito, Metatrondhjemito, Ortognaisse, Ortognaisse monzogranítico","AMBIENTE_TECTONICO":null,"ERA_MIN":"Mesoproterozóico","ERA_MAX":"Paleoproterozóico","IDADE_MIN":1000.1,"IDADE_MAX":2500.0,"LEGENDA":"Ortognaisse monzonítico a monzograníticos e/ou tonalítico-trondhjemítico-granítico e sienítico. Por vezes granadíferos com anfibólio e piroxênio associados espacialmente a rochas metagabróicas e metanortosíticas.","area_km2":1.87},"geometry":{"type":"Polygon","coordinates":[[[-36.88417,-7.8473],[-36.88689,-7.84579],[-36.88569,-7.84258],[-36.87465,-7.83178],[-36.87088,-7.83027],[-36.86572,-7.83329],[-36.87449,-7.84293],[-36.88417,-7.8473]]]}},{"type":"Feature","properties":{"SIGLA":"PPMP_gamma_c","NOME":"Suíte Camalaú","LITOTIPOS":"Augen gnaisse, Metagranito, Metamonzonito, Metassienito, Metatonalito, Metatrondhjemito, Ortognaisse, Ortognaisse monzogranítico","AMBIENTE_TECTONICO":null,"ERA_MIN":"Mesoproterozóico","ERA_MAX":"Paleoproterozóico","IDADE_MIN":1000.1,"IDADE_MAX":2500.0,"LEGENDA":"Ortognaisse monzonítico a monzograníticos e/ou tonalítico-trondhjemítico-granítico e sienítico. Por vezes granadíferos com anfibólio e piroxênio associados espacialmente a rochas metagabróicas e metanortosíticas.","area_km2":2.24},"geometry":{"type":"Polygon","coordinates":[[[-36.84322,-7.83821],[-36.86542,-7.84668],[-36.87039,-7.84547],[-36.86881,-7.842],[-36.86279,-7.84228],[-36.83638,-7.82547],[-36.8375,-7.83082],[-36.84322,-7.83821]]]}},{"type":"Feature","properties":{"SIGLA":"PPMP_gamma_c","NOME":"Suíte Camalaú","LITOTIPOS":"Augen gnaisse, Metagranito, Metamonzonito, Metassienito, Metatonalito, Metatrondhjemito, Ortognaisse, Ortognaisse monzogranítico","AMBIENTE_TECTONICO":null,"ERA_MIN":"Mesoproterozóico","ERA_MAX":"Paleoproterozóico","IDADE_MIN":1000.1,"IDADE_MAX":2500.0,"LEGENDA":"Ortognaisse monzonítico a monzograníticos e/ou tonalítico-trondhjemítico-granítico e sienítico. Por vezes granadíferos com anfibólio e piroxênio associados espacialmente a rochas metagabróicas e metanortosíticas.","area_km2":0.96},"geometry":{"type":"Polygon","coordinates":[[[-36.77649,-7.81043],[-36.7925,-7.82418],[-36.78047,-7.81217],[-36.78175,-7.81002],[-36.7873,-7.81282],[-36.79657,-7.82562],[-36.79578,-7.81984],[-36.78755,-7.81014],[-36.77736,-7.80689],[-36.77649,-7.81043]]]}},{"type":"Feature","properties":{"SIGLA":"PPMP_gamma_c","NOME":"Suíte Camalaú","LITOTIPOS":"Augen gnaisse, Metagranito, Metamonzonito, Metassienito, Metatonalito, Metatrondhjemito, Ortognaisse, Ortognaisse monzogranítico","AMBIENTE_TECTONICO":null,"ERA_MIN":"Mesoproterozóico","ERA_MAX":"Paleoproterozóico","IDADE_MIN":1000.1,"IDADE_MAX":2500.0,"LEGENDA":"Ortognaisse monzonítico a monzograníticos e/ou tonalítico-trondhjemítico-granítico e sienítico. Por vezes granadíferos com anfibólio e piroxênio associados espacialmente a rochas metagabróicas e metanortosíticas.","area_km2":2.39},"geometry":{"type":"Polygon","coordinates":[[[-36.82393,-7.8133],[-36.84545,-7.82008],[-36.84774,-7.81639],[-36.82429,-7.80235],[-36.82102,-7.80915],[-36.82393,-7.8133]]]}},{"type":"Feature","properties":{"SIGLA":"PP3su","NOME":"Complexo Sumé","LITOTIPOS":"Formação ferrífera bandada, Granulito, Mármore, Metagabro, Metapiroxenito, Ortognaisse, Paragnaisse, Rocha calcissilicática","AMBIENTE_TECTONICO":null,"ERA_MIN":"Paleoproterozóico","ERA_MAX":"Paleoproterozóico","IDADE_MIN":1800.1,"IDADE_MAX":2050.0,"LEGENDA":"Leuco-ortognaisse e paragnaisse com intercalações de metamáficas, granada-biotita gnaisses migmatíticos, leucognaisse com granada, rocha calcissilitcática, metapiroxenito, metagabro com granada (retroeclogito), formação ferrífera e granulito.","area_km2":433.12},"geometry":{"type":"Polygon","coordinates":[[[-36.92087,-7.65018],[-36.89269,-7.65343],[-36.87915,-7.66432],[-36.85894,-7.67258],[-36.83436,-7.6719],[-36.82095,-7.68055],[-36.81622,-7.68949],[-36.82799,-7.71697],[-36.83825,-7.75438],[-36.85748,-7.78352],[-36.87006,-7.79601],[-36.90753,-7.81231],[-36.92898,-7.83491],[-36.9415,-7.86182],[-36.95447,-7.89873],[-36.9581,-7.91293],[-36.95631,-7.94041],[-36.96714,-7.95743],[-36.9716,-7.95128],[-36.98114,-7.95807],[-36.99199,-7.95681],[-36.99586,-7.96182],[-37.00102,-7.96346],[-37.006,-7.97904],[-37.01032,-7.95953],[-37.01034,-7.94369],[-37.01765,-7.92274],[-37.01726,-7.91033],[-37.0127,-7.89828],[-36.98492,-7.84984],[-36.96995,-7.81575],[-36.97238,-7.81155],[-36.97591,-7.81148],[-37.00222,-7.82381],[-37.04527,-7.82913],[-37.06786,-7.84107],[-37.07497,-7.84877],[-37.06911,-7.83499],[-37.07579,-7.81429],[-37.07626,-7.80558],[-37.06943,-7.79486],[-37.04965,-7.78374],[-37.04164,-7.77352],[-37.04475,-7.77265],[-37.04479,-7.77026],[-37.03829,-7.767],[-37.03755,-7.76853],[-37.02598,-7.7517],[-37.00092,-7.73979],[-36.98901,-7.7385],[-36.98429,-7.73388],[-36.97852,-7.72359],[-36.98395,-7.70282],[-36.98271,-7.68234],[-36.9782,-7.67288],[-36.96964,-7.6639],[-36.96347,-7.66037],[-36.9518,-7.66162],[-36.93815,-7.6585],[-36.94755,-7.65697],[-36.95098,-7.65382],[-36.93571,-7.65268],[-36.93223,-7.64942],[-36.9325,-7.64306],[-36.92297,-7.64627],[-36.92087,-7.65018]]]}},{"type":"Feature","properties":{"SIGLA":"PPMP_gamma_c","NOME":"Suíte Camalaú","LITOTIPOS":"Augen gnaisse, Metagranito, Metamonzonito, Metassienito, Metatonalito, Metatrondhjemito, Ortognaisse, Ortognaisse monzogranítico","AMBIENTE_TECTONICO":null,"ERA_MIN":"Mesoproterozóico","ERA_MAX":"Paleoproterozóico","IDADE_MIN":1000.1,"IDADE_MAX":2500.0,"LEGENDA":"Ortognaisse monzonítico a monzograníticos e/ou tonalítico-trondhjemítico-granítico e sienítico. Por vezes granadíferos com anfibólio e piroxênio associados espacialmente a rochas metagabróicas e metanortosíticas.","area_km2":1.56},"geometry":{"type":"Polygon","coordinates":[[[-36.75829,-7.80268],[-36.73915,-7.78875],[-36.73967,-7.79323],[-36.75117,-7.80318],[-36.76468,-7.80645],[-36.75621,-7.79585],[-36.7406,-7.7837],[-36.75888,-7.80061],[-36.75829,-7.80268]]]}},{"type":"Feature","properties":{"SIGLA":"PPMP_gamma_c","NOME":"Suíte Camalaú","LITOTIPOS":"Augen gnaisse, Metagranito, Metamonzonito, Metassienito, Metatonalito, Metatrondhjemito, Ortognaisse, Ortognaisse monzogranítico","AMBIENTE_TECTONICO":null,"ERA_MIN":"Mesoproterozóico","ERA_MAX":"Paleoproterozóico","IDADE_MIN":1000.1,"IDADE_MAX":2500.0,"LEGENDA":"Ortognaisse monzonítico a monzograníticos e/ou tonalítico-trondhjemítico-granítico e sienítico. Por vezes granadíferos com anfibólio e piroxênio associados espacialmente a rochas metagabróicas e metanortosíticas.","area_km2":5.98},"geometry":{"type":"Polygon","coordinates":[[[-36.799,-7.8116],[-36.81052,-7.8168],[-36.81451,-7.81244],[-36.81405,-7.80552],[-36.80116,-7.78571],[-36.80147,-7.79127],[-36.80926,-7.80723],[-36.80586,-7.81129],[-36.80105,-7.80769],[-36.79295,-7.78837],[-36.79576,-7.78208],[-36.78299,-7.76553],[-36.78132,-7.77354],[-36.78519,-7.79007],[-36.799,-7.8116]]]}},{"type":"Feature","properties":{"SIGLA":"PPMP_gamma_c","NOME":"Suíte Camalaú","LITOTIPOS":"Augen gnaisse, Metagranito, Metamonzonito, Metassienito, Metatonalito, Metatrondhjemito, Ortognaisse, Ortognaisse monzogranítico","AMBIENTE_TECTONICO":null,"ERA_MIN":"Mesoproterozóico","ERA_MAX":"Paleoproterozóico","IDADE_MIN":1000.1,"IDADE_MAX":2500.0,"LEGENDA":"Ortognaisse monzonítico a monzograníticos e/ou tonalítico-trondhjemítico-granítico e sienítico. Por vezes granadíferos com anfibólio e piroxênio associados espacialmente a rochas metagabróicas e metanortosíticas.","area_km2":5.11},"geometry":{"type":"Polygon","coordinates":[[[-36.79922,-7.77416],[-36.81145,-7.79194],[-36.82127,-7.79634],[-36.81346,-7.78365],[-36.81517,-7.78346],[-36.84985,-7.81173],[-36.8488,-7.80257],[-36.84323,-7.79326],[-36.83919,-7.79191],[-36.84082,-7.79972],[-36.83781,-7.79946],[-36.82124,-7.78258],[-36.79953,-7.76865],[-36.79922,-7.77416]]]}},{"type":"Feature","properties":{"SIGLA":"PPMP_gamma_c","NOME":"Suíte Camalaú","LITOTIPOS":"Augen gnaisse, Metagranito, Metamonzonito, Metassienito, Metatonalito, Metatrondhjemito, Ortognaisse, Ortognaisse monzogranítico","AMBIENTE_TECTONICO":null,"ERA_MIN":"Mesoproterozóico","ERA_MAX":"Paleoproterozóico","IDADE_MIN":1000.1,"IDADE_MAX":2500.0,"LEGENDA":"Ortognaisse monzonítico a monzograníticos e/ou tonalítico-trondhjemítico-granítico e sienítico. Por vezes granadíferos com anfibólio e piroxênio associados espacialmente a rochas metagabróicas e metanortosíticas.","area_km2":1.52},"geometry":{"type":"Polygon","coordinates":[[[-36.73079,-7.7832],[-36.73394,-7.7815],[-36.73232,-7.77989],[-36.70992,-7.76635],[-36.70472,-7.76541],[-36.71381,-7.77457],[-36.73079,-7.7832]]]}},{"type":"Feature","properties":{"SIGLA":"PPMP_gamma_c","NOME":"Suíte Camalaú","LITOTIPOS":"Augen gnaisse, Metagranito, Metamonzonito, Metassienito, Metatonalito, Metatrondhjemito, Ortognaisse, Ortognaisse monzogranítico","AMBIENTE_TECTONICO":null,"ERA_MIN":"Mesoproterozóico","ERA_MAX":"Paleoproterozóico","IDADE_MIN":1000.1,"IDADE_MAX":2500.0,"LEGENDA":"Ortognaisse monzonítico a monzograníticos e/ou tonalítico-trondhjemítico-granítico e sienítico. Por vezes granadíferos com anfibólio e piroxênio associados espacialmente a rochas metagabróicas e metanortosíticas.","area_km2":4.75},"geometry":{"type":"Polygon","coordinates":[[[-36.75085,-7.77262],[-36.74454,-7.76527],[-36.73184,-7.76001],[-36.72299,-7.75947],[-36.7283,-7.76974],[-36.73452,-7.77558],[-36.73868,-7.77313],[-36.73641,-7.76536],[-36.7452,-7.77021],[-36.75051,-7.77673],[-36.75586,-7.7774],[-36.75694,-7.76717],[-36.7506,-7.75415],[-36.75559,-7.74665],[-36.75147,-7.7414],[-36.74519,-7.75456],[-36.74565,-7.75908],[-36.753,-7.76841],[-36.75299,-7.77179],[-36.75085,-7.77262]]]}},{"type":"Feature","properties":{"SIGLA":"NP23sc","NOME":"Complexo Surubim - Caroalina","LITOTIPOS":"Granada-biotita gnaisse, Mármore, Muscovita quartzito, Paragnaisse, Rocha calcissilicática, Xisto pelítico","AMBIENTE_TECTONICO":null,"ERA_MIN":"Neoproterozóico","ERA_MAX":"Neoproterozóico","IDADE_MIN":541.1,"IDADE_MAX":720.0,"LEGENDA":"Granada-biotita gnaisse e granada-biotita xisto com cianita, muscovita ou sillimanita, apresentando intercalações de mármore, quartzito micáceo, biotita-muscovita xisto e raras lentes anfibolíticas. Existem ainda micaxistos granatíferos com sillimanita, paragnaisses pelíticos a semi-pelíticos, leucognaisses, anfibólio-biotita paragnaisse, paranfibolitos, rochas cálciossilicáticas e quartzitos. Migmatização localizada. U-Pb em zircão detrítico: < 642 Ma.","area_km2":163.72},"geometry":{"type":"MultiPolygon","coordinates":[[[[-36.2126,-7.7666],[-36.18967,-7.73872],[-36.17744,-7.73325],[-36.17217,-7.73594],[-36.17034,-7.74],[-36.18117,-7.76585],[-36.17843,-7.77478],[-36.17973,-7.78386],[-36.1979,-7.7904],[-36.2043,-7.783],[-36.2065,-7.7704],[-36.2126,-7.7666]]],[[[-36.2845,-7.81853],[-36.25255,-7.79408],[-36.2542,-7.7964],[-36.2512,-7.8046],[-36.2423,-7.8073],[-36.24,-7.8177],[-36.2533,-7.83],[-36.2635,-7.8317],[-36.2711,-7.8306],[-36.2845,-7.81853]]],[[[-36.43059,-7.8404],[-36.46308,-7.84432],[-36.47733,-7.85028],[-36.51057,-7.85473],[-36.53271,-7.8616],[-36.53649,-7.86641],[-36.53226,-7.87433],[-36.51365,-7.88602],[-36.49559,-7.88854],[-36.47726,-7.90048],[-36.45409,-7.90803],[-36.44803,-7.9089],[-36.44426,-7.90684],[-36.4463,-7.9164],[-36.4613,-7.9147],[-36.4704,-7.9178],[-36.4801,-7.9248],[-36.4867,-7.9164],[-36.4925,-7.9152],[-36.4994,-7.9203],[-36.5365,-7.9016],[-36.552,-7.8987],[-36.5717,-7.9045],[-36.57533,-7.91048],[-36.58381,-7.91062],[-36.60925,-7.90559],[-36.62421,-7.89753],[-36.62192,-7.89205],[-36.5947,-7.86565],[-36.58225,-7.86095],[-36.56689,-7.86083],[-36.53957,-7.84582],[-36.50685,-7.84117],[-36.48536,-7.83488],[-36.44171,-7.80936],[-36.39387,-7.78737],[-36.35817,-7.76412],[-36.29878,-7.74384],[-36.29266,-7.74512],[-36.29746,-7.75165],[-36.31556,-7.76087],[-36.32987,-7.7718],[-36.35458,-7.80718],[-36.3632,-7.8061],[-36.3735,-7.8126],[-36.3926,-7.8076],[-36.4074,-7.8141],[-36.424,-7.8158],[-36.43,-7.8271],[-36.4283,-7.8334],[-36.43059,-7.8404]]],[[[-36.13739,-7.78218],[-36.12846,-7.76785],[-36.12069,-7.76392],[-36.11645,-7.76562],[-36.11591,-7.77125],[-36.12089,-7.78534],[-36.13739,-7.78218]]]]}},{"type":"Feature","properties":{"SIGLA":"PP2sg","NOME":"Complexo Salgadinho","LITOTIPOS":"Anfibolito, Metadiorito, Metagabro, Ortognaisse, Quartzo monzodiorito","AMBIENTE_TECTONICO":null,"ERA_MIN":"Paleoproterozóico","ERA_MAX":"Paleoproterozóico","IDADE_MIN":2050.1,"IDADE_MAX":2300.0,"LEGENDA":"Anfibólio-biotita-magnetita ortognaisse bandado e migmatitico, cinza a róseo, granulação fina a média, apresentando composição granítica, granodiorítica e tonalítica. Localmente com lentes de anfibolito, metagrabos, metadioritos e quartzo monzodioritos (às vezes boudinados). U-Pb em zircão: 2,06 Ga. - 2,08 Ga; 2,057 Ga ± 20 Ma..","area_km2":317.79},"geometry":{"type":"MultiPolygon","coordinates":[[[[-36.35423,-7.80677],[-36.32987,-7.7718],[-36.31665,-7.76155],[-36.29414,-7.74896],[-36.29266,-7.74512],[-36.29878,-7.74384],[-36.16957,-7.70262],[-36.08295,-7.66227],[-36.07977,-7.66599],[-36.12316,-7.71696],[-36.15754,-7.76278],[-36.16403,-7.77392],[-36.16085,-7.78353],[-36.17973,-7.78386],[-36.17843,-7.77478],[-36.18117,-7.76585],[-36.17034,-7.74],[-36.17305,-7.73509],[-36.17744,-7.73325],[-36.18967,-7.73872],[-36.2126,-7.7666],[-36.2166,-7.7641],[-36.2272,-7.77],[-36.2463,-7.7853],[-36.25255,-7.79408],[-36.2845,-7.81853],[-36.302,-7.8083],[-36.3134,-7.8064],[-36.3207,-7.8092],[-36.3369,-7.8094],[-36.35423,-7.80677]]],[[[-36.44499,-7.9073],[-36.45409,-7.90803],[-36.47726,-7.90048],[-36.49559,-7.88854],[-36.51469,-7.88555],[-36.53314,-7.87351],[-36.53641,-7.86878],[-36.53601,-7.86512],[-36.53271,-7.8616],[-36.51057,-7.85473],[-36.47733,-7.85028],[-36.46308,-7.84432],[-36.42941,-7.84042],[-36.4309,-7.8498],[-36.4291,-7.867],[-36.4327,-7.8731],[-36.4297,-7.8866],[-36.4369,-7.9003],[-36.44499,-7.9073]]],[[[-36.12089,-7.78534],[-36.11645,-7.76562],[-36.12069,-7.76392],[-36.13015,-7.76933],[-36.13757,-7.78251],[-36.15317,-7.78268],[-36.14254,-7.77367],[-36.12154,-7.74107],[-36.09025,-7.70356],[-36.08361,-7.69767],[-36.07683,-7.69874],[-36.078,-7.69294],[-36.05296,-7.67805],[-36.04331,-7.67516],[-36.04035,-7.67836],[-36.05995,-7.7117],[-36.05156,-7.72956],[-36.04513,-7.73775],[-36.0411,-7.73912],[-36.0,-7.72502],[-36.0,-7.76874],[-36.00669,-7.77626],[-36.03178,-7.78936],[-36.05433,-7.79982],[-36.069,-7.781],[-36.0941,-7.7785],[-36.12089,-7.78534]]]]}},{"type":"Feature","properties":{"SIGLA":"PP2o","NOME":"Complexo Orobó 1","LITOTIPOS":"Anfibolito, Ortognaisse","AMBIENTE_TECTONICO":null,"ERA_MIN":"Paleoproterozóico","ERA_MAX":"Paleoproterozóico","IDADE_MIN":2050.1,"IDADE_MAX":2300.0,"LEGENDA":"Anfibólio-biotita-granada ortognaisses cinza, com granulação média a fina com marcante bandamento centimétrico a decimétrico, caracterizado pela alternância de camadas félsicas de composição monzogranitica e camadas máficas de composição monzodiorítica a quartzo ¿ monzodiorítica, com lentes de anfibolito.  (Sillimanita)-(granada)-biotita-(anfibólio) gnaisses, (granada)-muscovita- biotita gnaisses, às vezes migmatizados e raros micaxistos. Possuem intercalações de rochas metamáficas e, por vezes, de leucognaisses graníticos a granodioríticos, subordinados níveis de quartzitos e restritas intercalações de mármores e anfibolitos. Afinidade geoquímica cálcio-alcalina de médio a alto potássio, metaluminosa a peraluminosa. 2.103 Ma; U-Pb em zircão: 2,13 - 1,97 Ga. 2,085 + 15Ma.","area_km2":253.71},"geometry":{"type":"MultiPolygon","coordinates":[[[[-36.57458,-7.93742],[-36.61735,-7.92968],[-36.64213,-7.93803],[-36.66351,-7.93463],[-36.6756,-7.94083],[-36.67529,-7.94579],[-36.68191,-7.94771],[-36.68317,-7.94447],[-36.68684,-7.94402],[-36.70014,-7.95326],[-36.70729,-7.94689],[-36.759,-7.97068],[-36.77549,-7.98729],[-36.78171,-8.0],[-36.82439,-8.0],[-36.74965,-7.93987],[-36.70432,-7.91535],[-36.69199,-7.91619],[-36.66646,-7.91279],[-36.64172,-7.89161],[-36.62942,-7.88838],[-36.5994,-7.85952],[-36.58577,-7.84937],[-36.55047,-7.84644],[-36.53583,-7.83515],[-36.51793,-7.83481],[-36.49609,-7.82567],[-36.51419,-7.82303],[-36.52793,-7.82863],[-36.53573,-7.82755],[-36.56133,-7.83462],[-36.57553,-7.83096],[-36.56906,-7.82641],[-36.54493,-7.81832],[-36.50907,-7.81093],[-36.35817,-7.76412],[-36.39387,-7.78737],[-36.44171,-7.80936],[-36.48536,-7.83488],[-36.50685,-7.84117],[-36.53957,-7.84582],[-36.56689,-7.86083],[-36.58225,-7.86095],[-36.59886,-7.86816],[-36.62192,-7.89205],[-36.62421,-7.89753],[-36.61611,-7.90291],[-36.60119,-7.90776],[-36.57533,-7.91048],[-36.5782,-7.9152],[-36.5725,-7.9306],[-36.57458,-7.93742]]],[[[-36.04176,-7.79378],[-36.00669,-7.77626],[-36.0,-7.76874],[-36.0,-7.79918],[-36.01158,-7.81174],[-36.0216,-7.8102],[-36.0336,-7.7966],[-36.04176,-7.79378]]],[[[-36.05433,-7.79982],[-36.04251,-7.79415],[-36.0505,-7.8011],[-36.05433,-7.79982]]],[[[-36.16167,-7.78278],[-36.16403,-7.77392],[-36.15826,-7.76385],[-36.12316,-7.71696],[-36.08179,-7.66915],[-36.07977,-7.66599],[-36.08295,-7.66227],[-36.0,-7.61945],[-36.0,-7.72502],[-36.0411,-7.73912],[-36.04596,-7.737],[-36.05991,-7.71294],[-36.05819,-7.70624],[-36.04042,-7.67948],[-36.04206,-7.67545],[-36.0498,-7.67676],[-36.07507,-7.69048],[-36.078,-7.69294],[-36.07683,-7.69874],[-36.08361,-7.69767],[-36.0891,-7.70246],[-36.12154,-7.74107],[-36.14327,-7.77458],[-36.15317,-7.78268],[-36.16167,-7.78278]]]]}},{"type":"Feature","properties":{"SIGLA":"PPMP_gamma_c","NOME":"Suíte Camalaú","LITOTIPOS":"Augen gnaisse, Metagranito, Metamonzonito, Metassienito, Metatonalito, Metatrondhjemito, Ortognaisse, Ortognaisse monzogranítico","AMBIENTE_TECTONICO":null,"ERA_MIN":"Mesoproterozóico","ERA_MAX":"Paleoproterozóico","IDADE_MIN":1000.1,"IDADE_MAX":2500.0,"LEGENDA":"Ortognaisse monzonítico a monzograníticos e/ou tonalítico-trondhjemítico-granítico e sienítico. Por vezes granadíferos com anfibólio e piroxênio associados espacialmente a rochas metagabróicas e metanortosíticas.","area_km2":3.57},"geometry":{"type":"Polygon","coordinates":[[[-36.48617,-7.71168],[-36.47254,-7.6966],[-36.45159,-7.68437],[-36.44539,-7.68302],[-36.44659,-7.68941],[-36.4538,-7.69561],[-36.48617,-7.71168]]]}},{"type":"Feature","properties":{"SIGLA":"PPMP_gamma_c","NOME":"Suíte Camalaú","LITOTIPOS":"Augen gnaisse, Metagranito, Metamonzonito, Metassienito, Metatonalito, Metatrondhjemito, Ortognaisse, Ortognaisse monzogranítico","AMBIENTE_TECTONICO":null,"ERA_MIN":"Mesoproterozóico","ERA_MAX":"Paleoproterozóico","IDADE_MIN":1000.1,"IDADE_MAX":2500.0,"LEGENDA":"Ortognaisse monzonítico a monzograníticos e/ou tonalítico-trondhjemítico-granítico e sienítico. Por vezes granadíferos com anfibólio e piroxênio associados espacialmente a rochas metagabróicas e metanortosíticas.","area_km2":8.31},"geometry":{"type":"Polygon","coordinates":[[[-36.53726,-7.68248],[-36.5341,-7.68566],[-36.55077,-7.70118],[-36.54589,-7.70459],[-36.5485,-7.70855],[-36.56624,-7.7169],[-36.57437,-7.71672],[-36.57353,-7.7125],[-36.5672,-7.70524],[-36.56923,-7.6982],[-36.56208,-7.69238],[-36.56459,-7.68984],[-36.56368,-7.6877],[-36.55635,-7.68442],[-36.5567,-7.68845],[-36.54795,-7.69314],[-36.54428,-7.68828],[-36.55149,-7.68519],[-36.54907,-7.68252],[-36.54327,-7.68209],[-36.54492,-7.67787],[-36.53949,-7.67583],[-36.53306,-7.67828],[-36.53726,-7.68248]]]}},{"type":"Feature","properties":{"SIGLA":"PPMP_gamma_c","NOME":"Suíte Camalaú","LITOTIPOS":"Augen gnaisse, Metagranito, Metamonzonito, Metassienito, Metatonalito, Metatrondhjemito, Ortognaisse, Ortognaisse monzogranítico","AMBIENTE_TECTONICO":null,"ERA_MIN":"Mesoproterozóico","ERA_MAX":"Paleoproterozóico","IDADE_MIN":1000.1,"IDADE_MAX":2500.0,"LEGENDA":"Ortognaisse monzonítico a monzograníticos e/ou tonalítico-trondhjemítico-granítico e sienítico. Por vezes granadíferos com anfibólio e piroxênio associados espacialmente a rochas metagabróicas e metanortosíticas.","area_km2":14.6},"geometry":{"type":"Polygon","coordinates":[[[-36.42923,-7.72205],[-36.43142,-7.71907],[-36.42919,-7.71374],[-36.41212,-7.69681],[-36.37162,-7.67393],[-36.34185,-7.6615],[-36.33242,-7.66005],[-36.33247,-7.66246],[-36.35151,-7.6763],[-36.42923,-7.72205]]]}},{"type":"Feature","properties":{"SIGLA":"PPMP_gamma_c","NOME":"Suíte Camalaú","LITOTIPOS":"Augen gnaisse, Metagranito, Metamonzonito, Metassienito, Metatonalito, Metatrondhjemito, Ortognaisse, Ortognaisse monzogranítico","AMBIENTE_TECTONICO":null,"ERA_MIN":"Mesoproterozóico","ERA_MAX":"Paleoproterozóico","IDADE_MIN":1000.1,"IDADE_MAX":2500.0,"LEGENDA":"Ortognaisse monzonítico a monzograníticos e/ou tonalítico-trondhjemítico-granítico e sienítico. Por vezes granadíferos com anfibólio e piroxênio associados espacialmente a rochas metagabróicas e metanortosíticas.","area_km2":3.43},"geometry":{"type":"Polygon","coordinates":[[[-36.56684,-7.68254],[-36.58257,-7.68286],[-36.55834,-7.67462],[-36.55638,-7.67052],[-36.53213,-7.66055],[-36.51985,-7.65941],[-36.54407,-7.67346],[-36.56976,-7.68108],[-36.56684,-7.68254]]]}},{"type":"Feature","properties":{"SIGLA":"PP2sg","NOME":"Complexo Salgadinho","LITOTIPOS":"Anfibolito, Metadiorito, Metagabro, Ortognaisse, Quartzo monzodiorito","AMBIENTE_TECTONICO":null,"ERA_MIN":"Paleoproterozóico","ERA_MAX":"Paleoproterozóico","IDADE_MIN":2050.1,"IDADE_MAX":2300.0,"LEGENDA":"Anfibólio-biotita-magnetita ortognaisse bandado e migmatitico, cinza a róseo, granulação fina a média, apresentando composição granítica, granodiorítica e tonalítica. Localmente com lentes de anfibolito, metagrabos, metadioritos e quartzo monzodioritos (às vezes boudinados). U-Pb em zircão: 2,06 Ga. - 2,08 Ga; 2,057 Ga ± 20 Ma..","area_km2":48.34},"geometry":{"type":"MultiPolygon","coordinates":[[[[-35.62054,-7.66493],[-35.64428,-7.6808],[-35.66263,-7.69754],[-35.6675,-7.6974],[-35.6841,-7.7078],[-35.69239,-7.69768],[-35.68027,-7.67819],[-35.66812,-7.66839],[-35.62619,-7.6563],[-35.59917,-7.64295],[-35.58343,-7.63127],[-35.52985,-7.60603],[-35.53469,-7.61597],[-35.5369,-7.63075],[-35.59784,-7.65427],[-35.6079,-7.6534],[-35.62054,-7.66493]]],[[[-35.8253,-7.7496],[-35.84108,-7.74388],[-35.82425,-7.74378],[-35.79373,-7.72881],[-35.77125,-7.72663],[-35.74943,-7.70826],[-35.73495,-7.69948],[-35.70934,-7.70014],[-35.7136,-7.7074],[-35.7365,-7.7096],[-35.7431,-7.7138],[-35.7473,-7.7232],[-35.759,-7.7224],[-35.7676,-7.7267],[-35.7806,-7.7384],[-35.8253,-7.7496]]]]}},{"type":"Feature","properties":{"SIGLA":"NP23sc","NOME":"Complexo Surubim - Caroalina","LITOTIPOS":"Granada-biotita gnaisse, Mármore, Muscovita quartzito, Paragnaisse, Rocha calcissilicática, Xisto pelítico","AMBIENTE_TECTONICO":null,"ERA_MIN":"Neoproterozóico","ERA_MAX":"Neoproterozóico","IDADE_MIN":541.1,"IDADE_MAX":720.0,"LEGENDA":"Granada-biotita gnaisse e granada-biotita xisto com cianita, muscovita ou sillimanita, apresentando intercalações de mármore, quartzito micáceo, biotita-muscovita xisto e raras lentes anfibolíticas. Existem ainda micaxistos granatíferos com sillimanita, paragnaisses pelíticos a semi-pelíticos, leucognaisses, anfibólio-biotita paragnaisse, paranfibolitos, rochas cálciossilicáticas e quartzitos. Migmatização localizada. U-Pb em zircão detrítico: < 642 Ma.","area_km2":9.34},"geometry":{"type":"MultiPolygon","coordinates":[[[[-35.58763,-7.65023],[-35.54898,-7.63646],[-35.5369,-7.63075],[-35.54108,-7.63907],[-35.55651,-7.64498],[-35.55921,-7.64808],[-35.55713,-7.6551],[-35.54865,-7.65756],[-35.5596,-7.6613],[-35.58763,-7.65023]]],[[[-35.59027,-7.65127],[-35.5975,-7.6543],[-35.59784,-7.65427],[-35.59027,-7.65127]]],[[[-35.66263,-7.69754],[-35.64428,-7.6808],[-35.62016,-7.66474],[-35.6315,-7.6812],[-35.6453,-7.6924],[-35.6568,-7.6977],[-35.66263,-7.69754]]]]}},{"type":"Feature","properties":{"SIGLA":"PP2o","NOME":"Complexo Orobó 1","LITOTIPOS":"Anfibolito, Ortognaisse","AMBIENTE_TECTONICO":null,"ERA_MIN":"Paleoproterozóico","ERA_MAX":"Paleoproterozóico","IDADE_MIN":2050.1,"IDADE_MAX":2300.0,"LEGENDA":"Anfibólio-biotita-granada ortognaisses cinza, com granulação média a fina com marcante bandamento centimétrico a decimétrico, caracterizado pela alternância de camadas félsicas de composição monzogranitica e camadas máficas de composição monzodiorítica a quartzo ¿ monzodiorítica, com lentes de anfibolito.  (Sillimanita)-(granada)-biotita-(anfibólio) gnaisses, (granada)-muscovita- biotita gnaisses, às vezes migmatizados e raros micaxistos. Possuem intercalações de rochas metamáficas e, por vezes, de leucognaisses graníticos a granodioríticos, subordinados níveis de quartzitos e restritas intercalações de mármores e anfibolitos. Afinidade geoquímica cálcio-alcalina de médio a alto potássio, metaluminosa a peraluminosa. 2.103 Ma; U-Pb em zircão: 2,13 - 1,97 Ga. 2,085 + 15Ma.","area_km2":0.24},"geometry":{"type":"Polygon","coordinates":[[[-34.98149,-7.4995],[-34.98289,-7.50222],[-34.98435,-7.50662],[-34.98638,-7.4972],[-34.98149,-7.4995]]]}},{"type":"Feature","properties":{"SIGLA":"K2g","NOME":"Formação Gramame","LITOTIPOS":"Calcarenito, Calcário, Fosforito","AMBIENTE_TECTONICO":null,"ERA_MIN":"Mesozóico","ERA_MAX":"Mesozóico","IDADE_MIN":66.1,"IDADE_MAX":100.5,"LEGENDA":"Calcário fossilífero, calcário margoso, marga e argila, contendo horizontes de fosforito interdigitados com calcarenitos na base (marinho raso).","area_km2":2.84},"geometry":{"type":"Polygon","coordinates":[[[-34.81666,-7.51719],[-34.82071,-7.52714],[-34.82308,-7.52467],[-34.8306,-7.52644],[-34.83495,-7.52155],[-34.83948,-7.52033],[-34.84035,-7.5167],[-34.85152,-7.51106],[-34.85172,-7.50543],[-34.85009,-7.50228],[-34.84603,-7.51044],[-34.83582,-7.50799],[-34.83894,-7.51593],[-34.83111,-7.51888],[-34.82222,-7.51396],[-34.82292,-7.52244],[-34.81666,-7.51719]]]}},{"type":"Feature","properties":{"SIGLA":"K2g","NOME":"Formação Gramame","LITOTIPOS":"Calcarenito, Calcário, Fosforito","AMBIENTE_TECTONICO":null,"ERA_MIN":"Mesozóico","ERA_MAX":"Mesozóico","IDADE_MIN":66.1,"IDADE_MAX":100.5,"LEGENDA":"Calcário fossilífero, calcário margoso, marga e argila, contendo horizontes de fosforito interdigitados com calcarenitos na base (marinho raso).","area_km2":1.32},"geometry":{"type":"Polygon","coordinates":[[[-34.85551,-7.49836],[-34.85261,-7.48851],[-34.84714,-7.49003],[-34.83958,-7.50172],[-34.84219,-7.5037],[-34.85018,-7.49724],[-34.85551,-7.49836]]]}},{"type":"Feature","properties":{"SIGLA":"Nb","NOME":"Grupo Barreiras","LITOTIPOS":"Arenito, Arenito conglomerático, Argilito, Argilito arenoso, Conglomerado, Siltito","AMBIENTE_TECTONICO":"Cobertura superficial","ERA_MIN":"Cenozóico","ERA_MAX":"Cenozóico","IDADE_MIN":2.59,"IDADE_MAX":23.03,"LEGENDA":"Predomínio de camadas horizontais de arenito conglomerático com matriz caolínica, contendo lentes e lençóis de conglomerado e brecha, ricos em seixos e grânulos de quartzo e/ou feldspato, e intercalações de argilito caolínico silto-arenoso, siltito, arenito caolínico, arenito argiloso, arenito ferruginoso e argiloso friável e diamictito. Podem apresentar horizontes e/ou colunas de oxi-redução e/ou canga em que assumem cores variegadas (branca, vermelha e roxa); Arenitos argilosos de tonalidade variegada (amarelada, avermelhada e esverdeada), matriz argilo-caulínica, com cimento argiloso, ferruginoso e, às vezes, silicoso; granulação fina a média, com leitos conglomeráticos e nódulos lateríticos na base (pode-se encontrar, no topo, areias sílticas bem classificadas) / sistema fluvial com esporádicas corridas de lamas.","area_km2":46.85},"geometry":{"type":"Polygon","coordinates":[[[-34.98396,-7.4693],[-34.95443,-7.47375],[-34.94331,-7.47339],[-34.92922,-7.46648],[-34.92469,-7.46977],[-34.92498,-7.47587],[-34.92811,-7.47767],[-34.93942,-7.47974],[-34.9535,-7.47829],[-34.96939,-7.48679],[-34.97136,-7.48853],[-34.96984,-7.49159],[-34.95145,-7.48317],[-34.93705,-7.48695],[-34.93091,-7.48327],[-34.92105,-7.48372],[-34.91519,-7.47795],[-34.89997,-7.48064],[-34.88614,-7.46919],[-34.87763,-7.47048],[-34.87356,-7.46549],[-34.86845,-7.46803],[-34.86691,-7.4631],[-34.85724,-7.46361],[-34.85979,-7.46738],[-34.86553,-7.46957],[-34.86413,-7.47396],[-34.88086,-7.48122],[-34.8944,-7.48108],[-34.89598,-7.48685],[-34.90362,-7.49548],[-34.90294,-7.50048],[-34.89523,-7.50266],[-34.89571,-7.50584],[-34.90122,-7.50732],[-34.9005,-7.5099],[-34.89666,-7.51069],[-34.88054,-7.50361],[-34.87733,-7.51468],[-34.90116,-7.51811],[-34.91905,-7.51443],[-34.93497,-7.52042],[-34.94119,-7.51644],[-34.95706,-7.52232],[-34.96636,-7.50892],[-34.98638,-7.4972],[-34.9902,-7.4889],[-34.9883,-7.4762],[-34.98396,-7.4693]]]}},{"type":"Feature","properties":{"SIGLA":"Nb","NOME":"Grupo Barreiras","LITOTIPOS":"Arenito, Arenito conglomerático, Argilito, Argilito arenoso, Conglomerado, Siltito","AMBIENTE_TECTONICO":"Cobertura superficial","ERA_MIN":"Cenozóico","ERA_MAX":"Cenozóico","IDADE_MIN":2.59,"IDADE_MAX":23.03,"LEGENDA":"Predomínio de camadas horizontais de arenito conglomerático com matriz caolínica, contendo lentes e lençóis de conglomerado e brecha, ricos em seixos e grânulos de quartzo e/ou feldspato, e intercalações de argilito caolínico silto-arenoso, siltito, arenito caolínico, arenito argiloso, arenito ferruginoso e argiloso friável e diamictito. Podem apresentar horizontes e/ou colunas de oxi-redução e/ou canga em que assumem cores variegadas (branca, vermelha e roxa); Arenitos argilosos de tonalidade variegada (amarelada, avermelhada e esverdeada), matriz argilo-caulínica, com cimento argiloso, ferruginoso e, às vezes, silicoso; granulação fina a média, com leitos conglomeráticos e nódulos lateríticos na base (pode-se encontrar, no topo, areias sílticas bem classificadas) / sistema fluvial com esporádicas corridas de lamas.","area_km2":19.38},"geometry":{"type":"Polygon","coordinates":[[[-34.81417,-7.49223],[-34.81126,-7.50557],[-34.81382,-7.50805],[-34.81482,-7.51513],[-34.82223,-7.52255],[-34.82173,-7.51424],[-34.83111,-7.51888],[-34.83894,-7.51593],[-34.83582,-7.50799],[-34.84671,-7.51016],[-34.84821,-7.50387],[-34.85551,-7.49836],[-34.85145,-7.49685],[-34.84332,-7.50331],[-34.84,-7.50279],[-34.84714,-7.49003],[-34.8535,-7.48654],[-34.84937,-7.48183],[-34.84899,-7.47707],[-34.84754,-7.47657],[-34.8466,-7.48184],[-34.84263,-7.47963],[-34.84019,-7.46626],[-34.82457,-7.45065],[-34.82106,-7.45161],[-34.8217,-7.45442],[-34.83766,-7.4683],[-34.81645,-7.46668],[-34.8061,-7.47393],[-34.81036,-7.47955],[-34.81917,-7.47745],[-34.82266,-7.482],[-34.83184,-7.48064],[-34.82253,-7.49412],[-34.82042,-7.48484],[-34.81245,-7.48326],[-34.81417,-7.49223]]]}},{"type":"Feature","properties":{"SIGLA":"K2be","NOME":"Formação Beberibe","LITOTIPOS":"Arenito","AMBIENTE_TECTONICO":null,"ERA_MIN":"Mesozóico","ERA_MAX":"Mesozóico","IDADE_MIN":66.1,"IDADE_MAX":100.5,"LEGENDA":"Arenito médio a grosso com níveis conglomeráticos, localmente fino, cinza mal selecionado, apresentando eventuais intercalações de conglomerado e siltito argiloso, no topo arenito com cimento calcífero (fluvial entrelaçado a transicional).","area_km2":4.5},"geometry":{"type":"Polygon","coordinates":[[[-34.98533,-7.4484],[-34.98441,-7.44148],[-34.98193,-7.44083],[-34.97648,-7.44986],[-34.96468,-7.45159],[-34.96314,-7.45504],[-34.9591,-7.45407],[-34.95724,-7.45706],[-34.94947,-7.45716],[-34.94549,-7.45514],[-34.95262,-7.44733],[-34.95179,-7.44305],[-34.94898,-7.44303],[-34.93912,-7.44704],[-34.94513,-7.44935],[-34.94216,-7.45126],[-34.93955,-7.4589],[-34.94794,-7.46123],[-34.97216,-7.45415],[-34.98495,-7.45306],[-34.99414,-7.45732],[-34.98972,-7.45089],[-34.99635,-7.43893],[-34.98533,-7.4484]]]}},{"type":"Feature","properties":{"SIGLA":"Qfm","NOME":"Depósitos flúvio-marinhos","LITOTIPOS":"Areia, Argila, Silte","AMBIENTE_TECTONICO":null,"ERA_MIN":"Cenozóico","ERA_MAX":"Cenozóico","IDADE_MIN":0.0,"IDADE_MAX":2.58,"LEGENDA":"Depósitos indiscriminados de pantanos e mangues, fluvio-lagunares e litorâneos indiscriminados","area_km2":197.6},"geometry":{"type":"MultiPolygon","coordinates":[[[[-34.99414,-7.45732],[-34.98495,-7.45306],[-34.9757,-7.45359],[-34.94549,-7.46151],[-34.93955,-7.4589],[-34.93937,-7.45665],[-34.94513,-7.44935],[-34.93912,-7.44704],[-34.93281,-7.45016],[-34.91323,-7.4519],[-34.90006,-7.46085],[-34.89468,-7.46049],[-34.89231,-7.4578],[-34.89697,-7.45159],[-34.89941,-7.45159],[-34.89975,-7.44758],[-34.90809,-7.44379],[-34.92074,-7.44535],[-34.92114,-7.44214],[-34.91583,-7.43949],[-34.91782,-7.43702],[-34.9263,-7.44102],[-34.93055,-7.44023],[-34.93022,-7.43508],[-34.9222,-7.43533],[-34.92272,-7.43058],[-34.93583,-7.42059],[-34.94684,-7.41912],[-34.94076,-7.41228],[-34.94504,-7.40798],[-34.95726,-7.40495],[-34.95355,-7.3989],[-34.95437,-7.39381],[-34.95119,-7.3906],[-34.95976,-7.37726],[-34.95611,-7.37562],[-34.9596,-7.36809],[-34.97337,-7.35678],[-34.97432,-7.35425],[-34.97252,-7.35362],[-34.95964,-7.361],[-34.95585,-7.36589],[-34.94624,-7.38786],[-34.94311,-7.39017],[-34.94624,-7.39264],[-34.94678,-7.39901],[-34.94171,-7.40154],[-34.93445,-7.39803],[-34.93621,-7.41447],[-34.91992,-7.42557],[-34.9139,-7.42659],[-34.91001,-7.43523],[-34.89113,-7.44804],[-34.8829,-7.45167],[-34.87882,-7.44815],[-34.89366,-7.42911],[-34.89679,-7.42154],[-34.90499,-7.41518],[-34.9181,-7.39817],[-34.91406,-7.39797],[-34.89404,-7.41224],[-34.8861,-7.40885],[-34.88786,-7.39847],[-34.89752,-7.39127],[-34.89759,-7.38602],[-34.90429,-7.37818],[-34.90504,-7.37265],[-34.91223,-7.36496],[-34.923,-7.36391],[-34.92831,-7.35982],[-34.92662,-7.35834],[-34.91604,-7.36066],[-34.91057,-7.35818],[-34.91831,-7.34369],[-34.93398,-7.33891],[-34.9374,-7.33463],[-34.93734,-7.33154],[-34.93442,-7.33144],[-34.92637,-7.33348],[-34.92358,-7.33644],[-34.92154,-7.33513],[-34.93218,-7.31684],[-34.93028,-7.31024],[-34.93169,-7.30338],[-34.92547,-7.30222],[-34.92425,-7.30738],[-34.92012,-7.30309],[-34.91808,-7.32961],[-34.91286,-7.33778],[-34.90618,-7.36163],[-34.89562,-7.37479],[-34.89129,-7.38573],[-34.87829,-7.39899],[-34.87958,-7.40368],[-34.87137,-7.4086],[-34.86987,-7.41525],[-34.8639,-7.4123],[-34.85903,-7.42156],[-34.84567,-7.42912],[-34.84014,-7.42175],[-34.83489,-7.42586],[-34.82164,-7.42833],[-34.8367,-7.41089],[-34.83354,-7.40981],[-34.82039,-7.41334],[-34.82286,-7.4196],[-34.81444,-7.4231],[-34.81587,-7.41559],[-34.8143,-7.41221],[-34.80912,-7.41273],[-34.80864,-7.40455],[-34.8103,-7.40168],[-34.81592,-7.40333],[-34.81736,-7.39977],[-34.82285,-7.39926],[-34.82468,-7.39546],[-34.83493,-7.39115],[-34.83868,-7.3925],[-34.84024,-7.39089],[-34.84191,-7.39978],[-34.84608,-7.39954],[-34.84468,-7.38835],[-34.85865,-7.38527],[-34.86052,-7.38097],[-34.84219,-7.38226],[-34.84219,-7.37197],[-34.83953,-7.37091],[-34.83674,-7.38289],[-34.82462,-7.38809],[-34.81833,-7.39484],[-34.81514,-7.39475],[-34.80565,-7.3915],[-34.80328,-7.38732],[-34.80516,-7.38197],[-34.81563,-7.3836],[-34.81841,-7.37906],[-34.81807,-7.37693],[-34.80883,-7.37678],[-34.80839,-7.36922],[-34.81259,-7.36802],[-34.8184,-7.37174],[-34.82988,-7.37312],[-34.83163,-7.36278],[-34.82228,-7.36069],[-34.81781,-7.36357],[-34.81439,-7.35622],[-34.81673,-7.35037],[-34.82227,-7.34738],[-34.82802,-7.34992],[-34.83122,-7.34663],[-34.84404,-7.34422],[-34.84652,-7.35242],[-34.85037,-7.34941],[-34.85004,-7.35978],[-34.85578,-7.35786],[-34.85666,-7.36161],[-34.85925,-7.35757],[-34.85565,-7.3474],[-34.85699,-7.34477],[-34.86113,-7.34845],[-34.86122,-7.3536],[-34.86793,-7.35572],[-34.87233,-7.3513],[-34.86409,-7.34559],[-34.86308,-7.33833],[-34.86797,-7.33458],[-34.87198,-7.33969],[-34.87311,-7.33385],[-34.8897,-7.33145],[-34.89809,-7.32424],[-34.89667,-7.32034],[-34.88346,-7.32641],[-34.87555,-7.32557],[-34.87786,-7.32002],[-34.89045,-7.31744],[-34.89188,-7.30862],[-34.88827,-7.30751],[-34.87617,-7.31532],[-34.87096,-7.31366],[-34.87134,-7.31819],[-34.86727,-7.31828],[-34.86764,-7.32729],[-34.8563,-7.33327],[-34.85408,-7.33666],[-34.84929,-7.33473],[-34.8471,-7.32592],[-34.84338,-7.33398],[-34.83764,-7.33418],[-34.83264,-7.33965],[-34.8277,-7.33964],[-34.82397,-7.33332],[-34.82073,-7.33991],[-34.80123,-7.33941],[-34.81017,-7.34735],[-34.80692,-7.3578],[-34.80278,-7.36028],[-34.80384,-7.36724],[-34.79878,-7.36932],[-34.811,-7.4542],[-34.8095,-7.4626],[-34.8039,-7.4713],[-34.8061,-7.47393],[-34.81645,-7.46668],[-34.83709,-7.46921],[-34.83471,-7.46436],[-34.82655,-7.46003],[-34.8217,-7.45442],[-34.82106,-7.45161],[-34.82457,-7.45065],[-34.84019,-7.46626],[-34.84121,-7.47628],[-34.84438,-7.48178],[-34.8466,-7.48184],[-34.84754,-7.47657],[-34.84899,-7.47707],[-34.85615,-7.49627],[-34.85009,-7.50228],[-34.8522,-7.50797],[-34.85018,-7.51234],[-34.84035,-7.5167],[-34.83948,-7.52033],[-34.83495,-7.52155],[-34.8306,-7.52644],[-34.82308,-7.52467],[-34.82131,-7.52731],[-34.81126,-7.50557],[-34.81223,-7.49709],[-34.81498,-7.49432],[-34.81373,-7.49078],[-34.8091,-7.5095],[-34.8217,-7.5343],[-34.82529,-7.54801],[-34.83236,-7.54034],[-34.84146,-7.53865],[-34.84287,-7.54125],[-34.83308,-7.54482],[-34.83264,-7.54894],[-34.8386,-7.5443],[-34.858,-7.538],[-34.8674,-7.548],[-34.8872,-7.5364],[-34.8955,-7.5451],[-34.9015,-7.5371],[-34.9173,-7.5418],[-34.923,-7.534],[-34.9327,-7.5285],[-34.9395,-7.53],[-34.9506,-7.5376],[-34.9608,-7.5388],[-34.9694,-7.5211],[-34.9791,-7.5097],[-34.9842,-7.5079],[-34.98149,-7.4995],[-34.96636,-7.50892],[-34.95706,-7.52232],[-34.94119,-7.51644],[-34.93318,-7.52021],[-34.91905,-7.51443],[-34.90116,-7.51811],[-34.87824,-7.51517],[-34.88054,-7.50361],[-34.89666,-7.51069],[-34.9005,-7.5099],[-34.90122,-7.50732],[-34.89571,-7.50584],[-34.89523,-7.50266],[-34.90294,-7.50048],[-34.90362,-7.49548],[-34.89598,-7.48685],[-34.8944,-7.48108],[-34.88086,-7.48122],[-34.86413,-7.47396],[-34.86553,-7.46957],[-34.85979,-7.46738],[-34.85735,-7.46314],[-34.86691,-7.4631],[-34.86921,-7.46838],[-34.87356,-7.46549],[-34.87763,-7.47048],[-34.88614,-7.46919],[-34.89997,-7.48064],[-34.91519,-7.47795],[-34.92105,-7.48372],[-34.93091,-7.48327],[-34.93705,-7.48695],[-34.95145,-7.48317],[-34.96984,-7.49159],[-34.97136,-7.48853],[-34.96939,-7.48679],[-34.9535,-7.47829],[-34.93942,-7.47974],[-34.92811,-7.47767],[-34.92498,-7.47587],[-34.92469,-7.46977],[-34.92922,-7.46648],[-34.94331,-7.47339],[-34.97727,-7.47121],[-34.98424,-7.46937],[-34.9854,-7.462],[-34.99414,-7.45732]],[[-34.85763,-7.34295],[-34.85763,-7.34295],[-34.86801,-7.3543],[-34.85763,-7.34295]]],[[[-35.01292,-7.44491],[-35.01106,-7.44619],[-35.0108,-7.44669],[-35.01292,-7.44491]]],[[[-34.81337,-7.48646],[-34.81245,-7.48326],[-34.82042,-7.48484],[-34.82253,-7.49412],[-34.83184,-7.48064],[-34.82266,-7.482],[-34.81917,-7.47745],[-34.81036,-7.47955],[-34.81337,-7.48646]]]]}},{"type":"Feature","properties":{"SIGLA":"K2be","NOME":"Formação Beberibe","LITOTIPOS":"Arenito","AMBIENTE_TECTONICO":null,"ERA_MIN":"Mesozóico","ERA_MAX":"Mesozóico","IDADE_MIN":66.1,"IDADE_MAX":100.5,"LEGENDA":"Arenito médio a grosso com níveis conglomeráticos, localmente fino, cinza mal selecionado, apresentando eventuais intercalações de conglomerado e siltito argiloso, no topo arenito com cimento calcífero (fluvial entrelaçado a transicional).","area_km2":23.55},"geometry":{"type":"Polygon","coordinates":[[[-35.00494,-7.37547],[-34.9883,-7.3916],[-34.98124,-7.40725],[-34.97277,-7.4114],[-34.96343,-7.42423],[-34.95754,-7.42599],[-34.95066,-7.43354],[-34.94775,-7.43387],[-34.9461,-7.43048],[-34.93475,-7.42525],[-34.94808,-7.42461],[-34.95352,-7.41932],[-34.9544,-7.41611],[-34.94566,-7.4133],[-34.94675,-7.4111],[-34.95394,-7.40972],[-34.95873,-7.41177],[-34.96481,-7.40474],[-34.97629,-7.40725],[-34.97434,-7.40317],[-34.97701,-7.39848],[-34.96209,-7.40049],[-34.95705,-7.39822],[-34.96949,-7.39433],[-34.96968,-7.39184],[-34.96473,-7.38801],[-34.97938,-7.38845],[-34.98293,-7.38581],[-34.98086,-7.38381],[-34.98219,-7.38148],[-34.99114,-7.38064],[-34.99234,-7.37793],[-34.98319,-7.37551],[-34.97651,-7.38186],[-34.96302,-7.38467],[-34.95437,-7.39381],[-34.95355,-7.3989],[-34.95651,-7.406],[-34.94504,-7.40798],[-34.94076,-7.41228],[-34.94684,-7.41912],[-34.93583,-7.42059],[-34.92272,-7.43058],[-34.93734,-7.43129],[-34.94559,-7.43777],[-34.96527,-7.43458],[-34.97038,-7.43131],[-34.97763,-7.43381],[-34.98971,-7.42693],[-34.99159,-7.4325],[-35.00305,-7.43295],[-35.00199,-7.41961],[-35.00598,-7.42134],[-35.00844,-7.41926],[-35.00815,-7.41426],[-35.01303,-7.40829],[-35.00326,-7.40672],[-34.99938,-7.41326],[-34.98117,-7.42634],[-34.97696,-7.42629],[-34.99396,-7.40742],[-34.98978,-7.40444],[-34.99452,-7.39975],[-34.99483,-7.39338],[-35.00038,-7.39123],[-34.99642,-7.38692],[-35.00335,-7.38724],[-35.00535,-7.38339],[-35.01028,-7.38305],[-35.0099,-7.37764],[-35.00494,-7.37547]]]}},{"type":"Feature","properties":{"SIGLA":"K2g","NOME":"Formação Gramame","LITOTIPOS":"Calcarenito, Calcário, Fosforito","AMBIENTE_TECTONICO":null,"ERA_MIN":"Mesozóico","ERA_MAX":"Mesozóico","IDADE_MIN":66.1,"IDADE_MAX":100.5,"LEGENDA":"Calcário fossilífero, calcário margoso, marga e argila, contendo horizontes de fosforito interdigitados com calcarenitos na base (marinho raso).","area_km2":2.79},"geometry":{"type":"Polygon","coordinates":[[[-34.84219,-7.38226],[-34.86052,-7.38097],[-34.85865,-7.38527],[-34.84468,-7.38835],[-34.84639,-7.39734],[-34.84831,-7.38949],[-34.8605,-7.39092],[-34.86263,-7.38455],[-34.86633,-7.38262],[-34.86565,-7.37503],[-34.86271,-7.37323],[-34.86041,-7.37769],[-34.85747,-7.37288],[-34.85072,-7.37252],[-34.85088,-7.37954],[-34.84747,-7.38018],[-34.84428,-7.37661],[-34.84219,-7.38226]]]}},{"type":"Feature","properties":{"SIGLA":"K2g","NOME":"Formação Gramame","LITOTIPOS":"Calcarenito, Calcário, Fosforito","AMBIENTE_TECTONICO":null,"ERA_MIN":"Mesozóico","ERA_MAX":"Mesozóico","IDADE_MIN":66.1,"IDADE_MAX":100.5,"LEGENDA":"Calcário fossilífero, calcário margoso, marga e argila, contendo horizontes de fosforito interdigitados com calcarenitos na base (marinho raso).","area_km2":15.75},"geometry":{"type":"Polygon","coordinates":[[[-34.83776,-7.42177],[-34.84656,-7.42877],[-34.85903,-7.42156],[-34.8639,-7.4123],[-34.86987,-7.41525],[-34.87137,-7.4086],[-34.87958,-7.40368],[-34.87829,-7.39899],[-34.89129,-7.38573],[-34.89562,-7.37479],[-34.90618,-7.36163],[-34.91286,-7.33778],[-34.91808,-7.32961],[-34.91801,-7.31361],[-34.90795,-7.33709],[-34.90871,-7.34606],[-34.90318,-7.3507],[-34.90094,-7.34453],[-34.89902,-7.3447],[-34.89681,-7.35197],[-34.89297,-7.35366],[-34.89402,-7.35612],[-34.90297,-7.35799],[-34.9037,-7.36054],[-34.89954,-7.36339],[-34.89972,-7.36726],[-34.88995,-7.36316],[-34.8869,-7.35394],[-34.88504,-7.36203],[-34.87797,-7.35998],[-34.8734,-7.36728],[-34.88099,-7.36995],[-34.88555,-7.36644],[-34.88685,-7.37179],[-34.89285,-7.37307],[-34.88785,-7.37527],[-34.88621,-7.38083],[-34.88325,-7.3826],[-34.87982,-7.38182],[-34.8768,-7.37645],[-34.86995,-7.38028],[-34.86966,-7.38386],[-34.87371,-7.38377],[-34.87725,-7.39158],[-34.87313,-7.39411],[-34.8738,-7.40146],[-34.87187,-7.40474],[-34.86757,-7.40117],[-34.86671,-7.39255],[-34.85973,-7.39695],[-34.85215,-7.39599],[-34.8564,-7.40623],[-34.85432,-7.41923],[-34.84835,-7.42457],[-34.84739,-7.41726],[-34.83828,-7.41784],[-34.83776,-7.42177]]]}},{"type":"Feature","properties":{"SIGLA":"Qfm","NOME":"Depósitos flúvio-marinhos","LITOTIPOS":"Areia, Argila, Silte","AMBIENTE_TECTONICO":null,"ERA_MIN":"Cenozóico","ERA_MAX":"Cenozóico","IDADE_MIN":0.0,"IDADE_MAX":2.58,"LEGENDA":"Depósitos indiscriminados de pantanos e mangues, fluvio-lagunares e litorâneos indiscriminados","area_km2":0.78},"geometry":{"type":"Polygon","coordinates":[[[-34.96257,-7.32909],[-34.96605,-7.32989],[-34.96388,-7.3229],[-34.96918,-7.31781],[-34.96609,-7.31633],[-34.96453,-7.31137],[-34.96084,-7.31923],[-34.96257,-7.32909]]]}},{"type":"Feature","properties":{"SIGLA":"NP3_gamma_i","NOME":"Corpo Granitoides indiscriminados brasilianos","LITOTIPOS":"Biotita granito, Granito pórfiro, Granitoide, Granodiorito, Metagranito, Monzogranito, Quartzo diorito, Quartzo monzonito, Sienogranito, Tonalito","AMBIENTE_TECTONICO":null,"ERA_MIN":"Neoproterozóico","ERA_MAX":"Neoproterozóico","IDADE_MIN":541.1,"IDADE_MAX":635.0,"LEGENDA":"Granitoides de composição petrográfica diversa e quimismo não determinado. Granitoides cinzentos, geralmente de granulometria média a grossa (fácies porfirítica subordinada), de composição granítica dominante, em parte com enclaves dioríticos, em jazimentos individualizados ou intrusivos, de foliação incipiente, alguns gnaissificados e fortemente milonitizados. Monzogranito, granodiorito, tonalito e sienogranito cinza claro a róseo, com granulação fina, foliação definida pela orientação preferencial da biotita; possuem xenólitos; Sienito isotrópico fino a médio, inequigranular e porfirítico.; Hornblenda -biotita diorito e monzodiorito inequigranular fino, foliado, de coloração cinza escura, com enclaves microgranulares e clots de biotita; Biotita metaquartzo sienito a granito peraluminoso, metagranito com biotita metaluminoso e hiperstênio-hornblenda metatonalito. Localmente, exibem foliação magmática; Também ocorrem quartzo diorito, granodiorito, tonalito e quartzo monzonito fortemente milonitizados. Também ocorrem quartzo diorito, granodiorito, tonalito e quartzo monzonito.","area_km2":9.68},"geometry":{"type":"Polygon","coordinates":[[[-35.55079,-7.65704],[-35.55713,-7.6551],[-35.55921,-7.64808],[-35.55651,-7.64498],[-35.54108,-7.63907],[-35.53782,-7.63475],[-35.53469,-7.61597],[-35.52781,-7.60277],[-35.52145,-7.59616],[-35.5183,-7.604],[-35.5258,-7.6076],[-35.5317,-7.6217],[-35.5196,-7.64],[-35.527,-7.6451],[-35.5346,-7.6555],[-35.55079,-7.65704]]]}},{"type":"Feature","properties":{"SIGLA":"PP2sg","NOME":"Complexo Salgadinho","LITOTIPOS":"Anfibolito, Metadiorito, Metagabro, Ortognaisse, Quartzo monzodiorito","AMBIENTE_TECTONICO":null,"ERA_MIN":"Paleoproterozóico","ERA_MAX":"Paleoproterozóico","IDADE_MIN":2050.1,"IDADE_MAX":2300.0,"LEGENDA":"Anfibólio-biotita-magnetita ortognaisse bandado e migmatitico, cinza a róseo, granulação fina a média, apresentando composição granítica, granodiorítica e tonalítica. Localmente com lentes de anfibolito, metagrabos, metadioritos e quartzo monzodioritos (às vezes boudinados). U-Pb em zircão: 2,06 Ga. - 2,08 Ga; 2,057 Ga ± 20 Ma..","area_km2":604.09},"geometry":{"type":"MultiPolygon","coordinates":[[[[-35.5216,-7.59623],[-35.56622,-7.60814],[-35.59406,-7.6251],[-35.6038,-7.62334],[-35.57596,-7.57899],[-35.55209,-7.55836],[-35.55272,-7.53927],[-35.55538,-7.53582],[-35.56346,-7.53392],[-35.57154,-7.52342],[-35.57353,-7.50825],[-35.57742,-7.50225],[-35.57987,-7.50317],[-35.58094,-7.51128],[-35.58764,-7.52242],[-35.58763,-7.52851],[-35.58254,-7.54153],[-35.57659,-7.55046],[-35.57959,-7.56334],[-35.58652,-7.57321],[-35.61937,-7.60164],[-35.64305,-7.61351],[-35.66647,-7.63006],[-35.68107,-7.63591],[-35.73101,-7.66904],[-35.75177,-7.67193],[-35.75525,-7.66794],[-35.7527,-7.66001],[-35.75648,-7.65845],[-35.78518,-7.66912],[-35.80652,-7.68105],[-35.82159,-7.68457],[-35.82647,-7.68338],[-35.82907,-7.67751],[-35.82537,-7.6683],[-35.81936,-7.6617],[-35.82023,-7.65861],[-35.8826,-7.66008],[-35.90725,-7.6704],[-35.91831,-7.67061],[-35.94621,-7.68302],[-35.95456,-7.68352],[-35.95636,-7.68072],[-35.94901,-7.66782],[-35.92631,-7.6543],[-35.92585,-7.65003],[-35.93728,-7.6463],[-35.93462,-7.64007],[-35.90754,-7.62955],[-35.89064,-7.6129],[-35.8478,-7.59294],[-35.81559,-7.58635],[-35.80239,-7.58668],[-35.76704,-7.57789],[-35.76119,-7.57026],[-35.74739,-7.56446],[-35.69372,-7.5517],[-35.65198,-7.52944],[-35.61304,-7.50153],[-35.58996,-7.47926],[-35.57906,-7.47228],[-35.56835,-7.45833],[-35.54413,-7.44008],[-35.52719,-7.41652],[-35.53169,-7.41117],[-35.54762,-7.41032],[-35.54675,-7.40447],[-35.52351,-7.38777],[-35.50422,-7.3843],[-35.45664,-7.36525],[-35.45214,-7.36948],[-35.44516,-7.36756],[-35.44101,-7.37078],[-35.43547,-7.36767],[-35.43628,-7.37188],[-35.42945,-7.37547],[-35.42821,-7.38191],[-35.4239,-7.38417],[-35.41704,-7.38197],[-35.39922,-7.36998],[-35.37493,-7.37413],[-35.36314,-7.37164],[-35.36133,-7.37598],[-35.36956,-7.38558],[-35.37073,-7.39362],[-35.36811,-7.39933],[-35.36258,-7.40149],[-35.33121,-7.39313],[-35.30995,-7.3968],[-35.31046,-7.40126],[-35.32074,-7.40381],[-35.328,-7.40856],[-35.3308,-7.4066],[-35.3335,-7.4228],[-35.3526,-7.4242],[-35.3508,-7.42901],[-35.35992,-7.43073],[-35.35967,-7.43327],[-35.41045,-7.43196],[-35.44275,-7.4387],[-35.47277,-7.44081],[-35.50205,-7.45162],[-35.51365,-7.46191],[-35.53172,-7.47068],[-35.53442,-7.47696],[-35.53108,-7.48464],[-35.50385,-7.50761],[-35.5019,-7.5125],[-35.5092,-7.5175],[-35.5124,-7.5315],[-35.5167,-7.5312],[-35.5214,-7.5412],[-35.5199,-7.5504],[-35.5272,-7.57],[-35.5373,-7.5806],[-35.5359,-7.5886],[-35.5279,-7.5902],[-35.5216,-7.59623]]],[[[-35.20938,-7.3837],[-35.20541,-7.37639],[-35.20628,-7.38024],[-35.20292,-7.38638],[-35.20938,-7.3837]]]]}},{"type":"Feature","properties":{"SIGLA":"NP3_gamma_i","NOME":"Corpo Granitoides indiscriminados brasilianos","LITOTIPOS":"Biotita granito, Granito pórfiro, Granitoide, Granodiorito, Metagranito, Monzogranito, Quartzo diorito, Quartzo monzonito, Sienogranito, Tonalito","AMBIENTE_TECTONICO":null,"ERA_MIN":"Neoproterozóico","ERA_MAX":"Neoproterozóico","IDADE_MIN":541.1,"IDADE_MAX":635.0,"LEGENDA":"Granitoides de composição petrográfica diversa e quimismo não determinado. Granitoides cinzentos, geralmente de granulometria média a grossa (fácies porfirítica subordinada), de composição granítica dominante, em parte com enclaves dioríticos, em jazimentos individualizados ou intrusivos, de foliação incipiente, alguns gnaissificados e fortemente milonitizados. Monzogranito, granodiorito, tonalito e sienogranito cinza claro a róseo, com granulação fina, foliação definida pela orientação preferencial da biotita; possuem xenólitos; Sienito isotrópico fino a médio, inequigranular e porfirítico.; Hornblenda -biotita diorito e monzodiorito inequigranular fino, foliado, de coloração cinza escura, com enclaves microgranulares e clots de biotita; Biotita metaquartzo sienito a granito peraluminoso, metagranito com biotita metaluminoso e hiperstênio-hornblenda metatonalito. Localmente, exibem foliação magmática; Também ocorrem quartzo diorito, granodiorito, tonalito e quartzo monzonito fortemente milonitizados. Também ocorrem quartzo diorito, granodiorito, tonalito e quartzo monzonito.","area_km2":59.58},"geometry":{"type":"MultiPolygon","coordinates":[[[[-35.50385,-7.50761],[-35.53108,-7.48464],[-35.53371,-7.47359],[-35.52855,-7.46847],[-35.51365,-7.46191],[-35.50205,-7.45162],[-35.49152,-7.44664],[-35.47277,-7.44081],[-35.44275,-7.4387],[-35.41045,-7.43196],[-35.34889,-7.43413],[-35.353,-7.4413],[-35.3629,-7.4428],[-35.3684,-7.4406],[-35.376,-7.4489],[-35.3855,-7.4496],[-35.3922,-7.456],[-35.4098,-7.4628],[-35.4129,-7.4706],[-35.4247,-7.4744],[-35.4344,-7.4708],[-35.4377,-7.4606],[-35.4504,-7.4534],[-35.4538,-7.4626],[-35.4635,-7.4624],[-35.4761,-7.4762],[-35.489,-7.4782],[-35.4949,-7.4839],[-35.50385,-7.50761]]],[[[-35.21604,-7.38116],[-35.20541,-7.37639],[-35.20941,-7.3838],[-35.21604,-7.38116]]]]}},{"type":"Feature","properties":{"SIGLA":"PP3se","NOME":"Complexo Sertânia","LITOTIPOS":"Anfibolito, Granada-biotita gnaisse, Mármore calcítico, Mármore dolomítico, Paragnaisse, Paramigmatito, Rocha calcissilicática, Rocha metavulcânica","AMBIENTE_TECTONICO":null,"ERA_MIN":"Paleoproterozóico","ERA_MAX":"Paleoproterozóico","IDADE_MIN":1800.1,"IDADE_MAX":2050.0,"LEGENDA":"Granada-silimanita-muscovita-biotita gnaisses com transição para gnaisses migmatizados estromáticos e anfibolitos; Muscovita-biotita gnaisse, biotita gnaisse, biotita xisto com granada e/ou sillimanita e/ou muscovita, biotita paragnaisses pelíticos com granada e/ou  sillimanita, migmatizados, com intercalações de mármore, rocha calcissilicática, quartzito e raro metavulcanito básico. U-Pb em zircão detrítico. < 1951 Ma. U-Pb em zircão detrítico: < 1,87 Ga.","area_km2":487.6},"geometry":{"type":"MultiPolygon","coordinates":[[[[-35.53701,-7.38463],[-35.48784,-7.33786],[-35.47469,-7.33077],[-35.46903,-7.3343],[-35.47377,-7.34175],[-35.46828,-7.34293],[-35.46769,-7.3458],[-35.47613,-7.35392],[-35.47038,-7.35605],[-35.46144,-7.35447],[-35.43426,-7.34151],[-35.42686,-7.34162],[-35.41358,-7.33246],[-35.404,-7.32911],[-35.39635,-7.33163],[-35.39581,-7.32804],[-35.38793,-7.32585],[-35.37081,-7.32355],[-35.36637,-7.32568],[-35.36468,-7.33349],[-35.35053,-7.33612],[-35.33998,-7.33416],[-35.30456,-7.31088],[-35.30655,-7.32457],[-35.31289,-7.32696],[-35.31438,-7.33547],[-35.31714,-7.33701],[-35.31674,-7.34142],[-35.32184,-7.34199],[-35.32359,-7.34753],[-35.32717,-7.34245],[-35.33226,-7.35251],[-35.3286,-7.36271],[-35.32976,-7.36963],[-35.32338,-7.36956],[-35.32312,-7.3755],[-35.31977,-7.3781],[-35.31179,-7.37103],[-35.31331,-7.36385],[-35.3099,-7.36219],[-35.30834,-7.35724],[-35.30268,-7.35741],[-35.29597,-7.35016],[-35.29009,-7.35116],[-35.2873,-7.34917],[-35.28028,-7.35308],[-35.27435,-7.33528],[-35.26884,-7.33508],[-35.2666,-7.33008],[-35.26254,-7.33404],[-35.25905,-7.33396],[-35.25405,-7.33086],[-35.25344,-7.32763],[-35.24912,-7.32777],[-35.24805,-7.32105],[-35.24336,-7.31801],[-35.24597,-7.31417],[-35.24125,-7.31034],[-35.24893,-7.30179],[-35.24366,-7.30376],[-35.24036,-7.29789],[-35.22824,-7.30033],[-35.22493,-7.28701],[-35.19283,-7.2739],[-35.17445,-7.25763],[-35.16941,-7.25452],[-35.16778,-7.25644],[-35.17359,-7.26095],[-35.17443,-7.26723],[-35.1694,-7.27183],[-35.16898,-7.28317],[-35.17527,-7.2908],[-35.18206,-7.29432],[-35.19181,-7.29145],[-35.19442,-7.28546],[-35.19641,-7.2876],[-35.19555,-7.29179],[-35.20223,-7.29944],[-35.19361,-7.30422],[-35.18687,-7.30252],[-35.16674,-7.30808],[-35.15294,-7.33111],[-35.16411,-7.3406],[-35.16489,-7.33149],[-35.1704,-7.32712],[-35.17047,-7.3199],[-35.175,-7.32025],[-35.17224,-7.33055],[-35.17733,-7.32641],[-35.18369,-7.31445],[-35.18721,-7.31717],[-35.19026,-7.31343],[-35.19488,-7.31732],[-35.2002,-7.31595],[-35.19975,-7.32006],[-35.1807,-7.32972],[-35.1775,-7.33404],[-35.17107,-7.33699],[-35.16891,-7.34178],[-35.1754,-7.34582],[-35.17515,-7.34966],[-35.18572,-7.35933],[-35.19548,-7.35974],[-35.21449,-7.34211],[-35.21701,-7.33741],[-35.21604,-7.32903],[-35.22238,-7.32471],[-35.22501,-7.31608],[-35.22819,-7.31722],[-35.22884,-7.3237],[-35.22378,-7.32783],[-35.21204,-7.34962],[-35.21271,-7.35562],[-35.20535,-7.35798],[-35.20441,-7.36068],[-35.20507,-7.36329],[-35.20957,-7.36134],[-35.21066,-7.36307],[-35.20438,-7.37147],[-35.20541,-7.37639],[-35.21604,-7.38116],[-35.23076,-7.37821],[-35.22084,-7.36395],[-35.21936,-7.35227],[-35.22088,-7.3502],[-35.22332,-7.3515],[-35.22445,-7.35681],[-35.23035,-7.35394],[-35.23295,-7.35522],[-35.24569,-7.36978],[-35.24624,-7.37525],[-35.2644,-7.3799],[-35.2802,-7.3877],[-35.2959,-7.4014],[-35.309,-7.409],[-35.314,-7.4058],[-35.3241,-7.4113],[-35.328,-7.40856],[-35.32074,-7.40381],[-35.31046,-7.40126],[-35.30995,-7.3968],[-35.32753,-7.39285],[-35.34143,-7.39496],[-35.35303,-7.40034],[-35.36258,-7.40149],[-35.36811,-7.39933],[-35.37044,-7.38809],[-35.36133,-7.37598],[-35.36314,-7.37164],[-35.37493,-7.37413],[-35.39922,-7.36998],[-35.41704,-7.38197],[-35.4239,-7.38417],[-35.42821,-7.38191],[-35.42945,-7.37547],[-35.43628,-7.37188],[-35.43547,-7.36767],[-35.44101,-7.37078],[-35.44516,-7.36756],[-35.45214,-7.36948],[-35.45519,-7.36566],[-35.45961,-7.36597],[-35.50422,-7.3843],[-35.52351,-7.38777],[-35.54675,-7.40447],[-35.54762,-7.41032],[-35.53169,-7.41117],[-35.52719,-7.41652],[-35.54643,-7.44259],[-35.56835,-7.45833],[-35.57906,-7.47228],[-35.58996,-7.47926],[-35.61304,-7.50153],[-35.65904,-7.53418],[-35.68455,-7.54805],[-35.7189,-7.55896],[-35.80194,-7.57503],[-35.81976,-7.57696],[-35.88001,-7.57561],[-35.94472,-7.58925],[-36.0,-7.59005],[-36.0,-7.58135],[-35.98783,-7.57661],[-35.963,-7.58145],[-35.94869,-7.57966],[-35.93834,-7.57099],[-35.93486,-7.55249],[-35.93797,-7.5469],[-35.9514,-7.53959],[-35.97957,-7.55143],[-36.0,-7.55394],[-36.0,-7.49294],[-35.99041,-7.48736],[-35.97282,-7.48332],[-35.9569,-7.48497],[-35.95195,-7.4885],[-35.95159,-7.49892],[-35.94486,-7.50287],[-35.93504,-7.50453],[-35.92088,-7.51318],[-35.89175,-7.5093],[-35.85138,-7.48566],[-35.83261,-7.47872],[-35.82849,-7.48016],[-35.82583,-7.51324],[-35.8276,-7.52061],[-35.83656,-7.53588],[-35.83533,-7.54684],[-35.81968,-7.54984],[-35.76157,-7.54162],[-35.74751,-7.54351],[-35.72601,-7.55045],[-35.71662,-7.55073],[-35.69553,-7.5413],[-35.68765,-7.54153],[-35.67619,-7.53226],[-35.66059,-7.53057],[-35.62627,-7.49616],[-35.60717,-7.47036],[-35.6077,-7.45966],[-35.60469,-7.44937],[-35.60629,-7.44671],[-35.61052,-7.44604],[-35.65614,-7.45935],[-35.68694,-7.4779],[-35.68711,-7.47313],[-35.67338,-7.46406],[-35.66353,-7.44949],[-35.64067,-7.44074],[-35.63219,-7.43272],[-35.64971,-7.43911],[-35.66641,-7.44027],[-35.68152,-7.44682],[-35.6982,-7.44945],[-35.69526,-7.44461],[-35.6807,-7.4387],[-35.67094,-7.43159],[-35.65237,-7.42967],[-35.6361,-7.42509],[-35.61991,-7.42592],[-35.59211,-7.41802],[-35.55984,-7.40297],[-35.54621,-7.38767],[-35.53739,-7.3848],[-35.5342,-7.3942],[-35.53701,-7.38463]]],[[[-35.34889,-7.43413],[-35.35967,-7.43327],[-35.35992,-7.43073],[-35.3508,-7.42901],[-35.34889,-7.43413]]]]}},{"type":"Feature","properties":{"SIGLA":"PP2cb","NOME":"Unidade Cabaceiras","LITOTIPOS":"Migmatito, Ortognaisse granítico, Ortognaisse granodiorítico","AMBIENTE_TECTONICO":null,"ERA_MIN":"Paleoproterozóico","ERA_MAX":"Paleoproterozóico","IDADE_MIN":2050.1,"IDADE_MAX":2300.0,"LEGENDA":"Biotita-anfibólio ortognaisses migmatíticos, granoblásticos finos a médios, de cor cinza, (por vezes bandado), apresentando mesossomas com composição monzogranítica a granodiorítica, podendo conter granada no leucossoma, com níveis anfibolíticos e enclaves dioríticos. Metaluminoso a peraluminoso, calcioalcalino de médio a alto K. U-Pb em zircão: 2,115 - 2,016 Ga; 2,055 Ga+ 20Ma.","area_km2":4.1},"geometry":{"type":"Polygon","coordinates":[[[-35.43426,-7.34151],[-35.46408,-7.35526],[-35.47594,-7.35492],[-35.46806,-7.34695],[-35.46828,-7.34293],[-35.46484,-7.34011],[-35.4585,-7.33994],[-35.45684,-7.33725],[-35.45452,-7.34175],[-35.45118,-7.33909],[-35.44783,-7.34123],[-35.44415,-7.33547],[-35.44334,-7.34404],[-35.43531,-7.33874],[-35.43426,-7.34151]]]}},{"type":"Feature","properties":{"SIGLA":"PP2cb","NOME":"Unidade Cabaceiras","LITOTIPOS":"Migmatito, Ortognaisse granítico, Ortognaisse granodiorítico","AMBIENTE_TECTONICO":null,"ERA_MIN":"Paleoproterozóico","ERA_MAX":"Paleoproterozóico","IDADE_MIN":2050.1,"IDADE_MAX":2300.0,"LEGENDA":"Biotita-anfibólio ortognaisses migmatíticos, granoblásticos finos a médios, de cor cinza, (por vezes bandado), apresentando mesossomas com composição monzogranítica a granodiorítica, podendo conter granada no leucossoma, com níveis anfibolíticos e enclaves dioríticos. Metaluminoso a peraluminoso, calcioalcalino de médio a alto K. U-Pb em zircão: 2,115 - 2,016 Ga; 2,055 Ga+ 20Ma.","area_km2":1.23},"geometry":{"type":"Polygon","coordinates":[[[-35.404,-7.32911],[-35.41358,-7.33246],[-35.42318,-7.32653],[-35.4212,-7.3246],[-35.4063,-7.32443],[-35.404,-7.32911]]]}},{"type":"Feature","properties":{"SIGLA":"Nb","NOME":"Grupo Barreiras","LITOTIPOS":"Arenito, Arenito conglomerático, Argilito, Argilito arenoso, Conglomerado, Siltito","AMBIENTE_TECTONICO":"Cobertura superficial","ERA_MIN":"Cenozóico","ERA_MAX":"Cenozóico","IDADE_MIN":2.59,"IDADE_MAX":23.03,"LEGENDA":"Predomínio de camadas horizontais de arenito conglomerático com matriz caolínica, contendo lentes e lençóis de conglomerado e brecha, ricos em seixos e grânulos de quartzo e/ou feldspato, e intercalações de argilito caolínico silto-arenoso, siltito, arenito caolínico, arenito argiloso, arenito ferruginoso e argiloso friável e diamictito. Podem apresentar horizontes e/ou colunas de oxi-redução e/ou canga em que assumem cores variegadas (branca, vermelha e roxa); Arenitos argilosos de tonalidade variegada (amarelada, avermelhada e esverdeada), matriz argilo-caulínica, com cimento argiloso, ferruginoso e, às vezes, silicoso; granulação fina a média, com leitos conglomeráticos e nódulos lateríticos na base (pode-se encontrar, no topo, areias sílticas bem classificadas) / sistema fluvial com esporádicas corridas de lamas.","area_km2":30.2},"geometry":{"type":"Polygon","coordinates":[[[-35.39507,-7.33103],[-35.404,-7.32911],[-35.4063,-7.32443],[-35.4212,-7.3246],[-35.4233,-7.32766],[-35.41358,-7.33246],[-35.41457,-7.33455],[-35.42448,-7.33827],[-35.42834,-7.34213],[-35.43426,-7.34151],[-35.43633,-7.33856],[-35.44334,-7.34404],[-35.44415,-7.33547],[-35.44783,-7.34123],[-35.45118,-7.33909],[-35.45452,-7.34175],[-35.45684,-7.33725],[-35.459,-7.34018],[-35.47277,-7.34232],[-35.47379,-7.34029],[-35.46903,-7.3343],[-35.47469,-7.33077],[-35.47096,-7.32164],[-35.46441,-7.32272],[-35.46479,-7.32806],[-35.45906,-7.32207],[-35.45213,-7.3232],[-35.45237,-7.32775],[-35.448,-7.32389],[-35.42461,-7.31918],[-35.39618,-7.30492],[-35.38788,-7.30609],[-35.3639,-7.29938],[-35.36127,-7.29951],[-35.36568,-7.30462],[-35.36495,-7.30657],[-35.36198,-7.30367],[-35.35693,-7.30619],[-35.35587,-7.30015],[-35.35341,-7.29856],[-35.33253,-7.29849],[-35.33464,-7.30693],[-35.34753,-7.30737],[-35.34243,-7.31296],[-35.33827,-7.31357],[-35.34287,-7.31692],[-35.34611,-7.32342],[-35.36167,-7.32319],[-35.37093,-7.3205],[-35.37711,-7.32272],[-35.39287,-7.32176],[-35.39848,-7.32572],[-35.39507,-7.33103]]]}},{"type":"Feature","properties":{"SIGLA":"PP3su","NOME":"Complexo Sumé","LITOTIPOS":"Formação ferrífera bandada, Granulito, Mármore, Metagabro, Metapiroxenito, Ortognaisse, Paragnaisse, Rocha calcissilicática","AMBIENTE_TECTONICO":null,"ERA_MIN":"Paleoproterozóico","ERA_MAX":"Paleoproterozóico","IDADE_MIN":1800.1,"IDADE_MAX":2050.0,"LEGENDA":"Leuco-ortognaisse e paragnaisse com intercalações de metamáficas, granada-biotita gnaisses migmatíticos, leucognaisse com granada, rocha calcissilitcática, metapiroxenito, metagabro com granada (retroeclogito), formação ferrífera e granulito.","area_km2":16.34},"geometry":{"type":"Polygon","coordinates":[[[-35.6323,-7.31439],[-35.64462,-7.31397],[-35.6583,-7.32447],[-35.67244,-7.32897],[-35.71326,-7.32469],[-35.71126,-7.32117],[-35.70051,-7.31729],[-35.69224,-7.31842],[-35.67939,-7.30174],[-35.66677,-7.29619],[-35.6579,-7.29717],[-35.63609,-7.30782],[-35.63087,-7.31203],[-35.6323,-7.31439]]]}},{"type":"Feature","properties":{"SIGLA":"PP2cb","NOME":"Unidade Cabaceiras","LITOTIPOS":"Migmatito, Ortognaisse granítico, Ortognaisse granodiorítico","AMBIENTE_TECTONICO":null,"ERA_MIN":"Paleoproterozóico","ERA_MAX":"Paleoproterozóico","IDADE_MIN":2050.1,"IDADE_MAX":2300.0,"LEGENDA":"Biotita-anfibólio ortognaisses migmatíticos, granoblásticos finos a médios, de cor cinza, (por vezes bandado), apresentando mesossomas com composição monzogranítica a granodiorítica, podendo conter granada no leucossoma, com níveis anfibolíticos e enclaves dioríticos. Metaluminoso a peraluminoso, calcioalcalino de médio a alto K. U-Pb em zircão: 2,115 - 2,016 Ga; 2,055 Ga+ 20Ma.","area_km2":1390.55},"geometry":{"type":"MultiPolygon","coordinates":[[[[-35.7042,-7.34204],[-35.69728,-7.33774],[-35.6746,-7.34086],[-35.64884,-7.3375],[-35.64783,-7.3495],[-35.64365,-7.35482],[-35.6532,-7.36558],[-35.65304,-7.37102],[-35.64983,-7.37147],[-35.63297,-7.35859],[-35.62028,-7.34237],[-35.60681,-7.3193],[-35.59433,-7.30943],[-35.5877,-7.30982],[-35.59353,-7.3255],[-35.58441,-7.32604],[-35.57444,-7.31959],[-35.56384,-7.29863],[-35.54957,-7.28873],[-35.53438,-7.29336],[-35.5122,-7.29228],[-35.50052,-7.28199],[-35.46627,-7.27359],[-35.46779,-7.26173],[-35.46568,-7.25061],[-35.4685,-7.24767],[-35.47331,-7.24932],[-35.47535,-7.24502],[-35.46794,-7.22417],[-35.47021,-7.21778],[-35.47781,-7.20931],[-35.47933,-7.20175],[-35.4777,-7.19767],[-35.47258,-7.20146],[-35.46835,-7.2014],[-35.46818,-7.18518],[-35.4767,-7.17954],[-35.48042,-7.18513],[-35.49322,-7.17679],[-35.4951,-7.17457],[-35.49305,-7.16423],[-35.49811,-7.16553],[-35.49969,-7.16232],[-35.49709,-7.1583],[-35.50582,-7.15735],[-35.50664,-7.15462],[-35.49307,-7.14994],[-35.47925,-7.15354],[-35.47486,-7.14654],[-35.4668,-7.14497],[-35.46269,-7.14091],[-35.46419,-7.13805],[-35.47183,-7.13597],[-35.48284,-7.13907],[-35.49998,-7.13819],[-35.50729,-7.13463],[-35.518,-7.13532],[-35.51987,-7.13193],[-35.51228,-7.1282],[-35.50299,-7.12723],[-35.49875,-7.12101],[-35.49263,-7.11931],[-35.48657,-7.12162],[-35.48998,-7.12854],[-35.48724,-7.13072],[-35.47947,-7.12305],[-35.48185,-7.11659],[-35.48,-7.11421],[-35.47424,-7.11287],[-35.47078,-7.10493],[-35.46444,-7.10221],[-35.44574,-7.10278],[-35.42015,-7.0918],[-35.38975,-7.09664],[-35.37413,-7.09376],[-35.36617,-7.08861],[-35.35072,-7.07149],[-35.3434,-7.04468],[-35.33954,-7.04321],[-35.33479,-7.04318],[-35.33357,-7.05064],[-35.33145,-7.04453],[-35.32821,-7.04472],[-35.32891,-7.04981],[-35.32462,-7.05095],[-35.32598,-7.05487],[-35.3221,-7.05661],[-35.322,-7.06119],[-35.31002,-7.06345],[-35.30857,-7.06588],[-35.31024,-7.07033],[-35.30457,-7.07009],[-35.31367,-7.08134],[-35.3236,-7.085],[-35.3495,-7.08721],[-35.35619,-7.09361],[-35.34384,-7.09314],[-35.32952,-7.09824],[-35.31597,-7.09717],[-35.29477,-7.08505],[-35.28889,-7.06719],[-35.28607,-7.06808],[-35.28505,-7.07715],[-35.28336,-7.07742],[-35.28116,-7.07128],[-35.27889,-7.07877],[-35.27368,-7.07368],[-35.26857,-7.08012],[-35.26461,-7.07785],[-35.25958,-7.0812],[-35.26287,-7.08707],[-35.25957,-7.09238],[-35.25559,-7.09022],[-35.25534,-7.09359],[-35.2591,-7.09689],[-35.2563,-7.10099],[-35.24805,-7.09377],[-35.24393,-7.09297],[-35.24302,-7.08924],[-35.23944,-7.09466],[-35.23117,-7.09573],[-35.23033,-7.10067],[-35.22295,-7.11092],[-35.21902,-7.10719],[-35.21043,-7.10649],[-35.20134,-7.11123],[-35.20065,-7.1296],[-35.19312,-7.13377],[-35.19611,-7.1405],[-35.19185,-7.14428],[-35.19325,-7.14925],[-35.18812,-7.15051],[-35.18429,-7.16359],[-35.18126,-7.15478],[-35.17466,-7.16432],[-35.16361,-7.16826],[-35.15874,-7.16485],[-35.15318,-7.1668],[-35.15297,-7.16237],[-35.14855,-7.16185],[-35.14792,-7.15542],[-35.15337,-7.15547],[-35.15467,-7.1577],[-35.16013,-7.15548],[-35.16577,-7.16063],[-35.17031,-7.15776],[-35.17542,-7.1609],[-35.17638,-7.15488],[-35.17366,-7.14945],[-35.18103,-7.14737],[-35.17598,-7.14319],[-35.17538,-7.13861],[-35.18524,-7.13517],[-35.18466,-7.12325],[-35.19379,-7.11912],[-35.19395,-7.11475],[-35.1818,-7.11736],[-35.17052,-7.12549],[-35.16355,-7.12462],[-35.16115,-7.13135],[-35.15828,-7.1319],[-35.15652,-7.12863],[-35.15192,-7.13405],[-35.14632,-7.13167],[-35.13923,-7.13319],[-35.13563,-7.12601],[-35.13799,-7.12268],[-35.15028,-7.12068],[-35.15331,-7.11791],[-35.16497,-7.11892],[-35.16424,-7.11609],[-35.15588,-7.1152],[-35.15451,-7.11183],[-35.16974,-7.10597],[-35.1718,-7.09855],[-35.17814,-7.10131],[-35.18554,-7.09656],[-35.20849,-7.09766],[-35.18891,-7.09347],[-35.18417,-7.09056],[-35.18161,-7.08372],[-35.16602,-7.08415],[-35.16303,-7.08196],[-35.15987,-7.07308],[-35.15474,-7.07096],[-35.15177,-7.07347],[-35.15273,-7.08189],[-35.14901,-7.09245],[-35.14421,-7.09437],[-35.14306,-7.07711],[-35.13409,-7.0792],[-35.1301,-7.0768],[-35.12836,-7.07005],[-35.12453,-7.06743],[-35.12699,-7.06377],[-35.12517,-7.06193],[-35.12019,-7.06471],[-35.11975,-7.07212],[-35.12514,-7.08202],[-35.13265,-7.08813],[-35.12941,-7.10042],[-35.12334,-7.10841],[-35.11661,-7.10891],[-35.11364,-7.11623],[-35.09353,-7.11308],[-35.09976,-7.11737],[-35.1057,-7.12751],[-35.10419,-7.1305],[-35.09733,-7.13037],[-35.09579,-7.13306],[-35.10222,-7.14274],[-35.10736,-7.14411],[-35.13503,-7.13989],[-35.14524,-7.14301],[-35.14834,-7.14643],[-35.14545,-7.15859],[-35.14778,-7.1698],[-35.15052,-7.17259],[-35.17411,-7.17107],[-35.18161,-7.17662],[-35.18399,-7.16761],[-35.18677,-7.16572],[-35.2082,-7.16941],[-35.20789,-7.17366],[-35.20556,-7.17485],[-35.19453,-7.17699],[-35.18877,-7.17354],[-35.18779,-7.18027],[-35.19332,-7.18724],[-35.18586,-7.18649],[-35.19327,-7.19447],[-35.19952,-7.21225],[-35.20641,-7.21504],[-35.21521,-7.22724],[-35.21299,-7.23546],[-35.2055,-7.24034],[-35.20417,-7.24911],[-35.20759,-7.25052],[-35.21961,-7.24851],[-35.22791,-7.25052],[-35.23905,-7.26132],[-35.24497,-7.26313],[-35.26468,-7.26257],[-35.27917,-7.2552],[-35.28766,-7.25937],[-35.30106,-7.25862],[-35.30262,-7.26344],[-35.30081,-7.26574],[-35.29294,-7.26512],[-35.28974,-7.26747],[-35.29446,-7.28173],[-35.29835,-7.28221],[-35.30082,-7.27925],[-35.30873,-7.27724],[-35.31886,-7.28042],[-35.32347,-7.28525],[-35.33514,-7.31825],[-35.34053,-7.32355],[-35.35803,-7.32718],[-35.36543,-7.33251],[-35.36637,-7.32568],[-35.37081,-7.32355],[-35.39581,-7.32804],[-35.39848,-7.32572],[-35.39287,-7.32176],[-35.37711,-7.32272],[-35.37093,-7.3205],[-35.36167,-7.32319],[-35.34611,-7.32342],[-35.34287,-7.31692],[-35.33827,-7.31357],[-35.34243,-7.31296],[-35.34753,-7.30737],[-35.33464,-7.30693],[-35.33202,-7.2995],[-35.3339,-7.29774],[-35.3421,-7.29974],[-35.35341,-7.29856],[-35.35587,-7.30015],[-35.35693,-7.30619],[-35.36198,-7.30367],[-35.36495,-7.30657],[-35.36568,-7.30462],[-35.36127,-7.29951],[-35.3639,-7.29938],[-35.38788,-7.30609],[-35.39618,-7.30492],[-35.42461,-7.31918],[-35.448,-7.32389],[-35.45237,-7.32775],[-35.45213,-7.3232],[-35.45906,-7.32207],[-35.46479,-7.32806],[-35.46441,-7.32272],[-35.47096,-7.32164],[-35.47469,-7.33077],[-35.48784,-7.33786],[-35.49968,-7.35143],[-35.51147,-7.35963],[-35.53182,-7.38192],[-35.53701,-7.38463],[-35.5614,-7.3017],[-35.53739,-7.3848],[-35.5491,-7.38976],[-35.55984,-7.40297],[-35.59211,-7.41802],[-35.61991,-7.42592],[-35.6361,-7.42509],[-35.67407,-7.43277],[-35.6807,-7.4387],[-35.69278,-7.44252],[-35.6982,-7.44945],[-35.74289,-7.46626],[-35.75962,-7.48252],[-35.76904,-7.50805],[-35.76184,-7.50812],[-35.76824,-7.51591],[-35.78069,-7.52437],[-35.78183,-7.53249],[-35.77778,-7.53333],[-35.76307,-7.52175],[-35.75142,-7.52159],[-35.74329,-7.51572],[-35.7373,-7.51795],[-35.72142,-7.51305],[-35.72086,-7.51502],[-35.73813,-7.52268],[-35.74343,-7.53711],[-35.736,-7.53671],[-35.73006,-7.52971],[-35.72035,-7.52552],[-35.71876,-7.52678],[-35.72285,-7.53807],[-35.72075,-7.53971],[-35.7165,-7.53847],[-35.71567,-7.54074],[-35.72076,-7.54587],[-35.71815,-7.54875],[-35.7097,-7.54911],[-35.72177,-7.55129],[-35.76157,-7.54162],[-35.81968,-7.54984],[-35.83255,-7.54848],[-35.83533,-7.54684],[-35.83747,-7.53939],[-35.82583,-7.51324],[-35.82849,-7.48016],[-35.83261,-7.47872],[-35.84755,-7.48379],[-35.88324,-7.50501],[-35.90093,-7.51173],[-35.92088,-7.51318],[-35.93504,-7.50453],[-35.94486,-7.50287],[-35.95277,-7.4974],[-35.9536,-7.48626],[-35.96154,-7.48386],[-35.98144,-7.48427],[-36.0,-7.49294],[-36.0,-7.43044],[-35.99051,-7.43236],[-35.987,-7.43558],[-35.99523,-7.45387],[-35.99026,-7.46122],[-35.98392,-7.46372],[-35.9693,-7.46005],[-35.96237,-7.46107],[-35.94243,-7.46854],[-35.93563,-7.46454],[-35.92306,-7.44863],[-35.88954,-7.44016],[-35.88336,-7.43644],[-35.84913,-7.40187],[-35.85308,-7.39476],[-35.85119,-7.39222],[-35.8414,-7.38958],[-35.83427,-7.38366],[-35.82326,-7.38287],[-35.80404,-7.37632],[-35.79903,-7.37778],[-35.80024,-7.38262],[-35.797,-7.38428],[-35.78093,-7.37993],[-35.76293,-7.38],[-35.73891,-7.36033],[-35.71512,-7.35405],[-35.70545,-7.3431],[-35.71198,-7.3596],[-35.72902,-7.36588],[-35.74237,-7.37729],[-35.75017,-7.38807],[-35.75618,-7.40344],[-35.7665,-7.41448],[-35.76515,-7.41722],[-35.73411,-7.4156],[-35.7591,-7.4788],[-35.73357,-7.41544],[-35.72093,-7.4094],[-35.69153,-7.40115],[-35.66505,-7.38017],[-35.66108,-7.37356],[-35.65728,-7.35486],[-35.67282,-7.35797],[-35.69582,-7.35458],[-35.71182,-7.35954],[-35.7042,-7.34204]],[[-35.22624,-7.19507],[-35.22195,-7.1985],[-35.21076,-7.19397],[-35.20669,-7.19511],[-35.19657,-7.1865],[-35.20281,-7.18244],[-35.21126,-7.18596],[-35.21226,-7.18302],[-35.22009,-7.18441],[-35.22424,-7.1902],[-35.22932,-7.18914],[-35.23024,-7.18315],[-35.22337,-7.1828],[-35.22264,-7.17896],[-35.21449,-7.17769],[-35.21246,-7.1734],[-35.21326,-7.17078],[-35.22289,-7.16861],[-35.22621,-7.17507],[-35.23212,-7.17441],[-35.234,-7.17978],[-35.24049,-7.17943],[-35.2442,-7.18371],[-35.25606,-7.18872],[-35.25727,-7.18454],[-35.25096,-7.18378],[-35.2473,-7.18041],[-35.24684,-7.17639],[-35.24298,-7.17924],[-35.23937,-7.1738],[-35.23505,-7.17434],[-35.23659,-7.17135],[-35.2467,-7.16951],[-35.246,-7.16587],[-35.22805,-7.16918],[-35.22628,-7.16359],[-35.23264,-7.16335],[-35.22975,-7.15738],[-35.2349,-7.15773],[-35.23931,-7.15358],[-35.24123,-7.1599],[-35.24668,-7.15859],[-35.24697,-7.15384],[-35.24922,-7.15348],[-35.25212,-7.16052],[-35.25473,-7.15865],[-35.25487,-7.15288],[-35.25895,-7.15143],[-35.26509,-7.16816],[-35.27511,-7.1775],[-35.27618,-7.17569],[-35.27149,-7.16884],[-35.2788,-7.17128],[-35.28061,-7.16895],[-35.26855,-7.16189],[-35.27125,-7.15981],[-35.27797,-7.16373],[-35.28379,-7.16208],[-35.27077,-7.15579],[-35.26408,-7.15674],[-35.26607,-7.14927],[-35.26952,-7.15184],[-35.28001,-7.15156],[-35.28291,-7.15484],[-35.28782,-7.15457],[-35.2894,-7.16056],[-35.29305,-7.15977],[-35.29433,-7.16401],[-35.29976,-7.16811],[-35.29984,-7.17259],[-35.30276,-7.17487],[-35.30066,-7.18091],[-35.30359,-7.18259],[-35.30443,-7.18831],[-35.31017,-7.18974],[-35.31503,-7.19519],[-35.31797,-7.19478],[-35.30566,-7.18119],[-35.30875,-7.17928],[-35.30553,-7.17521],[-35.30775,-7.17273],[-35.33454,-7.183],[-35.34247,-7.1906],[-35.34453,-7.1968],[-35.3383,-7.22678],[-35.3445,-7.24021],[-35.35604,-7.24507],[-35.35436,-7.24812],[-35.34665,-7.24675],[-35.34646,-7.25448],[-35.35104,-7.252],[-35.35364,-7.2574],[-35.35908,-7.25274],[-35.36177,-7.25474],[-35.36138,-7.26172],[-35.3657,-7.26608],[-35.36178,-7.27118],[-35.3738,-7.27354],[-35.37267,-7.26691],[-35.37873,-7.26908],[-35.37788,-7.27456],[-35.38168,-7.27361],[-35.39352,-7.27859],[-35.39431,-7.27627],[-35.38524,-7.27005],[-35.3874,-7.26787],[-35.39387,-7.27352],[-35.4008,-7.27398],[-35.40717,-7.28119],[-35.41521,-7.27995],[-35.41723,-7.28313],[-35.42368,-7.28359],[-35.42747,-7.28687],[-35.43144,-7.28686],[-35.42915,-7.28337],[-35.43669,-7.28356],[-35.43947,-7.28619],[-35.44379,-7.28489],[-35.44628,-7.28708],[-35.45131,-7.28456],[-35.45618,-7.29242],[-35.45352,-7.29976],[-35.44808,-7.30028],[-35.44866,-7.30471],[-35.44379,-7.30793],[-35.44071,-7.30507],[-35.43651,-7.30648],[-35.43191,-7.30192],[-35.43248,-7.30859],[-35.41114,-7.29887],[-35.4109,-7.29578],[-35.41832,-7.29172],[-35.41334,-7.2907],[-35.40972,-7.28578],[-35.40632,-7.29114],[-35.40388,-7.28359],[-35.3994,-7.28487],[-35.40069,-7.28787],[-35.39753,-7.2904],[-35.39504,-7.28413],[-35.38963,-7.28356],[-35.38457,-7.28743],[-35.38422,-7.27841],[-35.37883,-7.27946],[-35.3781,-7.2853],[-35.3738,-7.27969],[-35.36665,-7.28122],[-35.367,-7.27721],[-35.36377,-7.27653],[-35.36065,-7.28126],[-35.35573,-7.27963],[-35.35245,-7.28565],[-35.33929,-7.27776],[-35.33026,-7.27745],[-35.32469,-7.2724],[-35.31923,-7.27237],[-35.31509,-7.26807],[-35.31515,-7.26548],[-35.32445,-7.26354],[-35.32757,-7.26706],[-35.33663,-7.26345],[-35.33957,-7.26713],[-35.34671,-7.26736],[-35.34791,-7.26092],[-35.34141,-7.2626],[-35.34315,-7.25798],[-35.34162,-7.25634],[-35.33607,-7.25605],[-35.33064,-7.26143],[-35.32485,-7.25593],[-35.32354,-7.2618],[-35.32131,-7.26283],[-35.31618,-7.25925],[-35.31085,-7.25947],[-35.3086,-7.25388],[-35.30598,-7.2576],[-35.30106,-7.25344],[-35.29105,-7.2578],[-35.28779,-7.25301],[-35.28224,-7.25264],[-35.2832,-7.25019],[-35.27997,-7.24831],[-35.27948,-7.24491],[-35.26981,-7.24439],[-35.27396,-7.24838],[-35.27015,-7.25009],[-35.26892,-7.25875],[-35.26313,-7.26135],[-35.25679,-7.25772],[-35.25189,-7.25792],[-35.24704,-7.26048],[-35.23363,-7.25313],[-35.23475,-7.25086],[-35.2416,-7.25221],[-35.24121,-7.24991],[-35.20903,-7.24422],[-35.20835,-7.24179],[-35.21402,-7.24027],[-35.21607,-7.23468],[-35.2242,-7.23872],[-35.22095,-7.23559],[-35.22251,-7.23254],[-35.21865,-7.23049],[-35.21708,-7.22386],[-35.22577,-7.22695],[-35.23206,-7.23796],[-35.23692,-7.23607],[-35.24175,-7.23802],[-35.23987,-7.23289],[-35.24395,-7.23461],[-35.24773,-7.23187],[-35.25164,-7.23408],[-35.26197,-7.23354],[-35.26432,-7.23682],[-35.26903,-7.2351],[-35.28848,-7.24295],[-35.29262,-7.23973],[-35.28628,-7.23882],[-35.28141,-7.23535],[-35.2824,-7.23384],[-35.29223,-7.23634],[-35.29848,-7.23403],[-35.30367,-7.24042],[-35.30951,-7.23834],[-35.31653,-7.24106],[-35.31962,-7.23869],[-35.31546,-7.23797],[-35.31723,-7.23108],[-35.31232,-7.22733],[-35.31207,-7.22428],[-35.31392,-7.22331],[-35.31655,-7.2272],[-35.3204,-7.22733],[-35.32306,-7.23112],[-35.32571,-7.22946],[-35.32222,-7.21637],[-35.32367,-7.20267],[-35.32079,-7.19955],[-35.31543,-7.20189],[-35.31209,-7.20083],[-35.30945,-7.20515],[-35.28051,-7.20646],[-35.27734,-7.20346],[-35.2663,-7.20054],[-35.25803,-7.202],[-35.25647,-7.20457],[-35.25072,-7.20256],[-35.2463,-7.20634],[-35.24365,-7.2042],[-35.24404,-7.20012],[-35.23346,-7.20231],[-35.23197,-7.2009],[-35.23478,-7.19608],[-35.22741,-7.19449],[-35.2372,-7.2113],[-35.22624,-7.19507]],[[-35.363,-7.09483],[-35.37006,-7.11249],[-35.3765,-7.12053],[-35.38846,-7.12245],[-35.40051,-7.13801],[-35.41269,-7.13818],[-35.41966,-7.14511],[-35.42045,-7.14853],[-35.4141,-7.15677],[-35.41027,-7.16786],[-35.40956,-7.17577],[-35.41234,-7.18145],[-35.42026,-7.18549],[-35.42759,-7.18459],[-35.43472,-7.19717],[-35.44659,-7.19822],[-35.45129,-7.2028],[-35.45313,-7.20999],[-35.44724,-7.22017],[-35.451,-7.23387],[-35.44482,-7.24229],[-35.44663,-7.25113],[-35.44355,-7.26592],[-35.441,-7.26769],[-35.43007,-7.26341],[-35.42473,-7.25427],[-35.41829,-7.25581],[-35.41523,-7.25425],[-35.41365,-7.24549],[-35.41745,-7.24221],[-35.41372,-7.22685],[-35.41036,-7.2261],[-35.411,-7.22998],[-35.40754,-7.23139],[-35.38966,-7.23029],[-35.38428,-7.22162],[-35.37814,-7.21772],[-35.38023,-7.21374],[-35.38851,-7.21157],[-35.39826,-7.21496],[-35.4008,-7.21379],[-35.39436,-7.19134],[-35.39749,-7.18016],[-35.39784,-7.16315],[-35.39659,-7.15981],[-35.38498,-7.1541],[-35.38522,-7.13856],[-35.37138,-7.13162],[-35.36848,-7.12187],[-35.36267,-7.11571],[-35.36531,-7.10502],[-35.363,-7.09483]],[[-35.32582,-7.10369],[-35.33234,-7.10425],[-35.33624,-7.10907],[-35.34151,-7.10923],[-35.34824,-7.11738],[-35.35085,-7.11496],[-35.34879,-7.11035],[-35.3502,-7.10761],[-35.35316,-7.10776],[-35.35255,-7.11468],[-35.35952,-7.11096],[-35.35735,-7.11998],[-35.36177,-7.12865],[-35.3578,-7.13361],[-35.34942,-7.12993],[-35.35289,-7.13494],[-35.34686,-7.14361],[-35.34392,-7.13965],[-35.34114,-7.14688],[-35.33854,-7.14202],[-35.33262,-7.14206],[-35.33803,-7.13512],[-35.3369,-7.13252],[-35.32889,-7.13611],[-35.32716,-7.13169],[-35.32109,-7.13985],[-35.31957,-7.13375],[-35.31208,-7.13916],[-35.30659,-7.13379],[-35.30214,-7.13475],[-35.29498,-7.13061],[-35.29026,-7.13378],[-35.28767,-7.13258],[-35.28807,-7.12699],[-35.28563,-7.12382],[-35.287,-7.12078],[-35.2998,-7.122],[-35.30423,-7.11802],[-35.31148,-7.12012],[-35.31449,-7.1173],[-35.31212,-7.11286],[-35.31857,-7.11329],[-35.32013,-7.10477],[-35.32361,-7.10798],[-35.32582,-7.10369]],[[-35.12654,-7.13701],[-35.10048,-7.13762],[-35.09939,-7.13608],[-35.10807,-7.13135],[-35.12046,-7.13336],[-35.12763,-7.12757],[-35.13201,-7.12796],[-35.13186,-7.1315],[-35.12797,-7.13255],[-35.12654,-7.13701]],[[-35.8251,-7.4595],[-35.82548,-7.45973],[-35.821,-7.4646],[-35.8251,-7.4595]]],[[[-35.71059,-7.27554],[-35.69165,-7.27149],[-35.68668,-7.26323],[-35.66413,-7.25159],[-35.65281,-7.24298],[-35.63841,-7.2422],[-35.6308,-7.23767],[-35.61847,-7.23751],[-35.60062,-7.23203],[-35.59149,-7.22232],[-35.58058,-7.20134],[-35.56477,-7.19337],[-35.56324,-7.18896],[-35.56591,-7.18382],[-35.5633,-7.17637],[-35.5671,-7.17303],[-35.57122,-7.17312],[-35.55441,-7.16071],[-35.54597,-7.15957],[-35.54274,-7.16307],[-35.54495,-7.16663],[-35.55424,-7.17167],[-35.55515,-7.1781],[-35.54444,-7.17347],[-35.53764,-7.16556],[-35.53,-7.16538],[-35.54365,-7.18008],[-35.54274,-7.18324],[-35.53002,-7.18065],[-35.51816,-7.17069],[-35.51515,-7.17057],[-35.48875,-7.18666],[-35.48599,-7.18988],[-35.48631,-7.20593],[-35.47686,-7.21723],[-35.4944,-7.21876],[-35.50595,-7.21023],[-35.51809,-7.20702],[-35.54749,-7.20963],[-35.55338,-7.215],[-35.55665,-7.22835],[-35.57084,-7.23816],[-35.59173,-7.26146],[-35.60498,-7.29734],[-35.61465,-7.30845],[-35.61716,-7.30757],[-35.61739,-7.297],[-35.62685,-7.29373],[-35.63348,-7.28537],[-35.6409,-7.28057],[-35.67558,-7.27713],[-35.68402,-7.27984],[-35.70581,-7.29633],[-35.72738,-7.30841],[-35.71059,-7.27554]]],[[[-35.70686,-7.26536],[-35.7137,-7.2721],[-35.71164,-7.27516],[-35.72799,-7.30869],[-35.75309,-7.31853],[-35.75785,-7.32458],[-35.7586,-7.33099],[-35.80567,-7.32067],[-35.81411,-7.32824],[-35.81955,-7.32699],[-35.83909,-7.33525],[-35.849,-7.33475],[-35.85463,-7.34071],[-35.86579,-7.34539],[-35.8549,-7.35498],[-35.83913,-7.3541],[-35.83282,-7.34879],[-35.80994,-7.34805],[-35.78211,-7.35197],[-35.7701,-7.34632],[-35.76675,-7.34045],[-35.75966,-7.33716],[-35.76766,-7.34881],[-35.78438,-7.36496],[-35.79979,-7.36648],[-35.81209,-7.37275],[-35.82334,-7.37472],[-35.8334,-7.37273],[-35.85203,-7.36392],[-35.88849,-7.36436],[-35.92099,-7.37406],[-35.92994,-7.38085],[-35.94431,-7.39869],[-35.95127,-7.39997],[-35.97676,-7.39648],[-36.0,-7.40236],[-36.0,-7.29524],[-35.98592,-7.29528],[-35.97187,-7.30359],[-35.96961,-7.3102],[-35.96513,-7.3119],[-35.94066,-7.30734],[-35.91596,-7.30854],[-35.89567,-7.28793],[-35.88963,-7.25288],[-35.88293,-7.23426],[-35.84127,-7.18662],[-35.84634,-7.19571],[-35.84979,-7.21338],[-35.85778,-7.22288],[-35.86387,-7.23514],[-35.86365,-7.26236],[-35.8497,-7.27324],[-35.84672,-7.28093],[-35.83588,-7.2909],[-35.85409,-7.29727],[-35.86744,-7.29395],[-35.86819,-7.29773],[-35.87834,-7.30116],[-35.88366,-7.31036],[-35.89461,-7.31725],[-35.9064,-7.3339],[-35.90567,-7.336],[-35.90212,-7.33747],[-35.87921,-7.33115],[-35.8541,-7.31681],[-35.80215,-7.31404],[-35.78335,-7.30983],[-35.76621,-7.30184],[-35.7554,-7.28249],[-35.73446,-7.27245],[-35.70686,-7.26536]],[[-35.86795,-7.33759],[-35.88052,-7.33872],[-35.88596,-7.34363],[-35.89507,-7.34178],[-35.89831,-7.34496],[-35.90879,-7.34631],[-35.92545,-7.35993],[-35.93781,-7.35998],[-35.95374,-7.36861],[-35.97736,-7.36922],[-35.97937,-7.37216],[-35.97199,-7.37882],[-35.96101,-7.38125],[-35.94981,-7.37404],[-35.94009,-7.37354],[-35.93493,-7.36902],[-35.91802,-7.36749],[-35.89889,-7.35814],[-35.88038,-7.35349],[-35.87593,-7.34572],[-35.8656,-7.33974],[-35.86795,-7.33759]],[[-35.8354,-7.3279],[-35.83825,-7.33103],[-35.83825,-7.33103],[-35.8354,-7.3279]]],[[[-35.70682,-7.26537],[-35.70532,-7.26769],[-35.70877,-7.26946],[-35.70682,-7.26537]]]]}},{"type":"Feature","properties":{"SIGLA":"Nb","NOME":"Grupo Barreiras","LITOTIPOS":"Arenito, Arenito conglomerático, Argilito, Argilito arenoso, Conglomerado, Siltito","AMBIENTE_TECTONICO":"Cobertura superficial","ERA_MIN":"Cenozóico","ERA_MAX":"Cenozóico","IDADE_MIN":2.59,"IDADE_MAX":23.03,"LEGENDA":"Predomínio de camadas horizontais de arenito conglomerático com matriz caolínica, contendo lentes e lençóis de conglomerado e brecha, ricos em seixos e grânulos de quartzo e/ou feldspato, e intercalações de argilito caolínico silto-arenoso, siltito, arenito caolínico, arenito argiloso, arenito ferruginoso e argiloso friável e diamictito. Podem apresentar horizontes e/ou colunas de oxi-redução e/ou canga em que assumem cores variegadas (branca, vermelha e roxa); Arenitos argilosos de tonalidade variegada (amarelada, avermelhada e esverdeada), matriz argilo-caulínica, com cimento argiloso, ferruginoso e, às vezes, silicoso; granulação fina a média, com leitos conglomeráticos e nódulos lateríticos na base (pode-se encontrar, no topo, areias sílticas bem classificadas) / sistema fluvial com esporádicas corridas de lamas.","area_km2":57.0},"geometry":{"type":"Polygon","coordinates":[[[-35.31162,-7.22544],[-35.31723,-7.23108],[-35.31515,-7.23716],[-35.31931,-7.23822],[-35.31805,-7.24058],[-35.30951,-7.23834],[-35.30367,-7.24042],[-35.29848,-7.23403],[-35.29223,-7.23634],[-35.2824,-7.23384],[-35.28141,-7.23535],[-35.28628,-7.23882],[-35.29262,-7.23973],[-35.28848,-7.24295],[-35.26903,-7.2351],[-35.26432,-7.23682],[-35.26197,-7.23354],[-35.25164,-7.23408],[-35.24773,-7.23187],[-35.24395,-7.23461],[-35.23987,-7.23289],[-35.24175,-7.23802],[-35.23692,-7.23607],[-35.23206,-7.23796],[-35.22577,-7.22695],[-35.21708,-7.22386],[-35.21865,-7.23049],[-35.22251,-7.23254],[-35.22095,-7.23559],[-35.2242,-7.23872],[-35.21607,-7.23468],[-35.21402,-7.24027],[-35.20817,-7.24263],[-35.22127,-7.245],[-35.22306,-7.24814],[-35.23033,-7.24673],[-35.24121,-7.24991],[-35.2416,-7.25221],[-35.23475,-7.25086],[-35.23363,-7.25313],[-35.24704,-7.26048],[-35.25189,-7.25792],[-35.25679,-7.25772],[-35.26313,-7.26135],[-35.26892,-7.25875],[-35.27015,-7.25009],[-35.27396,-7.24838],[-35.26981,-7.24439],[-35.27948,-7.24491],[-35.27997,-7.24831],[-35.2832,-7.25019],[-35.28224,-7.25264],[-35.28779,-7.25301],[-35.29105,-7.2578],[-35.30106,-7.25344],[-35.30598,-7.2576],[-35.3086,-7.25388],[-35.31085,-7.25947],[-35.31618,-7.25925],[-35.32131,-7.26283],[-35.32354,-7.2618],[-35.32485,-7.25593],[-35.33064,-7.26143],[-35.33607,-7.25605],[-35.34162,-7.25634],[-35.34315,-7.25798],[-35.34141,-7.2626],[-35.34791,-7.26092],[-35.34671,-7.26736],[-35.33957,-7.26713],[-35.33663,-7.26345],[-35.32757,-7.26706],[-35.32445,-7.26354],[-35.31515,-7.26548],[-35.31509,-7.26807],[-35.31923,-7.27237],[-35.32469,-7.2724],[-35.33026,-7.27745],[-35.33929,-7.27776],[-35.35245,-7.28565],[-35.35573,-7.27963],[-35.36065,-7.28126],[-35.36377,-7.27653],[-35.367,-7.27721],[-35.36665,-7.28122],[-35.3738,-7.27969],[-35.3781,-7.2853],[-35.37883,-7.27946],[-35.38422,-7.27841],[-35.38457,-7.28743],[-35.38963,-7.28356],[-35.39504,-7.28413],[-35.39753,-7.2904],[-35.40069,-7.28787],[-35.3994,-7.28487],[-35.40388,-7.28359],[-35.40632,-7.29114],[-35.40972,-7.28578],[-35.41334,-7.2907],[-35.41832,-7.29172],[-35.4109,-7.29578],[-35.41114,-7.29887],[-35.43248,-7.30859],[-35.43191,-7.30192],[-35.43651,-7.30648],[-35.44071,-7.30507],[-35.44379,-7.30793],[-35.44866,-7.30471],[-35.44808,-7.30028],[-35.45352,-7.29976],[-35.45618,-7.29242],[-35.45131,-7.28456],[-35.44628,-7.28708],[-35.44379,-7.28489],[-35.43947,-7.28619],[-35.43669,-7.28356],[-35.42915,-7.28337],[-35.43144,-7.28686],[-35.42747,-7.28687],[-35.42368,-7.28359],[-35.41723,-7.28313],[-35.41521,-7.27995],[-35.40717,-7.28119],[-35.4008,-7.27398],[-35.39387,-7.27352],[-35.3874,-7.26787],[-35.38524,-7.27005],[-35.39431,-7.27627],[-35.39352,-7.27859],[-35.38168,-7.27361],[-35.37788,-7.27456],[-35.37873,-7.26908],[-35.37267,-7.26691],[-35.3738,-7.27354],[-35.36536,-7.27331],[-35.36135,-7.27053],[-35.3657,-7.26608],[-35.36138,-7.26172],[-35.36099,-7.25375],[-35.35834,-7.25302],[-35.35364,-7.2574],[-35.35104,-7.252],[-35.34607,-7.25379],[-35.34718,-7.24623],[-35.35436,-7.24812],[-35.35604,-7.24507],[-35.3445,-7.24021],[-35.33983,-7.24119],[-35.33696,-7.23771],[-35.33281,-7.23981],[-35.32991,-7.23644],[-35.33195,-7.23107],[-35.32787,-7.22926],[-35.32306,-7.23112],[-35.31392,-7.22331],[-35.31162,-7.22544]]]}},{"type":"Feature","properties":{"SIGLA":"NP3_gamma_i","NOME":"Corpo Granitoides indiscriminados brasilianos","LITOTIPOS":"Biotita granito, Granito pórfiro, Granitoide, Granodiorito, Metagranito, Monzogranito, Quartzo diorito, Quartzo monzonito, Sienogranito, Tonalito","AMBIENTE_TECTONICO":null,"ERA_MIN":"Neoproterozóico","ERA_MAX":"Neoproterozóico","IDADE_MIN":541.1,"IDADE_MAX":635.0,"LEGENDA":"Granitoides de composição petrográfica diversa e quimismo não determinado. Granitoides cinzentos, geralmente de granulometria média a grossa (fácies porfirítica subordinada), de composição granítica dominante, em parte com enclaves dioríticos, em jazimentos individualizados ou intrusivos, de foliação incipiente, alguns gnaissificados e fortemente milonitizados. Monzogranito, granodiorito, tonalito e sienogranito cinza claro a róseo, com granulação fina, foliação definida pela orientação preferencial da biotita; possuem xenólitos; Sienito isotrópico fino a médio, inequigranular e porfirítico.; Hornblenda -biotita diorito e monzodiorito inequigranular fino, foliado, de coloração cinza escura, com enclaves microgranulares e clots de biotita; Biotita metaquartzo sienito a granito peraluminoso, metagranito com biotita metaluminoso e hiperstênio-hornblenda metatonalito. Localmente, exibem foliação magmática; Também ocorrem quartzo diorito, granodiorito, tonalito e quartzo monzonito fortemente milonitizados. Também ocorrem quartzo diorito, granodiorito, tonalito e quartzo monzonito.","area_km2":8.56},"geometry":{"type":"Polygon","coordinates":[[[-35.17135,-7.38819],[-35.17438,-7.37371],[-35.17881,-7.37913],[-35.18287,-7.37769],[-35.18547,-7.38039],[-35.1894,-7.375],[-35.1878,-7.37231],[-35.18204,-7.37192],[-35.17743,-7.36543],[-35.18454,-7.36417],[-35.18572,-7.35933],[-35.17515,-7.34966],[-35.16578,-7.35454],[-35.17065,-7.36082],[-35.16605,-7.36541],[-35.15942,-7.36555],[-35.15102,-7.37368],[-35.15534,-7.37772],[-35.15039,-7.38702],[-35.16411,-7.37997],[-35.16615,-7.38207],[-35.16506,-7.38973],[-35.17135,-7.38819]]]}},{"type":"Feature","properties":{"SIGLA":"Nb","NOME":"Grupo Barreiras","LITOTIPOS":"Arenito, Arenito conglomerático, Argilito, Argilito arenoso, Conglomerado, Siltito","AMBIENTE_TECTONICO":"Cobertura superficial","ERA_MIN":"Cenozóico","ERA_MAX":"Cenozóico","IDADE_MIN":2.59,"IDADE_MAX":23.03,"LEGENDA":"Predomínio de camadas horizontais de arenito conglomerático com matriz caolínica, contendo lentes e lençóis de conglomerado e brecha, ricos em seixos e grânulos de quartzo e/ou feldspato, e intercalações de argilito caolínico silto-arenoso, siltito, arenito caolínico, arenito argiloso, arenito ferruginoso e argiloso friável e diamictito. Podem apresentar horizontes e/ou colunas de oxi-redução e/ou canga em que assumem cores variegadas (branca, vermelha e roxa); Arenitos argilosos de tonalidade variegada (amarelada, avermelhada e esverdeada), matriz argilo-caulínica, com cimento argiloso, ferruginoso e, às vezes, silicoso; granulação fina a média, com leitos conglomeráticos e nódulos lateríticos na base (pode-se encontrar, no topo, areias sílticas bem classificadas) / sistema fluvial com esporádicas corridas de lamas.","area_km2":4.86},"geometry":{"type":"Polygon","coordinates":[[[-35.24626,-7.37407],[-35.24569,-7.36978],[-35.23295,-7.35522],[-35.23035,-7.35394],[-35.22445,-7.35681],[-35.22332,-7.3515],[-35.21993,-7.35031],[-35.21976,-7.36074],[-35.22866,-7.37733],[-35.24626,-7.37407]]]}},{"type":"Feature","properties":{"SIGLA":"Nb","NOME":"Grupo Barreiras","LITOTIPOS":"Arenito, Arenito conglomerático, Argilito, Argilito arenoso, Conglomerado, Siltito","AMBIENTE_TECTONICO":"Cobertura superficial","ERA_MIN":"Cenozóico","ERA_MAX":"Cenozóico","IDADE_MIN":2.59,"IDADE_MAX":23.03,"LEGENDA":"Predomínio de camadas horizontais de arenito conglomerático com matriz caolínica, contendo lentes e lençóis de conglomerado e brecha, ricos em seixos e grânulos de quartzo e/ou feldspato, e intercalações de argilito caolínico silto-arenoso, siltito, arenito caolínico, arenito argiloso, arenito ferruginoso e argiloso friável e diamictito. Podem apresentar horizontes e/ou colunas de oxi-redução e/ou canga em que assumem cores variegadas (branca, vermelha e roxa); Arenitos argilosos de tonalidade variegada (amarelada, avermelhada e esverdeada), matriz argilo-caulínica, com cimento argiloso, ferruginoso e, às vezes, silicoso; granulação fina a média, com leitos conglomeráticos e nódulos lateríticos na base (pode-se encontrar, no topo, areias sílticas bem classificadas) / sistema fluvial com esporádicas corridas de lamas.","area_km2":13.89},"geometry":{"type":"Polygon","coordinates":[[[-35.1907,-7.3979],[-35.20628,-7.38024],[-35.20438,-7.37147],[-35.21066,-7.36307],[-35.20957,-7.36134],[-35.20507,-7.36329],[-35.20474,-7.35906],[-35.21271,-7.35562],[-35.21204,-7.34962],[-35.22378,-7.32783],[-35.22884,-7.3237],[-35.22819,-7.31722],[-35.22501,-7.31608],[-35.22238,-7.32471],[-35.21604,-7.32903],[-35.21687,-7.33844],[-35.21346,-7.34333],[-35.19667,-7.35931],[-35.18572,-7.35933],[-35.18454,-7.36417],[-35.17743,-7.36543],[-35.18204,-7.37192],[-35.18877,-7.37285],[-35.18718,-7.37932],[-35.18465,-7.38022],[-35.18214,-7.37769],[-35.1797,-7.37959],[-35.17511,-7.37354],[-35.17114,-7.38117],[-35.17135,-7.38819],[-35.1808,-7.3959],[-35.1907,-7.3979]]]}},{"type":"Feature","properties":{"SIGLA":"NP3_gamma_i","NOME":"Corpo Granitoides indiscriminados brasilianos","LITOTIPOS":"Biotita granito, Granito pórfiro, Granitoide, Granodiorito, Metagranito, Monzogranito, Quartzo diorito, Quartzo monzonito, Sienogranito, Tonalito","AMBIENTE_TECTONICO":null,"ERA_MIN":"Neoproterozóico","ERA_MAX":"Neoproterozóico","IDADE_MIN":541.1,"IDADE_MAX":635.0,"LEGENDA":"Granitoides de composição petrográfica diversa e quimismo não determinado. Granitoides cinzentos, geralmente de granulometria média a grossa (fácies porfirítica subordinada), de composição granítica dominante, em parte com enclaves dioríticos, em jazimentos individualizados ou intrusivos, de foliação incipiente, alguns gnaissificados e fortemente milonitizados. Monzogranito, granodiorito, tonalito e sienogranito cinza claro a róseo, com granulação fina, foliação definida pela orientação preferencial da biotita; possuem xenólitos; Sienito isotrópico fino a médio, inequigranular e porfirítico.; Hornblenda -biotita diorito e monzodiorito inequigranular fino, foliado, de coloração cinza escura, com enclaves microgranulares e clots de biotita; Biotita metaquartzo sienito a granito peraluminoso, metagranito com biotita metaluminoso e hiperstênio-hornblenda metatonalito. Localmente, exibem foliação magmática; Também ocorrem quartzo diorito, granodiorito, tonalito e quartzo monzonito fortemente milonitizados. Também ocorrem quartzo diorito, granodiorito, tonalito e quartzo monzonito.","area_km2":29.92},"geometry":{"type":"Polygon","coordinates":[[[-35.03114,-7.33781],[-35.02141,-7.33281],[-35.02303,-7.33712],[-35.03282,-7.34346],[-35.03001,-7.34723],[-35.0201,-7.34721],[-35.02133,-7.34925],[-35.02425,-7.35215],[-35.0275,-7.34944],[-35.03311,-7.35091],[-35.03555,-7.35265],[-35.03507,-7.35675],[-35.04085,-7.36111],[-35.04363,-7.35744],[-35.04599,-7.35821],[-35.05003,-7.36561],[-35.05666,-7.36927],[-35.05665,-7.37764],[-35.06164,-7.38839],[-35.06595,-7.38747],[-35.06735,-7.3833],[-35.06411,-7.37406],[-35.0664,-7.37386],[-35.06997,-7.37907],[-35.07485,-7.37139],[-35.0749,-7.38264],[-35.07949,-7.38038],[-35.08452,-7.38416],[-35.094,-7.38199],[-35.0986,-7.38456],[-35.11588,-7.38424],[-35.11441,-7.38043],[-35.0922,-7.36989],[-35.09493,-7.36836],[-35.1053,-7.36979],[-35.11216,-7.37397],[-35.11543,-7.37286],[-35.11465,-7.36726],[-35.10788,-7.36559],[-35.10344,-7.36069],[-35.09663,-7.3621],[-35.08982,-7.35903],[-35.08382,-7.36117],[-35.06852,-7.35799],[-35.06767,-7.35557],[-35.08322,-7.35539],[-35.08705,-7.351],[-35.09888,-7.34887],[-35.09899,-7.34526],[-35.09535,-7.34397],[-35.09429,-7.34078],[-35.09161,-7.34345],[-35.08618,-7.33698],[-35.07563,-7.33725],[-35.07228,-7.34137],[-35.06633,-7.33974],[-35.0613,-7.33441],[-35.05653,-7.33734],[-35.05373,-7.33469],[-35.04776,-7.34201],[-35.04465,-7.34239],[-35.04434,-7.33732],[-35.03923,-7.34172],[-35.03736,-7.33847],[-35.03873,-7.33384],[-35.03644,-7.3327],[-35.03376,-7.33301],[-35.03114,-7.33781]]]}},{"type":"Feature","properties":{"SIGLA":"NP3_gamma_i","NOME":"Corpo Granitoides indiscriminados brasilianos","LITOTIPOS":"Biotita granito, Granito pórfiro, Granitoide, Granodiorito, Metagranito, Monzogranito, Quartzo diorito, Quartzo monzonito, Sienogranito, Tonalito","AMBIENTE_TECTONICO":null,"ERA_MIN":"Neoproterozóico","ERA_MAX":"Neoproterozóico","IDADE_MIN":541.1,"IDADE_MAX":635.0,"LEGENDA":"Granitoides de composição petrográfica diversa e quimismo não determinado. Granitoides cinzentos, geralmente de granulometria média a grossa (fácies porfirítica subordinada), de composição granítica dominante, em parte com enclaves dioríticos, em jazimentos individualizados ou intrusivos, de foliação incipiente, alguns gnaissificados e fortemente milonitizados. Monzogranito, granodiorito, tonalito e sienogranito cinza claro a róseo, com granulação fina, foliação definida pela orientação preferencial da biotita; possuem xenólitos; Sienito isotrópico fino a médio, inequigranular e porfirítico.; Hornblenda -biotita diorito e monzodiorito inequigranular fino, foliado, de coloração cinza escura, com enclaves microgranulares e clots de biotita; Biotita metaquartzo sienito a granito peraluminoso, metagranito com biotita metaluminoso e hiperstênio-hornblenda metatonalito. Localmente, exibem foliação magmática; Também ocorrem quartzo diorito, granodiorito, tonalito e quartzo monzonito fortemente milonitizados. Também ocorrem quartzo diorito, granodiorito, tonalito e quartzo monzonito.","area_km2":4.22},"geometry":{"type":"Polygon","coordinates":[[[-35.15294,-7.33111],[-35.1433,-7.34096],[-35.14877,-7.34557],[-35.14764,-7.35229],[-35.15424,-7.34594],[-35.15604,-7.34656],[-35.15495,-7.35555],[-35.14905,-7.35904],[-35.15042,-7.36661],[-35.15789,-7.36193],[-35.16381,-7.34578],[-35.16411,-7.3406],[-35.15294,-7.33111]]]}},{"type":"Feature","properties":{"SIGLA":"Nb","NOME":"Grupo Barreiras","LITOTIPOS":"Arenito, Arenito conglomerático, Argilito, Argilito arenoso, Conglomerado, Siltito","AMBIENTE_TECTONICO":"Cobertura superficial","ERA_MIN":"Cenozóico","ERA_MAX":"Cenozóico","IDADE_MIN":2.59,"IDADE_MAX":23.03,"LEGENDA":"Predomínio de camadas horizontais de arenito conglomerático com matriz caolínica, contendo lentes e lençóis de conglomerado e brecha, ricos em seixos e grânulos de quartzo e/ou feldspato, e intercalações de argilito caolínico silto-arenoso, siltito, arenito caolínico, arenito argiloso, arenito ferruginoso e argiloso friável e diamictito. Podem apresentar horizontes e/ou colunas de oxi-redução e/ou canga em que assumem cores variegadas (branca, vermelha e roxa); Arenitos argilosos de tonalidade variegada (amarelada, avermelhada e esverdeada), matriz argilo-caulínica, com cimento argiloso, ferruginoso e, às vezes, silicoso; granulação fina a média, com leitos conglomeráticos e nódulos lateríticos na base (pode-se encontrar, no topo, areias sílticas bem classificadas) / sistema fluvial com esporádicas corridas de lamas.","area_km2":46.59},"geometry":{"type":"Polygon","coordinates":[[[-35.22522,-7.28978],[-35.22824,-7.30033],[-35.24036,-7.29789],[-35.24366,-7.30376],[-35.24893,-7.30179],[-35.24125,-7.31034],[-35.24597,-7.31417],[-35.24336,-7.31801],[-35.24805,-7.32105],[-35.24912,-7.32777],[-35.25344,-7.32763],[-35.25405,-7.33086],[-35.25905,-7.33396],[-35.26254,-7.33404],[-35.2666,-7.33008],[-35.26884,-7.33508],[-35.27435,-7.33528],[-35.28028,-7.35308],[-35.2873,-7.34917],[-35.29009,-7.35116],[-35.29597,-7.35016],[-35.30268,-7.35741],[-35.30834,-7.35724],[-35.3099,-7.36219],[-35.31331,-7.36385],[-35.31179,-7.37103],[-35.31977,-7.3781],[-35.32312,-7.3755],[-35.32338,-7.36956],[-35.32976,-7.36963],[-35.3286,-7.36271],[-35.33238,-7.35319],[-35.3279,-7.34341],[-35.32558,-7.34216],[-35.32274,-7.34742],[-35.32184,-7.34199],[-35.31674,-7.34142],[-35.31714,-7.33701],[-35.31438,-7.33547],[-35.31289,-7.32696],[-35.30813,-7.32627],[-35.30601,-7.32316],[-35.30424,-7.30473],[-35.29693,-7.30066],[-35.29387,-7.30286],[-35.28861,-7.2991],[-35.2859,-7.30343],[-35.28095,-7.29938],[-35.28175,-7.29488],[-35.27801,-7.29326],[-35.28203,-7.29053],[-35.27558,-7.28803],[-35.27581,-7.27922],[-35.27366,-7.27815],[-35.26901,-7.28158],[-35.26888,-7.2848],[-35.26424,-7.27904],[-35.26315,-7.28425],[-35.2579,-7.28666],[-35.2597,-7.29243],[-35.26464,-7.29124],[-35.26884,-7.29539],[-35.26166,-7.29769],[-35.26038,-7.30023],[-35.24933,-7.29377],[-35.24467,-7.29456],[-35.24123,-7.28958],[-35.23301,-7.28997],[-35.22678,-7.28521],[-35.22522,-7.28978]]]}},{"type":"Feature","properties":{"SIGLA":"NP3_gamma_i","NOME":"Corpo Granitoides indiscriminados brasilianos","LITOTIPOS":"Biotita granito, Granito pórfiro, Granitoide, Granodiorito, Metagranito, Monzogranito, Quartzo diorito, Quartzo monzonito, Sienogranito, Tonalito","AMBIENTE_TECTONICO":null,"ERA_MIN":"Neoproterozóico","ERA_MAX":"Neoproterozóico","IDADE_MIN":541.1,"IDADE_MAX":635.0,"LEGENDA":"Granitoides de composição petrográfica diversa e quimismo não determinado. Granitoides cinzentos, geralmente de granulometria média a grossa (fácies porfirítica subordinada), de composição granítica dominante, em parte com enclaves dioríticos, em jazimentos individualizados ou intrusivos, de foliação incipiente, alguns gnaissificados e fortemente milonitizados. Monzogranito, granodiorito, tonalito e sienogranito cinza claro a róseo, com granulação fina, foliação definida pela orientação preferencial da biotita; possuem xenólitos; Sienito isotrópico fino a médio, inequigranular e porfirítico.; Hornblenda -biotita diorito e monzodiorito inequigranular fino, foliado, de coloração cinza escura, com enclaves microgranulares e clots de biotita; Biotita metaquartzo sienito a granito peraluminoso, metagranito com biotita metaluminoso e hiperstênio-hornblenda metatonalito. Localmente, exibem foliação magmática; Também ocorrem quartzo diorito, granodiorito, tonalito e quartzo monzonito fortemente milonitizados. Também ocorrem quartzo diorito, granodiorito, tonalito e quartzo monzonito.","area_km2":3.76},"geometry":{"type":"Polygon","coordinates":[[[-35.14297,-7.30682],[-35.13958,-7.31709],[-35.13373,-7.31798],[-35.12935,-7.31377],[-35.12745,-7.31459],[-35.13268,-7.32394],[-35.13781,-7.32542],[-35.13153,-7.33229],[-35.14069,-7.33201],[-35.14705,-7.32816],[-35.14935,-7.32397],[-35.15258,-7.30862],[-35.14482,-7.31193],[-35.14297,-7.30682]]]}},{"type":"Feature","properties":{"SIGLA":"NP3_gamma_i","NOME":"Corpo Granitoides indiscriminados brasilianos","LITOTIPOS":"Biotita granito, Granito pórfiro, Granitoide, Granodiorito, Metagranito, Monzogranito, Quartzo diorito, Quartzo monzonito, Sienogranito, Tonalito","AMBIENTE_TECTONICO":null,"ERA_MIN":"Neoproterozóico","ERA_MAX":"Neoproterozóico","IDADE_MIN":541.1,"IDADE_MAX":635.0,"LEGENDA":"Granitoides de composição petrográfica diversa e quimismo não determinado. Granitoides cinzentos, geralmente de granulometria média a grossa (fácies porfirítica subordinada), de composição granítica dominante, em parte com enclaves dioríticos, em jazimentos individualizados ou intrusivos, de foliação incipiente, alguns gnaissificados e fortemente milonitizados. Monzogranito, granodiorito, tonalito e sienogranito cinza claro a róseo, com granulação fina, foliação definida pela orientação preferencial da biotita; possuem xenólitos; Sienito isotrópico fino a médio, inequigranular e porfirítico.; Hornblenda -biotita diorito e monzodiorito inequigranular fino, foliado, de coloração cinza escura, com enclaves microgranulares e clots de biotita; Biotita metaquartzo sienito a granito peraluminoso, metagranito com biotita metaluminoso e hiperstênio-hornblenda metatonalito. Localmente, exibem foliação magmática; Também ocorrem quartzo diorito, granodiorito, tonalito e quartzo monzonito fortemente milonitizados. Também ocorrem quartzo diorito, granodiorito, tonalito e quartzo monzonito.","area_km2":4.99},"geometry":{"type":"Polygon","coordinates":[[[-35.0767,-7.31715],[-35.08516,-7.31705],[-35.07827,-7.32154],[-35.08349,-7.33078],[-35.09126,-7.33519],[-35.09295,-7.33153],[-35.09708,-7.33534],[-35.10019,-7.33509],[-35.09788,-7.33052],[-35.10067,-7.32633],[-35.0913,-7.32005],[-35.0923,-7.30774],[-35.09022,-7.30279],[-35.08605,-7.30019],[-35.08168,-7.31023],[-35.07636,-7.31444],[-35.0767,-7.31715]]]}},{"type":"Feature","properties":{"SIGLA":"PP3se","NOME":"Complexo Sertânia","LITOTIPOS":"Anfibolito, Granada-biotita gnaisse, Mármore calcítico, Mármore dolomítico, Paragnaisse, Paramigmatito, Rocha calcissilicática, Rocha metavulcânica","AMBIENTE_TECTONICO":null,"ERA_MIN":"Paleoproterozóico","ERA_MAX":"Paleoproterozóico","IDADE_MIN":1800.1,"IDADE_MAX":2050.0,"LEGENDA":"Granada-silimanita-muscovita-biotita gnaisses com transição para gnaisses migmatizados estromáticos e anfibolitos; Muscovita-biotita gnaisse, biotita gnaisse, biotita xisto com granada e/ou sillimanita e/ou muscovita, biotita paragnaisses pelíticos com granada e/ou  sillimanita, migmatizados, com intercalações de mármore, rocha calcissilicática, quartzito e raro metavulcanito básico. U-Pb em zircão detrítico. < 1951 Ma. U-Pb em zircão detrítico: < 1,87 Ga.","area_km2":39.07},"geometry":{"type":"Polygon","coordinates":[[[-35.00346,-7.2226],[-35.01042,-7.22955],[-35.01552,-7.22819],[-35.02018,-7.22985],[-35.02259,-7.22669],[-35.04104,-7.22847],[-35.05651,-7.22477],[-35.06829,-7.22812],[-35.07493,-7.22542],[-35.08155,-7.23051],[-35.08733,-7.23013],[-35.0895,-7.23319],[-35.09923,-7.22855],[-35.11109,-7.2294],[-35.11685,-7.23568],[-35.12196,-7.23666],[-35.12628,-7.2454],[-35.12579,-7.24786],[-35.1212,-7.24977],[-35.11756,-7.25847],[-35.11065,-7.25942],[-35.11331,-7.26366],[-35.11243,-7.27054],[-35.11494,-7.27202],[-35.11713,-7.26736],[-35.11955,-7.26696],[-35.12028,-7.26124],[-35.12275,-7.26324],[-35.12441,-7.27233],[-35.13096,-7.26216],[-35.13338,-7.26376],[-35.13176,-7.2709],[-35.13387,-7.27651],[-35.13159,-7.28369],[-35.13555,-7.28839],[-35.12595,-7.29728],[-35.13047,-7.29881],[-35.13566,-7.29207],[-35.13943,-7.29808],[-35.14099,-7.29077],[-35.14496,-7.28982],[-35.14464,-7.27563],[-35.14113,-7.26636],[-35.14374,-7.2628],[-35.14614,-7.26383],[-35.14668,-7.26993],[-35.15201,-7.27434],[-35.15098,-7.2809],[-35.15305,-7.28611],[-35.14804,-7.29618],[-35.15022,-7.30124],[-35.14297,-7.30682],[-35.14403,-7.31112],[-35.15495,-7.30749],[-35.15931,-7.30185],[-35.16472,-7.28635],[-35.15814,-7.26355],[-35.16095,-7.26491],[-35.16617,-7.27764],[-35.16836,-7.27595],[-35.16364,-7.25983],[-35.14742,-7.24926],[-35.14371,-7.24274],[-35.13776,-7.24267],[-35.13471,-7.23651],[-35.13195,-7.23593],[-35.13239,-7.23012],[-35.12504,-7.22275],[-35.10749,-7.21802],[-35.08815,-7.21999],[-35.07868,-7.21698],[-35.04513,-7.21778],[-35.03114,-7.21512],[-35.01739,-7.21784],[-35.00714,-7.21403],[-35.00346,-7.2226]]]}},{"type":"Feature","properties":{"SIGLA":"K2be","NOME":"Formação Beberibe","LITOTIPOS":"Arenito","AMBIENTE_TECTONICO":null,"ERA_MIN":"Mesozóico","ERA_MAX":"Mesozóico","IDADE_MIN":66.1,"IDADE_MAX":100.5,"LEGENDA":"Arenito médio a grosso com níveis conglomeráticos, localmente fino, cinza mal selecionado, apresentando eventuais intercalações de conglomerado e siltito argiloso, no topo arenito com cimento calcífero (fluvial entrelaçado a transicional).","area_km2":77.32},"geometry":{"type":"Polygon","coordinates":[[[-34.92236,-7.19224],[-34.92225,-7.19865],[-34.92563,-7.20223],[-34.93508,-7.20627],[-34.94936,-7.20823],[-34.94763,-7.21003],[-34.93292,-7.20955],[-34.93902,-7.22032],[-34.95285,-7.22028],[-34.95535,-7.21768],[-34.9584,-7.21889],[-34.96246,-7.2165],[-34.96737,-7.22502],[-34.95602,-7.22186],[-34.93839,-7.22522],[-34.93402,-7.2294],[-34.93645,-7.23279],[-34.94264,-7.22908],[-34.94788,-7.23033],[-34.94877,-7.2327],[-34.9437,-7.23643],[-34.94408,-7.24085],[-34.95063,-7.23842],[-34.95323,-7.2416],[-34.94625,-7.24374],[-34.94493,-7.24694],[-34.9595,-7.24459],[-34.95201,-7.24972],[-34.94532,-7.25056],[-34.94491,-7.25791],[-34.95851,-7.26127],[-34.95195,-7.26632],[-34.95339,-7.26844],[-34.96552,-7.27388],[-34.97239,-7.26536],[-34.98328,-7.26216],[-34.98825,-7.25385],[-34.99241,-7.25873],[-35.00946,-7.25956],[-35.03293,-7.26586],[-35.03462,-7.2684],[-35.02215,-7.27126],[-35.01184,-7.2699],[-35.0043,-7.27424],[-34.99606,-7.27014],[-34.99356,-7.27265],[-34.98474,-7.27288],[-34.97834,-7.27562],[-34.97742,-7.27963],[-34.97399,-7.27883],[-34.96416,-7.28489],[-34.96336,-7.28752],[-34.9748,-7.28958],[-34.97836,-7.29313],[-34.98621,-7.31196],[-35.00058,-7.32948],[-35.01473,-7.33761],[-35.02682,-7.34136],[-35.02835,-7.34453],[-35.02023,-7.34482],[-35.00471,-7.33822],[-34.9969,-7.33942],[-34.98832,-7.33351],[-34.97562,-7.30388],[-34.96719,-7.29723],[-34.9653,-7.29812],[-34.96675,-7.30511],[-34.96469,-7.31349],[-34.96918,-7.31781],[-34.96388,-7.3229],[-34.96651,-7.32866],[-34.9652,-7.33099],[-34.96112,-7.32854],[-34.9546,-7.33201],[-34.95631,-7.30608],[-34.9472,-7.28958],[-34.94719,-7.29424],[-34.95323,-7.30716],[-34.95173,-7.31648],[-34.94957,-7.31744],[-34.94121,-7.31154],[-34.94166,-7.31838],[-34.93765,-7.32876],[-34.93363,-7.32706],[-34.9309,-7.32975],[-34.92723,-7.32373],[-34.92182,-7.33587],[-34.93442,-7.33144],[-34.93734,-7.33154],[-34.9374,-7.33463],[-34.93398,-7.33891],[-34.91831,-7.34369],[-34.91057,-7.35818],[-34.91604,-7.36066],[-34.92662,-7.35834],[-34.92831,-7.35982],[-34.923,-7.36391],[-34.91071,-7.36635],[-34.89759,-7.38602],[-34.89752,-7.39127],[-34.88786,-7.39847],[-34.8861,-7.40885],[-34.89404,-7.41224],[-34.91406,-7.39797],[-34.9181,-7.39817],[-34.90499,-7.41518],[-34.89679,-7.42154],[-34.89366,-7.42911],[-34.87923,-7.4472],[-34.8829,-7.45167],[-34.90816,-7.4369],[-34.9139,-7.42659],[-34.91992,-7.42557],[-34.93621,-7.41447],[-34.93445,-7.39803],[-34.94171,-7.40154],[-34.94678,-7.39901],[-34.94624,-7.39264],[-34.94337,-7.38935],[-34.94624,-7.38786],[-34.94722,-7.38247],[-34.95964,-7.361],[-34.96988,-7.35372],[-34.97432,-7.35425],[-34.96683,-7.36392],[-34.9596,-7.36809],[-34.95611,-7.37562],[-34.95976,-7.37726],[-34.9552,-7.38274],[-34.96371,-7.37856],[-34.97087,-7.37824],[-34.98669,-7.36928],[-34.99366,-7.37053],[-34.99531,-7.36307],[-34.98586,-7.36295],[-34.96168,-7.3734],[-34.96208,-7.37065],[-34.9766,-7.36083],[-34.98168,-7.34977],[-34.98711,-7.35351],[-34.99915,-7.35291],[-34.9984,-7.35008],[-34.98969,-7.34568],[-34.98676,-7.34145],[-34.98123,-7.3395],[-34.96703,-7.3513],[-34.95993,-7.34964],[-34.95785,-7.35645],[-34.96295,-7.35736],[-34.95393,-7.3634],[-34.9529,-7.37024],[-34.94389,-7.38265],[-34.93048,-7.37764],[-34.9272,-7.37918],[-34.93388,-7.38268],[-34.93443,-7.38682],[-34.93875,-7.38807],[-34.9443,-7.39475],[-34.94425,-7.3989],[-34.93647,-7.39542],[-34.93214,-7.39618],[-34.9306,-7.40528],[-34.93247,-7.41287],[-34.92516,-7.41093],[-34.91937,-7.41737],[-34.91333,-7.4193],[-34.90753,-7.43023],[-34.89921,-7.43829],[-34.89427,-7.43892],[-34.89341,-7.44339],[-34.89125,-7.44412],[-34.89047,-7.43798],[-34.90035,-7.42898],[-34.90122,-7.42096],[-34.91356,-7.40793],[-34.92552,-7.40173],[-34.92717,-7.39687],[-34.93319,-7.3914],[-34.90978,-7.39613],[-34.90622,-7.40138],[-34.89621,-7.4062],[-34.89459,-7.40378],[-34.89617,-7.39865],[-34.90559,-7.39427],[-34.90236,-7.38297],[-34.90858,-7.38147],[-34.92197,-7.38334],[-34.92041,-7.38008],[-34.91042,-7.37762],[-34.91287,-7.36756],[-34.923,-7.36846],[-34.93256,-7.36263],[-34.94279,-7.36335],[-34.94197,-7.35249],[-34.93654,-7.35319],[-34.93189,-7.35087],[-34.91931,-7.35327],[-34.9202,-7.34477],[-34.92896,-7.34159],[-34.93349,-7.34431],[-34.94025,-7.339],[-34.94993,-7.34202],[-34.95083,-7.32977],[-34.95248,-7.3335],[-34.95668,-7.33536],[-34.96138,-7.33068],[-34.95901,-7.33995],[-34.96005,-7.34207],[-34.96292,-7.34154],[-34.96349,-7.33764],[-34.96752,-7.33395],[-34.9685,-7.32606],[-34.97257,-7.33002],[-34.97467,-7.32861],[-34.97501,-7.32521],[-34.9723,-7.32268],[-34.97441,-7.31765],[-34.96783,-7.31499],[-34.96677,-7.31147],[-34.9673,-7.30078],[-34.98262,-7.32145],[-34.9816,-7.33104],[-34.99524,-7.34076],[-35.00826,-7.34135],[-35.01553,-7.34711],[-35.02808,-7.34755],[-35.0326,-7.34453],[-35.03214,-7.34227],[-35.02303,-7.33712],[-35.02141,-7.33281],[-35.0093,-7.33091],[-35.00288,-7.32379],[-34.9926,-7.31807],[-34.98612,-7.30781],[-34.98104,-7.29171],[-34.9812,-7.28978],[-34.98481,-7.29076],[-34.98505,-7.28799],[-34.97888,-7.28363],[-34.97145,-7.28678],[-34.97102,-7.28313],[-34.99011,-7.27428],[-34.99187,-7.27574],[-34.99219,-7.28969],[-34.98915,-7.29744],[-34.99364,-7.29476],[-34.99517,-7.30125],[-34.99677,-7.29909],[-34.99423,-7.28948],[-34.99515,-7.27569],[-34.99824,-7.27264],[-35.00009,-7.27799],[-34.99878,-7.28622],[-35.00279,-7.29057],[-35.00227,-7.2952],[-35.00756,-7.30012],[-35.01103,-7.28705],[-35.00762,-7.2816],[-35.00956,-7.27356],[-35.03106,-7.27059],[-35.05015,-7.27753],[-35.05258,-7.27268],[-35.05151,-7.27041],[-35.0446,-7.27029],[-35.03656,-7.26377],[-35.01502,-7.25736],[-35.01113,-7.25367],[-35.00829,-7.25587],[-34.99338,-7.25354],[-34.99215,-7.24391],[-34.98824,-7.24255],[-34.98241,-7.24533],[-34.98123,-7.25602],[-34.96739,-7.26126],[-34.96201,-7.26851],[-34.95674,-7.26742],[-34.95652,-7.26522],[-34.96184,-7.26459],[-34.97173,-7.25422],[-34.96612,-7.25212],[-34.955,-7.25747],[-34.95081,-7.25458],[-34.95774,-7.25103],[-34.96307,-7.24358],[-34.96077,-7.23193],[-34.97353,-7.22619],[-34.96665,-7.22104],[-34.96306,-7.21169],[-34.94528,-7.21689],[-34.94034,-7.21516],[-34.94062,-7.21251],[-34.95682,-7.21061],[-34.95796,-7.20779],[-34.95061,-7.20389],[-34.93412,-7.20232],[-34.92989,-7.19327],[-34.93827,-7.19594],[-34.94921,-7.19286],[-34.95408,-7.20055],[-34.96914,-7.20889],[-34.97508,-7.21562],[-34.97939,-7.21507],[-34.98379,-7.21931],[-34.98808,-7.21729],[-34.99123,-7.22114],[-34.99469,-7.21826],[-35.00039,-7.2185],[-34.98812,-7.21367],[-34.98398,-7.21457],[-34.98069,-7.21213],[-34.98108,-7.20819],[-34.9786,-7.20885],[-34.97214,-7.203],[-34.95965,-7.19888],[-34.95913,-7.19417],[-34.95631,-7.19177],[-34.94321,-7.18957],[-34.93928,-7.19222],[-34.93341,-7.18933],[-34.92236,-7.19224]]]}},{"type":"Feature","properties":{"SIGLA":"Nb","NOME":"Grupo Barreiras","LITOTIPOS":"Arenito, Arenito conglomerático, Argilito, Argilito arenoso, Conglomerado, Siltito","AMBIENTE_TECTONICO":"Cobertura superficial","ERA_MIN":"Cenozóico","ERA_MAX":"Cenozóico","IDADE_MIN":2.59,"IDADE_MAX":23.03,"LEGENDA":"Predomínio de camadas horizontais de arenito conglomerático com matriz caolínica, contendo lentes e lençóis de conglomerado e brecha, ricos em seixos e grânulos de quartzo e/ou feldspato, e intercalações de argilito caolínico silto-arenoso, siltito, arenito caolínico, arenito argiloso, arenito ferruginoso e argiloso friável e diamictito. Podem apresentar horizontes e/ou colunas de oxi-redução e/ou canga em que assumem cores variegadas (branca, vermelha e roxa); Arenitos argilosos de tonalidade variegada (amarelada, avermelhada e esverdeada), matriz argilo-caulínica, com cimento argiloso, ferruginoso e, às vezes, silicoso; granulação fina a média, com leitos conglomeráticos e nódulos lateríticos na base (pode-se encontrar, no topo, areias sílticas bem classificadas) / sistema fluvial com esporádicas corridas de lamas.","area_km2":183.04},"geometry":{"type":"MultiPolygon","coordinates":[[[[-34.80599,-7.24333],[-34.80573,-7.24345],[-34.8058,-7.2445],[-34.80599,-7.24333]]],[[[-34.87233,-7.3513],[-34.86688,-7.3561],[-34.86204,-7.35441],[-34.86113,-7.34845],[-34.8557,-7.34496],[-34.85902,-7.35904],[-34.85666,-7.36161],[-34.85578,-7.35786],[-34.85004,-7.35978],[-34.85037,-7.34941],[-34.84652,-7.35242],[-34.84572,-7.34635],[-34.84289,-7.34391],[-34.83122,-7.34663],[-34.82802,-7.34992],[-34.82227,-7.34738],[-34.8145,-7.35388],[-34.81781,-7.36357],[-34.82228,-7.36069],[-34.83208,-7.36356],[-34.82815,-7.37373],[-34.81259,-7.36802],[-34.80839,-7.36922],[-34.80883,-7.37678],[-34.81807,-7.37693],[-34.81841,-7.37906],[-34.81563,-7.3836],[-34.80644,-7.38163],[-34.80411,-7.38302],[-34.80328,-7.38732],[-34.80762,-7.39257],[-34.81833,-7.39484],[-34.82462,-7.38809],[-34.83473,-7.38443],[-34.83783,-7.38116],[-34.83953,-7.37091],[-34.84219,-7.37197],[-34.84219,-7.38226],[-34.84428,-7.37661],[-34.84747,-7.38018],[-34.85088,-7.37954],[-34.85072,-7.37252],[-34.85747,-7.37288],[-34.86041,-7.37769],[-34.86433,-7.37301],[-34.86602,-7.37667],[-34.86633,-7.38262],[-34.86263,-7.38455],[-34.8605,-7.39092],[-34.84831,-7.38949],[-34.84608,-7.39954],[-34.84191,-7.39978],[-34.84024,-7.39089],[-34.83868,-7.3925],[-34.83493,-7.39115],[-34.82468,-7.39546],[-34.82285,-7.39926],[-34.81736,-7.39977],[-34.81592,-7.40333],[-34.80951,-7.40234],[-34.80912,-7.41273],[-34.8143,-7.41221],[-34.81587,-7.41559],[-34.81444,-7.4231],[-34.82286,-7.4196],[-34.82039,-7.41334],[-34.83354,-7.40981],[-34.8367,-7.41089],[-34.82164,-7.42833],[-34.83713,-7.42485],[-34.83828,-7.41784],[-34.84739,-7.41726],[-34.84835,-7.42457],[-34.8537,-7.4203],[-34.8564,-7.40623],[-34.85215,-7.39599],[-34.85973,-7.39695],[-34.86671,-7.39255],[-34.86757,-7.40117],[-34.87259,-7.40415],[-34.87313,-7.39411],[-34.87725,-7.39158],[-34.87371,-7.38377],[-34.87049,-7.38433],[-34.86896,-7.38178],[-34.8768,-7.37645],[-34.87982,-7.38182],[-34.88325,-7.3826],[-34.88621,-7.38083],[-34.88785,-7.37527],[-34.89285,-7.37307],[-34.88685,-7.37179],[-34.88555,-7.36644],[-34.88099,-7.36995],[-34.8734,-7.36728],[-34.87414,-7.36462],[-34.87801,-7.36247],[-34.87797,-7.35998],[-34.88504,-7.36203],[-34.8869,-7.35394],[-34.88995,-7.36316],[-34.89972,-7.36726],[-34.89954,-7.36339],[-34.9037,-7.36054],[-34.90297,-7.35799],[-34.89402,-7.35612],[-34.89297,-7.35366],[-34.89681,-7.35197],[-34.89902,-7.3447],[-34.90094,-7.34453],[-34.90318,-7.3507],[-34.90871,-7.34606],[-34.90795,-7.33709],[-34.91494,-7.31782],[-34.92035,-7.31006],[-34.92012,-7.30309],[-34.92425,-7.30738],[-34.92547,-7.30222],[-34.93197,-7.30367],[-34.93028,-7.31024],[-34.93252,-7.31577],[-34.92723,-7.32373],[-34.9309,-7.32975],[-34.93363,-7.32706],[-34.93765,-7.32876],[-34.9392,-7.32726],[-34.94121,-7.31154],[-34.94957,-7.31744],[-34.95253,-7.3149],[-34.95323,-7.30716],[-34.94719,-7.29424],[-34.9472,-7.28958],[-34.94025,-7.28792],[-34.94344,-7.28028],[-34.93577,-7.2611],[-34.93619,-7.24537],[-34.92683,-7.23644],[-34.92342,-7.22212],[-34.91364,-7.21153],[-34.89273,-7.21496],[-34.88025,-7.22544],[-34.87346,-7.22492],[-34.86997,-7.21851],[-34.86813,-7.22421],[-34.85841,-7.22643],[-34.85761,-7.23089],[-34.85131,-7.22837],[-34.84737,-7.2306],[-34.85375,-7.23568],[-34.85797,-7.2357],[-34.8808,-7.23083],[-34.88415,-7.22642],[-34.89775,-7.22541],[-34.90365,-7.22702],[-34.90539,-7.23122],[-34.91321,-7.2353],[-34.92131,-7.24728],[-34.92054,-7.25616],[-34.92627,-7.26017],[-34.92105,-7.26616],[-34.92648,-7.27861],[-34.92223,-7.27984],[-34.91783,-7.27391],[-34.91639,-7.27493],[-34.9176,-7.2875],[-34.92082,-7.29444],[-34.91876,-7.29695],[-34.91176,-7.28747],[-34.90741,-7.29166],[-34.90748,-7.27803],[-34.91126,-7.27881],[-34.91425,-7.25364],[-34.9119,-7.24179],[-34.90564,-7.23977],[-34.90152,-7.23534],[-34.89615,-7.23871],[-34.89216,-7.23619],[-34.8886,-7.238],[-34.89298,-7.24594],[-34.89113,-7.25351],[-34.89266,-7.2551],[-34.89657,-7.25223],[-34.8973,-7.2545],[-34.89237,-7.26167],[-34.89899,-7.26388],[-34.89571,-7.26733],[-34.89574,-7.27652],[-34.8932,-7.2803],[-34.89821,-7.28543],[-34.89646,-7.28715],[-34.89174,-7.28606],[-34.89056,-7.28855],[-34.89411,-7.29783],[-34.88822,-7.29543],[-34.883,-7.29849],[-34.8851,-7.28079],[-34.88163,-7.25293],[-34.87469,-7.24981],[-34.87767,-7.24386],[-34.87616,-7.23966],[-34.86847,-7.23982],[-34.85546,-7.24514],[-34.85429,-7.24943],[-34.85999,-7.26436],[-34.85143,-7.26842],[-34.84766,-7.2653],[-34.84766,-7.26101],[-34.85156,-7.25476],[-34.8444,-7.24644],[-34.84621,-7.23866],[-34.84434,-7.23608],[-34.83763,-7.23603],[-34.84063,-7.24761],[-34.83855,-7.25321],[-34.83373,-7.24423],[-34.82749,-7.25438],[-34.82841,-7.2415],[-34.82111,-7.24046],[-34.81939,-7.24307],[-34.82178,-7.24606],[-34.81961,-7.24743],[-34.82119,-7.25364],[-34.81799,-7.26011],[-34.81502,-7.24499],[-34.81102,-7.24187],[-34.80763,-7.24447],[-34.80634,-7.24323],[-34.8029,-7.26956],[-34.8139,-7.2696],[-34.82451,-7.26352],[-34.84015,-7.26823],[-34.84156,-7.2726],[-34.84828,-7.27603],[-34.85338,-7.2764],[-34.85511,-7.27308],[-34.86745,-7.27816],[-34.85419,-7.27935],[-34.85951,-7.28519],[-34.86104,-7.29427],[-34.85892,-7.29502],[-34.85505,-7.29377],[-34.84305,-7.28094],[-34.83826,-7.27871],[-34.83569,-7.28067],[-34.83812,-7.29226],[-34.83698,-7.29752],[-34.84698,-7.30667],[-34.84374,-7.31766],[-34.84242,-7.30788],[-34.8368,-7.30244],[-34.83328,-7.30622],[-34.83095,-7.30489],[-34.83221,-7.29319],[-34.82846,-7.27471],[-34.82245,-7.27312],[-34.81363,-7.27717],[-34.81118,-7.28199],[-34.81308,-7.28682],[-34.80996,-7.28913],[-34.80686,-7.28689],[-34.80498,-7.28011],[-34.80134,-7.27897],[-34.80286,-7.28368],[-34.80021,-7.29766],[-34.8012,-7.30409],[-34.8037,-7.30636],[-34.80766,-7.30282],[-34.81778,-7.29976],[-34.81723,-7.30311],[-34.80867,-7.30619],[-34.80623,-7.3099],[-34.81419,-7.30965],[-34.81092,-7.31508],[-34.81587,-7.31892],[-34.82161,-7.31793],[-34.82216,-7.32189],[-34.8195,-7.32606],[-34.80845,-7.32249],[-34.80076,-7.31129],[-34.802,-7.3177],[-34.7945,-7.333],[-34.7978,-7.3435],[-34.79878,-7.36932],[-34.80332,-7.36824],[-34.80278,-7.36028],[-34.80692,-7.3578],[-34.81017,-7.3482],[-34.80325,-7.34255],[-34.80203,-7.33865],[-34.80615,-7.34073],[-34.8099,-7.33893],[-34.81235,-7.34118],[-34.82073,-7.33991],[-34.82397,-7.33332],[-34.8277,-7.33964],[-34.83264,-7.33965],[-34.83764,-7.33418],[-34.84338,-7.33398],[-34.8471,-7.32592],[-34.84929,-7.33473],[-34.85408,-7.33666],[-34.8563,-7.33327],[-34.86764,-7.32729],[-34.86727,-7.31828],[-34.87134,-7.31819],[-34.87096,-7.31366],[-34.87617,-7.31532],[-34.89076,-7.30744],[-34.89045,-7.31744],[-34.87786,-7.32002],[-34.87555,-7.32557],[-34.88346,-7.32641],[-34.89667,-7.32034],[-34.89809,-7.32424],[-34.8897,-7.33145],[-34.87311,-7.33385],[-34.87198,-7.33969],[-34.86797,-7.33458],[-34.86308,-7.33833],[-34.86409,-7.34559],[-34.87233,-7.3513]]]]}},{"type":"Feature","properties":{"SIGLA":"Qfm","NOME":"Depósitos flúvio-marinhos","LITOTIPOS":"Areia, Argila, Silte","AMBIENTE_TECTONICO":null,"ERA_MIN":"Cenozóico","ERA_MAX":"Cenozóico","IDADE_MIN":0.0,"IDADE_MAX":2.58,"LEGENDA":"Depósitos indiscriminados de pantanos e mangues, fluvio-lagunares e litorâneos indiscriminados","area_km2":1.47},"geometry":{"type":"Polygon","coordinates":[[[-34.95317,-7.30166],[-34.95631,-7.30608],[-34.95396,-7.32761],[-34.95604,-7.33282],[-34.9583,-7.32948],[-34.9562,-7.32744],[-34.96155,-7.3046],[-34.96048,-7.29926],[-34.95585,-7.30245],[-34.95317,-7.30166]]]}},{"type":"Feature","properties":{"SIGLA":"Qfm","NOME":"Depósitos flúvio-marinhos","LITOTIPOS":"Areia, Argila, Silte","AMBIENTE_TECTONICO":null,"ERA_MIN":"Cenozóico","ERA_MAX":"Cenozóico","IDADE_MIN":0.0,"IDADE_MAX":2.58,"LEGENDA":"Depósitos indiscriminados de pantanos e mangues, fluvio-lagunares e litorâneos indiscriminados","area_km2":0.73},"geometry":{"type":"MultiPolygon","coordinates":[[[[-34.97761,-7.31138],[-34.97618,-7.30139],[-34.96583,-7.29603],[-34.96441,-7.30103],[-34.96505,-7.30961],[-34.96564,-7.29745],[-34.97562,-7.30388],[-34.97761,-7.31138]]],[[[-34.97761,-7.31138],[-34.98217,-7.31819],[-34.98803,-7.33049],[-34.98725,-7.32245],[-34.97761,-7.31138]]]]}},{"type":"Feature","properties":{"SIGLA":"Qfm","NOME":"Depósitos flúvio-marinhos","LITOTIPOS":"Areia, Argila, Silte","AMBIENTE_TECTONICO":null,"ERA_MIN":"Cenozóico","ERA_MAX":"Cenozóico","IDADE_MIN":0.0,"IDADE_MAX":2.58,"LEGENDA":"Depósitos indiscriminados de pantanos e mangues, fluvio-lagunares e litorâneos indiscriminados","area_km2":14.89},"geometry":{"type":"MultiPolygon","coordinates":[[[[-34.80141,-7.29124],[-34.80195,-7.27835],[-34.80996,-7.28913],[-34.81308,-7.28682],[-34.81188,-7.27856],[-34.81996,-7.2738],[-34.82731,-7.27373],[-34.83221,-7.29319],[-34.83095,-7.30489],[-34.83328,-7.30622],[-34.8368,-7.30244],[-34.84242,-7.30788],[-34.84374,-7.31766],[-34.84698,-7.30667],[-34.83698,-7.29752],[-34.83812,-7.29226],[-34.83569,-7.28067],[-34.83826,-7.27871],[-34.84305,-7.28094],[-34.85505,-7.29377],[-34.85892,-7.29502],[-34.86104,-7.29427],[-34.85951,-7.28519],[-34.85419,-7.27935],[-34.86745,-7.27816],[-34.85511,-7.27308],[-34.85338,-7.2764],[-34.84828,-7.27603],[-34.84156,-7.2726],[-34.84015,-7.26823],[-34.82304,-7.26339],[-34.8139,-7.2696],[-34.8029,-7.26956],[-34.7989,-7.2779],[-34.80141,-7.29124]]],[[[-34.80081,-7.31132],[-34.80845,-7.32249],[-34.81744,-7.32591],[-34.82145,-7.32362],[-34.82161,-7.31793],[-34.81587,-7.31892],[-34.81092,-7.31508],[-34.81419,-7.30965],[-34.80623,-7.3099],[-34.80867,-7.30619],[-34.81723,-7.30311],[-34.81696,-7.29909],[-34.8037,-7.30636],[-34.80021,-7.29766],[-34.7986,-7.3001],[-34.80081,-7.31132]]]]}},{"type":"Feature","properties":{"SIGLA":"Nb","NOME":"Grupo Barreiras","LITOTIPOS":"Arenito, Arenito conglomerático, Argilito, Argilito arenoso, Conglomerado, Siltito","AMBIENTE_TECTONICO":"Cobertura superficial","ERA_MIN":"Cenozóico","ERA_MAX":"Cenozóico","IDADE_MIN":2.59,"IDADE_MAX":23.03,"LEGENDA":"Predomínio de camadas horizontais de arenito conglomerático com matriz caolínica, contendo lentes e lençóis de conglomerado e brecha, ricos em seixos e grânulos de quartzo e/ou feldspato, e intercalações de argilito caolínico silto-arenoso, siltito, arenito caolínico, arenito argiloso, arenito ferruginoso e argiloso friável e diamictito. Podem apresentar horizontes e/ou colunas de oxi-redução e/ou canga em que assumem cores variegadas (branca, vermelha e roxa); Arenitos argilosos de tonalidade variegada (amarelada, avermelhada e esverdeada), matriz argilo-caulínica, com cimento argiloso, ferruginoso e, às vezes, silicoso; granulação fina a média, com leitos conglomeráticos e nódulos lateríticos na base (pode-se encontrar, no topo, areias sílticas bem classificadas) / sistema fluvial com esporádicas corridas de lamas.","area_km2":642.87},"geometry":{"type":"Polygon","coordinates":[[[-35.16527,-7.38906],[-35.16615,-7.38207],[-35.16411,-7.37997],[-35.15039,-7.38702],[-35.15534,-7.37772],[-35.15136,-7.37227],[-35.15942,-7.36555],[-35.1651,-7.36618],[-35.17065,-7.36082],[-35.16544,-7.35528],[-35.17569,-7.34858],[-35.1744,-7.34488],[-35.16884,-7.34287],[-35.17107,-7.33699],[-35.20102,-7.31774],[-35.2002,-7.31595],[-35.19488,-7.31732],[-35.19026,-7.31343],[-35.18721,-7.31717],[-35.18369,-7.31445],[-35.17733,-7.32641],[-35.17224,-7.33055],[-35.175,-7.32025],[-35.17047,-7.3199],[-35.1704,-7.32712],[-35.16489,-7.33149],[-35.16327,-7.34814],[-35.15937,-7.3538],[-35.15789,-7.36193],[-35.15042,-7.36661],[-35.14905,-7.35904],[-35.15495,-7.35555],[-35.15604,-7.34656],[-35.15424,-7.34594],[-35.14764,-7.35229],[-35.14877,-7.34557],[-35.14373,-7.34277],[-35.14341,-7.3395],[-35.15609,-7.32729],[-35.16674,-7.30808],[-35.18687,-7.30252],[-35.19361,-7.30422],[-35.20223,-7.29944],[-35.19555,-7.29179],[-35.19641,-7.2876],[-35.19442,-7.28546],[-35.19181,-7.29145],[-35.18206,-7.29432],[-35.17527,-7.2908],[-35.16898,-7.28317],[-35.1694,-7.27183],[-35.17443,-7.26723],[-35.17359,-7.26095],[-35.16778,-7.25644],[-35.17276,-7.25109],[-35.1787,-7.24915],[-35.18053,-7.24237],[-35.17516,-7.23882],[-35.17923,-7.23018],[-35.17788,-7.22846],[-35.16906,-7.2287],[-35.16887,-7.22552],[-35.17345,-7.2205],[-35.17109,-7.21439],[-35.16486,-7.21455],[-35.16555,-7.2089],[-35.16248,-7.21042],[-35.16115,-7.20628],[-35.15485,-7.20142],[-35.15083,-7.2026],[-35.14941,-7.19842],[-35.14312,-7.19894],[-35.13619,-7.19145],[-35.13562,-7.18427],[-35.1318,-7.18308],[-35.1334,-7.17828],[-35.12728,-7.17629],[-35.127,-7.17194],[-35.12412,-7.17064],[-35.11799,-7.17588],[-35.1147,-7.17186],[-35.10133,-7.17165],[-35.10052,-7.16371],[-35.10441,-7.16199],[-35.08198,-7.15407],[-35.08022,-7.1557],[-35.08334,-7.16153],[-35.08157,-7.16328],[-35.07302,-7.16012],[-35.06963,-7.15393],[-35.06198,-7.15477],[-35.05845,-7.1485],[-35.05298,-7.14748],[-35.04953,-7.14079],[-35.04189,-7.13995],[-35.04023,-7.14579],[-35.02789,-7.14058],[-35.01385,-7.13877],[-35.00461,-7.13378],[-34.99677,-7.13766],[-34.9859,-7.13005],[-34.98296,-7.13163],[-34.98312,-7.13458],[-34.99182,-7.14512],[-34.99149,-7.15036],[-34.99803,-7.15341],[-35.00053,-7.16011],[-35.00581,-7.16219],[-35.00602,-7.16705],[-35.0146,-7.17159],[-35.01709,-7.17626],[-35.03205,-7.17939],[-35.03103,-7.18359],[-35.01799,-7.1807],[-35.0131,-7.18509],[-35.01144,-7.17809],[-34.99657,-7.16547],[-34.99194,-7.15842],[-34.97877,-7.15581],[-34.97051,-7.14917],[-34.96649,-7.14206],[-34.9668,-7.12332],[-34.96317,-7.1191],[-34.95777,-7.11767],[-34.95165,-7.12141],[-34.9494,-7.12882],[-34.94147,-7.13033],[-34.93399,-7.12879],[-34.93245,-7.13608],[-34.93782,-7.14219],[-34.93431,-7.14352],[-34.93245,-7.14837],[-34.92936,-7.14723],[-34.93082,-7.13834],[-34.92704,-7.1364],[-34.92265,-7.13713],[-34.91879,-7.14293],[-34.91035,-7.14528],[-34.91335,-7.15274],[-34.91315,-7.15977],[-34.91856,-7.16354],[-34.92297,-7.16099],[-34.93116,-7.16164],[-34.9427,-7.15574],[-34.95044,-7.16155],[-34.96215,-7.163],[-34.9649,-7.1656],[-34.96442,-7.16865],[-34.95496,-7.16538],[-34.94957,-7.16594],[-34.94636,-7.17309],[-34.94331,-7.17205],[-34.94249,-7.16283],[-34.93108,-7.17074],[-34.9286,-7.16659],[-34.92323,-7.17023],[-34.91431,-7.17013],[-34.91179,-7.16532],[-34.90736,-7.16336],[-34.90569,-7.14349],[-34.91113,-7.13267],[-34.9085,-7.12806],[-34.90566,-7.12817],[-34.90317,-7.1356],[-34.8964,-7.13776],[-34.89492,-7.14313],[-34.87126,-7.14854],[-34.8662,-7.14477],[-34.86036,-7.14717],[-34.85682,-7.14238],[-34.84344,-7.13497],[-34.83594,-7.13593],[-34.83235,-7.14267],[-34.83889,-7.14327],[-34.84377,-7.1492],[-34.8412,-7.15108],[-34.83294,-7.14559],[-34.82641,-7.14624],[-34.82172,-7.1524],[-34.82373,-7.1552],[-34.81937,-7.15597],[-34.82229,-7.164],[-34.82107,-7.16597],[-34.81445,-7.15754],[-34.8216,-7.1403],[-34.821,-7.13266],[-34.8092,-7.1455],[-34.7968,-7.147],[-34.7932,-7.1546],[-34.79523,-7.16827],[-34.80404,-7.16971],[-34.80824,-7.16418],[-34.81191,-7.17284],[-34.81854,-7.17749],[-34.8059,-7.17271],[-34.79748,-7.17426],[-34.79927,-7.18897],[-34.80602,-7.19302],[-34.80411,-7.19855],[-34.82042,-7.19387],[-34.82201,-7.18732],[-34.8171,-7.18236],[-34.82353,-7.18227],[-34.82438,-7.18747],[-34.84312,-7.18352],[-34.8441,-7.17731],[-34.83862,-7.16006],[-34.83959,-7.15527],[-34.8419,-7.15684],[-34.84826,-7.18145],[-34.85313,-7.17464],[-34.85535,-7.17705],[-34.85433,-7.183],[-34.88112,-7.18761],[-34.87916,-7.18946],[-34.86505,-7.18918],[-34.85867,-7.19524],[-34.85608,-7.19483],[-34.85559,-7.19109],[-34.85111,-7.19366],[-34.84881,-7.18991],[-34.84435,-7.19351],[-34.84179,-7.19241],[-34.83467,-7.19512],[-34.83142,-7.20704],[-34.82848,-7.20496],[-34.82868,-7.19748],[-34.82544,-7.19527],[-34.81746,-7.20562],[-34.82688,-7.20986],[-34.82537,-7.21654],[-34.82191,-7.21751],[-34.81069,-7.20677],[-34.80575,-7.20855],[-34.80568,-7.2134],[-34.81212,-7.22138],[-34.812,-7.22402],[-34.80983,-7.22396],[-34.80526,-7.21895],[-34.80738,-7.22728],[-34.81415,-7.22673],[-34.81568,-7.22357],[-34.82823,-7.21939],[-34.83406,-7.21959],[-34.8355,-7.21219],[-34.83827,-7.2131],[-34.84053,-7.21945],[-34.84698,-7.21758],[-34.85306,-7.20946],[-34.85561,-7.20974],[-34.85804,-7.21529],[-34.86082,-7.21467],[-34.86304,-7.20998],[-34.87007,-7.2128],[-34.87424,-7.20431],[-34.88157,-7.20462],[-34.88613,-7.19841],[-34.88847,-7.20009],[-34.89455,-7.19768],[-34.91023,-7.1979],[-34.90349,-7.19208],[-34.90139,-7.18565],[-34.89641,-7.18433],[-34.89165,-7.18653],[-34.88743,-7.17854],[-34.89298,-7.18059],[-34.90196,-7.17914],[-34.90742,-7.18941],[-34.91581,-7.19108],[-34.92714,-7.17883],[-34.9468,-7.17962],[-34.95062,-7.17585],[-34.95233,-7.18115],[-34.96135,-7.18203],[-34.96832,-7.18916],[-34.97332,-7.18764],[-34.97692,-7.19358],[-34.98513,-7.19596],[-34.9907,-7.19321],[-34.99148,-7.20361],[-35.01527,-7.21773],[-35.03114,-7.21512],[-35.04513,-7.21778],[-35.07868,-7.21698],[-35.08815,-7.21999],[-35.10749,-7.21802],[-35.12504,-7.22275],[-35.13239,-7.23012],[-35.13195,-7.23593],[-35.13471,-7.23651],[-35.13776,-7.24267],[-35.14371,-7.24274],[-35.14742,-7.24926],[-35.16319,-7.25904],[-35.16792,-7.27257],[-35.16836,-7.27595],[-35.16617,-7.27764],[-35.16095,-7.26491],[-35.15814,-7.26355],[-35.16446,-7.28493],[-35.1636,-7.29235],[-35.15802,-7.30401],[-35.15258,-7.30862],[-35.14705,-7.32816],[-35.14069,-7.33201],[-35.13153,-7.33229],[-35.13781,-7.32542],[-35.13268,-7.32394],[-35.12745,-7.31459],[-35.12935,-7.31377],[-35.13373,-7.31798],[-35.13958,-7.31709],[-35.14297,-7.30682],[-35.15022,-7.30124],[-35.14804,-7.29618],[-35.15305,-7.28611],[-35.15098,-7.2809],[-35.1524,-7.27587],[-35.14668,-7.26993],[-35.14614,-7.26383],[-35.14233,-7.26336],[-35.14124,-7.26867],[-35.14442,-7.27434],[-35.14496,-7.28982],[-35.14099,-7.29077],[-35.13943,-7.29808],[-35.13566,-7.29207],[-35.13047,-7.29881],[-35.12595,-7.29728],[-35.13555,-7.28839],[-35.13159,-7.28369],[-35.13387,-7.27651],[-35.13176,-7.2709],[-35.13338,-7.26376],[-35.13096,-7.26216],[-35.12441,-7.27233],[-35.12275,-7.26324],[-35.12028,-7.26124],[-35.11955,-7.26696],[-35.11411,-7.2723],[-35.11243,-7.27054],[-35.11331,-7.26366],[-35.11055,-7.2603],[-35.11756,-7.25847],[-35.1212,-7.24977],[-35.12579,-7.24786],[-35.12588,-7.24277],[-35.12111,-7.23598],[-35.11792,-7.23631],[-35.1125,-7.23026],[-35.10686,-7.22796],[-35.09641,-7.22934],[-35.0895,-7.23319],[-35.08733,-7.23013],[-35.08155,-7.23051],[-35.07493,-7.22542],[-35.06829,-7.22812],[-35.05651,-7.22477],[-35.04104,-7.22847],[-35.02259,-7.22669],[-35.02018,-7.22985],[-35.01552,-7.22819],[-35.01042,-7.22955],[-35.00039,-7.2185],[-34.99469,-7.21826],[-34.99123,-7.22114],[-34.98808,-7.21729],[-34.98379,-7.21931],[-34.97939,-7.21507],[-34.97508,-7.21562],[-34.96914,-7.20889],[-34.95408,-7.20055],[-34.94921,-7.19286],[-34.93827,-7.19594],[-34.92989,-7.19327],[-34.93412,-7.20232],[-34.95061,-7.20389],[-34.95796,-7.20779],[-34.95682,-7.21061],[-34.94062,-7.21251],[-34.94034,-7.21516],[-34.94528,-7.21689],[-34.96306,-7.21169],[-34.96665,-7.22104],[-34.97353,-7.22619],[-34.96077,-7.23193],[-34.96307,-7.24358],[-34.95774,-7.25103],[-34.95081,-7.25458],[-34.955,-7.25747],[-34.96612,-7.25212],[-34.97173,-7.25422],[-34.96184,-7.26459],[-34.95652,-7.26522],[-34.95674,-7.26742],[-34.96201,-7.26851],[-34.96739,-7.26126],[-34.98123,-7.25602],[-34.98241,-7.24533],[-34.98824,-7.24255],[-34.99215,-7.24391],[-34.99338,-7.25354],[-35.00829,-7.25587],[-35.01113,-7.25367],[-35.01502,-7.25736],[-35.0381,-7.26446],[-35.0446,-7.27029],[-35.05234,-7.27129],[-35.05015,-7.27753],[-35.03106,-7.27059],[-35.00956,-7.27356],[-35.00762,-7.2816],[-35.01103,-7.28705],[-35.00756,-7.30012],[-35.00227,-7.2952],[-35.00279,-7.29057],[-34.99878,-7.28622],[-35.00009,-7.27799],[-34.99824,-7.27264],[-34.99515,-7.27569],[-34.99423,-7.28948],[-34.99677,-7.29909],[-34.99517,-7.30125],[-34.99364,-7.29476],[-34.98915,-7.29744],[-34.99219,-7.28969],[-34.99187,-7.27574],[-34.99011,-7.27428],[-34.97207,-7.28225],[-34.97145,-7.28678],[-34.97888,-7.28363],[-34.98505,-7.28799],[-34.98481,-7.29076],[-34.9812,-7.28978],[-34.98104,-7.29171],[-34.98612,-7.30781],[-34.9926,-7.31807],[-35.00288,-7.32379],[-35.0093,-7.33091],[-35.02141,-7.33281],[-35.03114,-7.33781],[-35.03376,-7.33301],[-35.03873,-7.33384],[-35.03736,-7.33847],[-35.03923,-7.34172],[-35.04434,-7.33732],[-35.04465,-7.34239],[-35.04776,-7.34201],[-35.05373,-7.33469],[-35.05653,-7.33734],[-35.0613,-7.33441],[-35.06633,-7.33974],[-35.07228,-7.34137],[-35.07563,-7.33725],[-35.08618,-7.33698],[-35.09161,-7.34345],[-35.09366,-7.34044],[-35.09899,-7.34526],[-35.09888,-7.34887],[-35.08705,-7.351],[-35.08322,-7.35539],[-35.06767,-7.35557],[-35.06852,-7.35799],[-35.08382,-7.36117],[-35.08982,-7.35903],[-35.09663,-7.3621],[-35.10344,-7.36069],[-35.10788,-7.36559],[-35.11465,-7.36726],[-35.11543,-7.37286],[-35.11216,-7.37397],[-35.1053,-7.36979],[-35.09493,-7.36836],[-35.0922,-7.36989],[-35.11622,-7.38304],[-35.11464,-7.38505],[-35.10045,-7.38466],[-35.094,-7.38199],[-35.08641,-7.38431],[-35.07949,-7.38038],[-35.0749,-7.38264],[-35.07485,-7.37139],[-35.06997,-7.37907],[-35.0664,-7.37386],[-35.06411,-7.37406],[-35.06735,-7.3833],[-35.06595,-7.38747],[-35.06164,-7.38839],[-35.05665,-7.37764],[-35.05666,-7.36927],[-35.05003,-7.36561],[-35.04488,-7.35733],[-35.04085,-7.36111],[-35.03507,-7.35675],[-35.03555,-7.35265],[-35.03311,-7.35091],[-35.0275,-7.34944],[-35.02335,-7.35186],[-35.0201,-7.34721],[-35.01553,-7.34711],[-35.0101,-7.34201],[-34.99646,-7.3413],[-34.9816,-7.33104],[-34.98262,-7.32145],[-34.9673,-7.30078],[-34.96677,-7.31147],[-34.96783,-7.31499],[-34.97441,-7.31765],[-34.9723,-7.32268],[-34.97501,-7.32521],[-34.97467,-7.32861],[-34.97257,-7.33002],[-34.9685,-7.32606],[-34.96752,-7.33395],[-34.96349,-7.33764],[-34.96292,-7.34154],[-34.96005,-7.34207],[-34.95901,-7.33995],[-34.96138,-7.33068],[-34.95668,-7.33536],[-34.95248,-7.3335],[-34.95083,-7.32977],[-34.94993,-7.34202],[-34.94025,-7.339],[-34.93349,-7.34431],[-34.92896,-7.34159],[-34.9202,-7.34477],[-34.91931,-7.35327],[-34.93189,-7.35087],[-34.93654,-7.35319],[-34.94197,-7.35249],[-34.94279,-7.36335],[-34.93256,-7.36263],[-34.923,-7.36846],[-34.91287,-7.36756],[-34.91042,-7.37762],[-34.92041,-7.38008],[-34.92197,-7.38334],[-34.90858,-7.38147],[-34.90236,-7.38297],[-34.90559,-7.39427],[-34.89617,-7.39865],[-34.89459,-7.40378],[-34.89621,-7.4062],[-34.90622,-7.40138],[-34.90978,-7.39613],[-34.93319,-7.3914],[-34.92717,-7.39687],[-34.92552,-7.40173],[-34.91356,-7.40793],[-34.9023,-7.41962],[-34.90035,-7.42898],[-34.89047,-7.43798],[-34.89076,-7.44298],[-34.89284,-7.44435],[-34.89427,-7.43892],[-34.89921,-7.43829],[-34.90886,-7.4286],[-34.91148,-7.4212],[-34.91937,-7.41737],[-34.92384,-7.41149],[-34.93247,-7.41287],[-34.9306,-7.40528],[-34.93214,-7.39618],[-34.93647,-7.39542],[-34.94425,-7.3989],[-34.9443,-7.39475],[-34.92782,-7.37842],[-34.94389,-7.38265],[-34.9529,-7.37024],[-34.95393,-7.3634],[-34.96295,-7.35736],[-34.95785,-7.35645],[-34.95993,-7.34964],[-34.96881,-7.35066],[-34.98123,-7.3395],[-34.9984,-7.35008],[-34.99915,-7.35291],[-34.98711,-7.35351],[-34.98168,-7.34977],[-34.9766,-7.36083],[-34.96208,-7.37065],[-34.96168,-7.3734],[-34.98586,-7.36295],[-34.99531,-7.36307],[-34.99366,-7.37053],[-34.98669,-7.36928],[-34.97087,-7.37824],[-34.96371,-7.37856],[-34.9552,-7.38274],[-34.95119,-7.3906],[-34.95437,-7.39381],[-34.96302,-7.38467],[-34.97651,-7.38186],[-34.98319,-7.37551],[-34.98515,-7.37753],[-34.9915,-7.37736],[-34.99244,-7.38003],[-34.98219,-7.38148],[-34.98086,-7.38381],[-34.98293,-7.38581],[-34.97938,-7.38845],[-34.96473,-7.38801],[-34.96968,-7.39184],[-34.96949,-7.39433],[-34.95756,-7.39907],[-34.96355,-7.40049],[-34.97701,-7.39848],[-34.97434,-7.40317],[-34.97694,-7.40656],[-34.97365,-7.40816],[-34.96481,-7.40474],[-34.95873,-7.41177],[-34.95394,-7.40972],[-34.94675,-7.4111],[-34.94566,-7.4133],[-34.9544,-7.41611],[-34.95352,-7.41932],[-34.94808,-7.42461],[-34.93557,-7.42475],[-34.93497,-7.42669],[-34.94407,-7.4294],[-34.94894,-7.43401],[-34.95754,-7.42599],[-34.96228,-7.42536],[-34.97277,-7.4114],[-34.98124,-7.40725],[-34.99348,-7.38421],[-35.00494,-7.37547],[-35.0099,-7.37764],[-35.01028,-7.38305],[-35.00535,-7.38339],[-35.00335,-7.38724],[-34.99642,-7.38692],[-35.00038,-7.39123],[-34.99483,-7.39338],[-34.99452,-7.39975],[-34.98978,-7.40444],[-34.99396,-7.40742],[-34.97696,-7.42629],[-34.98117,-7.42634],[-34.99938,-7.41326],[-35.00326,-7.40672],[-35.01303,-7.40829],[-35.00815,-7.41426],[-35.00844,-7.41926],[-35.00598,-7.42134],[-35.00199,-7.41961],[-35.00108,-7.42451],[-35.00384,-7.43171],[-35.00061,-7.43399],[-34.99579,-7.43163],[-34.99159,-7.4325],[-34.98971,-7.42693],[-34.97763,-7.43381],[-34.97038,-7.43131],[-34.96527,-7.43458],[-34.94559,-7.43777],[-34.93734,-7.43129],[-34.92272,-7.43058],[-34.9222,-7.43533],[-34.93022,-7.43508],[-34.93055,-7.44023],[-34.91627,-7.43783],[-34.91637,-7.44091],[-34.92114,-7.44214],[-34.92159,-7.44458],[-34.91774,-7.4459],[-34.91006,-7.44313],[-34.90015,-7.44735],[-34.89941,-7.45159],[-34.89277,-7.45644],[-34.89344,-7.45972],[-34.90177,-7.46042],[-34.91323,-7.4519],[-34.93281,-7.45016],[-34.94898,-7.44303],[-34.95179,-7.44305],[-34.95262,-7.44733],[-34.94564,-7.45395],[-34.9459,-7.45608],[-34.95609,-7.45736],[-34.9591,-7.45407],[-34.96314,-7.45504],[-34.96468,-7.45159],[-34.96961,-7.45222],[-34.97829,-7.4488],[-34.98193,-7.44083],[-34.98441,-7.44148],[-34.98618,-7.44827],[-34.9954,-7.43862],[-34.99577,-7.44196],[-34.98972,-7.45089],[-34.99146,-7.4557],[-34.99493,-7.45732],[-35.0146,-7.4435],[-35.0296,-7.4258],[-35.0481,-7.4178],[-35.0705,-7.3988],[-35.108,-7.4055],[-35.1276,-7.4017],[-35.1349,-7.3968],[-35.16527,-7.38906]],[[-35.09816,-7.33584],[-35.09295,-7.33153],[-35.09126,-7.33519],[-35.08349,-7.33078],[-35.07828,-7.32257],[-35.08526,-7.31795],[-35.07732,-7.31743],[-35.07608,-7.31511],[-35.08168,-7.31023],[-35.08605,-7.30019],[-35.09178,-7.30461],[-35.0913,-7.32005],[-35.10108,-7.32723],[-35.09788,-7.33052],[-35.10032,-7.33425],[-35.09816,-7.33584]]]}},{"type":"Feature","properties":{"SIGLA":"Qfm","NOME":"Depósitos flúvio-marinhos","LITOTIPOS":"Areia, Argila, Silte","AMBIENTE_TECTONICO":null,"ERA_MIN":"Cenozóico","ERA_MAX":"Cenozóico","IDADE_MIN":0.0,"IDADE_MAX":2.58,"LEGENDA":"Depósitos indiscriminados de pantanos e mangues, fluvio-lagunares e litorâneos indiscriminados","area_km2":108.17},"geometry":{"type":"Polygon","coordinates":[[[-34.8041,-7.218],[-34.80763,-7.24447],[-34.81102,-7.24187],[-34.81502,-7.24499],[-34.81799,-7.26011],[-34.82119,-7.25364],[-34.81961,-7.24743],[-34.82178,-7.24606],[-34.81939,-7.24307],[-34.82111,-7.24046],[-34.82841,-7.2415],[-34.82749,-7.25438],[-34.83373,-7.24423],[-34.83855,-7.25321],[-34.84063,-7.24761],[-34.83763,-7.23603],[-34.84434,-7.23608],[-34.84621,-7.23866],[-34.8444,-7.24644],[-34.85156,-7.25476],[-34.84766,-7.26101],[-34.84766,-7.2653],[-34.85143,-7.26842],[-34.85999,-7.26436],[-34.85429,-7.24943],[-34.85546,-7.24514],[-34.86847,-7.23982],[-34.87616,-7.23966],[-34.87767,-7.24386],[-34.87469,-7.24981],[-34.88163,-7.25293],[-34.8851,-7.28079],[-34.883,-7.29849],[-34.88822,-7.29543],[-34.89411,-7.29783],[-34.89056,-7.28855],[-34.89174,-7.28606],[-34.89646,-7.28715],[-34.89821,-7.28543],[-34.8932,-7.2803],[-34.89574,-7.27652],[-34.89571,-7.26733],[-34.89899,-7.26388],[-34.89237,-7.26167],[-34.8973,-7.2545],[-34.89657,-7.25223],[-34.89266,-7.2551],[-34.89113,-7.25351],[-34.89298,-7.24594],[-34.8886,-7.238],[-34.89216,-7.23619],[-34.89615,-7.23871],[-34.90152,-7.23534],[-34.90564,-7.23977],[-34.9119,-7.24179],[-34.91425,-7.25364],[-34.91126,-7.27881],[-34.90748,-7.27803],[-34.90741,-7.29166],[-34.91176,-7.28747],[-34.91876,-7.29695],[-34.92082,-7.29444],[-34.9176,-7.2875],[-34.91639,-7.27493],[-34.91783,-7.27391],[-34.92223,-7.27984],[-34.92648,-7.27861],[-34.92105,-7.26616],[-34.92627,-7.26017],[-34.92054,-7.25616],[-34.92131,-7.24728],[-34.91321,-7.2353],[-34.90539,-7.23122],[-34.90365,-7.22702],[-34.89775,-7.22541],[-34.88415,-7.22642],[-34.8808,-7.23083],[-34.85797,-7.2357],[-34.85375,-7.23568],[-34.84737,-7.2306],[-34.85131,-7.22837],[-34.85761,-7.23089],[-34.85841,-7.22643],[-34.86813,-7.22421],[-34.86997,-7.21851],[-34.87346,-7.22492],[-34.88025,-7.22544],[-34.89273,-7.21496],[-34.91364,-7.21153],[-34.92342,-7.22212],[-34.92683,-7.23644],[-34.93534,-7.24338],[-34.93577,-7.2611],[-34.94318,-7.27792],[-34.94345,-7.28292],[-34.94025,-7.28792],[-34.94944,-7.2906],[-34.95261,-7.30001],[-34.95844,-7.27694],[-34.96583,-7.2764],[-34.9744,-7.26784],[-34.98725,-7.26248],[-35.01296,-7.2657],[-35.01296,-7.26927],[-35.00795,-7.27069],[-34.98939,-7.26748],[-34.97724,-7.27248],[-34.97047,-7.28069],[-34.96155,-7.28211],[-34.96012,-7.29032],[-34.97047,-7.29211],[-34.98117,-7.30175],[-34.98189,-7.31317],[-34.98796,-7.31852],[-34.99046,-7.32352],[-34.98965,-7.33268],[-34.99524,-7.33832],[-35.00471,-7.33822],[-35.02023,-7.34482],[-35.02835,-7.34453],[-35.02682,-7.34136],[-35.01473,-7.33761],[-35.00058,-7.32948],[-34.98621,-7.31196],[-34.97836,-7.29313],[-34.9748,-7.28958],[-34.96336,-7.28752],[-34.96416,-7.28489],[-34.97399,-7.27883],[-34.97742,-7.27963],[-34.97834,-7.27562],[-34.98474,-7.27288],[-34.99356,-7.27265],[-34.99606,-7.27014],[-35.0043,-7.27424],[-35.01184,-7.2699],[-35.02215,-7.27126],[-35.03462,-7.2684],[-35.03293,-7.26586],[-35.00946,-7.25956],[-34.99241,-7.25873],[-34.98825,-7.25385],[-34.98328,-7.26216],[-34.97239,-7.26536],[-34.96552,-7.27388],[-34.95195,-7.26632],[-34.95794,-7.26082],[-34.94429,-7.2574],[-34.94532,-7.25056],[-34.95201,-7.24972],[-34.9595,-7.24459],[-34.94493,-7.24694],[-34.94625,-7.24374],[-34.95323,-7.2416],[-34.95063,-7.23842],[-34.94408,-7.24085],[-34.9437,-7.23643],[-34.94877,-7.2327],[-34.94788,-7.23033],[-34.94264,-7.22908],[-34.93645,-7.23279],[-34.93402,-7.2294],[-34.93839,-7.22522],[-34.95602,-7.22186],[-34.96737,-7.22502],[-34.96246,-7.2165],[-34.9584,-7.21889],[-34.95535,-7.21768],[-34.95285,-7.22028],[-34.93902,-7.22032],[-34.93292,-7.20955],[-34.94763,-7.21003],[-34.94936,-7.20823],[-34.93508,-7.20627],[-34.92563,-7.20223],[-34.92161,-7.19563],[-34.92354,-7.19145],[-34.93341,-7.18933],[-34.93928,-7.19222],[-34.94321,-7.18957],[-34.95631,-7.19177],[-34.95913,-7.19417],[-34.95965,-7.19888],[-34.97214,-7.203],[-34.9786,-7.20885],[-34.98108,-7.20819],[-34.98069,-7.21213],[-34.98398,-7.21457],[-34.98717,-7.21345],[-34.99848,-7.21696],[-35.00346,-7.2226],[-35.00539,-7.21759],[-34.9828,-7.19939],[-34.96288,-7.18842],[-34.95452,-7.18712],[-34.95082,-7.18404],[-34.9335,-7.18299],[-34.91393,-7.19088],[-34.90742,-7.18941],[-34.90271,-7.17948],[-34.89298,-7.18059],[-34.88743,-7.17854],[-34.89165,-7.18653],[-34.89641,-7.18433],[-34.90139,-7.18565],[-34.90349,-7.19208],[-34.91023,-7.1979],[-34.89455,-7.19768],[-34.88847,-7.20009],[-34.88613,-7.19841],[-34.88157,-7.20462],[-34.87424,-7.20431],[-34.87007,-7.2128],[-34.86304,-7.20998],[-34.86082,-7.21467],[-34.85804,-7.21529],[-34.85561,-7.20974],[-34.85306,-7.20946],[-34.84698,-7.21758],[-34.84053,-7.21945],[-34.83827,-7.2131],[-34.8355,-7.21219],[-34.83406,-7.21959],[-34.82823,-7.21939],[-34.81568,-7.22357],[-34.81415,-7.22673],[-34.80738,-7.22728],[-34.80526,-7.21895],[-34.80983,-7.22396],[-34.812,-7.22402],[-34.81212,-7.22138],[-34.80568,-7.2134],[-34.80575,-7.20855],[-34.81069,-7.20677],[-34.82191,-7.21751],[-34.82537,-7.21654],[-34.82688,-7.20986],[-34.81746,-7.20562],[-34.82544,-7.19527],[-34.82868,-7.19748],[-34.82848,-7.20496],[-34.83142,-7.20704],[-34.83467,-7.19512],[-34.84179,-7.19241],[-34.84435,-7.19351],[-34.84881,-7.18991],[-34.85111,-7.19366],[-34.85559,-7.19109],[-34.85608,-7.19483],[-34.85867,-7.19524],[-34.86505,-7.18918],[-34.87916,-7.18946],[-34.88112,-7.18761],[-34.85433,-7.183],[-34.85535,-7.17705],[-34.85313,-7.17464],[-34.84826,-7.18145],[-34.8419,-7.15684],[-34.83959,-7.15527],[-34.83862,-7.16006],[-34.8441,-7.17731],[-34.84312,-7.18352],[-34.82438,-7.18747],[-34.82353,-7.18227],[-34.8171,-7.18236],[-34.82201,-7.18732],[-34.82042,-7.19387],[-34.80411,-7.19855],[-34.80602,-7.19302],[-34.79927,-7.18897],[-34.79748,-7.17426],[-34.8059,-7.17271],[-34.81854,-7.17749],[-34.81191,-7.17284],[-34.80824,-7.16418],[-34.80404,-7.16971],[-34.79645,-7.1676],[-34.7947,-7.1942],[-34.8001,-7.203],[-34.8041,-7.218]]]}},{"type":"Feature","properties":{"SIGLA":"K2be","NOME":"Formação Beberibe","LITOTIPOS":"Arenito","AMBIENTE_TECTONICO":null,"ERA_MIN":"Mesozóico","ERA_MAX":"Mesozóico","IDADE_MIN":66.1,"IDADE_MAX":100.5,"LEGENDA":"Arenito médio a grosso com níveis conglomeráticos, localmente fino, cinza mal selecionado, apresentando eventuais intercalações de conglomerado e siltito argiloso, no topo arenito com cimento calcífero (fluvial entrelaçado a transicional).","area_km2":5.24},"geometry":{"type":"Polygon","coordinates":[[[-34.9468,-7.17962],[-34.92714,-7.17883],[-34.91581,-7.19108],[-34.93082,-7.18327],[-34.95082,-7.18404],[-34.9828,-7.19939],[-35.00539,-7.21759],[-35.00714,-7.21403],[-34.99057,-7.2026],[-34.9907,-7.19321],[-34.98513,-7.19596],[-34.97692,-7.19358],[-34.97332,-7.18764],[-34.96832,-7.18916],[-34.96135,-7.18203],[-34.95233,-7.18115],[-34.95062,-7.17585],[-34.9468,-7.17962]]]}},{"type":"Feature","properties":{"SIGLA":"Nb","NOME":"Grupo Barreiras","LITOTIPOS":"Arenito, Arenito conglomerático, Argilito, Argilito arenoso, Conglomerado, Siltito","AMBIENTE_TECTONICO":"Cobertura superficial","ERA_MIN":"Cenozóico","ERA_MAX":"Cenozóico","IDADE_MIN":2.59,"IDADE_MAX":23.03,"LEGENDA":"Predomínio de camadas horizontais de arenito conglomerático com matriz caolínica, contendo lentes e lençóis de conglomerado e brecha, ricos em seixos e grânulos de quartzo e/ou feldspato, e intercalações de argilito caolínico silto-arenoso, siltito, arenito caolínico, arenito argiloso, arenito ferruginoso e argiloso friável e diamictito. Podem apresentar horizontes e/ou colunas de oxi-redução e/ou canga em que assumem cores variegadas (branca, vermelha e roxa); Arenitos argilosos de tonalidade variegada (amarelada, avermelhada e esverdeada), matriz argilo-caulínica, com cimento argiloso, ferruginoso e, às vezes, silicoso; granulação fina a média, com leitos conglomeráticos e nódulos lateríticos na base (pode-se encontrar, no topo, areias sílticas bem classificadas) / sistema fluvial com esporádicas corridas de lamas.","area_km2":1.34},"geometry":{"type":"Polygon","coordinates":[[[-34.94944,-7.08562],[-34.95837,-7.09287],[-34.9716,-7.09234],[-34.97028,-7.08896],[-34.96307,-7.08611],[-34.95244,-7.08443],[-34.94944,-7.08562]]]}},{"type":"Feature","properties":{"SIGLA":"NQc","NOME":"Depósitos colúvio-eluviais","LITOTIPOS":"Areia, Argila, Cascalho, Laterita","AMBIENTE_TECTONICO":null,"ERA_MIN":"Cenozóico","ERA_MAX":"Cenozóico","IDADE_MIN":0.0,"IDADE_MAX":23.03,"LEGENDA":"Depósitos inconsolidados com matriz arenosa, areno-argilosa, argilo-arenosa e conglomerática, mal trabalhados e mal classificados, constituidos por fragmentos angulosos, grânulos, seixos, blocos e matacões de variados tipos de rochas (granitoide, gnaisse, quartzito, blocos de quartzo e formação ferrífera).","area_km2":188.13},"geometry":{"type":"Polygon","coordinates":[[[-34.91672,-6.91377],[-34.91876,-6.92609],[-34.92623,-6.92652],[-34.9322,-6.93348],[-34.94711,-6.93221],[-34.95557,-6.94394],[-34.96529,-6.95028],[-34.96903,-6.95916],[-34.98339,-6.96556],[-34.98398,-6.96817],[-34.98031,-6.96953],[-34.96362,-6.96566],[-34.95567,-6.96755],[-34.9654,-6.97495],[-34.98164,-6.98047],[-34.99082,-6.97573],[-34.99889,-6.96371],[-35.00101,-6.96522],[-35.00013,-6.97035],[-35.00231,-6.97141],[-35.00561,-6.97079],[-35.00977,-6.96415],[-35.01127,-6.96681],[-35.00916,-6.97417],[-35.01148,-6.97284],[-35.01778,-6.9756],[-35.02287,-6.9714],[-35.0239,-6.97547],[-35.02607,-6.97527],[-35.03172,-6.96952],[-35.03114,-6.97556],[-35.04608,-6.98542],[-35.05671,-7.00255],[-35.06353,-7.00066],[-35.091,-7.00439],[-35.09021,-7.00763],[-35.07977,-7.00706],[-35.07701,-7.01196],[-35.06752,-7.00586],[-35.05246,-7.00815],[-35.049,-7.00135],[-35.0409,-7.00133],[-35.0378,-6.99591],[-35.03053,-6.99804],[-35.02675,-6.99084],[-35.01258,-6.99632],[-35.00808,-6.99592],[-35.0047,-6.99918],[-35.00055,-6.99601],[-34.99409,-6.99629],[-34.98634,-7.01007],[-34.99057,-7.01595],[-34.98643,-7.01651],[-34.97861,-7.02282],[-34.97632,-7.0318],[-34.98021,-7.038],[-34.99217,-7.03844],[-34.9934,-7.04879],[-35.008,-7.0617],[-35.01204,-7.06975],[-35.03795,-7.07074],[-35.07306,-7.07864],[-35.0839,-7.07275],[-35.0844,-7.06246],[-35.08828,-7.05828],[-35.10467,-7.05113],[-35.11146,-7.05622],[-35.12047,-7.0508],[-35.13628,-7.05541],[-35.15134,-7.03481],[-35.16623,-7.03094],[-35.16269,-7.02288],[-35.15141,-7.01227],[-35.15117,-6.99987],[-35.14615,-6.99716],[-35.1435,-6.99122],[-35.13766,-6.99704],[-35.13362,-7.0124],[-35.12504,-7.01365],[-35.12906,-6.99212],[-35.12804,-6.99085],[-35.12282,-6.99656],[-35.12229,-6.98821],[-35.11956,-6.98448],[-35.12756,-6.9682],[-35.12535,-6.96611],[-35.12258,-6.9705],[-35.12019,-6.9701],[-35.12354,-6.96137],[-35.12089,-6.95621],[-35.11374,-6.95513],[-35.11003,-6.95203],[-35.10764,-6.95601],[-35.10322,-6.95663],[-35.11469,-6.9755],[-35.11213,-6.99985],[-35.11364,-7.00583],[-35.11056,-7.01248],[-35.11537,-7.01944],[-35.11315,-7.02157],[-35.10354,-7.01004],[-35.10404,-6.98376],[-35.10001,-6.98239],[-35.09978,-6.978],[-35.09732,-6.97778],[-35.09543,-6.98431],[-35.09985,-6.99384],[-35.09924,-6.99984],[-35.08181,-6.99881],[-35.07775,-6.99434],[-35.08964,-6.97612],[-35.0897,-6.9658],[-35.09659,-6.95683],[-35.08913,-6.95884],[-35.07885,-6.9571],[-35.07818,-6.96156],[-35.07466,-6.96342],[-35.07579,-6.97077],[-35.07091,-6.97342],[-35.07151,-6.98784],[-35.06153,-6.99657],[-35.05953,-6.97763],[-35.06681,-6.95913],[-35.06769,-6.9527],[-35.06552,-6.95008],[-35.06292,-6.95218],[-35.06288,-6.96331],[-35.05704,-6.96815],[-35.05374,-6.97729],[-35.04848,-6.97897],[-35.04526,-6.97699],[-35.04526,-6.9723],[-35.04061,-6.97099],[-35.03909,-6.96788],[-35.04764,-6.9574],[-35.04835,-6.95043],[-35.03914,-6.94727],[-35.03408,-6.95651],[-35.02917,-6.95816],[-35.02749,-6.95548],[-35.03058,-6.94697],[-35.02874,-6.94101],[-35.02337,-6.94829],[-35.0152,-6.95156],[-35.01468,-6.96094],[-35.01197,-6.95777],[-35.00732,-6.95776],[-35.00648,-6.95233],[-35.01666,-6.9335],[-35.00849,-6.93583],[-35.00591,-6.92816],[-35.0005,-6.9459],[-34.99295,-6.95039],[-34.99071,-6.94626],[-34.99269,-6.93997],[-34.99028,-6.93548],[-34.99078,-6.92749],[-34.98279,-6.92663],[-34.97252,-6.92942],[-34.97147,-6.92497],[-34.96581,-6.92049],[-34.95233,-6.92403],[-34.94815,-6.9159],[-34.93773,-6.91597],[-34.929,-6.91295],[-34.91672,-6.91377]]]}},{"type":"Feature","properties":{"SIGLA":"PP3su","NOME":"Complexo Sumé","LITOTIPOS":"Formação ferrífera bandada, Granulito, Mármore, Metagabro, Metapiroxenito, Ortognaisse, Paragnaisse, Rocha calcissilicática","AMBIENTE_TECTONICO":null,"ERA_MIN":"Paleoproterozóico","ERA_MAX":"Paleoproterozóico","IDADE_MIN":1800.1,"IDADE_MAX":2050.0,"LEGENDA":"Leuco-ortognaisse e paragnaisse com intercalações de metamáficas, granada-biotita gnaisses migmatíticos, leucognaisse com granada, rocha calcissilitcática, metapiroxenito, metagabro com granada (retroeclogito), formação ferrífera e granulito.","area_km2":15.81},"geometry":{"type":"Polygon","coordinates":[[[-35.48952,-7.24045],[-35.49059,-7.2487],[-35.497,-7.25272],[-35.52914,-7.25747],[-35.54793,-7.25212],[-35.55768,-7.25508],[-35.56634,-7.26151],[-35.57139,-7.26026],[-35.56856,-7.2536],[-35.5421,-7.23409],[-35.53067,-7.23371],[-35.50364,-7.24042],[-35.48312,-7.23107],[-35.48952,-7.24045]]]}},{"type":"Feature","properties":{"SIGLA":"PP3jb","NOME":"Complexo Serra de Jabitacá","LITOTIPOS":"Metagranodiorito, Metatonalito, Migmatito","AMBIENTE_TECTONICO":null,"ERA_MIN":"Paleoproterozóico","ERA_MAX":"Paleoproterozóico","IDADE_MIN":1800.1,"IDADE_MAX":2050.0,"LEGENDA":"Ortognaisse e migmatito tonalítico-granodiorítico, com paragnaisse, anfibolito e leptinito. U-Pb em Zircão: 2,033Ga.","area_km2":255.65},"geometry":{"type":"Polygon","coordinates":[[[-35.72738,-7.30841],[-35.70581,-7.29633],[-35.68402,-7.27984],[-35.67558,-7.27713],[-35.6409,-7.28057],[-35.63348,-7.28537],[-35.62685,-7.29373],[-35.61739,-7.297],[-35.61716,-7.30757],[-35.61465,-7.30845],[-35.60498,-7.29734],[-35.59173,-7.26146],[-35.57084,-7.23816],[-35.55665,-7.22835],[-35.55338,-7.215],[-35.54749,-7.20963],[-35.51809,-7.20702],[-35.50595,-7.21023],[-35.4944,-7.21876],[-35.47686,-7.21723],[-35.48631,-7.20593],[-35.48599,-7.18988],[-35.51132,-7.17149],[-35.51816,-7.17069],[-35.53002,-7.18065],[-35.54274,-7.18324],[-35.54365,-7.18008],[-35.53,-7.16538],[-35.53764,-7.16556],[-35.54444,-7.17347],[-35.55515,-7.1781],[-35.55424,-7.17167],[-35.54355,-7.16511],[-35.54388,-7.16008],[-35.55821,-7.16235],[-35.56512,-7.16975],[-35.57514,-7.1736],[-35.58278,-7.1697],[-35.58705,-7.15811],[-35.58465,-7.15045],[-35.57644,-7.14481],[-35.56138,-7.14551],[-35.55562,-7.14296],[-35.55012,-7.13663],[-35.5308,-7.13527],[-35.52092,-7.12162],[-35.50773,-7.12015],[-35.49804,-7.10376],[-35.46444,-7.10221],[-35.47078,-7.10493],[-35.47424,-7.11287],[-35.48,-7.11421],[-35.48185,-7.11659],[-35.47947,-7.12305],[-35.48724,-7.13072],[-35.48998,-7.12854],[-35.48657,-7.12162],[-35.49263,-7.11931],[-35.49875,-7.12101],[-35.50299,-7.12723],[-35.51228,-7.1282],[-35.52012,-7.13288],[-35.518,-7.13532],[-35.50729,-7.13463],[-35.49998,-7.13819],[-35.48284,-7.13907],[-35.47183,-7.13597],[-35.46419,-7.13805],[-35.46269,-7.14091],[-35.4668,-7.14497],[-35.47486,-7.14654],[-35.47925,-7.15354],[-35.49307,-7.14994],[-35.50664,-7.15462],[-35.50582,-7.15735],[-35.49709,-7.1583],[-35.49969,-7.16232],[-35.49811,-7.16553],[-35.49305,-7.16423],[-35.4951,-7.17457],[-35.49322,-7.17679],[-35.48042,-7.18513],[-35.4767,-7.17954],[-35.46818,-7.18518],[-35.46835,-7.2014],[-35.47258,-7.20146],[-35.4777,-7.19767],[-35.47933,-7.20175],[-35.47781,-7.20931],[-35.47021,-7.21778],[-35.46794,-7.22417],[-35.47535,-7.24502],[-35.47331,-7.24932],[-35.4685,-7.24767],[-35.46568,-7.25061],[-35.46779,-7.26173],[-35.46627,-7.27359],[-35.50052,-7.28199],[-35.5122,-7.29228],[-35.53438,-7.29336],[-35.54957,-7.28873],[-35.56384,-7.29863],[-35.57444,-7.31959],[-35.58441,-7.32604],[-35.59353,-7.3255],[-35.5877,-7.30982],[-35.59433,-7.30943],[-35.60681,-7.3193],[-35.62028,-7.34237],[-35.63297,-7.35859],[-35.64983,-7.37147],[-35.65304,-7.37102],[-35.6532,-7.36558],[-35.64365,-7.35482],[-35.64783,-7.3495],[-35.64884,-7.3375],[-35.6746,-7.34086],[-35.69728,-7.33774],[-35.7054,-7.34306],[-35.7032,-7.3374],[-35.71512,-7.35405],[-35.73891,-7.36033],[-35.76293,-7.38],[-35.78093,-7.37993],[-35.797,-7.38428],[-35.80024,-7.38262],[-35.79903,-7.37778],[-35.80404,-7.37632],[-35.82326,-7.38287],[-35.83427,-7.38366],[-35.83561,-7.3779],[-35.8334,-7.37273],[-35.81736,-7.37416],[-35.79979,-7.36648],[-35.78438,-7.36496],[-35.76472,-7.34491],[-35.75865,-7.33508],[-35.75785,-7.32458],[-35.75309,-7.31853],[-35.72799,-7.30869],[-35.7431,-7.3413],[-35.72738,-7.30841]],[[-35.66396,-7.29594],[-35.67939,-7.30174],[-35.69224,-7.31842],[-35.70051,-7.31729],[-35.71126,-7.32117],[-35.71326,-7.32469],[-35.67244,-7.32897],[-35.6583,-7.32447],[-35.64462,-7.31397],[-35.63422,-7.31526],[-35.63103,-7.31288],[-35.63609,-7.30782],[-35.66396,-7.29594]],[[-35.48312,-7.23107],[-35.50364,-7.24042],[-35.53067,-7.23371],[-35.5421,-7.23409],[-35.56856,-7.2536],[-35.57139,-7.26026],[-35.56634,-7.26151],[-35.55768,-7.25508],[-35.54793,-7.25212],[-35.52914,-7.25747],[-35.497,-7.25272],[-35.49059,-7.2487],[-35.48952,-7.24045],[-35.48312,-7.23107]]]}},{"type":"Feature","properties":{"SIGLA":"NP3_gamma_2it34","NOME":"Corpo Plúton Serra Redonda","LITOTIPOS":"Diorito, Granito, Granodiorito, Monzonito","AMBIENTE_TECTONICO":null,"ERA_MIN":"Neoproterozóico","ERA_MAX":"Neoproterozóico","IDADE_MIN":541.1,"IDADE_MAX":635.0,"LEGENDA":"Granito e granodiorito grossso a porfirítico associado a diorito e a fases intermediárias de mistura, com ou sem epidoto magmático; calcialcalinos de alto K;","area_km2":104.13},"geometry":{"type":"MultiPolygon","coordinates":[[[[-35.70686,-7.26536],[-35.73446,-7.27245],[-35.7554,-7.28249],[-35.7316,-7.256],[-35.70016,-7.22814],[-35.67212,-7.18628],[-35.64716,-7.15552],[-35.63323,-7.14608],[-35.62001,-7.14808],[-35.61556,-7.15212],[-35.60783,-7.16886],[-35.5969,-7.17451],[-35.59321,-7.18067],[-35.59333,-7.18858],[-35.59729,-7.1931],[-35.60016,-7.20383],[-35.59843,-7.21208],[-35.60397,-7.22078],[-35.612,-7.2305],[-35.61803,-7.23383],[-35.63841,-7.2422],[-35.65281,-7.24298],[-35.66413,-7.25159],[-35.68668,-7.26323],[-35.69165,-7.27149],[-35.69524,-7.27323],[-35.71152,-7.2752],[-35.70877,-7.26946],[-35.70532,-7.26769],[-35.70682,-7.26537],[-35.7043,-7.2601],[-35.70686,-7.26536]]],[[[-35.71164,-7.27516],[-35.7137,-7.2721],[-35.70887,-7.26948],[-35.71164,-7.27516]]]]}},{"type":"Feature","properties":{"SIGLA":"PP3se","NOME":"Complexo Sertânia","LITOTIPOS":"Anfibolito, Granada-biotita gnaisse, Mármore calcítico, Mármore dolomítico, Paragnaisse, Paramigmatito, Rocha calcissilicática, Rocha metavulcânica","AMBIENTE_TECTONICO":null,"ERA_MIN":"Paleoproterozóico","ERA_MAX":"Paleoproterozóico","IDADE_MIN":1800.1,"IDADE_MAX":2050.0,"LEGENDA":"Granada-silimanita-muscovita-biotita gnaisses com transição para gnaisses migmatizados estromáticos e anfibolitos; Muscovita-biotita gnaisse, biotita gnaisse, biotita xisto com granada e/ou sillimanita e/ou muscovita, biotita paragnaisses pelíticos com granada e/ou  sillimanita, migmatizados, com intercalações de mármore, rocha calcissilicática, quartzito e raro metavulcanito básico. U-Pb em zircão detrítico. < 1951 Ma. U-Pb em zircão detrítico: < 1,87 Ga.","area_km2":11.43},"geometry":{"type":"Polygon","coordinates":[[[-35.3162,-7.18302],[-35.32528,-7.18287],[-35.3263,-7.186],[-35.32271,-7.18815],[-35.32881,-7.19077],[-35.32643,-7.19552],[-35.33588,-7.19705],[-35.33261,-7.20352],[-35.32772,-7.20117],[-35.32367,-7.20267],[-35.32222,-7.21637],[-35.32571,-7.22946],[-35.33238,-7.23195],[-35.33019,-7.23745],[-35.33386,-7.24034],[-35.33696,-7.23771],[-35.34216,-7.242],[-35.34414,-7.23805],[-35.3383,-7.22513],[-35.34382,-7.19299],[-35.33454,-7.183],[-35.31315,-7.17421],[-35.30571,-7.1734],[-35.30875,-7.17928],[-35.3162,-7.18302]]]}},{"type":"Feature","properties":{"SIGLA":"PP3jb","NOME":"Complexo Serra de Jabitacá","LITOTIPOS":"Metagranodiorito, Metatonalito, Migmatito","AMBIENTE_TECTONICO":null,"ERA_MIN":"Paleoproterozóico","ERA_MAX":"Paleoproterozóico","IDADE_MIN":1800.1,"IDADE_MAX":2050.0,"LEGENDA":"Ortognaisse e migmatito tonalítico-granodiorítico, com paragnaisse, anfibolito e leptinito. U-Pb em Zircão: 2,033Ga.","area_km2":59.29},"geometry":{"type":"Polygon","coordinates":[[[-35.38364,-7.13655],[-35.38498,-7.1541],[-35.39733,-7.16077],[-35.39749,-7.18016],[-35.39436,-7.19134],[-35.4011,-7.21228],[-35.39826,-7.21496],[-35.39068,-7.21149],[-35.38239,-7.21298],[-35.37865,-7.21489],[-35.37814,-7.21772],[-35.38428,-7.22162],[-35.38966,-7.23029],[-35.40754,-7.23139],[-35.411,-7.22998],[-35.41036,-7.2261],[-35.41372,-7.22685],[-35.41745,-7.24221],[-35.41365,-7.24549],[-35.41523,-7.25425],[-35.41829,-7.25581],[-35.42473,-7.25427],[-35.43007,-7.26341],[-35.441,-7.26769],[-35.44355,-7.26592],[-35.44663,-7.25113],[-35.44482,-7.24229],[-35.451,-7.23387],[-35.44724,-7.22017],[-35.45313,-7.20999],[-35.45129,-7.2028],[-35.44659,-7.19822],[-35.43472,-7.19717],[-35.42759,-7.18459],[-35.42026,-7.18549],[-35.41234,-7.18145],[-35.40956,-7.17577],[-35.41027,-7.16786],[-35.4141,-7.15677],[-35.42045,-7.14853],[-35.41966,-7.14511],[-35.41269,-7.13818],[-35.40051,-7.13801],[-35.38846,-7.12245],[-35.3765,-7.12053],[-35.37006,-7.11249],[-35.363,-7.09483],[-35.36531,-7.10502],[-35.36267,-7.11571],[-35.36848,-7.12187],[-35.36968,-7.12978],[-35.38364,-7.13655]]]}},{"type":"Feature","properties":{"SIGLA":"NP1_gamma_rf","NOME":"Suíte Recanto - Riacho do Forno","LITOTIPOS":"Augen gnaisse, Metagranito, Metamonzogranito, Metassienito, Metassienogranito, Migmatito","AMBIENTE_TECTONICO":null,"ERA_MIN":"Neoproterozóico","ERA_MAX":"Neoproterozóico","IDADE_MIN":720.1,"IDADE_MAX":1000.0,"LEGENDA":"Biotita augen gnaisse granítico, micáceo e porfiroclástico (alcalifeldspato) médios a grossos; Ortognaisse e migmatito granodiorítico a monzogranítico; Granada metagranito a duas micas anatético de fonte supracrustal. Textura fanerítica inequigranular média e textura perlácea das muscovitas.  999 ±50 ¿ 925 ± 9,8 Ma U-Pb convencional em zircão.","area_km2":18.27},"geometry":{"type":"Polygon","coordinates":[[[-35.64492,-7.13271],[-35.66912,-7.15916],[-35.6856,-7.16397],[-35.69022,-7.16861],[-35.70434,-7.17521],[-35.70791,-7.17024],[-35.70536,-7.15747],[-35.70997,-7.14693],[-35.7271,-7.13965],[-35.7245,-7.13827],[-35.69792,-7.1423],[-35.68497,-7.1486],[-35.67843,-7.14008],[-35.65031,-7.12419],[-35.64171,-7.11644],[-35.6407,-7.12188],[-35.64492,-7.13271]]]}},{"type":"Feature","properties":{"SIGLA":"NP1_gamma_rf","NOME":"Suíte Recanto - Riacho do Forno","LITOTIPOS":"Augen gnaisse, Metagranito, Metamonzogranito, Metassienito, Metassienogranito, Migmatito","AMBIENTE_TECTONICO":null,"ERA_MIN":"Neoproterozóico","ERA_MAX":"Neoproterozóico","IDADE_MIN":720.1,"IDADE_MAX":1000.0,"LEGENDA":"Biotita augen gnaisse granítico, micáceo e porfiroclástico (alcalifeldspato) médios a grossos; Ortognaisse e migmatito granodiorítico a monzogranítico; Granada metagranito a duas micas anatético de fonte supracrustal. Textura fanerítica inequigranular média e textura perlácea das muscovitas.  999 ±50 ¿ 925 ± 9,8 Ma U-Pb convencional em zircão.","area_km2":20.5},"geometry":{"type":"Polygon","coordinates":[[[-35.67229,-7.11713],[-35.68729,-7.12046],[-35.71216,-7.11606],[-35.73379,-7.12043],[-35.73595,-7.11912],[-35.73498,-7.11618],[-35.72484,-7.11301],[-35.71063,-7.10426],[-35.69581,-7.10128],[-35.67743,-7.0934],[-35.65884,-7.0815],[-35.64448,-7.07667],[-35.63707,-7.06904],[-35.6272,-7.06521],[-35.62846,-7.07175],[-35.64664,-7.08611],[-35.65727,-7.10709],[-35.67229,-7.11713]]]}},{"type":"Feature","properties":{"SIGLA":"NP1_gamma_rf","NOME":"Suíte Recanto - Riacho do Forno","LITOTIPOS":"Augen gnaisse, Metagranito, Metamonzogranito, Metassienito, Metassienogranito, Migmatito","AMBIENTE_TECTONICO":null,"ERA_MIN":"Neoproterozóico","ERA_MAX":"Neoproterozóico","IDADE_MIN":720.1,"IDADE_MAX":1000.0,"LEGENDA":"Biotita augen gnaisse granítico, micáceo e porfiroclástico (alcalifeldspato) médios a grossos; Ortognaisse e migmatito granodiorítico a monzogranítico; Granada metagranito a duas micas anatético de fonte supracrustal. Textura fanerítica inequigranular média e textura perlácea das muscovitas.  999 ±50 ¿ 925 ± 9,8 Ma U-Pb convencional em zircão.","area_km2":31.25},"geometry":{"type":"Polygon","coordinates":[[[-35.56307,-7.10785],[-35.57324,-7.1086],[-35.58179,-7.11517],[-35.58943,-7.11484],[-35.60057,-7.11901],[-35.60484,-7.11781],[-35.60964,-7.10708],[-35.61465,-7.10748],[-35.62024,-7.11322],[-35.62548,-7.11463],[-35.61664,-7.09985],[-35.59453,-7.08645],[-35.58553,-7.08394],[-35.57464,-7.07494],[-35.57027,-7.06816],[-35.56929,-7.04579],[-35.56421,-7.03838],[-35.55825,-7.03273],[-35.53141,-7.01747],[-35.53124,-7.02221],[-35.54788,-7.03691],[-35.55989,-7.05178],[-35.56113,-7.06833],[-35.54824,-7.08029],[-35.54634,-7.08499],[-35.54752,-7.09059],[-35.56307,-7.10785]]]}},{"type":"Feature","properties":{"SIGLA":"PP3se","NOME":"Complexo Sertânia","LITOTIPOS":"Anfibolito, Granada-biotita gnaisse, Mármore calcítico, Mármore dolomítico, Paragnaisse, Paramigmatito, Rocha calcissilicática, Rocha metavulcânica","AMBIENTE_TECTONICO":null,"ERA_MIN":"Paleoproterozóico","ERA_MAX":"Paleoproterozóico","IDADE_MIN":1800.1,"IDADE_MAX":2050.0,"LEGENDA":"Granada-silimanita-muscovita-biotita gnaisses com transição para gnaisses migmatizados estromáticos e anfibolitos; Muscovita-biotita gnaisse, biotita gnaisse, biotita xisto com granada e/ou sillimanita e/ou muscovita, biotita paragnaisses pelíticos com granada e/ou  sillimanita, migmatizados, com intercalações de mármore, rocha calcissilicática, quartzito e raro metavulcanito básico. U-Pb em zircão detrítico. < 1951 Ma. U-Pb em zircão detrítico: < 1,87 Ga.","area_km2":336.31},"geometry":{"type":"Polygon","coordinates":[[[-35.3208,-6.9782],[-35.33131,-6.99529],[-35.33588,-6.99645],[-35.34189,-6.99131],[-35.34447,-6.99407],[-35.34048,-6.99962],[-35.3463,-7.00081],[-35.35084,-6.99861],[-35.35226,-7.00001],[-35.34795,-7.00211],[-35.34753,-7.00613],[-35.35481,-7.00509],[-35.35519,-7.00864],[-35.35011,-7.01609],[-35.35303,-7.01785],[-35.35777,-7.0152],[-35.3608,-7.01735],[-35.36118,-7.02111],[-35.35294,-7.02805],[-35.3542,-7.03861],[-35.3434,-7.04468],[-35.35072,-7.07149],[-35.36617,-7.08861],[-35.37413,-7.09376],[-35.38393,-7.09643],[-35.42015,-7.0918],[-35.44574,-7.10278],[-35.49432,-7.10243],[-35.50058,-7.10587],[-35.50773,-7.12015],[-35.52092,-7.12162],[-35.5308,-7.13527],[-35.54643,-7.13561],[-35.55232,-7.13793],[-35.55782,-7.14455],[-35.57644,-7.14481],[-35.58152,-7.14725],[-35.58653,-7.15393],[-35.5854,-7.16609],[-35.57908,-7.17245],[-35.56469,-7.17423],[-35.5633,-7.17637],[-35.56591,-7.18382],[-35.56348,-7.19133],[-35.56664,-7.19512],[-35.58058,-7.20134],[-35.59149,-7.22232],[-35.60062,-7.23203],[-35.61847,-7.23751],[-35.6308,-7.23767],[-35.612,-7.2305],[-35.60139,-7.21727],[-35.59843,-7.21208],[-35.60016,-7.20383],[-35.59785,-7.19462],[-35.59333,-7.18858],[-35.59272,-7.18308],[-35.5969,-7.17451],[-35.60956,-7.16668],[-35.61556,-7.15212],[-35.62449,-7.14627],[-35.63722,-7.1474],[-35.65493,-7.1645],[-35.64363,-7.14474],[-35.62516,-7.13729],[-35.61634,-7.12694],[-35.61293,-7.12711],[-35.61255,-7.13508],[-35.61004,-7.1356],[-35.5999,-7.12733],[-35.58365,-7.12552],[-35.57357,-7.11755],[-35.56191,-7.11737],[-35.54837,-7.10132],[-35.53778,-7.1024],[-35.52552,-7.08981],[-35.50749,-7.08299],[-35.50622,-7.08043],[-35.50868,-7.07796],[-35.51645,-7.07701],[-35.51978,-7.06531],[-35.53621,-7.06216],[-35.53823,-7.05822],[-35.5346,-7.05369],[-35.50346,-7.04472],[-35.47183,-7.04262],[-35.46039,-7.03549],[-35.44952,-7.03197],[-35.44529,-7.01102],[-35.43055,-6.99871],[-35.4206,-6.998],[-35.40984,-7.00148],[-35.40286,-7.00024],[-35.39689,-6.98476],[-35.3852,-6.9721],[-35.37709,-6.94513],[-35.35819,-6.93838],[-35.34718,-6.92681],[-35.34529,-6.91136],[-35.33578,-6.88275],[-35.33096,-6.87613],[-35.32151,-6.87602],[-35.28338,-6.89704],[-35.25415,-6.90627],[-35.20794,-6.92676],[-35.22751,-6.93065],[-35.26109,-6.92521],[-35.28656,-6.9268],[-35.3208,-6.9782],[-35.3243,-6.9727],[-35.3208,-6.9782]]]}},{"type":"Feature","properties":{"SIGLA":"NP1_gamma_rf","NOME":"Suíte Recanto - Riacho do Forno","LITOTIPOS":"Augen gnaisse, Metagranito, Metamonzogranito, Metassienito, Metassienogranito, Migmatito","AMBIENTE_TECTONICO":null,"ERA_MIN":"Neoproterozóico","ERA_MAX":"Neoproterozóico","IDADE_MIN":720.1,"IDADE_MAX":1000.0,"LEGENDA":"Biotita augen gnaisse granítico, micáceo e porfiroclástico (alcalifeldspato) médios a grossos; Ortognaisse e migmatito granodiorítico a monzogranítico; Granada metagranito a duas micas anatético de fonte supracrustal. Textura fanerítica inequigranular média e textura perlácea das muscovitas.  999 ±50 ¿ 925 ± 9,8 Ma U-Pb convencional em zircão.","area_km2":36.31},"geometry":{"type":"Polygon","coordinates":[[[-35.56342,-6.99556],[-35.59288,-7.0587],[-35.62675,-7.09382],[-35.63694,-7.11955],[-35.63814,-7.10915],[-35.63495,-7.09782],[-35.63774,-7.09673],[-35.64057,-7.09983],[-35.64029,-7.09187],[-35.62562,-7.07996],[-35.61671,-7.06137],[-35.60032,-7.03897],[-35.6044,-7.03892],[-35.61726,-7.04965],[-35.6326,-7.05458],[-35.64517,-7.06543],[-35.64785,-7.06482],[-35.64817,-7.06187],[-35.63065,-7.04666],[-35.60746,-7.02078],[-35.57961,-7.00512],[-35.56382,-6.9785],[-35.55137,-6.96362],[-35.54676,-6.95295],[-35.53076,-6.94137],[-35.56342,-6.99556]]]}},{"type":"Feature","properties":{"SIGLA":"PP2cb","NOME":"Unidade Cabaceiras","LITOTIPOS":"Migmatito, Ortognaisse granítico, Ortognaisse granodiorítico","AMBIENTE_TECTONICO":null,"ERA_MIN":"Paleoproterozóico","ERA_MAX":"Paleoproterozóico","IDADE_MIN":2050.1,"IDADE_MAX":2300.0,"LEGENDA":"Biotita-anfibólio ortognaisses migmatíticos, granoblásticos finos a médios, de cor cinza, (por vezes bandado), apresentando mesossomas com composição monzogranítica a granodiorítica, podendo conter granada no leucossoma, com níveis anfibolíticos e enclaves dioríticos. Metaluminoso a peraluminoso, calcioalcalino de médio a alto K. U-Pb em zircão: 2,115 - 2,016 Ga; 2,055 Ga+ 20Ma.","area_km2":59.51},"geometry":{"type":"Polygon","coordinates":[[[-35.31569,-7.29834],[-35.31129,-7.29527],[-35.28997,-7.2941],[-35.28268,-7.2824],[-35.28063,-7.27335],[-35.27582,-7.26752],[-35.27077,-7.27209],[-35.26305,-7.27251],[-35.25745,-7.2762],[-35.25095,-7.27262],[-35.23719,-7.27064],[-35.22259,-7.26136],[-35.20847,-7.26215],[-35.20935,-7.2669],[-35.2056,-7.26965],[-35.19256,-7.2499],[-35.19503,-7.23782],[-35.20225,-7.22844],[-35.18669,-7.21756],[-35.18472,-7.21164],[-35.18587,-7.20401],[-35.17413,-7.18596],[-35.15674,-7.1834],[-35.15203,-7.1861],[-35.14778,-7.18547],[-35.14749,-7.18193],[-35.14235,-7.17803],[-35.13948,-7.16019],[-35.13512,-7.15731],[-35.12292,-7.15594],[-35.10052,-7.16371],[-35.10133,-7.17165],[-35.1147,-7.17186],[-35.11799,-7.17588],[-35.12412,-7.17064],[-35.127,-7.17194],[-35.12728,-7.17629],[-35.1334,-7.17828],[-35.1318,-7.18308],[-35.13562,-7.18427],[-35.13619,-7.19145],[-35.14312,-7.19894],[-35.14941,-7.19842],[-35.15083,-7.2026],[-35.15485,-7.20142],[-35.16115,-7.20628],[-35.16248,-7.21042],[-35.16555,-7.2089],[-35.16486,-7.21455],[-35.17109,-7.21439],[-35.17345,-7.2205],[-35.16859,-7.22767],[-35.17923,-7.23018],[-35.17516,-7.23955],[-35.18054,-7.24336],[-35.1787,-7.24915],[-35.16941,-7.25452],[-35.19283,-7.2739],[-35.22493,-7.28701],[-35.22678,-7.28521],[-35.23301,-7.28997],[-35.24123,-7.28958],[-35.24467,-7.29456],[-35.24933,-7.29377],[-35.25982,-7.30032],[-35.26884,-7.29539],[-35.26464,-7.29124],[-35.2597,-7.29243],[-35.2579,-7.28666],[-35.26315,-7.28425],[-35.26424,-7.27904],[-35.26888,-7.2848],[-35.26901,-7.28158],[-35.27454,-7.27842],[-35.27694,-7.28195],[-35.27558,-7.28803],[-35.28176,-7.28963],[-35.27801,-7.29326],[-35.28175,-7.29488],[-35.28095,-7.29938],[-35.2859,-7.30343],[-35.28861,-7.2991],[-35.29387,-7.30286],[-35.29693,-7.30066],[-35.30424,-7.30473],[-35.30456,-7.31088],[-35.32911,-7.32705],[-35.32383,-7.32026],[-35.32253,-7.31142],[-35.31746,-7.30635],[-35.31595,-7.29932],[-35.3142,-7.3014],[-35.31569,-7.29834]]]}},{"type":"Feature","properties":{"SIGLA":"Nb","NOME":"Grupo Barreiras","LITOTIPOS":"Arenito, Arenito conglomerático, Argilito, Argilito arenoso, Conglomerado, Siltito","AMBIENTE_TECTONICO":"Cobertura superficial","ERA_MIN":"Cenozóico","ERA_MAX":"Cenozóico","IDADE_MIN":2.59,"IDADE_MAX":23.03,"LEGENDA":"Predomínio de camadas horizontais de arenito conglomerático com matriz caolínica, contendo lentes e lençóis de conglomerado e brecha, ricos em seixos e grânulos de quartzo e/ou feldspato, e intercalações de argilito caolínico silto-arenoso, siltito, arenito caolínico, arenito argiloso, arenito ferruginoso e argiloso friável e diamictito. Podem apresentar horizontes e/ou colunas de oxi-redução e/ou canga em que assumem cores variegadas (branca, vermelha e roxa); Arenitos argilosos de tonalidade variegada (amarelada, avermelhada e esverdeada), matriz argilo-caulínica, com cimento argiloso, ferruginoso e, às vezes, silicoso; granulação fina a média, com leitos conglomeráticos e nódulos lateríticos na base (pode-se encontrar, no topo, areias sílticas bem classificadas) / sistema fluvial com esporádicas corridas de lamas.","area_km2":47.66},"geometry":{"type":"Polygon","coordinates":[[[-35.22745,-7.19447],[-35.23478,-7.19608],[-35.23197,-7.2009],[-35.23346,-7.20231],[-35.24404,-7.20012],[-35.24365,-7.2042],[-35.2463,-7.20634],[-35.25072,-7.20256],[-35.25647,-7.20457],[-35.25803,-7.202],[-35.2663,-7.20054],[-35.27734,-7.20346],[-35.28051,-7.20646],[-35.30945,-7.20515],[-35.31209,-7.20083],[-35.31543,-7.20189],[-35.31945,-7.19952],[-35.32367,-7.20267],[-35.32772,-7.20117],[-35.33261,-7.20352],[-35.33616,-7.19808],[-35.32643,-7.19552],[-35.32881,-7.19077],[-35.32271,-7.18815],[-35.3263,-7.186],[-35.32528,-7.18287],[-35.30603,-7.18019],[-35.31707,-7.19166],[-35.31747,-7.1954],[-35.30443,-7.18831],[-35.30359,-7.18259],[-35.30066,-7.18091],[-35.30253,-7.1738],[-35.29984,-7.17259],[-35.29976,-7.16811],[-35.29433,-7.16401],[-35.29305,-7.15977],[-35.2894,-7.16056],[-35.28782,-7.15457],[-35.28291,-7.15484],[-35.28001,-7.15156],[-35.26952,-7.15184],[-35.26684,-7.14889],[-35.26408,-7.15674],[-35.27077,-7.15579],[-35.28379,-7.16208],[-35.27797,-7.16373],[-35.27125,-7.15981],[-35.26855,-7.16189],[-35.28061,-7.16895],[-35.2788,-7.17128],[-35.27149,-7.16884],[-35.27618,-7.17569],[-35.27511,-7.1775],[-35.26509,-7.16816],[-35.25895,-7.15143],[-35.25487,-7.15288],[-35.25292,-7.16024],[-35.25079,-7.15886],[-35.25128,-7.15492],[-35.24788,-7.15339],[-35.24668,-7.15859],[-35.24039,-7.15977],[-35.24024,-7.15464],[-35.23818,-7.15339],[-35.2349,-7.15773],[-35.22975,-7.15738],[-35.23195,-7.16451],[-35.22628,-7.16359],[-35.22855,-7.16953],[-35.246,-7.16587],[-35.2467,-7.16951],[-35.23659,-7.17135],[-35.23505,-7.17434],[-35.23937,-7.1738],[-35.24298,-7.17924],[-35.24684,-7.17639],[-35.2473,-7.18041],[-35.25096,-7.18378],[-35.25727,-7.18454],[-35.25606,-7.18872],[-35.2442,-7.18371],[-35.24049,-7.17943],[-35.234,-7.17978],[-35.23212,-7.17441],[-35.22621,-7.17507],[-35.22289,-7.16861],[-35.21326,-7.17078],[-35.21246,-7.1734],[-35.21449,-7.17769],[-35.22264,-7.17896],[-35.22337,-7.1828],[-35.23024,-7.18315],[-35.22932,-7.18914],[-35.22424,-7.1902],[-35.22009,-7.18441],[-35.21226,-7.18302],[-35.21126,-7.18596],[-35.20281,-7.18244],[-35.19657,-7.1865],[-35.20669,-7.19511],[-35.21076,-7.19397],[-35.22195,-7.1985],[-35.22727,-7.19456],[-35.2259,-7.1919],[-35.22745,-7.19447]]]}},{"type":"Feature","properties":{"SIGLA":"Nb","NOME":"Grupo Barreiras","LITOTIPOS":"Arenito, Arenito conglomerático, Argilito, Argilito arenoso, Conglomerado, Siltito","AMBIENTE_TECTONICO":"Cobertura superficial","ERA_MIN":"Cenozóico","ERA_MAX":"Cenozóico","IDADE_MIN":2.59,"IDADE_MAX":23.03,"LEGENDA":"Predomínio de camadas horizontais de arenito conglomerático com matriz caolínica, contendo lentes e lençóis de conglomerado e brecha, ricos em seixos e grânulos de quartzo e/ou feldspato, e intercalações de argilito caolínico silto-arenoso, siltito, arenito caolínico, arenito argiloso, arenito ferruginoso e argiloso friável e diamictito. Podem apresentar horizontes e/ou colunas de oxi-redução e/ou canga em que assumem cores variegadas (branca, vermelha e roxa); Arenitos argilosos de tonalidade variegada (amarelada, avermelhada e esverdeada), matriz argilo-caulínica, com cimento argiloso, ferruginoso e, às vezes, silicoso; granulação fina a média, com leitos conglomeráticos e nódulos lateríticos na base (pode-se encontrar, no topo, areias sílticas bem classificadas) / sistema fluvial com esporádicas corridas de lamas.","area_km2":1.79},"geometry":{"type":"Polygon","coordinates":[[[-35.12046,-7.13336],[-35.11035,-7.13105],[-35.09939,-7.13608],[-35.12452,-7.13786],[-35.1325,-7.12883],[-35.12887,-7.12707],[-35.12046,-7.13336]]]}},{"type":"Feature","properties":{"SIGLA":"Nb","NOME":"Grupo Barreiras","LITOTIPOS":"Arenito, Arenito conglomerático, Argilito, Argilito arenoso, Conglomerado, Siltito","AMBIENTE_TECTONICO":"Cobertura superficial","ERA_MIN":"Cenozóico","ERA_MAX":"Cenozóico","IDADE_MIN":2.59,"IDADE_MAX":23.03,"LEGENDA":"Predomínio de camadas horizontais de arenito conglomerático com matriz caolínica, contendo lentes e lençóis de conglomerado e brecha, ricos em seixos e grânulos de quartzo e/ou feldspato, e intercalações de argilito caolínico silto-arenoso, siltito, arenito caolínico, arenito argiloso, arenito ferruginoso e argiloso friável e diamictito. Podem apresentar horizontes e/ou colunas de oxi-redução e/ou canga em que assumem cores variegadas (branca, vermelha e roxa); Arenitos argilosos de tonalidade variegada (amarelada, avermelhada e esverdeada), matriz argilo-caulínica, com cimento argiloso, ferruginoso e, às vezes, silicoso; granulação fina a média, com leitos conglomeráticos e nódulos lateríticos na base (pode-se encontrar, no topo, areias sílticas bem classificadas) / sistema fluvial com esporádicas corridas de lamas.","area_km2":19.8},"geometry":{"type":"Polygon","coordinates":[[[-35.32639,-7.10335],[-35.32361,-7.10798],[-35.32013,-7.10477],[-35.31857,-7.11329],[-35.31212,-7.11286],[-35.31449,-7.1173],[-35.31148,-7.12012],[-35.30423,-7.11802],[-35.2998,-7.122],[-35.287,-7.12078],[-35.28563,-7.12382],[-35.28807,-7.12699],[-35.28767,-7.13258],[-35.29026,-7.13378],[-35.29498,-7.13061],[-35.30214,-7.13475],[-35.30659,-7.13379],[-35.31208,-7.13916],[-35.31957,-7.13375],[-35.32109,-7.13985],[-35.32716,-7.13169],[-35.32889,-7.13611],[-35.3369,-7.13252],[-35.33803,-7.13512],[-35.33262,-7.14206],[-35.33854,-7.14202],[-35.34114,-7.14688],[-35.34392,-7.13965],[-35.34686,-7.14361],[-35.35289,-7.13494],[-35.34942,-7.12993],[-35.3578,-7.13361],[-35.36133,-7.12963],[-35.35735,-7.11998],[-35.35952,-7.11096],[-35.35255,-7.11468],[-35.35316,-7.10776],[-35.3502,-7.10761],[-35.34879,-7.11035],[-35.35085,-7.11496],[-35.34824,-7.11738],[-35.3429,-7.11022],[-35.33624,-7.10907],[-35.33234,-7.10425],[-35.32639,-7.10335]]]}},{"type":"Feature","properties":{"SIGLA":"Qfm","NOME":"Depósitos flúvio-marinhos","LITOTIPOS":"Areia, Argila, Silte","AMBIENTE_TECTONICO":null,"ERA_MIN":"Cenozóico","ERA_MAX":"Cenozóico","IDADE_MIN":0.0,"IDADE_MAX":2.58,"LEGENDA":"Depósitos indiscriminados de pantanos e mangues, fluvio-lagunares e litorâneos indiscriminados","area_km2":360.03},"geometry":{"type":"Polygon","coordinates":[[[-34.8542,-6.9037],[-34.8661,-6.9304],[-34.8645,-6.9429],[-34.8556,-6.9606],[-34.85668,-6.96756],[-34.86388,-6.9692],[-34.86626,-6.96252],[-34.86865,-6.96229],[-34.86801,-6.97275],[-34.874,-6.9871],[-34.86765,-7.02148],[-34.86831,-7.03113],[-34.86053,-7.02968],[-34.86128,-7.05015],[-34.8667,-7.05924],[-34.87726,-7.06682],[-34.8791,-7.07059],[-34.88519,-7.06789],[-34.8813,-7.07366],[-34.88851,-7.08639],[-34.89859,-7.08563],[-34.89879,-7.08736],[-34.89126,-7.08954],[-34.89354,-7.09695],[-34.91014,-7.11505],[-34.91015,-7.11764],[-34.90418,-7.11463],[-34.89839,-7.10626],[-34.89087,-7.10506],[-34.88476,-7.08874],[-34.87544,-7.08025],[-34.87029,-7.07829],[-34.86819,-7.08003],[-34.86772,-7.08517],[-34.87213,-7.08957],[-34.87164,-7.09202],[-34.85721,-7.08762],[-34.86279,-7.07857],[-34.86136,-7.07506],[-34.86761,-7.06993],[-34.85808,-7.05765],[-34.85376,-7.04702],[-34.85083,-7.03699],[-34.85106,-7.02479],[-34.8382,-7.0117],[-34.8349,-7.0049],[-34.83439,-6.99708],[-34.82954,-6.98735],[-34.83174,-6.97341],[-34.8381,-6.96435],[-34.8301,-6.9662],[-34.8255,-7.0058],[-34.8292,-7.0185],[-34.8296,-7.0307],[-34.8382,-7.0407],[-34.8424,-7.056],[-34.8399,-7.0642],[-34.8302,-7.0734],[-34.8325,-7.0866],[-34.8315,-7.101],[-34.8211,-7.1122],[-34.82194,-7.13817],[-34.81445,-7.15754],[-34.81907,-7.16465],[-34.82107,-7.16597],[-34.82229,-7.164],[-34.81937,-7.15597],[-34.82373,-7.1552],[-34.82172,-7.1524],[-34.82641,-7.14624],[-34.83294,-7.14559],[-34.8412,-7.15108],[-34.84377,-7.1492],[-34.83889,-7.14327],[-34.83235,-7.14267],[-34.83594,-7.13593],[-34.84344,-7.13497],[-34.85682,-7.14238],[-34.86036,-7.14717],[-34.8662,-7.14477],[-34.87126,-7.14854],[-34.89492,-7.14313],[-34.8964,-7.13776],[-34.90317,-7.1356],[-34.90704,-7.12781],[-34.91113,-7.13267],[-34.90569,-7.14349],[-34.90618,-7.16029],[-34.91431,-7.17013],[-34.92323,-7.17023],[-34.9286,-7.16659],[-34.93108,-7.17074],[-34.94141,-7.16266],[-34.94508,-7.17329],[-34.95096,-7.16547],[-34.96442,-7.16865],[-34.9649,-7.1656],[-34.96215,-7.163],[-34.95044,-7.16155],[-34.9427,-7.15574],[-34.93116,-7.16164],[-34.92297,-7.16099],[-34.91856,-7.16354],[-34.91315,-7.15977],[-34.91335,-7.15274],[-34.91035,-7.14528],[-34.91879,-7.14293],[-34.92265,-7.13713],[-34.92704,-7.1364],[-34.93082,-7.13834],[-34.92936,-7.14723],[-34.93245,-7.14837],[-34.93431,-7.14352],[-34.93782,-7.14219],[-34.93245,-7.13608],[-34.93399,-7.12879],[-34.94147,-7.13033],[-34.9494,-7.12882],[-34.95165,-7.12141],[-34.95777,-7.11767],[-34.96317,-7.1191],[-34.9668,-7.12332],[-34.96649,-7.14206],[-34.97051,-7.14917],[-34.97877,-7.15581],[-34.99194,-7.15842],[-34.99657,-7.16547],[-35.01144,-7.17809],[-35.0131,-7.18509],[-35.01799,-7.1807],[-35.03103,-7.18359],[-35.03205,-7.17939],[-35.01709,-7.17626],[-35.0146,-7.17159],[-35.00602,-7.16705],[-35.00581,-7.16219],[-35.00053,-7.16011],[-34.99803,-7.15341],[-34.99149,-7.15036],[-34.99182,-7.14512],[-34.98312,-7.13458],[-34.98296,-7.13163],[-34.9859,-7.13005],[-34.99677,-7.13766],[-35.00461,-7.13378],[-35.01385,-7.13877],[-35.02789,-7.14058],[-35.04023,-7.14579],[-35.04189,-7.13995],[-35.04953,-7.14079],[-35.05298,-7.14748],[-35.05845,-7.1485],[-35.06198,-7.15477],[-35.06963,-7.15393],[-35.07302,-7.16012],[-35.08157,-7.16328],[-35.08334,-7.16153],[-35.08022,-7.1557],[-35.08198,-7.15407],[-35.10645,-7.16306],[-35.12292,-7.15594],[-35.13512,-7.15731],[-35.13948,-7.16019],[-35.14235,-7.17803],[-35.14749,-7.18193],[-35.14778,-7.18547],[-35.15203,-7.1861],[-35.15674,-7.1834],[-35.16081,-7.18549],[-35.17305,-7.18489],[-35.18587,-7.20401],[-35.18472,-7.21164],[-35.18669,-7.21756],[-35.20225,-7.22844],[-35.19503,-7.23782],[-35.19256,-7.2499],[-35.20192,-7.26139],[-35.20457,-7.26895],[-35.20815,-7.26942],[-35.20847,-7.26215],[-35.22259,-7.26136],[-35.23719,-7.27064],[-35.25095,-7.27262],[-35.25745,-7.2762],[-35.26305,-7.27251],[-35.27077,-7.27209],[-35.27582,-7.26752],[-35.28063,-7.27335],[-35.28268,-7.2824],[-35.28997,-7.2941],[-35.31129,-7.29527],[-35.31594,-7.29929],[-35.3243,-7.2894],[-35.31595,-7.29932],[-35.31746,-7.30635],[-35.32253,-7.31142],[-35.3256,-7.32368],[-35.33314,-7.33075],[-35.35053,-7.33612],[-35.36468,-7.33349],[-35.3629,-7.32904],[-35.34646,-7.32567],[-35.33644,-7.32025],[-35.32347,-7.28525],[-35.31886,-7.28042],[-35.30873,-7.27724],[-35.30082,-7.27925],[-35.29835,-7.28221],[-35.29446,-7.28173],[-35.28974,-7.26747],[-35.29294,-7.26512],[-35.30081,-7.26574],[-35.30262,-7.26344],[-35.30106,-7.25862],[-35.28766,-7.25937],[-35.27917,-7.2552],[-35.26468,-7.26257],[-35.24497,-7.26313],[-35.23905,-7.26132],[-35.22791,-7.25052],[-35.21961,-7.24851],[-35.20759,-7.25052],[-35.20417,-7.24911],[-35.2055,-7.24034],[-35.21299,-7.23546],[-35.21521,-7.22724],[-35.20641,-7.21504],[-35.19952,-7.21225],[-35.19327,-7.19447],[-35.18586,-7.18649],[-35.19332,-7.18724],[-35.18779,-7.18027],[-35.18877,-7.17354],[-35.19453,-7.17699],[-35.20556,-7.17485],[-35.20789,-7.17366],[-35.2082,-7.16941],[-35.20326,-7.1699],[-35.18975,-7.16497],[-35.18399,-7.16761],[-35.18161,-7.17662],[-35.17411,-7.17107],[-35.15278,-7.17361],[-35.14778,-7.1698],[-35.14545,-7.15859],[-35.14834,-7.14643],[-35.14524,-7.14301],[-35.13503,-7.13989],[-35.10736,-7.14411],[-35.10222,-7.14274],[-35.09579,-7.13306],[-35.09733,-7.13037],[-35.10419,-7.1305],[-35.10521,-7.12591],[-35.09976,-7.11737],[-35.08331,-7.10208],[-35.05124,-7.09678],[-35.03065,-7.08462],[-35.00475,-7.08814],[-34.98338,-7.08251],[-34.96678,-7.08248],[-34.96333,-7.07739],[-34.96727,-7.07111],[-34.97427,-7.07082],[-34.97524,-7.06667],[-34.97217,-7.06544],[-34.95987,-7.06826],[-34.95857,-7.06082],[-34.96349,-7.05547],[-34.97536,-7.051],[-34.97753,-7.04403],[-34.96964,-7.04736],[-34.95848,-7.04643],[-34.9489,-7.04912],[-34.93847,-7.0556],[-34.92827,-7.05547],[-34.91687,-7.05906],[-34.90389,-7.05597],[-34.88273,-7.04485],[-34.8728,-7.03434],[-34.88504,-6.99604],[-34.88398,-6.98614],[-34.87947,-6.97613],[-34.88075,-6.97231],[-34.89185,-6.97601],[-34.8965,-6.98368],[-34.90325,-7.00355],[-34.90003,-7.01476],[-34.90123,-7.01822],[-34.91017,-7.00688],[-34.9159,-7.00537],[-34.91957,-7.00956],[-34.92249,-7.02378],[-34.93224,-7.03777],[-34.93736,-7.03725],[-34.93741,-7.0326],[-34.93297,-7.02924],[-34.92964,-7.01631],[-34.9262,-7.01404],[-34.9359,-7.01049],[-34.93807,-7.00759],[-34.92472,-7.00521],[-34.91243,-6.99698],[-34.90622,-6.97004],[-34.90336,-6.96848],[-34.9011,-6.96096],[-34.8931,-6.95727],[-34.90241,-6.95393],[-34.9061,-6.95524],[-34.91473,-6.9615],[-34.94959,-6.97816],[-34.95324,-6.97783],[-34.95567,-6.97275],[-34.94694,-6.96855],[-34.94373,-6.96269],[-34.94488,-6.96021],[-34.95615,-6.9576],[-34.95768,-6.95439],[-34.95343,-6.95159],[-34.90264,-6.94355],[-34.88594,-6.95262],[-34.88211,-6.95339],[-34.87926,-6.95024],[-34.8752,-6.95155],[-34.86161,-6.96491],[-34.86621,-6.94132],[-34.87697,-6.93704],[-34.87217,-6.93115],[-34.87598,-6.92599],[-34.87088,-6.9135],[-34.87397,-6.90785],[-34.87323,-6.89893],[-34.8801,-6.89496],[-34.88183,-6.88805],[-34.8738,-6.8948],[-34.8542,-6.9037]],[[-34.97028,-7.08896],[-34.9716,-7.09234],[-34.97006,-7.09304],[-34.95837,-7.09287],[-34.95049,-7.0889],[-34.94944,-7.08562],[-34.95442,-7.08455],[-34.97028,-7.08896]]]}},{"type":"Feature","properties":{"SIGLA":"PP3se","NOME":"Complexo Sertânia","LITOTIPOS":"Anfibolito, Granada-biotita gnaisse, Mármore calcítico, Mármore dolomítico, Paragnaisse, Paramigmatito, Rocha calcissilicática, Rocha metavulcânica","AMBIENTE_TECTONICO":null,"ERA_MIN":"Paleoproterozóico","ERA_MAX":"Paleoproterozóico","IDADE_MIN":1800.1,"IDADE_MAX":2050.0,"LEGENDA":"Granada-silimanita-muscovita-biotita gnaisses com transição para gnaisses migmatizados estromáticos e anfibolitos; Muscovita-biotita gnaisse, biotita gnaisse, biotita xisto com granada e/ou sillimanita e/ou muscovita, biotita paragnaisses pelíticos com granada e/ou  sillimanita, migmatizados, com intercalações de mármore, rocha calcissilicática, quartzito e raro metavulcanito básico. U-Pb em zircão detrítico. < 1951 Ma. U-Pb em zircão detrítico: < 1,87 Ga.","area_km2":9.79},"geometry":{"type":"Polygon","coordinates":[[[-35.29662,-7.07348],[-35.29262,-7.06717],[-35.28889,-7.06719],[-35.29477,-7.08505],[-35.31597,-7.09717],[-35.32952,-7.09824],[-35.34384,-7.09314],[-35.35619,-7.09361],[-35.3495,-7.08721],[-35.3236,-7.085],[-35.31367,-7.08134],[-35.30082,-7.06529],[-35.29662,-7.07348]]]}},{"type":"Feature","properties":{"SIGLA":"NQc","NOME":"Depósitos colúvio-eluviais","LITOTIPOS":"Areia, Argila, Cascalho, Laterita","AMBIENTE_TECTONICO":null,"ERA_MIN":"Cenozóico","ERA_MAX":"Cenozóico","IDADE_MIN":0.0,"IDADE_MAX":23.03,"LEGENDA":"Depósitos inconsolidados com matriz arenosa, areno-argilosa, argilo-arenosa e conglomerática, mal trabalhados e mal classificados, constituidos por fragmentos angulosos, grânulos, seixos, blocos e matacões de variados tipos de rochas (granitoide, gnaisse, quartzito, blocos de quartzo e formação ferrífera).","area_km2":72.13},"geometry":{"type":"Polygon","coordinates":[[[-35.18418,-7.07506],[-35.20152,-7.06875],[-35.2031,-7.06256],[-35.19972,-7.05873],[-35.20594,-7.04991],[-35.20931,-7.05382],[-35.20951,-7.06066],[-35.2128,-7.06168],[-35.21989,-7.05406],[-35.21989,-7.0484],[-35.22233,-7.04644],[-35.22764,-7.05129],[-35.23361,-7.05217],[-35.2367,-7.05988],[-35.25893,-7.0601],[-35.26282,-7.0679],[-35.26842,-7.06746],[-35.27487,-7.06182],[-35.29596,-7.05385],[-35.30084,-7.04297],[-35.31048,-7.0366],[-35.31654,-7.03451],[-35.32979,-7.03656],[-35.33805,-7.02779],[-35.33853,-7.0212],[-35.3246,-7.01339],[-35.32036,-7.00705],[-35.30008,-7.00714],[-35.29443,-6.99991],[-35.29182,-6.9999],[-35.28843,-7.00843],[-35.27244,-7.00898],[-35.26491,-7.00535],[-35.25444,-7.01093],[-35.24604,-7.01137],[-35.24174,-7.01527],[-35.23381,-7.01473],[-35.22628,-7.00936],[-35.2174,-7.00683],[-35.21631,-7.00955],[-35.22719,-7.02042],[-35.22229,-7.02259],[-35.21994,-7.0342],[-35.21614,-7.03529],[-35.20674,-7.02447],[-35.19851,-7.02555],[-35.19827,-7.03301],[-35.20384,-7.03788],[-35.20433,-7.04234],[-35.19668,-7.04069],[-35.19297,-7.03686],[-35.19282,-7.0438],[-35.18932,-7.04548],[-35.19265,-7.05073],[-35.18842,-7.05025],[-35.18634,-7.05294],[-35.19485,-7.05828],[-35.19484,-7.06047],[-35.19067,-7.06272],[-35.18317,-7.06108],[-35.18,-7.06362],[-35.18107,-7.06819],[-35.17608,-7.06903],[-35.1718,-7.07442],[-35.16412,-7.07823],[-35.17505,-7.07627],[-35.17785,-7.08016],[-35.18168,-7.07673],[-35.18514,-7.08285],[-35.18712,-7.07883],[-35.18418,-7.07506]]]}},{"type":"Feature","properties":{"SIGLA":"NQc","NOME":"Depósitos colúvio-eluviais","LITOTIPOS":"Areia, Argila, Cascalho, Laterita","AMBIENTE_TECTONICO":null,"ERA_MIN":"Cenozóico","ERA_MAX":"Cenozóico","IDADE_MIN":0.0,"IDADE_MAX":23.03,"LEGENDA":"Depósitos inconsolidados com matriz arenosa, areno-argilosa, argilo-arenosa e conglomerática, mal trabalhados e mal classificados, constituidos por fragmentos angulosos, grânulos, seixos, blocos e matacões de variados tipos de rochas (granitoide, gnaisse, quartzito, blocos de quartzo e formação ferrífera).","area_km2":11.31},"geometry":{"type":"Polygon","coordinates":[[[-35.15862,-6.98234],[-35.16677,-7.00957],[-35.17847,-7.01774],[-35.18147,-7.01767],[-35.18426,-7.0102],[-35.17554,-7.00252],[-35.17385,-6.99404],[-35.16686,-6.99211],[-35.1679,-6.98885],[-35.17704,-6.98198],[-35.16969,-6.97154],[-35.16959,-6.96527],[-35.15962,-6.96333],[-35.15725,-6.95807],[-35.14882,-6.95574],[-35.1427,-6.95965],[-35.14298,-6.9688],[-35.15862,-6.98234]]]}},{"type":"Feature","properties":{"SIGLA":"Nb","NOME":"Grupo Barreiras","LITOTIPOS":"Arenito, Arenito conglomerático, Argilito, Argilito arenoso, Conglomerado, Siltito","AMBIENTE_TECTONICO":"Cobertura superficial","ERA_MIN":"Cenozóico","ERA_MAX":"Cenozóico","IDADE_MIN":2.59,"IDADE_MAX":23.03,"LEGENDA":"Predomínio de camadas horizontais de arenito conglomerático com matriz caolínica, contendo lentes e lençóis de conglomerado e brecha, ricos em seixos e grânulos de quartzo e/ou feldspato, e intercalações de argilito caolínico silto-arenoso, siltito, arenito caolínico, arenito argiloso, arenito ferruginoso e argiloso friável e diamictito. Podem apresentar horizontes e/ou colunas de oxi-redução e/ou canga em que assumem cores variegadas (branca, vermelha e roxa); Arenitos argilosos de tonalidade variegada (amarelada, avermelhada e esverdeada), matriz argilo-caulínica, com cimento argiloso, ferruginoso e, às vezes, silicoso; granulação fina a média, com leitos conglomeráticos e nódulos lateríticos na base (pode-se encontrar, no topo, areias sílticas bem classificadas) / sistema fluvial com esporádicas corridas de lamas.","area_km2":645.04},"geometry":{"type":"Polygon","coordinates":[[[-34.89716,-6.8683],[-34.87834,-6.89705],[-34.87323,-6.89893],[-34.87397,-6.90785],[-34.87088,-6.9135],[-34.87598,-6.92599],[-34.87217,-6.93115],[-34.87697,-6.93704],[-34.86621,-6.94132],[-34.86033,-6.96407],[-34.86268,-6.96467],[-34.8752,-6.95155],[-34.87926,-6.95024],[-34.88211,-6.95339],[-34.88594,-6.95262],[-34.90264,-6.94355],[-34.95343,-6.95159],[-34.95768,-6.95439],[-34.95615,-6.9576],[-34.94488,-6.96021],[-34.94373,-6.96269],[-34.94694,-6.96855],[-34.95567,-6.97275],[-34.95324,-6.97783],[-34.94959,-6.97816],[-34.91473,-6.9615],[-34.9061,-6.95524],[-34.90241,-6.95393],[-34.8931,-6.95727],[-34.9011,-6.96096],[-34.90336,-6.96848],[-34.90622,-6.97004],[-34.91243,-6.99698],[-34.92472,-7.00521],[-34.93807,-7.00759],[-34.9359,-7.01049],[-34.9262,-7.01404],[-34.92964,-7.01631],[-34.93297,-7.02924],[-34.93741,-7.0326],[-34.93736,-7.03725],[-34.93224,-7.03777],[-34.92249,-7.02378],[-34.91957,-7.00956],[-34.9159,-7.00537],[-34.91017,-7.00688],[-34.90123,-7.01822],[-34.90003,-7.01476],[-34.90325,-7.00355],[-34.8965,-6.98368],[-34.89185,-6.97601],[-34.88075,-6.97231],[-34.87947,-6.97613],[-34.88398,-6.98614],[-34.88504,-6.99604],[-34.87791,-7.02293],[-34.87355,-7.03101],[-34.87422,-7.0369],[-34.89182,-7.05068],[-34.91687,-7.05906],[-34.92827,-7.05547],[-34.93847,-7.0556],[-34.9489,-7.04912],[-34.95848,-7.04643],[-34.96964,-7.04736],[-34.97753,-7.04403],[-34.97536,-7.051],[-34.96349,-7.05547],[-34.95857,-7.06082],[-34.95987,-7.06826],[-34.97217,-7.06544],[-34.97524,-7.06667],[-34.97427,-7.07082],[-34.96727,-7.07111],[-34.96333,-7.07739],[-34.96678,-7.08248],[-34.98338,-7.08251],[-35.00475,-7.08814],[-35.03065,-7.08462],[-35.04784,-7.09547],[-35.08021,-7.10062],[-35.08893,-7.10588],[-35.09353,-7.11308],[-35.10721,-7.11383],[-35.11053,-7.11664],[-35.11455,-7.1158],[-35.11661,-7.10891],[-35.12334,-7.10841],[-35.13345,-7.09085],[-35.11975,-7.07212],[-35.12019,-7.06471],[-35.12517,-7.06193],[-35.12699,-7.06377],[-35.12453,-7.06743],[-35.12836,-7.07005],[-35.1301,-7.0768],[-35.13409,-7.0792],[-35.14306,-7.07711],[-35.14421,-7.09437],[-35.14901,-7.09245],[-35.15273,-7.08189],[-35.15177,-7.07347],[-35.15474,-7.07096],[-35.15987,-7.07308],[-35.16303,-7.08196],[-35.16602,-7.08415],[-35.18161,-7.08372],[-35.18417,-7.09056],[-35.18891,-7.09347],[-35.20849,-7.09766],[-35.18554,-7.09656],[-35.17814,-7.10131],[-35.1718,-7.09855],[-35.16974,-7.10597],[-35.15451,-7.11183],[-35.15588,-7.1152],[-35.16424,-7.11609],[-35.16497,-7.11892],[-35.15331,-7.11791],[-35.15028,-7.12068],[-35.14486,-7.12014],[-35.13695,-7.12329],[-35.13556,-7.12698],[-35.13923,-7.13319],[-35.14632,-7.13167],[-35.15192,-7.13405],[-35.15652,-7.12863],[-35.15828,-7.1319],[-35.16115,-7.13135],[-35.16355,-7.12462],[-35.17052,-7.12549],[-35.18362,-7.11657],[-35.19172,-7.11436],[-35.19455,-7.1158],[-35.19379,-7.11912],[-35.18466,-7.12325],[-35.18417,-7.13648],[-35.17566,-7.13793],[-35.17598,-7.14319],[-35.18103,-7.14737],[-35.17366,-7.14945],[-35.17638,-7.15488],[-35.17542,-7.1609],[-35.17031,-7.15776],[-35.16577,-7.16063],[-35.16082,-7.1557],[-35.15467,-7.1577],[-35.14879,-7.15451],[-35.14855,-7.16185],[-35.15297,-7.16237],[-35.15318,-7.1668],[-35.15874,-7.16485],[-35.16361,-7.16826],[-35.17466,-7.16432],[-35.18126,-7.15478],[-35.18429,-7.16359],[-35.18812,-7.15051],[-35.19325,-7.14925],[-35.19185,-7.14428],[-35.19611,-7.1405],[-35.19312,-7.13377],[-35.20065,-7.1296],[-35.20134,-7.11123],[-35.21043,-7.10649],[-35.21902,-7.10719],[-35.22295,-7.11092],[-35.23033,-7.10067],[-35.23117,-7.09573],[-35.23944,-7.09466],[-35.24302,-7.08924],[-35.24393,-7.09297],[-35.24805,-7.09377],[-35.2563,-7.10099],[-35.2591,-7.09689],[-35.25534,-7.09359],[-35.25559,-7.09022],[-35.25957,-7.09238],[-35.26287,-7.08707],[-35.25958,-7.0812],[-35.26461,-7.07785],[-35.26857,-7.08012],[-35.27368,-7.07368],[-35.27889,-7.07877],[-35.28116,-7.07128],[-35.28336,-7.07742],[-35.28505,-7.07715],[-35.28607,-7.06808],[-35.29262,-7.06717],[-35.29662,-7.07348],[-35.30082,-7.06529],[-35.30457,-7.07009],[-35.3096,-7.07101],[-35.31002,-7.06345],[-35.322,-7.06119],[-35.3221,-7.05661],[-35.32598,-7.05487],[-35.32462,-7.05095],[-35.32891,-7.04981],[-35.32821,-7.04472],[-35.33145,-7.04453],[-35.33357,-7.05064],[-35.33525,-7.04262],[-35.34587,-7.04466],[-35.34753,-7.04091],[-35.3542,-7.03861],[-35.3533,-7.02709],[-35.36118,-7.02111],[-35.35892,-7.01535],[-35.35303,-7.01785],[-35.35011,-7.01609],[-35.35519,-7.00864],[-35.35481,-7.00509],[-35.34753,-7.00613],[-35.34795,-7.00211],[-35.35226,-7.00001],[-35.35084,-6.99861],[-35.3463,-7.00081],[-35.34048,-6.99962],[-35.34447,-6.99407],[-35.34289,-6.99166],[-35.33509,-6.99673],[-35.32569,-6.99259],[-35.32315,-6.99541],[-35.32073,-6.99277],[-35.3181,-6.99688],[-35.31174,-6.99662],[-35.30734,-6.99991],[-35.30645,-6.99532],[-35.31016,-6.98764],[-35.30656,-6.98749],[-35.30188,-6.99214],[-35.29767,-6.98895],[-35.29276,-6.99092],[-35.29159,-6.98902],[-35.29514,-6.98429],[-35.28783,-6.98408],[-35.28914,-6.97614],[-35.28358,-6.97768],[-35.27781,-6.97022],[-35.26744,-6.9659],[-35.2687,-6.95709],[-35.26337,-6.95505],[-35.25846,-6.95646],[-35.25563,-6.94967],[-35.25262,-6.94813],[-35.24977,-6.95158],[-35.2464,-6.94831],[-35.24192,-6.95316],[-35.23824,-6.95355],[-35.23593,-6.94808],[-35.22905,-6.94585],[-35.22472,-6.93856],[-35.21802,-6.93606],[-35.21349,-6.93083],[-35.20712,-6.93151],[-35.20702,-6.92445],[-35.20117,-6.92539],[-35.1891,-6.93578],[-35.18143,-6.93526],[-35.17893,-6.92927],[-35.1811,-6.92314],[-35.18885,-6.91602],[-35.18919,-6.91138],[-35.19451,-6.91187],[-35.19667,-6.90966],[-35.19017,-6.90465],[-35.20127,-6.90235],[-35.20435,-6.89137],[-35.21328,-6.88836],[-35.21018,-6.88479],[-35.2065,-6.88597],[-35.20333,-6.88241],[-35.20254,-6.88863],[-35.19795,-6.88907],[-35.20013,-6.88064],[-35.19743,-6.87891],[-35.1928,-6.89318],[-35.18989,-6.89397],[-35.19244,-6.87788],[-35.18969,-6.8786],[-35.18447,-6.88994],[-35.18282,-6.88967],[-35.18185,-6.88506],[-35.18871,-6.87391],[-35.17555,-6.8709],[-35.17348,-6.87238],[-35.17366,-6.88112],[-35.16653,-6.8776],[-35.16385,-6.87994],[-35.16543,-6.89552],[-35.16086,-6.89667],[-35.15983,-6.88907],[-35.15599,-6.88279],[-35.16434,-6.8698],[-35.15975,-6.86799],[-35.15393,-6.87414],[-35.14332,-6.87356],[-35.14324,-6.88355],[-35.13775,-6.86897],[-35.1337,-6.87009],[-35.1296,-6.86208],[-35.12255,-6.86577],[-35.12108,-6.86208],[-35.11537,-6.86159],[-35.09144,-6.84369],[-35.08481,-6.84927],[-35.08058,-6.84493],[-35.06937,-6.84281],[-35.05945,-6.84606],[-35.04887,-6.83972],[-35.04086,-6.84834],[-35.03851,-6.83799],[-35.02694,-6.82683],[-35.02397,-6.82644],[-35.01195,-6.83314],[-35.01357,-6.82395],[-35.00386,-6.81657],[-34.99039,-6.82722],[-34.98321,-6.83007],[-34.9806,-6.82353],[-34.97365,-6.81951],[-34.96628,-6.82283],[-34.96258,-6.8217],[-34.95689,-6.81251],[-34.9449,-6.80938],[-34.93979,-6.81404],[-34.93753,-6.81355],[-34.93664,-6.80614],[-34.92729,-6.80674],[-34.91692,-6.79533],[-34.91706,-6.80555],[-34.91456,-6.81689],[-34.91219,-6.81606],[-34.90884,-6.8337],[-34.90928,-6.84858],[-34.90319,-6.85726],[-34.90326,-6.86186],[-34.91288,-6.86393],[-34.92295,-6.87276],[-34.94572,-6.87924],[-34.94568,-6.88208],[-34.93914,-6.88536],[-34.94063,-6.88715],[-34.95346,-6.89003],[-34.96262,-6.89578],[-34.97685,-6.89669],[-34.99636,-6.90572],[-35.00914,-6.90607],[-35.01479,-6.90369],[-35.03122,-6.9113],[-35.0371,-6.89855],[-35.04426,-6.89497],[-35.04585,-6.89654],[-35.0415,-6.90231],[-35.04169,-6.91166],[-35.03789,-6.91421],[-35.05653,-6.92649],[-35.08079,-6.93147],[-35.09206,-6.93155],[-35.10449,-6.93056],[-35.10975,-6.92597],[-35.11171,-6.92735],[-35.11045,-6.93136],[-35.11511,-6.93472],[-35.13195,-6.93735],[-35.13588,-6.93173],[-35.13712,-6.93778],[-35.1433,-6.93912],[-35.15055,-6.93913],[-35.15716,-6.9331],[-35.16365,-6.93375],[-35.16457,-6.93576],[-35.15608,-6.93718],[-35.15661,-6.93903],[-35.16246,-6.93953],[-35.1658,-6.94359],[-35.16957,-6.94272],[-35.17387,-6.94708],[-35.17648,-6.94578],[-35.17824,-6.93872],[-35.18899,-6.94072],[-35.19926,-6.93121],[-35.20587,-6.9345],[-35.21224,-6.93364],[-35.22313,-6.94134],[-35.22589,-6.94685],[-35.21594,-6.94891],[-35.21633,-6.94223],[-35.2062,-6.93951],[-35.19497,-6.94471],[-35.18465,-6.94406],[-35.17972,-6.94975],[-35.18785,-6.95388],[-35.18929,-6.96014],[-35.19339,-6.9622],[-35.19514,-6.96751],[-35.20441,-6.96851],[-35.21122,-6.96131],[-35.2114,-6.96833],[-35.22684,-6.96902],[-35.2305,-6.96725],[-35.22824,-6.96181],[-35.23479,-6.96398],[-35.23489,-6.95958],[-35.23725,-6.95877],[-35.24079,-6.96328],[-35.24564,-6.96318],[-35.24751,-6.97122],[-35.24257,-6.97144],[-35.24548,-6.97623],[-35.24389,-6.97815],[-35.24049,-6.97512],[-35.23482,-6.97625],[-35.22985,-6.97406],[-35.21481,-6.97681],[-35.20907,-6.97539],[-35.20781,-6.97849],[-35.21245,-6.98207],[-35.21425,-6.988],[-35.22642,-6.99234],[-35.23844,-6.99001],[-35.26957,-6.97103],[-35.27193,-6.974],[-35.27788,-6.97365],[-35.27843,-6.97705],[-35.28259,-6.9799],[-35.28101,-6.98264],[-35.27643,-6.97961],[-35.27429,-6.98058],[-35.28104,-6.98693],[-35.28036,-6.99334],[-35.27196,-6.98144],[-35.26633,-6.98284],[-35.26292,-6.98074],[-35.26055,-6.98164],[-35.26018,-6.98657],[-35.25434,-6.9895],[-35.25606,-6.99591],[-35.2472,-6.99815],[-35.23858,-6.99644],[-35.23158,-7.00318],[-35.2292,-7.0022],[-35.22865,-6.9971],[-35.20972,-6.99335],[-35.20413,-6.98284],[-35.19993,-6.98255],[-35.19884,-6.97671],[-35.19457,-6.97514],[-35.19355,-6.97741],[-35.20192,-6.99679],[-35.20046,-6.99926],[-35.19718,-6.99424],[-35.19165,-6.99215],[-35.1918,-6.98463],[-35.18752,-6.98875],[-35.1861,-6.98316],[-35.17699,-6.98425],[-35.18886,-6.97756],[-35.19031,-6.97368],[-35.18394,-6.97005],[-35.17864,-6.95607],[-35.17502,-6.95229],[-35.16587,-6.9497],[-35.15625,-6.94194],[-35.14078,-6.94279],[-35.13639,-6.94506],[-35.1403,-6.96243],[-35.13796,-6.96652],[-35.12958,-6.94219],[-35.10738,-6.93974],[-35.08927,-6.94107],[-35.07948,-6.93608],[-35.06372,-6.93471],[-35.04408,-6.92872],[-35.03028,-6.91926],[-35.00951,-6.91239],[-35.00213,-6.91213],[-35.0158,-6.916],[-35.00161,-6.91223],[-34.98877,-6.91518],[-34.98221,-6.91097],[-34.97164,-6.90949],[-34.96409,-6.90412],[-34.94819,-6.90254],[-34.92778,-6.89449],[-34.9181,-6.88321],[-34.90643,-6.87732],[-34.90176,-6.8691],[-34.89716,-6.8683]],[[-35.12229,-6.98821],[-35.12282,-6.99656],[-35.125,-6.99633],[-35.12872,-6.99109],[-35.12789,-7.00499],[-35.12473,-7.01262],[-35.12839,-7.01409],[-35.13362,-7.0124],[-35.13766,-6.99704],[-35.1435,-6.99122],[-35.14615,-6.99716],[-35.15117,-6.99987],[-35.15141,-7.01227],[-35.16667,-7.0285],[-35.16486,-7.03207],[-35.15134,-7.03481],[-35.13735,-7.05479],[-35.12047,-7.0508],[-35.11146,-7.05622],[-35.10786,-7.05167],[-35.10314,-7.0515],[-35.08551,-7.0605],[-35.0839,-7.07275],[-35.07306,-7.07864],[-35.03795,-7.07074],[-35.01399,-7.07058],[-35.00704,-7.06063],[-34.9934,-7.04879],[-34.99217,-7.03844],[-34.98021,-7.038],[-34.97669,-7.0333],[-34.97621,-7.02758],[-34.97861,-7.02282],[-34.98643,-7.01651],[-34.99057,-7.01595],[-34.98634,-7.01007],[-34.99409,-6.99629],[-35.00055,-6.99601],[-35.0047,-6.99918],[-35.00808,-6.99592],[-35.01258,-6.99632],[-35.02675,-6.99084],[-35.03053,-6.99804],[-35.0378,-6.99591],[-35.0409,-7.00133],[-35.049,-7.00135],[-35.05246,-7.00815],[-35.06752,-7.00586],[-35.07701,-7.01196],[-35.07977,-7.00706],[-35.09021,-7.00763],[-35.091,-7.00439],[-35.06353,-7.00066],[-35.05671,-7.00255],[-35.04608,-6.98542],[-35.03114,-6.97556],[-35.03172,-6.96952],[-35.02607,-6.97527],[-35.0239,-6.97547],[-35.02287,-6.9714],[-35.01778,-6.9756],[-35.01148,-6.97284],[-35.00916,-6.97417],[-35.01127,-6.96681],[-35.00977,-6.96415],[-35.00561,-6.97079],[-35.00231,-6.97141],[-35.00013,-6.97035],[-35.00101,-6.96522],[-34.99889,-6.96371],[-34.99082,-6.97573],[-34.98164,-6.98047],[-34.9654,-6.97495],[-34.95567,-6.96755],[-34.96362,-6.96566],[-34.98031,-6.96953],[-34.98398,-6.96817],[-34.98339,-6.96556],[-34.96903,-6.95916],[-34.96529,-6.95028],[-34.95557,-6.94394],[-34.94711,-6.93221],[-34.9322,-6.93348],[-34.92623,-6.92652],[-34.91876,-6.92609],[-34.91672,-6.91377],[-34.929,-6.91295],[-34.93773,-6.91597],[-34.94815,-6.9159],[-34.95233,-6.92403],[-34.96581,-6.92049],[-34.97147,-6.92497],[-34.97252,-6.92942],[-34.98279,-6.92663],[-34.99078,-6.92749],[-34.99028,-6.93548],[-34.99269,-6.93997],[-34.99071,-6.94626],[-34.99295,-6.95039],[-35.0005,-6.9459],[-35.00591,-6.92816],[-35.00849,-6.93583],[-35.01666,-6.9335],[-35.00648,-6.95233],[-35.00732,-6.95776],[-35.01197,-6.95777],[-35.01468,-6.96094],[-35.0152,-6.95156],[-35.02337,-6.94829],[-35.02874,-6.94101],[-35.03058,-6.94697],[-35.02749,-6.95548],[-35.02917,-6.95816],[-35.03408,-6.95651],[-35.03914,-6.94727],[-35.04835,-6.95043],[-35.04764,-6.9574],[-35.03909,-6.96788],[-35.04061,-6.97099],[-35.04526,-6.9723],[-35.04526,-6.97699],[-35.04848,-6.97897],[-35.05374,-6.97729],[-35.05704,-6.96815],[-35.06288,-6.96331],[-35.06292,-6.95218],[-35.06552,-6.95008],[-35.06769,-6.9527],[-35.06681,-6.95913],[-35.05953,-6.97763],[-35.06153,-6.99657],[-35.07151,-6.98784],[-35.07091,-6.97342],[-35.07579,-6.97077],[-35.07466,-6.96342],[-35.07818,-6.96156],[-35.07885,-6.9571],[-35.08913,-6.95884],[-35.09659,-6.95683],[-35.0897,-6.9658],[-35.08964,-6.97612],[-35.07775,-6.99434],[-35.08181,-6.99881],[-35.09924,-6.99984],[-35.09985,-6.99384],[-35.09543,-6.98431],[-35.09732,-6.97778],[-35.09978,-6.978],[-35.10001,-6.98239],[-35.10404,-6.98376],[-35.10354,-7.01004],[-35.1085,-7.01771],[-35.11448,-7.02164],[-35.1148,-7.01768],[-35.11056,-7.01248],[-35.11364,-7.00583],[-35.11213,-6.99985],[-35.11469,-6.9755],[-35.10317,-6.95794],[-35.11093,-6.95218],[-35.12276,-6.95859],[-35.12064,-6.97079],[-35.12535,-6.96611],[-35.12756,-6.9682],[-35.11956,-6.98448],[-35.12229,-6.98821]],[[-34.94483,-6.81714],[-34.95219,-6.8162],[-34.95456,-6.82287],[-34.95959,-6.82493],[-34.96565,-6.84982],[-34.97121,-6.84885],[-34.98126,-6.83818],[-34.98465,-6.8391],[-34.98789,-6.84622],[-34.99019,-6.84587],[-34.99658,-6.83382],[-34.99924,-6.83324],[-35.00186,-6.8363],[-35.00262,-6.83066],[-35.00806,-6.82552],[-35.00838,-6.83954],[-35.00565,-6.84495],[-35.00853,-6.84694],[-35.0095,-6.86103],[-35.01179,-6.86362],[-35.01788,-6.85999],[-35.0155,-6.84651],[-35.01734,-6.83879],[-35.02079,-6.83577],[-35.02361,-6.84002],[-35.03076,-6.83393],[-35.03142,-6.83998],[-35.02586,-6.84682],[-35.02659,-6.85626],[-35.0239,-6.86281],[-35.02596,-6.86553],[-35.03292,-6.8471],[-35.03579,-6.85063],[-35.03497,-6.85784],[-35.03966,-6.85955],[-35.04219,-6.86718],[-35.04608,-6.86688],[-35.04265,-6.85653],[-35.04455,-6.85164],[-35.04806,-6.85035],[-35.0503,-6.85581],[-35.05462,-6.85839],[-35.05435,-6.8653],[-35.05723,-6.8694],[-35.06577,-6.86225],[-35.06317,-6.85694],[-35.05638,-6.85472],[-35.05803,-6.85048],[-35.06296,-6.84914],[-35.07399,-6.85639],[-35.06891,-6.86155],[-35.06958,-6.86381],[-35.07352,-6.86436],[-35.07114,-6.86887],[-35.07221,-6.87232],[-35.07504,-6.87132],[-35.07861,-6.86285],[-35.08162,-6.86307],[-35.08461,-6.86924],[-35.08712,-6.86088],[-35.08958,-6.86145],[-35.09309,-6.87829],[-35.09189,-6.88688],[-35.09477,-6.89073],[-35.12463,-6.8991],[-35.12323,-6.89512],[-35.10763,-6.88981],[-35.10471,-6.88654],[-35.10385,-6.88244],[-35.10672,-6.87688],[-35.09963,-6.86582],[-35.10716,-6.86227],[-35.10857,-6.86905],[-35.11508,-6.87123],[-35.12361,-6.88462],[-35.13327,-6.88158],[-35.14528,-6.88652],[-35.14949,-6.87941],[-35.15295,-6.8793],[-35.15316,-6.88848],[-35.15627,-6.89281],[-35.15274,-6.89804],[-35.15453,-6.90226],[-35.16662,-6.89933],[-35.16861,-6.89695],[-35.16732,-6.88802],[-35.17639,-6.88403],[-35.17775,-6.89032],[-35.18576,-6.89862],[-35.18717,-6.90421],[-35.18345,-6.90819],[-35.1821,-6.91512],[-35.17667,-6.91935],[-35.17326,-6.92804],[-35.1681,-6.93329],[-35.15747,-6.92949],[-35.14197,-6.93173],[-35.15863,-6.91882],[-35.16132,-6.91488],[-35.15881,-6.91164],[-35.13964,-6.92098],[-35.13064,-6.93296],[-35.12341,-6.934],[-35.11424,-6.92976],[-35.1257,-6.92425],[-35.12903,-6.91599],[-35.13556,-6.90865],[-35.12352,-6.91129],[-35.11859,-6.91955],[-35.10116,-6.9284],[-35.07785,-6.91964],[-35.07599,-6.91495],[-35.06455,-6.91311],[-35.0621,-6.91743],[-35.05833,-6.91745],[-35.05381,-6.91326],[-35.05227,-6.89685],[-35.05722,-6.89392],[-35.05753,-6.88612],[-35.04728,-6.88247],[-35.04538,-6.89011],[-35.0349,-6.89303],[-35.03114,-6.89947],[-35.0266,-6.90156],[-35.00652,-6.89212],[-34.99237,-6.8908],[-34.98931,-6.88729],[-34.96473,-6.88883],[-34.955,-6.88048],[-34.95568,-6.87683],[-34.96759,-6.87533],[-34.97252,-6.87068],[-34.98843,-6.87842],[-34.99534,-6.87696],[-34.99536,-6.87521],[-34.97893,-6.86354],[-34.95098,-6.87259],[-34.93916,-6.86887],[-34.93919,-6.85811],[-34.93078,-6.85295],[-34.92652,-6.84659],[-34.92533,-6.82858],[-34.93421,-6.8176],[-34.93719,-6.81697],[-34.93824,-6.83896],[-34.94348,-6.84043],[-34.94298,-6.83189],[-34.94526,-6.82816],[-34.94234,-6.81476],[-34.94483,-6.81714]],[[-35.29443,-6.99991],[-35.30008,-7.00714],[-35.32036,-7.00705],[-35.3246,-7.01339],[-35.33747,-7.01951],[-35.33937,-7.02465],[-35.33805,-7.02779],[-35.32843,-7.03707],[-35.31654,-7.03451],[-35.30456,-7.03991],[-35.30084,-7.04297],[-35.29596,-7.05385],[-35.27487,-7.06182],[-35.26842,-7.06746],[-35.26282,-7.0679],[-35.25893,-7.0601],[-35.2367,-7.05988],[-35.23361,-7.05217],[-35.22764,-7.05129],[-35.22114,-7.04655],[-35.22051,-7.05299],[-35.2128,-7.06168],[-35.20951,-7.06066],[-35.20931,-7.05382],[-35.20594,-7.04991],[-35.19972,-7.05873],[-35.2031,-7.06256],[-35.20247,-7.0674],[-35.19445,-7.07079],[-35.19287,-7.07296],[-35.20034,-7.07082],[-35.19784,-7.07617],[-35.20284,-7.07403],[-35.20427,-7.06654],[-35.20783,-7.06761],[-35.20855,-7.07332],[-35.21532,-7.06903],[-35.21819,-7.07153],[-35.21319,-7.07367],[-35.21033,-7.07796],[-35.18785,-7.08295],[-35.18785,-7.0776],[-35.18519,-7.07576],[-35.18724,-7.07999],[-35.18514,-7.08285],[-35.18168,-7.07673],[-35.17785,-7.08016],[-35.17505,-7.07627],[-35.16412,-7.07823],[-35.1718,-7.07442],[-35.17608,-7.06903],[-35.18107,-7.06819],[-35.18,-7.06362],[-35.18317,-7.06108],[-35.19067,-7.06272],[-35.19484,-7.06047],[-35.19485,-7.05828],[-35.18634,-7.05294],[-35.18842,-7.05025],[-35.19265,-7.05073],[-35.18932,-7.04548],[-35.19282,-7.0438],[-35.19297,-7.03686],[-35.19668,-7.04069],[-35.20433,-7.04234],[-35.20384,-7.03788],[-35.19827,-7.03301],[-35.19851,-7.02555],[-35.20674,-7.02447],[-35.21614,-7.03529],[-35.21994,-7.0342],[-35.22229,-7.02259],[-35.22719,-7.02042],[-35.21631,-7.00955],[-35.2174,-7.00683],[-35.22628,-7.00936],[-35.23381,-7.01473],[-35.24174,-7.01527],[-35.24604,-7.01137],[-35.25444,-7.01093],[-35.26491,-7.00535],[-35.27244,-7.00898],[-35.28843,-7.00843],[-35.29182,-6.9999],[-35.29443,-6.99991]],[[-35.17554,-7.00252],[-35.18453,-7.01186],[-35.17988,-7.01824],[-35.16677,-7.00957],[-35.16141,-6.98656],[-35.14298,-6.9688],[-35.14384,-6.95822],[-35.15346,-6.95608],[-35.15811,-6.95881],[-35.15962,-6.96333],[-35.16959,-6.96527],[-35.16969,-6.97154],[-35.17704,-6.98198],[-35.1679,-6.98885],[-35.16686,-6.99211],[-35.17385,-6.99404],[-35.17554,-7.00252]],[[-34.89744,-6.92685],[-34.90122,-6.93268],[-34.89377,-6.9338],[-34.8929,-6.94468],[-34.88523,-6.94718],[-34.88189,-6.94003],[-34.88558,-6.93859],[-34.88756,-6.93157],[-34.88283,-6.92439],[-34.88613,-6.91908],[-34.87805,-6.90543],[-34.88182,-6.89678],[-34.88498,-6.89658],[-34.89178,-6.90197],[-34.89047,-6.90937],[-34.89463,-6.90993],[-34.89438,-6.91484],[-34.90183,-6.91904],[-34.89744,-6.92685]],[[-35.16447,-7.05493],[-35.17162,-7.04209],[-35.17872,-7.04073],[-35.17839,-7.05501],[-35.16893,-7.06003],[-35.16447,-7.05493]]]}},{"type":"Feature","properties":{"SIGLA":"PP2cb","NOME":"Unidade Cabaceiras","LITOTIPOS":"Migmatito, Ortognaisse granítico, Ortognaisse granodiorítico","AMBIENTE_TECTONICO":null,"ERA_MIN":"Paleoproterozóico","ERA_MAX":"Paleoproterozóico","IDADE_MIN":2050.1,"IDADE_MAX":2300.0,"LEGENDA":"Biotita-anfibólio ortognaisses migmatíticos, granoblásticos finos a médios, de cor cinza, (por vezes bandado), apresentando mesossomas com composição monzogranítica a granodiorítica, podendo conter granada no leucossoma, com níveis anfibolíticos e enclaves dioríticos. Metaluminoso a peraluminoso, calcioalcalino de médio a alto K. U-Pb em zircão: 2,115 - 2,016 Ga; 2,055 Ga+ 20Ma.","area_km2":40.61},"geometry":{"type":"Polygon","coordinates":[[[-35.3208,-6.9782],[-35.28656,-6.9268],[-35.26109,-6.92521],[-35.22751,-6.93065],[-35.20794,-6.92676],[-35.20712,-6.93151],[-35.21349,-6.93083],[-35.21802,-6.93606],[-35.22472,-6.93856],[-35.22905,-6.94585],[-35.23593,-6.94808],[-35.23824,-6.95355],[-35.24192,-6.95316],[-35.2464,-6.94831],[-35.24977,-6.95158],[-35.25262,-6.94813],[-35.25563,-6.94967],[-35.25846,-6.95646],[-35.26337,-6.95505],[-35.2687,-6.95709],[-35.26744,-6.9659],[-35.27781,-6.97022],[-35.28358,-6.97768],[-35.28914,-6.97614],[-35.28783,-6.98408],[-35.29514,-6.98429],[-35.29159,-6.98902],[-35.29276,-6.99092],[-35.29767,-6.98895],[-35.30188,-6.99214],[-35.30656,-6.98749],[-35.31016,-6.98764],[-35.30645,-6.99532],[-35.30734,-6.99991],[-35.31174,-6.99662],[-35.3181,-6.99688],[-35.32073,-6.99277],[-35.32315,-6.99541],[-35.32569,-6.99259],[-35.33131,-6.99529],[-35.3208,-6.9782],[-35.3157,-6.98618],[-35.3208,-6.9782]]]}},{"type":"Feature","properties":{"SIGLA":"NP23scqt","NOME":"Litofácies Surubim - Caroalina, quartzito","LITOTIPOS":"Gnaisse quartzo-feldspático, Muscovita quartzito, Quartzito, Rocha calcissilicática","AMBIENTE_TECTONICO":null,"ERA_MIN":"Neoproterozóico","ERA_MAX":"Neoproterozóico","IDADE_MIN":541.1,"IDADE_MAX":720.0,"LEGENDA":"Muscovita quartzito a quartzito, gnaisses quartzo-feldspáticos e rochas calcissilicáticas.","area_km2":6.68},"geometry":{"type":"Polygon","coordinates":[[[-35.87559,-7.74938],[-35.87994,-7.74125],[-35.87719,-7.72151],[-35.88723,-7.71905],[-35.90328,-7.72276],[-35.89531,-7.7147],[-35.86897,-7.71206],[-35.86291,-7.71844],[-35.87029,-7.74051],[-35.86819,-7.7501],[-35.87559,-7.74938]]]}},{"type":"Feature","properties":{"SIGLA":"PP2o","NOME":"Complexo Orobó 1","LITOTIPOS":"Anfibolito, Ortognaisse","AMBIENTE_TECTONICO":null,"ERA_MIN":"Paleoproterozóico","ERA_MAX":"Paleoproterozóico","IDADE_MIN":2050.1,"IDADE_MAX":2300.0,"LEGENDA":"Anfibólio-biotita-granada ortognaisses cinza, com granulação média a fina com marcante bandamento centimétrico a decimétrico, caracterizado pela alternância de camadas félsicas de composição monzogranitica e camadas máficas de composição monzodiorítica a quartzo ¿ monzodiorítica, com lentes de anfibolito.  (Sillimanita)-(granada)-biotita-(anfibólio) gnaisses, (granada)-muscovita- biotita gnaisses, às vezes migmatizados e raros micaxistos. Possuem intercalações de rochas metamáficas e, por vezes, de leucognaisses graníticos a granodioríticos, subordinados níveis de quartzitos e restritas intercalações de mármores e anfibolitos. Afinidade geoquímica cálcio-alcalina de médio a alto potássio, metaluminosa a peraluminosa. 2.103 Ma; U-Pb em zircão: 2,13 - 1,97 Ga. 2,085 + 15Ma.","area_km2":369.05},"geometry":{"type":"Polygon","coordinates":[[[-35.9921,-7.79904],[-35.99728,-7.7974],[-36.0,-7.79918],[-36.0,-7.76874],[-35.98912,-7.75973],[-35.9773,-7.74031],[-35.96289,-7.73044],[-35.92934,-7.69737],[-35.89819,-7.68216],[-35.8674,-7.67448],[-35.85516,-7.66623],[-35.8613,-7.66362],[-35.88239,-7.66564],[-35.89354,-7.67379],[-35.92014,-7.68416],[-35.96475,-7.71943],[-35.97212,-7.72219],[-36.0,-7.72502],[-36.0,-7.61945],[-35.96955,-7.61199],[-35.93986,-7.62173],[-35.92674,-7.62308],[-35.89064,-7.6129],[-35.90754,-7.62955],[-35.93462,-7.64007],[-35.93728,-7.6463],[-35.92585,-7.65003],[-35.92631,-7.6543],[-35.95165,-7.6704],[-35.95619,-7.67865],[-35.95456,-7.68352],[-35.93522,-7.67951],[-35.91831,-7.67061],[-35.90141,-7.66853],[-35.8826,-7.66008],[-35.82023,-7.65861],[-35.81936,-7.6617],[-35.82537,-7.6683],[-35.82907,-7.67751],[-35.82418,-7.68438],[-35.80652,-7.68105],[-35.78518,-7.66912],[-35.75648,-7.65845],[-35.7527,-7.66001],[-35.75525,-7.66794],[-35.75363,-7.67105],[-35.73674,-7.671],[-35.72043,-7.6633],[-35.68107,-7.63591],[-35.66647,-7.63006],[-35.64305,-7.61351],[-35.61937,-7.60164],[-35.58652,-7.57321],[-35.57959,-7.56334],[-35.57659,-7.55046],[-35.58254,-7.54153],[-35.58763,-7.52851],[-35.58764,-7.52242],[-35.58094,-7.51128],[-35.57987,-7.50317],[-35.57742,-7.50225],[-35.57353,-7.50825],[-35.57154,-7.52342],[-35.56346,-7.53392],[-35.55538,-7.53582],[-35.55272,-7.53927],[-35.55209,-7.55836],[-35.57596,-7.57899],[-35.6038,-7.62334],[-35.59406,-7.6251],[-35.56622,-7.60814],[-35.5216,-7.59623],[-35.52985,-7.60603],[-35.58343,-7.63127],[-35.60524,-7.646],[-35.63008,-7.65786],[-35.66812,-7.66839],[-35.68027,-7.67819],[-35.69239,-7.69768],[-35.6954,-7.694],[-35.7068,-7.6958],[-35.70934,-7.70014],[-35.73818,-7.7006],[-35.77125,-7.72663],[-35.79373,-7.72881],[-35.82425,-7.74378],[-35.85842,-7.74442],[-35.86955,-7.73623],[-35.86198,-7.71466],[-35.86263,-7.70607],[-35.86573,-7.70028],[-35.86141,-7.69443],[-35.86185,-7.69099],[-35.89675,-7.69975],[-35.91449,-7.71369],[-35.92154,-7.72325],[-35.92071,-7.72634],[-35.91435,-7.72517],[-35.91214,-7.72863],[-35.92576,-7.74782],[-35.93187,-7.77774],[-35.93807,-7.78665],[-35.9434,-7.79],[-35.959,-7.7873],[-35.974,-7.792],[-35.9814,-7.8032],[-35.991,-7.7999],[-35.99331,-7.80168],[-35.9921,-7.79904]]]}},{"type":"Feature","properties":{"SIGLA":"PP2sg","NOME":"Complexo Salgadinho","LITOTIPOS":"Anfibolito, Metadiorito, Metagabro, Ortognaisse, Quartzo monzodiorito","AMBIENTE_TECTONICO":null,"ERA_MIN":"Paleoproterozóico","ERA_MAX":"Paleoproterozóico","IDADE_MIN":2050.1,"IDADE_MAX":2300.0,"LEGENDA":"Anfibólio-biotita-magnetita ortognaisse bandado e migmatitico, cinza a róseo, granulação fina a média, apresentando composição granítica, granodiorítica e tonalítica. Localmente com lentes de anfibolito, metagrabos, metadioritos e quartzo monzodioritos (às vezes boudinados). U-Pb em zircão: 2,06 Ga. - 2,08 Ga; 2,057 Ga ± 20 Ma..","area_km2":22.92},"geometry":{"type":"Polygon","coordinates":[[[-36.0,-7.72502],[-35.97212,-7.72219],[-35.96475,-7.71943],[-35.92014,-7.68416],[-35.89354,-7.67379],[-35.88239,-7.66564],[-35.8613,-7.66362],[-35.85516,-7.66623],[-35.8674,-7.67448],[-35.89819,-7.68216],[-35.93257,-7.6994],[-35.95319,-7.72174],[-35.9773,-7.74031],[-35.98912,-7.75973],[-36.0,-7.76874],[-36.0,-7.72502]]]}},{"type":"Feature","properties":{"SIGLA":"NP23scqt","NOME":"Litofácies Surubim - Caroalina, quartzito","LITOTIPOS":"Gnaisse quartzo-feldspático, Muscovita quartzito, Quartzito, Rocha calcissilicática","AMBIENTE_TECTONICO":null,"ERA_MIN":"Neoproterozóico","ERA_MAX":"Neoproterozóico","IDADE_MIN":541.1,"IDADE_MAX":720.0,"LEGENDA":"Muscovita quartzito a quartzito, gnaisses quartzo-feldspáticos e rochas calcissilicáticas.","area_km2":5.49},"geometry":{"type":"Polygon","coordinates":[[[-35.867,-7.70541],[-35.87164,-7.69888],[-35.89089,-7.70376],[-35.89839,-7.70728],[-35.90128,-7.71337],[-35.91124,-7.71836],[-35.91435,-7.72517],[-35.91967,-7.7267],[-35.92181,-7.72449],[-35.91449,-7.71369],[-35.89675,-7.69975],[-35.86313,-7.69035],[-35.86141,-7.69443],[-35.86573,-7.70028],[-35.86263,-7.70607],[-35.867,-7.70541]]]}},{"type":"Feature","properties":{"SIGLA":"NP23sc","NOME":"Complexo Surubim - Caroalina","LITOTIPOS":"Granada-biotita gnaisse, Mármore, Muscovita quartzito, Paragnaisse, Rocha calcissilicática, Xisto pelítico","AMBIENTE_TECTONICO":null,"ERA_MIN":"Neoproterozóico","ERA_MAX":"Neoproterozóico","IDADE_MIN":541.1,"IDADE_MAX":720.0,"LEGENDA":"Granada-biotita gnaisse e granada-biotita xisto com cianita, muscovita ou sillimanita, apresentando intercalações de mármore, quartzito micáceo, biotita-muscovita xisto e raras lentes anfibolíticas. Existem ainda micaxistos granatíferos com sillimanita, paragnaisses pelíticos a semi-pelíticos, leucognaisses, anfibólio-biotita paragnaisse, paranfibolitos, rochas cálciossilicáticas e quartzitos. Migmatização localizada. U-Pb em zircão detrítico: < 642 Ma.","area_km2":108.14},"geometry":{"type":"Polygon","coordinates":[[[-36.0,-7.61945],[-36.08295,-7.66227],[-36.16957,-7.70262],[-36.22666,-7.72045],[-36.18566,-7.69218],[-36.14624,-7.67736],[-36.13939,-7.67208],[-36.1378,-7.66509],[-36.13991,-7.65965],[-36.14573,-7.6562],[-36.15918,-7.65553],[-36.1923,-7.66088],[-36.20002,-7.66034],[-36.20485,-7.65432],[-36.19911,-7.64558],[-36.19117,-7.63962],[-36.16297,-7.62497],[-36.13648,-7.62137],[-36.13216,-7.62727],[-36.12187,-7.6275],[-36.10706,-7.62112],[-36.07363,-7.61259],[-36.04559,-7.59947],[-36.03578,-7.59807],[-36.0,-7.60246],[-36.0,-7.61945]]]}},{"type":"Feature","properties":{"SIGLA":"PPMP_gamma_c","NOME":"Suíte Camalaú","LITOTIPOS":"Augen gnaisse, Metagranito, Metamonzonito, Metassienito, Metatonalito, Metatrondhjemito, Ortognaisse, Ortognaisse monzogranítico","AMBIENTE_TECTONICO":null,"ERA_MIN":"Mesoproterozóico","ERA_MAX":"Paleoproterozóico","IDADE_MIN":1000.1,"IDADE_MAX":2500.0,"LEGENDA":"Ortognaisse monzonítico a monzograníticos e/ou tonalítico-trondhjemítico-granítico e sienítico. Por vezes granadíferos com anfibólio e piroxênio associados espacialmente a rochas metagabróicas e metanortosíticas.","area_km2":21.9},"geometry":{"type":"Polygon","coordinates":[[[-36.00032,-7.60251],[-36.03578,-7.59807],[-36.04559,-7.59947],[-36.07363,-7.61259],[-36.10706,-7.62112],[-36.12187,-7.6275],[-36.13216,-7.62727],[-36.13648,-7.62137],[-36.1326,-7.6138],[-36.11347,-7.60067],[-36.0,-7.59005],[-36.00032,-7.60251]],[[-36.0754,-7.5984],[-36.0717,-7.604],[-36.0676,-7.6071],[-36.0754,-7.5984]]]}},{"type":"Feature","properties":{"SIGLA":"PPMP_gamma_c","NOME":"Suíte Camalaú","LITOTIPOS":"Augen gnaisse, Metagranito, Metamonzonito, Metassienito, Metatonalito, Metatrondhjemito, Ortognaisse, Ortognaisse monzogranítico","AMBIENTE_TECTONICO":null,"ERA_MIN":"Mesoproterozóico","ERA_MAX":"Paleoproterozóico","IDADE_MIN":1000.1,"IDADE_MAX":2500.0,"LEGENDA":"Ortognaisse monzonítico a monzograníticos e/ou tonalítico-trondhjemítico-granítico e sienítico. Por vezes granadíferos com anfibólio e piroxênio associados espacialmente a rochas metagabróicas e metanortosíticas.","area_km2":1.89},"geometry":{"type":"Polygon","coordinates":[[[-36.0,-7.59005],[-35.99386,-7.58984],[-35.97878,-7.59684],[-36.0,-7.60246],[-36.0,-7.59005]]]}},{"type":"Feature","properties":{"SIGLA":"NP23sc","NOME":"Complexo Surubim - Caroalina","LITOTIPOS":"Granada-biotita gnaisse, Mármore, Muscovita quartzito, Paragnaisse, Rocha calcissilicática, Xisto pelítico","AMBIENTE_TECTONICO":null,"ERA_MIN":"Neoproterozóico","ERA_MAX":"Neoproterozóico","IDADE_MIN":541.1,"IDADE_MAX":720.0,"LEGENDA":"Granada-biotita gnaisse e granada-biotita xisto com cianita, muscovita ou sillimanita, apresentando intercalações de mármore, quartzito micáceo, biotita-muscovita xisto e raras lentes anfibolíticas. Existem ainda micaxistos granatíferos com sillimanita, paragnaisses pelíticos a semi-pelíticos, leucognaisses, anfibólio-biotita paragnaisse, paranfibolitos, rochas cálciossilicáticas e quartzitos. Migmatização localizada. U-Pb em zircão detrítico: < 642 Ma.","area_km2":65.56},"geometry":{"type":"Polygon","coordinates":[[[-35.8478,-7.59294],[-35.9152,-7.6213],[-35.93243,-7.62308],[-35.97267,-7.61193],[-36.0,-7.61945],[-36.0,-7.60246],[-35.97878,-7.59684],[-35.99386,-7.58984],[-35.94472,-7.58925],[-35.88001,-7.57561],[-35.81295,-7.57634],[-35.74739,-7.56446],[-35.76232,-7.57083],[-35.76704,-7.57789],[-35.80239,-7.58668],[-35.81559,-7.58635],[-35.8478,-7.59294]]]}},{"type":"Feature","properties":{"SIGLA":"PP3se","NOME":"Complexo Sertânia","LITOTIPOS":"Anfibolito, Granada-biotita gnaisse, Mármore calcítico, Mármore dolomítico, Paragnaisse, Paramigmatito, Rocha calcissilicática, Rocha metavulcânica","AMBIENTE_TECTONICO":null,"ERA_MIN":"Paleoproterozóico","ERA_MAX":"Paleoproterozóico","IDADE_MIN":1800.1,"IDADE_MAX":2050.0,"LEGENDA":"Granada-silimanita-muscovita-biotita gnaisses com transição para gnaisses migmatizados estromáticos e anfibolitos; Muscovita-biotita gnaisse, biotita gnaisse, biotita xisto com granada e/ou sillimanita e/ou muscovita, biotita paragnaisses pelíticos com granada e/ou  sillimanita, migmatizados, com intercalações de mármore, rocha calcissilicática, quartzito e raro metavulcanito básico. U-Pb em zircão detrítico. < 1951 Ma. U-Pb em zircão detrítico: < 1,87 Ga.","area_km2":0.01},"geometry":{"type":"Polygon","coordinates":[[[-36.0,-7.58041],[-35.99848,-7.57982],[-36.0,-7.58135],[-36.0,-7.58041]]]}},{"type":"Feature","properties":{"SIGLA":"NP3_gamma_2it45","NOME":"Corpo Plúton Sem Denominação","LITOTIPOS":"Diorito, Granito, Granodiorito, Monzonito","AMBIENTE_TECTONICO":null,"ERA_MIN":"Neoproterozóico","ERA_MAX":"Neoproterozóico","IDADE_MIN":541.1,"IDADE_MAX":635.0,"LEGENDA":"Granito, granodiorito, monzogranito e sienogranito equigranulares médios a grossos a inequigranulares porfiríticos, com fenocristais subédricos a euédricos de K-feldspato (1cm a 7cm) e de plagioclásio (0,5cm a 1cm). Associados a diorito e a fases intermediárias de mistura, com ou sem epidoto magmático. Suíte metaluminosa a levemente peraluminosa, calcialcalina de alto K e levemente shorshonítica. 580 Ma U-Pb.","area_km2":0.01},"geometry":{"type":"Polygon","coordinates":[[[-36.0,-7.58041],[-35.99848,-7.57982],[-36.0,-7.58135],[-36.0,-7.58041]]]}},{"type":"Feature","properties":{"SIGLA":"C_cortado_12_gamma_4p2","NOME":"Corpo Plúton sem denominação","LITOTIPOS":"Biotita sienogranito, Diorito, Monzodiorito, Monzogranito, Norito, Quartzo monzonito","AMBIENTE_TECTONICO":null,"ERA_MIN":"Paleozóico","ERA_MAX":"Paleozóico","IDADE_MIN":485.5,"IDADE_MAX":541.0,"LEGENDA":"Sienogranito com basalto e dacito comagmáticos, subalcalinos a alcalinos; inclui granito, granodiorito e quartzo-monzonito da região de Floresta","area_km2":22.37},"geometry":{"type":"Polygon","coordinates":[[[-36.62638,-7.73877],[-36.63137,-7.74703],[-36.64052,-7.75516],[-36.65415,-7.75613],[-36.65963,-7.75414],[-36.66469,-7.75595],[-36.66953,-7.75197],[-36.67652,-7.75152],[-36.6837,-7.73191],[-36.67941,-7.72952],[-36.67547,-7.73468],[-36.66941,-7.7175],[-36.64982,-7.7137],[-36.64047,-7.71531],[-36.62415,-7.72498],[-36.62638,-7.73877]]]}},{"type":"Feature","properties":{"SIGLA":"PP3se","NOME":"Complexo Sertânia","LITOTIPOS":"Anfibolito, Granada-biotita gnaisse, Mármore calcítico, Mármore dolomítico, Paragnaisse, Paramigmatito, Rocha calcissilicática, Rocha metavulcânica","AMBIENTE_TECTONICO":null,"ERA_MIN":"Paleoproterozóico","ERA_MAX":"Paleoproterozóico","IDADE_MIN":1800.1,"IDADE_MAX":2050.0,"LEGENDA":"Granada-silimanita-muscovita-biotita gnaisses com transição para gnaisses migmatizados estromáticos e anfibolitos; Muscovita-biotita gnaisse, biotita gnaisse, biotita xisto com granada e/ou sillimanita e/ou muscovita, biotita paragnaisses pelíticos com granada e/ou  sillimanita, migmatizados, com intercalações de mármore, rocha calcissilicática, quartzito e raro metavulcanito básico. U-Pb em zircão detrítico. < 1951 Ma. U-Pb em zircão detrítico: < 1,87 Ga.","area_km2":2355.99},"geometry":{"type":"MultiPolygon","coordinates":[[[[-36.83669,-7.96686],[-36.85818,-7.9845],[-36.88252,-8.0],[-36.94982,-8.0],[-36.95307,-7.99585],[-36.95716,-8.0],[-36.96542,-8.0],[-36.96097,-7.99406],[-36.96037,-7.98115],[-36.96712,-7.96392],[-36.96714,-7.95743],[-36.95631,-7.94041],[-36.95753,-7.90938],[-36.9415,-7.86182],[-36.92898,-7.83491],[-36.90753,-7.81231],[-36.86597,-7.79325],[-36.8438,-7.76454],[-36.83635,-7.7497],[-36.82799,-7.71697],[-36.81622,-7.68949],[-36.82095,-7.68055],[-36.83436,-7.6719],[-36.80024,-7.65083],[-36.76604,-7.63744],[-36.75917,-7.6305],[-36.76023,-7.61856],[-36.76731,-7.61096],[-36.77467,-7.6071],[-36.80411,-7.60003],[-36.81201,-7.5949],[-36.75906,-7.59765],[-36.6677,-7.60975],[-36.7177,-7.621],[-36.7538,-7.64593],[-36.76069,-7.65555],[-36.76294,-7.6681],[-36.75671,-7.68062],[-36.75135,-7.68296],[-36.7395,-7.68266],[-36.72421,-7.67843],[-36.69813,-7.66528],[-36.69011,-7.65612],[-36.68484,-7.64367],[-36.68011,-7.64026],[-36.61732,-7.62041],[-36.65503,-7.61159],[-36.70515,-7.59333],[-36.76015,-7.58438],[-36.83279,-7.56634],[-36.87732,-7.56194],[-36.80274,-7.55543],[-36.7575,-7.54687],[-36.71451,-7.5311],[-36.66492,-7.5043],[-36.65733,-7.51054],[-36.65158,-7.50907],[-36.63865,-7.51206],[-36.64347,-7.52429],[-36.64072,-7.53757],[-36.63428,-7.54376],[-36.6237,-7.54425],[-36.6102,-7.53538],[-36.59995,-7.51746],[-36.58853,-7.50457],[-36.5729,-7.49238],[-36.55635,-7.48458],[-36.55008,-7.48382],[-36.5469,-7.49881],[-36.53675,-7.51292],[-36.52714,-7.51843],[-36.51252,-7.51903],[-36.49427,-7.50472],[-36.4878,-7.49657],[-36.48767,-7.49014],[-36.49781,-7.46516],[-36.47874,-7.46451],[-36.45289,-7.47229],[-36.41657,-7.47485],[-36.40655,-7.47335],[-36.3798,-7.46172],[-36.41342,-7.48988],[-36.42516,-7.50455],[-36.44821,-7.5575],[-36.46303,-7.57653],[-36.49693,-7.61062],[-36.51244,-7.62005],[-36.52975,-7.62641],[-36.57603,-7.63326],[-36.5381,-7.64267],[-36.48232,-7.65082],[-36.4463,-7.65375],[-36.39685,-7.65105],[-36.36965,-7.64811],[-36.30708,-7.63096],[-36.24178,-7.61936],[-36.2362,-7.61654],[-36.21403,-7.59961],[-36.15614,-7.53242],[-36.1161,-7.49633],[-36.09652,-7.49086],[-36.07666,-7.49121],[-36.06743,-7.4939],[-36.03939,-7.50879],[-36.02257,-7.51092],[-36.01327,-7.50624],[-36.0,-7.49294],[-36.0,-7.55394],[-36.00775,-7.55257],[-36.02716,-7.55763],[-36.04208,-7.555],[-36.05678,-7.54869],[-36.06856,-7.55493],[-36.08189,-7.55566],[-36.09464,-7.55148],[-36.1141,-7.55107],[-36.12152,-7.55514],[-36.1296,-7.56772],[-36.12797,-7.57932],[-36.13011,-7.58333],[-36.15933,-7.58233],[-36.16851,-7.57967],[-36.17542,-7.59195],[-36.18682,-7.59687],[-36.1873,-7.60325],[-36.175,-7.60829],[-36.13256,-7.60011],[-36.11347,-7.60067],[-36.1326,-7.6138],[-36.13648,-7.62137],[-36.16297,-7.62497],[-36.19117,-7.63962],[-36.19911,-7.64558],[-36.20485,-7.65432],[-36.20002,-7.66034],[-36.1923,-7.66088],[-36.15918,-7.65553],[-36.14573,-7.6562],[-36.13991,-7.65965],[-36.1378,-7.66509],[-36.13939,-7.67208],[-36.14624,-7.67736],[-36.18566,-7.69218],[-36.22666,-7.72045],[-36.40197,-7.77895],[-36.50907,-7.81093],[-36.5539,-7.82096],[-36.57553,-7.83096],[-36.5893,-7.83428],[-36.61352,-7.84807],[-36.66352,-7.88744],[-36.70461,-7.9093],[-36.71752,-7.9214],[-36.75732,-7.9448],[-36.82439,-8.0],[-36.87203,-8.0],[-36.84648,-7.98309],[-36.83584,-7.97325],[-36.83669,-7.96686]],[[-36.83669,-7.96686],[-36.8248,-7.95292],[-36.80703,-7.94005],[-36.79628,-7.928],[-36.79037,-7.92545],[-36.78935,-7.91971],[-36.80546,-7.92733],[-36.81827,-7.94071],[-36.82773,-7.94649],[-36.8373,-7.96198],[-36.83669,-7.96686]],[[-36.78429,-7.91756],[-36.76406,-7.89668],[-36.74769,-7.88413],[-36.7412,-7.8761],[-36.74911,-7.87762],[-36.78786,-7.91062],[-36.78935,-7.91971],[-36.78429,-7.91756]],[[-36.73393,-7.87112],[-36.72424,-7.86155],[-36.70686,-7.84908],[-36.72365,-7.85865],[-36.73393,-7.87112]],[[-36.82552,-7.87862],[-36.82779,-7.87555],[-36.82293,-7.86235],[-36.83054,-7.87258],[-36.82942,-7.87852],[-36.8204,-7.8816],[-36.80687,-7.87575],[-36.82094,-7.87949],[-36.82552,-7.87862]],[[-36.77728,-7.81185],[-36.77736,-7.80689],[-36.78755,-7.81014],[-36.79578,-7.81984],[-36.79657,-7.82562],[-36.78667,-7.81237],[-36.78175,-7.81002],[-36.78047,-7.81217],[-36.7925,-7.82418],[-36.77728,-7.81185]],[[-36.85517,-7.893],[-36.8481,-7.89522],[-36.83869,-7.88449],[-36.83944,-7.87954],[-36.85611,-7.88924],[-36.85517,-7.893]],[[-36.73079,-7.7832],[-36.71381,-7.77457],[-36.70472,-7.76541],[-36.70992,-7.76635],[-36.73232,-7.77989],[-36.73394,-7.7815],[-36.73079,-7.7832]],[[-36.86964,-7.93759],[-36.87802,-7.93152],[-36.88123,-7.92516],[-36.88185,-7.92848],[-36.87521,-7.93548],[-36.87395,-7.94171],[-36.86378,-7.94384],[-36.85655,-7.93445],[-36.85439,-7.92676],[-36.86384,-7.937],[-36.86964,-7.93759]],[[-36.8864,-7.84682],[-36.87546,-7.84359],[-36.86572,-7.83329],[-36.87088,-7.83027],[-36.87465,-7.83178],[-36.88569,-7.84258],[-36.8864,-7.84682]],[[-36.75957,-7.80164],[-36.74156,-7.78609],[-36.7406,-7.7837],[-36.75621,-7.79585],[-36.76468,-7.80645],[-36.75414,-7.80506],[-36.74039,-7.79399],[-36.73915,-7.78875],[-36.75618,-7.80158],[-36.75957,-7.80164]],[[-36.77803,-7.89158],[-36.77601,-7.88832],[-36.77915,-7.88558],[-36.76337,-7.87442],[-36.75344,-7.8552],[-36.75955,-7.85955],[-36.77021,-7.87605],[-36.78604,-7.88872],[-36.77803,-7.89158]],[[-36.85427,-7.84054],[-36.8442,-7.83912],[-36.8375,-7.83082],[-36.83638,-7.82547],[-36.86279,-7.84228],[-36.86881,-7.842],[-36.87039,-7.84547],[-36.86542,-7.84668],[-36.85427,-7.84054]],[[-36.88987,-7.90028],[-36.89011,-7.89092],[-36.90176,-7.90177],[-36.89291,-7.89758],[-36.90442,-7.93562],[-36.89734,-7.92721],[-36.88987,-7.90028]],[[-36.84648,-7.81988],[-36.82393,-7.8133],[-36.82102,-7.80915],[-36.82429,-7.80235],[-36.84774,-7.81639],[-36.84648,-7.81988]],[[-36.72948,-7.70243],[-36.71809,-7.70242],[-36.7195,-7.69961],[-36.7276,-7.69584],[-36.74481,-7.69841],[-36.75115,-7.70424],[-36.74982,-7.70741],[-36.74487,-7.70874],[-36.72948,-7.70243]],[[-36.79749,-7.83772],[-36.80029,-7.83488],[-36.80205,-7.84035],[-36.80791,-7.84426],[-36.8068,-7.85008],[-36.82022,-7.84921],[-36.81929,-7.85811],[-36.81637,-7.85962],[-36.8016,-7.85317],[-36.79917,-7.85072],[-36.80206,-7.84948],[-36.79997,-7.84626],[-36.78552,-7.83719],[-36.79749,-7.83772]],[[-36.48645,-7.71165],[-36.4538,-7.69561],[-36.44659,-7.68941],[-36.44539,-7.68302],[-36.45159,-7.68437],[-36.47254,-7.6966],[-36.48645,-7.71165]],[[-36.68768,-7.65953],[-36.68351,-7.66032],[-36.67068,-7.65639],[-36.66206,-7.6481],[-36.66078,-7.64059],[-36.66854,-7.64061],[-36.67388,-7.6437],[-36.68543,-7.65284],[-36.68768,-7.65953]],[[-36.58257,-7.68286],[-36.56682,-7.68277],[-36.56976,-7.68108],[-36.5428,-7.67288],[-36.51985,-7.65941],[-36.53213,-7.66055],[-36.55638,-7.67052],[-36.55834,-7.67462],[-36.58257,-7.68286]],[[-36.85766,-7.958],[-36.8378,-7.94688],[-36.83594,-7.94281],[-36.85407,-7.94975],[-36.86734,-7.94928],[-36.88137,-7.95211],[-36.87413,-7.95823],[-36.86118,-7.96219],[-36.85788,-7.96139],[-36.85766,-7.958]],[[-36.91795,-7.87064],[-36.9173,-7.86104],[-36.92196,-7.88119],[-36.91217,-7.86879],[-36.92608,-7.90936],[-36.92461,-7.93182],[-36.9188,-7.91865],[-36.91682,-7.90186],[-36.92312,-7.92114],[-36.92452,-7.91637],[-36.91998,-7.89624],[-36.90929,-7.86749],[-36.91001,-7.86302],[-36.91233,-7.86299],[-36.91795,-7.87064]],[[-36.75299,-7.77179],[-36.74519,-7.75456],[-36.74902,-7.74332],[-36.7525,-7.74165],[-36.75559,-7.74665],[-36.7507,-7.75528],[-36.75694,-7.76717],[-36.75586,-7.7774],[-36.75051,-7.77673],[-36.7452,-7.77021],[-36.73641,-7.76536],[-36.73868,-7.77313],[-36.73452,-7.77558],[-36.7283,-7.76974],[-36.72302,-7.75902],[-36.73184,-7.76001],[-36.74454,-7.76527],[-36.74988,-7.77189],[-36.75299,-7.77179]],[[-36.8259,-7.73115],[-36.81999,-7.72916],[-36.81052,-7.71338],[-36.80126,-7.70325],[-36.79136,-7.69635],[-36.77261,-7.68929],[-36.77258,-7.68703],[-36.77853,-7.68669],[-36.79119,-7.69144],[-36.81052,-7.70302],[-36.82263,-7.71598],[-36.82621,-7.72432],[-36.8259,-7.73115]],[[-36.81236,-7.79263],[-36.79922,-7.77416],[-36.79953,-7.76865],[-36.82124,-7.78258],[-36.83781,-7.79946],[-36.84082,-7.79972],[-36.83919,-7.79191],[-36.84323,-7.79326],[-36.8488,-7.80257],[-36.84985,-7.81173],[-36.81517,-7.78346],[-36.81346,-7.78365],[-36.82127,-7.79634],[-36.81236,-7.79263]],[[-36.81807,-7.83049],[-36.8174,-7.82443],[-36.82772,-7.83092],[-36.8355,-7.84374],[-36.84075,-7.85825],[-36.84741,-7.86526],[-36.84632,-7.87294],[-36.84124,-7.87621],[-36.83896,-7.87638],[-36.84077,-7.86932],[-36.83551,-7.86189],[-36.83584,-7.85403],[-36.82563,-7.83558],[-36.82989,-7.84923],[-36.82797,-7.8526],[-36.83068,-7.85588],[-36.82961,-7.85835],[-36.82279,-7.84751],[-36.81105,-7.83612],[-36.81097,-7.82751],[-36.81574,-7.83177],[-36.81807,-7.83049]],[[-36.8009,-7.81326],[-36.78519,-7.79007],[-36.78132,-7.77354],[-36.78299,-7.76553],[-36.79576,-7.78208],[-36.79295,-7.78837],[-36.80105,-7.80769],[-36.80586,-7.81129],[-36.80926,-7.80723],[-36.80147,-7.79127],[-36.80116,-7.78571],[-36.81365,-7.80438],[-36.81476,-7.81144],[-36.8115,-7.81613],[-36.80816,-7.8172],[-36.8009,-7.81326]],[[-36.59589,-7.65138],[-36.60436,-7.6481],[-36.63826,-7.65428],[-36.64796,-7.66492],[-36.65096,-7.67357],[-36.63956,-7.66199],[-36.62749,-7.65619],[-36.62007,-7.65628],[-36.60186,-7.66212],[-36.60713,-7.655],[-36.60515,-7.65317],[-36.58534,-7.6697],[-36.57577,-7.67148],[-36.57912,-7.67688],[-36.56945,-7.67584],[-36.5607,-7.66801],[-36.56075,-7.66579],[-36.57629,-7.66573],[-36.59589,-7.65138]],[[-36.53683,-7.68105],[-36.53306,-7.67828],[-36.53949,-7.67583],[-36.54492,-7.67787],[-36.54327,-7.68209],[-36.55016,-7.68334],[-36.55128,-7.68632],[-36.54428,-7.68828],[-36.54795,-7.69314],[-36.5567,-7.68845],[-36.55635,-7.68442],[-36.56368,-7.6877],[-36.56459,-7.68984],[-36.56208,-7.69238],[-36.56923,-7.6982],[-36.5672,-7.70524],[-36.57353,-7.7125],[-36.57437,-7.71672],[-36.56624,-7.7169],[-36.54666,-7.70684],[-36.54643,-7.70379],[-36.55077,-7.70118],[-36.5341,-7.68566],[-36.53683,-7.68105]],[[-36.85494,-7.86182],[-36.83917,-7.84254],[-36.85387,-7.84903],[-36.86224,-7.84898],[-36.87005,-7.85232],[-36.8839,-7.85041],[-36.88381,-7.86584],[-36.88629,-7.8684],[-36.894,-7.86863],[-36.89439,-7.87178],[-36.88946,-7.87542],[-36.89848,-7.87573],[-36.90122,-7.881],[-36.90088,-7.88785],[-36.89668,-7.8888],[-36.88225,-7.8828],[-36.87779,-7.87565],[-36.88148,-7.86576],[-36.87877,-7.86206],[-36.8635,-7.8657],[-36.85494,-7.86182]],[[-36.70363,-7.82993],[-36.71177,-7.83258],[-36.72359,-7.83067],[-36.7393,-7.83982],[-36.74991,-7.85399],[-36.74325,-7.85507],[-36.75497,-7.86923],[-36.73774,-7.85728],[-36.73281,-7.84763],[-36.7345,-7.84478],[-36.72936,-7.83747],[-36.72607,-7.84018],[-36.70711,-7.83326],[-36.7062,-7.84032],[-36.70848,-7.84299],[-36.71793,-7.84147],[-36.72794,-7.84838],[-36.72499,-7.85483],[-36.71477,-7.84651],[-36.70979,-7.84923],[-36.7022,-7.84752],[-36.69868,-7.83719],[-36.69402,-7.83468],[-36.69295,-7.81649],[-36.68837,-7.81676],[-36.67919,-7.81042],[-36.68326,-7.80527],[-36.69367,-7.80981],[-36.69859,-7.81482],[-36.70392,-7.81559],[-36.7062,-7.81139],[-36.70964,-7.81327],[-36.70439,-7.82289],[-36.70363,-7.82993]],[[-36.43109,-7.72138],[-36.38081,-7.69486],[-36.35151,-7.6763],[-36.33247,-7.66246],[-36.33242,-7.66005],[-36.34185,-7.6615],[-36.37162,-7.67393],[-36.40778,-7.69407],[-36.42622,-7.71001],[-36.43107,-7.71679],[-36.43109,-7.72138]],[[-36.62921,-7.74403],[-36.62454,-7.73441],[-36.62362,-7.72601],[-36.64152,-7.71496],[-36.65208,-7.71361],[-36.66726,-7.71633],[-36.67217,-7.72132],[-36.67547,-7.73468],[-36.67941,-7.72952],[-36.68352,-7.73072],[-36.67652,-7.75152],[-36.66953,-7.75197],[-36.66596,-7.75573],[-36.65963,-7.75414],[-36.65415,-7.75613],[-36.64155,-7.75561],[-36.62921,-7.74403]],[[-36.55217,-7.60516],[-36.58004,-7.61379],[-36.58531,-7.60769],[-36.58422,-7.59794],[-36.5923,-7.60177],[-36.60226,-7.601],[-36.60434,-7.60369],[-36.59997,-7.61087],[-36.60229,-7.62499],[-36.58186,-7.63123],[-36.53427,-7.62153],[-36.51611,-7.60823],[-36.51168,-7.59983],[-36.51114,-7.59231],[-36.51616,-7.58677],[-36.52866,-7.58624],[-36.55217,-7.60516]]],[[[-37.21908,-7.95941],[-37.21771,-7.94279],[-37.2004,-7.92662],[-37.19528,-7.91796],[-37.20987,-7.90797],[-37.21584,-7.88765],[-37.21237,-7.87911],[-37.19499,-7.8772],[-37.19027,-7.87482],[-37.18779,-7.86968],[-37.19519,-7.85978],[-37.1969,-7.84653],[-37.18927,-7.8303],[-37.18758,-7.81855],[-37.18383,-7.81723],[-37.1769,-7.82917],[-37.15904,-7.84327],[-37.15454,-7.85105],[-37.14427,-7.85751],[-37.13999,-7.86518],[-37.12126,-7.87862],[-37.10343,-7.89886],[-37.07477,-7.9108],[-37.06397,-7.91835],[-37.05976,-7.92371],[-37.02524,-8.0],[-37.03027,-8.0],[-37.03067,-7.99466],[-37.03919,-7.98],[-37.05288,-7.97579],[-37.05693,-7.97829],[-37.05769,-7.98531],[-37.05629,-7.99358],[-37.05222,-8.0],[-37.09042,-8.0],[-37.09158,-7.99161],[-37.10054,-7.97642],[-37.1049,-7.94853],[-37.12027,-7.93551],[-37.12694,-7.93727],[-37.13386,-7.95814],[-37.14268,-7.96924],[-37.14766,-7.9803],[-37.14679,-7.98517],[-37.13637,-8.0],[-37.15843,-8.0],[-37.1604,-7.9972],[-37.17585,-7.99656],[-37.17916,-7.96794],[-37.18952,-7.94604],[-37.19542,-7.94914],[-37.19755,-7.95782],[-37.2079,-7.9519],[-37.2173,-7.9564],[-37.21908,-7.95941]]],[[[-37.19315,-7.98032],[-37.19293,-7.98291],[-37.19328,-7.9792],[-37.19315,-7.98032]]],[[[-36.00032,-7.59005],[-36.00827,-7.59161],[-36.01678,-7.5924],[-36.0,-7.58135],[-36.00032,-7.59005]]]]}},{"type":"Feature","properties":{"SIGLA":"C_cortado_12_gamma_4p1","NOME":"Corpo Plúton Prata","LITOTIPOS":"Biotita sienogranito, Diorito, Monzodiorito, Monzogranito, Norito, Quartzo monzodiorito","AMBIENTE_TECTONICO":null,"ERA_MIN":"Paleozóico","ERA_MAX":"Paleozóico","IDADE_MIN":485.5,"IDADE_MAX":541.0,"LEGENDA":"Sienogranito com basalto e dacito comagmático subalcalino e alcalino 540 a 520 Ma U-Pb","area_km2":338.7},"geometry":{"type":"Polygon","coordinates":[[[-37.16251,-7.79669],[-37.1099,-7.71896],[-37.0736,-7.68664],[-37.0337,-7.64242],[-37.01189,-7.62575],[-36.98648,-7.61365],[-36.93309,-7.6022],[-36.87018,-7.59505],[-36.84627,-7.60287],[-36.83186,-7.61898],[-36.82738,-7.62074],[-36.82292,-7.61597],[-36.81771,-7.61547],[-36.81639,-7.61252],[-36.8218,-7.60813],[-36.8381,-7.60247],[-36.83886,-7.59288],[-36.83191,-7.59279],[-36.81201,-7.5949],[-36.80411,-7.60003],[-36.77467,-7.6071],[-36.76641,-7.61157],[-36.76023,-7.61856],[-36.75851,-7.62813],[-36.76385,-7.63613],[-36.80024,-7.65083],[-36.83436,-7.6719],[-36.86237,-7.67161],[-36.88518,-7.66073],[-36.89162,-7.65386],[-36.92087,-7.65018],[-36.92297,-7.64627],[-36.9325,-7.64306],[-36.93223,-7.64942],[-36.93571,-7.65268],[-36.95098,-7.65382],[-36.94755,-7.65697],[-36.93815,-7.6585],[-36.9434,-7.66032],[-36.95519,-7.6616],[-36.97284,-7.65751],[-36.98997,-7.66408],[-37.01088,-7.66447],[-37.02302,-7.6692],[-37.04188,-7.6996],[-37.0732,-7.70903],[-37.07974,-7.71375],[-37.07659,-7.71844],[-37.05221,-7.72626],[-37.04574,-7.73265],[-37.04429,-7.74143],[-37.05643,-7.76862],[-37.07285,-7.79262],[-37.07624,-7.81067],[-37.06911,-7.83499],[-37.08025,-7.85756],[-37.09697,-7.85255],[-37.11708,-7.86508],[-37.12902,-7.86877],[-37.13999,-7.86518],[-37.14427,-7.85751],[-37.15711,-7.84835],[-37.15893,-7.83792],[-37.15447,-7.80933],[-37.16251,-7.79669]]]}},{"type":"Feature","properties":{"SIGLA":"PPMP_gamma_c","NOME":"Suíte Camalaú","LITOTIPOS":"Augen gnaisse, Metagranito, Metamonzonito, Metassienito, Metatonalito, Metatrondhjemito, Ortognaisse, Ortognaisse monzogranítico","AMBIENTE_TECTONICO":null,"ERA_MIN":"Mesoproterozóico","ERA_MAX":"Paleoproterozóico","IDADE_MIN":1000.1,"IDADE_MAX":2500.0,"LEGENDA":"Ortognaisse monzonítico a monzograníticos e/ou tonalítico-trondhjemítico-granítico e sienítico. Por vezes granadíferos com anfibólio e piroxênio associados espacialmente a rochas metagabróicas e metanortosíticas.","area_km2":4.91},"geometry":{"type":"Polygon","coordinates":[[[-36.82382,-7.7318],[-36.82635,-7.73014],[-36.82621,-7.72432],[-36.81603,-7.70768],[-36.79249,-7.69201],[-36.77972,-7.68698],[-36.77258,-7.68703],[-36.77261,-7.68929],[-36.79136,-7.69635],[-36.80126,-7.70325],[-36.82382,-7.7318]]]}},{"type":"Feature","properties":{"SIGLA":"PPMP_gamma_c","NOME":"Suíte Camalaú","LITOTIPOS":"Augen gnaisse, Metagranito, Metamonzonito, Metassienito, Metatonalito, Metatrondhjemito, Ortognaisse, Ortognaisse monzogranítico","AMBIENTE_TECTONICO":null,"ERA_MIN":"Mesoproterozóico","ERA_MAX":"Paleoproterozóico","IDADE_MIN":1000.1,"IDADE_MAX":2500.0,"LEGENDA":"Ortognaisse monzonítico a monzograníticos e/ou tonalítico-trondhjemítico-granítico e sienítico. Por vezes granadíferos com anfibólio e piroxênio associados espacialmente a rochas metagabróicas e metanortosíticas.","area_km2":2.74},"geometry":{"type":"Polygon","coordinates":[[[-36.71857,-7.70308],[-36.72948,-7.70243],[-36.74487,-7.70874],[-36.74982,-7.70741],[-36.75115,-7.70424],[-36.74481,-7.69841],[-36.7276,-7.69584],[-36.72229,-7.69705],[-36.71857,-7.70308]]]}},{"type":"Feature","properties":{"SIGLA":"PPMP_gamma_c","NOME":"Suíte Camalaú","LITOTIPOS":"Augen gnaisse, Metagranito, Metamonzonito, Metassienito, Metatonalito, Metatrondhjemito, Ortognaisse, Ortognaisse monzogranítico","AMBIENTE_TECTONICO":null,"ERA_MIN":"Mesoproterozóico","ERA_MAX":"Paleoproterozóico","IDADE_MIN":1000.1,"IDADE_MAX":2500.0,"LEGENDA":"Ortognaisse monzonítico a monzograníticos e/ou tonalítico-trondhjemítico-granítico e sienítico. Por vezes granadíferos com anfibólio e piroxênio associados espacialmente a rochas metagabróicas e metanortosíticas.","area_km2":8.33},"geometry":{"type":"Polygon","coordinates":[[[-36.59869,-7.64931],[-36.57629,-7.66573],[-36.56075,-7.66579],[-36.5607,-7.66801],[-36.56945,-7.67584],[-36.57912,-7.67688],[-36.57577,-7.67148],[-36.58534,-7.6697],[-36.60515,-7.65317],[-36.60713,-7.655],[-36.60186,-7.66212],[-36.62007,-7.65628],[-36.62749,-7.65619],[-36.63956,-7.66199],[-36.65096,-7.67357],[-36.64796,-7.66492],[-36.63826,-7.65428],[-36.60436,-7.6481],[-36.59869,-7.64931]]]}},{"type":"Feature","properties":{"SIGLA":"PPMP_gamma_c","NOME":"Suíte Camalaú","LITOTIPOS":"Augen gnaisse, Metagranito, Metamonzonito, Metassienito, Metatonalito, Metatrondhjemito, Ortognaisse, Ortognaisse monzogranítico","AMBIENTE_TECTONICO":null,"ERA_MIN":"Mesoproterozóico","ERA_MAX":"Paleoproterozóico","IDADE_MIN":1000.1,"IDADE_MAX":2500.0,"LEGENDA":"Ortognaisse monzonítico a monzograníticos e/ou tonalítico-trondhjemítico-granítico e sienítico. Por vezes granadíferos com anfibólio e piroxênio associados espacialmente a rochas metagabróicas e metanortosíticas.","area_km2":3.55},"geometry":{"type":"Polygon","coordinates":[[[-36.68597,-7.66052],[-36.68794,-7.6584],[-36.68681,-7.6548],[-36.67959,-7.64788],[-36.66961,-7.64097],[-36.66078,-7.64059],[-36.66159,-7.64715],[-36.66582,-7.65276],[-36.67395,-7.65815],[-36.68597,-7.66052]]]}},{"type":"Feature","properties":{"SIGLA":"PP3su","NOME":"Complexo Sumé","LITOTIPOS":"Formação ferrífera bandada, Granulito, Mármore, Metagabro, Metapiroxenito, Ortognaisse, Paragnaisse, Rocha calcissilicática","AMBIENTE_TECTONICO":null,"ERA_MIN":"Paleoproterozóico","ERA_MAX":"Paleoproterozóico","IDADE_MIN":1800.1,"IDADE_MAX":2050.0,"LEGENDA":"Leuco-ortognaisse e paragnaisse com intercalações de metamáficas, granada-biotita gnaisses migmatíticos, leucognaisse com granada, rocha calcissilitcática, metapiroxenito, metagabro com granada (retroeclogito), formação ferrífera e granulito.","area_km2":57.46},"geometry":{"type":"Polygon","coordinates":[[[-36.6614,-7.60943],[-36.61732,-7.62041],[-36.68011,-7.64026],[-36.68484,-7.64367],[-36.69011,-7.65612],[-36.69813,-7.66528],[-36.72421,-7.67843],[-36.7395,-7.68266],[-36.75135,-7.68296],[-36.75671,-7.68062],[-36.76065,-7.67543],[-36.76297,-7.66207],[-36.76069,-7.65555],[-36.7538,-7.64593],[-36.73236,-7.62937],[-36.70864,-7.61782],[-36.6614,-7.60943]]]}},{"type":"Feature","properties":{"SIGLA":"NP3_delta_2","NOME":"Suíte Máfica a intermediária","LITOTIPOS":"Diorito, Gabro, Gabronorito, Granodiorito, Monzodiorito, Quartzo diorito, Tonalito","AMBIENTE_TECTONICO":null,"ERA_MIN":"Neoproterozóico","ERA_MAX":"Neoproterozóico","IDADE_MIN":541.1,"IDADE_MAX":635.0,"LEGENDA":"Gabro, gabro norito, diorito, monzo e quartzo diorito, quartzo monzonito e granodiorito, finos a médios, de afinidade subalcalina, cálcio-alcalino e shoshonítica. Localmente com enclaves de ortognaisse migmatíticos da unidade Mombaça.  . Idade U-Pb = 619 ± 92Ma.","area_km2":5.85},"geometry":{"type":"Polygon","coordinates":[[[-36.83886,-7.59288],[-36.8381,-7.60247],[-36.81861,-7.60966],[-36.81689,-7.61483],[-36.82971,-7.62034],[-36.84627,-7.60287],[-36.87018,-7.59505],[-36.85058,-7.59158],[-36.83886,-7.59288]]]}},{"type":"Feature","properties":{"SIGLA":"PP3jb","NOME":"Complexo Serra de Jabitacá","LITOTIPOS":"Metagranodiorito, Metatonalito, Migmatito","AMBIENTE_TECTONICO":null,"ERA_MIN":"Paleoproterozóico","ERA_MAX":"Paleoproterozóico","IDADE_MIN":1800.1,"IDADE_MAX":2050.0,"LEGENDA":"Ortognaisse e migmatito tonalítico-granodiorítico, com paragnaisse, anfibolito e leptinito. U-Pb em Zircão: 2,033Ga.","area_km2":1017.27},"geometry":{"type":"MultiPolygon","coordinates":[[[[-37.02236,-7.41498],[-36.99613,-7.40844],[-36.93544,-7.40372],[-36.93843,-7.40704],[-36.94311,-7.40761],[-36.94499,-7.41188],[-36.95096,-7.4154],[-36.92922,-7.41682],[-36.92132,-7.42332],[-36.90817,-7.41991],[-36.89727,-7.4244],[-36.84385,-7.39724],[-36.80868,-7.38326],[-36.76194,-7.37663],[-36.6456,-7.35381],[-36.60792,-7.35123],[-36.54283,-7.36375],[-36.52295,-7.36343],[-36.49295,-7.357],[-36.49362,-7.36178],[-36.4971,-7.36444],[-36.51161,-7.37076],[-36.52702,-7.38218],[-36.52853,-7.38605],[-36.52447,-7.38774],[-36.46256,-7.37072],[-36.42084,-7.36592],[-36.3832,-7.36914],[-36.36274,-7.37537],[-36.33147,-7.39098],[-36.31676,-7.39429],[-36.29853,-7.39488],[-36.30949,-7.39936],[-36.32162,-7.40013],[-36.39067,-7.38807],[-36.43461,-7.38603],[-36.47234,-7.38744],[-36.48626,-7.39083],[-36.49456,-7.39596],[-36.49476,-7.39888],[-36.45279,-7.40034],[-36.40843,-7.40781],[-36.39924,-7.41332],[-36.39174,-7.43553],[-36.38475,-7.44181],[-36.38015,-7.44138],[-36.3701,-7.43413],[-36.34212,-7.42164],[-36.29031,-7.40544],[-36.32606,-7.42504],[-36.3798,-7.46172],[-36.41022,-7.47427],[-36.43924,-7.47438],[-36.47758,-7.46466],[-36.49781,-7.46516],[-36.50998,-7.45276],[-36.51577,-7.45026],[-36.52443,-7.44929],[-36.53503,-7.45199],[-36.54793,-7.47183],[-36.55008,-7.48382],[-36.57175,-7.49167],[-36.58853,-7.50457],[-36.59995,-7.51746],[-36.6102,-7.53538],[-36.6237,-7.54425],[-36.63322,-7.54416],[-36.6386,-7.54058],[-36.64209,-7.53418],[-36.64347,-7.52429],[-36.63865,-7.51206],[-36.63056,-7.51873],[-36.62593,-7.51722],[-36.62357,-7.50657],[-36.61378,-7.48818],[-36.6241,-7.4856],[-36.6358,-7.47317],[-36.65044,-7.47549],[-36.66225,-7.47387],[-36.67893,-7.48662],[-36.68126,-7.49078],[-36.67869,-7.50089],[-36.66492,-7.5043],[-36.72289,-7.53487],[-36.76716,-7.5494],[-36.75462,-7.53595],[-36.74174,-7.51437],[-36.73067,-7.51163],[-36.71664,-7.50348],[-36.70275,-7.48378],[-36.69705,-7.45],[-36.70547,-7.43133],[-36.70247,-7.4207],[-36.68776,-7.40324],[-36.67372,-7.39629],[-36.65828,-7.39386],[-36.6573,-7.39],[-36.65926,-7.38733],[-36.66207,-7.38576],[-36.68374,-7.39418],[-36.72943,-7.41682],[-36.7602,-7.43505],[-36.79642,-7.43907],[-36.80271,-7.43458],[-36.80954,-7.43463],[-36.82151,-7.44637],[-36.84525,-7.45786],[-36.853,-7.4573],[-36.85871,-7.4532],[-36.85817,-7.44908],[-36.84632,-7.44043],[-36.84354,-7.43553],[-36.8443,-7.43158],[-36.85345,-7.42623],[-36.86759,-7.42806],[-36.87732,-7.43375],[-36.8811,-7.43998],[-36.90393,-7.45466],[-36.9128,-7.45005],[-36.9413,-7.44937],[-36.93716,-7.44449],[-36.91954,-7.43614],[-36.92,-7.4318],[-36.95308,-7.4357],[-36.97273,-7.4432],[-36.97706,-7.45095],[-36.99516,-7.47069],[-36.9941,-7.4647],[-37.0033,-7.4549],[-37.0107,-7.4536],[-37.0132,-7.445],[-37.0212,-7.4402],[-37.0236,-7.4339],[-37.0145,-7.4304],[-37.0176,-7.4246],[-37.026,-7.4225],[-37.02236,-7.41498]],[[-36.85175,-7.42463],[-36.84441,-7.42578],[-36.83064,-7.42103],[-36.82374,-7.41541],[-36.82226,-7.40889],[-36.82999,-7.40785],[-36.84008,-7.41093],[-36.85267,-7.41912],[-36.85175,-7.42463]]],[[[-37.09513,-7.52372],[-37.0699,-7.5174],[-37.0633,-7.5142],[-37.0538,-7.5046],[-37.0432,-7.5039],[-37.0106,-7.4896],[-37.0049,-7.49491],[-37.00731,-7.50132],[-37.0066,-7.51998],[-37.01507,-7.52945],[-37.0376,-7.54074],[-37.0383,-7.54293],[-37.02648,-7.54432],[-36.94315,-7.5369],[-36.93326,-7.53187],[-36.91257,-7.51328],[-36.88089,-7.50255],[-36.86461,-7.49093],[-36.83883,-7.48159],[-36.82386,-7.48035],[-36.82207,-7.4846],[-36.82915,-7.49413],[-36.87302,-7.53006],[-36.89589,-7.54282],[-36.93234,-7.55483],[-36.82297,-7.56817],[-36.76015,-7.58438],[-36.69672,-7.59536],[-36.6614,-7.60943],[-36.75906,-7.59765],[-36.85058,-7.59158],[-36.93309,-7.6022],[-36.97771,-7.61079],[-37.01189,-7.62575],[-37.0337,-7.64242],[-37.03381,-7.63762],[-37.03581,-7.63656],[-37.07269,-7.64053],[-37.09318,-7.62787],[-37.11231,-7.63395],[-37.13165,-7.63413],[-37.13553,-7.63137],[-37.14114,-7.61954],[-37.16669,-7.61535],[-37.17735,-7.5947],[-37.1636,-7.5747],[-37.1371,-7.5552],[-37.1288,-7.5427],[-37.1183,-7.5344],[-37.1061,-7.5311],[-37.09513,-7.52372]]]]}},{"type":"Feature","properties":{"SIGLA":"PP3su","NOME":"Complexo Sumé","LITOTIPOS":"Formação ferrífera bandada, Granulito, Mármore, Metagabro, Metapiroxenito, Ortognaisse, Paragnaisse, Rocha calcissilicática","AMBIENTE_TECTONICO":null,"ERA_MIN":"Paleoproterozóico","ERA_MAX":"Paleoproterozóico","IDADE_MIN":1800.1,"IDADE_MAX":2050.0,"LEGENDA":"Leuco-ortognaisse e paragnaisse com intercalações de metamáficas, granada-biotita gnaisses migmatíticos, leucognaisse com granada, rocha calcissilitcática, metapiroxenito, metagabro com granada (retroeclogito), formação ferrífera e granulito.","area_km2":3.73},"geometry":{"type":"Polygon","coordinates":[[[-36.59476,-7.62715],[-36.56147,-7.62008],[-36.53965,-7.60655],[-36.5362,-7.6059],[-36.53326,-7.6093],[-36.54294,-7.61798],[-36.56434,-7.62534],[-36.58994,-7.62894],[-36.59476,-7.62715]]]}},{"type":"Feature","properties":{"SIGLA":"NP3_gamma_i","NOME":"Corpo Granitoides indiscriminados brasilianos","LITOTIPOS":"Biotita granito, Granito pórfiro, Granitoide, Granodiorito, Metagranito, Monzogranito, Quartzo diorito, Quartzo monzonito, Sienogranito, Tonalito","AMBIENTE_TECTONICO":null,"ERA_MIN":"Neoproterozóico","ERA_MAX":"Neoproterozóico","IDADE_MIN":541.1,"IDADE_MAX":635.0,"LEGENDA":"Granitoides de composição petrográfica diversa e quimismo não determinado. Granitoides cinzentos, geralmente de granulometria média a grossa (fácies porfirítica subordinada), de composição granítica dominante, em parte com enclaves dioríticos, em jazimentos individualizados ou intrusivos, de foliação incipiente, alguns gnaissificados e fortemente milonitizados. Monzogranito, granodiorito, tonalito e sienogranito cinza claro a róseo, com granulação fina, foliação definida pela orientação preferencial da biotita; possuem xenólitos; Sienito isotrópico fino a médio, inequigranular e porfirítico.; Hornblenda -biotita diorito e monzodiorito inequigranular fino, foliado, de coloração cinza escura, com enclaves microgranulares e clots de biotita; Biotita metaquartzo sienito a granito peraluminoso, metagranito com biotita metaluminoso e hiperstênio-hornblenda metatonalito. Localmente, exibem foliação magmática; Também ocorrem quartzo diorito, granodiorito, tonalito e quartzo monzonito fortemente milonitizados. Também ocorrem quartzo diorito, granodiorito, tonalito e quartzo monzonito.","area_km2":6.41},"geometry":{"type":"Polygon","coordinates":[[[-36.55716,-7.6079],[-36.57717,-7.62031],[-36.60229,-7.62499],[-36.60003,-7.60977],[-36.60434,-7.60369],[-36.60226,-7.601],[-36.5923,-7.60177],[-36.58516,-7.59764],[-36.58531,-7.60769],[-36.58122,-7.61355],[-36.55716,-7.6079]]]}},{"type":"Feature","properties":{"SIGLA":"PPMP_gamma_c","NOME":"Suíte Camalaú","LITOTIPOS":"Augen gnaisse, Metagranito, Metamonzonito, Metassienito, Metatonalito, Metatrondhjemito, Ortognaisse, Ortognaisse monzogranítico","AMBIENTE_TECTONICO":null,"ERA_MIN":"Mesoproterozóico","ERA_MAX":"Paleoproterozóico","IDADE_MIN":1000.1,"IDADE_MAX":2500.0,"LEGENDA":"Ortognaisse monzonítico a monzograníticos e/ou tonalítico-trondhjemítico-granítico e sienítico. Por vezes granadíferos com anfibólio e piroxênio associados espacialmente a rochas metagabróicas e metanortosíticas.","area_km2":15.45},"geometry":{"type":"Polygon","coordinates":[[[-36.58994,-7.62894],[-36.56887,-7.62618],[-36.55302,-7.62174],[-36.5407,-7.6167],[-36.53326,-7.6093],[-36.5362,-7.6059],[-36.53965,-7.60655],[-36.55676,-7.61811],[-36.56974,-7.62278],[-36.59476,-7.62715],[-36.60229,-7.62499],[-36.58782,-7.62331],[-36.57008,-7.61727],[-36.52866,-7.58624],[-36.51616,-7.58677],[-36.51114,-7.59231],[-36.51168,-7.59983],[-36.51611,-7.60823],[-36.53067,-7.62001],[-36.58186,-7.63123],[-36.58994,-7.62894]]]}},{"type":"Feature","properties":{"SIGLA":"PP2cb","NOME":"Unidade Cabaceiras","LITOTIPOS":"Migmatito, Ortognaisse granítico, Ortognaisse granodiorítico","AMBIENTE_TECTONICO":null,"ERA_MIN":"Paleoproterozóico","ERA_MAX":"Paleoproterozóico","IDADE_MIN":2050.1,"IDADE_MAX":2300.0,"LEGENDA":"Biotita-anfibólio ortognaisses migmatíticos, granoblásticos finos a médios, de cor cinza, (por vezes bandado), apresentando mesossomas com composição monzogranítica a granodiorítica, podendo conter granada no leucossoma, com níveis anfibolíticos e enclaves dioríticos. Metaluminoso a peraluminoso, calcioalcalino de médio a alto K. U-Pb em zircão: 2,115 - 2,016 Ga; 2,055 Ga+ 20Ma.","area_km2":63.33},"geometry":{"type":"Polygon","coordinates":[[[-36.47711,-7.63225],[-36.48229,-7.6302],[-36.48215,-7.62704],[-36.44638,-7.60825],[-36.42779,-7.59482],[-36.39457,-7.56434],[-36.36709,-7.53136],[-36.34701,-7.52097],[-36.32604,-7.51402],[-36.29909,-7.49081],[-36.29021,-7.48943],[-36.29561,-7.50299],[-36.31583,-7.52845],[-36.3805,-7.59132],[-36.41902,-7.61732],[-36.47711,-7.63225]]]}},{"type":"Feature","properties":{"SIGLA":"PP3su","NOME":"Complexo Sumé","LITOTIPOS":"Formação ferrífera bandada, Granulito, Mármore, Metagabro, Metapiroxenito, Ortognaisse, Paragnaisse, Rocha calcissilicática","AMBIENTE_TECTONICO":null,"ERA_MIN":"Paleoproterozóico","ERA_MAX":"Paleoproterozóico","IDADE_MIN":1800.1,"IDADE_MAX":2050.0,"LEGENDA":"Leuco-ortognaisse e paragnaisse com intercalações de metamáficas, granada-biotita gnaisses migmatíticos, leucognaisse com granada, rocha calcissilitcática, metapiroxenito, metagabro com granada (retroeclogito), formação ferrífera e granulito.","area_km2":487.85},"geometry":{"type":"Polygon","coordinates":[[[-36.16982,-7.4115],[-36.17854,-7.43202],[-36.18551,-7.46802],[-36.19125,-7.48023],[-36.19776,-7.48227],[-36.20483,-7.47998],[-36.20747,-7.48189],[-36.20638,-7.48484],[-36.2009,-7.48668],[-36.2003,-7.48999],[-36.20746,-7.49654],[-36.20861,-7.50111],[-36.21279,-7.50453],[-36.22458,-7.50566],[-36.22547,-7.50831],[-36.24527,-7.50746],[-36.25442,-7.51065],[-36.26913,-7.52508],[-36.31856,-7.56446],[-36.34687,-7.5962],[-36.36817,-7.61153],[-36.37249,-7.6191],[-36.37118,-7.62234],[-36.36677,-7.62415],[-36.32902,-7.62507],[-36.30902,-7.62253],[-36.27934,-7.61431],[-36.18553,-7.55821],[-36.17222,-7.55249],[-36.21403,-7.59961],[-36.2362,-7.61654],[-36.24178,-7.61936],[-36.30708,-7.63096],[-36.36965,-7.64811],[-36.42446,-7.65287],[-36.4463,-7.65375],[-36.50075,-7.64861],[-36.54702,-7.6409],[-36.57603,-7.63326],[-36.52975,-7.62641],[-36.51244,-7.62005],[-36.49693,-7.61062],[-36.46303,-7.57653],[-36.44821,-7.5575],[-36.42516,-7.50455],[-36.41342,-7.48988],[-36.3798,-7.46172],[-36.32606,-7.42504],[-36.29031,-7.40544],[-36.26413,-7.3865],[-36.23961,-7.3754],[-36.25007,-7.39049],[-36.24074,-7.40173],[-36.24081,-7.41077],[-36.24503,-7.41901],[-36.24068,-7.41988],[-36.22496,-7.40598],[-36.22056,-7.38666],[-36.21471,-7.37589],[-36.20388,-7.36959],[-36.19061,-7.37755],[-36.1815,-7.39335],[-36.17146,-7.40186],[-36.16982,-7.4115]],[[-36.47711,-7.63225],[-36.41902,-7.61732],[-36.3805,-7.59132],[-36.31583,-7.52845],[-36.29561,-7.50299],[-36.29021,-7.48943],[-36.29909,-7.49081],[-36.32604,-7.51402],[-36.34701,-7.52097],[-36.36709,-7.53136],[-36.39457,-7.56434],[-36.42779,-7.59482],[-36.44638,-7.60825],[-36.48215,-7.62704],[-36.48229,-7.6302],[-36.47711,-7.63225]]]}},{"type":"Feature","properties":{"SIGLA":"NP3_gamma_2it45","NOME":"Corpo Plúton Sem Denominação","LITOTIPOS":"Diorito, Granito, Granodiorito, Monzonito","AMBIENTE_TECTONICO":null,"ERA_MIN":"Neoproterozóico","ERA_MAX":"Neoproterozóico","IDADE_MIN":541.1,"IDADE_MAX":635.0,"LEGENDA":"Granito, granodiorito, monzogranito e sienogranito equigranulares médios a grossos a inequigranulares porfiríticos, com fenocristais subédricos a euédricos de K-feldspato (1cm a 7cm) e de plagioclásio (0,5cm a 1cm). Associados a diorito e a fases intermediárias de mistura, com ou sem epidoto magmático. Suíte metaluminosa a levemente peraluminosa, calcialcalina de alto K e levemente shorshonítica. 580 Ma U-Pb.","area_km2":17.6},"geometry":{"type":"Polygon","coordinates":[[[-36.50392,-7.45845],[-36.51947,-7.45786],[-36.53417,-7.46608],[-36.5387,-7.47849],[-36.53882,-7.48936],[-36.53561,-7.4996],[-36.50662,-7.50458],[-36.49409,-7.49089],[-36.49135,-7.48006],[-36.4878,-7.49657],[-36.50918,-7.51797],[-36.52829,-7.51813],[-36.53749,-7.51227],[-36.5469,-7.49881],[-36.55008,-7.48854],[-36.54793,-7.47183],[-36.53503,-7.45199],[-36.51865,-7.44929],[-36.50998,-7.45276],[-36.50392,-7.45845]]]}},{"type":"Feature","properties":{"SIGLA":"NP3_delta_2","NOME":"Suíte Máfica a intermediária","LITOTIPOS":"Diorito, Gabro, Gabronorito, Granodiorito, Monzodiorito, Quartzo diorito, Tonalito","AMBIENTE_TECTONICO":null,"ERA_MIN":"Neoproterozóico","ERA_MAX":"Neoproterozóico","IDADE_MIN":541.1,"IDADE_MAX":635.0,"LEGENDA":"Gabro, gabro norito, diorito, monzo e quartzo diorito, quartzo monzonito e granodiorito, finos a médios, de afinidade subalcalina, cálcio-alcalino e shoshonítica. Localmente com enclaves de ortognaisse migmatíticos da unidade Mombaça.  . Idade U-Pb = 619 ± 92Ma.","area_km2":21.2},"geometry":{"type":"Polygon","coordinates":[[[-36.49781,-7.46516],[-36.49135,-7.48006],[-36.49409,-7.49089],[-36.50482,-7.5033],[-36.50919,-7.50528],[-36.52551,-7.50006],[-36.53514,-7.50026],[-36.53882,-7.48936],[-36.5387,-7.47849],[-36.53245,-7.46409],[-36.51947,-7.45786],[-36.51247,-7.45696],[-36.50392,-7.45845],[-36.49781,-7.46516]]]}},{"type":"Feature","properties":{"SIGLA":"PP4_delta_b","NOME":"Suíte Boqueirão","LITOTIPOS":"Diorito, Gabro, Metadiorito, Metagabro, Metanortosito, Piroxenito, Rocha metaultramáfica","AMBIENTE_TECTONICO":null,"ERA_MIN":"Paleoproterozóico","ERA_MAX":"Paleoproterozóico","IDADE_MIN":1600.1,"IDADE_MAX":1800.0,"LEGENDA":"Metanortositos com menor proporção de dioritos, gabros, piroxenitos e metaultramáficas.","area_km2":14.13},"geometry":{"type":"Polygon","coordinates":[[[-36.1393,-7.49645],[-36.15079,-7.49739],[-36.14326,-7.49037],[-36.14607,-7.4689],[-36.14936,-7.46737],[-36.13061,-7.44346],[-36.11851,-7.43917],[-36.11143,-7.4336],[-36.10701,-7.43912],[-36.11606,-7.45213],[-36.12865,-7.48633],[-36.1393,-7.49645]]]}},{"type":"Feature","properties":{"SIGLA":"PP2cb","NOME":"Unidade Cabaceiras","LITOTIPOS":"Migmatito, Ortognaisse granítico, Ortognaisse granodiorítico","AMBIENTE_TECTONICO":null,"ERA_MIN":"Paleoproterozóico","ERA_MAX":"Paleoproterozóico","IDADE_MIN":2050.1,"IDADE_MAX":2300.0,"LEGENDA":"Biotita-anfibólio ortognaisses migmatíticos, granoblásticos finos a médios, de cor cinza, (por vezes bandado), apresentando mesossomas com composição monzogranítica a granodiorítica, podendo conter granada no leucossoma, com níveis anfibolíticos e enclaves dioríticos. Metaluminoso a peraluminoso, calcioalcalino de médio a alto K. U-Pb em zircão: 2,115 - 2,016 Ga; 2,055 Ga+ 20Ma.","area_km2":516.63},"geometry":{"type":"Polygon","coordinates":[[[-36.0,-7.40236],[-36.0082,-7.40894],[-36.01199,-7.41875],[-36.00854,-7.42703],[-36.0,-7.43044],[-36.0,-7.49294],[-36.01721,-7.50931],[-36.02257,-7.51092],[-36.03713,-7.50953],[-36.06743,-7.4939],[-36.07887,-7.49091],[-36.09652,-7.49086],[-36.1161,-7.49633],[-36.15614,-7.53242],[-36.17222,-7.55249],[-36.18553,-7.55821],[-36.27424,-7.61211],[-36.30902,-7.62253],[-36.32902,-7.62507],[-36.36566,-7.62428],[-36.37194,-7.62143],[-36.37235,-7.61792],[-36.36817,-7.61153],[-36.34687,-7.5962],[-36.31943,-7.56527],[-36.26913,-7.52508],[-36.25442,-7.51065],[-36.24527,-7.50746],[-36.22547,-7.50831],[-36.22327,-7.51106],[-36.21927,-7.51063],[-36.22384,-7.51786],[-36.2365,-7.52361],[-36.24873,-7.51786],[-36.25049,-7.52243],[-36.24228,-7.52557],[-36.23377,-7.53615],[-36.23038,-7.53344],[-36.23249,-7.52641],[-36.22399,-7.52544],[-36.22152,-7.52213],[-36.21564,-7.52505],[-36.21342,-7.5238],[-36.2151,-7.51847],[-36.21024,-7.51498],[-36.21168,-7.50792],[-36.20275,-7.49985],[-36.20108,-7.50345],[-36.20303,-7.51004],[-36.19748,-7.51173],[-36.19701,-7.50761],[-36.18691,-7.50491],[-36.18395,-7.50711],[-36.17869,-7.50373],[-36.17858,-7.50867],[-36.17421,-7.50642],[-36.17098,-7.50795],[-36.17241,-7.51148],[-36.16939,-7.51748],[-36.16455,-7.51925],[-36.16078,-7.51247],[-36.1646,-7.5083],[-36.15511,-7.50676],[-36.15835,-7.50263],[-36.16559,-7.50111],[-36.16216,-7.49578],[-36.15188,-7.49768],[-36.14375,-7.48749],[-36.14487,-7.47895],[-36.15188,-7.4737],[-36.15604,-7.47324],[-36.15911,-7.47598],[-36.15607,-7.47941],[-36.15772,-7.48772],[-36.16144,-7.48495],[-36.16931,-7.48519],[-36.1753,-7.47921],[-36.17854,-7.48245],[-36.18012,-7.48839],[-36.17359,-7.48892],[-36.16977,-7.49197],[-36.17257,-7.49545],[-36.17556,-7.49305],[-36.19325,-7.49611],[-36.19566,-7.49349],[-36.18932,-7.48238],[-36.19125,-7.48023],[-36.18506,-7.46668],[-36.17854,-7.43202],[-36.17088,-7.41625],[-36.16984,-7.40771],[-36.17204,-7.40096],[-36.1815,-7.39335],[-36.19061,-7.37755],[-36.20388,-7.36959],[-36.17214,-7.36928],[-36.1486,-7.37669],[-36.1233,-7.39217],[-36.10066,-7.39493],[-36.0771,-7.40128],[-36.08748,-7.39547],[-36.08117,-7.39366],[-36.05091,-7.40571],[-36.04401,-7.40527],[-36.05071,-7.39842],[-36.07881,-7.38945],[-36.09745,-7.37527],[-36.13964,-7.35597],[-36.16175,-7.35011],[-36.19466,-7.34912],[-36.16818,-7.33217],[-36.16232,-7.33532],[-36.14907,-7.33454],[-36.13745,-7.33702],[-36.12984,-7.34773],[-36.12558,-7.34972],[-36.12394,-7.34602],[-36.12767,-7.34133],[-36.12996,-7.33192],[-36.15774,-7.32773],[-36.1307,-7.3126],[-36.10275,-7.30242],[-36.0,-7.29524],[-36.0,-7.40236]],[[-36.08824,-7.4062],[-36.09337,-7.40901],[-36.09933,-7.42028],[-36.10845,-7.41417],[-36.10986,-7.40971],[-36.11514,-7.41043],[-36.11967,-7.42272],[-36.1242,-7.42287],[-36.13183,-7.41733],[-36.13651,-7.41717],[-36.15489,-7.43105],[-36.15124,-7.43425],[-36.12825,-7.42932],[-36.11143,-7.4336],[-36.11851,-7.43917],[-36.13061,-7.44346],[-36.14936,-7.46737],[-36.14607,-7.4689],[-36.14326,-7.49037],[-36.15079,-7.49739],[-36.1393,-7.49645],[-36.12943,-7.48752],[-36.11606,-7.45213],[-36.10445,-7.43468],[-36.1012,-7.42551],[-36.09701,-7.42368],[-36.08889,-7.42697],[-36.08333,-7.42507],[-36.07967,-7.41527],[-36.08313,-7.40926],[-36.08824,-7.4062]]]}},{"type":"Feature","properties":{"SIGLA":"PP3se","NOME":"Complexo Sertânia","LITOTIPOS":"Anfibolito, Granada-biotita gnaisse, Mármore calcítico, Mármore dolomítico, Paragnaisse, Paramigmatito, Rocha calcissilicática, Rocha metavulcânica","AMBIENTE_TECTONICO":null,"ERA_MIN":"Paleoproterozóico","ERA_MAX":"Paleoproterozóico","IDADE_MIN":1800.1,"IDADE_MAX":2050.0,"LEGENDA":"Granada-silimanita-muscovita-biotita gnaisses com transição para gnaisses migmatizados estromáticos e anfibolitos; Muscovita-biotita gnaisse, biotita gnaisse, biotita xisto com granada e/ou sillimanita e/ou muscovita, biotita paragnaisses pelíticos com granada e/ou  sillimanita, migmatizados, com intercalações de mármore, rocha calcissilicática, quartzito e raro metavulcanito básico. U-Pb em zircão detrítico. < 1951 Ma. U-Pb em zircão detrítico: < 1,87 Ga.","area_km2":101.36},"geometry":{"type":"Polygon","coordinates":[[[-36.37446,-7.36007],[-36.3263,-7.38002],[-36.30004,-7.3867],[-36.26413,-7.3865],[-36.29031,-7.40544],[-36.34212,-7.42164],[-36.3841,-7.44189],[-36.39072,-7.43746],[-36.39924,-7.41332],[-36.40843,-7.40781],[-36.45279,-7.40034],[-36.49476,-7.39888],[-36.49456,-7.39596],[-36.48626,-7.39083],[-36.47234,-7.38744],[-36.43461,-7.38603],[-36.39067,-7.38807],[-36.32162,-7.40013],[-36.30949,-7.39936],[-36.29853,-7.39488],[-36.32722,-7.39224],[-36.37172,-7.37222],[-36.39065,-7.36766],[-36.4108,-7.36624],[-36.45562,-7.36934],[-36.51783,-7.38653],[-36.52447,-7.38774],[-36.52853,-7.38605],[-36.52702,-7.38218],[-36.51233,-7.37119],[-36.49362,-7.36178],[-36.49295,-7.357],[-36.44904,-7.3519],[-36.39656,-7.33916],[-36.4078,-7.34833],[-36.40545,-7.35385],[-36.37446,-7.36007]]]}},{"type":"Feature","properties":{"SIGLA":"NP3_gamma_2it45","NOME":"Corpo Plúton Sem Denominação","LITOTIPOS":"Diorito, Granito, Granodiorito, Monzonito","AMBIENTE_TECTONICO":null,"ERA_MIN":"Neoproterozóico","ERA_MAX":"Neoproterozóico","IDADE_MIN":541.1,"IDADE_MAX":635.0,"LEGENDA":"Granito, granodiorito, monzogranito e sienogranito equigranulares médios a grossos a inequigranulares porfiríticos, com fenocristais subédricos a euédricos de K-feldspato (1cm a 7cm) e de plagioclásio (0,5cm a 1cm). Associados a diorito e a fases intermediárias de mistura, com ou sem epidoto magmático. Suíte metaluminosa a levemente peraluminosa, calcialcalina de alto K e levemente shorshonítica. 580 Ma U-Pb.","area_km2":79.56},"geometry":{"type":"Polygon","coordinates":[[[-36.0,-7.58041],[-36.01678,-7.5924],[-36.10845,-7.60041],[-36.12475,-7.59923],[-36.175,-7.60829],[-36.18635,-7.60405],[-36.18835,-7.6012],[-36.18595,-7.59609],[-36.17542,-7.59195],[-36.16851,-7.57967],[-36.15933,-7.58233],[-36.13011,-7.58333],[-36.12804,-7.58045],[-36.13025,-7.57251],[-36.12902,-7.5666],[-36.12152,-7.55514],[-36.11306,-7.55095],[-36.09464,-7.55148],[-36.08189,-7.55566],[-36.06856,-7.55493],[-36.05678,-7.54869],[-36.04208,-7.555],[-36.02716,-7.55763],[-36.00775,-7.55257],[-36.0,-7.55394],[-36.0,-7.58041]]]}},{"type":"Feature","properties":{"SIGLA":"NP3_gamma_2it45","NOME":"Corpo Plúton Sem Denominação","LITOTIPOS":"Diorito, Granito, Granodiorito, Monzonito","AMBIENTE_TECTONICO":null,"ERA_MIN":"Neoproterozóico","ERA_MAX":"Neoproterozóico","IDADE_MIN":541.1,"IDADE_MAX":635.0,"LEGENDA":"Granito, granodiorito, monzogranito e sienogranito equigranulares médios a grossos a inequigranulares porfiríticos, com fenocristais subédricos a euédricos de K-feldspato (1cm a 7cm) e de plagioclásio (0,5cm a 1cm). Associados a diorito e a fases intermediárias de mistura, com ou sem epidoto magmático. Suíte metaluminosa a levemente peraluminosa, calcialcalina de alto K e levemente shorshonítica. 580 Ma U-Pb.","area_km2":23.99},"geometry":{"type":"Polygon","coordinates":[[[-36.0,-7.58041],[-36.0,-7.55394],[-35.97957,-7.55143],[-35.9514,-7.53959],[-35.94097,-7.54474],[-35.93503,-7.55073],[-35.93834,-7.57099],[-35.94869,-7.57966],[-35.963,-7.58145],[-35.98412,-7.57631],[-36.0,-7.58041]]]}},{"type":"Feature","properties":{"SIGLA":"NP3_gamma_2c8","NOME":"Corpo Plúton Aroeiras","LITOTIPOS":"Biotita granito, Diorito, Granito, Granodiorito, Monzodiorito, Monzogranito, Monzonito","AMBIENTE_TECTONICO":null,"ERA_MIN":"Neoproterozóico","ERA_MAX":"Neoproterozóico","IDADE_MIN":541.1,"IDADE_MAX":635.0,"LEGENDA":"Biotita granito e granodiorito grossso a porfirítico associado a diorito e a fases intermediárias de mistura, com ou sem epidoto magmático. Ocorrem ainda biotita-anfibólio-quartzo monzodiorito a monzogranito grosso a porfirítico.  Granodiorítos e granitos, isotrópicos, com textura inequigranulares e porfirítcos (1 - 2cm K-feldspato). Contém clots máficos e enclaves microgranulares máficos. Ocorrem também feições indicativas de mingling. Calcialcalinos de alto K; U-Pb em zircão: 618Ma","area_km2":130.56},"geometry":{"type":"Polygon","coordinates":[[[-35.70647,-7.54774],[-35.71815,-7.54875],[-35.72076,-7.54587],[-35.71567,-7.54074],[-35.7165,-7.53847],[-35.72075,-7.53971],[-35.72285,-7.53807],[-35.71876,-7.52678],[-35.72035,-7.52552],[-35.73006,-7.52971],[-35.736,-7.53671],[-35.7422,-7.53765],[-35.7438,-7.53597],[-35.73813,-7.52268],[-35.72086,-7.51502],[-35.72142,-7.51305],[-35.7373,-7.51795],[-35.74329,-7.51572],[-35.75142,-7.52159],[-35.76307,-7.52175],[-35.77778,-7.53333],[-35.78183,-7.53249],[-35.78069,-7.52437],[-35.76824,-7.51591],[-35.76184,-7.50812],[-35.76904,-7.50805],[-35.76125,-7.48529],[-35.74436,-7.46717],[-35.6982,-7.44945],[-35.68152,-7.44682],[-35.66641,-7.44027],[-35.64971,-7.43911],[-35.63219,-7.43272],[-35.64067,-7.44074],[-35.66353,-7.44949],[-35.67338,-7.46406],[-35.68711,-7.47313],[-35.68694,-7.4779],[-35.65614,-7.45935],[-35.61052,-7.44604],[-35.60629,-7.44671],[-35.60469,-7.44937],[-35.6077,-7.45966],[-35.60787,-7.47198],[-35.62627,-7.49616],[-35.6475,-7.51899],[-35.66059,-7.53057],[-35.67619,-7.53226],[-35.68765,-7.54153],[-35.69553,-7.5413],[-35.70647,-7.54774]]]}},{"type":"Feature","properties":{"SIGLA":"Ec","NOME":"Formação Campos Novos","LITOTIPOS":"Arenito, Argilito","AMBIENTE_TECTONICO":null,"ERA_MIN":"Cenozóico","ERA_MAX":"Cenozóico","IDADE_MIN":23.04,"IDADE_MAX":66.0,"LEGENDA":"Argilito, arenito e basalto.","area_km2":11.7},"geometry":{"type":"Polygon","coordinates":[[[-36.08252,-7.42247],[-36.08779,-7.4269],[-36.096,-7.42382],[-36.10039,-7.42478],[-36.10701,-7.43912],[-36.11143,-7.4336],[-36.12712,-7.42944],[-36.15124,-7.43425],[-36.15502,-7.432],[-36.13651,-7.41717],[-36.13183,-7.41733],[-36.1242,-7.42287],[-36.11967,-7.42272],[-36.11514,-7.41043],[-36.10986,-7.40971],[-36.10845,-7.41417],[-36.09933,-7.42028],[-36.09337,-7.40901],[-36.08824,-7.4062],[-36.08313,-7.40926],[-36.07967,-7.41527],[-36.08252,-7.42247]]]}},{"type":"Feature","properties":{"SIGLA":"PP3su","NOME":"Complexo Sumé","LITOTIPOS":"Formação ferrífera bandada, Granulito, Mármore, Metagabro, Metapiroxenito, Ortognaisse, Paragnaisse, Rocha calcissilicática","AMBIENTE_TECTONICO":null,"ERA_MIN":"Paleoproterozóico","ERA_MAX":"Paleoproterozóico","IDADE_MIN":1800.1,"IDADE_MAX":2050.0,"LEGENDA":"Leuco-ortognaisse e paragnaisse com intercalações de metamáficas, granada-biotita gnaisses migmatíticos, leucognaisse com granada, rocha calcissilitcática, metapiroxenito, metagabro com granada (retroeclogito), formação ferrífera e granulito.","area_km2":2.71},"geometry":{"type":"Polygon","coordinates":[[[-36.00032,-7.43041],[-36.00854,-7.42703],[-36.01199,-7.41875],[-36.0082,-7.40894],[-36.0,-7.40236],[-36.00032,-7.43041]]]}},{"type":"Feature","properties":{"SIGLA":"PP3su","NOME":"Complexo Sumé","LITOTIPOS":"Formação ferrífera bandada, Granulito, Mármore, Metagabro, Metapiroxenito, Ortognaisse, Paragnaisse, Rocha calcissilicática","AMBIENTE_TECTONICO":null,"ERA_MIN":"Paleoproterozóico","ERA_MAX":"Paleoproterozóico","IDADE_MIN":1800.1,"IDADE_MAX":2050.0,"LEGENDA":"Leuco-ortognaisse e paragnaisse com intercalações de metamáficas, granada-biotita gnaisses migmatíticos, leucognaisse com granada, rocha calcissilitcática, metapiroxenito, metagabro com granada (retroeclogito), formação ferrífera e granulito.","area_km2":122.47},"geometry":{"type":"Polygon","coordinates":[[[-35.84913,-7.40187],[-35.88609,-7.43861],[-35.92306,-7.44863],[-35.93563,-7.46454],[-35.94243,-7.46854],[-35.9693,-7.46005],[-35.98392,-7.46372],[-35.99026,-7.46122],[-35.99456,-7.45636],[-35.99427,-7.44992],[-35.987,-7.43558],[-35.99051,-7.43236],[-36.0,-7.43044],[-36.0,-7.40236],[-35.97676,-7.39648],[-35.95127,-7.39997],[-35.94431,-7.39869],[-35.92994,-7.38085],[-35.92099,-7.37406],[-35.88849,-7.36436],[-35.86252,-7.36335],[-35.84728,-7.36522],[-35.8334,-7.37273],[-35.83561,-7.3779],[-35.83427,-7.38366],[-35.8414,-7.38958],[-35.85221,-7.39313],[-35.84913,-7.40187]]]}},{"type":"Feature","properties":{"SIGLA":"PP3jb","NOME":"Complexo Serra de Jabitacá","LITOTIPOS":"Metagranodiorito, Metatonalito, Migmatito","AMBIENTE_TECTONICO":null,"ERA_MIN":"Paleoproterozóico","ERA_MAX":"Paleoproterozóico","IDADE_MIN":1800.1,"IDADE_MAX":2050.0,"LEGENDA":"Ortognaisse e migmatito tonalítico-granodiorítico, com paragnaisse, anfibolito e leptinito. U-Pb em Zircão: 2,033Ga.","area_km2":19.67},"geometry":{"type":"MultiPolygon","coordinates":[[[[-35.71038,-7.35901],[-35.69118,-7.35427],[-35.67282,-7.35797],[-35.65847,-7.35464],[-35.6566,-7.3565],[-35.66354,-7.37872],[-35.68886,-7.39944],[-35.73357,-7.41544],[-35.73137,-7.40978],[-35.70303,-7.40086],[-35.68515,-7.3908],[-35.66199,-7.368],[-35.66556,-7.36452],[-35.69191,-7.3587],[-35.70174,-7.35982],[-35.71418,-7.36561],[-35.71038,-7.35901]]],[[[-35.73581,-7.41608],[-35.76678,-7.41592],[-35.75618,-7.40344],[-35.75017,-7.38807],[-35.74237,-7.37729],[-35.72902,-7.36588],[-35.71198,-7.3596],[-35.71438,-7.36568],[-35.71948,-7.36865],[-35.72617,-7.3777],[-35.73079,-7.39073],[-35.74848,-7.40779],[-35.74826,-7.41135],[-35.74576,-7.4124],[-35.73189,-7.40996],[-35.73581,-7.41608]]]]}},{"type":"Feature","properties":{"SIGLA":"PP3su","NOME":"Complexo Sumé","LITOTIPOS":"Formação ferrífera bandada, Granulito, Mármore, Metagabro, Metapiroxenito, Ortognaisse, Paragnaisse, Rocha calcissilicática","AMBIENTE_TECTONICO":null,"ERA_MIN":"Paleoproterozóico","ERA_MAX":"Paleoproterozóico","IDADE_MIN":1800.1,"IDADE_MAX":2050.0,"LEGENDA":"Leuco-ortognaisse e paragnaisse com intercalações de metamáficas, granada-biotita gnaisses migmatíticos, leucognaisse com granada, rocha calcissilitcática, metapiroxenito, metagabro com granada (retroeclogito), formação ferrífera e granulito.","area_km2":26.8},"geometry":{"type":"MultiPolygon","coordinates":[[[[-35.73189,-7.40996],[-35.74576,-7.4124],[-35.74921,-7.4096],[-35.73079,-7.39073],[-35.72427,-7.37458],[-35.71438,-7.36568],[-35.73189,-7.40996]]],[[[-35.71418,-7.36561],[-35.70174,-7.35982],[-35.69191,-7.3587],[-35.66556,-7.36452],[-35.66199,-7.368],[-35.68515,-7.3908],[-35.70303,-7.40086],[-35.73137,-7.40978],[-35.71418,-7.36561]]]]}},{"type":"Feature","properties":{"SIGLA":"NP3_gamma_3q","NOME":"Corpo Granitóide Queimadas","LITOTIPOS":"Monzogranito, Sienogranito","AMBIENTE_TECTONICO":null,"ERA_MIN":"Neoproterozóico","ERA_MAX":"Neoproterozóico","IDADE_MIN":541.1,"IDADE_MAX":635.0,"LEGENDA":"Monzogranito porfirítico predominante quartzo-monzonito, diorito a quartzo monzodiorito com afinidade alcalina","area_km2":14.89},"geometry":{"type":"Polygon","coordinates":[[[-35.8656,-7.33974],[-35.87593,-7.34572],[-35.88234,-7.35442],[-35.89889,-7.35814],[-35.91802,-7.36749],[-35.93493,-7.36902],[-35.94009,-7.37354],[-35.94981,-7.37404],[-35.96101,-7.38125],[-35.97199,-7.37882],[-35.97937,-7.37216],[-35.97736,-7.36922],[-35.95374,-7.36861],[-35.93781,-7.35998],[-35.92545,-7.35993],[-35.90879,-7.34631],[-35.89831,-7.34496],[-35.89507,-7.34178],[-35.88721,-7.34386],[-35.87905,-7.33832],[-35.86795,-7.33759],[-35.8656,-7.33974]]]}},{"type":"Feature","properties":{"SIGLA":"NP3_gamma_3q","NOME":"Corpo Granitóide Queimadas","LITOTIPOS":"Monzogranito, Sienogranito","AMBIENTE_TECTONICO":null,"ERA_MIN":"Neoproterozóico","ERA_MAX":"Neoproterozóico","IDADE_MIN":541.1,"IDADE_MAX":635.0,"LEGENDA":"Monzogranito porfirítico predominante quartzo-monzonito, diorito a quartzo monzodiorito com afinidade alcalina","area_km2":25.05},"geometry":{"type":"Polygon","coordinates":[[[-35.80736,-7.32096],[-35.7586,-7.33099],[-35.75966,-7.33716],[-35.76675,-7.34045],[-35.7701,-7.34632],[-35.78211,-7.35197],[-35.80994,-7.34805],[-35.83282,-7.34879],[-35.83913,-7.3541],[-35.8549,-7.35498],[-35.86596,-7.34628],[-35.85463,-7.34071],[-35.849,-7.33475],[-35.83909,-7.33525],[-35.81955,-7.32699],[-35.81411,-7.32824],[-35.80736,-7.32096]]]}},{"type":"Feature","properties":{"SIGLA":"PPMP_gamma_c","NOME":"Suíte Camalaú","LITOTIPOS":"Augen gnaisse, Metagranito, Metamonzonito, Metassienito, Metatonalito, Metatrondhjemito, Ortognaisse, Ortognaisse monzogranítico","AMBIENTE_TECTONICO":null,"ERA_MIN":"Mesoproterozóico","ERA_MAX":"Paleoproterozóico","IDADE_MIN":1000.1,"IDADE_MAX":2500.0,"LEGENDA":"Ortognaisse monzonítico a monzograníticos e/ou tonalítico-trondhjemítico-granítico e sienítico. Por vezes granadíferos com anfibólio e piroxênio associados espacialmente a rochas metagabróicas e metanortosíticas.","area_km2":23.17},"geometry":{"type":"Polygon","coordinates":[[[-36.63462,-7.51444],[-36.65158,-7.50907],[-36.65733,-7.51054],[-36.66492,-7.5043],[-36.67869,-7.50089],[-36.68051,-7.48854],[-36.66225,-7.47387],[-36.65044,-7.47549],[-36.63817,-7.47285],[-36.63467,-7.47363],[-36.6241,-7.4856],[-36.61378,-7.48818],[-36.62357,-7.50657],[-36.62692,-7.51821],[-36.63056,-7.51873],[-36.63462,-7.51444]]]}},{"type":"Feature","properties":{"SIGLA":"NP3_gamma_3sb","NOME":"Corpo Granitóide Serra Branca","LITOTIPOS":"Biotita sienogranito, Granodiorito, Leucogranito, Monzogranito, Quartzo diorito, Sienito, Tonalito","AMBIENTE_TECTONICO":null,"ERA_MIN":"Neoproterozóico","ERA_MAX":"Neoproterozóico","IDADE_MIN":541.1,"IDADE_MAX":635.0,"LEGENDA":"Granito leucocrático  e biotita-anfibólio sienito; granodioritos porfiríticos e facies híbrida com granodioritos equigranulares, quartzo diorito e tonalito, biotita sienogranito 572 Ma U-Pb","area_km2":357.59},"geometry":{"type":"Polygon","coordinates":[[[-36.9955,-7.4726],[-36.97706,-7.45095],[-36.97273,-7.4432],[-36.95308,-7.4357],[-36.92,-7.4318],[-36.91954,-7.43614],[-36.93716,-7.44449],[-36.9413,-7.44937],[-36.9128,-7.45005],[-36.90393,-7.45466],[-36.8811,-7.43998],[-36.87732,-7.43375],[-36.86759,-7.42806],[-36.85345,-7.42623],[-36.8443,-7.43158],[-36.84354,-7.43553],[-36.84632,-7.44043],[-36.85817,-7.44908],[-36.85871,-7.4532],[-36.853,-7.4573],[-36.84525,-7.45786],[-36.82151,-7.44637],[-36.8088,-7.43436],[-36.80271,-7.43458],[-36.79642,-7.43907],[-36.7602,-7.43505],[-36.72943,-7.41682],[-36.68374,-7.39418],[-36.66207,-7.38576],[-36.65743,-7.38935],[-36.65828,-7.39386],[-36.67372,-7.39629],[-36.68776,-7.40324],[-36.70201,-7.42002],[-36.70547,-7.43133],[-36.69705,-7.45],[-36.70275,-7.48378],[-36.71664,-7.50348],[-36.73067,-7.51163],[-36.74174,-7.51437],[-36.75462,-7.53595],[-36.76716,-7.5494],[-36.8125,-7.55658],[-36.87732,-7.56194],[-36.93234,-7.55483],[-36.89589,-7.54282],[-36.87217,-7.52947],[-36.82861,-7.49356],[-36.82168,-7.48312],[-36.82611,-7.48014],[-36.83883,-7.48159],[-36.86461,-7.49093],[-36.88089,-7.50255],[-36.91257,-7.51328],[-36.93326,-7.53187],[-36.94183,-7.53663],[-37.02648,-7.54432],[-37.03782,-7.54323],[-37.0376,-7.54074],[-37.01596,-7.53006],[-37.00915,-7.52367],[-37.00541,-7.51677],[-37.00731,-7.50132],[-37.0049,-7.49491],[-37.0033,-7.4964],[-36.9842,-7.4823],[-36.9854,-7.4756],[-36.9955,-7.4726]]]}},{"type":"Feature","properties":{"SIGLA":"NP3_gamma_3sb","NOME":"Corpo Granitóide Serra Branca","LITOTIPOS":"Biotita sienogranito, Granodiorito, Leucogranito, Monzogranito, Quartzo diorito, Sienito, Tonalito","AMBIENTE_TECTONICO":null,"ERA_MIN":"Neoproterozóico","ERA_MAX":"Neoproterozóico","IDADE_MIN":541.1,"IDADE_MAX":635.0,"LEGENDA":"Granito leucocrático  e biotita-anfibólio sienito; granodioritos porfiríticos e facies híbrida com granodioritos equigranulares, quartzo diorito e tonalito, biotita sienogranito 572 Ma U-Pb","area_km2":3.92},"geometry":{"type":"Polygon","coordinates":[[[-36.82696,-7.40776],[-36.82182,-7.41078],[-36.82805,-7.41959],[-36.84441,-7.42578],[-36.8528,-7.42368],[-36.85308,-7.41968],[-36.84808,-7.41522],[-36.83726,-7.40965],[-36.82696,-7.40776]]]}},{"type":"Feature","properties":{"SIGLA":"NP1_gamma_rf","NOME":"Suíte Recanto - Riacho do Forno","LITOTIPOS":"Augen gnaisse, Metagranito, Metamonzogranito, Metassienito, Metassienogranito, Migmatito","AMBIENTE_TECTONICO":null,"ERA_MIN":"Neoproterozóico","ERA_MAX":"Neoproterozóico","IDADE_MIN":720.1,"IDADE_MAX":1000.0,"LEGENDA":"Biotita augen gnaisse granítico, micáceo e porfiroclástico (alcalifeldspato) médios a grossos; Ortognaisse e migmatito granodiorítico a monzogranítico; Granada metagranito a duas micas anatético de fonte supracrustal. Textura fanerítica inequigranular média e textura perlácea das muscovitas.  999 ±50 ¿ 925 ± 9,8 Ma U-Pb convencional em zircão.","area_km2":110.9},"geometry":{"type":"MultiPolygon","coordinates":[[[[-37.01445,-7.40494],[-36.9908,-7.39497],[-36.96391,-7.38709],[-36.90351,-7.37871],[-36.86985,-7.3714],[-36.78306,-7.36833],[-36.74068,-7.36042],[-36.66845,-7.32803],[-36.65964,-7.32866],[-36.62893,-7.34083],[-36.59498,-7.33994],[-36.62426,-7.35],[-36.76194,-7.37663],[-36.80868,-7.38326],[-36.84385,-7.39724],[-36.89727,-7.4244],[-36.90817,-7.41991],[-36.92132,-7.42332],[-36.92922,-7.41682],[-36.95096,-7.4154],[-36.94499,-7.41188],[-36.94311,-7.40761],[-36.93843,-7.40704],[-36.93544,-7.40372],[-36.99613,-7.40844],[-37.02327,-7.41528],[-37.01445,-7.40494]]],[[[-37.02148,-7.39216],[-37.02074,-7.39277],[-37.02051,-7.39362],[-37.02148,-7.39216]]]]}},{"type":"Feature","properties":{"SIGLA":"NP3_gamma_i","NOME":"Corpo Granitoides indiscriminados brasilianos","LITOTIPOS":"Biotita granito, Granito pórfiro, Granitoide, Granodiorito, Metagranito, Monzogranito, Quartzo diorito, Quartzo monzonito, Sienogranito, Tonalito","AMBIENTE_TECTONICO":null,"ERA_MIN":"Neoproterozóico","ERA_MAX":"Neoproterozóico","IDADE_MIN":541.1,"IDADE_MAX":635.0,"LEGENDA":"Granitoides de composição petrográfica diversa e quimismo não determinado. Granitoides cinzentos, geralmente de granulometria média a grossa (fácies porfirítica subordinada), de composição granítica dominante, em parte com enclaves dioríticos, em jazimentos individualizados ou intrusivos, de foliação incipiente, alguns gnaissificados e fortemente milonitizados. Monzogranito, granodiorito, tonalito e sienogranito cinza claro a róseo, com granulação fina, foliação definida pela orientação preferencial da biotita; possuem xenólitos; Sienito isotrópico fino a médio, inequigranular e porfirítico.; Hornblenda -biotita diorito e monzodiorito inequigranular fino, foliado, de coloração cinza escura, com enclaves microgranulares e clots de biotita; Biotita metaquartzo sienito a granito peraluminoso, metagranito com biotita metaluminoso e hiperstênio-hornblenda metatonalito. Localmente, exibem foliação magmática; Também ocorrem quartzo diorito, granodiorito, tonalito e quartzo monzonito fortemente milonitizados. Também ocorrem quartzo diorito, granodiorito, tonalito e quartzo monzonito.","area_km2":34.31},"geometry":{"type":"Polygon","coordinates":[[[-37.03143,-7.36912],[-37.0249,-7.36254],[-37.00639,-7.35157],[-36.93304,-7.32472],[-36.88851,-7.30357],[-36.82785,-7.28477],[-36.81928,-7.28601],[-36.81252,-7.29517],[-36.81595,-7.30072],[-36.84551,-7.3118],[-36.89138,-7.3229],[-37.00364,-7.35642],[-37.03143,-7.36912]]]}},{"type":"Feature","properties":{"SIGLA":"NP3_gamma_i","NOME":"Corpo Granitoides indiscriminados brasilianos","LITOTIPOS":"Biotita granito, Granito pórfiro, Granitoide, Granodiorito, Metagranito, Monzogranito, Quartzo diorito, Quartzo monzonito, Sienogranito, Tonalito","AMBIENTE_TECTONICO":null,"ERA_MIN":"Neoproterozóico","ERA_MAX":"Neoproterozóico","IDADE_MIN":541.1,"IDADE_MAX":635.0,"LEGENDA":"Granitoides de composição petrográfica diversa e quimismo não determinado. Granitoides cinzentos, geralmente de granulometria média a grossa (fácies porfirítica subordinada), de composição granítica dominante, em parte com enclaves dioríticos, em jazimentos individualizados ou intrusivos, de foliação incipiente, alguns gnaissificados e fortemente milonitizados. Monzogranito, granodiorito, tonalito e sienogranito cinza claro a róseo, com granulação fina, foliação definida pela orientação preferencial da biotita; possuem xenólitos; Sienito isotrópico fino a médio, inequigranular e porfirítico.; Hornblenda -biotita diorito e monzodiorito inequigranular fino, foliado, de coloração cinza escura, com enclaves microgranulares e clots de biotita; Biotita metaquartzo sienito a granito peraluminoso, metagranito com biotita metaluminoso e hiperstênio-hornblenda metatonalito. Localmente, exibem foliação magmática; Também ocorrem quartzo diorito, granodiorito, tonalito e quartzo monzonito fortemente milonitizados. Também ocorrem quartzo diorito, granodiorito, tonalito e quartzo monzonito.","area_km2":33.08},"geometry":{"type":"Polygon","coordinates":[[[-37.06895,-7.3779],[-36.99449,-7.32928],[-36.96423,-7.31567],[-36.93333,-7.29761],[-36.87203,-7.26706],[-36.85705,-7.26213],[-36.79944,-7.25571],[-36.83545,-7.26674],[-36.88471,-7.29032],[-36.92312,-7.30505],[-37.00276,-7.34411],[-37.06802,-7.3817],[-37.06895,-7.3779]]]}},{"type":"Feature","properties":{"SIGLA":"NP3_gamma_2it45","NOME":"Corpo Plúton Sem Denominação","LITOTIPOS":"Diorito, Granito, Granodiorito, Monzonito","AMBIENTE_TECTONICO":null,"ERA_MIN":"Neoproterozóico","ERA_MAX":"Neoproterozóico","IDADE_MIN":541.1,"IDADE_MAX":635.0,"LEGENDA":"Granito, granodiorito, monzogranito e sienogranito equigranulares médios a grossos a inequigranulares porfiríticos, com fenocristais subédricos a euédricos de K-feldspato (1cm a 7cm) e de plagioclásio (0,5cm a 1cm). Associados a diorito e a fases intermediárias de mistura, com ou sem epidoto magmático. Suíte metaluminosa a levemente peraluminosa, calcialcalina de alto K e levemente shorshonítica. 580 Ma U-Pb.","area_km2":3.99},"geometry":{"type":"Polygon","coordinates":[[[-36.63373,-7.31085],[-36.64224,-7.29898],[-36.64106,-7.29127],[-36.63086,-7.2878],[-36.62018,-7.29036],[-36.61878,-7.29509],[-36.63373,-7.31085]]]}},{"type":"Feature","properties":{"SIGLA":"NP1_gamma_rf","NOME":"Suíte Recanto - Riacho do Forno","LITOTIPOS":"Augen gnaisse, Metagranito, Metamonzogranito, Metassienito, Metassienogranito, Migmatito","AMBIENTE_TECTONICO":null,"ERA_MIN":"Neoproterozóico","ERA_MAX":"Neoproterozóico","IDADE_MIN":720.1,"IDADE_MAX":1000.0,"LEGENDA":"Biotita augen gnaisse granítico, micáceo e porfiroclástico (alcalifeldspato) médios a grossos; Ortognaisse e migmatito granodiorítico a monzogranítico; Granada metagranito a duas micas anatético de fonte supracrustal. Textura fanerítica inequigranular média e textura perlácea das muscovitas.  999 ±50 ¿ 925 ± 9,8 Ma U-Pb convencional em zircão.","area_km2":63.5},"geometry":{"type":"Polygon","coordinates":[[[-36.5545,-7.26336],[-36.53131,-7.28059],[-36.50552,-7.28554],[-36.50435,-7.29422],[-36.50559,-7.29579],[-36.50643,-7.29132],[-36.51231,-7.28757],[-36.53522,-7.28447],[-36.56176,-7.27386],[-36.56859,-7.27418],[-36.56815,-7.27842],[-36.56232,-7.28217],[-36.56002,-7.28867],[-36.56057,-7.3],[-36.56868,-7.31036],[-36.56492,-7.31082],[-36.55642,-7.30675],[-36.55376,-7.31191],[-36.56181,-7.32366],[-36.57489,-7.32872],[-36.59833,-7.32953],[-36.61604,-7.3239],[-36.61968,-7.31307],[-36.6062,-7.29118],[-36.60767,-7.28398],[-36.61346,-7.28053],[-36.62943,-7.2781],[-36.6853,-7.28604],[-36.70601,-7.28613],[-36.70463,-7.28204],[-36.69412,-7.27684],[-36.63366,-7.26602],[-36.61385,-7.25772],[-36.59013,-7.25637],[-36.56965,-7.26186],[-36.56733,-7.2615],[-36.565,-7.25561],[-36.55934,-7.25523],[-36.5545,-7.26336]]]}},{"type":"Feature","properties":{"SIGLA":"NP3_gamma_2it45","NOME":"Corpo Plúton Sem Denominação","LITOTIPOS":"Diorito, Granito, Granodiorito, Monzonito","AMBIENTE_TECTONICO":null,"ERA_MIN":"Neoproterozóico","ERA_MAX":"Neoproterozóico","IDADE_MIN":541.1,"IDADE_MAX":635.0,"LEGENDA":"Granito, granodiorito, monzogranito e sienogranito equigranulares médios a grossos a inequigranulares porfiríticos, com fenocristais subédricos a euédricos de K-feldspato (1cm a 7cm) e de plagioclásio (0,5cm a 1cm). Associados a diorito e a fases intermediárias de mistura, com ou sem epidoto magmático. Suíte metaluminosa a levemente peraluminosa, calcialcalina de alto K e levemente shorshonítica. 580 Ma U-Pb.","area_km2":50.86},"geometry":{"type":"Polygon","coordinates":[[[-36.70177,-7.27155],[-36.70442,-7.27677],[-36.71392,-7.27786],[-36.73462,-7.28749],[-36.74515,-7.28038],[-36.75451,-7.27781],[-36.75621,-7.27247],[-36.75888,-7.27125],[-36.76528,-7.27194],[-36.77408,-7.27678],[-36.77736,-7.27343],[-36.77812,-7.26757],[-36.77544,-7.25669],[-36.76421,-7.2471],[-36.76614,-7.23818],[-36.7554,-7.2328],[-36.75339,-7.22473],[-36.74924,-7.22052],[-36.73437,-7.21465],[-36.71987,-7.21754],[-36.70853,-7.23147],[-36.69258,-7.23579],[-36.69517,-7.25142],[-36.68697,-7.26],[-36.68734,-7.26448],[-36.70177,-7.27155]]]}},{"type":"Feature","properties":{"SIGLA":"NP3_delta_2","NOME":"Suíte Máfica a intermediária","LITOTIPOS":"Diorito, Gabro, Gabronorito, Granodiorito, Monzodiorito, Quartzo diorito, Tonalito","AMBIENTE_TECTONICO":null,"ERA_MIN":"Neoproterozóico","ERA_MAX":"Neoproterozóico","IDADE_MIN":541.1,"IDADE_MAX":635.0,"LEGENDA":"Gabro, gabro norito, diorito, monzo e quartzo diorito, quartzo monzonito e granodiorito, finos a médios, de afinidade subalcalina, cálcio-alcalino e shoshonítica. Localmente com enclaves de ortognaisse migmatíticos da unidade Mombaça.  . Idade U-Pb = 619 ± 92Ma.","area_km2":21.08},"geometry":{"type":"Polygon","coordinates":[[[-36.78006,-7.17839],[-36.75503,-7.17983],[-36.76172,-7.18544],[-36.76426,-7.19249],[-36.76165,-7.19724],[-36.75294,-7.20136],[-36.75519,-7.21328],[-36.76152,-7.21578],[-36.79171,-7.20881],[-36.7956,-7.21237],[-36.79689,-7.22388],[-36.80107,-7.22704],[-36.80483,-7.21518],[-36.81209,-7.21156],[-36.81934,-7.20205],[-36.80631,-7.18983],[-36.79502,-7.1868],[-36.78006,-7.17839]]]}},{"type":"Feature","properties":{"SIGLA":"NP3_gamma_2it45","NOME":"Corpo Plúton Sem Denominação","LITOTIPOS":"Diorito, Granito, Granodiorito, Monzonito","AMBIENTE_TECTONICO":null,"ERA_MIN":"Neoproterozóico","ERA_MAX":"Neoproterozóico","IDADE_MIN":541.1,"IDADE_MAX":635.0,"LEGENDA":"Granito, granodiorito, monzogranito e sienogranito equigranulares médios a grossos a inequigranulares porfiríticos, com fenocristais subédricos a euédricos de K-feldspato (1cm a 7cm) e de plagioclásio (0,5cm a 1cm). Associados a diorito e a fases intermediárias de mistura, com ou sem epidoto magmático. Suíte metaluminosa a levemente peraluminosa, calcialcalina de alto K e levemente shorshonítica. 580 Ma U-Pb.","area_km2":49.46},"geometry":{"type":"Polygon","coordinates":[[[-36.24776,-7.34605],[-36.22315,-7.35092],[-36.21187,-7.35871],[-36.2308,-7.37086],[-36.26413,-7.3865],[-36.27945,-7.38776],[-36.29935,-7.38684],[-36.3263,-7.38002],[-36.34389,-7.37061],[-36.34891,-7.3634],[-36.34274,-7.35564],[-36.32083,-7.35083],[-36.29059,-7.34626],[-36.24776,-7.34605]]]}},{"type":"Feature","properties":{"SIGLA":"PPMP_gamma_c","NOME":"Suíte Camalaú","LITOTIPOS":"Augen gnaisse, Metagranito, Metamonzonito, Metassienito, Metatonalito, Metatrondhjemito, Ortognaisse, Ortognaisse monzogranítico","AMBIENTE_TECTONICO":null,"ERA_MIN":"Mesoproterozóico","ERA_MAX":"Paleoproterozóico","IDADE_MIN":1000.1,"IDADE_MAX":2500.0,"LEGENDA":"Ortognaisse monzonítico a monzograníticos e/ou tonalítico-trondhjemítico-granítico e sienítico. Por vezes granadíferos com anfibólio e piroxênio associados espacialmente a rochas metagabróicas e metanortosíticas.","area_km2":166.11},"geometry":{"type":"Polygon","coordinates":[[[-36.19132,-7.29097],[-36.10275,-7.30242],[-36.1307,-7.3126],[-36.15774,-7.32773],[-36.16284,-7.32625],[-36.16043,-7.31896],[-36.17115,-7.31662],[-36.17775,-7.31677],[-36.18635,-7.3213],[-36.19187,-7.31817],[-36.20611,-7.32178],[-36.21066,-7.32042],[-36.21597,-7.30711],[-36.22914,-7.30045],[-36.23322,-7.30364],[-36.22087,-7.31085],[-36.22112,-7.3201],[-36.22272,-7.32562],[-36.22966,-7.32659],[-36.23198,-7.33032],[-36.22645,-7.33629],[-36.21328,-7.33629],[-36.21025,-7.3398],[-36.21148,-7.34678],[-36.20717,-7.34899],[-36.19592,-7.34057],[-36.16818,-7.33217],[-36.19466,-7.34912],[-36.16175,-7.35011],[-36.13964,-7.35597],[-36.09745,-7.37527],[-36.07881,-7.38945],[-36.05071,-7.39842],[-36.04464,-7.4032],[-36.04472,-7.40611],[-36.05091,-7.40571],[-36.08018,-7.39383],[-36.08748,-7.39547],[-36.0771,-7.40128],[-36.10066,-7.39493],[-36.1233,-7.39217],[-36.1486,-7.37669],[-36.17214,-7.36928],[-36.20388,-7.36959],[-36.21145,-7.37249],[-36.21798,-7.38095],[-36.22694,-7.40881],[-36.23696,-7.41794],[-36.24413,-7.4201],[-36.24043,-7.40282],[-36.25001,-7.38927],[-36.23961,-7.3754],[-36.21187,-7.35871],[-36.21878,-7.35254],[-36.23861,-7.34654],[-36.26336,-7.3452],[-36.292,-7.34639],[-36.34413,-7.35631],[-36.34842,-7.36115],[-36.34814,-7.36626],[-36.33221,-7.37739],[-36.3692,-7.36152],[-36.40195,-7.35567],[-36.40818,-7.35032],[-36.40548,-7.34555],[-36.39656,-7.33916],[-36.36929,-7.33355],[-36.28129,-7.30592],[-36.23079,-7.29373],[-36.19132,-7.29097]]]}},{"type":"Feature","properties":{"SIGLA":"Ec","NOME":"Formação Campos Novos","LITOTIPOS":"Arenito, Argilito","AMBIENTE_TECTONICO":null,"ERA_MIN":"Cenozóico","ERA_MAX":"Cenozóico","IDADE_MIN":23.04,"IDADE_MAX":66.0,"LEGENDA":"Argilito, arenito e basalto.","area_km2":20.99},"geometry":{"type":"Polygon","coordinates":[[[-36.20611,-7.32178],[-36.19187,-7.31817],[-36.18455,-7.32104],[-36.17648,-7.3164],[-36.16132,-7.31836],[-36.16011,-7.32109],[-36.16284,-7.32625],[-36.12996,-7.33192],[-36.12392,-7.34827],[-36.12879,-7.34872],[-36.13745,-7.33702],[-36.14907,-7.33454],[-36.16232,-7.33532],[-36.16818,-7.33217],[-36.19592,-7.34057],[-36.20717,-7.34899],[-36.21148,-7.34678],[-36.21025,-7.3398],[-36.21328,-7.33629],[-36.22305,-7.33701],[-36.22971,-7.33472],[-36.23198,-7.33032],[-36.22966,-7.32659],[-36.22214,-7.32461],[-36.22087,-7.31085],[-36.23322,-7.30364],[-36.22914,-7.30045],[-36.21781,-7.30533],[-36.21066,-7.32042],[-36.20611,-7.32178]]]}},{"type":"Feature","properties":{"SIGLA":"NP1_gamma_rf","NOME":"Suíte Recanto - Riacho do Forno","LITOTIPOS":"Augen gnaisse, Metagranito, Metamonzogranito, Metassienito, Metassienogranito, Migmatito","AMBIENTE_TECTONICO":null,"ERA_MIN":"Neoproterozóico","ERA_MAX":"Neoproterozóico","IDADE_MIN":720.1,"IDADE_MAX":1000.0,"LEGENDA":"Biotita augen gnaisse granítico, micáceo e porfiroclástico (alcalifeldspato) médios a grossos; Ortognaisse e migmatito granodiorítico a monzogranítico; Granada metagranito a duas micas anatético de fonte supracrustal. Textura fanerítica inequigranular média e textura perlácea das muscovitas.  999 ±50 ¿ 925 ± 9,8 Ma U-Pb convencional em zircão.","area_km2":111.94},"geometry":{"type":"Polygon","coordinates":[[[-36.27161,-7.26736],[-36.2222,-7.27071],[-36.18333,-7.28725],[-36.15511,-7.29556],[-36.19132,-7.29097],[-36.23079,-7.29373],[-36.26341,-7.3009],[-36.35327,-7.3273],[-36.34876,-7.32196],[-36.39616,-7.32791],[-36.4596,-7.34571],[-36.43241,-7.32045],[-36.40788,-7.30782],[-36.36992,-7.2767],[-36.34521,-7.26293],[-36.32361,-7.26003],[-36.27161,-7.26736]]]}},{"type":"Feature","properties":{"SIGLA":"NP1_gamma_rf","NOME":"Suíte Recanto - Riacho do Forno","LITOTIPOS":"Augen gnaisse, Metagranito, Metamonzogranito, Metassienito, Metassienogranito, Migmatito","AMBIENTE_TECTONICO":null,"ERA_MIN":"Neoproterozóico","ERA_MAX":"Neoproterozóico","IDADE_MIN":720.1,"IDADE_MAX":1000.0,"LEGENDA":"Biotita augen gnaisse granítico, micáceo e porfiroclástico (alcalifeldspato) médios a grossos; Ortognaisse e migmatito granodiorítico a monzogranítico; Granada metagranito a duas micas anatético de fonte supracrustal. Textura fanerítica inequigranular média e textura perlácea das muscovitas.  999 ±50 ¿ 925 ± 9,8 Ma U-Pb convencional em zircão.","area_km2":8.07},"geometry":{"type":"Polygon","coordinates":[[[-36.50129,-7.2669],[-36.52023,-7.26502],[-36.53033,-7.26112],[-36.55175,-7.2426],[-36.57231,-7.23183],[-36.57297,-7.22956],[-36.56713,-7.22758],[-36.56006,-7.22889],[-36.54755,-7.23567],[-36.52413,-7.254],[-36.49341,-7.26461],[-36.50129,-7.2669]]]}},{"type":"Feature","properties":{"SIGLA":"NP1_gamma_rf","NOME":"Suíte Recanto - Riacho do Forno","LITOTIPOS":"Augen gnaisse, Metagranito, Metamonzogranito, Metassienito, Metassienogranito, Migmatito","AMBIENTE_TECTONICO":null,"ERA_MIN":"Neoproterozóico","ERA_MAX":"Neoproterozóico","IDADE_MIN":720.1,"IDADE_MAX":1000.0,"LEGENDA":"Biotita augen gnaisse granítico, micáceo e porfiroclástico (alcalifeldspato) médios a grossos; Ortognaisse e migmatito granodiorítico a monzogranítico; Granada metagranito a duas micas anatético de fonte supracrustal. Textura fanerítica inequigranular média e textura perlácea das muscovitas.  999 ±50 ¿ 925 ± 9,8 Ma U-Pb convencional em zircão.","area_km2":24.89},"geometry":{"type":"Polygon","coordinates":[[[-36.22343,-7.24143],[-36.27862,-7.23428],[-36.33877,-7.2083],[-36.37995,-7.19923],[-36.3815,-7.19653],[-36.37587,-7.19436],[-36.34125,-7.1961],[-36.31074,-7.20185],[-36.2822,-7.21265],[-36.25436,-7.22879],[-36.22609,-7.23248],[-36.22087,-7.23434],[-36.21776,-7.23853],[-36.22343,-7.24143]]]}},{"type":"Feature","properties":{"SIGLA":"NP1_gamma_rf","NOME":"Suíte Recanto - Riacho do Forno","LITOTIPOS":"Augen gnaisse, Metagranito, Metamonzogranito, Metassienito, Metassienogranito, Migmatito","AMBIENTE_TECTONICO":null,"ERA_MIN":"Neoproterozóico","ERA_MAX":"Neoproterozóico","IDADE_MIN":720.1,"IDADE_MAX":1000.0,"LEGENDA":"Biotita augen gnaisse granítico, micáceo e porfiroclástico (alcalifeldspato) médios a grossos; Ortognaisse e migmatito granodiorítico a monzogranítico; Granada metagranito a duas micas anatético de fonte supracrustal. Textura fanerítica inequigranular média e textura perlácea das muscovitas.  999 ±50 ¿ 925 ± 9,8 Ma U-Pb convencional em zircão.","area_km2":18.58},"geometry":{"type":"Polygon","coordinates":[[[-36.33624,-7.23692],[-36.36725,-7.2302],[-36.37679,-7.22271],[-36.39798,-7.2124],[-36.46365,-7.20433],[-36.46453,-7.2011],[-36.44666,-7.19533],[-36.41758,-7.19824],[-36.39352,-7.20486],[-36.36211,-7.21819],[-36.32578,-7.22742],[-36.32199,-7.23046],[-36.32444,-7.23614],[-36.33624,-7.23692]]]}},{"type":"Feature","properties":{"SIGLA":"NP3_gamma_i","NOME":"Corpo Granitoides indiscriminados brasilianos","LITOTIPOS":"Biotita granito, Granito pórfiro, Granitoide, Granodiorito, Metagranito, Monzogranito, Quartzo diorito, Quartzo monzonito, Sienogranito, Tonalito","AMBIENTE_TECTONICO":null,"ERA_MIN":"Neoproterozóico","ERA_MAX":"Neoproterozóico","IDADE_MIN":541.1,"IDADE_MAX":635.0,"LEGENDA":"Granitoides de composição petrográfica diversa e quimismo não determinado. Granitoides cinzentos, geralmente de granulometria média a grossa (fácies porfirítica subordinada), de composição granítica dominante, em parte com enclaves dioríticos, em jazimentos individualizados ou intrusivos, de foliação incipiente, alguns gnaissificados e fortemente milonitizados. Monzogranito, granodiorito, tonalito e sienogranito cinza claro a róseo, com granulação fina, foliação definida pela orientação preferencial da biotita; possuem xenólitos; Sienito isotrópico fino a médio, inequigranular e porfirítico.; Hornblenda -biotita diorito e monzodiorito inequigranular fino, foliado, de coloração cinza escura, com enclaves microgranulares e clots de biotita; Biotita metaquartzo sienito a granito peraluminoso, metagranito com biotita metaluminoso e hiperstênio-hornblenda metatonalito. Localmente, exibem foliação magmática; Também ocorrem quartzo diorito, granodiorito, tonalito e quartzo monzonito fortemente milonitizados. Também ocorrem quartzo diorito, granodiorito, tonalito e quartzo monzonito.","area_km2":22.38},"geometry":{"type":"Polygon","coordinates":[[[-36.16046,-7.18253],[-36.15037,-7.18752],[-36.14425,-7.19497],[-36.12907,-7.2026],[-36.11729,-7.2196],[-36.11952,-7.22505],[-36.12398,-7.22803],[-36.13247,-7.22842],[-36.16817,-7.21476],[-36.17707,-7.20924],[-36.18723,-7.1926],[-36.18787,-7.18677],[-36.18226,-7.1839],[-36.16046,-7.18253]]]}},{"type":"Feature","properties":{"SIGLA":"NP1_gamma_rf","NOME":"Suíte Recanto - Riacho do Forno","LITOTIPOS":"Augen gnaisse, Metagranito, Metamonzogranito, Metassienito, Metassienogranito, Migmatito","AMBIENTE_TECTONICO":null,"ERA_MIN":"Neoproterozóico","ERA_MAX":"Neoproterozóico","IDADE_MIN":720.1,"IDADE_MAX":1000.0,"LEGENDA":"Biotita augen gnaisse granítico, micáceo e porfiroclástico (alcalifeldspato) médios a grossos; Ortognaisse e migmatito granodiorítico a monzogranítico; Granada metagranito a duas micas anatético de fonte supracrustal. Textura fanerítica inequigranular média e textura perlácea das muscovitas.  999 ±50 ¿ 925 ± 9,8 Ma U-Pb convencional em zircão.","area_km2":155.86},"geometry":{"type":"Polygon","coordinates":[[[-36.13659,-7.18542],[-36.08426,-7.19572],[-36.09207,-7.19886],[-36.10486,-7.19837],[-36.11948,-7.20591],[-36.11902,-7.2102],[-36.10067,-7.22756],[-36.09204,-7.22323],[-36.07683,-7.22648],[-36.06883,-7.22349],[-36.05005,-7.22471],[-36.04614,-7.22065],[-36.04718,-7.21622],[-36.02043,-7.2292],[-36.01861,-7.23278],[-36.02019,-7.23619],[-36.0333,-7.24223],[-36.09376,-7.2437],[-36.14098,-7.24139],[-36.16957,-7.23258],[-36.21504,-7.21017],[-36.24852,-7.19868],[-36.31057,-7.1865],[-36.35731,-7.18601],[-36.34541,-7.17932],[-36.34128,-7.16697],[-36.36744,-7.16896],[-36.37979,-7.16458],[-36.39936,-7.16607],[-36.41313,-7.16173],[-36.44755,-7.16296],[-36.44802,-7.16648],[-36.44561,-7.16909],[-36.42689,-7.17877],[-36.50257,-7.16312],[-36.45772,-7.17772],[-36.4512,-7.18318],[-36.4563,-7.18825],[-36.48442,-7.19064],[-36.50581,-7.19969],[-36.5083,-7.19722],[-36.50101,-7.18293],[-36.50469,-7.17634],[-36.54647,-7.15817],[-36.56129,-7.14757],[-36.52408,-7.15469],[-36.47956,-7.1566],[-36.45539,-7.15571],[-36.45167,-7.15339],[-36.45177,-7.14835],[-36.41334,-7.15057],[-36.38337,-7.14785],[-36.38759,-7.15105],[-36.38759,-7.15418],[-36.35645,-7.15637],[-36.31257,-7.1554],[-36.28005,-7.16296],[-36.26389,-7.16909],[-36.23751,-7.18324],[-36.21777,-7.19846],[-36.21602,-7.19415],[-36.22129,-7.18709],[-36.26006,-7.1619],[-36.20714,-7.17599],[-36.13659,-7.18542]],[[-36.16046,-7.18253],[-36.18226,-7.1839],[-36.18842,-7.18795],[-36.17626,-7.21008],[-36.13247,-7.22842],[-36.12307,-7.22777],[-36.1187,-7.22411],[-36.11775,-7.21864],[-36.13084,-7.20096],[-36.14425,-7.19497],[-36.15037,-7.18752],[-36.16046,-7.18253]]]}},{"type":"Feature","properties":{"SIGLA":"NP3_gamma_2it45","NOME":"Corpo Plúton Sem Denominação","LITOTIPOS":"Diorito, Granito, Granodiorito, Monzonito","AMBIENTE_TECTONICO":null,"ERA_MIN":"Neoproterozóico","ERA_MAX":"Neoproterozóico","IDADE_MIN":541.1,"IDADE_MAX":635.0,"LEGENDA":"Granito, granodiorito, monzogranito e sienogranito equigranulares médios a grossos a inequigranulares porfiríticos, com fenocristais subédricos a euédricos de K-feldspato (1cm a 7cm) e de plagioclásio (0,5cm a 1cm). Associados a diorito e a fases intermediárias de mistura, com ou sem epidoto magmático. Suíte metaluminosa a levemente peraluminosa, calcialcalina de alto K e levemente shorshonítica. 580 Ma U-Pb.","area_km2":21.2},"geometry":{"type":"Polygon","coordinates":[[[-36.44311,-7.16146],[-36.4117,-7.16192],[-36.39818,-7.16615],[-36.37979,-7.16458],[-36.36744,-7.16896],[-36.34471,-7.1665],[-36.34028,-7.16851],[-36.3465,-7.18018],[-36.35731,-7.18601],[-36.36721,-7.18698],[-36.42689,-7.17877],[-36.44465,-7.16975],[-36.44824,-7.1653],[-36.44311,-7.16146]]]}},{"type":"Feature","properties":{"SIGLA":"NP1_gamma_rf","NOME":"Suíte Recanto - Riacho do Forno","LITOTIPOS":"Augen gnaisse, Metagranito, Metamonzogranito, Metassienito, Metassienogranito, Migmatito","AMBIENTE_TECTONICO":null,"ERA_MIN":"Neoproterozóico","ERA_MAX":"Neoproterozóico","IDADE_MIN":720.1,"IDADE_MAX":1000.0,"LEGENDA":"Biotita augen gnaisse granítico, micáceo e porfiroclástico (alcalifeldspato) médios a grossos; Ortognaisse e migmatito granodiorítico a monzogranítico; Granada metagranito a duas micas anatético de fonte supracrustal. Textura fanerítica inequigranular média e textura perlácea das muscovitas.  999 ±50 ¿ 925 ± 9,8 Ma U-Pb convencional em zircão.","area_km2":38.49},"geometry":{"type":"Polygon","coordinates":[[[-35.91596,-7.30854],[-35.94066,-7.30734],[-35.96757,-7.31145],[-35.97187,-7.30359],[-35.98884,-7.29432],[-35.97088,-7.28821],[-35.95235,-7.27745],[-35.92647,-7.27046],[-35.90902,-7.25358],[-35.88293,-7.23426],[-35.88963,-7.25288],[-35.89567,-7.28793],[-35.91596,-7.30854]]]}},{"type":"Feature","properties":{"SIGLA":"NP3_gamma_i","NOME":"Corpo Granitoides indiscriminados brasilianos","LITOTIPOS":"Biotita granito, Granito pórfiro, Granitoide, Granodiorito, Metagranito, Monzogranito, Quartzo diorito, Quartzo monzonito, Sienogranito, Tonalito","AMBIENTE_TECTONICO":null,"ERA_MIN":"Neoproterozóico","ERA_MAX":"Neoproterozóico","IDADE_MIN":541.1,"IDADE_MAX":635.0,"LEGENDA":"Granitoides de composição petrográfica diversa e quimismo não determinado. Granitoides cinzentos, geralmente de granulometria média a grossa (fácies porfirítica subordinada), de composição granítica dominante, em parte com enclaves dioríticos, em jazimentos individualizados ou intrusivos, de foliação incipiente, alguns gnaissificados e fortemente milonitizados. Monzogranito, granodiorito, tonalito e sienogranito cinza claro a róseo, com granulação fina, foliação definida pela orientação preferencial da biotita; possuem xenólitos; Sienito isotrópico fino a médio, inequigranular e porfirítico.; Hornblenda -biotita diorito e monzodiorito inequigranular fino, foliado, de coloração cinza escura, com enclaves microgranulares e clots de biotita; Biotita metaquartzo sienito a granito peraluminoso, metagranito com biotita metaluminoso e hiperstênio-hornblenda metatonalito. Localmente, exibem foliação magmática; Também ocorrem quartzo diorito, granodiorito, tonalito e quartzo monzonito fortemente milonitizados. Também ocorrem quartzo diorito, granodiorito, tonalito e quartzo monzonito.","area_km2":11.34},"geometry":{"type":"Polygon","coordinates":[[[-36.10928,-7.28313],[-36.14667,-7.26703],[-36.15258,-7.26119],[-36.14662,-7.26018],[-36.1082,-7.26745],[-36.07768,-7.26988],[-36.07142,-7.27134],[-36.06858,-7.27493],[-36.07848,-7.28102],[-36.10928,-7.28313]]]}},{"type":"Feature","properties":{"SIGLA":"NP3_gamma_2it33","NOME":"Corpo Plúton Campina Grande","LITOTIPOS":"Diorito, Granito, Granodiorito, Monzodiorito, Monzonito, Quartzo monzodiorito","AMBIENTE_TECTONICO":null,"ERA_MIN":"Neoproterozóico","ERA_MAX":"Neoproterozóico","IDADE_MIN":541.1,"IDADE_MAX":635.0,"LEGENDA":"Granito e granodiorito grossso a porfirítico associado a diorito e a fases intermediárias de mistura, com ou sem epidoto magmático; calcialcalinos de alto K. (581 Ma U-Pb)","area_km2":164.54},"geometry":{"type":"Polygon","coordinates":[[[-35.80618,-7.1838],[-35.78783,-7.18543],[-35.76863,-7.19657],[-35.75738,-7.2102],[-35.74276,-7.23894],[-35.74093,-7.25366],[-35.74249,-7.2604],[-35.76621,-7.30184],[-35.78335,-7.30983],[-35.80215,-7.31404],[-35.8541,-7.31681],[-35.87921,-7.33115],[-35.90212,-7.33747],[-35.90567,-7.336],[-35.9064,-7.3339],[-35.89461,-7.31725],[-35.88366,-7.31036],[-35.87834,-7.30116],[-35.86819,-7.29773],[-35.86744,-7.29395],[-35.85409,-7.29727],[-35.83588,-7.2909],[-35.84672,-7.28093],[-35.8497,-7.27324],[-35.86365,-7.26236],[-35.86387,-7.23514],[-35.85778,-7.22288],[-35.84979,-7.21338],[-35.84637,-7.19841],[-35.83427,-7.1956],[-35.81937,-7.18686],[-35.80618,-7.1838]]]}},{"type":"Feature","properties":{"SIGLA":"NP3_gamma_i","NOME":"Corpo Granitoides indiscriminados brasilianos","LITOTIPOS":"Biotita granito, Granito pórfiro, Granitoide, Granodiorito, Metagranito, Monzogranito, Quartzo diorito, Quartzo monzonito, Sienogranito, Tonalito","AMBIENTE_TECTONICO":null,"ERA_MIN":"Neoproterozóico","ERA_MAX":"Neoproterozóico","IDADE_MIN":541.1,"IDADE_MAX":635.0,"LEGENDA":"Granitoides de composição petrográfica diversa e quimismo não determinado. Granitoides cinzentos, geralmente de granulometria média a grossa (fácies porfirítica subordinada), de composição granítica dominante, em parte com enclaves dioríticos, em jazimentos individualizados ou intrusivos, de foliação incipiente, alguns gnaissificados e fortemente milonitizados. Monzogranito, granodiorito, tonalito e sienogranito cinza claro a róseo, com granulação fina, foliação definida pela orientação preferencial da biotita; possuem xenólitos; Sienito isotrópico fino a médio, inequigranular e porfirítico.; Hornblenda -biotita diorito e monzodiorito inequigranular fino, foliado, de coloração cinza escura, com enclaves microgranulares e clots de biotita; Biotita metaquartzo sienito a granito peraluminoso, metagranito com biotita metaluminoso e hiperstênio-hornblenda metatonalito. Localmente, exibem foliação magmática; Também ocorrem quartzo diorito, granodiorito, tonalito e quartzo monzonito fortemente milonitizados. Também ocorrem quartzo diorito, granodiorito, tonalito e quartzo monzonito.","area_km2":17.76},"geometry":{"type":"Polygon","coordinates":[[[-36.08426,-7.19572],[-36.04718,-7.21622],[-36.04713,-7.22277],[-36.05146,-7.22491],[-36.0702,-7.22364],[-36.07683,-7.22648],[-36.09204,-7.22323],[-36.10067,-7.22756],[-36.11996,-7.20806],[-36.1188,-7.20504],[-36.1034,-7.198],[-36.09207,-7.19886],[-36.08426,-7.19572]]]}},{"type":"Feature","properties":{"SIGLA":"NP1_gamma_rf","NOME":"Suíte Recanto - Riacho do Forno","LITOTIPOS":"Augen gnaisse, Metagranito, Metamonzogranito, Metassienito, Metassienogranito, Migmatito","AMBIENTE_TECTONICO":null,"ERA_MIN":"Neoproterozóico","ERA_MAX":"Neoproterozóico","IDADE_MIN":720.1,"IDADE_MAX":1000.0,"LEGENDA":"Biotita augen gnaisse granítico, micáceo e porfiroclástico (alcalifeldspato) médios a grossos; Ortognaisse e migmatito granodiorítico a monzogranítico; Granada metagranito a duas micas anatético de fonte supracrustal. Textura fanerítica inequigranular média e textura perlácea das muscovitas.  999 ±50 ¿ 925 ± 9,8 Ma U-Pb convencional em zircão.","area_km2":14.08},"geometry":{"type":"MultiPolygon","coordinates":[[[[-35.91817,-7.21602],[-35.91101,-7.2142],[-35.88852,-7.22115],[-35.87258,-7.21903],[-35.88215,-7.2262],[-35.88691,-7.2267],[-35.91081,-7.22365],[-35.92078,-7.2194],[-35.93952,-7.21798],[-36.0,-7.19482],[-36.0,-7.183],[-35.96622,-7.19261],[-35.95703,-7.19787],[-35.94422,-7.21041],[-35.91817,-7.21602]]],[[[-36.0,-7.1726],[-36.0,-7.1623],[-35.99563,-7.16721],[-36.0,-7.1726]]]]}},{"type":"Feature","properties":{"SIGLA":"NP1_gamma_rf","NOME":"Suíte Recanto - Riacho do Forno","LITOTIPOS":"Augen gnaisse, Metagranito, Metamonzogranito, Metassienito, Metassienogranito, Migmatito","AMBIENTE_TECTONICO":null,"ERA_MIN":"Neoproterozóico","ERA_MAX":"Neoproterozóico","IDADE_MIN":720.1,"IDADE_MAX":1000.0,"LEGENDA":"Biotita augen gnaisse granítico, micáceo e porfiroclástico (alcalifeldspato) médios a grossos; Ortognaisse e migmatito granodiorítico a monzogranítico; Granada metagranito a duas micas anatético de fonte supracrustal. Textura fanerítica inequigranular média e textura perlácea das muscovitas.  999 ±50 ¿ 925 ± 9,8 Ma U-Pb convencional em zircão.","area_km2":46.94},"geometry":{"type":"Polygon","coordinates":[[[-35.72303,-7.17051],[-35.72037,-7.18218],[-35.72522,-7.18991],[-35.7223,-7.19278],[-35.70716,-7.18752],[-35.69925,-7.17916],[-35.67809,-7.17391],[-35.66037,-7.16289],[-35.67382,-7.18023],[-35.70013,-7.1975],[-35.71153,-7.21267],[-35.71862,-7.21696],[-35.72509,-7.21363],[-35.73386,-7.19956],[-35.7722,-7.17555],[-35.7982,-7.17481],[-35.82125,-7.18023],[-35.8413,-7.1926],[-35.84637,-7.19841],[-35.84127,-7.18662],[-35.83171,-7.17821],[-35.81167,-7.17284],[-35.78941,-7.15815],[-35.76601,-7.15149],[-35.75849,-7.14493],[-35.73538,-7.14759],[-35.7262,-7.15102],[-35.72239,-7.15737],[-35.72303,-7.17051]]]}},{"type":"Feature","properties":{"SIGLA":"NP1_gamma_rf","NOME":"Suíte Recanto - Riacho do Forno","LITOTIPOS":"Augen gnaisse, Metagranito, Metamonzogranito, Metassienito, Metassienogranito, Migmatito","AMBIENTE_TECTONICO":null,"ERA_MIN":"Neoproterozóico","ERA_MAX":"Neoproterozóico","IDADE_MIN":720.1,"IDADE_MAX":1000.0,"LEGENDA":"Biotita augen gnaisse granítico, micáceo e porfiroclástico (alcalifeldspato) médios a grossos; Ortognaisse e migmatito granodiorítico a monzogranítico; Granada metagranito a duas micas anatético de fonte supracrustal. Textura fanerítica inequigranular média e textura perlácea das muscovitas.  999 ±50 ¿ 925 ± 9,8 Ma U-Pb convencional em zircão.","area_km2":3.64},"geometry":{"type":"Polygon","coordinates":[[[-36.00032,-7.18383],[-36.00032,-7.19548],[-36.00766,-7.19249],[-36.01117,-7.18799],[-36.01467,-7.17502],[-36.00956,-7.16612],[-36.00032,-7.16214],[-36.00032,-7.17406],[-36.00695,-7.17789],[-36.00511,-7.18211],[-36.00032,-7.18383]]]}},{"type":"Feature","properties":{"SIGLA":"NP1_gamma_rf","NOME":"Suíte Recanto - Riacho do Forno","LITOTIPOS":"Augen gnaisse, Metagranito, Metamonzogranito, Metassienito, Metassienogranito, Migmatito","AMBIENTE_TECTONICO":null,"ERA_MIN":"Neoproterozóico","ERA_MAX":"Neoproterozóico","IDADE_MIN":720.1,"IDADE_MAX":1000.0,"LEGENDA":"Biotita augen gnaisse granítico, micáceo e porfiroclástico (alcalifeldspato) médios a grossos; Ortognaisse e migmatito granodiorítico a monzogranítico; Granada metagranito a duas micas anatético de fonte supracrustal. Textura fanerítica inequigranular média e textura perlácea das muscovitas.  999 ±50 ¿ 925 ± 9,8 Ma U-Pb convencional em zircão.","area_km2":4.17},"geometry":{"type":"Polygon","coordinates":[[[-35.75855,-7.13818],[-35.76576,-7.14317],[-35.78426,-7.14962],[-35.80675,-7.16613],[-35.81991,-7.17161],[-35.77626,-7.13791],[-35.76709,-7.1368],[-35.75418,-7.13087],[-35.75855,-7.13818]]]}},{"type":"Feature","properties":{"SIGLA":"NP1_gamma_rf","NOME":"Suíte Recanto - Riacho do Forno","LITOTIPOS":"Augen gnaisse, Metagranito, Metamonzogranito, Metassienito, Metassienogranito, Migmatito","AMBIENTE_TECTONICO":null,"ERA_MIN":"Neoproterozóico","ERA_MAX":"Neoproterozóico","IDADE_MIN":720.1,"IDADE_MAX":1000.0,"LEGENDA":"Biotita augen gnaisse granítico, micáceo e porfiroclástico (alcalifeldspato) médios a grossos; Ortognaisse e migmatito granodiorítico a monzogranítico; Granada metagranito a duas micas anatético de fonte supracrustal. Textura fanerítica inequigranular média e textura perlácea das muscovitas.  999 ±50 ¿ 925 ± 9,8 Ma U-Pb convencional em zircão.","area_km2":132.57},"geometry":{"type":"Polygon","coordinates":[[[-35.72642,-7.08104],[-35.73673,-7.09387],[-35.75219,-7.10748],[-35.77287,-7.11708],[-35.78878,-7.12957],[-35.79945,-7.12938],[-35.81544,-7.13639],[-35.84069,-7.13907],[-35.85933,-7.14918],[-35.87793,-7.16751],[-35.88514,-7.18846],[-35.90439,-7.19795],[-35.94087,-7.19737],[-35.98499,-7.16784],[-35.97544,-7.1629],[-35.98771,-7.15226],[-35.97425,-7.15488],[-35.96412,-7.15296],[-35.92729,-7.13502],[-35.87568,-7.10567],[-35.84857,-7.0969],[-35.83564,-7.09649],[-35.81987,-7.0893],[-35.8138,-7.09245],[-35.81264,-7.10103],[-35.80993,-7.1034],[-35.79336,-7.10562],[-35.77966,-7.09883],[-35.75982,-7.08081],[-35.7497,-7.08234],[-35.72693,-7.07799],[-35.72642,-7.08104]]]}},{"type":"Feature","properties":{"SIGLA":"NP3_gamma_2it25","NOME":"Corpo Plúton Puxinanã","LITOTIPOS":"Diorito, Granito, Granodiorito, Monzogranito, Quartzo monzonito","AMBIENTE_TECTONICO":null,"ERA_MIN":"Neoproterozóico","ERA_MAX":"Neoproterozóico","IDADE_MIN":541.1,"IDADE_MAX":635.0,"LEGENDA":"Granitos, granodioritos e quartzo-monzonitos porfiríticos e/ou grossos, com dioritos associados (mistura de magmas). Corpo de Puxinanã. Magmatismo do Brasiliano","area_km2":208.04},"geometry":{"type":"Polygon","coordinates":[[[-36.05878,-7.07006],[-36.04192,-7.06539],[-36.0337,-7.06544],[-36.02635,-7.0697],[-36.00693,-7.08942],[-36.00629,-7.0961],[-36.01443,-7.10413],[-36.00981,-7.10892],[-36.0,-7.10514],[-36.00032,-7.15205],[-36.06473,-7.162],[-36.12002,-7.16252],[-36.1994,-7.13316],[-36.21038,-7.11962],[-36.21006,-7.1148],[-36.21365,-7.11115],[-36.21291,-7.10231],[-36.20177,-7.08248],[-36.20364,-7.07936],[-36.21404,-7.07645],[-36.21501,-7.07176],[-36.19003,-7.0696],[-36.17783,-7.06472],[-36.16861,-7.06962],[-36.15831,-7.06942],[-36.15335,-7.07435],[-36.13667,-7.07464],[-36.12473,-7.08989],[-36.12029,-7.08642],[-36.11904,-7.07509],[-36.11001,-7.06833],[-36.08256,-7.06361],[-36.05878,-7.07006]]]}},{"type":"Feature","properties":{"SIGLA":"NP3_gamma_i","NOME":"Corpo Granitoides indiscriminados brasilianos","LITOTIPOS":"Biotita granito, Granito pórfiro, Granitoide, Granodiorito, Metagranito, Monzogranito, Quartzo diorito, Quartzo monzonito, Sienogranito, Tonalito","AMBIENTE_TECTONICO":null,"ERA_MIN":"Neoproterozóico","ERA_MAX":"Neoproterozóico","IDADE_MIN":541.1,"IDADE_MAX":635.0,"LEGENDA":"Granitoides de composição petrográfica diversa e quimismo não determinado. Granitoides cinzentos, geralmente de granulometria média a grossa (fácies porfirítica subordinada), de composição granítica dominante, em parte com enclaves dioríticos, em jazimentos individualizados ou intrusivos, de foliação incipiente, alguns gnaissificados e fortemente milonitizados. Monzogranito, granodiorito, tonalito e sienogranito cinza claro a róseo, com granulação fina, foliação definida pela orientação preferencial da biotita; possuem xenólitos; Sienito isotrópico fino a médio, inequigranular e porfirítico.; Hornblenda -biotita diorito e monzodiorito inequigranular fino, foliado, de coloração cinza escura, com enclaves microgranulares e clots de biotita; Biotita metaquartzo sienito a granito peraluminoso, metagranito com biotita metaluminoso e hiperstênio-hornblenda metatonalito. Localmente, exibem foliação magmática; Também ocorrem quartzo diorito, granodiorito, tonalito e quartzo monzonito fortemente milonitizados. Também ocorrem quartzo diorito, granodiorito, tonalito e quartzo monzonito.","area_km2":19.11},"geometry":{"type":"Polygon","coordinates":[[[-36.27654,-7.15472],[-36.25529,-7.16448],[-36.22639,-7.18312],[-36.21782,-7.19093],[-36.21599,-7.19766],[-36.21898,-7.19805],[-36.23053,-7.18776],[-36.25424,-7.17365],[-36.28727,-7.16096],[-36.32117,-7.15443],[-36.35645,-7.15637],[-36.38797,-7.15342],[-36.38337,-7.14785],[-36.35594,-7.14365],[-36.30548,-7.14746],[-36.27654,-7.15472]]]}},{"type":"Feature","properties":{"SIGLA":"NP3_gamma_2it45","NOME":"Corpo Plúton Sem Denominação","LITOTIPOS":"Diorito, Granito, Granodiorito, Monzonito","AMBIENTE_TECTONICO":null,"ERA_MIN":"Neoproterozóico","ERA_MAX":"Neoproterozóico","IDADE_MIN":541.1,"IDADE_MAX":635.0,"LEGENDA":"Granito, granodiorito, monzogranito e sienogranito equigranulares médios a grossos a inequigranulares porfiríticos, com fenocristais subédricos a euédricos de K-feldspato (1cm a 7cm) e de plagioclásio (0,5cm a 1cm). Associados a diorito e a fases intermediárias de mistura, com ou sem epidoto magmático. Suíte metaluminosa a levemente peraluminosa, calcialcalina de alto K e levemente shorshonítica. 580 Ma U-Pb.","area_km2":33.07},"geometry":{"type":"Polygon","coordinates":[[[-36.60474,-7.12893],[-36.50421,-7.1364],[-36.46089,-7.14407],[-36.45177,-7.14835],[-36.45167,-7.15339],[-36.46006,-7.1565],[-36.52408,-7.15469],[-36.6386,-7.13096],[-36.67865,-7.11907],[-36.60474,-7.12893]]]}},{"type":"Feature","properties":{"SIGLA":"NP3_gamma_i","NOME":"Corpo Granitoides indiscriminados brasilianos","LITOTIPOS":"Biotita granito, Granito pórfiro, Granitoide, Granodiorito, Metagranito, Monzogranito, Quartzo diorito, Quartzo monzonito, Sienogranito, Tonalito","AMBIENTE_TECTONICO":null,"ERA_MIN":"Neoproterozóico","ERA_MAX":"Neoproterozóico","IDADE_MIN":541.1,"IDADE_MAX":635.0,"LEGENDA":"Granitoides de composição petrográfica diversa e quimismo não determinado. Granitoides cinzentos, geralmente de granulometria média a grossa (fácies porfirítica subordinada), de composição granítica dominante, em parte com enclaves dioríticos, em jazimentos individualizados ou intrusivos, de foliação incipiente, alguns gnaissificados e fortemente milonitizados. Monzogranito, granodiorito, tonalito e sienogranito cinza claro a róseo, com granulação fina, foliação definida pela orientação preferencial da biotita; possuem xenólitos; Sienito isotrópico fino a médio, inequigranular e porfirítico.; Hornblenda -biotita diorito e monzodiorito inequigranular fino, foliado, de coloração cinza escura, com enclaves microgranulares e clots de biotita; Biotita metaquartzo sienito a granito peraluminoso, metagranito com biotita metaluminoso e hiperstênio-hornblenda metatonalito. Localmente, exibem foliação magmática; Também ocorrem quartzo diorito, granodiorito, tonalito e quartzo monzonito fortemente milonitizados. Também ocorrem quartzo diorito, granodiorito, tonalito e quartzo monzonito.","area_km2":9.76},"geometry":{"type":"Polygon","coordinates":[[[-36.45259,-7.13637],[-36.4829,-7.13463],[-36.48887,-7.13247],[-36.49121,-7.12705],[-36.48439,-7.12264],[-36.45211,-7.1191],[-36.4397,-7.12065],[-36.43053,-7.1263],[-36.43172,-7.13052],[-36.43631,-7.13414],[-36.45259,-7.13637]]]}},{"type":"Feature","properties":{"SIGLA":"NP3_gamma_2it45","NOME":"Corpo Plúton Sem Denominação","LITOTIPOS":"Diorito, Granito, Granodiorito, Monzonito","AMBIENTE_TECTONICO":null,"ERA_MIN":"Neoproterozóico","ERA_MAX":"Neoproterozóico","IDADE_MIN":541.1,"IDADE_MAX":635.0,"LEGENDA":"Granito, granodiorito, monzogranito e sienogranito equigranulares médios a grossos a inequigranulares porfiríticos, com fenocristais subédricos a euédricos de K-feldspato (1cm a 7cm) e de plagioclásio (0,5cm a 1cm). Associados a diorito e a fases intermediárias de mistura, com ou sem epidoto magmático. Suíte metaluminosa a levemente peraluminosa, calcialcalina de alto K e levemente shorshonítica. 580 Ma U-Pb.","area_km2":17.02},"geometry":{"type":"Polygon","coordinates":[[[-36.22397,-7.11458],[-36.25485,-7.1143],[-36.26571,-7.11203],[-36.27394,-7.10694],[-36.27584,-7.09809],[-36.26957,-7.08993],[-36.25947,-7.0868],[-36.25354,-7.08094],[-36.24469,-7.08134],[-36.23543,-7.09081],[-36.22373,-7.09327],[-36.21912,-7.09692],[-36.21802,-7.10732],[-36.22397,-7.11458]],[[-36.2315,-7.114],[-36.2326,-7.0929],[-36.2326,-7.1053],[-36.2315,-7.114]]]}},{"type":"Feature","properties":{"SIGLA":"NP3_gamma_2it45","NOME":"Corpo Plúton Sem Denominação","LITOTIPOS":"Diorito, Granito, Granodiorito, Monzonito","AMBIENTE_TECTONICO":null,"ERA_MIN":"Neoproterozóico","ERA_MAX":"Neoproterozóico","IDADE_MIN":541.1,"IDADE_MAX":635.0,"LEGENDA":"Granito, granodiorito, monzogranito e sienogranito equigranulares médios a grossos a inequigranulares porfiríticos, com fenocristais subédricos a euédricos de K-feldspato (1cm a 7cm) e de plagioclásio (0,5cm a 1cm). Associados a diorito e a fases intermediárias de mistura, com ou sem epidoto magmático. Suíte metaluminosa a levemente peraluminosa, calcialcalina de alto K e levemente shorshonítica. 580 Ma U-Pb.","area_km2":44.16},"geometry":{"type":"Polygon","coordinates":[[[-36.3934,-7.07643],[-36.45442,-7.0815],[-36.47525,-7.08713],[-36.50452,-7.10253],[-36.52769,-7.1042],[-36.54065,-7.11362],[-36.55192,-7.11143],[-36.60037,-7.11141],[-36.60472,-7.10979],[-36.60753,-7.10515],[-36.59569,-7.09603],[-36.57833,-7.08916],[-36.51646,-7.07725],[-36.43564,-7.07022],[-36.3934,-7.07643]]]}},{"type":"Feature","properties":{"SIGLA":"NP1_gamma_rf","NOME":"Suíte Recanto - Riacho do Forno","LITOTIPOS":"Augen gnaisse, Metagranito, Metamonzogranito, Metassienito, Metassienogranito, Migmatito","AMBIENTE_TECTONICO":null,"ERA_MIN":"Neoproterozóico","ERA_MAX":"Neoproterozóico","IDADE_MIN":720.1,"IDADE_MAX":1000.0,"LEGENDA":"Biotita augen gnaisse granítico, micáceo e porfiroclástico (alcalifeldspato) médios a grossos; Ortognaisse e migmatito granodiorítico a monzogranítico; Granada metagranito a duas micas anatético de fonte supracrustal. Textura fanerítica inequigranular média e textura perlácea das muscovitas.  999 ±50 ¿ 925 ± 9,8 Ma U-Pb convencional em zircão.","area_km2":236.14},"geometry":{"type":"Polygon","coordinates":[[[-36.0,-7.10514],[-36.00636,-7.10869],[-36.01206,-7.10844],[-36.01443,-7.10413],[-36.00629,-7.0961],[-36.00624,-7.09047],[-36.03148,-7.06633],[-36.04192,-7.06539],[-36.05878,-7.07006],[-36.08514,-7.06355],[-36.11422,-7.07052],[-36.11904,-7.07509],[-36.12068,-7.0874],[-36.12473,-7.08989],[-36.13667,-7.07464],[-36.15335,-7.07435],[-36.15831,-7.06942],[-36.16861,-7.06962],[-36.17783,-7.06472],[-36.19003,-7.0696],[-36.21501,-7.07176],[-36.21404,-7.07645],[-36.20364,-7.07936],[-36.20177,-7.08248],[-36.21237,-7.10104],[-36.21394,-7.1087],[-36.21006,-7.1148],[-36.21038,-7.11962],[-36.1994,-7.13316],[-36.23383,-7.125],[-36.28931,-7.10642],[-36.32628,-7.10298],[-36.43918,-7.10003],[-36.53446,-7.11672],[-36.60114,-7.1192],[-36.65014,-7.11481],[-36.64815,-7.10714],[-36.61948,-7.10027],[-36.61572,-7.09816],[-36.61734,-7.09591],[-36.69869,-7.09763],[-36.70382,-7.09408],[-36.69494,-7.08877],[-36.57672,-7.0783],[-36.48803,-7.05925],[-36.46375,-7.05756],[-36.40712,-7.06282],[-36.33646,-7.06548],[-36.19695,-7.05498],[-36.12029,-7.05713],[-36.08807,-7.05408],[-36.04379,-7.04618],[-36.00621,-7.03562],[-36.0,-7.03127],[-36.0,-7.10514]],[[-36.59501,-7.0957],[-36.60725,-7.10389],[-36.60339,-7.11068],[-36.55192,-7.11143],[-36.54065,-7.11362],[-36.52769,-7.1042],[-36.50452,-7.10253],[-36.47525,-7.08713],[-36.45442,-7.0815],[-36.40402,-7.07901],[-36.3934,-7.07643],[-36.43229,-7.07032],[-36.47804,-7.07282],[-36.54981,-7.08245],[-36.57833,-7.08916],[-36.59501,-7.0957]],[[-36.2764,-7.10042],[-36.27151,-7.1095],[-36.25604,-7.11421],[-36.2272,-7.11575],[-36.21942,-7.11099],[-36.21761,-7.10531],[-36.22068,-7.09509],[-36.23543,-7.09081],[-36.24228,-7.08257],[-36.24851,-7.08063],[-36.25354,-7.08094],[-36.25947,-7.0868],[-36.26957,-7.08993],[-36.2764,-7.10042]]]}},{"type":"Feature","properties":{"SIGLA":"NP3ss","NOME":"Formação Seridó","LITOTIPOS":"Biotita-quartzo xisto, Clorita xisto, Filito, Granada-biotita xisto, Mármore, Metavulcânica básica, Quartzito, Xisto aluminoso","AMBIENTE_TECTONICO":null,"ERA_MIN":"Neoproterozóico","ERA_MAX":"Neoproterozóico","IDADE_MIN":541.1,"IDADE_MAX":635.0,"LEGENDA":"Biotita xisto, podendo conter granada e/ou cordierita, estaurolita, sillimanita, andaluzita e cianita, localmente com intercalações de mármore, rochas calcissilicáticas, quartzito, metarritimito, clorita-sericita xisto e metavulcânicas máficas. Idade: 628 Ma U-Pb.","area_km2":112.51},"geometry":{"type":"Polygon","coordinates":[[[-36.00032,-7.03139],[-36.00621,-7.03562],[-36.04379,-7.04618],[-36.08807,-7.05408],[-36.12029,-7.05713],[-36.19695,-7.05498],[-36.33646,-7.06548],[-36.40712,-7.06282],[-36.46375,-7.05756],[-36.34972,-7.04449],[-36.30602,-7.04219],[-36.26924,-7.04586],[-36.24165,-7.04503],[-36.11464,-7.03067],[-36.06808,-7.02113],[-36.0372,-7.01195],[-36.01401,-7.00164],[-36.0,-6.98928],[-36.00032,-7.03139]]]}},{"type":"Feature","properties":{"SIGLA":"NP3_gamma_2ct5","NOME":"Corpo Plúton Sem Denominação","LITOTIPOS":"Monzogranito, Sienogranito","AMBIENTE_TECTONICO":null,"ERA_MIN":"Neoproterozóico","ERA_MAX":"Neoproterozóico","IDADE_MIN":541.1,"IDADE_MAX":635.0,"LEGENDA":"Granito, quartzo-sienito, sienito, podendo conter biotita-aegirina-augita e anfibólio; peralcalinos","area_km2":4.59},"geometry":{"type":"Polygon","coordinates":[[[-36.13996,-7.00267],[-36.16431,-7.00668],[-36.16386,-7.00428],[-36.15738,-7.00131],[-36.11918,-6.98613],[-36.11189,-6.98563],[-36.11151,-6.99189],[-36.11842,-6.99535],[-36.13996,-7.00267]]]}},{"type":"Feature","properties":{"SIGLA":"PP2sp2","NOME":"Unidade Serrinha - Pedro Velho, Unidade 2","LITOTIPOS":"Augen gnaisse, Migmatito, Ortognaisse granodiorítico","AMBIENTE_TECTONICO":null,"ERA_MIN":"Paleoproterozóico","ERA_MAX":"Paleoproterozóico","IDADE_MIN":2050.1,"IDADE_MAX":2300.0,"LEGENDA":"Biotita-hornblenda migmatito tonalítico com neossoma tonalítico a granodiorítico e leucossoma granítico com intercalações de anfibolito. Raros augengnaisses. (2.187 Ma U-Pb).","area_km2":100.39},"geometry":{"type":"Polygon","coordinates":[[[-36.03468,-6.96179],[-36.0,-6.93947],[-36.00032,-6.98472],[-36.00776,-6.99675],[-36.01401,-7.00164],[-36.0372,-7.01195],[-36.10127,-7.02854],[-36.14052,-7.03385],[-36.25056,-7.04554],[-36.30602,-7.04219],[-36.27543,-7.03919],[-36.19051,-7.02243],[-36.134,-7.01431],[-36.08712,-6.9937],[-36.05783,-6.9765],[-36.0754,-6.97111],[-36.07601,-6.96206],[-36.07314,-6.95327],[-36.07752,-6.9519],[-36.08576,-6.9563],[-36.08683,-6.95036],[-36.06421,-6.93656],[-36.05891,-6.93843],[-36.05703,-6.94603],[-36.05261,-6.94777],[-36.05829,-6.95315],[-36.0644,-6.9522],[-36.06418,-6.95928],[-36.05941,-6.96009],[-36.02228,-6.93796],[-36.01372,-6.93653],[-36.02694,-6.94785],[-36.05648,-6.96428],[-36.04856,-6.96532],[-36.03468,-6.96179]]]}},{"type":"Feature","properties":{"SIGLA":"NP3_gamma_i","NOME":"Corpo Granitoides indiscriminados brasilianos","LITOTIPOS":"Biotita granito, Granito pórfiro, Granitoide, Granodiorito, Metagranito, Monzogranito, Quartzo diorito, Quartzo monzonito, Sienogranito, Tonalito","AMBIENTE_TECTONICO":null,"ERA_MIN":"Neoproterozóico","ERA_MAX":"Neoproterozóico","IDADE_MIN":541.1,"IDADE_MAX":635.0,"LEGENDA":"Granitoides de composição petrográfica diversa e quimismo não determinado. Granitoides cinzentos, geralmente de granulometria média a grossa (fácies porfirítica subordinada), de composição granítica dominante, em parte com enclaves dioríticos, em jazimentos individualizados ou intrusivos, de foliação incipiente, alguns gnaissificados e fortemente milonitizados. Monzogranito, granodiorito, tonalito e sienogranito cinza claro a róseo, com granulação fina, foliação definida pela orientação preferencial da biotita; possuem xenólitos; Sienito isotrópico fino a médio, inequigranular e porfirítico.; Hornblenda -biotita diorito e monzodiorito inequigranular fino, foliado, de coloração cinza escura, com enclaves microgranulares e clots de biotita; Biotita metaquartzo sienito a granito peraluminoso, metagranito com biotita metaluminoso e hiperstênio-hornblenda metatonalito. Localmente, exibem foliação magmática; Também ocorrem quartzo diorito, granodiorito, tonalito e quartzo monzonito fortemente milonitizados. Também ocorrem quartzo diorito, granodiorito, tonalito e quartzo monzonito.","area_km2":111.62},"geometry":{"type":"Polygon","coordinates":[[[-36.24892,-6.96264],[-36.40975,-7.03],[-36.44172,-7.04174],[-36.44573,-7.03908],[-36.44401,-7.03144],[-36.42023,-6.99143],[-36.38005,-6.95433],[-36.35041,-6.93489],[-36.3443,-6.93275],[-36.29789,-6.93219],[-36.28012,-6.93565],[-36.27431,-6.94036],[-36.27666,-6.95186],[-36.27246,-6.96046],[-36.26572,-6.96467],[-36.24892,-6.96264]]]}},{"type":"Feature","properties":{"SIGLA":"NP1_gamma_rf","NOME":"Suíte Recanto - Riacho do Forno","LITOTIPOS":"Augen gnaisse, Metagranito, Metamonzogranito, Metassienito, Metassienogranito, Migmatito","AMBIENTE_TECTONICO":null,"ERA_MIN":"Neoproterozóico","ERA_MAX":"Neoproterozóico","IDADE_MIN":720.1,"IDADE_MAX":1000.0,"LEGENDA":"Biotita augen gnaisse granítico, micáceo e porfiroclástico (alcalifeldspato) médios a grossos; Ortognaisse e migmatito granodiorítico a monzogranítico; Granada metagranito a duas micas anatético de fonte supracrustal. Textura fanerítica inequigranular média e textura perlácea das muscovitas.  999 ±50 ¿ 925 ± 9,8 Ma U-Pb convencional em zircão.","area_km2":5.78},"geometry":{"type":"Polygon","coordinates":[[[-35.71182,-7.07811],[-35.70656,-7.06713],[-35.68769,-7.05634],[-35.67926,-7.04212],[-35.66441,-7.03455],[-35.66069,-7.03549],[-35.66629,-7.04794],[-35.68016,-7.06069],[-35.70004,-7.06844],[-35.71182,-7.07811]]]}},{"type":"Feature","properties":{"SIGLA":"NP3_gamma_2it25","NOME":"Corpo Plúton Puxinanã","LITOTIPOS":"Diorito, Granito, Granodiorito, Monzogranito, Quartzo monzonito","AMBIENTE_TECTONICO":null,"ERA_MIN":"Neoproterozóico","ERA_MAX":"Neoproterozóico","IDADE_MIN":541.1,"IDADE_MAX":635.0,"LEGENDA":"Granitos, granodioritos e quartzo-monzonitos porfiríticos e/ou grossos, com dioritos associados (mistura de magmas). Corpo de Puxinanã. Magmatismo do Brasiliano","area_km2":316.62},"geometry":{"type":"Polygon","coordinates":[[[-35.80133,-7.01009],[-35.82471,-7.02455],[-35.82572,-7.02852],[-35.8159,-7.02856],[-35.80873,-7.02574],[-35.78412,-7.02693],[-35.76419,-7.03861],[-35.74375,-7.04579],[-35.74054,-7.04851],[-35.74086,-7.05173],[-35.75201,-7.05901],[-35.77523,-7.06878],[-35.8057,-7.07432],[-35.82589,-7.0819],[-35.86147,-7.09818],[-35.92729,-7.13502],[-35.96412,-7.15296],[-35.97425,-7.15488],[-36.0,-7.151],[-36.0,-7.10514],[-35.99246,-7.10456],[-35.97473,-7.11161],[-35.97049,-7.11012],[-35.96538,-7.10393],[-35.95868,-7.10365],[-35.97643,-7.08633],[-35.9785,-7.07789],[-35.97685,-7.06806],[-35.96405,-7.04864],[-35.95413,-7.02701],[-35.9317,-7.0063],[-35.88353,-6.9754],[-35.83602,-6.95214],[-35.82667,-6.95079],[-35.82544,-6.95265],[-35.83483,-6.96344],[-35.83676,-6.97219],[-35.84418,-6.9801],[-35.83906,-6.9922],[-35.84316,-7.0095],[-35.82612,-6.99512],[-35.82453,-6.97592],[-35.81383,-6.95705],[-35.79966,-6.94799],[-35.77709,-6.94021],[-35.76462,-6.94168],[-35.75576,-6.94885],[-35.76133,-6.95822],[-35.76236,-6.96622],[-35.77479,-6.97344],[-35.78406,-6.99605],[-35.80133,-7.01009]]]}},{"type":"Feature","properties":{"SIGLA":"NP1_gamma_rf","NOME":"Suíte Recanto - Riacho do Forno","LITOTIPOS":"Augen gnaisse, Metagranito, Metamonzogranito, Metassienito, Metassienogranito, Migmatito","AMBIENTE_TECTONICO":null,"ERA_MIN":"Neoproterozóico","ERA_MAX":"Neoproterozóico","IDADE_MIN":720.1,"IDADE_MAX":1000.0,"LEGENDA":"Biotita augen gnaisse granítico, micáceo e porfiroclástico (alcalifeldspato) médios a grossos; Ortognaisse e migmatito granodiorítico a monzogranítico; Granada metagranito a duas micas anatético de fonte supracrustal. Textura fanerítica inequigranular média e textura perlácea das muscovitas.  999 ±50 ¿ 925 ± 9,8 Ma U-Pb convencional em zircão.","area_km2":40.33},"geometry":{"type":"Polygon","coordinates":[[[-36.0,-7.03127],[-35.95101,-7.00971],[-35.90112,-6.98226],[-35.88353,-6.9754],[-35.9317,-7.0063],[-35.95413,-7.02701],[-35.97799,-7.07253],[-35.97643,-7.08633],[-35.96532,-7.09847],[-35.95825,-7.10272],[-35.96643,-7.10452],[-35.97251,-7.11112],[-35.97988,-7.11095],[-35.99246,-7.10456],[-36.0,-7.10514],[-36.0,-7.03127]]]}},{"type":"Feature","properties":{"SIGLA":"NP3_gamma_i","NOME":"Corpo Granitoides indiscriminados brasilianos","LITOTIPOS":"Biotita granito, Granito pórfiro, Granitoide, Granodiorito, Metagranito, Monzogranito, Quartzo diorito, Quartzo monzonito, Sienogranito, Tonalito","AMBIENTE_TECTONICO":null,"ERA_MIN":"Neoproterozóico","ERA_MAX":"Neoproterozóico","IDADE_MIN":541.1,"IDADE_MAX":635.0,"LEGENDA":"Granitoides de composição petrográfica diversa e quimismo não determinado. Granitoides cinzentos, geralmente de granulometria média a grossa (fácies porfirítica subordinada), de composição granítica dominante, em parte com enclaves dioríticos, em jazimentos individualizados ou intrusivos, de foliação incipiente, alguns gnaissificados e fortemente milonitizados. Monzogranito, granodiorito, tonalito e sienogranito cinza claro a róseo, com granulação fina, foliação definida pela orientação preferencial da biotita; possuem xenólitos; Sienito isotrópico fino a médio, inequigranular e porfirítico.; Hornblenda -biotita diorito e monzodiorito inequigranular fino, foliado, de coloração cinza escura, com enclaves microgranulares e clots de biotita; Biotita metaquartzo sienito a granito peraluminoso, metagranito com biotita metaluminoso e hiperstênio-hornblenda metatonalito. Localmente, exibem foliação magmática; Também ocorrem quartzo diorito, granodiorito, tonalito e quartzo monzonito fortemente milonitizados. Também ocorrem quartzo diorito, granodiorito, tonalito e quartzo monzonito.","area_km2":0.35},"geometry":{"type":"Polygon","coordinates":[[[-36.0,-6.98294],[-36.00033,-6.99089],[-36.00776,-6.99675],[-36.0,-6.98294]]]}},{"type":"Feature","properties":{"SIGLA":"NP3ss","NOME":"Formação Seridó","LITOTIPOS":"Biotita-quartzo xisto, Clorita xisto, Filito, Granada-biotita xisto, Mármore, Metavulcânica básica, Quartzito, Xisto aluminoso","AMBIENTE_TECTONICO":null,"ERA_MIN":"Neoproterozóico","ERA_MAX":"Neoproterozóico","IDADE_MIN":541.1,"IDADE_MAX":635.0,"LEGENDA":"Biotita xisto, podendo conter granada e/ou cordierita, estaurolita, sillimanita, andaluzita e cianita, localmente com intercalações de mármore, rochas calcissilicáticas, quartzito, metarritimito, clorita-sericita xisto e metavulcânicas máficas. Idade: 628 Ma U-Pb.","area_km2":88.32},"geometry":{"type":"Polygon","coordinates":[[[-35.77594,-6.91259],[-35.78366,-6.91954],[-35.78659,-6.92756],[-35.79299,-6.93183],[-35.90112,-6.98226],[-35.95101,-7.00971],[-36.0,-7.03127],[-36.0,-6.98928],[-35.99107,-6.98176],[-35.97651,-6.96075],[-35.96502,-6.95388],[-35.95562,-6.95353],[-35.93771,-6.93777],[-35.91203,-6.92666],[-35.92154,-6.93901],[-35.92518,-6.94938],[-35.93513,-6.95783],[-35.93978,-6.96771],[-35.96192,-6.99335],[-35.97636,-7.00272],[-35.97936,-7.00707],[-35.97087,-7.00458],[-35.95717,-6.99295],[-35.91969,-6.97512],[-35.91397,-6.96828],[-35.89279,-6.95778],[-35.87954,-6.94161],[-35.86016,-6.94032],[-35.85397,-6.93592],[-35.84085,-6.93679],[-35.83536,-6.93352],[-35.83601,-6.92463],[-35.83307,-6.92265],[-35.8243,-6.92272],[-35.82668,-6.92749],[-35.82379,-6.93096],[-35.81541,-6.92559],[-35.81025,-6.9175],[-35.81603,-6.91881],[-35.8298,-6.91544],[-35.83847,-6.91591],[-35.8406,-6.91435],[-35.83861,-6.91254],[-35.80036,-6.90654],[-35.79967,-6.91113],[-35.79644,-6.91192],[-35.77556,-6.9061],[-35.77352,-6.90723],[-35.77594,-6.91259]]]}},{"type":"Feature","properties":{"SIGLA":"NP3_gamma_2ct5","NOME":"Corpo Plúton Sem Denominação","LITOTIPOS":"Monzogranito, Sienogranito","AMBIENTE_TECTONICO":null,"ERA_MIN":"Neoproterozóico","ERA_MAX":"Neoproterozóico","IDADE_MIN":541.1,"IDADE_MAX":635.0,"LEGENDA":"Granito, quartzo-sienito, sienito, podendo conter biotita-aegirina-augita e anfibólio; peralcalinos","area_km2":5.13},"geometry":{"type":"Polygon","coordinates":[[[-36.08576,-6.9563],[-36.10906,-6.9727],[-36.12021,-6.97533],[-36.12444,-6.97325],[-36.11855,-6.96279],[-36.1128,-6.95872],[-36.08683,-6.95036],[-36.08576,-6.9563]]]}},{"type":"Feature","properties":{"SIGLA":"NP3ss","NOME":"Formação Seridó","LITOTIPOS":"Biotita-quartzo xisto, Clorita xisto, Filito, Granada-biotita xisto, Mármore, Metavulcânica básica, Quartzito, Xisto aluminoso","AMBIENTE_TECTONICO":null,"ERA_MIN":"Neoproterozóico","ERA_MAX":"Neoproterozóico","IDADE_MIN":541.1,"IDADE_MAX":635.0,"LEGENDA":"Biotita xisto, podendo conter granada e/ou cordierita, estaurolita, sillimanita, andaluzita e cianita, localmente com intercalações de mármore, rochas calcissilicáticas, quartzito, metarritimito, clorita-sericita xisto e metavulcânicas máficas. Idade: 628 Ma U-Pb.","area_km2":149.54},"geometry":{"type":"MultiPolygon","coordinates":[[[[-36.0,-6.91739],[-36.05261,-6.94777],[-36.05703,-6.94603],[-36.05891,-6.93843],[-36.06421,-6.93656],[-36.08683,-6.95036],[-36.1128,-6.95872],[-36.11855,-6.96279],[-36.12389,-6.97074],[-36.12338,-6.97531],[-36.10906,-6.9727],[-36.09458,-6.96443],[-36.08576,-6.9563],[-36.07752,-6.9519],[-36.07314,-6.95327],[-36.07601,-6.96206],[-36.0754,-6.97111],[-36.05783,-6.9765],[-36.08712,-6.9937],[-36.14127,-7.01622],[-36.23684,-7.03088],[-36.1695,-6.98901],[-36.15939,-6.98083],[-36.14566,-6.9573],[-36.12615,-6.94793],[-36.12432,-6.94546],[-36.12569,-6.94121],[-36.13839,-6.93485],[-36.14646,-6.93761],[-36.15569,-6.93394],[-36.16126,-6.93831],[-36.16756,-6.93555],[-36.16639,-6.9264],[-36.1625,-6.91953],[-36.14283,-6.9052],[-36.12863,-6.90101],[-36.1011,-6.90481],[-36.08066,-6.89217],[-36.04843,-6.87729],[-36.04123,-6.87876],[-36.04338,-6.89672],[-36.04077,-6.89775],[-36.00894,-6.88621],[-36.0,-6.88079],[-36.0,-6.91739]],[[-36.15359,-7.00604],[-36.11151,-6.99189],[-36.11189,-6.98563],[-36.11918,-6.98613],[-36.16476,-7.00567],[-36.15359,-7.00604]],[[-36.09185,-6.94387],[-36.07151,-6.92995],[-36.06948,-6.92641],[-36.07135,-6.92276],[-36.08202,-6.92501],[-36.09185,-6.94387]]],[[[-36.0,-6.93431],[-36.00032,-6.94082],[-36.00938,-6.94592],[-36.0,-6.93431]]]]}},{"type":"Feature","properties":{"SIGLA":"ENsm","NOME":"Formação Serra dos Martins","LITOTIPOS":"Arenito, Arenito conglomerático, Arenito síltico-argiloso, Laterita","AMBIENTE_TECTONICO":null,"ERA_MIN":"Cenozóico","ERA_MAX":"Cenozóico","IDADE_MIN":2.59,"IDADE_MAX":66.0,"LEGENDA":"Arenitos finos a médios  conglomeráticos com níveis pelíticos, argilito avermelhado e caulim.","area_km2":4.23},"geometry":{"type":"Polygon","coordinates":[[[-35.67984,-6.949],[-35.68521,-6.95556],[-35.68211,-6.96219],[-35.68522,-6.96464],[-35.69076,-6.95972],[-35.69509,-6.9642],[-35.70463,-6.96359],[-35.70639,-6.96048],[-35.69914,-6.95899],[-35.69863,-6.95676],[-35.7111,-6.9518],[-35.71393,-6.94841],[-35.71058,-6.94704],[-35.70271,-6.95133],[-35.70091,-6.94485],[-35.6967,-6.95206],[-35.69105,-6.95171],[-35.68737,-6.94274],[-35.68493,-6.94664],[-35.68039,-6.94104],[-35.67984,-6.949]]]}},{"type":"Feature","properties":{"SIGLA":"NP3_gamma_i","NOME":"Corpo Granitoides indiscriminados brasilianos","LITOTIPOS":"Biotita granito, Granito pórfiro, Granitoide, Granodiorito, Metagranito, Monzogranito, Quartzo diorito, Quartzo monzonito, Sienogranito, Tonalito","AMBIENTE_TECTONICO":null,"ERA_MIN":"Neoproterozóico","ERA_MAX":"Neoproterozóico","IDADE_MIN":541.1,"IDADE_MAX":635.0,"LEGENDA":"Granitoides de composição petrográfica diversa e quimismo não determinado. Granitoides cinzentos, geralmente de granulometria média a grossa (fácies porfirítica subordinada), de composição granítica dominante, em parte com enclaves dioríticos, em jazimentos individualizados ou intrusivos, de foliação incipiente, alguns gnaissificados e fortemente milonitizados. Monzogranito, granodiorito, tonalito e sienogranito cinza claro a róseo, com granulação fina, foliação definida pela orientação preferencial da biotita; possuem xenólitos; Sienito isotrópico fino a médio, inequigranular e porfirítico.; Hornblenda -biotita diorito e monzodiorito inequigranular fino, foliado, de coloração cinza escura, com enclaves microgranulares e clots de biotita; Biotita metaquartzo sienito a granito peraluminoso, metagranito com biotita metaluminoso e hiperstênio-hornblenda metatonalito. Localmente, exibem foliação magmática; Também ocorrem quartzo diorito, granodiorito, tonalito e quartzo monzonito fortemente milonitizados. Também ocorrem quartzo diorito, granodiorito, tonalito e quartzo monzonito.","area_km2":54.11},"geometry":{"type":"Polygon","coordinates":[[[-35.78659,-6.92756],[-35.78366,-6.91954],[-35.77426,-6.91056],[-35.77435,-6.90642],[-35.79644,-6.91192],[-35.79967,-6.91113],[-35.80036,-6.90654],[-35.83861,-6.91254],[-35.8406,-6.91435],[-35.83847,-6.91591],[-35.8298,-6.91544],[-35.81603,-6.91881],[-35.81025,-6.9175],[-35.81541,-6.92559],[-35.82379,-6.93096],[-35.82668,-6.92749],[-35.8243,-6.92272],[-35.83307,-6.92265],[-35.83601,-6.92463],[-35.83536,-6.93352],[-35.84085,-6.93679],[-35.85397,-6.93592],[-35.86016,-6.94032],[-35.87954,-6.94161],[-35.89279,-6.95778],[-35.91397,-6.96828],[-35.91969,-6.97512],[-35.95717,-6.99295],[-35.97087,-7.00458],[-35.97936,-7.00707],[-35.97636,-7.00272],[-35.96192,-6.99335],[-35.93978,-6.96771],[-35.93513,-6.95783],[-35.92518,-6.94938],[-35.92154,-6.93901],[-35.91265,-6.92654],[-35.9415,-6.94003],[-35.95562,-6.95353],[-35.96502,-6.95388],[-35.97243,-6.95748],[-35.98415,-6.96946],[-35.99107,-6.98176],[-36.0,-6.98928],[-36.0,-6.98294],[-35.97554,-6.95286],[-35.96756,-6.94619],[-35.93569,-6.92846],[-35.88618,-6.90551],[-35.8871,-6.91078],[-35.90059,-6.91949],[-35.90504,-6.92911],[-35.91333,-6.93632],[-35.91871,-6.94789],[-35.93089,-6.95727],[-35.93593,-6.96783],[-35.95122,-6.98612],[-35.94765,-6.98562],[-35.93313,-6.97416],[-35.91674,-6.96766],[-35.9087,-6.95772],[-35.89862,-6.95008],[-35.88601,-6.92899],[-35.86406,-6.91203],[-35.83383,-6.90277],[-35.81082,-6.90254],[-35.79701,-6.89644],[-35.77225,-6.89619],[-35.75622,-6.89884],[-35.75657,-6.90368],[-35.78275,-6.92678],[-35.78659,-6.92756]]]}},{"type":"Feature","properties":{"SIGLA":"NP3_gamma_2ct5","NOME":"Corpo Plúton Sem Denominação","LITOTIPOS":"Monzogranito, Sienogranito","AMBIENTE_TECTONICO":null,"ERA_MIN":"Neoproterozóico","ERA_MAX":"Neoproterozóico","IDADE_MIN":541.1,"IDADE_MAX":635.0,"LEGENDA":"Granito, quartzo-sienito, sienito, podendo conter biotita-aegirina-augita e anfibólio; peralcalinos","area_km2":12.61},"geometry":{"type":"Polygon","coordinates":[[[-36.00032,-6.9345],[-36.00938,-6.94592],[-36.03468,-6.96179],[-36.04856,-6.96532],[-36.05648,-6.96428],[-36.02694,-6.94785],[-36.01372,-6.93653],[-36.02228,-6.93796],[-36.05941,-6.96009],[-36.06418,-6.95928],[-36.0644,-6.9522],[-36.05829,-6.95315],[-36.05261,-6.94777],[-36.0,-6.91739],[-36.00032,-6.9345]]]}},{"type":"Feature","properties":{"SIGLA":"NP1_gamma_rf","NOME":"Suíte Recanto - Riacho do Forno","LITOTIPOS":"Augen gnaisse, Metagranito, Metamonzogranito, Metassienito, Metassienogranito, Migmatito","AMBIENTE_TECTONICO":null,"ERA_MIN":"Neoproterozóico","ERA_MAX":"Neoproterozóico","IDADE_MIN":720.1,"IDADE_MAX":1000.0,"LEGENDA":"Biotita augen gnaisse granítico, micáceo e porfiroclástico (alcalifeldspato) médios a grossos; Ortognaisse e migmatito granodiorítico a monzogranítico; Granada metagranito a duas micas anatético de fonte supracrustal. Textura fanerítica inequigranular média e textura perlácea das muscovitas.  999 ±50 ¿ 925 ± 9,8 Ma U-Pb convencional em zircão.","area_km2":15.13},"geometry":{"type":"Polygon","coordinates":[[[-36.74133,-7.1779],[-36.6978,-7.19234],[-36.69378,-7.1968],[-36.70944,-7.19756],[-36.73591,-7.18937],[-36.75503,-7.17983],[-36.7779,-7.17785],[-36.79502,-7.1868],[-36.80631,-7.18983],[-36.81591,-7.19987],[-36.83881,-7.21157],[-36.83559,-7.20423],[-36.83512,-7.19528],[-36.8092,-7.18111],[-36.77982,-7.1726],[-36.74133,-7.1779]]]}},{"type":"Feature","properties":{"SIGLA":"NP3_gamma_2it45","NOME":"Corpo Plúton Sem Denominação","LITOTIPOS":"Diorito, Granito, Granodiorito, Monzonito","AMBIENTE_TECTONICO":null,"ERA_MIN":"Neoproterozóico","ERA_MAX":"Neoproterozóico","IDADE_MIN":541.1,"IDADE_MAX":635.0,"LEGENDA":"Granito, granodiorito, monzogranito e sienogranito equigranulares médios a grossos a inequigranulares porfiríticos, com fenocristais subédricos a euédricos de K-feldspato (1cm a 7cm) e de plagioclásio (0,5cm a 1cm). Associados a diorito e a fases intermediárias de mistura, com ou sem epidoto magmático. Suíte metaluminosa a levemente peraluminosa, calcialcalina de alto K e levemente shorshonítica. 580 Ma U-Pb.","area_km2":19.33},"geometry":{"type":"Polygon","coordinates":[[[-36.72645,-7.14324],[-36.70694,-7.14472],[-36.71002,-7.15569],[-36.695,-7.16633],[-36.69936,-7.17217],[-36.70711,-7.17275],[-36.73897,-7.16001],[-36.76433,-7.15853],[-36.78331,-7.16035],[-36.82796,-7.1765],[-36.80431,-7.1592],[-36.75376,-7.14563],[-36.72645,-7.14324]]]}},{"type":"Feature","properties":{"SIGLA":"NP1_gamma_rf","NOME":"Suíte Recanto - Riacho do Forno","LITOTIPOS":"Augen gnaisse, Metagranito, Metamonzogranito, Metassienito, Metassienogranito, Migmatito","AMBIENTE_TECTONICO":null,"ERA_MIN":"Neoproterozóico","ERA_MAX":"Neoproterozóico","IDADE_MIN":720.1,"IDADE_MAX":1000.0,"LEGENDA":"Biotita augen gnaisse granítico, micáceo e porfiroclástico (alcalifeldspato) médios a grossos; Ortognaisse e migmatito granodiorítico a monzogranítico; Granada metagranito a duas micas anatético de fonte supracrustal. Textura fanerítica inequigranular média e textura perlácea das muscovitas.  999 ±50 ¿ 925 ± 9,8 Ma U-Pb convencional em zircão.","area_km2":28.2},"geometry":{"type":"Polygon","coordinates":[[[-36.65855,-7.13662],[-36.65034,-7.13453],[-36.63739,-7.13834],[-36.62569,-7.14704],[-36.62318,-7.15328],[-36.62413,-7.15803],[-36.61971,-7.1646],[-36.62877,-7.16645],[-36.65432,-7.16331],[-36.6908,-7.1672],[-36.70974,-7.15644],[-36.70694,-7.14472],[-36.6943,-7.13594],[-36.6808,-7.13318],[-36.65855,-7.13662]]]}},{"type":"Feature","properties":{"SIGLA":"NP3_gamma_2it45","NOME":"Corpo Plúton Sem Denominação","LITOTIPOS":"Diorito, Granito, Granodiorito, Monzonito","AMBIENTE_TECTONICO":null,"ERA_MIN":"Neoproterozóico","ERA_MAX":"Neoproterozóico","IDADE_MIN":541.1,"IDADE_MAX":635.0,"LEGENDA":"Granito, granodiorito, monzogranito e sienogranito equigranulares médios a grossos a inequigranulares porfiríticos, com fenocristais subédricos a euédricos de K-feldspato (1cm a 7cm) e de plagioclásio (0,5cm a 1cm). Associados a diorito e a fases intermediárias de mistura, com ou sem epidoto magmático. Suíte metaluminosa a levemente peraluminosa, calcialcalina de alto K e levemente shorshonítica. 580 Ma U-Pb.","area_km2":7.54},"geometry":{"type":"Polygon","coordinates":[[[-36.79969,-7.13543],[-36.79879,-7.13244],[-36.78329,-7.12481],[-36.78739,-7.12215],[-36.74559,-7.10587],[-36.71074,-7.0999],[-36.69816,-7.10054],[-36.70017,-7.10269],[-36.74648,-7.11354],[-36.79969,-7.13543]]]}},{"type":"Feature","properties":{"SIGLA":"NP3ss","NOME":"Formação Seridó","LITOTIPOS":"Biotita-quartzo xisto, Clorita xisto, Filito, Granada-biotita xisto, Mármore, Metavulcânica básica, Quartzito, Xisto aluminoso","AMBIENTE_TECTONICO":null,"ERA_MIN":"Neoproterozóico","ERA_MAX":"Neoproterozóico","IDADE_MIN":541.1,"IDADE_MAX":635.0,"LEGENDA":"Biotita xisto, podendo conter granada e/ou cordierita, estaurolita, sillimanita, andaluzita e cianita, localmente com intercalações de mármore, rochas calcissilicáticas, quartzito, metarritimito, clorita-sericita xisto e metavulcânicas máficas. Idade: 628 Ma U-Pb.","area_km2":19.54},"geometry":{"type":"Polygon","coordinates":[[[-36.84996,-6.9897],[-36.87999,-7.0214],[-36.91769,-7.04794],[-36.9457,-7.06415],[-36.99066,-7.0727],[-37.01325,-7.07195],[-37.01052,-7.06729],[-37.00265,-7.06537],[-36.99098,-7.06527],[-36.9981,-7.06746],[-36.99661,-7.07056],[-36.97552,-7.06711],[-36.94877,-7.05953],[-36.9303,-7.05044],[-36.88988,-7.0149],[-36.86737,-6.98059],[-36.86511,-6.9808],[-36.8652,-6.98639],[-36.87182,-6.99667],[-36.86239,-6.98705],[-36.8524,-6.98105],[-36.84967,-6.97597],[-36.85184,-6.97043],[-36.84662,-6.96279],[-36.84431,-6.96719],[-36.84613,-6.98112],[-36.84996,-6.9897]]]}},{"type":"Feature","properties":{"SIGLA":"NQc","NOME":"Depósitos colúvio-eluviais","LITOTIPOS":"Areia, Argila, Cascalho, Laterita","AMBIENTE_TECTONICO":null,"ERA_MIN":"Cenozóico","ERA_MAX":"Cenozóico","IDADE_MIN":0.0,"IDADE_MAX":23.03,"LEGENDA":"Depósitos inconsolidados com matriz arenosa, areno-argilosa, argilo-arenosa e conglomerática, mal trabalhados e mal classificados, constituidos por fragmentos angulosos, grânulos, seixos, blocos e matacões de variados tipos de rochas (granitoide, gnaisse, quartzito, blocos de quartzo e formação ferrífera).","area_km2":60.6},"geometry":{"type":"Polygon","coordinates":[[[-36.74718,-7.02868],[-36.74161,-7.02193],[-36.73061,-7.01664],[-36.68433,-7.01598],[-36.66942,-7.00592],[-36.66214,-6.99692],[-36.6622,-6.99431],[-36.66645,-6.99518],[-36.66674,-6.99292],[-36.6609,-6.98902],[-36.6661,-6.98636],[-36.66476,-6.98441],[-36.65641,-6.98305],[-36.65285,-6.98862],[-36.64669,-6.99067],[-36.64388,-6.99418],[-36.63757,-6.9951],[-36.63711,-6.98917],[-36.64063,-6.98202],[-36.6479,-6.97564],[-36.64795,-6.96964],[-36.64254,-6.9757],[-36.63767,-6.9754],[-36.63575,-6.98059],[-36.62678,-6.98195],[-36.62616,-6.97643],[-36.61636,-6.97777],[-36.61449,-6.97475],[-36.6101,-6.97563],[-36.61123,-6.96202],[-36.61765,-6.94491],[-36.61658,-6.94051],[-36.60782,-6.93945],[-36.59655,-6.93017],[-36.59252,-6.93184],[-36.59057,-6.9385],[-36.58047,-6.93939],[-36.58137,-6.94452],[-36.58831,-6.9497],[-36.59028,-6.96025],[-36.57695,-6.96515],[-36.57335,-6.96155],[-36.569,-6.96408],[-36.57039,-6.97188],[-36.57718,-6.97737],[-36.58556,-6.98055],[-36.58971,-6.97911],[-36.59332,-6.97626],[-36.59944,-6.94947],[-36.60383,-6.94576],[-36.60754,-6.95287],[-36.60351,-6.95765],[-36.60207,-6.96742],[-36.59466,-6.97787],[-36.59504,-6.98562],[-36.60118,-6.98708],[-36.60612,-6.98307],[-36.61474,-6.98442],[-36.62043,-6.99926],[-36.62592,-7.00554],[-36.63557,-7.01049],[-36.64354,-7.02181],[-36.65767,-7.02161],[-36.66805,-7.02588],[-36.68211,-7.02468],[-36.69855,-7.03238],[-36.70662,-7.03243],[-36.71459,-7.03659],[-36.72869,-7.03557],[-36.74864,-7.04148],[-36.75723,-7.04084],[-36.76672,-7.05312],[-36.7826,-7.05714],[-36.79405,-7.06653],[-36.8001,-7.0654],[-36.79856,-7.05648],[-36.78595,-7.04157],[-36.77181,-7.03994],[-36.75904,-7.03079],[-36.74484,-7.02916],[-36.74718,-7.02868]]]}},{"type":"Feature","properties":{"SIGLA":"NP3ss","NOME":"Formação Seridó","LITOTIPOS":"Biotita-quartzo xisto, Clorita xisto, Filito, Granada-biotita xisto, Mármore, Metavulcânica básica, Quartzito, Xisto aluminoso","AMBIENTE_TECTONICO":null,"ERA_MIN":"Neoproterozóico","ERA_MAX":"Neoproterozóico","IDADE_MIN":541.1,"IDADE_MAX":635.0,"LEGENDA":"Biotita xisto, podendo conter granada e/ou cordierita, estaurolita, sillimanita, andaluzita e cianita, localmente com intercalações de mármore, rochas calcissilicáticas, quartzito, metarritimito, clorita-sericita xisto e metavulcânicas máficas. Idade: 628 Ma U-Pb.","area_km2":2.05},"geometry":{"type":"Polygon","coordinates":[[[-36.62616,-6.97643],[-36.61782,-6.96278],[-36.61382,-6.95747],[-36.60917,-6.97457],[-36.61449,-6.97475],[-36.61636,-6.97777],[-36.62616,-6.97643]]]}},{"type":"Feature","properties":{"SIGLA":"NP3ss","NOME":"Formação Seridó","LITOTIPOS":"Biotita-quartzo xisto, Clorita xisto, Filito, Granada-biotita xisto, Mármore, Metavulcânica básica, Quartzito, Xisto aluminoso","AMBIENTE_TECTONICO":null,"ERA_MIN":"Neoproterozóico","ERA_MAX":"Neoproterozóico","IDADE_MIN":541.1,"IDADE_MAX":635.0,"LEGENDA":"Biotita xisto, podendo conter granada e/ou cordierita, estaurolita, sillimanita, andaluzita e cianita, localmente com intercalações de mármore, rochas calcissilicáticas, quartzito, metarritimito, clorita-sericita xisto e metavulcânicas máficas. Idade: 628 Ma U-Pb.","area_km2":2.55},"geometry":{"type":"Polygon","coordinates":[[[-36.82537,-6.97377],[-36.8259,-6.97113],[-36.79991,-6.9487],[-36.79016,-6.93693],[-36.79682,-6.955],[-36.82537,-6.97377]]]}},{"type":"Feature","properties":{"SIGLA":"NP3sq","NOME":"Formação Serra dos Quintos","LITOTIPOS":"Clorita xisto, Formação ferrífera bandada, Gnaisse, Mármore, Metabasalto, Quartzito ferruginoso, Rocha metaultramáfica, Tremolita-clorita xisto, Xisto","AMBIENTE_TECTONICO":null,"ERA_MIN":"Neoproterozóico","ERA_MAX":"Neoproterozóico","IDADE_MIN":541.1,"IDADE_MAX":635.0,"LEGENDA":"Xisto, gnaisse, BIF, metamáfica, metaultramáfica, marmore","area_km2":300.48},"geometry":{"type":"Polygon","coordinates":[[[-36.92665,-7.07163],[-36.89885,-7.06356],[-36.8596,-7.04443],[-36.83716,-7.02494],[-36.81074,-7.00934],[-36.77832,-6.979],[-36.77215,-6.97846],[-36.76511,-6.98169],[-36.75012,-6.99414],[-36.74298,-6.99492],[-36.73383,-6.99121],[-36.72713,-6.98534],[-36.7397,-6.99806],[-36.74596,-7.0016],[-36.75715,-7.00541],[-36.77193,-7.00539],[-36.79407,-7.02179],[-36.82452,-7.03777],[-36.91377,-7.07445],[-36.97441,-7.08831],[-37.00756,-7.091],[-37.02648,-7.08889],[-37.02308,-7.08552],[-36.99302,-7.08165],[-36.99304,-7.07834],[-37.02221,-7.07443],[-37.02637,-7.07008],[-36.99673,-7.06147],[-36.99256,-7.05804],[-36.99305,-7.05133],[-37.02968,-7.04367],[-37.04017,-7.03938],[-37.06564,-7.03668],[-37.06921,-7.03568],[-37.07109,-7.03147],[-37.03622,-7.01732],[-36.99375,-7.01361],[-36.98067,-7.008],[-36.9661,-6.99786],[-36.94665,-6.96688],[-36.95347,-6.96846],[-36.97449,-6.99334],[-36.9846,-6.99603],[-36.98837,-6.97621],[-36.97855,-6.95993],[-36.97555,-6.94398],[-36.9658,-6.9319],[-36.95969,-6.91598],[-36.95473,-6.90903],[-36.94645,-6.90352],[-36.94143,-6.88865],[-36.93202,-6.87878],[-36.92575,-6.8679],[-36.92483,-6.85668],[-36.91719,-6.8499],[-36.91143,-6.83626],[-36.89008,-6.81611],[-36.88767,-6.82004],[-36.88947,-6.82355],[-36.9001,-6.84104],[-36.90321,-6.84437],[-36.90338,-6.84096],[-36.90522,-6.84197],[-36.92358,-6.86785],[-36.9665,-6.94828],[-36.9695,-6.95977],[-36.96509,-6.96602],[-36.957,-6.96507],[-36.94395,-6.95241],[-36.92843,-6.92525],[-36.91467,-6.89059],[-36.88321,-6.84669],[-36.8506,-6.8069],[-36.83113,-6.77526],[-36.80956,-6.75397],[-36.80556,-6.75757],[-36.83514,-6.80922],[-36.84226,-6.80993],[-36.85927,-6.82527],[-36.89388,-6.86381],[-36.89883,-6.88956],[-36.91287,-6.91256],[-36.93238,-6.96621],[-36.9461,-6.98694],[-36.96487,-7.00657],[-36.97544,-7.01334],[-36.99511,-7.01615],[-37.00782,-7.02142],[-37.02096,-7.02237],[-37.02151,-7.02497],[-37.01732,-7.03009],[-37.02691,-7.03605],[-37.02477,-7.03877],[-37.0052,-7.0373],[-37.00233,-7.03906],[-37.00307,-7.04385],[-36.98856,-7.04695],[-36.9859,-7.05183],[-36.98777,-7.06183],[-36.97521,-7.05985],[-36.96869,-7.05624],[-36.97522,-7.05451],[-36.97347,-7.04802],[-36.97848,-7.04705],[-36.97834,-7.0443],[-36.96414,-7.03904],[-36.9201,-6.9942],[-36.90916,-6.9913],[-36.9001,-6.98252],[-36.90175,-6.99068],[-36.91013,-7.00724],[-36.90807,-7.00927],[-36.88631,-6.99048],[-36.85751,-6.94399],[-36.85334,-6.919],[-36.84489,-6.91757],[-36.83849,-6.90832],[-36.83487,-6.90962],[-36.83873,-6.93365],[-36.83834,-6.93986],[-36.83584,-6.94194],[-36.82062,-6.93743],[-36.80556,-6.92738],[-36.79088,-6.89635],[-36.78529,-6.85128],[-36.77922,-6.84016],[-36.76976,-6.8345],[-36.7695,-6.8387],[-36.75949,-6.8376],[-36.77141,-6.86119],[-36.77715,-6.87591],[-36.77616,-6.87886],[-36.76768,-6.85788],[-36.75579,-6.83719],[-36.749,-6.83645],[-36.74927,-6.84017],[-36.74379,-6.83588],[-36.7302,-6.8364],[-36.74474,-6.87873],[-36.7574,-6.8994],[-36.76654,-6.9263],[-36.78069,-6.94835],[-36.80464,-6.97159],[-36.85203,-7.02893],[-36.87112,-7.04409],[-36.92665,-7.07163]],[[-36.84996,-6.9897],[-36.8447,-6.97386],[-36.84431,-6.96719],[-36.84662,-6.96279],[-36.85184,-6.97043],[-36.84967,-6.97597],[-36.8524,-6.98105],[-36.86239,-6.98705],[-36.87182,-6.99667],[-36.8652,-6.98639],[-36.86511,-6.9808],[-36.86737,-6.98059],[-36.88988,-7.0149],[-36.9303,-7.05044],[-36.94877,-7.05953],[-36.97552,-7.06711],[-36.99661,-7.07056],[-36.9981,-7.06746],[-36.99098,-7.06527],[-37.00265,-7.06537],[-37.01052,-7.06729],[-37.01325,-7.07195],[-36.99066,-7.0727],[-36.9457,-7.06415],[-36.91769,-7.04794],[-36.87999,-7.0214],[-36.84996,-6.9897]],[[-36.82537,-6.97377],[-36.79682,-6.955],[-36.79016,-6.93693],[-36.79991,-6.9487],[-36.8259,-6.97113],[-36.82537,-6.97377]]]}},{"type":"Feature","properties":{"SIGLA":"NP3se","NOME":"Formação Equador","LITOTIPOS":"Metaconglomerado, Muscovita quartzito","AMBIENTE_TECTONICO":null,"ERA_MIN":"Neoproterozóico","ERA_MAX":"Neoproterozóico","IDADE_MIN":541.1,"IDADE_MAX":635.0,"LEGENDA":"Quartzitos e muscovita quartzitos lepidogranoblásticos finos a médios de coloração cinza claro a creme e muscovita-metaconglomerado.","area_km2":165.78},"geometry":{"type":"Polygon","coordinates":[[[-36.91377,-7.07445],[-36.8086,-7.03021],[-36.77193,-7.00539],[-36.75715,-7.00541],[-36.7397,-6.99806],[-36.72258,-6.98061],[-36.7186,-6.9827],[-36.7093,-6.9747],[-36.6947,-6.9345],[-36.6872,-6.926],[-36.67198,-6.92597],[-36.67729,-6.94857],[-36.67611,-6.95075],[-36.6735,-6.9511],[-36.64773,-6.9305],[-36.6374,-6.9338],[-36.61898,-6.93398],[-36.61685,-6.93609],[-36.61765,-6.94491],[-36.61442,-6.94973],[-36.61382,-6.95747],[-36.62616,-6.97643],[-36.62678,-6.98195],[-36.63575,-6.98059],[-36.63879,-6.97458],[-36.64254,-6.9757],[-36.64643,-6.96973],[-36.64867,-6.97144],[-36.6479,-6.97564],[-36.63921,-6.98437],[-36.6362,-6.99157],[-36.63757,-6.9951],[-36.64388,-6.99418],[-36.64669,-6.99067],[-36.65285,-6.98862],[-36.65641,-6.98305],[-36.66476,-6.98441],[-36.6661,-6.98636],[-36.6609,-6.98902],[-36.66674,-6.99292],[-36.66645,-6.99518],[-36.6622,-6.99431],[-36.66214,-6.99692],[-36.66942,-7.00592],[-36.68433,-7.01598],[-36.69911,-7.01476],[-36.73421,-7.01783],[-36.74228,-7.02248],[-36.74718,-7.02868],[-36.7545,-7.0282],[-36.74755,-7.02889],[-36.75904,-7.03079],[-36.77113,-7.03967],[-36.78417,-7.04046],[-36.80037,-7.06076],[-36.82366,-7.07086],[-36.8717,-7.08403],[-36.96544,-7.10047],[-37.06472,-7.09937],[-37.10168,-7.09575],[-37.10512,-7.09233],[-37.10429,-7.08699],[-37.09364,-7.08633],[-37.09901,-7.09194],[-37.00487,-7.09868],[-36.99937,-7.09784],[-37.06869,-7.08905],[-37.07243,-7.08557],[-37.02095,-7.08312],[-37.01539,-7.08394],[-37.02506,-7.08624],[-37.02648,-7.08889],[-36.99997,-7.09059],[-36.96331,-7.08675],[-36.91377,-7.07445]],[[-36.91561,-7.07978],[-36.91561,-7.07978],[-36.91673,-7.07543],[-36.91561,-7.07978]]]}},{"type":"Feature","properties":{"SIGLA":"NP1_gamma_rf","NOME":"Suíte Recanto - Riacho do Forno","LITOTIPOS":"Augen gnaisse, Metagranito, Metamonzogranito, Metassienito, Metassienogranito, Migmatito","AMBIENTE_TECTONICO":null,"ERA_MIN":"Neoproterozóico","ERA_MAX":"Neoproterozóico","IDADE_MIN":720.1,"IDADE_MAX":1000.0,"LEGENDA":"Biotita augen gnaisse granítico, micáceo e porfiroclástico (alcalifeldspato) médios a grossos; Ortognaisse e migmatito granodiorítico a monzogranítico; Granada metagranito a duas micas anatético de fonte supracrustal. Textura fanerítica inequigranular média e textura perlácea das muscovitas.  999 ±50 ¿ 925 ± 9,8 Ma U-Pb convencional em zircão.","area_km2":3.77},"geometry":{"type":"Polygon","coordinates":[[[-35.65655,-7.04312],[-35.65785,-7.04199],[-35.65519,-7.03781],[-35.64919,-7.03278],[-35.64817,-7.02662],[-35.63925,-7.02045],[-35.63454,-7.00984],[-35.61885,-7.0035],[-35.64324,-7.03487],[-35.65655,-7.04312]]]}},{"type":"Feature","properties":{"SIGLA":"NP1sca","NOME":"Complexo São Caetano","LITOTIPOS":"Biotita gnaisse, Biotita-muscovita-quartzo xisto, Mármore, Metabasalto, Metachert, Metadacito, Metagabro, Metagrauvaca, Metapsamito, Metarriodacito, Metarritmito, Metavulcanoclástica, Migmatito, Ortognaisse granítico, Ortognaisse migmatítico, Paragnaisse","AMBIENTE_TECTONICO":null,"ERA_MIN":"Neoproterozóico","ERA_MAX":"Neoproterozóico","IDADE_MIN":720.1,"IDADE_MAX":1000.0,"LEGENDA":"(Silimanita) muscovita-biotita gnaisses por vezes granadíferos, homogêneos a bandados e termos miloníticos a protomiloníticos com transição para gnaisses migmatíticos estromáticos; Micaxistos, com subordinados metarritimitos e metapsamitos, e paragnaisses micáceos, bandados a migmatíticos. Contém turmalina e granada e intercalações de quartzitos micáceos, granadíferos a feldspáticos, e de ortognaisses graníticos a duas micas, mármore, quartzito, metavulcanoclástica . Estão cisalhados e milonitizados. U-Pb SHRIMP em zircão indica idade máxima de deposição de  ~ 862 Ma.","area_km2":1041.51},"geometry":{"type":"Polygon","coordinates":[[[-35.39043,-6.85563],[-35.4043,-6.85627],[-35.4279,-6.86483],[-35.4592,-6.86282],[-35.47081,-6.86791],[-35.48109,-6.86915],[-35.4845,-6.87313],[-35.48492,-6.87844],[-35.47924,-6.89161],[-35.47967,-6.89889],[-35.4603,-6.91401],[-35.43995,-6.94874],[-35.44594,-6.96915],[-35.44196,-6.98333],[-35.44416,-6.99299],[-35.44227,-6.99556],[-35.43342,-6.99635],[-35.43055,-6.99871],[-35.44529,-7.01102],[-35.44952,-7.03197],[-35.46039,-7.03549],[-35.47183,-7.04262],[-35.50842,-7.04568],[-35.53684,-7.05541],[-35.53823,-7.05822],[-35.53621,-7.06216],[-35.51978,-7.06531],[-35.51645,-7.07701],[-35.50868,-7.07796],[-35.50622,-7.08043],[-35.50749,-7.08299],[-35.52552,-7.08981],[-35.53778,-7.1024],[-35.54837,-7.10132],[-35.56191,-7.11737],[-35.57357,-7.11755],[-35.58365,-7.12552],[-35.5999,-7.12733],[-35.61004,-7.1356],[-35.61255,-7.13508],[-35.61293,-7.12711],[-35.61634,-7.12694],[-35.62516,-7.13729],[-35.64139,-7.14281],[-35.70016,-7.22814],[-35.7316,-7.256],[-35.75106,-7.27782],[-35.74093,-7.25366],[-35.74276,-7.23894],[-35.75738,-7.2102],[-35.76863,-7.19657],[-35.78783,-7.18543],[-35.80098,-7.18365],[-35.81937,-7.18686],[-35.83427,-7.1956],[-35.84637,-7.19841],[-35.84363,-7.19452],[-35.82125,-7.18023],[-35.7982,-7.17481],[-35.7722,-7.17555],[-35.73386,-7.19956],[-35.72509,-7.21363],[-35.71862,-7.21696],[-35.71153,-7.21267],[-35.70013,-7.1975],[-35.67382,-7.18023],[-35.66037,-7.16289],[-35.67809,-7.17391],[-35.69925,-7.17916],[-35.70716,-7.18752],[-35.7223,-7.19278],[-35.72522,-7.18991],[-35.7197,-7.17979],[-35.72303,-7.17051],[-35.72176,-7.16166],[-35.72453,-7.15252],[-35.73538,-7.14759],[-35.75849,-7.14493],[-35.76601,-7.15149],[-35.78941,-7.15815],[-35.81167,-7.17284],[-35.83171,-7.17821],[-35.87972,-7.23123],[-35.90902,-7.25358],[-35.92647,-7.27046],[-35.95235,-7.27745],[-35.97769,-7.29116],[-36.0,-7.29524],[-36.0,-7.19482],[-35.93562,-7.21898],[-35.92078,-7.2194],[-35.91081,-7.22365],[-35.88691,-7.2267],[-35.88215,-7.2262],[-35.87258,-7.21903],[-35.88852,-7.22115],[-35.91101,-7.2142],[-35.91817,-7.21602],[-35.94422,-7.21041],[-35.95703,-7.19787],[-35.96622,-7.19261],[-36.0,-7.183],[-36.0,-7.1726],[-35.99563,-7.16721],[-36.0,-7.1623],[-36.0,-7.151],[-35.98771,-7.15226],[-35.97544,-7.1629],[-35.97705,-7.16523],[-35.98456,-7.16662],[-35.98381,-7.17038],[-35.95903,-7.18358],[-35.94087,-7.19737],[-35.92055,-7.19685],[-35.90902,-7.19903],[-35.88938,-7.19191],[-35.88389,-7.18615],[-35.87793,-7.16751],[-35.85933,-7.14918],[-35.84069,-7.13907],[-35.81544,-7.13639],[-35.79945,-7.12938],[-35.78878,-7.12957],[-35.77287,-7.11708],[-35.75219,-7.10748],[-35.73673,-7.09387],[-35.72592,-7.0789],[-35.7497,-7.08234],[-35.75982,-7.08081],[-35.77966,-7.09883],[-35.79336,-7.10562],[-35.80993,-7.1034],[-35.81264,-7.10103],[-35.8138,-7.09245],[-35.81987,-7.0893],[-35.83564,-7.09649],[-35.84857,-7.0969],[-35.87568,-7.10567],[-35.81306,-7.07652],[-35.77523,-7.06878],[-35.75201,-7.05901],[-35.72141,-7.05427],[-35.70055,-7.04302],[-35.68639,-7.03819],[-35.67167,-7.02664],[-35.65781,-7.02061],[-35.6464,-7.00837],[-35.63052,-7.00216],[-35.60538,-6.98519],[-35.594,-6.97208],[-35.58585,-6.95603],[-35.57455,-6.9415],[-35.53915,-6.92182],[-35.52275,-6.91672],[-35.50792,-6.90609],[-35.5065,-6.90205],[-35.52061,-6.897],[-35.55345,-6.89709],[-35.61702,-6.88248],[-35.63708,-6.88277],[-35.68183,-6.89183],[-35.6966,-6.90591],[-35.71924,-6.91455],[-35.72709,-6.92175],[-35.72802,-6.92869],[-35.72541,-6.93608],[-35.72761,-6.95417],[-35.71958,-6.96433],[-35.71935,-6.96907],[-35.73831,-6.97241],[-35.76022,-6.9842],[-35.77092,-7.00546],[-35.77541,-7.00872],[-35.78372,-7.00981],[-35.7917,-7.01907],[-35.81317,-7.02785],[-35.82572,-7.02852],[-35.82471,-7.02455],[-35.78675,-6.99967],[-35.77479,-6.97344],[-35.76236,-6.96622],[-35.76133,-6.95822],[-35.75576,-6.94885],[-35.76462,-6.94168],[-35.77409,-6.93959],[-35.79966,-6.94799],[-35.81604,-6.95954],[-35.82453,-6.97592],[-35.82612,-6.99512],[-35.84316,-7.0095],[-35.83906,-6.9922],[-35.84418,-6.9801],[-35.83676,-6.97219],[-35.83336,-6.96112],[-35.82544,-6.95265],[-35.82667,-6.95079],[-35.83324,-6.95095],[-35.78659,-6.92756],[-35.69811,-6.89159],[-35.57537,-6.83515],[-35.60924,-6.85804],[-35.61431,-6.86536],[-35.61204,-6.87203],[-35.57298,-6.8785],[-35.55007,-6.88962],[-35.5265,-6.89248],[-35.52402,-6.88954],[-35.53574,-6.87424],[-35.53538,-6.86793],[-35.53016,-6.86412],[-35.51009,-6.86411],[-35.5058,-6.85702],[-35.49841,-6.85212],[-35.49132,-6.83601],[-35.47158,-6.81108],[-35.45226,-6.80047],[-35.4298,-6.78012],[-35.40784,-6.76885],[-35.37442,-6.75585],[-35.32544,-6.74486],[-35.24855,-6.74635],[-35.19229,-6.74374],[-35.19117,-6.74868],[-35.19745,-6.75474],[-35.20129,-6.75565],[-35.20816,-6.753],[-35.20798,-6.75547],[-35.20218,-6.75819],[-35.20185,-6.76175],[-35.21079,-6.76397],[-35.2165,-6.76227],[-35.22346,-6.76619],[-35.22437,-6.76901],[-35.22216,-6.77105],[-35.21099,-6.76607],[-35.21737,-6.77118],[-35.21366,-6.77624],[-35.20744,-6.77193],[-35.2067,-6.7786],[-35.20014,-6.76785],[-35.19284,-6.76807],[-35.1972,-6.77124],[-35.19469,-6.77522],[-35.20236,-6.79641],[-35.19946,-6.80589],[-35.186,-6.80954],[-35.18985,-6.81152],[-35.19192,-6.81836],[-35.19457,-6.8198],[-35.1977,-6.81447],[-35.2058,-6.81211],[-35.21714,-6.80009],[-35.22819,-6.7939],[-35.2287,-6.79045],[-35.22363,-6.78416],[-35.22776,-6.77716],[-35.24083,-6.77942],[-35.24768,-6.78318],[-35.2734,-6.77904],[-35.27737,-6.781],[-35.27697,-6.78346],[-35.29216,-6.78952],[-35.30053,-6.80145],[-35.32085,-6.80588],[-35.33891,-6.81422],[-35.34004,-6.81892],[-35.33583,-6.82393],[-35.32169,-6.83114],[-35.27132,-6.83905],[-35.2362,-6.85026],[-35.20682,-6.85042],[-35.21606,-6.85319],[-35.21837,-6.85909],[-35.22575,-6.86437],[-35.23176,-6.86368],[-35.23915,-6.85545],[-35.25301,-6.85335],[-35.26184,-6.84391],[-35.268,-6.84078],[-35.27212,-6.84123],[-35.28219,-6.85163],[-35.28218,-6.85547],[-35.27869,-6.8567],[-35.27008,-6.85365],[-35.26377,-6.85517],[-35.23823,-6.87358],[-35.22541,-6.87346],[-35.21304,-6.86606],[-35.20631,-6.85909],[-35.19113,-6.86035],[-35.17625,-6.85468],[-35.17059,-6.85845],[-35.15541,-6.8582],[-35.15019,-6.86341],[-35.13901,-6.865],[-35.1296,-6.86208],[-35.1337,-6.87009],[-35.13775,-6.86897],[-35.14324,-6.88355],[-35.14332,-6.87356],[-35.15393,-6.87414],[-35.15975,-6.86799],[-35.16475,-6.87017],[-35.15599,-6.88279],[-35.15983,-6.88907],[-35.16086,-6.89667],[-35.16543,-6.89552],[-35.16385,-6.87994],[-35.16653,-6.8776],[-35.17366,-6.88112],[-35.17348,-6.87238],[-35.17555,-6.8709],[-35.18871,-6.87391],[-35.18185,-6.88506],[-35.18282,-6.88967],[-35.18447,-6.88994],[-35.18969,-6.8786],[-35.19244,-6.87788],[-35.18989,-6.89397],[-35.1928,-6.89318],[-35.19743,-6.87891],[-35.20013,-6.88064],[-35.19795,-6.88907],[-35.20254,-6.88863],[-35.20333,-6.88241],[-35.2065,-6.88597],[-35.21018,-6.88479],[-35.21324,-6.88717],[-35.20992,-6.89065],[-35.20435,-6.89137],[-35.20127,-6.90235],[-35.19017,-6.90465],[-35.19667,-6.90966],[-35.19451,-6.91187],[-35.18919,-6.91138],[-35.18885,-6.91602],[-35.1821,-6.92177],[-35.17893,-6.92927],[-35.17999,-6.93377],[-35.18552,-6.93666],[-35.20265,-6.92461],[-35.20702,-6.92445],[-35.20794,-6.92676],[-35.21523,-6.92436],[-35.25415,-6.90627],[-35.28338,-6.89704],[-35.32151,-6.87602],[-35.33096,-6.87613],[-35.33907,-6.89259],[-35.34115,-6.87892],[-35.33642,-6.87013],[-35.33884,-6.86626],[-35.36738,-6.85623],[-35.38909,-6.85561],[-35.39,-6.848],[-35.39043,-6.85563]],[[-35.63694,-7.11955],[-35.62675,-7.09382],[-35.59288,-7.0587],[-35.56858,-7.00506],[-35.53076,-6.94137],[-35.54676,-6.95295],[-35.55137,-6.96362],[-35.56382,-6.9785],[-35.57961,-7.00512],[-35.60746,-7.02078],[-35.63065,-7.04666],[-35.64817,-7.06187],[-35.64785,-7.06482],[-35.64517,-7.06543],[-35.6326,-7.05458],[-35.61726,-7.04965],[-35.6044,-7.03892],[-35.60032,-7.03897],[-35.61671,-7.06137],[-35.62562,-7.07996],[-35.64029,-7.09187],[-35.64057,-7.09983],[-35.63774,-7.09673],[-35.63495,-7.09782],[-35.63814,-7.10915],[-35.63694,-7.11955]],[[-35.53294,-7.01718],[-35.55825,-7.03273],[-35.56683,-7.04195],[-35.57079,-7.05177],[-35.57027,-7.06816],[-35.57464,-7.07494],[-35.58553,-7.08394],[-35.59453,-7.08645],[-35.61664,-7.09985],[-35.62548,-7.11463],[-35.62024,-7.11322],[-35.61465,-7.10748],[-35.60964,-7.10708],[-35.60484,-7.11781],[-35.60057,-7.11901],[-35.58943,-7.11484],[-35.58179,-7.11517],[-35.57324,-7.1086],[-35.56084,-7.10688],[-35.54752,-7.09059],[-35.54634,-7.08499],[-35.54824,-7.08029],[-35.56113,-7.06833],[-35.55989,-7.05178],[-35.52994,-7.01972],[-35.53294,-7.01718]],[[-35.40554,-6.81636],[-35.41709,-6.82273],[-35.44475,-6.81743],[-35.4465,-6.82377],[-35.45278,-6.82496],[-35.45062,-6.83049],[-35.46266,-6.8364],[-35.46465,-6.84136],[-35.45688,-6.84756],[-35.44075,-6.84391],[-35.42044,-6.84493],[-35.40162,-6.84153],[-35.38539,-6.84139],[-35.35794,-6.84701],[-35.35171,-6.84699],[-35.34949,-6.84484],[-35.35104,-6.84163],[-35.36407,-6.83329],[-35.3986,-6.83242],[-35.40075,-6.82999],[-35.3994,-6.82699],[-35.39096,-6.82596],[-35.38689,-6.81992],[-35.40554,-6.81636]],[[-35.38941,-6.77886],[-35.40114,-6.781],[-35.40853,-6.78504],[-35.4124,-6.79046],[-35.40893,-6.7948],[-35.41375,-6.79593],[-35.4148,-6.79911],[-35.37966,-6.8046],[-35.3638,-6.81164],[-35.35152,-6.80948],[-35.3393,-6.80161],[-35.32789,-6.80105],[-35.32187,-6.79696],[-35.34012,-6.79206],[-35.35743,-6.78271],[-35.38941,-6.77886]],[[-35.66881,-7.11558],[-35.65727,-7.10709],[-35.64664,-7.08611],[-35.62846,-7.07175],[-35.6272,-7.06521],[-35.63707,-7.06904],[-35.64448,-7.07667],[-35.65884,-7.0815],[-35.67743,-7.0934],[-35.69581,-7.10128],[-35.71063,-7.10426],[-35.72484,-7.11301],[-35.73498,-7.11618],[-35.73595,-7.11912],[-35.73379,-7.12043],[-35.71216,-7.11606],[-35.68729,-7.12046],[-35.66881,-7.11558]],[[-35.50269,-6.94201],[-35.51445,-6.96468],[-35.50904,-6.97301],[-35.50799,-6.9856],[-35.50282,-6.99596],[-35.5069,-7.00558],[-35.50593,-7.0085],[-35.48924,-6.99597],[-35.47956,-6.98291],[-35.47991,-6.97624],[-35.48652,-6.96005],[-35.48236,-6.94466],[-35.4813,-6.91883],[-35.48893,-6.93619],[-35.50269,-6.94201]],[[-35.64302,-7.11636],[-35.65031,-7.12419],[-35.67843,-7.14008],[-35.68497,-7.1486],[-35.69792,-7.1423],[-35.7245,-7.13827],[-35.7271,-7.13965],[-35.70997,-7.14693],[-35.70536,-7.15747],[-35.7074,-7.1725],[-35.70116,-7.17485],[-35.6856,-7.16397],[-35.67331,-7.16137],[-35.66432,-7.15569],[-35.64492,-7.13271],[-35.6407,-7.12188],[-35.64074,-7.1174],[-35.64302,-7.11636]],[[-35.31331,-6.75954],[-35.34144,-6.75805],[-35.34919,-6.76303],[-35.35882,-6.76169],[-35.36814,-6.76577],[-35.35957,-6.77194],[-35.34131,-6.77621],[-35.32341,-6.78583],[-35.29506,-6.78229],[-35.28071,-6.77503],[-35.29182,-6.76987],[-35.30209,-6.76823],[-35.31331,-6.75954]],[[-35.5249,-6.94747],[-35.54231,-6.96792],[-35.55051,-6.98849],[-35.56485,-7.0106],[-35.56534,-7.01811],[-35.56048,-7.01447],[-35.55126,-6.99985],[-35.53092,-6.98431],[-35.52538,-6.96943],[-35.53136,-6.96196],[-35.5249,-6.94747]],[[-35.70305,-7.07019],[-35.68016,-7.06069],[-35.66748,-7.0494],[-35.66131,-7.03476],[-35.67926,-7.04212],[-35.686,-7.05471],[-35.70656,-7.06713],[-35.71226,-7.07761],[-35.70305,-7.07019]],[[-35.75855,-7.13818],[-35.75418,-7.13087],[-35.76709,-7.1368],[-35.77626,-7.13791],[-35.81991,-7.17161],[-35.80675,-7.16613],[-35.78426,-7.14962],[-35.76576,-7.14317],[-35.75855,-7.13818]],[[-35.65655,-7.04312],[-35.64324,-7.03487],[-35.61885,-7.0035],[-35.63454,-7.00984],[-35.63925,-7.02045],[-35.64817,-7.02662],[-35.64919,-7.03278],[-35.65519,-7.03781],[-35.65785,-7.04199],[-35.65655,-7.04312]],[[-35.7212,-7.0968],[-35.7117,-7.0888],[-35.7041,-7.0808],[-35.7212,-7.0968]]]}},{"type":"Feature","properties":{"SIGLA":"NP1_gamma_rf","NOME":"Suíte Recanto - Riacho do Forno","LITOTIPOS":"Augen gnaisse, Metagranito, Metamonzogranito, Metassienito, Metassienogranito, Migmatito","AMBIENTE_TECTONICO":null,"ERA_MIN":"Neoproterozóico","ERA_MAX":"Neoproterozóico","IDADE_MIN":720.1,"IDADE_MAX":1000.0,"LEGENDA":"Biotita augen gnaisse granítico, micáceo e porfiroclástico (alcalifeldspato) médios a grossos; Ortognaisse e migmatito granodiorítico a monzogranítico; Granada metagranito a duas micas anatético de fonte supracrustal. Textura fanerítica inequigranular média e textura perlácea das muscovitas.  999 ±50 ¿ 925 ± 9,8 Ma U-Pb convencional em zircão.","area_km2":8.27},"geometry":{"type":"Polygon","coordinates":[[[-35.56432,-7.01839],[-35.5663,-7.0163],[-35.56485,-7.0106],[-35.55051,-6.98849],[-35.54231,-6.96792],[-35.52403,-6.94753],[-35.53136,-6.96196],[-35.52538,-6.96943],[-35.53092,-6.98431],[-35.55126,-6.99985],[-35.56432,-7.01839]]]}},{"type":"Feature","properties":{"SIGLA":"NP1_gamma_rf","NOME":"Suíte Recanto - Riacho do Forno","LITOTIPOS":"Augen gnaisse, Metagranito, Metamonzogranito, Metassienito, Metassienogranito, Migmatito","AMBIENTE_TECTONICO":null,"ERA_MIN":"Neoproterozóico","ERA_MAX":"Neoproterozóico","IDADE_MIN":720.1,"IDADE_MAX":1000.0,"LEGENDA":"Biotita augen gnaisse granítico, micáceo e porfiroclástico (alcalifeldspato) médios a grossos; Ortognaisse e migmatito granodiorítico a monzogranítico; Granada metagranito a duas micas anatético de fonte supracrustal. Textura fanerítica inequigranular média e textura perlácea das muscovitas.  999 ±50 ¿ 925 ± 9,8 Ma U-Pb convencional em zircão.","area_km2":270.95},"geometry":{"type":"Polygon","coordinates":[[[-35.60796,-6.88361],[-35.55345,-6.89709],[-35.51687,-6.8976],[-35.50832,-6.90032],[-35.50656,-6.90433],[-35.52275,-6.91672],[-35.53915,-6.92182],[-35.57455,-6.9415],[-35.58585,-6.95603],[-35.59731,-6.97675],[-35.61013,-6.98892],[-35.63052,-7.00216],[-35.6464,-7.00837],[-35.65781,-7.02061],[-35.67167,-7.02664],[-35.68639,-7.03819],[-35.70055,-7.04302],[-35.72141,-7.05427],[-35.75201,-7.05901],[-35.74086,-7.05173],[-35.74183,-7.04703],[-35.76419,-7.03861],[-35.78412,-7.02693],[-35.80873,-7.02574],[-35.7917,-7.01907],[-35.78185,-7.00879],[-35.77336,-7.00772],[-35.75722,-6.98213],[-35.73831,-6.97241],[-35.71935,-6.96907],[-35.71958,-6.96433],[-35.72761,-6.95417],[-35.72541,-6.93608],[-35.7281,-6.92527],[-35.72247,-6.91659],[-35.6966,-6.90591],[-35.68522,-6.89415],[-35.67758,-6.89019],[-35.63708,-6.88277],[-35.60796,-6.88361]],[[-35.67954,-6.91622],[-35.68919,-6.9207],[-35.69818,-6.92014],[-35.70277,-6.92466],[-35.71024,-6.92274],[-35.71397,-6.92694],[-35.7163,-6.91896],[-35.71822,-6.92405],[-35.72386,-6.92499],[-35.71867,-6.92909],[-35.71822,-6.93704],[-35.71268,-6.94134],[-35.70421,-6.93524],[-35.70112,-6.94037],[-35.69875,-6.9359],[-35.69191,-6.9363],[-35.69052,-6.93422],[-35.69218,-6.93253],[-35.69659,-6.93393],[-35.69852,-6.93115],[-35.70539,-6.9316],[-35.70562,-6.92779],[-35.69852,-6.92692],[-35.6967,-6.92374],[-35.69229,-6.92726],[-35.68547,-6.92578],[-35.67769,-6.9333],[-35.67991,-6.92416],[-35.67696,-6.91884],[-35.67954,-6.91622]],[[-35.67969,-6.94145],[-35.68493,-6.94664],[-35.68737,-6.94274],[-35.69105,-6.95171],[-35.6967,-6.95206],[-35.70091,-6.94485],[-35.70271,-6.95133],[-35.71058,-6.94704],[-35.71393,-6.94841],[-35.7111,-6.9518],[-35.69863,-6.95676],[-35.69914,-6.95899],[-35.70639,-6.96048],[-35.70463,-6.96359],[-35.69509,-6.9642],[-35.69076,-6.95972],[-35.68385,-6.96454],[-35.68211,-6.96219],[-35.68521,-6.95556],[-35.67944,-6.94663],[-35.67969,-6.94145]],[[-35.6722,-6.91686],[-35.6722,-6.92738],[-35.6696,-6.92903],[-35.66608,-6.92499],[-35.66629,-6.92013],[-35.66272,-6.91928],[-35.66532,-6.9148],[-35.66476,-6.90853],[-35.65552,-6.90485],[-35.65832,-6.89717],[-35.66344,-6.90546],[-35.66451,-6.89522],[-35.66737,-6.89549],[-35.66665,-6.90866],[-35.6722,-6.91686]],[[-35.6302,-6.9119],[-35.6496,-6.9106],[-35.6557,-6.9111],[-35.6302,-6.9119]]]}},{"type":"Feature","properties":{"SIGLA":"NP1_gamma_rf","NOME":"Suíte Recanto - Riacho do Forno","LITOTIPOS":"Augen gnaisse, Metagranito, Metamonzogranito, Metassienito, Metassienogranito, Migmatito","AMBIENTE_TECTONICO":null,"ERA_MIN":"Neoproterozóico","ERA_MAX":"Neoproterozóico","IDADE_MIN":720.1,"IDADE_MAX":1000.0,"LEGENDA":"Biotita augen gnaisse granítico, micáceo e porfiroclástico (alcalifeldspato) médios a grossos; Ortognaisse e migmatito granodiorítico a monzogranítico; Granada metagranito a duas micas anatético de fonte supracrustal. Textura fanerítica inequigranular média e textura perlácea das muscovitas.  999 ±50 ¿ 925 ± 9,8 Ma U-Pb convencional em zircão.","area_km2":19.55},"geometry":{"type":"Polygon","coordinates":[[[-35.50593,-7.0085],[-35.5069,-7.00558],[-35.50282,-6.99596],[-35.50799,-6.9856],[-35.50904,-6.97301],[-35.51366,-6.96784],[-35.51406,-6.96287],[-35.50342,-6.94258],[-35.48893,-6.93619],[-35.48214,-6.91851],[-35.48236,-6.94466],[-35.48652,-6.96005],[-35.47991,-6.97624],[-35.47956,-6.98291],[-35.48924,-6.99597],[-35.50593,-7.0085]]]}},{"type":"Feature","properties":{"SIGLA":"NP3_gamma_2it32","NOME":"Corpo Plúton São Lourenço","LITOTIPOS":"Diorito, Granito, Granodiorito, Monzonito","AMBIENTE_TECTONICO":null,"ERA_MIN":"Neoproterozóico","ERA_MAX":"Neoproterozóico","IDADE_MIN":541.1,"IDADE_MAX":635.0,"LEGENDA":"Granito e granodiorito grossso a porfirítico associado a diorito e a fases intermediárias de mistura, com ou sem epidoto magmático; calcialcalinos de alto K;","area_km2":162.1},"geometry":{"type":"Polygon","coordinates":[[[-35.38909,-6.85561],[-35.36738,-6.85623],[-35.33708,-6.86776],[-35.34115,-6.87892],[-35.3393,-6.89635],[-35.34605,-6.91408],[-35.34615,-6.92476],[-35.35819,-6.93838],[-35.37709,-6.94513],[-35.3852,-6.9721],[-35.39689,-6.98476],[-35.40286,-7.00024],[-35.40984,-7.00148],[-35.44227,-6.99556],[-35.44416,-6.99299],[-35.44196,-6.98333],[-35.4461,-6.97231],[-35.43999,-6.9536],[-35.44088,-6.94524],[-35.45389,-6.92729],[-35.4603,-6.91401],[-35.47967,-6.89889],[-35.47924,-6.89161],[-35.48492,-6.87844],[-35.4845,-6.87313],[-35.48109,-6.86915],[-35.47081,-6.86791],[-35.4592,-6.86282],[-35.4279,-6.86483],[-35.4043,-6.85627],[-35.38914,-6.85561],[-35.3796,-6.9346],[-35.38909,-6.85561]]]}},{"type":"Feature","properties":{"SIGLA":"ENsm","NOME":"Formação Serra dos Martins","LITOTIPOS":"Arenito, Arenito conglomerático, Arenito síltico-argiloso, Laterita","AMBIENTE_TECTONICO":null,"ERA_MIN":"Cenozóico","ERA_MAX":"Cenozóico","IDADE_MIN":2.59,"IDADE_MAX":66.0,"LEGENDA":"Arenitos finos a médios  conglomeráticos com níveis pelíticos, argilito avermelhado e caulim.","area_km2":2.26},"geometry":{"type":"Polygon","coordinates":[[[-35.66344,-6.90546],[-35.65832,-6.89717],[-35.65552,-6.90485],[-35.66476,-6.90853],[-35.66532,-6.9148],[-35.66291,-6.91996],[-35.66629,-6.92013],[-35.66608,-6.92499],[-35.67049,-6.929],[-35.67299,-6.91827],[-35.66688,-6.90957],[-35.66778,-6.89706],[-35.66586,-6.89443],[-35.66344,-6.90546]]]}},{"type":"Feature","properties":{"SIGLA":"NP1_gamma_rf","NOME":"Suíte Recanto - Riacho do Forno","LITOTIPOS":"Augen gnaisse, Metagranito, Metamonzogranito, Metassienito, Metassienogranito, Migmatito","AMBIENTE_TECTONICO":null,"ERA_MIN":"Neoproterozóico","ERA_MAX":"Neoproterozóico","IDADE_MIN":720.1,"IDADE_MAX":1000.0,"LEGENDA":"Biotita augen gnaisse granítico, micáceo e porfiroclástico (alcalifeldspato) médios a grossos; Ortognaisse e migmatito granodiorítico a monzogranítico; Granada metagranito a duas micas anatético de fonte supracrustal. Textura fanerítica inequigranular média e textura perlácea das muscovitas.  999 ±50 ¿ 925 ± 9,8 Ma U-Pb convencional em zircão.","area_km2":24.09},"geometry":{"type":"Polygon","coordinates":[[[-35.40554,-6.81636],[-35.38661,-6.82054],[-35.38934,-6.82467],[-35.3994,-6.82699],[-35.3999,-6.83135],[-35.36407,-6.83329],[-35.35104,-6.84163],[-35.35018,-6.84621],[-35.36117,-6.84679],[-35.38157,-6.84188],[-35.39633,-6.8414],[-35.42044,-6.84493],[-35.44075,-6.84391],[-35.45688,-6.84756],[-35.46465,-6.84136],[-35.46266,-6.8364],[-35.45062,-6.83049],[-35.45278,-6.82496],[-35.4465,-6.82377],[-35.44475,-6.81743],[-35.41709,-6.82273],[-35.40554,-6.81636]]]}},{"type":"Feature","properties":{"SIGLA":"NP1_gamma_rf","NOME":"Suíte Recanto - Riacho do Forno","LITOTIPOS":"Augen gnaisse, Metagranito, Metamonzogranito, Metassienito, Metassienogranito, Migmatito","AMBIENTE_TECTONICO":null,"ERA_MIN":"Neoproterozóico","ERA_MAX":"Neoproterozóico","IDADE_MIN":720.1,"IDADE_MAX":1000.0,"LEGENDA":"Biotita augen gnaisse granítico, micáceo e porfiroclástico (alcalifeldspato) médios a grossos; Ortognaisse e migmatito granodiorítico a monzogranítico; Granada metagranito a duas micas anatético de fonte supracrustal. Textura fanerítica inequigranular média e textura perlácea das muscovitas.  999 ±50 ¿ 925 ± 9,8 Ma U-Pb convencional em zircão.","area_km2":21.63},"geometry":{"type":"Polygon","coordinates":[[[-35.33017,-6.80123],[-35.3393,-6.80161],[-35.34955,-6.80877],[-35.3638,-6.81164],[-35.37966,-6.8046],[-35.40893,-6.80143],[-35.41544,-6.7978],[-35.40893,-6.7948],[-35.41234,-6.78943],[-35.40691,-6.78384],[-35.39778,-6.77993],[-35.38382,-6.77895],[-35.35743,-6.78271],[-35.34012,-6.79206],[-35.32199,-6.79628],[-35.33017,-6.80123]]]}},{"type":"Feature","properties":{"SIGLA":"NP1_gamma_rf","NOME":"Suíte Recanto - Riacho do Forno","LITOTIPOS":"Augen gnaisse, Metagranito, Metamonzogranito, Metassienito, Metassienogranito, Migmatito","AMBIENTE_TECTONICO":null,"ERA_MIN":"Neoproterozóico","ERA_MAX":"Neoproterozóico","IDADE_MIN":720.1,"IDADE_MAX":1000.0,"LEGENDA":"Biotita augen gnaisse granítico, micáceo e porfiroclástico (alcalifeldspato) médios a grossos; Ortognaisse e migmatito granodiorítico a monzogranítico; Granada metagranito a duas micas anatético de fonte supracrustal. Textura fanerítica inequigranular média e textura perlácea das muscovitas.  999 ±50 ¿ 925 ± 9,8 Ma U-Pb convencional em zircão.","area_km2":121.68},"geometry":{"type":"Polygon","coordinates":[[[-35.21421,-6.7025],[-35.21586,-6.70444],[-35.22342,-6.70277],[-35.22708,-6.70584],[-35.23097,-6.70246],[-35.24007,-6.70705],[-35.24017,-6.70941],[-35.23118,-6.71254],[-35.23483,-6.72162],[-35.23093,-6.73202],[-35.22442,-6.73186],[-35.22097,-6.72675],[-35.21761,-6.72692],[-35.21429,-6.7316],[-35.21589,-6.73678],[-35.2133,-6.74452],[-35.20977,-6.74456],[-35.20738,-6.73599],[-35.20289,-6.7448],[-35.1978,-6.74044],[-35.19229,-6.74374],[-35.2077,-6.74544],[-35.24855,-6.74635],[-35.32544,-6.74486],[-35.36743,-6.75356],[-35.40784,-6.76885],[-35.4298,-6.78012],[-35.45226,-6.80047],[-35.47158,-6.81108],[-35.49132,-6.83601],[-35.49841,-6.85212],[-35.5058,-6.85702],[-35.51009,-6.86411],[-35.53016,-6.86412],[-35.53538,-6.86793],[-35.53574,-6.87424],[-35.52402,-6.88954],[-35.5265,-6.89248],[-35.55007,-6.88962],[-35.57298,-6.8785],[-35.60711,-6.87395],[-35.61377,-6.86995],[-35.61431,-6.86536],[-35.60924,-6.85804],[-35.57537,-6.83515],[-35.46646,-6.79476],[-35.38842,-6.75618],[-35.34412,-6.73974],[-35.26548,-6.7167],[-35.21858,-6.69215],[-35.21421,-6.7025]]]}},{"type":"Feature","properties":{"SIGLA":"Qfm","NOME":"Depósitos flúvio-marinhos","LITOTIPOS":"Areia, Argila, Silte","AMBIENTE_TECTONICO":null,"ERA_MIN":"Cenozóico","ERA_MAX":"Cenozóico","IDADE_MIN":0.0,"IDADE_MAX":2.58,"LEGENDA":"Depósitos indiscriminados de pantanos e mangues, fluvio-lagunares e litorâneos indiscriminados","area_km2":192.78},"geometry":{"type":"MultiPolygon","coordinates":[[[[-34.91257,-6.81667],[-34.91456,-6.81689],[-34.91804,-6.79518],[-34.92729,-6.80674],[-34.93664,-6.80614],[-34.93753,-6.81355],[-34.93979,-6.81404],[-34.9449,-6.80938],[-34.95689,-6.81251],[-34.96258,-6.8217],[-34.96628,-6.82283],[-34.97365,-6.81951],[-34.9806,-6.82353],[-34.98321,-6.83007],[-34.99039,-6.82722],[-35.00386,-6.81657],[-35.01357,-6.82395],[-35.01195,-6.83314],[-35.02397,-6.82644],[-35.02694,-6.82683],[-35.03851,-6.83799],[-35.04086,-6.84834],[-35.04887,-6.83972],[-35.05945,-6.84606],[-35.06937,-6.84281],[-35.08058,-6.84493],[-35.08481,-6.84927],[-35.09031,-6.84329],[-35.11537,-6.86159],[-35.12108,-6.86208],[-35.12255,-6.86577],[-35.13213,-6.86145],[-35.13901,-6.865],[-35.15019,-6.86341],[-35.15541,-6.8582],[-35.17059,-6.85845],[-35.17625,-6.85468],[-35.19113,-6.86035],[-35.20631,-6.85909],[-35.21304,-6.86606],[-35.22541,-6.87346],[-35.23823,-6.87358],[-35.26377,-6.85517],[-35.27008,-6.85365],[-35.27646,-6.85693],[-35.28286,-6.85366],[-35.27572,-6.84422],[-35.268,-6.84078],[-35.26184,-6.84391],[-35.25301,-6.85335],[-35.23915,-6.85545],[-35.23176,-6.86368],[-35.22575,-6.86437],[-35.21837,-6.85909],[-35.21606,-6.85319],[-35.20682,-6.85042],[-35.19993,-6.84463],[-35.18893,-6.84522],[-35.176,-6.84136],[-35.16914,-6.83342],[-35.16683,-6.8391],[-35.16019,-6.84259],[-35.15853,-6.84613],[-35.15361,-6.84605],[-35.14869,-6.84249],[-35.14205,-6.84586],[-35.13624,-6.84236],[-35.13066,-6.83443],[-35.12294,-6.83679],[-35.11163,-6.83252],[-35.10621,-6.83301],[-35.09289,-6.81995],[-35.0809,-6.81462],[-35.07346,-6.80697],[-35.05736,-6.79776],[-35.04775,-6.79999],[-35.03845,-6.79689],[-35.03648,-6.79317],[-35.03082,-6.79226],[-35.02073,-6.78247],[-34.99831,-6.78106],[-34.98316,-6.77601],[-34.97175,-6.76166],[-34.96585,-6.75838],[-34.94988,-6.76035],[-34.95221,-6.76329],[-34.95116,-6.77591],[-34.96669,-6.78793],[-34.97343,-6.78815],[-34.97253,-6.79058],[-34.96862,-6.79158],[-34.95109,-6.7814],[-34.94607,-6.76364],[-34.93119,-6.7719],[-34.91894,-6.77068],[-34.915,-6.7874],[-34.91257,-6.81667]]],[[[-34.91149,-6.82319],[-34.91313,-6.81891],[-34.91282,-6.81798],[-34.91149,-6.82319]]],[[[-34.9893,-6.9085],[-35.03028,-6.91926],[-35.04408,-6.92872],[-35.06372,-6.93471],[-35.07948,-6.93608],[-35.08927,-6.94107],[-35.10738,-6.93974],[-35.12958,-6.94219],[-35.13796,-6.96652],[-35.1403,-6.96243],[-35.13639,-6.94506],[-35.14078,-6.94279],[-35.15625,-6.94194],[-35.16587,-6.9497],[-35.17502,-6.95229],[-35.17864,-6.95607],[-35.18394,-6.97005],[-35.19031,-6.97368],[-35.18886,-6.97756],[-35.17699,-6.98425],[-35.1861,-6.98316],[-35.18752,-6.98875],[-35.1918,-6.98463],[-35.19165,-6.99215],[-35.19718,-6.99424],[-35.20046,-6.99926],[-35.20192,-6.99679],[-35.19355,-6.97741],[-35.19457,-6.97514],[-35.19884,-6.97671],[-35.19993,-6.98255],[-35.20413,-6.98284],[-35.20972,-6.99335],[-35.22865,-6.9971],[-35.2292,-7.0022],[-35.23158,-7.00318],[-35.23858,-6.99644],[-35.2472,-6.99815],[-35.25606,-6.99591],[-35.25434,-6.9895],[-35.26018,-6.98657],[-35.26055,-6.98164],[-35.26292,-6.98074],[-35.26633,-6.98284],[-35.27196,-6.98144],[-35.28036,-6.99334],[-35.28104,-6.98693],[-35.27429,-6.98058],[-35.27643,-6.97961],[-35.28101,-6.98264],[-35.28259,-6.9799],[-35.27843,-6.97705],[-35.27788,-6.97365],[-35.27193,-6.974],[-35.26957,-6.97103],[-35.23844,-6.99001],[-35.22642,-6.99234],[-35.21425,-6.988],[-35.21245,-6.98207],[-35.20781,-6.97849],[-35.20907,-6.97539],[-35.21481,-6.97681],[-35.22985,-6.97406],[-35.23482,-6.97625],[-35.24049,-6.97512],[-35.24389,-6.97815],[-35.24548,-6.97623],[-35.24257,-6.97144],[-35.24751,-6.97122],[-35.24564,-6.96318],[-35.24079,-6.96328],[-35.23725,-6.95877],[-35.23489,-6.95958],[-35.23479,-6.96398],[-35.22824,-6.96181],[-35.2305,-6.96725],[-35.22684,-6.96902],[-35.2114,-6.96833],[-35.21122,-6.96131],[-35.20441,-6.96851],[-35.19514,-6.96751],[-35.19339,-6.9622],[-35.18929,-6.96014],[-35.18785,-6.95388],[-35.17972,-6.94975],[-35.18465,-6.94406],[-35.19497,-6.94471],[-35.2062,-6.93951],[-35.21633,-6.94223],[-35.21594,-6.94891],[-35.22589,-6.94685],[-35.22313,-6.94134],[-35.21224,-6.93364],[-35.20587,-6.9345],[-35.19926,-6.93121],[-35.18899,-6.94072],[-35.17824,-6.93872],[-35.17648,-6.94578],[-35.17387,-6.94708],[-35.16957,-6.94272],[-35.1658,-6.94359],[-35.16246,-6.93953],[-35.15661,-6.93903],[-35.15608,-6.93718],[-35.16457,-6.93576],[-35.16365,-6.93375],[-35.15716,-6.9331],[-35.15055,-6.93913],[-35.1433,-6.93912],[-35.13712,-6.93778],[-35.13588,-6.93173],[-35.13339,-6.9369],[-35.12512,-6.9374],[-35.11229,-6.93308],[-35.10975,-6.92597],[-35.10449,-6.93056],[-35.08079,-6.93147],[-35.05653,-6.92649],[-35.03975,-6.91659],[-35.03789,-6.91421],[-35.04169,-6.91166],[-35.0415,-6.90231],[-35.04585,-6.89654],[-35.04426,-6.89497],[-35.0371,-6.89855],[-35.03122,-6.9113],[-35.01479,-6.90369],[-35.00714,-6.90623],[-34.99416,-6.90516],[-34.97685,-6.89669],[-34.96262,-6.89578],[-34.95346,-6.89003],[-34.94199,-6.88778],[-34.93914,-6.88536],[-34.94568,-6.88208],[-34.94572,-6.87924],[-34.92295,-6.87276],[-34.91288,-6.86393],[-34.90326,-6.86186],[-34.90319,-6.85726],[-34.90928,-6.84858],[-34.90884,-6.8337],[-34.89716,-6.8683],[-34.90176,-6.8691],[-34.90643,-6.87732],[-34.9181,-6.88321],[-34.92778,-6.89449],[-34.94819,-6.90254],[-34.96409,-6.90412],[-34.97164,-6.90949],[-34.98221,-6.91097],[-34.98877,-6.91518],[-35.00161,-6.91223],[-34.9893,-6.9085]]]]}},{"type":"Feature","properties":{"SIGLA":"NQc","NOME":"Depósitos colúvio-eluviais","LITOTIPOS":"Areia, Argila, Cascalho, Laterita","AMBIENTE_TECTONICO":null,"ERA_MIN":"Cenozóico","ERA_MAX":"Cenozóico","IDADE_MIN":0.0,"IDADE_MAX":23.03,"LEGENDA":"Depósitos inconsolidados com matriz arenosa, areno-argilosa, argilo-arenosa e conglomerática, mal trabalhados e mal classificados, constituidos por fragmentos angulosos, grânulos, seixos, blocos e matacões de variados tipos de rochas (granitoide, gnaisse, quartzito, blocos de quartzo e formação ferrífera).","area_km2":134.22},"geometry":{"type":"Polygon","coordinates":[[[-34.94234,-6.81476],[-34.94526,-6.82816],[-34.94229,-6.84106],[-34.93824,-6.83896],[-34.93719,-6.81697],[-34.93421,-6.8176],[-34.92533,-6.82858],[-34.92652,-6.84659],[-34.93078,-6.85295],[-34.93919,-6.85811],[-34.93916,-6.86887],[-34.95098,-6.87259],[-34.97893,-6.86354],[-34.99536,-6.87521],[-34.99534,-6.87696],[-34.98843,-6.87842],[-34.97252,-6.87068],[-34.96759,-6.87533],[-34.95568,-6.87683],[-34.955,-6.88048],[-34.96473,-6.88883],[-34.98931,-6.88729],[-34.99237,-6.8908],[-35.00652,-6.89212],[-35.0266,-6.90156],[-35.03114,-6.89947],[-35.0349,-6.89303],[-35.04538,-6.89011],[-35.04728,-6.88247],[-35.05753,-6.88612],[-35.05722,-6.89392],[-35.05227,-6.89685],[-35.05381,-6.91326],[-35.05833,-6.91745],[-35.0621,-6.91743],[-35.06455,-6.91311],[-35.07599,-6.91495],[-35.07785,-6.91964],[-35.10116,-6.9284],[-35.11859,-6.91955],[-35.12352,-6.91129],[-35.13556,-6.90865],[-35.12903,-6.91599],[-35.1257,-6.92425],[-35.11424,-6.92976],[-35.12341,-6.934],[-35.13064,-6.93296],[-35.13964,-6.92098],[-35.15881,-6.91164],[-35.16132,-6.91488],[-35.15863,-6.91882],[-35.14197,-6.93173],[-35.15747,-6.92949],[-35.1681,-6.93329],[-35.17326,-6.92804],[-35.17667,-6.91935],[-35.1821,-6.91512],[-35.18345,-6.90819],[-35.18717,-6.90421],[-35.18576,-6.89862],[-35.17775,-6.89032],[-35.17639,-6.88403],[-35.16732,-6.88802],[-35.16861,-6.89695],[-35.16662,-6.89933],[-35.15453,-6.90226],[-35.15274,-6.89804],[-35.15627,-6.89281],[-35.15316,-6.88848],[-35.15295,-6.8793],[-35.14949,-6.87941],[-35.14528,-6.88652],[-35.13327,-6.88158],[-35.12361,-6.88462],[-35.11508,-6.87123],[-35.10857,-6.86905],[-35.10716,-6.86227],[-35.09963,-6.86582],[-35.10672,-6.87688],[-35.10385,-6.88244],[-35.10471,-6.88654],[-35.10763,-6.88981],[-35.12323,-6.89512],[-35.12463,-6.8991],[-35.09477,-6.89073],[-35.09189,-6.88688],[-35.09309,-6.87829],[-35.08958,-6.86145],[-35.08712,-6.86088],[-35.08461,-6.86924],[-35.08162,-6.86307],[-35.07861,-6.86285],[-35.07504,-6.87132],[-35.07221,-6.87232],[-35.07114,-6.86887],[-35.07352,-6.86436],[-35.06958,-6.86381],[-35.06891,-6.86155],[-35.07399,-6.85639],[-35.06296,-6.84914],[-35.05803,-6.85048],[-35.05638,-6.85472],[-35.06317,-6.85694],[-35.06577,-6.86225],[-35.05723,-6.8694],[-35.05435,-6.8653],[-35.05462,-6.85839],[-35.0503,-6.85581],[-35.04806,-6.85035],[-35.04455,-6.85164],[-35.04265,-6.85653],[-35.04608,-6.86688],[-35.04219,-6.86718],[-35.03966,-6.85955],[-35.03497,-6.85784],[-35.03579,-6.85063],[-35.03292,-6.8471],[-35.02596,-6.86553],[-35.0239,-6.86281],[-35.02659,-6.85626],[-35.02586,-6.84682],[-35.03142,-6.83998],[-35.03076,-6.83393],[-35.02361,-6.84002],[-35.02079,-6.83577],[-35.01734,-6.83879],[-35.0155,-6.84651],[-35.01788,-6.85999],[-35.01179,-6.86362],[-35.0095,-6.86103],[-35.00853,-6.84694],[-35.00565,-6.84495],[-35.00838,-6.83954],[-35.00806,-6.82552],[-35.00262,-6.83066],[-35.00186,-6.8363],[-34.99924,-6.83324],[-34.99658,-6.83382],[-34.99019,-6.84587],[-34.98789,-6.84622],[-34.98465,-6.8391],[-34.98126,-6.83818],[-34.97121,-6.84885],[-34.96565,-6.84982],[-34.95959,-6.82493],[-34.95456,-6.82287],[-34.95219,-6.8162],[-34.94637,-6.81778],[-34.94234,-6.81476]]]}},{"type":"Feature","properties":{"SIGLA":"NP1sca","NOME":"Complexo São Caetano","LITOTIPOS":"Biotita gnaisse, Biotita-muscovita-quartzo xisto, Mármore, Metabasalto, Metachert, Metadacito, Metagabro, Metagrauvaca, Metapsamito, Metarriodacito, Metarritmito, Metavulcanoclástica, Migmatito, Ortognaisse granítico, Ortognaisse migmatítico, Paragnaisse","AMBIENTE_TECTONICO":null,"ERA_MIN":"Neoproterozóico","ERA_MAX":"Neoproterozóico","IDADE_MIN":720.1,"IDADE_MAX":1000.0,"LEGENDA":"(Silimanita) muscovita-biotita gnaisses por vezes granadíferos, homogêneos a bandados e termos miloníticos a protomiloníticos com transição para gnaisses migmatíticos estromáticos; Micaxistos, com subordinados metarritimitos e metapsamitos, e paragnaisses micáceos, bandados a migmatíticos. Contém turmalina e granada e intercalações de quartzitos micáceos, granadíferos a feldspáticos, e de ortognaisses graníticos a duas micas, mármore, quartzito, metavulcanoclástica . Estão cisalhados e milonitizados. U-Pb SHRIMP em zircão indica idade máxima de deposição de  ~ 862 Ma.","area_km2":0.21},"geometry":{"type":"Polygon","coordinates":[[[-35.17852,-6.84145],[-35.18893,-6.84522],[-35.19598,-6.84446],[-35.17852,-6.84145]]]}},{"type":"Feature","properties":{"SIGLA":"PP2cb","NOME":"Unidade Cabaceiras","LITOTIPOS":"Migmatito, Ortognaisse granítico, Ortognaisse granodiorítico","AMBIENTE_TECTONICO":null,"ERA_MIN":"Paleoproterozóico","ERA_MAX":"Paleoproterozóico","IDADE_MIN":2050.1,"IDADE_MAX":2300.0,"LEGENDA":"Biotita-anfibólio ortognaisses migmatíticos, granoblásticos finos a médios, de cor cinza, (por vezes bandado), apresentando mesossomas com composição monzogranítica a granodiorítica, podendo conter granada no leucossoma, com níveis anfibolíticos e enclaves dioríticos. Metaluminoso a peraluminoso, calcioalcalino de médio a alto K. U-Pb em zircão: 2,115 - 2,016 Ga; 2,055 Ga+ 20Ma.","area_km2":58.34},"geometry":{"type":"Polygon","coordinates":[[[-35.26822,-6.78892],[-35.26084,-6.78942],[-35.26,-6.79195],[-35.28548,-6.78877],[-35.28938,-6.7922],[-35.28972,-6.79827],[-35.28572,-6.80141],[-35.27597,-6.80151],[-35.27265,-6.81246],[-35.27117,-6.80801],[-35.26832,-6.80722],[-35.26819,-6.81557],[-35.26293,-6.81236],[-35.26056,-6.82048],[-35.25584,-6.82063],[-35.25702,-6.82733],[-35.25183,-6.82353],[-35.2491,-6.81658],[-35.24747,-6.81749],[-35.2483,-6.82302],[-35.24326,-6.82034],[-35.24473,-6.82641],[-35.23678,-6.82453],[-35.23721,-6.81778],[-35.2345,-6.81791],[-35.2332,-6.8139],[-35.22312,-6.81261],[-35.2331,-6.80888],[-35.23218,-6.80612],[-35.22715,-6.80536],[-35.22931,-6.8005],[-35.22014,-6.79774],[-35.2058,-6.81211],[-35.1977,-6.81447],[-35.19457,-6.8198],[-35.19905,-6.82629],[-35.19786,-6.83058],[-35.18392,-6.83592],[-35.1808,-6.8349],[-35.17797,-6.83931],[-35.17335,-6.83998],[-35.19993,-6.84463],[-35.20682,-6.85042],[-35.22917,-6.85153],[-35.27132,-6.83905],[-35.32169,-6.83114],[-35.33583,-6.82393],[-35.34004,-6.81892],[-35.34008,-6.81523],[-35.32969,-6.80947],[-35.30053,-6.80145],[-35.29216,-6.78952],[-35.28803,-6.78725],[-35.27697,-6.78346],[-35.26822,-6.78892]]]}},{"type":"Feature","properties":{"SIGLA":"NQc","NOME":"Depósitos colúvio-eluviais","LITOTIPOS":"Areia, Argila, Cascalho, Laterita","AMBIENTE_TECTONICO":null,"ERA_MIN":"Cenozóico","ERA_MAX":"Cenozóico","IDADE_MIN":0.0,"IDADE_MAX":23.03,"LEGENDA":"Depósitos inconsolidados com matriz arenosa, areno-argilosa, argilo-arenosa e conglomerática, mal trabalhados e mal classificados, constituidos por fragmentos angulosos, grânulos, seixos, blocos e matacões de variados tipos de rochas (granitoide, gnaisse, quartzito, blocos de quartzo e formação ferrífera).","area_km2":15.44},"geometry":{"type":"Polygon","coordinates":[[[-35.13405,-6.83419],[-35.1396,-6.82859],[-35.13654,-6.82624],[-35.13785,-6.82359],[-35.1524,-6.82299],[-35.1551,-6.82103],[-35.14719,-6.81416],[-35.1458,-6.80767],[-35.13921,-6.8012],[-35.13155,-6.7866],[-35.12109,-6.78383],[-35.11463,-6.7906],[-35.09414,-6.78751],[-35.0785,-6.79961],[-35.08007,-6.80473],[-35.0957,-6.80337],[-35.10228,-6.8073],[-35.10543,-6.80505],[-35.1076,-6.79584],[-35.1149,-6.79444],[-35.12859,-6.80611],[-35.12348,-6.82022],[-35.12987,-6.82194],[-35.12737,-6.83088],[-35.13066,-6.83443],[-35.13405,-6.83419]]]}},{"type":"Feature","properties":{"SIGLA":"K_alfa_it","NOME":"Formação Itapororoca","LITOTIPOS":"Fonolito, Riolito","AMBIENTE_TECTONICO":null,"ERA_MIN":"Mesozóico","ERA_MAX":"Mesozóico","IDADE_MIN":66.1,"IDADE_MAX":145.0,"LEGENDA":"Riolito e fonolito.","area_km2":23.62},"geometry":{"type":"Polygon","coordinates":[[[-35.22889,-6.77682],[-35.22376,-6.78534],[-35.22876,-6.79287],[-35.22014,-6.79774],[-35.22931,-6.8005],[-35.22715,-6.80536],[-35.23218,-6.80612],[-35.2331,-6.80888],[-35.22312,-6.81261],[-35.2332,-6.8139],[-35.2345,-6.81791],[-35.23721,-6.81778],[-35.23625,-6.8241],[-35.24264,-6.82674],[-35.24513,-6.8259],[-35.24326,-6.82034],[-35.2483,-6.82302],[-35.24747,-6.81749],[-35.2491,-6.81658],[-35.25183,-6.82353],[-35.25761,-6.82699],[-35.25584,-6.82063],[-35.26056,-6.82048],[-35.26293,-6.81236],[-35.26819,-6.81557],[-35.26832,-6.80722],[-35.27117,-6.80801],[-35.27265,-6.81246],[-35.27597,-6.80151],[-35.28572,-6.80141],[-35.28972,-6.79827],[-35.28938,-6.7922],[-35.28548,-6.78877],[-35.26,-6.79195],[-35.26084,-6.78942],[-35.26822,-6.78892],[-35.27541,-6.78512],[-35.27737,-6.781],[-35.27547,-6.77944],[-35.24768,-6.78318],[-35.22889,-6.77682]]]}},{"type":"Feature","properties":{"SIGLA":"NP3_gamma_i","NOME":"Corpo Granitoides indiscriminados brasilianos","LITOTIPOS":"Biotita granito, Granito pórfiro, Granitoide, Granodiorito, Metagranito, Monzogranito, Quartzo diorito, Quartzo monzonito, Sienogranito, Tonalito","AMBIENTE_TECTONICO":null,"ERA_MIN":"Neoproterozóico","ERA_MAX":"Neoproterozóico","IDADE_MIN":541.1,"IDADE_MAX":635.0,"LEGENDA":"Granitoides de composição petrográfica diversa e quimismo não determinado. Granitoides cinzentos, geralmente de granulometria média a grossa (fácies porfirítica subordinada), de composição granítica dominante, em parte com enclaves dioríticos, em jazimentos individualizados ou intrusivos, de foliação incipiente, alguns gnaissificados e fortemente milonitizados. Monzogranito, granodiorito, tonalito e sienogranito cinza claro a róseo, com granulação fina, foliação definida pela orientação preferencial da biotita; possuem xenólitos; Sienito isotrópico fino a médio, inequigranular e porfirítico.; Hornblenda -biotita diorito e monzodiorito inequigranular fino, foliado, de coloração cinza escura, com enclaves microgranulares e clots de biotita; Biotita metaquartzo sienito a granito peraluminoso, metagranito com biotita metaluminoso e hiperstênio-hornblenda metatonalito. Localmente, exibem foliação magmática; Também ocorrem quartzo diorito, granodiorito, tonalito e quartzo monzonito fortemente milonitizados. Também ocorrem quartzo diorito, granodiorito, tonalito e quartzo monzonito.","area_km2":36.85},"geometry":{"type":"Polygon","coordinates":[[[-35.17219,-6.75681],[-35.16971,-6.75402],[-35.16743,-6.76182],[-35.17161,-6.76995],[-35.16997,-6.7757],[-35.17171,-6.78171],[-35.16586,-6.78717],[-35.15525,-6.76773],[-35.14783,-6.76415],[-35.14219,-6.75764],[-35.14038,-6.75871],[-35.14286,-6.76641],[-35.14973,-6.7727],[-35.16356,-6.7976],[-35.16046,-6.80848],[-35.14293,-6.79184],[-35.1479,-6.80603],[-35.16096,-6.81261],[-35.15908,-6.81961],[-35.16046,-6.82259],[-35.16814,-6.82324],[-35.15393,-6.83909],[-35.15006,-6.83627],[-35.14957,-6.82892],[-35.14679,-6.82609],[-35.13066,-6.83443],[-35.13624,-6.84236],[-35.14205,-6.84586],[-35.14869,-6.84249],[-35.15361,-6.84605],[-35.15853,-6.84613],[-35.16019,-6.84259],[-35.16683,-6.8391],[-35.16914,-6.83342],[-35.17335,-6.83998],[-35.17631,-6.84013],[-35.1808,-6.8349],[-35.18513,-6.83557],[-35.19884,-6.82934],[-35.19905,-6.82629],[-35.19192,-6.81836],[-35.1904,-6.8122],[-35.186,-6.80954],[-35.19946,-6.80589],[-35.20236,-6.79641],[-35.20098,-6.78825],[-35.19469,-6.77522],[-35.18983,-6.77394],[-35.17769,-6.77956],[-35.17879,-6.77539],[-35.18247,-6.77523],[-35.18829,-6.77047],[-35.18748,-6.7644],[-35.18447,-6.76416],[-35.17902,-6.76847],[-35.17473,-6.76265],[-35.18046,-6.75878],[-35.18544,-6.75918],[-35.18476,-6.75178],[-35.18131,-6.75081],[-35.18003,-6.75434],[-35.17219,-6.75681]]]}},{"type":"Feature","properties":{"SIGLA":"NQc","NOME":"Depósitos colúvio-eluviais","LITOTIPOS":"Areia, Argila, Cascalho, Laterita","AMBIENTE_TECTONICO":null,"ERA_MIN":"Cenozóico","ERA_MAX":"Cenozóico","IDADE_MIN":0.0,"IDADE_MAX":23.03,"LEGENDA":"Depósitos inconsolidados com matriz arenosa, areno-argilosa, argilo-arenosa e conglomerática, mal trabalhados e mal classificados, constituidos por fragmentos angulosos, grânulos, seixos, blocos e matacões de variados tipos de rochas (granitoide, gnaisse, quartzito, blocos de quartzo e formação ferrífera).","area_km2":30.32},"geometry":{"type":"Polygon","coordinates":[[[-34.99167,-6.71662],[-34.99175,-6.72047],[-34.99576,-6.72574],[-34.99021,-6.73068],[-35.00071,-6.741],[-35.00357,-6.7367],[-35.00778,-6.73631],[-35.00778,-6.74481],[-35.01638,-6.7493],[-35.02029,-6.74834],[-35.02373,-6.75321],[-35.0307,-6.74882],[-35.03159,-6.75392],[-35.03529,-6.75474],[-35.0493,-6.74207],[-35.06882,-6.73381],[-35.06882,-6.73638],[-35.06237,-6.73855],[-35.09058,-6.74755],[-35.08769,-6.75116],[-35.06437,-6.74858],[-35.06124,-6.75253],[-35.05705,-6.75246],[-35.06141,-6.75908],[-35.05646,-6.7569],[-35.05785,-6.76307],[-35.05091,-6.76619],[-35.05976,-6.77319],[-35.07367,-6.76843],[-35.07613,-6.75792],[-35.08728,-6.75484],[-35.09107,-6.75885],[-35.09379,-6.75321],[-35.099,-6.75356],[-35.1002,-6.75016],[-35.10462,-6.74782],[-35.09953,-6.74293],[-35.09982,-6.73996],[-35.09569,-6.74072],[-35.0931,-6.7378],[-35.08621,-6.73885],[-35.07312,-6.7274],[-35.06926,-6.73084],[-35.06288,-6.72794],[-35.04939,-6.72685],[-35.04644,-6.73261],[-35.04353,-6.72535],[-35.03648,-6.72897],[-35.03629,-6.72491],[-35.03309,-6.72568],[-35.03223,-6.72335],[-35.03047,-6.72611],[-35.02105,-6.71667],[-35.01784,-6.72063],[-35.01646,-6.71904],[-35.01262,-6.72096],[-35.01599,-6.72583],[-35.01414,-6.72711],[-35.01147,-6.72536],[-35.00979,-6.71621],[-34.99575,-6.71374],[-34.99167,-6.71662]]]}},{"type":"Feature","properties":{"SIGLA":"Nb","NOME":"Grupo Barreiras","LITOTIPOS":"Arenito, Arenito conglomerático, Argilito, Argilito arenoso, Conglomerado, Siltito","AMBIENTE_TECTONICO":"Cobertura superficial","ERA_MIN":"Cenozóico","ERA_MAX":"Cenozóico","IDADE_MIN":2.59,"IDADE_MAX":23.03,"LEGENDA":"Predomínio de camadas horizontais de arenito conglomerático com matriz caolínica, contendo lentes e lençóis de conglomerado e brecha, ricos em seixos e grânulos de quartzo e/ou feldspato, e intercalações de argilito caolínico silto-arenoso, siltito, arenito caolínico, arenito argiloso, arenito ferruginoso e argiloso friável e diamictito. Podem apresentar horizontes e/ou colunas de oxi-redução e/ou canga em que assumem cores variegadas (branca, vermelha e roxa); Arenitos argilosos de tonalidade variegada (amarelada, avermelhada e esverdeada), matriz argilo-caulínica, com cimento argiloso, ferruginoso e, às vezes, silicoso; granulação fina a média, com leitos conglomeráticos e nódulos lateríticos na base (pode-se encontrar, no topo, areias sílticas bem classificadas) / sistema fluvial com esporádicas corridas de lamas.","area_km2":325.08},"geometry":{"type":"Polygon","coordinates":[[[-34.95894,-6.65525],[-34.96184,-6.6533],[-34.96376,-6.65521],[-34.95602,-6.66537],[-34.95944,-6.66573],[-34.95915,-6.66846],[-34.93692,-6.69272],[-34.93874,-6.69594],[-34.94445,-6.69125],[-34.94318,-6.70441],[-34.94616,-6.70643],[-34.95422,-6.70049],[-34.95774,-6.70451],[-34.96361,-6.70593],[-34.97349,-6.70419],[-34.97622,-6.6991],[-34.9873,-6.6923],[-34.98849,-6.68166],[-34.99293,-6.67725],[-34.99584,-6.67673],[-35.0046,-6.68375],[-35.00038,-6.67503],[-35.00291,-6.6705],[-35.01472,-6.67782],[-35.01445,-6.67098],[-35.02577,-6.67932],[-35.02928,-6.67466],[-35.03317,-6.67353],[-35.02945,-6.66915],[-35.0315,-6.66548],[-35.02447,-6.66522],[-35.01836,-6.66181],[-35.00352,-6.66429],[-34.99819,-6.66252],[-34.99482,-6.66546],[-34.99081,-6.66382],[-34.9857,-6.65626],[-34.98816,-6.65397],[-34.98561,-6.65205],[-34.99151,-6.64662],[-34.99553,-6.64845],[-35.00584,-6.64678],[-35.01487,-6.65646],[-35.02947,-6.65543],[-35.0127,-6.63831],[-35.00036,-6.63475],[-34.98959,-6.6361],[-34.98847,-6.63406],[-34.99347,-6.63101],[-35.0005,-6.63086],[-35.00067,-6.62834],[-34.9936,-6.62166],[-34.9906,-6.62507],[-34.98601,-6.62182],[-34.98561,-6.6274],[-34.98215,-6.63113],[-34.98304,-6.63676],[-34.976,-6.64824],[-34.97466,-6.66875],[-34.97034,-6.66897],[-34.96963,-6.66383],[-34.96633,-6.6626],[-34.96575,-6.65958],[-34.97141,-6.65916],[-34.96923,-6.64307],[-34.97522,-6.6395],[-34.97733,-6.63512],[-34.97615,-6.63253],[-34.97179,-6.63224],[-34.97655,-6.6275],[-34.9792,-6.61457],[-34.98501,-6.6135],[-34.98632,-6.61043],[-34.99231,-6.6164],[-34.99903,-6.61318],[-35.00036,-6.61712],[-35.0078,-6.62265],[-35.00927,-6.6192],[-35.00646,-6.6083],[-35.01011,-6.61457],[-35.01329,-6.60972],[-35.02699,-6.61824],[-35.0181,-6.62708],[-35.01687,-6.63541],[-35.02114,-6.63647],[-35.0239,-6.6406],[-35.02538,-6.6384],[-35.02292,-6.63272],[-35.02726,-6.63145],[-35.02546,-6.62641],[-35.03061,-6.62563],[-35.03346,-6.61999],[-35.04001,-6.62363],[-35.03638,-6.62932],[-35.03823,-6.63241],[-35.0418,-6.63215],[-35.04407,-6.62667],[-35.05351,-6.62401],[-35.051,-6.63573],[-35.04765,-6.63876],[-35.05192,-6.64156],[-35.05327,-6.64563],[-35.05055,-6.64901],[-35.04312,-6.64999],[-35.05138,-6.65543],[-35.04792,-6.66116],[-35.05171,-6.6606],[-35.05465,-6.66303],[-35.06065,-6.66264],[-35.05653,-6.65785],[-35.05846,-6.65406],[-35.05588,-6.64942],[-35.06211,-6.6444],[-35.05981,-6.63164],[-35.06379,-6.63347],[-35.06971,-6.62995],[-35.06971,-6.6343],[-35.07402,-6.6303],[-35.07757,-6.63177],[-35.07916,-6.63516],[-35.07603,-6.65229],[-35.07915,-6.65698],[-35.07425,-6.66721],[-35.07466,-6.67711],[-35.08259,-6.66405],[-35.08063,-6.65877],[-35.08403,-6.64138],[-35.08875,-6.64478],[-35.08875,-6.6523],[-35.09158,-6.65763],[-35.09433,-6.6535],[-35.09696,-6.65396],[-35.0959,-6.65931],[-35.09128,-6.66309],[-35.09433,-6.66508],[-35.09976,-6.66411],[-35.10178,-6.68624],[-35.10475,-6.68628],[-35.10394,-6.68252],[-35.10654,-6.67743],[-35.10577,-6.66624],[-35.10912,-6.66714],[-35.11557,-6.67757],[-35.11962,-6.67723],[-35.12654,-6.66743],[-35.12799,-6.67232],[-35.11859,-6.69343],[-35.12111,-6.69334],[-35.12743,-6.68522],[-35.12144,-6.70482],[-35.11833,-6.70633],[-35.1203,-6.71025],[-35.11838,-6.71655],[-35.11934,-6.7287],[-35.1266,-6.7358],[-35.12904,-6.73445],[-35.1291,-6.72802],[-35.13143,-6.72677],[-35.13555,-6.73039],[-35.13265,-6.73734],[-35.13407,-6.73949],[-35.13981,-6.74287],[-35.1468,-6.74171],[-35.15869,-6.7488],[-35.1629,-6.76384],[-35.1612,-6.76774],[-35.15436,-6.76162],[-35.15017,-6.76252],[-35.1508,-6.75664],[-35.14361,-6.7542],[-35.13947,-6.7485],[-35.13583,-6.74895],[-35.13323,-6.75265],[-35.13444,-6.75796],[-35.15065,-6.78266],[-35.15054,-6.79459],[-35.14001,-6.77979],[-35.13598,-6.76983],[-35.12809,-6.7651],[-35.1232,-6.74443],[-35.11911,-6.74732],[-35.11362,-6.74426],[-35.10755,-6.74591],[-35.10878,-6.73018],[-35.10688,-6.72794],[-35.09731,-6.7237],[-35.09259,-6.7265],[-35.0883,-6.72538],[-35.08502,-6.71872],[-35.08079,-6.71662],[-35.08067,-6.71317],[-35.07235,-6.71497],[-35.06098,-6.7111],[-35.04817,-6.71548],[-35.04658,-6.71157],[-35.04189,-6.71417],[-35.0342,-6.7086],[-35.03377,-6.70481],[-35.03856,-6.69575],[-35.0548,-6.69728],[-35.06269,-6.702],[-35.07163,-6.69992],[-35.08142,-6.70346],[-35.0812,-6.70091],[-35.08963,-6.70065],[-35.0957,-6.70796],[-35.09981,-6.70492],[-35.10683,-6.72093],[-35.10977,-6.72301],[-35.11196,-6.72142],[-35.11196,-6.7139],[-35.10794,-6.7031],[-35.10402,-6.69946],[-35.08614,-6.69113],[-35.07224,-6.68878],[-35.06938,-6.69115],[-35.06032,-6.68636],[-35.05379,-6.68193],[-35.0571,-6.67056],[-35.05283,-6.67067],[-35.04765,-6.67759],[-35.04119,-6.67749],[-35.04515,-6.68409],[-35.03974,-6.6863],[-35.03537,-6.69229],[-35.03102,-6.7078],[-35.0394,-6.71489],[-35.04817,-6.71719],[-35.0624,-6.71461],[-35.07822,-6.71621],[-35.07968,-6.72215],[-35.04297,-6.72302],[-35.02142,-6.71395],[-35.00039,-6.7107],[-34.9889,-6.71323],[-34.98175,-6.72081],[-34.96992,-6.72098],[-34.95479,-6.72964],[-34.9465,-6.72417],[-34.9371,-6.72654],[-34.93674,-6.73678],[-34.94032,-6.74087],[-34.94047,-6.74996],[-34.94988,-6.76035],[-34.96585,-6.75838],[-34.97175,-6.76166],[-34.98316,-6.77601],[-34.99831,-6.78106],[-35.02073,-6.78247],[-35.03082,-6.79226],[-35.03648,-6.79317],[-35.03845,-6.79689],[-35.04775,-6.79999],[-35.05736,-6.79776],[-35.07346,-6.80697],[-35.0809,-6.81462],[-35.09289,-6.81995],[-35.10621,-6.83301],[-35.11163,-6.83252],[-35.12294,-6.83679],[-35.13066,-6.83443],[-35.12697,-6.82922],[-35.12987,-6.82194],[-35.12348,-6.82022],[-35.12899,-6.80757],[-35.12444,-6.80094],[-35.11373,-6.79431],[-35.1076,-6.79584],[-35.10543,-6.80505],[-35.10228,-6.8073],[-35.0957,-6.80337],[-35.09001,-6.80531],[-35.07865,-6.80365],[-35.0785,-6.79961],[-35.09414,-6.78751],[-35.11463,-6.7906],[-35.12109,-6.78383],[-35.13155,-6.7866],[-35.13921,-6.8012],[-35.1458,-6.80767],[-35.14719,-6.81416],[-35.1551,-6.82103],[-35.1524,-6.82299],[-35.14082,-6.8224],[-35.13654,-6.82624],[-35.1396,-6.82859],[-35.14788,-6.8267],[-35.15229,-6.83854],[-35.15509,-6.83862],[-35.1645,-6.82572],[-35.16791,-6.82499],[-35.1674,-6.82279],[-35.15928,-6.82123],[-35.16096,-6.81261],[-35.14897,-6.80773],[-35.14384,-6.79591],[-35.1435,-6.79167],[-35.16131,-6.80848],[-35.16286,-6.79577],[-35.14973,-6.7727],[-35.14286,-6.76641],[-35.14107,-6.75781],[-35.15525,-6.76773],[-35.16586,-6.78717],[-35.17171,-6.78171],[-35.16997,-6.7757],[-35.17161,-6.76995],[-35.16743,-6.76182],[-35.16971,-6.75402],[-35.17219,-6.75681],[-35.18003,-6.75434],[-35.18131,-6.75081],[-35.18541,-6.75249],[-35.18544,-6.75918],[-35.18046,-6.75878],[-35.17473,-6.76265],[-35.17902,-6.76847],[-35.18447,-6.76416],[-35.18803,-6.76523],[-35.18829,-6.77047],[-35.18247,-6.77523],[-35.17879,-6.77539],[-35.17845,-6.78001],[-35.18854,-6.77428],[-35.19469,-6.77522],[-35.19745,-6.77282],[-35.19362,-6.76739],[-35.20014,-6.76785],[-35.2067,-6.7786],[-35.20744,-6.77193],[-35.21366,-6.77624],[-35.21737,-6.77118],[-35.21099,-6.76607],[-35.22216,-6.77105],[-35.22437,-6.76901],[-35.22346,-6.76619],[-35.2165,-6.76227],[-35.21079,-6.76397],[-35.20185,-6.76175],[-35.20218,-6.75819],[-35.20798,-6.75547],[-35.20816,-6.753],[-35.20129,-6.75565],[-35.19745,-6.75474],[-35.19219,-6.75072],[-35.19129,-6.74603],[-35.1978,-6.74044],[-35.20289,-6.7448],[-35.20738,-6.73599],[-35.20977,-6.74456],[-35.2133,-6.74452],[-35.21589,-6.73678],[-35.21429,-6.7316],[-35.21761,-6.72692],[-35.22097,-6.72675],[-35.22442,-6.73186],[-35.23019,-6.73263],[-35.23483,-6.72162],[-35.23118,-6.71254],[-35.24017,-6.70941],[-35.24007,-6.70705],[-35.23097,-6.70246],[-35.22708,-6.70584],[-35.22342,-6.70277],[-35.215,-6.70419],[-35.21448,-6.70129],[-35.21887,-6.69504],[-35.21373,-6.68608],[-35.20915,-6.68461],[-35.20768,-6.68038],[-35.20166,-6.68395],[-35.20134,-6.67639],[-35.18376,-6.66881],[-35.17555,-6.66861],[-35.17244,-6.67447],[-35.17755,-6.69168],[-35.17738,-6.69487],[-35.17371,-6.69646],[-35.17275,-6.68744],[-35.16974,-6.685],[-35.17051,-6.67048],[-35.16312,-6.66321],[-35.15243,-6.66481],[-35.14227,-6.66964],[-35.14284,-6.66586],[-35.12701,-6.65831],[-35.10669,-6.65381],[-35.0803,-6.62889],[-35.06761,-6.62535],[-35.04521,-6.60812],[-35.0257,-6.60625],[-35.02013,-6.59742],[-35.01332,-6.59541],[-34.98685,-6.59422],[-34.96508,-6.60039],[-34.96624,-6.63319],[-34.95894,-6.65525]],[[-35.05725,-6.76976],[-35.05277,-6.76852],[-35.0508,-6.765],[-35.05785,-6.76307],[-35.05708,-6.7565],[-35.06141,-6.75908],[-35.05705,-6.75246],[-35.06124,-6.75253],[-35.06437,-6.74858],[-35.08769,-6.75116],[-35.09058,-6.74755],[-35.06237,-6.73855],[-35.06882,-6.73638],[-35.06882,-6.73381],[-35.0493,-6.74207],[-35.03529,-6.75474],[-35.03159,-6.75392],[-35.0307,-6.74882],[-35.02373,-6.75321],[-35.02029,-6.74834],[-35.01638,-6.7493],[-35.00778,-6.74481],[-35.00778,-6.73631],[-35.00357,-6.7367],[-35.00071,-6.741],[-34.99021,-6.73068],[-34.99576,-6.72574],[-34.99175,-6.72047],[-34.99231,-6.71494],[-35.01035,-6.71648],[-35.01147,-6.72536],[-35.01414,-6.72711],[-35.01599,-6.72583],[-35.01262,-6.72096],[-35.01646,-6.71904],[-35.01784,-6.72063],[-35.02178,-6.7169],[-35.03047,-6.72611],[-35.03223,-6.72335],[-35.03309,-6.72568],[-35.03629,-6.72491],[-35.03648,-6.72897],[-35.04353,-6.72535],[-35.04644,-6.73261],[-35.04939,-6.72685],[-35.06288,-6.72794],[-35.06926,-6.73084],[-35.07312,-6.7274],[-35.08621,-6.73885],[-35.0931,-6.7378],[-35.09569,-6.74072],[-35.09982,-6.73996],[-35.09953,-6.74293],[-35.10468,-6.74668],[-35.099,-6.75356],[-35.09379,-6.75321],[-35.09107,-6.75885],[-35.08728,-6.75484],[-35.07613,-6.75792],[-35.07269,-6.76933],[-35.06725,-6.76935],[-35.06263,-6.77327],[-35.05889,-6.77282],[-35.05725,-6.76976]],[[-34.9729,-6.75801],[-34.96677,-6.75667],[-34.9629,-6.75222],[-34.95814,-6.75543],[-34.95075,-6.75368],[-34.95169,-6.74897],[-34.94847,-6.73989],[-34.94058,-6.73402],[-34.94165,-6.72906],[-34.94557,-6.72923],[-34.95178,-6.73416],[-34.95926,-6.7291],[-34.96655,-6.73378],[-34.96621,-6.73951],[-34.98363,-6.74723],[-34.98765,-6.7551],[-35.00042,-6.76671],[-35.00042,-6.77003],[-34.99604,-6.76936],[-34.99518,-6.77427],[-34.99196,-6.77658],[-34.9729,-6.75801]]]}},{"type":"Feature","properties":{"SIGLA":"NQc","NOME":"Depósitos colúvio-eluviais","LITOTIPOS":"Areia, Argila, Cascalho, Laterita","AMBIENTE_TECTONICO":null,"ERA_MIN":"Cenozóico","ERA_MAX":"Cenozóico","IDADE_MIN":0.0,"IDADE_MAX":23.03,"LEGENDA":"Depósitos inconsolidados com matriz arenosa, areno-argilosa, argilo-arenosa e conglomerática, mal trabalhados e mal classificados, constituidos por fragmentos angulosos, grânulos, seixos, blocos e matacões de variados tipos de rochas (granitoide, gnaisse, quartzito, blocos de quartzo e formação ferrífera).","area_km2":109.69},"geometry":{"type":"Polygon","coordinates":[[[-34.94779,-6.70644],[-34.96824,-6.70771],[-35.00351,-6.6978],[-35.01744,-6.68768],[-35.01561,-6.69829],[-35.02103,-6.6995],[-35.028,-6.69312],[-35.03595,-6.6798],[-35.04459,-6.67637],[-35.04765,-6.67759],[-35.05283,-6.67067],[-35.0571,-6.67056],[-35.05379,-6.68193],[-35.06032,-6.68636],[-35.06938,-6.69115],[-35.07224,-6.68878],[-35.08614,-6.69113],[-35.10402,-6.69946],[-35.10794,-6.7031],[-35.11196,-6.7139],[-35.11196,-6.72142],[-35.10977,-6.72301],[-35.10683,-6.72093],[-35.09981,-6.70492],[-35.0957,-6.70796],[-35.08963,-6.70065],[-35.0812,-6.70091],[-35.08142,-6.70346],[-35.07163,-6.69992],[-35.06269,-6.702],[-35.0548,-6.69728],[-35.03856,-6.69575],[-35.03377,-6.70481],[-35.03496,-6.70929],[-35.04189,-6.71417],[-35.04658,-6.71157],[-35.04817,-6.71548],[-35.06098,-6.7111],[-35.07235,-6.71497],[-35.08067,-6.71317],[-35.08079,-6.71662],[-35.08502,-6.71872],[-35.0883,-6.72538],[-35.09259,-6.7265],[-35.09731,-6.7237],[-35.10688,-6.72794],[-35.10878,-6.73018],[-35.10755,-6.74591],[-35.11362,-6.74426],[-35.11911,-6.74732],[-35.1232,-6.74443],[-35.12809,-6.7651],[-35.13598,-6.76983],[-35.14001,-6.77979],[-35.15054,-6.79459],[-35.15065,-6.78266],[-35.13444,-6.75796],[-35.13423,-6.75045],[-35.13947,-6.7485],[-35.14361,-6.7542],[-35.1508,-6.75664],[-35.15017,-6.76252],[-35.15436,-6.76162],[-35.1612,-6.76774],[-35.1629,-6.7658],[-35.15738,-6.7475],[-35.15059,-6.74557],[-35.1468,-6.74171],[-35.13981,-6.74287],[-35.13407,-6.73949],[-35.13265,-6.73734],[-35.13555,-6.73039],[-35.13143,-6.72677],[-35.1291,-6.72802],[-35.12904,-6.73445],[-35.1266,-6.7358],[-35.11934,-6.7287],[-35.11838,-6.71655],[-35.1203,-6.71025],[-35.11833,-6.70633],[-35.12144,-6.70482],[-35.12743,-6.68522],[-35.12111,-6.69334],[-35.11859,-6.69343],[-35.12799,-6.67232],[-35.12654,-6.66743],[-35.11962,-6.67723],[-35.11557,-6.67757],[-35.10912,-6.66714],[-35.10577,-6.66624],[-35.10654,-6.67743],[-35.10394,-6.68252],[-35.10475,-6.68628],[-35.10178,-6.68624],[-35.09976,-6.66411],[-35.09433,-6.66508],[-35.09128,-6.66309],[-35.0959,-6.65931],[-35.09696,-6.65396],[-35.09433,-6.6535],[-35.09158,-6.65763],[-35.08875,-6.6523],[-35.08875,-6.64478],[-35.08403,-6.64138],[-35.08063,-6.65877],[-35.08259,-6.66405],[-35.07466,-6.67711],[-35.07425,-6.66721],[-35.07915,-6.65698],[-35.07603,-6.65229],[-35.07916,-6.63516],[-35.07757,-6.63177],[-35.07402,-6.6303],[-35.06971,-6.6343],[-35.06971,-6.62995],[-35.06379,-6.63347],[-35.05981,-6.63164],[-35.06211,-6.6444],[-35.05588,-6.64942],[-35.05846,-6.65406],[-35.05653,-6.65785],[-35.06065,-6.66264],[-35.04792,-6.66116],[-35.05138,-6.65543],[-35.04312,-6.64999],[-35.05055,-6.64901],[-35.05327,-6.64563],[-35.05192,-6.64156],[-35.04765,-6.63876],[-35.051,-6.63573],[-35.05351,-6.62401],[-35.04407,-6.62667],[-35.0418,-6.63215],[-35.03823,-6.63241],[-35.03638,-6.62932],[-35.04001,-6.62363],[-35.03346,-6.61999],[-35.03061,-6.62563],[-35.02546,-6.62641],[-35.02726,-6.63145],[-35.02292,-6.63272],[-35.02538,-6.6384],[-35.0239,-6.6406],[-35.02114,-6.63647],[-35.01681,-6.6364],[-35.0181,-6.62708],[-35.02728,-6.61884],[-35.01329,-6.60972],[-35.01011,-6.61457],[-35.00646,-6.6083],[-35.00927,-6.6192],[-35.0078,-6.62265],[-35.00036,-6.61712],[-34.99903,-6.61318],[-34.99231,-6.6164],[-34.98632,-6.61043],[-34.98501,-6.6135],[-34.98,-6.61345],[-34.97655,-6.6275],[-34.97179,-6.63224],[-34.97615,-6.63253],[-34.97688,-6.63671],[-34.96996,-6.64146],[-34.96875,-6.64555],[-34.97174,-6.65829],[-34.96575,-6.65958],[-34.96633,-6.6626],[-34.96963,-6.66383],[-34.97034,-6.66897],[-34.97466,-6.66875],[-34.976,-6.64824],[-34.98304,-6.63676],[-34.98215,-6.63113],[-34.98561,-6.6274],[-34.98601,-6.62182],[-34.9906,-6.62507],[-34.9936,-6.62166],[-35.00067,-6.62834],[-35.0005,-6.63086],[-34.99347,-6.63101],[-34.98847,-6.63406],[-34.98959,-6.6361],[-35.00036,-6.63475],[-35.0127,-6.63831],[-35.02947,-6.65543],[-35.01487,-6.65646],[-35.00584,-6.64678],[-34.99553,-6.64845],[-34.99151,-6.64662],[-34.98561,-6.65205],[-34.98816,-6.65397],[-34.9857,-6.65626],[-34.99081,-6.66382],[-34.99482,-6.66546],[-34.99819,-6.66252],[-35.00352,-6.66429],[-35.01836,-6.66181],[-35.02447,-6.66522],[-35.0315,-6.66548],[-35.02945,-6.66915],[-35.03329,-6.67236],[-35.03256,-6.67458],[-35.02928,-6.67466],[-35.02577,-6.67932],[-35.01445,-6.67098],[-35.01472,-6.67782],[-35.0046,-6.671],[-35.0008,-6.67132],[-35.0046,-6.68375],[-34.99584,-6.67673],[-34.99293,-6.67725],[-34.98849,-6.68166],[-34.9873,-6.6923],[-34.97622,-6.6991],[-34.97349,-6.70419],[-34.96361,-6.70593],[-34.95774,-6.70451],[-34.95422,-6.70049],[-34.94779,-6.70644]]]}},{"type":"Feature","properties":{"SIGLA":"NP3_gamma_i","NOME":"Corpo Granitoides indiscriminados brasilianos","LITOTIPOS":"Biotita granito, Granito pórfiro, Granitoide, Granodiorito, Metagranito, Monzogranito, Quartzo diorito, Quartzo monzonito, Sienogranito, Tonalito","AMBIENTE_TECTONICO":null,"ERA_MIN":"Neoproterozóico","ERA_MAX":"Neoproterozóico","IDADE_MIN":541.1,"IDADE_MAX":635.0,"LEGENDA":"Granitoides de composição petrográfica diversa e quimismo não determinado. Granitoides cinzentos, geralmente de granulometria média a grossa (fácies porfirítica subordinada), de composição granítica dominante, em parte com enclaves dioríticos, em jazimentos individualizados ou intrusivos, de foliação incipiente, alguns gnaissificados e fortemente milonitizados. Monzogranito, granodiorito, tonalito e sienogranito cinza claro a róseo, com granulação fina, foliação definida pela orientação preferencial da biotita; possuem xenólitos; Sienito isotrópico fino a médio, inequigranular e porfirítico.; Hornblenda -biotita diorito e monzodiorito inequigranular fino, foliado, de coloração cinza escura, com enclaves microgranulares e clots de biotita; Biotita metaquartzo sienito a granito peraluminoso, metagranito com biotita metaluminoso e hiperstênio-hornblenda metatonalito. Localmente, exibem foliação magmática; Também ocorrem quartzo diorito, granodiorito, tonalito e quartzo monzonito fortemente milonitizados. Também ocorrem quartzo diorito, granodiorito, tonalito e quartzo monzonito.","area_km2":11.56},"geometry":{"type":"Polygon","coordinates":[[[-35.59446,-6.81756],[-35.55344,-6.79679],[-35.53794,-6.78075],[-35.53512,-6.76932],[-35.53632,-6.7604],[-35.54259,-6.75509],[-35.55522,-6.75383],[-35.55691,-6.7492],[-35.54933,-6.73989],[-35.54803,-6.74786],[-35.53701,-6.74509],[-35.52352,-6.75926],[-35.53677,-6.79105],[-35.56509,-6.80809],[-35.59128,-6.81947],[-35.60747,-6.83621],[-35.61619,-6.83832],[-35.59631,-6.81546],[-35.59446,-6.81756]]]}},{"type":"Feature","properties":{"SIGLA":"NP1_gamma_rf","NOME":"Suíte Recanto - Riacho do Forno","LITOTIPOS":"Augen gnaisse, Metagranito, Metamonzogranito, Metassienito, Metassienogranito, Migmatito","AMBIENTE_TECTONICO":null,"ERA_MIN":"Neoproterozóico","ERA_MAX":"Neoproterozóico","IDADE_MIN":720.1,"IDADE_MAX":1000.0,"LEGENDA":"Biotita augen gnaisse granítico, micáceo e porfiroclástico (alcalifeldspato) médios a grossos; Ortognaisse e migmatito granodiorítico a monzogranítico; Granada metagranito a duas micas anatético de fonte supracrustal. Textura fanerítica inequigranular média e textura perlácea das muscovitas.  999 ±50 ¿ 925 ± 9,8 Ma U-Pb convencional em zircão.","area_km2":16.87},"geometry":{"type":"Polygon","coordinates":[[[-35.31986,-6.75791],[-35.31081,-6.76087],[-35.29946,-6.7694],[-35.29182,-6.76987],[-35.28071,-6.77503],[-35.29506,-6.78229],[-35.32341,-6.78583],[-35.34131,-6.77621],[-35.35957,-6.77194],[-35.36814,-6.76577],[-35.35695,-6.76129],[-35.34745,-6.76255],[-35.33972,-6.75775],[-35.31986,-6.75791]]]}},{"type":"Feature","properties":{"SIGLA":"NP3ss","NOME":"Formação Seridó","LITOTIPOS":"Biotita-quartzo xisto, Clorita xisto, Filito, Granada-biotita xisto, Mármore, Metavulcânica básica, Quartzito, Xisto aluminoso","AMBIENTE_TECTONICO":null,"ERA_MIN":"Neoproterozóico","ERA_MAX":"Neoproterozóico","IDADE_MIN":541.1,"IDADE_MAX":635.0,"LEGENDA":"Biotita xisto, podendo conter granada e/ou cordierita, estaurolita, sillimanita, andaluzita e cianita, localmente com intercalações de mármore, rochas calcissilicáticas, quartzito, metarritimito, clorita-sericita xisto e metavulcânicas máficas. Idade: 628 Ma U-Pb.","area_km2":236.16},"geometry":{"type":"Polygon","coordinates":[[[-35.27383,-6.65526],[-35.26234,-6.65573],[-35.25638,-6.64965],[-35.25587,-6.66129],[-35.24926,-6.65823],[-35.24596,-6.66399],[-35.2477,-6.68056],[-35.24198,-6.68209],[-35.24295,-6.67647],[-35.23853,-6.67539],[-35.24313,-6.66861],[-35.2407,-6.66099],[-35.23062,-6.66578],[-35.20943,-6.66814],[-35.20794,-6.66592],[-35.21305,-6.6633],[-35.21386,-6.65837],[-35.22149,-6.65908],[-35.226,-6.65322],[-35.23097,-6.65764],[-35.23557,-6.65351],[-35.24053,-6.65386],[-35.24004,-6.64669],[-35.24528,-6.64387],[-35.24477,-6.64154],[-35.23995,-6.63826],[-35.23463,-6.63866],[-35.2289,-6.64441],[-35.22341,-6.64576],[-35.21685,-6.63994],[-35.21525,-6.64676],[-35.20543,-6.65866],[-35.20239,-6.6667],[-35.2559,-6.70578],[-35.26357,-6.70432],[-35.28329,-6.70632],[-35.2875,-6.71107],[-35.29281,-6.71186],[-35.30861,-6.70462],[-35.31493,-6.70407],[-35.32889,-6.70675],[-35.33261,-6.71021],[-35.33187,-6.71232],[-35.32404,-6.70858],[-35.31363,-6.70739],[-35.29244,-6.71479],[-35.2806,-6.70994],[-35.26996,-6.70862],[-35.25922,-6.7104],[-35.24743,-6.70632],[-35.20588,-6.67601],[-35.20134,-6.67639],[-35.20117,-6.68328],[-35.20768,-6.68038],[-35.20915,-6.68461],[-35.21322,-6.68553],[-35.21858,-6.69215],[-35.26548,-6.7167],[-35.30752,-6.728],[-35.38158,-6.75335],[-35.46646,-6.79476],[-35.59134,-6.84145],[-35.69315,-6.8894],[-35.76719,-6.91959],[-35.71238,-6.88693],[-35.65332,-6.86358],[-35.50884,-6.79772],[-35.49464,-6.78663],[-35.48808,-6.76951],[-35.49466,-6.75968],[-35.49893,-6.7453],[-35.49339,-6.734],[-35.48126,-6.73852],[-35.48108,-6.74624],[-35.47404,-6.76013],[-35.47911,-6.7824],[-35.50005,-6.79837],[-35.48984,-6.79547],[-35.4612,-6.77695],[-35.45294,-6.76846],[-35.45368,-6.75823],[-35.45102,-6.74981],[-35.443,-6.7528],[-35.451,-6.74962],[-35.45285,-6.7415],[-35.44834,-6.72779],[-35.44941,-6.71989],[-35.44614,-6.71363],[-35.44937,-6.71315],[-35.46599,-6.72739],[-35.47562,-6.73185],[-35.48105,-6.73806],[-35.49328,-6.73388],[-35.48423,-6.72507],[-35.45823,-6.7084],[-35.42912,-6.69559],[-35.41628,-6.68522],[-35.39718,-6.68497],[-35.38689,-6.67902],[-35.37521,-6.6788],[-35.35966,-6.66694],[-35.35038,-6.66693],[-35.33917,-6.66271],[-35.3333,-6.65389],[-35.31963,-6.64877],[-35.30197,-6.62907],[-35.28491,-6.61623],[-35.28495,-6.62633],[-35.28,-6.62931],[-35.2812,-6.63183],[-35.28628,-6.63267],[-35.28548,-6.63626],[-35.27578,-6.64148],[-35.27701,-6.65736],[-35.27383,-6.65526]],[[-35.27701,-6.65736],[-35.28174,-6.65698],[-35.28314,-6.66042],[-35.28561,-6.65945],[-35.2877,-6.66715],[-35.28594,-6.66888],[-35.28196,-6.6615],[-35.27971,-6.66161],[-35.28141,-6.67537],[-35.27956,-6.678],[-35.27645,-6.67607],[-35.27709,-6.66792],[-35.27447,-6.66338],[-35.27701,-6.65736]],[[-35.39807,-6.70031],[-35.41785,-6.70129],[-35.43244,-6.71014],[-35.43351,-6.72125],[-35.43826,-6.72499],[-35.43864,-6.73644],[-35.43736,-6.73957],[-35.42946,-6.7437],[-35.42896,-6.74707],[-35.43749,-6.76917],[-35.44959,-6.77427],[-35.45417,-6.78399],[-35.42669,-6.76911],[-35.41373,-6.75056],[-35.40504,-6.74228],[-35.40254,-6.73676],[-35.40253,-6.71216],[-35.39504,-6.70194],[-35.39807,-6.70031]]]}},{"type":"Feature","properties":{"SIGLA":"NP3_gamma_2it45","NOME":"Corpo Plúton Sem Denominação","LITOTIPOS":"Diorito, Granito, Granodiorito, Monzonito","AMBIENTE_TECTONICO":null,"ERA_MIN":"Neoproterozóico","ERA_MAX":"Neoproterozóico","IDADE_MIN":541.1,"IDADE_MAX":635.0,"LEGENDA":"Granito, granodiorito, monzogranito e sienogranito equigranulares médios a grossos a inequigranulares porfiríticos, com fenocristais subédricos a euédricos de K-feldspato (1cm a 7cm) e de plagioclásio (0,5cm a 1cm). Associados a diorito e a fases intermediárias de mistura, com ou sem epidoto magmático. Suíte metaluminosa a levemente peraluminosa, calcialcalina de alto K e levemente shorshonítica. 580 Ma U-Pb.","area_km2":147.2},"geometry":{"type":"MultiPolygon","coordinates":[[[[-35.64632,-6.759],[-35.63501,-6.76239],[-35.61831,-6.75936],[-35.62946,-6.75549],[-35.64718,-6.75556],[-35.65853,-6.75084],[-35.65917,-6.73892],[-35.65624,-6.73793],[-35.65454,-6.74284],[-35.65161,-6.74378],[-35.6427,-6.74033],[-35.63462,-6.74561],[-35.62951,-6.74461],[-35.62631,-6.74092],[-35.61907,-6.74221],[-35.62016,-6.73856],[-35.6241,-6.73816],[-35.62413,-6.7348],[-35.60576,-6.74214],[-35.60219,-6.74112],[-35.60436,-6.73448],[-35.60673,-6.7335],[-35.61176,-6.73649],[-35.61507,-6.73015],[-35.62528,-6.72925],[-35.63095,-6.72605],[-35.63626,-6.73017],[-35.63644,-6.72684],[-35.64059,-6.72469],[-35.63933,-6.72206],[-35.62976,-6.72119],[-35.62467,-6.72531],[-35.62031,-6.72203],[-35.61295,-6.72485],[-35.59852,-6.71976],[-35.58975,-6.72263],[-35.58868,-6.71952],[-35.59355,-6.7163],[-35.59185,-6.71427],[-35.584,-6.71644],[-35.57532,-6.72437],[-35.57309,-6.72356],[-35.57584,-6.71778],[-35.58336,-6.71242],[-35.58427,-6.70862],[-35.5936,-6.7025],[-35.5976,-6.7091],[-35.6018,-6.70873],[-35.6076,-6.71371],[-35.61426,-6.71389],[-35.61709,-6.71033],[-35.62552,-6.7136],[-35.6292,-6.70758],[-35.627,-6.70613],[-35.60448,-6.69626],[-35.56426,-6.6836],[-35.55413,-6.68271],[-35.54785,-6.68548],[-35.53522,-6.68586],[-35.54599,-6.70686],[-35.55739,-6.72238],[-35.55686,-6.72579],[-35.54631,-6.72597],[-35.54933,-6.73989],[-35.55691,-6.7492],[-35.55618,-6.75301],[-35.54033,-6.756],[-35.53632,-6.7604],[-35.53512,-6.76632],[-35.53661,-6.77868],[-35.55344,-6.79679],[-35.59446,-6.81756],[-35.59631,-6.81546],[-35.57522,-6.78298],[-35.5771,-6.77766],[-35.57992,-6.77701],[-35.59748,-6.78581],[-35.60852,-6.79463],[-35.63645,-6.80152],[-35.66119,-6.80323],[-35.68082,-6.81623],[-35.70539,-6.82597],[-35.71639,-6.83475],[-35.73625,-6.83865],[-35.73718,-6.83011],[-35.7227,-6.81387],[-35.70369,-6.77954],[-35.69097,-6.76846],[-35.6859,-6.7609],[-35.67767,-6.76518],[-35.67286,-6.77094],[-35.67433,-6.7793],[-35.66697,-6.79133],[-35.66565,-6.78698],[-35.66062,-6.78796],[-35.66018,-6.78477],[-35.66641,-6.77901],[-35.66659,-6.76889],[-35.67273,-6.7634],[-35.67032,-6.76132],[-35.66166,-6.76664],[-35.66042,-6.77635],[-35.65606,-6.78209],[-35.64682,-6.77915],[-35.64444,-6.78035],[-35.6417,-6.8007],[-35.64361,-6.78109],[-35.64066,-6.78148],[-35.63995,-6.77937],[-35.64402,-6.77687],[-35.64541,-6.76866],[-35.64038,-6.77143],[-35.6367,-6.76854],[-35.6251,-6.78153],[-35.61916,-6.7826],[-35.62896,-6.76725],[-35.6466,-6.76247],[-35.64632,-6.759]]],[[[-35.64728,-6.76232],[-35.65543,-6.7592],[-35.65555,-6.75805],[-35.64734,-6.75876],[-35.64728,-6.76232]]],[[[-35.64615,-6.77657],[-35.65156,-6.7751],[-35.65381,-6.76921],[-35.64605,-6.76837],[-35.64615,-6.77657]]]]}},{"type":"Feature","properties":{"SIGLA":"NP3_gamma_2it45","NOME":"Corpo Plúton Sem Denominação","LITOTIPOS":"Diorito, Granito, Granodiorito, Monzonito","AMBIENTE_TECTONICO":null,"ERA_MIN":"Neoproterozóico","ERA_MAX":"Neoproterozóico","IDADE_MIN":541.1,"IDADE_MAX":635.0,"LEGENDA":"Granito, granodiorito, monzogranito e sienogranito equigranulares médios a grossos a inequigranulares porfiríticos, com fenocristais subédricos a euédricos de K-feldspato (1cm a 7cm) e de plagioclásio (0,5cm a 1cm). Associados a diorito e a fases intermediárias de mistura, com ou sem epidoto magmático. Suíte metaluminosa a levemente peraluminosa, calcialcalina de alto K e levemente shorshonítica. 580 Ma U-Pb.","area_km2":18.34},"geometry":{"type":"MultiPolygon","coordinates":[[[[-35.45114,-6.75083],[-35.45368,-6.75823],[-35.45294,-6.76846],[-35.45682,-6.7738],[-35.48984,-6.79547],[-35.50005,-6.79837],[-35.47749,-6.77913],[-35.47406,-6.75831],[-35.48108,-6.74624],[-35.48126,-6.73852],[-35.45114,-6.75083]]],[[[-35.48054,-6.73696],[-35.44937,-6.71315],[-35.44614,-6.71363],[-35.44941,-6.71989],[-35.44834,-6.72779],[-35.45251,-6.73857],[-35.451,-6.74962],[-35.48054,-6.73696]]]]}},{"type":"Feature","properties":{"SIGLA":"PP2sp2","NOME":"Unidade Serrinha - Pedro Velho, Unidade 2","LITOTIPOS":"Augen gnaisse, Migmatito, Ortognaisse granodiorítico","AMBIENTE_TECTONICO":null,"ERA_MIN":"Paleoproterozóico","ERA_MAX":"Paleoproterozóico","IDADE_MIN":2050.1,"IDADE_MAX":2300.0,"LEGENDA":"Biotita-hornblenda migmatito tonalítico com neossoma tonalítico a granodiorítico e leucossoma granítico com intercalações de anfibolito. Raros augengnaisses. (2.187 Ma U-Pb).","area_km2":22.59},"geometry":{"type":"Polygon","coordinates":[[[-35.39521,-6.70324],[-35.40253,-6.71216],[-35.40254,-6.73676],[-35.40504,-6.74228],[-35.41373,-6.75056],[-35.42669,-6.76911],[-35.45417,-6.78399],[-35.44959,-6.77427],[-35.43749,-6.76917],[-35.42896,-6.74707],[-35.42946,-6.7437],[-35.43736,-6.73957],[-35.43864,-6.73644],[-35.43826,-6.72499],[-35.43351,-6.72125],[-35.43244,-6.71014],[-35.41785,-6.70129],[-35.40681,-6.70304],[-35.39628,-6.70044],[-35.39521,-6.70324]]]}},{"type":"Feature","properties":{"SIGLA":"NP3ss","NOME":"Formação Seridó","LITOTIPOS":"Biotita-quartzo xisto, Clorita xisto, Filito, Granada-biotita xisto, Mármore, Metavulcânica básica, Quartzito, Xisto aluminoso","AMBIENTE_TECTONICO":null,"ERA_MIN":"Neoproterozóico","ERA_MAX":"Neoproterozóico","IDADE_MIN":541.1,"IDADE_MAX":635.0,"LEGENDA":"Biotita xisto, podendo conter granada e/ou cordierita, estaurolita, sillimanita, andaluzita e cianita, localmente com intercalações de mármore, rochas calcissilicáticas, quartzito, metarritimito, clorita-sericita xisto e metavulcânicas máficas. Idade: 628 Ma U-Pb.","area_km2":4.26},"geometry":{"type":"Polygon","coordinates":[[[-35.69987,-6.75391],[-35.68434,-6.73684],[-35.67002,-6.72645],[-35.66475,-6.73362],[-35.66502,-6.73667],[-35.67202,-6.74008],[-35.67225,-6.74418],[-35.67831,-6.74019],[-35.68199,-6.74073],[-35.6784,-6.74823],[-35.67958,-6.75179],[-35.69987,-6.75391]]]}},{"type":"Feature","properties":{"SIGLA":"ENsm","NOME":"Formação Serra dos Martins","LITOTIPOS":"Arenito, Arenito conglomerático, Arenito síltico-argiloso, Laterita","AMBIENTE_TECTONICO":null,"ERA_MIN":"Cenozóico","ERA_MAX":"Cenozóico","IDADE_MIN":2.59,"IDADE_MAX":66.0,"LEGENDA":"Arenitos finos a médios  conglomeráticos com níveis pelíticos, argilito avermelhado e caulim.","area_km2":53.32},"geometry":{"type":"MultiPolygon","coordinates":[[[[-35.64462,-6.78019],[-35.65606,-6.78209],[-35.66042,-6.77635],[-35.66166,-6.76664],[-35.67032,-6.76132],[-35.67273,-6.7634],[-35.66659,-6.76889],[-35.66641,-6.77901],[-35.66018,-6.78477],[-35.66062,-6.78796],[-35.66565,-6.78698],[-35.66697,-6.79133],[-35.67433,-6.7793],[-35.67286,-6.77094],[-35.67767,-6.76518],[-35.68741,-6.75897],[-35.70305,-6.7609],[-35.70847,-6.75695],[-35.7065,-6.75404],[-35.67958,-6.75179],[-35.6784,-6.74823],[-35.68199,-6.74073],[-35.67684,-6.74086],[-35.67345,-6.7446],[-35.67113,-6.73914],[-35.66455,-6.73566],[-35.67002,-6.72645],[-35.66367,-6.71718],[-35.66079,-6.72472],[-35.65816,-6.72448],[-35.65426,-6.71877],[-35.65183,-6.72644],[-35.64738,-6.72653],[-35.649,-6.71749],[-35.65825,-6.71109],[-35.6588,-6.70821],[-35.65393,-6.70308],[-35.65027,-6.70477],[-35.64882,-6.70304],[-35.64453,-6.69338],[-35.64505,-6.68848],[-35.64999,-6.68635],[-35.6619,-6.68975],[-35.66581,-6.67958],[-35.67606,-6.67275],[-35.67678,-6.67005],[-35.66894,-6.67191],[-35.66196,-6.66871],[-35.65908,-6.67423],[-35.654,-6.67352],[-35.65241,-6.68244],[-35.6463,-6.68403],[-35.63108,-6.67622],[-35.62564,-6.67982],[-35.623,-6.67231],[-35.62102,-6.6722],[-35.61971,-6.67653],[-35.6165,-6.67765],[-35.6205,-6.68333],[-35.61936,-6.68786],[-35.62388,-6.70108],[-35.63401,-6.70661],[-35.6292,-6.70758],[-35.62552,-6.7136],[-35.61709,-6.71033],[-35.61426,-6.71389],[-35.6076,-6.71371],[-35.6018,-6.70873],[-35.5976,-6.7091],[-35.5936,-6.7025],[-35.58427,-6.70862],[-35.58336,-6.71242],[-35.57369,-6.7204],[-35.57309,-6.72356],[-35.57532,-6.72437],[-35.584,-6.71644],[-35.59185,-6.71427],[-35.59355,-6.7163],[-35.58868,-6.71952],[-35.58975,-6.72263],[-35.59852,-6.71976],[-35.61295,-6.72485],[-35.62031,-6.72203],[-35.62467,-6.72531],[-35.62976,-6.72119],[-35.63933,-6.72206],[-35.64059,-6.72469],[-35.63644,-6.72684],[-35.63626,-6.73017],[-35.63095,-6.72605],[-35.62528,-6.72925],[-35.61507,-6.73015],[-35.61176,-6.73649],[-35.60673,-6.7335],[-35.60436,-6.73448],[-35.60219,-6.74112],[-35.60576,-6.74214],[-35.62413,-6.7348],[-35.6241,-6.73816],[-35.62016,-6.73856],[-35.61907,-6.74221],[-35.62631,-6.74092],[-35.62951,-6.74461],[-35.63462,-6.74561],[-35.6427,-6.74033],[-35.65161,-6.74378],[-35.65454,-6.74284],[-35.65624,-6.73793],[-35.65917,-6.73892],[-35.65853,-6.75084],[-35.64718,-6.75556],[-35.62946,-6.75549],[-35.61831,-6.75936],[-35.63501,-6.76239],[-35.65555,-6.75805],[-35.64685,-6.76241],[-35.64605,-6.76837],[-35.65245,-6.76841],[-35.65447,-6.77048],[-35.65156,-6.7751],[-35.64492,-6.77674],[-35.64462,-6.78019]]],[[[-35.64266,-6.77707],[-35.63995,-6.77937],[-35.64066,-6.78148],[-35.64361,-6.78109],[-35.64266,-6.77707]]],[[[-35.64548,-6.76273],[-35.63036,-6.76611],[-35.61916,-6.7826],[-35.6251,-6.78153],[-35.6367,-6.76854],[-35.64038,-6.77143],[-35.64541,-6.76866],[-35.64548,-6.76273]]]]}},{"type":"Feature","properties":{"SIGLA":"NP3ss","NOME":"Formação Seridó","LITOTIPOS":"Biotita-quartzo xisto, Clorita xisto, Filito, Granada-biotita xisto, Mármore, Metavulcânica básica, Quartzito, Xisto aluminoso","AMBIENTE_TECTONICO":null,"ERA_MIN":"Neoproterozóico","ERA_MAX":"Neoproterozóico","IDADE_MIN":541.1,"IDADE_MAX":635.0,"LEGENDA":"Biotita xisto, podendo conter granada e/ou cordierita, estaurolita, sillimanita, andaluzita e cianita, localmente com intercalações de mármore, rochas calcissilicáticas, quartzito, metarritimito, clorita-sericita xisto e metavulcânicas máficas. Idade: 628 Ma U-Pb.","area_km2":1.08},"geometry":{"type":"Polygon","coordinates":[[[-35.66156,-6.71949],[-35.65158,-6.71519],[-35.649,-6.71749],[-35.64738,-6.72653],[-35.65183,-6.72644],[-35.65426,-6.71877],[-35.65816,-6.72448],[-35.66079,-6.72472],[-35.66156,-6.71949]]]}},{"type":"Feature","properties":{"SIGLA":"NP3_gamma_i","NOME":"Corpo Granitoides indiscriminados brasilianos","LITOTIPOS":"Biotita granito, Granito pórfiro, Granitoide, Granodiorito, Metagranito, Monzogranito, Quartzo diorito, Quartzo monzonito, Sienogranito, Tonalito","AMBIENTE_TECTONICO":null,"ERA_MIN":"Neoproterozóico","ERA_MAX":"Neoproterozóico","IDADE_MIN":541.1,"IDADE_MAX":635.0,"LEGENDA":"Granitoides de composição petrográfica diversa e quimismo não determinado. Granitoides cinzentos, geralmente de granulometria média a grossa (fácies porfirítica subordinada), de composição granítica dominante, em parte com enclaves dioríticos, em jazimentos individualizados ou intrusivos, de foliação incipiente, alguns gnaissificados e fortemente milonitizados. Monzogranito, granodiorito, tonalito e sienogranito cinza claro a róseo, com granulação fina, foliação definida pela orientação preferencial da biotita; possuem xenólitos; Sienito isotrópico fino a médio, inequigranular e porfirítico.; Hornblenda -biotita diorito e monzodiorito inequigranular fino, foliado, de coloração cinza escura, com enclaves microgranulares e clots de biotita; Biotita metaquartzo sienito a granito peraluminoso, metagranito com biotita metaluminoso e hiperstênio-hornblenda metatonalito. Localmente, exibem foliação magmática; Também ocorrem quartzo diorito, granodiorito, tonalito e quartzo monzonito fortemente milonitizados. Também ocorrem quartzo diorito, granodiorito, tonalito e quartzo monzonito.","area_km2":20.13},"geometry":{"type":"MultiPolygon","coordinates":[[[[-35.48733,-6.65452],[-35.49105,-6.66345],[-35.49363,-6.66449],[-35.49661,-6.66003],[-35.50046,-6.66322],[-35.50977,-6.67991],[-35.5127,-6.69098],[-35.53221,-6.70609],[-35.53402,-6.71954],[-35.53857,-6.72936],[-35.54933,-6.73989],[-35.54631,-6.72597],[-35.55233,-6.72641],[-35.55438,-6.72454],[-35.55367,-6.72077],[-35.53929,-6.70632],[-35.52771,-6.68485],[-35.50412,-6.66182],[-35.49678,-6.65155],[-35.48733,-6.65452]]],[[[-35.48999,-6.6517],[-35.47618,-6.62983],[-35.48327,-6.62519],[-35.48254,-6.60435],[-35.48437,-6.60363],[-35.4977,-6.62826],[-35.51037,-6.63463],[-35.4804,-6.59231],[-35.47555,-6.59473],[-35.47789,-6.59819],[-35.47752,-6.61972],[-35.47558,-6.62136],[-35.46931,-6.61721],[-35.46913,-6.63037],[-35.47862,-6.64722],[-35.48638,-6.65319],[-35.48999,-6.6517]]]]}},{"type":"Feature","properties":{"SIGLA":"Qfm","NOME":"Depósitos flúvio-marinhos","LITOTIPOS":"Areia, Argila, Silte","AMBIENTE_TECTONICO":null,"ERA_MIN":"Cenozóico","ERA_MAX":"Cenozóico","IDADE_MIN":0.0,"IDADE_MAX":2.58,"LEGENDA":"Depósitos indiscriminados de pantanos e mangues, fluvio-lagunares e litorâneos indiscriminados","area_km2":3.84},"geometry":{"type":"Polygon","coordinates":[[[-34.85573,-7.0108],[-34.86274,-6.99647],[-34.86375,-6.98428],[-34.8616,-6.9824],[-34.8476,-6.9831],[-34.8506,-7.0045],[-34.85573,-7.0108]]]}},{"type":"Feature","properties":{"SIGLA":"NQc","NOME":"Depósitos colúvio-eluviais","LITOTIPOS":"Areia, Argila, Cascalho, Laterita","AMBIENTE_TECTONICO":null,"ERA_MIN":"Cenozóico","ERA_MAX":"Cenozóico","IDADE_MIN":0.0,"IDADE_MAX":23.03,"LEGENDA":"Depósitos inconsolidados com matriz arenosa, areno-argilosa, argilo-arenosa e conglomerática, mal trabalhados e mal classificados, constituidos por fragmentos angulosos, grânulos, seixos, blocos e matacões de variados tipos de rochas (granitoide, gnaisse, quartzito, blocos de quartzo e formação ferrífera).","area_km2":6.99},"geometry":{"type":"Polygon","coordinates":[[[-34.87811,-6.90408],[-34.88613,-6.91908],[-34.88283,-6.92439],[-34.88769,-6.93016],[-34.8861,-6.93773],[-34.88224,-6.93914],[-34.88213,-6.94177],[-34.88523,-6.94718],[-34.88902,-6.94724],[-34.8935,-6.94312],[-34.89377,-6.9338],[-34.90122,-6.93268],[-34.89744,-6.92566],[-34.90183,-6.91904],[-34.89438,-6.91484],[-34.89463,-6.90993],[-34.89012,-6.90816],[-34.89252,-6.90289],[-34.88421,-6.89639],[-34.88107,-6.89753],[-34.87811,-6.90408]]]}},{"type":"Feature","properties":{"SIGLA":"Nb","NOME":"Grupo Barreiras","LITOTIPOS":"Arenito, Arenito conglomerático, Argilito, Argilito arenoso, Conglomerado, Siltito","AMBIENTE_TECTONICO":"Cobertura superficial","ERA_MIN":"Cenozóico","ERA_MAX":"Cenozóico","IDADE_MIN":2.59,"IDADE_MAX":23.03,"LEGENDA":"Predomínio de camadas horizontais de arenito conglomerático com matriz caolínica, contendo lentes e lençóis de conglomerado e brecha, ricos em seixos e grânulos de quartzo e/ou feldspato, e intercalações de argilito caolínico silto-arenoso, siltito, arenito caolínico, arenito argiloso, arenito ferruginoso e argiloso friável e diamictito. Podem apresentar horizontes e/ou colunas de oxi-redução e/ou canga em que assumem cores variegadas (branca, vermelha e roxa); Arenitos argilosos de tonalidade variegada (amarelada, avermelhada e esverdeada), matriz argilo-caulínica, com cimento argiloso, ferruginoso e, às vezes, silicoso; granulação fina a média, com leitos conglomeráticos e nódulos lateríticos na base (pode-se encontrar, no topo, areias sílticas bem classificadas) / sistema fluvial com esporádicas corridas de lamas.","area_km2":0.42},"geometry":{"type":"Polygon","coordinates":[[[-34.93472,-6.75805],[-34.93705,-6.76024],[-34.94291,-6.75804],[-34.94373,-6.75537],[-34.93873,-6.75061],[-34.9405,-6.754],[-34.93472,-6.75805]]]}},{"type":"Feature","properties":{"SIGLA":"NQc","NOME":"Depósitos colúvio-eluviais","LITOTIPOS":"Areia, Argila, Cascalho, Laterita","AMBIENTE_TECTONICO":null,"ERA_MIN":"Cenozóico","ERA_MAX":"Cenozóico","IDADE_MIN":0.0,"IDADE_MAX":23.03,"LEGENDA":"Depósitos inconsolidados com matriz arenosa, areno-argilosa, argilo-arenosa e conglomerática, mal trabalhados e mal classificados, constituidos por fragmentos angulosos, grânulos, seixos, blocos e matacões de variados tipos de rochas (granitoide, gnaisse, quartzito, blocos de quartzo e formação ferrífera).","area_km2":11.81},"geometry":{"type":"Polygon","coordinates":[[[-34.94146,-6.73605],[-34.94847,-6.73989],[-34.95193,-6.75448],[-34.96017,-6.7551],[-34.96369,-6.75245],[-34.96677,-6.75667],[-34.97455,-6.75897],[-34.99196,-6.77658],[-34.99518,-6.77427],[-34.99604,-6.76936],[-35.00042,-6.77003],[-35.00042,-6.76671],[-34.98765,-6.7551],[-34.98363,-6.74723],[-34.96717,-6.74025],[-34.96655,-6.73378],[-34.9602,-6.72941],[-34.95678,-6.72955],[-34.95178,-6.73416],[-34.9425,-6.72861],[-34.94146,-6.73605]]]}},{"type":"Feature","properties":{"SIGLA":"Q2l","NOME":"Depósitos litorâneos","LITOTIPOS":"Areia, Argila","AMBIENTE_TECTONICO":"Cobertura superficial","ERA_MIN":"Cenozóico","ERA_MAX":"Cenozóico","IDADE_MIN":0.0,"IDADE_MAX":0.01,"LEGENDA":"Areias quartzosas muito finas a médias, com predomínio de areias finas a muito finas, moderada a muito bem selecionadas. Observam-se estratificações cruzadas de baixo ângulo, tabular, acanalada, tangencial, sigmóide e laminações plano-paralelas.  Ocorrem níveis bioturbados, destacando-se os tubos (Ophiomorpha) atribuídos a Callichirus major. Os depósitos caracterizam-se, geomorfologicamente, pela presença de cordões litorâneos e sua deposição está associada a ambientes transicionais costeiros (praias e dunas frontais). Datações por radiocarbono e luminescência opticamente estimulada indicam idades holocênica.","area_km2":0.5},"geometry":{"type":"MultiPolygon","coordinates":[[[[-34.96762,-6.51638],[-34.97131,-6.50518],[-34.96828,-6.5043],[-34.96816,-6.49832],[-34.96762,-6.51638]]],[[[-34.96705,-6.53501],[-34.96974,-6.52569],[-34.96952,-6.52298],[-34.96741,-6.52327],[-34.96705,-6.53501]]],[[[-34.96656,-6.55132],[-34.96735,-6.54556],[-34.96681,-6.54307],[-34.96656,-6.55132]]]]}},{"type":"Feature","properties":{"SIGLA":"NP3ss","NOME":"Formação Seridó","LITOTIPOS":"Biotita-quartzo xisto, Clorita xisto, Filito, Granada-biotita xisto, Mármore, Metavulcânica básica, Quartzito, Xisto aluminoso","AMBIENTE_TECTONICO":null,"ERA_MIN":"Neoproterozóico","ERA_MAX":"Neoproterozóico","IDADE_MIN":541.1,"IDADE_MAX":635.0,"LEGENDA":"Biotita xisto, podendo conter granada e/ou cordierita, estaurolita, sillimanita, andaluzita e cianita, localmente com intercalações de mármore, rochas calcissilicáticas, quartzito, metarritimito, clorita-sericita xisto e metavulcânicas máficas. Idade: 628 Ma U-Pb.","area_km2":32.57},"geometry":{"type":"MultiPolygon","coordinates":[[[[-35.49678,-6.65155],[-35.50412,-6.66182],[-35.52555,-6.6819],[-35.53929,-6.70632],[-35.55367,-6.72077],[-35.55438,-6.72454],[-35.55233,-6.72641],[-35.55686,-6.72579],[-35.5567,-6.7202],[-35.54599,-6.70686],[-35.53505,-6.68766],[-35.53621,-6.68537],[-35.54587,-6.68576],[-35.55706,-6.68249],[-35.56426,-6.6836],[-35.61605,-6.70051],[-35.6292,-6.70758],[-35.63401,-6.70661],[-35.62433,-6.70215],[-35.62181,-6.69307],[-35.6184,-6.69137],[-35.54685,-6.67375],[-35.53305,-6.66343],[-35.51952,-6.64668],[-35.49678,-6.65155]]],[[[-35.49095,-6.65281],[-35.49361,-6.65328],[-35.49483,-6.65197],[-35.49095,-6.65281]]],[[[-35.51925,-6.64635],[-35.51037,-6.63463],[-35.4977,-6.62826],[-35.48437,-6.60363],[-35.48254,-6.60435],[-35.48327,-6.62519],[-35.47618,-6.62983],[-35.49042,-6.65228],[-35.51925,-6.64635]]]]}},{"type":"Feature","properties":{"SIGLA":"NP3_gamma_i","NOME":"Corpo Granitoides indiscriminados brasilianos","LITOTIPOS":"Biotita granito, Granito pórfiro, Granitoide, Granodiorito, Metagranito, Monzogranito, Quartzo diorito, Quartzo monzonito, Sienogranito, Tonalito","AMBIENTE_TECTONICO":null,"ERA_MIN":"Neoproterozóico","ERA_MAX":"Neoproterozóico","IDADE_MIN":541.1,"IDADE_MAX":635.0,"LEGENDA":"Granitoides de composição petrográfica diversa e quimismo não determinado. Granitoides cinzentos, geralmente de granulometria média a grossa (fácies porfirítica subordinada), de composição granítica dominante, em parte com enclaves dioríticos, em jazimentos individualizados ou intrusivos, de foliação incipiente, alguns gnaissificados e fortemente milonitizados. Monzogranito, granodiorito, tonalito e sienogranito cinza claro a róseo, com granulação fina, foliação definida pela orientação preferencial da biotita; possuem xenólitos; Sienito isotrópico fino a médio, inequigranular e porfirítico.; Hornblenda -biotita diorito e monzodiorito inequigranular fino, foliado, de coloração cinza escura, com enclaves microgranulares e clots de biotita; Biotita metaquartzo sienito a granito peraluminoso, metagranito com biotita metaluminoso e hiperstênio-hornblenda metatonalito. Localmente, exibem foliação magmática; Também ocorrem quartzo diorito, granodiorito, tonalito e quartzo monzonito fortemente milonitizados. Também ocorrem quartzo diorito, granodiorito, tonalito e quartzo monzonito.","area_km2":61.76},"geometry":{"type":"MultiPolygon","coordinates":[[[[-35.68987,-6.65747],[-35.68563,-6.65072],[-35.66041,-6.62946],[-35.65172,-6.60878],[-35.64221,-6.59426],[-35.63154,-6.58675],[-35.61615,-6.55895],[-35.60292,-6.55485],[-35.59333,-6.54835],[-35.58945,-6.5577],[-35.57883,-6.55088],[-35.56743,-6.55268],[-35.56028,-6.54679],[-35.55067,-6.54802],[-35.54569,-6.54457],[-35.53604,-6.55273],[-35.52803,-6.55259],[-35.52412,-6.57188],[-35.51975,-6.57534],[-35.51647,-6.57296],[-35.51443,-6.57411],[-35.51403,-6.58042],[-35.50905,-6.5899],[-35.51634,-6.59726],[-35.52022,-6.61161],[-35.5264,-6.61173],[-35.52878,-6.62242],[-35.54137,-6.63364],[-35.54634,-6.64621],[-35.56348,-6.65397],[-35.58378,-6.67818],[-35.62181,-6.69307],[-35.61936,-6.68786],[-35.58201,-6.67077],[-35.57632,-6.66228],[-35.55109,-6.64125],[-35.53296,-6.60931],[-35.52864,-6.60494],[-35.5246,-6.6079],[-35.5285,-6.60479],[-35.52601,-6.60015],[-35.52686,-6.59252],[-35.53276,-6.59603],[-35.53438,-6.59412],[-35.53621,-6.57502],[-35.54007,-6.56609],[-35.54372,-6.56627],[-35.54591,-6.58085],[-35.55169,-6.58013],[-35.56558,-6.57103],[-35.59392,-6.57202],[-35.6065,-6.57612],[-35.62511,-6.60365],[-35.63042,-6.60098],[-35.63927,-6.60733],[-35.64111,-6.61035],[-35.6404,-6.62208],[-35.64389,-6.6257],[-35.66594,-6.64676],[-35.67958,-6.65461],[-35.68301,-6.65976],[-35.68987,-6.65747]]],[[[-35.68334,-6.66036],[-35.69412,-6.67999],[-35.71006,-6.69146],[-35.73037,-6.71424],[-35.73825,-6.71777],[-35.71666,-6.69152],[-35.70344,-6.68174],[-35.6899,-6.65751],[-35.68334,-6.66036]]]]}},{"type":"Feature","properties":{"SIGLA":"NP3_gamma_2di3","NOME":"Corpo Plúton Dona Inês","LITOTIPOS":"Granito, Leucogranito","AMBIENTE_TECTONICO":null,"ERA_MIN":"Neoproterozóico","ERA_MAX":"Neoproterozóico","IDADE_MIN":541.1,"IDADE_MAX":635.0,"LEGENDA":"Biotita e/ou hornblenda granito e leucogranito com fácies com muscovita e/ou granada, feições migmatíticas, metaluminoso e peraluminoso. 557 Ma Rb-Sr","area_km2":104.55},"geometry":{"type":"Polygon","coordinates":[[[-35.55565,-6.57585],[-35.54582,-6.59033],[-35.54966,-6.60791],[-35.55077,-6.63345],[-35.55887,-6.64579],[-35.57632,-6.66228],[-35.58201,-6.67077],[-35.61523,-6.68732],[-35.61936,-6.68786],[-35.6205,-6.68333],[-35.6165,-6.67765],[-35.61971,-6.67653],[-35.62203,-6.67181],[-35.62564,-6.67982],[-35.6304,-6.67611],[-35.64335,-6.68357],[-35.65241,-6.68244],[-35.654,-6.67352],[-35.65908,-6.67423],[-35.66515,-6.66031],[-35.66422,-6.64501],[-35.6404,-6.62208],[-35.6308,-6.62463],[-35.62801,-6.63517],[-35.62163,-6.64265],[-35.62103,-6.64712],[-35.61639,-6.64645],[-35.6155,-6.643],[-35.62137,-6.63633],[-35.61402,-6.63206],[-35.61,-6.63316],[-35.60729,-6.62955],[-35.61312,-6.62452],[-35.62081,-6.62678],[-35.62461,-6.62164],[-35.63496,-6.61706],[-35.63079,-6.61161],[-35.62674,-6.61143],[-35.62682,-6.60808],[-35.62365,-6.6077],[-35.62511,-6.60365],[-35.60868,-6.57824],[-35.59392,-6.57202],[-35.56558,-6.57103],[-35.55565,-6.57585]]]}},{"type":"Feature","properties":{"SIGLA":"ENsm","NOME":"Formação Serra dos Martins","LITOTIPOS":"Arenito, Arenito conglomerático, Arenito síltico-argiloso, Laterita","AMBIENTE_TECTONICO":null,"ERA_MIN":"Cenozóico","ERA_MAX":"Cenozóico","IDADE_MIN":2.59,"IDADE_MAX":66.0,"LEGENDA":"Arenitos finos a médios  conglomeráticos com níveis pelíticos, argilito avermelhado e caulim.","area_km2":5.67},"geometry":{"type":"Polygon","coordinates":[[[-35.6235,-6.60681],[-35.62682,-6.60808],[-35.62857,-6.61293],[-35.6353,-6.60888],[-35.63668,-6.61458],[-35.62913,-6.62074],[-35.62461,-6.62164],[-35.62081,-6.62678],[-35.61312,-6.62452],[-35.60729,-6.62955],[-35.61,-6.63316],[-35.61402,-6.63206],[-35.62075,-6.63541],[-35.62098,-6.63832],[-35.6155,-6.643],[-35.61639,-6.64645],[-35.61984,-6.64785],[-35.62801,-6.63517],[-35.6308,-6.62463],[-35.6404,-6.62208],[-35.64135,-6.61951],[-35.64111,-6.61035],[-35.63042,-6.60098],[-35.6235,-6.60681]]]}},{"type":"Feature","properties":{"SIGLA":"NP3_gamma_i","NOME":"Corpo Granitoides indiscriminados brasilianos","LITOTIPOS":"Biotita granito, Granito pórfiro, Granitoide, Granodiorito, Metagranito, Monzogranito, Quartzo diorito, Quartzo monzonito, Sienogranito, Tonalito","AMBIENTE_TECTONICO":null,"ERA_MIN":"Neoproterozóico","ERA_MAX":"Neoproterozóico","IDADE_MIN":541.1,"IDADE_MAX":635.0,"LEGENDA":"Granitoides de composição petrográfica diversa e quimismo não determinado. Granitoides cinzentos, geralmente de granulometria média a grossa (fácies porfirítica subordinada), de composição granítica dominante, em parte com enclaves dioríticos, em jazimentos individualizados ou intrusivos, de foliação incipiente, alguns gnaissificados e fortemente milonitizados. Monzogranito, granodiorito, tonalito e sienogranito cinza claro a róseo, com granulação fina, foliação definida pela orientação preferencial da biotita; possuem xenólitos; Sienito isotrópico fino a médio, inequigranular e porfirítico.; Hornblenda -biotita diorito e monzodiorito inequigranular fino, foliado, de coloração cinza escura, com enclaves microgranulares e clots de biotita; Biotita metaquartzo sienito a granito peraluminoso, metagranito com biotita metaluminoso e hiperstênio-hornblenda metatonalito. Localmente, exibem foliação magmática; Também ocorrem quartzo diorito, granodiorito, tonalito e quartzo monzonito fortemente milonitizados. Também ocorrem quartzo diorito, granodiorito, tonalito e quartzo monzonito.","area_km2":0.3},"geometry":{"type":"Polygon","coordinates":[[[-35.63079,-6.61161],[-35.63496,-6.61706],[-35.63668,-6.61458],[-35.6353,-6.60888],[-35.63079,-6.61161]]]}},{"type":"Feature","properties":{"SIGLA":"PP2sp2","NOME":"Unidade Serrinha - Pedro Velho, Unidade 2","LITOTIPOS":"Augen gnaisse, Migmatito, Ortognaisse granodiorítico","AMBIENTE_TECTONICO":null,"ERA_MIN":"Paleoproterozóico","ERA_MAX":"Paleoproterozóico","IDADE_MIN":2050.1,"IDADE_MAX":2300.0,"LEGENDA":"Biotita-hornblenda migmatito tonalítico com neossoma tonalítico a granodiorítico e leucossoma granítico com intercalações de anfibolito. Raros augengnaisses. (2.187 Ma U-Pb).","area_km2":10.67},"geometry":{"type":"Polygon","coordinates":[[[-35.52864,-6.60494],[-35.53837,-6.61699],[-35.55109,-6.64125],[-35.55887,-6.64579],[-35.54998,-6.6304],[-35.54966,-6.60791],[-35.54582,-6.59033],[-35.55169,-6.58013],[-35.5451,-6.58024],[-35.54284,-6.56564],[-35.53903,-6.56722],[-35.53621,-6.57502],[-35.53388,-6.59535],[-35.52686,-6.59252],[-35.52601,-6.60015],[-35.52833,-6.60461],[-35.5447,-6.5919],[-35.52864,-6.60494]]]}},{"type":"Feature","properties":{"SIGLA":"PP2sp2","NOME":"Unidade Serrinha - Pedro Velho, Unidade 2","LITOTIPOS":"Augen gnaisse, Migmatito, Ortognaisse granodiorítico","AMBIENTE_TECTONICO":null,"ERA_MIN":"Paleoproterozóico","ERA_MAX":"Paleoproterozóico","IDADE_MIN":2050.1,"IDADE_MAX":2300.0,"LEGENDA":"Biotita-hornblenda migmatito tonalítico com neossoma tonalítico a granodiorítico e leucossoma granítico com intercalações de anfibolito. Raros augengnaisses. (2.187 Ma U-Pb).","area_km2":56.59},"geometry":{"type":"Polygon","coordinates":[[[-35.26223,-6.53852],[-35.2687,-6.54694],[-35.27647,-6.54408],[-35.28077,-6.5453],[-35.27413,-6.54943],[-35.27245,-6.55596],[-35.27627,-6.55165],[-35.2838,-6.54921],[-35.28608,-6.55081],[-35.28492,-6.55278],[-35.27989,-6.55458],[-35.28671,-6.5545],[-35.28488,-6.56023],[-35.28917,-6.55692],[-35.29188,-6.56059],[-35.29846,-6.56049],[-35.29549,-6.56387],[-35.2796,-6.56425],[-35.27986,-6.56915],[-35.28457,-6.56657],[-35.29089,-6.56918],[-35.2949,-6.56766],[-35.29665,-6.57162],[-35.29896,-6.56882],[-35.30266,-6.57019],[-35.2929,-6.57911],[-35.28343,-6.57764],[-35.27754,-6.58069],[-35.27802,-6.5857],[-35.27136,-6.5877],[-35.27073,-6.59311],[-35.27698,-6.59218],[-35.28272,-6.59719],[-35.28712,-6.59309],[-35.29157,-6.59434],[-35.29167,-6.59652],[-35.28498,-6.60179],[-35.28887,-6.60281],[-35.29377,-6.59929],[-35.29649,-6.6011],[-35.2896,-6.60637],[-35.29658,-6.60852],[-35.29648,-6.61169],[-35.28758,-6.61533],[-35.28469,-6.60771],[-35.28491,-6.61623],[-35.30197,-6.62907],[-35.31963,-6.64877],[-35.3333,-6.65389],[-35.33917,-6.66271],[-35.35038,-6.66693],[-35.35966,-6.66694],[-35.37521,-6.6788],[-35.38689,-6.67902],[-35.39718,-6.68497],[-35.41323,-6.68396],[-35.40034,-6.66951],[-35.37658,-6.65694],[-35.37099,-6.64467],[-35.36043,-6.63369],[-35.32966,-6.62252],[-35.31739,-6.61329],[-35.31564,-6.60601],[-35.31912,-6.58753],[-35.31218,-6.58865],[-35.31024,-6.5714],[-35.29054,-6.54401],[-35.2746,-6.5439],[-35.26223,-6.53852]]]}},{"type":"Feature","properties":{"SIGLA":"PP2sp1","NOME":"Unidade Serrinha - Pedro Velho, Unidade 1","LITOTIPOS":"Granulito félsico, Metatonalito, Metatrondhjemito, Migmatito, Rocha calcissilicática","AMBIENTE_TECTONICO":null,"ERA_MIN":"Paleoproterozóico","ERA_MAX":"Paleoproterozóico","IDADE_MIN":2050.1,"IDADE_MAX":2300.0,"LEGENDA":"Rocha calcissilicática, migmatito, biotita ortognaisses trondhjemíticos, parcialmente migmatizados, metatonalito, granulito félsico.","area_km2":195.72},"geometry":{"type":"MultiPolygon","coordinates":[[[[-35.48567,-6.65217],[-35.47862,-6.64722],[-35.46913,-6.63037],[-35.46931,-6.61721],[-35.47558,-6.62136],[-35.47752,-6.61972],[-35.47789,-6.59819],[-35.47555,-6.59473],[-35.4804,-6.59231],[-35.47277,-6.58207],[-35.45599,-6.5683],[-35.42126,-6.5458],[-35.40455,-6.53018],[-35.38061,-6.50243],[-35.3645,-6.512],[-35.35013,-6.52847],[-35.35096,-6.53231],[-35.36384,-6.55486],[-35.37092,-6.55923],[-35.37805,-6.55525],[-35.37921,-6.58141],[-35.38746,-6.59739],[-35.38097,-6.5951],[-35.38157,-6.59778],[-35.39044,-6.60667],[-35.40062,-6.61267],[-35.40507,-6.63703],[-35.417,-6.65557],[-35.42821,-6.66621],[-35.48567,-6.65217]]],[[[-35.49423,-6.73497],[-35.52823,-6.74311],[-35.53241,-6.73473],[-35.52737,-6.72134],[-35.53857,-6.72936],[-35.53402,-6.71954],[-35.53221,-6.70609],[-35.5127,-6.69098],[-35.50977,-6.67991],[-35.49903,-6.66144],[-35.49661,-6.66003],[-35.49363,-6.66449],[-35.49105,-6.66345],[-35.48675,-6.65371],[-35.42826,-6.66626],[-35.43333,-6.67085],[-35.43265,-6.6735],[-35.42622,-6.67046],[-35.42221,-6.67203],[-35.42637,-6.68614],[-35.43537,-6.69807],[-35.45823,-6.7084],[-35.48423,-6.72507],[-35.49328,-6.73388],[-35.4982,-6.7322],[-35.49423,-6.73497]]]]}},{"type":"Feature","properties":{"SIGLA":"PP2sp3","NOME":"Unidade Serrinha - Pedro Velho, Unidade 3","LITOTIPOS":"Metagranito, Migmatito","AMBIENTE_TECTONICO":null,"ERA_MIN":"Paleoproterozóico","ERA_MAX":"Paleoproterozóico","IDADE_MIN":2050.1,"IDADE_MAX":2300.0,"LEGENDA":"Hornblenda ortognaisses monzogranítico, ortognaisses bandado, biotita ortognaisses homogêneo de textura média a grossa, migmatitos, mobilizados de quartzo e feições de augen. Intercalações de anfibolito e frequentes bolsões de quartzo. U-Pb em zircão: 2082 ± 36 Ma.","area_km2":99.42},"geometry":{"type":"Polygon","coordinates":[[[-35.42821,-6.66621],[-35.417,-6.65557],[-35.40507,-6.63703],[-35.40062,-6.61267],[-35.39044,-6.60667],[-35.38157,-6.59778],[-35.38097,-6.5951],[-35.38746,-6.59739],[-35.37921,-6.58141],[-35.37805,-6.55525],[-35.37092,-6.55923],[-35.36384,-6.55486],[-35.35526,-6.5418],[-35.35013,-6.52847],[-35.3413,-6.5386],[-35.3308,-6.5443],[-35.29054,-6.54401],[-35.31024,-6.5714],[-35.31218,-6.58865],[-35.31912,-6.58753],[-35.31564,-6.60601],[-35.31739,-6.61329],[-35.32966,-6.62252],[-35.36043,-6.63369],[-35.37099,-6.64467],[-35.37828,-6.65841],[-35.40034,-6.66951],[-35.41323,-6.68396],[-35.43537,-6.69807],[-35.42637,-6.68614],[-35.42192,-6.6755],[-35.42457,-6.67078],[-35.43113,-6.67384],[-35.43361,-6.67254],[-35.42826,-6.66626],[-35.422,-6.6676],[-35.42821,-6.66621]]]}},{"type":"Feature","properties":{"SIGLA":"NP3_delta_2","NOME":"Suíte Máfica a intermediária","LITOTIPOS":"Diorito, Gabro, Gabronorito, Granodiorito, Monzodiorito, Quartzo diorito, Tonalito","AMBIENTE_TECTONICO":null,"ERA_MIN":"Neoproterozóico","ERA_MAX":"Neoproterozóico","IDADE_MIN":541.1,"IDADE_MAX":635.0,"LEGENDA":"Gabro, gabro norito, diorito, monzo e quartzo diorito, quartzo monzonito e granodiorito, finos a médios, de afinidade subalcalina, cálcio-alcalino e shoshonítica. Localmente com enclaves de ortognaisse migmatíticos da unidade Mombaça.  . Idade U-Pb = 619 ± 92Ma.","area_km2":2.87},"geometry":{"type":"Polygon","coordinates":[[[-35.62934,-6.50246],[-35.64919,-6.51613],[-35.6577,-6.51411],[-35.65938,-6.51162],[-35.65645,-6.50663],[-35.64883,-6.50501],[-35.64436,-6.49839],[-35.63588,-6.50273],[-35.62934,-6.50246]]]}},{"type":"Feature","properties":{"SIGLA":"Qfm","NOME":"Depósitos flúvio-marinhos","LITOTIPOS":"Areia, Argila, Silte","AMBIENTE_TECTONICO":null,"ERA_MIN":"Cenozóico","ERA_MAX":"Cenozóico","IDADE_MIN":0.0,"IDADE_MAX":2.58,"LEGENDA":"Depósitos indiscriminados de pantanos e mangues, fluvio-lagunares e litorâneos indiscriminados","area_km2":87.85},"geometry":{"type":"MultiPolygon","coordinates":[[[[-34.96508,-6.60039],[-34.98685,-6.59422],[-35.02013,-6.59742],[-35.0257,-6.60625],[-35.04521,-6.60812],[-35.06761,-6.62535],[-35.0803,-6.62889],[-35.10669,-6.65381],[-35.12701,-6.65831],[-35.14284,-6.66586],[-35.14227,-6.66964],[-35.15243,-6.66481],[-35.16312,-6.66321],[-35.17051,-6.67048],[-35.16974,-6.685],[-35.17275,-6.68744],[-35.17371,-6.69646],[-35.17738,-6.69487],[-35.17755,-6.69168],[-35.17244,-6.67447],[-35.17555,-6.66861],[-35.17815,-6.66815],[-35.20821,-6.67721],[-35.24438,-6.70423],[-35.25496,-6.70939],[-35.2806,-6.70994],[-35.29094,-6.7148],[-35.31197,-6.70754],[-35.32404,-6.70858],[-35.33187,-6.71232],[-35.33261,-6.71021],[-35.32578,-6.70558],[-35.31493,-6.70407],[-35.30861,-6.70462],[-35.29281,-6.71186],[-35.2875,-6.71107],[-35.28329,-6.70632],[-35.26357,-6.70432],[-35.2559,-6.70578],[-35.20239,-6.6667],[-35.19275,-6.66831],[-35.17381,-6.6585],[-35.17303,-6.65421],[-35.17827,-6.64439],[-35.17462,-6.645],[-35.17158,-6.64264],[-35.17108,-6.65077],[-35.16674,-6.65827],[-35.1617,-6.65696],[-35.14968,-6.6595],[-35.11141,-6.64184],[-35.08933,-6.62286],[-35.10066,-6.61034],[-35.12863,-6.60405],[-35.14277,-6.60375],[-35.17653,-6.59121],[-35.17593,-6.58828],[-35.13982,-6.59649],[-35.12801,-6.59514],[-35.09985,-6.59837],[-35.08193,-6.6114],[-35.03695,-6.58994],[-35.02207,-6.58808],[-35.01333,-6.58316],[-34.9654,-6.58964],[-34.96508,-6.60039]]],[[[-34.95897,-6.65242],[-34.96624,-6.63319],[-34.96448,-6.61061],[-34.9631,-6.6311],[-34.95897,-6.65242]]],[[[-34.93873,-6.75061],[-34.94047,-6.74996],[-34.94057,-6.74398],[-34.93674,-6.73678],[-34.93765,-6.7255],[-34.9465,-6.72417],[-34.95479,-6.72964],[-34.96992,-6.72098],[-34.98175,-6.72081],[-34.98673,-6.71473],[-34.99464,-6.71123],[-35.02142,-6.71395],[-35.04619,-6.72344],[-35.06916,-6.72162],[-35.07253,-6.72359],[-35.07968,-6.72215],[-35.08036,-6.72021],[-35.07822,-6.71621],[-35.0624,-6.71461],[-35.0463,-6.71679],[-35.03172,-6.7093],[-35.03537,-6.69229],[-35.03974,-6.6863],[-35.04515,-6.68409],[-35.04119,-6.67749],[-35.03375,-6.68189],[-35.028,-6.69312],[-35.02103,-6.6995],[-35.01561,-6.69829],[-35.01744,-6.68768],[-35.00351,-6.6978],[-34.96824,-6.70771],[-34.94616,-6.70643],[-34.94318,-6.70441],[-34.94445,-6.69125],[-34.93874,-6.69594],[-34.93692,-6.69272],[-34.95915,-6.66846],[-34.95944,-6.66573],[-34.95602,-6.66537],[-34.96325,-6.65737],[-34.96184,-6.6533],[-34.95806,-6.65557],[-34.9527,-6.6726],[-34.9455,-6.6823],[-34.9308,-6.6882],[-34.9339,-6.6975],[-34.9315,-6.7211],[-34.9341,-6.7291],[-34.92891,-6.73872],[-34.93873,-6.75061]]]]}},{"type":"Feature","properties":{"SIGLA":"Nb","NOME":"Grupo Barreiras","LITOTIPOS":"Arenito, Arenito conglomerático, Argilito, Argilito arenoso, Conglomerado, Siltito","AMBIENTE_TECTONICO":"Cobertura superficial","ERA_MIN":"Cenozóico","ERA_MAX":"Cenozóico","IDADE_MIN":2.59,"IDADE_MAX":23.03,"LEGENDA":"Predomínio de camadas horizontais de arenito conglomerático com matriz caolínica, contendo lentes e lençóis de conglomerado e brecha, ricos em seixos e grânulos de quartzo e/ou feldspato, e intercalações de argilito caolínico silto-arenoso, siltito, arenito caolínico, arenito argiloso, arenito ferruginoso e argiloso friável e diamictito. Podem apresentar horizontes e/ou colunas de oxi-redução e/ou canga em que assumem cores variegadas (branca, vermelha e roxa); Arenitos argilosos de tonalidade variegada (amarelada, avermelhada e esverdeada), matriz argilo-caulínica, com cimento argiloso, ferruginoso e, às vezes, silicoso; granulação fina a média, com leitos conglomeráticos e nódulos lateríticos na base (pode-se encontrar, no topo, areias sílticas bem classificadas) / sistema fluvial com esporádicas corridas de lamas.","area_km2":1.43},"geometry":{"type":"Polygon","coordinates":[[[-35.27453,-6.66115],[-35.27709,-6.66792],[-35.27645,-6.67607],[-35.27956,-6.678],[-35.28141,-6.67537],[-35.27928,-6.66232],[-35.28196,-6.6615],[-35.28594,-6.66888],[-35.2877,-6.66715],[-35.28581,-6.66004],[-35.28314,-6.66042],[-35.28083,-6.65692],[-35.27701,-6.65736],[-35.27453,-6.66115]]]}},{"type":"Feature","properties":{"SIGLA":"NQc","NOME":"Depósitos colúvio-eluviais","LITOTIPOS":"Areia, Argila, Cascalho, Laterita","AMBIENTE_TECTONICO":null,"ERA_MIN":"Cenozóico","ERA_MAX":"Cenozóico","IDADE_MIN":0.0,"IDADE_MAX":23.03,"LEGENDA":"Depósitos inconsolidados com matriz arenosa, areno-argilosa, argilo-arenosa e conglomerática, mal trabalhados e mal classificados, constituidos por fragmentos angulosos, grânulos, seixos, blocos e matacões de variados tipos de rochas (granitoide, gnaisse, quartzito, blocos de quartzo e formação ferrífera).","area_km2":4.31},"geometry":{"type":"Polygon","coordinates":[[[-35.20265,-6.63493],[-35.19834,-6.63461],[-35.19467,-6.63938],[-35.18351,-6.64304],[-35.17875,-6.65213],[-35.18469,-6.65149],[-35.18786,-6.64711],[-35.18966,-6.65667],[-35.19351,-6.65735],[-35.19431,-6.65001],[-35.19879,-6.64504],[-35.20081,-6.65307],[-35.20319,-6.65386],[-35.20304,-6.64296],[-35.20723,-6.64558],[-35.20893,-6.6444],[-35.20572,-6.6359],[-35.21365,-6.63525],[-35.20623,-6.62725],[-35.20265,-6.63493]]]}},{"type":"Feature","properties":{"SIGLA":"NQc","NOME":"Depósitos colúvio-eluviais","LITOTIPOS":"Areia, Argila, Cascalho, Laterita","AMBIENTE_TECTONICO":null,"ERA_MIN":"Cenozóico","ERA_MAX":"Cenozóico","IDADE_MIN":0.0,"IDADE_MAX":23.03,"LEGENDA":"Depósitos inconsolidados com matriz arenosa, areno-argilosa, argilo-arenosa e conglomerática, mal trabalhados e mal classificados, constituidos por fragmentos angulosos, grânulos, seixos, blocos e matacões de variados tipos de rochas (granitoide, gnaisse, quartzito, blocos de quartzo e formação ferrífera).","area_km2":28.86},"geometry":{"type":"Polygon","coordinates":[[[-35.27193,-6.58723],[-35.26933,-6.57953],[-35.2776,-6.57526],[-35.2754,-6.56958],[-35.25677,-6.58008],[-35.25201,-6.58025],[-35.25282,-6.57568],[-35.26102,-6.57354],[-35.26539,-6.56699],[-35.27418,-6.56259],[-35.27338,-6.56005],[-35.26803,-6.55971],[-35.25916,-6.56594],[-35.26388,-6.55162],[-35.25986,-6.55337],[-35.25592,-6.56073],[-35.24757,-6.56843],[-35.24406,-6.56702],[-35.24667,-6.5609],[-35.25398,-6.55404],[-35.25802,-6.54054],[-35.25264,-6.54058],[-35.25106,-6.5377],[-35.24717,-6.54195],[-35.23994,-6.53354],[-35.23884,-6.53638],[-35.24109,-6.54085],[-35.23928,-6.54316],[-35.23334,-6.54486],[-35.22446,-6.54331],[-35.22952,-6.55127],[-35.23753,-6.55366],[-35.24083,-6.58335],[-35.24664,-6.58714],[-35.24617,-6.59502],[-35.24871,-6.59861],[-35.24667,-6.60155],[-35.23187,-6.59862],[-35.23261,-6.60483],[-35.24383,-6.60567],[-35.24879,-6.60852],[-35.25553,-6.61772],[-35.26475,-6.62164],[-35.26553,-6.63006],[-35.25517,-6.63281],[-35.25012,-6.6292],[-35.24544,-6.6294],[-35.24437,-6.6258],[-35.23963,-6.62902],[-35.23504,-6.62306],[-35.23045,-6.62593],[-35.22514,-6.61977],[-35.21965,-6.62168],[-35.21964,-6.62603],[-35.22615,-6.62745],[-35.23123,-6.63311],[-35.23944,-6.63154],[-35.24693,-6.64023],[-35.25081,-6.63953],[-35.25268,-6.6362],[-35.25641,-6.63914],[-35.26094,-6.63615],[-35.27033,-6.64193],[-35.2726,-6.63674],[-35.27928,-6.63477],[-35.27867,-6.63075],[-35.27193,-6.62764],[-35.27764,-6.62582],[-35.27579,-6.62154],[-35.27906,-6.61571],[-35.27863,-6.60759],[-35.27302,-6.59778],[-35.26977,-6.60895],[-35.26703,-6.60971],[-35.26555,-6.60676],[-35.26301,-6.61124],[-35.25905,-6.6092],[-35.25962,-6.60564],[-35.26509,-6.6018],[-35.26349,-6.59959],[-35.25765,-6.60196],[-35.25691,-6.59948],[-35.26106,-6.59352],[-35.25614,-6.59122],[-35.26015,-6.59055],[-35.26373,-6.58247],[-35.27193,-6.58723]]]}},{"type":"Feature","properties":{"SIGLA":"NQc","NOME":"Depósitos colúvio-eluviais","LITOTIPOS":"Areia, Argila, Cascalho, Laterita","AMBIENTE_TECTONICO":null,"ERA_MIN":"Cenozóico","ERA_MAX":"Cenozóico","IDADE_MIN":0.0,"IDADE_MAX":23.03,"LEGENDA":"Depósitos inconsolidados com matriz arenosa, areno-argilosa, argilo-arenosa e conglomerática, mal trabalhados e mal classificados, constituidos por fragmentos angulosos, grânulos, seixos, blocos e matacões de variados tipos de rochas (granitoide, gnaisse, quartzito, blocos de quartzo e formação ferrífera).","area_km2":4.49},"geometry":{"type":"MultiPolygon","coordinates":[[[[-35.14554,-6.55251],[-35.1452,-6.55793],[-35.15281,-6.55826],[-35.15387,-6.56339],[-35.1587,-6.56671],[-35.15389,-6.57333],[-35.15457,-6.58543],[-35.15696,-6.58773],[-35.15915,-6.58626],[-35.15639,-6.57648],[-35.16009,-6.5778],[-35.16268,-6.57616],[-35.16581,-6.57913],[-35.16559,-6.58501],[-35.16979,-6.58599],[-35.17105,-6.57775],[-35.16435,-6.57159],[-35.16293,-6.56134],[-35.16781,-6.55767],[-35.1535,-6.55208],[-35.14554,-6.55251]]],[[[-35.14147,-6.54723],[-35.14031,-6.55045],[-35.14499,-6.55176],[-35.14147,-6.54723]]]]}},{"type":"Feature","properties":{"SIGLA":"NQc","NOME":"Depósitos colúvio-eluviais","LITOTIPOS":"Areia, Argila, Cascalho, Laterita","AMBIENTE_TECTONICO":null,"ERA_MIN":"Cenozóico","ERA_MAX":"Cenozóico","IDADE_MIN":0.0,"IDADE_MAX":23.03,"LEGENDA":"Depósitos inconsolidados com matriz arenosa, areno-argilosa, argilo-arenosa e conglomerática, mal trabalhados e mal classificados, constituidos por fragmentos angulosos, grânulos, seixos, blocos e matacões de variados tipos de rochas (granitoide, gnaisse, quartzito, blocos de quartzo e formação ferrífera).","area_km2":85.06},"geometry":{"type":"Polygon","coordinates":[[[-35.07093,-6.51995],[-35.08631,-6.53123],[-35.08534,-6.53452],[-35.07305,-6.53017],[-35.07045,-6.53472],[-35.0722,-6.54159],[-35.06938,-6.54324],[-35.06792,-6.53976],[-35.06522,-6.53956],[-35.06085,-6.54604],[-35.05805,-6.54401],[-35.04982,-6.54779],[-35.03797,-6.53596],[-35.03548,-6.52958],[-35.02903,-6.53101],[-35.02565,-6.52536],[-35.01982,-6.5236],[-35.01643,-6.51885],[-35.01564,-6.52667],[-35.02082,-6.53552],[-35.0207,-6.53982],[-35.0346,-6.54872],[-35.0287,-6.55413],[-35.02289,-6.55097],[-35.02375,-6.55777],[-35.02938,-6.56111],[-35.0343,-6.56064],[-35.04561,-6.57632],[-35.05,-6.57391],[-35.05373,-6.57764],[-35.05986,-6.57545],[-35.07789,-6.56512],[-35.08381,-6.55721],[-35.08579,-6.55963],[-35.08228,-6.56643],[-35.09172,-6.56753],[-35.09172,-6.57016],[-35.08289,-6.57469],[-35.08009,-6.57258],[-35.07306,-6.57478],[-35.05428,-6.5871],[-35.04821,-6.58748],[-35.03548,-6.58267],[-35.03276,-6.58601],[-35.03085,-6.58197],[-35.02729,-6.58211],[-35.0268,-6.57867],[-35.02147,-6.58225],[-35.02061,-6.57656],[-35.01571,-6.57609],[-35.00837,-6.57023],[-35.00663,-6.55414],[-35.0092,-6.54556],[-35.0045,-6.54714],[-35.00758,-6.53617],[-35.00317,-6.53599],[-35.00459,-6.52747],[-34.99842,-6.53073],[-34.99791,-6.5292],[-35.0028,-6.52124],[-35.00504,-6.51102],[-34.99629,-6.50928],[-34.99269,-6.51256],[-34.98861,-6.50899],[-34.98137,-6.5416],[-34.98386,-6.54594],[-34.99444,-6.55102],[-34.99577,-6.55594],[-34.99089,-6.56185],[-34.98937,-6.55995],[-34.99105,-6.55343],[-34.98689,-6.55435],[-34.98541,-6.55068],[-34.9827,-6.55195],[-34.98541,-6.57436],[-34.98735,-6.57547],[-34.9954,-6.56712],[-35.00224,-6.57188],[-35.00479,-6.57705],[-35.00034,-6.57828],[-34.99698,-6.57306],[-34.9925,-6.57355],[-34.99053,-6.57578],[-34.99176,-6.58068],[-34.98903,-6.58344],[-35.01352,-6.58056],[-35.01975,-6.58548],[-35.02402,-6.58427],[-35.02551,-6.58697],[-35.02932,-6.58631],[-35.05004,-6.59337],[-35.0636,-6.58881],[-35.06435,-6.59169],[-35.07105,-6.59271],[-35.05534,-6.59699],[-35.0737,-6.60467],[-35.08187,-6.60395],[-35.08541,-6.60084],[-35.09037,-6.60103],[-35.08936,-6.59453],[-35.09329,-6.59165],[-35.09359,-6.58507],[-35.09985,-6.58101],[-35.10189,-6.58168],[-35.10416,-6.59021],[-35.10134,-6.59558],[-35.11017,-6.59549],[-35.11204,-6.59218],[-35.10817,-6.58407],[-35.11467,-6.58674],[-35.11514,-6.5803],[-35.11101,-6.57571],[-35.10479,-6.57706],[-35.10377,-6.57288],[-35.09864,-6.5701],[-35.10209,-6.56784],[-35.1068,-6.56911],[-35.11018,-6.56424],[-35.12267,-6.57687],[-35.12395,-6.57225],[-35.12119,-6.56348],[-35.12175,-6.56081],[-35.12422,-6.56054],[-35.12817,-6.56913],[-35.13191,-6.56722],[-35.1364,-6.58058],[-35.13071,-6.58924],[-35.14211,-6.58837],[-35.14083,-6.56255],[-35.1317,-6.55682],[-35.13092,-6.55043],[-35.12537,-6.55404],[-35.12361,-6.552],[-35.12515,-6.54822],[-35.12164,-6.54833],[-35.12137,-6.54318],[-35.11821,-6.54719],[-35.11152,-6.54328],[-35.11268,-6.5405],[-35.11116,-6.53405],[-35.10769,-6.53197],[-35.10952,-6.52799],[-35.10684,-6.52593],[-35.10878,-6.52338],[-35.10577,-6.51962],[-35.10696,-6.51696],[-35.10401,-6.51013],[-35.10072,-6.50781],[-35.09308,-6.5112],[-35.09032,-6.50343],[-35.08804,-6.5056],[-35.08979,-6.51526],[-35.08118,-6.51037],[-35.07093,-6.51995]]]}},{"type":"Feature","properties":{"SIGLA":"Nb","NOME":"Grupo Barreiras","LITOTIPOS":"Arenito, Arenito conglomerático, Argilito, Argilito arenoso, Conglomerado, Siltito","AMBIENTE_TECTONICO":"Cobertura superficial","ERA_MIN":"Cenozóico","ERA_MAX":"Cenozóico","IDADE_MIN":2.59,"IDADE_MAX":23.03,"LEGENDA":"Predomínio de camadas horizontais de arenito conglomerático com matriz caolínica, contendo lentes e lençóis de conglomerado e brecha, ricos em seixos e grânulos de quartzo e/ou feldspato, e intercalações de argilito caolínico silto-arenoso, siltito, arenito caolínico, arenito argiloso, arenito ferruginoso e argiloso friável e diamictito. Podem apresentar horizontes e/ou colunas de oxi-redução e/ou canga em que assumem cores variegadas (branca, vermelha e roxa); Arenitos argilosos de tonalidade variegada (amarelada, avermelhada e esverdeada), matriz argilo-caulínica, com cimento argiloso, ferruginoso e, às vezes, silicoso; granulação fina a média, com leitos conglomeráticos e nódulos lateríticos na base (pode-se encontrar, no topo, areias sílticas bem classificadas) / sistema fluvial com esporádicas corridas de lamas.","area_km2":27.43},"geometry":{"type":"Polygon","coordinates":[[[-35.00343,-6.51459],[-35.0028,-6.52124],[-34.99791,-6.5292],[-34.99842,-6.53073],[-35.00459,-6.52747],[-35.00317,-6.53599],[-35.00758,-6.53617],[-35.0045,-6.54714],[-35.0092,-6.54556],[-35.00663,-6.55414],[-35.00718,-6.56684],[-35.01073,-6.57292],[-35.02109,-6.57702],[-35.02147,-6.58225],[-35.0262,-6.57855],[-35.02729,-6.58211],[-35.03085,-6.58197],[-35.03276,-6.58601],[-35.03548,-6.58267],[-35.05272,-6.58746],[-35.07306,-6.57478],[-35.08009,-6.57258],[-35.08289,-6.57469],[-35.09172,-6.57016],[-35.09172,-6.56753],[-35.08228,-6.56643],[-35.08579,-6.55963],[-35.08381,-6.55721],[-35.07789,-6.56512],[-35.05986,-6.57545],[-35.05373,-6.57764],[-35.05,-6.57391],[-35.04561,-6.57632],[-35.0343,-6.56064],[-35.02938,-6.56111],[-35.02375,-6.55777],[-35.02289,-6.55097],[-35.0287,-6.55413],[-35.0346,-6.54872],[-35.0207,-6.53982],[-35.02082,-6.53552],[-35.01564,-6.52667],[-35.01643,-6.51885],[-35.01982,-6.5236],[-35.02565,-6.52536],[-35.02903,-6.53101],[-35.03548,-6.52958],[-35.03797,-6.53596],[-35.04982,-6.54779],[-35.05805,-6.54401],[-35.05959,-6.5354],[-35.05514,-6.54043],[-35.05339,-6.53008],[-35.05079,-6.53376],[-35.05185,-6.53782],[-35.04963,-6.53889],[-35.04595,-6.53086],[-35.02837,-6.52337],[-35.01943,-6.50974],[-35.01409,-6.5128],[-35.00835,-6.50924],[-35.00343,-6.51459]]]}},{"type":"Feature","properties":{"SIGLA":"Nb","NOME":"Grupo Barreiras","LITOTIPOS":"Arenito, Arenito conglomerático, Argilito, Argilito arenoso, Conglomerado, Siltito","AMBIENTE_TECTONICO":"Cobertura superficial","ERA_MIN":"Cenozóico","ERA_MAX":"Cenozóico","IDADE_MIN":2.59,"IDADE_MAX":23.03,"LEGENDA":"Predomínio de camadas horizontais de arenito conglomerático com matriz caolínica, contendo lentes e lençóis de conglomerado e brecha, ricos em seixos e grânulos de quartzo e/ou feldspato, e intercalações de argilito caolínico silto-arenoso, siltito, arenito caolínico, arenito argiloso, arenito ferruginoso e argiloso friável e diamictito. Podem apresentar horizontes e/ou colunas de oxi-redução e/ou canga em que assumem cores variegadas (branca, vermelha e roxa); Arenitos argilosos de tonalidade variegada (amarelada, avermelhada e esverdeada), matriz argilo-caulínica, com cimento argiloso, ferruginoso e, às vezes, silicoso; granulação fina a média, com leitos conglomeráticos e nódulos lateríticos na base (pode-se encontrar, no topo, areias sílticas bem classificadas) / sistema fluvial com esporádicas corridas de lamas.","area_km2":225.47},"geometry":{"type":"MultiPolygon","coordinates":[[[[-34.9654,-6.58964],[-35.01333,-6.58316],[-35.02207,-6.58808],[-35.03695,-6.58994],[-35.08193,-6.6114],[-35.09985,-6.59837],[-35.12801,-6.59514],[-35.13982,-6.59649],[-35.17593,-6.58828],[-35.17653,-6.59121],[-35.14277,-6.60375],[-35.12863,-6.60405],[-35.10066,-6.61034],[-35.08933,-6.62286],[-35.11141,-6.64184],[-35.14968,-6.6595],[-35.1617,-6.65696],[-35.16674,-6.65827],[-35.17108,-6.65077],[-35.17158,-6.64264],[-35.17462,-6.645],[-35.17827,-6.64439],[-35.17296,-6.65777],[-35.19275,-6.66831],[-35.20239,-6.6667],[-35.20543,-6.65866],[-35.21525,-6.64676],[-35.21685,-6.63994],[-35.22199,-6.64542],[-35.22522,-6.64582],[-35.23287,-6.63922],[-35.23995,-6.63826],[-35.24528,-6.64387],[-35.24004,-6.64669],[-35.24053,-6.65386],[-35.23557,-6.65351],[-35.23097,-6.65764],[-35.226,-6.65322],[-35.22149,-6.65908],[-35.21386,-6.65837],[-35.21305,-6.6633],[-35.20794,-6.66592],[-35.20943,-6.66814],[-35.23062,-6.66578],[-35.2407,-6.66099],[-35.24313,-6.66861],[-35.23853,-6.67539],[-35.24295,-6.67647],[-35.24198,-6.68209],[-35.24588,-6.68213],[-35.2477,-6.68056],[-35.24596,-6.66399],[-35.24926,-6.65823],[-35.25587,-6.66129],[-35.25638,-6.64965],[-35.26234,-6.65573],[-35.26688,-6.65447],[-35.27701,-6.65736],[-35.27467,-6.64378],[-35.28437,-6.63806],[-35.28628,-6.63267],[-35.2812,-6.63183],[-35.28,-6.62931],[-35.28554,-6.6237],[-35.28422,-6.60826],[-35.28758,-6.61533],[-35.29538,-6.61236],[-35.29658,-6.60852],[-35.2896,-6.60637],[-35.29686,-6.60208],[-35.29477,-6.5993],[-35.28887,-6.60281],[-35.28498,-6.60179],[-35.29167,-6.59652],[-35.29157,-6.59434],[-35.28712,-6.59309],[-35.28272,-6.59719],[-35.27698,-6.59218],[-35.27073,-6.59311],[-35.27136,-6.5877],[-35.26435,-6.58259],[-35.26183,-6.58361],[-35.26015,-6.59055],[-35.25614,-6.59122],[-35.26106,-6.59352],[-35.25691,-6.59948],[-35.25765,-6.60196],[-35.26349,-6.59959],[-35.26509,-6.6018],[-35.25962,-6.60564],[-35.25905,-6.6092],[-35.26301,-6.61124],[-35.26555,-6.60676],[-35.26703,-6.60971],[-35.26977,-6.60895],[-35.27302,-6.59778],[-35.27863,-6.60759],[-35.27906,-6.61571],[-35.27579,-6.62154],[-35.27764,-6.62582],[-35.27193,-6.62764],[-35.27867,-6.63075],[-35.27928,-6.63477],[-35.2726,-6.63674],[-35.27033,-6.64193],[-35.26094,-6.63615],[-35.25641,-6.63914],[-35.25268,-6.6362],[-35.25081,-6.63953],[-35.24693,-6.64023],[-35.23944,-6.63154],[-35.23123,-6.63311],[-35.22615,-6.62745],[-35.21964,-6.62603],[-35.21965,-6.62168],[-35.22514,-6.61977],[-35.23045,-6.62593],[-35.23504,-6.62306],[-35.23963,-6.62902],[-35.24437,-6.6258],[-35.24544,-6.6294],[-35.25012,-6.6292],[-35.25517,-6.63281],[-35.26553,-6.63006],[-35.26475,-6.62164],[-35.25553,-6.61772],[-35.24879,-6.60852],[-35.24383,-6.60567],[-35.23261,-6.60483],[-35.23187,-6.59862],[-35.24667,-6.60155],[-35.24871,-6.59861],[-35.24617,-6.59502],[-35.24664,-6.58714],[-35.24083,-6.58335],[-35.23753,-6.55366],[-35.22952,-6.55127],[-35.22407,-6.54398],[-35.23928,-6.54316],[-35.24109,-6.54085],[-35.23884,-6.53638],[-35.23994,-6.53354],[-35.24717,-6.54195],[-35.25106,-6.5377],[-35.25264,-6.54058],[-35.25802,-6.54054],[-35.25398,-6.55404],[-35.24667,-6.5609],[-35.24406,-6.56702],[-35.24757,-6.56843],[-35.25592,-6.56073],[-35.25986,-6.55337],[-35.26388,-6.55162],[-35.25916,-6.56594],[-35.26803,-6.55971],[-35.27338,-6.56005],[-35.27418,-6.56259],[-35.26539,-6.56699],[-35.26102,-6.57354],[-35.25282,-6.57568],[-35.25201,-6.58025],[-35.25677,-6.58008],[-35.2754,-6.56958],[-35.2776,-6.57526],[-35.26933,-6.57953],[-35.27193,-6.58723],[-35.27802,-6.5857],[-35.27754,-6.58069],[-35.28343,-6.57764],[-35.2929,-6.57911],[-35.30266,-6.57019],[-35.29896,-6.56882],[-35.29665,-6.57162],[-35.2949,-6.56766],[-35.29089,-6.56918],[-35.28457,-6.56657],[-35.27986,-6.56915],[-35.2796,-6.56425],[-35.29549,-6.56387],[-35.29846,-6.56049],[-35.29188,-6.56059],[-35.28917,-6.55692],[-35.28488,-6.56023],[-35.28671,-6.5545],[-35.27989,-6.55458],[-35.28492,-6.55278],[-35.28608,-6.55081],[-35.2838,-6.54921],[-35.27627,-6.55165],[-35.27245,-6.55596],[-35.27413,-6.54943],[-35.28077,-6.5453],[-35.27647,-6.54408],[-35.2687,-6.54694],[-35.26204,-6.53809],[-35.2532,-6.534],[-35.2298,-6.5303],[-35.2244,-6.5216],[-35.2182,-6.5186],[-35.2101,-6.5332],[-35.2073,-6.5437],[-35.194,-6.5503],[-35.16333,-6.55987],[-35.16435,-6.57159],[-35.17105,-6.57775],[-35.17066,-6.58475],[-35.16559,-6.58501],[-35.16581,-6.57913],[-35.1634,-6.57646],[-35.15702,-6.57625],[-35.15915,-6.58626],[-35.15696,-6.58773],[-35.15457,-6.58543],[-35.15338,-6.57618],[-35.15822,-6.56569],[-35.15387,-6.56339],[-35.15281,-6.55826],[-35.14458,-6.55725],[-35.14554,-6.55251],[-35.14031,-6.55045],[-35.14147,-6.54723],[-35.13618,-6.54041],[-35.13556,-6.54609],[-35.1324,-6.54694],[-35.12274,-6.53595],[-35.11606,-6.53283],[-35.10696,-6.51696],[-35.10577,-6.51962],[-35.10878,-6.52338],[-35.10684,-6.52593],[-35.10952,-6.52799],[-35.10769,-6.53197],[-35.11116,-6.53405],[-35.11152,-6.54328],[-35.11821,-6.54719],[-35.12137,-6.54318],[-35.12164,-6.54833],[-35.12515,-6.54822],[-35.12361,-6.552],[-35.12537,-6.55404],[-35.13092,-6.55043],[-35.1317,-6.55682],[-35.14083,-6.56255],[-35.14211,-6.58837],[-35.13071,-6.58924],[-35.13567,-6.58429],[-35.13602,-6.57922],[-35.13191,-6.56722],[-35.12817,-6.56913],[-35.12422,-6.56054],[-35.12175,-6.56081],[-35.12395,-6.57225],[-35.12267,-6.57687],[-35.11018,-6.56424],[-35.1068,-6.56911],[-35.10209,-6.56784],[-35.09864,-6.5701],[-35.10377,-6.57288],[-35.10479,-6.57706],[-35.11101,-6.57571],[-35.11514,-6.5803],[-35.11467,-6.58674],[-35.10817,-6.58407],[-35.11204,-6.59218],[-35.11017,-6.59549],[-35.10134,-6.59558],[-35.10416,-6.59021],[-35.10189,-6.58168],[-35.09985,-6.58101],[-35.09359,-6.58507],[-35.09329,-6.59165],[-35.08936,-6.59453],[-35.09037,-6.60103],[-35.0737,-6.60467],[-35.05478,-6.59624],[-35.07105,-6.59271],[-35.06435,-6.59169],[-35.0636,-6.58881],[-35.05004,-6.59337],[-35.02932,-6.58631],[-35.02551,-6.58697],[-35.02402,-6.58427],[-35.01975,-6.58548],[-35.01352,-6.58056],[-34.98903,-6.58344],[-34.99176,-6.58068],[-34.99053,-6.57578],[-34.9925,-6.57355],[-34.99698,-6.57306],[-35.00034,-6.57828],[-35.00479,-6.57705],[-35.00224,-6.57188],[-34.9954,-6.56712],[-34.98561,-6.57515],[-34.9827,-6.55195],[-34.98541,-6.55068],[-34.98689,-6.55435],[-34.99105,-6.55343],[-34.98937,-6.55995],[-34.99089,-6.56185],[-34.99577,-6.55594],[-34.99444,-6.55102],[-34.98386,-6.54594],[-34.98137,-6.5416],[-34.98861,-6.50899],[-34.98035,-6.50625],[-34.96826,-6.49526],[-34.96828,-6.5043],[-34.97131,-6.50518],[-34.96762,-6.51638],[-34.96741,-6.52327],[-34.96952,-6.52298],[-34.96974,-6.52569],[-34.96705,-6.53501],[-34.9654,-6.58964]],[[-35.20414,-6.63307],[-35.20408,-6.62877],[-35.20742,-6.62737],[-35.21365,-6.63525],[-35.20572,-6.6359],[-35.20893,-6.6444],[-35.20723,-6.64558],[-35.20304,-6.64296],[-35.20319,-6.65386],[-35.20081,-6.65307],[-35.19879,-6.64504],[-35.19431,-6.65001],[-35.19351,-6.65735],[-35.18966,-6.65667],[-35.18786,-6.64711],[-35.18469,-6.65149],[-35.17875,-6.65213],[-35.18351,-6.64304],[-35.18872,-6.64259],[-35.19834,-6.63461],[-35.20414,-6.63307]]],[[[-35.1535,-6.55208],[-35.1584,-6.55463],[-35.16198,-6.55429],[-35.1575,-6.5517],[-35.1535,-6.55208]]]]}},{"type":"Feature","properties":{"SIGLA":"Qfm","NOME":"Depósitos flúvio-marinhos","LITOTIPOS":"Areia, Argila, Silte","AMBIENTE_TECTONICO":null,"ERA_MIN":"Cenozóico","ERA_MAX":"Cenozóico","IDADE_MIN":0.0,"IDADE_MAX":2.58,"LEGENDA":"Depósitos indiscriminados de pantanos e mangues, fluvio-lagunares e litorâneos indiscriminados","area_km2":21.92},"geometry":{"type":"MultiPolygon","coordinates":[[[[-35.09032,-6.50343],[-35.09308,-6.5112],[-35.10072,-6.50781],[-35.10401,-6.51013],[-35.10439,-6.5141],[-35.11606,-6.53283],[-35.12274,-6.53595],[-35.13017,-6.54571],[-35.13556,-6.54609],[-35.13618,-6.54041],[-35.1235,-6.5299],[-35.1125,-6.5051],[-35.1037,-6.5058],[-35.0955,-6.4977],[-35.09032,-6.50343]]],[[[-35.08118,-6.51037],[-35.08727,-6.51449],[-35.09076,-6.51381],[-35.08804,-6.5056],[-35.08118,-6.51037]]],[[[-34.96992,-6.49676],[-34.99099,-6.51229],[-34.99629,-6.50928],[-35.00327,-6.51169],[-35.00835,-6.50924],[-35.01409,-6.5128],[-35.01943,-6.50974],[-35.02837,-6.52337],[-35.04595,-6.53086],[-35.04963,-6.53889],[-35.05185,-6.53782],[-35.05079,-6.53376],[-35.05339,-6.53008],[-35.05514,-6.54043],[-35.05959,-6.5354],[-35.05805,-6.54401],[-35.06085,-6.54604],[-35.06522,-6.53956],[-35.06792,-6.53976],[-35.06938,-6.54324],[-35.0722,-6.54159],[-35.07045,-6.53472],[-35.07305,-6.53017],[-35.08622,-6.53346],[-35.08631,-6.53123],[-35.07093,-6.51995],[-35.0671,-6.5247],[-35.0577,-6.5278],[-35.037,-6.5171],[-35.0285,-6.5055],[-35.0111,-6.5061],[-35.0011,-6.502],[-34.9921,-6.5015],[-34.9784,-6.4873],[-34.9685,-6.4872],[-34.96992,-6.49676]]]]}},{"type":"Feature","properties":{"SIGLA":"NP3_gamma_i","NOME":"Corpo Granitoides indiscriminados brasilianos","LITOTIPOS":"Biotita granito, Granito pórfiro, Granitoide, Granodiorito, Metagranito, Monzogranito, Quartzo diorito, Quartzo monzonito, Sienogranito, Tonalito","AMBIENTE_TECTONICO":null,"ERA_MIN":"Neoproterozóico","ERA_MAX":"Neoproterozóico","IDADE_MIN":541.1,"IDADE_MAX":635.0,"LEGENDA":"Granitoides de composição petrográfica diversa e quimismo não determinado. Granitoides cinzentos, geralmente de granulometria média a grossa (fácies porfirítica subordinada), de composição granítica dominante, em parte com enclaves dioríticos, em jazimentos individualizados ou intrusivos, de foliação incipiente, alguns gnaissificados e fortemente milonitizados. Monzogranito, granodiorito, tonalito e sienogranito cinza claro a róseo, com granulação fina, foliação definida pela orientação preferencial da biotita; possuem xenólitos; Sienito isotrópico fino a médio, inequigranular e porfirítico.; Hornblenda -biotita diorito e monzodiorito inequigranular fino, foliado, de coloração cinza escura, com enclaves microgranulares e clots de biotita; Biotita metaquartzo sienito a granito peraluminoso, metagranito com biotita metaluminoso e hiperstênio-hornblenda metatonalito. Localmente, exibem foliação magmática; Também ocorrem quartzo diorito, granodiorito, tonalito e quartzo monzonito fortemente milonitizados. Também ocorrem quartzo diorito, granodiorito, tonalito e quartzo monzonito.","area_km2":3.58},"geometry":{"type":"Polygon","coordinates":[[[-35.55469,-6.49058],[-35.57384,-6.49674],[-35.5896,-6.48998],[-35.59577,-6.48016],[-35.59589,-6.46776],[-35.5922,-6.4716],[-35.5921,-6.4766],[-35.5814,-6.4841],[-35.5648,-6.4918],[-35.55469,-6.49058]]]}},{"type":"Feature","properties":{"SIGLA":"PP2sp2","NOME":"Unidade Serrinha - Pedro Velho, Unidade 2","LITOTIPOS":"Augen gnaisse, Migmatito, Ortognaisse granodiorítico","AMBIENTE_TECTONICO":null,"ERA_MIN":"Paleoproterozóico","ERA_MAX":"Paleoproterozóico","IDADE_MIN":2050.1,"IDADE_MAX":2300.0,"LEGENDA":"Biotita-hornblenda migmatito tonalítico com neossoma tonalítico a granodiorítico e leucossoma granítico com intercalações de anfibolito. Raros augengnaisses. (2.187 Ma U-Pb).","area_km2":199.58},"geometry":{"type":"Polygon","coordinates":[[[-35.51952,-6.64668],[-35.53717,-6.6675],[-35.54685,-6.67375],[-35.60919,-6.6887],[-35.58155,-6.67671],[-35.56348,-6.65397],[-35.54634,-6.64621],[-35.54137,-6.63364],[-35.52878,-6.62242],[-35.5264,-6.61173],[-35.52022,-6.61161],[-35.51747,-6.59957],[-35.50905,-6.58866],[-35.51403,-6.58042],[-35.51443,-6.57411],[-35.51647,-6.57296],[-35.51975,-6.57534],[-35.52502,-6.57032],[-35.52803,-6.55259],[-35.53604,-6.55273],[-35.54336,-6.54536],[-35.55179,-6.54819],[-35.56028,-6.54679],[-35.56743,-6.55268],[-35.57883,-6.55088],[-35.58945,-6.5577],[-35.59333,-6.54835],[-35.60292,-6.55485],[-35.61615,-6.55895],[-35.61082,-6.55303],[-35.59066,-6.5367],[-35.5551,-6.51368],[-35.51885,-6.47784],[-35.5014,-6.4778],[-35.4958,-6.4833],[-35.4891,-6.4809],[-35.4832,-6.4864],[-35.4642,-6.4827],[-35.4555,-6.4785],[-35.4516,-6.485],[-35.4348,-6.4889],[-35.4168,-6.4878],[-35.4078,-6.4896],[-35.3948,-6.494],[-35.38061,-6.50243],[-35.40455,-6.53018],[-35.42126,-6.5458],[-35.45599,-6.5683],[-35.47277,-6.58207],[-35.51925,-6.64635],[-35.5264,-6.6452],[-35.51952,-6.64668]],[[-35.55779,-6.54588],[-35.5678,-6.5486],[-35.55779,-6.54588],[-35.55779,-6.54588]]]}},{"type":"Feature","properties":{"SIGLA":"PP2sp3","NOME":"Unidade Serrinha - Pedro Velho, Unidade 3","LITOTIPOS":"Metagranito, Migmatito","AMBIENTE_TECTONICO":null,"ERA_MIN":"Paleoproterozóico","ERA_MAX":"Paleoproterozóico","IDADE_MIN":2050.1,"IDADE_MAX":2300.0,"LEGENDA":"Hornblenda ortognaisses monzogranítico, ortognaisses bandado, biotita ortognaisses homogêneo de textura média a grossa, migmatitos, mobilizados de quartzo e feições de augen. Intercalações de anfibolito e frequentes bolsões de quartzo. U-Pb em zircão: 2082 ± 36 Ma.","area_km2":55.65},"geometry":{"type":"Polygon","coordinates":[[[-35.64146,-6.45308],[-35.66765,-6.47558],[-35.69476,-6.49012],[-35.7012,-6.4977],[-35.70318,-6.50566],[-35.69735,-6.50718],[-35.67184,-6.49439],[-35.64976,-6.49408],[-35.63466,-6.48031],[-35.61505,-6.47673],[-35.62934,-6.50246],[-35.63588,-6.50273],[-35.64436,-6.49839],[-35.64883,-6.50501],[-35.65645,-6.50663],[-35.65889,-6.51299],[-35.64919,-6.51613],[-35.6623,-6.5246],[-35.6815,-6.54231],[-35.69603,-6.5504],[-35.68427,-6.53158],[-35.68558,-6.52904],[-35.71445,-6.53926],[-35.72499,-6.53751],[-35.71565,-6.52695],[-35.70358,-6.52513],[-35.70207,-6.521],[-35.70583,-6.51758],[-35.71273,-6.5225],[-35.71878,-6.52132],[-35.72145,-6.52695],[-35.73101,-6.53222],[-35.72805,-6.51957],[-35.74986,-6.52324],[-35.75342,-6.51227],[-35.71044,-6.4925],[-35.68964,-6.46559],[-35.67764,-6.45983],[-35.66548,-6.45722],[-35.65945,-6.44798],[-35.64146,-6.45308]]]}},{"type":"Feature","properties":{"SIGLA":"NP3_gamma_2ct5","NOME":"Corpo Plúton Sem Denominação","LITOTIPOS":"Monzogranito, Sienogranito","AMBIENTE_TECTONICO":null,"ERA_MIN":"Neoproterozóico","ERA_MAX":"Neoproterozóico","IDADE_MIN":541.1,"IDADE_MAX":635.0,"LEGENDA":"Granito, quartzo-sienito, sienito, podendo conter biotita-aegirina-augita e anfibólio; peralcalinos","area_km2":2.15},"geometry":{"type":"Polygon","coordinates":[[[-36.09185,-6.94387],[-36.08202,-6.92501],[-36.07554,-6.92239],[-36.06949,-6.92436],[-36.07607,-6.93425],[-36.09185,-6.94387]]]}},{"type":"Feature","properties":{"SIGLA":"ENsm","NOME":"Formação Serra dos Martins","LITOTIPOS":"Arenito, Arenito conglomerático, Arenito síltico-argiloso, Laterita","AMBIENTE_TECTONICO":null,"ERA_MIN":"Cenozóico","ERA_MAX":"Cenozóico","IDADE_MIN":2.59,"IDADE_MAX":66.0,"LEGENDA":"Arenitos finos a médios  conglomeráticos com níveis pelíticos, argilito avermelhado e caulim.","area_km2":5.64},"geometry":{"type":"Polygon","coordinates":[[[-35.67716,-6.91777],[-35.67995,-6.925],[-35.67769,-6.9333],[-35.68547,-6.92578],[-35.69229,-6.92726],[-35.6967,-6.92374],[-35.69852,-6.92692],[-35.70562,-6.92779],[-35.70539,-6.9316],[-35.69852,-6.93115],[-35.69659,-6.93393],[-35.69218,-6.93253],[-35.69131,-6.93584],[-35.69875,-6.9359],[-35.70112,-6.94037],[-35.70421,-6.93524],[-35.71205,-6.9415],[-35.71822,-6.93704],[-35.71867,-6.92909],[-35.72386,-6.92499],[-35.71822,-6.92405],[-35.7163,-6.91896],[-35.71397,-6.92694],[-35.71024,-6.92274],[-35.70277,-6.92466],[-35.69818,-6.92014],[-35.68919,-6.9207],[-35.67954,-6.91622],[-35.67716,-6.91777]]]}},{"type":"Feature","properties":{"SIGLA":"NP3_gamma_2ct5","NOME":"Corpo Plúton Sem Denominação","LITOTIPOS":"Monzogranito, Sienogranito","AMBIENTE_TECTONICO":null,"ERA_MIN":"Neoproterozóico","ERA_MAX":"Neoproterozóico","IDADE_MIN":541.1,"IDADE_MAX":635.0,"LEGENDA":"Granito, quartzo-sienito, sienito, podendo conter biotita-aegirina-augita e anfibólio; peralcalinos","area_km2":6.82},"geometry":{"type":"Polygon","coordinates":[[[-36.0,-6.91739],[-35.97597,-6.90717],[-35.96166,-6.90532],[-35.94288,-6.89583],[-35.94173,-6.89824],[-36.0,-6.93431],[-36.0,-6.91739]]]}},{"type":"Feature","properties":{"SIGLA":"PP2_gamma_v","NOME":"Suíte Várzea Alegre","LITOTIPOS":"Ortognaisse","AMBIENTE_TECTONICO":null,"ERA_MIN":"Paleoproterozóico","ERA_MAX":"Paleoproterozóico","IDADE_MIN":2050.1,"IDADE_MAX":2300.0,"LEGENDA":"Ortognaisses porfiríticos, de composições granodiorítica a tonalítica, com níveis máficos, geralmente centimétricos, às vezes migmatizados, e normalmente milonitizados.","area_km2":41.57},"geometry":{"type":"Polygon","coordinates":[[[-35.65332,-6.86358],[-35.71238,-6.88693],[-35.75321,-6.90994],[-35.74892,-6.90129],[-35.73183,-6.89051],[-35.73256,-6.88877],[-35.74136,-6.88933],[-35.74234,-6.88722],[-35.73838,-6.88112],[-35.71862,-6.86857],[-35.68874,-6.83987],[-35.64376,-6.82408],[-35.63538,-6.8232],[-35.6271,-6.82594],[-35.6266,-6.83323],[-35.62994,-6.84046],[-35.64338,-6.85685],[-35.65332,-6.86358]]]}},{"type":"Feature","properties":{"SIGLA":"PP2sp2","NOME":"Unidade Serrinha - Pedro Velho, Unidade 2","LITOTIPOS":"Augen gnaisse, Migmatito, Ortognaisse granodiorítico","AMBIENTE_TECTONICO":null,"ERA_MIN":"Paleoproterozóico","ERA_MAX":"Paleoproterozóico","IDADE_MIN":2050.1,"IDADE_MAX":2300.0,"LEGENDA":"Biotita-hornblenda migmatito tonalítico com neossoma tonalítico a granodiorítico e leucossoma granítico com intercalações de anfibolito. Raros augengnaisses. (2.187 Ma U-Pb).","area_km2":259.49},"geometry":{"type":"Polygon","coordinates":[[[-35.81434,-6.8624],[-35.78217,-6.85283],[-35.76638,-6.84275],[-35.74772,-6.81497],[-35.73364,-6.78086],[-35.71904,-6.75666],[-35.6968,-6.73616],[-35.65825,-6.71109],[-35.65158,-6.71519],[-35.66156,-6.71949],[-35.66245,-6.71714],[-35.66452,-6.71774],[-35.67002,-6.72645],[-35.68434,-6.73684],[-35.69987,-6.75391],[-35.7065,-6.75404],[-35.70847,-6.75695],[-35.70305,-6.7609],[-35.72922,-6.79102],[-35.73985,-6.82385],[-35.75541,-6.84113],[-35.78292,-6.85893],[-35.80639,-6.86701],[-35.80386,-6.86831],[-35.76748,-6.86158],[-35.71639,-6.83475],[-35.70539,-6.82597],[-35.68082,-6.81623],[-35.66442,-6.80457],[-35.61513,-6.79695],[-35.58674,-6.77988],[-35.5771,-6.77766],[-35.57522,-6.78298],[-35.58145,-6.79523],[-35.61619,-6.83832],[-35.6086,-6.83694],[-35.59128,-6.81947],[-35.56509,-6.80809],[-35.53477,-6.78836],[-35.52352,-6.75926],[-35.53857,-6.74435],[-35.54912,-6.74731],[-35.54933,-6.73989],[-35.54298,-6.73316],[-35.52737,-6.72134],[-35.53241,-6.73473],[-35.52823,-6.74311],[-35.49423,-6.73497],[-35.49893,-6.7453],[-35.49466,-6.75968],[-35.48808,-6.76951],[-35.49464,-6.78663],[-35.52566,-6.80696],[-35.64719,-6.86053],[-35.62994,-6.84046],[-35.6266,-6.83323],[-35.6271,-6.82594],[-35.63968,-6.82323],[-35.68439,-6.83732],[-35.71862,-6.86857],[-35.73838,-6.88112],[-35.74206,-6.88829],[-35.74018,-6.89008],[-35.73256,-6.88877],[-35.73264,-6.89168],[-35.74892,-6.90129],[-35.75321,-6.90994],[-35.78275,-6.92678],[-35.75657,-6.90368],[-35.75622,-6.89884],[-35.77225,-6.89619],[-35.79701,-6.89644],[-35.81082,-6.90254],[-35.83383,-6.90277],[-35.86406,-6.91203],[-35.88601,-6.92899],[-35.89862,-6.95008],[-35.9087,-6.95772],[-35.91674,-6.96766],[-35.93313,-6.97416],[-35.94765,-6.98562],[-35.95122,-6.98612],[-35.93593,-6.96783],[-35.93089,-6.95727],[-35.91871,-6.94789],[-35.91333,-6.93632],[-35.90504,-6.92911],[-35.90059,-6.91949],[-35.8871,-6.91078],[-35.88618,-6.90551],[-35.93569,-6.92846],[-35.96756,-6.94619],[-35.97554,-6.95286],[-36.0,-6.98294],[-36.0,-6.93947],[-35.95397,-6.91594],[-35.90749,-6.8887],[-35.85716,-6.85388],[-35.84375,-6.85637],[-35.83385,-6.86616],[-35.81447,-6.86244],[-35.80839,-6.86429],[-35.81434,-6.8624]]]}},{"type":"Feature","properties":{"SIGLA":"NP3_gamma_2ct5","NOME":"Corpo Plúton Sem Denominação","LITOTIPOS":"Monzogranito, Sienogranito","AMBIENTE_TECTONICO":null,"ERA_MIN":"Neoproterozóico","ERA_MAX":"Neoproterozóico","IDADE_MIN":541.1,"IDADE_MAX":635.0,"LEGENDA":"Granito, quartzo-sienito, sienito, podendo conter biotita-aegirina-augita e anfibólio; peralcalinos","area_km2":13.36},"geometry":{"type":"Polygon","coordinates":[[[-35.90564,-6.80143],[-35.88817,-6.82025],[-35.8845,-6.83199],[-35.88897,-6.84996],[-35.88298,-6.84242],[-35.87503,-6.83761],[-35.87236,-6.82706],[-35.86939,-6.82877],[-35.86939,-6.83555],[-35.87992,-6.84459],[-35.8848,-6.85651],[-35.90544,-6.87074],[-35.91388,-6.8826],[-35.92707,-6.89169],[-35.93488,-6.89429],[-35.93433,-6.89093],[-35.91411,-6.87842],[-35.90778,-6.86474],[-35.89361,-6.85114],[-35.89361,-6.83917],[-35.89751,-6.82539],[-35.90079,-6.82138],[-35.90826,-6.82663],[-35.90987,-6.8364],[-35.91658,-6.84058],[-35.91596,-6.83284],[-35.90373,-6.81121],[-35.90582,-6.80788],[-35.90872,-6.80872],[-35.91161,-6.81614],[-35.91432,-6.81703],[-35.9121,-6.8024],[-35.90564,-6.80143]]]}},{"type":"Feature","properties":{"SIGLA":"NP3ss","NOME":"Formação Seridó","LITOTIPOS":"Biotita-quartzo xisto, Clorita xisto, Filito, Granada-biotita xisto, Mármore, Metavulcânica básica, Quartzito, Xisto aluminoso","AMBIENTE_TECTONICO":null,"ERA_MIN":"Neoproterozóico","ERA_MAX":"Neoproterozóico","IDADE_MIN":541.1,"IDADE_MAX":635.0,"LEGENDA":"Biotita xisto, podendo conter granada e/ou cordierita, estaurolita, sillimanita, andaluzita e cianita, localmente com intercalações de mármore, rochas calcissilicáticas, quartzito, metarritimito, clorita-sericita xisto e metavulcânicas máficas. Idade: 628 Ma U-Pb.","area_km2":21.92},"geometry":{"type":"Polygon","coordinates":[[[-35.6859,-6.7609],[-35.70369,-6.77954],[-35.7227,-6.81387],[-35.73718,-6.83011],[-35.73625,-6.83865],[-35.72368,-6.83771],[-35.77198,-6.86322],[-35.80386,-6.86831],[-35.80639,-6.86701],[-35.78292,-6.85893],[-35.75734,-6.843],[-35.73985,-6.82385],[-35.72922,-6.79102],[-35.70305,-6.7609],[-35.68741,-6.75897],[-35.6859,-6.7609]]]}},{"type":"Feature","properties":{"SIGLA":"NP3ss","NOME":"Formação Seridó","LITOTIPOS":"Biotita-quartzo xisto, Clorita xisto, Filito, Granada-biotita xisto, Mármore, Metavulcânica básica, Quartzito, Xisto aluminoso","AMBIENTE_TECTONICO":null,"ERA_MIN":"Neoproterozóico","ERA_MAX":"Neoproterozóico","IDADE_MIN":541.1,"IDADE_MAX":635.0,"LEGENDA":"Biotita xisto, podendo conter granada e/ou cordierita, estaurolita, sillimanita, andaluzita e cianita, localmente com intercalações de mármore, rochas calcissilicáticas, quartzito, metarritimito, clorita-sericita xisto e metavulcânicas máficas. Idade: 628 Ma U-Pb.","area_km2":382.51},"geometry":{"type":"Polygon","coordinates":[[[-35.68301,-6.65976],[-35.66422,-6.64501],[-35.66596,-6.65594],[-35.66196,-6.66871],[-35.66894,-6.67191],[-35.6756,-6.6699],[-35.67725,-6.67139],[-35.66698,-6.67815],[-35.6619,-6.68975],[-35.64999,-6.68635],[-35.64505,-6.68848],[-35.64453,-6.69338],[-35.64882,-6.70304],[-35.65027,-6.70477],[-35.65393,-6.70308],[-35.6588,-6.70821],[-35.65825,-6.71109],[-35.6968,-6.73616],[-35.71904,-6.75666],[-35.73364,-6.78086],[-35.74772,-6.81497],[-35.76638,-6.84275],[-35.78217,-6.85283],[-35.81434,-6.8624],[-35.8281,-6.8583],[-35.81447,-6.86244],[-35.83051,-6.86628],[-35.83527,-6.86515],[-35.84375,-6.85637],[-35.85716,-6.85388],[-35.90749,-6.8887],[-35.95397,-6.91594],[-36.0,-6.93947],[-36.0,-6.93431],[-35.94173,-6.89824],[-35.94288,-6.89583],[-35.96166,-6.90532],[-35.97597,-6.90717],[-36.0,-6.91739],[-36.0,-6.88079],[-35.98981,-6.87168],[-35.97701,-6.84511],[-35.97439,-6.82404],[-35.96489,-6.80109],[-35.96047,-6.78217],[-35.96071,-6.77547],[-35.96936,-6.78014],[-35.97219,-6.77567],[-35.96777,-6.75979],[-35.97189,-6.75144],[-35.96612,-6.73664],[-35.94654,-6.71896],[-35.93862,-6.70541],[-35.93601,-6.68835],[-35.93901,-6.66453],[-35.93759,-6.65787],[-35.93121,-6.6601],[-35.9277,-6.65502],[-35.92359,-6.66452],[-35.9135,-6.67248],[-35.90195,-6.66858],[-35.89856,-6.68925],[-35.90265,-6.70256],[-35.89953,-6.71574],[-35.90231,-6.73274],[-35.90021,-6.73664],[-35.8969,-6.73215],[-35.89467,-6.73681],[-35.89931,-6.76489],[-35.89505,-6.78112],[-35.89185,-6.78405],[-35.88811,-6.77986],[-35.88794,-6.77037],[-35.87907,-6.76378],[-35.87826,-6.75488],[-35.87261,-6.7498],[-35.86927,-6.74184],[-35.86581,-6.7402],[-35.86536,-6.75053],[-35.87079,-6.76489],[-35.86836,-6.7713],[-35.8699,-6.78004],[-35.86448,-6.79105],[-35.86603,-6.79964],[-35.86257,-6.81027],[-35.86282,-6.82188],[-35.85705,-6.82787],[-35.83941,-6.83401],[-35.83102,-6.83459],[-35.81971,-6.82801],[-35.80496,-6.82495],[-35.77535,-6.7877],[-35.78677,-6.79233],[-35.8033,-6.79138],[-35.80465,-6.788],[-35.80166,-6.78129],[-35.80216,-6.7716],[-35.78841,-6.75883],[-35.76848,-6.74702],[-35.73825,-6.71777],[-35.73274,-6.71616],[-35.72324,-6.70768],[-35.71006,-6.69146],[-35.6922,-6.6779],[-35.68332,-6.66033],[-35.6759,-6.6635],[-35.68301,-6.65976]],[[-35.88817,-6.82025],[-35.90564,-6.80143],[-35.9121,-6.8024],[-35.91432,-6.81703],[-35.91161,-6.81614],[-35.90872,-6.80872],[-35.90582,-6.80788],[-35.90373,-6.81121],[-35.91596,-6.83284],[-35.91658,-6.84058],[-35.90987,-6.8364],[-35.90826,-6.82663],[-35.90079,-6.82138],[-35.89751,-6.82539],[-35.89361,-6.83917],[-35.89361,-6.85114],[-35.90778,-6.86474],[-35.91411,-6.87842],[-35.93433,-6.89093],[-35.93488,-6.89429],[-35.92707,-6.89169],[-35.91388,-6.8826],[-35.90544,-6.87074],[-35.8848,-6.85651],[-35.87992,-6.84459],[-35.86939,-6.83555],[-35.86939,-6.82877],[-35.87236,-6.82706],[-35.87503,-6.83761],[-35.88298,-6.84242],[-35.88897,-6.84996],[-35.8845,-6.83199],[-35.88817,-6.82025]],[[-35.9241,-6.721],[-35.9092,-6.7162],[-35.9312,-6.7229],[-35.9241,-6.721]],[[-35.9137,-6.7945],[-35.8877,-6.7953],[-35.8979,-6.794],[-35.9137,-6.7945]]]}},{"type":"Feature","properties":{"SIGLA":"NP3_delta_2","NOME":"Suíte Máfica a intermediária","LITOTIPOS":"Diorito, Gabro, Gabronorito, Granodiorito, Monzodiorito, Quartzo diorito, Tonalito","AMBIENTE_TECTONICO":null,"ERA_MIN":"Neoproterozóico","ERA_MAX":"Neoproterozóico","IDADE_MIN":541.1,"IDADE_MAX":635.0,"LEGENDA":"Gabro, gabro norito, diorito, monzo e quartzo diorito, quartzo monzonito e granodiorito, finos a médios, de afinidade subalcalina, cálcio-alcalino e shoshonítica. Localmente com enclaves de ortognaisse migmatíticos da unidade Mombaça.  . Idade U-Pb = 619 ± 92Ma.","area_km2":2.72},"geometry":{"type":"Polygon","coordinates":[[[-35.86305,-6.78843],[-35.85467,-6.78367],[-35.852,-6.77325],[-35.84633,-6.78582],[-35.86179,-6.80369],[-35.8648,-6.79515],[-35.86305,-6.78843]]]}},{"type":"Feature","properties":{"SIGLA":"NP3_gamma_3acxc","NOME":"Corpo Plúton Caxexa","LITOTIPOS":"Álcali-feldspato granito, Monzogranito, Sienogranito","AMBIENTE_TECTONICO":null,"ERA_MIN":"Neoproterozóico","ERA_MAX":"Neoproterozóico","IDADE_MIN":541.1,"IDADE_MAX":635.0,"LEGENDA":"Magmatismo do Brasiliano","area_km2":70.46},"geometry":{"type":"Polygon","coordinates":[[[-35.85212,-6.77619],[-35.85467,-6.78367],[-35.86135,-6.78675],[-35.86448,-6.79105],[-35.8699,-6.78004],[-35.86836,-6.7713],[-35.87079,-6.76489],[-35.86536,-6.75053],[-35.86508,-6.74161],[-35.86689,-6.73997],[-35.87826,-6.75488],[-35.87907,-6.76378],[-35.88794,-6.77037],[-35.88703,-6.77784],[-35.88981,-6.78218],[-35.89292,-6.78393],[-35.89592,-6.77924],[-35.89931,-6.76489],[-35.89467,-6.73681],[-35.8969,-6.73215],[-35.90021,-6.73664],[-35.90231,-6.73274],[-35.89953,-6.71574],[-35.90265,-6.70256],[-35.89856,-6.68925],[-35.90195,-6.66858],[-35.90473,-6.66802],[-35.91122,-6.67307],[-35.92163,-6.66688],[-35.92684,-6.65802],[-35.93156,-6.63911],[-35.92661,-6.62142],[-35.91292,-6.60995],[-35.89214,-6.61478],[-35.88906,-6.6195],[-35.87644,-6.62825],[-35.87201,-6.63596],[-35.86826,-6.65339],[-35.87,-6.67317],[-35.8922,-6.71205],[-35.8921,-6.71675],[-35.88567,-6.72595],[-35.88868,-6.73231],[-35.88621,-6.74252],[-35.89303,-6.75579],[-35.89286,-6.76121],[-35.89072,-6.76228],[-35.88596,-6.75195],[-35.87814,-6.74807],[-35.87419,-6.73558],[-35.86538,-6.73118],[-35.85585,-6.71784],[-35.85512,-6.738],[-35.85291,-6.73856],[-35.84793,-6.73308],[-35.84471,-6.73477],[-35.84719,-6.74505],[-35.84463,-6.75113],[-35.84705,-6.75272],[-35.85144,-6.7485],[-35.85375,-6.7505],[-35.85212,-6.77619]]]}},{"type":"Feature","properties":{"SIGLA":"NP3_gamma_i","NOME":"Corpo Granitoides indiscriminados brasilianos","LITOTIPOS":"Biotita granito, Granito pórfiro, Granitoide, Granodiorito, Metagranito, Monzogranito, Quartzo diorito, Quartzo monzonito, Sienogranito, Tonalito","AMBIENTE_TECTONICO":null,"ERA_MIN":"Neoproterozóico","ERA_MAX":"Neoproterozóico","IDADE_MIN":541.1,"IDADE_MAX":635.0,"LEGENDA":"Granitoides de composição petrográfica diversa e quimismo não determinado. Granitoides cinzentos, geralmente de granulometria média a grossa (fácies porfirítica subordinada), de composição granítica dominante, em parte com enclaves dioríticos, em jazimentos individualizados ou intrusivos, de foliação incipiente, alguns gnaissificados e fortemente milonitizados. Monzogranito, granodiorito, tonalito e sienogranito cinza claro a róseo, com granulação fina, foliação definida pela orientação preferencial da biotita; possuem xenólitos; Sienito isotrópico fino a médio, inequigranular e porfirítico.; Hornblenda -biotita diorito e monzodiorito inequigranular fino, foliado, de coloração cinza escura, com enclaves microgranulares e clots de biotita; Biotita metaquartzo sienito a granito peraluminoso, metagranito com biotita metaluminoso e hiperstênio-hornblenda metatonalito. Localmente, exibem foliação magmática; Também ocorrem quartzo diorito, granodiorito, tonalito e quartzo monzonito fortemente milonitizados. Também ocorrem quartzo diorito, granodiorito, tonalito e quartzo monzonito.","area_km2":69.8},"geometry":{"type":"Polygon","coordinates":[[[-36.57039,-6.97188],[-36.569,-6.96408],[-36.57335,-6.96155],[-36.57695,-6.96515],[-36.57507,-6.9452],[-36.5674,-6.92859],[-36.55232,-6.91221],[-36.52589,-6.8908],[-36.50907,-6.88623],[-36.49946,-6.88959],[-36.4939,-6.89711],[-36.49383,-6.90702],[-36.50633,-6.93511],[-36.50512,-6.93672],[-36.49609,-6.92338],[-36.49225,-6.91254],[-36.49163,-6.89897],[-36.49541,-6.89002],[-36.48979,-6.89177],[-36.4866,-6.90146],[-36.48851,-6.91482],[-36.49621,-6.93226],[-36.51101,-6.95408],[-36.54352,-6.98319],[-36.571,-6.99717],[-36.58594,-7.00022],[-36.58679,-6.99577],[-36.58135,-6.98422],[-36.57039,-6.97188]]]}},{"type":"Feature","properties":{"SIGLA":"NP3_gamma_2it45","NOME":"Corpo Plúton Sem Denominação","LITOTIPOS":"Diorito, Granito, Granodiorito, Monzonito","AMBIENTE_TECTONICO":null,"ERA_MIN":"Neoproterozóico","ERA_MAX":"Neoproterozóico","IDADE_MIN":541.1,"IDADE_MAX":635.0,"LEGENDA":"Granito, granodiorito, monzogranito e sienogranito equigranulares médios a grossos a inequigranulares porfiríticos, com fenocristais subédricos a euédricos de K-feldspato (1cm a 7cm) e de plagioclásio (0,5cm a 1cm). Associados a diorito e a fases intermediárias de mistura, com ou sem epidoto magmático. Suíte metaluminosa a levemente peraluminosa, calcialcalina de alto K e levemente shorshonítica. 580 Ma U-Pb.","area_km2":34.0},"geometry":{"type":"Polygon","coordinates":[[[-36.35879,-6.84135],[-36.35867,-6.85504],[-36.3525,-6.85974],[-36.34689,-6.85922],[-36.32985,-6.84854],[-36.32635,-6.84884],[-36.32597,-6.85518],[-36.35141,-6.90951],[-36.36173,-6.91367],[-36.37322,-6.90396],[-36.38211,-6.8915],[-36.38487,-6.87369],[-36.38439,-6.85605],[-36.38812,-6.84506],[-36.38612,-6.8412],[-36.37137,-6.84047],[-36.36174,-6.83665],[-36.35879,-6.84135]]]}},{"type":"Feature","properties":{"SIGLA":"Ec","NOME":"Formação Campos Novos","LITOTIPOS":"Arenito, Argilito","AMBIENTE_TECTONICO":null,"ERA_MIN":"Cenozóico","ERA_MAX":"Cenozóico","IDADE_MIN":23.04,"IDADE_MAX":66.0,"LEGENDA":"Argilito, arenito e basalto.","area_km2":71.62},"geometry":{"type":"Polygon","coordinates":[[[-36.20625,-6.79923],[-36.21104,-6.79852],[-36.20769,-6.80917],[-36.20325,-6.81033],[-36.19751,-6.80264],[-36.19003,-6.80476],[-36.18817,-6.8099],[-36.19141,-6.81385],[-36.20255,-6.81804],[-36.19901,-6.824],[-36.2022,-6.82835],[-36.20528,-6.82982],[-36.21009,-6.82468],[-36.21317,-6.8261],[-36.21819,-6.83737],[-36.21601,-6.84392],[-36.22697,-6.83872],[-36.22999,-6.84285],[-36.23498,-6.84366],[-36.2367,-6.84786],[-36.22669,-6.86102],[-36.22659,-6.8677],[-36.22369,-6.86957],[-36.22364,-6.86425],[-36.21862,-6.86475],[-36.21971,-6.85947],[-36.21536,-6.85412],[-36.2081,-6.8524],[-36.20122,-6.8475],[-36.20288,-6.8568],[-36.2012,-6.8574],[-36.1856,-6.83428],[-36.18023,-6.83399],[-36.17519,-6.8385],[-36.17527,-6.84603],[-36.18377,-6.8505],[-36.19498,-6.86935],[-36.19247,-6.87019],[-36.18571,-6.86268],[-36.17653,-6.861],[-36.17301,-6.86237],[-36.17476,-6.86878],[-36.17952,-6.87226],[-36.18083,-6.86991],[-36.18428,-6.87013],[-36.20193,-6.88307],[-36.20701,-6.87992],[-36.21334,-6.88234],[-36.22046,-6.88044],[-36.22335,-6.88622],[-36.21928,-6.89195],[-36.22049,-6.89895],[-36.21698,-6.90354],[-36.21907,-6.90707],[-36.23354,-6.90457],[-36.23475,-6.90036],[-36.22701,-6.89706],[-36.22962,-6.88915],[-36.23839,-6.89009],[-36.24483,-6.88715],[-36.24914,-6.89096],[-36.25587,-6.88823],[-36.26297,-6.89312],[-36.26686,-6.89305],[-36.27167,-6.87897],[-36.26099,-6.87047],[-36.272,-6.87025],[-36.26541,-6.86291],[-36.27144,-6.85657],[-36.26133,-6.85337],[-36.25137,-6.83563],[-36.24826,-6.82432],[-36.25053,-6.81647],[-36.25897,-6.81454],[-36.26132,-6.81104],[-36.25063,-6.81007],[-36.24612,-6.80744],[-36.24631,-6.80563],[-36.25229,-6.80551],[-36.25217,-6.79963],[-36.25845,-6.79729],[-36.25938,-6.78991],[-36.26524,-6.78658],[-36.2521,-6.78475],[-36.24271,-6.78946],[-36.23535,-6.78859],[-36.23338,-6.79757],[-36.22796,-6.80028],[-36.22227,-6.79852],[-36.21018,-6.78001],[-36.20315,-6.78151],[-36.20038,-6.78345],[-36.20011,-6.79154],[-36.20166,-6.79645],[-36.20625,-6.79923]]]}},{"type":"Feature","properties":{"SIGLA":"NP3_gamma_i","NOME":"Corpo Granitoides indiscriminados brasilianos","LITOTIPOS":"Biotita granito, Granito pórfiro, Granitoide, Granodiorito, Metagranito, Monzogranito, Quartzo diorito, Quartzo monzonito, Sienogranito, Tonalito","AMBIENTE_TECTONICO":null,"ERA_MIN":"Neoproterozóico","ERA_MAX":"Neoproterozóico","IDADE_MIN":541.1,"IDADE_MAX":635.0,"LEGENDA":"Granitoides de composição petrográfica diversa e quimismo não determinado. Granitoides cinzentos, geralmente de granulometria média a grossa (fácies porfirítica subordinada), de composição granítica dominante, em parte com enclaves dioríticos, em jazimentos individualizados ou intrusivos, de foliação incipiente, alguns gnaissificados e fortemente milonitizados. Monzogranito, granodiorito, tonalito e sienogranito cinza claro a róseo, com granulação fina, foliação definida pela orientação preferencial da biotita; possuem xenólitos; Sienito isotrópico fino a médio, inequigranular e porfirítico.; Hornblenda -biotita diorito e monzodiorito inequigranular fino, foliado, de coloração cinza escura, com enclaves microgranulares e clots de biotita; Biotita metaquartzo sienito a granito peraluminoso, metagranito com biotita metaluminoso e hiperstênio-hornblenda metatonalito. Localmente, exibem foliação magmática; Também ocorrem quartzo diorito, granodiorito, tonalito e quartzo monzonito fortemente milonitizados. Também ocorrem quartzo diorito, granodiorito, tonalito e quartzo monzonito.","area_km2":13.41},"geometry":{"type":"Polygon","coordinates":[[[-36.41971,-6.85135],[-36.40571,-6.81068],[-36.39059,-6.79681],[-36.38629,-6.79668],[-36.37381,-6.80756],[-36.36,-6.8148],[-36.36071,-6.81808],[-36.37874,-6.82778],[-36.39521,-6.82393],[-36.40045,-6.82581],[-36.40786,-6.8385],[-36.41971,-6.85135]]]}},{"type":"Feature","properties":{"SIGLA":"PP2sp3","NOME":"Unidade Serrinha - Pedro Velho, Unidade 3","LITOTIPOS":"Metagranito, Migmatito","AMBIENTE_TECTONICO":null,"ERA_MIN":"Paleoproterozóico","ERA_MAX":"Paleoproterozóico","IDADE_MIN":2050.1,"IDADE_MAX":2300.0,"LEGENDA":"Hornblenda ortognaisses monzogranítico, ortognaisses bandado, biotita ortognaisses homogêneo de textura média a grossa, migmatitos, mobilizados de quartzo e feições de augen. Intercalações de anfibolito e frequentes bolsões de quartzo. U-Pb em zircão: 2082 ± 36 Ma.","area_km2":530.85},"geometry":{"type":"Polygon","coordinates":[[[-36.00032,-6.88091],[-36.00894,-6.88621],[-36.04077,-6.89775],[-36.04338,-6.89672],[-36.04123,-6.87876],[-36.04843,-6.87729],[-36.08066,-6.89217],[-36.1011,-6.90481],[-36.12863,-6.90101],[-36.15001,-6.90865],[-36.1625,-6.91953],[-36.16639,-6.9264],[-36.16756,-6.93555],[-36.16126,-6.93831],[-36.15569,-6.93394],[-36.14646,-6.93761],[-36.13839,-6.93485],[-36.12569,-6.94121],[-36.12432,-6.94546],[-36.14566,-6.9573],[-36.15939,-6.98083],[-36.1695,-6.98901],[-36.23684,-7.03088],[-36.27543,-7.03919],[-36.34972,-7.04449],[-36.48803,-7.05925],[-36.36374,-7.01179],[-36.26656,-6.97157],[-36.24892,-6.96264],[-36.20982,-6.92678],[-36.1861,-6.89936],[-36.13217,-6.81483],[-36.09351,-6.76433],[-36.07469,-6.73502],[-36.0558,-6.70042],[-36.02196,-6.62183],[-36.01861,-6.61832],[-36.00922,-6.61641],[-36.0045,-6.61937],[-36.00032,-6.61565],[-36.00174,-6.61147],[-36.01095,-6.61368],[-36.01977,-6.61171],[-36.0,-6.57699],[-36.00032,-6.88091]]]}},{"type":"Feature","properties":{"SIGLA":"NP3_gamma_2di5","NOME":"Corpo Plúton sem denominação","LITOTIPOS":"Biotita granito, Granito, Leucogranito","AMBIENTE_TECTONICO":null,"ERA_MIN":"Neoproterozóico","ERA_MAX":"Neoproterozóico","IDADE_MIN":541.1,"IDADE_MAX":635.0,"LEGENDA":"Biotita e/ou hornblenda granito e leucogranito com fácies com muscovita e/ou granada, feições migmátíticas, metaluminoso e peraluminoso","area_km2":5.17},"geometry":{"type":"Polygon","coordinates":[[[-36.43978,-6.80373],[-36.43639,-6.80342],[-36.43465,-6.80642],[-36.43766,-6.82778],[-36.44943,-6.82255],[-36.45783,-6.814],[-36.45343,-6.80414],[-36.44528,-6.79876],[-36.43978,-6.80373]]]}},{"type":"Feature","properties":{"SIGLA":"NP3_gamma_2di5","NOME":"Corpo Plúton sem denominação","LITOTIPOS":"Biotita granito, Granito, Leucogranito","AMBIENTE_TECTONICO":null,"ERA_MIN":"Neoproterozóico","ERA_MAX":"Neoproterozóico","IDADE_MIN":541.1,"IDADE_MAX":635.0,"LEGENDA":"Biotita e/ou hornblenda granito e leucogranito com fácies com muscovita e/ou granada, feições migmátíticas, metaluminoso e peraluminoso","area_km2":15.3},"geometry":{"type":"Polygon","coordinates":[[[-36.41963,-6.74196],[-36.41639,-6.74667],[-36.41827,-6.75605],[-36.41216,-6.7825],[-36.42255,-6.79349],[-36.4272,-6.79171],[-36.43068,-6.78519],[-36.43555,-6.78266],[-36.43707,-6.7757],[-36.44139,-6.77176],[-36.44356,-6.7605],[-36.4362,-6.75829],[-36.43962,-6.75572],[-36.43765,-6.74889],[-36.44304,-6.74484],[-36.4378,-6.73939],[-36.43352,-6.74083],[-36.4309,-6.73848],[-36.42472,-6.72247],[-36.42216,-6.72611],[-36.41963,-6.74196]]]}},{"type":"Feature","properties":{"SIGLA":"PP2sp2","NOME":"Unidade Serrinha - Pedro Velho, Unidade 2","LITOTIPOS":"Augen gnaisse, Migmatito, Ortognaisse granodiorítico","AMBIENTE_TECTONICO":null,"ERA_MIN":"Paleoproterozóico","ERA_MAX":"Paleoproterozóico","IDADE_MIN":2050.1,"IDADE_MAX":2300.0,"LEGENDA":"Biotita-hornblenda migmatito tonalítico com neossoma tonalítico a granodiorítico e leucossoma granítico com intercalações de anfibolito. Raros augengnaisses. (2.187 Ma U-Pb).","area_km2":1382.39},"geometry":{"type":"Polygon","coordinates":[[[-36.08875,-6.41635],[-36.07898,-6.4522],[-36.06795,-6.47477],[-36.03152,-6.53449],[-36.02047,-6.57221],[-36.01977,-6.61171],[-36.02692,-6.61233],[-36.02397,-6.60297],[-36.02605,-6.60205],[-36.03144,-6.60552],[-36.03066,-6.59942],[-36.03632,-6.5939],[-36.04086,-6.59703],[-36.04832,-6.59789],[-36.05667,-6.60478],[-36.05833,-6.60782],[-36.05073,-6.61047],[-36.05258,-6.61447],[-36.05959,-6.61742],[-36.07056,-6.61215],[-36.07525,-6.61246],[-36.08238,-6.6219],[-36.07923,-6.63149],[-36.08746,-6.63752],[-36.08966,-6.63661],[-36.09163,-6.64338],[-36.10454,-6.64154],[-36.10125,-6.64722],[-36.0934,-6.64709],[-36.09251,-6.64902],[-36.10032,-6.65117],[-36.10922,-6.66134],[-36.1021,-6.66213],[-36.09038,-6.65797],[-36.08653,-6.64844],[-36.0809,-6.65193],[-36.07732,-6.64856],[-36.06591,-6.64785],[-36.06474,-6.65696],[-36.06005,-6.6571],[-36.05763,-6.6496],[-36.05038,-6.64846],[-36.04305,-6.64094],[-36.03551,-6.63726],[-36.03541,-6.62267],[-36.02595,-6.61901],[-36.02196,-6.62183],[-36.05979,-6.70872],[-36.09351,-6.76433],[-36.13217,-6.81483],[-36.1861,-6.89936],[-36.20982,-6.92678],[-36.24892,-6.96264],[-36.26048,-6.96491],[-36.27051,-6.96219],[-36.27666,-6.95186],[-36.27431,-6.94036],[-36.28012,-6.93565],[-36.29789,-6.93219],[-36.3443,-6.93275],[-36.35041,-6.93489],[-36.38005,-6.95433],[-36.42023,-6.99143],[-36.44453,-7.03246],[-36.44573,-7.03908],[-36.44172,-7.04174],[-36.48803,-7.05925],[-36.56553,-7.07638],[-36.69494,-7.08877],[-36.76175,-7.0914],[-36.87761,-7.10398],[-36.91947,-7.10652],[-36.94968,-7.10469],[-36.89972,-7.09833],[-36.70017,-7.06225],[-36.64245,-7.04977],[-36.59539,-7.03404],[-36.56612,-7.01821],[-36.52692,-6.99187],[-36.49382,-6.96125],[-36.47471,-6.93811],[-36.43944,-6.88526],[-36.44014,-6.87958],[-36.40786,-6.8385],[-36.40045,-6.82581],[-36.39521,-6.82393],[-36.37874,-6.82778],[-36.36071,-6.81808],[-36.36071,-6.81348],[-36.37381,-6.80756],[-36.3882,-6.79635],[-36.3931,-6.79835],[-36.40571,-6.81068],[-36.39314,-6.78521],[-36.36174,-6.75195],[-36.35768,-6.74501],[-36.35028,-6.7233],[-36.34901,-6.7059],[-36.34081,-6.68604],[-36.33523,-6.69865],[-36.33453,-6.72259],[-36.32977,-6.74124],[-36.32227,-6.75021],[-36.30975,-6.75357],[-36.30246,-6.75049],[-36.29489,-6.74222],[-36.28486,-6.72353],[-36.24904,-6.70552],[-36.2389,-6.6952],[-36.22977,-6.67937],[-36.22248,-6.68646],[-36.21485,-6.68703],[-36.20069,-6.67882],[-36.18566,-6.66131],[-36.17841,-6.64201],[-36.18354,-6.60876],[-36.16763,-6.57881],[-36.16696,-6.57357],[-36.17515,-6.55887],[-36.18028,-6.56182],[-36.18499,-6.57174],[-36.20116,-6.55864],[-36.21185,-6.52913],[-36.23001,-6.48992],[-36.22352,-6.48857],[-36.21361,-6.49164],[-36.20546,-6.48347],[-36.20504,-6.47763],[-36.20939,-6.47058],[-36.19212,-6.46494],[-36.18693,-6.4729],[-36.17933,-6.47617],[-36.1714,-6.4868],[-36.15407,-6.49342],[-36.14581,-6.5075],[-36.13509,-6.50797],[-36.13203,-6.5063],[-36.13233,-6.50172],[-36.13929,-6.49619],[-36.13061,-6.49172],[-36.12889,-6.48659],[-36.13366,-6.48339],[-36.13161,-6.48115],[-36.13243,-6.47769],[-36.13772,-6.47522],[-36.13565,-6.47032],[-36.14355,-6.46931],[-36.14448,-6.46602],[-36.14947,-6.46868],[-36.1518,-6.45406],[-36.15603,-6.44892],[-36.15391,-6.44498],[-36.15648,-6.4414],[-36.15431,-6.4374],[-36.16025,-6.42825],[-36.1438,-6.4253],[-36.1322,-6.4281],[-36.1285,-6.4252],[-36.1102,-6.4292],[-36.1031,-6.4215],[-36.08875,-6.41635]],[[-36.21018,-6.78001],[-36.22227,-6.79852],[-36.22796,-6.80028],[-36.23338,-6.79757],[-36.23535,-6.78859],[-36.24271,-6.78946],[-36.2521,-6.78475],[-36.26524,-6.78658],[-36.25938,-6.78991],[-36.25845,-6.79729],[-36.25217,-6.79963],[-36.25229,-6.80551],[-36.24631,-6.80563],[-36.24612,-6.80744],[-36.25063,-6.81007],[-36.26132,-6.81104],[-36.25897,-6.81454],[-36.25053,-6.81647],[-36.24826,-6.82432],[-36.25137,-6.83563],[-36.26133,-6.85337],[-36.27144,-6.85657],[-36.26541,-6.86291],[-36.272,-6.87025],[-36.26099,-6.87047],[-36.27167,-6.87897],[-36.26686,-6.89305],[-36.26297,-6.89312],[-36.25587,-6.88823],[-36.24914,-6.89096],[-36.24483,-6.88715],[-36.23839,-6.89009],[-36.22962,-6.88915],[-36.22701,-6.89706],[-36.23325,-6.89864],[-36.23451,-6.9024],[-36.23152,-6.9054],[-36.22274,-6.90705],[-36.21711,-6.90547],[-36.22049,-6.89895],[-36.21928,-6.89195],[-36.22335,-6.88622],[-36.22046,-6.88044],[-36.21334,-6.88234],[-36.20701,-6.87992],[-36.20193,-6.88307],[-36.18428,-6.87013],[-36.17764,-6.87173],[-36.17301,-6.86531],[-36.1741,-6.8611],[-36.1831,-6.86183],[-36.19247,-6.87019],[-36.19498,-6.86935],[-36.18377,-6.8505],[-36.17527,-6.84603],[-36.17621,-6.83662],[-36.18242,-6.83344],[-36.1856,-6.83428],[-36.20028,-6.85685],[-36.20288,-6.8568],[-36.20122,-6.8475],[-36.2081,-6.8524],[-36.21536,-6.85412],[-36.21971,-6.85947],[-36.21862,-6.86475],[-36.22364,-6.86425],[-36.22369,-6.86957],[-36.22659,-6.8677],[-36.22669,-6.86102],[-36.23513,-6.85101],[-36.23625,-6.84493],[-36.22999,-6.84285],[-36.22697,-6.83872],[-36.21601,-6.84392],[-36.21819,-6.83737],[-36.21317,-6.8261],[-36.21009,-6.82468],[-36.20528,-6.82982],[-36.2022,-6.82835],[-36.19901,-6.824],[-36.20255,-6.81804],[-36.19141,-6.81385],[-36.18817,-6.8099],[-36.19003,-6.80476],[-36.19751,-6.80264],[-36.20325,-6.81033],[-36.20769,-6.80917],[-36.21104,-6.79852],[-36.20625,-6.79923],[-36.20166,-6.79645],[-36.20038,-6.78345],[-36.21018,-6.78001]],[[-36.35141,-6.90951],[-36.32814,-6.86181],[-36.32635,-6.84884],[-36.33298,-6.84995],[-36.35002,-6.86047],[-36.35867,-6.85504],[-36.36034,-6.83702],[-36.37375,-6.84087],[-36.38612,-6.8412],[-36.38812,-6.84506],[-36.38439,-6.85605],[-36.38382,-6.88644],[-36.37653,-6.90016],[-36.36173,-6.91367],[-36.35141,-6.90951]]]}},{"type":"Feature","properties":{"SIGLA":"NP3_gamma_i","NOME":"Corpo Granitoides indiscriminados brasilianos","LITOTIPOS":"Biotita granito, Granito pórfiro, Granitoide, Granodiorito, Metagranito, Monzogranito, Quartzo diorito, Quartzo monzonito, Sienogranito, Tonalito","AMBIENTE_TECTONICO":null,"ERA_MIN":"Neoproterozóico","ERA_MAX":"Neoproterozóico","IDADE_MIN":541.1,"IDADE_MAX":635.0,"LEGENDA":"Granitoides de composição petrográfica diversa e quimismo não determinado. Granitoides cinzentos, geralmente de granulometria média a grossa (fácies porfirítica subordinada), de composição granítica dominante, em parte com enclaves dioríticos, em jazimentos individualizados ou intrusivos, de foliação incipiente, alguns gnaissificados e fortemente milonitizados. Monzogranito, granodiorito, tonalito e sienogranito cinza claro a róseo, com granulação fina, foliação definida pela orientação preferencial da biotita; possuem xenólitos; Sienito isotrópico fino a médio, inequigranular e porfirítico.; Hornblenda -biotita diorito e monzodiorito inequigranular fino, foliado, de coloração cinza escura, com enclaves microgranulares e clots de biotita; Biotita metaquartzo sienito a granito peraluminoso, metagranito com biotita metaluminoso e hiperstênio-hornblenda metatonalito. Localmente, exibem foliação magmática; Também ocorrem quartzo diorito, granodiorito, tonalito e quartzo monzonito fortemente milonitizados. Também ocorrem quartzo diorito, granodiorito, tonalito e quartzo monzonito.","area_km2":377.31},"geometry":{"type":"Polygon","coordinates":[[[-36.23001,-6.48992],[-36.21185,-6.52913],[-36.20116,-6.55864],[-36.18499,-6.57174],[-36.18028,-6.56182],[-36.17515,-6.55887],[-36.16696,-6.57357],[-36.16763,-6.57881],[-36.18354,-6.60876],[-36.17895,-6.63091],[-36.17899,-6.64657],[-36.18566,-6.66131],[-36.20069,-6.67882],[-36.21645,-6.68751],[-36.22248,-6.68646],[-36.22977,-6.67937],[-36.2389,-6.6952],[-36.24904,-6.70552],[-36.28486,-6.72353],[-36.29489,-6.74222],[-36.30246,-6.75049],[-36.31551,-6.75357],[-36.32227,-6.75021],[-36.33156,-6.73724],[-36.33453,-6.72259],[-36.33523,-6.69865],[-36.34081,-6.68604],[-36.3368,-6.66446],[-36.3363,-6.58981],[-36.33483,-6.58712],[-36.33168,-6.58747],[-36.3265,-6.59928],[-36.31986,-6.59749],[-36.31376,-6.58913],[-36.3101,-6.57014],[-36.31174,-6.54251],[-36.30795,-6.51385],[-36.31667,-6.52492],[-36.31336,-6.50863],[-36.31616,-6.49266],[-36.31188,-6.48883],[-36.29919,-6.48753],[-36.29547,-6.48387],[-36.30043,-6.47563],[-36.30011,-6.47196],[-36.29309,-6.46862],[-36.29383,-6.46234],[-36.29213,-6.46133],[-36.27508,-6.46461],[-36.27169,-6.469],[-36.25819,-6.47103],[-36.24842,-6.47982],[-36.24608,-6.4857],[-36.24805,-6.49134],[-36.23887,-6.48682],[-36.23537,-6.49145],[-36.23001,-6.48992]]]}},{"type":"Feature","properties":{"SIGLA":"PP2_gamma_v","NOME":"Suíte Várzea Alegre","LITOTIPOS":"Ortognaisse","AMBIENTE_TECTONICO":null,"ERA_MIN":"Paleoproterozóico","ERA_MAX":"Paleoproterozóico","IDADE_MIN":2050.1,"IDADE_MAX":2300.0,"LEGENDA":"Ortognaisses porfiríticos, de composições granodiorítica a tonalítica, com níveis máficos, geralmente centimétricos, às vezes migmatizados, e normalmente milonitizados.","area_km2":249.76},"geometry":{"type":"Polygon","coordinates":[[[-36.77018,-6.83471],[-36.77922,-6.84016],[-36.78358,-6.84577],[-36.79088,-6.89635],[-36.80556,-6.92738],[-36.82062,-6.93743],[-36.83584,-6.94194],[-36.83834,-6.93986],[-36.83873,-6.93365],[-36.83487,-6.90962],[-36.83849,-6.90832],[-36.84489,-6.91757],[-36.85334,-6.919],[-36.85856,-6.94619],[-36.88631,-6.99048],[-36.90584,-7.00823],[-36.91012,-7.00907],[-36.91013,-7.00724],[-36.90175,-6.99068],[-36.9001,-6.98252],[-36.90916,-6.9913],[-36.9201,-6.9942],[-36.96414,-7.03904],[-36.97834,-7.0443],[-36.97848,-7.04705],[-36.97347,-7.04802],[-36.97522,-7.05451],[-36.96793,-7.05522],[-36.97754,-7.06045],[-36.98777,-7.06183],[-36.98578,-7.05561],[-36.98697,-7.0481],[-37.00307,-7.04385],[-37.00329,-7.03799],[-37.02649,-7.03829],[-37.02589,-7.03482],[-37.01692,-7.02912],[-37.02151,-7.02497],[-37.02096,-7.02237],[-37.00782,-7.02142],[-36.99511,-7.01615],[-36.97544,-7.01334],[-36.96487,-7.00657],[-36.9461,-6.98694],[-36.93238,-6.96621],[-36.91287,-6.91256],[-36.89883,-6.88956],[-36.89388,-6.86381],[-36.85927,-6.82527],[-36.84226,-6.80993],[-36.83615,-6.81047],[-36.80556,-6.75757],[-36.78964,-6.77187],[-36.79364,-6.78285],[-36.80282,-6.79352],[-36.81159,-6.81205],[-36.80734,-6.81913],[-36.81117,-6.82668],[-36.79846,-6.8218],[-36.78763,-6.79414],[-36.77911,-6.78133],[-36.7727,-6.7871],[-36.77018,-6.83471]]]}},{"type":"Feature","properties":{"SIGLA":"NP3sq","NOME":"Formação Serra dos Quintos","LITOTIPOS":"Clorita xisto, Formação ferrífera bandada, Gnaisse, Mármore, Metabasalto, Quartzito ferruginoso, Rocha metaultramáfica, Tremolita-clorita xisto, Xisto","AMBIENTE_TECTONICO":null,"ERA_MIN":"Neoproterozóico","ERA_MAX":"Neoproterozóico","IDADE_MIN":541.1,"IDADE_MAX":635.0,"LEGENDA":"Xisto, gnaisse, BIF, metamáfica, metaultramáfica, marmore","area_km2":3.31},"geometry":{"type":"Polygon","coordinates":[[[-36.77911,-6.78133],[-36.78763,-6.79414],[-36.79846,-6.8218],[-36.81117,-6.82668],[-36.80734,-6.81913],[-36.81159,-6.81205],[-36.80925,-6.80751],[-36.80503,-6.81646],[-36.80116,-6.81883],[-36.79054,-6.78964],[-36.7815,-6.77919],[-36.77911,-6.78133]]]}},{"type":"Feature","properties":{"SIGLA":"NP3_gamma_2it45","NOME":"Corpo Plúton Sem Denominação","LITOTIPOS":"Diorito, Granito, Granodiorito, Monzonito","AMBIENTE_TECTONICO":null,"ERA_MIN":"Neoproterozóico","ERA_MAX":"Neoproterozóico","IDADE_MIN":541.1,"IDADE_MAX":635.0,"LEGENDA":"Granito, granodiorito, monzogranito e sienogranito equigranulares médios a grossos a inequigranulares porfiríticos, com fenocristais subédricos a euédricos de K-feldspato (1cm a 7cm) e de plagioclásio (0,5cm a 1cm). Associados a diorito e a fases intermediárias de mistura, com ou sem epidoto magmático. Suíte metaluminosa a levemente peraluminosa, calcialcalina de alto K e levemente shorshonítica. 580 Ma U-Pb.","area_km2":7.32},"geometry":{"type":"Polygon","coordinates":[[[-36.8389,-6.73293],[-36.8383,-6.7352],[-36.83347,-6.7363],[-36.83395,-6.74101],[-36.84144,-6.75112],[-36.85686,-6.76333],[-36.87124,-6.76643],[-36.85648,-6.73771],[-36.8389,-6.73293]]]}},{"type":"Feature","properties":{"SIGLA":"NP3sjum","NOME":"Litofácies Jucurutu, mármore","LITOTIPOS":"Mármore, Rocha calcissilicática","AMBIENTE_TECTONICO":null,"ERA_MIN":"Neoproterozóico","ERA_MAX":"Neoproterozóico","IDADE_MIN":541.1,"IDADE_MAX":635.0,"LEGENDA":"Mármores, Tremolita mármores e  rochas calssilicáticas de granulação média, apresentando coloração cinza clara ou branca.","area_km2":6.2},"geometry":{"type":"Polygon","coordinates":[[[-37.00293,-6.7298],[-37.02174,-6.74565],[-37.04324,-6.76659],[-37.03289,-6.74738],[-37.01755,-6.73524],[-37.01114,-6.72645],[-37.00446,-6.7103],[-36.9935,-6.7075],[-36.98965,-6.70987],[-37.00293,-6.7298]]]}},{"type":"Feature","properties":{"SIGLA":"NP3_gamma_i","NOME":"Corpo Granitoides indiscriminados brasilianos","LITOTIPOS":"Biotita granito, Granito pórfiro, Granitoide, Granodiorito, Metagranito, Monzogranito, Quartzo diorito, Quartzo monzonito, Sienogranito, Tonalito","AMBIENTE_TECTONICO":null,"ERA_MIN":"Neoproterozóico","ERA_MAX":"Neoproterozóico","IDADE_MIN":541.1,"IDADE_MAX":635.0,"LEGENDA":"Granitoides de composição petrográfica diversa e quimismo não determinado. Granitoides cinzentos, geralmente de granulometria média a grossa (fácies porfirítica subordinada), de composição granítica dominante, em parte com enclaves dioríticos, em jazimentos individualizados ou intrusivos, de foliação incipiente, alguns gnaissificados e fortemente milonitizados. Monzogranito, granodiorito, tonalito e sienogranito cinza claro a róseo, com granulação fina, foliação definida pela orientação preferencial da biotita; possuem xenólitos; Sienito isotrópico fino a médio, inequigranular e porfirítico.; Hornblenda -biotita diorito e monzodiorito inequigranular fino, foliado, de coloração cinza escura, com enclaves microgranulares e clots de biotita; Biotita metaquartzo sienito a granito peraluminoso, metagranito com biotita metaluminoso e hiperstênio-hornblenda metatonalito. Localmente, exibem foliação magmática; Também ocorrem quartzo diorito, granodiorito, tonalito e quartzo monzonito fortemente milonitizados. Também ocorrem quartzo diorito, granodiorito, tonalito e quartzo monzonito.","area_km2":81.68},"geometry":{"type":"Polygon","coordinates":[[[-35.79415,-6.73795],[-35.80861,-6.75804],[-35.81799,-6.76415],[-35.82451,-6.76263],[-35.82519,-6.7568],[-35.83419,-6.75635],[-35.83718,-6.75324],[-35.84067,-6.73218],[-35.8334,-6.72268],[-35.83982,-6.71409],[-35.84166,-6.70506],[-35.83541,-6.68437],[-35.8373,-6.68185],[-35.84618,-6.691],[-35.85189,-6.68388],[-35.85727,-6.69106],[-35.86106,-6.69015],[-35.86202,-6.67989],[-35.85189,-6.65835],[-35.86672,-6.60924],[-35.87367,-6.5973],[-35.88767,-6.58202],[-35.89318,-6.5646],[-35.86703,-6.58983],[-35.86272,-6.59233],[-35.85406,-6.59202],[-35.83773,-6.61092],[-35.83017,-6.63835],[-35.83249,-6.65835],[-35.82938,-6.6614],[-35.82139,-6.65987],[-35.82039,-6.66343],[-35.82078,-6.67405],[-35.82574,-6.68708],[-35.82265,-6.69299],[-35.79012,-6.672],[-35.78135,-6.66223],[-35.77484,-6.64887],[-35.76364,-6.63743],[-35.76075,-6.63034],[-35.75913,-6.63121],[-35.75963,-6.65641],[-35.76817,-6.67635],[-35.77654,-6.68437],[-35.77847,-6.68066],[-35.78205,-6.68027],[-35.79582,-6.70063],[-35.80616,-6.70792],[-35.81308,-6.7224],[-35.8123,-6.72523],[-35.8098,-6.72522],[-35.79856,-6.71395],[-35.79811,-6.72748],[-35.80404,-6.7396],[-35.80146,-6.7424],[-35.79415,-6.73795]]]}},{"type":"Feature","properties":{"SIGLA":"PP2sp3","NOME":"Unidade Serrinha - Pedro Velho, Unidade 3","LITOTIPOS":"Metagranito, Migmatito","AMBIENTE_TECTONICO":null,"ERA_MIN":"Paleoproterozóico","ERA_MAX":"Paleoproterozóico","IDADE_MIN":2050.1,"IDADE_MAX":2300.0,"LEGENDA":"Hornblenda ortognaisses monzogranítico, ortognaisses bandado, biotita ortognaisses homogêneo de textura média a grossa, migmatitos, mobilizados de quartzo e feições de augen. Intercalações de anfibolito e frequentes bolsões de quartzo. U-Pb em zircão: 2082 ± 36 Ma.","area_km2":432.81},"geometry":{"type":"Polygon","coordinates":[[[-35.51976,-6.47869],[-35.5551,-6.51368],[-35.59066,-6.5367],[-35.61082,-6.55303],[-35.62278,-6.56886],[-35.63154,-6.58675],[-35.64221,-6.59426],[-35.65172,-6.60878],[-35.66041,-6.62946],[-35.68563,-6.65072],[-35.70344,-6.68174],[-35.71666,-6.69152],[-35.7569,-6.73707],[-35.77099,-6.74882],[-35.78841,-6.75883],[-35.80114,-6.77042],[-35.80166,-6.78129],[-35.80465,-6.788],[-35.8033,-6.79138],[-35.78677,-6.79233],[-35.77535,-6.7877],[-35.80496,-6.82495],[-35.81971,-6.82801],[-35.82893,-6.83391],[-35.83941,-6.83401],[-35.85705,-6.82787],[-35.86282,-6.82188],[-35.86257,-6.81027],[-35.86603,-6.79964],[-35.86448,-6.79105],[-35.86356,-6.80166],[-35.86056,-6.80341],[-35.84601,-6.78404],[-35.852,-6.77325],[-35.85393,-6.75319],[-35.85218,-6.74861],[-35.84705,-6.75272],[-35.84463,-6.75113],[-35.84719,-6.74505],[-35.84471,-6.73477],[-35.84793,-6.73308],[-35.85291,-6.73856],[-35.85512,-6.738],[-35.85585,-6.71784],[-35.86538,-6.73118],[-35.87419,-6.73558],[-35.87814,-6.74807],[-35.88596,-6.75195],[-35.89072,-6.76228],[-35.89331,-6.75997],[-35.88607,-6.74071],[-35.88868,-6.73231],[-35.88567,-6.72472],[-35.8921,-6.71675],[-35.89155,-6.70925],[-35.87927,-6.69173],[-35.86926,-6.67061],[-35.86826,-6.65339],[-35.87201,-6.63596],[-35.87644,-6.62825],[-35.88906,-6.6195],[-35.89128,-6.61528],[-35.89839,-6.61481],[-35.90528,-6.61031],[-35.91292,-6.60995],[-35.92525,-6.61995],[-35.93171,-6.63549],[-35.9277,-6.65502],[-35.93121,-6.6601],[-35.93629,-6.65733],[-35.93872,-6.65987],[-35.93601,-6.68835],[-35.93862,-6.70541],[-35.94654,-6.71896],[-35.96612,-6.73664],[-35.97189,-6.75144],[-35.96777,-6.75979],[-35.97219,-6.77567],[-35.96936,-6.78014],[-35.96185,-6.77518],[-35.9601,-6.77745],[-35.96489,-6.80109],[-35.97439,-6.82404],[-35.97606,-6.84205],[-35.98981,-6.87168],[-36.0,-6.88079],[-36.0,-6.57699],[-35.98455,-6.55441],[-35.97659,-6.53078],[-35.971,-6.52971],[-35.95336,-6.55275],[-35.93503,-6.56466],[-35.92786,-6.56267],[-35.91698,-6.55465],[-35.90972,-6.53891],[-35.90325,-6.53811],[-35.90065,-6.54088],[-35.89573,-6.55076],[-35.88985,-6.57833],[-35.87367,-6.5973],[-35.86321,-6.61758],[-35.85189,-6.65835],[-35.86202,-6.67989],[-35.86106,-6.69015],[-35.85727,-6.69106],[-35.85189,-6.68388],[-35.84618,-6.691],[-35.8373,-6.68185],[-35.83541,-6.68437],[-35.84166,-6.70506],[-35.83982,-6.71409],[-35.8334,-6.72268],[-35.84067,-6.73218],[-35.83996,-6.74528],[-35.83577,-6.75551],[-35.82519,-6.7568],[-35.82451,-6.76263],[-35.81799,-6.76415],[-35.80861,-6.75804],[-35.80225,-6.75056],[-35.77936,-6.7116],[-35.75708,-6.69795],[-35.74743,-6.68806],[-35.71353,-6.63544],[-35.69442,-6.61768],[-35.68539,-6.60419],[-35.6762,-6.59744],[-35.64577,-6.58716],[-35.62504,-6.54877],[-35.61453,-6.53955],[-35.59581,-6.52863],[-35.57495,-6.50664],[-35.55469,-6.49058],[-35.5515,-6.4902],[-35.54619,-6.48224],[-35.51976,-6.47869]]]}},{"type":"Feature","properties":{"SIGLA":"ENsm","NOME":"Formação Serra dos Martins","LITOTIPOS":"Arenito, Arenito conglomerático, Arenito síltico-argiloso, Laterita","AMBIENTE_TECTONICO":null,"ERA_MIN":"Cenozóico","ERA_MAX":"Cenozóico","IDADE_MIN":2.59,"IDADE_MAX":66.0,"LEGENDA":"Arenitos finos a médios  conglomeráticos com níveis pelíticos, argilito avermelhado e caulim.","area_km2":30.93},"geometry":{"type":"Polygon","coordinates":[[[-36.01445,-6.61342],[-36.00174,-6.61147],[-36.00032,-6.61565],[-36.0045,-6.61937],[-36.01034,-6.61646],[-36.01861,-6.61832],[-36.02196,-6.62183],[-36.02595,-6.61901],[-36.03455,-6.62189],[-36.03551,-6.63726],[-36.04305,-6.64094],[-36.05038,-6.64846],[-36.05763,-6.6496],[-36.06005,-6.6571],[-36.06474,-6.65696],[-36.06591,-6.64785],[-36.07732,-6.64856],[-36.0809,-6.65193],[-36.08653,-6.64844],[-36.09038,-6.65797],[-36.1021,-6.66213],[-36.10922,-6.66134],[-36.10032,-6.65117],[-36.09251,-6.64902],[-36.0934,-6.64709],[-36.10125,-6.64722],[-36.10454,-6.64154],[-36.09163,-6.64338],[-36.08966,-6.63661],[-36.08746,-6.63752],[-36.07997,-6.63243],[-36.08238,-6.6219],[-36.07525,-6.61246],[-36.07056,-6.61215],[-36.05959,-6.61742],[-36.05156,-6.61392],[-36.05157,-6.60962],[-36.05833,-6.60782],[-36.04832,-6.59789],[-36.0352,-6.59402],[-36.03066,-6.59942],[-36.03144,-6.60552],[-36.02605,-6.60205],[-36.02397,-6.60297],[-36.02692,-6.61233],[-36.01445,-6.61342]]]}},{"type":"Feature","properties":{"SIGLA":"ENsm","NOME":"Formação Serra dos Martins","LITOTIPOS":"Arenito, Arenito conglomerático, Arenito síltico-argiloso, Laterita","AMBIENTE_TECTONICO":null,"ERA_MIN":"Cenozóico","ERA_MAX":"Cenozóico","IDADE_MIN":2.59,"IDADE_MAX":66.0,"LEGENDA":"Arenitos finos a médios  conglomeráticos com níveis pelíticos, argilito avermelhado e caulim.","area_km2":60.52},"geometry":{"type":"Polygon","coordinates":[[[-35.75119,-6.51559],[-35.74858,-6.52769],[-35.74485,-6.52817],[-35.74009,-6.52371],[-35.73625,-6.52607],[-35.74123,-6.53111],[-35.74152,-6.53651],[-35.72145,-6.52695],[-35.7179,-6.52096],[-35.71273,-6.5225],[-35.70583,-6.51758],[-35.70294,-6.51933],[-35.70233,-6.52322],[-35.70532,-6.52635],[-35.71565,-6.52695],[-35.72256,-6.53568],[-35.74047,-6.54644],[-35.74348,-6.54631],[-35.74305,-6.54303],[-35.74529,-6.54263],[-35.74603,-6.54641],[-35.75129,-6.54478],[-35.74993,-6.558],[-35.75604,-6.55767],[-35.75998,-6.55189],[-35.76302,-6.5523],[-35.76542,-6.56264],[-35.75794,-6.56666],[-35.76435,-6.57343],[-35.76623,-6.56889],[-35.7687,-6.56976],[-35.76822,-6.58122],[-35.7704,-6.58394],[-35.77441,-6.58123],[-35.7743,-6.57394],[-35.77722,-6.56802],[-35.77565,-6.56216],[-35.77753,-6.56016],[-35.77968,-6.56502],[-35.78346,-6.56598],[-35.77961,-6.57314],[-35.7803,-6.57903],[-35.78766,-6.57396],[-35.79277,-6.57476],[-35.78535,-6.58607],[-35.79415,-6.58089],[-35.80247,-6.58429],[-35.8047,-6.58749],[-35.7993,-6.58711],[-35.78,-6.60041],[-35.78312,-6.60603],[-35.79605,-6.59673],[-35.80106,-6.5962],[-35.80269,-6.59903],[-35.79975,-6.6036],[-35.79345,-6.60631],[-35.78787,-6.61648],[-35.79573,-6.62149],[-35.79623,-6.6265],[-35.79488,-6.62846],[-35.78887,-6.62732],[-35.78752,-6.63167],[-35.79183,-6.6346],[-35.79217,-6.63892],[-35.7948,-6.64081],[-35.79991,-6.6341],[-35.79624,-6.64689],[-35.8011,-6.64407],[-35.80366,-6.64885],[-35.80914,-6.63307],[-35.81422,-6.62871],[-35.81321,-6.62033],[-35.81797,-6.62168],[-35.82039,-6.62005],[-35.82531,-6.61017],[-35.82939,-6.6087],[-35.83318,-6.59949],[-35.84091,-6.60048],[-35.84014,-6.59396],[-35.84904,-6.5948],[-35.84822,-6.58639],[-35.85546,-6.58951],[-35.85965,-6.579],[-35.85358,-6.57959],[-35.85224,-6.56301],[-35.84931,-6.55928],[-35.84483,-6.55826],[-35.84172,-6.56083],[-35.84445,-6.57491],[-35.83985,-6.57656],[-35.82814,-6.57249],[-35.82662,-6.57933],[-35.82327,-6.57967],[-35.82036,-6.58499],[-35.81842,-6.58173],[-35.82061,-6.57225],[-35.81056,-6.5757],[-35.80741,-6.56716],[-35.80145,-6.5657],[-35.79829,-6.55994],[-35.79895,-6.55469],[-35.79576,-6.55133],[-35.79648,-6.54904],[-35.80064,-6.54825],[-35.80083,-6.54486],[-35.79652,-6.54181],[-35.80007,-6.53548],[-35.79612,-6.53513],[-35.79012,-6.53903],[-35.78834,-6.54401],[-35.779,-6.53971],[-35.77629,-6.53073],[-35.77104,-6.53077],[-35.76819,-6.53592],[-35.77141,-6.54283],[-35.7695,-6.5453],[-35.76174,-6.53959],[-35.76088,-6.53213],[-35.75585,-6.53574],[-35.75491,-6.53371],[-35.7552,-6.52812],[-35.75962,-6.52314],[-35.75703,-6.51938],[-35.75792,-6.5096],[-35.75119,-6.51559]]]}},{"type":"Feature","properties":{"SIGLA":"PP2sp1","NOME":"Unidade Serrinha - Pedro Velho, Unidade 1","LITOTIPOS":"Granulito félsico, Metatonalito, Metatrondhjemito, Migmatito, Rocha calcissilicática","AMBIENTE_TECTONICO":null,"ERA_MIN":"Paleoproterozóico","ERA_MAX":"Paleoproterozóico","IDADE_MIN":2050.1,"IDADE_MAX":2300.0,"LEGENDA":"Rocha calcissilicática, migmatito, biotita ortognaisses trondhjemíticos, parcialmente migmatizados, metatonalito, granulito félsico.","area_km2":334.83},"geometry":{"type":"MultiPolygon","coordinates":[[[[-35.59589,-6.46776],[-35.59336,-6.48618],[-35.57917,-6.4956],[-35.56672,-6.49611],[-35.55629,-6.49218],[-35.57495,-6.50664],[-35.59581,-6.52863],[-35.61453,-6.53955],[-35.62504,-6.54877],[-35.64577,-6.58716],[-35.6762,-6.59744],[-35.68539,-6.60419],[-35.69442,-6.61768],[-35.71353,-6.63544],[-35.74941,-6.6904],[-35.76031,-6.70029],[-35.77936,-6.7116],[-35.79415,-6.73795],[-35.80306,-6.74189],[-35.80372,-6.73762],[-35.79811,-6.72748],[-35.79856,-6.71395],[-35.8098,-6.72522],[-35.8123,-6.72523],[-35.81308,-6.7224],[-35.80616,-6.70792],[-35.79582,-6.70063],[-35.78205,-6.68027],[-35.77847,-6.68066],[-35.77654,-6.68437],[-35.76817,-6.67635],[-35.75963,-6.65641],[-35.75913,-6.63121],[-35.76075,-6.63034],[-35.76364,-6.63743],[-35.77484,-6.64887],[-35.78135,-6.66223],[-35.79012,-6.672],[-35.8197,-6.6924],[-35.82531,-6.69099],[-35.82039,-6.66343],[-35.82139,-6.65987],[-35.82938,-6.6614],[-35.83249,-6.65835],[-35.83017,-6.63835],[-35.83773,-6.61092],[-35.85406,-6.59202],[-35.86272,-6.59233],[-35.86703,-6.58983],[-35.89318,-6.5646],[-35.89573,-6.55076],[-35.90325,-6.53811],[-35.90738,-6.53777],[-35.91214,-6.54204],[-35.89811,-6.50586],[-35.89392,-6.50332],[-35.87383,-6.50506],[-35.87079,-6.52077],[-35.86319,-6.53272],[-35.8329,-6.54815],[-35.8187,-6.55126],[-35.80106,-6.5457],[-35.80004,-6.54898],[-35.79648,-6.54904],[-35.79935,-6.56248],[-35.80275,-6.56667],[-35.80741,-6.56716],[-35.81056,-6.5757],[-35.81272,-6.57651],[-35.81864,-6.57192],[-35.8213,-6.57322],[-35.81842,-6.58173],[-35.82036,-6.58499],[-35.82327,-6.57967],[-35.82662,-6.57933],[-35.82814,-6.57249],[-35.83985,-6.57656],[-35.84445,-6.57491],[-35.84172,-6.56083],[-35.84483,-6.55826],[-35.84931,-6.55928],[-35.85224,-6.56301],[-35.85358,-6.57959],[-35.85983,-6.57967],[-35.85546,-6.58951],[-35.84822,-6.58639],[-35.84904,-6.5948],[-35.84014,-6.59396],[-35.84091,-6.60048],[-35.83318,-6.59949],[-35.82939,-6.6087],[-35.82531,-6.61017],[-35.82039,-6.62005],[-35.81797,-6.62168],[-35.81321,-6.62033],[-35.81422,-6.62871],[-35.80914,-6.63307],[-35.80366,-6.64885],[-35.8011,-6.64407],[-35.79624,-6.64689],[-35.79991,-6.6341],[-35.7948,-6.64081],[-35.79217,-6.63892],[-35.79183,-6.6346],[-35.78752,-6.63167],[-35.78887,-6.62732],[-35.79488,-6.62846],[-35.79623,-6.6265],[-35.79573,-6.62149],[-35.78787,-6.61648],[-35.79345,-6.60631],[-35.79975,-6.6036],[-35.80269,-6.59903],[-35.80106,-6.5962],[-35.79605,-6.59673],[-35.78312,-6.60603],[-35.78,-6.60041],[-35.7993,-6.58711],[-35.8047,-6.58749],[-35.79602,-6.58099],[-35.78535,-6.58607],[-35.79277,-6.57476],[-35.78766,-6.57396],[-35.7803,-6.57903],[-35.77961,-6.57314],[-35.7833,-6.56502],[-35.77968,-6.56502],[-35.77838,-6.56078],[-35.77583,-6.56111],[-35.77706,-6.56982],[-35.77195,-6.58435],[-35.76822,-6.58122],[-35.76802,-6.56885],[-35.76435,-6.57343],[-35.75794,-6.56666],[-35.76542,-6.56264],[-35.76302,-6.5523],[-35.75998,-6.55189],[-35.75604,-6.55767],[-35.74914,-6.55698],[-35.75211,-6.55014],[-35.75129,-6.54478],[-35.74603,-6.54641],[-35.74529,-6.54263],[-35.74305,-6.54303],[-35.74348,-6.54631],[-35.74047,-6.54644],[-35.72499,-6.53751],[-35.71445,-6.53926],[-35.68558,-6.52904],[-35.68427,-6.53158],[-35.69603,-6.5504],[-35.69122,-6.54797],[-35.6815,-6.54231],[-35.65696,-6.52055],[-35.63344,-6.50669],[-35.62756,-6.50013],[-35.61505,-6.47673],[-35.63466,-6.48031],[-35.64976,-6.49408],[-35.67184,-6.49439],[-35.70004,-6.50753],[-35.70307,-6.5034],[-35.69719,-6.492],[-35.66765,-6.47558],[-35.64146,-6.45308],[-35.6293,-6.4549],[-35.6169,-6.4626],[-35.6041,-6.4592],[-35.59589,-6.46776]],[[-35.87693,-6.57755],[-35.87693,-6.57755],[-35.8672,-6.5447],[-35.87693,-6.57755]]],[[[-35.54814,-6.48443],[-35.54921,-6.48543],[-35.54619,-6.48224],[-35.54814,-6.48443]]]]}},{"type":"Feature","properties":{"SIGLA":"PP2sp1","NOME":"Unidade Serrinha - Pedro Velho, Unidade 1","LITOTIPOS":"Granulito félsico, Metatonalito, Metatrondhjemito, Migmatito, Rocha calcissilicática","AMBIENTE_TECTONICO":null,"ERA_MIN":"Paleoproterozóico","ERA_MAX":"Paleoproterozóico","IDADE_MIN":2050.1,"IDADE_MAX":2300.0,"LEGENDA":"Rocha calcissilicática, migmatito, biotita ortognaisses trondhjemíticos, parcialmente migmatizados, metatonalito, granulito félsico.","area_km2":0.67},"geometry":{"type":"Polygon","coordinates":[[[-35.79012,-6.53903],[-35.78221,-6.53593],[-35.77848,-6.53523],[-35.779,-6.53971],[-35.78924,-6.54389],[-35.79012,-6.53903]]]}},{"type":"Feature","properties":{"SIGLA":"PP2sp1","NOME":"Unidade Serrinha - Pedro Velho, Unidade 1","LITOTIPOS":"Granulito félsico, Metatonalito, Metatrondhjemito, Migmatito, Rocha calcissilicática","AMBIENTE_TECTONICO":null,"ERA_MIN":"Paleoproterozóico","ERA_MAX":"Paleoproterozóico","IDADE_MIN":2050.1,"IDADE_MAX":2300.0,"LEGENDA":"Rocha calcissilicática, migmatito, biotita ortognaisses trondhjemíticos, parcialmente migmatizados, metatonalito, granulito félsico.","area_km2":1.91},"geometry":{"type":"Polygon","coordinates":[[[-35.77104,-6.53077],[-35.75807,-6.52562],[-35.7552,-6.52812],[-35.75491,-6.53371],[-35.75585,-6.53574],[-35.76088,-6.53213],[-35.76174,-6.53959],[-35.77063,-6.5453],[-35.76819,-6.53592],[-35.77104,-6.53077]]]}},{"type":"Feature","properties":{"SIGLA":"PP2sp1","NOME":"Unidade Serrinha - Pedro Velho, Unidade 1","LITOTIPOS":"Granulito félsico, Metatonalito, Metatrondhjemito, Migmatito, Rocha calcissilicática","AMBIENTE_TECTONICO":null,"ERA_MIN":"Paleoproterozóico","ERA_MAX":"Paleoproterozóico","IDADE_MIN":2050.1,"IDADE_MAX":2300.0,"LEGENDA":"Rocha calcissilicática, migmatito, biotita ortognaisses trondhjemíticos, parcialmente migmatizados, metatonalito, granulito félsico.","area_km2":1.96},"geometry":{"type":"Polygon","coordinates":[[[-35.73303,-6.53342],[-35.74152,-6.53651],[-35.74123,-6.53111],[-35.73625,-6.52607],[-35.74009,-6.52371],[-35.74724,-6.52857],[-35.74986,-6.52324],[-35.72805,-6.51957],[-35.73303,-6.53342]]]}},{"type":"Feature","properties":{"SIGLA":"PP2sp3","NOME":"Unidade Serrinha - Pedro Velho, Unidade 3","LITOTIPOS":"Metagranito, Migmatito","AMBIENTE_TECTONICO":null,"ERA_MIN":"Paleoproterozóico","ERA_MAX":"Paleoproterozóico","IDADE_MIN":2050.1,"IDADE_MAX":2300.0,"LEGENDA":"Hornblenda ortognaisses monzogranítico, ortognaisses bandado, biotita ortognaisses homogêneo de textura média a grossa, migmatitos, mobilizados de quartzo e feições de augen. Intercalações de anfibolito e frequentes bolsões de quartzo. U-Pb em zircão: 2082 ± 36 Ma.","area_km2":60.68},"geometry":{"type":"Polygon","coordinates":[[[-35.817,-6.48656],[-35.80956,-6.49295],[-35.78445,-6.50283],[-35.775,-6.51299],[-35.75795,-6.51156],[-35.75703,-6.51938],[-35.75962,-6.52314],[-35.75807,-6.52562],[-35.77629,-6.53073],[-35.77848,-6.53523],[-35.79012,-6.53903],[-35.79897,-6.53497],[-35.80016,-6.53814],[-35.79693,-6.54271],[-35.8187,-6.55126],[-35.8329,-6.54815],[-35.86319,-6.53272],[-35.87079,-6.52077],[-35.87344,-6.51033],[-35.86882,-6.48851],[-35.817,-6.48656]]]}},{"type":"Feature","properties":{"SIGLA":"NP3_gamma_2di5","NOME":"Corpo Plúton sem denominação","LITOTIPOS":"Biotita granito, Granito, Leucogranito","AMBIENTE_TECTONICO":null,"ERA_MIN":"Neoproterozóico","ERA_MAX":"Neoproterozóico","IDADE_MIN":541.1,"IDADE_MAX":635.0,"LEGENDA":"Biotita e/ou hornblenda granito e leucogranito com fácies com muscovita e/ou granada, feições migmátíticas, metaluminoso e peraluminoso","area_km2":43.32},"geometry":{"type":"Polygon","coordinates":[[[-36.44052,-6.57241],[-36.44639,-6.55177],[-36.44178,-6.53309],[-36.43513,-6.52439],[-36.44036,-6.50692],[-36.44022,-6.50427],[-36.43716,-6.50351],[-36.42657,-6.52143],[-36.42369,-6.52249],[-36.423,-6.54818],[-36.41111,-6.54839],[-36.40593,-6.59058],[-36.40031,-6.60398],[-36.40804,-6.61357],[-36.40542,-6.63181],[-36.40954,-6.6579],[-36.41941,-6.63524],[-36.43859,-6.61514],[-36.4414,-6.5951],[-36.44052,-6.57241]]]}},{"type":"Feature","properties":{"SIGLA":"PP2_gamma_sc","NOME":"Complexo Santa Cruz","LITOTIPOS":"Augen gnaisse, Gnaisse, Metagranito, Metagranodiorito, Ortognaisse","AMBIENTE_TECTONICO":null,"ERA_MIN":"Paleoproterozóico","ERA_MAX":"Paleoproterozóico","IDADE_MIN":2050.1,"IDADE_MAX":2300.0,"LEGENDA":"Augen gnaisses graníticos, leucognaisses quartzo monzonitos a graníticos de granulação fina a média (2.069 - 2.230 Ma U -Pb); Ortognaisses de composição granítica, sienogranítica e monzogranítica com epidoto, biotita, com textura grossa equigranular e feições tipo augen.Tendência Cálcio-alcalina de alto K (2.750 - 2.200 Ma U -Pb). Ortognaisses de composição granodiorítica, monzodiorítica, diorítica e quartzo monzonítica com feição de augen, com biotita ± hornblenda e granulação média a grossa; Ortognaisses de composição tonalítica, com hornblenda + biotita + epidoto + diopsídio/hedenbergita, granulação média a grossa.","area_km2":53.25},"geometry":{"type":"Polygon","coordinates":[[[-36.31616,-6.49266],[-36.31386,-6.51535],[-36.31667,-6.52492],[-36.30795,-6.51385],[-36.31174,-6.54251],[-36.30983,-6.5624],[-36.31103,-6.57731],[-36.31543,-6.59333],[-36.32224,-6.59869],[-36.3265,-6.59928],[-36.33168,-6.58747],[-36.33483,-6.58712],[-36.3363,-6.58981],[-36.33819,-6.67993],[-36.34901,-6.7059],[-36.35264,-6.62841],[-36.3384,-6.53472],[-36.3343,-6.53775],[-36.33123,-6.52261],[-36.33012,-6.47147],[-36.30873,-6.44899],[-36.30808,-6.45822],[-36.31413,-6.45953],[-36.31557,-6.47026],[-36.31267,-6.47413],[-36.32464,-6.47483],[-36.32484,-6.4785],[-36.31865,-6.48081],[-36.32088,-6.49131],[-36.31616,-6.49266]]]}},{"type":"Feature","properties":{"SIGLA":"NP3_gamma_2di5","NOME":"Corpo Plúton sem denominação","LITOTIPOS":"Biotita granito, Granito, Leucogranito","AMBIENTE_TECTONICO":null,"ERA_MIN":"Neoproterozóico","ERA_MAX":"Neoproterozóico","IDADE_MIN":541.1,"IDADE_MAX":635.0,"LEGENDA":"Biotita e/ou hornblenda granito e leucogranito com fácies com muscovita e/ou granada, feições migmátíticas, metaluminoso e peraluminoso","area_km2":2.55},"geometry":{"type":"Polygon","coordinates":[[[-36.48749,-6.51777],[-36.48523,-6.51789],[-36.48419,-6.5145],[-36.47865,-6.51409],[-36.47656,-6.50715],[-36.47413,-6.50677],[-36.47313,-6.52284],[-36.47563,-6.5308],[-36.47538,-6.54149],[-36.47938,-6.53922],[-36.4815,-6.5206],[-36.48749,-6.51777]]]}},{"type":"Feature","properties":{"SIGLA":"ENsm","NOME":"Formação Serra dos Martins","LITOTIPOS":"Arenito, Arenito conglomerático, Arenito síltico-argiloso, Laterita","AMBIENTE_TECTONICO":null,"ERA_MIN":"Cenozóico","ERA_MAX":"Cenozóico","IDADE_MIN":2.59,"IDADE_MAX":66.0,"LEGENDA":"Arenitos finos a médios  conglomeráticos com níveis pelíticos, argilito avermelhado e caulim.","area_km2":118.95},"geometry":{"type":"Polygon","coordinates":[[[-36.25109,-6.40698],[-36.2498,-6.4374],[-36.15949,-6.42843],[-36.15431,-6.4374],[-36.15648,-6.4414],[-36.15391,-6.44498],[-36.15603,-6.44892],[-36.1518,-6.45406],[-36.14947,-6.46868],[-36.14448,-6.46602],[-36.14355,-6.46931],[-36.13565,-6.47032],[-36.13772,-6.47522],[-36.13243,-6.47769],[-36.13161,-6.48115],[-36.13366,-6.48339],[-36.12889,-6.48659],[-36.13061,-6.49172],[-36.13929,-6.49619],[-36.13294,-6.50075],[-36.13203,-6.5063],[-36.13871,-6.50914],[-36.14581,-6.5075],[-36.15407,-6.49342],[-36.1714,-6.4868],[-36.17933,-6.47617],[-36.18597,-6.47369],[-36.19336,-6.46482],[-36.20939,-6.47058],[-36.20504,-6.47763],[-36.20546,-6.48347],[-36.21361,-6.49164],[-36.22352,-6.48857],[-36.23537,-6.49145],[-36.23887,-6.48682],[-36.24698,-6.4918],[-36.24613,-6.48456],[-36.24842,-6.47982],[-36.25819,-6.47103],[-36.27169,-6.469],[-36.27508,-6.46461],[-36.29331,-6.46132],[-36.29309,-6.46862],[-36.29903,-6.46999],[-36.30024,-6.47309],[-36.29547,-6.48387],[-36.30409,-6.4894],[-36.31188,-6.48883],[-36.31616,-6.49266],[-36.32088,-6.49131],[-36.31865,-6.48081],[-36.32484,-6.4785],[-36.32464,-6.47483],[-36.31329,-6.47508],[-36.31557,-6.47026],[-36.31413,-6.45953],[-36.30882,-6.45912],[-36.30807,-6.45686],[-36.30873,-6.44899],[-36.32389,-6.44549],[-36.32307,-6.43472],[-36.30837,-6.43108],[-36.29663,-6.43755],[-36.29508,-6.43576],[-36.29676,-6.42903],[-36.29079,-6.43008],[-36.28994,-6.42782],[-36.29532,-6.4219],[-36.28503,-6.42096],[-36.28124,-6.42437],[-36.27292,-6.41967],[-36.27429,-6.41212],[-36.27893,-6.40642],[-36.28379,-6.40465],[-36.28553,-6.41349],[-36.29152,-6.41373],[-36.30572,-6.40341],[-36.30471,-6.39032],[-36.29915,-6.38722],[-36.2916,-6.396],[-36.25428,-6.40456],[-36.25109,-6.40698]]]}},{"type":"Feature","properties":{"SIGLA":"NP3se","NOME":"Formação Equador","LITOTIPOS":"Metaconglomerado, Muscovita quartzito","AMBIENTE_TECTONICO":null,"ERA_MIN":"Neoproterozóico","ERA_MAX":"Neoproterozóico","IDADE_MIN":541.1,"IDADE_MAX":635.0,"LEGENDA":"Quartzitos e muscovita quartzitos lepidogranoblásticos finos a médios de coloração cinza claro a creme e muscovita-metaconglomerado.","area_km2":34.86},"geometry":{"type":"Polygon","coordinates":[[[-36.4711,-6.36173],[-36.46613,-6.3618],[-36.47477,-6.37629],[-36.48951,-6.39386],[-36.47845,-6.39679],[-36.5003,-6.42115],[-36.50865,-6.44009],[-36.50674,-6.44017],[-36.51761,-6.4902],[-36.51711,-6.50279],[-36.5258,-6.5012],[-36.531,-6.4521],[-36.5187,-6.4181],[-36.5107,-6.4075],[-36.5002,-6.3704],[-36.4998,-6.3582],[-36.47022,-6.36036],[-36.4711,-6.36173]]]}},{"type":"Feature","properties":{"SIGLA":"NP3_gamma_2it45","NOME":"Corpo Plúton Sem Denominação","LITOTIPOS":"Diorito, Granito, Granodiorito, Monzonito","AMBIENTE_TECTONICO":null,"ERA_MIN":"Neoproterozóico","ERA_MAX":"Neoproterozóico","IDADE_MIN":541.1,"IDADE_MAX":635.0,"LEGENDA":"Granito, granodiorito, monzogranito e sienogranito equigranulares médios a grossos a inequigranulares porfiríticos, com fenocristais subédricos a euédricos de K-feldspato (1cm a 7cm) e de plagioclásio (0,5cm a 1cm). Associados a diorito e a fases intermediárias de mistura, com ou sem epidoto magmático. Suíte metaluminosa a levemente peraluminosa, calcialcalina de alto K e levemente shorshonítica. 580 Ma U-Pb.","area_km2":28.64},"geometry":{"type":"Polygon","coordinates":[[[-36.293,-6.39416],[-36.29915,-6.38722],[-36.30471,-6.39032],[-36.30572,-6.40341],[-36.29152,-6.41373],[-36.28553,-6.41349],[-36.28379,-6.40465],[-36.27893,-6.40642],[-36.27429,-6.41212],[-36.27292,-6.41967],[-36.28124,-6.42437],[-36.28503,-6.42096],[-36.29532,-6.4219],[-36.28994,-6.42782],[-36.29079,-6.43008],[-36.29676,-6.42903],[-36.29508,-6.43576],[-36.29663,-6.43755],[-36.30837,-6.43108],[-36.32307,-6.43472],[-36.32389,-6.44549],[-36.30873,-6.44899],[-36.33012,-6.47147],[-36.32983,-6.45308],[-36.31995,-6.41081],[-36.30147,-6.36012],[-36.28616,-6.32999],[-36.281,-6.30769],[-36.2767,-6.3404],[-36.2816,-6.3546],[-36.2963,-6.3704],[-36.2992,-6.3821],[-36.293,-6.39416]]]}},{"type":"Feature","properties":{"SIGLA":"NP3ss","NOME":"Formação Seridó","LITOTIPOS":"Biotita-quartzo xisto, Clorita xisto, Filito, Granada-biotita xisto, Mármore, Metavulcânica básica, Quartzito, Xisto aluminoso","AMBIENTE_TECTONICO":null,"ERA_MIN":"Neoproterozóico","ERA_MAX":"Neoproterozóico","IDADE_MIN":541.1,"IDADE_MAX":635.0,"LEGENDA":"Biotita xisto, podendo conter granada e/ou cordierita, estaurolita, sillimanita, andaluzita e cianita, localmente com intercalações de mármore, rochas calcissilicáticas, quartzito, metarritimito, clorita-sericita xisto e metavulcânicas máficas. Idade: 628 Ma U-Pb.","area_km2":1549.14},"geometry":{"type":"MultiPolygon","coordinates":[[[[-36.95769,-6.78836],[-37.04082,-6.87305],[-37.05493,-6.88501],[-37.087,-6.88076],[-37.10025,-6.88228],[-37.11589,-6.89306],[-37.16865,-6.93843],[-37.23264,-6.94487],[-37.30319,-6.94255],[-37.28282,-6.94045],[-37.22113,-6.92445],[-37.20233,-6.91513],[-37.1843,-6.90212],[-37.11787,-6.83762],[-37.08015,-6.79639],[-37.04324,-6.76659],[-37.00293,-6.7298],[-36.98965,-6.70987],[-36.9776,-6.7219],[-36.9718,-6.7406],[-36.9733,-6.7582],[-36.9692,-6.7705],[-36.9581,-6.7757],[-36.95769,-6.78836]],[[-37.08204,-6.86977],[-37.06967,-6.86466],[-37.03978,-6.84067],[-37.02189,-6.81779],[-37.00878,-6.79606],[-37.02637,-6.80377],[-37.04577,-6.81587],[-37.07217,-6.83828],[-37.08514,-6.86138],[-37.08204,-6.86977]]],[[[-36.81058,-6.75471],[-36.83113,-6.77526],[-36.8506,-6.8069],[-36.88321,-6.84669],[-36.91467,-6.89059],[-36.92843,-6.92525],[-36.94395,-6.95241],[-36.957,-6.96507],[-36.96719,-6.96496],[-36.9695,-6.95977],[-36.9665,-6.94828],[-36.92622,-6.87234],[-36.90522,-6.84197],[-36.90338,-6.84096],[-36.90321,-6.84437],[-36.87796,-6.81806],[-36.87355,-6.81059],[-36.87677,-6.80481],[-36.86405,-6.79721],[-36.83294,-6.76067],[-36.82238,-6.74245],[-36.81058,-6.75471]]],[[[-36.7815,-6.77919],[-36.79054,-6.78964],[-36.80116,-6.81883],[-36.80813,-6.81205],[-36.80925,-6.80751],[-36.80607,-6.79949],[-36.79364,-6.78285],[-36.78964,-6.77187],[-36.7815,-6.77919]]],[[[-36.75579,-6.83719],[-36.77515,-6.87758],[-36.77712,-6.8785],[-36.76437,-6.84524],[-36.75949,-6.8376],[-36.75579,-6.83719]]],[[[-36.74379,-6.83588],[-36.74774,-6.84011],[-36.74968,-6.8394],[-36.749,-6.83645],[-36.74379,-6.83588]]],[[[-36.74474,-6.87873],[-36.745,-6.8795],[-36.74623,-6.88147],[-36.74474,-6.87873]]],[[[-36.92665,-7.07163],[-36.87112,-7.04409],[-36.84452,-7.02157],[-36.80464,-6.97159],[-36.78069,-6.94835],[-36.76654,-6.9263],[-36.75889,-6.90807],[-36.7621,-6.9269],[-36.7665,-6.9359],[-36.7546,-6.956],[-36.7374,-6.9728],[-36.72258,-6.98061],[-36.72713,-6.98534],[-36.73383,-6.99121],[-36.74298,-6.99492],[-36.75012,-6.99414],[-36.76511,-6.98169],[-36.77215,-6.97846],[-36.77832,-6.979],[-36.81074,-7.00934],[-36.83716,-7.02494],[-36.8596,-7.04443],[-36.89885,-7.06356],[-36.92665,-7.07163]]],[[[-36.6735,-6.9511],[-36.67729,-6.94857],[-36.67198,-6.92597],[-36.64773,-6.9305],[-36.6735,-6.9511]]],[[[-36.28094,-6.30928],[-36.28616,-6.32999],[-36.30147,-6.36012],[-36.31995,-6.41081],[-36.32983,-6.45308],[-36.33123,-6.52261],[-36.3343,-6.53775],[-36.3384,-6.53472],[-36.35264,-6.62841],[-36.34901,-6.7059],[-36.35377,-6.73588],[-36.36174,-6.75195],[-36.39314,-6.78521],[-36.40571,-6.81068],[-36.41971,-6.85135],[-36.44014,-6.87958],[-36.43944,-6.88526],[-36.46778,-6.92834],[-36.49382,-6.96125],[-36.52692,-6.99187],[-36.56612,-7.01821],[-36.59539,-7.03404],[-36.62355,-7.04463],[-36.70017,-7.06225],[-36.89972,-7.09833],[-36.94968,-7.10469],[-36.98226,-7.10381],[-36.99528,-7.10121],[-36.96544,-7.10047],[-36.8717,-7.08403],[-36.82366,-7.07086],[-36.80037,-7.06076],[-36.79969,-7.06585],[-36.79484,-7.06678],[-36.7826,-7.05714],[-36.76614,-7.05273],[-36.75723,-7.04084],[-36.74864,-7.04148],[-36.72869,-7.03557],[-36.71459,-7.03659],[-36.70662,-7.03243],[-36.69855,-7.03238],[-36.68211,-7.02468],[-36.66805,-7.02588],[-36.65767,-7.02161],[-36.64417,-7.02207],[-36.63557,-7.01049],[-36.62592,-7.00554],[-36.62043,-6.99926],[-36.61474,-6.98442],[-36.60612,-6.98307],[-36.60118,-6.98708],[-36.59504,-6.98562],[-36.59466,-6.97787],[-36.60207,-6.96742],[-36.60351,-6.95765],[-36.60754,-6.95287],[-36.60383,-6.94576],[-36.59944,-6.94947],[-36.59332,-6.97626],[-36.58556,-6.98055],[-36.57718,-6.97737],[-36.58679,-6.99577],[-36.58701,-6.99934],[-36.5839,-7.00064],[-36.571,-6.99717],[-36.54352,-6.98319],[-36.51101,-6.95408],[-36.49234,-6.92509],[-36.4866,-6.90146],[-36.48979,-6.89177],[-36.49541,-6.89002],[-36.49163,-6.89897],[-36.49225,-6.91254],[-36.49891,-6.92864],[-36.50658,-6.93697],[-36.49507,-6.91254],[-36.49357,-6.90238],[-36.49718,-6.89112],[-36.50907,-6.88623],[-36.52589,-6.8908],[-36.56362,-6.9241],[-36.5732,-6.93935],[-36.57744,-6.95595],[-36.57695,-6.96515],[-36.58922,-6.96106],[-36.59098,-6.95831],[-36.5872,-6.94797],[-36.58137,-6.94452],[-36.58163,-6.93823],[-36.59057,-6.9385],[-36.59252,-6.93184],[-36.59655,-6.93017],[-36.60782,-6.93945],[-36.61658,-6.94051],[-36.61898,-6.93398],[-36.6115,-6.9377],[-36.6036,-6.9305],[-36.5973,-6.9165],[-36.5899,-6.9087],[-36.5679,-6.8748],[-36.5668,-6.8666],[-36.5741,-6.8575],[-36.5698,-6.848],[-36.5602,-6.8408],[-36.5502,-6.8436],[-36.5437,-6.8421],[-36.5292,-6.8254],[-36.51,-6.8179],[-36.5055,-6.8088],[-36.5013,-6.7776],[-36.5048,-6.7539],[-36.5206,-6.7457],[-36.5239,-6.7383],[-36.5442,-6.7312],[-36.5579,-6.7126],[-36.5587,-6.7077],[-36.5474,-6.6951],[-36.5417,-6.6661],[-36.5313,-6.6349],[-36.523,-6.619],[-36.5207,-6.6106],[-36.5245,-6.5997],[-36.5138,-6.5944],[-36.502,-6.6015],[-36.4938,-6.6035],[-36.485,-6.6108],[-36.4717,-6.6166],[-36.4664,-6.6284],[-36.4605,-6.6344],[-36.4493,-6.6242],[-36.43767,-6.62852],[-36.4359,-6.6259],[-36.43859,-6.61514],[-36.41941,-6.63524],[-36.40954,-6.6579],[-36.40542,-6.63181],[-36.40804,-6.61357],[-36.40031,-6.60398],[-36.40593,-6.59058],[-36.41111,-6.54839],[-36.423,-6.54818],[-36.42369,-6.52249],[-36.42657,-6.52143],[-36.43531,-6.5046],[-36.44022,-6.50427],[-36.43513,-6.52439],[-36.44056,-6.52983],[-36.44639,-6.55177],[-36.44261,-6.56349],[-36.4444,-6.5583],[-36.4545,-6.5517],[-36.4715,-6.5484],[-36.4793,-6.5399],[-36.47538,-6.54149],[-36.47563,-6.5308],[-36.47313,-6.52284],[-36.47313,-6.50893],[-36.47497,-6.50598],[-36.47865,-6.51409],[-36.48419,-6.5145],[-36.48523,-6.51789],[-36.48844,-6.51799],[-36.5004,-6.5135],[-36.51711,-6.50279],[-36.51761,-6.4902],[-36.50674,-6.44017],[-36.50865,-6.44009],[-36.5003,-6.42115],[-36.47845,-6.39679],[-36.48951,-6.39386],[-36.46871,-6.36668],[-36.46613,-6.3618],[-36.4711,-6.36173],[-36.47022,-6.36036],[-36.4326,-6.3631],[-36.4285,-6.3597],[-36.3946,-6.294],[-36.3626,-6.31],[-36.3576,-6.31],[-36.3136,-6.2834],[-36.3035,-6.283],[-36.28094,-6.30928]],[[-36.42001,-6.73969],[-36.42216,-6.72611],[-36.42472,-6.72247],[-36.4309,-6.73848],[-36.43352,-6.74083],[-36.4378,-6.73939],[-36.44292,-6.74371],[-36.44277,-6.74602],[-36.43765,-6.74889],[-36.43962,-6.75572],[-36.4362,-6.75829],[-36.44396,-6.76157],[-36.43555,-6.78266],[-36.43068,-6.78519],[-36.4272,-6.79171],[-36.42255,-6.79349],[-36.41216,-6.7825],[-36.41827,-6.75605],[-36.41639,-6.74667],[-36.42001,-6.73969]],[[-36.43639,-6.80342],[-36.44528,-6.79876],[-36.45343,-6.80414],[-36.45783,-6.814],[-36.44943,-6.82255],[-36.43766,-6.82778],[-36.43465,-6.80642],[-36.43639,-6.80342]]],[[[-36.4422,-6.56484],[-36.43992,-6.57938],[-36.44165,-6.5855],[-36.4422,-6.56484]]]]}},{"type":"Feature","properties":{"SIGLA":"PP2_gamma_sc","NOME":"Complexo Santa Cruz","LITOTIPOS":"Augen gnaisse, Gnaisse, Metagranito, Metagranodiorito, Ortognaisse","AMBIENTE_TECTONICO":null,"ERA_MIN":"Paleoproterozóico","ERA_MAX":"Paleoproterozóico","IDADE_MIN":2050.1,"IDADE_MAX":2300.0,"LEGENDA":"Augen gnaisses graníticos, leucognaisses quartzo monzonitos a graníticos de granulação fina a média (2.069 - 2.230 Ma U -Pb); Ortognaisses de composição granítica, sienogranítica e monzogranítica com epidoto, biotita, com textura grossa equigranular e feições tipo augen.Tendência Cálcio-alcalina de alto K (2.750 - 2.200 Ma U -Pb). Ortognaisses de composição granodiorítica, monzodiorítica, diorítica e quartzo monzonítica com feição de augen, com biotita ± hornblenda e granulação média a grossa; Ortognaisses de composição tonalítica, com hornblenda + biotita + epidoto + diopsídio/hedenbergita, granulação média a grossa.","area_km2":89.29},"geometry":{"type":"MultiPolygon","coordinates":[[[[-36.25428,-6.40456],[-36.2512,-6.4044],[-36.25109,-6.40698],[-36.25428,-6.40456]]],[[[-36.0,-6.57699],[-36.01977,-6.61171],[-36.02047,-6.57221],[-36.03152,-6.53449],[-36.06795,-6.47477],[-36.08419,-6.43758],[-36.08875,-6.41635],[-36.0768,-6.4056],[-36.0681,-6.4154],[-36.061,-6.4109],[-36.0557,-6.4262],[-36.0367,-6.4443],[-36.0168,-6.452],[-36.0083,-6.4651],[-36.0129,-6.471],[-36.0053,-6.4811],[-36.0,-6.48243],[-36.0,-6.57699]]]]}},{"type":"Feature","properties":{"SIGLA":"NP3_gamma_2it18","NOME":"Corpo Plúton Monte das Gameleiras","LITOTIPOS":"Diorito, Granito, Granodiorito, Monzonito","AMBIENTE_TECTONICO":null,"ERA_MIN":"Neoproterozóico","ERA_MAX":"Neoproterozóico","IDADE_MIN":541.1,"IDADE_MAX":635.0,"LEGENDA":"Granito e granodiorito grossso a porfirítico associado a diorito e a fases intermediárias de mistura, com ou sem epidoto magmático; calcialcalinos de alto K;","area_km2":38.64},"geometry":{"type":"Polygon","coordinates":[[[-35.65945,-6.44798],[-35.66548,-6.45722],[-35.68267,-6.46164],[-35.69212,-6.46756],[-35.70426,-6.48663],[-35.71387,-6.49482],[-35.75342,-6.51227],[-35.75727,-6.50945],[-35.75795,-6.51156],[-35.775,-6.51299],[-35.78445,-6.50283],[-35.80956,-6.49295],[-35.81751,-6.48544],[-35.7733,-6.4828],[-35.7412,-6.4763],[-35.7262,-6.4696],[-35.7186,-6.4725],[-35.7072,-6.4695],[-35.682,-6.4479],[-35.6737,-6.4516],[-35.6636,-6.4468],[-35.65945,-6.44798]]]}},{"type":"Feature","properties":{"SIGLA":"PP2_gamma_sc","NOME":"Complexo Santa Cruz","LITOTIPOS":"Augen gnaisse, Gnaisse, Metagranito, Metagranodiorito, Ortognaisse","AMBIENTE_TECTONICO":null,"ERA_MIN":"Paleoproterozóico","ERA_MAX":"Paleoproterozóico","IDADE_MIN":2050.1,"IDADE_MAX":2300.0,"LEGENDA":"Augen gnaisses graníticos, leucognaisses quartzo monzonitos a graníticos de granulação fina a média (2.069 - 2.230 Ma U -Pb); Ortognaisses de composição granítica, sienogranítica e monzogranítica com epidoto, biotita, com textura grossa equigranular e feições tipo augen.Tendência Cálcio-alcalina de alto K (2.750 - 2.200 Ma U -Pb). Ortognaisses de composição granodiorítica, monzodiorítica, diorítica e quartzo monzonítica com feição de augen, com biotita ± hornblenda e granulação média a grossa; Ortognaisses de composição tonalítica, com hornblenda + biotita + epidoto + diopsídio/hedenbergita, granulação média a grossa.","area_km2":79.38},"geometry":{"type":"Polygon","coordinates":[[[-35.86882,-6.48851],[-35.87383,-6.50506],[-35.89392,-6.50332],[-35.89811,-6.50586],[-35.9107,-6.53672],[-35.91422,-6.55127],[-35.92399,-6.56049],[-35.93503,-6.56466],[-35.94346,-6.56091],[-35.95336,-6.55275],[-35.96406,-6.53691],[-35.97319,-6.52914],[-35.97857,-6.5345],[-35.98455,-6.55441],[-36.0,-6.57699],[-36.0,-6.48243],[-35.9747,-6.4888],[-35.9652,-6.4844],[-35.9578,-6.4893],[-35.9442,-6.493],[-35.86882,-6.48851]]]}},{"type":"Feature","properties":{"SIGLA":"NP3_gamma_2it45","NOME":"Corpo Plúton Sem Denominação","LITOTIPOS":"Diorito, Granito, Granodiorito, Monzonito","AMBIENTE_TECTONICO":null,"ERA_MIN":"Neoproterozóico","ERA_MAX":"Neoproterozóico","IDADE_MIN":541.1,"IDADE_MAX":635.0,"LEGENDA":"Granito, granodiorito, monzogranito e sienogranito equigranulares médios a grossos a inequigranulares porfiríticos, com fenocristais subédricos a euédricos de K-feldspato (1cm a 7cm) e de plagioclásio (0,5cm a 1cm). Associados a diorito e a fases intermediárias de mistura, com ou sem epidoto magmático. Suíte metaluminosa a levemente peraluminosa, calcialcalina de alto K e levemente shorshonítica. 580 Ma U-Pb.","area_km2":13.77},"geometry":{"type":"Polygon","coordinates":[[[-38.3025,-7.7915],[-38.29508,-7.77569],[-38.29261,-7.77445],[-38.28362,-7.77848],[-38.27948,-7.7852],[-38.26684,-7.79283],[-38.26122,-7.80505],[-38.26317,-7.82093],[-38.2703,-7.81473],[-38.29168,-7.81318],[-38.29508,-7.80977],[-38.29616,-7.81716],[-38.299,-7.7974],[-38.3025,-7.7915]]]}},{"type":"Feature","properties":{"SIGLA":"NP3_gamma_2c5","NOME":"Corpo Plúton sem denominação","LITOTIPOS":"Granodiorito, Quartzo diorito, Tonalito","AMBIENTE_TECTONICO":null,"ERA_MIN":"Neoproterozóico","ERA_MAX":"Neoproterozóico","IDADE_MIN":541.1,"IDADE_MAX":635.0,"LEGENDA":"Anfibólio-biotita tonalito/granodiorito com epidoto magmático, calcialcalino e fases subordinadas de diorito e gabro (SC24). Idade U-Pb = 635 ± 9Ma.","area_km2":1.93},"geometry":{"type":"MultiPolygon","coordinates":[[[[-38.56677,-7.75469],[-38.56699,-7.75506],[-38.56839,-7.75431],[-38.56677,-7.75469]]],[[[-38.59561,-7.74479],[-38.58772,-7.74363],[-38.57626,-7.74191],[-38.57694,-7.74976],[-38.581,-7.7476],[-38.5843,-7.7534],[-38.5936,-7.7543],[-38.59561,-7.74479]]]]}},{"type":"Feature","properties":{"SIGLA":"NP3_gamma_2c5","NOME":"Corpo Plúton sem denominação","LITOTIPOS":"Granodiorito, Quartzo diorito, Tonalito","AMBIENTE_TECTONICO":null,"ERA_MIN":"Neoproterozóico","ERA_MAX":"Neoproterozóico","IDADE_MIN":541.1,"IDADE_MAX":635.0,"LEGENDA":"Anfibólio-biotita tonalito/granodiorito com epidoto magmático, calcialcalino e fases subordinadas de diorito e gabro (SC24). Idade U-Pb = 635 ± 9Ma.","area_km2":8.03},"geometry":{"type":"MultiPolygon","coordinates":[[[[-38.44639,-7.70079],[-38.45193,-7.70698],[-38.45531,-7.71808],[-38.4571,-7.7181],[-38.4487,-7.69953],[-38.44639,-7.70079]]],[[[-38.46965,-7.73152],[-38.47151,-7.72309],[-38.4789,-7.71135],[-38.47879,-7.70393],[-38.47248,-7.69843],[-38.45319,-7.69694],[-38.44874,-7.69951],[-38.464,-7.7309],[-38.46965,-7.73152]]]]}},{"type":"Feature","properties":{"SIGLA":"NP3oa","NOME":"Formação Serra do Olho D'Água ","LITOTIPOS":"Mármore, Metaconglomerado polimítico, Metagrauvaca, Metarenito","AMBIENTE_TECTONICO":null,"ERA_MIN":"Neoproterozóico","ERA_MAX":"Neoproterozóico","IDADE_MIN":541.1,"IDADE_MAX":635.0,"LEGENDA":"Metaconglomerado, metagrauvaca e quartzito localmente conglomerático, com níveis de filitos gradando no topo para metaconglomerado polimítico.","area_km2":1.45},"geometry":{"type":"Polygon","coordinates":[[[-38.45531,-7.71808],[-38.45193,-7.70698],[-38.44639,-7.70079],[-38.4441,-7.71831],[-38.45531,-7.71808]]]}},{"type":"Feature","properties":{"SIGLA":"NP3_gamma_2c5","NOME":"Corpo Plúton sem denominação","LITOTIPOS":"Granodiorito, Quartzo diorito, Tonalito","AMBIENTE_TECTONICO":null,"ERA_MIN":"Neoproterozóico","ERA_MAX":"Neoproterozóico","IDADE_MIN":541.1,"IDADE_MAX":635.0,"LEGENDA":"Anfibólio-biotita tonalito/granodiorito com epidoto magmático, calcialcalino e fases subordinadas de diorito e gabro (SC24). Idade U-Pb = 635 ± 9Ma.","area_km2":42.67},"geometry":{"type":"Polygon","coordinates":[[[-38.43638,-7.67995],[-38.47285,-7.69336],[-38.53192,-7.72532],[-38.54584,-7.71757],[-38.5509,-7.71076],[-38.55007,-7.70712],[-38.54051,-7.70519],[-38.53954,-7.69608],[-38.5283,-7.68166],[-38.48878,-7.66687],[-38.46792,-7.66417],[-38.46178,-7.66044],[-38.44691,-7.65765],[-38.43762,-7.66414],[-38.43638,-7.67995]]]}},{"type":"Feature","properties":{"SIGLA":"PP3se","NOME":"Complexo Sertânia","LITOTIPOS":"Anfibolito, Granada-biotita gnaisse, Mármore calcítico, Mármore dolomítico, Paragnaisse, Paramigmatito, Rocha calcissilicática, Rocha metavulcânica","AMBIENTE_TECTONICO":null,"ERA_MIN":"Paleoproterozóico","ERA_MAX":"Paleoproterozóico","IDADE_MIN":1800.1,"IDADE_MAX":2050.0,"LEGENDA":"Granada-silimanita-muscovita-biotita gnaisses com transição para gnaisses migmatizados estromáticos e anfibolitos; Muscovita-biotita gnaisse, biotita gnaisse, biotita xisto com granada e/ou sillimanita e/ou muscovita, biotita paragnaisses pelíticos com granada e/ou  sillimanita, migmatizados, com intercalações de mármore, rocha calcissilicática, quartzito e raro metavulcanito básico. U-Pb em zircão detrítico. < 1951 Ma. U-Pb em zircão detrítico: < 1,87 Ga.","area_km2":390.96},"geometry":{"type":"MultiPolygon","coordinates":[[[[-37.14556,-8.0935],[-37.06352,-8.12575],[-37.04293,-8.1315],[-37.04124,-8.13016],[-37.05209,-8.12306],[-37.04932,-8.121],[-37.0243,-8.12122],[-37.01138,-8.11587],[-37.01945,-8.10926],[-37.01452,-8.09974],[-37.02392,-8.08846],[-37.02571,-8.07198],[-37.05115,-8.06394],[-37.05808,-8.05762],[-37.07538,-8.06056],[-37.08837,-8.04819],[-37.06717,-8.03251],[-37.07793,-8.0241],[-37.09042,-8.0],[-37.05222,-8.0],[-37.05225,-8.00836],[-37.04926,-8.01053],[-37.03745,-8.00898],[-37.03027,-8.0],[-37.02524,-8.0],[-37.02083,-8.00979],[-36.99789,-8.03594],[-36.98106,-8.04549],[-36.96711,-8.04732],[-36.94262,-8.04207],[-36.92145,-8.03097],[-36.94931,-8.03172],[-36.96383,-8.02592],[-36.96901,-8.01609],[-36.96542,-8.0],[-36.95716,-8.0],[-36.95342,-8.01386],[-36.94632,-8.02138],[-36.92734,-8.0252],[-36.90974,-8.02085],[-36.88026,-8.00648],[-36.87203,-8.0],[-36.82439,-8.0],[-36.8581,-8.03078],[-36.91009,-8.09399],[-36.97639,-8.15921],[-36.99048,-8.17024],[-37.02861,-8.18766],[-37.04831,-8.19944],[-37.07938,-8.22307],[-37.0809,-8.2219],[-37.0899,-8.2312],[-37.1004,-8.2337],[-37.1104,-8.2255],[-37.11898,-8.21424],[-37.0962,-8.19015],[-37.09567,-8.18313],[-37.09823,-8.17781],[-37.10275,-8.17561],[-37.11847,-8.17789],[-37.1183,-8.1754],[-37.1265,-8.1737],[-37.1412,-8.1772],[-37.1602,-8.1704],[-37.1634,-8.1587],[-37.151,-8.15],[-37.1586,-8.1389],[-37.1532,-8.1275],[-37.1348,-8.1231],[-37.1442,-8.125],[-37.1426,-8.1179],[-37.1469,-8.1092],[-37.1478,-8.1001],[-37.14556,-8.0935]],[[-36.9973,-8.09849],[-37.00597,-8.09443],[-37.00339,-8.09983],[-36.99578,-8.10078],[-36.9973,-8.10496],[-37.00187,-8.10687],[-37.0011,-8.10839],[-36.99654,-8.10896],[-36.99616,-8.11353],[-36.99273,-8.11467],[-36.99425,-8.10649],[-36.98931,-8.09926],[-36.99007,-8.09697],[-36.9973,-8.09849]],[[-36.8815,-8.04079],[-36.87339,-8.03493],[-36.84917,-8.00702],[-36.85305,-8.00815],[-36.86839,-8.02302],[-36.8815,-8.04079]],[[-36.93564,-8.08264],[-36.89987,-8.05319],[-36.88776,-8.03893],[-36.91913,-8.06467],[-36.93564,-8.08264]]],[[[-37.13637,-8.0],[-37.11648,-8.01797],[-37.10987,-8.037],[-37.09875,-8.05633],[-37.11723,-8.05557],[-37.12718,-8.05236],[-37.13504,-8.04784],[-37.14077,-8.0407],[-37.1518,-8.0094],[-37.15843,-8.0],[-37.13637,-8.0]],[[-37.13407,-8.0449],[-37.12442,-8.04632],[-37.1183,-8.03931],[-37.11802,-8.02563],[-37.1251,-8.01805],[-37.13378,-8.01851],[-37.14035,-8.02653],[-37.13846,-8.03782],[-37.13407,-8.0449]]],[[[-36.88252,-8.0],[-36.89252,-8.00546],[-36.92202,-8.00759],[-36.93434,-8.00239],[-36.94671,-8.00346],[-36.94982,-8.0],[-36.88252,-8.0]]]]}},{"type":"Feature","properties":{"SIGLA":"NP2_gamma_i","NOME":"Corpo Granitoides indiscriminados brasilianos","LITOTIPOS":"Metagranito, Metagranodiorito, Metamonzodiorito, Metatonalito, Ortognaisse","AMBIENTE_TECTONICO":null,"ERA_MIN":"Neoproterozóico","ERA_MAX":"Neoproterozóico","IDADE_MIN":635.1,"IDADE_MAX":720.0,"LEGENDA":"Metagranitóides, ortognaisses e ortognaisses migmatíticos de composições monzogranítica, granodiorítica, quartzo-monzonítica e tonalítica. Possuem enclaves máficos e xenólitos. Natureza química indiscriminada. ","area_km2":4.62},"geometry":{"type":"Polygon","coordinates":[[[-37.03563,-8.27268],[-37.00964,-8.25746],[-36.99109,-8.24927],[-37.02747,-8.28377],[-37.03563,-8.27268]]]}},{"type":"Feature","properties":{"SIGLA":"PP2o","NOME":"Complexo Orobó 1","LITOTIPOS":"Anfibolito, Ortognaisse","AMBIENTE_TECTONICO":null,"ERA_MIN":"Paleoproterozóico","ERA_MAX":"Paleoproterozóico","IDADE_MIN":2050.1,"IDADE_MAX":2300.0,"LEGENDA":"Anfibólio-biotita-granada ortognaisses cinza, com granulação média a fina com marcante bandamento centimétrico a decimétrico, caracterizado pela alternância de camadas félsicas de composição monzogranitica e camadas máficas de composição monzodiorítica a quartzo ¿ monzodiorítica, com lentes de anfibolito.  (Sillimanita)-(granada)-biotita-(anfibólio) gnaisses, (granada)-muscovita- biotita gnaisses, às vezes migmatizados e raros micaxistos. Possuem intercalações de rochas metamáficas e, por vezes, de leucognaisses graníticos a granodioríticos, subordinados níveis de quartzitos e restritas intercalações de mármores e anfibolitos. Afinidade geoquímica cálcio-alcalina de médio a alto potássio, metaluminosa a peraluminosa. 2.103 Ma; U-Pb em zircão: 2,13 - 1,97 Ga. 2,085 + 15Ma.","area_km2":310.16},"geometry":{"type":"Polygon","coordinates":[[[-37.07938,-8.22307],[-37.02861,-8.18766],[-36.94757,-8.1492],[-36.9189,-8.13838],[-36.87324,-8.12806],[-36.84752,-8.11595],[-36.83526,-8.10154],[-36.82974,-8.08861],[-36.8301,-8.0799],[-36.8383,-8.07212],[-36.85752,-8.07123],[-36.88747,-8.07778],[-36.91009,-8.09399],[-36.86506,-8.0384],[-36.82439,-8.0],[-36.78171,-8.0],[-36.77646,-8.00523],[-36.75376,-8.00827],[-36.74669,-8.0177],[-36.74245,-8.01648],[-36.75037,-8.03462],[-36.75505,-8.05468],[-36.82313,-8.11901],[-36.84724,-8.12959],[-36.89042,-8.13969],[-36.8397,-8.1355],[-36.85161,-8.14547],[-36.85125,-8.1495],[-36.84652,-8.15493],[-36.86205,-8.16985],[-36.86024,-8.17472],[-36.85549,-8.17504],[-36.87216,-8.18525],[-36.93364,-8.22043],[-36.97794,-8.23981],[-36.99109,-8.24927],[-37.03563,-8.27268],[-37.0403,-8.2662],[-37.0582,-8.264],[-37.0757,-8.268],[-37.0822,-8.2619],[-37.0806,-8.2411],[-37.0665,-8.233],[-37.07938,-8.22307]]]}},{"type":"Feature","properties":{"SIGLA":"NP2_gamma_i","NOME":"Corpo Granitoides indiscriminados brasilianos","LITOTIPOS":"Metagranito, Metagranodiorito, Metamonzodiorito, Metatonalito, Ortognaisse","AMBIENTE_TECTONICO":null,"ERA_MIN":"Neoproterozóico","ERA_MAX":"Neoproterozóico","IDADE_MIN":635.1,"IDADE_MAX":720.0,"LEGENDA":"Metagranitóides, ortognaisses e ortognaisses migmatíticos de composições monzogranítica, granodiorítica, quartzo-monzonítica e tonalítica. Possuem enclaves máficos e xenólitos. Natureza química indiscriminada. ","area_km2":8.65},"geometry":{"type":"Polygon","coordinates":[[[-37.11847,-8.17789],[-37.10275,-8.17561],[-37.09823,-8.17781],[-37.09567,-8.18313],[-37.0962,-8.19015],[-37.11898,-8.21424],[-37.1229,-8.2091],[-37.1261,-8.1915],[-37.1189,-8.184],[-37.11847,-8.17789]]]}},{"type":"Feature","properties":{"SIGLA":"NP23sc","NOME":"Complexo Surubim - Caroalina","LITOTIPOS":"Granada-biotita gnaisse, Mármore, Muscovita quartzito, Paragnaisse, Rocha calcissilicática, Xisto pelítico","AMBIENTE_TECTONICO":null,"ERA_MIN":"Neoproterozóico","ERA_MAX":"Neoproterozóico","IDADE_MIN":541.1,"IDADE_MAX":720.0,"LEGENDA":"Granada-biotita gnaisse e granada-biotita xisto com cianita, muscovita ou sillimanita, apresentando intercalações de mármore, quartzito micáceo, biotita-muscovita xisto e raras lentes anfibolíticas. Existem ainda micaxistos granatíferos com sillimanita, paragnaisses pelíticos a semi-pelíticos, leucognaisses, anfibólio-biotita paragnaisse, paranfibolitos, rochas cálciossilicáticas e quartzitos. Migmatização localizada. U-Pb em zircão detrítico: < 642 Ma.","area_km2":115.06},"geometry":{"type":"Polygon","coordinates":[[[-37.15091,-8.01522],[-37.14077,-8.0407],[-37.13504,-8.04784],[-37.11723,-8.05557],[-37.09875,-8.05633],[-37.10987,-8.037],[-37.11648,-8.01797],[-37.13637,-8.0],[-37.09042,-8.0],[-37.07793,-8.0241],[-37.06717,-8.03251],[-37.08837,-8.04819],[-37.07538,-8.06056],[-37.05808,-8.05762],[-37.05115,-8.06394],[-37.02571,-8.07198],[-37.02392,-8.08846],[-37.01452,-8.09974],[-37.01945,-8.10926],[-37.01138,-8.11587],[-37.0243,-8.12122],[-37.04932,-8.121],[-37.05209,-8.12306],[-37.04124,-8.13016],[-37.04293,-8.1315],[-37.06352,-8.12575],[-37.14556,-8.0935],[-37.1437,-8.088],[-37.1466,-8.0786],[-37.1568,-8.0645],[-37.1581,-8.0512],[-37.1484,-8.0351],[-37.15091,-8.01522]]]}},{"type":"Feature","properties":{"SIGLA":"C_cortado_12_gamma_4p2","NOME":"Corpo Plúton sem denominação","LITOTIPOS":"Biotita sienogranito, Diorito, Monzodiorito, Monzogranito, Norito, Quartzo monzonito","AMBIENTE_TECTONICO":null,"ERA_MIN":"Paleozóico","ERA_MAX":"Paleozóico","IDADE_MIN":485.5,"IDADE_MAX":541.0,"LEGENDA":"Sienogranito com basalto e dacito comagmáticos, subalcalinos a alcalinos; inclui granito, granodiorito e quartzo-monzonito da região de Floresta","area_km2":6.02},"geometry":{"type":"Polygon","coordinates":[[[-37.1268,-8.04682],[-37.13575,-8.04305],[-37.14054,-8.02879],[-37.13803,-8.02199],[-37.12952,-8.0174],[-37.12111,-8.02083],[-37.11715,-8.02971],[-37.11917,-8.04162],[-37.1268,-8.04682]]]}},{"type":"Feature","properties":{"SIGLA":"PPMP_gamma_c","NOME":"Suíte Camalaú","LITOTIPOS":"Augen gnaisse, Metagranito, Metamonzonito, Metassienito, Metatonalito, Metatrondhjemito, Ortognaisse, Ortognaisse monzogranítico","AMBIENTE_TECTONICO":null,"ERA_MIN":"Mesoproterozóico","ERA_MAX":"Paleoproterozóico","IDADE_MIN":1000.1,"IDADE_MAX":2500.0,"LEGENDA":"Ortognaisse monzonítico a monzograníticos e/ou tonalítico-trondhjemítico-granítico e sienítico. Por vezes granadíferos com anfibólio e piroxênio associados espacialmente a rochas metagabróicas e metanortosíticas.","area_km2":2.06},"geometry":{"type":"Polygon","coordinates":[[[-37.03027,-8.0],[-37.03745,-8.00898],[-37.0518,-8.00964],[-37.05222,-8.0],[-37.03027,-8.0]]]}},{"type":"Feature","properties":{"SIGLA":"PPMP_gamma_c","NOME":"Suíte Camalaú","LITOTIPOS":"Augen gnaisse, Metagranito, Metamonzonito, Metassienito, Metatonalito, Metatrondhjemito, Ortognaisse, Ortognaisse monzogranítico","AMBIENTE_TECTONICO":null,"ERA_MIN":"Mesoproterozóico","ERA_MAX":"Paleoproterozóico","IDADE_MIN":1000.1,"IDADE_MAX":2500.0,"LEGENDA":"Ortognaisse monzonítico a monzograníticos e/ou tonalítico-trondhjemítico-granítico e sienítico. Por vezes granadíferos com anfibólio e piroxênio associados espacialmente a rochas metagabróicas e metanortosíticas.","area_km2":6.01},"geometry":{"type":"Polygon","coordinates":[[[-37.05222,-8.0],[-37.05629,-7.99358],[-37.05769,-7.98531],[-37.05693,-7.97829],[-37.05288,-7.97579],[-37.03919,-7.98],[-37.03067,-7.99466],[-37.03027,-8.0],[-37.05222,-8.0]]]}},{"type":"Feature","properties":{"SIGLA":"NP3_gamma_i","NOME":"Corpo Granitoides indiscriminados brasilianos","LITOTIPOS":"Biotita granito, Granito pórfiro, Granitoide, Granodiorito, Metagranito, Monzogranito, Quartzo diorito, Quartzo monzonito, Sienogranito, Tonalito","AMBIENTE_TECTONICO":null,"ERA_MIN":"Neoproterozóico","ERA_MAX":"Neoproterozóico","IDADE_MIN":541.1,"IDADE_MAX":635.0,"LEGENDA":"Granitoides de composição petrográfica diversa e quimismo não determinado. Granitoides cinzentos, geralmente de granulometria média a grossa (fácies porfirítica subordinada), de composição granítica dominante, em parte com enclaves dioríticos, em jazimentos individualizados ou intrusivos, de foliação incipiente, alguns gnaissificados e fortemente milonitizados. Monzogranito, granodiorito, tonalito e sienogranito cinza claro a róseo, com granulação fina, foliação definida pela orientação preferencial da biotita; possuem xenólitos; Sienito isotrópico fino a médio, inequigranular e porfirítico.; Hornblenda -biotita diorito e monzodiorito inequigranular fino, foliado, de coloração cinza escura, com enclaves microgranulares e clots de biotita; Biotita metaquartzo sienito a granito peraluminoso, metagranito com biotita metaluminoso e hiperstênio-hornblenda metatonalito. Localmente, exibem foliação magmática; Também ocorrem quartzo diorito, granodiorito, tonalito e quartzo monzonito fortemente milonitizados. Também ocorrem quartzo diorito, granodiorito, tonalito e quartzo monzonito.","area_km2":0.26},"geometry":{"type":"Polygon","coordinates":[[[-37.30645,-7.96863],[-37.29807,-7.96552],[-37.29559,-7.96692],[-37.3033,-7.9702],[-37.30645,-7.96863]]]}},{"type":"Feature","properties":{"SIGLA":"PPMP_gamma_c","NOME":"Suíte Camalaú","LITOTIPOS":"Augen gnaisse, Metagranito, Metamonzonito, Metassienito, Metatonalito, Metatrondhjemito, Ortognaisse, Ortognaisse monzogranítico","AMBIENTE_TECTONICO":null,"ERA_MIN":"Mesoproterozóico","ERA_MAX":"Paleoproterozóico","IDADE_MIN":1000.1,"IDADE_MAX":2500.0,"LEGENDA":"Ortognaisse monzonítico a monzograníticos e/ou tonalítico-trondhjemítico-granítico e sienítico. Por vezes granadíferos com anfibólio e piroxênio associados espacialmente a rochas metagabróicas e metanortosíticas.","area_km2":6.65},"geometry":{"type":"Polygon","coordinates":[[[-37.19757,-7.95583],[-37.19393,-7.94743],[-37.18779,-7.94745],[-37.17916,-7.96794],[-37.17585,-7.99656],[-37.1842,-7.9913],[-37.1883,-7.983],[-37.19293,-7.98291],[-37.1927,-7.9606],[-37.19757,-7.95583]]]}},{"type":"Feature","properties":{"SIGLA":"NP23sc","NOME":"Complexo Surubim - Caroalina","LITOTIPOS":"Granada-biotita gnaisse, Mármore, Muscovita quartzito, Paragnaisse, Rocha calcissilicática, Xisto pelítico","AMBIENTE_TECTONICO":null,"ERA_MIN":"Neoproterozóico","ERA_MAX":"Neoproterozóico","IDADE_MIN":541.1,"IDADE_MAX":720.0,"LEGENDA":"Granada-biotita gnaisse e granada-biotita xisto com cianita, muscovita ou sillimanita, apresentando intercalações de mármore, quartzito micáceo, biotita-muscovita xisto e raras lentes anfibolíticas. Existem ainda micaxistos granatíferos com sillimanita, paragnaisses pelíticos a semi-pelíticos, leucognaisses, anfibólio-biotita paragnaisse, paranfibolitos, rochas cálciossilicáticas e quartzitos. Migmatização localizada. U-Pb em zircão detrítico: < 642 Ma.","area_km2":28.69},"geometry":{"type":"Polygon","coordinates":[[[-37.13637,-8.0],[-37.14679,-7.98517],[-37.14766,-7.9803],[-37.14268,-7.96924],[-37.13386,-7.95814],[-37.12694,-7.93727],[-37.12027,-7.93551],[-37.1049,-7.94853],[-37.10054,-7.97642],[-37.09158,-7.99161],[-37.09042,-8.0],[-37.13637,-8.0]]]}},{"type":"Feature","properties":{"SIGLA":"PP3jb","NOME":"Complexo Serra de Jabitacá","LITOTIPOS":"Metagranodiorito, Metatonalito, Migmatito","AMBIENTE_TECTONICO":null,"ERA_MIN":"Paleoproterozóico","ERA_MAX":"Paleoproterozóico","IDADE_MIN":1800.1,"IDADE_MAX":2050.0,"LEGENDA":"Ortognaisse e migmatito tonalítico-granodiorítico, com paragnaisse, anfibolito e leptinito. U-Pb em Zircão: 2,033Ga.","area_km2":166.3},"geometry":{"type":"Polygon","coordinates":[[[-36.96743,-7.9628],[-36.96037,-7.98115],[-36.96097,-7.99406],[-36.96542,-8.0],[-37.02524,-8.0],[-37.06236,-7.92026],[-37.0722,-7.91211],[-37.10343,-7.89886],[-37.12126,-7.87862],[-37.13488,-7.86796],[-37.12346,-7.86783],[-37.09697,-7.85255],[-37.08025,-7.85756],[-37.06984,-7.84254],[-37.04649,-7.8296],[-37.03124,-7.82599],[-37.00222,-7.82381],[-36.98053,-7.81289],[-36.97238,-7.81155],[-36.96995,-7.81575],[-36.97197,-7.82384],[-37.0127,-7.89828],[-37.01809,-7.91737],[-37.01034,-7.94369],[-37.01032,-7.95953],[-37.00697,-7.97839],[-37.00426,-7.97777],[-37.00102,-7.96346],[-36.99586,-7.96182],[-36.99199,-7.95681],[-36.98114,-7.95807],[-36.9716,-7.95128],[-36.96714,-7.95743],[-36.96743,-7.9628]]]}},{"type":"Feature","properties":{"SIGLA":"NP3_gamma_2it30","NOME":"Corpo Plúton Serra Gado Bravo ( Serra Jabitacá )","LITOTIPOS":"Diorito, Granito, Granodiorito, Monzonito","AMBIENTE_TECTONICO":null,"ERA_MIN":"Neoproterozóico","ERA_MAX":"Neoproterozóico","IDADE_MIN":541.1,"IDADE_MAX":635.0,"LEGENDA":"Granito e granodiorito grosso e porfirítico associados a diorito e a fases intermediárias de mistura, com ou sem epidoto magmático, calcialcalinos de alto K","area_km2":39.14},"geometry":{"type":"MultiPolygon","coordinates":[[[[-37.18311,-7.79532],[-37.18946,-7.80619],[-37.20597,-7.82437],[-37.22282,-7.83626],[-37.2282,-7.8215],[-37.2405,-7.8231],[-37.2437,-7.819],[-37.2302,-7.8131],[-37.2306,-7.8067],[-37.223,-7.8041],[-37.2174,-7.8067],[-37.198,-7.7989],[-37.1915,-7.7912],[-37.183,-7.7907],[-37.18311,-7.79532]]],[[[-37.25378,-7.87932],[-37.24829,-7.88179],[-37.25279,-7.89014],[-37.27416,-7.90692],[-37.29312,-7.91386],[-37.29841,-7.91835],[-37.30028,-7.92378],[-37.28319,-7.9213],[-37.27862,-7.92434],[-37.27749,-7.92931],[-37.27924,-7.93239],[-37.28472,-7.9354],[-37.29763,-7.93565],[-37.30079,-7.93922],[-37.30108,-7.94498],[-37.31101,-7.94473],[-37.31773,-7.94844],[-37.32769,-7.95987],[-37.33293,-7.97656],[-37.3403,-7.9797],[-37.3406,-7.9751],[-37.3574,-7.975],[-37.352,-7.9685],[-37.3477,-7.9544],[-37.3502,-7.9486],[-37.3347,-7.943],[-37.3303,-7.9447],[-37.309,-7.9342],[-37.3114,-7.9216],[-37.308,-7.9079],[-37.3037,-7.9042],[-37.2874,-7.9039],[-37.25378,-7.87932]]],[[[-37.22507,-7.84287],[-37.22452,-7.85175],[-37.2418,-7.84504],[-37.2259,-7.8447],[-37.22507,-7.84287]]]]}},{"type":"Feature","properties":{"SIGLA":"C_cortado_12_gamma_4p2","NOME":"Corpo Plúton sem denominação","LITOTIPOS":"Biotita sienogranito, Diorito, Monzodiorito, Monzogranito, Norito, Quartzo monzonito","AMBIENTE_TECTONICO":null,"ERA_MIN":"Paleozóico","ERA_MAX":"Paleozóico","IDADE_MIN":485.5,"IDADE_MAX":541.0,"LEGENDA":"Sienogranito com basalto e dacito comagmáticos, subalcalinos a alcalinos; inclui granito, granodiorito e quartzo-monzonito da região de Floresta","area_km2":11.14},"geometry":{"type":"Polygon","coordinates":[[[-37.24159,-7.84502],[-37.22452,-7.85175],[-37.21827,-7.86038],[-37.21748,-7.87221],[-37.22959,-7.8827],[-37.24045,-7.88353],[-37.25378,-7.87932],[-37.2441,-7.8738],[-37.2458,-7.8589],[-37.2502,-7.8549],[-37.2472,-7.8468],[-37.24159,-7.84502]]]}},{"type":"Feature","properties":{"SIGLA":"PP3jb","NOME":"Complexo Serra de Jabitacá","LITOTIPOS":"Metagranodiorito, Metatonalito, Migmatito","AMBIENTE_TECTONICO":null,"ERA_MIN":"Paleoproterozóico","ERA_MAX":"Paleoproterozóico","IDADE_MIN":1800.1,"IDADE_MAX":2050.0,"LEGENDA":"Ortognaisse e migmatito tonalítico-granodiorítico, com paragnaisse, anfibolito e leptinito. U-Pb em Zircão: 2,033Ga.","area_km2":164.71},"geometry":{"type":"MultiPolygon","coordinates":[[[[-37.14925,-7.70801],[-37.15125,-7.67598],[-37.14807,-7.65609],[-37.12161,-7.67953],[-37.11257,-7.68387],[-37.10095,-7.68364],[-37.08341,-7.67582],[-37.07644,-7.67554],[-37.07923,-7.69031],[-37.1099,-7.71896],[-37.15209,-7.77968],[-37.157,-7.773],[-37.1389,-7.7455],[-37.1506,-7.729],[-37.15126,-7.71432],[-37.14925,-7.70801]]],[[[-37.22274,-7.83612],[-37.20834,-7.82646],[-37.19526,-7.81299],[-37.18647,-7.80201],[-37.18193,-7.79152],[-37.1707,-7.8002],[-37.1607,-7.79372],[-37.16251,-7.79669],[-37.15447,-7.80933],[-37.15904,-7.84327],[-37.1769,-7.82917],[-37.18383,-7.81723],[-37.18621,-7.81687],[-37.18927,-7.8303],[-37.1969,-7.84653],[-37.19519,-7.85978],[-37.18779,-7.86968],[-37.19027,-7.87482],[-37.19499,-7.8772],[-37.21237,-7.87911],[-37.21472,-7.88201],[-37.21584,-7.88765],[-37.20987,-7.90797],[-37.19528,-7.91796],[-37.2004,-7.92662],[-37.21771,-7.94279],[-37.21998,-7.95168],[-37.21908,-7.95941],[-37.2215,-7.9635],[-37.2196,-7.9728],[-37.2411,-7.9728],[-37.247,-7.9694],[-37.258,-7.9704],[-37.2635,-7.9682],[-37.2774,-7.972],[-37.2918,-7.9653],[-37.3069,-7.96925],[-37.3124,-7.9678],[-37.33293,-7.97656],[-37.32769,-7.95987],[-37.31773,-7.94844],[-37.31101,-7.94473],[-37.30108,-7.94498],[-37.30079,-7.93922],[-37.29763,-7.93565],[-37.28472,-7.9354],[-37.27796,-7.93059],[-37.27862,-7.92434],[-37.28319,-7.9213],[-37.30028,-7.92378],[-37.29715,-7.91635],[-37.27416,-7.90692],[-37.25105,-7.8885],[-37.24829,-7.88179],[-37.22959,-7.8827],[-37.21878,-7.87428],[-37.2172,-7.86396],[-37.22032,-7.85547],[-37.22452,-7.85175],[-37.22545,-7.84541],[-37.22274,-7.83612]]]]}},{"type":"Feature","properties":{"SIGLA":"PP3se","NOME":"Complexo Sertânia","LITOTIPOS":"Anfibolito, Granada-biotita gnaisse, Mármore calcítico, Mármore dolomítico, Paragnaisse, Paramigmatito, Rocha calcissilicática, Rocha metavulcânica","AMBIENTE_TECTONICO":null,"ERA_MIN":"Paleoproterozóico","ERA_MAX":"Paleoproterozóico","IDADE_MIN":1800.1,"IDADE_MAX":2050.0,"LEGENDA":"Granada-silimanita-muscovita-biotita gnaisses com transição para gnaisses migmatizados estromáticos e anfibolitos; Muscovita-biotita gnaisse, biotita gnaisse, biotita xisto com granada e/ou sillimanita e/ou muscovita, biotita paragnaisses pelíticos com granada e/ou  sillimanita, migmatizados, com intercalações de mármore, rocha calcissilicática, quartzito e raro metavulcanito básico. U-Pb em zircão detrítico. < 1951 Ma. U-Pb em zircão detrítico: < 1,87 Ga.","area_km2":20.69},"geometry":{"type":"Polygon","coordinates":[[[-37.19545,-7.63201],[-37.17511,-7.64253],[-37.16497,-7.65251],[-37.14807,-7.65609],[-37.15125,-7.67598],[-37.1492,-7.70158],[-37.15126,-7.71432],[-37.1545,-7.7064],[-37.1741,-7.6843],[-37.1768,-7.6728],[-37.1878,-7.6576],[-37.1951,-7.6521],[-37.1979,-7.6353],[-37.19545,-7.63201]]]}},{"type":"Feature","properties":{"SIGLA":"NP3_gamma_3ts2","NOME":"Corpo Plúton Solidão","LITOTIPOS":"Granito, Granito pórfiro","AMBIENTE_TECTONICO":null,"ERA_MIN":"Neoproterozóico","ERA_MAX":"Neoproterozóico","IDADE_MIN":541.1,"IDADE_MAX":635.0,"LEGENDA":"Leucogranito e biotita-anfibólio sienito transicional shorshonítico-alcalino.","area_km2":6.79},"geometry":{"type":"Polygon","coordinates":[[[-37.76887,-7.653],[-37.76137,-7.64337],[-37.74355,-7.63201],[-37.7404,-7.6361],[-37.7442,-7.6545],[-37.7506,-7.6629],[-37.761,-7.6668],[-37.76887,-7.653]]]}},{"type":"Feature","properties":{"SIGLA":"PP3jb","NOME":"Complexo Serra de Jabitacá","LITOTIPOS":"Metagranodiorito, Metatonalito, Migmatito","AMBIENTE_TECTONICO":null,"ERA_MIN":"Paleoproterozóico","ERA_MAX":"Paleoproterozóico","IDADE_MIN":1800.1,"IDADE_MAX":2050.0,"LEGENDA":"Ortognaisse e migmatito tonalítico-granodiorítico, com paragnaisse, anfibolito e leptinito. U-Pb em Zircão: 2,033Ga.","area_km2":74.51},"geometry":{"type":"Polygon","coordinates":[[[-36.96347,-7.66037],[-36.9782,-7.67288],[-36.98271,-7.68234],[-36.98395,-7.70282],[-36.97852,-7.72359],[-36.98429,-7.73388],[-36.98901,-7.7385],[-37.00092,-7.73979],[-37.02598,-7.7517],[-37.03755,-7.76853],[-37.03829,-7.767],[-37.04479,-7.77026],[-37.04475,-7.77265],[-37.04164,-7.77352],[-37.04965,-7.78374],[-37.06943,-7.79486],[-37.07626,-7.80558],[-37.07245,-7.79153],[-37.05643,-7.76862],[-37.04542,-7.74657],[-37.04433,-7.73878],[-37.04626,-7.7318],[-37.05221,-7.72626],[-37.07659,-7.71844],[-37.07944,-7.71608],[-37.07935,-7.71269],[-37.04188,-7.6996],[-37.03245,-7.6868],[-37.02543,-7.67144],[-37.01883,-7.66685],[-37.00716,-7.6641],[-36.99121,-7.66435],[-36.97284,-7.65751],[-36.96685,-7.65741],[-36.96347,-7.66037]]]}},{"type":"Feature","properties":{"SIGLA":"PP2cb","NOME":"Unidade Cabaceiras","LITOTIPOS":"Migmatito, Ortognaisse granítico, Ortognaisse granodiorítico","AMBIENTE_TECTONICO":null,"ERA_MIN":"Paleoproterozóico","ERA_MAX":"Paleoproterozóico","IDADE_MIN":2050.1,"IDADE_MAX":2300.0,"LEGENDA":"Biotita-anfibólio ortognaisses migmatíticos, granoblásticos finos a médios, de cor cinza, (por vezes bandado), apresentando mesossomas com composição monzogranítica a granodiorítica, podendo conter granada no leucossoma, com níveis anfibolíticos e enclaves dioríticos. Metaluminoso a peraluminoso, calcioalcalino de médio a alto K. U-Pb em zircão: 2,115 - 2,016 Ga; 2,055 Ga+ 20Ma.","area_km2":72.7},"geometry":{"type":"Polygon","coordinates":[[[-37.17683,-7.59506],[-37.16669,-7.61535],[-37.14114,-7.61954],[-37.13553,-7.63137],[-37.13165,-7.63413],[-37.11231,-7.63395],[-37.09318,-7.62787],[-37.07269,-7.64053],[-37.03581,-7.63656],[-37.03381,-7.63762],[-37.0337,-7.64242],[-37.0736,-7.68664],[-37.07923,-7.69031],[-37.07649,-7.68136],[-37.0773,-7.675],[-37.10095,-7.68364],[-37.11511,-7.68313],[-37.12161,-7.67953],[-37.14378,-7.65833],[-37.16497,-7.65251],[-37.17511,-7.64253],[-37.19608,-7.63119],[-37.1928,-7.6238],[-37.1832,-7.613],[-37.17683,-7.59506]]]}},{"type":"Feature","properties":{"SIGLA":"PPMP_gamma_c","NOME":"Suíte Camalaú","LITOTIPOS":"Augen gnaisse, Metagranito, Metamonzonito, Metassienito, Metatonalito, Metatrondhjemito, Ortognaisse, Ortognaisse monzogranítico","AMBIENTE_TECTONICO":null,"ERA_MIN":"Mesoproterozóico","ERA_MAX":"Paleoproterozóico","IDADE_MIN":1000.1,"IDADE_MAX":2500.0,"LEGENDA":"Ortognaisse monzonítico a monzograníticos e/ou tonalítico-trondhjemítico-granítico e sienítico. Por vezes granadíferos com anfibólio e piroxênio associados espacialmente a rochas metagabróicas e metanortosíticas.","area_km2":0.59},"geometry":{"type":"Polygon","coordinates":[[[-37.0739,-7.51748],[-37.0835,-7.52203],[-37.09637,-7.52357],[-37.0793,-7.5166],[-37.0739,-7.51748]]]}},{"type":"Feature","properties":{"SIGLA":"NP1_gamma_rf","NOME":"Suíte Recanto - Riacho do Forno","LITOTIPOS":"Augen gnaisse, Metagranito, Metamonzogranito, Metassienito, Metassienogranito, Migmatito","AMBIENTE_TECTONICO":null,"ERA_MIN":"Neoproterozóico","ERA_MAX":"Neoproterozóico","IDADE_MIN":720.1,"IDADE_MAX":1000.0,"LEGENDA":"Biotita augen gnaisse granítico, micáceo e porfiroclástico (alcalifeldspato) médios a grossos; Ortognaisse e migmatito granodiorítico a monzogranítico; Granada metagranito a duas micas anatético de fonte supracrustal. Textura fanerítica inequigranular média e textura perlácea das muscovitas.  999 ±50 ¿ 925 ± 9,8 Ma U-Pb convencional em zircão.","area_km2":27.86},"geometry":{"type":"Polygon","coordinates":[[[-37.04114,-7.38089],[-36.94308,-7.34992],[-36.88588,-7.3428],[-36.87815,-7.34367],[-36.87535,-7.34682],[-36.87823,-7.35085],[-36.8956,-7.35912],[-36.9252,-7.36722],[-37.00254,-7.37828],[-37.02507,-7.38679],[-37.04114,-7.38089]]]}},{"type":"Feature","properties":{"SIGLA":"NP1_gamma_rf","NOME":"Suíte Recanto - Riacho do Forno","LITOTIPOS":"Augen gnaisse, Metagranito, Metamonzogranito, Metassienito, Metassienogranito, Migmatito","AMBIENTE_TECTONICO":null,"ERA_MIN":"Neoproterozóico","ERA_MAX":"Neoproterozóico","IDADE_MIN":720.1,"IDADE_MAX":1000.0,"LEGENDA":"Biotita augen gnaisse granítico, micáceo e porfiroclástico (alcalifeldspato) médios a grossos; Ortognaisse e migmatito granodiorítico a monzogranítico; Granada metagranito a duas micas anatético de fonte supracrustal. Textura fanerítica inequigranular média e textura perlácea das muscovitas.  999 ±50 ¿ 925 ± 9,8 Ma U-Pb convencional em zircão.","area_km2":15.3},"geometry":{"type":"MultiPolygon","coordinates":[[[[-37.77007,-7.64999],[-37.76137,-7.64337],[-37.76887,-7.653],[-37.77007,-7.64999]]],[[[-37.96282,-7.77067],[-37.95903,-7.73536],[-37.9515,-7.72373],[-37.94265,-7.71622],[-37.90272,-7.6991],[-37.8943,-7.7136],[-37.9131,-7.7095],[-37.9214,-7.7132],[-37.9224,-7.7236],[-37.9269,-7.7299],[-37.9431,-7.741],[-37.9475,-7.7562],[-37.9526,-7.7566],[-37.9578,-7.7662],[-37.96282,-7.77067]]]]}},{"type":"Feature","properties":{"SIGLA":"NP3_gamma_2it28","NOME":"Corpo Plúton Tavares","LITOTIPOS":"Diorito, Granito, Granodiorito, Monzonito","AMBIENTE_TECTONICO":null,"ERA_MIN":"Neoproterozóico","ERA_MAX":"Neoproterozóico","IDADE_MIN":541.1,"IDADE_MAX":635.0,"LEGENDA":"Granito e granodiorito grosso e porfirítico associados a diorito e a fases intermediárias de mistura, com ou sem epidoto magmático, calcialcalinos de alto K 650 Ma U-Pb","area_km2":156.79},"geometry":{"type":"Polygon","coordinates":[[[-37.92228,-7.69372],[-37.94533,-7.6836],[-37.96,-7.6681],[-37.96849,-7.66375],[-37.97773,-7.65394],[-37.97332,-7.63607],[-37.94792,-7.59907],[-37.93402,-7.58671],[-37.91198,-7.57865],[-37.80519,-7.55737],[-37.79229,-7.56061],[-37.78951,-7.56464],[-37.79004,-7.57075],[-37.79846,-7.57647],[-37.81548,-7.58215],[-37.82055,-7.59517],[-37.83296,-7.60563],[-37.8369,-7.61942],[-37.85396,-7.63195],[-37.87148,-7.65552],[-37.88787,-7.67045],[-37.89681,-7.68313],[-37.9027,-7.68878],[-37.92228,-7.69372]]]}},{"type":"Feature","properties":{"SIGLA":"MP3sg","NOME":"Complexo Salgueiro - Riacho Gravatá","LITOTIPOS":"Filito, Formação ferrífera bandada, Metachert, Metagrauvaca, Metarritmito, Metatufo, Metavulcânica intermediária a máfica, Metavulcanoclástica, Rocha metavulcânica félsica, Xisto, Xisto carbonático","AMBIENTE_TECTONICO":null,"ERA_MIN":"Mesoproterozóico","ERA_MAX":"Mesoproterozóico","IDADE_MIN":1000.1,"IDADE_MAX":1200.0,"LEGENDA":"Metapelito, metapsamito, metagrauvaca, mármore, metatufo, metavulcânica,  e/ou metaplutônica, félsica a intermediária, metavulcânica máfica","area_km2":1306.74},"geometry":{"type":"Polygon","coordinates":[[[-38.57777,-7.74893],[-38.57626,-7.74191],[-38.53192,-7.72532],[-38.47285,-7.69336],[-38.43638,-7.67995],[-38.23319,-7.62853],[-38.11163,-7.5851],[-38.07467,-7.57657],[-37.93794,-7.49604],[-37.84734,-7.40558],[-37.78598,-7.35395],[-37.68657,-7.27813],[-37.61623,-7.23394],[-37.53553,-7.19263],[-37.50016,-7.17702],[-37.393,-7.13873],[-37.38971,-7.13894],[-37.38719,-7.1654],[-37.38963,-7.13895],[-37.36527,-7.13896],[-37.31857,-7.1443],[-37.29316,-7.15194],[-37.28271,-7.15961],[-37.2774,-7.16927],[-37.26438,-7.1761],[-37.24492,-7.17048],[-37.20746,-7.14958],[-37.20344,-7.15281],[-37.20882,-7.16412],[-37.20762,-7.16689],[-37.19042,-7.16394],[-37.15787,-7.15353],[-37.1448,-7.15353],[-37.13899,-7.15703],[-37.16595,-7.17101],[-37.18587,-7.17554],[-37.19928,-7.18823],[-37.24014,-7.18507],[-37.25212,-7.18629],[-37.27146,-7.1989],[-37.29647,-7.18545],[-37.36156,-7.19896],[-37.37414,-7.18347],[-37.38415,-7.17926],[-37.39348,-7.18063],[-37.38854,-7.19858],[-37.39203,-7.1995],[-37.40096,-7.19386],[-37.40042,-7.18567],[-37.40363,-7.18387],[-37.40759,-7.18614],[-37.41002,-7.19025],[-37.40923,-7.21028],[-37.41791,-7.21751],[-37.42258,-7.23252],[-37.43241,-7.24637],[-37.43608,-7.2453],[-37.44926,-7.22102],[-37.46299,-7.21071],[-37.47261,-7.2103],[-37.48903,-7.21755],[-37.49686,-7.21863],[-37.50991,-7.20765],[-37.51539,-7.25553],[-37.51969,-7.26923],[-37.51449,-7.30187],[-37.5321,-7.30033],[-37.54278,-7.29458],[-37.54912,-7.29446],[-37.57424,-7.32577],[-37.59547,-7.3343],[-37.60972,-7.33248],[-37.63781,-7.32164],[-37.65489,-7.31957],[-37.68358,-7.32177],[-37.70914,-7.33502],[-37.72245,-7.34777],[-37.73208,-7.36323],[-37.73373,-7.37147],[-37.7299,-7.41943],[-37.72378,-7.44987],[-37.72186,-7.47676],[-37.72363,-7.48123],[-37.73405,-7.48173],[-37.75007,-7.4775],[-37.75933,-7.49023],[-37.76129,-7.50151],[-37.76734,-7.51114],[-37.78348,-7.52371],[-37.8069,-7.53209],[-37.81118,-7.53757],[-37.81442,-7.55106],[-37.83468,-7.55929],[-37.87767,-7.56478],[-37.95048,-7.56938],[-37.97455,-7.57625],[-37.98725,-7.58754],[-37.99657,-7.61212],[-38.00427,-7.62143],[-38.02878,-7.62915],[-38.047,-7.64168],[-38.07088,-7.64856],[-38.09136,-7.65098],[-38.11391,-7.66212],[-38.15352,-7.68807],[-38.16993,-7.69234],[-38.2076,-7.76621],[-38.23972,-7.80418],[-38.25426,-7.81953],[-38.25911,-7.82157],[-38.26317,-7.82093],[-38.26122,-7.80505],[-38.26801,-7.79163],[-38.27948,-7.7852],[-38.28362,-7.77848],[-38.29261,-7.77445],[-38.30048,-7.78666],[-38.2957,-7.7752],[-38.3033,-7.7621],[-38.3168,-7.7646],[-38.3057,-7.7526],[-38.3022,-7.7452],[-38.3109,-7.7391],[-38.3159,-7.7285],[-38.312,-7.7163],[-38.3267,-7.6937],[-38.3447,-7.695],[-38.355,-7.6784],[-38.3701,-7.6926],[-38.3702,-7.6969],[-38.3823,-7.7075],[-38.4017,-7.7132],[-38.4008,-7.7201],[-38.4095,-7.7305],[-38.4276,-7.73],[-38.4342,-7.7205],[-38.4441,-7.71831],[-38.44417,-7.70772],[-38.4481,-7.6982],[-38.45926,-7.69611],[-38.47362,-7.69891],[-38.47923,-7.70526],[-38.4789,-7.71135],[-38.47151,-7.72309],[-38.46967,-7.73261],[-38.4905,-7.7347],[-38.4958,-7.7388],[-38.4966,-7.75],[-38.5005,-7.7515],[-38.5166,-7.7493],[-38.525,-7.7546],[-38.5385,-7.7533],[-38.5431,-7.749],[-38.5578,-7.7566],[-38.5639,-7.7567],[-38.57777,-7.74893]],[[-37.36126,-7.1756],[-37.34477,-7.18447],[-37.33171,-7.18565],[-37.30495,-7.1803],[-37.29689,-7.17189],[-37.29683,-7.16288],[-37.30269,-7.15795],[-37.32101,-7.15662],[-37.35827,-7.17178],[-37.36126,-7.1756]],[[-37.55081,-7.21577],[-37.55848,-7.21709],[-37.57818,-7.22682],[-37.58358,-7.23387],[-37.56264,-7.23458],[-37.54673,-7.22865],[-37.54281,-7.2244],[-37.54259,-7.22066],[-37.55081,-7.21577]],[[-37.44136,-7.20423],[-37.42855,-7.21275],[-37.41833,-7.21136],[-37.4143,-7.20788],[-37.41312,-7.20088],[-37.42125,-7.19349],[-37.42695,-7.19226],[-37.44136,-7.20084],[-37.44136,-7.20423]],[[-37.5414,-7.21696],[-37.53882,-7.22034],[-37.53493,-7.21971],[-37.52975,-7.21281],[-37.53215,-7.20901],[-37.53886,-7.21178],[-37.5414,-7.21696]],[[-37.53748,-7.23318],[-37.5289,-7.23193],[-37.53219,-7.22549],[-37.53569,-7.22457],[-37.54191,-7.22738],[-37.54166,-7.23057],[-37.53748,-7.23318]]]}},{"type":"Feature","properties":{"SIGLA":"NP3_gamma_3tf4","NOME":"Corpo Plúton Triunfo","LITOTIPOS":"Álcali-feldspato granito, Quartzo álcali-feldspato sienito","AMBIENTE_TECTONICO":null,"ERA_MIN":"Neoproterozóico","ERA_MAX":"Neoproterozóico","IDADE_MIN":541.1,"IDADE_MAX":635.0,"LEGENDA":"Aegirina- augita e richterita alcali feldspato sienito e granito peralcalinos ultrapotássicos. Idade U-Pb = 585 Ma. ","area_km2":126.24},"geometry":{"type":"Polygon","coordinates":[[[-38.29508,-7.80977],[-38.29168,-7.81318],[-38.2703,-7.81473],[-38.26317,-7.82093],[-38.25426,-7.81953],[-38.22283,-7.78596],[-38.2076,-7.76621],[-38.19974,-7.75394],[-38.19666,-7.74146],[-38.17671,-7.70331],[-38.1674,-7.71305],[-38.16576,-7.71872],[-38.16814,-7.72696],[-38.16082,-7.7368],[-38.16498,-7.74204],[-38.17428,-7.74206],[-38.17589,-7.74636],[-38.17088,-7.75285],[-38.16909,-7.76543],[-38.15962,-7.77085],[-38.13925,-7.77549],[-38.12303,-7.77022],[-38.12075,-7.76394],[-38.13186,-7.75065],[-38.13281,-7.74579],[-38.11229,-7.71466],[-38.10855,-7.71515],[-38.10499,-7.72142],[-38.10192,-7.74194],[-38.10561,-7.75921],[-38.10456,-7.7641],[-38.09947,-7.76799],[-38.06915,-7.73789],[-38.06297,-7.73805],[-38.05536,-7.74798],[-38.04684,-7.75446],[-38.0695,-7.7723],[-38.0753,-7.7824],[-38.0735,-7.7935],[-38.0757,-7.8054],[-38.0654,-7.8197],[-38.0694,-7.8261],[-38.0771,-7.8306],[-38.0972,-7.8273],[-38.1061,-7.8229],[-38.1162,-7.8226],[-38.1294,-7.8059],[-38.1314,-7.7958],[-38.1438,-7.7834],[-38.1642,-7.7799],[-38.1747,-7.7899],[-38.2036,-7.8076],[-38.2127,-7.8107],[-38.2219,-7.8204],[-38.2355,-7.826],[-38.2386,-7.8307],[-38.257,-7.8311],[-38.2631,-7.8281],[-38.2755,-7.8342],[-38.2934,-7.823],[-38.29616,-7.81716],[-38.29508,-7.80977]]]}},{"type":"Feature","properties":{"SIGLA":"NP3_gamma_2it27","NOME":"Corpo Plúton Princesa Isabel","LITOTIPOS":"Diorito, Granito, Granodiorito, Monzonito","AMBIENTE_TECTONICO":null,"ERA_MIN":"Neoproterozóico","ERA_MAX":"Neoproterozóico","IDADE_MIN":541.1,"IDADE_MAX":635.0,"LEGENDA":"Granito e granodiorito grosso e porfirítico associados a diorito e a fases intermediárias de mistura, com ou sem epidoto magmático, calcialcalinos de alto K. Idade U-Pb = 651 ± 15 Ma.","area_km2":145.4},"geometry":{"type":"Polygon","coordinates":[[[-38.04771,-7.75395],[-38.06297,-7.73805],[-38.06915,-7.73789],[-38.09947,-7.76799],[-38.10456,-7.7641],[-38.10561,-7.75921],[-38.10192,-7.74194],[-38.10499,-7.72142],[-38.10855,-7.71515],[-38.11229,-7.71466],[-38.13281,-7.74579],[-38.13186,-7.75065],[-38.12075,-7.76394],[-38.12303,-7.77022],[-38.13925,-7.77549],[-38.15962,-7.77085],[-38.16909,-7.76543],[-38.17088,-7.75285],[-38.17589,-7.74636],[-38.17428,-7.74206],[-38.16498,-7.74204],[-38.16082,-7.7368],[-38.16814,-7.72696],[-38.16576,-7.71872],[-38.1674,-7.71305],[-38.17671,-7.70331],[-38.16993,-7.69234],[-38.16047,-7.69117],[-38.13732,-7.67897],[-38.12841,-7.68359],[-38.11343,-7.68319],[-38.10519,-7.68645],[-38.09248,-7.69665],[-38.07814,-7.70235],[-38.05929,-7.72557],[-38.03739,-7.71026],[-38.03182,-7.69775],[-38.02563,-7.69137],[-38.0197,-7.68849],[-38.01017,-7.68791],[-37.99718,-7.69359],[-37.98921,-7.7016],[-37.97293,-7.72825],[-37.96919,-7.73971],[-37.9724,-7.76504],[-37.97707,-7.77546],[-37.9848,-7.7729],[-37.9903,-7.7789],[-38.0055,-7.7778],[-38.0081,-7.7669],[-38.0125,-7.7658],[-38.0299,-7.7498],[-38.0396,-7.7481],[-38.04771,-7.75395]]]}},{"type":"Feature","properties":{"SIGLA":"NP3st","NOME":"Formação Santana dos Garrotes","LITOTIPOS":"Formação ferrífera bandada, Metaconglomerado, Metagrauvaca, Metapiroclástica, Metarenito lítico, Metarritmito, Rocha metavulcânica félsica, Rocha metavulcânica máfica","AMBIENTE_TECTONICO":null,"ERA_MIN":"Neoproterozóico","ERA_MAX":"Neoproterozóico","IDADE_MIN":541.1,"IDADE_MAX":635.0,"LEGENDA":"Metapelitos esverdeados (micaxistos) com granada e/ou turmalina e/ou titanita, intercalado com camadas de metarenitos finos a muito finos e metavulcânicas félsicas. Às vezes assumem aspecto de metarritmito (metaturbidito, metagrauvaca, metavulcânica máfica a félsica e metapiroclástica). U-Pb SHRIMP em zircão indica idade máxima de deposição entre 661 e 624 Ma.","area_km2":0.6},"geometry":{"type":"Polygon","coordinates":[[[-38.02928,-7.52376],[-38.03501,-7.52483],[-38.05023,-7.52073],[-38.03446,-7.52025],[-38.02928,-7.52376]]]}},{"type":"Feature","properties":{"SIGLA":"NP3_gamma_2c5","NOME":"Corpo Plúton sem denominação","LITOTIPOS":"Granodiorito, Quartzo diorito, Tonalito","AMBIENTE_TECTONICO":null,"ERA_MIN":"Neoproterozóico","ERA_MAX":"Neoproterozóico","IDADE_MIN":541.1,"IDADE_MAX":635.0,"LEGENDA":"Anfibólio-biotita tonalito/granodiorito com epidoto magmático, calcialcalino e fases subordinadas de diorito e gabro (SC24). Idade U-Pb = 635 ± 9Ma.","area_km2":3.48},"geometry":{"type":"Polygon","coordinates":[[[-38.22941,-7.51517],[-38.24695,-7.50086],[-38.24821,-7.49742],[-38.24416,-7.48857],[-38.23344,-7.49605],[-38.22662,-7.5078],[-38.22514,-7.51381],[-38.22941,-7.51517]]]}},{"type":"Feature","properties":{"SIGLA":"NP3_gamma_2c5","NOME":"Corpo Plúton sem denominação","LITOTIPOS":"Granodiorito, Quartzo diorito, Tonalito","AMBIENTE_TECTONICO":null,"ERA_MIN":"Neoproterozóico","ERA_MAX":"Neoproterozóico","IDADE_MIN":541.1,"IDADE_MAX":635.0,"LEGENDA":"Anfibólio-biotita tonalito/granodiorito com epidoto magmático, calcialcalino e fases subordinadas de diorito e gabro (SC24). Idade U-Pb = 635 ± 9Ma.","area_km2":0.94},"geometry":{"type":"Polygon","coordinates":[[[-38.19539,-7.49928],[-38.21084,-7.49013],[-38.21093,-7.48783],[-38.19537,-7.49167],[-38.19539,-7.49928]]]}},{"type":"Feature","properties":{"SIGLA":"NP3_gamma_2c5","NOME":"Corpo Plúton sem denominação","LITOTIPOS":"Granodiorito, Quartzo diorito, Tonalito","AMBIENTE_TECTONICO":null,"ERA_MIN":"Neoproterozóico","ERA_MAX":"Neoproterozóico","IDADE_MIN":541.1,"IDADE_MAX":635.0,"LEGENDA":"Anfibólio-biotita tonalito/granodiorito com epidoto magmático, calcialcalino e fases subordinadas de diorito e gabro (SC24). Idade U-Pb = 635 ± 9Ma.","area_km2":16.02},"geometry":{"type":"Polygon","coordinates":[[[-38.05198,-7.4715],[-38.04889,-7.4735],[-38.04867,-7.48253],[-38.05418,-7.49002],[-38.07621,-7.49773],[-38.07943,-7.50482],[-38.08348,-7.50412],[-38.08546,-7.49949],[-38.08899,-7.50081],[-38.09339,-7.49288],[-38.1,-7.49509],[-38.10309,-7.49156],[-38.08981,-7.47651],[-38.08238,-7.47358],[-38.07841,-7.46512],[-38.07577,-7.46424],[-38.07511,-7.46777],[-38.06542,-7.46116],[-38.05748,-7.46249],[-38.05484,-7.4638],[-38.05198,-7.4715]]]}},{"type":"Feature","properties":{"SIGLA":"NP3oa","NOME":"Formação Serra do Olho D'Água ","LITOTIPOS":"Mármore, Metaconglomerado polimítico, Metagrauvaca, Metarenito","AMBIENTE_TECTONICO":null,"ERA_MIN":"Neoproterozóico","ERA_MAX":"Neoproterozóico","IDADE_MIN":541.1,"IDADE_MAX":635.0,"LEGENDA":"Metaconglomerado, metagrauvaca e quartzito localmente conglomerático, com níveis de filitos gradando no topo para metaconglomerado polimítico.","area_km2":216.63},"geometry":{"type":"Polygon","coordinates":[[[-38.61573,-7.71319],[-38.57634,-7.69954],[-38.55742,-7.687],[-38.55685,-7.68227],[-38.54021,-7.6783],[-38.50595,-7.65969],[-38.4929,-7.65691],[-38.48667,-7.65841],[-38.45745,-7.65673],[-38.43358,-7.65176],[-38.4115,-7.65531],[-38.37586,-7.6454],[-38.28626,-7.61373],[-38.22213,-7.59523],[-38.18311,-7.57708],[-38.11282,-7.53455],[-38.0941,-7.5256],[-38.07325,-7.52452],[-38.07201,-7.53134],[-38.06726,-7.53233],[-38.06643,-7.52831],[-38.06231,-7.52547],[-38.05736,-7.52547],[-38.05023,-7.52073],[-38.03295,-7.52498],[-38.0231,-7.52022],[-38.01401,-7.51925],[-38.00703,-7.52296],[-38.00438,-7.52733],[-38.0053,-7.53483],[-38.07467,-7.57657],[-38.11163,-7.5851],[-38.23319,-7.62853],[-38.43638,-7.67995],[-38.43762,-7.66414],[-38.44691,-7.65765],[-38.50161,-7.67137],[-38.52933,-7.68242],[-38.5401,-7.69719],[-38.54051,-7.70519],[-38.55113,-7.70872],[-38.54776,-7.71605],[-38.53192,-7.72532],[-38.57626,-7.74191],[-38.59672,-7.74495],[-38.5977,-7.742],[-38.6076,-7.7395],[-38.6078,-7.727],[-38.61573,-7.71319]]]}},{"type":"Feature","properties":{"SIGLA":"NP3_gamma_2c5","NOME":"Corpo Plúton sem denominação","LITOTIPOS":"Granodiorito, Quartzo diorito, Tonalito","AMBIENTE_TECTONICO":null,"ERA_MIN":"Neoproterozóico","ERA_MAX":"Neoproterozóico","IDADE_MIN":541.1,"IDADE_MAX":635.0,"LEGENDA":"Anfibólio-biotita tonalito/granodiorito com epidoto magmático, calcialcalino e fases subordinadas de diorito e gabro (SC24). Idade U-Pb = 635 ± 9Ma.","area_km2":4.61},"geometry":{"type":"Polygon","coordinates":[[[-38.5472,-7.6198],[-38.56585,-7.6133],[-38.56683,-7.6097],[-38.56259,-7.60457],[-38.55513,-7.60239],[-38.54485,-7.60402],[-38.53373,-7.61183],[-38.53687,-7.61645],[-38.5472,-7.6198]]]}},{"type":"Feature","properties":{"SIGLA":"NP3_gamma_2c1","NOME":"Corpo Plúton Conceição","LITOTIPOS":"Granodiorito, Quartzo diorito, Tonalito","AMBIENTE_TECTONICO":null,"ERA_MIN":"Neoproterozóico","ERA_MAX":"Neoproterozóico","IDADE_MIN":541.1,"IDADE_MAX":635.0,"LEGENDA":"Anfibolio- biotita tonalito granodiorito, com epidoto magmático, fases subordinadas de diorito e gabro calcialcalinos normais. . Idade U-Pb = 635 ± 9Ma.","area_km2":29.75},"geometry":{"type":"Polygon","coordinates":[[[-38.4834,-7.54002],[-38.48534,-7.55558],[-38.48134,-7.5718],[-38.48413,-7.5773],[-38.49211,-7.58317],[-38.50732,-7.59041],[-38.51566,-7.59157],[-38.52069,-7.58681],[-38.52217,-7.57332],[-38.52595,-7.57452],[-38.5338,-7.5847],[-38.547,-7.57685],[-38.54599,-7.57142],[-38.53871,-7.56585],[-38.54051,-7.5577],[-38.52504,-7.56007],[-38.52116,-7.53822],[-38.50764,-7.53715],[-38.49507,-7.53024],[-38.48755,-7.53272],[-38.4834,-7.54002]]]}},{"type":"Feature","properties":{"SIGLA":"NP3_gamma_2c5","NOME":"Corpo Plúton sem denominação","LITOTIPOS":"Granodiorito, Quartzo diorito, Tonalito","AMBIENTE_TECTONICO":null,"ERA_MIN":"Neoproterozóico","ERA_MAX":"Neoproterozóico","IDADE_MIN":541.1,"IDADE_MAX":635.0,"LEGENDA":"Anfibólio-biotita tonalito/granodiorito com epidoto magmático, calcialcalino e fases subordinadas de diorito e gabro (SC24). Idade U-Pb = 635 ± 9Ma.","area_km2":10.64},"geometry":{"type":"Polygon","coordinates":[[[-38.47074,-7.58234],[-38.47362,-7.57881],[-38.47231,-7.57051],[-38.46872,-7.56092],[-38.46171,-7.5527],[-38.45787,-7.54045],[-38.44663,-7.54127],[-38.44016,-7.54696],[-38.43918,-7.55956],[-38.45914,-7.58038],[-38.47074,-7.58234]]]}},{"type":"Feature","properties":{"SIGLA":"NP3st","NOME":"Formação Santana dos Garrotes","LITOTIPOS":"Formação ferrífera bandada, Metaconglomerado, Metagrauvaca, Metapiroclástica, Metarenito lítico, Metarritmito, Rocha metavulcânica félsica, Rocha metavulcânica máfica","AMBIENTE_TECTONICO":null,"ERA_MIN":"Neoproterozóico","ERA_MAX":"Neoproterozóico","IDADE_MIN":541.1,"IDADE_MAX":635.0,"LEGENDA":"Metapelitos esverdeados (micaxistos) com granada e/ou turmalina e/ou titanita, intercalado com camadas de metarenitos finos a muito finos e metavulcânicas félsicas. Às vezes assumem aspecto de metarritmito (metaturbidito, metagrauvaca, metavulcânica máfica a félsica e metapiroclástica). U-Pb SHRIMP em zircão indica idade máxima de deposição entre 661 e 624 Ma.","area_km2":2422.3},"geometry":{"type":"Polygon","coordinates":[[[-37.38971,-7.13894],[-37.47684,-7.16765],[-37.51619,-7.18377],[-37.61623,-7.23394],[-37.65827,-7.25933],[-37.6966,-7.28552],[-37.78598,-7.35395],[-37.84734,-7.40558],[-37.93794,-7.49604],[-38.0053,-7.53483],[-38.00438,-7.52733],[-38.00703,-7.52296],[-38.01707,-7.51921],[-38.0282,-7.52306],[-38.02996,-7.51596],[-38.04195,-7.51296],[-38.04423,-7.50829],[-38.06329,-7.52042],[-38.07107,-7.5209],[-38.07325,-7.52452],[-38.08953,-7.52443],[-38.09996,-7.52798],[-38.18311,-7.57708],[-38.22213,-7.59523],[-38.28626,-7.61373],[-38.37586,-7.6454],[-38.4115,-7.65531],[-38.43358,-7.65176],[-38.45745,-7.65673],[-38.48667,-7.65841],[-38.4929,-7.65691],[-38.50595,-7.65969],[-38.54021,-7.6783],[-38.55685,-7.68227],[-38.55742,-7.687],[-38.57634,-7.69954],[-38.61706,-7.71343],[-38.6262,-7.7064],[-38.6259,-7.6956],[-38.642,-7.6861],[-38.6421,-7.6776],[-38.6514,-7.6771],[-38.6507,-7.6686],[-38.6636,-7.6575],[-38.6699,-7.6605],[-38.6834,-7.6428],[-38.6867,-7.635],[-38.695,-7.6333],[-38.7054,-7.622],[-38.7151,-7.6219],[-38.7156,-7.6121],[-38.7101,-7.5974],[-38.7112,-7.5875],[-38.7037,-7.581],[-38.6888,-7.5822],[-38.683,-7.5787],[-38.6772,-7.5706],[-38.6612,-7.5683],[-38.6591,-7.5606],[-38.653,-7.5526],[-38.6563,-7.5482],[-38.65244,-7.53713],[-38.60543,-7.554],[-38.60509,-7.55988],[-38.59942,-7.56047],[-38.59743,-7.56425],[-38.60451,-7.57286],[-38.59113,-7.57847],[-38.53889,-7.55007],[-38.51923,-7.53374],[-38.44382,-7.50174],[-38.37536,-7.44754],[-38.31809,-7.39445],[-38.32179,-7.40913],[-38.31604,-7.40675],[-38.31055,-7.39899],[-38.29827,-7.39118],[-38.30082,-7.38613],[-38.30034,-7.37966],[-38.30502,-7.3781],[-38.2875,-7.35231],[-38.27464,-7.34155],[-38.23588,-7.32227],[-38.22618,-7.32795],[-38.21711,-7.32924],[-38.22851,-7.33017],[-38.23369,-7.33889],[-38.25166,-7.35431],[-38.25486,-7.36095],[-38.25221,-7.36385],[-38.23465,-7.36329],[-38.22888,-7.36688],[-38.25999,-7.37888],[-38.25804,-7.37465],[-38.25956,-7.36967],[-38.26625,-7.36598],[-38.27205,-7.36681],[-38.28405,-7.37608],[-38.29018,-7.38883],[-38.28627,-7.3917],[-38.2679,-7.39511],[-38.26339,-7.39279],[-38.26021,-7.38692],[-38.24765,-7.38322],[-38.245,-7.38682],[-38.24424,-7.39497],[-38.2409,-7.39837],[-38.22013,-7.40566],[-38.2208,-7.41014],[-38.23527,-7.41842],[-38.24461,-7.41617],[-38.24596,-7.41167],[-38.25063,-7.40848],[-38.26656,-7.41338],[-38.27476,-7.413],[-38.27179,-7.4184],[-38.26052,-7.41887],[-38.25936,-7.4276],[-38.26551,-7.43235],[-38.26456,-7.43428],[-38.24575,-7.42962],[-38.243,-7.42595],[-38.23812,-7.42761],[-38.23585,-7.4324],[-38.23197,-7.42757],[-38.22551,-7.42895],[-38.22847,-7.44],[-38.22459,-7.44839],[-38.22566,-7.46173],[-38.23099,-7.47618],[-38.2293,-7.48257],[-38.22511,-7.48628],[-38.21888,-7.48719],[-38.21556,-7.48242],[-38.22237,-7.48018],[-38.2243,-7.4767],[-38.21831,-7.46728],[-38.22037,-7.46105],[-38.21845,-7.45105],[-38.22033,-7.43835],[-38.21713,-7.43248],[-38.20591,-7.42868],[-38.18372,-7.40965],[-38.18356,-7.40528],[-38.1777,-7.39637],[-38.17746,-7.38028],[-38.16596,-7.37639],[-38.16253,-7.37231],[-38.16296,-7.36113],[-38.15283,-7.35045],[-38.14581,-7.31855],[-38.14115,-7.31501],[-38.13679,-7.3177],[-38.13075,-7.31743],[-38.12498,-7.32534],[-38.12558,-7.33398],[-38.12113,-7.33184],[-38.11935,-7.32514],[-38.10143,-7.33241],[-38.07462,-7.3328],[-38.06195,-7.33536],[-38.06652,-7.34306],[-38.07494,-7.3494],[-38.09758,-7.35252],[-38.09414,-7.36046],[-38.10229,-7.36657],[-38.09858,-7.36969],[-38.08664,-7.36253],[-38.08301,-7.36595],[-38.08298,-7.37204],[-38.10347,-7.39988],[-38.11113,-7.42393],[-38.10518,-7.42328],[-38.10358,-7.42744],[-38.09629,-7.42986],[-38.10521,-7.44402],[-38.10091,-7.44811],[-38.09554,-7.442],[-38.09332,-7.44811],[-38.08888,-7.44311],[-38.08945,-7.43623],[-38.08091,-7.42849],[-38.0811,-7.4259],[-38.06703,-7.4259],[-38.06499,-7.42293],[-38.04889,-7.45014],[-38.04661,-7.47904],[-38.03759,-7.49429],[-38.04133,-7.50492],[-38.03986,-7.51112],[-38.02895,-7.49613],[-38.01774,-7.50719],[-38.01913,-7.49646],[-38.03495,-7.48462],[-38.04074,-7.47709],[-38.04152,-7.44591],[-38.05193,-7.41584],[-38.04618,-7.41554],[-38.03444,-7.4046],[-38.0324,-7.39942],[-38.03469,-7.37176],[-38.03151,-7.37257],[-38.02251,-7.38501],[-38.02211,-7.3976],[-38.01959,-7.40119],[-38.02473,-7.40399],[-38.02409,-7.40873],[-38.01349,-7.40754],[-38.00251,-7.4133],[-38.00158,-7.41032],[-38.00383,-7.40727],[-38.01085,-7.40648],[-38.01164,-7.40396],[-38.01773,-7.40221],[-38.01562,-7.38383],[-38.03416,-7.36687],[-38.02491,-7.36326],[-38.00876,-7.36988],[-37.99876,-7.36872],[-38.0111,-7.36396],[-38.00847,-7.3602],[-38.02038,-7.34612],[-38.03481,-7.34266],[-38.04803,-7.34644],[-38.05057,-7.34557],[-38.05123,-7.33628],[-38.01744,-7.34462],[-37.98138,-7.36222],[-37.95299,-7.36627],[-37.92508,-7.35865],[-37.90489,-7.33639],[-37.8809,-7.3055],[-37.85754,-7.26998],[-37.8587,-7.22843],[-37.854,-7.2114],[-37.85592,-7.2034],[-37.88994,-7.18032],[-37.90341,-7.16882],[-37.90461,-7.16513],[-37.90226,-7.14726],[-37.8977,-7.14515],[-37.89311,-7.144],[-37.88389,-7.15016],[-37.86732,-7.15293],[-37.86679,-7.1481],[-37.88317,-7.12765],[-37.88613,-7.11992],[-37.87645,-7.11617],[-37.86601,-7.11381],[-37.86317,-7.12867],[-37.86025,-7.13171],[-37.85754,-7.12827],[-37.8578,-7.11216],[-37.81706,-7.1046],[-37.77725,-7.10093],[-37.73794,-7.08957],[-37.76453,-7.10244],[-37.76632,-7.10557],[-37.76387,-7.10743],[-37.71604,-7.09063],[-37.68667,-7.08822],[-37.68031,-7.08435],[-37.69017,-7.08021],[-37.67986,-7.07964],[-37.67053,-7.07543],[-37.65122,-7.07756],[-37.64771,-7.08347],[-37.64391,-7.08461],[-37.63553,-7.08042],[-37.60469,-7.08537],[-37.59055,-7.08456],[-37.5887,-7.08232],[-37.59037,-7.08095],[-37.5412,-7.08508],[-37.44389,-7.08811],[-37.2425,-7.11177],[-37.09293,-7.11486],[-37.01627,-7.11292],[-36.94968,-7.10469],[-36.92886,-7.10656],[-36.8867,-7.10462],[-36.78422,-7.0947],[-36.85708,-7.11509],[-36.94329,-7.13451],[-36.95838,-7.14113],[-36.99269,-7.16312],[-37.01507,-7.16621],[-37.02355,-7.16983],[-37.03174,-7.1654],[-37.0304,-7.15633],[-37.04065,-7.15561],[-37.05478,-7.13514],[-37.06373,-7.13138],[-37.07731,-7.13598],[-37.08523,-7.13217],[-37.09384,-7.13231],[-37.1089,-7.13861],[-37.11795,-7.14572],[-37.12616,-7.16167],[-37.13252,-7.15645],[-37.15787,-7.15353],[-37.19042,-7.16394],[-37.20762,-7.16689],[-37.20882,-7.16412],[-37.20344,-7.15281],[-37.20746,-7.14958],[-37.25781,-7.17556],[-37.25,-7.1593],[-37.2325,-7.13999],[-37.23264,-7.136],[-37.23926,-7.13691],[-37.24474,-7.13369],[-37.25357,-7.13283],[-37.28037,-7.13833],[-37.29213,-7.14498],[-37.29316,-7.15194],[-37.31857,-7.1443],[-37.36527,-7.13896],[-37.38963,-7.13895],[-37.3906,-7.1296],[-37.38971,-7.13894]],[[-38.21155,-7.48904],[-38.2089,-7.49142],[-38.19539,-7.49928],[-38.19537,-7.49167],[-38.20691,-7.48742],[-38.21155,-7.48904]],[[-37.81324,-7.11642],[-37.79955,-7.11571],[-37.79531,-7.11188],[-37.80176,-7.1092],[-37.81464,-7.11095],[-37.81709,-7.11466],[-37.81324,-7.11642]],[[-37.37082,-7.10291],[-37.3859,-7.10864],[-37.38115,-7.11037],[-37.38275,-7.11423],[-37.38084,-7.11614],[-37.38474,-7.11889],[-37.38277,-7.12133],[-37.37807,-7.12089],[-37.37506,-7.11385],[-37.36874,-7.11444],[-37.36674,-7.11059],[-37.36649,-7.10452],[-37.37082,-7.10291]],[[-38.30521,-7.58715],[-38.28987,-7.59098],[-38.28846,-7.59667],[-38.28427,-7.59781],[-38.28351,-7.60313],[-38.2801,-7.60265],[-38.28065,-7.5989],[-38.27665,-7.59476],[-38.28275,-7.5921],[-38.27856,-7.58715],[-38.28102,-7.58506],[-38.28541,-7.58715],[-38.29721,-7.58145],[-38.30401,-7.58238],[-38.30521,-7.58715]],[[-37.81552,-7.27626],[-37.80939,-7.27817],[-37.80588,-7.27478],[-37.80303,-7.26311],[-37.80625,-7.25972],[-37.82233,-7.26233],[-37.82289,-7.26942],[-37.81552,-7.27626]],[[-37.85011,-7.34755],[-37.85666,-7.35151],[-37.85693,-7.35974],[-37.85022,-7.36803],[-37.84363,-7.36913],[-37.84126,-7.36656],[-37.84149,-7.35317],[-37.84498,-7.34799],[-37.85011,-7.34755]],[[-38.28594,-7.36872],[-38.27844,-7.36582],[-38.27191,-7.3577],[-38.2624,-7.35362],[-38.25985,-7.34967],[-38.26196,-7.34414],[-38.2675,-7.34392],[-38.28516,-7.35896],[-38.2882,-7.36445],[-38.28594,-7.36872]],[[-38.22481,-7.51271],[-38.23411,-7.49533],[-38.24416,-7.48857],[-38.24821,-7.49742],[-38.24695,-7.50086],[-38.2343,-7.51309],[-38.22726,-7.51504],[-38.22481,-7.51271]],[[-38.54994,-7.60283],[-38.56259,-7.60457],[-38.56671,-7.61271],[-38.5472,-7.6198],[-38.53687,-7.61645],[-38.53373,-7.61183],[-38.54235,-7.60519],[-38.54994,-7.60283]],[[-37.67048,-7.14288],[-37.67665,-7.14557],[-37.67893,-7.15055],[-37.6796,-7.16103],[-37.67708,-7.16731],[-37.65898,-7.15879],[-37.65791,-7.154],[-37.66108,-7.14755],[-37.66443,-7.14353],[-37.67048,-7.14288]],[[-37.66496,-7.09333],[-37.6674,-7.09573],[-37.66615,-7.09801],[-37.65458,-7.10513],[-37.64289,-7.10855],[-37.62423,-7.10899],[-37.61155,-7.10383],[-37.61851,-7.10091],[-37.66496,-7.09333]],[[-37.89936,-7.40337],[-37.90233,-7.41348],[-37.90017,-7.41792],[-37.89194,-7.42332],[-37.88358,-7.42305],[-37.87873,-7.41901],[-37.88156,-7.41914],[-37.88534,-7.41253],[-37.88291,-7.41078],[-37.87846,-7.41348],[-37.87698,-7.41078],[-37.87927,-7.40755],[-37.87549,-7.40323],[-37.87307,-7.40472],[-37.87052,-7.40242],[-37.87052,-7.39892],[-37.88938,-7.39825],[-37.89936,-7.40337]],[[-38.31629,-7.48455],[-38.29805,-7.50411],[-38.2859,-7.51094],[-38.28272,-7.51113],[-38.27872,-7.50652],[-38.28106,-7.49701],[-38.30295,-7.4806],[-38.30679,-7.48406],[-38.31629,-7.48455]],[[-37.94182,-7.42947],[-37.93689,-7.4175],[-37.93801,-7.41299],[-37.94154,-7.41073],[-37.95915,-7.41228],[-37.9662,-7.41834],[-37.96719,-7.43159],[-37.9569,-7.43976],[-37.94337,-7.44202],[-37.94182,-7.42947]],[[-38.44663,-7.54127],[-38.45787,-7.54045],[-38.46171,-7.5527],[-38.46872,-7.56092],[-38.47231,-7.57051],[-38.47362,-7.57881],[-38.47185,-7.58195],[-38.45914,-7.58038],[-38.43918,-7.55956],[-38.44016,-7.54696],[-38.44663,-7.54127]],[[-37.57335,-7.1032],[-37.5983,-7.10459],[-37.60535,-7.11299],[-37.6075,-7.12493],[-37.60297,-7.12714],[-37.58927,-7.12733],[-37.57465,-7.11641],[-37.53664,-7.11644],[-37.50037,-7.11341],[-37.50288,-7.11107],[-37.51436,-7.10912],[-37.57335,-7.1032]],[[-38.08981,-7.47651],[-38.10309,-7.49156],[-38.1,-7.49509],[-38.09339,-7.49288],[-38.08899,-7.50081],[-38.08546,-7.49949],[-38.08348,-7.50412],[-38.07943,-7.50482],[-38.07621,-7.49773],[-38.05418,-7.49002],[-38.04867,-7.48253],[-38.04889,-7.4735],[-38.05198,-7.4715],[-38.05484,-7.4638],[-38.06542,-7.46116],[-38.07511,-7.46777],[-38.07577,-7.46424],[-38.07841,-7.46512],[-38.08238,-7.47358],[-38.08981,-7.47651]],[[-37.9965,-7.44144],[-38.0038,-7.4367],[-38.01434,-7.43711],[-38.02299,-7.43995],[-38.0261,-7.44522],[-38.02394,-7.45495],[-38.01042,-7.45198],[-38.00893,-7.45455],[-38.01448,-7.45698],[-38.01691,-7.46252],[-38.02272,-7.46333],[-38.02407,-7.46698],[-38.01853,-7.47414],[-38.01029,-7.4786],[-37.99325,-7.47455],[-37.98136,-7.4636],[-37.98055,-7.45644],[-37.98542,-7.45117],[-37.98934,-7.45049],[-37.9965,-7.44144]],[[-38.40675,-7.51353],[-38.40184,-7.50074],[-38.41133,-7.49479],[-38.42441,-7.4934],[-38.43348,-7.5047],[-38.42973,-7.51845],[-38.42612,-7.51657],[-38.42447,-7.52085],[-38.41933,-7.52318],[-38.42498,-7.53655],[-38.42461,-7.54322],[-38.36253,-7.54365],[-38.35345,-7.53934],[-38.3755,-7.53182],[-38.38902,-7.53413],[-38.392,-7.52573],[-38.40612,-7.53445],[-38.4065,-7.53005],[-38.39726,-7.52161],[-38.39624,-7.51792],[-38.4053,-7.51594],[-38.40675,-7.51353]],[[-37.81148,-7.29344],[-37.82459,-7.29498],[-37.83356,-7.30208],[-37.84199,-7.31424],[-37.84205,-7.32062],[-37.83661,-7.33209],[-37.82312,-7.34666],[-37.81536,-7.34578],[-37.80417,-7.33696],[-37.79123,-7.33308],[-37.79795,-7.32077],[-37.80207,-7.30445],[-37.81148,-7.29344]],[[-37.95522,-7.45121],[-37.96301,-7.45662],[-37.97836,-7.47781],[-37.99652,-7.47932],[-38.00604,-7.48494],[-38.0069,-7.49424],[-37.99263,-7.50333],[-37.98156,-7.50448],[-37.97476,-7.49742],[-37.97425,-7.49381],[-37.96685,-7.49246],[-37.96088,-7.48776],[-37.96128,-7.48494],[-37.95133,-7.48711],[-37.95198,-7.47824],[-37.94507,-7.47629],[-37.9416,-7.47932],[-37.93795,-7.47763],[-37.931,-7.46764],[-37.93251,-7.45705],[-37.94507,-7.44948],[-37.95522,-7.45121]],[[-37.84018,-7.19753],[-37.8355,-7.20102],[-37.82553,-7.19879],[-37.81731,-7.18559],[-37.80474,-7.18372],[-37.80506,-7.17493],[-37.79741,-7.17171],[-37.79318,-7.16668],[-37.79328,-7.16088],[-37.79941,-7.15212],[-37.80894,-7.15055],[-37.81589,-7.14106],[-37.82912,-7.14478],[-37.84093,-7.15779],[-37.84487,-7.17994],[-37.84018,-7.19753]],[[-38.5192,-7.58995],[-38.50732,-7.59041],[-38.48329,-7.57625],[-38.48124,-7.57064],[-38.48534,-7.55558],[-38.4836,-7.53835],[-38.48865,-7.53204],[-38.49634,-7.53026],[-38.50764,-7.53715],[-38.52242,-7.53916],[-38.52504,-7.56007],[-38.54051,-7.5577],[-38.53871,-7.56585],[-38.54599,-7.57142],[-38.547,-7.57685],[-38.5338,-7.5847],[-38.52595,-7.57452],[-38.52217,-7.57332],[-38.5192,-7.58995]],[[-37.72015,-7.09563],[-37.75354,-7.11174],[-37.76595,-7.1108],[-37.76885,-7.1093],[-37.767,-7.10627],[-37.77012,-7.10563],[-37.80069,-7.12778],[-37.82078,-7.11866],[-37.82857,-7.11999],[-37.82641,-7.1236],[-37.80663,-7.13429],[-37.79451,-7.133],[-37.78441,-7.15213],[-37.78469,-7.16778],[-37.79688,-7.19062],[-37.79923,-7.2082],[-37.7937,-7.22536],[-37.784,-7.23354],[-37.77712,-7.23576],[-37.78331,-7.25107],[-37.78486,-7.26765],[-37.78348,-7.29226],[-37.77973,-7.29495],[-37.77733,-7.29025],[-37.77975,-7.27344],[-37.77594,-7.26119],[-37.7768,-7.25125],[-37.7702,-7.23682],[-37.76379,-7.23511],[-37.75149,-7.23675],[-37.74237,-7.24581],[-37.73476,-7.24945],[-37.70341,-7.25159],[-37.68679,-7.24701],[-37.67611,-7.23256],[-37.67743,-7.22609],[-37.68765,-7.2143],[-37.69106,-7.19382],[-37.71794,-7.18625],[-37.70746,-7.18059],[-37.70097,-7.17357],[-37.69173,-7.14208],[-37.66594,-7.13613],[-37.65718,-7.12673],[-37.65499,-7.11572],[-37.67455,-7.10036],[-37.67195,-7.09434],[-37.68135,-7.09754],[-37.69503,-7.09148],[-37.72015,-7.09563]],[[-38.4428,-7.5991],[-38.4389,-7.5907],[-38.437,-7.5833],[-38.4428,-7.5991]]]}},{"type":"Feature","properties":{"SIGLA":"NP3_gamma_2c5","NOME":"Corpo Plúton sem denominação","LITOTIPOS":"Granodiorito, Quartzo diorito, Tonalito","AMBIENTE_TECTONICO":null,"ERA_MIN":"Neoproterozóico","ERA_MAX":"Neoproterozóico","IDADE_MIN":541.1,"IDADE_MAX":635.0,"LEGENDA":"Anfibólio-biotita tonalito/granodiorito com epidoto magmático, calcialcalino e fases subordinadas de diorito e gabro (SC24). Idade U-Pb = 635 ± 9Ma.","area_km2":20.04},"geometry":{"type":"Polygon","coordinates":[[[-38.41952,-7.49316],[-38.40254,-7.49982],[-38.40207,-7.50345],[-38.40695,-7.51106],[-38.40634,-7.5148],[-38.39624,-7.51792],[-38.39726,-7.52161],[-38.4065,-7.53005],[-38.40612,-7.53445],[-38.392,-7.52573],[-38.38902,-7.53413],[-38.3755,-7.53182],[-38.35345,-7.53934],[-38.36253,-7.54365],[-38.42461,-7.54322],[-38.42498,-7.53655],[-38.41933,-7.52318],[-38.42447,-7.52085],[-38.42612,-7.51657],[-38.42973,-7.51845],[-38.43086,-7.50907],[-38.43404,-7.50646],[-38.42672,-7.49479],[-38.41952,-7.49316]]]}},{"type":"Feature","properties":{"SIGLA":"NP3_gamma_2it23","NOME":"Corpo Plúton Serra da Lagoinha","LITOTIPOS":"Diorito, Granito, Granodiorito, Monzonito, Quartzo monzodiorito, Tonalito","AMBIENTE_TECTONICO":null,"ERA_MIN":"Neoproterozóico","ERA_MAX":"Neoproterozóico","IDADE_MIN":541.1,"IDADE_MAX":635.0,"LEGENDA":"Granito e granodiorito grosso e porfirítico associados a diorito e a fases intermediárias de mistura, com ou sem epidoto magmático, calcialcalinos de alto K. 580 Ma U-Pb.","area_km2":180.81},"geometry":{"type":"Polygon","coordinates":[[[-38.59601,-7.43822],[-38.54028,-7.44267],[-38.52795,-7.45808],[-38.52706,-7.47072],[-38.52322,-7.47716],[-38.49898,-7.48699],[-38.48325,-7.5062],[-38.47025,-7.51368],[-38.51923,-7.53374],[-38.53889,-7.55007],[-38.59113,-7.57847],[-38.60451,-7.57286],[-38.59743,-7.56425],[-38.59942,-7.56047],[-38.60509,-7.55988],[-38.60543,-7.554],[-38.65244,-7.53713],[-38.6515,-7.5278],[-38.6548,-7.5233],[-38.6459,-7.5144],[-38.646,-7.5019],[-38.6382,-7.4921],[-38.6309,-7.4873],[-38.6362,-7.4736],[-38.6449,-7.46],[-38.6381,-7.4579],[-38.622,-7.4607],[-38.6172,-7.4572],[-38.6033,-7.4576],[-38.6058,-7.4446],[-38.59601,-7.43822]]]}},{"type":"Feature","properties":{"SIGLA":"NP3_gamma_2c5","NOME":"Corpo Plúton sem denominação","LITOTIPOS":"Granodiorito, Quartzo diorito, Tonalito","AMBIENTE_TECTONICO":null,"ERA_MIN":"Neoproterozóico","ERA_MAX":"Neoproterozóico","IDADE_MIN":541.1,"IDADE_MAX":635.0,"LEGENDA":"Anfibólio-biotita tonalito/granodiorito com epidoto magmático, calcialcalino e fases subordinadas de diorito e gabro (SC24). Idade U-Pb = 635 ± 9Ma.","area_km2":6.51},"geometry":{"type":"Polygon","coordinates":[[[-38.30295,-7.4806],[-38.28545,-7.49288],[-38.27958,-7.49918],[-38.27872,-7.50652],[-38.28272,-7.51113],[-38.29805,-7.50411],[-38.31696,-7.48553],[-38.3057,-7.4837],[-38.30295,-7.4806]]]}},{"type":"Feature","properties":{"SIGLA":"NP3_gamma_2it45","NOME":"Corpo Plúton Sem Denominação","LITOTIPOS":"Diorito, Granito, Granodiorito, Monzonito","AMBIENTE_TECTONICO":null,"ERA_MIN":"Neoproterozóico","ERA_MAX":"Neoproterozóico","IDADE_MIN":541.1,"IDADE_MAX":635.0,"LEGENDA":"Granito, granodiorito, monzogranito e sienogranito equigranulares médios a grossos a inequigranulares porfiríticos, com fenocristais subédricos a euédricos de K-feldspato (1cm a 7cm) e de plagioclásio (0,5cm a 1cm). Associados a diorito e a fases intermediárias de mistura, com ou sem epidoto magmático. Suíte metaluminosa a levemente peraluminosa, calcialcalina de alto K e levemente shorshonítica. 580 Ma U-Pb.","area_km2":4.14},"geometry":{"type":"Polygon","coordinates":[[[-38.36557,-7.4382],[-38.38107,-7.44365],[-38.36876,-7.4307],[-38.36244,-7.41927],[-38.34741,-7.40478],[-38.33565,-7.397],[-38.33784,-7.40206],[-38.35496,-7.41893],[-38.35962,-7.43252],[-38.36557,-7.4382]]]}},{"type":"Feature","properties":{"SIGLA":"NP3st","NOME":"Formação Santana dos Garrotes","LITOTIPOS":"Formação ferrífera bandada, Metaconglomerado, Metagrauvaca, Metapiroclástica, Metarenito lítico, Metarritmito, Rocha metavulcânica félsica, Rocha metavulcânica máfica","AMBIENTE_TECTONICO":null,"ERA_MIN":"Neoproterozóico","ERA_MAX":"Neoproterozóico","IDADE_MIN":541.1,"IDADE_MAX":635.0,"LEGENDA":"Metapelitos esverdeados (micaxistos) com granada e/ou turmalina e/ou titanita, intercalado com camadas de metarenitos finos a muito finos e metavulcânicas félsicas. Às vezes assumem aspecto de metarritmito (metaturbidito, metagrauvaca, metavulcânica máfica a félsica e metapiroclástica). U-Pb SHRIMP em zircão indica idade máxima de deposição entre 661 e 624 Ma.","area_km2":77.93},"geometry":{"type":"Polygon","coordinates":[[[-38.5042,-7.4406],[-38.49919,-7.44765],[-38.48129,-7.45812],[-38.47202,-7.47902],[-38.45717,-7.48675],[-38.45525,-7.49559],[-38.45741,-7.49685],[-38.47,-7.49064],[-38.50531,-7.46719],[-38.52989,-7.44204],[-38.55707,-7.42868],[-38.56416,-7.41686],[-38.5636,-7.40079],[-38.55413,-7.37465],[-38.54889,-7.36847],[-38.53841,-7.36425],[-38.52477,-7.36692],[-38.51755,-7.35376],[-38.51602,-7.33389],[-38.51361,-7.32949],[-38.50907,-7.32919],[-38.50289,-7.3333],[-38.49896,-7.34147],[-38.49904,-7.3551],[-38.49503,-7.3574],[-38.49188,-7.3531],[-38.49053,-7.34037],[-38.49559,-7.32934],[-38.47555,-7.32196],[-38.47252,-7.32405],[-38.47113,-7.33203],[-38.46556,-7.34207],[-38.4687,-7.35494],[-38.4882,-7.36362],[-38.49273,-7.36823],[-38.49362,-7.37802],[-38.49888,-7.38742],[-38.51379,-7.40231],[-38.52255,-7.41664],[-38.52296,-7.42775],[-38.51846,-7.4393],[-38.51351,-7.44126],[-38.5042,-7.4406]]]}},{"type":"Feature","properties":{"SIGLA":"NP3_gamma_2c5","NOME":"Corpo Plúton sem denominação","LITOTIPOS":"Granodiorito, Quartzo diorito, Tonalito","AMBIENTE_TECTONICO":null,"ERA_MIN":"Neoproterozóico","ERA_MAX":"Neoproterozóico","IDADE_MIN":541.1,"IDADE_MAX":635.0,"LEGENDA":"Anfibólio-biotita tonalito/granodiorito com epidoto magmático, calcialcalino e fases subordinadas de diorito e gabro (SC24). Idade U-Pb = 635 ± 9Ma.","area_km2":0.23},"geometry":{"type":"Polygon","coordinates":[[[-38.25268,-7.43023],[-38.24763,-7.4266],[-38.243,-7.42595],[-38.24575,-7.42962],[-38.25268,-7.43023]]]}},{"type":"Feature","properties":{"SIGLA":"NP3_gamma_2c5","NOME":"Corpo Plúton sem denominação","LITOTIPOS":"Granodiorito, Quartzo diorito, Tonalito","AMBIENTE_TECTONICO":null,"ERA_MIN":"Neoproterozóico","ERA_MAX":"Neoproterozóico","IDADE_MIN":541.1,"IDADE_MAX":635.0,"LEGENDA":"Anfibólio-biotita tonalito/granodiorito com epidoto magmático, calcialcalino e fases subordinadas de diorito e gabro (SC24). Idade U-Pb = 635 ± 9Ma.","area_km2":0.97},"geometry":{"type":"Polygon","coordinates":[[[-38.26052,-7.41887],[-38.2508,-7.41981],[-38.2438,-7.42206],[-38.25936,-7.4276],[-38.26052,-7.41887]]]}},{"type":"Feature","properties":{"SIGLA":"NP3_gamma_2c2","NOME":"Corpo Plúton Pedra Branca","LITOTIPOS":"Granodiorito, Quartzo diorito, Tonalito","AMBIENTE_TECTONICO":null,"ERA_MIN":"Neoproterozóico","ERA_MAX":"Neoproterozóico","IDADE_MIN":541.1,"IDADE_MAX":635.0,"LEGENDA":"Anfibolio- biotita tonalito granodiorito, com epidoto magmático, fases subordinadas de diorito e gabro calcialcalinos normais","area_km2":1.97},"geometry":{"type":"Polygon","coordinates":[[[-38.1012,-7.42856],[-38.10518,-7.42328],[-38.09678,-7.41422],[-38.09206,-7.41397],[-38.08958,-7.42118],[-38.0906,-7.42543],[-38.09629,-7.42986],[-38.1012,-7.42856]]]}},{"type":"Feature","properties":{"SIGLA":"NP3_gamma_2c2","NOME":"Corpo Plúton Pedra Branca","LITOTIPOS":"Granodiorito, Quartzo diorito, Tonalito","AMBIENTE_TECTONICO":null,"ERA_MIN":"Neoproterozóico","ERA_MAX":"Neoproterozóico","IDADE_MIN":541.1,"IDADE_MAX":635.0,"LEGENDA":"Anfibolio- biotita tonalito granodiorito, com epidoto magmático, fases subordinadas de diorito e gabro calcialcalinos normais","area_km2":2.33},"geometry":{"type":"Polygon","coordinates":[[[-38.06703,-7.4259],[-38.0811,-7.4259],[-38.08302,-7.40534],[-38.06499,-7.42293],[-38.06703,-7.4259]]]}},{"type":"Feature","properties":{"SIGLA":"NP3_gamma_2c5","NOME":"Corpo Plúton sem denominação","LITOTIPOS":"Granodiorito, Quartzo diorito, Tonalito","AMBIENTE_TECTONICO":null,"ERA_MIN":"Neoproterozóico","ERA_MAX":"Neoproterozóico","IDADE_MIN":541.1,"IDADE_MAX":635.0,"LEGENDA":"Anfibólio-biotita tonalito/granodiorito com epidoto magmático, calcialcalino e fases subordinadas de diorito e gabro (SC24). Idade U-Pb = 635 ± 9Ma.","area_km2":0.61},"geometry":{"type":"Polygon","coordinates":[[[-38.24461,-7.41617],[-38.25498,-7.41322],[-38.26104,-7.41122],[-38.24907,-7.40897],[-38.24461,-7.41617]]]}},{"type":"Feature","properties":{"SIGLA":"NP3_gamma_2c5","NOME":"Corpo Plúton sem denominação","LITOTIPOS":"Granodiorito, Quartzo diorito, Tonalito","AMBIENTE_TECTONICO":null,"ERA_MIN":"Neoproterozóico","ERA_MAX":"Neoproterozóico","IDADE_MIN":541.1,"IDADE_MAX":635.0,"LEGENDA":"Anfibólio-biotita tonalito/granodiorito com epidoto magmático, calcialcalino e fases subordinadas de diorito e gabro (SC24). Idade U-Pb = 635 ± 9Ma.","area_km2":10.76},"geometry":{"type":"Polygon","coordinates":[[[-38.21713,-7.43248],[-38.21896,-7.42175],[-38.21632,-7.41452],[-38.20489,-7.414],[-38.20277,-7.40048],[-38.1936,-7.39455],[-38.19014,-7.38441],[-38.17746,-7.38028],[-38.1777,-7.39637],[-38.18356,-7.40528],[-38.18372,-7.40965],[-38.20734,-7.42945],[-38.21713,-7.43248]]]}},{"type":"Feature","properties":{"SIGLA":"NP3_gamma_2c2","NOME":"Corpo Plúton Pedra Branca","LITOTIPOS":"Granodiorito, Quartzo diorito, Tonalito","AMBIENTE_TECTONICO":null,"ERA_MIN":"Neoproterozóico","ERA_MAX":"Neoproterozóico","IDADE_MIN":541.1,"IDADE_MAX":635.0,"LEGENDA":"Anfibolio- biotita tonalito granodiorito, com epidoto magmático, fases subordinadas de diorito e gabro calcialcalinos normais","area_km2":3.39},"geometry":{"type":"Polygon","coordinates":[[[-38.10347,-7.39988],[-38.0952,-7.38616],[-38.08298,-7.37204],[-38.09186,-7.39844],[-38.11065,-7.41853],[-38.10347,-7.39988]]]}},{"type":"Feature","properties":{"SIGLA":"NP3_gamma_2c5","NOME":"Corpo Plúton sem denominação","LITOTIPOS":"Granodiorito, Quartzo diorito, Tonalito","AMBIENTE_TECTONICO":null,"ERA_MIN":"Neoproterozóico","ERA_MAX":"Neoproterozóico","IDADE_MIN":541.1,"IDADE_MAX":635.0,"LEGENDA":"Anfibólio-biotita tonalito/granodiorito com epidoto magmático, calcialcalino e fases subordinadas de diorito e gabro (SC24). Idade U-Pb = 635 ± 9Ma.","area_km2":11.86},"geometry":{"type":"Polygon","coordinates":[[[-38.22013,-7.40566],[-38.2409,-7.39837],[-38.24424,-7.39497],[-38.245,-7.38682],[-38.24765,-7.38322],[-38.231,-7.37825],[-38.20902,-7.37563],[-38.1943,-7.3668],[-38.19439,-7.3783],[-38.206,-7.38447],[-38.20883,-7.39533],[-38.21759,-7.39807],[-38.22013,-7.40566]]]}},{"type":"Feature","properties":{"SIGLA":"NP3_gamma_2c2","NOME":"Corpo Plúton Pedra Branca","LITOTIPOS":"Granodiorito, Quartzo diorito, Tonalito","AMBIENTE_TECTONICO":null,"ERA_MIN":"Neoproterozóico","ERA_MAX":"Neoproterozóico","IDADE_MIN":541.1,"IDADE_MAX":635.0,"LEGENDA":"Anfibolio- biotita tonalito granodiorito, com epidoto magmático, fases subordinadas de diorito e gabro calcialcalinos normais","area_km2":19.48},"geometry":{"type":"Polygon","coordinates":[[[-38.03166,-7.3959],[-38.03444,-7.4046],[-38.04618,-7.41554],[-38.05193,-7.41584],[-38.06366,-7.40345],[-38.06319,-7.39823],[-38.07555,-7.38144],[-38.0629,-7.353],[-38.05748,-7.35448],[-38.05224,-7.36393],[-38.04805,-7.35998],[-38.04056,-7.38031],[-38.03821,-7.37602],[-38.03757,-7.38314],[-38.03166,-7.3959]]]}},{"type":"Feature","properties":{"SIGLA":"NP3_gamma_2c5","NOME":"Corpo Plúton sem denominação","LITOTIPOS":"Granodiorito, Quartzo diorito, Tonalito","AMBIENTE_TECTONICO":null,"ERA_MIN":"Neoproterozóico","ERA_MAX":"Neoproterozóico","IDADE_MIN":541.1,"IDADE_MAX":635.0,"LEGENDA":"Anfibólio-biotita tonalito/granodiorito com epidoto magmático, calcialcalino e fases subordinadas de diorito e gabro (SC24). Idade U-Pb = 635 ± 9Ma.","area_km2":6.85},"geometry":{"type":"Polygon","coordinates":[[[-38.25999,-7.37888],[-38.27063,-7.37962],[-38.27418,-7.38445],[-38.26021,-7.38692],[-38.2655,-7.39449],[-38.27078,-7.39515],[-38.28976,-7.38992],[-38.28933,-7.3845],[-38.28405,-7.37608],[-38.27205,-7.36681],[-38.26625,-7.36598],[-38.25956,-7.36967],[-38.25804,-7.37465],[-38.25999,-7.37888]]]}},{"type":"Feature","properties":{"SIGLA":"NP3_gamma_2it45","NOME":"Corpo Plúton Sem Denominação","LITOTIPOS":"Diorito, Granito, Granodiorito, Monzonito","AMBIENTE_TECTONICO":null,"ERA_MIN":"Neoproterozóico","ERA_MAX":"Neoproterozóico","IDADE_MIN":541.1,"IDADE_MAX":635.0,"LEGENDA":"Granito, granodiorito, monzogranito e sienogranito equigranulares médios a grossos a inequigranulares porfiríticos, com fenocristais subédricos a euédricos de K-feldspato (1cm a 7cm) e de plagioclásio (0,5cm a 1cm). Associados a diorito e a fases intermediárias de mistura, com ou sem epidoto magmático. Suíte metaluminosa a levemente peraluminosa, calcialcalina de alto K e levemente shorshonítica. 580 Ma U-Pb.","area_km2":9.0},"geometry":{"type":"Polygon","coordinates":[[[-38.34005,-7.38563],[-38.35009,-7.3966],[-38.35519,-7.4071],[-38.38587,-7.42531],[-38.39333,-7.42712],[-38.39268,-7.41514],[-38.37932,-7.40793],[-38.36925,-7.39581],[-38.34167,-7.38386],[-38.34005,-7.38563]]]}},{"type":"Feature","properties":{"SIGLA":"NP3_gamma_2it45","NOME":"Corpo Plúton Sem Denominação","LITOTIPOS":"Diorito, Granito, Granodiorito, Monzonito","AMBIENTE_TECTONICO":null,"ERA_MIN":"Neoproterozóico","ERA_MAX":"Neoproterozóico","IDADE_MIN":541.1,"IDADE_MAX":635.0,"LEGENDA":"Granito, granodiorito, monzogranito e sienogranito equigranulares médios a grossos a inequigranulares porfiríticos, com fenocristais subédricos a euédricos de K-feldspato (1cm a 7cm) e de plagioclásio (0,5cm a 1cm). Associados a diorito e a fases intermediárias de mistura, com ou sem epidoto magmático. Suíte metaluminosa a levemente peraluminosa, calcialcalina de alto K e levemente shorshonítica. 580 Ma U-Pb.","area_km2":18.99},"geometry":{"type":"Polygon","coordinates":[[[-38.42499,-7.35553],[-38.45157,-7.37425],[-38.46544,-7.3898],[-38.47647,-7.39509],[-38.47837,-7.3992],[-38.47802,-7.41369],[-38.49442,-7.42958],[-38.49497,-7.43464],[-38.49221,-7.43888],[-38.51351,-7.44126],[-38.51384,-7.42158],[-38.48561,-7.40034],[-38.47416,-7.38441],[-38.46451,-7.365],[-38.45636,-7.35959],[-38.44026,-7.35757],[-38.4318,-7.35364],[-38.42499,-7.35553]]]}},{"type":"Feature","properties":{"SIGLA":"NP3_gamma_2c5","NOME":"Corpo Plúton sem denominação","LITOTIPOS":"Granodiorito, Quartzo diorito, Tonalito","AMBIENTE_TECTONICO":null,"ERA_MIN":"Neoproterozóico","ERA_MAX":"Neoproterozóico","IDADE_MIN":541.1,"IDADE_MAX":635.0,"LEGENDA":"Anfibólio-biotita tonalito/granodiorito com epidoto magmático, calcialcalino e fases subordinadas de diorito e gabro (SC24). Idade U-Pb = 635 ± 9Ma.","area_km2":3.61},"geometry":{"type":"Polygon","coordinates":[[[-38.31809,-7.39445],[-38.30502,-7.3781],[-38.30034,-7.37966],[-38.30082,-7.38613],[-38.29827,-7.39118],[-38.31055,-7.39899],[-38.31604,-7.40675],[-38.32179,-7.40913],[-38.31809,-7.39445]]]}},{"type":"Feature","properties":{"SIGLA":"NP3_gamma_3i","NOME":"Corpo Granitóides de quimismo indiscriminado","LITOTIPOS":"Granito, Granitoide","AMBIENTE_TECTONICO":null,"ERA_MIN":"Neoproterozóico","ERA_MAX":"Neoproterozóico","IDADE_MIN":541.1,"IDADE_MAX":635.0,"LEGENDA":"Granitóides diversos de quimismo indeterminado.","area_km2":74.75},"geometry":{"type":"Polygon","coordinates":[[[-38.49497,-7.43464],[-38.49228,-7.42627],[-38.47802,-7.41369],[-38.47837,-7.3992],[-38.47647,-7.39509],[-38.46544,-7.3898],[-38.45067,-7.37348],[-38.42499,-7.35553],[-38.41693,-7.34715],[-38.40889,-7.33145],[-38.40489,-7.32984],[-38.39176,-7.36213],[-38.39371,-7.37671],[-38.40979,-7.41245],[-38.4218,-7.42574],[-38.44041,-7.45385],[-38.446,-7.45722],[-38.45484,-7.45545],[-38.47515,-7.43593],[-38.49221,-7.43888],[-38.49497,-7.43464]]]}},{"type":"Feature","properties":{"SIGLA":"PP2p3","NOME":"Unidade Piancó - Unidade 3","LITOTIPOS":"Hornblenda gnaisse, Mármore, Xisto aluminoso","AMBIENTE_TECTONICO":null,"ERA_MIN":"Paleoproterozóico","ERA_MAX":"Paleoproterozóico","IDADE_MIN":2050.1,"IDADE_MAX":2300.0,"LEGENDA":"Cordierita-sillimanita xisto com biotita-hornblenda gnaisse, anfibolito e raramente mármore.","area_km2":121.49},"geometry":{"type":"MultiPolygon","coordinates":[[[[-38.53786,-7.30021],[-38.53531,-7.30301],[-38.53834,-7.31211],[-38.53206,-7.31239],[-38.52595,-7.31893],[-38.51952,-7.31995],[-38.51289,-7.32893],[-38.51602,-7.33389],[-38.51684,-7.35122],[-38.52477,-7.36692],[-38.53841,-7.36425],[-38.54889,-7.36847],[-38.55413,-7.37465],[-38.5636,-7.40079],[-38.56454,-7.41335],[-38.56237,-7.42265],[-38.55249,-7.43206],[-38.52989,-7.44204],[-38.50531,-7.46719],[-38.45741,-7.49685],[-38.45491,-7.49444],[-38.45717,-7.48675],[-38.47202,-7.47902],[-38.47963,-7.46],[-38.50035,-7.44674],[-38.5042,-7.4406],[-38.47955,-7.44797],[-38.45096,-7.47007],[-38.43676,-7.468],[-38.39291,-7.42702],[-38.38587,-7.42531],[-38.35519,-7.4071],[-38.35009,-7.3966],[-38.34394,-7.39187],[-38.33996,-7.38506],[-38.29867,-7.35456],[-38.29975,-7.35576],[-38.29421,-7.35638],[-38.2875,-7.35231],[-38.30983,-7.38489],[-38.34589,-7.42226],[-38.35962,-7.43252],[-38.3558,-7.42009],[-38.33784,-7.40206],[-38.33565,-7.397],[-38.34741,-7.40478],[-38.36244,-7.41927],[-38.36876,-7.4307],[-38.38012,-7.44145],[-38.38075,-7.4439],[-38.36557,-7.4382],[-38.37536,-7.44754],[-38.44382,-7.50174],[-38.47025,-7.51368],[-38.48325,-7.5062],[-38.49898,-7.48699],[-38.52322,-7.47716],[-38.52706,-7.47072],[-38.52795,-7.45808],[-38.54028,-7.44267],[-38.59601,-7.43822],[-38.595,-7.4339],[-38.5853,-7.4348],[-38.5834,-7.4199],[-38.5873,-7.4147],[-38.59002,-7.41499],[-38.59401,-7.4112],[-38.59094,-7.40413],[-38.58259,-7.40447],[-38.57141,-7.39389],[-38.54868,-7.35537],[-38.54905,-7.35014],[-38.55159,-7.34995],[-38.55974,-7.35898],[-38.56268,-7.35951],[-38.5494,-7.335],[-38.5512,-7.3222],[-38.5497,-7.3144],[-38.5401,-7.3062],[-38.53786,-7.30021]]],[[[-38.54223,-7.27296],[-38.54103,-7.27495],[-38.54193,-7.2767],[-38.54223,-7.27296]]]]}},{"type":"Feature","properties":{"SIGLA":"NP3_gamma_2it45","NOME":"Corpo Plúton Sem Denominação","LITOTIPOS":"Diorito, Granito, Granodiorito, Monzonito","AMBIENTE_TECTONICO":null,"ERA_MIN":"Neoproterozóico","ERA_MAX":"Neoproterozóico","IDADE_MIN":541.1,"IDADE_MAX":635.0,"LEGENDA":"Granito, granodiorito, monzogranito e sienogranito equigranulares médios a grossos a inequigranulares porfiríticos, com fenocristais subédricos a euédricos de K-feldspato (1cm a 7cm) e de plagioclásio (0,5cm a 1cm). Associados a diorito e a fases intermediárias de mistura, com ou sem epidoto magmático. Suíte metaluminosa a levemente peraluminosa, calcialcalina de alto K e levemente shorshonítica. 580 Ma U-Pb.","area_km2":4.22},"geometry":{"type":"Polygon","coordinates":[[[-38.33565,-7.36267],[-38.35939,-7.38351],[-38.37153,-7.3756],[-38.35726,-7.36152],[-38.35688,-7.36397],[-38.34936,-7.36593],[-38.33706,-7.36091],[-38.33565,-7.36267]]]}},{"type":"Feature","properties":{"SIGLA":"NP3_gamma_2it45","NOME":"Corpo Plúton Sem Denominação","LITOTIPOS":"Diorito, Granito, Granodiorito, Monzonito","AMBIENTE_TECTONICO":null,"ERA_MIN":"Neoproterozóico","ERA_MAX":"Neoproterozóico","IDADE_MIN":541.1,"IDADE_MAX":635.0,"LEGENDA":"Granito, granodiorito, monzogranito e sienogranito equigranulares médios a grossos a inequigranulares porfiríticos, com fenocristais subédricos a euédricos de K-feldspato (1cm a 7cm) e de plagioclásio (0,5cm a 1cm). Associados a diorito e a fases intermediárias de mistura, com ou sem epidoto magmático. Suíte metaluminosa a levemente peraluminosa, calcialcalina de alto K e levemente shorshonítica. 580 Ma U-Pb.","area_km2":12.36},"geometry":{"type":"Polygon","coordinates":[[[-38.31249,-7.34892],[-38.3255,-7.35993],[-38.32786,-7.35962],[-38.33254,-7.3483],[-38.34871,-7.35312],[-38.31329,-7.32235],[-38.3,-7.31974],[-38.27775,-7.31101],[-38.31249,-7.34892]]]}},{"type":"Feature","properties":{"SIGLA":"NP3_gamma_2it45","NOME":"Corpo Plúton Sem Denominação","LITOTIPOS":"Diorito, Granito, Granodiorito, Monzonito","AMBIENTE_TECTONICO":null,"ERA_MIN":"Neoproterozóico","ERA_MAX":"Neoproterozóico","IDADE_MIN":541.1,"IDADE_MAX":635.0,"LEGENDA":"Granito, granodiorito, monzogranito e sienogranito equigranulares médios a grossos a inequigranulares porfiríticos, com fenocristais subédricos a euédricos de K-feldspato (1cm a 7cm) e de plagioclásio (0,5cm a 1cm). Associados a diorito e a fases intermediárias de mistura, com ou sem epidoto magmático. Suíte metaluminosa a levemente peraluminosa, calcialcalina de alto K e levemente shorshonítica. 580 Ma U-Pb.","area_km2":4.63},"geometry":{"type":"Polygon","coordinates":[[[-38.36418,-7.32152],[-38.37626,-7.34022],[-38.38774,-7.33556],[-38.39241,-7.32137],[-38.37639,-7.32125],[-38.366,-7.31597],[-38.36384,-7.31754],[-38.36418,-7.32152]]]}},{"type":"Feature","properties":{"SIGLA":"NP3st","NOME":"Formação Santana dos Garrotes","LITOTIPOS":"Formação ferrífera bandada, Metaconglomerado, Metagrauvaca, Metapiroclástica, Metarenito lítico, Metarritmito, Rocha metavulcânica félsica, Rocha metavulcânica máfica","AMBIENTE_TECTONICO":null,"ERA_MIN":"Neoproterozóico","ERA_MAX":"Neoproterozóico","IDADE_MIN":541.1,"IDADE_MAX":635.0,"LEGENDA":"Metapelitos esverdeados (micaxistos) com granada e/ou turmalina e/ou titanita, intercalado com camadas de metarenitos finos a muito finos e metavulcânicas félsicas. Às vezes assumem aspecto de metarritmito (metaturbidito, metagrauvaca, metavulcânica máfica a félsica e metapiroclástica). U-Pb SHRIMP em zircão indica idade máxima de deposição entre 661 e 624 Ma.","area_km2":11.36},"geometry":{"type":"Polygon","coordinates":[[[-38.55221,-7.26024],[-38.54031,-7.25534],[-38.53076,-7.27713],[-38.52362,-7.27743],[-38.51907,-7.28084],[-38.51847,-7.29817],[-38.52106,-7.30492],[-38.51787,-7.31406],[-38.51899,-7.31968],[-38.52446,-7.31977],[-38.53085,-7.31304],[-38.53834,-7.31211],[-38.53531,-7.30301],[-38.53805,-7.30012],[-38.5348,-7.2905],[-38.5416,-7.2809],[-38.5428,-7.2657],[-38.5521,-7.2636],[-38.55221,-7.26024]]]}},{"type":"Feature","properties":{"SIGLA":"NP3_gamma_3i","NOME":"Corpo Granitóides de quimismo indiscriminado","LITOTIPOS":"Granito, Granitoide","AMBIENTE_TECTONICO":null,"ERA_MIN":"Neoproterozóico","ERA_MAX":"Neoproterozóico","IDADE_MIN":541.1,"IDADE_MAX":635.0,"LEGENDA":"Granitóides diversos de quimismo indeterminado.","area_km2":56.46},"geometry":{"type":"Polygon","coordinates":[[[-38.36973,-7.24749],[-38.36883,-7.25366],[-38.36451,-7.25047],[-38.36681,-7.27272],[-38.37379,-7.28617],[-38.4014,-7.31017],[-38.41441,-7.32486],[-38.42312,-7.3278],[-38.43139,-7.32528],[-38.42518,-7.31374],[-38.42684,-7.30698],[-38.43122,-7.30313],[-38.44809,-7.30321],[-38.46942,-7.30934],[-38.47633,-7.30904],[-38.48204,-7.30515],[-38.48159,-7.30032],[-38.47769,-7.29612],[-38.43635,-7.27687],[-38.43056,-7.25061],[-38.40749,-7.25291],[-38.37655,-7.25038],[-38.36973,-7.24749]]]}},{"type":"Feature","properties":{"SIGLA":"NP3_gamma_2c2","NOME":"Corpo Plúton Pedra Branca","LITOTIPOS":"Granodiorito, Quartzo diorito, Tonalito","AMBIENTE_TECTONICO":null,"ERA_MIN":"Neoproterozóico","ERA_MAX":"Neoproterozóico","IDADE_MIN":541.1,"IDADE_MAX":635.0,"LEGENDA":"Anfibolio- biotita tonalito granodiorito, com epidoto magmático, fases subordinadas de diorito e gabro calcialcalinos normais","area_km2":0.52},"geometry":{"type":"Polygon","coordinates":[[[-38.02491,-7.36326],[-38.03416,-7.36687],[-38.03609,-7.35842],[-38.02491,-7.36326]]]}},{"type":"Feature","properties":{"SIGLA":"NP3_gamma_2c5","NOME":"Corpo Plúton sem denominação","LITOTIPOS":"Granodiorito, Quartzo diorito, Tonalito","AMBIENTE_TECTONICO":null,"ERA_MIN":"Neoproterozóico","ERA_MAX":"Neoproterozóico","IDADE_MIN":541.1,"IDADE_MAX":635.0,"LEGENDA":"Anfibólio-biotita tonalito/granodiorito com epidoto magmático, calcialcalino e fases subordinadas de diorito e gabro (SC24). Idade U-Pb = 635 ± 9Ma.","area_km2":3.45},"geometry":{"type":"Polygon","coordinates":[[[-38.28594,-7.36872],[-38.2882,-7.36445],[-38.28516,-7.35896],[-38.2675,-7.34392],[-38.26196,-7.34414],[-38.25985,-7.34967],[-38.2624,-7.35362],[-38.27191,-7.3577],[-38.27844,-7.36582],[-38.28594,-7.36872]]]}},{"type":"Feature","properties":{"SIGLA":"NP3_gamma_2c2","NOME":"Corpo Plúton Pedra Branca","LITOTIPOS":"Granodiorito, Quartzo diorito, Tonalito","AMBIENTE_TECTONICO":null,"ERA_MIN":"Neoproterozóico","ERA_MAX":"Neoproterozóico","IDADE_MIN":541.1,"IDADE_MAX":635.0,"LEGENDA":"Anfibolio- biotita tonalito granodiorito, com epidoto magmático, fases subordinadas de diorito e gabro calcialcalinos normais","area_km2":2.21},"geometry":{"type":"Polygon","coordinates":[[[-38.00847,-7.3602],[-38.02066,-7.3491],[-38.04706,-7.35045],[-38.04803,-7.34644],[-38.03813,-7.34281],[-38.02846,-7.34292],[-38.01862,-7.34747],[-38.00847,-7.3602]]]}},{"type":"Feature","properties":{"SIGLA":"NP3_gamma_2c5","NOME":"Corpo Plúton sem denominação","LITOTIPOS":"Granodiorito, Quartzo diorito, Tonalito","AMBIENTE_TECTONICO":null,"ERA_MIN":"Neoproterozóico","ERA_MAX":"Neoproterozóico","IDADE_MIN":541.1,"IDADE_MAX":635.0,"LEGENDA":"Anfibólio-biotita tonalito/granodiorito com epidoto magmático, calcialcalino e fases subordinadas de diorito e gabro (SC24). Idade U-Pb = 635 ± 9Ma.","area_km2":15.1},"geometry":{"type":"Polygon","coordinates":[[[-38.18589,-7.33429],[-38.18647,-7.34251],[-38.18905,-7.34293],[-38.19767,-7.33709],[-38.20843,-7.33789],[-38.21558,-7.34409],[-38.20588,-7.34901],[-38.17975,-7.34843],[-38.17635,-7.35229],[-38.1751,-7.35872],[-38.19442,-7.35286],[-38.19958,-7.35771],[-38.21253,-7.35791],[-38.22772,-7.3521],[-38.2432,-7.35608],[-38.24579,-7.35986],[-38.24046,-7.36144],[-38.22471,-7.35994],[-38.22015,-7.36395],[-38.22102,-7.36789],[-38.22888,-7.36688],[-38.23465,-7.36329],[-38.25461,-7.36249],[-38.25166,-7.35431],[-38.23369,-7.33889],[-38.22851,-7.33017],[-38.21711,-7.32924],[-38.20117,-7.33523],[-38.18589,-7.33429]]]}},{"type":"Feature","properties":{"SIGLA":"NP3st","NOME":"Formação Santana dos Garrotes","LITOTIPOS":"Formação ferrífera bandada, Metaconglomerado, Metagrauvaca, Metapiroclástica, Metarenito lítico, Metarritmito, Rocha metavulcânica félsica, Rocha metavulcânica máfica","AMBIENTE_TECTONICO":null,"ERA_MIN":"Neoproterozóico","ERA_MAX":"Neoproterozóico","IDADE_MIN":541.1,"IDADE_MAX":635.0,"LEGENDA":"Metapelitos esverdeados (micaxistos) com granada e/ou turmalina e/ou titanita, intercalado com camadas de metarenitos finos a muito finos e metavulcânicas félsicas. Às vezes assumem aspecto de metarritmito (metaturbidito, metagrauvaca, metavulcânica máfica a félsica e metapiroclástica). U-Pb SHRIMP em zircão indica idade máxima de deposição entre 661 e 624 Ma.","area_km2":10.57},"geometry":{"type":"Polygon","coordinates":[[[-38.1751,-7.35872],[-38.17975,-7.34843],[-38.20588,-7.34901],[-38.21103,-7.34793],[-38.21571,-7.34295],[-38.20843,-7.33789],[-38.19767,-7.33709],[-38.1878,-7.34292],[-38.18574,-7.34151],[-38.18589,-7.33429],[-38.18163,-7.33201],[-38.16337,-7.3278],[-38.1553,-7.32269],[-38.15243,-7.32448],[-38.15452,-7.33498],[-38.17025,-7.34815],[-38.16938,-7.35949],[-38.1751,-7.35872]]]}},{"type":"Feature","properties":{"SIGLA":"Q2a","NOME":"Depósitos aluvionares","LITOTIPOS":"Areia, Areia arcoseana, Argila, Cascalho, Conglomerado polimítico, Silte","AMBIENTE_TECTONICO":"Cobertura superficial","ERA_MIN":"Cenozóico","ERA_MAX":"Cenozóico","IDADE_MIN":0.0,"IDADE_MAX":0.01,"LEGENDA":"Sedimentos areno-argilosos aluvionares inconsolidados, finos a médios, com cores variadas, restos de matéria orgânica e presença de seixos, areias finas a grossas, com níveis de cascalhos, lentes de material silto-argiloso e restos de matéria orgânica, relacionados a planícies de inundação, margens, barras de canal e canais fluviais atuais. Localmente, podem conter matacões.\n","area_km2":165.56},"geometry":{"type":"Polygon","coordinates":[[[-37.92412,-7.1704],[-37.92857,-7.17265],[-37.93495,-7.18278],[-37.92542,-7.20354],[-37.92767,-7.21226],[-37.94248,-7.22125],[-37.9552,-7.24192],[-37.96005,-7.25442],[-37.96867,-7.26538],[-37.98038,-7.26814],[-37.99504,-7.28287],[-38.00492,-7.28751],[-38.01666,-7.30396],[-38.02726,-7.30991],[-38.03576,-7.32418],[-38.04561,-7.32657],[-38.05123,-7.33628],[-38.05057,-7.34557],[-38.04803,-7.34644],[-38.04706,-7.35045],[-38.02066,-7.3491],[-38.00847,-7.3602],[-38.0111,-7.36396],[-37.99876,-7.36872],[-38.00876,-7.36988],[-38.03609,-7.35842],[-38.03416,-7.36687],[-38.01562,-7.38383],[-38.01773,-7.40221],[-38.01164,-7.40396],[-38.01085,-7.40648],[-38.00383,-7.40727],[-38.00158,-7.41032],[-38.00251,-7.4133],[-38.01349,-7.40754],[-38.02409,-7.40873],[-38.02473,-7.40399],[-38.01959,-7.40119],[-38.02211,-7.3976],[-38.02383,-7.38237],[-38.03151,-7.37257],[-38.03469,-7.37176],[-38.03229,-7.38576],[-38.03333,-7.39312],[-38.03821,-7.37602],[-38.04056,-7.38031],[-38.04805,-7.35998],[-38.05224,-7.36393],[-38.06057,-7.35223],[-38.06532,-7.35597],[-38.07535,-7.38005],[-38.06319,-7.39823],[-38.06366,-7.40345],[-38.05193,-7.41584],[-38.04781,-7.42505],[-38.04152,-7.44591],[-38.04074,-7.47709],[-38.03495,-7.48462],[-38.01913,-7.49646],[-38.01774,-7.50719],[-38.02895,-7.49613],[-38.03986,-7.51112],[-38.04133,-7.50492],[-38.03759,-7.49429],[-38.04661,-7.47904],[-38.04625,-7.46468],[-38.04977,-7.44706],[-38.06499,-7.42293],[-38.08302,-7.40534],[-38.08091,-7.42849],[-38.08517,-7.43293],[-38.08658,-7.43165],[-38.08945,-7.43623],[-38.08888,-7.44311],[-38.09332,-7.44811],[-38.09554,-7.442],[-38.10091,-7.44811],[-38.10521,-7.44402],[-38.09629,-7.42986],[-38.08971,-7.42394],[-38.09206,-7.41397],[-38.09678,-7.41422],[-38.10518,-7.42328],[-38.11113,-7.42393],[-38.10778,-7.41429],[-38.09119,-7.39722],[-38.08298,-7.37204],[-38.08301,-7.36595],[-38.08664,-7.36253],[-38.09858,-7.36969],[-38.10229,-7.36657],[-38.09414,-7.36046],[-38.09758,-7.35252],[-38.07704,-7.35013],[-38.07015,-7.34634],[-38.04327,-7.31158],[-38.03023,-7.30263],[-38.0254,-7.2965],[-38.01966,-7.29442],[-38.0199,-7.29039],[-38.02365,-7.28654],[-38.04352,-7.27926],[-38.06128,-7.28466],[-38.06335,-7.29153],[-38.07273,-7.29209],[-38.09164,-7.31514],[-38.09827,-7.31768],[-38.10295,-7.31643],[-38.11935,-7.32514],[-38.12311,-7.33388],[-38.12629,-7.3329],[-38.12498,-7.32534],[-38.13075,-7.31743],[-38.13679,-7.3177],[-38.14237,-7.31497],[-38.14581,-7.31855],[-38.15067,-7.34581],[-38.16296,-7.36113],[-38.16395,-7.37454],[-38.1881,-7.38275],[-38.1936,-7.39455],[-38.20277,-7.40048],[-38.20489,-7.414],[-38.21726,-7.41609],[-38.21899,-7.42315],[-38.21713,-7.43248],[-38.22033,-7.43835],[-38.21845,-7.45105],[-38.22037,-7.46105],[-38.21831,-7.46728],[-38.2243,-7.4767],[-38.22237,-7.48018],[-38.21556,-7.48242],[-38.22044,-7.48736],[-38.2293,-7.48257],[-38.23099,-7.47618],[-38.22566,-7.46173],[-38.22456,-7.44983],[-38.22847,-7.44],[-38.22551,-7.42895],[-38.23197,-7.42757],[-38.23585,-7.4324],[-38.23812,-7.42761],[-38.243,-7.42595],[-38.26456,-7.43428],[-38.26551,-7.43235],[-38.25936,-7.4276],[-38.2438,-7.42206],[-38.27179,-7.4184],[-38.27476,-7.413],[-38.26104,-7.41122],[-38.2339,-7.41811],[-38.2208,-7.41014],[-38.2187,-7.3995],[-38.20883,-7.39533],[-38.206,-7.38447],[-38.19439,-7.3783],[-38.1943,-7.3668],[-38.20902,-7.37563],[-38.23229,-7.37853],[-38.26021,-7.38692],[-38.2733,-7.38547],[-38.27391,-7.38318],[-38.27063,-7.37962],[-38.25379,-7.37787],[-38.22888,-7.36688],[-38.22021,-7.36734],[-38.22081,-7.3627],[-38.22471,-7.35994],[-38.24046,-7.36144],[-38.24579,-7.35986],[-38.2432,-7.35608],[-38.2303,-7.35243],[-38.22535,-7.35222],[-38.21,-7.35816],[-38.19958,-7.35771],[-38.19442,-7.35286],[-38.16938,-7.35949],[-38.17025,-7.34815],[-38.15452,-7.33498],[-38.15243,-7.32448],[-38.1553,-7.32269],[-38.1678,-7.32927],[-38.19537,-7.33552],[-38.22618,-7.32795],[-38.23588,-7.32227],[-38.2224,-7.31268],[-38.21956,-7.32219],[-38.20343,-7.32481],[-38.19901,-7.32952],[-38.19441,-7.3306],[-38.16043,-7.3234],[-38.15225,-7.31822],[-38.14419,-7.30774],[-38.14456,-7.30292],[-38.15441,-7.30039],[-38.16034,-7.29562],[-38.16172,-7.28942],[-38.1575,-7.28686],[-38.15403,-7.29273],[-38.15033,-7.28942],[-38.14903,-7.28133],[-38.14339,-7.29193],[-38.13522,-7.2932],[-38.13178,-7.29902],[-38.11747,-7.3084],[-38.11244,-7.30936],[-38.08954,-7.29802],[-38.0754,-7.28261],[-38.06852,-7.27821],[-38.06662,-7.2739],[-38.06185,-7.27464],[-38.04253,-7.26446],[-38.02958,-7.26372],[-38.01224,-7.27505],[-38.00015,-7.27383],[-37.98476,-7.25956],[-37.96733,-7.24876],[-37.95221,-7.22683],[-37.94649,-7.21455],[-37.93891,-7.20648],[-37.93893,-7.20273],[-37.94761,-7.18777],[-37.94691,-7.18275],[-37.92068,-7.149],[-37.91437,-7.15438],[-37.91483,-7.15913],[-37.91919,-7.16155],[-37.92412,-7.1704]],[[-38.0699,-7.357],[-38.0756,-7.3659],[-38.0635,-7.3499],[-38.0699,-7.357]]]}},{"type":"Feature","properties":{"SIGLA":"PP2p3","NOME":"Unidade Piancó - Unidade 3","LITOTIPOS":"Hornblenda gnaisse, Mármore, Xisto aluminoso","AMBIENTE_TECTONICO":null,"ERA_MIN":"Paleoproterozóico","ERA_MAX":"Paleoproterozóico","IDADE_MIN":2050.1,"IDADE_MAX":2300.0,"LEGENDA":"Cordierita-sillimanita xisto com biotita-hornblenda gnaisse, anfibolito e raramente mármore.","area_km2":9.29},"geometry":{"type":"Polygon","coordinates":[[[-38.05113,-7.32333],[-38.06195,-7.33536],[-38.07462,-7.3328],[-38.10143,-7.33241],[-38.11935,-7.32514],[-38.10295,-7.31643],[-38.09827,-7.31768],[-38.09164,-7.31514],[-38.07216,-7.32279],[-38.05113,-7.32333]]]}},{"type":"Feature","properties":{"SIGLA":"NP3_delta_2","NOME":"Suíte Máfica a intermediária","LITOTIPOS":"Diorito, Gabro, Gabronorito, Granodiorito, Monzodiorito, Quartzo diorito, Tonalito","AMBIENTE_TECTONICO":null,"ERA_MIN":"Neoproterozóico","ERA_MAX":"Neoproterozóico","IDADE_MIN":541.1,"IDADE_MAX":635.0,"LEGENDA":"Gabro, gabro norito, diorito, monzo e quartzo diorito, quartzo monzonito e granodiorito, finos a médios, de afinidade subalcalina, cálcio-alcalino e shoshonítica. Localmente com enclaves de ortognaisse migmatíticos da unidade Mombaça.  . Idade U-Pb = 619 ± 92Ma.","area_km2":10.11},"geometry":{"type":"Polygon","coordinates":[[[-38.0345,-7.31957],[-38.02897,-7.31531],[-38.02726,-7.30991],[-38.01666,-7.30396],[-38.0113,-7.31246],[-37.99354,-7.32057],[-37.986,-7.32695],[-37.99847,-7.33555],[-38.00496,-7.33651],[-38.03576,-7.32418],[-38.0345,-7.31957]]]}},{"type":"Feature","properties":{"SIGLA":"NP3st","NOME":"Formação Santana dos Garrotes","LITOTIPOS":"Formação ferrífera bandada, Metaconglomerado, Metagrauvaca, Metapiroclástica, Metarenito lítico, Metarritmito, Rocha metavulcânica félsica, Rocha metavulcânica máfica","AMBIENTE_TECTONICO":null,"ERA_MIN":"Neoproterozóico","ERA_MAX":"Neoproterozóico","IDADE_MIN":541.1,"IDADE_MAX":635.0,"LEGENDA":"Metapelitos esverdeados (micaxistos) com granada e/ou turmalina e/ou titanita, intercalado com camadas de metarenitos finos a muito finos e metavulcânicas félsicas. Às vezes assumem aspecto de metarritmito (metaturbidito, metagrauvaca, metavulcânica máfica a félsica e metapiroclástica). U-Pb SHRIMP em zircão indica idade máxima de deposição entre 661 e 624 Ma.","area_km2":1.67},"geometry":{"type":"Polygon","coordinates":[[[-38.14882,-7.31467],[-38.16043,-7.3234],[-38.17334,-7.32464],[-38.16875,-7.31867],[-38.15833,-7.31296],[-38.14882,-7.31467]]]}},{"type":"Feature","properties":{"SIGLA":"NP3_gamma_2c5","NOME":"Corpo Plúton sem denominação","LITOTIPOS":"Granodiorito, Quartzo diorito, Tonalito","AMBIENTE_TECTONICO":null,"ERA_MIN":"Neoproterozóico","ERA_MAX":"Neoproterozóico","IDADE_MIN":541.1,"IDADE_MAX":635.0,"LEGENDA":"Anfibólio-biotita tonalito/granodiorito com epidoto magmático, calcialcalino e fases subordinadas de diorito e gabro (SC24). Idade U-Pb = 635 ± 9Ma.","area_km2":4.63},"geometry":{"type":"Polygon","coordinates":[[[-38.14882,-7.31467],[-38.15947,-7.31337],[-38.17867,-7.32688],[-38.19441,-7.3306],[-38.19013,-7.32582],[-38.17976,-7.32312],[-38.16538,-7.30807],[-38.15441,-7.30039],[-38.14456,-7.30292],[-38.14419,-7.30774],[-38.14882,-7.31467]]]}},{"type":"Feature","properties":{"SIGLA":"Sm","NOME":"Formação Mauriti","LITOTIPOS":"Arenito, Conglomerado, Folhelho, Siltito","AMBIENTE_TECTONICO":null,"ERA_MIN":"Paleozóico","ERA_MAX":"Paleozóico","IDADE_MIN":419.3,"IDADE_MAX":443.8,"LEGENDA":"Arenitos de granulometria variável (de fina a grossa até arenitos conglomeráticos) e conglomerados. Fácies de leque aluvial, fluvial entrelaçado e eólico.","area_km2":7.63},"geometry":{"type":"MultiPolygon","coordinates":[[[[-38.59394,-7.41124],[-38.59097,-7.41379],[-38.59002,-7.41499],[-38.5956,-7.4156],[-38.59394,-7.41124]]],[[[-38.56226,-7.35971],[-38.55159,-7.34995],[-38.54905,-7.35014],[-38.54868,-7.35537],[-38.57056,-7.3929],[-38.58259,-7.40447],[-38.58986,-7.40359],[-38.59285,-7.40799],[-38.5904,-7.4012],[-38.5836,-7.3982],[-38.5781,-7.3862],[-38.579,-7.3809],[-38.56226,-7.35971]]]]}},{"type":"Feature","properties":{"SIGLA":"Sm","NOME":"Formação Mauriti","LITOTIPOS":"Arenito, Conglomerado, Folhelho, Siltito","AMBIENTE_TECTONICO":null,"ERA_MIN":"Paleozóico","ERA_MAX":"Paleozóico","IDADE_MIN":419.3,"IDADE_MAX":443.8,"LEGENDA":"Arenitos de granulometria variável (de fina a grossa até arenitos conglomeráticos) e conglomerados. Fácies de leque aluvial, fluvial entrelaçado e eólico.","area_km2":4.21},"geometry":{"type":"Polygon","coordinates":[[[-38.6154,-7.2302],[-38.6229,-7.2038],[-38.6201,-7.19834],[-38.61292,-7.201],[-38.60973,-7.20659],[-38.60664,-7.23694],[-38.6154,-7.2302]]]}},{"type":"Feature","properties":{"SIGLA":"NP3st","NOME":"Formação Santana dos Garrotes","LITOTIPOS":"Formação ferrífera bandada, Metaconglomerado, Metagrauvaca, Metapiroclástica, Metarenito lítico, Metarritmito, Rocha metavulcânica félsica, Rocha metavulcânica máfica","AMBIENTE_TECTONICO":null,"ERA_MIN":"Neoproterozóico","ERA_MAX":"Neoproterozóico","IDADE_MIN":541.1,"IDADE_MAX":635.0,"LEGENDA":"Metapelitos esverdeados (micaxistos) com granada e/ou turmalina e/ou titanita, intercalado com camadas de metarenitos finos a muito finos e metavulcânicas félsicas. Às vezes assumem aspecto de metarritmito (metaturbidito, metagrauvaca, metavulcânica máfica a félsica e metapiroclástica). U-Pb SHRIMP em zircão indica idade máxima de deposição entre 661 e 624 Ma.","area_km2":123.92},"geometry":{"type":"MultiPolygon","coordinates":[[[[-38.62223,-7.20755],[-38.61967,-7.21065],[-38.62082,-7.21549],[-38.62223,-7.20755]]],[[[-38.62631,-7.10842],[-38.53627,-7.11457],[-38.41121,-7.11638],[-38.37585,-7.11543],[-38.2984,-7.10606],[-38.3387,-7.12044],[-38.36782,-7.12772],[-38.39784,-7.13185],[-38.56685,-7.14092],[-38.62281,-7.1616],[-38.68282,-7.17767],[-38.6766,-7.1692],[-38.6852,-7.1613],[-38.6753,-7.1557],[-38.6749,-7.1438],[-38.6779,-7.1327],[-38.65878,-7.10322],[-38.62631,-7.10842]]]]}},{"type":"Feature","properties":{"SIGLA":"NP3st","NOME":"Formação Santana dos Garrotes","LITOTIPOS":"Formação ferrífera bandada, Metaconglomerado, Metagrauvaca, Metapiroclástica, Metarenito lítico, Metarritmito, Rocha metavulcânica félsica, Rocha metavulcânica máfica","AMBIENTE_TECTONICO":null,"ERA_MIN":"Neoproterozóico","ERA_MAX":"Neoproterozóico","IDADE_MIN":541.1,"IDADE_MAX":635.0,"LEGENDA":"Metapelitos esverdeados (micaxistos) com granada e/ou turmalina e/ou titanita, intercalado com camadas de metarenitos finos a muito finos e metavulcânicas félsicas. Às vezes assumem aspecto de metarritmito (metaturbidito, metagrauvaca, metavulcânica máfica a félsica e metapiroclástica). U-Pb SHRIMP em zircão indica idade máxima de deposição entre 661 e 624 Ma.","area_km2":14.6},"geometry":{"type":"Polygon","coordinates":[[[-38.15441,-7.30039],[-38.17976,-7.32312],[-38.19013,-7.32582],[-38.19441,-7.3306],[-38.19901,-7.32952],[-38.20343,-7.32481],[-38.21463,-7.32428],[-38.22103,-7.32031],[-38.2224,-7.31268],[-38.21859,-7.30964],[-38.16034,-7.29562],[-38.15441,-7.30039]]]}},{"type":"Feature","properties":{"SIGLA":"NP3_gamma_2it24","NOME":"Corpo Plúton Itaporanga","LITOTIPOS":"Diorito, Granito, Granodiorito, Monzonito, Quartzo monzonito","AMBIENTE_TECTONICO":null,"ERA_MIN":"Neoproterozóico","ERA_MAX":"Neoproterozóico","IDADE_MIN":541.1,"IDADE_MAX":635.0,"LEGENDA":"Granito e granodiorito grosso e porfirítico associados a diorito e a fases intermediárias de mistura, com ou sem epidoto magmático, calcialcalinos de alto K 580 Ma U-Pb","area_km2":20.77},"geometry":{"type":"Polygon","coordinates":[[[-38.0254,-7.2965],[-38.03456,-7.2885],[-38.03909,-7.30787],[-38.05113,-7.32333],[-38.07216,-7.32279],[-38.09164,-7.31514],[-38.07477,-7.29373],[-38.06969,-7.29106],[-38.06335,-7.29153],[-38.06207,-7.28548],[-38.05774,-7.28259],[-38.04225,-7.27959],[-38.02365,-7.28654],[-38.01922,-7.29309],[-38.0254,-7.2965]]]}},{"type":"Feature","properties":{"SIGLA":"NP3_delta_2","NOME":"Suíte Máfica a intermediária","LITOTIPOS":"Diorito, Gabro, Gabronorito, Granodiorito, Monzodiorito, Quartzo diorito, Tonalito","AMBIENTE_TECTONICO":null,"ERA_MIN":"Neoproterozóico","ERA_MAX":"Neoproterozóico","IDADE_MIN":541.1,"IDADE_MAX":635.0,"LEGENDA":"Gabro, gabro norito, diorito, monzo e quartzo diorito, quartzo monzonito e granodiorito, finos a médios, de afinidade subalcalina, cálcio-alcalino e shoshonítica. Localmente com enclaves de ortognaisse migmatíticos da unidade Mombaça.  . Idade U-Pb = 619 ± 92Ma.","area_km2":1.28},"geometry":{"type":"Polygon","coordinates":[[[-38.0254,-7.2965],[-38.03909,-7.30787],[-38.03353,-7.28802],[-38.0254,-7.2965]]]}},{"type":"Feature","properties":{"SIGLA":"PP2p3","NOME":"Unidade Piancó - Unidade 3","LITOTIPOS":"Hornblenda gnaisse, Mármore, Xisto aluminoso","AMBIENTE_TECTONICO":null,"ERA_MIN":"Paleoproterozóico","ERA_MAX":"Paleoproterozóico","IDADE_MIN":2050.1,"IDADE_MAX":2300.0,"LEGENDA":"Cordierita-sillimanita xisto com biotita-hornblenda gnaisse, anfibolito e raramente mármore.","area_km2":13.11},"geometry":{"type":"Polygon","coordinates":[[[-38.14903,-7.28133],[-38.15033,-7.28942],[-38.15403,-7.29273],[-38.1575,-7.28686],[-38.16172,-7.28942],[-38.16034,-7.29562],[-38.21859,-7.30964],[-38.21827,-7.29721],[-38.20933,-7.29255],[-38.18894,-7.28966],[-38.16895,-7.27583],[-38.1552,-7.27545],[-38.14903,-7.28133]]]}},{"type":"Feature","properties":{"SIGLA":"NP3_gamma_2it24","NOME":"Corpo Plúton Itaporanga","LITOTIPOS":"Diorito, Granito, Granodiorito, Monzonito, Quartzo monzonito","AMBIENTE_TECTONICO":null,"ERA_MIN":"Neoproterozóico","ERA_MAX":"Neoproterozóico","IDADE_MIN":541.1,"IDADE_MAX":635.0,"LEGENDA":"Granito e granodiorito grosso e porfirítico associados a diorito e a fases intermediárias de mistura, com ou sem epidoto magmático, calcialcalinos de alto K 580 Ma U-Pb","area_km2":142.39},"geometry":{"type":"Polygon","coordinates":[[[-38.05164,-7.26857],[-38.06302,-7.27491],[-38.06662,-7.2739],[-38.06852,-7.27821],[-38.0754,-7.28261],[-38.08954,-7.29802],[-38.11244,-7.30936],[-38.11747,-7.3084],[-38.13178,-7.29902],[-38.13522,-7.2932],[-38.14339,-7.29193],[-38.15316,-7.27662],[-38.16023,-7.27437],[-38.16895,-7.27583],[-38.18894,-7.28966],[-38.21385,-7.29435],[-38.21827,-7.29721],[-38.21859,-7.30964],[-38.2224,-7.31268],[-38.23588,-7.32227],[-38.27464,-7.34155],[-38.29421,-7.35638],[-38.29975,-7.35576],[-38.27077,-7.32725],[-38.19135,-7.22522],[-38.18177,-7.2249],[-38.17091,-7.21674],[-38.14905,-7.22256],[-38.1324,-7.22351],[-38.12315,-7.22733],[-38.12286,-7.23245],[-38.11211,-7.22808],[-38.10627,-7.22983],[-38.09983,-7.22571],[-38.08641,-7.22947],[-38.07016,-7.24445],[-38.05818,-7.25163],[-38.05164,-7.26857]]]}},{"type":"Feature","properties":{"SIGLA":"PP2p2","NOME":"Unidade Piancó - Unidade 2","LITOTIPOS":"Mármore, Ortognaisse tonalítico, Xisto aluminoso","AMBIENTE_TECTONICO":null,"ERA_MIN":"Paleoproterozóico","ERA_MAX":"Paleoproterozóico","IDADE_MIN":2050.1,"IDADE_MAX":2300.0,"LEGENDA":"Ortognaisse tonalítico com intercalações de cordierita xisto","area_km2":626.13},"geometry":{"type":"Polygon","coordinates":[[[-38.05457,-7.09196],[-38.05164,-7.09831],[-38.05033,-7.09247],[-38.04556,-7.09184],[-38.04624,-7.08566],[-38.04259,-7.08249],[-38.03632,-7.0787],[-38.03252,-7.07929],[-38.02546,-7.07192],[-38.01594,-7.07538],[-38.00863,-7.06976],[-38.00216,-7.07928],[-38.00482,-7.08499],[-38.0021,-7.08848],[-37.99873,-7.08803],[-37.99535,-7.08385],[-37.99873,-7.06976],[-37.99416,-7.069],[-37.98994,-7.07131],[-37.98704,-7.06566],[-37.98429,-7.06536],[-37.97851,-7.0733],[-37.9654,-7.0583],[-37.96008,-7.05875],[-37.96503,-7.06315],[-37.96267,-7.06947],[-37.95789,-7.06779],[-37.95644,-7.06951],[-37.95718,-7.0735],[-37.9533,-7.07761],[-37.95116,-7.07687],[-37.94994,-7.06792],[-37.94763,-7.06632],[-37.93723,-7.06818],[-37.92365,-7.06716],[-37.91802,-7.0644],[-37.91469,-7.07074],[-37.92432,-7.07543],[-37.92489,-7.07815],[-37.90774,-7.07585],[-37.90812,-7.08042],[-37.90509,-7.08295],[-37.90139,-7.0778],[-37.89743,-7.08278],[-37.90453,-7.08344],[-37.90684,-7.08258],[-37.92333,-7.08842],[-38.00718,-7.0966],[-38.06416,-7.11391],[-38.09689,-7.13241],[-38.19135,-7.22522],[-38.27077,-7.32725],[-38.29867,-7.35456],[-38.33158,-7.37975],[-38.33996,-7.38506],[-38.34167,-7.38386],[-38.35346,-7.39028],[-38.366,-7.39372],[-38.37932,-7.40793],[-38.39197,-7.41453],[-38.39291,-7.42702],[-38.43676,-7.468],[-38.45096,-7.47007],[-38.47955,-7.44797],[-38.50389,-7.44056],[-38.47515,-7.43593],[-38.45751,-7.45399],[-38.44726,-7.45723],[-38.44222,-7.45595],[-38.42111,-7.42481],[-38.40979,-7.41245],[-38.39371,-7.37671],[-38.39176,-7.36213],[-38.40604,-7.32939],[-38.41693,-7.34715],[-38.42499,-7.35553],[-38.4318,-7.35364],[-38.44026,-7.35757],[-38.45636,-7.35959],[-38.46451,-7.365],[-38.47416,-7.38441],[-38.48561,-7.40034],[-38.51316,-7.42053],[-38.51509,-7.42648],[-38.51351,-7.44126],[-38.51846,-7.4393],[-38.52315,-7.4266],[-38.52149,-7.41444],[-38.51379,-7.40231],[-38.49888,-7.38742],[-38.49362,-7.37802],[-38.49273,-7.36823],[-38.4882,-7.36362],[-38.46937,-7.35587],[-38.46556,-7.34207],[-38.47428,-7.32247],[-38.47832,-7.32189],[-38.49389,-7.32747],[-38.49544,-7.33181],[-38.49053,-7.34037],[-38.49188,-7.3531],[-38.49384,-7.35675],[-38.49763,-7.35715],[-38.5003,-7.33763],[-38.50448,-7.3316],[-38.51289,-7.32893],[-38.51952,-7.31995],[-38.51787,-7.31406],[-38.52106,-7.30492],[-38.51847,-7.29817],[-38.51907,-7.28084],[-38.52362,-7.27743],[-38.53076,-7.27713],[-38.53923,-7.25616],[-38.54319,-7.25541],[-38.55271,-7.26049],[-38.5544,-7.2519],[-38.552,-7.2435],[-38.5589,-7.2394],[-38.5831,-7.2484],[-38.5928,-7.2476],[-38.60664,-7.23694],[-38.60582,-7.23114],[-38.60216,-7.22713],[-38.58524,-7.2151],[-38.57539,-7.20419],[-38.56572,-7.20797],[-38.5524,-7.19811],[-38.5122,-7.19965],[-38.49661,-7.20218],[-38.48517,-7.2088],[-38.47551,-7.21132],[-38.29749,-7.13094],[-38.3038,-7.14138],[-38.30933,-7.16309],[-38.31282,-7.16758],[-38.34221,-7.18706],[-38.3692,-7.19862],[-38.37275,-7.2048],[-38.38148,-7.20807],[-38.3984,-7.20942],[-38.40262,-7.21913],[-38.40091,-7.23268],[-38.38846,-7.23595],[-38.3773,-7.23073],[-38.37218,-7.23185],[-38.37014,-7.23809],[-38.36277,-7.2404],[-38.36141,-7.24801],[-38.35191,-7.24355],[-38.29732,-7.20009],[-38.25428,-7.18004],[-38.20869,-7.15079],[-38.21543,-7.16006],[-38.25121,-7.1939],[-38.25988,-7.20888],[-38.25979,-7.21497],[-38.25025,-7.23461],[-38.24586,-7.2392],[-38.2408,-7.23976],[-38.19914,-7.21676],[-38.13417,-7.14301],[-38.12095,-7.1324],[-38.05625,-7.09298],[-38.0527,-7.1014],[-38.05615,-7.09291],[-38.05457,-7.09196]],[[-38.36851,-7.24865],[-38.40749,-7.25291],[-38.43056,-7.25061],[-38.43635,-7.27687],[-38.47769,-7.29612],[-38.48159,-7.30032],[-38.48204,-7.30515],[-38.47633,-7.30904],[-38.46942,-7.30934],[-38.44809,-7.30321],[-38.43122,-7.30313],[-38.42684,-7.30698],[-38.42518,-7.31374],[-38.43139,-7.32528],[-38.42312,-7.3278],[-38.41304,-7.3242],[-38.40247,-7.31122],[-38.37295,-7.28478],[-38.36659,-7.27111],[-38.36451,-7.25047],[-38.36883,-7.25366],[-38.36851,-7.24865]],[[-38.3255,-7.35993],[-38.2927,-7.32953],[-38.27775,-7.31101],[-38.3,-7.31974],[-38.31329,-7.32235],[-38.34871,-7.35312],[-38.33254,-7.3483],[-38.32786,-7.35962],[-38.3255,-7.35993]],[[-38.47359,-7.23819],[-38.48191,-7.23653],[-38.49862,-7.23937],[-38.50326,-7.24099],[-38.50464,-7.24452],[-38.50218,-7.24753],[-38.49187,-7.25129],[-38.48323,-7.25893],[-38.46359,-7.25202],[-38.44989,-7.25153],[-38.44561,-7.24899],[-38.44625,-7.24457],[-38.45451,-7.24337],[-38.45565,-7.23678],[-38.47359,-7.23819]],[[-38.31582,-7.28497],[-38.29896,-7.27114],[-38.29242,-7.26106],[-38.29216,-7.2552],[-38.29702,-7.24959],[-38.30549,-7.2498],[-38.31233,-7.25694],[-38.31058,-7.26998],[-38.31693,-7.28253],[-38.31582,-7.28497]],[[-38.36393,-7.31915],[-38.366,-7.31597],[-38.37639,-7.32125],[-38.39145,-7.32043],[-38.3894,-7.33328],[-38.38523,-7.33708],[-38.37483,-7.3398],[-38.36393,-7.31915]],[[-38.33591,-7.36394],[-38.33826,-7.36104],[-38.34936,-7.36593],[-38.35688,-7.36397],[-38.35726,-7.36152],[-38.37153,-7.3756],[-38.35939,-7.38351],[-38.351,-7.37872],[-38.33591,-7.36394]],[[-38.35145,-7.27548],[-38.33763,-7.26153],[-38.33804,-7.25314],[-38.34172,-7.25003],[-38.34842,-7.25249],[-38.35174,-7.25691],[-38.35315,-7.27355],[-38.35145,-7.27548]]]}},{"type":"Feature","properties":{"SIGLA":"PP2p3","NOME":"Unidade Piancó - Unidade 3","LITOTIPOS":"Hornblenda gnaisse, Mármore, Xisto aluminoso","AMBIENTE_TECTONICO":null,"ERA_MIN":"Paleoproterozóico","ERA_MAX":"Paleoproterozóico","IDADE_MIN":2050.1,"IDADE_MAX":2300.0,"LEGENDA":"Cordierita-sillimanita xisto com biotita-hornblenda gnaisse, anfibolito e raramente mármore.","area_km2":174.47},"geometry":{"type":"Polygon","coordinates":[[[-37.95328,-7.22806],[-37.96733,-7.24876],[-37.98476,-7.25956],[-37.99693,-7.27206],[-38.00571,-7.27549],[-38.01224,-7.27505],[-38.02958,-7.26372],[-38.04253,-7.26446],[-38.05164,-7.26857],[-38.05428,-7.25789],[-38.05918,-7.25067],[-38.07016,-7.24445],[-38.08391,-7.23098],[-38.09626,-7.22582],[-38.10098,-7.22602],[-38.10627,-7.22983],[-38.11326,-7.22833],[-38.12286,-7.23245],[-38.12315,-7.22733],[-38.1324,-7.22351],[-38.14905,-7.22256],[-38.17091,-7.21674],[-38.18177,-7.2249],[-38.19122,-7.22509],[-38.18154,-7.21557],[-38.16031,-7.20753],[-38.13382,-7.20481],[-38.11899,-7.19992],[-38.06894,-7.20167],[-38.05316,-7.21557],[-38.03716,-7.21532],[-38.03881,-7.20954],[-38.04767,-7.20312],[-38.05413,-7.19212],[-38.09229,-7.17483],[-38.11085,-7.18737],[-38.13939,-7.19535],[-38.159,-7.20365],[-38.17147,-7.20568],[-38.09689,-7.13241],[-38.07119,-7.13206],[-38.09544,-7.1482],[-38.1018,-7.15686],[-38.10094,-7.16007],[-38.0806,-7.15786],[-38.06951,-7.16021],[-38.04551,-7.18077],[-38.03412,-7.18704],[-38.02912,-7.18685],[-38.02516,-7.17246],[-38.0293,-7.15188],[-38.01042,-7.14163],[-38.01056,-7.13669],[-38.01504,-7.13032],[-38.011,-7.12778],[-37.99555,-7.13265],[-37.98983,-7.14102],[-37.98774,-7.14869],[-37.9883,-7.16607],[-37.9808,-7.18148],[-37.97321,-7.18809],[-37.95815,-7.19349],[-37.95206,-7.20041],[-37.95117,-7.2043],[-37.95665,-7.21049],[-37.95854,-7.21811],[-37.95328,-7.22806]],[[-37.98772,-7.23485],[-37.9818,-7.22136],[-37.98295,-7.2147],[-38.00231,-7.19625],[-38.01275,-7.19164],[-38.01269,-7.20522],[-38.02083,-7.21438],[-38.02083,-7.21794],[-38.00857,-7.22787],[-37.99401,-7.23483],[-37.98772,-7.23485]],[[-38.12231,-7.18398],[-38.11627,-7.17637],[-38.10915,-7.17216],[-38.11092,-7.16926],[-38.12946,-7.17219],[-38.13753,-7.17893],[-38.14008,-7.1846],[-38.12231,-7.18398]]]}},{"type":"Feature","properties":{"SIGLA":"NP1_gamma_rf","NOME":"Suíte Recanto - Riacho do Forno","LITOTIPOS":"Augen gnaisse, Metagranito, Metamonzogranito, Metassienito, Metassienogranito, Migmatito","AMBIENTE_TECTONICO":null,"ERA_MIN":"Neoproterozóico","ERA_MAX":"Neoproterozóico","IDADE_MIN":720.1,"IDADE_MAX":1000.0,"LEGENDA":"Biotita augen gnaisse granítico, micáceo e porfiroclástico (alcalifeldspato) médios a grossos; Ortognaisse e migmatito granodiorítico a monzogranítico; Granada metagranito a duas micas anatético de fonte supracrustal. Textura fanerítica inequigranular média e textura perlácea das muscovitas.  999 ±50 ¿ 925 ± 9,8 Ma U-Pb convencional em zircão.","area_km2":22.94},"geometry":{"type":"Polygon","coordinates":[[[-38.18141,-7.21544],[-38.17147,-7.20568],[-38.159,-7.20365],[-38.13939,-7.19535],[-38.11085,-7.18737],[-38.09229,-7.17483],[-38.05628,-7.19055],[-38.03661,-7.21405],[-38.03974,-7.21628],[-38.05316,-7.21557],[-38.06732,-7.20198],[-38.10737,-7.19963],[-38.1586,-7.20698],[-38.18141,-7.21544]]]}},{"type":"Feature","properties":{"SIGLA":"NP1_gamma_rf","NOME":"Suíte Recanto - Riacho do Forno","LITOTIPOS":"Augen gnaisse, Metagranito, Metamonzogranito, Metassienito, Metassienogranito, Migmatito","AMBIENTE_TECTONICO":null,"ERA_MIN":"Neoproterozóico","ERA_MAX":"Neoproterozóico","IDADE_MIN":720.1,"IDADE_MAX":1000.0,"LEGENDA":"Biotita augen gnaisse granítico, micáceo e porfiroclástico (alcalifeldspato) médios a grossos; Ortognaisse e migmatito granodiorítico a monzogranítico; Granada metagranito a duas micas anatético de fonte supracrustal. Textura fanerítica inequigranular média e textura perlácea das muscovitas.  999 ±50 ¿ 925 ± 9,8 Ma U-Pb convencional em zircão.","area_km2":3.13},"geometry":{"type":"Polygon","coordinates":[[[-38.12231,-7.18398],[-38.13673,-7.18518],[-38.14016,-7.18323],[-38.12839,-7.17165],[-38.11092,-7.16926],[-38.10915,-7.17216],[-38.11627,-7.17637],[-38.12231,-7.18398]]]}},{"type":"Feature","properties":{"SIGLA":"NP3_delta_2","NOME":"Suíte Máfica a intermediária","LITOTIPOS":"Diorito, Gabro, Gabronorito, Granodiorito, Monzodiorito, Quartzo diorito, Tonalito","AMBIENTE_TECTONICO":null,"ERA_MIN":"Neoproterozóico","ERA_MAX":"Neoproterozóico","IDADE_MIN":541.1,"IDADE_MAX":635.0,"LEGENDA":"Gabro, gabro norito, diorito, monzo e quartzo diorito, quartzo monzonito e granodiorito, finos a médios, de afinidade subalcalina, cálcio-alcalino e shoshonítica. Localmente com enclaves de ortognaisse migmatíticos da unidade Mombaça.  . Idade U-Pb = 619 ± 92Ma.","area_km2":12.38},"geometry":{"type":"Polygon","coordinates":[[[-38.22839,-7.15956],[-38.24095,-7.16625],[-38.25262,-7.16695],[-38.28385,-7.18675],[-38.3075,-7.19045],[-38.30407,-7.18556],[-38.29157,-7.18273],[-38.28796,-7.17105],[-38.27991,-7.1675],[-38.27539,-7.16143],[-38.27404,-7.15221],[-38.23859,-7.1592],[-38.21898,-7.14729],[-38.2196,-7.1516],[-38.22839,-7.15956]]]}},{"type":"Feature","properties":{"SIGLA":"NP1_gamma_rf","NOME":"Suíte Recanto - Riacho do Forno","LITOTIPOS":"Augen gnaisse, Metagranito, Metamonzogranito, Metassienito, Metassienogranito, Migmatito","AMBIENTE_TECTONICO":null,"ERA_MIN":"Neoproterozóico","ERA_MAX":"Neoproterozóico","IDADE_MIN":720.1,"IDADE_MAX":1000.0,"LEGENDA":"Biotita augen gnaisse granítico, micáceo e porfiroclástico (alcalifeldspato) médios a grossos; Ortognaisse e migmatito granodiorítico a monzogranítico; Granada metagranito a duas micas anatético de fonte supracrustal. Textura fanerítica inequigranular média e textura perlácea das muscovitas.  999 ±50 ¿ 925 ± 9,8 Ma U-Pb convencional em zircão.","area_km2":3.12},"geometry":{"type":"Polygon","coordinates":[[[-38.21039,-7.17813],[-38.19785,-7.15957],[-38.1688,-7.14582],[-38.18557,-7.16223],[-38.21039,-7.17813]]]}},{"type":"Feature","properties":{"SIGLA":"PP2p1","NOME":"Unidade Piancó - Unidade 1","LITOTIPOS":"Augen gnaisse, Ortognaisse tonalítico, Rocha calcissilicática","AMBIENTE_TECTONICO":null,"ERA_MIN":"Paleoproterozóico","ERA_MAX":"Paleoproterozóico","IDADE_MIN":2050.1,"IDADE_MAX":2300.0,"LEGENDA":"Ortognaisse tonalítico com intercalações de anfibolito","area_km2":237.94},"geometry":{"type":"MultiPolygon","coordinates":[[[[-38.05823,-7.08077],[-38.05164,-7.08499],[-38.05615,-7.09291],[-38.06058,-7.082],[-38.05823,-7.08077]]],[[[-38.05625,-7.09298],[-38.12095,-7.1324],[-38.13417,-7.14301],[-38.19914,-7.21676],[-38.24205,-7.24001],[-38.24784,-7.23785],[-38.25085,-7.23358],[-38.25979,-7.21497],[-38.25988,-7.20888],[-38.25121,-7.1939],[-38.21543,-7.16006],[-38.20869,-7.15079],[-38.25428,-7.18004],[-38.27831,-7.19009],[-38.30171,-7.20324],[-38.3153,-7.19614],[-38.30825,-7.17596],[-38.2945,-7.15769],[-38.26835,-7.13762],[-38.2584,-7.1217],[-38.26585,-7.11886],[-38.28787,-7.12553],[-38.29749,-7.13094],[-38.29854,-7.12497],[-38.30791,-7.11884],[-38.3387,-7.12044],[-38.2984,-7.10606],[-38.07722,-7.0644],[-38.07411,-7.0709],[-38.08401,-7.07852],[-38.0812,-7.08133],[-38.07629,-7.07892],[-38.06811,-7.08173],[-38.06726,-7.08575],[-38.06073,-7.08208],[-38.05625,-7.09298]],[[-38.22601,-7.15757],[-38.21887,-7.15056],[-38.21898,-7.14729],[-38.23859,-7.1592],[-38.27404,-7.15221],[-38.27539,-7.16143],[-38.27991,-7.1675],[-38.28796,-7.17105],[-38.29157,-7.18273],[-38.30407,-7.18556],[-38.3075,-7.19045],[-38.28385,-7.18675],[-38.25262,-7.16695],[-38.24095,-7.16625],[-38.22601,-7.15757]],[[-38.21039,-7.17813],[-38.18557,-7.16223],[-38.1688,-7.14582],[-38.19785,-7.15957],[-38.21039,-7.17813]],[[-38.17963,-7.14254],[-38.13598,-7.1182],[-38.1342,-7.11489],[-38.15858,-7.12429],[-38.1793,-7.13937],[-38.17963,-7.14254]]]]}},{"type":"Feature","properties":{"SIGLA":"NP1_gamma_rf","NOME":"Suíte Recanto - Riacho do Forno","LITOTIPOS":"Augen gnaisse, Metagranito, Metamonzogranito, Metassienito, Metassienogranito, Migmatito","AMBIENTE_TECTONICO":null,"ERA_MIN":"Neoproterozóico","ERA_MAX":"Neoproterozóico","IDADE_MIN":720.1,"IDADE_MAX":1000.0,"LEGENDA":"Biotita augen gnaisse granítico, micáceo e porfiroclástico (alcalifeldspato) médios a grossos; Ortognaisse e migmatito granodiorítico a monzogranítico; Granada metagranito a duas micas anatético de fonte supracrustal. Textura fanerítica inequigranular média e textura perlácea das muscovitas.  999 ±50 ¿ 925 ± 9,8 Ma U-Pb convencional em zircão.","area_km2":12.31},"geometry":{"type":"Polygon","coordinates":[[[-38.04778,-7.13129],[-38.03003,-7.13256],[-38.022,-7.13784],[-38.03769,-7.14982],[-38.05122,-7.15363],[-38.0703,-7.15462],[-38.0856,-7.14822],[-38.08345,-7.14232],[-38.07623,-7.13708],[-38.04778,-7.13129]]]}},{"type":"Feature","properties":{"SIGLA":"NP1_gamma_rf","NOME":"Suíte Recanto - Riacho do Forno","LITOTIPOS":"Augen gnaisse, Metagranito, Metamonzogranito, Metassienito, Metassienogranito, Migmatito","AMBIENTE_TECTONICO":null,"ERA_MIN":"Neoproterozóico","ERA_MAX":"Neoproterozóico","IDADE_MIN":720.1,"IDADE_MAX":1000.0,"LEGENDA":"Biotita augen gnaisse granítico, micáceo e porfiroclástico (alcalifeldspato) médios a grossos; Ortognaisse e migmatito granodiorítico a monzogranítico; Granada metagranito a duas micas anatético de fonte supracrustal. Textura fanerítica inequigranular média e textura perlácea das muscovitas.  999 ±50 ¿ 925 ± 9,8 Ma U-Pb convencional em zircão.","area_km2":2.49},"geometry":{"type":"Polygon","coordinates":[[[-38.18096,-7.14309],[-38.1793,-7.13937],[-38.15858,-7.12429],[-38.1342,-7.11489],[-38.13598,-7.1182],[-38.18096,-7.14309]]]}},{"type":"Feature","properties":{"SIGLA":"PP2p1","NOME":"Unidade Piancó - Unidade 1","LITOTIPOS":"Augen gnaisse, Ortognaisse tonalítico, Rocha calcissilicática","AMBIENTE_TECTONICO":null,"ERA_MIN":"Paleoproterozóico","ERA_MAX":"Paleoproterozóico","IDADE_MIN":2050.1,"IDADE_MAX":2300.0,"LEGENDA":"Ortognaisse tonalítico com intercalações de anfibolito","area_km2":0.06},"geometry":{"type":"Polygon","coordinates":[[[-38.04619,-7.08272],[-38.04366,-7.0827],[-38.04259,-7.08249],[-38.04624,-7.08566],[-38.04619,-7.08272]]]}},{"type":"Feature","properties":{"SIGLA":"PP2p1","NOME":"Unidade Piancó - Unidade 1","LITOTIPOS":"Augen gnaisse, Ortognaisse tonalítico, Rocha calcissilicática","AMBIENTE_TECTONICO":null,"ERA_MIN":"Paleoproterozóico","ERA_MAX":"Paleoproterozóico","IDADE_MIN":2050.1,"IDADE_MAX":2300.0,"LEGENDA":"Ortognaisse tonalítico com intercalações de anfibolito","area_km2":3.07},"geometry":{"type":"MultiPolygon","coordinates":[[[[-38.0681,-7.06348],[-38.04024,-7.06304],[-38.03871,-7.06671],[-38.05013,-7.06791],[-38.05007,-7.07137],[-38.04556,-7.07433],[-38.04518,-7.07737],[-38.06187,-7.07142],[-38.06459,-7.06575],[-38.0643,-7.07284],[-38.0681,-7.06348]]],[[[-38.0666,-7.07397],[-38.06833,-7.06866],[-38.07406,-7.06609],[-38.07283,-7.06373],[-38.06824,-7.06349],[-38.06444,-7.0729],[-38.0666,-7.07397]]]]}},{"type":"Feature","properties":{"SIGLA":"NP3_delta_2","NOME":"Suíte Máfica a intermediária","LITOTIPOS":"Diorito, Gabro, Gabronorito, Granodiorito, Monzodiorito, Quartzo diorito, Tonalito","AMBIENTE_TECTONICO":null,"ERA_MIN":"Neoproterozóico","ERA_MAX":"Neoproterozóico","IDADE_MIN":541.1,"IDADE_MAX":635.0,"LEGENDA":"Gabro, gabro norito, diorito, monzo e quartzo diorito, quartzo monzonito e granodiorito, finos a médios, de afinidade subalcalina, cálcio-alcalino e shoshonítica. Localmente com enclaves de ortognaisse migmatíticos da unidade Mombaça.  . Idade U-Pb = 619 ± 92Ma.","area_km2":4.67},"geometry":{"type":"Polygon","coordinates":[[[-38.12773,-7.07411],[-38.13693,-7.0651],[-38.13746,-7.06097],[-38.13208,-7.05039],[-38.1266,-7.04918],[-38.11552,-7.06166],[-38.11435,-7.06659],[-38.1155,-7.07108],[-38.12773,-7.07411]]]}},{"type":"Feature","properties":{"SIGLA":"PP2_gamma_v","NOME":"Suíte Várzea Alegre","LITOTIPOS":"Ortognaisse","AMBIENTE_TECTONICO":null,"ERA_MIN":"Paleoproterozóico","ERA_MAX":"Paleoproterozóico","IDADE_MIN":2050.1,"IDADE_MAX":2300.0,"LEGENDA":"Ortognaisses porfiríticos, de composições granodiorítica a tonalítica, com níveis máficos, geralmente centimétricos, às vezes migmatizados, e normalmente milonitizados.","area_km2":6.02},"geometry":{"type":"Polygon","coordinates":[[[-38.09642,-7.06805],[-38.1155,-7.07108],[-38.11493,-7.0628],[-38.1266,-7.04918],[-38.0949,-7.04507],[-38.0994,-7.05326],[-38.09642,-7.06805]]]}},{"type":"Feature","properties":{"SIGLA":"NP3_delta_2","NOME":"Suíte Máfica a intermediária","LITOTIPOS":"Diorito, Gabro, Gabronorito, Granodiorito, Monzodiorito, Quartzo diorito, Tonalito","AMBIENTE_TECTONICO":null,"ERA_MIN":"Neoproterozóico","ERA_MAX":"Neoproterozóico","IDADE_MIN":541.1,"IDADE_MAX":635.0,"LEGENDA":"Gabro, gabro norito, diorito, monzo e quartzo diorito, quartzo monzonito e granodiorito, finos a médios, de afinidade subalcalina, cálcio-alcalino e shoshonítica. Localmente com enclaves de ortognaisse migmatíticos da unidade Mombaça.  . Idade U-Pb = 619 ± 92Ma.","area_km2":7.05},"geometry":{"type":"MultiPolygon","coordinates":[[[[-38.07516,-7.0452],[-38.07172,-7.04821],[-38.06642,-7.04845],[-38.06979,-7.05934],[-38.07516,-7.0452]]],[[[-38.07283,-7.06304],[-38.07792,-7.05988],[-38.07722,-7.0644],[-38.09644,-7.06794],[-38.0994,-7.05326],[-38.09806,-7.04902],[-38.0949,-7.04507],[-38.08743,-7.04374],[-38.07564,-7.04514],[-38.06987,-7.05944],[-38.07283,-7.06304]]]]}},{"type":"Feature","properties":{"SIGLA":"PP2_gamma_v","NOME":"Suíte Várzea Alegre","LITOTIPOS":"Ortognaisse","AMBIENTE_TECTONICO":null,"ERA_MIN":"Paleoproterozóico","ERA_MAX":"Paleoproterozóico","IDADE_MIN":2050.1,"IDADE_MAX":2300.0,"LEGENDA":"Ortognaisses porfiríticos, de composições granodiorítica a tonalítica, com níveis máficos, geralmente centimétricos, às vezes migmatizados, e normalmente milonitizados.","area_km2":10.11},"geometry":{"type":"MultiPolygon","coordinates":[[[[-38.0681,-7.06348],[-38.06642,-7.04845],[-38.07172,-7.04821],[-38.07516,-7.0452],[-38.00533,-7.04152],[-38.00026,-7.04349],[-38.00216,-7.04882],[-38.01451,-7.04606],[-38.02805,-7.05148],[-38.04319,-7.04847],[-38.04494,-7.05372],[-38.03566,-7.05681],[-38.02992,-7.05504],[-38.02843,-7.06039],[-38.03041,-7.06245],[-38.033,-7.05948],[-38.03897,-7.05909],[-38.04024,-7.06304],[-38.0681,-7.06348]]],[[[-38.06824,-7.06349],[-38.07283,-7.06304],[-38.06987,-7.05944],[-38.06824,-7.06349]]]]}},{"type":"Feature","properties":{"SIGLA":"NP3_gamma_2it45","NOME":"Corpo Plúton Sem Denominação","LITOTIPOS":"Diorito, Granito, Granodiorito, Monzonito","AMBIENTE_TECTONICO":null,"ERA_MIN":"Neoproterozóico","ERA_MAX":"Neoproterozóico","IDADE_MIN":541.1,"IDADE_MAX":635.0,"LEGENDA":"Granito, granodiorito, monzogranito e sienogranito equigranulares médios a grossos a inequigranulares porfiríticos, com fenocristais subédricos a euédricos de K-feldspato (1cm a 7cm) e de plagioclásio (0,5cm a 1cm). Associados a diorito e a fases intermediárias de mistura, com ou sem epidoto magmático. Suíte metaluminosa a levemente peraluminosa, calcialcalina de alto K e levemente shorshonítica. 580 Ma U-Pb.","area_km2":5.41},"geometry":{"type":"Polygon","coordinates":[[[-38.31432,-7.28505],[-38.31681,-7.28115],[-38.31058,-7.26998],[-38.31174,-7.25568],[-38.30416,-7.24919],[-38.29702,-7.24959],[-38.29178,-7.25652],[-38.29474,-7.26586],[-38.31432,-7.28505]]]}},{"type":"Feature","properties":{"SIGLA":"NP3_gamma_2it45","NOME":"Corpo Plúton Sem Denominação","LITOTIPOS":"Diorito, Granito, Granodiorito, Monzonito","AMBIENTE_TECTONICO":null,"ERA_MIN":"Neoproterozóico","ERA_MAX":"Neoproterozóico","IDADE_MIN":541.1,"IDADE_MAX":635.0,"LEGENDA":"Granito, granodiorito, monzogranito e sienogranito equigranulares médios a grossos a inequigranulares porfiríticos, com fenocristais subédricos a euédricos de K-feldspato (1cm a 7cm) e de plagioclásio (0,5cm a 1cm). Associados a diorito e a fases intermediárias de mistura, com ou sem epidoto magmático. Suíte metaluminosa a levemente peraluminosa, calcialcalina de alto K e levemente shorshonítica. 580 Ma U-Pb.","area_km2":3.19},"geometry":{"type":"Polygon","coordinates":[[[-38.35145,-7.27548],[-38.35315,-7.27355],[-38.35174,-7.25691],[-38.34842,-7.25249],[-38.34172,-7.25003],[-38.33804,-7.25314],[-38.33763,-7.26153],[-38.34314,-7.26943],[-38.35145,-7.27548]]]}},{"type":"Feature","properties":{"SIGLA":"NP3_gamma_3i","NOME":"Corpo Granitóides de quimismo indiscriminado","LITOTIPOS":"Granito, Granitoide","AMBIENTE_TECTONICO":null,"ERA_MIN":"Neoproterozóico","ERA_MAX":"Neoproterozóico","IDADE_MIN":541.1,"IDADE_MAX":635.0,"LEGENDA":"Granitóides diversos de quimismo indeterminado.","area_km2":9.96},"geometry":{"type":"Polygon","coordinates":[[[-38.47065,-7.23838],[-38.45565,-7.23678],[-38.45451,-7.24337],[-38.44625,-7.24457],[-38.44561,-7.24899],[-38.44989,-7.25153],[-38.46359,-7.25202],[-38.48323,-7.25893],[-38.49187,-7.25129],[-38.50218,-7.24753],[-38.50464,-7.24452],[-38.50326,-7.24099],[-38.49862,-7.23937],[-38.48191,-7.23653],[-38.47065,-7.23838]]]}},{"type":"Feature","properties":{"SIGLA":"NP3_gamma_3i","NOME":"Corpo Granitóides de quimismo indiscriminado","LITOTIPOS":"Granito, Granitoide","AMBIENTE_TECTONICO":null,"ERA_MIN":"Neoproterozóico","ERA_MAX":"Neoproterozóico","IDADE_MIN":541.1,"IDADE_MAX":635.0,"LEGENDA":"Granitóides diversos de quimismo indeterminado.","area_km2":8.71},"geometry":{"type":"Polygon","coordinates":[[[-38.3773,-7.23073],[-38.38846,-7.23595],[-38.39938,-7.23462],[-38.40237,-7.2277],[-38.40203,-7.21648],[-38.396,-7.20811],[-38.38303,-7.20832],[-38.37275,-7.2048],[-38.37253,-7.21748],[-38.3773,-7.23073]]]}},{"type":"Feature","properties":{"SIGLA":"NP3_delta_2","NOME":"Suíte Máfica a intermediária","LITOTIPOS":"Diorito, Gabro, Gabronorito, Granodiorito, Monzodiorito, Quartzo diorito, Tonalito","AMBIENTE_TECTONICO":null,"ERA_MIN":"Neoproterozóico","ERA_MAX":"Neoproterozóico","IDADE_MIN":541.1,"IDADE_MAX":635.0,"LEGENDA":"Gabro, gabro norito, diorito, monzo e quartzo diorito, quartzo monzonito e granodiorito, finos a médios, de afinidade subalcalina, cálcio-alcalino e shoshonítica. Localmente com enclaves de ortognaisse migmatíticos da unidade Mombaça.  . Idade U-Pb = 619 ± 92Ma.","area_km2":50.14},"geometry":{"type":"Polygon","coordinates":[[[-38.30171,-7.20324],[-38.35191,-7.24355],[-38.36141,-7.24801],[-38.36277,-7.2404],[-38.37014,-7.23809],[-38.37113,-7.23247],[-38.3773,-7.23073],[-38.37214,-7.21621],[-38.37275,-7.2048],[-38.37045,-7.1995],[-38.34221,-7.18706],[-38.31384,-7.16857],[-38.30933,-7.16309],[-38.30429,-7.14259],[-38.29749,-7.13094],[-38.28787,-7.12553],[-38.26585,-7.11886],[-38.2584,-7.1217],[-38.26835,-7.13762],[-38.2945,-7.15769],[-38.30691,-7.17393],[-38.31294,-7.18512],[-38.3153,-7.19614],[-38.30171,-7.20324]]]}},{"type":"Feature","properties":{"SIGLA":"NP3_gamma_3i","NOME":"Corpo Granitóides de quimismo indiscriminado","LITOTIPOS":"Granito, Granitoide","AMBIENTE_TECTONICO":null,"ERA_MIN":"Neoproterozóico","ERA_MAX":"Neoproterozóico","IDADE_MIN":541.1,"IDADE_MAX":635.0,"LEGENDA":"Granitóides diversos de quimismo indeterminado.","area_km2":220.4},"geometry":{"type":"Polygon","coordinates":[[[-38.68282,-7.17767],[-38.62281,-7.1616],[-38.56685,-7.14092],[-38.39784,-7.13185],[-38.36782,-7.12772],[-38.3387,-7.12044],[-38.31948,-7.1189],[-38.30664,-7.11923],[-38.29772,-7.12593],[-38.29749,-7.13094],[-38.47551,-7.21132],[-38.48517,-7.2088],[-38.49661,-7.20218],[-38.5524,-7.19811],[-38.56572,-7.20797],[-38.57539,-7.20419],[-38.58422,-7.21421],[-38.60582,-7.23114],[-38.61199,-7.20202],[-38.62038,-7.19836],[-38.6248,-7.1913],[-38.6366,-7.1938],[-38.6442,-7.1838],[-38.5718,-7.1832],[-38.6593,-7.1832],[-38.6818,-7.1873],[-38.68282,-7.17767]]]}},{"type":"Feature","properties":{"SIGLA":"NP3_gamma_i","NOME":"Corpo Granitoides indiscriminados brasilianos","LITOTIPOS":"Biotita granito, Granito pórfiro, Granitoide, Granodiorito, Metagranito, Monzogranito, Quartzo diorito, Quartzo monzonito, Sienogranito, Tonalito","AMBIENTE_TECTONICO":null,"ERA_MIN":"Neoproterozóico","ERA_MAX":"Neoproterozóico","IDADE_MIN":541.1,"IDADE_MAX":635.0,"LEGENDA":"Granitoides de composição petrográfica diversa e quimismo não determinado. Granitoides cinzentos, geralmente de granulometria média a grossa (fácies porfirítica subordinada), de composição granítica dominante, em parte com enclaves dioríticos, em jazimentos individualizados ou intrusivos, de foliação incipiente, alguns gnaissificados e fortemente milonitizados. Monzogranito, granodiorito, tonalito e sienogranito cinza claro a róseo, com granulação fina, foliação definida pela orientação preferencial da biotita; possuem xenólitos; Sienito isotrópico fino a médio, inequigranular e porfirítico.; Hornblenda -biotita diorito e monzodiorito inequigranular fino, foliado, de coloração cinza escura, com enclaves microgranulares e clots de biotita; Biotita metaquartzo sienito a granito peraluminoso, metagranito com biotita metaluminoso e hiperstênio-hornblenda metatonalito. Localmente, exibem foliação magmática; Também ocorrem quartzo diorito, granodiorito, tonalito e quartzo monzonito fortemente milonitizados. Também ocorrem quartzo diorito, granodiorito, tonalito e quartzo monzonito.","area_km2":12.43},"geometry":{"type":"Polygon","coordinates":[[[-38.54719,-7.06635],[-38.54861,-7.07162],[-38.56214,-7.07171],[-38.60023,-7.06501],[-38.60273,-7.05999],[-38.59549,-7.04803],[-38.58561,-7.0438],[-38.55927,-7.05191],[-38.54719,-7.06635]]]}},{"type":"Feature","properties":{"SIGLA":"PP2_gamma_v","NOME":"Suíte Várzea Alegre","LITOTIPOS":"Ortognaisse","AMBIENTE_TECTONICO":null,"ERA_MIN":"Paleoproterozóico","ERA_MAX":"Paleoproterozóico","IDADE_MIN":2050.1,"IDADE_MAX":2300.0,"LEGENDA":"Ortognaisses porfiríticos, de composições granodiorítica a tonalítica, com níveis máficos, geralmente centimétricos, às vezes migmatizados, e normalmente milonitizados.","area_km2":153.91},"geometry":{"type":"Polygon","coordinates":[[[-38.09525,-7.01203],[-38.13306,-7.00972],[-38.20897,-7.01098],[-38.23681,-7.00292],[-38.25968,-6.98905],[-38.27432,-6.98425],[-38.33713,-6.98852],[-38.38737,-6.98086],[-38.44355,-6.98091],[-38.44482,-6.97544],[-38.44908,-6.97529],[-38.45273,-6.98122],[-38.47932,-6.98417],[-38.50099,-6.99255],[-38.5131,-7.00355],[-38.51924,-7.0237],[-38.52694,-7.02712],[-38.54295,-7.02568],[-38.5452,-7.02344],[-38.54452,-7.00728],[-38.56039,-6.99727],[-38.55941,-6.98899],[-38.56615,-6.99189],[-38.58012,-7.00455],[-38.58104,-7.01101],[-38.5578,-7.026],[-38.5456,-7.04059],[-38.5842,-7.02498],[-38.68495,-6.97431],[-38.59851,-6.98538],[-38.56467,-6.98568],[-38.45618,-6.96614],[-38.39285,-6.96069],[-38.35205,-6.96124],[-38.33565,-6.96246],[-38.28268,-6.97517],[-38.19345,-6.98614],[-38.00037,-7.01882],[-38.0041,-7.01979],[-38.00436,-7.02279],[-38.09525,-7.01203]]]}},{"type":"Feature","properties":{"SIGLA":"NP3s","NOME":"Grupo Seridó indiscriminado","LITOTIPOS":"Mármore, Paragnaisse, Rocha calcissilicática, Xisto","AMBIENTE_TECTONICO":null,"ERA_MIN":"Neoproterozóico","ERA_MAX":"Neoproterozóico","IDADE_MIN":541.1,"IDADE_MAX":635.0,"LEGENDA":"Xisto, quartzito, mármore. ","area_km2":0.16},"geometry":{"type":"Polygon","coordinates":[[[-38.44557,-7.00029],[-38.44895,-6.99801],[-38.44466,-6.99525],[-38.44386,-6.9985],[-38.44557,-7.00029]]]}},{"type":"Feature","properties":{"SIGLA":"A2_gamma_c","NOME":"Unidade Curral Novo do Piauí","LITOTIPOS":"Metagranodiorito, Metapiroxenito, Metatonalito, Metatrondhjemito, Ortognaisse","AMBIENTE_TECTONICO":null,"ERA_MIN":"Paleoarqueano","ERA_MAX":"Paleoarqueano","IDADE_MIN":3200.1,"IDADE_MAX":3600.0,"LEGENDA":"Ortognaisse TTG, biotita ortognaisse de composição granodiorítica a tonalítica, frequentemente miloníticos, e por vezes migmatíticos","area_km2":550.52},"geometry":{"type":"MultiPolygon","coordinates":[[[[-37.96713,-7.02636],[-37.97073,-7.02222],[-37.96991,-7.015],[-37.97864,-7.01131],[-37.9841,-7.01543],[-37.99574,-7.01461],[-38.00037,-7.01882],[-38.19345,-6.98614],[-38.28268,-6.97517],[-38.33565,-6.96246],[-38.35205,-6.96124],[-38.39285,-6.96069],[-38.45618,-6.96614],[-38.56467,-6.98568],[-38.59851,-6.98538],[-38.68495,-6.97431],[-38.5842,-7.02498],[-38.5456,-7.04059],[-38.5138,-7.04927],[-38.44283,-7.06074],[-38.31357,-7.06784],[-38.38126,-7.0844],[-38.42294,-7.09139],[-38.48076,-7.09146],[-38.51716,-7.0874],[-38.563,-7.08039],[-38.59747,-7.07064],[-38.62334,-7.05267],[-38.69942,-6.98994],[-38.74842,-6.9655],[-38.7503,-6.9585],[-38.7563,-6.9585],[-38.764,-6.9524],[-38.764,-6.9446],[-38.7557,-6.9401],[-38.7589,-6.9166],[-38.7652,-6.9109],[-38.68658,-6.94312],[-38.64052,-6.95424],[-38.58554,-6.95514],[-38.50995,-6.94468],[-38.48002,-6.94591],[-38.47403,-6.94464],[-38.46918,-6.93874],[-38.5516,-6.92392],[-38.7006,-6.91054],[-38.74397,-6.90037],[-38.7303,-6.8968],[-38.7324,-6.8892],[-38.714,-6.8861],[-38.7159,-6.8793],[-38.7104,-6.8747],[-38.7004,-6.8766],[-38.6907,-6.8714],[-38.6867,-6.8658],[-38.6754,-6.8618],[-38.6772,-6.8543],[-38.67367,-6.84968],[-38.63075,-6.88868],[-38.57882,-6.90303],[-38.53833,-6.91148],[-38.46734,-6.92198],[-38.3828,-6.94383],[-38.33285,-6.94972],[-38.23828,-6.95405],[-38.17686,-6.97014],[-38.12522,-6.99074],[-38.07868,-7.00122],[-38.02188,-7.00655],[-37.94077,-7.00792],[-37.87348,-7.00033],[-37.81266,-6.99771],[-37.78597,-7.0007],[-37.75864,-7.00777],[-37.70753,-7.01106],[-37.67711,-7.00645],[-37.66537,-6.99887],[-37.65804,-6.99012],[-37.66035,-7.00043],[-37.67043,-7.00824],[-37.68443,-7.01406],[-37.70008,-7.01685],[-37.79466,-7.01597],[-37.91244,-7.02331],[-37.91424,-7.01895],[-37.92106,-7.01906],[-37.92364,-7.01279],[-37.92941,-7.01557],[-37.94124,-7.01303],[-37.95152,-7.01531],[-37.96209,-7.02588],[-37.96713,-7.02636]],[[-38.54856,-7.06432],[-38.55927,-7.05191],[-38.58561,-7.0438],[-38.59549,-7.04803],[-38.60273,-7.05999],[-38.60023,-7.06501],[-38.56047,-7.07185],[-38.54747,-7.0712],[-38.54856,-7.06432]]],[[[-38.67292,-6.70077],[-38.65078,-6.70636],[-38.64104,-6.70555],[-38.63708,-6.71032],[-38.62891,-6.71107],[-38.63599,-6.73236],[-38.57399,-6.75447],[-38.59817,-6.78957],[-38.58838,-6.79317],[-38.58988,-6.79665],[-38.59833,-6.80005],[-38.61677,-6.79284],[-38.6139,-6.7824],[-38.629,-6.7777],[-38.6403,-6.764],[-38.6473,-6.7632],[-38.6524,-6.7571],[-38.65,-6.7522],[-38.6555,-6.7458],[-38.6578,-6.7372],[-38.656,-6.7302],[-38.6649,-6.7241],[-38.6725,-6.7062],[-38.67292,-6.70077]]],[[[-37.96209,-7.02597],[-37.96223,-7.02599],[-37.96209,-7.02588],[-37.96209,-7.02597]]]]}},{"type":"Feature","properties":{"SIGLA":"NP1sca","NOME":"Complexo São Caetano","LITOTIPOS":"Biotita gnaisse, Biotita-muscovita-quartzo xisto, Mármore, Metabasalto, Metachert, Metadacito, Metagabro, Metagrauvaca, Metapsamito, Metarriodacito, Metarritmito, Metavulcanoclástica, Migmatito, Ortognaisse granítico, Ortognaisse migmatítico, Paragnaisse","AMBIENTE_TECTONICO":null,"ERA_MIN":"Neoproterozóico","ERA_MAX":"Neoproterozóico","IDADE_MIN":720.1,"IDADE_MAX":1000.0,"LEGENDA":"(Silimanita) muscovita-biotita gnaisses por vezes granadíferos, homogêneos a bandados e termos miloníticos a protomiloníticos com transição para gnaisses migmatíticos estromáticos; Micaxistos, com subordinados metarritimitos e metapsamitos, e paragnaisses micáceos, bandados a migmatíticos. Contém turmalina e granada e intercalações de quartzitos micáceos, granadíferos a feldspáticos, e de ortognaisses graníticos a duas micas, mármore, quartzito, metavulcanoclástica . Estão cisalhados e milonitizados. U-Pb SHRIMP em zircão indica idade máxima de deposição de  ~ 862 Ma.","area_km2":1946.27},"geometry":{"type":"MultiPolygon","coordinates":[[[[-37.21949,-7.28806],[-37.19854,-7.28143],[-37.17043,-7.28339],[-37.10528,-7.29923],[-37.07642,-7.30105],[-37.02852,-7.29868],[-37.01357,-7.2959],[-36.9934,-7.28831],[-36.94602,-7.2659],[-36.93617,-7.25859],[-36.99812,-7.26546],[-37.07413,-7.25539],[-37.11593,-7.25485],[-37.15933,-7.26457],[-37.11169,-7.24128],[-37.09136,-7.22871],[-37.03849,-7.21304],[-37.01052,-7.21251],[-36.96804,-7.22303],[-36.94511,-7.22586],[-36.92192,-7.22405],[-36.90666,-7.21866],[-36.86605,-7.19197],[-36.82395,-7.16045],[-36.81019,-7.1474],[-36.8403,-7.16137],[-36.84732,-7.16705],[-36.84947,-7.16243],[-36.83852,-7.15221],[-36.85405,-7.15333],[-36.85669,-7.15158],[-36.8114,-7.13288],[-36.78257,-7.11515],[-36.82699,-7.12777],[-36.841,-7.1295],[-36.8574,-7.12841],[-36.88493,-7.12102],[-36.78422,-7.0947],[-36.76175,-7.0914],[-36.70133,-7.0882],[-36.69494,-7.08877],[-36.70368,-7.09348],[-36.70007,-7.09754],[-36.61865,-7.09566],[-36.61551,-7.09771],[-36.61948,-7.10027],[-36.64815,-7.10714],[-36.65014,-7.11481],[-36.60114,-7.1192],[-36.53446,-7.11672],[-36.43918,-7.10003],[-36.32628,-7.10298],[-36.28931,-7.10642],[-36.23383,-7.125],[-36.1994,-7.13316],[-36.12002,-7.16252],[-36.06473,-7.162],[-36.03925,-7.15933],[-36.0,-7.151],[-36.00032,-7.16316],[-36.00956,-7.16612],[-36.01467,-7.17502],[-36.00953,-7.1903],[-36.00486,-7.19419],[-36.0,-7.19482],[-36.00032,-7.29621],[-36.06566,-7.29848],[-36.10275,-7.30242],[-36.1244,-7.30066],[-36.15511,-7.29556],[-36.17935,-7.2886],[-36.2222,-7.27071],[-36.33493,-7.26024],[-36.34922,-7.26474],[-36.36883,-7.27595],[-36.40542,-7.30615],[-36.43241,-7.32045],[-36.45966,-7.34545],[-36.39616,-7.32791],[-36.34876,-7.32196],[-36.35327,-7.3273],[-36.36929,-7.33355],[-36.43219,-7.34853],[-36.502,-7.35743],[-36.52295,-7.36343],[-36.54283,-7.36375],[-36.59917,-7.35207],[-36.63541,-7.35219],[-36.59498,-7.33994],[-36.62893,-7.34083],[-36.65964,-7.32866],[-36.66776,-7.32793],[-36.6777,-7.33061],[-36.74068,-7.36042],[-36.78306,-7.36833],[-36.86985,-7.3714],[-36.90351,-7.37871],[-36.96391,-7.38709],[-36.9908,-7.39497],[-37.01473,-7.40504],[-37.0137,-7.4038],[-37.02507,-7.38679],[-37.01919,-7.38346],[-37.00062,-7.37793],[-36.96259,-7.3739],[-36.91987,-7.36595],[-36.88727,-7.35568],[-36.87603,-7.3494],[-36.87555,-7.34619],[-36.87815,-7.34367],[-36.88588,-7.3428],[-36.93391,-7.34812],[-37.0416,-7.38115],[-37.05,-7.3776],[-37.0674,-7.3834],[-37.06802,-7.3817],[-37.00424,-7.3449],[-36.95331,-7.31911],[-36.88471,-7.29032],[-36.83664,-7.26723],[-36.79944,-7.25571],[-36.85705,-7.26213],[-36.87203,-7.26706],[-36.93333,-7.29761],[-36.96423,-7.31567],[-36.99449,-7.32928],[-37.0693,-7.37817],[-37.07434,-7.36717],[-36.99849,-7.31],[-37.04649,-7.33534],[-37.08643,-7.3437],[-37.11132,-7.34499],[-37.1234,-7.34896],[-37.128,-7.344],[-37.1353,-7.3467],[-37.1449,-7.335],[-37.14755,-7.33569],[-37.14468,-7.31798],[-37.13222,-7.3181],[-37.1282,-7.31432],[-37.12858,-7.30793],[-37.13569,-7.30395],[-37.13654,-7.29918],[-37.1509,-7.29434],[-37.17706,-7.29089],[-37.21502,-7.2908],[-37.21949,-7.28806]],[[-36.62403,-7.13419],[-36.56129,-7.14757],[-36.54647,-7.15817],[-36.51044,-7.17291],[-36.50469,-7.17634],[-36.50101,-7.18293],[-36.5083,-7.19722],[-36.50581,-7.19969],[-36.48442,-7.19064],[-36.4563,-7.18825],[-36.4512,-7.18318],[-36.45772,-7.17772],[-36.50257,-7.16312],[-36.39777,-7.18428],[-36.36721,-7.18698],[-36.32158,-7.18544],[-36.26166,-7.19555],[-36.22274,-7.20715],[-36.16957,-7.23258],[-36.14098,-7.24139],[-36.09376,-7.2437],[-36.0333,-7.24223],[-36.02019,-7.23619],[-36.01861,-7.23278],[-36.02043,-7.2292],[-36.0799,-7.19692],[-36.12052,-7.18803],[-36.19288,-7.1787],[-36.22191,-7.17278],[-36.30382,-7.14772],[-36.35594,-7.14365],[-36.40381,-7.14999],[-36.44073,-7.15006],[-36.46967,-7.14216],[-36.50421,-7.1364],[-36.60474,-7.12893],[-36.67865,-7.11907],[-36.62403,-7.13419]],[[-36.56241,-7.25497],[-36.56965,-7.26186],[-36.59013,-7.25637],[-36.61385,-7.25772],[-36.63366,-7.26602],[-36.69412,-7.27684],[-36.70463,-7.28204],[-36.70601,-7.28613],[-36.6853,-7.28604],[-36.62943,-7.2781],[-36.61346,-7.28053],[-36.60767,-7.28398],[-36.6062,-7.29118],[-36.61895,-7.31082],[-36.61847,-7.31991],[-36.61237,-7.32633],[-36.59327,-7.3299],[-36.5654,-7.32613],[-36.55483,-7.31433],[-36.55456,-7.30761],[-36.55642,-7.30675],[-36.56492,-7.31082],[-36.56868,-7.31036],[-36.56057,-7.3],[-36.561,-7.28412],[-36.56925,-7.27637],[-36.56644,-7.2732],[-36.53955,-7.28334],[-36.51231,-7.28757],[-36.50643,-7.29132],[-36.50559,-7.29579],[-36.50435,-7.29422],[-36.50552,-7.28554],[-36.53334,-7.27953],[-36.5545,-7.26336],[-36.55934,-7.25523],[-36.56241,-7.25497]],[[-36.77299,-7.27724],[-36.76528,-7.27194],[-36.75888,-7.27125],[-36.75621,-7.27247],[-36.75451,-7.27781],[-36.74515,-7.28038],[-36.73462,-7.28749],[-36.71392,-7.27786],[-36.70442,-7.27677],[-36.70069,-7.26994],[-36.68734,-7.26448],[-36.68697,-7.26],[-36.69517,-7.25142],[-36.69258,-7.23579],[-36.70853,-7.23147],[-36.71831,-7.21863],[-36.72303,-7.21647],[-36.73437,-7.21465],[-36.7453,-7.21811],[-36.75245,-7.22321],[-36.7554,-7.2328],[-36.76614,-7.23818],[-36.76421,-7.2471],[-36.77544,-7.25669],[-36.77801,-7.27135],[-36.77299,-7.27724]],[[-36.82796,-7.1765],[-36.78331,-7.16035],[-36.76433,-7.15853],[-36.73797,-7.16024],[-36.70422,-7.17324],[-36.69936,-7.17217],[-36.695,-7.16633],[-36.68546,-7.16726],[-36.65279,-7.16328],[-36.62582,-7.16648],[-36.61931,-7.16334],[-36.62413,-7.15803],[-36.62318,-7.15328],[-36.62569,-7.14704],[-36.63892,-7.13749],[-36.65034,-7.13453],[-36.65855,-7.13662],[-36.68391,-7.1332],[-36.69584,-7.1366],[-36.70694,-7.14472],[-36.74832,-7.14465],[-36.80431,-7.1592],[-36.82796,-7.1765]],[[-36.83881,-7.21157],[-36.81934,-7.20205],[-36.81209,-7.21156],[-36.80483,-7.21518],[-36.80036,-7.22719],[-36.79567,-7.22046],[-36.79534,-7.21176],[-36.79171,-7.20881],[-36.75782,-7.21555],[-36.75432,-7.21128],[-36.75294,-7.20136],[-36.76165,-7.19724],[-36.76426,-7.19249],[-36.76172,-7.18544],[-36.75503,-7.17983],[-36.73591,-7.18937],[-36.71182,-7.19697],[-36.69959,-7.19813],[-36.69363,-7.19625],[-36.6978,-7.19234],[-36.73745,-7.17879],[-36.7807,-7.17268],[-36.81057,-7.18161],[-36.83123,-7.19213],[-36.83628,-7.19701],[-36.83478,-7.19991],[-36.83881,-7.21157]],[[-36.83782,-7.30891],[-36.81409,-7.29954],[-36.81252,-7.29517],[-36.817,-7.28794],[-36.82785,-7.28477],[-36.88851,-7.30357],[-36.93304,-7.32472],[-37.00639,-7.35157],[-37.03178,-7.36898],[-37.00364,-7.35642],[-36.83782,-7.30891]],[[-36.26743,-7.23718],[-36.23359,-7.2415],[-36.22343,-7.24143],[-36.21776,-7.23853],[-36.22087,-7.23434],[-36.22609,-7.23248],[-36.25436,-7.22879],[-36.2822,-7.21265],[-36.31074,-7.20185],[-36.34125,-7.1961],[-36.37587,-7.19436],[-36.3815,-7.19653],[-36.37995,-7.19923],[-36.33877,-7.2083],[-36.29103,-7.22933],[-36.26743,-7.23718]],[[-36.39137,-7.21494],[-36.36725,-7.2302],[-36.35502,-7.23432],[-36.33624,-7.23692],[-36.32231,-7.23454],[-36.32199,-7.23046],[-36.32578,-7.22742],[-36.36211,-7.21819],[-36.39352,-7.20486],[-36.41758,-7.19824],[-36.44666,-7.19533],[-36.46453,-7.2011],[-36.46365,-7.20433],[-36.41929,-7.20848],[-36.39137,-7.21494]],[[-36.14437,-7.26807],[-36.10928,-7.28313],[-36.07848,-7.28102],[-36.06858,-7.27493],[-36.07142,-7.27134],[-36.07768,-7.26988],[-36.1082,-7.26745],[-36.14662,-7.26018],[-36.15258,-7.26119],[-36.14437,-7.26807]],[[-36.48166,-7.13488],[-36.45795,-7.13681],[-36.44124,-7.13543],[-36.43399,-7.13283],[-36.43036,-7.12734],[-36.43742,-7.12157],[-36.44931,-7.11911],[-36.48919,-7.12426],[-36.49055,-7.1303],[-36.48166,-7.13488]],[[-36.52286,-7.25463],[-36.56006,-7.22889],[-36.56713,-7.22758],[-36.57297,-7.22956],[-36.57231,-7.23183],[-36.55419,-7.24081],[-36.5276,-7.26246],[-36.50129,-7.2669],[-36.49341,-7.26461],[-36.52286,-7.25463]],[[-37.12153,-7.3154],[-37.12887,-7.32198],[-37.13082,-7.32835],[-37.12488,-7.33913],[-37.114,-7.34158],[-37.09911,-7.33319],[-37.09835,-7.32712],[-37.10931,-7.31995],[-37.10956,-7.31695],[-37.12153,-7.3154]],[[-36.74209,-7.10467],[-36.78739,-7.12215],[-36.78329,-7.12481],[-36.79879,-7.13244],[-36.80022,-7.13512],[-36.74648,-7.11354],[-36.70017,-7.10269],[-36.69816,-7.10054],[-36.71074,-7.0999],[-36.74209,-7.10467]],[[-37.04407,-7.31209],[-37.07827,-7.31528],[-37.08693,-7.31966],[-37.08889,-7.3241],[-37.07942,-7.32858],[-37.06867,-7.32985],[-37.03589,-7.3242],[-37.0691,-7.32277],[-37.05828,-7.31602],[-37.04407,-7.31209]],[[-36.86041,-7.23229],[-36.84404,-7.2186],[-36.83885,-7.20103],[-36.84738,-7.1952],[-36.84963,-7.19719],[-36.84592,-7.20225],[-36.8463,-7.20644],[-36.84984,-7.1999],[-36.85604,-7.20002],[-36.85592,-7.20695],[-36.85011,-7.20948],[-36.84897,-7.21443],[-36.85616,-7.21705],[-36.86041,-7.23229]],[[-36.63373,-7.31085],[-36.61878,-7.29509],[-36.62018,-7.29036],[-36.63086,-7.2878],[-36.64106,-7.29127],[-36.64224,-7.29898],[-36.63373,-7.31085]],[[-37.00154,-7.30336],[-37.02707,-7.31046],[-37.03744,-7.3159],[-37.03915,-7.31901],[-37.01084,-7.30987],[-37.00154,-7.30336]]],[[[-37.70816,-7.57109],[-37.729,-7.56267],[-37.76317,-7.55881],[-37.78634,-7.55357],[-37.77053,-7.54773],[-37.72991,-7.54722],[-37.70484,-7.55019],[-37.67983,-7.54299],[-37.6822,-7.5484],[-37.7065,-7.5506],[-37.71,-7.5615],[-37.7066,-7.5695],[-37.70816,-7.57109]]],[[[-37.77805,-7.6413],[-37.75511,-7.62125],[-37.7533,-7.6258],[-37.7464,-7.6283],[-37.74355,-7.63201],[-37.77007,-7.64999],[-37.77805,-7.6413]]],[[[-37.97414,-7.76932],[-37.96919,-7.73971],[-37.97293,-7.72825],[-37.98921,-7.7016],[-37.9702,-7.70508],[-37.96146,-7.70216],[-37.94533,-7.6836],[-37.92228,-7.69372],[-37.8897,-7.68755],[-37.8974,-7.6908],[-37.90272,-7.6991],[-37.94265,-7.71622],[-37.9515,-7.72373],[-37.95903,-7.73536],[-37.96282,-7.77067],[-37.9706,-7.7776],[-37.97707,-7.77546],[-37.97414,-7.76932]]],[[[-36.0,-7.183],[-36.00376,-7.18319],[-36.00695,-7.17789],[-36.0,-7.1726],[-36.0,-7.183]]]]}},{"type":"Feature","properties":{"SIGLA":"NP3_gamma_2it45","NOME":"Corpo Plúton Sem Denominação","LITOTIPOS":"Diorito, Granito, Granodiorito, Monzonito","AMBIENTE_TECTONICO":null,"ERA_MIN":"Neoproterozóico","ERA_MAX":"Neoproterozóico","IDADE_MIN":541.1,"IDADE_MAX":635.0,"LEGENDA":"Granito, granodiorito, monzogranito e sienogranito equigranulares médios a grossos a inequigranulares porfiríticos, com fenocristais subédricos a euédricos de K-feldspato (1cm a 7cm) e de plagioclásio (0,5cm a 1cm). Associados a diorito e a fases intermediárias de mistura, com ou sem epidoto magmático. Suíte metaluminosa a levemente peraluminosa, calcialcalina de alto K e levemente shorshonítica. 580 Ma U-Pb.","area_km2":0.92},"geometry":{"type":"Polygon","coordinates":[[[-37.63822,-7.52919],[-37.62946,-7.52522],[-37.61673,-7.5225],[-37.6304,-7.5325],[-37.63822,-7.52919]]]}},{"type":"Feature","properties":{"SIGLA":"NP1_gamma_rf","NOME":"Suíte Recanto - Riacho do Forno","LITOTIPOS":"Augen gnaisse, Metagranito, Metamonzogranito, Metassienito, Metassienogranito, Migmatito","AMBIENTE_TECTONICO":null,"ERA_MIN":"Neoproterozóico","ERA_MAX":"Neoproterozóico","IDADE_MIN":720.1,"IDADE_MAX":1000.0,"LEGENDA":"Biotita augen gnaisse granítico, micáceo e porfiroclástico (alcalifeldspato) médios a grossos; Ortognaisse e migmatito granodiorítico a monzogranítico; Granada metagranito a duas micas anatético de fonte supracrustal. Textura fanerítica inequigranular média e textura perlácea das muscovitas.  999 ±50 ¿ 925 ± 9,8 Ma U-Pb convencional em zircão.","area_km2":882.75},"geometry":{"type":"MultiPolygon","coordinates":[[[[-37.23162,-7.27591],[-37.19149,-7.25305],[-37.17908,-7.25274],[-37.16499,-7.25621],[-37.13069,-7.24595],[-37.12215,-7.24629],[-37.15933,-7.26457],[-37.11593,-7.25485],[-37.07413,-7.25539],[-36.99812,-7.26546],[-36.93617,-7.25859],[-36.94602,-7.2659],[-37.00252,-7.29201],[-37.02189,-7.29762],[-37.0454,-7.30026],[-37.10528,-7.29923],[-37.16184,-7.28472],[-37.18295,-7.28216],[-37.20793,-7.28273],[-37.21949,-7.28806],[-37.23162,-7.27591]]],[[[-37.8806,-7.6837],[-37.9027,-7.68878],[-37.88787,-7.67045],[-37.87148,-7.65552],[-37.85396,-7.63195],[-37.8369,-7.61942],[-37.83296,-7.60563],[-37.82055,-7.59517],[-37.81548,-7.58215],[-37.79846,-7.57647],[-37.79004,-7.57075],[-37.78951,-7.56464],[-37.79229,-7.56061],[-37.79787,-7.55772],[-37.80772,-7.55781],[-37.91198,-7.57865],[-37.93733,-7.58878],[-37.94956,-7.60099],[-37.97042,-7.6314],[-37.97791,-7.64855],[-37.97475,-7.65833],[-37.96,-7.6681],[-37.94533,-7.6836],[-37.96146,-7.70216],[-37.9702,-7.70508],[-37.98921,-7.7016],[-37.99718,-7.69359],[-38.00475,-7.68989],[-38.0197,-7.68849],[-38.02929,-7.69427],[-38.03739,-7.71026],[-38.05929,-7.72557],[-38.07814,-7.70235],[-38.09248,-7.69665],[-38.10891,-7.68425],[-38.12841,-7.68359],[-38.13732,-7.67897],[-38.11391,-7.66212],[-38.09136,-7.65098],[-38.07088,-7.64856],[-38.047,-7.64168],[-38.02878,-7.62915],[-38.00427,-7.62143],[-37.99657,-7.61212],[-37.98725,-7.58754],[-37.97455,-7.57625],[-37.95048,-7.56938],[-37.87767,-7.56478],[-37.83468,-7.55929],[-37.81442,-7.55106],[-37.81118,-7.53757],[-37.8069,-7.53209],[-37.78348,-7.52371],[-37.76734,-7.51114],[-37.76129,-7.50151],[-37.75933,-7.49023],[-37.75007,-7.4775],[-37.73405,-7.48173],[-37.72363,-7.48123],[-37.72186,-7.47676],[-37.72378,-7.44987],[-37.7299,-7.41943],[-37.73334,-7.36745],[-37.71861,-7.34328],[-37.70914,-7.33502],[-37.68936,-7.32399],[-37.67726,-7.32081],[-37.64947,-7.32],[-37.63781,-7.32164],[-37.60972,-7.33248],[-37.59834,-7.33431],[-37.5893,-7.33326],[-37.57424,-7.32577],[-37.57563,-7.33142],[-37.56845,-7.34021],[-37.57031,-7.3522],[-37.56569,-7.36581],[-37.55603,-7.37813],[-37.54323,-7.37918],[-37.54062,-7.37384],[-37.52483,-7.37708],[-37.51942,-7.37107],[-37.50844,-7.36709],[-37.49985,-7.35778],[-37.48007,-7.34644],[-37.46768,-7.33176],[-37.46052,-7.31544],[-37.44953,-7.30482],[-37.44419,-7.27518],[-37.43884,-7.26707],[-37.43101,-7.26935],[-37.43012,-7.28683],[-37.42596,-7.29569],[-37.42043,-7.29988],[-37.41221,-7.30164],[-37.3651,-7.27695],[-37.33207,-7.25257],[-37.32917,-7.25603],[-37.33479,-7.268],[-37.31584,-7.27324],[-37.30111,-7.27308],[-37.28704,-7.26082],[-37.27421,-7.25817],[-37.24554,-7.27401],[-37.27449,-7.27429],[-37.26922,-7.26892],[-37.2716,-7.2665],[-37.28686,-7.27093],[-37.29388,-7.28038],[-37.29932,-7.27647],[-37.31,-7.27952],[-37.31195,-7.28404],[-37.30461,-7.289],[-37.32914,-7.28918],[-37.32926,-7.28642],[-37.32669,-7.28527],[-37.31449,-7.28694],[-37.32402,-7.28124],[-37.3263,-7.27555],[-37.33221,-7.27113],[-37.34445,-7.26976],[-37.3532,-7.28918],[-37.3519,-7.29366],[-37.34657,-7.29346],[-37.3465,-7.29616],[-37.35805,-7.30369],[-37.35873,-7.31447],[-37.37371,-7.308],[-37.3777,-7.31094],[-37.37129,-7.32207],[-37.35761,-7.32653],[-37.35868,-7.33081],[-37.36597,-7.3343],[-37.36518,-7.33928],[-37.37643,-7.34164],[-37.37781,-7.34582],[-37.37448,-7.35156],[-37.38649,-7.35686],[-37.39101,-7.35317],[-37.39908,-7.35507],[-37.40262,-7.34883],[-37.40738,-7.35066],[-37.41034,-7.35919],[-37.41304,-7.36015],[-37.41999,-7.34865],[-37.41463,-7.34053],[-37.41588,-7.33761],[-37.42234,-7.34089],[-37.43254,-7.34068],[-37.43844,-7.35183],[-37.44246,-7.35053],[-37.44673,-7.34343],[-37.45092,-7.34296],[-37.46117,-7.34935],[-37.47565,-7.3482],[-37.49045,-7.35587],[-37.49264,-7.36404],[-37.496,-7.3648],[-37.4981,-7.3711],[-37.4876,-7.3894],[-37.487,-7.3951],[-37.4947,-7.399],[-37.5057,-7.4192],[-37.5156,-7.4276],[-37.5142,-7.433],[-37.5274,-7.4484],[-37.528,-7.4653],[-37.5331,-7.473],[-37.5426,-7.4783],[-37.5569,-7.4798],[-37.5867,-7.4991],[-37.6098,-7.508],[-37.6114,-7.5186],[-37.61673,-7.5225],[-37.62946,-7.52522],[-37.63862,-7.53009],[-37.6494,-7.5307],[-37.6558,-7.5234],[-37.6766,-7.5356],[-37.67983,-7.54299],[-37.70484,-7.55019],[-37.72991,-7.54722],[-37.77053,-7.54773],[-37.78313,-7.55115],[-37.78634,-7.55357],[-37.76317,-7.55881],[-37.729,-7.56267],[-37.70816,-7.57109],[-37.7173,-7.5804],[-37.7285,-7.5799],[-37.7349,-7.5972],[-37.7415,-7.5975],[-37.7457,-7.6093],[-37.7558,-7.6195],[-37.75511,-7.62125],[-37.77805,-7.6413],[-37.7782,-7.6348],[-37.7858,-7.6258],[-37.8011,-7.6261],[-37.8034,-7.6345],[-37.8098,-7.6438],[-37.8191,-7.6469],[-37.8311,-7.6473],[-37.8379,-7.6445],[-37.8572,-7.652],[-37.8684,-7.6646],[-37.8729,-7.6755],[-37.8806,-7.6837]],[[-37.60524,-7.40552],[-37.62439,-7.36794],[-37.63824,-7.3561],[-37.65742,-7.34583],[-37.67402,-7.34473],[-37.68712,-7.34667],[-37.70039,-7.35828],[-37.70511,-7.36836],[-37.70462,-7.38624],[-37.69371,-7.40652],[-37.66524,-7.43481],[-37.64394,-7.44733],[-37.63102,-7.44704],[-37.61072,-7.44149],[-37.59219,-7.4233],[-37.5917,-7.41846],[-37.60524,-7.40552]]],[[[-37.21373,-7.29072],[-37.17496,-7.29112],[-37.1509,-7.29434],[-37.13654,-7.29918],[-37.13569,-7.30395],[-37.16185,-7.30219],[-37.16664,-7.30675],[-37.1655,-7.31072],[-37.15816,-7.31531],[-37.14468,-7.31798],[-37.14755,-7.33569],[-37.1571,-7.3382],[-37.1681,-7.332],[-37.1685,-7.32],[-37.18035,-7.30701],[-37.1967,-7.2947],[-37.21373,-7.29072]]],[[[-37.47944,-7.36106],[-37.47769,-7.35834],[-37.47346,-7.35971],[-37.47944,-7.36106]]],[[[-37.29608,-7.28863],[-37.29426,-7.28822],[-37.29315,-7.28851],[-37.29608,-7.28863]]]]}},{"type":"Feature","properties":{"SIGLA":"C_cortado_3_gamma_pa","NOME":"Corpo Granitoide Palmeira","LITOTIPOS":"Granodiorito, Leucogranito, Tonalito","AMBIENTE_TECTONICO":null,"ERA_MIN":"Paleozóico","ERA_MAX":"Paleozóico","IDADE_MIN":497.1,"IDADE_MAX":509.0,"LEGENDA":"Biotita- hornblenda monzodiorito, monzonito, quartzo monzonito, e biotita granito com afinidade trondhjemítica 505 Ma U-Pb","area_km2":92.79},"geometry":{"type":"Polygon","coordinates":[[[-37.63858,-7.44794],[-37.65031,-7.44468],[-37.66524,-7.43481],[-37.68985,-7.41101],[-37.70026,-7.39669],[-37.70462,-7.38624],[-37.70511,-7.36836],[-37.70129,-7.35944],[-37.68985,-7.34801],[-37.67725,-7.3449],[-37.65742,-7.34583],[-37.63533,-7.35812],[-37.62068,-7.37242],[-37.60524,-7.40552],[-37.5917,-7.41846],[-37.5959,-7.42865],[-37.6095,-7.44078],[-37.63858,-7.44794]]]}},{"type":"Feature","properties":{"SIGLA":"NQc","NOME":"Depósitos colúvio-eluviais","LITOTIPOS":"Areia, Argila, Cascalho, Laterita","AMBIENTE_TECTONICO":null,"ERA_MIN":"Cenozóico","ERA_MAX":"Cenozóico","IDADE_MIN":0.0,"IDADE_MAX":23.03,"LEGENDA":"Depósitos inconsolidados com matriz arenosa, areno-argilosa, argilo-arenosa e conglomerática, mal trabalhados e mal classificados, constituidos por fragmentos angulosos, grânulos, seixos, blocos e matacões de variados tipos de rochas (granitoide, gnaisse, quartzito, blocos de quartzo e formação ferrífera).","area_km2":12.23},"geometry":{"type":"MultiPolygon","coordinates":[[[[-37.49264,-7.36404],[-37.49045,-7.35587],[-37.47713,-7.34857],[-37.46117,-7.34935],[-37.4549,-7.34397],[-37.44803,-7.34301],[-37.44246,-7.35053],[-37.43844,-7.35183],[-37.43254,-7.34068],[-37.42234,-7.34089],[-37.41588,-7.33761],[-37.41415,-7.33922],[-37.41999,-7.34865],[-37.41251,-7.36024],[-37.4155,-7.3617],[-37.4255,-7.3529],[-37.4475,-7.361],[-37.4659,-7.358],[-37.47769,-7.35834],[-37.47944,-7.36106],[-37.49264,-7.36404]]],[[[-37.40996,-7.35851],[-37.40738,-7.35066],[-37.40262,-7.34883],[-37.39908,-7.35507],[-37.39101,-7.35317],[-37.38633,-7.35641],[-37.40996,-7.35851]]]]}},{"type":"Feature","properties":{"SIGLA":"NP3_gamma_2s5","NOME":"Corpo Plúton Teixeira Oeste","LITOTIPOS":"Biotita granito, Monzodiorito, Monzonito, Quartzo monzonito","AMBIENTE_TECTONICO":null,"ERA_MIN":"Neoproterozóico","ERA_MAX":"Neoproterozóico","IDADE_MIN":541.1,"IDADE_MAX":635.0,"LEGENDA":"Biotita- hornblenda granodiorito, monzonito, quartzo monzonito e biotita- granito com afinidade trondhjemítica ","area_km2":72.73},"geometry":{"type":"Polygon","coordinates":[[[-37.49376,-7.29478],[-37.48753,-7.32929],[-37.48012,-7.33622],[-37.47252,-7.33724],[-37.48007,-7.34644],[-37.49985,-7.35778],[-37.50844,-7.36709],[-37.51942,-7.37107],[-37.52483,-7.37708],[-37.53941,-7.37376],[-37.54188,-7.37432],[-37.54112,-7.3781],[-37.54323,-7.37918],[-37.55708,-7.37734],[-37.56569,-7.36581],[-37.57031,-7.3522],[-37.56845,-7.34021],[-37.57588,-7.33021],[-37.55345,-7.29755],[-37.54411,-7.2942],[-37.5321,-7.30033],[-37.51449,-7.30187],[-37.51534,-7.29208],[-37.5001,-7.28847],[-37.49376,-7.29478]]]}},{"type":"Feature","properties":{"SIGLA":"NP3_gamma_2c5","NOME":"Corpo Plúton sem denominação","LITOTIPOS":"Granodiorito, Quartzo diorito, Tonalito","AMBIENTE_TECTONICO":null,"ERA_MIN":"Neoproterozóico","ERA_MAX":"Neoproterozóico","IDADE_MIN":541.1,"IDADE_MAX":635.0,"LEGENDA":"Anfibólio-biotita tonalito/granodiorito com epidoto magmático, calcialcalino e fases subordinadas de diorito e gabro (SC24). Idade U-Pb = 635 ± 9Ma.","area_km2":23.21},"geometry":{"type":"Polygon","coordinates":[[[-37.93795,-7.47763],[-37.9416,-7.47932],[-37.94507,-7.47629],[-37.95198,-7.47824],[-37.95133,-7.48711],[-37.96128,-7.48494],[-37.96088,-7.48776],[-37.96685,-7.49246],[-37.97425,-7.49381],[-37.97476,-7.49742],[-37.98156,-7.50448],[-37.99263,-7.50333],[-38.0069,-7.49424],[-38.00777,-7.49165],[-38.00604,-7.48494],[-38.00063,-7.48084],[-37.98701,-7.47738],[-37.97836,-7.47781],[-37.95998,-7.45337],[-37.95003,-7.45013],[-37.94138,-7.45056],[-37.93251,-7.45705],[-37.931,-7.46764],[-37.93795,-7.47763]]]}},{"type":"Feature","properties":{"SIGLA":"NP3_gamma_2c5","NOME":"Corpo Plúton sem denominação","LITOTIPOS":"Granodiorito, Quartzo diorito, Tonalito","AMBIENTE_TECTONICO":null,"ERA_MIN":"Neoproterozóico","ERA_MAX":"Neoproterozóico","IDADE_MIN":541.1,"IDADE_MAX":635.0,"LEGENDA":"Anfibólio-biotita tonalito/granodiorito com epidoto magmático, calcialcalino e fases subordinadas de diorito e gabro (SC24). Idade U-Pb = 635 ± 9Ma.","area_km2":15.13},"geometry":{"type":"Polygon","coordinates":[[[-38.0038,-7.4367],[-37.98,-7.45887],[-37.98582,-7.46941],[-37.99325,-7.47455],[-38.00758,-7.47914],[-38.02407,-7.46914],[-38.02272,-7.46333],[-38.01691,-7.46252],[-38.01448,-7.45698],[-38.00893,-7.45455],[-38.01042,-7.45198],[-38.02394,-7.45495],[-38.0267,-7.44751],[-38.02299,-7.43995],[-38.0038,-7.4367]]]}},{"type":"Feature","properties":{"SIGLA":"NP3_gamma_2c5","NOME":"Corpo Plúton sem denominação","LITOTIPOS":"Granodiorito, Quartzo diorito, Tonalito","AMBIENTE_TECTONICO":null,"ERA_MIN":"Neoproterozóico","ERA_MAX":"Neoproterozóico","IDADE_MIN":541.1,"IDADE_MAX":635.0,"LEGENDA":"Anfibólio-biotita tonalito/granodiorito com epidoto magmático, calcialcalino e fases subordinadas de diorito e gabro (SC24). Idade U-Pb = 635 ± 9Ma.","area_km2":8.6},"geometry":{"type":"Polygon","coordinates":[[[-37.94337,-7.44202],[-37.9569,-7.43976],[-37.96719,-7.43159],[-37.96775,-7.42356],[-37.9631,-7.41425],[-37.94971,-7.41045],[-37.93801,-7.41299],[-37.93815,-7.42398],[-37.94266,-7.43187],[-37.94337,-7.44202]]]}},{"type":"Feature","properties":{"SIGLA":"NP3_gamma_2c5","NOME":"Corpo Plúton sem denominação","LITOTIPOS":"Granodiorito, Quartzo diorito, Tonalito","AMBIENTE_TECTONICO":null,"ERA_MIN":"Neoproterozóico","ERA_MAX":"Neoproterozóico","IDADE_MIN":541.1,"IDADE_MAX":635.0,"LEGENDA":"Anfibólio-biotita tonalito/granodiorito com epidoto magmático, calcialcalino e fases subordinadas de diorito e gabro (SC24). Idade U-Pb = 635 ± 9Ma.","area_km2":5.99},"geometry":{"type":"Polygon","coordinates":[[[-37.88938,-7.39825],[-37.87052,-7.39892],[-37.87052,-7.40242],[-37.87792,-7.40525],[-37.87846,-7.41348],[-37.88291,-7.41078],[-37.88534,-7.41253],[-37.88156,-7.41914],[-37.87873,-7.41901],[-37.88062,-7.42198],[-37.89397,-7.42265],[-37.90017,-7.41792],[-37.90192,-7.40768],[-37.89477,-7.40054],[-37.88938,-7.39825]]]}},{"type":"Feature","properties":{"SIGLA":"NP3_gamma_2c5","NOME":"Corpo Plúton sem denominação","LITOTIPOS":"Granodiorito, Quartzo diorito, Tonalito","AMBIENTE_TECTONICO":null,"ERA_MIN":"Neoproterozóico","ERA_MAX":"Neoproterozóico","IDADE_MIN":541.1,"IDADE_MAX":635.0,"LEGENDA":"Anfibólio-biotita tonalito/granodiorito com epidoto magmático, calcialcalino e fases subordinadas de diorito e gabro (SC24). Idade U-Pb = 635 ± 9Ma.","area_km2":3.25},"geometry":{"type":"Polygon","coordinates":[[[-37.84651,-7.36935],[-37.85022,-7.36803],[-37.85693,-7.35974],[-37.85605,-7.35047],[-37.8489,-7.3473],[-37.84498,-7.34799],[-37.8413,-7.35437],[-37.84126,-7.36656],[-37.84651,-7.36935]]]}},{"type":"Feature","properties":{"SIGLA":"NP3_gamma_2it45","NOME":"Corpo Plúton Sem Denominação","LITOTIPOS":"Diorito, Granito, Granodiorito, Monzonito","AMBIENTE_TECTONICO":null,"ERA_MIN":"Neoproterozóico","ERA_MAX":"Neoproterozóico","IDADE_MIN":541.1,"IDADE_MAX":635.0,"LEGENDA":"Granito, granodiorito, monzogranito e sienogranito equigranulares médios a grossos a inequigranulares porfiríticos, com fenocristais subédricos a euédricos de K-feldspato (1cm a 7cm) e de plagioclásio (0,5cm a 1cm). Associados a diorito e a fases intermediárias de mistura, com ou sem epidoto magmático. Suíte metaluminosa a levemente peraluminosa, calcialcalina de alto K e levemente shorshonítica. 580 Ma U-Pb.","area_km2":2.42},"geometry":{"type":"Polygon","coordinates":[[[-37.97362,-7.35804],[-37.98384,-7.35613],[-37.99123,-7.33819],[-37.98533,-7.33942],[-37.9773,-7.34775],[-37.9707,-7.35092],[-37.96974,-7.35568],[-37.97362,-7.35804]]]}},{"type":"Feature","properties":{"SIGLA":"NP3_gamma_2c5","NOME":"Corpo Plúton sem denominação","LITOTIPOS":"Granodiorito, Quartzo diorito, Tonalito","AMBIENTE_TECTONICO":null,"ERA_MIN":"Neoproterozóico","ERA_MAX":"Neoproterozóico","IDADE_MIN":541.1,"IDADE_MAX":635.0,"LEGENDA":"Anfibólio-biotita tonalito/granodiorito com epidoto magmático, calcialcalino e fases subordinadas de diorito e gabro (SC24). Idade U-Pb = 635 ± 9Ma.","area_km2":21.37},"geometry":{"type":"Polygon","coordinates":[[[-37.82064,-7.34685],[-37.82655,-7.34487],[-37.83661,-7.33209],[-37.84225,-7.31557],[-37.83683,-7.30587],[-37.82692,-7.29668],[-37.8127,-7.29295],[-37.80207,-7.30445],[-37.79795,-7.32077],[-37.79123,-7.33308],[-37.80417,-7.33696],[-37.81194,-7.344],[-37.82064,-7.34685]]]}},{"type":"Feature","properties":{"SIGLA":"NP3_gamma_2it45","NOME":"Corpo Plúton Sem Denominação","LITOTIPOS":"Diorito, Granito, Granodiorito, Monzonito","AMBIENTE_TECTONICO":null,"ERA_MIN":"Neoproterozóico","ERA_MAX":"Neoproterozóico","IDADE_MIN":541.1,"IDADE_MAX":635.0,"LEGENDA":"Granito, granodiorito, monzogranito e sienogranito equigranulares médios a grossos a inequigranulares porfiríticos, com fenocristais subédricos a euédricos de K-feldspato (1cm a 7cm) e de plagioclásio (0,5cm a 1cm). Associados a diorito e a fases intermediárias de mistura, com ou sem epidoto magmático. Suíte metaluminosa a levemente peraluminosa, calcialcalina de alto K e levemente shorshonítica. 580 Ma U-Pb.","area_km2":1.84},"geometry":{"type":"Polygon","coordinates":[[[-37.92283,-7.32445],[-37.94241,-7.32396],[-37.94237,-7.3193],[-37.93934,-7.31471],[-37.93382,-7.31462],[-37.92185,-7.32093],[-37.92283,-7.32445]]]}},{"type":"Feature","properties":{"SIGLA":"NP3_gamma_2it45","NOME":"Corpo Plúton Sem Denominação","LITOTIPOS":"Diorito, Granito, Granodiorito, Monzonito","AMBIENTE_TECTONICO":null,"ERA_MIN":"Neoproterozóico","ERA_MAX":"Neoproterozóico","IDADE_MIN":541.1,"IDADE_MAX":635.0,"LEGENDA":"Granito, granodiorito, monzogranito e sienogranito equigranulares médios a grossos a inequigranulares porfiríticos, com fenocristais subédricos a euédricos de K-feldspato (1cm a 7cm) e de plagioclásio (0,5cm a 1cm). Associados a diorito e a fases intermediárias de mistura, com ou sem epidoto magmático. Suíte metaluminosa a levemente peraluminosa, calcialcalina de alto K e levemente shorshonítica. 580 Ma U-Pb.","area_km2":10.18},"geometry":{"type":"Polygon","coordinates":[[[-37.97334,-7.28948],[-37.94939,-7.29928],[-37.94557,-7.30394],[-37.94673,-7.3104],[-37.96043,-7.32039],[-37.96286,-7.32003],[-37.96525,-7.31472],[-37.98195,-7.31142],[-37.99089,-7.29695],[-37.98697,-7.29361],[-37.97334,-7.28948]]]}},{"type":"Feature","properties":{"SIGLA":"PPMP_gamma_c","NOME":"Suíte Camalaú","LITOTIPOS":"Augen gnaisse, Metagranito, Metamonzonito, Metassienito, Metatonalito, Metatrondhjemito, Ortognaisse, Ortognaisse monzogranítico","AMBIENTE_TECTONICO":null,"ERA_MIN":"Mesoproterozóico","ERA_MAX":"Paleoproterozóico","IDADE_MIN":1000.1,"IDADE_MAX":2500.0,"LEGENDA":"Ortognaisse monzonítico a monzograníticos e/ou tonalítico-trondhjemítico-granítico e sienítico. Por vezes granadíferos com anfibólio e piroxênio associados espacialmente a rochas metagabróicas e metanortosíticas.","area_km2":9.12},"geometry":{"type":"Polygon","coordinates":[[[-37.89837,-7.2558],[-37.90103,-7.29932],[-37.9037,-7.30132],[-37.91079,-7.29402],[-37.93039,-7.29606],[-37.93543,-7.29096],[-37.93387,-7.28771],[-37.9258,-7.28493],[-37.91841,-7.27555],[-37.91388,-7.27485],[-37.90503,-7.2674],[-37.90283,-7.26386],[-37.90401,-7.24916],[-37.90198,-7.24659],[-37.89837,-7.2558]]]}},{"type":"Feature","properties":{"SIGLA":"NP3_gamma_2it26","NOME":"Corpo Plúton Brejinho (Itapetim )","LITOTIPOS":"Diorito, Granito, Granodiorito, Monzogranito, Monzonito","AMBIENTE_TECTONICO":null,"ERA_MIN":"Neoproterozóico","ERA_MAX":"Neoproterozóico","IDADE_MIN":541.1,"IDADE_MAX":635.0,"LEGENDA":"Granito e granodiorito grosso e porfirítico associados a diorito e a fases intermediárias de mistura, com ou sem epidoto magmático, calcialcalinos de alto K 638 Ma U-Pb","area_km2":5.75},"geometry":{"type":"Polygon","coordinates":[[[-37.10854,-7.35333],[-37.07018,-7.35],[-37.04256,-7.34375],[-37.07434,-7.36717],[-37.0856,-7.3583],[-37.0973,-7.354],[-37.1019,-7.3566],[-37.10854,-7.35333]]]}},{"type":"Feature","properties":{"SIGLA":"NP1_gamma_rf","NOME":"Suíte Recanto - Riacho do Forno","LITOTIPOS":"Augen gnaisse, Metagranito, Metamonzogranito, Metassienito, Metassienogranito, Migmatito","AMBIENTE_TECTONICO":null,"ERA_MIN":"Neoproterozóico","ERA_MAX":"Neoproterozóico","IDADE_MIN":720.1,"IDADE_MAX":1000.0,"LEGENDA":"Biotita augen gnaisse granítico, micáceo e porfiroclástico (alcalifeldspato) médios a grossos; Ortognaisse e migmatito granodiorítico a monzogranítico; Granada metagranito a duas micas anatético de fonte supracrustal. Textura fanerítica inequigranular média e textura perlácea das muscovitas.  999 ±50 ¿ 925 ± 9,8 Ma U-Pb convencional em zircão.","area_km2":11.1},"geometry":{"type":"Polygon","coordinates":[[[-37.1226,-7.34854],[-37.11132,-7.34499],[-37.06657,-7.34045],[-37.04649,-7.33534],[-36.99849,-7.31],[-37.04256,-7.34375],[-37.07018,-7.35],[-37.10904,-7.35342],[-37.1216,-7.3509],[-37.1226,-7.34854]]]}},{"type":"Feature","properties":{"SIGLA":"NP3_gamma_2it45","NOME":"Corpo Plúton Sem Denominação","LITOTIPOS":"Diorito, Granito, Granodiorito, Monzonito","AMBIENTE_TECTONICO":null,"ERA_MIN":"Neoproterozóico","ERA_MAX":"Neoproterozóico","IDADE_MIN":541.1,"IDADE_MAX":635.0,"LEGENDA":"Granito, granodiorito, monzogranito e sienogranito equigranulares médios a grossos a inequigranulares porfiríticos, com fenocristais subédricos a euédricos de K-feldspato (1cm a 7cm) e de plagioclásio (0,5cm a 1cm). Associados a diorito e a fases intermediárias de mistura, com ou sem epidoto magmático. Suíte metaluminosa a levemente peraluminosa, calcialcalina de alto K e levemente shorshonítica. 580 Ma U-Pb.","area_km2":7.32},"geometry":{"type":"Polygon","coordinates":[[[-37.11818,-7.34207],[-37.12704,-7.33712],[-37.13082,-7.32835],[-37.12887,-7.32198],[-37.12153,-7.3154],[-37.10956,-7.31695],[-37.10931,-7.31995],[-37.09911,-7.32603],[-37.09757,-7.33067],[-37.10806,-7.3399],[-37.11818,-7.34207]]]}},{"type":"Feature","properties":{"SIGLA":"NP1_gamma_rf","NOME":"Suíte Recanto - Riacho do Forno","LITOTIPOS":"Augen gnaisse, Metagranito, Metamonzogranito, Metassienito, Metassienogranito, Migmatito","AMBIENTE_TECTONICO":null,"ERA_MIN":"Neoproterozóico","ERA_MAX":"Neoproterozóico","IDADE_MIN":720.1,"IDADE_MAX":1000.0,"LEGENDA":"Biotita augen gnaisse granítico, micáceo e porfiroclástico (alcalifeldspato) médios a grossos; Ortognaisse e migmatito granodiorítico a monzogranítico; Granada metagranito a duas micas anatético de fonte supracrustal. Textura fanerítica inequigranular média e textura perlácea das muscovitas.  999 ±50 ¿ 925 ± 9,8 Ma U-Pb convencional em zircão.","area_km2":5.09},"geometry":{"type":"Polygon","coordinates":[[[-37.04326,-7.31234],[-37.05828,-7.31602],[-37.0691,-7.32277],[-37.0654,-7.32442],[-37.03551,-7.32378],[-37.04085,-7.32626],[-37.06867,-7.32985],[-37.07942,-7.32858],[-37.08889,-7.3241],[-37.08693,-7.31966],[-37.07827,-7.31528],[-37.04326,-7.31234]]]}},{"type":"Feature","properties":{"SIGLA":"NP1_gamma_rf","NOME":"Suíte Recanto - Riacho do Forno","LITOTIPOS":"Augen gnaisse, Metagranito, Metamonzogranito, Metassienito, Metassienogranito, Migmatito","AMBIENTE_TECTONICO":null,"ERA_MIN":"Neoproterozóico","ERA_MAX":"Neoproterozóico","IDADE_MIN":720.1,"IDADE_MAX":1000.0,"LEGENDA":"Biotita augen gnaisse granítico, micáceo e porfiroclástico (alcalifeldspato) médios a grossos; Ortognaisse e migmatito granodiorítico a monzogranítico; Granada metagranito a duas micas anatético de fonte supracrustal. Textura fanerítica inequigranular média e textura perlácea das muscovitas.  999 ±50 ¿ 925 ± 9,8 Ma U-Pb convencional em zircão.","area_km2":1.64},"geometry":{"type":"Polygon","coordinates":[[[-37.03814,-7.31948],[-37.03804,-7.3164],[-37.02858,-7.31109],[-37.00135,-7.30345],[-37.01084,-7.30987],[-37.03814,-7.31948]]]}},{"type":"Feature","properties":{"SIGLA":"NP3_gamma_2it45","NOME":"Corpo Plúton Sem Denominação","LITOTIPOS":"Diorito, Granito, Granodiorito, Monzonito","AMBIENTE_TECTONICO":null,"ERA_MIN":"Neoproterozóico","ERA_MAX":"Neoproterozóico","IDADE_MIN":541.1,"IDADE_MAX":635.0,"LEGENDA":"Granito, granodiorito, monzogranito e sienogranito equigranulares médios a grossos a inequigranulares porfiríticos, com fenocristais subédricos a euédricos de K-feldspato (1cm a 7cm) e de plagioclásio (0,5cm a 1cm). Associados a diorito e a fases intermediárias de mistura, com ou sem epidoto magmático. Suíte metaluminosa a levemente peraluminosa, calcialcalina de alto K e levemente shorshonítica. 580 Ma U-Pb.","area_km2":5.44},"geometry":{"type":"Polygon","coordinates":[[[-37.13094,-7.3058],[-37.12783,-7.31302],[-37.1296,-7.31717],[-37.13386,-7.31824],[-37.15677,-7.31588],[-37.16664,-7.3082],[-37.16437,-7.30306],[-37.16049,-7.30207],[-37.13094,-7.3058]]]}},{"type":"Feature","properties":{"SIGLA":"NQc","NOME":"Depósitos colúvio-eluviais","LITOTIPOS":"Areia, Argila, Cascalho, Laterita","AMBIENTE_TECTONICO":null,"ERA_MIN":"Cenozóico","ERA_MAX":"Cenozóico","IDADE_MIN":0.0,"IDADE_MAX":23.03,"LEGENDA":"Depósitos inconsolidados com matriz arenosa, areno-argilosa, argilo-arenosa e conglomerática, mal trabalhados e mal classificados, constituidos por fragmentos angulosos, grânulos, seixos, blocos e matacões de variados tipos de rochas (granitoide, gnaisse, quartzito, blocos de quartzo e formação ferrífera).","area_km2":4.72},"geometry":{"type":"Polygon","coordinates":[[[-37.30461,-7.289],[-37.31195,-7.28404],[-37.30874,-7.27878],[-37.29932,-7.27647],[-37.29388,-7.28038],[-37.28686,-7.27093],[-37.26931,-7.26744],[-37.27449,-7.27429],[-37.282,-7.2788],[-37.2883,-7.2883],[-37.30461,-7.289]]]}},{"type":"Feature","properties":{"SIGLA":"NP3_gamma_3ts1","NOME":"Corpo Plúton Teixeira","LITOTIPOS":"Granito, Granodiorito, Quartzo monzonito","AMBIENTE_TECTONICO":null,"ERA_MIN":"Neoproterozóico","ERA_MAX":"Neoproterozóico","IDADE_MIN":541.1,"IDADE_MAX":635.0,"LEGENDA":"Leucogranito e biotita-anfibólio sienito transicional shorshonítico-alcalino.","area_km2":644.29},"geometry":{"type":"Polygon","coordinates":[[[-37.24669,-7.27335],[-37.27421,-7.25817],[-37.28704,-7.26082],[-37.30111,-7.27308],[-37.31584,-7.27324],[-37.33479,-7.268],[-37.32917,-7.25603],[-37.33207,-7.25257],[-37.3651,-7.27695],[-37.41221,-7.30164],[-37.42043,-7.29988],[-37.42596,-7.29569],[-37.43012,-7.28683],[-37.43101,-7.26935],[-37.43884,-7.26707],[-37.44455,-7.27648],[-37.44893,-7.30364],[-37.46052,-7.31544],[-37.46697,-7.33062],[-37.47252,-7.33724],[-37.48012,-7.33622],[-37.48753,-7.32929],[-37.49114,-7.32067],[-37.49376,-7.29478],[-37.49609,-7.29058],[-37.5001,-7.28847],[-37.51534,-7.29208],[-37.51969,-7.26923],[-37.51565,-7.25709],[-37.51574,-7.24581],[-37.5125,-7.23662],[-37.50925,-7.20742],[-37.49686,-7.21863],[-37.48903,-7.21755],[-37.47261,-7.2103],[-37.46299,-7.21071],[-37.44926,-7.22102],[-37.43608,-7.2453],[-37.43241,-7.24637],[-37.41984,-7.22952],[-37.40278,-7.22042],[-37.3887,-7.21703],[-37.3837,-7.21202],[-37.37076,-7.20744],[-37.36156,-7.19896],[-37.29721,-7.18548],[-37.27146,-7.1989],[-37.25212,-7.18629],[-37.24014,-7.18507],[-37.19928,-7.18823],[-37.18587,-7.17554],[-37.16595,-7.17101],[-37.13663,-7.15644],[-37.1312,-7.15705],[-37.12616,-7.16167],[-37.12041,-7.16103],[-37.06659,-7.13139],[-37.05478,-7.13514],[-37.04065,-7.15561],[-37.0309,-7.15587],[-37.03174,-7.1654],[-37.02442,-7.16988],[-37.01507,-7.16621],[-36.99269,-7.16312],[-36.95012,-7.13701],[-36.91279,-7.12682],[-36.88493,-7.12102],[-36.8574,-7.12841],[-36.83776,-7.12923],[-36.78259,-7.11509],[-36.8114,-7.13288],[-36.85669,-7.15158],[-36.85405,-7.15333],[-36.83852,-7.15221],[-36.84947,-7.16243],[-36.84732,-7.16705],[-36.8403,-7.16137],[-36.81019,-7.1474],[-36.82395,-7.16045],[-36.87102,-7.19559],[-36.89639,-7.21307],[-36.9169,-7.22268],[-36.93048,-7.22528],[-36.95443,-7.22532],[-37.01052,-7.21251],[-37.03754,-7.21287],[-37.09136,-7.22871],[-37.12215,-7.24629],[-37.13963,-7.24712],[-37.16499,-7.25621],[-37.17603,-7.25313],[-37.18997,-7.25271],[-37.19894,-7.25559],[-37.23162,-7.27591],[-37.2342,-7.2739],[-37.24669,-7.27335]],[[-36.9303,-7.1499],[-36.9191,-7.1553],[-36.9303,-7.1499],[-36.9303,-7.1499]]]}},{"type":"Feature","properties":{"SIGLA":"NP3_gamma_2c5","NOME":"Corpo Plúton sem denominação","LITOTIPOS":"Granodiorito, Quartzo diorito, Tonalito","AMBIENTE_TECTONICO":null,"ERA_MIN":"Neoproterozóico","ERA_MAX":"Neoproterozóico","IDADE_MIN":541.1,"IDADE_MAX":635.0,"LEGENDA":"Anfibólio-biotita tonalito/granodiorito com epidoto magmático, calcialcalino e fases subordinadas de diorito e gabro (SC24). Idade U-Pb = 635 ± 9Ma.","area_km2":15.46},"geometry":{"type":"Polygon","coordinates":[[[-37.32165,-7.15682],[-37.30128,-7.1585],[-37.29651,-7.16443],[-37.29689,-7.17189],[-37.30433,-7.18011],[-37.32699,-7.1852],[-37.3376,-7.18521],[-37.34539,-7.18423],[-37.36126,-7.1756],[-37.35485,-7.16988],[-37.32165,-7.15682]]]}},{"type":"Feature","properties":{"SIGLA":"NQc","NOME":"Depósitos colúvio-eluviais","LITOTIPOS":"Areia, Argila, Cascalho, Laterita","AMBIENTE_TECTONICO":null,"ERA_MIN":"Cenozóico","ERA_MAX":"Cenozóico","IDADE_MIN":0.0,"IDADE_MAX":23.03,"LEGENDA":"Depósitos inconsolidados com matriz arenosa, areno-argilosa, argilo-arenosa e conglomerática, mal trabalhados e mal classificados, constituidos por fragmentos angulosos, grânulos, seixos, blocos e matacões de variados tipos de rochas (granitoide, gnaisse, quartzito, blocos de quartzo e formação ferrífera).","area_km2":16.19},"geometry":{"type":"Polygon","coordinates":[[[-37.37456,-7.35152],[-37.37781,-7.34582],[-37.37643,-7.34164],[-37.36518,-7.33928],[-37.36597,-7.3343],[-37.35868,-7.33081],[-37.35761,-7.32653],[-37.37129,-7.32207],[-37.37693,-7.31525],[-37.37723,-7.3097],[-37.37222,-7.30832],[-37.35873,-7.31447],[-37.35805,-7.30369],[-37.3465,-7.29616],[-37.34657,-7.29346],[-37.3519,-7.29366],[-37.3532,-7.28918],[-37.34445,-7.26976],[-37.33221,-7.27113],[-37.3263,-7.27555],[-37.32402,-7.28124],[-37.31467,-7.28776],[-37.32926,-7.28642],[-37.32914,-7.28918],[-37.357,-7.321],[-37.3494,-7.3351],[-37.37456,-7.35152]]]}},{"type":"Feature","properties":{"SIGLA":"NP3_mu_3s","NOME":"Corpo Corpos de serpentinito","LITOTIPOS":"Hornblendito, Metaperidotito, Metapiroxenito, Serpentinito, Xisto ultramáfico","AMBIENTE_TECTONICO":null,"ERA_MIN":"Neoproterozóico","ERA_MAX":"Neoproterozóico","IDADE_MIN":541.1,"IDADE_MAX":635.0,"LEGENDA":"Serpentinito com fácies de peridotito, piroxênito e xisto ultramáfico","area_km2":0.88},"geometry":{"type":"Polygon","coordinates":[[[-37.53219,-7.22549],[-37.5289,-7.23193],[-37.53748,-7.23318],[-37.54166,-7.23057],[-37.53944,-7.22535],[-37.53219,-7.22549]]]}},{"type":"Feature","properties":{"SIGLA":"NP3_mu_3s","NOME":"Corpo Corpos de serpentinito","LITOTIPOS":"Hornblendito, Metaperidotito, Metapiroxenito, Serpentinito, Xisto ultramáfico","AMBIENTE_TECTONICO":null,"ERA_MIN":"Neoproterozóico","ERA_MAX":"Neoproterozóico","IDADE_MIN":541.1,"IDADE_MAX":635.0,"LEGENDA":"Serpentinito com fácies de peridotito, piroxênito e xisto ultramáfico","area_km2":0.88},"geometry":{"type":"Polygon","coordinates":[[[-37.53219,-7.22549],[-37.5289,-7.23193],[-37.53748,-7.23318],[-37.54166,-7.23057],[-37.53944,-7.22535],[-37.53219,-7.22549]]]}},{"type":"Feature","properties":{"SIGLA":"NP3_gamma_2c5","NOME":"Corpo Plúton sem denominação","LITOTIPOS":"Granodiorito, Quartzo diorito, Tonalito","AMBIENTE_TECTONICO":null,"ERA_MIN":"Neoproterozóico","ERA_MAX":"Neoproterozóico","IDADE_MIN":541.1,"IDADE_MAX":635.0,"LEGENDA":"Anfibólio-biotita tonalito/granodiorito com epidoto magmático, calcialcalino e fases subordinadas de diorito e gabro (SC24). Idade U-Pb = 635 ± 9Ma.","area_km2":5.87},"geometry":{"type":"Polygon","coordinates":[[[-37.55351,-7.23207],[-37.57013,-7.23545],[-37.58168,-7.23442],[-37.58378,-7.23203],[-37.57818,-7.22682],[-37.55848,-7.21709],[-37.55081,-7.21577],[-37.54531,-7.21756],[-37.54259,-7.22066],[-37.5437,-7.226],[-37.55351,-7.23207]]]}},{"type":"Feature","properties":{"SIGLA":"NP3_mu_3s","NOME":"Corpo Corpos de serpentinito","LITOTIPOS":"Hornblendito, Metaperidotito, Metapiroxenito, Serpentinito, Xisto ultramáfico","AMBIENTE_TECTONICO":null,"ERA_MIN":"Neoproterozóico","ERA_MAX":"Neoproterozóico","IDADE_MIN":541.1,"IDADE_MAX":635.0,"LEGENDA":"Serpentinito com fácies de peridotito, piroxênito e xisto ultramáfico","area_km2":0.9},"geometry":{"type":"Polygon","coordinates":[[[-37.52979,-7.21313],[-37.53493,-7.21971],[-37.54087,-7.2194],[-37.53886,-7.21178],[-37.53215,-7.20901],[-37.52979,-7.21313]]]}},{"type":"Feature","properties":{"SIGLA":"NP3_mu_3s","NOME":"Corpo Corpos de serpentinito","LITOTIPOS":"Hornblendito, Metaperidotito, Metapiroxenito, Serpentinito, Xisto ultramáfico","AMBIENTE_TECTONICO":null,"ERA_MIN":"Neoproterozóico","ERA_MAX":"Neoproterozóico","IDADE_MIN":541.1,"IDADE_MAX":635.0,"LEGENDA":"Serpentinito com fácies de peridotito, piroxênito e xisto ultramáfico","area_km2":0.9},"geometry":{"type":"Polygon","coordinates":[[[-37.52979,-7.21313],[-37.53493,-7.21971],[-37.54087,-7.2194],[-37.53886,-7.21178],[-37.53215,-7.20901],[-37.52979,-7.21313]]]}},{"type":"Feature","properties":{"SIGLA":"NP3_gamma_2c5","NOME":"Corpo Plúton sem denominação","LITOTIPOS":"Granodiorito, Quartzo diorito, Tonalito","AMBIENTE_TECTONICO":null,"ERA_MIN":"Neoproterozóico","ERA_MAX":"Neoproterozóico","IDADE_MIN":541.1,"IDADE_MAX":635.0,"LEGENDA":"Anfibólio-biotita tonalito/granodiorito com epidoto magmático, calcialcalino e fases subordinadas de diorito e gabro (SC24). Idade U-Pb = 635 ± 9Ma.","area_km2":16.93},"geometry":{"type":"Polygon","coordinates":[[[-37.36156,-7.19896],[-37.37076,-7.20744],[-37.3837,-7.21202],[-37.38933,-7.21736],[-37.40278,-7.22042],[-37.42258,-7.23252],[-37.41791,-7.21751],[-37.40923,-7.21028],[-37.41002,-7.19025],[-37.40589,-7.18482],[-37.40042,-7.18567],[-37.40059,-7.19422],[-37.38995,-7.19958],[-37.38841,-7.19402],[-37.39348,-7.18063],[-37.38347,-7.17947],[-37.37364,-7.18383],[-37.36346,-7.19462],[-37.36156,-7.19896]]]}},{"type":"Feature","properties":{"SIGLA":"NP3_gamma_2c5","NOME":"Corpo Plúton sem denominação","LITOTIPOS":"Granodiorito, Quartzo diorito, Tonalito","AMBIENTE_TECTONICO":null,"ERA_MIN":"Neoproterozóico","ERA_MAX":"Neoproterozóico","IDADE_MIN":541.1,"IDADE_MAX":635.0,"LEGENDA":"Anfibólio-biotita tonalito/granodiorito com epidoto magmático, calcialcalino e fases subordinadas de diorito e gabro (SC24). Idade U-Pb = 635 ± 9Ma.","area_km2":4.59},"geometry":{"type":"Polygon","coordinates":[[[-37.41375,-7.20637],[-37.41758,-7.21112],[-37.42855,-7.21275],[-37.44188,-7.2022],[-37.43942,-7.19872],[-37.42476,-7.19213],[-37.41343,-7.2003],[-37.41375,-7.20637]]]}},{"type":"Feature","properties":{"SIGLA":"NP3_gamma_2c3","NOME":"Corpo Plúton Emas (Olho d'Água)","LITOTIPOS":"Granodiorito, Quartzo diorito, Tonalito","AMBIENTE_TECTONICO":null,"ERA_MIN":"Neoproterozóico","ERA_MAX":"Neoproterozóico","IDADE_MIN":541.1,"IDADE_MAX":635.0,"LEGENDA":"Anfibolio- biotita tonalito granodiorito, com epidoto magmático, fases subordinadas de diorito e gabro calcialcalinos normais","area_km2":116.46},"geometry":{"type":"Polygon","coordinates":[[[-37.74667,-7.23334],[-37.74591,-7.22389],[-37.75425,-7.2112],[-37.7575,-7.19948],[-37.7693,-7.18942],[-37.77737,-7.16687],[-37.77361,-7.16042],[-37.76858,-7.16065],[-37.7499,-7.14631],[-37.73031,-7.12325],[-37.7282,-7.11799],[-37.69286,-7.11064],[-37.67455,-7.10036],[-37.65499,-7.11572],[-37.65585,-7.12418],[-37.66839,-7.1375],[-37.69173,-7.14208],[-37.70097,-7.17357],[-37.70746,-7.18059],[-37.71794,-7.18625],[-37.69106,-7.19382],[-37.68765,-7.2143],[-37.6763,-7.22832],[-37.67793,-7.23685],[-37.6848,-7.24548],[-37.69198,-7.2498],[-37.72022,-7.25152],[-37.73476,-7.24945],[-37.74237,-7.24581],[-37.75149,-7.23675],[-37.74667,-7.23334]]]}},{"type":"Feature","properties":{"SIGLA":"NP3_gamma_2c5","NOME":"Corpo Plúton sem denominação","LITOTIPOS":"Granodiorito, Quartzo diorito, Tonalito","AMBIENTE_TECTONICO":null,"ERA_MIN":"Neoproterozóico","ERA_MAX":"Neoproterozóico","IDADE_MIN":541.1,"IDADE_MAX":635.0,"LEGENDA":"Anfibólio-biotita tonalito/granodiorito com epidoto magmático, calcialcalino e fases subordinadas de diorito e gabro (SC24). Idade U-Pb = 635 ± 9Ma.","area_km2":4.45},"geometry":{"type":"Polygon","coordinates":[[[-37.6757,-7.16741],[-37.6796,-7.16103],[-37.67806,-7.14755],[-37.67169,-7.14296],[-37.66443,-7.14353],[-37.65791,-7.154],[-37.65898,-7.15879],[-37.6757,-7.16741]]]}},{"type":"Feature","properties":{"SIGLA":"NP3_gamma_2c5","NOME":"Corpo Plúton sem denominação","LITOTIPOS":"Granodiorito, Quartzo diorito, Tonalito","AMBIENTE_TECTONICO":null,"ERA_MIN":"Neoproterozóico","ERA_MAX":"Neoproterozóico","IDADE_MIN":541.1,"IDADE_MAX":635.0,"LEGENDA":"Anfibólio-biotita tonalito/granodiorito com epidoto magmático, calcialcalino e fases subordinadas de diorito e gabro (SC24). Idade U-Pb = 635 ± 9Ma.","area_km2":3.16},"geometry":{"type":"Polygon","coordinates":[[[-37.80303,-7.26311],[-37.80818,-7.27792],[-37.81761,-7.2752],[-37.82338,-7.2681],[-37.82051,-7.26075],[-37.80625,-7.25972],[-37.80303,-7.26311]]]}},{"type":"Feature","properties":{"SIGLA":"PPMP_gamma_c","NOME":"Suíte Camalaú","LITOTIPOS":"Augen gnaisse, Metagranito, Metamonzonito, Metassienito, Metatonalito, Metatrondhjemito, Ortognaisse, Ortognaisse monzogranítico","AMBIENTE_TECTONICO":null,"ERA_MIN":"Mesoproterozóico","ERA_MAX":"Paleoproterozóico","IDADE_MIN":1000.1,"IDADE_MAX":2500.0,"LEGENDA":"Ortognaisse monzonítico a monzograníticos e/ou tonalítico-trondhjemítico-granítico e sienítico. Por vezes granadíferos com anfibólio e piroxênio associados espacialmente a rochas metagabróicas e metanortosíticas.","area_km2":6.89},"geometry":{"type":"Polygon","coordinates":[[[-37.89,-7.2169],[-37.8832,-7.21023],[-37.88067,-7.21031],[-37.88348,-7.22801],[-37.87276,-7.24842],[-37.87329,-7.25482],[-37.88639,-7.25319],[-37.8938,-7.24405],[-37.89562,-7.22792],[-37.89,-7.2169]]]}},{"type":"Feature","properties":{"SIGLA":"PP2p3","NOME":"Unidade Piancó - Unidade 3","LITOTIPOS":"Hornblenda gnaisse, Mármore, Xisto aluminoso","AMBIENTE_TECTONICO":null,"ERA_MIN":"Paleoproterozóico","ERA_MAX":"Paleoproterozóico","IDADE_MIN":2050.1,"IDADE_MAX":2300.0,"LEGENDA":"Cordierita-sillimanita xisto com biotita-hornblenda gnaisse, anfibolito e raramente mármore.","area_km2":212.11},"geometry":{"type":"Polygon","coordinates":[[[-37.86592,-7.11252],[-37.88613,-7.11992],[-37.88317,-7.12765],[-37.86679,-7.1481],[-37.86732,-7.15293],[-37.88389,-7.15016],[-37.89311,-7.144],[-37.8977,-7.14515],[-37.90226,-7.14726],[-37.90461,-7.16513],[-37.90341,-7.16882],[-37.88994,-7.18032],[-37.85592,-7.2034],[-37.854,-7.2114],[-37.8587,-7.22843],[-37.85754,-7.26998],[-37.8809,-7.3055],[-37.90489,-7.33639],[-37.92508,-7.35865],[-37.95299,-7.36627],[-37.98138,-7.36222],[-38.01744,-7.34462],[-38.05123,-7.33628],[-38.04561,-7.32657],[-38.03576,-7.32418],[-38.00496,-7.33651],[-37.99847,-7.33555],[-37.986,-7.32695],[-37.99354,-7.32057],[-38.0113,-7.31246],[-38.01666,-7.30396],[-38.00492,-7.28751],[-37.99504,-7.28287],[-37.98038,-7.26814],[-37.96867,-7.26538],[-37.96005,-7.25442],[-37.94767,-7.22992],[-37.93033,-7.22589],[-37.90605,-7.22976],[-37.90048,-7.2279],[-37.89219,-7.2198],[-37.89593,-7.23295],[-37.89266,-7.24662],[-37.88521,-7.2538],[-37.87329,-7.25482],[-37.87276,-7.24842],[-37.88348,-7.22801],[-37.88067,-7.21031],[-37.8854,-7.21212],[-37.88604,-7.20364],[-37.8922,-7.1939],[-37.92295,-7.17004],[-37.91919,-7.16155],[-37.91483,-7.15913],[-37.91437,-7.15438],[-37.92068,-7.149],[-37.91969,-7.14579],[-37.90616,-7.14375],[-37.90515,-7.14169],[-37.90947,-7.13123],[-37.92696,-7.1251],[-37.9602,-7.12362],[-37.9794,-7.11592],[-37.97372,-7.11407],[-37.95292,-7.11753],[-37.93768,-7.11719],[-37.91381,-7.11149],[-37.90751,-7.10861],[-37.90927,-7.10617],[-37.91947,-7.11023],[-37.92388,-7.10714],[-37.9145,-7.10482],[-37.91004,-7.10062],[-37.92431,-7.09758],[-37.92611,-7.09566],[-37.92333,-7.08842],[-37.90684,-7.08258],[-37.89443,-7.08413],[-37.8903,-7.08212],[-37.88985,-7.09146],[-37.90049,-7.09855],[-37.89913,-7.10578],[-37.88926,-7.09517],[-37.88785,-7.1057],[-37.88949,-7.10892],[-37.87786,-7.11662],[-37.87697,-7.11218],[-37.88044,-7.1066],[-37.87802,-7.10062],[-37.8843,-7.09337],[-37.87175,-7.0864],[-37.87099,-7.10604],[-37.86592,-7.11252]],[[-37.97582,-7.28924],[-37.99089,-7.29695],[-37.98195,-7.31142],[-37.96525,-7.31472],[-37.96286,-7.32003],[-37.96043,-7.32039],[-37.94673,-7.3104],[-37.94557,-7.30394],[-37.94939,-7.29928],[-37.9708,-7.28949],[-37.97582,-7.28924]],[[-37.90103,-7.29932],[-37.89837,-7.2558],[-37.90198,-7.24659],[-37.90401,-7.24916],[-37.90283,-7.26386],[-37.90503,-7.2674],[-37.91388,-7.27485],[-37.91841,-7.27555],[-37.9258,-7.28493],[-37.93387,-7.28771],[-37.93543,-7.29096],[-37.93039,-7.29606],[-37.91079,-7.29402],[-37.9037,-7.30132],[-37.90103,-7.29932]],[[-37.97138,-7.35738],[-37.9707,-7.35092],[-37.9773,-7.34775],[-37.98533,-7.33942],[-37.99123,-7.33819],[-37.98384,-7.35613],[-37.97138,-7.35738]],[[-37.92101,-7.32298],[-37.92371,-7.31952],[-37.93503,-7.31435],[-37.93934,-7.31471],[-37.94237,-7.3193],[-37.94241,-7.32396],[-37.93796,-7.32504],[-37.92101,-7.32298]]]}},{"type":"Feature","properties":{"SIGLA":"PPMP_gamma_c","NOME":"Suíte Camalaú","LITOTIPOS":"Augen gnaisse, Metagranito, Metamonzonito, Metassienito, Metatonalito, Metatrondhjemito, Ortognaisse, Ortognaisse monzogranítico","AMBIENTE_TECTONICO":null,"ERA_MIN":"Mesoproterozóico","ERA_MAX":"Paleoproterozóico","IDADE_MIN":1000.1,"IDADE_MAX":2500.0,"LEGENDA":"Ortognaisse monzonítico a monzograníticos e/ou tonalítico-trondhjemítico-granítico e sienítico. Por vezes granadíferos com anfibólio e piroxênio associados espacialmente a rochas metagabróicas e metanortosíticas.","area_km2":11.85},"geometry":{"type":"Polygon","coordinates":[[[-37.99021,-7.23506],[-38.00857,-7.22787],[-38.02083,-7.21794],[-38.02083,-7.21438],[-38.01269,-7.20522],[-38.01275,-7.19164],[-38.00231,-7.19625],[-37.98295,-7.2147],[-37.9818,-7.22136],[-37.98545,-7.22693],[-37.98586,-7.23303],[-37.99021,-7.23506]]]}},{"type":"Feature","properties":{"SIGLA":"PPMP_gamma_c","NOME":"Suíte Camalaú","LITOTIPOS":"Augen gnaisse, Metagranito, Metamonzonito, Metassienito, Metatonalito, Metatrondhjemito, Ortognaisse, Ortognaisse monzogranítico","AMBIENTE_TECTONICO":null,"ERA_MIN":"Mesoproterozóico","ERA_MAX":"Paleoproterozóico","IDADE_MIN":1000.1,"IDADE_MAX":2500.0,"LEGENDA":"Ortognaisse monzonítico a monzograníticos e/ou tonalítico-trondhjemítico-granítico e sienítico. Por vezes granadíferos com anfibólio e piroxênio associados espacialmente a rochas metagabróicas e metanortosíticas.","area_km2":2.55},"geometry":{"type":"Polygon","coordinates":[[[-37.91023,-7.22257],[-37.91941,-7.2161],[-37.92336,-7.19918],[-37.91825,-7.19994],[-37.90996,-7.20784],[-37.90667,-7.21923],[-37.91023,-7.22257]]]}},{"type":"Feature","properties":{"SIGLA":"NP3_gamma_2c3","NOME":"Corpo Plúton Emas (Olho d'Água)","LITOTIPOS":"Granodiorito, Quartzo diorito, Tonalito","AMBIENTE_TECTONICO":null,"ERA_MIN":"Neoproterozóico","ERA_MAX":"Neoproterozóico","IDADE_MIN":541.1,"IDADE_MAX":635.0,"LEGENDA":"Anfibolio- biotita tonalito granodiorito, com epidoto magmático, fases subordinadas de diorito e gabro calcialcalinos normais","area_km2":18.37},"geometry":{"type":"Polygon","coordinates":[[[-37.77712,-7.23576],[-37.7944,-7.22434],[-37.79923,-7.2082],[-37.79688,-7.19062],[-37.78469,-7.16778],[-37.7787,-7.1905],[-37.76958,-7.19907],[-37.76446,-7.21254],[-37.75586,-7.22324],[-37.7561,-7.22788],[-37.7735,-7.23234],[-37.77712,-7.23576]]]}},{"type":"Feature","properties":{"SIGLA":"PP2p1","NOME":"Unidade Piancó - Unidade 1","LITOTIPOS":"Augen gnaisse, Ortognaisse tonalítico, Rocha calcissilicática","AMBIENTE_TECTONICO":null,"ERA_MIN":"Paleoproterozóico","ERA_MAX":"Paleoproterozóico","IDADE_MIN":2050.1,"IDADE_MAX":2300.0,"LEGENDA":"Ortognaisse tonalítico com intercalações de anfibolito","area_km2":22.02},"geometry":{"type":"Polygon","coordinates":[[[-37.88476,-7.20902],[-37.89681,-7.22492],[-37.90605,-7.22976],[-37.93033,-7.22589],[-37.94767,-7.22992],[-37.94141,-7.22018],[-37.9318,-7.21647],[-37.92603,-7.20945],[-37.92542,-7.20354],[-37.93495,-7.18278],[-37.92857,-7.17265],[-37.92295,-7.17004],[-37.8922,-7.1939],[-37.88604,-7.20364],[-37.88476,-7.20902]],[[-37.9071,-7.221],[-37.90996,-7.20784],[-37.91825,-7.19994],[-37.92336,-7.19918],[-37.91941,-7.2161],[-37.91207,-7.22202],[-37.9071,-7.221]]]}},{"type":"Feature","properties":{"SIGLA":"Q2a","NOME":"Depósitos aluvionares","LITOTIPOS":"Areia, Areia arcoseana, Argila, Cascalho, Conglomerado polimítico, Silte","AMBIENTE_TECTONICO":"Cobertura superficial","ERA_MIN":"Cenozóico","ERA_MAX":"Cenozóico","IDADE_MIN":0.0,"IDADE_MAX":0.01,"LEGENDA":"Sedimentos areno-argilosos aluvionares inconsolidados, finos a médios, com cores variadas, restos de matéria orgânica e presença de seixos, areias finas a grossas, com níveis de cascalhos, lentes de material silto-argiloso e restos de matéria orgânica, relacionados a planícies de inundação, margens, barras de canal e canais fluviais atuais. Localmente, podem conter matacões.\n","area_km2":37.81},"geometry":{"type":"Polygon","coordinates":[[[-37.67888,-7.10351],[-37.69286,-7.11064],[-37.72323,-7.1181],[-37.73286,-7.11694],[-37.73853,-7.12053],[-37.74994,-7.12177],[-37.7734,-7.11734],[-37.78273,-7.12408],[-37.76935,-7.14511],[-37.7694,-7.15225],[-37.77737,-7.16687],[-37.77175,-7.18434],[-37.76796,-7.19093],[-37.7575,-7.19948],[-37.75425,-7.2112],[-37.74531,-7.22526],[-37.74667,-7.23334],[-37.75149,-7.23675],[-37.76522,-7.23513],[-37.7702,-7.23682],[-37.77329,-7.24119],[-37.7768,-7.25125],[-37.77594,-7.26119],[-37.77957,-7.27073],[-37.7773,-7.28876],[-37.77973,-7.29495],[-37.78348,-7.29226],[-37.78473,-7.27502],[-37.78201,-7.24645],[-37.7735,-7.23234],[-37.7561,-7.22788],[-37.75617,-7.22187],[-37.76446,-7.21254],[-37.76958,-7.19907],[-37.7787,-7.1905],[-37.78469,-7.16778],[-37.78441,-7.15213],[-37.79451,-7.133],[-37.80663,-7.13429],[-37.82641,-7.1236],[-37.82857,-7.11999],[-37.82078,-7.11866],[-37.80069,-7.12778],[-37.76903,-7.10522],[-37.76692,-7.10742],[-37.76885,-7.1093],[-37.76595,-7.1108],[-37.74273,-7.11502],[-37.71004,-7.10125],[-37.68752,-7.09941],[-37.67138,-7.09466],[-37.67888,-7.10351]]]}},{"type":"Feature","properties":{"SIGLA":"NP3_gamma_2c5","NOME":"Corpo Plúton sem denominação","LITOTIPOS":"Granodiorito, Quartzo diorito, Tonalito","AMBIENTE_TECTONICO":null,"ERA_MIN":"Neoproterozóico","ERA_MAX":"Neoproterozóico","IDADE_MIN":541.1,"IDADE_MAX":635.0,"LEGENDA":"Anfibólio-biotita tonalito/granodiorito com epidoto magmático, calcialcalino e fases subordinadas de diorito e gabro (SC24). Idade U-Pb = 635 ± 9Ma.","area_km2":23.83},"geometry":{"type":"Polygon","coordinates":[[[-37.80766,-7.15099],[-37.79853,-7.15314],[-37.79328,-7.16088],[-37.79368,-7.16778],[-37.80506,-7.17493],[-37.80565,-7.18442],[-37.81942,-7.18723],[-37.82553,-7.19879],[-37.82967,-7.201],[-37.83823,-7.19986],[-37.84172,-7.19542],[-37.84487,-7.17994],[-37.84038,-7.15663],[-37.83185,-7.14672],[-37.82021,-7.14095],[-37.81461,-7.14178],[-37.80766,-7.15099]]]}},{"type":"Feature","properties":{"SIGLA":"PP2p1","NOME":"Unidade Piancó - Unidade 1","LITOTIPOS":"Augen gnaisse, Ortognaisse tonalítico, Rocha calcissilicática","AMBIENTE_TECTONICO":null,"ERA_MIN":"Paleoproterozóico","ERA_MAX":"Paleoproterozóico","IDADE_MIN":2050.1,"IDADE_MAX":2300.0,"LEGENDA":"Ortognaisse tonalítico com intercalações de anfibolito","area_km2":126.32},"geometry":{"type":"Polygon","coordinates":[[[-37.92263,-7.1524],[-37.93284,-7.1626],[-37.94691,-7.18275],[-37.94761,-7.18777],[-37.93853,-7.20528],[-37.94649,-7.21455],[-37.95323,-7.228],[-37.95854,-7.21811],[-37.95665,-7.21049],[-37.95117,-7.2043],[-37.95206,-7.20041],[-37.95815,-7.19349],[-37.97321,-7.18809],[-37.98168,-7.18034],[-37.9883,-7.16607],[-37.98844,-7.14461],[-37.99706,-7.13182],[-38.01375,-7.12834],[-38.01491,-7.13146],[-38.01056,-7.13669],[-38.01042,-7.14163],[-38.0288,-7.15083],[-38.02519,-7.17424],[-38.02682,-7.18318],[-38.03067,-7.18733],[-38.0479,-7.17914],[-38.06951,-7.16021],[-38.0806,-7.15786],[-38.09823,-7.16055],[-38.10189,-7.15922],[-38.09448,-7.14732],[-38.07119,-7.13206],[-38.09689,-7.13241],[-38.06416,-7.11391],[-38.00718,-7.0966],[-37.92333,-7.08842],[-37.92611,-7.09566],[-37.92431,-7.09758],[-37.91004,-7.10062],[-37.9145,-7.10482],[-37.92281,-7.10541],[-37.92273,-7.10936],[-37.91947,-7.11023],[-37.90927,-7.10617],[-37.90751,-7.10861],[-37.9359,-7.11704],[-37.95292,-7.11753],[-37.97372,-7.11407],[-37.9794,-7.11592],[-37.9602,-7.12362],[-37.93157,-7.12445],[-37.91122,-7.12965],[-37.90527,-7.13772],[-37.9057,-7.14285],[-37.91969,-7.14579],[-37.92263,-7.1524]],[[-38.04904,-7.13125],[-38.07623,-7.13708],[-38.08345,-7.14232],[-38.0856,-7.14822],[-38.0703,-7.15462],[-38.05122,-7.15363],[-38.03769,-7.14982],[-38.022,-7.13784],[-38.03003,-7.13256],[-38.04904,-7.13125]]]}},{"type":"Feature","properties":{"SIGLA":"NP3st","NOME":"Formação Santana dos Garrotes","LITOTIPOS":"Formação ferrífera bandada, Metaconglomerado, Metagrauvaca, Metapiroclástica, Metarenito lítico, Metarritmito, Rocha metavulcânica félsica, Rocha metavulcânica máfica","AMBIENTE_TECTONICO":null,"ERA_MIN":"Neoproterozóico","ERA_MAX":"Neoproterozóico","IDADE_MIN":541.1,"IDADE_MAX":635.0,"LEGENDA":"Metapelitos esverdeados (micaxistos) com granada e/ou turmalina e/ou titanita, intercalado com camadas de metarenitos finos a muito finos e metavulcânicas félsicas. Às vezes assumem aspecto de metarritmito (metaturbidito, metagrauvaca, metavulcânica máfica a félsica e metapiroclástica). U-Pb SHRIMP em zircão indica idade máxima de deposição entre 661 e 624 Ma.","area_km2":11.99},"geometry":{"type":"Polygon","coordinates":[[[-37.73031,-7.12325],[-37.7499,-7.14631],[-37.76858,-7.16065],[-37.77361,-7.16042],[-37.7694,-7.15225],[-37.76935,-7.14511],[-37.78196,-7.12621],[-37.78163,-7.12251],[-37.7734,-7.11734],[-37.7621,-7.11968],[-37.76958,-7.1338],[-37.76785,-7.13745],[-37.76316,-7.13605],[-37.7539,-7.12578],[-37.74293,-7.12411],[-37.73406,-7.11735],[-37.7282,-7.11799],[-37.73031,-7.12325]]]}},{"type":"Feature","properties":{"SIGLA":"NP3_gamma_2c3","NOME":"Corpo Plúton Emas (Olho d'Água)","LITOTIPOS":"Granodiorito, Quartzo diorito, Tonalito","AMBIENTE_TECTONICO":null,"ERA_MIN":"Neoproterozóico","ERA_MAX":"Neoproterozóico","IDADE_MIN":541.1,"IDADE_MAX":635.0,"LEGENDA":"Anfibolio- biotita tonalito granodiorito, com epidoto magmático, fases subordinadas de diorito e gabro calcialcalinos normais","area_km2":2.34},"geometry":{"type":"Polygon","coordinates":[[[-37.74293,-7.12411],[-37.75264,-7.12507],[-37.76316,-7.13605],[-37.76989,-7.13618],[-37.7621,-7.11968],[-37.74994,-7.12177],[-37.73853,-7.12053],[-37.74293,-7.12411]]]}},{"type":"Feature","properties":{"SIGLA":"NP3_gamma_2c5","NOME":"Corpo Plúton sem denominação","LITOTIPOS":"Granodiorito, Quartzo diorito, Tonalito","AMBIENTE_TECTONICO":null,"ERA_MIN":"Neoproterozóico","ERA_MAX":"Neoproterozóico","IDADE_MIN":541.1,"IDADE_MAX":635.0,"LEGENDA":"Anfibólio-biotita tonalito/granodiorito com epidoto magmático, calcialcalino e fases subordinadas de diorito e gabro (SC24). Idade U-Pb = 635 ± 9Ma.","area_km2":1.34},"geometry":{"type":"Polygon","coordinates":[[[-37.79531,-7.11188],[-37.79955,-7.11571],[-37.81324,-7.11642],[-37.81709,-7.11466],[-37.81464,-7.11095],[-37.80176,-7.1092],[-37.79531,-7.11188]]]}},{"type":"Feature","properties":{"SIGLA":"NP3_gamma_2c5","NOME":"Corpo Plúton sem denominação","LITOTIPOS":"Granodiorito, Quartzo diorito, Tonalito","AMBIENTE_TECTONICO":null,"ERA_MIN":"Neoproterozóico","ERA_MAX":"Neoproterozóico","IDADE_MIN":541.1,"IDADE_MAX":635.0,"LEGENDA":"Anfibólio-biotita tonalito/granodiorito com epidoto magmático, calcialcalino e fases subordinadas de diorito e gabro (SC24). Idade U-Pb = 635 ± 9Ma.","area_km2":6.72},"geometry":{"type":"Polygon","coordinates":[[[-37.72726,-7.08651],[-37.69696,-7.08037],[-37.69017,-7.08021],[-37.68031,-7.08435],[-37.68909,-7.08886],[-37.7052,-7.08828],[-37.71604,-7.09063],[-37.76613,-7.10678],[-37.76544,-7.1032],[-37.75986,-7.09949],[-37.72726,-7.08651]]]}},{"type":"Feature","properties":{"SIGLA":"PP2p3","NOME":"Unidade Piancó - Unidade 3","LITOTIPOS":"Hornblenda gnaisse, Mármore, Xisto aluminoso","AMBIENTE_TECTONICO":null,"ERA_MIN":"Paleoproterozóico","ERA_MAX":"Paleoproterozóico","IDADE_MIN":2050.1,"IDADE_MAX":2300.0,"LEGENDA":"Cordierita-sillimanita xisto com biotita-hornblenda gnaisse, anfibolito e raramente mármore.","area_km2":52.46},"geometry":{"type":"Polygon","coordinates":[[[-37.67543,-7.07787],[-37.71125,-7.08216],[-37.77725,-7.10093],[-37.81706,-7.1046],[-37.8578,-7.11216],[-37.86027,-7.10378],[-37.8578,-7.10131],[-37.86366,-7.09638],[-37.86251,-7.08804],[-37.86677,-7.08308],[-37.88147,-7.08308],[-37.88361,-7.07496],[-37.89074,-7.07218],[-37.88345,-7.07153],[-37.87622,-7.07636],[-37.86616,-7.0766],[-37.80673,-7.07018],[-37.67053,-7.07543],[-37.67543,-7.07787]],[[-37.76341,-7.0942],[-37.74115,-7.0867],[-37.73852,-7.0824],[-37.73972,-7.07964],[-37.76591,-7.087],[-37.76341,-7.0942]]]}},{"type":"Feature","properties":{"SIGLA":"NP3_gamma_2ct5","NOME":"Corpo Plúton Sem Denominação","LITOTIPOS":"Monzogranito, Sienogranito","AMBIENTE_TECTONICO":null,"ERA_MIN":"Neoproterozóico","ERA_MAX":"Neoproterozóico","IDADE_MIN":541.1,"IDADE_MAX":635.0,"LEGENDA":"Granito, quartzo-sienito, sienito, podendo conter biotita-aegirina-augita e anfibólio; peralcalinos","area_km2":2.41},"geometry":{"type":"Polygon","coordinates":[[[-37.76225,-7.09452],[-37.76591,-7.087],[-37.73972,-7.07964],[-37.73872,-7.08114],[-37.7403,-7.08588],[-37.74473,-7.08892],[-37.76225,-7.09452]]]}},{"type":"Feature","properties":{"SIGLA":"PP2p2","NOME":"Unidade Piancó - Unidade 2","LITOTIPOS":"Mármore, Ortognaisse tonalítico, Xisto aluminoso","AMBIENTE_TECTONICO":null,"ERA_MIN":"Paleoproterozóico","ERA_MAX":"Paleoproterozóico","IDADE_MIN":2050.1,"IDADE_MAX":2300.0,"LEGENDA":"Ortognaisse tonalítico com intercalações de cordierita xisto","area_km2":0.05},"geometry":{"type":"Polygon","coordinates":[[[-37.8938,-7.08245],[-37.89289,-7.08004],[-37.8903,-7.08212],[-37.8938,-7.08245]]]}},{"type":"Feature","properties":{"SIGLA":"PP2_gamma_v","NOME":"Suíte Várzea Alegre","LITOTIPOS":"Ortognaisse","AMBIENTE_TECTONICO":null,"ERA_MIN":"Paleoproterozóico","ERA_MAX":"Paleoproterozóico","IDADE_MIN":2050.1,"IDADE_MAX":2300.0,"LEGENDA":"Ortognaisses porfiríticos, de composições granodiorítica a tonalítica, com níveis máficos, geralmente centimétricos, às vezes migmatizados, e normalmente milonitizados.","area_km2":8.3},"geometry":{"type":"Polygon","coordinates":[[[-37.9611,-7.0457],[-37.93054,-7.04319],[-37.92944,-7.05072],[-37.93173,-7.05263],[-37.95315,-7.05175],[-37.95457,-7.05681],[-37.9654,-7.0583],[-37.97396,-7.06612],[-37.97514,-7.05902],[-37.97269,-7.05541],[-37.97999,-7.04789],[-37.98465,-7.05072],[-37.99531,-7.04882],[-37.99493,-7.04501],[-37.98971,-7.04291],[-37.99024,-7.04071],[-37.96138,-7.04368],[-37.9611,-7.0457]]]}},{"type":"Feature","properties":{"SIGLA":"NP3s","NOME":"Grupo Seridó indiscriminado","LITOTIPOS":"Mármore, Paragnaisse, Rocha calcissilicática, Xisto","AMBIENTE_TECTONICO":null,"ERA_MIN":"Neoproterozóico","ERA_MAX":"Neoproterozóico","IDADE_MIN":541.1,"IDADE_MAX":635.0,"LEGENDA":"Xisto, quartzito, mármore. ","area_km2":0.12},"geometry":{"type":"Polygon","coordinates":[[[-37.9317,-7.04317],[-37.93977,-7.04352],[-37.93401,-7.04082],[-37.9317,-7.04317]]]}},{"type":"Feature","properties":{"SIGLA":"NP3s","NOME":"Grupo Seridó indiscriminado","LITOTIPOS":"Mármore, Paragnaisse, Rocha calcissilicática, Xisto","AMBIENTE_TECTONICO":null,"ERA_MIN":"Neoproterozóico","ERA_MAX":"Neoproterozóico","IDADE_MIN":541.1,"IDADE_MAX":635.0,"LEGENDA":"Xisto, quartzito, mármore. ","area_km2":4.59},"geometry":{"type":"Polygon","coordinates":[[[-37.96209,-7.02588],[-37.95876,-7.03313],[-37.95274,-7.03403],[-37.95562,-7.04078],[-37.96138,-7.04368],[-37.99024,-7.04071],[-37.98651,-7.03664],[-37.99036,-7.03359],[-37.98427,-7.03131],[-37.9816,-7.02407],[-37.97871,-7.02431],[-37.97871,-7.03504],[-37.9689,-7.03315],[-37.96594,-7.0363],[-37.964,-7.02996],[-37.96713,-7.02636],[-37.96209,-7.02588]]]}},{"type":"Feature","properties":{"SIGLA":"NP3_gamma_2ct1","NOME":"Corpo Plúton Catingueira","LITOTIPOS":"Monzogranito, Sienogranito","AMBIENTE_TECTONICO":null,"ERA_MIN":"Neoproterozóico","ERA_MAX":"Neoproterozóico","IDADE_MIN":541.1,"IDADE_MAX":635.0,"LEGENDA":"Granito e quartzo- sienito, com biotita, aegirina-augita e anfibólio, peralcalinos  ","area_km2":15.74},"geometry":{"type":"Polygon","coordinates":[[[-37.59482,-7.1031],[-37.56909,-7.10318],[-37.52975,-7.10706],[-37.50288,-7.11107],[-37.50037,-7.11341],[-37.53664,-7.11644],[-37.57465,-7.11641],[-37.58038,-7.11884],[-37.58788,-7.12696],[-37.60661,-7.12601],[-37.60689,-7.11698],[-37.60017,-7.10617],[-37.59482,-7.1031]]]}},{"type":"Feature","properties":{"SIGLA":"NP3_gamma_2c3","NOME":"Corpo Plúton Emas (Olho d'Água)","LITOTIPOS":"Granodiorito, Quartzo diorito, Tonalito","AMBIENTE_TECTONICO":null,"ERA_MIN":"Neoproterozóico","ERA_MAX":"Neoproterozóico","IDADE_MIN":541.1,"IDADE_MAX":635.0,"LEGENDA":"Anfibolio- biotita tonalito granodiorito, com epidoto magmático, fases subordinadas de diorito e gabro calcialcalinos normais","area_km2":6.65},"geometry":{"type":"Polygon","coordinates":[[[-37.68135,-7.09754],[-37.71004,-7.10125],[-37.73816,-7.11437],[-37.74829,-7.11473],[-37.75354,-7.11174],[-37.72015,-7.09563],[-37.7069,-7.09281],[-37.69503,-7.09148],[-37.68135,-7.09754]]]}},{"type":"Feature","properties":{"SIGLA":"NP3_gamma_2it45","NOME":"Corpo Plúton Sem Denominação","LITOTIPOS":"Diorito, Granito, Granodiorito, Monzonito","AMBIENTE_TECTONICO":null,"ERA_MIN":"Neoproterozóico","ERA_MAX":"Neoproterozóico","IDADE_MIN":541.1,"IDADE_MAX":635.0,"LEGENDA":"Granito, granodiorito, monzogranito e sienogranito equigranulares médios a grossos a inequigranulares porfiríticos, com fenocristais subédricos a euédricos de K-feldspato (1cm a 7cm) e de plagioclásio (0,5cm a 1cm). Associados a diorito e a fases intermediárias de mistura, com ou sem epidoto magmático. Suíte metaluminosa a levemente peraluminosa, calcialcalina de alto K e levemente shorshonítica. 580 Ma U-Pb.","area_km2":5.59},"geometry":{"type":"Polygon","coordinates":[[[-37.64198,-7.09813],[-37.61851,-7.10091],[-37.61155,-7.10383],[-37.62171,-7.1086],[-37.63786,-7.10945],[-37.65458,-7.10513],[-37.6674,-7.09573],[-37.66129,-7.0927],[-37.64198,-7.09813]]]}},{"type":"Feature","properties":{"SIGLA":"PP2_gamma_v","NOME":"Suíte Várzea Alegre","LITOTIPOS":"Ortognaisse","AMBIENTE_TECTONICO":null,"ERA_MIN":"Paleoproterozóico","ERA_MAX":"Paleoproterozóico","IDADE_MIN":2050.1,"IDADE_MAX":2300.0,"LEGENDA":"Ortognaisses porfiríticos, de composições granodiorítica a tonalítica, com níveis máficos, geralmente centimétricos, às vezes migmatizados, e normalmente milonitizados.","area_km2":281.72},"geometry":{"type":"Polygon","coordinates":[[[-37.24859,-7.08708],[-37.24859,-7.09224],[-37.23674,-7.09675],[-37.23412,-7.10357],[-37.23011,-7.10504],[-37.22816,-7.10212],[-37.22082,-7.10415],[-37.22556,-7.09796],[-37.22591,-7.09464],[-37.22224,-7.09403],[-37.21065,-7.10122],[-37.21106,-7.09634],[-37.18351,-7.10513],[-37.11405,-7.11399],[-37.2425,-7.11177],[-37.44389,-7.08811],[-37.5412,-7.08508],[-37.59037,-7.08095],[-37.59314,-7.07867],[-37.59283,-7.07506],[-37.59708,-7.07471],[-37.59746,-7.07928],[-37.6041,-7.08149],[-37.64884,-7.07317],[-37.65228,-7.06938],[-37.6481,-7.06557],[-37.64987,-7.0607],[-37.65965,-7.07142],[-37.65122,-7.07756],[-37.68977,-7.07377],[-37.80673,-7.07018],[-37.87622,-7.07636],[-37.88345,-7.07153],[-37.89074,-7.07218],[-37.89903,-7.06501],[-37.89401,-7.06353],[-37.88725,-7.06729],[-37.87799,-7.06676],[-37.87074,-7.0716],[-37.8607,-7.07183],[-37.86358,-7.06519],[-37.85048,-7.0586],[-37.8429,-7.0609],[-37.84454,-7.05529],[-37.85855,-7.05685],[-37.86244,-7.05948],[-37.8689,-7.05758],[-37.87081,-7.061],[-37.87827,-7.05377],[-37.89103,-7.0528],[-37.8935,-7.04515],[-37.89581,-7.0453],[-37.90013,-7.05296],[-37.90562,-7.05051],[-37.90591,-7.04792],[-37.91834,-7.04996],[-37.92354,-7.04752],[-37.92354,-7.04535],[-37.90982,-7.03812],[-37.89079,-7.03436],[-37.85447,-7.03371],[-37.81351,-7.04098],[-37.79262,-7.04228],[-37.66816,-7.0412],[-37.59912,-7.03486],[-37.51361,-7.0531],[-37.41963,-7.05523],[-37.37269,-7.06389],[-37.33766,-7.06755],[-37.26983,-7.08013],[-37.24859,-7.08708]]]}},{"type":"Feature","properties":{"SIGLA":"A2_gamma_c","NOME":"Unidade Curral Novo do Piauí","LITOTIPOS":"Metagranodiorito, Metapiroxenito, Metatonalito, Metatrondhjemito, Ortognaisse","AMBIENTE_TECTONICO":null,"ERA_MIN":"Paleoarqueano","ERA_MAX":"Paleoarqueano","IDADE_MIN":3200.1,"IDADE_MAX":3600.0,"LEGENDA":"Ortognaisse TTG, biotita ortognaisse de composição granodiorítica a tonalítica, frequentemente miloníticos, e por vezes migmatíticos","area_km2":192.2},"geometry":{"type":"Polygon","coordinates":[[[-37.5639,-7.0211],[-37.51707,-7.03645],[-37.48879,-7.04142],[-37.44569,-7.0445],[-37.34635,-7.04394],[-37.2377,-7.05422],[-37.20165,-7.06168],[-37.1655,-7.07536],[-37.14098,-7.08184],[-37.10429,-7.08699],[-37.10512,-7.09233],[-37.10168,-7.09575],[-36.94968,-7.10469],[-37.01627,-7.11292],[-37.12089,-7.11362],[-37.16837,-7.10788],[-37.20867,-7.09858],[-37.21106,-7.09634],[-37.2095,-7.0926],[-37.21694,-7.08824],[-37.22459,-7.08734],[-37.22909,-7.08069],[-37.23778,-7.07839],[-37.24059,-7.07263],[-37.24767,-7.07448],[-37.24859,-7.08708],[-37.26983,-7.08013],[-37.41016,-7.05637],[-37.51361,-7.0531],[-37.59912,-7.03486],[-37.66816,-7.0412],[-37.79262,-7.04228],[-37.81351,-7.04098],[-37.85447,-7.03371],[-37.78711,-7.02909],[-37.66973,-7.0306],[-37.65854,-7.02961],[-37.61629,-7.01763],[-37.59084,-7.02206],[-37.57102,-7.02323],[-37.5639,-7.0211]]]}},{"type":"Feature","properties":{"SIGLA":"NP3_gamma_i","NOME":"Corpo Granitoides indiscriminados brasilianos","LITOTIPOS":"Biotita granito, Granito pórfiro, Granitoide, Granodiorito, Metagranito, Monzogranito, Quartzo diorito, Quartzo monzonito, Sienogranito, Tonalito","AMBIENTE_TECTONICO":null,"ERA_MIN":"Neoproterozóico","ERA_MAX":"Neoproterozóico","IDADE_MIN":541.1,"IDADE_MAX":635.0,"LEGENDA":"Granitoides de composição petrográfica diversa e quimismo não determinado. Granitoides cinzentos, geralmente de granulometria média a grossa (fácies porfirítica subordinada), de composição granítica dominante, em parte com enclaves dioríticos, em jazimentos individualizados ou intrusivos, de foliação incipiente, alguns gnaissificados e fortemente milonitizados. Monzogranito, granodiorito, tonalito e sienogranito cinza claro a róseo, com granulação fina, foliação definida pela orientação preferencial da biotita; possuem xenólitos; Sienito isotrópico fino a médio, inequigranular e porfirítico.; Hornblenda -biotita diorito e monzodiorito inequigranular fino, foliado, de coloração cinza escura, com enclaves microgranulares e clots de biotita; Biotita metaquartzo sienito a granito peraluminoso, metagranito com biotita metaluminoso e hiperstênio-hornblenda metatonalito. Localmente, exibem foliação magmática; Também ocorrem quartzo diorito, granodiorito, tonalito e quartzo monzonito fortemente milonitizados. Também ocorrem quartzo diorito, granodiorito, tonalito e quartzo monzonito.","area_km2":1.86},"geometry":{"type":"Polygon","coordinates":[[[-37.56838,-7.02313],[-37.59694,-7.02165],[-37.60841,-7.01756],[-37.5843,-7.0173],[-37.5639,-7.0211],[-37.56838,-7.02313]]]}},{"type":"Feature","properties":{"SIGLA":"NP3s","NOME":"Grupo Seridó indiscriminado","LITOTIPOS":"Mármore, Paragnaisse, Rocha calcissilicática, Xisto","AMBIENTE_TECTONICO":null,"ERA_MIN":"Neoproterozóico","ERA_MAX":"Neoproterozóico","IDADE_MIN":541.1,"IDADE_MAX":635.0,"LEGENDA":"Xisto, quartzito, mármore. ","area_km2":244.37},"geometry":{"type":"Polygon","coordinates":[[[-37.58168,-6.9756],[-37.39857,-6.9913],[-37.33837,-6.99367],[-37.25268,-7.01244],[-37.1898,-7.02028],[-37.15817,-7.01626],[-37.14226,-7.0178],[-37.1361,-7.01163],[-37.11859,-7.01514],[-37.09712,-7.01431],[-37.07949,-7.01882],[-37.08327,-7.0213],[-37.10765,-7.02175],[-37.12641,-7.02533],[-37.07929,-7.02693],[-37.13324,-7.03448],[-37.14888,-7.03083],[-37.17279,-7.03595],[-37.17586,-7.03443],[-37.15984,-7.03113],[-37.15694,-7.02737],[-37.18679,-7.02523],[-37.25679,-7.02852],[-37.50368,-7.02061],[-37.5639,-7.0211],[-37.60183,-7.01671],[-37.62629,-7.01966],[-37.65854,-7.02961],[-37.66973,-7.0306],[-37.80232,-7.02958],[-37.89806,-7.03478],[-37.9159,-7.04224],[-37.91662,-7.03855],[-37.90926,-7.03724],[-37.90435,-7.03333],[-37.88529,-7.02955],[-37.88385,-7.02463],[-37.89743,-7.02827],[-37.90523,-7.0267],[-37.911,-7.03089],[-37.91967,-7.0328],[-37.935,-7.02667],[-37.93319,-7.02428],[-37.91688,-7.02578],[-37.91244,-7.02331],[-37.79466,-7.01597],[-37.70008,-7.01685],[-37.68443,-7.01406],[-37.66619,-7.00551],[-37.66035,-7.00043],[-37.65804,-6.99012],[-37.64332,-6.97936],[-37.58168,-6.9756]]]}},{"type":"Feature","properties":{"SIGLA":"NP3_gamma_i","NOME":"Corpo Granitoides indiscriminados brasilianos","LITOTIPOS":"Biotita granito, Granito pórfiro, Granitoide, Granodiorito, Metagranito, Monzogranito, Quartzo diorito, Quartzo monzonito, Sienogranito, Tonalito","AMBIENTE_TECTONICO":null,"ERA_MIN":"Neoproterozóico","ERA_MAX":"Neoproterozóico","IDADE_MIN":541.1,"IDADE_MAX":635.0,"LEGENDA":"Granitoides de composição petrográfica diversa e quimismo não determinado. Granitoides cinzentos, geralmente de granulometria média a grossa (fácies porfirítica subordinada), de composição granítica dominante, em parte com enclaves dioríticos, em jazimentos individualizados ou intrusivos, de foliação incipiente, alguns gnaissificados e fortemente milonitizados. Monzogranito, granodiorito, tonalito e sienogranito cinza claro a róseo, com granulação fina, foliação definida pela orientação preferencial da biotita; possuem xenólitos; Sienito isotrópico fino a médio, inequigranular e porfirítico.; Hornblenda -biotita diorito e monzodiorito inequigranular fino, foliado, de coloração cinza escura, com enclaves microgranulares e clots de biotita; Biotita metaquartzo sienito a granito peraluminoso, metagranito com biotita metaluminoso e hiperstênio-hornblenda metatonalito. Localmente, exibem foliação magmática; Também ocorrem quartzo diorito, granodiorito, tonalito e quartzo monzonito fortemente milonitizados. Também ocorrem quartzo diorito, granodiorito, tonalito e quartzo monzonito.","area_km2":15.17},"geometry":{"type":"Polygon","coordinates":[[[-37.44292,-6.98719],[-37.52393,-6.97955],[-37.48439,-6.96831],[-37.47215,-6.96883],[-37.44436,-6.97589],[-37.3905,-6.96849],[-37.41018,-6.97787],[-37.44292,-6.98719]]]}},{"type":"Feature","properties":{"SIGLA":"NP3_gamma_2it45","NOME":"Corpo Plúton Sem Denominação","LITOTIPOS":"Diorito, Granito, Granodiorito, Monzonito","AMBIENTE_TECTONICO":null,"ERA_MIN":"Neoproterozóico","ERA_MAX":"Neoproterozóico","IDADE_MIN":541.1,"IDADE_MAX":635.0,"LEGENDA":"Granito, granodiorito, monzogranito e sienogranito equigranulares médios a grossos a inequigranulares porfiríticos, com fenocristais subédricos a euédricos de K-feldspato (1cm a 7cm) e de plagioclásio (0,5cm a 1cm). Associados a diorito e a fases intermediárias de mistura, com ou sem epidoto magmático. Suíte metaluminosa a levemente peraluminosa, calcialcalina de alto K e levemente shorshonítica. 580 Ma U-Pb.","area_km2":34.08},"geometry":{"type":"Polygon","coordinates":[[[-37.54215,-6.90731],[-37.56296,-6.90818],[-37.54559,-6.90021],[-37.53271,-6.89066],[-37.51784,-6.8715],[-37.51004,-6.85407],[-37.49541,-6.83871],[-37.47257,-6.82195],[-37.46839,-6.82543],[-37.47007,-6.84238],[-37.46756,-6.85436],[-37.4681,-6.87012],[-37.47445,-6.8793],[-37.48925,-6.88668],[-37.52585,-6.89843],[-37.54215,-6.90731]]]}},{"type":"Feature","properties":{"SIGLA":"NP3_gamma_2it45","NOME":"Corpo Plúton Sem Denominação","LITOTIPOS":"Diorito, Granito, Granodiorito, Monzonito","AMBIENTE_TECTONICO":null,"ERA_MIN":"Neoproterozóico","ERA_MAX":"Neoproterozóico","IDADE_MIN":541.1,"IDADE_MAX":635.0,"LEGENDA":"Granito, granodiorito, monzogranito e sienogranito equigranulares médios a grossos a inequigranulares porfiríticos, com fenocristais subédricos a euédricos de K-feldspato (1cm a 7cm) e de plagioclásio (0,5cm a 1cm). Associados a diorito e a fases intermediárias de mistura, com ou sem epidoto magmático. Suíte metaluminosa a levemente peraluminosa, calcialcalina de alto K e levemente shorshonítica. 580 Ma U-Pb.","area_km2":26.99},"geometry":{"type":"Polygon","coordinates":[[[-37.34937,-6.83625],[-37.35301,-6.86176],[-37.36677,-6.88114],[-37.39159,-6.89387],[-37.39488,-6.89366],[-37.39133,-6.86774],[-37.4029,-6.85999],[-37.40309,-6.85457],[-37.40205,-6.86015],[-37.39545,-6.85903],[-37.39634,-6.85167],[-37.39137,-6.84686],[-37.38178,-6.82561],[-37.37744,-6.82332],[-37.36557,-6.82548],[-37.35607,-6.83383],[-37.34937,-6.83625]]]}},{"type":"Feature","properties":{"SIGLA":"NP3_gamma_2c5","NOME":"Corpo Plúton sem denominação","LITOTIPOS":"Granodiorito, Quartzo diorito, Tonalito","AMBIENTE_TECTONICO":null,"ERA_MIN":"Neoproterozóico","ERA_MAX":"Neoproterozóico","IDADE_MIN":541.1,"IDADE_MAX":635.0,"LEGENDA":"Anfibólio-biotita tonalito/granodiorito com epidoto magmático, calcialcalino e fases subordinadas de diorito e gabro (SC24). Idade U-Pb = 635 ± 9Ma.","area_km2":19.04},"geometry":{"type":"Polygon","coordinates":[[[-37.25988,-7.17603],[-37.26838,-7.17506],[-37.27849,-7.16832],[-37.28271,-7.15961],[-37.29316,-7.15194],[-37.29213,-7.14498],[-37.28108,-7.13852],[-37.25451,-7.13292],[-37.24474,-7.13369],[-37.23926,-7.13691],[-37.23264,-7.136],[-37.23326,-7.14114],[-37.25,-7.1593],[-37.25651,-7.17428],[-37.25988,-7.17603]]]}},{"type":"Feature","properties":{"SIGLA":"NP3_gamma_2c5","NOME":"Corpo Plúton sem denominação","LITOTIPOS":"Granodiorito, Quartzo diorito, Tonalito","AMBIENTE_TECTONICO":null,"ERA_MIN":"Neoproterozóico","ERA_MAX":"Neoproterozóico","IDADE_MIN":541.1,"IDADE_MAX":635.0,"LEGENDA":"Anfibólio-biotita tonalito/granodiorito com epidoto magmático, calcialcalino e fases subordinadas de diorito e gabro (SC24). Idade U-Pb = 635 ± 9Ma.","area_km2":6.46},"geometry":{"type":"Polygon","coordinates":[[[-37.07731,-7.13598],[-37.12041,-7.16103],[-37.12616,-7.16167],[-37.11795,-7.14572],[-37.1089,-7.13861],[-37.10427,-7.13825],[-37.09529,-7.13267],[-37.0866,-7.13215],[-37.07731,-7.13598]]]}},{"type":"Feature","properties":{"SIGLA":"NP3ss","NOME":"Formação Seridó","LITOTIPOS":"Biotita-quartzo xisto, Clorita xisto, Filito, Granada-biotita xisto, Mármore, Metavulcânica básica, Quartzito, Xisto aluminoso","AMBIENTE_TECTONICO":null,"ERA_MIN":"Neoproterozóico","ERA_MAX":"Neoproterozóico","IDADE_MIN":541.1,"IDADE_MAX":635.0,"LEGENDA":"Biotita xisto, podendo conter granada e/ou cordierita, estaurolita, sillimanita, andaluzita e cianita, localmente com intercalações de mármore, rochas calcissilicáticas, quartzito, metarritimito, clorita-sericita xisto e metavulcânicas máficas. Idade: 628 Ma U-Pb.","area_km2":4.28},"geometry":{"type":"Polygon","coordinates":[[[-37.09364,-7.08633],[-37.07243,-7.08557],[-37.06869,-7.08905],[-36.99937,-7.09784],[-37.09901,-7.09194],[-37.09364,-7.08633]]]}},{"type":"Feature","properties":{"SIGLA":"NP3se","NOME":"Formação Equador","LITOTIPOS":"Metaconglomerado, Muscovita quartzito","AMBIENTE_TECTONICO":null,"ERA_MIN":"Neoproterozóico","ERA_MAX":"Neoproterozóico","IDADE_MIN":541.1,"IDADE_MAX":635.0,"LEGENDA":"Quartzitos e muscovita quartzitos lepidogranoblásticos finos a médios de coloração cinza claro a creme e muscovita-metaconglomerado.","area_km2":6.16},"geometry":{"type":"Polygon","coordinates":[[[-37.1054,-7.05283],[-37.09781,-7.0544],[-37.10025,-7.05901],[-37.09691,-7.06406],[-37.10653,-7.07006],[-37.10728,-7.0739],[-37.11209,-7.07044],[-37.11112,-7.06582],[-37.11352,-7.0632],[-37.11181,-7.05922],[-37.11408,-7.05766],[-37.13213,-7.06154],[-37.16263,-7.0571],[-37.13379,-7.05601],[-37.11258,-7.0472],[-37.10473,-7.04977],[-37.1054,-7.05283]]]}},{"type":"Feature","properties":{"SIGLA":"NP3se","NOME":"Formação Equador","LITOTIPOS":"Metaconglomerado, Muscovita quartzito","AMBIENTE_TECTONICO":null,"ERA_MIN":"Neoproterozóico","ERA_MAX":"Neoproterozóico","IDADE_MIN":541.1,"IDADE_MAX":635.0,"LEGENDA":"Quartzitos e muscovita quartzitos lepidogranoblásticos finos a médios de coloração cinza claro a creme e muscovita-metaconglomerado.","area_km2":8.13},"geometry":{"type":"Polygon","coordinates":[[[-37.07572,-7.04042],[-37.03501,-7.04152],[-37.03366,-7.04524],[-37.04234,-7.05102],[-37.06285,-7.05279],[-37.06971,-7.0633],[-37.0782,-7.05975],[-37.08602,-7.05978],[-37.08377,-7.04875],[-37.07572,-7.04042]]]}},{"type":"Feature","properties":{"SIGLA":"NP3_delta_2","NOME":"Suíte Máfica a intermediária","LITOTIPOS":"Diorito, Gabro, Gabronorito, Granodiorito, Monzodiorito, Quartzo diorito, Tonalito","AMBIENTE_TECTONICO":null,"ERA_MIN":"Neoproterozóico","ERA_MAX":"Neoproterozóico","IDADE_MIN":541.1,"IDADE_MAX":635.0,"LEGENDA":"Gabro, gabro norito, diorito, monzo e quartzo diorito, quartzo monzonito e granodiorito, finos a médios, de afinidade subalcalina, cálcio-alcalino e shoshonítica. Localmente com enclaves de ortognaisse migmatíticos da unidade Mombaça.  . Idade U-Pb = 619 ± 92Ma.","area_km2":31.59},"geometry":{"type":"Polygon","coordinates":[[[-37.05493,-6.88501],[-37.09197,-6.91761],[-37.10625,-6.92509],[-37.12585,-6.93192],[-37.16865,-6.93843],[-37.11589,-6.89306],[-37.10025,-6.88228],[-37.087,-6.88076],[-37.05493,-6.88501]]]}},{"type":"Feature","properties":{"SIGLA":"NP3_gamma_2it45","NOME":"Corpo Plúton Sem Denominação","LITOTIPOS":"Diorito, Granito, Granodiorito, Monzonito","AMBIENTE_TECTONICO":null,"ERA_MIN":"Neoproterozóico","ERA_MAX":"Neoproterozóico","IDADE_MIN":541.1,"IDADE_MAX":635.0,"LEGENDA":"Granito, granodiorito, monzogranito e sienogranito equigranulares médios a grossos a inequigranulares porfiríticos, com fenocristais subédricos a euédricos de K-feldspato (1cm a 7cm) e de plagioclásio (0,5cm a 1cm). Associados a diorito e a fases intermediárias de mistura, com ou sem epidoto magmático. Suíte metaluminosa a levemente peraluminosa, calcialcalina de alto K e levemente shorshonítica. 580 Ma U-Pb.","area_km2":24.14},"geometry":{"type":"Polygon","coordinates":[[[-37.04082,-6.87305],[-37.01669,-6.84736],[-37.00433,-6.84628],[-36.99932,-6.84803],[-36.99718,-6.85317],[-37.00762,-6.87057],[-37.00729,-6.87358],[-36.99542,-6.86551],[-36.99319,-6.86471],[-36.99172,-6.86717],[-36.99491,-6.87349],[-37.02553,-6.89951],[-37.03195,-6.90933],[-37.03519,-6.91979],[-37.03913,-6.9197],[-37.0459,-6.92393],[-37.04753,-6.91873],[-37.04104,-6.90069],[-37.04988,-6.90724],[-37.03645,-6.89032],[-37.03797,-6.88938],[-37.0454,-6.89623],[-37.04673,-6.89147],[-37.04986,-6.89573],[-37.05103,-6.89467],[-37.04082,-6.87305]]]}},{"type":"Feature","properties":{"SIGLA":"NP3_delta_2","NOME":"Suíte Máfica a intermediária","LITOTIPOS":"Diorito, Gabro, Gabronorito, Granodiorito, Monzodiorito, Quartzo diorito, Tonalito","AMBIENTE_TECTONICO":null,"ERA_MIN":"Neoproterozóico","ERA_MAX":"Neoproterozóico","IDADE_MIN":541.1,"IDADE_MAX":635.0,"LEGENDA":"Gabro, gabro norito, diorito, monzo e quartzo diorito, quartzo monzonito e granodiorito, finos a médios, de afinidade subalcalina, cálcio-alcalino e shoshonítica. Localmente com enclaves de ortognaisse migmatíticos da unidade Mombaça.  . Idade U-Pb = 619 ± 92Ma.","area_km2":5.83},"geometry":{"type":"Polygon","coordinates":[[[-37.26626,-6.89319],[-37.23085,-6.86489],[-37.22618,-6.86721],[-37.22381,-6.87378],[-37.22724,-6.88235],[-37.25195,-6.89212],[-37.26626,-6.89319]]]}},{"type":"Feature","properties":{"SIGLA":"NP3_gamma_2it45","NOME":"Corpo Plúton Sem Denominação","LITOTIPOS":"Diorito, Granito, Granodiorito, Monzonito","AMBIENTE_TECTONICO":null,"ERA_MIN":"Neoproterozóico","ERA_MAX":"Neoproterozóico","IDADE_MIN":541.1,"IDADE_MAX":635.0,"LEGENDA":"Granito, granodiorito, monzogranito e sienogranito equigranulares médios a grossos a inequigranulares porfiríticos, com fenocristais subédricos a euédricos de K-feldspato (1cm a 7cm) e de plagioclásio (0,5cm a 1cm). Associados a diorito e a fases intermediárias de mistura, com ou sem epidoto magmático. Suíte metaluminosa a levemente peraluminosa, calcialcalina de alto K e levemente shorshonítica. 580 Ma U-Pb.","area_km2":20.57},"geometry":{"type":"Polygon","coordinates":[[[-37.08204,-6.86977],[-37.08514,-6.86138],[-37.07217,-6.83828],[-37.04577,-6.81587],[-37.02637,-6.80377],[-37.00878,-6.79606],[-37.02189,-6.81779],[-37.04166,-6.84261],[-37.07069,-6.86539],[-37.08204,-6.86977]]]}},{"type":"Feature","properties":{"SIGLA":"PP34_gamma_pc","NOME":"Suíte Poço da Cruz","LITOTIPOS":"Metagranito, Metamonzonito","AMBIENTE_TECTONICO":null,"ERA_MIN":"Paleoproterozóico","ERA_MAX":"Paleoproterozóico","IDADE_MIN":1600.1,"IDADE_MAX":2050.0,"LEGENDA":"Biotita augen gnaisse de composição granítica a granodiorítica, de coloração cinza-claro; leuco ortognaisse quartzo monzonítico a granítico.","area_km2":61.08},"geometry":{"type":"Polygon","coordinates":[[[-37.2415,-6.8206],[-37.25723,-6.84135],[-37.27636,-6.87629],[-37.29883,-6.8944],[-37.3137,-6.90057],[-37.32265,-6.90117],[-37.32253,-6.89407],[-37.30885,-6.87876],[-37.29993,-6.86327],[-37.30061,-6.85527],[-37.2968,-6.8539],[-37.2932,-6.84653],[-37.2892,-6.82569],[-37.29062,-6.82402],[-37.28659,-6.8134],[-37.28598,-6.78278],[-37.29612,-6.7452],[-37.29382,-6.74443],[-37.2969,-6.7429],[-37.29874,-6.73549],[-37.29792,-6.72746],[-37.29086,-6.72727],[-37.28464,-6.73093],[-37.27764,-6.74059],[-37.26833,-6.74825],[-37.2694,-6.762],[-37.2739,-6.7668],[-37.2579,-6.7795],[-37.2606,-6.7874],[-37.2552,-6.7994],[-37.2551,-6.8111],[-37.2415,-6.8206]]]}},{"type":"Feature","properties":{"SIGLA":"NP3_gamma_i","NOME":"Corpo Granitoides indiscriminados brasilianos","LITOTIPOS":"Biotita granito, Granito pórfiro, Granitoide, Granodiorito, Metagranito, Monzogranito, Quartzo diorito, Quartzo monzonito, Sienogranito, Tonalito","AMBIENTE_TECTONICO":null,"ERA_MIN":"Neoproterozóico","ERA_MAX":"Neoproterozóico","IDADE_MIN":541.1,"IDADE_MAX":635.0,"LEGENDA":"Granitoides de composição petrográfica diversa e quimismo não determinado. Granitoides cinzentos, geralmente de granulometria média a grossa (fácies porfirítica subordinada), de composição granítica dominante, em parte com enclaves dioríticos, em jazimentos individualizados ou intrusivos, de foliação incipiente, alguns gnaissificados e fortemente milonitizados. Monzogranito, granodiorito, tonalito e sienogranito cinza claro a róseo, com granulação fina, foliação definida pela orientação preferencial da biotita; possuem xenólitos; Sienito isotrópico fino a médio, inequigranular e porfirítico.; Hornblenda -biotita diorito e monzodiorito inequigranular fino, foliado, de coloração cinza escura, com enclaves microgranulares e clots de biotita; Biotita metaquartzo sienito a granito peraluminoso, metagranito com biotita metaluminoso e hiperstênio-hornblenda metatonalito. Localmente, exibem foliação magmática; Também ocorrem quartzo diorito, granodiorito, tonalito e quartzo monzonito fortemente milonitizados. Também ocorrem quartzo diorito, granodiorito, tonalito e quartzo monzonito.","area_km2":57.85},"geometry":{"type":"Polygon","coordinates":[[[-37.67107,-6.94658],[-37.67249,-6.95277],[-37.67706,-6.9572],[-37.70058,-6.97015],[-37.76003,-6.98145],[-37.77362,-6.98645],[-37.78194,-6.98545],[-37.79773,-6.97853],[-37.82608,-6.97649],[-37.83881,-6.97093],[-37.84156,-6.9668],[-37.83745,-6.95962],[-37.82961,-6.95412],[-37.7951,-6.94686],[-37.71409,-6.94631],[-37.68987,-6.94168],[-37.67345,-6.94377],[-37.67107,-6.94658]]]}},{"type":"Feature","properties":{"SIGLA":"PP2_gamma_v","NOME":"Suíte Várzea Alegre","LITOTIPOS":"Ortognaisse","AMBIENTE_TECTONICO":null,"ERA_MIN":"Paleoproterozóico","ERA_MAX":"Paleoproterozóico","IDADE_MIN":2050.1,"IDADE_MAX":2300.0,"LEGENDA":"Ortognaisses porfiríticos, de composições granodiorítica a tonalítica, com níveis máficos, geralmente centimétricos, às vezes migmatizados, e normalmente milonitizados.","area_km2":2351.4},"geometry":{"type":"Polygon","coordinates":[[[-36.82286,-6.74359],[-36.83294,-6.76067],[-36.86405,-6.79721],[-36.87677,-6.80481],[-36.87355,-6.81059],[-36.87796,-6.81806],[-36.8975,-6.83736],[-36.88767,-6.82004],[-36.89008,-6.81611],[-36.91143,-6.83626],[-36.91719,-6.8499],[-36.92483,-6.85668],[-36.92575,-6.8679],[-36.93202,-6.87878],[-36.94143,-6.88865],[-36.94645,-6.90352],[-36.95757,-6.91251],[-36.9658,-6.9319],[-36.97555,-6.94398],[-36.97855,-6.95993],[-36.98837,-6.97621],[-36.9846,-6.99603],[-36.97449,-6.99334],[-36.95347,-6.96846],[-36.94665,-6.96688],[-36.9661,-6.99786],[-36.98067,-7.008],[-36.99375,-7.01361],[-37.03622,-7.01732],[-37.07109,-7.03147],[-37.06921,-7.03568],[-37.06564,-7.03668],[-37.04017,-7.03938],[-37.02968,-7.04367],[-36.99305,-7.05133],[-36.99256,-7.05804],[-36.99673,-7.06147],[-37.02637,-7.07008],[-37.02221,-7.07443],[-36.99304,-7.07834],[-36.99302,-7.08165],[-36.99994,-7.08374],[-37.11639,-7.08592],[-37.14098,-7.08184],[-37.1655,-7.07536],[-37.20165,-7.06168],[-37.2377,-7.05422],[-37.34635,-7.04394],[-37.44569,-7.0445],[-37.48879,-7.04142],[-37.51707,-7.03645],[-37.5639,-7.0211],[-37.50368,-7.02061],[-37.25679,-7.02852],[-37.18679,-7.02523],[-37.15694,-7.02737],[-37.15984,-7.03113],[-37.17586,-7.03443],[-37.17279,-7.03595],[-37.14888,-7.03083],[-37.13324,-7.03448],[-37.07929,-7.02693],[-37.12641,-7.02533],[-37.10765,-7.02175],[-37.08327,-7.0213],[-37.07949,-7.01882],[-37.09712,-7.01431],[-37.11859,-7.01514],[-37.1361,-7.01163],[-37.14226,-7.0178],[-37.15817,-7.01626],[-37.1898,-7.02028],[-37.25268,-7.01244],[-37.33837,-6.99367],[-37.44292,-6.98719],[-37.41018,-6.97787],[-37.39106,-6.96815],[-37.44436,-6.97589],[-37.47215,-6.96883],[-37.48439,-6.96831],[-37.53025,-6.98028],[-37.58168,-6.9756],[-37.64332,-6.97936],[-37.65804,-6.99012],[-37.67096,-7.00357],[-37.68645,-7.00883],[-37.70753,-7.01106],[-37.75864,-7.00777],[-37.78597,-7.0007],[-37.81266,-6.99771],[-37.87348,-7.00033],[-37.94077,-7.00792],[-38.02188,-7.00655],[-38.07868,-7.00122],[-38.12522,-6.99074],[-38.17686,-6.97014],[-38.23828,-6.95405],[-38.33285,-6.94972],[-38.3828,-6.94383],[-38.46734,-6.92198],[-38.53833,-6.91148],[-38.57882,-6.90303],[-38.63075,-6.88868],[-38.67367,-6.84968],[-38.6717,-6.8471],[-38.6729,-6.8361],[-38.6679,-6.828],[-38.6519,-6.8117],[-38.6356,-6.8006],[-38.6391,-6.7929],[-38.6269,-6.7908],[-38.59833,-6.80005],[-38.60179,-6.79982],[-38.60205,-6.80362],[-38.59036,-6.80332],[-38.551,-6.81887],[-38.45835,-6.83975],[-38.45029,-6.83894],[-38.44847,-6.84401],[-38.44482,-6.84612],[-38.43465,-6.84279],[-38.42712,-6.84345],[-38.42071,-6.84702],[-38.41158,-6.84219],[-38.40202,-6.8467],[-38.3958,-6.84698],[-38.38746,-6.84612],[-38.38347,-6.84222],[-38.34791,-6.84015],[-38.34291,-6.83627],[-38.33336,-6.83503],[-38.32441,-6.83693],[-38.32469,-6.8453],[-38.33306,-6.84732],[-38.33484,-6.85287],[-38.34211,-6.85631],[-38.33684,-6.86802],[-38.333,-6.86589],[-38.3338,-6.8612],[-38.32994,-6.85169],[-38.32462,-6.85084],[-38.32365,-6.85698],[-38.31931,-6.8467],[-38.31304,-6.83916],[-38.30711,-6.83675],[-38.30292,-6.84399],[-38.29766,-6.84727],[-38.24383,-6.84814],[-38.23479,-6.84702],[-38.22556,-6.83712],[-38.188,-6.8368],[-38.18167,-6.84101],[-38.16754,-6.8418],[-38.14287,-6.83627],[-38.13878,-6.83254],[-38.10915,-6.82963],[-38.10763,-6.83464],[-38.1037,-6.82969],[-38.06331,-6.83004],[-38.06001,-6.83482],[-38.05531,-6.83591],[-38.04214,-6.83081],[-38.00661,-6.83837],[-38.0032,-6.83348],[-37.97345,-6.83642],[-37.9173,-6.84428],[-37.84087,-6.86011],[-37.88128,-6.89633],[-37.88513,-6.90276],[-37.88249,-6.90642],[-37.88251,-6.91241],[-37.89525,-6.92129],[-37.89703,-6.9313],[-37.92438,-6.94662],[-37.94539,-6.9528],[-37.9485,-6.95618],[-37.95088,-6.9684],[-37.96591,-6.97893],[-37.9745,-6.98069],[-37.98473,-6.97934],[-37.97599,-6.98664],[-37.96789,-6.98776],[-37.96502,-6.99649],[-37.97473,-7.00278],[-37.96843,-7.00448],[-37.96217,-7.0034],[-37.95874,-6.99776],[-37.94729,-7.00303],[-37.94957,-6.99287],[-37.95643,-6.98825],[-37.95543,-6.98169],[-37.94307,-6.97352],[-37.93717,-6.95975],[-37.92238,-6.95611],[-37.90404,-6.94743],[-37.88713,-6.93554],[-37.88461,-6.92904],[-37.88614,-6.92507],[-37.87164,-6.91463],[-37.87326,-6.9025],[-37.86864,-6.89537],[-37.85269,-6.89041],[-37.84735,-6.87485],[-37.83556,-6.86949],[-37.83311,-6.86295],[-37.78448,-6.87452],[-37.63218,-6.92097],[-37.58935,-6.92494],[-37.59645,-6.94105],[-37.5889,-6.94378],[-37.58496,-6.94108],[-37.58382,-6.93427],[-37.57069,-6.93572],[-37.56223,-6.93138],[-37.57918,-6.92632],[-37.56538,-6.92552],[-37.39096,-6.94108],[-37.27318,-6.94502],[-37.2159,-6.94384],[-37.14772,-6.93587],[-37.12585,-6.93192],[-37.09197,-6.91761],[-37.04082,-6.87305],[-37.05103,-6.89467],[-37.04986,-6.89573],[-37.04673,-6.89147],[-37.0454,-6.89623],[-37.03797,-6.88938],[-37.03645,-6.89032],[-37.04988,-6.90724],[-37.04104,-6.90069],[-37.04804,-6.92149],[-37.04409,-6.92363],[-37.03913,-6.9197],[-37.03519,-6.91979],[-37.03195,-6.90933],[-37.02553,-6.89951],[-36.99264,-6.87043],[-36.99319,-6.86471],[-37.00729,-6.87358],[-37.00691,-6.86922],[-36.99839,-6.85684],[-36.99741,-6.85074],[-37.00433,-6.84628],[-37.01669,-6.84736],[-36.95769,-6.78836],[-36.9571,-6.7905],[-36.9373,-6.7726],[-36.9102,-6.7569],[-36.8743,-6.7432],[-36.85648,-6.73771],[-36.86972,-6.76051],[-36.87124,-6.76643],[-36.86893,-6.76707],[-36.85368,-6.76149],[-36.83796,-6.74742],[-36.83347,-6.7363],[-36.8383,-6.7352],[-36.83893,-6.73231],[-36.835,-6.7311],[-36.82286,-6.74359]],[[-37.67345,-6.94377],[-37.68987,-6.94168],[-37.71409,-6.94631],[-37.7971,-6.94713],[-37.82961,-6.95412],[-37.83745,-6.95962],[-37.84156,-6.9668],[-37.83881,-6.97093],[-37.82608,-6.97649],[-37.79773,-6.97853],[-37.78194,-6.98545],[-37.77362,-6.98645],[-37.76003,-6.98145],[-37.70058,-6.97015],[-37.67448,-6.95513],[-37.67086,-6.9482],[-37.67345,-6.94377]],[[-37.93843,-6.87816],[-38.0418,-6.87714],[-38.04481,-6.88066],[-38.03248,-6.88349],[-38.03071,-6.89558],[-38.00773,-6.89781],[-37.94476,-6.88174],[-37.93843,-6.87816]],[[-37.03501,-7.04152],[-37.07572,-7.04042],[-37.08377,-7.04875],[-37.08602,-7.05978],[-37.0782,-7.05975],[-37.06971,-7.0633],[-37.06285,-7.05279],[-37.04234,-7.05102],[-37.03366,-7.04524],[-37.03501,-7.04152]],[[-37.10517,-7.05159],[-37.10597,-7.04903],[-37.11361,-7.04729],[-37.13379,-7.05601],[-37.16263,-7.0571],[-37.13213,-7.06154],[-37.11408,-7.05766],[-37.11181,-7.05922],[-37.11352,-7.0632],[-37.11112,-7.06582],[-37.11209,-7.07044],[-37.10728,-7.0739],[-37.10653,-7.07006],[-37.09691,-7.06406],[-37.10025,-7.05901],[-37.09781,-7.0544],[-37.10517,-7.05159]],[[-37.7852,-6.8793],[-37.8044,-6.876],[-37.7755,-6.8813],[-37.7852,-6.8793]]]}},{"type":"Feature","properties":{"SIGLA":"NP3_gamma_i","NOME":"Corpo Granitoides indiscriminados brasilianos","LITOTIPOS":"Biotita granito, Granito pórfiro, Granitoide, Granodiorito, Metagranito, Monzogranito, Quartzo diorito, Quartzo monzonito, Sienogranito, Tonalito","AMBIENTE_TECTONICO":null,"ERA_MIN":"Neoproterozóico","ERA_MAX":"Neoproterozóico","IDADE_MIN":541.1,"IDADE_MAX":635.0,"LEGENDA":"Granitoides de composição petrográfica diversa e quimismo não determinado. Granitoides cinzentos, geralmente de granulometria média a grossa (fácies porfirítica subordinada), de composição granítica dominante, em parte com enclaves dioríticos, em jazimentos individualizados ou intrusivos, de foliação incipiente, alguns gnaissificados e fortemente milonitizados. Monzogranito, granodiorito, tonalito e sienogranito cinza claro a róseo, com granulação fina, foliação definida pela orientação preferencial da biotita; possuem xenólitos; Sienito isotrópico fino a médio, inequigranular e porfirítico.; Hornblenda -biotita diorito e monzodiorito inequigranular fino, foliado, de coloração cinza escura, com enclaves microgranulares e clots de biotita; Biotita metaquartzo sienito a granito peraluminoso, metagranito com biotita metaluminoso e hiperstênio-hornblenda metatonalito. Localmente, exibem foliação magmática; Também ocorrem quartzo diorito, granodiorito, tonalito e quartzo monzonito fortemente milonitizados. Também ocorrem quartzo diorito, granodiorito, tonalito e quartzo monzonito.","area_km2":16.9},"geometry":{"type":"Polygon","coordinates":[[[-38.03819,-6.87589],[-38.01805,-6.87607],[-37.93843,-6.87816],[-37.94476,-6.88174],[-38.00773,-6.89781],[-38.02976,-6.89612],[-38.03213,-6.89281],[-38.03248,-6.88349],[-38.04481,-6.88066],[-38.03819,-6.87589]]]}},{"type":"Feature","properties":{"SIGLA":"PP2cai2","NOME":"Unidade Caicó - ortognaisse","LITOTIPOS":"Augen gnaisse, Metagranito, Migmatito, Ortognaisse granodiorítico","AMBIENTE_TECTONICO":null,"ERA_MIN":"Paleoproterozóico","ERA_MAX":"Paleoproterozóico","IDADE_MIN":2050.1,"IDADE_MAX":2300.0,"LEGENDA":"Ortognaisse diorítico a granítico com restos de supracrustais","area_km2":6.37},"geometry":{"type":"Polygon","coordinates":[[[-37.86979,-6.85374],[-37.85614,-6.84031],[-37.84569,-6.82353],[-37.83292,-6.81056],[-37.84262,-6.82692],[-37.84358,-6.83256],[-37.84207,-6.84019],[-37.84444,-6.85128],[-37.84087,-6.86011],[-37.86979,-6.85374]]]}},{"type":"Feature","properties":{"SIGLA":"NP3_delta_2","NOME":"Suíte Máfica a intermediária","LITOTIPOS":"Diorito, Gabro, Gabronorito, Granodiorito, Monzodiorito, Quartzo diorito, Tonalito","AMBIENTE_TECTONICO":null,"ERA_MIN":"Neoproterozóico","ERA_MAX":"Neoproterozóico","IDADE_MIN":541.1,"IDADE_MAX":635.0,"LEGENDA":"Gabro, gabro norito, diorito, monzo e quartzo diorito, quartzo monzonito e granodiorito, finos a médios, de afinidade subalcalina, cálcio-alcalino e shoshonítica. Localmente com enclaves de ortognaisse migmatíticos da unidade Mombaça.  . Idade U-Pb = 619 ± 92Ma.","area_km2":4.94},"geometry":{"type":"Polygon","coordinates":[[[-37.74568,-6.8413],[-37.74895,-6.83623],[-37.74531,-6.82513],[-37.73323,-6.81101],[-37.7244,-6.80739],[-37.72394,-6.81499],[-37.7326,-6.83103],[-37.73947,-6.83932],[-37.74568,-6.8413]]]}},{"type":"Feature","properties":{"SIGLA":"K1an","NOME":"Formação Antenor Navarro","LITOTIPOS":"Arenito, Arenito arcoseano, Conglomerado, Conglomerado polimítico","AMBIENTE_TECTONICO":null,"ERA_MIN":"Mesozóico","ERA_MAX":"Mesozóico","IDADE_MIN":100.6,"IDADE_MAX":145.0,"LEGENDA":"Arenitos grossos amarelados, conglomeráticos, acamamento médio a grosso, com estratificação cruzada; conglomerados quartzosos e polimíticos (por vezes com fragmentos atingindo 1,5 metro de diâmetro/comprimento); arenitos finos a médios, vermelhos e bem acamados. Leque aluvial e fluvial entrelaçado.","area_km2":1.39},"geometry":{"type":"Polygon","coordinates":[[[-37.93952,-6.81487],[-37.97036,-6.82639],[-37.98515,-6.82946],[-37.96799,-6.8218],[-37.96317,-6.82202],[-37.95851,-6.81818],[-37.94511,-6.81407],[-37.93952,-6.81487]]]}},{"type":"Feature","properties":{"SIGLA":"PP2cai2","NOME":"Unidade Caicó - ortognaisse","LITOTIPOS":"Augen gnaisse, Metagranito, Migmatito, Ortognaisse granodiorítico","AMBIENTE_TECTONICO":null,"ERA_MIN":"Paleoproterozóico","ERA_MAX":"Paleoproterozóico","IDADE_MIN":2050.1,"IDADE_MAX":2300.0,"LEGENDA":"Ortognaisse diorítico a granítico com restos de supracrustais","area_km2":41.05},"geometry":{"type":"Polygon","coordinates":[[[-37.92192,-6.84366],[-37.99703,-6.83467],[-37.93952,-6.81487],[-37.9371,-6.81923],[-37.93838,-6.82509],[-37.93263,-6.82768],[-37.93264,-6.81081],[-37.8948,-6.79215],[-37.88395,-6.79614],[-37.87734,-6.79467],[-37.86238,-6.78349],[-37.85702,-6.77477],[-37.85587,-6.78613],[-37.8648,-6.80964],[-37.87237,-6.81212],[-37.88809,-6.82782],[-37.91095,-6.84214],[-37.92192,-6.84366]]]}},{"type":"Feature","properties":{"SIGLA":"K1an","NOME":"Formação Antenor Navarro","LITOTIPOS":"Arenito, Arenito arcoseano, Conglomerado, Conglomerado polimítico","AMBIENTE_TECTONICO":null,"ERA_MIN":"Mesozóico","ERA_MAX":"Mesozóico","IDADE_MIN":100.6,"IDADE_MAX":145.0,"LEGENDA":"Arenitos grossos amarelados, conglomeráticos, acamamento médio a grosso, com estratificação cruzada; conglomerados quartzosos e polimíticos (por vezes com fragmentos atingindo 1,5 metro de diâmetro/comprimento); arenitos finos a médios, vermelhos e bem acamados. Leque aluvial e fluvial entrelaçado.","area_km2":1.54},"geometry":{"type":"Polygon","coordinates":[[[-37.93035,-6.80663],[-37.92093,-6.80204],[-37.91036,-6.79291],[-37.90245,-6.79422],[-37.8948,-6.79215],[-37.93264,-6.81081],[-37.93035,-6.80663]]]}},{"type":"Feature","properties":{"SIGLA":"NP3_gamma_2it9","NOME":"Corpo Plúton Pombal","LITOTIPOS":"Diorito, Granito, Granodiorito, Monzonito","AMBIENTE_TECTONICO":null,"ERA_MIN":"Neoproterozóico","ERA_MAX":"Neoproterozóico","IDADE_MIN":541.1,"IDADE_MAX":635.0,"LEGENDA":"Granito e granodiorito grosso e porfirítico associados a diorito e a fases intermediárias de mistura, com ou sem epidoto magmático, calcialcalinos de alto K ","area_km2":43.92},"geometry":{"type":"Polygon","coordinates":[[[-37.83868,-6.81534],[-37.85614,-6.84031],[-37.86979,-6.85374],[-37.9173,-6.84428],[-37.88964,-6.82892],[-37.87237,-6.81212],[-37.8648,-6.80964],[-37.85587,-6.78613],[-37.85702,-6.77477],[-37.84851,-6.77199],[-37.84637,-6.77486],[-37.84347,-6.76852],[-37.81765,-6.75098],[-37.81637,-6.74594],[-37.81181,-6.74696],[-37.81697,-6.76776],[-37.81496,-6.77704],[-37.82655,-6.80471],[-37.83868,-6.81534]]]}},{"type":"Feature","properties":{"SIGLA":"K1an","NOME":"Formação Antenor Navarro","LITOTIPOS":"Arenito, Arenito arcoseano, Conglomerado, Conglomerado polimítico","AMBIENTE_TECTONICO":null,"ERA_MIN":"Mesozóico","ERA_MAX":"Mesozóico","IDADE_MIN":100.6,"IDADE_MAX":145.0,"LEGENDA":"Arenitos grossos amarelados, conglomeráticos, acamamento médio a grosso, com estratificação cruzada; conglomerados quartzosos e polimíticos (por vezes com fragmentos atingindo 1,5 metro de diâmetro/comprimento); arenitos finos a médios, vermelhos e bem acamados. Leque aluvial e fluvial entrelaçado.","area_km2":0.26},"geometry":{"type":"Polygon","coordinates":[[[-37.85702,-6.77477],[-37.85328,-6.76853],[-37.84851,-6.77199],[-37.85702,-6.77477]]]}},{"type":"Feature","properties":{"SIGLA":"NP3_gamma_2it45","NOME":"Corpo Plúton Sem Denominação","LITOTIPOS":"Diorito, Granito, Granodiorito, Monzonito","AMBIENTE_TECTONICO":null,"ERA_MIN":"Neoproterozóico","ERA_MAX":"Neoproterozóico","IDADE_MIN":541.1,"IDADE_MAX":635.0,"LEGENDA":"Granito, granodiorito, monzogranito e sienogranito equigranulares médios a grossos a inequigranulares porfiríticos, com fenocristais subédricos a euédricos de K-feldspato (1cm a 7cm) e de plagioclásio (0,5cm a 1cm). Associados a diorito e a fases intermediárias de mistura, com ou sem epidoto magmático. Suíte metaluminosa a levemente peraluminosa, calcialcalina de alto K e levemente shorshonítica. 580 Ma U-Pb.","area_km2":19.57},"geometry":{"type":"Polygon","coordinates":[[[-37.41415,-6.8269],[-37.42259,-6.88525],[-37.42608,-6.88825],[-37.43031,-6.88545],[-37.44549,-6.85452],[-37.44536,-6.83138],[-37.43927,-6.80638],[-37.43521,-6.80745],[-37.43024,-6.82047],[-37.42413,-6.82462],[-37.41415,-6.8269]]]}},{"type":"Feature","properties":{"SIGLA":"NP3_delta_2","NOME":"Suíte Máfica a intermediária","LITOTIPOS":"Diorito, Gabro, Gabronorito, Granodiorito, Monzodiorito, Quartzo diorito, Tonalito","AMBIENTE_TECTONICO":null,"ERA_MIN":"Neoproterozóico","ERA_MAX":"Neoproterozóico","IDADE_MIN":541.1,"IDADE_MAX":635.0,"LEGENDA":"Gabro, gabro norito, diorito, monzo e quartzo diorito, quartzo monzonito e granodiorito, finos a médios, de afinidade subalcalina, cálcio-alcalino e shoshonítica. Localmente com enclaves de ortognaisse migmatíticos da unidade Mombaça.  . Idade U-Pb = 619 ± 92Ma.","area_km2":49.63},"geometry":{"type":"Polygon","coordinates":[[[-37.35808,-6.74859],[-37.35058,-6.77629],[-37.35186,-6.78805],[-37.34937,-6.83625],[-37.35607,-6.83383],[-37.36557,-6.82548],[-37.37987,-6.8241],[-37.39137,-6.84686],[-37.39634,-6.85167],[-37.39545,-6.85903],[-37.40205,-6.86015],[-37.40309,-6.85457],[-37.40574,-6.8529],[-37.39645,-6.84177],[-37.39596,-6.82567],[-37.39902,-6.81723],[-37.40946,-6.80574],[-37.40354,-6.76995],[-37.39859,-6.76542],[-37.39303,-6.76692],[-37.38559,-6.77456],[-37.38419,-6.78508],[-37.37943,-6.78822],[-37.36603,-6.78214],[-37.3678,-6.77719],[-37.36561,-6.77397],[-37.39365,-6.76021],[-37.40095,-6.75386],[-37.40094,-6.74933],[-37.39556,-6.74518],[-37.38293,-6.74487],[-37.35808,-6.74859]]]}},{"type":"Feature","properties":{"SIGLA":"PP2cai2","NOME":"Unidade Caicó - ortognaisse","LITOTIPOS":"Augen gnaisse, Metagranito, Migmatito, Ortognaisse granodiorítico","AMBIENTE_TECTONICO":null,"ERA_MIN":"Paleoproterozóico","ERA_MAX":"Paleoproterozóico","IDADE_MIN":2050.1,"IDADE_MAX":2300.0,"LEGENDA":"Ortognaisse diorítico a granítico com restos de supracrustais","area_km2":310.71},"geometry":{"type":"Polygon","coordinates":[[[-37.65813,-6.66518],[-37.66166,-6.68264],[-37.65541,-6.69205],[-37.65668,-6.69698],[-37.66765,-6.71816],[-37.66861,-6.72753],[-37.68949,-6.74479],[-37.69735,-6.75746],[-37.70821,-6.79837],[-37.70727,-6.81249],[-37.71169,-6.82174],[-37.71176,-6.82847],[-37.70511,-6.83486],[-37.70283,-6.84146],[-37.70129,-6.83533],[-37.70322,-6.81123],[-37.69931,-6.79019],[-37.69186,-6.77092],[-37.68811,-6.76812],[-37.68251,-6.77006],[-37.68395,-6.75981],[-37.68196,-6.75421],[-37.66177,-6.73777],[-37.66108,-6.74566],[-37.66734,-6.76531],[-37.6685,-6.77701],[-37.67972,-6.80003],[-37.67841,-6.80497],[-37.67086,-6.80708],[-37.66863,-6.78901],[-37.65529,-6.77042],[-37.65076,-6.75248],[-37.64121,-6.75029],[-37.63823,-6.75189],[-37.63338,-6.76081],[-37.63612,-6.76867],[-37.62846,-6.77725],[-37.62935,-6.78046],[-37.63822,-6.78441],[-37.64057,-6.78812],[-37.63493,-6.81944],[-37.63491,-6.83697],[-37.63965,-6.84874],[-37.65125,-6.85935],[-37.65577,-6.86702],[-37.66985,-6.87554],[-37.67289,-6.88189],[-37.66752,-6.88181],[-37.65264,-6.8734],[-37.64881,-6.86749],[-37.63866,-6.85996],[-37.63165,-6.84912],[-37.61741,-6.87932],[-37.62028,-6.887],[-37.62664,-6.89326],[-37.62396,-6.89407],[-37.61396,-6.88735],[-37.61113,-6.89411],[-37.60766,-6.87998],[-37.62741,-6.84826],[-37.62659,-6.827],[-37.62195,-6.83938],[-37.61081,-6.84899],[-37.60736,-6.85779],[-37.60084,-6.86351],[-37.5961,-6.87517],[-37.59414,-6.89549],[-37.595,-6.90863],[-37.59752,-6.91249],[-37.59246,-6.91392],[-37.59287,-6.91755],[-37.58973,-6.92099],[-37.59214,-6.92342],[-37.58935,-6.92494],[-37.63218,-6.92097],[-37.78448,-6.87452],[-37.83311,-6.86295],[-37.83082,-6.85832],[-37.83151,-6.84848],[-37.83772,-6.83436],[-37.83357,-6.82591],[-37.82056,-6.81136],[-37.81745,-6.80393],[-37.79996,-6.80422],[-37.7656,-6.81741],[-37.74408,-6.8142],[-37.73331,-6.80577],[-37.72873,-6.79094],[-37.71402,-6.77377],[-37.70422,-6.74924],[-37.70677,-6.74601],[-37.71169,-6.75235],[-37.71525,-6.75206],[-37.71627,-6.74377],[-37.72599,-6.73569],[-37.7255,-6.72888],[-37.71584,-6.72308],[-37.71456,-6.72],[-37.71825,-6.71143],[-37.72813,-6.70401],[-37.72654,-6.69868],[-37.71374,-6.68726],[-37.69951,-6.68323],[-37.66859,-6.66252],[-37.66349,-6.66175],[-37.65813,-6.66518]],[[-37.74053,-6.84006],[-37.72501,-6.81753],[-37.7244,-6.80739],[-37.73323,-6.81101],[-37.74615,-6.82653],[-37.74844,-6.83963],[-37.74568,-6.8413],[-37.74053,-6.84006]]]}},{"type":"Feature","properties":{"SIGLA":"PP2cai2","NOME":"Unidade Caicó - ortognaisse","LITOTIPOS":"Augen gnaisse, Metagranito, Migmatito, Ortognaisse granodiorítico","AMBIENTE_TECTONICO":null,"ERA_MIN":"Paleoproterozóico","ERA_MAX":"Paleoproterozóico","IDADE_MIN":2050.1,"IDADE_MAX":2300.0,"LEGENDA":"Ortognaisse diorítico a granítico com restos de supracrustais","area_km2":112.62},"geometry":{"type":"Polygon","coordinates":[[[-37.57556,-6.8213],[-37.58411,-6.82007],[-37.58857,-6.81081],[-37.58728,-6.8024],[-37.58977,-6.79791],[-37.59679,-6.8026],[-37.60608,-6.79662],[-37.61597,-6.78182],[-37.62347,-6.75494],[-37.62897,-6.74559],[-37.6401,-6.7365],[-37.64044,-6.72758],[-37.64645,-6.7219],[-37.64344,-6.71831],[-37.64408,-6.71233],[-37.65049,-6.71949],[-37.65418,-6.71429],[-37.64957,-6.70308],[-37.6397,-6.69507],[-37.6383,-6.69093],[-37.64295,-6.68322],[-37.63078,-6.661],[-37.62928,-6.67132],[-37.62241,-6.68692],[-37.61373,-6.68698],[-37.60549,-6.67414],[-37.60124,-6.67678],[-37.58935,-6.6778],[-37.57868,-6.68427],[-37.57355,-6.69637],[-37.56689,-6.70265],[-37.59555,-6.71469],[-37.60886,-6.73231],[-37.61137,-6.76073],[-37.60428,-6.78589],[-37.59675,-6.79121],[-37.58961,-6.7869],[-37.58375,-6.7794],[-37.56934,-6.74921],[-37.56493,-6.74644],[-37.5637,-6.75139],[-37.57028,-6.77464],[-37.56324,-6.78192],[-37.55962,-6.80442],[-37.5446,-6.8165],[-37.54306,-6.82035],[-37.55077,-6.83848],[-37.5791,-6.86772],[-37.5773,-6.8724],[-37.55507,-6.86775],[-37.54742,-6.86965],[-37.54478,-6.87819],[-37.54761,-6.88472],[-37.56889,-6.89937],[-37.58168,-6.90436],[-37.58795,-6.90409],[-37.58201,-6.89692],[-37.58246,-6.88482],[-37.57561,-6.88901],[-37.57261,-6.88547],[-37.5822,-6.87655],[-37.58737,-6.86211],[-37.61315,-6.83564],[-37.614,-6.82916],[-37.62461,-6.8069],[-37.62044,-6.79294],[-37.61394,-6.80249],[-37.59597,-6.81385],[-37.58247,-6.82993],[-37.57533,-6.83189],[-37.5751,-6.8441],[-37.5743,-6.82701],[-37.5758,-6.8068],[-37.57556,-6.8213]]]}},{"type":"Feature","properties":{"SIGLA":"NP3_gamma_3i","NOME":"Corpo Granitóides de quimismo indiscriminado","LITOTIPOS":"Granito, Granitoide","AMBIENTE_TECTONICO":null,"ERA_MIN":"Neoproterozóico","ERA_MAX":"Neoproterozóico","IDADE_MIN":541.1,"IDADE_MAX":635.0,"LEGENDA":"Granitóides diversos de quimismo indeterminado.","area_km2":9.68},"geometry":{"type":"Polygon","coordinates":[[[-37.47418,-6.80084],[-37.47843,-6.79672],[-37.47871,-6.79084],[-37.47246,-6.77624],[-37.45985,-6.76561],[-37.44216,-6.76001],[-37.44524,-6.77413],[-37.45221,-6.7873],[-37.46277,-6.79682],[-37.47418,-6.80084]]]}},{"type":"Feature","properties":{"SIGLA":"NP3_gamma_2it10","NOME":"Corpo Plúton São José de Espinharas","LITOTIPOS":"Diorito, Granito, Granodiorito, Monzonito","AMBIENTE_TECTONICO":null,"ERA_MIN":"Neoproterozóico","ERA_MAX":"Neoproterozóico","IDADE_MIN":541.1,"IDADE_MAX":635.0,"LEGENDA":"Granito e granodiorito grosso e porfirítico associados a diorito e a fases intermediárias de mistura, com ou sem epidoto magmático, calcialcalinos de alto K 544 Ma U-Pb ","area_km2":66.65},"geometry":{"type":"Polygon","coordinates":[[[-37.35968,-6.70118],[-37.36315,-6.70981],[-37.36404,-6.72254],[-37.35808,-6.74859],[-37.39075,-6.7447],[-37.3976,-6.74587],[-37.40137,-6.75054],[-37.40095,-6.75386],[-37.39365,-6.76021],[-37.36561,-6.77397],[-37.3678,-6.77719],[-37.36603,-6.78214],[-37.37943,-6.78822],[-37.38419,-6.78508],[-37.38559,-6.77456],[-37.39303,-6.76692],[-37.39859,-6.76542],[-37.40307,-6.76884],[-37.40961,-6.80456],[-37.39838,-6.81818],[-37.39596,-6.82567],[-37.39645,-6.84177],[-37.40345,-6.84934],[-37.4045,-6.82695],[-37.42829,-6.80096],[-37.43754,-6.78336],[-37.43925,-6.77006],[-37.43626,-6.74526],[-37.42065,-6.71766],[-37.40927,-6.70918],[-37.39236,-6.70045],[-37.35968,-6.70118]]]}},{"type":"Feature","properties":{"SIGLA":"PP34_gamma_pc","NOME":"Suíte Poço da Cruz","LITOTIPOS":"Metagranito, Metamonzonito","AMBIENTE_TECTONICO":null,"ERA_MIN":"Paleoproterozóico","ERA_MAX":"Paleoproterozóico","IDADE_MIN":1600.1,"IDADE_MAX":2050.0,"LEGENDA":"Biotita augen gnaisse de composição granítica a granodiorítica, de coloração cinza-claro; leuco ortognaisse quartzo monzonítico a granítico.","area_km2":519.46},"geometry":{"type":"MultiPolygon","coordinates":[[[[-37.42035,-6.53215],[-37.41802,-6.51961],[-37.41931,-6.50766],[-37.42381,-6.49639],[-37.43434,-6.48186],[-37.41157,-6.46114],[-37.39419,-6.4909],[-37.3958,-6.5101],[-37.4,-6.5195],[-37.4117,-6.5295],[-37.42035,-6.53215]]],[[[-37.39236,-6.70045],[-37.42065,-6.71766],[-37.43158,-6.73476],[-37.43707,-6.74881],[-37.43925,-6.77006],[-37.43754,-6.78336],[-37.42975,-6.79891],[-37.41609,-6.81371],[-37.41455,-6.81864],[-37.41415,-6.8269],[-37.42767,-6.82299],[-37.43735,-6.80624],[-37.43927,-6.80638],[-37.44259,-6.81499],[-37.44627,-6.84076],[-37.44549,-6.85452],[-37.43031,-6.88545],[-37.44065,-6.88468],[-37.44688,-6.89177],[-37.45223,-6.89455],[-37.45769,-6.89426],[-37.4636,-6.89851],[-37.46275,-6.88719],[-37.48208,-6.89848],[-37.48527,-6.89372],[-37.50819,-6.90179],[-37.54215,-6.90731],[-37.52585,-6.89843],[-37.48326,-6.88442],[-37.47095,-6.87566],[-37.4681,-6.87012],[-37.46723,-6.85961],[-37.47007,-6.84238],[-37.46839,-6.82543],[-37.47257,-6.82195],[-37.50403,-6.8471],[-37.51004,-6.85407],[-37.52148,-6.87691],[-37.53619,-6.89378],[-37.56296,-6.90818],[-37.57827,-6.90816],[-37.57754,-6.90637],[-37.58168,-6.90436],[-37.557,-6.89279],[-37.54761,-6.88472],[-37.54478,-6.87819],[-37.54742,-6.86965],[-37.55507,-6.86775],[-37.5773,-6.8724],[-37.5791,-6.86772],[-37.55077,-6.83848],[-37.54306,-6.82035],[-37.5446,-6.8165],[-37.55962,-6.80442],[-37.56324,-6.78192],[-37.57028,-6.77464],[-37.5637,-6.75139],[-37.56493,-6.74644],[-37.56934,-6.74921],[-37.58606,-6.78291],[-37.59675,-6.79121],[-37.60428,-6.78589],[-37.60869,-6.77457],[-37.61137,-6.76073],[-37.61059,-6.7379],[-37.59928,-6.71834],[-37.59323,-6.71326],[-37.56689,-6.70265],[-37.55266,-6.70349],[-37.54395,-6.69769],[-37.53863,-6.6921],[-37.53016,-6.673],[-37.53761,-6.65079],[-37.54841,-6.63487],[-37.5669,-6.61513],[-37.58276,-6.60539],[-37.59955,-6.61912],[-37.60761,-6.65933],[-37.60549,-6.67414],[-37.61373,-6.68698],[-37.62336,-6.68619],[-37.63078,-6.661],[-37.62126,-6.63418],[-37.62539,-6.61472],[-37.61765,-6.60264],[-37.5969,-6.58137],[-37.58881,-6.56977],[-37.57157,-6.55845],[-37.56915,-6.55971],[-37.56843,-6.56435],[-37.56332,-6.56212],[-37.52354,-6.54016],[-37.52086,-6.55085],[-37.51359,-6.56211],[-37.50661,-6.56825],[-37.49859,-6.56775],[-37.4932,-6.55976],[-37.4892,-6.54625],[-37.48878,-6.51599],[-37.47665,-6.50581],[-37.47058,-6.5129],[-37.46493,-6.51364],[-37.4678,-6.50738],[-37.46602,-6.49269],[-37.46299,-6.49756],[-37.46005,-6.49564],[-37.46115,-6.48909],[-37.45863,-6.48516],[-37.44263,-6.48452],[-37.43678,-6.50336],[-37.44214,-6.53337],[-37.46609,-6.53346],[-37.4737,-6.5376],[-37.4824,-6.5477],[-37.4819,-6.5572],[-37.4748,-6.5645],[-37.4786,-6.5782],[-37.4804,-6.6052],[-37.476,-6.6081],[-37.4745,-6.6179],[-37.4774,-6.6374],[-37.4764,-6.6448],[-37.4662,-6.66],[-37.4752,-6.6728],[-37.4709,-6.6795],[-37.4847,-6.71],[-37.4073,-6.6972],[-37.39236,-6.70045]],[[-37.47191,-6.80064],[-37.45788,-6.79364],[-37.45221,-6.7873],[-37.44524,-6.77413],[-37.44216,-6.76001],[-37.45985,-6.76561],[-37.47326,-6.77731],[-37.47869,-6.7944],[-37.47643,-6.79991],[-37.47191,-6.80064]]]]}},{"type":"Feature","properties":{"SIGLA":"NP3_gamma_2it8","NOME":"Corpo Plúton Catolé do Rocha","LITOTIPOS":"Diorito, Granito, Granodiorito, Monzonito","AMBIENTE_TECTONICO":null,"ERA_MIN":"Neoproterozóico","ERA_MAX":"Neoproterozóico","IDADE_MIN":541.1,"IDADE_MAX":635.0,"LEGENDA":"Granito e granodiorito grosso e porfirítico associados a diorito e a fases intermediárias de mistura, com ou sem epidoto magmático, calcialcalinos de alto K ","area_km2":1.24},"geometry":{"type":"Polygon","coordinates":[[[-37.65942,-6.68854],[-37.66167,-6.68123],[-37.65813,-6.66518],[-37.65445,-6.67363],[-37.65679,-6.68302],[-37.65541,-6.69205],[-37.65942,-6.68854]]]}},{"type":"Feature","properties":{"SIGLA":"NP3_gamma_2it45","NOME":"Corpo Plúton Sem Denominação","LITOTIPOS":"Diorito, Granito, Granodiorito, Monzonito","AMBIENTE_TECTONICO":null,"ERA_MIN":"Neoproterozóico","ERA_MAX":"Neoproterozóico","IDADE_MIN":541.1,"IDADE_MAX":635.0,"LEGENDA":"Granito, granodiorito, monzogranito e sienogranito equigranulares médios a grossos a inequigranulares porfiríticos, com fenocristais subédricos a euédricos de K-feldspato (1cm a 7cm) e de plagioclásio (0,5cm a 1cm). Associados a diorito e a fases intermediárias de mistura, com ou sem epidoto magmático. Suíte metaluminosa a levemente peraluminosa, calcialcalina de alto K e levemente shorshonítica. 580 Ma U-Pb.","area_km2":59.54},"geometry":{"type":"Polygon","coordinates":[[[-37.57075,-6.6998],[-37.58008,-6.68296],[-37.58935,-6.6778],[-37.60124,-6.67678],[-37.60549,-6.67414],[-37.6068,-6.66742],[-37.60677,-6.65315],[-37.59955,-6.61912],[-37.58276,-6.60539],[-37.5669,-6.61513],[-37.54841,-6.63487],[-37.53761,-6.65079],[-37.53016,-6.673],[-37.53944,-6.69347],[-37.55062,-6.70251],[-37.56173,-6.70346],[-37.57075,-6.6998]]]}},{"type":"Feature","properties":{"SIGLA":"NP3s","NOME":"Grupo Seridó indiscriminado","LITOTIPOS":"Mármore, Paragnaisse, Rocha calcissilicática, Xisto","AMBIENTE_TECTONICO":null,"ERA_MIN":"Neoproterozóico","ERA_MAX":"Neoproterozóico","IDADE_MIN":541.1,"IDADE_MAX":635.0,"LEGENDA":"Xisto, quartzito, mármore. ","area_km2":367.84},"geometry":{"type":"MultiPolygon","coordinates":[[[[-38.08866,-7.01289],[-38.00436,-7.02279],[-37.99911,-7.02636],[-37.99873,-7.02978],[-38.01111,-7.0284],[-38.01511,-7.02331],[-38.02272,-7.02313],[-38.02012,-7.03175],[-38.01512,-7.03264],[-38.01511,-7.03884],[-38.00533,-7.04152],[-38.07555,-7.04515],[-38.08866,-7.01289]]],[[[-38.08743,-7.04374],[-38.13208,-7.05039],[-38.16753,-7.05224],[-38.26604,-7.06464],[-38.31357,-7.06784],[-38.42526,-7.0621],[-38.50398,-7.05155],[-38.5456,-7.04059],[-38.5578,-7.026],[-38.57982,-7.01324],[-38.58116,-7.00697],[-38.56615,-6.99189],[-38.55941,-6.98899],[-38.56039,-6.99727],[-38.54452,-7.00728],[-38.5452,-7.02344],[-38.53871,-7.02736],[-38.52694,-7.02712],[-38.51924,-7.0237],[-38.5131,-7.00355],[-38.50099,-6.99255],[-38.47932,-6.98417],[-38.45273,-6.98122],[-38.45725,-6.98576],[-38.46565,-6.98803],[-38.46285,-6.99708],[-38.45843,-6.99723],[-38.46207,-6.99933],[-38.47079,-6.99808],[-38.47242,-7.00046],[-38.47805,-6.9991],[-38.47747,-7.00503],[-38.48923,-7.0057],[-38.48878,-7.01067],[-38.48079,-7.01042],[-38.47726,-7.01265],[-38.48219,-7.02112],[-38.4891,-7.02287],[-38.49127,-7.02862],[-38.48888,-7.03117],[-38.48414,-7.02808],[-38.47222,-7.02743],[-38.47621,-7.02025],[-38.47045,-7.0077],[-38.46204,-7.00302],[-38.45826,-7.00351],[-38.45727,-7.01006],[-38.45331,-7.00999],[-38.45043,-7.00736],[-38.4537,-7.00161],[-38.44799,-7.00313],[-38.44266,-7.00123],[-38.43785,-7.00563],[-38.44073,-7.00843],[-38.43884,-7.01494],[-38.42802,-7.0116],[-38.43466,-6.99857],[-38.43314,-6.9959],[-38.42743,-6.99513],[-38.42287,-6.99148],[-38.43365,-6.9903],[-38.44355,-6.98091],[-38.38737,-6.98086],[-38.33713,-6.98852],[-38.27432,-6.98425],[-38.25968,-6.98905],[-38.23681,-7.00292],[-38.21439,-7.01035],[-38.13306,-7.00972],[-38.08866,-7.01289],[-38.07564,-7.04514],[-38.08743,-7.04374]]]]}},{"type":"Feature","properties":{"SIGLA":"K1rp","NOME":"Formação Rio Piranhas","LITOTIPOS":"Arenito","AMBIENTE_TECTONICO":null,"ERA_MIN":"Mesozóico","ERA_MAX":"Mesozóico","IDADE_MIN":100.6,"IDADE_MAX":145.0,"LEGENDA":"Arenito fino a médio argiloso e arenito grosso  a conglomerático (leque aluvial e fluvial entrelaçado)","area_km2":0.51},"geometry":{"type":"Polygon","coordinates":[[[-38.20422,-6.83693],[-38.19275,-6.83176],[-38.188,-6.8368],[-38.20422,-6.83693]]]}},{"type":"Feature","properties":{"SIGLA":"K1rp","NOME":"Formação Rio Piranhas","LITOTIPOS":"Arenito","AMBIENTE_TECTONICO":null,"ERA_MIN":"Mesozóico","ERA_MAX":"Mesozóico","IDADE_MIN":100.6,"IDADE_MAX":145.0,"LEGENDA":"Arenito fino a médio argiloso e arenito grosso  a conglomerático (leque aluvial e fluvial entrelaçado)","area_km2":1.7},"geometry":{"type":"Polygon","coordinates":[[[-38.20422,-6.83693],[-38.22556,-6.83712],[-38.2294,-6.83372],[-38.2105,-6.82803],[-38.20764,-6.82884],[-38.20796,-6.83438],[-38.20422,-6.83693]]]}},{"type":"Feature","properties":{"SIGLA":"K1an","NOME":"Formação Antenor Navarro","LITOTIPOS":"Arenito, Arenito arcoseano, Conglomerado, Conglomerado polimítico","AMBIENTE_TECTONICO":null,"ERA_MIN":"Mesozóico","ERA_MAX":"Mesozóico","IDADE_MIN":100.6,"IDADE_MAX":145.0,"LEGENDA":"Arenitos grossos amarelados, conglomeráticos, acamamento médio a grosso, com estratificação cruzada; conglomerados quartzosos e polimíticos (por vezes com fragmentos atingindo 1,5 metro de diâmetro/comprimento); arenitos finos a médios, vermelhos e bem acamados. Leque aluvial e fluvial entrelaçado.","area_km2":0.59},"geometry":{"type":"Polygon","coordinates":[[[-38.13878,-6.83254],[-38.12459,-6.82524],[-38.12056,-6.82996],[-38.13878,-6.83254]]]}},{"type":"Feature","properties":{"SIGLA":"K1an","NOME":"Formação Antenor Navarro","LITOTIPOS":"Arenito, Arenito arcoseano, Conglomerado, Conglomerado polimítico","AMBIENTE_TECTONICO":null,"ERA_MIN":"Mesozóico","ERA_MAX":"Mesozóico","IDADE_MIN":100.6,"IDADE_MAX":145.0,"LEGENDA":"Arenitos grossos amarelados, conglomeráticos, acamamento médio a grosso, com estratificação cruzada; conglomerados quartzosos e polimíticos (por vezes com fragmentos atingindo 1,5 metro de diâmetro/comprimento); arenitos finos a médios, vermelhos e bem acamados. Leque aluvial e fluvial entrelaçado.","area_km2":3.4},"geometry":{"type":"Polygon","coordinates":[[[-38.06331,-6.83004],[-38.0924,-6.83003],[-38.1037,-6.82969],[-38.09815,-6.82434],[-38.0818,-6.81771],[-38.06331,-6.83004]]]}},{"type":"Feature","properties":{"SIGLA":"K1an","NOME":"Formação Antenor Navarro","LITOTIPOS":"Arenito, Arenito arcoseano, Conglomerado, Conglomerado polimítico","AMBIENTE_TECTONICO":null,"ERA_MIN":"Mesozóico","ERA_MAX":"Mesozóico","IDADE_MIN":100.6,"IDADE_MAX":145.0,"LEGENDA":"Arenitos grossos amarelados, conglomeráticos, acamamento médio a grosso, com estratificação cruzada; conglomerados quartzosos e polimíticos (por vezes com fragmentos atingindo 1,5 metro de diâmetro/comprimento); arenitos finos a médios, vermelhos e bem acamados. Leque aluvial e fluvial entrelaçado.","area_km2":1.89},"geometry":{"type":"Polygon","coordinates":[[[-38.10915,-6.82963],[-38.12056,-6.82996],[-38.11578,-6.82139],[-38.10422,-6.81582],[-38.09914,-6.81751],[-38.10915,-6.82963]]]}},{"type":"Feature","properties":{"SIGLA":"K1rp","NOME":"Formação Rio Piranhas","LITOTIPOS":"Arenito","AMBIENTE_TECTONICO":null,"ERA_MIN":"Mesozóico","ERA_MAX":"Mesozóico","IDADE_MIN":100.6,"IDADE_MAX":145.0,"LEGENDA":"Arenito fino a médio argiloso e arenito grosso  a conglomerático (leque aluvial e fluvial entrelaçado)","area_km2":5.2},"geometry":{"type":"Polygon","coordinates":[[[-38.25005,-6.82688],[-38.26086,-6.83948],[-38.27094,-6.83162],[-38.26036,-6.82173],[-38.25746,-6.82685],[-38.2518,-6.81491],[-38.24563,-6.8108],[-38.24386,-6.80458],[-38.23755,-6.80573],[-38.23496,-6.81234],[-38.23614,-6.81452],[-38.24101,-6.81898],[-38.24284,-6.82504],[-38.25005,-6.82688]]]}},{"type":"Feature","properties":{"SIGLA":"K1rp","NOME":"Formação Rio Piranhas","LITOTIPOS":"Arenito","AMBIENTE_TECTONICO":null,"ERA_MIN":"Mesozóico","ERA_MAX":"Mesozóico","IDADE_MIN":100.6,"IDADE_MAX":145.0,"LEGENDA":"Arenito fino a médio argiloso e arenito grosso  a conglomerático (leque aluvial e fluvial entrelaçado)","area_km2":13.31},"geometry":{"type":"Polygon","coordinates":[[[-38.13334,-6.80221],[-38.15404,-6.80804],[-38.17173,-6.819],[-38.18079,-6.81446],[-38.18154,-6.80685],[-38.18364,-6.80532],[-38.1879,-6.80411],[-38.19501,-6.81062],[-38.19166,-6.796],[-38.19441,-6.79523],[-38.19506,-6.79213],[-38.20322,-6.79516],[-38.21414,-6.80697],[-38.22106,-6.79904],[-38.2178,-6.79611],[-38.20848,-6.79647],[-38.18429,-6.78091],[-38.17931,-6.78069],[-38.17346,-6.78291],[-38.17502,-6.78911],[-38.16834,-6.80042],[-38.14936,-6.80086],[-38.14538,-6.79756],[-38.1404,-6.79724],[-38.13334,-6.80221]]]}},{"type":"Feature","properties":{"SIGLA":"K1sz","NOME":"Formação Sousa","LITOTIPOS":"Arenito calcífero, Argilito, Calcário, Folhelho, Siltito","AMBIENTE_TECTONICO":null,"ERA_MIN":"Mesozóico","ERA_MAX":"Mesozóico","IDADE_MIN":100.6,"IDADE_MAX":145.0,"LEGENDA":"Siltitos, argilito verde e folhelhos vermelhos amarronzados, com intercalações de arenitos calcíferos, marga e calcário. Flúvio-lacustre.","area_km2":83.55},"geometry":{"type":"Polygon","coordinates":[[[-38.1016,-6.7793],[-38.1031,-6.78937],[-38.10711,-6.79574],[-38.12855,-6.80286],[-38.1404,-6.79724],[-38.14538,-6.79756],[-38.14936,-6.80086],[-38.16834,-6.80042],[-38.17502,-6.78911],[-38.17285,-6.78403],[-38.17787,-6.78077],[-38.18429,-6.78091],[-38.19186,-6.78738],[-38.21028,-6.79703],[-38.22694,-6.79427],[-38.23729,-6.78617],[-38.24155,-6.78577],[-38.2766,-6.80216],[-38.28447,-6.8031],[-38.31326,-6.81807],[-38.31927,-6.82888],[-38.32483,-6.83214],[-38.33394,-6.83188],[-38.33336,-6.83503],[-38.34291,-6.83627],[-38.34791,-6.84015],[-38.38347,-6.84222],[-38.37208,-6.8382],[-38.35692,-6.81203],[-38.35281,-6.8148],[-38.3535,-6.82494],[-38.34959,-6.82321],[-38.3412,-6.80851],[-38.33613,-6.80408],[-38.32651,-6.79965],[-38.31806,-6.79881],[-38.30287,-6.80239],[-38.29374,-6.7906],[-38.26432,-6.77105],[-38.25511,-6.77848],[-38.2507,-6.77711],[-38.24697,-6.77882],[-38.23994,-6.77419],[-38.23307,-6.76347],[-38.22586,-6.76078],[-38.22407,-6.76329],[-38.22542,-6.77138],[-38.2074,-6.7708],[-38.20471,-6.76772],[-38.2063,-6.75408],[-38.20363,-6.75158],[-38.18096,-6.75944],[-38.16345,-6.75926],[-38.14955,-6.76604],[-38.12846,-6.75941],[-38.1198,-6.77022],[-38.12743,-6.77551],[-38.12836,-6.78198],[-38.12033,-6.7767],[-38.11333,-6.77602],[-38.10875,-6.77947],[-38.1016,-6.7793]]]}},{"type":"Feature","properties":{"SIGLA":"K1an","NOME":"Formação Antenor Navarro","LITOTIPOS":"Arenito, Arenito arcoseano, Conglomerado, Conglomerado polimítico","AMBIENTE_TECTONICO":null,"ERA_MIN":"Mesozóico","ERA_MAX":"Mesozóico","IDADE_MIN":100.6,"IDADE_MAX":145.0,"LEGENDA":"Arenitos grossos amarelados, conglomeráticos, acamamento médio a grosso, com estratificação cruzada; conglomerados quartzosos e polimíticos (por vezes com fragmentos atingindo 1,5 metro de diâmetro/comprimento); arenitos finos a médios, vermelhos e bem acamados. Leque aluvial e fluvial entrelaçado.","area_km2":2.44},"geometry":{"type":"Polygon","coordinates":[[[-38.10416,-6.79219],[-38.1016,-6.7793],[-38.09346,-6.77821],[-38.09226,-6.79052],[-38.09396,-6.79606],[-38.10273,-6.79852],[-38.10711,-6.79574],[-38.10416,-6.79219]]]}},{"type":"Feature","properties":{"SIGLA":"PP2_gamma_v","NOME":"Suíte Várzea Alegre","LITOTIPOS":"Ortognaisse","AMBIENTE_TECTONICO":null,"ERA_MIN":"Paleoproterozóico","ERA_MAX":"Paleoproterozóico","IDADE_MIN":2050.1,"IDADE_MAX":2300.0,"LEGENDA":"Ortognaisses porfiríticos, de composições granodiorítica a tonalítica, com níveis máficos, geralmente centimétricos, às vezes migmatizados, e normalmente milonitizados.","area_km2":268.05},"geometry":{"type":"Polygon","coordinates":[[[-38.74842,-6.9655],[-38.69942,-6.98994],[-38.60884,-7.06361],[-38.59747,-7.07064],[-38.563,-7.08039],[-38.49475,-7.09043],[-38.42294,-7.09139],[-38.38126,-7.0844],[-38.31357,-7.06784],[-38.26604,-7.06464],[-38.14489,-7.05029],[-38.13208,-7.05039],[-38.13735,-7.06396],[-38.12773,-7.07411],[-38.2984,-7.10606],[-38.37585,-7.11543],[-38.53627,-7.11457],[-38.59206,-7.11205],[-38.65878,-7.10322],[-38.6564,-7.0924],[-38.6598,-7.0855],[-38.6667,-7.0817],[-38.6726,-7.0694],[-38.6772,-7.0671],[-38.6713,-7.0562],[-38.6661,-7.0372],[-38.6698,-7.0477],[-38.6898,-7.0402],[-38.6914,-7.0291],[-38.7107,-7.019],[-38.7306,-7.012],[-38.7519,-6.9969],[-38.7577,-6.9986],[-38.765,-6.9939],[-38.7511,-6.9877],[-38.749,-6.9808],[-38.7423,-6.9743],[-38.74842,-6.9655]]]}},{"type":"Feature","properties":{"SIGLA":"PP2_gamma_v","NOME":"Suíte Várzea Alegre","LITOTIPOS":"Ortognaisse","AMBIENTE_TECTONICO":null,"ERA_MIN":"Paleoproterozóico","ERA_MAX":"Paleoproterozóico","IDADE_MIN":2050.1,"IDADE_MAX":2300.0,"LEGENDA":"Ortognaisses porfiríticos, de composições granodiorítica a tonalítica, com níveis máficos, geralmente centimétricos, às vezes migmatizados, e normalmente milonitizados.","area_km2":92.13},"geometry":{"type":"Polygon","coordinates":[[[-38.74081,-6.90039],[-38.7006,-6.91054],[-38.5516,-6.92392],[-38.46918,-6.93874],[-38.47403,-6.94464],[-38.48002,-6.94591],[-38.50995,-6.94468],[-38.58554,-6.95514],[-38.64052,-6.95424],[-38.68658,-6.94312],[-38.76444,-6.91028],[-38.7563,-6.9036],[-38.74081,-6.90039]]]}},{"type":"Feature","properties":{"SIGLA":"K1sz","NOME":"Formação Sousa","LITOTIPOS":"Arenito calcífero, Argilito, Calcário, Folhelho, Siltito","AMBIENTE_TECTONICO":null,"ERA_MIN":"Mesozóico","ERA_MAX":"Mesozóico","IDADE_MIN":100.6,"IDADE_MAX":145.0,"LEGENDA":"Siltitos, argilito verde e folhelhos vermelhos amarronzados, com intercalações de arenitos calcíferos, marga e calcário. Flúvio-lacustre.","area_km2":15.13},"geometry":{"type":"Polygon","coordinates":[[[-38.63809,-6.69416],[-38.62795,-6.67369],[-38.59625,-6.65061],[-38.58915,-6.64798],[-38.58663,-6.65127],[-38.58995,-6.65665],[-38.58783,-6.666],[-38.59404,-6.66595],[-38.59894,-6.66226],[-38.60181,-6.67483],[-38.59949,-6.67926],[-38.59166,-6.67761],[-38.58959,-6.68853],[-38.5991,-6.69344],[-38.62117,-6.69152],[-38.63807,-6.69898],[-38.63809,-6.69416]]]}},{"type":"Feature","properties":{"SIGLA":"A2_gamma_c","NOME":"Unidade Curral Novo do Piauí","LITOTIPOS":"Metagranodiorito, Metapiroxenito, Metatonalito, Metatrondhjemito, Ortognaisse","AMBIENTE_TECTONICO":null,"ERA_MIN":"Paleoarqueano","ERA_MAX":"Paleoarqueano","IDADE_MIN":3200.1,"IDADE_MAX":3600.0,"LEGENDA":"Ortognaisse TTG, biotita ortognaisse de composição granodiorítica a tonalítica, frequentemente miloníticos, e por vezes migmatíticos","area_km2":44.27},"geometry":{"type":"Polygon","coordinates":[[[-38.54782,-6.8005],[-38.5429,-6.79948],[-38.51703,-6.8069],[-38.50818,-6.80462],[-38.48321,-6.8047],[-38.45867,-6.80788],[-38.42669,-6.81567],[-38.42301,-6.82515],[-38.42613,-6.83254],[-38.43181,-6.83499],[-38.45026,-6.83271],[-38.45835,-6.83975],[-38.551,-6.81887],[-38.59036,-6.80332],[-38.58771,-6.79944],[-38.58457,-6.80159],[-38.58119,-6.7939],[-38.54782,-6.8005]]]}},{"type":"Feature","properties":{"SIGLA":"K1sz","NOME":"Formação Sousa","LITOTIPOS":"Arenito calcífero, Argilito, Calcário, Folhelho, Siltito","AMBIENTE_TECTONICO":null,"ERA_MIN":"Mesozóico","ERA_MAX":"Mesozóico","IDADE_MIN":100.6,"IDADE_MAX":145.0,"LEGENDA":"Siltitos, argilito verde e folhelhos vermelhos amarronzados, com intercalações de arenitos calcíferos, marga e calcário. Flúvio-lacustre.","area_km2":67.58},"geometry":{"type":"Polygon","coordinates":[[[-38.38746,-6.84612],[-38.39915,-6.84717],[-38.41158,-6.84219],[-38.42071,-6.84702],[-38.42712,-6.84345],[-38.43465,-6.84279],[-38.44482,-6.84612],[-38.44847,-6.84401],[-38.45029,-6.83894],[-38.45835,-6.83975],[-38.45621,-6.8359],[-38.44845,-6.8325],[-38.43181,-6.83499],[-38.42613,-6.83254],[-38.42301,-6.82515],[-38.42669,-6.81567],[-38.45867,-6.80788],[-38.4954,-6.80479],[-38.4943,-6.79541],[-38.49098,-6.79064],[-38.49046,-6.77691],[-38.48539,-6.77068],[-38.48564,-6.76474],[-38.48172,-6.76124],[-38.4833,-6.7536],[-38.4807,-6.74423],[-38.47406,-6.74669],[-38.46974,-6.75309],[-38.46008,-6.7555],[-38.45211,-6.75163],[-38.44886,-6.75657],[-38.44147,-6.76059],[-38.43015,-6.76144],[-38.43051,-6.77119],[-38.43299,-6.77434],[-38.43748,-6.77693],[-38.45152,-6.77735],[-38.45481,-6.78338],[-38.43791,-6.78189],[-38.42495,-6.78396],[-38.41912,-6.77676],[-38.40773,-6.77039],[-38.40774,-6.76246],[-38.40516,-6.76098],[-38.40275,-6.76199],[-38.40139,-6.76885],[-38.39175,-6.77328],[-38.39786,-6.77597],[-38.39826,-6.78171],[-38.40523,-6.78797],[-38.41142,-6.78896],[-38.4207,-6.79479],[-38.40303,-6.79454],[-38.39021,-6.78188],[-38.3847,-6.78057],[-38.37949,-6.78252],[-38.37971,-6.7891],[-38.39707,-6.80741],[-38.4146,-6.81987],[-38.42165,-6.82052],[-38.42005,-6.82567],[-38.39903,-6.8292],[-38.39551,-6.83365],[-38.40087,-6.83404],[-38.40121,-6.83579],[-38.38347,-6.84222],[-38.38746,-6.84612]]]}},{"type":"Feature","properties":{"SIGLA":"K1sz","NOME":"Formação Sousa","LITOTIPOS":"Arenito calcífero, Argilito, Calcário, Folhelho, Siltito","AMBIENTE_TECTONICO":null,"ERA_MIN":"Mesozóico","ERA_MAX":"Mesozóico","IDADE_MIN":100.6,"IDADE_MAX":145.0,"LEGENDA":"Siltitos, argilito verde e folhelhos vermelhos amarronzados, com intercalações de arenitos calcíferos, marga e calcário. Flúvio-lacustre.","area_km2":23.77},"geometry":{"type":"Polygon","coordinates":[[[-38.29063,-6.74422],[-38.2764,-6.7432],[-38.27758,-6.74718],[-38.27522,-6.7541],[-38.27745,-6.75873],[-38.29296,-6.76321],[-38.29742,-6.76117],[-38.31683,-6.76381],[-38.3357,-6.7712],[-38.3451,-6.78141],[-38.37188,-6.7836],[-38.36546,-6.76442],[-38.35934,-6.76403],[-38.35225,-6.75942],[-38.34851,-6.76062],[-38.34675,-6.74866],[-38.34327,-6.74621],[-38.34,-6.745],[-38.334,-6.74824],[-38.31521,-6.74942],[-38.31325,-6.73834],[-38.30798,-6.73624],[-38.30178,-6.74216],[-38.29063,-6.74422]]]}},{"type":"Feature","properties":{"SIGLA":"K1sz","NOME":"Formação Sousa","LITOTIPOS":"Arenito calcífero, Argilito, Calcário, Folhelho, Siltito","AMBIENTE_TECTONICO":null,"ERA_MIN":"Mesozóico","ERA_MAX":"Mesozóico","IDADE_MIN":100.6,"IDADE_MAX":145.0,"LEGENDA":"Siltitos, argilito verde e folhelhos vermelhos amarronzados, com intercalações de arenitos calcíferos, marga e calcário. Flúvio-lacustre.","area_km2":75.43},"geometry":{"type":"Polygon","coordinates":[[[-38.55359,-6.79876],[-38.58119,-6.7939],[-38.57096,-6.78992],[-38.57048,-6.79424],[-38.5622,-6.79108],[-38.55489,-6.79432],[-38.55203,-6.79069],[-38.56486,-6.78497],[-38.58655,-6.78701],[-38.59131,-6.79137],[-38.59817,-6.78957],[-38.57399,-6.75447],[-38.63599,-6.73236],[-38.62891,-6.71107],[-38.61733,-6.70961],[-38.60181,-6.71212],[-38.59399,-6.70987],[-38.58608,-6.71653],[-38.57877,-6.71319],[-38.54676,-6.71049],[-38.5433,-6.71564],[-38.54865,-6.72194],[-38.53877,-6.72301],[-38.53294,-6.73495],[-38.53724,-6.73915],[-38.55877,-6.73781],[-38.55754,-6.74206],[-38.54686,-6.74281],[-38.5578,-6.75489],[-38.55651,-6.76414],[-38.55371,-6.76408],[-38.54295,-6.74824],[-38.53172,-6.74665],[-38.52198,-6.74873],[-38.51729,-6.75259],[-38.50807,-6.75337],[-38.50074,-6.75775],[-38.50344,-6.76928],[-38.51697,-6.77985],[-38.51824,-6.78667],[-38.53237,-6.79517],[-38.54693,-6.79414],[-38.55359,-6.79876]]]}},{"type":"Feature","properties":{"SIGLA":"K1sz","NOME":"Formação Sousa","LITOTIPOS":"Arenito calcífero, Argilito, Calcário, Folhelho, Siltito","AMBIENTE_TECTONICO":null,"ERA_MIN":"Mesozóico","ERA_MAX":"Mesozóico","IDADE_MIN":100.6,"IDADE_MAX":145.0,"LEGENDA":"Siltitos, argilito verde e folhelhos vermelhos amarronzados, com intercalações de arenitos calcíferos, marga e calcário. Flúvio-lacustre.","area_km2":31.57},"geometry":{"type":"Polygon","coordinates":[[[-38.41643,-6.72279],[-38.37649,-6.71139],[-38.34106,-6.70599],[-38.33757,-6.70889],[-38.33519,-6.70667],[-38.32663,-6.71761],[-38.31569,-6.72496],[-38.3248,-6.72481],[-38.33356,-6.73106],[-38.35059,-6.73282],[-38.35563,-6.73023],[-38.36052,-6.72291],[-38.3663,-6.72461],[-38.36731,-6.73528],[-38.36545,-6.74136],[-38.36804,-6.74973],[-38.39168,-6.74913],[-38.39408,-6.74538],[-38.394,-6.73716],[-38.39876,-6.735],[-38.40427,-6.73891],[-38.40249,-6.7494],[-38.4152,-6.7514],[-38.42896,-6.73991],[-38.41906,-6.73617],[-38.41876,-6.73354],[-38.42281,-6.73216],[-38.41643,-6.72279]]]}},{"type":"Feature","properties":{"SIGLA":"K1an","NOME":"Formação Antenor Navarro","LITOTIPOS":"Arenito, Arenito arcoseano, Conglomerado, Conglomerado polimítico","AMBIENTE_TECTONICO":null,"ERA_MIN":"Mesozóico","ERA_MAX":"Mesozóico","IDADE_MIN":100.6,"IDADE_MAX":145.0,"LEGENDA":"Arenitos grossos amarelados, conglomeráticos, acamamento médio a grosso, com estratificação cruzada; conglomerados quartzosos e polimíticos (por vezes com fragmentos atingindo 1,5 metro de diâmetro/comprimento); arenitos finos a médios, vermelhos e bem acamados. Leque aluvial e fluvial entrelaçado.","area_km2":10.74},"geometry":{"type":"Polygon","coordinates":[[[-38.4989,-6.70468],[-38.46844,-6.70284],[-38.46929,-6.7066],[-38.45694,-6.72985],[-38.45654,-6.73492],[-38.46075,-6.73985],[-38.47042,-6.73842],[-38.47983,-6.73154],[-38.48485,-6.73126],[-38.48489,-6.72337],[-38.48836,-6.7168],[-38.49717,-6.70914],[-38.4989,-6.70468]]]}},{"type":"Feature","properties":{"SIGLA":"K1an","NOME":"Formação Antenor Navarro","LITOTIPOS":"Arenito, Arenito arcoseano, Conglomerado, Conglomerado polimítico","AMBIENTE_TECTONICO":null,"ERA_MIN":"Mesozóico","ERA_MAX":"Mesozóico","IDADE_MIN":100.6,"IDADE_MAX":145.0,"LEGENDA":"Arenitos grossos amarelados, conglomeráticos, acamamento médio a grosso, com estratificação cruzada; conglomerados quartzosos e polimíticos (por vezes com fragmentos atingindo 1,5 metro de diâmetro/comprimento); arenitos finos a médios, vermelhos e bem acamados. Leque aluvial e fluvial entrelaçado.","area_km2":5.47},"geometry":{"type":"Polygon","coordinates":[[[-38.52202,-6.70838],[-38.50412,-6.7142],[-38.50087,-6.7237],[-38.50197,-6.72726],[-38.50921,-6.7285],[-38.51393,-6.7329],[-38.52426,-6.72835],[-38.52753,-6.71484],[-38.52671,-6.71048],[-38.52202,-6.70838]]]}},{"type":"Feature","properties":{"SIGLA":"K1an","NOME":"Formação Antenor Navarro","LITOTIPOS":"Arenito, Arenito arcoseano, Conglomerado, Conglomerado polimítico","AMBIENTE_TECTONICO":null,"ERA_MIN":"Mesozóico","ERA_MAX":"Mesozóico","IDADE_MIN":100.6,"IDADE_MAX":145.0,"LEGENDA":"Arenitos grossos amarelados, conglomeráticos, acamamento médio a grosso, com estratificação cruzada; conglomerados quartzosos e polimíticos (por vezes com fragmentos atingindo 1,5 metro de diâmetro/comprimento); arenitos finos a médios, vermelhos e bem acamados. Leque aluvial e fluvial entrelaçado.","area_km2":6.26},"geometry":{"type":"Polygon","coordinates":[[[-38.4609,-6.70252],[-38.43654,-6.69944],[-38.41038,-6.69472],[-38.42052,-6.70526],[-38.42629,-6.70564],[-38.43143,-6.70206],[-38.44012,-6.708],[-38.44271,-6.71653],[-38.43803,-6.72585],[-38.44173,-6.72803],[-38.44777,-6.72369],[-38.4609,-6.70252]]]}},{"type":"Feature","properties":{"SIGLA":"K1an","NOME":"Formação Antenor Navarro","LITOTIPOS":"Arenito, Arenito arcoseano, Conglomerado, Conglomerado polimítico","AMBIENTE_TECTONICO":null,"ERA_MIN":"Mesozóico","ERA_MAX":"Mesozóico","IDADE_MIN":100.6,"IDADE_MAX":145.0,"LEGENDA":"Arenitos grossos amarelados, conglomeráticos, acamamento médio a grosso, com estratificação cruzada; conglomerados quartzosos e polimíticos (por vezes com fragmentos atingindo 1,5 metro de diâmetro/comprimento); arenitos finos a médios, vermelhos e bem acamados. Leque aluvial e fluvial entrelaçado.","area_km2":4.46},"geometry":{"type":"Polygon","coordinates":[[[-38.51528,-6.69459],[-38.51891,-6.70084],[-38.5245,-6.70717],[-38.52865,-6.70763],[-38.53054,-6.71098],[-38.53582,-6.70986],[-38.53994,-6.69617],[-38.5225,-6.68764],[-38.51576,-6.68823],[-38.51273,-6.6835],[-38.51389,-6.68977],[-38.51771,-6.69297],[-38.51528,-6.69459]]]}},{"type":"Feature","properties":{"SIGLA":"K1sz","NOME":"Formação Sousa","LITOTIPOS":"Arenito calcífero, Argilito, Calcário, Folhelho, Siltito","AMBIENTE_TECTONICO":null,"ERA_MIN":"Mesozóico","ERA_MAX":"Mesozóico","IDADE_MIN":100.6,"IDADE_MAX":145.0,"LEGENDA":"Siltitos, argilito verde e folhelhos vermelhos amarronzados, com intercalações de arenitos calcíferos, marga e calcário. Flúvio-lacustre.","area_km2":21.93},"geometry":{"type":"Polygon","coordinates":[[[-38.55672,-6.64905],[-38.5479,-6.65614],[-38.53757,-6.66007],[-38.53142,-6.6737],[-38.52658,-6.67617],[-38.52952,-6.68067],[-38.5225,-6.68764],[-38.53994,-6.69617],[-38.548,-6.68705],[-38.54821,-6.67925],[-38.55154,-6.67987],[-38.55392,-6.68694],[-38.55636,-6.68778],[-38.56869,-6.68812],[-38.57667,-6.68243],[-38.58061,-6.67077],[-38.57852,-6.65772],[-38.58166,-6.64678],[-38.57805,-6.64393],[-38.55672,-6.64905]]]}},{"type":"Feature","properties":{"SIGLA":"K1rp","NOME":"Formação Rio Piranhas","LITOTIPOS":"Arenito","AMBIENTE_TECTONICO":null,"ERA_MIN":"Mesozóico","ERA_MAX":"Mesozóico","IDADE_MIN":100.6,"IDADE_MAX":145.0,"LEGENDA":"Arenito fino a médio argiloso e arenito grosso  a conglomerático (leque aluvial e fluvial entrelaçado)","area_km2":1.16},"geometry":{"type":"Polygon","coordinates":[[[-38.26444,-6.75068],[-38.27325,-6.74049],[-38.27008,-6.73384],[-38.26711,-6.73398],[-38.2637,-6.74261],[-38.26251,-6.74876],[-38.26444,-6.75068]]]}},{"type":"Feature","properties":{"SIGLA":"K1rp","NOME":"Formação Rio Piranhas","LITOTIPOS":"Arenito","AMBIENTE_TECTONICO":null,"ERA_MIN":"Mesozóico","ERA_MAX":"Mesozóico","IDADE_MIN":100.6,"IDADE_MAX":145.0,"LEGENDA":"Arenito fino a médio argiloso e arenito grosso  a conglomerático (leque aluvial e fluvial entrelaçado)","area_km2":1.36},"geometry":{"type":"Polygon","coordinates":[[[-38.15323,-6.73976],[-38.15198,-6.74472],[-38.15836,-6.74131],[-38.17179,-6.73912],[-38.17657,-6.74134],[-38.17874,-6.73563],[-38.15781,-6.73629],[-38.15323,-6.73976]]]}},{"type":"Feature","properties":{"SIGLA":"NP3_gamma_2it45","NOME":"Corpo Plúton Sem Denominação","LITOTIPOS":"Diorito, Granito, Granodiorito, Monzonito","AMBIENTE_TECTONICO":null,"ERA_MIN":"Neoproterozóico","ERA_MAX":"Neoproterozóico","IDADE_MIN":541.1,"IDADE_MAX":635.0,"LEGENDA":"Granito, granodiorito, monzogranito e sienogranito equigranulares médios a grossos a inequigranulares porfiríticos, com fenocristais subédricos a euédricos de K-feldspato (1cm a 7cm) e de plagioclásio (0,5cm a 1cm). Associados a diorito e a fases intermediárias de mistura, com ou sem epidoto magmático. Suíte metaluminosa a levemente peraluminosa, calcialcalina de alto K e levemente shorshonítica. 580 Ma U-Pb.","area_km2":28.4},"geometry":{"type":"Polygon","coordinates":[[[-38.06467,-6.74503],[-38.07405,-6.74663],[-38.08495,-6.74176],[-38.1027,-6.70883],[-38.0921,-6.7026],[-38.07628,-6.68456],[-38.06607,-6.68063],[-38.05626,-6.68494],[-38.0546,-6.7057],[-38.05039,-6.72102],[-38.05062,-6.73177],[-38.05397,-6.7401],[-38.05892,-6.74595],[-38.06328,-6.74729],[-38.06467,-6.74503]]]}},{"type":"Feature","properties":{"SIGLA":"K1an","NOME":"Formação Antenor Navarro","LITOTIPOS":"Arenito, Arenito arcoseano, Conglomerado, Conglomerado polimítico","AMBIENTE_TECTONICO":null,"ERA_MIN":"Mesozóico","ERA_MAX":"Mesozóico","IDADE_MIN":100.6,"IDADE_MAX":145.0,"LEGENDA":"Arenitos grossos amarelados, conglomeráticos, acamamento médio a grosso, com estratificação cruzada; conglomerados quartzosos e polimíticos (por vezes com fragmentos atingindo 1,5 metro de diâmetro/comprimento); arenitos finos a médios, vermelhos e bem acamados. Leque aluvial e fluvial entrelaçado.","area_km2":136.6},"geometry":{"type":"Polygon","coordinates":[[[-38.22812,-6.70172],[-38.22018,-6.69977],[-38.21279,-6.70504],[-38.18713,-6.70517],[-38.17815,-6.69522],[-38.17005,-6.69489],[-38.16122,-6.69009],[-38.11687,-6.70097],[-38.11283,-6.70415],[-38.11887,-6.71955],[-38.11728,-6.7236],[-38.10364,-6.72959],[-38.08011,-6.74514],[-38.07097,-6.74696],[-38.06467,-6.74503],[-38.06328,-6.74729],[-38.07523,-6.76934],[-38.083,-6.77421],[-38.08217,-6.76258],[-38.08482,-6.75123],[-38.08925,-6.74863],[-38.0915,-6.76397],[-38.09845,-6.76505],[-38.10181,-6.76947],[-38.1052,-6.76902],[-38.11166,-6.75298],[-38.1205,-6.74265],[-38.11821,-6.72895],[-38.12407,-6.71744],[-38.13271,-6.71519],[-38.13247,-6.7203],[-38.1243,-6.73735],[-38.12571,-6.74285],[-38.13676,-6.74684],[-38.14508,-6.74307],[-38.14911,-6.73471],[-38.14728,-6.7306],[-38.14913,-6.72521],[-38.15593,-6.72096],[-38.15284,-6.71664],[-38.15363,-6.71264],[-38.14687,-6.70626],[-38.14801,-6.70482],[-38.16339,-6.7092],[-38.1674,-6.71483],[-38.16575,-6.72756],[-38.15781,-6.73629],[-38.16241,-6.73682],[-38.17874,-6.73563],[-38.17824,-6.7251],[-38.18329,-6.72382],[-38.18624,-6.71774],[-38.20237,-6.72252],[-38.20843,-6.71871],[-38.2135,-6.72056],[-38.22596,-6.71858],[-38.23814,-6.70933],[-38.23462,-6.72068],[-38.22348,-6.73285],[-38.23224,-6.74018],[-38.23976,-6.75131],[-38.24277,-6.74801],[-38.24427,-6.73758],[-38.25686,-6.72471],[-38.27094,-6.72022],[-38.27642,-6.72059],[-38.28334,-6.72514],[-38.28971,-6.72163],[-38.28971,-6.69534],[-38.27528,-6.67616],[-38.29876,-6.68924],[-38.3097,-6.70506],[-38.32348,-6.69704],[-38.33539,-6.69535],[-38.34033,-6.69636],[-38.33627,-6.70489],[-38.37649,-6.71139],[-38.40209,-6.71815],[-38.41643,-6.72279],[-38.42065,-6.72734],[-38.43299,-6.72418],[-38.43715,-6.71952],[-38.42915,-6.71198],[-38.41201,-6.70595],[-38.4067,-6.69744],[-38.41038,-6.69472],[-38.369,-6.67725],[-38.35559,-6.68167],[-38.33682,-6.6743],[-38.33059,-6.67918],[-38.30759,-6.67253],[-38.3031,-6.67555],[-38.30046,-6.67301],[-38.29665,-6.67566],[-38.28216,-6.67136],[-38.26224,-6.65729],[-38.25677,-6.65781],[-38.2548,-6.66036],[-38.25611,-6.66705],[-38.28251,-6.69271],[-38.2801,-6.69307],[-38.27354,-6.69048],[-38.25684,-6.6748],[-38.19668,-6.64968],[-38.19721,-6.65288],[-38.21744,-6.66897],[-38.2699,-6.69597],[-38.23721,-6.69755],[-38.22812,-6.70172]]]}},{"type":"Feature","properties":{"SIGLA":"NP3_delta_2","NOME":"Suíte Máfica a intermediária","LITOTIPOS":"Diorito, Gabro, Gabronorito, Granodiorito, Monzodiorito, Quartzo diorito, Tonalito","AMBIENTE_TECTONICO":null,"ERA_MIN":"Neoproterozóico","ERA_MAX":"Neoproterozóico","IDADE_MIN":541.1,"IDADE_MAX":635.0,"LEGENDA":"Gabro, gabro norito, diorito, monzo e quartzo diorito, quartzo monzonito e granodiorito, finos a médios, de afinidade subalcalina, cálcio-alcalino e shoshonítica. Localmente com enclaves de ortognaisse migmatíticos da unidade Mombaça.  . Idade U-Pb = 619 ± 92Ma.","area_km2":4.28},"geometry":{"type":"Polygon","coordinates":[[[-38.085,-6.65958],[-38.08425,-6.66472],[-38.08641,-6.66653],[-38.0972,-6.65945],[-38.10655,-6.65754],[-38.10013,-6.63583],[-38.09441,-6.63588],[-38.09084,-6.63944],[-38.09241,-6.64974],[-38.085,-6.65958]]]}},{"type":"Feature","properties":{"SIGLA":"NP3_gamma_2it45","NOME":"Corpo Plúton Sem Denominação","LITOTIPOS":"Diorito, Granito, Granodiorito, Monzonito","AMBIENTE_TECTONICO":null,"ERA_MIN":"Neoproterozóico","ERA_MAX":"Neoproterozóico","IDADE_MIN":541.1,"IDADE_MAX":635.0,"LEGENDA":"Granito, granodiorito, monzogranito e sienogranito equigranulares médios a grossos a inequigranulares porfiríticos, com fenocristais subédricos a euédricos de K-feldspato (1cm a 7cm) e de plagioclásio (0,5cm a 1cm). Associados a diorito e a fases intermediárias de mistura, com ou sem epidoto magmático. Suíte metaluminosa a levemente peraluminosa, calcialcalina de alto K e levemente shorshonítica. 580 Ma U-Pb.","area_km2":69.07},"geometry":{"type":"Polygon","coordinates":[[[-38.14958,-6.69342],[-38.16122,-6.69009],[-38.17005,-6.69489],[-38.17815,-6.69522],[-38.18713,-6.70517],[-38.21279,-6.70504],[-38.22018,-6.69977],[-38.22812,-6.70172],[-38.23313,-6.70042],[-38.18462,-6.65696],[-38.11867,-6.59197],[-38.10061,-6.57736],[-38.09133,-6.57469],[-38.0909,-6.5791],[-38.10437,-6.5941],[-38.11109,-6.61205],[-38.12082,-6.62808],[-38.12595,-6.66976],[-38.14958,-6.69342]]]}},{"type":"Feature","properties":{"SIGLA":"NP3_delta_2","NOME":"Suíte Máfica a intermediária","LITOTIPOS":"Diorito, Gabro, Gabronorito, Granodiorito, Monzodiorito, Quartzo diorito, Tonalito","AMBIENTE_TECTONICO":null,"ERA_MIN":"Neoproterozóico","ERA_MAX":"Neoproterozóico","IDADE_MIN":541.1,"IDADE_MAX":635.0,"LEGENDA":"Gabro, gabro norito, diorito, monzo e quartzo diorito, quartzo monzonito e granodiorito, finos a médios, de afinidade subalcalina, cálcio-alcalino e shoshonítica. Localmente com enclaves de ortognaisse migmatíticos da unidade Mombaça.  . Idade U-Pb = 619 ± 92Ma.","area_km2":4.86},"geometry":{"type":"Polygon","coordinates":[[[-38.18799,-6.60956],[-38.18259,-6.61739],[-38.1865,-6.62764],[-38.19616,-6.63744],[-38.20032,-6.63647],[-38.20102,-6.62425],[-38.20447,-6.61689],[-38.20314,-6.61337],[-38.1983,-6.61045],[-38.18799,-6.60956]]]}},{"type":"Feature","properties":{"SIGLA":"PP2cai1","NOME":"Unidade Caicó, metassedimento","LITOTIPOS":"Mármore, Paragnaisse, Paramigmatito","AMBIENTE_TECTONICO":null,"ERA_MIN":"Paleoproterozóico","ERA_MAX":"Paleoproterozóico","IDADE_MIN":2050.1,"IDADE_MAX":2300.0,"LEGENDA":"Paragnaisse, migmatito, mármore, anfibolito e ortognaisse","area_km2":10.39},"geometry":{"type":"Polygon","coordinates":[[[-38.13102,-6.5204],[-38.14708,-6.5365],[-38.16963,-6.54937],[-38.16731,-6.53439],[-38.14422,-6.49611],[-38.1332,-6.52],[-38.13102,-6.5204]]]}},{"type":"Feature","properties":{"SIGLA":"PP2cai2","NOME":"Unidade Caicó - ortognaisse","LITOTIPOS":"Augen gnaisse, Metagranito, Migmatito, Ortognaisse granodiorítico","AMBIENTE_TECTONICO":null,"ERA_MIN":"Paleoproterozóico","ERA_MAX":"Paleoproterozóico","IDADE_MIN":2050.1,"IDADE_MAX":2300.0,"LEGENDA":"Ortognaisse diorítico a granítico com restos de supracrustais","area_km2":44.63},"geometry":{"type":"MultiPolygon","coordinates":[[[[-38.25291,-6.4839],[-38.29332,-6.51234],[-38.38254,-6.57006],[-38.35981,-6.53772],[-38.33545,-6.51313],[-38.30627,-6.50822],[-38.30423,-6.50654],[-38.306,-6.50376],[-38.31264,-6.50558],[-38.31731,-6.5037],[-38.29636,-6.48874],[-38.29,-6.4973],[-38.2887,-6.5056],[-38.2815,-6.4995],[-38.2698,-6.4944],[-38.2565,-6.4832],[-38.25291,-6.4839]]],[[[-38.19318,-6.49689],[-38.2378,-6.5502],[-38.23557,-6.53958],[-38.23786,-6.53646],[-38.24228,-6.53672],[-38.25386,-6.54414],[-38.25823,-6.54129],[-38.26015,-6.5438],[-38.24446,-6.51512],[-38.21964,-6.48495],[-38.2006,-6.4883],[-38.19318,-6.49689]]]]}},{"type":"Feature","properties":{"SIGLA":"PP2cai1","NOME":"Unidade Caicó, metassedimento","LITOTIPOS":"Mármore, Paragnaisse, Paramigmatito","AMBIENTE_TECTONICO":null,"ERA_MIN":"Paleoproterozóico","ERA_MAX":"Paleoproterozóico","IDADE_MIN":2050.1,"IDADE_MAX":2300.0,"LEGENDA":"Paragnaisse, migmatito, mármore, anfibolito e ortognaisse","area_km2":8.66},"geometry":{"type":"Polygon","coordinates":[[[-38.00629,-6.4312],[-38.00228,-6.45556],[-38.00396,-6.46309],[-38.03365,-6.49617],[-38.04465,-6.51261],[-38.03642,-6.49163],[-38.0255,-6.47316],[-38.0218,-6.4685],[-38.0127,-6.4683],[-38.0198,-6.4469],[-38.0082,-6.4322],[-38.00629,-6.4312]]]}},{"type":"Feature","properties":{"SIGLA":"K1sz","NOME":"Formação Sousa","LITOTIPOS":"Arenito calcífero, Argilito, Calcário, Folhelho, Siltito","AMBIENTE_TECTONICO":null,"ERA_MIN":"Mesozóico","ERA_MAX":"Mesozóico","IDADE_MIN":100.6,"IDADE_MAX":145.0,"LEGENDA":"Siltitos, argilito verde e folhelhos vermelhos amarronzados, com intercalações de arenitos calcíferos, marga e calcário. Flúvio-lacustre.","area_km2":0.88},"geometry":{"type":"Polygon","coordinates":[[[-38.52754,-6.64915],[-38.53199,-6.65112],[-38.54287,-6.64581],[-38.53603,-6.64359],[-38.52668,-6.64486],[-38.52754,-6.64915]]]}},{"type":"Feature","properties":{"SIGLA":"K1sz","NOME":"Formação Sousa","LITOTIPOS":"Arenito calcífero, Argilito, Calcário, Folhelho, Siltito","AMBIENTE_TECTONICO":null,"ERA_MIN":"Mesozóico","ERA_MAX":"Mesozóico","IDADE_MIN":100.6,"IDADE_MAX":145.0,"LEGENDA":"Siltitos, argilito verde e folhelhos vermelhos amarronzados, com intercalações de arenitos calcíferos, marga e calcário. Flúvio-lacustre.","area_km2":6.73},"geometry":{"type":"Polygon","coordinates":[[[-38.50701,-6.63225],[-38.49536,-6.62019],[-38.49253,-6.64196],[-38.5028,-6.65504],[-38.51283,-6.6604],[-38.51678,-6.65539],[-38.51525,-6.64489],[-38.51246,-6.63389],[-38.50701,-6.63225]]]}},{"type":"Feature","properties":{"SIGLA":"K1an","NOME":"Formação Antenor Navarro","LITOTIPOS":"Arenito, Arenito arcoseano, Conglomerado, Conglomerado polimítico","AMBIENTE_TECTONICO":null,"ERA_MIN":"Mesozóico","ERA_MAX":"Mesozóico","IDADE_MIN":100.6,"IDADE_MAX":145.0,"LEGENDA":"Arenitos grossos amarelados, conglomeráticos, acamamento médio a grosso, com estratificação cruzada; conglomerados quartzosos e polimíticos (por vezes com fragmentos atingindo 1,5 metro de diâmetro/comprimento); arenitos finos a médios, vermelhos e bem acamados. Leque aluvial e fluvial entrelaçado.","area_km2":176.62},"geometry":{"type":"Polygon","coordinates":[[[-38.49744,-6.55027],[-38.47451,-6.54864],[-38.4749,-6.57487],[-38.47008,-6.58457],[-38.47,-6.59374],[-38.47122,-6.60141],[-38.47856,-6.61217],[-38.49239,-6.61683],[-38.50524,-6.63079],[-38.51246,-6.63389],[-38.50755,-6.60447],[-38.51354,-6.58346],[-38.50977,-6.56182],[-38.51339,-6.5536],[-38.51657,-6.55281],[-38.51578,-6.56321],[-38.52048,-6.58595],[-38.51676,-6.60891],[-38.52453,-6.60517],[-38.53199,-6.59416],[-38.54143,-6.58876],[-38.55298,-6.58561],[-38.5606,-6.58845],[-38.54136,-6.59396],[-38.53156,-6.60477],[-38.5224,-6.63063],[-38.52362,-6.63997],[-38.52668,-6.64486],[-38.53603,-6.64359],[-38.54287,-6.64581],[-38.54777,-6.64264],[-38.55295,-6.63643],[-38.55584,-6.62442],[-38.55901,-6.62273],[-38.56028,-6.62662],[-38.55443,-6.63907],[-38.56346,-6.63865],[-38.56095,-6.64655],[-38.57805,-6.64393],[-38.58166,-6.64678],[-38.58577,-6.64116],[-38.59091,-6.64092],[-38.58915,-6.64798],[-38.59625,-6.65061],[-38.62946,-6.67543],[-38.63809,-6.69416],[-38.63807,-6.69898],[-38.64774,-6.69881],[-38.64781,-6.70153],[-38.64104,-6.70555],[-38.65078,-6.70636],[-38.67292,-6.70077],[-38.6732,-6.6972],[-38.665,-6.684],[-38.6624,-6.6752],[-38.652,-6.6732],[-38.6464,-6.6624],[-38.647,-6.6542],[-38.6571,-6.6423],[-38.6553,-6.6305],[-38.6491,-6.6276],[-38.6467,-6.616],[-38.6388,-6.6128],[-38.6292,-6.6046],[-38.6329,-6.5899],[-38.643,-6.5821],[-38.63824,-6.5759],[-38.63821,-6.57931],[-38.63528,-6.58109],[-38.61802,-6.57798],[-38.58038,-6.56087],[-38.56389,-6.56068],[-38.54528,-6.54921],[-38.53208,-6.54607],[-38.51672,-6.55074],[-38.49772,-6.55024],[-38.4936,-6.5704],[-38.49744,-6.55027]]]}},{"type":"Feature","properties":{"SIGLA":"K1sz","NOME":"Formação Sousa","LITOTIPOS":"Arenito calcífero, Argilito, Calcário, Folhelho, Siltito","AMBIENTE_TECTONICO":null,"ERA_MIN":"Mesozóico","ERA_MAX":"Mesozóico","IDADE_MIN":100.6,"IDADE_MAX":145.0,"LEGENDA":"Siltitos, argilito verde e folhelhos vermelhos amarronzados, com intercalações de arenitos calcíferos, marga e calcário. Flúvio-lacustre.","area_km2":17.56},"geometry":{"type":"Polygon","coordinates":[[[-38.45116,-6.62721],[-38.48267,-6.65771],[-38.48063,-6.64185],[-38.48523,-6.63684],[-38.47684,-6.63397],[-38.48456,-6.62876],[-38.4839,-6.62296],[-38.46318,-6.61563],[-38.45728,-6.60305],[-38.44187,-6.58996],[-38.43352,-6.58781],[-38.42733,-6.58932],[-38.42555,-6.59272],[-38.42757,-6.59894],[-38.45116,-6.62721]]]}},{"type":"Feature","properties":{"SIGLA":"Q2a","NOME":"Depósitos aluvionares","LITOTIPOS":"Areia, Areia arcoseana, Argila, Cascalho, Conglomerado polimítico, Silte","AMBIENTE_TECTONICO":"Cobertura superficial","ERA_MIN":"Cenozóico","ERA_MAX":"Cenozóico","IDADE_MIN":0.0,"IDADE_MAX":0.01,"LEGENDA":"Sedimentos areno-argilosos aluvionares inconsolidados, finos a médios, com cores variadas, restos de matéria orgânica e presença de seixos, areias finas a grossas, com níveis de cascalhos, lentes de material silto-argiloso e restos de matéria orgânica, relacionados a planícies de inundação, margens, barras de canal e canais fluviais atuais. Localmente, podem conter matacões.\n","area_km2":66.2},"geometry":{"type":"Polygon","coordinates":[[[-38.39257,-6.52607],[-38.39586,-6.53121],[-38.41296,-6.53297],[-38.41404,-6.53766],[-38.42204,-6.54054],[-38.42525,-6.54635],[-38.44267,-6.56067],[-38.44533,-6.56855],[-38.44035,-6.56857],[-38.43772,-6.57117],[-38.43245,-6.56554],[-38.4312,-6.57404],[-38.43861,-6.57704],[-38.44241,-6.58191],[-38.4484,-6.59492],[-38.45728,-6.60305],[-38.46318,-6.61563],[-38.4839,-6.62296],[-38.48456,-6.62876],[-38.47684,-6.63397],[-38.48523,-6.63684],[-38.48063,-6.64185],[-38.48267,-6.65771],[-38.49563,-6.67247],[-38.51273,-6.6835],[-38.51576,-6.68823],[-38.52586,-6.68608],[-38.52991,-6.67929],[-38.52658,-6.67617],[-38.53142,-6.6737],[-38.53757,-6.66007],[-38.55132,-6.65408],[-38.56095,-6.64655],[-38.56407,-6.64065],[-38.56086,-6.6373],[-38.55443,-6.63907],[-38.56028,-6.62662],[-38.55798,-6.62261],[-38.55007,-6.64055],[-38.53379,-6.65055],[-38.52828,-6.65009],[-38.52253,-6.63569],[-38.5272,-6.61346],[-38.53985,-6.59498],[-38.56031,-6.58791],[-38.55298,-6.58561],[-38.54143,-6.58876],[-38.53199,-6.59416],[-38.52453,-6.60517],[-38.51676,-6.60891],[-38.52048,-6.58595],[-38.51578,-6.56321],[-38.51712,-6.55432],[-38.51339,-6.5536],[-38.50977,-6.56182],[-38.51354,-6.58346],[-38.50755,-6.60447],[-38.51678,-6.65539],[-38.51421,-6.65966],[-38.51065,-6.66003],[-38.5028,-6.65504],[-38.49253,-6.64196],[-38.49536,-6.62019],[-38.49239,-6.61683],[-38.47856,-6.61217],[-38.47084,-6.6005],[-38.46988,-6.58565],[-38.47439,-6.57784],[-38.47503,-6.57147],[-38.47336,-6.56227],[-38.47508,-6.55357],[-38.47103,-6.53586],[-38.46707,-6.53622],[-38.4628,-6.54772],[-38.4625,-6.56328],[-38.4541,-6.57359],[-38.45159,-6.57334],[-38.44933,-6.5605],[-38.44469,-6.55034],[-38.43669,-6.54495],[-38.42092,-6.51555],[-38.41633,-6.51531],[-38.41983,-6.5252],[-38.41752,-6.52802],[-38.40784,-6.52455],[-38.39257,-6.52607]],[[-38.50672,-6.66253],[-38.51192,-6.6653],[-38.51756,-6.66453],[-38.52091,-6.66972],[-38.5161,-6.6788],[-38.5087,-6.68056],[-38.50436,-6.67522],[-38.50711,-6.6698],[-38.50672,-6.66253]]]}},{"type":"Feature","properties":{"SIGLA":"NP3_gamma_2it6","NOME":"Corpo Plúton Paraná","LITOTIPOS":"Diorito, Granito, Granodiorito, Monzonito","AMBIENTE_TECTONICO":null,"ERA_MIN":"Neoproterozóico","ERA_MAX":"Neoproterozóico","IDADE_MIN":541.1,"IDADE_MAX":635.0,"LEGENDA":"Granito e granodiorito grosso e porfirítico associados a diorito e a fases intermediárias de mistura, com ou sem epidoto magmático, calcialcalinos de alto K ","area_km2":249.39},"geometry":{"type":"Polygon","coordinates":[[[-38.21964,-6.48495],[-38.24446,-6.51512],[-38.26002,-6.54156],[-38.26015,-6.5438],[-38.25823,-6.54129],[-38.25483,-6.54445],[-38.24228,-6.53672],[-38.23786,-6.53646],[-38.23557,-6.53958],[-38.2378,-6.5502],[-38.35224,-6.66543],[-38.369,-6.67725],[-38.41038,-6.69472],[-38.46099,-6.70255],[-38.46372,-6.70075],[-38.46844,-6.70284],[-38.49187,-6.70368],[-38.46131,-6.67851],[-38.43634,-6.64974],[-38.41579,-6.6106],[-38.38254,-6.57006],[-38.25291,-6.4839],[-38.2473,-6.485],[-38.2417,-6.4808],[-38.21964,-6.48495]],[[-38.3496,-6.5959],[-38.3386,-6.5813],[-38.3424,-6.5863],[-38.3496,-6.5959]]]}},{"type":"Feature","properties":{"SIGLA":"K1an","NOME":"Formação Antenor Navarro","LITOTIPOS":"Arenito, Arenito arcoseano, Conglomerado, Conglomerado polimítico","AMBIENTE_TECTONICO":null,"ERA_MIN":"Mesozóico","ERA_MAX":"Mesozóico","IDADE_MIN":100.6,"IDADE_MAX":145.0,"LEGENDA":"Arenitos grossos amarelados, conglomeráticos, acamamento médio a grosso, com estratificação cruzada; conglomerados quartzosos e polimíticos (por vezes com fragmentos atingindo 1,5 metro de diâmetro/comprimento); arenitos finos a médios, vermelhos e bem acamados. Leque aluvial e fluvial entrelaçado.","area_km2":37.68},"geometry":{"type":"Polygon","coordinates":[[[-38.3441,-6.50217],[-38.4277,-6.60034],[-38.43712,-6.61243],[-38.42555,-6.59272],[-38.42733,-6.58932],[-38.43352,-6.58781],[-38.44187,-6.58996],[-38.4484,-6.59492],[-38.44604,-6.58688],[-38.43861,-6.57704],[-38.43338,-6.57629],[-38.43093,-6.57328],[-38.43245,-6.56554],[-38.43772,-6.57117],[-38.44035,-6.56857],[-38.44533,-6.56855],[-38.44267,-6.56067],[-38.42525,-6.54635],[-38.42204,-6.54054],[-38.41404,-6.53766],[-38.41296,-6.53297],[-38.39529,-6.53086],[-38.39257,-6.52607],[-38.39966,-6.52489],[-38.38304,-6.5178],[-38.3575,-6.50228],[-38.34988,-6.50041],[-38.3441,-6.50217]]]}},{"type":"Feature","properties":{"SIGLA":"K1an","NOME":"Formação Antenor Navarro","LITOTIPOS":"Arenito, Arenito arcoseano, Conglomerado, Conglomerado polimítico","AMBIENTE_TECTONICO":null,"ERA_MIN":"Mesozóico","ERA_MAX":"Mesozóico","IDADE_MIN":100.6,"IDADE_MAX":145.0,"LEGENDA":"Arenitos grossos amarelados, conglomeráticos, acamamento médio a grosso, com estratificação cruzada; conglomerados quartzosos e polimíticos (por vezes com fragmentos atingindo 1,5 metro de diâmetro/comprimento); arenitos finos a médios, vermelhos e bem acamados. Leque aluvial e fluvial entrelaçado.","area_km2":6.59},"geometry":{"type":"Polygon","coordinates":[[[-38.4628,-6.54772],[-38.44038,-6.53725],[-38.42719,-6.52877],[-38.43669,-6.54495],[-38.44469,-6.55034],[-38.44933,-6.5605],[-38.45159,-6.57334],[-38.4541,-6.57359],[-38.4625,-6.56328],[-38.46351,-6.55842],[-38.4628,-6.54772]]]}},{"type":"Feature","properties":{"SIGLA":"NP3_gamma_3i","NOME":"Corpo Granitóides de quimismo indiscriminado","LITOTIPOS":"Granito, Granitoide","AMBIENTE_TECTONICO":null,"ERA_MIN":"Neoproterozóico","ERA_MAX":"Neoproterozóico","IDADE_MIN":541.1,"IDADE_MAX":635.0,"LEGENDA":"Granitóides diversos de quimismo indeterminado.","area_km2":13.52},"geometry":{"type":"Polygon","coordinates":[[[-38.46854,-6.51854],[-38.47155,-6.51226],[-38.46618,-6.49978],[-38.46507,-6.48371],[-38.44541,-6.46766],[-38.43141,-6.46553],[-38.42782,-6.47009],[-38.42747,-6.47473],[-38.43769,-6.49407],[-38.45929,-6.5091],[-38.46854,-6.51854]]]}},{"type":"Feature","properties":{"SIGLA":"PP2cai1","NOME":"Unidade Caicó, metassedimento","LITOTIPOS":"Mármore, Paragnaisse, Paramigmatito","AMBIENTE_TECTONICO":null,"ERA_MIN":"Paleoproterozóico","ERA_MAX":"Paleoproterozóico","IDADE_MIN":2050.1,"IDADE_MAX":2300.0,"LEGENDA":"Paragnaisse, migmatito, mármore, anfibolito e ortognaisse","area_km2":70.12},"geometry":{"type":"Polygon","coordinates":[[[-38.29636,-6.48874],[-38.31731,-6.5037],[-38.31264,-6.50558],[-38.306,-6.50376],[-38.30423,-6.50654],[-38.30627,-6.50822],[-38.33545,-6.51313],[-38.35981,-6.53772],[-38.3746,-6.56039],[-38.41579,-6.6106],[-38.43634,-6.64974],[-38.46131,-6.67851],[-38.49187,-6.70368],[-38.4989,-6.70468],[-38.509,-6.70099],[-38.51771,-6.69297],[-38.51389,-6.68977],[-38.51273,-6.6835],[-38.49563,-6.67247],[-38.43712,-6.61243],[-38.32601,-6.48283],[-38.31799,-6.4758],[-38.3141,-6.4873],[-38.3063,-6.4898],[-38.2975,-6.4872],[-38.29636,-6.48874]]]}},{"type":"Feature","properties":{"SIGLA":"K1an","NOME":"Formação Antenor Navarro","LITOTIPOS":"Arenito, Arenito arcoseano, Conglomerado, Conglomerado polimítico","AMBIENTE_TECTONICO":null,"ERA_MIN":"Mesozóico","ERA_MAX":"Mesozóico","IDADE_MIN":100.6,"IDADE_MAX":145.0,"LEGENDA":"Arenitos grossos amarelados, conglomeráticos, acamamento médio a grosso, com estratificação cruzada; conglomerados quartzosos e polimíticos (por vezes com fragmentos atingindo 1,5 metro de diâmetro/comprimento); arenitos finos a médios, vermelhos e bem acamados. Leque aluvial e fluvial entrelaçado.","area_km2":0.1},"geometry":{"type":"Polygon","coordinates":[[[-38.53352,-6.39885],[-38.52863,-6.39457],[-38.52583,-6.39541],[-38.53352,-6.39885]]]}},{"type":"Feature","properties":{"SIGLA":"PP34_gamma_pc","NOME":"Suíte Poço da Cruz","LITOTIPOS":"Metagranito, Metamonzonito","AMBIENTE_TECTONICO":null,"ERA_MIN":"Paleoproterozóico","ERA_MAX":"Paleoproterozóico","IDADE_MIN":1600.1,"IDADE_MAX":2050.0,"LEGENDA":"Biotita augen gnaisse de composição granítica a granodiorítica, de coloração cinza-claro; leuco ortognaisse quartzo monzonítico a granítico.","area_km2":132.73},"geometry":{"type":"MultiPolygon","coordinates":[[[[-38.14425,-6.49605],[-38.17511,-6.52593],[-38.17765,-6.521],[-38.1809,-6.53204],[-38.2437,-6.60217],[-38.2651,-6.62393],[-38.30954,-6.65751],[-38.3252,-6.67829],[-38.33183,-6.67882],[-38.33682,-6.6743],[-38.35721,-6.68166],[-38.369,-6.67725],[-38.3427,-6.65641],[-38.24479,-6.55811],[-38.19318,-6.49689],[-38.1917,-6.4986],[-38.169,-6.5],[-38.1598,-6.4986],[-38.149,-6.4917],[-38.14425,-6.49605]]],[[[-38.11468,-6.52153],[-38.14362,-6.55239],[-38.14991,-6.55649],[-38.15364,-6.55605],[-38.1536,-6.55217],[-38.14581,-6.53884],[-38.14708,-6.5365],[-38.13102,-6.5204],[-38.11468,-6.52153]]],[[[-38.03465,-6.4751],[-38.04565,-6.49669],[-38.07048,-6.52156],[-38.07748,-6.51892],[-38.0766,-6.50923],[-38.08018,-6.50713],[-38.10193,-6.53097],[-38.10832,-6.53329],[-38.10058,-6.51781],[-38.10072,-6.51107],[-38.0971,-6.5081],[-38.0954,-6.4936],[-38.0814,-6.4835],[-38.0709,-6.4639],[-38.054,-6.4537],[-38.0519,-6.4434],[-38.0434,-6.4433],[-38.0439,-6.452],[-38.037,-6.4571],[-38.0409,-6.4703],[-38.0374,-6.4752],[-38.03465,-6.4751]]]]}},{"type":"Feature","properties":{"SIGLA":"NP3_delta_2","NOME":"Suíte Máfica a intermediária","LITOTIPOS":"Diorito, Gabro, Gabronorito, Granodiorito, Monzodiorito, Quartzo diorito, Tonalito","AMBIENTE_TECTONICO":null,"ERA_MIN":"Neoproterozóico","ERA_MAX":"Neoproterozóico","IDADE_MIN":541.1,"IDADE_MAX":635.0,"LEGENDA":"Gabro, gabro norito, diorito, monzo e quartzo diorito, quartzo monzonito e granodiorito, finos a médios, de afinidade subalcalina, cálcio-alcalino e shoshonítica. Localmente com enclaves de ortognaisse migmatíticos da unidade Mombaça.  . Idade U-Pb = 619 ± 92Ma.","area_km2":17.06},"geometry":{"type":"Polygon","coordinates":[[[-38.51071,-6.43224],[-38.52267,-6.42847],[-38.52658,-6.42202],[-38.52687,-6.41665],[-38.5188,-6.39388],[-38.50353,-6.36704],[-38.5008,-6.36857],[-38.49543,-6.3884],[-38.49266,-6.40926],[-38.49907,-6.42606],[-38.51071,-6.43224]]]}},{"type":"Feature","properties":{"SIGLA":"PP4_gamma_s","NOME":"Suíte Serra do Deserto","LITOTIPOS":"Augen gnaisse, Granito, Granodiorito, Metagranito, Quartzo monzonito, Quartzo sienito","AMBIENTE_TECTONICO":null,"ERA_MIN":"Paleoproterozóico","ERA_MAX":"Paleoproterozóico","IDADE_MIN":1600.1,"IDADE_MAX":1800.0,"LEGENDA":"Augen ortognaisses, de coloração geralmente rosa esbranquiçado, granítico a granodiorítico, à biotita +/- hornblenda, em certos locais com faixa centimétrica a métrica de concentrados de minerais máficos, além de ocorrer segmento de composição sienítica (s) e fácies de granulação fina a média rosada de composição granítica,  metaluminoso da série shoshonítica, de cor róseo. Ocorre ainda metassienito, metagranito, embrechito, além de muscovita ortognaisse protomilonítico a milonítico. Sheets de ortognaisses facoidais tipo Lima Campos, recortados por diques centimétricos a métricos de metafelsitos e/ou microgranitos; Ortognaisses porfiríticos, milonitizados. Quartzo-sienitos e quartzomonzonitos róseos com estrutura augen, a biotita e hornblenda, por vezes miloníticos\n ","area_km2":45.47},"geometry":{"type":"Polygon","coordinates":[[[-38.41005,-6.41098],[-38.42212,-6.44662],[-38.42681,-6.45434],[-38.43426,-6.45288],[-38.44239,-6.43648],[-38.44959,-6.43542],[-38.47906,-6.4759],[-38.55971,-6.51291],[-38.54766,-6.50412],[-38.51755,-6.47271],[-38.48215,-6.44792],[-38.45049,-6.39398],[-38.448,-6.4034],[-38.4383,-6.4099],[-38.4271,-6.4138],[-38.41005,-6.41098]]]}},{"type":"Feature","properties":{"SIGLA":"PP4sj","NOME":"Grupo Serra de São José","LITOTIPOS":"Biotita gnaisse, Mármore, Metaconglomerado, Quartzito, Rocha metavulcânica, Xisto","AMBIENTE_TECTONICO":null,"ERA_MIN":"Paleoproterozóico","ERA_MAX":"Paleoproterozóico","IDADE_MIN":1600.1,"IDADE_MAX":1800.0,"LEGENDA":"Xistos com biotita e, por vezes, com granada, quartzitos e mármores com intercalações de rochas metavulcânicas ácidas e básicas.","area_km2":33.86},"geometry":{"type":"MultiPolygon","coordinates":[[[[-38.52583,-6.39541],[-38.51564,-6.3755],[-38.4942,-6.3448],[-38.4765,-6.3338],[-38.4584,-6.3302],[-38.476,-6.3457],[-38.4886,-6.3616],[-38.4902,-6.3681],[-38.4843,-6.375],[-38.48402,-6.39114],[-38.4865,-6.3977],[-38.48425,-6.39756],[-38.4901,-6.42342],[-38.49807,-6.44015],[-38.51983,-6.44389],[-38.52548,-6.43369],[-38.53059,-6.43174],[-38.57041,-6.46948],[-38.5705,-6.4582],[-38.567,-6.4521],[-38.5564,-6.4476],[-38.5543,-6.4328],[-38.5384,-6.4213],[-38.5245,-6.4071],[-38.52583,-6.39541]],[[-38.50771,-6.43166],[-38.49907,-6.42606],[-38.49266,-6.40926],[-38.49543,-6.3884],[-38.5008,-6.36857],[-38.50353,-6.36704],[-38.51962,-6.39565],[-38.52703,-6.41832],[-38.52477,-6.42572],[-38.51987,-6.43081],[-38.50771,-6.43166]]],[[[-38.49816,-6.44035],[-38.50772,-6.45468],[-38.51685,-6.45551],[-38.51965,-6.44447],[-38.49816,-6.44035]]]]}},{"type":"Feature","properties":{"SIGLA":"NP3_gamma_2it3","NOME":"Corpo Plúton Pereiro","LITOTIPOS":"Diorito, Granito, Granodiorito, Monzonito","AMBIENTE_TECTONICO":null,"ERA_MIN":"Neoproterozóico","ERA_MAX":"Neoproterozóico","IDADE_MIN":541.1,"IDADE_MAX":635.0,"LEGENDA":"Granito e granodiorito grosso e porfirítico associados a diorito e a fases intermediárias de mistura, com ou sem epidoto magmático, calcialcalinos de alto K ","area_km2":52.15},"geometry":{"type":"MultiPolygon","coordinates":[[[[-38.58906,-6.49413],[-38.57629,-6.4912],[-38.56354,-6.48325],[-38.55694,-6.48292],[-38.55314,-6.48558],[-38.55484,-6.4925],[-38.58241,-6.52302],[-38.63272,-6.56407],[-38.6266,-6.553],[-38.6122,-6.5383],[-38.60762,-6.5304],[-38.6105,-6.5323],[-38.6161,-6.5281],[-38.6123,-6.5132],[-38.58906,-6.49413]]],[[[-38.52934,-6.34297],[-38.53518,-6.38607],[-38.54001,-6.40084],[-38.5448,-6.4023],[-38.5515,-6.3982],[-38.5644,-6.3997],[-38.572,-6.4041],[-38.581,-6.4018],[-38.5872,-6.3943],[-38.5941,-6.3969],[-38.6018,-6.3917],[-38.5949,-6.3866],[-38.5925,-6.3782],[-38.583,-6.374],[-38.5731,-6.3749],[-38.5771,-6.3642],[-38.5674,-6.3615],[-38.5625,-6.3557],[-38.5498,-6.3507],[-38.545,-6.3446],[-38.5326,-6.3417],[-38.52934,-6.34297]]]]}},{"type":"Feature","properties":{"SIGLA":"K1an","NOME":"Formação Antenor Navarro","LITOTIPOS":"Arenito, Arenito arcoseano, Conglomerado, Conglomerado polimítico","AMBIENTE_TECTONICO":null,"ERA_MIN":"Mesozóico","ERA_MAX":"Mesozóico","IDADE_MIN":100.6,"IDADE_MAX":145.0,"LEGENDA":"Arenitos grossos amarelados, conglomeráticos, acamamento médio a grosso, com estratificação cruzada; conglomerados quartzosos e polimíticos (por vezes com fragmentos atingindo 1,5 metro de diâmetro/comprimento); arenitos finos a médios, vermelhos e bem acamados. Leque aluvial e fluvial entrelaçado.","area_km2":52.13},"geometry":{"type":"Polygon","coordinates":[[[-37.83074,-6.72893],[-37.84367,-6.72734],[-37.84743,-6.72987],[-37.84824,-6.7345],[-37.84502,-6.73969],[-37.85069,-6.74927],[-37.86439,-6.75262],[-37.87042,-6.75743],[-37.87346,-6.76816],[-37.8821,-6.77615],[-37.89022,-6.7749],[-37.88991,-6.76835],[-37.89471,-6.76254],[-37.90068,-6.7467],[-37.90832,-6.7476],[-37.91746,-6.75331],[-37.90156,-6.76973],[-37.90899,-6.77014],[-37.93421,-6.78332],[-37.94183,-6.78206],[-37.94292,-6.77199],[-37.9464,-6.76592],[-37.95275,-6.76188],[-37.94781,-6.77383],[-37.95025,-6.78553],[-37.95975,-6.7912],[-37.96352,-6.79724],[-37.97825,-6.80437],[-37.98348,-6.81097],[-37.98856,-6.81312],[-37.99988,-6.80985],[-38.00503,-6.81312],[-38.01626,-6.81351],[-38.03475,-6.80679],[-38.05539,-6.80871],[-38.06321,-6.79977],[-38.08487,-6.7917],[-38.08542,-6.78731],[-38.07399,-6.78735],[-38.06799,-6.78849],[-38.0624,-6.79725],[-38.05783,-6.80012],[-38.03685,-6.79819],[-38.01199,-6.80666],[-38.0051,-6.80604],[-37.98874,-6.79869],[-37.97728,-6.79007],[-37.95122,-6.75695],[-37.93961,-6.75015],[-37.92408,-6.74517],[-37.91701,-6.73712],[-37.91033,-6.73493],[-37.90128,-6.74328],[-37.83403,-6.72348],[-37.83074,-6.72893]]]}},{"type":"Feature","properties":{"SIGLA":"NP3_gamma_2it9","NOME":"Corpo Plúton Pombal","LITOTIPOS":"Diorito, Granito, Granodiorito, Monzonito","AMBIENTE_TECTONICO":null,"ERA_MIN":"Neoproterozóico","ERA_MAX":"Neoproterozóico","IDADE_MIN":541.1,"IDADE_MAX":635.0,"LEGENDA":"Granito e granodiorito grosso e porfirítico associados a diorito e a fases intermediárias de mistura, com ou sem epidoto magmático, calcialcalinos de alto K ","area_km2":96.13},"geometry":{"type":"Polygon","coordinates":[[[-37.81745,-6.80393],[-37.80637,-6.77237],[-37.80702,-6.75887],[-37.80134,-6.73809],[-37.78468,-6.72837],[-37.76813,-6.72721],[-37.75062,-6.72175],[-37.72813,-6.70401],[-37.71968,-6.70981],[-37.71542,-6.71591],[-37.71484,-6.72169],[-37.72422,-6.72724],[-37.72599,-6.73569],[-37.71627,-6.74377],[-37.71525,-6.75206],[-37.71169,-6.75235],[-37.70677,-6.74601],[-37.70422,-6.74924],[-37.71402,-6.77377],[-37.72873,-6.79094],[-37.73219,-6.80362],[-37.73644,-6.8088],[-37.74408,-6.8142],[-37.76729,-6.81731],[-37.79996,-6.80422],[-37.81745,-6.80393]]]}},{"type":"Feature","properties":{"SIGLA":"K1an","NOME":"Formação Antenor Navarro","LITOTIPOS":"Arenito, Arenito arcoseano, Conglomerado, Conglomerado polimítico","AMBIENTE_TECTONICO":null,"ERA_MIN":"Mesozóico","ERA_MAX":"Mesozóico","IDADE_MIN":100.6,"IDADE_MAX":145.0,"LEGENDA":"Arenitos grossos amarelados, conglomeráticos, acamamento médio a grosso, com estratificação cruzada; conglomerados quartzosos e polimíticos (por vezes com fragmentos atingindo 1,5 metro de diâmetro/comprimento); arenitos finos a médios, vermelhos e bem acamados. Leque aluvial e fluvial entrelaçado.","area_km2":2.3},"geometry":{"type":"Polygon","coordinates":[[[-37.81765,-6.75098],[-37.83425,-6.76254],[-37.84347,-6.76852],[-37.83712,-6.74643],[-37.83156,-6.75008],[-37.83278,-6.75548],[-37.82526,-6.75127],[-37.81765,-6.75098]]]}},{"type":"Feature","properties":{"SIGLA":"NP3_gamma_2it9","NOME":"Corpo Plúton Pombal","LITOTIPOS":"Diorito, Granito, Granodiorito, Monzonito","AMBIENTE_TECTONICO":null,"ERA_MIN":"Neoproterozóico","ERA_MAX":"Neoproterozóico","IDADE_MIN":541.1,"IDADE_MAX":635.0,"LEGENDA":"Granito e granodiorito grosso e porfirítico associados a diorito e a fases intermediárias de mistura, com ou sem epidoto magmático, calcialcalinos de alto K ","area_km2":39.15},"geometry":{"type":"Polygon","coordinates":[[[-37.74273,-6.69782],[-37.75226,-6.69808],[-37.76217,-6.70528],[-37.77713,-6.7103],[-37.78794,-6.70962],[-37.79255,-6.70708],[-37.79484,-6.7146],[-37.81286,-6.72772],[-37.82395,-6.7303],[-37.83074,-6.72893],[-37.83403,-6.72348],[-37.85043,-6.72765],[-37.84845,-6.71228],[-37.84323,-6.69867],[-37.83895,-6.69399],[-37.82988,-6.68966],[-37.81564,-6.68998],[-37.79723,-6.68514],[-37.78293,-6.67241],[-37.7738,-6.67806],[-37.75942,-6.67884],[-37.73883,-6.69529],[-37.74273,-6.69782]]]}},{"type":"Feature","properties":{"SIGLA":"NP3_delta_2","NOME":"Suíte Máfica a intermediária","LITOTIPOS":"Diorito, Gabro, Gabronorito, Granodiorito, Monzodiorito, Quartzo diorito, Tonalito","AMBIENTE_TECTONICO":null,"ERA_MIN":"Neoproterozóico","ERA_MAX":"Neoproterozóico","IDADE_MIN":541.1,"IDADE_MAX":635.0,"LEGENDA":"Gabro, gabro norito, diorito, monzo e quartzo diorito, quartzo monzonito e granodiorito, finos a médios, de afinidade subalcalina, cálcio-alcalino e shoshonítica. Localmente com enclaves de ortognaisse migmatíticos da unidade Mombaça.  . Idade U-Pb = 619 ± 92Ma.","area_km2":9.74},"geometry":{"type":"Polygon","coordinates":[[[-37.85506,-6.70563],[-37.85723,-6.70337],[-37.85302,-6.68886],[-37.84648,-6.67647],[-37.825,-6.65991],[-37.81675,-6.65846],[-37.81147,-6.66567],[-37.81302,-6.67366],[-37.81937,-6.67909],[-37.83942,-6.68735],[-37.8505,-6.70285],[-37.85506,-6.70563]]]}},{"type":"Feature","properties":{"SIGLA":"PP34_gamma_pc","NOME":"Suíte Poço da Cruz","LITOTIPOS":"Metagranito, Metamonzonito","AMBIENTE_TECTONICO":null,"ERA_MIN":"Paleoproterozóico","ERA_MAX":"Paleoproterozóico","IDADE_MIN":1600.1,"IDADE_MAX":2050.0,"LEGENDA":"Biotita augen gnaisse de composição granítica a granodiorítica, de coloração cinza-claro; leuco ortognaisse quartzo monzonítico a granítico.","area_km2":116.15},"geometry":{"type":"Polygon","coordinates":[[[-37.85038,-6.63271],[-37.87698,-6.65614],[-37.90111,-6.66249],[-37.92304,-6.67487],[-37.9413,-6.67252],[-37.9722,-6.67283],[-37.99466,-6.66811],[-38.01485,-6.66908],[-38.02003,-6.66478],[-38.01802,-6.65675],[-38.01103,-6.65088],[-37.97661,-6.63471],[-37.9622,-6.61774],[-37.89931,-6.58771],[-37.84536,-6.55209],[-37.84798,-6.56755],[-37.86472,-6.60507],[-37.86347,-6.6196],[-37.85038,-6.63271]]]}},{"type":"Feature","properties":{"SIGLA":"Q2a","NOME":"Depósitos aluvionares","LITOTIPOS":"Areia, Areia arcoseana, Argila, Cascalho, Conglomerado polimítico, Silte","AMBIENTE_TECTONICO":"Cobertura superficial","ERA_MIN":"Cenozóico","ERA_MAX":"Cenozóico","IDADE_MIN":0.0,"IDADE_MAX":0.01,"LEGENDA":"Sedimentos areno-argilosos aluvionares inconsolidados, finos a médios, com cores variadas, restos de matéria orgânica e presença de seixos, areias finas a grossas, com níveis de cascalhos, lentes de material silto-argiloso e restos de matéria orgânica, relacionados a planícies de inundação, margens, barras de canal e canais fluviais atuais. Localmente, podem conter matacões.\n","area_km2":706.79},"geometry":{"type":"MultiPolygon","coordinates":[[[[-37.50673,-6.52078],[-37.49645,-6.51641],[-37.48093,-6.49105],[-37.4702,-6.4819],[-37.44196,-6.47019],[-37.43384,-6.4704],[-37.41968,-6.45459],[-37.3939,-6.43939],[-37.38432,-6.43069],[-37.3812,-6.4371],[-37.38242,-6.43905],[-37.40098,-6.4495],[-37.42997,-6.47859],[-37.44263,-6.48452],[-37.45863,-6.48516],[-37.46115,-6.48909],[-37.46005,-6.49564],[-37.46299,-6.49756],[-37.46602,-6.49269],[-37.4678,-6.50738],[-37.46493,-6.51364],[-37.47058,-6.5129],[-37.47427,-6.50634],[-37.47777,-6.50613],[-37.4999,-6.52804],[-37.56843,-6.56435],[-37.56915,-6.55971],[-37.57157,-6.55845],[-37.58881,-6.56977],[-37.60285,-6.5867],[-37.60943,-6.58879],[-37.61492,-6.59545],[-37.62858,-6.59863],[-37.63418,-6.6051],[-37.63204,-6.63751],[-37.6357,-6.6441],[-37.64818,-6.65188],[-37.64261,-6.65562],[-37.64367,-6.66312],[-37.63976,-6.66654],[-37.64614,-6.67624],[-37.6383,-6.69093],[-37.6397,-6.69507],[-37.65309,-6.70784],[-37.65418,-6.71429],[-37.65049,-6.71949],[-37.65346,-6.72451],[-37.64645,-6.7219],[-37.6419,-6.72534],[-37.63946,-6.73767],[-37.62897,-6.74559],[-37.62347,-6.75494],[-37.61539,-6.78317],[-37.60189,-6.80061],[-37.59554,-6.80247],[-37.58977,-6.79791],[-37.58728,-6.8024],[-37.58857,-6.81081],[-37.58411,-6.82007],[-37.57553,-6.82134],[-37.57533,-6.83189],[-37.58247,-6.82993],[-37.59597,-6.81385],[-37.61394,-6.80249],[-37.62044,-6.79294],[-37.62461,-6.8069],[-37.614,-6.82916],[-37.61315,-6.83564],[-37.58737,-6.86211],[-37.5822,-6.87655],[-37.57261,-6.88547],[-37.57561,-6.88901],[-37.58246,-6.88482],[-37.58201,-6.89692],[-37.58795,-6.90409],[-37.57738,-6.90694],[-37.58326,-6.91697],[-37.58006,-6.92211],[-37.57552,-6.92273],[-37.57918,-6.92632],[-37.56223,-6.93138],[-37.57069,-6.93572],[-37.58382,-6.93427],[-37.58669,-6.94361],[-37.59586,-6.94211],[-37.58935,-6.92494],[-37.59214,-6.92342],[-37.58973,-6.92099],[-37.59287,-6.91755],[-37.59246,-6.91392],[-37.59752,-6.91249],[-37.5944,-6.90041],[-37.59558,-6.87677],[-37.60084,-6.86351],[-37.60736,-6.85779],[-37.61081,-6.84899],[-37.62195,-6.83938],[-37.62659,-6.827],[-37.62741,-6.84826],[-37.60766,-6.87998],[-37.61113,-6.89411],[-37.61396,-6.88735],[-37.62396,-6.89407],[-37.62664,-6.89326],[-37.62028,-6.887],[-37.61741,-6.87932],[-37.63165,-6.84912],[-37.63866,-6.85996],[-37.64881,-6.86749],[-37.65264,-6.8734],[-37.66752,-6.88181],[-37.67289,-6.88189],[-37.66985,-6.87554],[-37.65577,-6.86702],[-37.65125,-6.85935],[-37.63965,-6.84874],[-37.63491,-6.83697],[-37.63493,-6.81944],[-37.64057,-6.78812],[-37.63822,-6.78441],[-37.62935,-6.78046],[-37.62846,-6.77725],[-37.63612,-6.76867],[-37.63338,-6.76081],[-37.63823,-6.75189],[-37.64121,-6.75029],[-37.65076,-6.75248],[-37.65529,-6.77042],[-37.66863,-6.78901],[-37.67086,-6.80708],[-37.67841,-6.80497],[-37.67972,-6.80003],[-37.6685,-6.77701],[-37.66734,-6.76531],[-37.66108,-6.74566],[-37.66177,-6.73777],[-37.68196,-6.75421],[-37.68395,-6.75981],[-37.68251,-6.77006],[-37.68811,-6.76812],[-37.69186,-6.77092],[-37.69931,-6.79019],[-37.70322,-6.81123],[-37.70129,-6.83533],[-37.70283,-6.84146],[-37.70511,-6.83486],[-37.71176,-6.82847],[-37.71169,-6.82174],[-37.70727,-6.81249],[-37.70821,-6.79837],[-37.69735,-6.75746],[-37.68949,-6.74479],[-37.66861,-6.72753],[-37.66765,-6.71816],[-37.65668,-6.69698],[-37.65445,-6.67363],[-37.65813,-6.66518],[-37.66349,-6.66175],[-37.66859,-6.66252],[-37.69951,-6.68323],[-37.71374,-6.68726],[-37.72446,-6.69535],[-37.72813,-6.70401],[-37.7394,-6.71111],[-37.7486,-6.72079],[-37.76624,-6.72684],[-37.78468,-6.72837],[-37.80134,-6.73809],[-37.80702,-6.75887],[-37.80637,-6.77237],[-37.81901,-6.80861],[-37.83638,-6.82974],[-37.83772,-6.83436],[-37.83106,-6.85308],[-37.83082,-6.85832],[-37.83556,-6.86949],[-37.84735,-6.87485],[-37.85403,-6.89149],[-37.86864,-6.89537],[-37.87326,-6.9025],[-37.87164,-6.91463],[-37.88614,-6.92507],[-37.88527,-6.93151],[-37.89176,-6.94001],[-37.9208,-6.95545],[-37.93788,-6.96047],[-37.94307,-6.97352],[-37.95653,-6.98399],[-37.95643,-6.98825],[-37.94801,-6.99572],[-37.94729,-7.00303],[-37.95874,-6.99776],[-37.96217,-7.0034],[-37.97408,-7.00373],[-37.97458,-7.00133],[-37.96502,-6.99649],[-37.96625,-6.99053],[-37.96789,-6.98776],[-37.9782,-6.98542],[-37.98473,-6.97934],[-37.9745,-6.98069],[-37.96591,-6.97893],[-37.95088,-6.9684],[-37.9485,-6.95618],[-37.94539,-6.9528],[-37.92438,-6.94662],[-37.89703,-6.9313],[-37.89525,-6.92129],[-37.88251,-6.91241],[-37.88249,-6.90642],[-37.88513,-6.90276],[-37.88128,-6.89633],[-37.84087,-6.86011],[-37.84444,-6.85128],[-37.84207,-6.84019],[-37.84262,-6.82692],[-37.83292,-6.81056],[-37.82655,-6.80471],[-37.81496,-6.77704],[-37.81697,-6.76776],[-37.81181,-6.74696],[-37.81637,-6.74594],[-37.81765,-6.75098],[-37.82526,-6.75127],[-37.83278,-6.75548],[-37.83156,-6.75008],[-37.83712,-6.74643],[-37.8381,-6.75521],[-37.84637,-6.77486],[-37.85328,-6.76853],[-37.86238,-6.78349],[-37.87734,-6.79467],[-37.88395,-6.79614],[-37.8948,-6.79215],[-37.91223,-6.79394],[-37.92093,-6.80204],[-37.93035,-6.80663],[-37.93375,-6.81741],[-37.93263,-6.82768],[-37.93838,-6.82509],[-37.9371,-6.81923],[-37.93952,-6.81487],[-37.94511,-6.81407],[-37.99703,-6.83467],[-38.00428,-6.83378],[-38.00661,-6.83837],[-38.03924,-6.83095],[-38.05531,-6.83591],[-38.06001,-6.83482],[-38.07183,-6.82284],[-38.0818,-6.81771],[-38.09815,-6.82434],[-38.10843,-6.83456],[-38.10915,-6.82963],[-38.10661,-6.82536],[-38.09878,-6.81911],[-38.10316,-6.8157],[-38.11578,-6.82139],[-38.12056,-6.82996],[-38.12556,-6.82539],[-38.14287,-6.83627],[-38.16754,-6.8418],[-38.18294,-6.84062],[-38.19177,-6.83187],[-38.20422,-6.83693],[-38.20796,-6.83438],[-38.20764,-6.82884],[-38.21105,-6.82803],[-38.22821,-6.8325],[-38.2294,-6.83372],[-38.22556,-6.83712],[-38.23186,-6.84517],[-38.23758,-6.84777],[-38.29482,-6.84768],[-38.299,-6.84632],[-38.29705,-6.84028],[-38.30059,-6.83675],[-38.30142,-6.83152],[-38.30825,-6.82876],[-38.31637,-6.83287],[-38.32483,-6.83214],[-38.31927,-6.82888],[-38.31326,-6.81807],[-38.28447,-6.8031],[-38.2766,-6.80216],[-38.24239,-6.78599],[-38.23729,-6.78617],[-38.22694,-6.79427],[-38.2178,-6.79611],[-38.22106,-6.79904],[-38.21471,-6.8071],[-38.20322,-6.79516],[-38.19506,-6.79213],[-38.19441,-6.79523],[-38.19166,-6.796],[-38.19501,-6.81062],[-38.1879,-6.80411],[-38.18364,-6.80532],[-38.18154,-6.80685],[-38.18079,-6.81446],[-38.17015,-6.81904],[-38.14553,-6.80466],[-38.12218,-6.80169],[-38.11224,-6.79643],[-38.10711,-6.79574],[-38.10215,-6.79869],[-38.09455,-6.79676],[-38.09226,-6.79052],[-38.0929,-6.77893],[-38.09678,-6.77732],[-38.10875,-6.77947],[-38.1122,-6.77617],[-38.11664,-6.77618],[-38.12836,-6.78198],[-38.12743,-6.77551],[-38.1198,-6.77022],[-38.12846,-6.75941],[-38.14955,-6.76604],[-38.16345,-6.75926],[-38.18096,-6.75944],[-38.20363,-6.75158],[-38.2063,-6.75408],[-38.20471,-6.76772],[-38.2074,-6.7708],[-38.22542,-6.77138],[-38.22407,-6.76329],[-38.22586,-6.76078],[-38.23307,-6.76347],[-38.23994,-6.77419],[-38.24697,-6.77882],[-38.2507,-6.77711],[-38.25511,-6.77848],[-38.26432,-6.77105],[-38.29374,-6.7906],[-38.30287,-6.80239],[-38.31806,-6.79881],[-38.32651,-6.79965],[-38.33613,-6.80408],[-38.3412,-6.80851],[-38.34959,-6.82321],[-38.3535,-6.82494],[-38.35281,-6.8148],[-38.35692,-6.81203],[-38.37208,-6.8382],[-38.38347,-6.84222],[-38.39961,-6.83729],[-38.40087,-6.83404],[-38.39551,-6.83365],[-38.39903,-6.8292],[-38.42115,-6.82499],[-38.42165,-6.82052],[-38.4146,-6.81987],[-38.39844,-6.80853],[-38.37971,-6.7891],[-38.37949,-6.78252],[-38.38679,-6.78056],[-38.39376,-6.78458],[-38.40303,-6.79454],[-38.4207,-6.79479],[-38.41142,-6.78896],[-38.40523,-6.78797],[-38.39826,-6.78171],[-38.39786,-6.77597],[-38.39175,-6.77328],[-38.40139,-6.76885],[-38.40275,-6.76199],[-38.40774,-6.76246],[-38.40773,-6.77039],[-38.41912,-6.77676],[-38.42495,-6.78396],[-38.43791,-6.78189],[-38.45481,-6.78338],[-38.45152,-6.77735],[-38.43748,-6.77693],[-38.43299,-6.77434],[-38.43051,-6.77119],[-38.43015,-6.76144],[-38.44147,-6.76059],[-38.44886,-6.75657],[-38.45211,-6.75163],[-38.46008,-6.7555],[-38.46974,-6.75309],[-38.47406,-6.74669],[-38.47979,-6.74365],[-38.4833,-6.7536],[-38.48172,-6.76124],[-38.48564,-6.76474],[-38.48539,-6.77068],[-38.49046,-6.77691],[-38.49098,-6.79064],[-38.4943,-6.79541],[-38.4954,-6.80479],[-38.51703,-6.8069],[-38.5429,-6.79948],[-38.54782,-6.8005],[-38.55359,-6.79876],[-38.54919,-6.79451],[-38.53237,-6.79517],[-38.51824,-6.78667],[-38.51697,-6.77985],[-38.50344,-6.76928],[-38.50002,-6.76004],[-38.5055,-6.75446],[-38.51729,-6.75259],[-38.52198,-6.74873],[-38.5303,-6.74651],[-38.54295,-6.74824],[-38.55371,-6.76408],[-38.55756,-6.76305],[-38.55646,-6.75216],[-38.54686,-6.74281],[-38.55754,-6.74206],[-38.55877,-6.73781],[-38.53724,-6.73915],[-38.53294,-6.73495],[-38.53877,-6.72301],[-38.54865,-6.72194],[-38.5433,-6.71564],[-38.54643,-6.71325],[-38.5459,-6.7109],[-38.57877,-6.71319],[-38.58744,-6.71649],[-38.59399,-6.70987],[-38.60181,-6.71212],[-38.61733,-6.70961],[-38.63492,-6.71122],[-38.64831,-6.70048],[-38.64663,-6.69835],[-38.63807,-6.69898],[-38.62117,-6.69152],[-38.5991,-6.69344],[-38.58959,-6.68853],[-38.59166,-6.67761],[-38.59949,-6.67926],[-38.60181,-6.67483],[-38.59894,-6.66226],[-38.59404,-6.66595],[-38.58783,-6.666],[-38.58995,-6.65665],[-38.58663,-6.65127],[-38.59092,-6.64119],[-38.58756,-6.64034],[-38.58166,-6.64678],[-38.57906,-6.65488],[-38.58061,-6.67077],[-38.57667,-6.68243],[-38.56869,-6.68812],[-38.55636,-6.68778],[-38.55392,-6.68694],[-38.55154,-6.67987],[-38.54821,-6.67925],[-38.548,-6.68705],[-38.53994,-6.69617],[-38.53582,-6.70986],[-38.53054,-6.71098],[-38.52865,-6.70763],[-38.5245,-6.70717],[-38.51528,-6.69459],[-38.509,-6.70099],[-38.4989,-6.70468],[-38.49717,-6.70914],[-38.4919,-6.71196],[-38.48489,-6.72337],[-38.48485,-6.73126],[-38.47983,-6.73154],[-38.47042,-6.73842],[-38.46174,-6.74014],[-38.45654,-6.73492],[-38.45669,-6.73116],[-38.46929,-6.7066],[-38.46844,-6.70284],[-38.46372,-6.70075],[-38.46099,-6.70255],[-38.44777,-6.72369],[-38.44173,-6.72803],[-38.43803,-6.72585],[-38.44271,-6.71653],[-38.44012,-6.708],[-38.43143,-6.70206],[-38.42629,-6.70564],[-38.42052,-6.70526],[-38.41038,-6.69472],[-38.4067,-6.69744],[-38.41201,-6.70595],[-38.42915,-6.71198],[-38.43715,-6.71952],[-38.43299,-6.72418],[-38.42065,-6.72734],[-38.42281,-6.73216],[-38.41876,-6.73354],[-38.41871,-6.73568],[-38.42813,-6.73842],[-38.42851,-6.74196],[-38.41626,-6.75119],[-38.4055,-6.75067],[-38.40189,-6.74771],[-38.40427,-6.73891],[-38.39876,-6.735],[-38.394,-6.73716],[-38.39233,-6.74875],[-38.37333,-6.75026],[-38.36804,-6.74973],[-38.36563,-6.74272],[-38.3663,-6.72461],[-38.36052,-6.72291],[-38.35563,-6.73023],[-38.35059,-6.73282],[-38.33356,-6.73106],[-38.3248,-6.72481],[-38.31569,-6.72496],[-38.32663,-6.71761],[-38.33519,-6.70667],[-38.33757,-6.70889],[-38.34106,-6.70599],[-38.33537,-6.70404],[-38.34033,-6.69636],[-38.32348,-6.69704],[-38.3097,-6.70506],[-38.29876,-6.68924],[-38.27528,-6.67616],[-38.28971,-6.69534],[-38.28971,-6.72163],[-38.28334,-6.72514],[-38.27642,-6.72059],[-38.27094,-6.72022],[-38.25686,-6.72471],[-38.24427,-6.73758],[-38.24277,-6.74801],[-38.23976,-6.75131],[-38.23224,-6.74018],[-38.22348,-6.73285],[-38.23462,-6.72068],[-38.23814,-6.70933],[-38.22596,-6.71858],[-38.2135,-6.72056],[-38.20843,-6.71871],[-38.20237,-6.72252],[-38.18624,-6.71774],[-38.18329,-6.72382],[-38.17824,-6.7251],[-38.17737,-6.74102],[-38.17179,-6.73912],[-38.15836,-6.74131],[-38.15306,-6.74481],[-38.15235,-6.74074],[-38.16369,-6.73203],[-38.1678,-6.71589],[-38.16339,-6.7092],[-38.14801,-6.70482],[-38.14687,-6.70626],[-38.15363,-6.71264],[-38.15284,-6.71664],[-38.15593,-6.72096],[-38.14913,-6.72521],[-38.14728,-6.7306],[-38.14911,-6.73471],[-38.14453,-6.74363],[-38.13676,-6.74684],[-38.12932,-6.74509],[-38.1244,-6.7407],[-38.13271,-6.71519],[-38.12407,-6.71744],[-38.12012,-6.72383],[-38.11827,-6.73346],[-38.1205,-6.74265],[-38.11166,-6.75298],[-38.1052,-6.76902],[-38.10181,-6.76947],[-38.09845,-6.76505],[-38.0915,-6.76397],[-38.09031,-6.74921],[-38.08482,-6.75123],[-38.08217,-6.76258],[-38.083,-6.77421],[-38.07523,-6.76934],[-38.08589,-6.78173],[-38.08487,-6.7917],[-38.08218,-6.79371],[-38.06321,-6.79977],[-38.05539,-6.80871],[-38.03475,-6.80679],[-38.01626,-6.81351],[-38.00503,-6.81312],[-37.99988,-6.80985],[-37.98856,-6.81312],[-37.98348,-6.81097],[-37.97825,-6.80437],[-37.96352,-6.79724],[-37.95975,-6.7912],[-37.95025,-6.78553],[-37.94781,-6.77383],[-37.95275,-6.76188],[-37.9464,-6.76592],[-37.94292,-6.77199],[-37.94183,-6.78206],[-37.93421,-6.78332],[-37.90899,-6.77014],[-37.90156,-6.76973],[-37.91746,-6.75331],[-37.90832,-6.7476],[-37.90068,-6.7467],[-37.89471,-6.76254],[-37.88991,-6.76835],[-37.89022,-6.7749],[-37.8821,-6.77615],[-37.87346,-6.76816],[-37.87042,-6.75743],[-37.86439,-6.75262],[-37.85069,-6.74927],[-37.84502,-6.73969],[-37.84824,-6.7345],[-37.84574,-6.72818],[-37.82267,-6.73042],[-37.81286,-6.72772],[-37.79484,-6.7146],[-37.79255,-6.70708],[-37.78794,-6.70962],[-37.77713,-6.7103],[-37.76217,-6.70528],[-37.75226,-6.69808],[-37.74273,-6.69782],[-37.73285,-6.69309],[-37.72017,-6.68068],[-37.68941,-6.6675],[-37.67387,-6.65603],[-37.65071,-6.64701],[-37.64004,-6.63611],[-37.64503,-6.60801],[-37.63536,-6.58639],[-37.62587,-6.58503],[-37.60144,-6.57186],[-37.57363,-6.54566],[-37.53766,-6.53867],[-37.50791,-6.52155],[-37.5123,-6.5309],[-37.50673,-6.52078]],[[-38.29445,-6.74415],[-38.30178,-6.74216],[-38.30798,-6.73624],[-38.31325,-6.73834],[-38.31521,-6.74942],[-38.334,-6.74824],[-38.34,-6.745],[-38.34327,-6.74621],[-38.34675,-6.74866],[-38.34851,-6.76062],[-38.35225,-6.75942],[-38.35934,-6.76403],[-38.36546,-6.76442],[-38.37188,-6.7836],[-38.3451,-6.78141],[-38.3357,-6.7712],[-38.31683,-6.76381],[-38.29742,-6.76117],[-38.29296,-6.76321],[-38.27745,-6.75873],[-38.27522,-6.7541],[-38.27758,-6.74718],[-38.2764,-6.7432],[-38.29445,-6.74415]],[[-38.50412,-6.7142],[-38.52202,-6.70838],[-38.52671,-6.71048],[-38.52744,-6.71653],[-38.52306,-6.72964],[-38.51217,-6.73282],[-38.50921,-6.7285],[-38.50197,-6.72726],[-38.50087,-6.7237],[-38.50412,-6.7142]],[[-38.25286,-6.82844],[-38.24284,-6.82504],[-38.24101,-6.81898],[-38.23496,-6.81234],[-38.23755,-6.80573],[-38.24386,-6.80458],[-38.24563,-6.8108],[-38.2518,-6.81491],[-38.25746,-6.82685],[-38.26036,-6.82173],[-38.27094,-6.83162],[-38.26086,-6.83948],[-38.25491,-6.83387],[-38.25286,-6.82844]],[[-38.26288,-6.74976],[-38.26711,-6.73398],[-38.27008,-6.73384],[-38.27301,-6.74109],[-38.26628,-6.74997],[-38.26288,-6.74976]],[[-37.6318,-6.794],[-37.6312,-6.8065],[-37.6298,-6.8199],[-37.6318,-6.794]]],[[[-37.57553,-6.82134],[-37.5743,-6.82701],[-37.57468,-6.83206],[-37.57553,-6.82134]]]]}},{"type":"Feature","properties":{"SIGLA":"PP2cai2","NOME":"Unidade Caicó - ortognaisse","LITOTIPOS":"Augen gnaisse, Metagranito, Migmatito, Ortognaisse granodiorítico","AMBIENTE_TECTONICO":null,"ERA_MIN":"Paleoproterozóico","ERA_MAX":"Paleoproterozóico","IDADE_MIN":2050.1,"IDADE_MAX":2300.0,"LEGENDA":"Ortognaisse diorítico a granítico com restos de supracrustais","area_km2":20.95},"geometry":{"type":"Polygon","coordinates":[[[-37.76437,-6.55819],[-37.77261,-6.5552],[-37.7786,-6.5487],[-37.78233,-6.53848],[-37.78182,-6.52717],[-37.77592,-6.50854],[-37.76065,-6.47848],[-37.74965,-6.46524],[-37.7451,-6.46421],[-37.74317,-6.46717],[-37.7446,-6.48048],[-37.75611,-6.5049],[-37.76091,-6.52381],[-37.75664,-6.53769],[-37.75631,-6.54856],[-37.75964,-6.55662],[-37.76437,-6.55819]]]}},{"type":"Feature","properties":{"SIGLA":"NP3_gamma_2it8","NOME":"Corpo Plúton Catolé do Rocha","LITOTIPOS":"Diorito, Granito, Granodiorito, Monzonito","AMBIENTE_TECTONICO":null,"ERA_MIN":"Neoproterozóico","ERA_MAX":"Neoproterozóico","IDADE_MIN":541.1,"IDADE_MAX":635.0,"LEGENDA":"Granito e granodiorito grosso e porfirítico associados a diorito e a fases intermediárias de mistura, com ou sem epidoto magmático, calcialcalinos de alto K ","area_km2":1562.25},"geometry":{"type":"Polygon","coordinates":[[[-37.76594,-6.27764],[-37.7567,-6.28507],[-37.74929,-6.28778],[-37.72536,-6.28341],[-37.71728,-6.28638],[-37.70046,-6.28332],[-37.6875,-6.28799],[-37.66555,-6.28468],[-37.63807,-6.29343],[-37.62401,-6.3044],[-37.61107,-6.3232],[-37.60739,-6.34361],[-37.6118,-6.36686],[-37.60673,-6.37442],[-37.60096,-6.37371],[-37.55184,-6.34365],[-37.45494,-6.29248],[-37.44888,-6.29545],[-37.4505,-6.30242],[-37.45707,-6.30923],[-37.47423,-6.3213],[-37.51233,-6.34037],[-37.5071,-6.34232],[-37.49505,-6.34086],[-37.46176,-6.32284],[-37.45179,-6.32133],[-37.44172,-6.32841],[-37.43839,-6.33967],[-37.42307,-6.34687],[-37.42083,-6.35343],[-37.42837,-6.3653],[-37.5252,-6.40648],[-37.55057,-6.44984],[-37.57481,-6.47719],[-37.59312,-6.48967],[-37.61685,-6.51638],[-37.64665,-6.53091],[-37.66037,-6.54037],[-37.66479,-6.55339],[-37.66353,-6.55726],[-37.65861,-6.56007],[-37.64664,-6.56042],[-37.60981,-6.55035],[-37.59666,-6.55148],[-37.58661,-6.55595],[-37.60144,-6.57186],[-37.62587,-6.58503],[-37.63536,-6.58639],[-37.64503,-6.60801],[-37.64004,-6.63611],[-37.64446,-6.64243],[-37.65646,-6.65032],[-37.66685,-6.64645],[-37.67694,-6.64809],[-37.68566,-6.66044],[-37.69719,-6.66759],[-37.7012,-6.66845],[-37.716,-6.6629],[-37.7358,-6.67431],[-37.75378,-6.67501],[-37.76545,-6.67201],[-37.7791,-6.66313],[-37.78749,-6.65084],[-37.7923,-6.63285],[-37.7926,-6.59725],[-37.7881,-6.5979],[-37.79261,-6.597],[-37.79283,-6.59414],[-37.78976,-6.57063],[-37.79731,-6.57137],[-37.80898,-6.59427],[-37.8313,-6.5917],[-37.80925,-6.59486],[-37.81874,-6.61472],[-37.82847,-6.62785],[-37.83501,-6.63131],[-37.85038,-6.63271],[-37.86215,-6.62186],[-37.86492,-6.60792],[-37.86166,-6.59522],[-37.84798,-6.56755],[-37.84536,-6.55209],[-37.89931,-6.58771],[-37.93896,-6.60829],[-37.97316,-6.59948],[-38.00326,-6.57702],[-38.00888,-6.57896],[-38.01761,-6.59576],[-38.02453,-6.59962],[-38.03065,-6.59851],[-38.04023,-6.5806],[-38.04698,-6.57468],[-38.04998,-6.56689],[-38.04352,-6.53892],[-38.04723,-6.51941],[-38.03365,-6.49617],[-38.00396,-6.46309],[-38.00228,-6.45556],[-38.00629,-6.4312],[-37.9973,-6.4265],[-37.9834,-6.4281],[-37.9711,-6.4224],[-37.9677,-6.4162],[-37.968,-6.4051],[-37.9554,-6.3982],[-37.9552,-6.4081],[-37.9494,-6.418],[-37.9423,-6.4241],[-37.9261,-6.4211],[-37.9194,-6.4116],[-37.9015,-6.3997],[-37.8903,-6.4001],[-37.8843,-6.3917],[-37.8885,-6.3872],[-37.8891,-6.3704],[-37.8833,-6.367],[-37.8589,-6.3744],[-37.8542,-6.3663],[-37.8415,-6.363],[-37.8441,-6.3544],[-37.8343,-6.3417],[-37.8432,-6.3331],[-37.8402,-6.3268],[-37.8287,-6.3195],[-37.8165,-6.3162],[-37.8145,-6.3123],[-37.824,-6.306],[-37.8121,-6.2927],[-37.7945,-6.289],[-37.7649,-6.2922],[-37.7581,-6.2866],[-37.76594,-6.27764]],[[-37.76102,-6.55754],[-37.75686,-6.55089],[-37.75593,-6.54357],[-37.76091,-6.52381],[-37.75611,-6.5049],[-37.74403,-6.47829],[-37.74317,-6.46717],[-37.74572,-6.4641],[-37.75049,-6.46608],[-37.76263,-6.48204],[-37.77783,-6.51326],[-37.78266,-6.53171],[-37.7818,-6.54091],[-37.7773,-6.55077],[-37.7688,-6.5573],[-37.76102,-6.55754]],[[-37.64116,-6.38566],[-37.63716,-6.36498],[-37.63905,-6.3552],[-37.64359,-6.34896],[-37.64889,-6.34615],[-37.6623,-6.34727],[-37.66686,-6.35434],[-37.6675,-6.36064],[-37.64998,-6.3733],[-37.64502,-6.3882],[-37.64116,-6.38566]],[[-37.62661,-6.45397],[-37.64314,-6.4493],[-37.64665,-6.45144],[-37.64593,-6.46767],[-37.63824,-6.47331],[-37.63402,-6.48039],[-37.62423,-6.48463],[-37.62571,-6.47412],[-37.62027,-6.46349],[-37.62661,-6.45397]],[[-37.63145,-6.4076],[-37.63819,-6.40184],[-37.63894,-6.40603],[-37.64495,-6.40947],[-37.64479,-6.41533],[-37.63732,-6.41539],[-37.6345,-6.41851],[-37.63145,-6.4076]]]}},{"type":"Feature","properties":{"SIGLA":"NP3sq","NOME":"Formação Serra dos Quintos","LITOTIPOS":"Clorita xisto, Formação ferrífera bandada, Gnaisse, Mármore, Metabasalto, Quartzito ferruginoso, Rocha metaultramáfica, Tremolita-clorita xisto, Xisto","AMBIENTE_TECTONICO":null,"ERA_MIN":"Neoproterozóico","ERA_MAX":"Neoproterozóico","IDADE_MIN":541.1,"IDADE_MAX":635.0,"LEGENDA":"Xisto, gnaisse, BIF, metamáfica, metaultramáfica, marmore","area_km2":54.96},"geometry":{"type":"MultiPolygon","coordinates":[[[[-37.20134,-6.82579],[-37.20777,-6.85684],[-37.20379,-6.87236],[-37.20413,-6.88007],[-37.1873,-6.8577],[-37.18169,-6.81794],[-37.1728,-6.8153],[-37.1663,-6.8071],[-37.1522,-6.7984],[-37.14376,-6.78341],[-37.14141,-6.80044],[-37.14829,-6.82145],[-37.14951,-6.81265],[-37.15148,-6.81219],[-37.1982,-6.88038],[-37.18063,-6.8682],[-37.16387,-6.84714],[-37.15771,-6.84347],[-37.1563,-6.85425],[-37.16657,-6.86724],[-37.18551,-6.88481],[-37.21343,-6.90038],[-37.25137,-6.90982],[-37.28917,-6.91404],[-37.33256,-6.91486],[-37.31311,-6.91218],[-37.26626,-6.89319],[-37.25195,-6.89212],[-37.22724,-6.88235],[-37.22381,-6.87378],[-37.22618,-6.86721],[-37.23085,-6.86489],[-37.22017,-6.85181],[-37.20975,-6.82549],[-37.20134,-6.82579]]],[[[-37.12994,-6.769],[-37.1344,-6.7815],[-37.13485,-6.77646],[-37.12994,-6.769]]]]}},{"type":"Feature","properties":{"SIGLA":"NP3_delta_2","NOME":"Suíte Máfica a intermediária","LITOTIPOS":"Diorito, Gabro, Gabronorito, Granodiorito, Monzodiorito, Quartzo diorito, Tonalito","AMBIENTE_TECTONICO":null,"ERA_MIN":"Neoproterozóico","ERA_MAX":"Neoproterozóico","IDADE_MIN":541.1,"IDADE_MAX":635.0,"LEGENDA":"Gabro, gabro norito, diorito, monzo e quartzo diorito, quartzo monzonito e granodiorito, finos a médios, de afinidade subalcalina, cálcio-alcalino e shoshonítica. Localmente com enclaves de ortognaisse migmatíticos da unidade Mombaça.  . Idade U-Pb = 619 ± 92Ma.","area_km2":10.66},"geometry":{"type":"Polygon","coordinates":[[[-37.18169,-6.81794],[-37.1873,-6.8577],[-37.20413,-6.88007],[-37.20379,-6.87236],[-37.20777,-6.85684],[-37.20197,-6.82736],[-37.1927,-6.8261],[-37.18169,-6.81794]]]}},{"type":"Feature","properties":{"SIGLA":"NP3_delta_2","NOME":"Suíte Máfica a intermediária","LITOTIPOS":"Diorito, Gabro, Gabronorito, Granodiorito, Monzodiorito, Quartzo diorito, Tonalito","AMBIENTE_TECTONICO":null,"ERA_MIN":"Neoproterozóico","ERA_MAX":"Neoproterozóico","IDADE_MIN":541.1,"IDADE_MAX":635.0,"LEGENDA":"Gabro, gabro norito, diorito, monzo e quartzo diorito, quartzo monzonito e granodiorito, finos a médios, de afinidade subalcalina, cálcio-alcalino e shoshonítica. Localmente com enclaves de ortognaisse migmatíticos da unidade Mombaça.  . Idade U-Pb = 619 ± 92Ma.","area_km2":1.08},"geometry":{"type":"Polygon","coordinates":[[[-37.13485,-6.77646],[-37.13683,-6.78827],[-37.14141,-6.80044],[-37.14376,-6.78341],[-37.1381,-6.7814],[-37.13485,-6.77646]]]}},{"type":"Feature","properties":{"SIGLA":"PP2cai2","NOME":"Unidade Caicó - ortognaisse","LITOTIPOS":"Augen gnaisse, Metagranito, Migmatito, Ortognaisse granodiorítico","AMBIENTE_TECTONICO":null,"ERA_MIN":"Paleoproterozóico","ERA_MAX":"Paleoproterozóico","IDADE_MIN":2050.1,"IDADE_MAX":2300.0,"LEGENDA":"Ortognaisse diorítico a granítico com restos de supracrustais","area_km2":469.65},"geometry":{"type":"MultiPolygon","coordinates":[[[[-37.39419,-6.4909],[-37.41157,-6.46114],[-37.40098,-6.4495],[-37.39047,-6.44322],[-37.38716,-6.44666],[-37.391,-6.4528],[-37.39419,-6.4909]]],[[[-37.00446,-6.7103],[-37.01755,-6.73524],[-37.03289,-6.74738],[-37.04324,-6.76659],[-37.08015,-6.79639],[-37.11787,-6.83762],[-37.1843,-6.90212],[-37.20233,-6.91513],[-37.22113,-6.92445],[-37.28282,-6.94045],[-37.346,-6.94255],[-37.46271,-6.93617],[-37.54626,-6.92661],[-37.57918,-6.92632],[-37.57552,-6.92273],[-37.58006,-6.92211],[-37.58326,-6.91697],[-37.57827,-6.90816],[-37.53671,-6.90746],[-37.50819,-6.90179],[-37.48527,-6.89372],[-37.48208,-6.89848],[-37.46275,-6.88719],[-37.4636,-6.89851],[-37.45769,-6.89426],[-37.45223,-6.89455],[-37.44688,-6.89177],[-37.43917,-6.88427],[-37.42438,-6.88794],[-37.41479,-6.84165],[-37.4137,-6.83187],[-37.41609,-6.81371],[-37.40313,-6.83054],[-37.40336,-6.85071],[-37.40589,-6.8541],[-37.40309,-6.85457],[-37.40115,-6.86176],[-37.39133,-6.86774],[-37.39488,-6.89366],[-37.39159,-6.89387],[-37.36677,-6.88114],[-37.35301,-6.86176],[-37.34958,-6.84583],[-37.35058,-6.77629],[-37.36404,-6.72254],[-37.36315,-6.70981],[-37.35951,-6.70095],[-37.3427,-6.7012],[-37.3143,-6.689],[-37.2837,-6.6939],[-37.2902,-6.713],[-37.2799,-6.7242],[-37.2639,-6.7322],[-37.26833,-6.74825],[-37.27764,-6.74059],[-37.28464,-6.73093],[-37.29205,-6.72703],[-37.29861,-6.72838],[-37.29874,-6.73549],[-37.2969,-6.7429],[-37.29382,-6.74443],[-37.29612,-6.7452],[-37.28598,-6.78278],[-37.28659,-6.8134],[-37.29062,-6.82402],[-37.2892,-6.82569],[-37.2932,-6.84653],[-37.2968,-6.8539],[-37.30061,-6.85527],[-37.29993,-6.86327],[-37.30885,-6.87876],[-37.32253,-6.89407],[-37.32265,-6.90117],[-37.3137,-6.90057],[-37.29883,-6.8944],[-37.27636,-6.87629],[-37.25723,-6.84135],[-37.24128,-6.8202],[-37.2346,-6.8246],[-37.20975,-6.82549],[-37.22411,-6.85835],[-37.26626,-6.89319],[-37.31311,-6.91218],[-37.33256,-6.91486],[-37.28917,-6.91404],[-37.25137,-6.90982],[-37.21343,-6.90038],[-37.19851,-6.89311],[-37.17612,-6.87704],[-37.1563,-6.85425],[-37.15771,-6.84347],[-37.16387,-6.84714],[-37.18063,-6.8682],[-37.1982,-6.88038],[-37.15148,-6.81219],[-37.14951,-6.81265],[-37.14829,-6.82145],[-37.1277,-6.7656],[-37.1201,-6.7673],[-37.0629,-6.751],[-37.0413,-6.7401],[-37.00446,-6.7103]]]]}},{"type":"Feature","properties":{"SIGLA":"NP3_gamma_2it8","NOME":"Corpo Plúton Catolé do Rocha","LITOTIPOS":"Diorito, Granito, Granodiorito, Monzonito","AMBIENTE_TECTONICO":null,"ERA_MIN":"Neoproterozóico","ERA_MAX":"Neoproterozóico","IDADE_MIN":541.1,"IDADE_MAX":635.0,"LEGENDA":"Granito e granodiorito grosso e porfirítico associados a diorito e a fases intermediárias de mistura, com ou sem epidoto magmático, calcialcalinos de alto K ","area_km2":11.8},"geometry":{"type":"Polygon","coordinates":[[[-37.6329,-6.66589],[-37.64295,-6.68322],[-37.64614,-6.67624],[-37.63976,-6.66654],[-37.64367,-6.66312],[-37.64261,-6.65562],[-37.64818,-6.65188],[-37.6357,-6.6441],[-37.63204,-6.63751],[-37.63418,-6.6051],[-37.62858,-6.59863],[-37.61492,-6.59545],[-37.60943,-6.58879],[-37.60285,-6.5867],[-37.61765,-6.60264],[-37.62539,-6.61472],[-37.62126,-6.63418],[-37.6329,-6.66589]]]}},{"type":"Feature","properties":{"SIGLA":"PP2cai2","NOME":"Unidade Caicó - ortognaisse","LITOTIPOS":"Augen gnaisse, Metagranito, Migmatito, Ortognaisse granodiorítico","AMBIENTE_TECTONICO":null,"ERA_MIN":"Paleoproterozóico","ERA_MAX":"Paleoproterozóico","IDADE_MIN":2050.1,"IDADE_MAX":2300.0,"LEGENDA":"Ortognaisse diorítico a granítico com restos de supracrustais","area_km2":12.9},"geometry":{"type":"Polygon","coordinates":[[[-37.52354,-6.54016],[-37.49713,-6.5262],[-37.48878,-6.51599],[-37.4892,-6.54625],[-37.4932,-6.55976],[-37.49859,-6.56775],[-37.50661,-6.56825],[-37.51784,-6.55665],[-37.5233,-6.54455],[-37.52354,-6.54016]]]}},{"type":"Feature","properties":{"SIGLA":"NP3_gamma_i","NOME":"Corpo Granitoides indiscriminados brasilianos","LITOTIPOS":"Biotita granito, Granito pórfiro, Granitoide, Granodiorito, Metagranito, Monzogranito, Quartzo diorito, Quartzo monzonito, Sienogranito, Tonalito","AMBIENTE_TECTONICO":null,"ERA_MIN":"Neoproterozóico","ERA_MAX":"Neoproterozóico","IDADE_MIN":541.1,"IDADE_MAX":635.0,"LEGENDA":"Granitoides de composição petrográfica diversa e quimismo não determinado. Granitoides cinzentos, geralmente de granulometria média a grossa (fácies porfirítica subordinada), de composição granítica dominante, em parte com enclaves dioríticos, em jazimentos individualizados ou intrusivos, de foliação incipiente, alguns gnaissificados e fortemente milonitizados. Monzogranito, granodiorito, tonalito e sienogranito cinza claro a róseo, com granulação fina, foliação definida pela orientação preferencial da biotita; possuem xenólitos; Sienito isotrópico fino a médio, inequigranular e porfirítico.; Hornblenda -biotita diorito e monzodiorito inequigranular fino, foliado, de coloração cinza escura, com enclaves microgranulares e clots de biotita; Biotita metaquartzo sienito a granito peraluminoso, metagranito com biotita metaluminoso e hiperstênio-hornblenda metatonalito. Localmente, exibem foliação magmática; Também ocorrem quartzo diorito, granodiorito, tonalito e quartzo monzonito fortemente milonitizados. Também ocorrem quartzo diorito, granodiorito, tonalito e quartzo monzonito.","area_km2":10.49},"geometry":{"type":"Polygon","coordinates":[[[-37.44217,-6.53307],[-37.43678,-6.50336],[-37.44263,-6.48452],[-37.43434,-6.48186],[-37.42123,-6.50164],[-37.41845,-6.52323],[-37.42069,-6.5331],[-37.44217,-6.53307]]]}},{"type":"Feature","properties":{"SIGLA":"PP34_gamma_pc","NOME":"Suíte Poço da Cruz","LITOTIPOS":"Metagranito, Metamonzonito","AMBIENTE_TECTONICO":null,"ERA_MIN":"Paleoproterozóico","ERA_MAX":"Paleoproterozóico","IDADE_MIN":1600.1,"IDADE_MAX":2050.0,"LEGENDA":"Biotita augen gnaisse de composição granítica a granodiorítica, de coloração cinza-claro; leuco ortognaisse quartzo monzonítico a granítico.","area_km2":118.04},"geometry":{"type":"Polygon","coordinates":[[[-37.52743,-6.53302],[-37.54336,-6.54076],[-37.57363,-6.54566],[-37.58062,-6.55386],[-37.58661,-6.55595],[-37.59666,-6.55148],[-37.60981,-6.55035],[-37.65329,-6.56079],[-37.66121,-6.55919],[-37.66479,-6.55339],[-37.66358,-6.54629],[-37.65752,-6.53745],[-37.61685,-6.51638],[-37.59772,-6.49397],[-37.57229,-6.47467],[-37.55057,-6.44984],[-37.54547,-6.43883],[-37.5285,-6.42372],[-37.51285,-6.41712],[-37.50915,-6.42089],[-37.51049,-6.43757],[-37.50432,-6.44811],[-37.5037,-6.46108],[-37.52011,-6.49293],[-37.52572,-6.52718],[-37.52743,-6.53302]]]}},{"type":"Feature","properties":{"SIGLA":"NP3_delta_2","NOME":"Suíte Máfica a intermediária","LITOTIPOS":"Diorito, Gabro, Gabronorito, Granodiorito, Monzodiorito, Quartzo diorito, Tonalito","AMBIENTE_TECTONICO":null,"ERA_MIN":"Neoproterozóico","ERA_MAX":"Neoproterozóico","IDADE_MIN":541.1,"IDADE_MAX":635.0,"LEGENDA":"Gabro, gabro norito, diorito, monzo e quartzo diorito, quartzo monzonito e granodiorito, finos a médios, de afinidade subalcalina, cálcio-alcalino e shoshonítica. Localmente com enclaves de ortognaisse migmatíticos da unidade Mombaça.  . Idade U-Pb = 619 ± 92Ma.","area_km2":7.14},"geometry":{"type":"Polygon","coordinates":[[[-37.6425,-6.44932],[-37.6255,-6.45489],[-37.62027,-6.46349],[-37.62571,-6.47412],[-37.62423,-6.48463],[-37.63402,-6.48039],[-37.63824,-6.47331],[-37.64593,-6.46767],[-37.64778,-6.45571],[-37.64631,-6.45094],[-37.6425,-6.44932]]]}},{"type":"Feature","properties":{"SIGLA":"NP3_gamma_i","NOME":"Corpo Granitoides indiscriminados brasilianos","LITOTIPOS":"Biotita granito, Granito pórfiro, Granitoide, Granodiorito, Metagranito, Monzogranito, Quartzo diorito, Quartzo monzonito, Sienogranito, Tonalito","AMBIENTE_TECTONICO":null,"ERA_MIN":"Neoproterozóico","ERA_MAX":"Neoproterozóico","IDADE_MIN":541.1,"IDADE_MAX":635.0,"LEGENDA":"Granitoides de composição petrográfica diversa e quimismo não determinado. Granitoides cinzentos, geralmente de granulometria média a grossa (fácies porfirítica subordinada), de composição granítica dominante, em parte com enclaves dioríticos, em jazimentos individualizados ou intrusivos, de foliação incipiente, alguns gnaissificados e fortemente milonitizados. Monzogranito, granodiorito, tonalito e sienogranito cinza claro a róseo, com granulação fina, foliação definida pela orientação preferencial da biotita; possuem xenólitos; Sienito isotrópico fino a médio, inequigranular e porfirítico.; Hornblenda -biotita diorito e monzodiorito inequigranular fino, foliado, de coloração cinza escura, com enclaves microgranulares e clots de biotita; Biotita metaquartzo sienito a granito peraluminoso, metagranito com biotita metaluminoso e hiperstênio-hornblenda metatonalito. Localmente, exibem foliação magmática; Também ocorrem quartzo diorito, granodiorito, tonalito e quartzo monzonito fortemente milonitizados. Também ocorrem quartzo diorito, granodiorito, tonalito e quartzo monzonito.","area_km2":5.64},"geometry":{"type":"Polygon","coordinates":[[[-37.44196,-6.47019],[-37.45214,-6.4747],[-37.4672,-6.46142],[-37.48007,-6.45485],[-37.48871,-6.44407],[-37.47752,-6.4491],[-37.46126,-6.4496],[-37.44196,-6.47019]]]}},{"type":"Feature","properties":{"SIGLA":"PP34_gamma_pc","NOME":"Suíte Poço da Cruz","LITOTIPOS":"Metagranito, Metamonzonito","AMBIENTE_TECTONICO":null,"ERA_MIN":"Paleoproterozóico","ERA_MAX":"Paleoproterozóico","IDADE_MIN":1600.1,"IDADE_MAX":2050.0,"LEGENDA":"Biotita augen gnaisse de composição granítica a granodiorítica, de coloração cinza-claro; leuco ortognaisse quartzo monzonítico a granítico.","area_km2":0.24},"geometry":{"type":"Polygon","coordinates":[[[-37.39047,-6.44322],[-37.38586,-6.44122],[-37.38242,-6.43905],[-37.38716,-6.44666],[-37.39047,-6.44322]]]}},{"type":"Feature","properties":{"SIGLA":"PP34_gamma_pc","NOME":"Suíte Poço da Cruz","LITOTIPOS":"Metagranito, Metamonzonito","AMBIENTE_TECTONICO":null,"ERA_MIN":"Paleoproterozóico","ERA_MAX":"Paleoproterozóico","IDADE_MIN":1600.1,"IDADE_MAX":2050.0,"LEGENDA":"Biotita augen gnaisse de composição granítica a granodiorítica, de coloração cinza-claro; leuco ortognaisse quartzo monzonítico a granítico.","area_km2":46.76},"geometry":{"type":"Polygon","coordinates":[[[-37.41968,-6.45459],[-37.43384,-6.4704],[-37.44196,-6.47019],[-37.46126,-6.4496],[-37.47752,-6.4491],[-37.48871,-6.44407],[-37.48007,-6.45485],[-37.4672,-6.46142],[-37.45214,-6.4747],[-37.4702,-6.4819],[-37.48093,-6.49105],[-37.48356,-6.49816],[-37.49152,-6.50764],[-37.48588,-6.4815],[-37.49032,-6.45294],[-37.49051,-6.41121],[-37.48402,-6.40081],[-37.46971,-6.38939],[-37.44902,-6.37869],[-37.4406,-6.37932],[-37.4401,-6.3827],[-37.44719,-6.40785],[-37.44607,-6.4217],[-37.43735,-6.43845],[-37.41968,-6.45459]],[[-37.46213,-6.42736],[-37.45634,-6.42017],[-37.44686,-6.391],[-37.46802,-6.40082],[-37.47138,-6.405],[-37.47285,-6.42172],[-37.46797,-6.42732],[-37.46213,-6.42736]]]}},{"type":"Feature","properties":{"SIGLA":"NP3_gamma_i","NOME":"Corpo Granitoides indiscriminados brasilianos","LITOTIPOS":"Biotita granito, Granito pórfiro, Granitoide, Granodiorito, Metagranito, Monzogranito, Quartzo diorito, Quartzo monzonito, Sienogranito, Tonalito","AMBIENTE_TECTONICO":null,"ERA_MIN":"Neoproterozóico","ERA_MAX":"Neoproterozóico","IDADE_MIN":541.1,"IDADE_MAX":635.0,"LEGENDA":"Granitoides de composição petrográfica diversa e quimismo não determinado. Granitoides cinzentos, geralmente de granulometria média a grossa (fácies porfirítica subordinada), de composição granítica dominante, em parte com enclaves dioríticos, em jazimentos individualizados ou intrusivos, de foliação incipiente, alguns gnaissificados e fortemente milonitizados. Monzogranito, granodiorito, tonalito e sienogranito cinza claro a róseo, com granulação fina, foliação definida pela orientação preferencial da biotita; possuem xenólitos; Sienito isotrópico fino a médio, inequigranular e porfirítico.; Hornblenda -biotita diorito e monzodiorito inequigranular fino, foliado, de coloração cinza escura, com enclaves microgranulares e clots de biotita; Biotita metaquartzo sienito a granito peraluminoso, metagranito com biotita metaluminoso e hiperstênio-hornblenda metatonalito. Localmente, exibem foliação magmática; Também ocorrem quartzo diorito, granodiorito, tonalito e quartzo monzonito fortemente milonitizados. Também ocorrem quartzo diorito, granodiorito, tonalito e quartzo monzonito.","area_km2":1.19},"geometry":{"type":"Polygon","coordinates":[[[-37.43227,-6.43482],[-37.43843,-6.42732],[-37.44054,-6.41606],[-37.43666,-6.4166],[-37.4318,-6.42457],[-37.43038,-6.4335],[-37.43227,-6.43482]]]}},{"type":"Feature","properties":{"SIGLA":"NP3_gamma_i","NOME":"Corpo Granitoides indiscriminados brasilianos","LITOTIPOS":"Biotita granito, Granito pórfiro, Granitoide, Granodiorito, Metagranito, Monzogranito, Quartzo diorito, Quartzo monzonito, Sienogranito, Tonalito","AMBIENTE_TECTONICO":null,"ERA_MIN":"Neoproterozóico","ERA_MAX":"Neoproterozóico","IDADE_MIN":541.1,"IDADE_MAX":635.0,"LEGENDA":"Granitoides de composição petrográfica diversa e quimismo não determinado. Granitoides cinzentos, geralmente de granulometria média a grossa (fácies porfirítica subordinada), de composição granítica dominante, em parte com enclaves dioríticos, em jazimentos individualizados ou intrusivos, de foliação incipiente, alguns gnaissificados e fortemente milonitizados. Monzogranito, granodiorito, tonalito e sienogranito cinza claro a róseo, com granulação fina, foliação definida pela orientação preferencial da biotita; possuem xenólitos; Sienito isotrópico fino a médio, inequigranular e porfirítico.; Hornblenda -biotita diorito e monzodiorito inequigranular fino, foliado, de coloração cinza escura, com enclaves microgranulares e clots de biotita; Biotita metaquartzo sienito a granito peraluminoso, metagranito com biotita metaluminoso e hiperstênio-hornblenda metatonalito. Localmente, exibem foliação magmática; Também ocorrem quartzo diorito, granodiorito, tonalito e quartzo monzonito fortemente milonitizados. Também ocorrem quartzo diorito, granodiorito, tonalito e quartzo monzonito.","area_km2":6.47},"geometry":{"type":"Polygon","coordinates":[[[-37.46276,-6.42765],[-37.46797,-6.42732],[-37.47285,-6.42172],[-37.47138,-6.405],[-37.46802,-6.40082],[-37.44686,-6.391],[-37.45634,-6.42017],[-37.46276,-6.42765]]]}},{"type":"Feature","properties":{"SIGLA":"PP34_gamma_pc","NOME":"Suíte Poço da Cruz","LITOTIPOS":"Metagranito, Metamonzonito","AMBIENTE_TECTONICO":null,"ERA_MIN":"Paleoproterozóico","ERA_MAX":"Paleoproterozóico","IDADE_MIN":1600.1,"IDADE_MAX":2050.0,"LEGENDA":"Biotita augen gnaisse de composição granítica a granodiorítica, de coloração cinza-claro; leuco ortognaisse quartzo monzonítico a granítico.","area_km2":16.27},"geometry":{"type":"Polygon","coordinates":[[[-37.38435,-6.43071],[-37.3939,-6.43939],[-37.40322,-6.4245],[-37.40913,-6.42355],[-37.41373,-6.41373],[-37.41974,-6.40787],[-37.42912,-6.38654],[-37.4293,-6.38189],[-37.42416,-6.37396],[-37.39975,-6.36453],[-37.40095,-6.37215],[-37.41771,-6.3823],[-37.42159,-6.38703],[-37.41945,-6.38968],[-37.39886,-6.38867],[-37.38879,-6.3908],[-37.3961,-6.4011],[-37.3958,-6.4201],[-37.3866,-6.426],[-37.38435,-6.43071]]]}},{"type":"Feature","properties":{"SIGLA":"NP3_delta_2","NOME":"Suíte Máfica a intermediária","LITOTIPOS":"Diorito, Gabro, Gabronorito, Granodiorito, Monzodiorito, Quartzo diorito, Tonalito","AMBIENTE_TECTONICO":null,"ERA_MIN":"Neoproterozóico","ERA_MAX":"Neoproterozóico","IDADE_MIN":541.1,"IDADE_MAX":635.0,"LEGENDA":"Gabro, gabro norito, diorito, monzo e quartzo diorito, quartzo monzonito e granodiorito, finos a médios, de afinidade subalcalina, cálcio-alcalino e shoshonítica. Localmente com enclaves de ortognaisse migmatíticos da unidade Mombaça.  . Idade U-Pb = 619 ± 92Ma.","area_km2":8.55},"geometry":{"type":"Polygon","coordinates":[[[-37.64335,-6.38847],[-37.64622,-6.38647],[-37.64998,-6.3733],[-37.6675,-6.36064],[-37.66686,-6.35434],[-37.66063,-6.34641],[-37.64612,-6.34723],[-37.63905,-6.3552],[-37.63769,-6.36941],[-37.64335,-6.38847]]]}},{"type":"Feature","properties":{"SIGLA":"NP3_gamma_2it45","NOME":"Corpo Plúton Sem Denominação","LITOTIPOS":"Diorito, Granito, Granodiorito, Monzonito","AMBIENTE_TECTONICO":null,"ERA_MIN":"Neoproterozóico","ERA_MAX":"Neoproterozóico","IDADE_MIN":541.1,"IDADE_MAX":635.0,"LEGENDA":"Granito, granodiorito, monzogranito e sienogranito equigranulares médios a grossos a inequigranulares porfiríticos, com fenocristais subédricos a euédricos de K-feldspato (1cm a 7cm) e de plagioclásio (0,5cm a 1cm). Associados a diorito e a fases intermediárias de mistura, com ou sem epidoto magmático. Suíte metaluminosa a levemente peraluminosa, calcialcalina de alto K e levemente shorshonítica. 580 Ma U-Pb.","area_km2":36.55},"geometry":{"type":"Polygon","coordinates":[[[-37.41423,-6.34827],[-37.41788,-6.34574],[-37.42105,-6.33038],[-37.43116,-6.32417],[-37.43725,-6.31285],[-37.43758,-6.30085],[-37.42775,-6.28398],[-37.42115,-6.27878],[-37.41972,-6.27328],[-37.3921,-6.25979],[-37.38517,-6.24586],[-37.38102,-6.22638],[-37.36261,-6.18265],[-37.36115,-6.22743],[-37.36352,-6.24359],[-37.37407,-6.26446],[-37.39883,-6.28324],[-37.4102,-6.29631],[-37.415,-6.3129],[-37.41181,-6.33788],[-37.41423,-6.34827]]]}},{"type":"Feature","properties":{"SIGLA":"NP3_gamma_2it45","NOME":"Corpo Plúton Sem Denominação","LITOTIPOS":"Diorito, Granito, Granodiorito, Monzonito","AMBIENTE_TECTONICO":null,"ERA_MIN":"Neoproterozóico","ERA_MAX":"Neoproterozóico","IDADE_MIN":541.1,"IDADE_MAX":635.0,"LEGENDA":"Granito, granodiorito, monzogranito e sienogranito equigranulares médios a grossos a inequigranulares porfiríticos, com fenocristais subédricos a euédricos de K-feldspato (1cm a 7cm) e de plagioclásio (0,5cm a 1cm). Associados a diorito e a fases intermediárias de mistura, com ou sem epidoto magmático. Suíte metaluminosa a levemente peraluminosa, calcialcalina de alto K e levemente shorshonítica. 580 Ma U-Pb.","area_km2":10.91},"geometry":{"type":"Polygon","coordinates":[[[-37.47906,-6.24436],[-37.47498,-6.23537],[-37.47825,-6.23276],[-37.47371,-6.22892],[-37.45425,-6.21984],[-37.4484,-6.22119],[-37.45725,-6.25285],[-37.46695,-6.25739],[-37.47655,-6.26777],[-37.4793,-6.2665],[-37.48253,-6.24587],[-37.47906,-6.24436]]]}},{"type":"Feature","properties":{"SIGLA":"NP3_gamma_2it45","NOME":"Corpo Plúton Sem Denominação","LITOTIPOS":"Diorito, Granito, Granodiorito, Monzonito","AMBIENTE_TECTONICO":null,"ERA_MIN":"Neoproterozóico","ERA_MAX":"Neoproterozóico","IDADE_MIN":541.1,"IDADE_MAX":635.0,"LEGENDA":"Granito, granodiorito, monzogranito e sienogranito equigranulares médios a grossos a inequigranulares porfiríticos, com fenocristais subédricos a euédricos de K-feldspato (1cm a 7cm) e de plagioclásio (0,5cm a 1cm). Associados a diorito e a fases intermediárias de mistura, com ou sem epidoto magmático. Suíte metaluminosa a levemente peraluminosa, calcialcalina de alto K e levemente shorshonítica. 580 Ma U-Pb.","area_km2":13.34},"geometry":{"type":"Polygon","coordinates":[[[-37.43525,-6.25504],[-37.43767,-6.25468],[-37.44291,-6.22885],[-37.44318,-6.21418],[-37.43904,-6.20177],[-37.43212,-6.19312],[-37.42284,-6.18586],[-37.41668,-6.18518],[-37.41293,-6.1881],[-37.4134,-6.19585],[-37.42658,-6.21988],[-37.42825,-6.24538],[-37.43525,-6.25504]]]}},{"type":"Feature","properties":{"SIGLA":"NP3_gamma_2it45","NOME":"Corpo Plúton Sem Denominação","LITOTIPOS":"Diorito, Granito, Granodiorito, Monzonito","AMBIENTE_TECTONICO":null,"ERA_MIN":"Neoproterozóico","ERA_MAX":"Neoproterozóico","IDADE_MIN":541.1,"IDADE_MAX":635.0,"LEGENDA":"Granito, granodiorito, monzogranito e sienogranito equigranulares médios a grossos a inequigranulares porfiríticos, com fenocristais subédricos a euédricos de K-feldspato (1cm a 7cm) e de plagioclásio (0,5cm a 1cm). Associados a diorito e a fases intermediárias de mistura, com ou sem epidoto magmático. Suíte metaluminosa a levemente peraluminosa, calcialcalina de alto K e levemente shorshonítica. 580 Ma U-Pb.","area_km2":31.34},"geometry":{"type":"Polygon","coordinates":[[[-37.33439,-6.15984],[-37.34238,-6.16327],[-37.34314,-6.16784],[-37.33801,-6.17045],[-37.33902,-6.17716],[-37.32898,-6.22365],[-37.33054,-6.23822],[-37.34156,-6.25533],[-37.3613,-6.269],[-37.37213,-6.27376],[-37.36922,-6.26003],[-37.3574,-6.24171],[-37.35638,-6.17473],[-37.35226,-6.15333],[-37.34918,-6.14951],[-37.34201,-6.15586],[-37.3295,-6.15288],[-37.33439,-6.15984]]]}},{"type":"Feature","properties":{"SIGLA":"NP3_gamma_2it45","NOME":"Corpo Plúton Sem Denominação","LITOTIPOS":"Diorito, Granito, Granodiorito, Monzonito","AMBIENTE_TECTONICO":null,"ERA_MIN":"Neoproterozóico","ERA_MAX":"Neoproterozóico","IDADE_MIN":541.1,"IDADE_MAX":635.0,"LEGENDA":"Granito, granodiorito, monzogranito e sienogranito equigranulares médios a grossos a inequigranulares porfiríticos, com fenocristais subédricos a euédricos de K-feldspato (1cm a 7cm) e de plagioclásio (0,5cm a 1cm). Associados a diorito e a fases intermediárias de mistura, com ou sem epidoto magmático. Suíte metaluminosa a levemente peraluminosa, calcialcalina de alto K e levemente shorshonítica. 580 Ma U-Pb.","area_km2":35.45},"geometry":{"type":"Polygon","coordinates":[[[-37.4557,-6.1654],[-37.46199,-6.17353],[-37.49623,-6.20085],[-37.50883,-6.21693],[-37.52379,-6.242],[-37.53428,-6.2485],[-37.54383,-6.24736],[-37.54735,-6.24086],[-37.54678,-6.23414],[-37.54264,-6.21887],[-37.53595,-6.20845],[-37.53354,-6.19623],[-37.53003,-6.19123],[-37.46505,-6.15699],[-37.45759,-6.15818],[-37.45512,-6.16069],[-37.4557,-6.1654]]]}},{"type":"Feature","properties":{"SIGLA":"NP3_gamma_i","NOME":"Corpo Granitoides indiscriminados brasilianos","LITOTIPOS":"Biotita granito, Granito pórfiro, Granitoide, Granodiorito, Metagranito, Monzogranito, Quartzo diorito, Quartzo monzonito, Sienogranito, Tonalito","AMBIENTE_TECTONICO":null,"ERA_MIN":"Neoproterozóico","ERA_MAX":"Neoproterozóico","IDADE_MIN":541.1,"IDADE_MAX":635.0,"LEGENDA":"Granitoides de composição petrográfica diversa e quimismo não determinado. Granitoides cinzentos, geralmente de granulometria média a grossa (fácies porfirítica subordinada), de composição granítica dominante, em parte com enclaves dioríticos, em jazimentos individualizados ou intrusivos, de foliação incipiente, alguns gnaissificados e fortemente milonitizados. Monzogranito, granodiorito, tonalito e sienogranito cinza claro a róseo, com granulação fina, foliação definida pela orientação preferencial da biotita; possuem xenólitos; Sienito isotrópico fino a médio, inequigranular e porfirítico.; Hornblenda -biotita diorito e monzodiorito inequigranular fino, foliado, de coloração cinza escura, com enclaves microgranulares e clots de biotita; Biotita metaquartzo sienito a granito peraluminoso, metagranito com biotita metaluminoso e hiperstênio-hornblenda metatonalito. Localmente, exibem foliação magmática; Também ocorrem quartzo diorito, granodiorito, tonalito e quartzo monzonito fortemente milonitizados. Também ocorrem quartzo diorito, granodiorito, tonalito e quartzo monzonito.","area_km2":0.15},"geometry":{"type":"Polygon","coordinates":[[[-37.27308,-6.27646],[-37.27606,-6.2718],[-37.27303,-6.26855],[-37.27308,-6.27646]]]}},{"type":"Feature","properties":{"SIGLA":"NP3_gamma_i","NOME":"Corpo Granitoides indiscriminados brasilianos","LITOTIPOS":"Biotita granito, Granito pórfiro, Granitoide, Granodiorito, Metagranito, Monzogranito, Quartzo diorito, Quartzo monzonito, Sienogranito, Tonalito","AMBIENTE_TECTONICO":null,"ERA_MIN":"Neoproterozóico","ERA_MAX":"Neoproterozóico","IDADE_MIN":541.1,"IDADE_MAX":635.0,"LEGENDA":"Granitoides de composição petrográfica diversa e quimismo não determinado. Granitoides cinzentos, geralmente de granulometria média a grossa (fácies porfirítica subordinada), de composição granítica dominante, em parte com enclaves dioríticos, em jazimentos individualizados ou intrusivos, de foliação incipiente, alguns gnaissificados e fortemente milonitizados. Monzogranito, granodiorito, tonalito e sienogranito cinza claro a róseo, com granulação fina, foliação definida pela orientação preferencial da biotita; possuem xenólitos; Sienito isotrópico fino a médio, inequigranular e porfirítico.; Hornblenda -biotita diorito e monzodiorito inequigranular fino, foliado, de coloração cinza escura, com enclaves microgranulares e clots de biotita; Biotita metaquartzo sienito a granito peraluminoso, metagranito com biotita metaluminoso e hiperstênio-hornblenda metatonalito. Localmente, exibem foliação magmática; Também ocorrem quartzo diorito, granodiorito, tonalito e quartzo monzonito fortemente milonitizados. Também ocorrem quartzo diorito, granodiorito, tonalito e quartzo monzonito.","area_km2":1.08},"geometry":{"type":"Polygon","coordinates":[[[-37.31276,-6.27709],[-37.31369,-6.2709],[-37.31002,-6.25897],[-37.30579,-6.25385],[-37.30142,-6.25263],[-37.3107,-6.26751],[-37.30838,-6.27826],[-37.31276,-6.27709]]]}},{"type":"Feature","properties":{"SIGLA":"PP2cai2","NOME":"Unidade Caicó - ortognaisse","LITOTIPOS":"Augen gnaisse, Metagranito, Migmatito, Ortognaisse granodiorítico","AMBIENTE_TECTONICO":null,"ERA_MIN":"Paleoproterozóico","ERA_MAX":"Paleoproterozóico","IDADE_MIN":2050.1,"IDADE_MAX":2300.0,"LEGENDA":"Ortognaisse diorítico a granítico com restos de supracrustais","area_km2":24.61},"geometry":{"type":"Polygon","coordinates":[[[-37.32469,-6.29251],[-37.33133,-6.28142],[-37.33084,-6.27481],[-37.31365,-6.25443],[-37.28105,-6.23129],[-37.25357,-6.22923],[-37.26122,-6.23933],[-37.27579,-6.23652],[-37.29361,-6.24381],[-37.30034,-6.24968],[-37.27762,-6.24028],[-37.26315,-6.24188],[-37.2706,-6.2517],[-37.27303,-6.26855],[-37.27606,-6.2718],[-37.2731,-6.28],[-37.2868,-6.2823],[-37.30838,-6.27826],[-37.3107,-6.26751],[-37.30142,-6.25263],[-37.30328,-6.25254],[-37.30833,-6.25646],[-37.31215,-6.26425],[-37.31234,-6.27823],[-37.3215,-6.2828],[-37.32469,-6.29251]]]}},{"type":"Feature","properties":{"SIGLA":"NP3_gamma_i","NOME":"Corpo Granitoides indiscriminados brasilianos","LITOTIPOS":"Biotita granito, Granito pórfiro, Granitoide, Granodiorito, Metagranito, Monzogranito, Quartzo diorito, Quartzo monzonito, Sienogranito, Tonalito","AMBIENTE_TECTONICO":null,"ERA_MIN":"Neoproterozóico","ERA_MAX":"Neoproterozóico","IDADE_MIN":541.1,"IDADE_MAX":635.0,"LEGENDA":"Granitoides de composição petrográfica diversa e quimismo não determinado. Granitoides cinzentos, geralmente de granulometria média a grossa (fácies porfirítica subordinada), de composição granítica dominante, em parte com enclaves dioríticos, em jazimentos individualizados ou intrusivos, de foliação incipiente, alguns gnaissificados e fortemente milonitizados. Monzogranito, granodiorito, tonalito e sienogranito cinza claro a róseo, com granulação fina, foliação definida pela orientação preferencial da biotita; possuem xenólitos; Sienito isotrópico fino a médio, inequigranular e porfirítico.; Hornblenda -biotita diorito e monzodiorito inequigranular fino, foliado, de coloração cinza escura, com enclaves microgranulares e clots de biotita; Biotita metaquartzo sienito a granito peraluminoso, metagranito com biotita metaluminoso e hiperstênio-hornblenda metatonalito. Localmente, exibem foliação magmática; Também ocorrem quartzo diorito, granodiorito, tonalito e quartzo monzonito fortemente milonitizados. Também ocorrem quartzo diorito, granodiorito, tonalito e quartzo monzonito.","area_km2":1.44},"geometry":{"type":"Polygon","coordinates":[[[-37.26315,-6.24188],[-37.27762,-6.24028],[-37.30035,-6.25036],[-37.29361,-6.24381],[-37.27579,-6.23652],[-37.26122,-6.23933],[-37.26315,-6.24188]]]}},{"type":"Feature","properties":{"SIGLA":"NP3sju","NOME":"Formação Jucurutu","LITOTIPOS":"Biotita gnaisse, Biotita xisto, Gnaisse, Mármore, Muscovita quartzito, Rocha calcissilicática, Xisto","AMBIENTE_TECTONICO":null,"ERA_MIN":"Neoproterozóico","ERA_MAX":"Neoproterozóico","IDADE_MIN":541.1,"IDADE_MAX":635.0,"LEGENDA":"Biotita paragnaisse, mármore, biotita-anfibólio gnaisses granoblásticos com níveis de rochas calcissilicáticas, gnaisses feldspáticos, gnaisses quartzosos, formações ferríferas e rochas metaultramáficas. ","area_km2":15.64},"geometry":{"type":"Polygon","coordinates":[[[-37.32881,-6.29144],[-37.33406,-6.27724],[-37.33164,-6.26947],[-37.3238,-6.25944],[-37.27497,-6.21539],[-37.25237,-6.17859],[-37.24188,-6.17613],[-37.23847,-6.18327],[-37.24088,-6.19708],[-37.24985,-6.20011],[-37.25109,-6.20731],[-37.25742,-6.21495],[-37.26122,-6.21431],[-37.26434,-6.22166],[-37.31365,-6.25443],[-37.3235,-6.26403],[-37.33084,-6.27481],[-37.33133,-6.28142],[-37.32469,-6.29251],[-37.32544,-6.29479],[-37.32881,-6.29144]]]}},{"type":"Feature","properties":{"SIGLA":"PP34_gamma_pc","NOME":"Suíte Poço da Cruz","LITOTIPOS":"Metagranito, Metamonzonito","AMBIENTE_TECTONICO":null,"ERA_MIN":"Paleoproterozóico","ERA_MAX":"Paleoproterozóico","IDADE_MIN":1600.1,"IDADE_MAX":2050.0,"LEGENDA":"Biotita augen gnaisse de composição granítica a granodiorítica, de coloração cinza-claro; leuco ortognaisse quartzo monzonítico a granítico.","area_km2":175.03},"geometry":{"type":"Polygon","coordinates":[[[-37.27755,-6.05651],[-37.25572,-6.07163],[-37.2349,-6.09883],[-37.21634,-6.11139],[-37.18201,-6.12281],[-37.16965,-6.11683],[-37.1751,-6.1422],[-37.17364,-6.14416],[-37.1945,-6.15771],[-37.20579,-6.16909],[-37.21234,-6.18069],[-37.21464,-6.19761],[-37.22297,-6.20874],[-37.21608,-6.20896],[-37.20287,-6.19739],[-37.19614,-6.20016],[-37.2016,-6.2057],[-37.2336,-6.2131],[-37.25357,-6.22923],[-37.28105,-6.23129],[-37.26266,-6.22021],[-37.26122,-6.21431],[-37.25742,-6.21495],[-37.25109,-6.20731],[-37.24985,-6.20011],[-37.24088,-6.19708],[-37.23847,-6.18327],[-37.23966,-6.17793],[-37.24492,-6.17556],[-37.25237,-6.17859],[-37.27497,-6.21539],[-37.3238,-6.25944],[-37.33164,-6.26947],[-37.33331,-6.28235],[-37.32544,-6.29479],[-37.3282,-6.3032],[-37.334,-6.3083],[-37.3507,-6.31426],[-37.36401,-6.30088],[-37.36683,-6.29477],[-37.36628,-6.28448],[-37.35563,-6.26901],[-37.32539,-6.24588],[-37.31265,-6.22745],[-37.30987,-6.20781],[-37.31899,-6.18459],[-37.29798,-6.15198],[-37.28562,-6.12615],[-37.28157,-6.12651],[-37.2791,-6.12996],[-37.27009,-6.15039],[-37.26549,-6.15479],[-37.26736,-6.12747],[-37.24924,-6.10778],[-37.2504,-6.10403],[-37.25751,-6.10106],[-37.26925,-6.1096],[-37.27765,-6.10344],[-37.28852,-6.11296],[-37.29122,-6.11302],[-37.28976,-6.09946],[-37.29329,-6.08425],[-37.28065,-6.09466],[-37.27799,-6.08977],[-37.27874,-6.08088],[-37.28208,-6.07611],[-37.29697,-6.06831],[-37.30955,-6.05787],[-37.3006,-6.0503],[-37.2956,-6.0501],[-37.2869,-6.058],[-37.27755,-6.05651]],[[-37.24256,-6.13689],[-37.24374,-6.11934],[-37.25163,-6.11825],[-37.25928,-6.12112],[-37.26345,-6.13143],[-37.26184,-6.15039],[-37.24256,-6.13689]]]}},{"type":"Feature","properties":{"SIGLA":"PP2cai2","NOME":"Unidade Caicó - ortognaisse","LITOTIPOS":"Augen gnaisse, Metagranito, Migmatito, Ortognaisse granodiorítico","AMBIENTE_TECTONICO":null,"ERA_MIN":"Paleoproterozóico","ERA_MAX":"Paleoproterozóico","IDADE_MIN":2050.1,"IDADE_MAX":2300.0,"LEGENDA":"Ortognaisse diorítico a granítico com restos de supracrustais","area_km2":1508.09},"geometry":{"type":"MultiPolygon","coordinates":[[[[-37.36584,-6.08744],[-37.36256,-6.08474],[-37.3544,-6.0865],[-37.3358,-6.0675],[-37.32388,-6.06195],[-37.29329,-6.08425],[-37.28976,-6.09946],[-37.29122,-6.11302],[-37.28852,-6.11296],[-37.27765,-6.10344],[-37.26925,-6.1096],[-37.25751,-6.10106],[-37.2504,-6.10403],[-37.24924,-6.10778],[-37.26736,-6.12747],[-37.26549,-6.15479],[-37.27009,-6.15039],[-37.2791,-6.12996],[-37.28157,-6.12651],[-37.28562,-6.12615],[-37.29798,-6.15198],[-37.31899,-6.18459],[-37.30987,-6.20781],[-37.3103,-6.22065],[-37.31622,-6.23389],[-37.32539,-6.24588],[-37.35269,-6.26629],[-37.36473,-6.28049],[-37.36683,-6.29477],[-37.36225,-6.30318],[-37.3507,-6.31426],[-37.3634,-6.3222],[-37.3773,-6.3444],[-37.3775,-6.3693],[-37.3885,-6.3797],[-37.38879,-6.3908],[-37.39886,-6.38867],[-37.42107,-6.38914],[-37.41771,-6.3823],[-37.40095,-6.37215],[-37.39975,-6.36453],[-37.42416,-6.37396],[-37.4293,-6.38189],[-37.42623,-6.39526],[-37.41974,-6.40787],[-37.41373,-6.41373],[-37.40913,-6.42355],[-37.40322,-6.4245],[-37.39977,-6.42831],[-37.3939,-6.43939],[-37.41968,-6.45459],[-37.43735,-6.43845],[-37.4473,-6.41737],[-37.44719,-6.40785],[-37.4406,-6.37932],[-37.44902,-6.37869],[-37.46586,-6.38661],[-37.48402,-6.40081],[-37.49179,-6.41658],[-37.48993,-6.45843],[-37.48588,-6.4815],[-37.49152,-6.50764],[-37.49718,-6.5171],[-37.50459,-6.51927],[-37.52743,-6.53302],[-37.52119,-6.49614],[-37.5037,-6.46108],[-37.50432,-6.44811],[-37.51049,-6.43757],[-37.50954,-6.41914],[-37.51285,-6.41712],[-37.52037,-6.41868],[-37.54547,-6.43883],[-37.5252,-6.40648],[-37.42837,-6.3653],[-37.42389,-6.35959],[-37.42083,-6.35343],[-37.42307,-6.34687],[-37.43839,-6.33967],[-37.44172,-6.32841],[-37.45179,-6.32133],[-37.46176,-6.32284],[-37.49505,-6.34086],[-37.5071,-6.34232],[-37.51233,-6.34037],[-37.46701,-6.31676],[-37.4505,-6.30242],[-37.44888,-6.29545],[-37.45494,-6.29248],[-37.55184,-6.34365],[-37.60096,-6.37371],[-37.60673,-6.37442],[-37.6118,-6.36686],[-37.60739,-6.34361],[-37.60949,-6.32813],[-37.61283,-6.31971],[-37.62401,-6.3044],[-37.6408,-6.29183],[-37.66399,-6.2848],[-37.6875,-6.28799],[-37.70341,-6.28315],[-37.71728,-6.28638],[-37.72837,-6.28354],[-37.74417,-6.28811],[-37.7567,-6.28507],[-37.7714,-6.2731],[-37.7695,-6.2646],[-37.7624,-6.2587],[-37.7617,-6.2529],[-37.7766,-6.2459],[-37.7614,-6.2396],[-37.7652,-6.2341],[-37.7756,-6.2313],[-37.7688,-6.22415],[-37.74235,-6.24809],[-37.73847,-6.24455],[-37.73714,-6.25274],[-37.7299,-6.2532],[-37.73012,-6.24611],[-37.73685,-6.23125],[-37.74135,-6.2042],[-37.74717,-6.194],[-37.7424,-6.189],[-37.72905,-6.1842],[-37.71012,-6.18962],[-37.71004,-6.19847],[-37.70692,-6.207],[-37.69187,-6.22841],[-37.68722,-6.24008],[-37.67175,-6.25048],[-37.6656,-6.24947],[-37.66584,-6.25277],[-37.66264,-6.25384],[-37.63484,-6.25912],[-37.62365,-6.25699],[-37.60351,-6.24796],[-37.58298,-6.24458],[-37.57378,-6.24005],[-37.56298,-6.22953],[-37.55391,-6.20526],[-37.549,-6.19682],[-37.54501,-6.19652],[-37.54111,-6.17961],[-37.53272,-6.16386],[-37.51322,-6.15232],[-37.5029,-6.1521],[-37.50318,-6.14777],[-37.49554,-6.1444],[-37.4894,-6.1444],[-37.483,-6.1517],[-37.4589,-6.145],[-37.4541,-6.12273],[-37.43505,-6.11047],[-37.426,-6.109],[-37.4078,-6.1128],[-37.3936,-6.1094],[-37.3862,-6.0948],[-37.3859,-6.0893],[-37.37218,-6.08306],[-37.36584,-6.08744]],[[-37.41423,-6.34827],[-37.41181,-6.33788],[-37.41514,-6.31539],[-37.4102,-6.29631],[-37.39883,-6.28324],[-37.37407,-6.26446],[-37.36352,-6.24359],[-37.36115,-6.22743],[-37.36261,-6.18265],[-37.38102,-6.22638],[-37.38517,-6.24586],[-37.3921,-6.25979],[-37.41972,-6.27328],[-37.42115,-6.27878],[-37.42775,-6.28398],[-37.43758,-6.30085],[-37.43857,-6.30944],[-37.43177,-6.32308],[-37.42105,-6.33038],[-37.41737,-6.34688],[-37.41423,-6.34827]],[[-37.45467,-6.16257],[-37.4609,-6.15624],[-37.46505,-6.15699],[-37.53003,-6.19123],[-37.53354,-6.19623],[-37.53595,-6.20845],[-37.54264,-6.21887],[-37.54678,-6.23414],[-37.54735,-6.24086],[-37.54383,-6.24736],[-37.53428,-6.2485],[-37.52379,-6.242],[-37.50883,-6.21693],[-37.49623,-6.20085],[-37.45974,-6.17149],[-37.45467,-6.16257]],[[-37.33377,-6.16727],[-37.32791,-6.17507],[-37.32257,-6.16746],[-37.32257,-6.16071],[-37.33221,-6.16246],[-37.33399,-6.16032],[-37.3295,-6.15288],[-37.34201,-6.15586],[-37.35026,-6.15001],[-37.35605,-6.16981],[-37.3574,-6.24171],[-37.36922,-6.26003],[-37.37213,-6.27376],[-37.3613,-6.269],[-37.34156,-6.25533],[-37.33054,-6.23822],[-37.32898,-6.22365],[-37.33911,-6.17591],[-37.33801,-6.17045],[-37.33377,-6.16727]],[[-37.47825,-6.23276],[-37.48308,-6.22738],[-37.48705,-6.22799],[-37.49142,-6.23509],[-37.48477,-6.23675],[-37.48591,-6.24132],[-37.48264,-6.24436],[-37.4793,-6.2665],[-37.47655,-6.26777],[-37.46695,-6.25739],[-37.45725,-6.25285],[-37.4484,-6.22119],[-37.45425,-6.21984],[-37.46752,-6.225],[-37.47825,-6.23276]],[[-37.43337,-6.25365],[-37.42825,-6.24538],[-37.42658,-6.21988],[-37.4134,-6.19585],[-37.41293,-6.1881],[-37.41668,-6.18518],[-37.42284,-6.18586],[-37.43212,-6.19312],[-37.43904,-6.20177],[-37.44318,-6.21418],[-37.44291,-6.22885],[-37.43767,-6.25468],[-37.43337,-6.25365]],[[-37.43038,-6.4335],[-37.43295,-6.42257],[-37.43666,-6.4166],[-37.44054,-6.41606],[-37.43843,-6.42732],[-37.43317,-6.4344],[-37.43038,-6.4335]]],[[[-38.10056,-6.51112],[-38.10011,-6.51635],[-38.10731,-6.52855],[-38.10763,-6.53368],[-38.1,-6.52913],[-38.08018,-6.50713],[-38.0766,-6.50923],[-38.07748,-6.51892],[-38.07048,-6.52156],[-38.04565,-6.49669],[-38.03465,-6.4751],[-38.0255,-6.47316],[-38.03642,-6.49163],[-38.04697,-6.51775],[-38.0435,-6.53727],[-38.05008,-6.5616],[-38.04698,-6.57468],[-38.04023,-6.5806],[-38.02931,-6.59934],[-38.02453,-6.59962],[-38.01761,-6.59576],[-38.00888,-6.57896],[-38.00326,-6.57702],[-37.97316,-6.59948],[-37.93896,-6.60829],[-37.9622,-6.61774],[-37.97661,-6.63471],[-38.01103,-6.65088],[-38.02001,-6.66047],[-38.02003,-6.66478],[-38.01485,-6.66908],[-37.99466,-6.66811],[-37.9722,-6.67283],[-37.9202,-6.67422],[-37.90111,-6.66249],[-37.87698,-6.65614],[-37.85882,-6.6423],[-37.85038,-6.63271],[-37.8306,-6.6295],[-37.81874,-6.61472],[-37.80925,-6.59486],[-37.7926,-6.59725],[-37.79302,-6.62497],[-37.78924,-6.64674],[-37.77695,-6.66522],[-37.76164,-6.67343],[-37.7358,-6.67431],[-37.716,-6.6629],[-37.69946,-6.66839],[-37.68566,-6.66044],[-37.67928,-6.65013],[-37.67454,-6.64708],[-37.66685,-6.64645],[-37.65646,-6.65032],[-37.67387,-6.65603],[-37.68941,-6.6675],[-37.72017,-6.68068],[-37.73285,-6.69309],[-37.73883,-6.69529],[-37.75942,-6.67884],[-37.7738,-6.67806],[-37.78218,-6.67244],[-37.79723,-6.68514],[-37.81319,-6.68959],[-37.83433,-6.69115],[-37.84323,-6.69867],[-37.84908,-6.71441],[-37.85043,-6.72765],[-37.90128,-6.74328],[-37.91033,-6.73493],[-37.91701,-6.73712],[-37.92408,-6.74517],[-37.93961,-6.75015],[-37.95122,-6.75695],[-37.97118,-6.78371],[-37.98402,-6.79555],[-38.0092,-6.80669],[-38.03685,-6.79819],[-38.05632,-6.80052],[-38.0624,-6.79725],[-38.06799,-6.78849],[-38.08542,-6.78731],[-38.08571,-6.78111],[-38.07523,-6.76934],[-38.06328,-6.74729],[-38.05648,-6.74386],[-38.05097,-6.73334],[-38.05062,-6.71898],[-38.0546,-6.7057],[-38.0571,-6.68379],[-38.06607,-6.68063],[-38.07628,-6.68456],[-38.0921,-6.7026],[-38.10242,-6.70792],[-38.10137,-6.71324],[-38.08495,-6.74176],[-38.11836,-6.72251],[-38.11283,-6.70415],[-38.11687,-6.70097],[-38.14958,-6.69342],[-38.12595,-6.66976],[-38.12082,-6.62808],[-38.11109,-6.61205],[-38.10437,-6.5941],[-38.0909,-6.5791],[-38.09133,-6.57469],[-38.10061,-6.57736],[-38.11867,-6.59197],[-38.18462,-6.65696],[-38.23313,-6.70042],[-38.23721,-6.69755],[-38.2699,-6.69597],[-38.21744,-6.66897],[-38.19721,-6.65288],[-38.19668,-6.64968],[-38.25684,-6.6748],[-38.27354,-6.69048],[-38.2801,-6.69307],[-38.28251,-6.69271],[-38.25611,-6.66705],[-38.2548,-6.66036],[-38.25677,-6.65781],[-38.26368,-6.65801],[-38.28675,-6.67309],[-38.29665,-6.67566],[-38.30046,-6.67301],[-38.3031,-6.67555],[-38.30759,-6.67253],[-38.3252,-6.67829],[-38.30954,-6.65751],[-38.2651,-6.62393],[-38.2437,-6.60217],[-38.1809,-6.53204],[-38.17765,-6.521],[-38.17511,-6.52593],[-38.14425,-6.49605],[-38.16731,-6.53439],[-38.17022,-6.54577],[-38.16963,-6.54937],[-38.14708,-6.5365],[-38.14648,-6.54062],[-38.15413,-6.55377],[-38.15263,-6.55647],[-38.14362,-6.55239],[-38.12196,-6.53157],[-38.11468,-6.52153],[-38.10056,-6.51112]],[[-37.85299,-6.70482],[-37.83942,-6.68735],[-37.81937,-6.67909],[-37.81302,-6.67366],[-37.81147,-6.66567],[-37.81675,-6.65846],[-37.825,-6.65991],[-37.84648,-6.67647],[-37.85163,-6.68496],[-37.85723,-6.70337],[-37.85622,-6.70542],[-37.85299,-6.70482]],[[-38.18799,-6.60956],[-38.19932,-6.61087],[-38.20447,-6.61689],[-38.20102,-6.62425],[-38.20086,-6.63567],[-38.19809,-6.63756],[-38.18819,-6.62996],[-38.18298,-6.6196],[-38.18338,-6.61324],[-38.18799,-6.60956]],[[-38.08411,-6.66122],[-38.09241,-6.64974],[-38.09084,-6.63944],[-38.09441,-6.63588],[-38.10013,-6.63583],[-38.10655,-6.65754],[-38.0972,-6.65945],[-38.08525,-6.66641],[-38.08411,-6.66122]]],[[[-37.80893,-6.59416],[-37.79731,-6.57137],[-37.78976,-6.57063],[-37.79261,-6.597],[-37.80893,-6.59416]]],[[[-37.26836,-6.05308],[-37.25572,-6.07163],[-37.27755,-6.05651],[-37.26836,-6.05308]]]]}},{"type":"Feature","properties":{"SIGLA":"NP3sju","NOME":"Formação Jucurutu","LITOTIPOS":"Biotita gnaisse, Biotita xisto, Gnaisse, Mármore, Muscovita quartzito, Rocha calcissilicática, Xisto","AMBIENTE_TECTONICO":null,"ERA_MIN":"Neoproterozóico","ERA_MAX":"Neoproterozóico","IDADE_MIN":541.1,"IDADE_MAX":635.0,"LEGENDA":"Biotita paragnaisse, mármore, biotita-anfibólio gnaisses granoblásticos com níveis de rochas calcissilicáticas, gnaisses feldspáticos, gnaisses quartzosos, formações ferríferas e rochas metaultramáficas. ","area_km2":2.05},"geometry":{"type":"MultiPolygon","coordinates":[[[[-37.51322,-6.15232],[-37.52386,-6.1578],[-37.53272,-6.16386],[-37.53094,-6.15269],[-37.51322,-6.15232]]],[[[-37.49642,-6.14484],[-37.50318,-6.14777],[-37.5034,-6.1444],[-37.49642,-6.14484]]],[[[-37.43505,-6.11047],[-37.4541,-6.12273],[-37.4457,-6.1122],[-37.43505,-6.11047]]],[[[-37.36584,-6.08744],[-37.37218,-6.08306],[-37.36256,-6.08474],[-37.36584,-6.08744]]]]}},{"type":"Feature","properties":{"SIGLA":"NP3_gamma_2it7","NOME":"Corpo Plúton Tourão-Caraúbas","LITOTIPOS":"Diorito, Granito, Granodiorito, Monzonito","AMBIENTE_TECTONICO":null,"ERA_MIN":"Neoproterozóico","ERA_MAX":"Neoproterozóico","IDADE_MIN":541.1,"IDADE_MAX":635.0,"LEGENDA":"Granito e granodiorito grosso e porfirítico associados a diorito e a fases intermediárias de mistura, com ou sem epidoto magmático, calcialcalinos de alto K 580 a 576 Ma U-Pb","area_km2":132.3},"geometry":{"type":"Polygon","coordinates":[[[-37.53094,-6.15269],[-37.53272,-6.16386],[-37.54111,-6.17961],[-37.54501,-6.19652],[-37.549,-6.19682],[-37.55391,-6.20526],[-37.56014,-6.22459],[-37.56605,-6.23359],[-37.58298,-6.24458],[-37.60351,-6.24796],[-37.62706,-6.25803],[-37.63484,-6.25912],[-37.65856,-6.25495],[-37.66584,-6.25277],[-37.6656,-6.24947],[-37.67084,-6.25085],[-37.67966,-6.2456],[-37.68722,-6.24008],[-37.69187,-6.22841],[-37.70145,-6.21662],[-37.71004,-6.19847],[-37.709,-6.177],[-37.7001,-6.1851],[-37.6732,-6.1906],[-37.6467,-6.1894],[-37.6385,-6.1798],[-37.6042,-6.1753],[-37.5696,-6.1554],[-37.5607,-6.1645],[-37.54,-6.1659],[-37.5364,-6.1528],[-37.53094,-6.15269]]]}},{"type":"Feature","properties":{"SIGLA":"PP34_gamma_pc","NOME":"Suíte Poço da Cruz","LITOTIPOS":"Metagranito, Metamonzonito","AMBIENTE_TECTONICO":null,"ERA_MIN":"Paleoproterozóico","ERA_MAX":"Paleoproterozóico","IDADE_MIN":1600.1,"IDADE_MAX":2050.0,"LEGENDA":"Biotita augen gnaisse de composição granítica a granodiorítica, de coloração cinza-claro; leuco ortognaisse quartzo monzonítico a granítico.","area_km2":12.02},"geometry":{"type":"Polygon","coordinates":[[[-37.74715,-6.19406],[-37.74135,-6.2042],[-37.73685,-6.23125],[-37.73012,-6.24611],[-37.72957,-6.25194],[-37.73176,-6.25431],[-37.73845,-6.2516],[-37.73847,-6.24455],[-37.74235,-6.24809],[-37.7688,-6.22415],[-37.7638,-6.2189],[-37.7561,-6.2172],[-37.7521,-6.2091],[-37.7549,-6.2021],[-37.74715,-6.19406]]]}},{"type":"Feature","properties":{"SIGLA":"NP3sju","NOME":"Formação Jucurutu","LITOTIPOS":"Biotita gnaisse, Biotita xisto, Gnaisse, Mármore, Muscovita quartzito, Rocha calcissilicática, Xisto","AMBIENTE_TECTONICO":null,"ERA_MIN":"Neoproterozóico","ERA_MAX":"Neoproterozóico","IDADE_MIN":541.1,"IDADE_MAX":635.0,"LEGENDA":"Biotita paragnaisse, mármore, biotita-anfibólio gnaisses granoblásticos com níveis de rochas calcissilicáticas, gnaisses feldspáticos, gnaisses quartzosos, formações ferríferas e rochas metaultramáficas. ","area_km2":1.49},"geometry":{"type":"Polygon","coordinates":[[[-37.70927,-6.1771],[-37.71012,-6.18962],[-37.72905,-6.1842],[-37.70927,-6.1771]]]}},{"type":"Feature","properties":{"SIGLA":"NP3_gamma_4u2","NOME":"Corpo Plúton sem denominação","LITOTIPOS":"Biotita granito","AMBIENTE_TECTONICO":null,"ERA_MIN":"Neoproterozóico","ERA_MAX":"Neoproterozóico","IDADE_MIN":541.1,"IDADE_MAX":635.0,"LEGENDA":"Faialita-ferro-hiperstênio sienogranito e sienito com magnetita subalcalino e alcalino 593 Ma U-Pb","area_km2":5.97},"geometry":{"type":"Polygon","coordinates":[[[-37.2608,-6.15142],[-37.26331,-6.14085],[-37.2622,-6.12494],[-37.25282,-6.11841],[-37.24469,-6.11866],[-37.24253,-6.13854],[-37.2608,-6.15142]]]}},{"type":"Feature","properties":{"SIGLA":"NP3_gamma_3i","NOME":"Corpo Granitóides de quimismo indiscriminado","LITOTIPOS":"Granito, Granitoide","AMBIENTE_TECTONICO":null,"ERA_MIN":"Neoproterozóico","ERA_MAX":"Neoproterozóico","IDADE_MIN":541.1,"IDADE_MAX":635.0,"LEGENDA":"Granitóides diversos de quimismo indeterminado.","area_km2":7.3},"geometry":{"type":"Polygon","coordinates":[[[-37.30955,-6.05787],[-37.28063,-6.07758],[-37.27782,-6.08366],[-37.28065,-6.09466],[-37.32388,-6.06195],[-37.30955,-6.05787]]]}},{"type":"Feature","properties":{"SIGLA":"NP3_gamma_2it12","NOME":"Corpo Plúton Serra do João do Vale","LITOTIPOS":"Diorito, Granito, Granodiorito, Monzonito","AMBIENTE_TECTONICO":null,"ERA_MIN":"Neoproterozóico","ERA_MAX":"Neoproterozóico","IDADE_MIN":541.1,"IDADE_MAX":635.0,"LEGENDA":"Granito e granodiorito grosso e porfirítico associados a diorito e a fases intermediárias de mistura, com ou sem epidoto magmático, calcialcalinos de alto K ","area_km2":81.3},"geometry":{"type":"MultiPolygon","coordinates":[[[[-37.1705,-6.11726],[-37.18201,-6.12281],[-37.19216,-6.11844],[-37.20302,-6.11729],[-37.21735,-6.11082],[-37.2349,-6.09883],[-37.26906,-6.0521],[-37.26392,-6.04673],[-37.25896,-6.05281],[-37.24755,-6.0554],[-37.24074,-6.06218],[-37.23242,-6.03561],[-37.23611,-6.02722],[-37.2319,-6.0276],[-37.2227,-6.0421],[-37.2022,-6.0388],[-37.1943,-6.048],[-37.18239,-6.0496],[-37.18099,-6.06346],[-37.18656,-6.07789],[-37.18391,-6.07927],[-37.17916,-6.0758],[-37.17333,-6.06651],[-37.1713,-6.0769],[-37.1716,-6.1013],[-37.167,-6.1104],[-37.1705,-6.11726]]],[[[-37.19614,-6.20016],[-37.20287,-6.19739],[-37.21608,-6.20896],[-37.22297,-6.20874],[-37.21464,-6.19761],[-37.21299,-6.18305],[-37.20895,-6.17432],[-37.1945,-6.15771],[-37.17364,-6.14416],[-37.1664,-6.1539],[-37.1569,-6.1525],[-37.1613,-6.1575],[-37.1657,-6.1704],[-37.1742,-6.1801],[-37.1885,-6.1807],[-37.1935,-6.1843],[-37.1942,-6.1982],[-37.19614,-6.20016]]]]}},{"type":"Feature","properties":{"SIGLA":"ENsm","NOME":"Formação Serra dos Martins","LITOTIPOS":"Arenito, Arenito conglomerático, Arenito síltico-argiloso, Laterita","AMBIENTE_TECTONICO":null,"ERA_MIN":"Cenozóico","ERA_MAX":"Cenozóico","IDADE_MIN":2.59,"IDADE_MAX":66.0,"LEGENDA":"Arenitos finos a médios  conglomeráticos com níveis pelíticos, argilito avermelhado e caulim.","area_km2":9.16},"geometry":{"type":"Polygon","coordinates":[[[-37.23608,-6.02772],[-37.23242,-6.03561],[-37.24074,-6.06218],[-37.24755,-6.0554],[-37.25896,-6.05281],[-37.26392,-6.04673],[-37.2626,-6.0385],[-37.2565,-6.0285],[-37.2506,-6.0259],[-37.23608,-6.02772]]]}},{"type":"Feature","properties":{"SIGLA":"ENsm","NOME":"Formação Serra dos Martins","LITOTIPOS":"Arenito, Arenito conglomerático, Arenito síltico-argiloso, Laterita","AMBIENTE_TECTONICO":null,"ERA_MIN":"Cenozóico","ERA_MAX":"Cenozóico","IDADE_MIN":2.59,"IDADE_MAX":66.0,"LEGENDA":"Arenitos finos a médios  conglomeráticos com níveis pelíticos, argilito avermelhado e caulim.","area_km2":2.61},"geometry":{"type":"Polygon","coordinates":[[[-37.17333,-6.06651],[-37.17916,-6.0758],[-37.18391,-6.07927],[-37.18656,-6.07789],[-37.18099,-6.06346],[-37.18242,-6.04964],[-37.1739,-6.048],[-37.1756,-6.0549],[-37.17333,-6.06651]]]}},{"type":"Feature","properties":{"SIGLA":"PP2j","NOME":"Complexo Jaguaretama","LITOTIPOS":"Calcário cristalino, Diatexito, Metatexito, Ortognaisse, Paragnaisse, Xisto","AMBIENTE_TECTONICO":null,"ERA_MIN":"Paleoproterozóico","ERA_MAX":"Paleoproterozóico","IDADE_MIN":2050.1,"IDADE_MAX":2300.0,"LEGENDA":"Ortognaisse granodiorítico, tonalítico e granítico com leucotonalito trondjemíticos e lentes de anfibolito, migmatizado, com  restos de metassedimentos. Sobordinadamente,  diatexito e metatexito paraderivados com ou sem granada.","area_km2":284.46},"geometry":{"type":"MultiPolygon","coordinates":[[[[-38.54001,-6.40084],[-38.53481,-6.38397],[-38.52929,-6.34275],[-38.5152,-6.3472],[-38.5043,-6.3561],[-38.49878,-6.34992],[-38.52583,-6.39541],[-38.52863,-6.39457],[-38.54001,-6.40084]]],[[[-38.4508,-6.3928],[-38.48215,-6.44792],[-38.51755,-6.47271],[-38.54766,-6.50412],[-38.55971,-6.51291],[-38.47906,-6.4759],[-38.44959,-6.43542],[-38.44239,-6.43648],[-38.43426,-6.45288],[-38.42681,-6.45434],[-38.42212,-6.44662],[-38.41005,-6.41098],[-38.4017,-6.4096],[-38.3845,-6.4222],[-38.3725,-6.4561],[-38.3638,-6.4536],[-38.3552,-6.4572],[-38.3438,-6.4567],[-38.3393,-6.4601],[-38.3284,-6.4607],[-38.31799,-6.4758],[-38.3441,-6.50217],[-38.34988,-6.50041],[-38.3575,-6.50228],[-38.38304,-6.5178],[-38.41531,-6.52853],[-38.41983,-6.5252],[-38.41623,-6.51609],[-38.41958,-6.51487],[-38.42413,-6.51939],[-38.42719,-6.52877],[-38.44038,-6.53725],[-38.4628,-6.54772],[-38.46638,-6.53732],[-38.47041,-6.53545],[-38.47451,-6.54864],[-38.48789,-6.55127],[-38.49744,-6.55027],[-38.5063,-6.5],[-38.49772,-6.55024],[-38.51672,-6.55074],[-38.52657,-6.54652],[-38.53911,-6.5469],[-38.56389,-6.56068],[-38.57738,-6.55991],[-38.61403,-6.57672],[-38.6371,-6.58058],[-38.63824,-6.5759],[-38.6331,-6.5692],[-38.63272,-6.56407],[-38.6085,-6.54256],[-38.59187,-6.53198],[-38.55484,-6.4925],[-38.55377,-6.48427],[-38.56126,-6.48292],[-38.57629,-6.4912],[-38.59093,-6.4954],[-38.57041,-6.46948],[-38.55468,-6.45589],[-38.54325,-6.44189],[-38.53143,-6.43211],[-38.52776,-6.43204],[-38.51983,-6.44389],[-38.5356,-6.4466],[-38.51965,-6.44447],[-38.51685,-6.45551],[-38.51048,-6.45621],[-38.50386,-6.45044],[-38.49816,-6.44035],[-38.4896,-6.4387],[-38.49807,-6.44015],[-38.4901,-6.42342],[-38.48425,-6.39756],[-38.4508,-6.3928]],[[-38.47024,-6.51653],[-38.46751,-6.51834],[-38.45929,-6.5091],[-38.43992,-6.4972],[-38.42806,-6.47719],[-38.42782,-6.47009],[-38.43141,-6.46553],[-38.44541,-6.46766],[-38.46507,-6.48371],[-38.46618,-6.49978],[-38.47131,-6.51016],[-38.47024,-6.51653]]],[[[-38.48402,-6.39114],[-38.48427,-6.38427],[-38.48396,-6.38048],[-38.48402,-6.39114]]]]}}]}