{"type":"FeatureCollection","features":[{"type":"Feature","properties":{"faixa":"0 a 100 m","ordem":0,"area_km2":4432.9},"geometry":{"type":"MultiPolygon","coordinates":[[[[-35.43091,-6.4893],[-35.42885,-6.49271],[-35.43022,-6.49817],[-35.42679,-6.5009],[-35.41649,-6.50022],[-35.4158,-6.50431],[-35.41237,-6.50567],[-35.41237,-6.51045],[-35.4213,-6.51795],[-35.41443,-6.52273],[-35.41855,-6.52409],[-35.4213,-6.52955],[-35.42473,-6.52887],[-35.42953,-6.53296],[-35.42542,-6.53296],[-35.42404,-6.53842],[-35.42473,-6.54797],[-35.42953,-6.54661],[-35.43159,-6.54934],[-35.43022,-6.55616],[-35.43297,-6.56025],[-35.42885,-6.56571],[-35.43297,-6.57048],[-35.43022,-6.57526],[-35.43365,-6.57389],[-35.43571,-6.56571],[-35.44258,-6.56571],[-35.44533,-6.5698],[-35.44121,-6.57867],[-35.44739,-6.60186],[-35.44945,-6.60322],[-35.44533,-6.57867],[-35.45563,-6.57457],[-35.45013,-6.57116],[-35.44601,-6.5623],[-35.43983,-6.56025],[-35.44121,-6.54934],[-35.43846,-6.54797],[-35.43709,-6.54251],[-35.44327,-6.5391],[-35.43915,-6.53706],[-35.43983,-6.53092],[-35.43503,-6.52819],[-35.43159,-6.51932],[-35.4364,-6.52],[-35.44327,-6.52819],[-35.44739,-6.52887],[-35.44258,-6.52341],[-35.44121,-6.51659],[-35.44533,-6.51659],[-35.4467,-6.50772],[-35.45151,-6.50431],[-35.45425,-6.50636],[-35.45425,-6.51386],[-35.45906,-6.51318],[-35.46043,-6.51727],[-35.46661,-6.52],[-35.47142,-6.52682],[-35.4776,-6.52751],[-35.47897,-6.52546],[-35.47485,-6.52614],[-35.47211,-6.52273],[-35.47211,-6.51932],[-35.47554,-6.51864],[-35.47554,-6.51659],[-35.47417,-6.5125],[-35.47005,-6.51045],[-35.47073,-6.49953],[-35.46661,-6.49749],[-35.46799,-6.4893],[-35.47142,-6.48725],[-35.47829,-6.48998],[-35.48172,-6.49681],[-35.50232,-6.50704],[-35.50301,-6.50431],[-35.49545,-6.50022],[-35.49339,-6.49612],[-35.48927,-6.49544],[-35.48721,-6.49067],[-35.49065,-6.49067],[-35.49065,-6.48521],[-35.50095,-6.48657],[-35.50232,-6.48111],[-35.51056,-6.47975],[-35.51399,-6.48111],[-35.51537,-6.48521],[-35.52086,-6.48657],[-35.51743,-6.48316],[-35.52017,-6.47839],[-35.5014,-6.4778],[-35.4958,-6.4833],[-35.4891,-6.4809],[-35.4832,-6.4864],[-35.4642,-6.4827],[-35.4555,-6.4785],[-35.4516,-6.485],[-35.43091,-6.4893]],[[-35.44464,-6.50909],[-35.44189,-6.51181],[-35.44121,-6.50977],[-35.44464,-6.50909]]],[[[-35.39658,-6.49476],[-35.39658,-6.4934],[-35.39352,-6.49476],[-35.39658,-6.49476]]],[[[-35.37598,-6.50567],[-35.37872,-6.5084],[-35.37804,-6.51591],[-35.38559,-6.50977],[-35.38696,-6.50431],[-35.39589,-6.51181],[-35.39314,-6.49498],[-35.38433,-6.50022],[-35.38628,-6.50022],[-35.38559,-6.50363],[-35.38422,-6.50029],[-35.37598,-6.50567]]],[[[-35.27779,-6.54392],[-35.27985,-6.54865],[-35.28946,-6.54797],[-35.29221,-6.5507],[-35.29015,-6.55479],[-35.29358,-6.5623],[-35.30113,-6.56707],[-35.30113,-6.57048],[-35.2977,-6.57389],[-35.30663,-6.57662],[-35.30251,-6.58412],[-35.30937,-6.58958],[-35.30937,-6.59708],[-35.31624,-6.59231],[-35.32173,-6.59163],[-35.32379,-6.58685],[-35.32654,-6.58753],[-35.32448,-6.59367],[-35.32585,-6.59845],[-35.32104,-6.59777],[-35.31967,-6.60663],[-35.32448,-6.61277],[-35.32448,-6.62028],[-35.32654,-6.61959],[-35.3286,-6.62369],[-35.33684,-6.62573],[-35.33615,-6.62232],[-35.33066,-6.62096],[-35.32928,-6.61277],[-35.32997,-6.60936],[-35.33546,-6.60936],[-35.33203,-6.60527],[-35.33272,-6.60118],[-35.33958,-6.60049],[-35.34645,-6.60459],[-35.35675,-6.60049],[-35.36156,-6.60186],[-35.36362,-6.60663],[-35.36774,-6.60186],[-35.37186,-6.60186],[-35.37735,-6.60391],[-35.3801,-6.61004],[-35.38147,-6.60254],[-35.37598,-6.60049],[-35.37048,-6.58753],[-35.36705,-6.59231],[-35.35057,-6.59163],[-35.34988,-6.58481],[-35.34439,-6.58685],[-35.3389,-6.58344],[-35.34027,-6.58003],[-35.35469,-6.57867],[-35.34988,-6.57457],[-35.35332,-6.56639],[-35.34302,-6.5698],[-35.33821,-6.56434],[-35.33203,-6.56502],[-35.32997,-6.56298],[-35.33134,-6.5507],[-35.33546,-6.5507],[-35.33958,-6.54729],[-35.34439,-6.55206],[-35.34302,-6.54388],[-35.34782,-6.54592],[-35.36018,-6.54524],[-35.36156,-6.54865],[-35.36362,-6.54797],[-35.35744,-6.5391],[-35.35057,-6.53842],[-35.354,-6.53637],[-35.35194,-6.5316],[-35.34782,-6.5316],[-35.3413,-6.5386],[-35.3308,-6.5443],[-35.27779,-6.54392]]],[[[-35.2256,-6.52354],[-35.22697,-6.52819],[-35.22011,-6.53569],[-35.22217,-6.54251],[-35.21667,-6.54456],[-35.22148,-6.54934],[-35.22079,-6.5582],[-35.22354,-6.55616],[-35.23178,-6.55752],[-35.22766,-6.55411],[-35.22629,-6.54934],[-35.22835,-6.53978],[-35.23109,-6.5391],[-35.2359,-6.5432],[-35.24002,-6.53978],[-35.2256,-6.52354]]],[[[-35.17685,-7.07023],[-35.18578,-7.06478],[-35.18715,-7.05796],[-35.19196,-7.05865],[-35.19333,-7.06205],[-35.20432,-7.06137],[-35.20363,-7.05319],[-35.1947,-7.05047],[-35.19402,-7.04774],[-35.20294,-7.04706],[-35.19814,-7.04161],[-35.2002,-7.0382],[-35.21667,-7.04025],[-35.20569,-7.03002],[-35.20706,-7.02253],[-35.21324,-7.02321],[-35.21942,-7.02934],[-35.22217,-7.02934],[-35.22148,-7.02389],[-35.22835,-7.02321],[-35.21118,-7.01571],[-35.21187,-7.01094],[-35.20638,-7.00685],[-35.20706,-7.00208],[-35.19951,-6.99527],[-35.19814,-6.983],[-35.19951,-6.98573],[-35.20638,-6.98573],[-35.2153,-6.99936],[-35.24414,-6.99936],[-35.24414,-6.99731],[-35.21599,-6.99322],[-35.21324,-6.98573],[-35.20775,-6.98027],[-35.20912,-6.97618],[-35.24071,-6.97414],[-35.24139,-6.96869],[-35.23315,-6.97073],[-35.22835,-6.96732],[-35.22629,-6.97073],[-35.21049,-6.97073],[-35.20912,-6.96596],[-35.21187,-6.96119],[-35.20226,-6.96869],[-35.1947,-6.968],[-35.18852,-6.96255],[-35.18852,-6.95778],[-35.19264,-6.95233],[-35.1844,-6.95301],[-35.18097,-6.95028],[-35.18166,-6.94619],[-35.2002,-6.94415],[-35.21118,-6.93392],[-35.21599,-6.93665],[-35.21461,-6.94824],[-35.21805,-6.94892],[-35.22285,-6.94279],[-35.22011,-6.93597],[-35.20706,-6.92984],[-35.20294,-6.93529],[-35.19333,-6.94006],[-35.17822,-6.93801],[-35.17479,-6.94483],[-35.16655,-6.94142],[-35.16586,-6.93801],[-35.17342,-6.93529],[-35.17342,-6.93256],[-35.16312,-6.92779],[-35.16174,-6.92438],[-35.17136,-6.91416],[-35.16724,-6.91075],[-35.15213,-6.91279],[-35.15144,-6.91075],[-35.15488,-6.91075],[-35.15625,-6.90666],[-35.15076,-6.90393],[-35.15076,-6.90121],[-35.15694,-6.89575],[-35.15762,-6.90393],[-35.15968,-6.90461],[-35.16174,-6.89984],[-35.1693,-6.89575],[-35.17204,-6.88962],[-35.1796,-6.88348],[-35.18303,-6.88894],[-35.1899,-6.88621],[-35.19264,-6.89303],[-35.2002,-6.88894],[-35.205,-6.89439],[-35.2002,-6.90052],[-35.19333,-6.90052],[-35.19402,-6.9053],[-35.19058,-6.91348],[-35.18166,-6.91893],[-35.18028,-6.92779],[-35.18715,-6.93256],[-35.20294,-6.92438],[-35.20363,-6.92097],[-35.21049,-6.92029],[-35.21255,-6.92711],[-35.21805,-6.92643],[-35.22079,-6.93188],[-35.23178,-6.93392],[-35.23109,-6.94006],[-35.2359,-6.9387],[-35.23933,-6.94619],[-35.25513,-6.93597],[-35.25925,-6.94551],[-35.26268,-6.94688],[-35.27229,-6.94279],[-35.27573,-6.93801],[-35.27161,-6.92506],[-35.2668,-6.92438],[-35.26337,-6.91484],[-35.2668,-6.91348],[-35.27023,-6.91552],[-35.27161,-6.91143],[-35.27504,-6.91075],[-35.28328,-6.92029],[-35.29083,-6.91688],[-35.29633,-6.92097],[-35.29701,-6.91757],[-35.29358,-6.91552],[-35.29152,-6.90257],[-35.29358,-6.90189],[-35.29495,-6.90461],[-35.30113,-6.90393],[-35.30045,-6.91075],[-35.30251,-6.91211],[-35.30319,-6.91961],[-35.29839,-6.92915],[-35.29289,-6.9312],[-35.29564,-6.9387],[-35.28809,-6.94006],[-35.28259,-6.93665],[-35.28328,-6.94279],[-35.27504,-6.95097],[-35.27573,-6.95437],[-35.28053,-6.95574],[-35.28671,-6.95369],[-35.28809,-6.96051],[-35.29289,-6.96187],[-35.29495,-6.95983],[-35.29633,-6.96187],[-35.30594,-6.96323],[-35.30319,-6.96937],[-35.31487,-6.968],[-35.31967,-6.97141],[-35.32448,-6.97005],[-35.32654,-6.97278],[-35.33066,-6.96869],[-35.33203,-6.97278],[-35.33684,-6.97414],[-35.33821,-6.97891],[-35.34164,-6.9755],[-35.34096,-6.96869],[-35.34302,-6.96664],[-35.34508,-6.97073],[-35.35057,-6.97073],[-35.35126,-6.9755],[-35.3595,-6.9755],[-35.36568,-6.968],[-35.36636,-6.97414],[-35.36156,-6.97891],[-35.36087,-6.983],[-35.36362,-6.98436],[-35.36705,-6.98095],[-35.37117,-6.98232],[-35.37186,-6.9905],[-35.3698,-6.99322],[-35.37529,-6.98981],[-35.37666,-6.98504],[-35.37941,-6.99254],[-35.38216,-6.98913],[-35.38902,-6.98709],[-35.38216,-6.98232],[-35.38422,-6.97618],[-35.38078,-6.96937],[-35.38422,-6.96732],[-35.38216,-6.95778],[-35.38628,-6.9571],[-35.38628,-6.96255],[-35.39658,-6.97346],[-35.40276,-6.98436],[-35.40138,-6.9939],[-35.39932,-6.99799],[-35.3952,-6.99936],[-35.39589,-7.00208],[-35.40001,-7.00072],[-35.40344,-7.00481],[-35.40825,-7.00617],[-35.41237,-7.0014],[-35.411,-6.9939],[-35.41718,-6.9939],[-35.42061,-6.98777],[-35.41992,-6.98232],[-35.41512,-6.97823],[-35.41855,-6.97141],[-35.42404,-6.97618],[-35.42542,-6.98845],[-35.41992,-7.01026],[-35.42542,-7.01026],[-35.42885,-7.01299],[-35.43434,-7.00753],[-35.44052,-7.00685],[-35.44121,-7.00345],[-35.44464,-7.00208],[-35.44464,-7.00549],[-35.43777,-7.01367],[-35.44189,-7.01503],[-35.44327,-7.02048],[-35.45013,-7.02185],[-35.44121,-7.03071],[-35.45357,-7.03275],[-35.45151,-7.04229],[-35.45288,-7.04638],[-35.457,-7.04638],[-35.45631,-7.04161],[-35.45906,-7.0382],[-35.47211,-7.03616],[-35.46936,-7.03275],[-35.47211,-7.0273],[-35.48035,-7.02798],[-35.48447,-7.03071],[-35.48584,-7.02389],[-35.48859,-7.02525],[-35.48859,-7.03002],[-35.49408,-7.03275],[-35.49614,-7.03684],[-35.4982,-7.03616],[-35.49889,-7.03002],[-35.49339,-7.03207],[-35.49065,-7.02389],[-35.48584,-7.0198],[-35.48241,-7.02457],[-35.47279,-7.02185],[-35.46524,-7.02662],[-35.46318,-7.02185],[-35.46455,-7.01094],[-35.46181,-7.00617],[-35.46524,-7.00617],[-35.46799,-7.01026],[-35.47005,-7.00549],[-35.47966,-7.00822],[-35.47897,-7.00413],[-35.47691,-7.00208],[-35.4673,-7.0014],[-35.46799,-6.99663],[-35.45837,-6.99527],[-35.457,-6.98709],[-35.45288,-6.98777],[-35.45082,-6.98573],[-35.44807,-6.96187],[-35.45013,-6.96119],[-35.45151,-6.96596],[-35.45631,-6.96528],[-35.45837,-6.96869],[-35.46387,-6.968],[-35.46112,-6.96596],[-35.46112,-6.96255],[-35.45494,-6.96051],[-35.45563,-6.95097],[-35.45151,-6.95369],[-35.45151,-6.94892],[-35.45563,-6.94483],[-35.45013,-6.94347],[-35.45357,-6.93938],[-35.45357,-6.93529],[-35.44739,-6.93052],[-35.45151,-6.92643],[-35.45151,-6.91757],[-35.457,-6.91552],[-35.45494,-6.92234],[-35.45563,-6.9237],[-35.46112,-6.91688],[-35.46593,-6.92166],[-35.46799,-6.9162],[-35.47142,-6.91757],[-35.47417,-6.9162],[-35.47005,-6.90939],[-35.45563,-6.90666],[-35.4467,-6.90052],[-35.44876,-6.8978],[-35.45837,-6.8978],[-35.45631,-6.89371],[-35.45082,-6.89303],[-35.44876,-6.8903],[-35.45013,-6.88621],[-35.45563,-6.88416],[-35.45631,-6.88076],[-35.44945,-6.88144],[-35.44945,-6.87939],[-35.457,-6.8753],[-35.457,-6.88962],[-35.46455,-6.89098],[-35.46799,-6.89984],[-35.47073,-6.8978],[-35.4776,-6.89984],[-35.4776,-6.90802],[-35.48515,-6.90598],[-35.49339,-6.9087],[-35.49202,-6.90461],[-35.48309,-6.90189],[-35.48653,-6.89575],[-35.48927,-6.89575],[-35.49202,-6.90052],[-35.50438,-6.89848],[-35.50781,-6.90325],[-35.51331,-6.90257],[-35.51605,-6.9053],[-35.52086,-6.9053],[-35.52017,-6.90052],[-35.52292,-6.90052],[-35.5291,-6.90666],[-35.53322,-6.90734],[-35.52773,-6.90052],[-35.54146,-6.89507],[-35.52773,-6.89439],[-35.52223,-6.89643],[-35.51811,-6.89371],[-35.51125,-6.89575],[-35.5085,-6.89234],[-35.51262,-6.88825],[-35.51262,-6.88416],[-35.50987,-6.88825],[-35.50026,-6.88553],[-35.50301,-6.87666],[-35.50026,-6.87735],[-35.49614,-6.88689],[-35.48859,-6.88553],[-35.49065,-6.88212],[-35.48927,-6.88007],[-35.48378,-6.88144],[-35.48241,-6.88621],[-35.47966,-6.88689],[-35.47829,-6.8828],[-35.48447,-6.87462],[-35.48996,-6.8753],[-35.48996,-6.86985],[-35.47691,-6.86712],[-35.47554,-6.86508],[-35.48653,-6.86439],[-35.48996,-6.85758],[-35.49751,-6.86099],[-35.49477,-6.85076],[-35.48721,-6.85212],[-35.48584,-6.85008],[-35.48309,-6.85758],[-35.47485,-6.85417],[-35.46799,-6.85553],[-35.46318,-6.85349],[-35.45082,-6.85758],[-35.44876,-6.8569],[-35.44876,-6.84667],[-35.44464,-6.8494],[-35.43777,-6.85076],[-35.43571,-6.84871],[-35.42747,-6.85212],[-35.42267,-6.8494],[-35.42198,-6.84258],[-35.42404,-6.83917],[-35.42953,-6.83781],[-35.42885,-6.83099],[-35.43434,-6.83167],[-35.4364,-6.82349],[-35.43983,-6.82008],[-35.45082,-6.82076],[-35.45082,-6.81872],[-35.44189,-6.81326],[-35.44327,-6.80849],[-35.43503,-6.8044],[-35.43846,-6.79894],[-35.44464,-6.79826],[-35.45357,-6.80304],[-35.4673,-6.81667],[-35.47005,-6.81599],[-35.46524,-6.80713],[-35.45563,-6.79826],[-35.46593,-6.7969],[-35.47005,-6.79281],[-35.47142,-6.78735],[-35.47417,-6.78735],[-35.48309,-6.79622],[-35.48927,-6.79281],[-35.49614,-6.79622],[-35.50713,-6.7969],[-35.51537,-6.80031],[-35.51743,-6.79894],[-35.50575,-6.79349],[-35.49889,-6.79349],[-35.49614,-6.7894],[-35.49202,-6.79008],[-35.47897,-6.78531],[-35.48447,-6.78122],[-35.49477,-6.78326],[-35.50438,-6.77576],[-35.50644,-6.77031],[-35.50507,-6.76758],[-35.49408,-6.77644],[-35.48035,-6.77372],[-35.47897,-6.77781],[-35.47211,-6.77917],[-35.46867,-6.77576],[-35.47073,-6.76894],[-35.46867,-6.76622],[-35.46524,-6.77372],[-35.4673,-6.78258],[-35.46112,-6.77713],[-35.45631,-6.77644],[-35.46455,-6.78258],[-35.46249,-6.79281],[-35.457,-6.78872],[-35.44945,-6.79554],[-35.44258,-6.78803],[-35.42885,-6.7819],[-35.43571,-6.79349],[-35.43365,-6.79826],[-35.4261,-6.80304],[-35.42473,-6.80917],[-35.4158,-6.80917],[-35.41306,-6.80713],[-35.40825,-6.81122],[-35.40825,-6.81463],[-35.40344,-6.81531],[-35.40001,-6.81122],[-35.39314,-6.81258],[-35.38628,-6.8044],[-35.3849,-6.80985],[-35.38696,-6.81326],[-35.38422,-6.81667],[-35.38147,-6.81394],[-35.37872,-6.81667],[-35.37186,-6.81735],[-35.37323,-6.82349],[-35.37735,-6.82826],[-35.38696,-6.82962],[-35.38834,-6.83303],[-35.37872,-6.8344],[-35.37117,-6.83167],[-35.36774,-6.8344],[-35.36842,-6.82826],[-35.36499,-6.82758],[-35.36087,-6.83167],[-35.34576,-6.83508],[-35.35263,-6.8269],[-35.36018,-6.82622],[-35.3595,-6.82144],[-35.36156,-6.81872],[-35.35812,-6.81258],[-35.35538,-6.81326],[-35.354,-6.81872],[-35.34645,-6.81872],[-35.34714,-6.81326],[-35.34508,-6.80985],[-35.34782,-6.80508],[-35.35126,-6.80508],[-35.35263,-6.80031],[-35.36362,-6.80031],[-35.36224,-6.79554],[-35.34645,-6.79826],[-35.34576,-6.79417],[-35.34233,-6.79349],[-35.33958,-6.80167],[-35.33409,-6.80508],[-35.33615,-6.80781],[-35.33409,-6.81531],[-35.33066,-6.81463],[-35.3286,-6.81122],[-35.31418,-6.81258],[-35.31212,-6.81872],[-35.308,-6.82008],[-35.30731,-6.81599],[-35.31624,-6.80576],[-35.30388,-6.80576],[-35.30594,-6.79758],[-35.31555,-6.79894],[-35.31693,-6.79349],[-35.32242,-6.79349],[-35.3231,-6.78872],[-35.32791,-6.78735],[-35.32791,-6.78326],[-35.33272,-6.77985],[-35.32791,-6.77781],[-35.32516,-6.7819],[-35.32104,-6.7819],[-35.31898,-6.78599],[-35.31349,-6.78599],[-35.30388,-6.78394],[-35.30182,-6.77713],[-35.29701,-6.78531],[-35.29221,-6.78531],[-35.29083,-6.7819],[-35.28259,-6.78531],[-35.29152,-6.79213],[-35.28809,-6.80304],[-35.2771,-6.80576],[-35.27023,-6.81053],[-35.2668,-6.80985],[-35.26543,-6.81326],[-35.26749,-6.82076],[-35.26268,-6.81803],[-35.26268,-6.81394],[-35.26062,-6.81394],[-35.25719,-6.82076],[-35.25375,-6.82076],[-35.25307,-6.81463],[-35.24414,-6.81326],[-35.24208,-6.81667],[-35.23796,-6.81463],[-35.23247,-6.80372],[-35.23315,-6.79894],[-35.22835,-6.79826],[-35.23659,-6.78735],[-35.23178,-6.78258],[-35.23178,-6.77849],[-35.24757,-6.77985],[-35.24277,-6.7744],[-35.2359,-6.77372],[-35.23521,-6.77031],[-35.23865,-6.77099],[-35.24139,-6.76758],[-35.24345,-6.76963],[-35.24551,-6.76417],[-35.24895,-6.76553],[-35.25169,-6.76076],[-35.25581,-6.76212],[-35.25581,-6.76553],[-35.26337,-6.76144],[-35.26611,-6.76417],[-35.27229,-6.76144],[-35.27161,-6.75394],[-35.26405,-6.7519],[-35.25993,-6.75462],[-35.26199,-6.74303],[-35.24826,-6.73894],[-35.24483,-6.73894],[-35.24483,-6.74644],[-35.23659,-6.74985],[-35.23315,-6.74644],[-35.22697,-6.74917],[-35.22423,-6.74235],[-35.22148,-6.74099],[-35.21805,-6.7444],[-35.20912,-6.74371],[-35.20844,-6.74849],[-35.20432,-6.74985],[-35.21187,-6.74985],[-35.21118,-6.75667],[-35.21942,-6.75872],[-35.22285,-6.76281],[-35.22217,-6.76553],[-35.21324,-6.76281],[-35.21187,-6.76553],[-35.21599,-6.7669],[-35.21667,-6.77031],[-35.20844,-6.77031],[-35.20912,-6.77508],[-35.20157,-6.77031],[-35.20088,-6.77303],[-35.1899,-6.77849],[-35.18509,-6.77576],[-35.18646,-6.76485],[-35.17891,-6.76485],[-35.17342,-6.76212],[-35.17136,-6.76553],[-35.17204,-6.78053],[-35.1693,-6.78394],[-35.16449,-6.77985],[-35.16174,-6.76622],[-35.14732,-6.75803],[-35.15076,-6.76826],[-35.15694,-6.7744],[-35.159,-6.78735],[-35.1638,-6.7969],[-35.16312,-6.80235],[-35.159,-6.80235],[-35.15419,-6.79826],[-35.14595,-6.78326],[-35.1432,-6.78258],[-35.14664,-6.80031],[-35.15694,-6.81463],[-35.15488,-6.8194],[-35.13702,-6.82076],[-35.13359,-6.81599],[-35.13359,-6.80235],[-35.12604,-6.80576],[-35.11986,-6.79554],[-35.1178,-6.79622],[-35.1178,-6.80235],[-35.11368,-6.80576],[-35.10612,-6.80372],[-35.09789,-6.80508],[-35.08621,-6.80031],[-35.08827,-6.79349],[-35.09651,-6.78531],[-35.12123,-6.78326],[-35.12192,-6.77576],[-35.13084,-6.76212],[-35.12947,-6.75735],[-35.12192,-6.76076],[-35.11917,-6.75599],[-35.11368,-6.76144],[-35.11093,-6.76144],[-35.10887,-6.75258],[-35.10201,-6.76485],[-35.09445,-6.76826],[-35.09514,-6.75803],[-35.09033,-6.75803],[-35.08415,-6.75258],[-35.07385,-6.7594],[-35.07866,-6.77167],[-35.07454,-6.77031],[-35.07179,-6.77235],[-35.06836,-6.77031],[-35.0663,-6.7744],[-35.05875,-6.77576],[-35.05737,-6.78053],[-35.05943,-6.78394],[-35.05531,-6.78599],[-35.03746,-6.78326],[-35.02922,-6.77713],[-35.02853,-6.77303],[-35.04227,-6.77099],[-35.0457,-6.77508],[-35.056,-6.77372],[-35.04845,-6.76076],[-35.05531,-6.7594],[-35.0663,-6.74576],[-35.07111,-6.74371],[-35.06424,-6.73962],[-35.05669,-6.7403],[-35.04364,-6.74644],[-35.04227,-6.74917],[-35.03609,-6.74985],[-35.03265,-6.74849],[-35.03059,-6.7403],[-35.02579,-6.74303],[-35.01823,-6.74235],[-35.02029,-6.73417],[-35.01686,-6.73008],[-35.02373,-6.72939],[-35.02716,-6.72189],[-35.04227,-6.72394],[-35.04845,-6.73485],[-35.056,-6.72598],[-35.06493,-6.72598],[-35.07111,-6.72871],[-35.07248,-6.72462],[-35.07523,-6.72462],[-35.07591,-6.72735],[-35.08003,-6.72735],[-35.08415,-6.73076],[-35.08553,-6.73485],[-35.09445,-6.73212],[-35.10681,-6.73553],[-35.10269,-6.72803],[-35.09033,-6.72326],[-35.08484,-6.71371],[-35.08141,-6.71644],[-35.07454,-6.71576],[-35.07179,-6.7103],[-35.05051,-6.7103],[-35.04295,-6.70484],[-35.04776,-6.6953],[-35.06561,-6.69802],[-35.06973,-6.70075],[-35.08621,-6.69734],[-35.09171,-6.69871],[-35.08896,-6.69461],[-35.07179,-6.69461],[-35.0663,-6.69257],[-35.06012,-6.6878],[-35.06012,-6.67347],[-35.05531,-6.67347],[-35.05188,-6.67961],[-35.04364,-6.67211],[-35.04364,-6.66665],[-35.04639,-6.66393],[-35.05257,-6.66393],[-35.05531,-6.6612],[-35.06287,-6.66324],[-35.06561,-6.6612],[-35.06561,-6.64619],[-35.06973,-6.63664],[-35.07454,-6.63733],[-35.08072,-6.6421],[-35.08278,-6.66052],[-35.0869,-6.65506],[-35.08896,-6.64688],[-35.09239,-6.64688],[-35.0972,-6.65506],[-35.10201,-6.6537],[-35.10063,-6.65847],[-35.10544,-6.66393],[-35.10681,-6.6762],[-35.10887,-6.67552],[-35.10887,-6.66938],[-35.11299,-6.6612],[-35.11848,-6.66324],[-35.1178,-6.6687],[-35.12192,-6.67279],[-35.12535,-6.67143],[-35.12672,-6.66734],[-35.13153,-6.66802],[-35.12947,-6.68166],[-35.13565,-6.67825],[-35.13702,-6.68575],[-35.13496,-6.69052],[-35.1384,-6.69802],[-35.1329,-6.70007],[-35.13359,-6.70484],[-35.12947,-6.70757],[-35.13084,-6.71507],[-35.12878,-6.71916],[-35.13222,-6.71848],[-35.13428,-6.71166],[-35.13977,-6.70825],[-35.14458,-6.71507],[-35.14595,-6.72257],[-35.1535,-6.72326],[-35.15625,-6.72939],[-35.15968,-6.73144],[-35.16243,-6.73076],[-35.16106,-6.72257],[-35.16655,-6.71916],[-35.16518,-6.71644],[-35.15556,-6.71439],[-35.1535,-6.70416],[-35.15076,-6.70143],[-35.14938,-6.69461],[-35.15144,-6.69325],[-35.15007,-6.68439],[-35.15213,-6.67416],[-35.159,-6.67416],[-35.16106,-6.67757],[-35.1693,-6.67688],[-35.1693,-6.68848],[-35.17479,-6.69461],[-35.1741,-6.70484],[-35.17822,-6.69802],[-35.18372,-6.69734],[-35.1844,-6.68848],[-35.18234,-6.68439],[-35.1899,-6.68507],[-35.19333,-6.67825],[-35.20157,-6.68029],[-35.20088,-6.68575],[-35.19676,-6.69121],[-35.19951,-6.69598],[-35.19951,-6.70348],[-35.20638,-6.69666],[-35.20775,-6.68643],[-35.21599,-6.68848],[-35.21736,-6.69325],[-35.22285,-6.69257],[-35.22148,-6.70075],[-35.22697,-6.70075],[-35.22766,-6.70484],[-35.2359,-6.70212],[-35.24208,-6.70553],[-35.24071,-6.71303],[-35.24483,-6.71371],[-35.2462,-6.72257],[-35.24208,-6.73144],[-35.25101,-6.73485],[-35.26543,-6.73485],[-35.26474,-6.73076],[-35.2668,-6.73008],[-35.26817,-6.7328],[-35.27504,-6.73144],[-35.27504,-6.73689],[-35.28191,-6.73689],[-35.28191,-6.7328],[-35.28534,-6.73212],[-35.29015,-6.73349],[-35.28946,-6.73689],[-35.29495,-6.7403],[-35.29976,-6.73758],[-35.29976,-6.73349],[-35.30388,-6.73349],[-35.30594,-6.73689],[-35.31349,-6.73553],[-35.31761,-6.74167],[-35.32104,-6.73553],[-35.32722,-6.73826],[-35.33409,-6.73485],[-35.32516,-6.7253],[-35.32104,-6.72667],[-35.31898,-6.72189],[-35.32654,-6.72326],[-35.32585,-6.71848],[-35.33409,-6.71985],[-35.33546,-6.7178],[-35.33821,-6.72053],[-35.3389,-6.72735],[-35.34302,-6.72326],[-35.34508,-6.72667],[-35.34508,-6.73076],[-35.33958,-6.73621],[-35.35126,-6.73758],[-35.34782,-6.73349],[-35.3492,-6.72326],[-35.35332,-6.72667],[-35.35744,-6.72462],[-35.36156,-6.72735],[-35.36087,-6.72053],[-35.36362,-6.72053],[-35.37392,-6.72803],[-35.37392,-6.72121],[-35.36568,-6.7178],[-35.36705,-6.71439],[-35.37048,-6.71371],[-35.37323,-6.71712],[-35.38147,-6.71985],[-35.39177,-6.71507],[-35.39177,-6.71303],[-35.38559,-6.71303],[-35.38284,-6.71644],[-35.37598,-6.71439],[-35.37941,-6.70689],[-35.37392,-6.70075],[-35.37048,-6.70757],[-35.3643,-6.70689],[-35.36087,-6.71166],[-35.35194,-6.71098],[-35.35057,-6.70757],[-35.35675,-6.69939],[-35.35126,-6.70075],[-35.35126,-6.69325],[-35.34439,-6.70212],[-35.34027,-6.70143],[-35.34096,-6.69598],[-35.33272,-6.69734],[-35.33478,-6.68984],[-35.34027,-6.68711],[-35.33821,-6.68507],[-35.33272,-6.68848],[-35.32997,-6.68848],[-35.32791,-6.68507],[-35.32585,-6.69461],[-35.3231,-6.69598],[-35.3183,-6.68916],[-35.3183,-6.68302],[-35.31349,-6.6837],[-35.31418,-6.69189],[-35.31693,-6.69598],[-35.31143,-6.69802],[-35.31212,-6.69189],[-35.30869,-6.69121],[-35.30663,-6.69734],[-35.30251,-6.70075],[-35.30113,-6.68711],[-35.2977,-6.6837],[-35.29564,-6.6953],[-35.28946,-6.70143],[-35.29152,-6.69257],[-35.28465,-6.69393],[-35.28671,-6.68098],[-35.28191,-6.67961],[-35.27985,-6.68507],[-35.2771,-6.68575],[-35.27435,-6.67825],[-35.2668,-6.67757],[-35.26474,-6.67143],[-35.26199,-6.67143],[-35.26131,-6.67552],[-35.24963,-6.67484],[-35.24826,-6.68507],[-35.24208,-6.68643],[-35.24345,-6.68098],[-35.23865,-6.67961],[-35.24139,-6.67552],[-35.23933,-6.67075],[-35.21873,-6.6687],[-35.21805,-6.66393],[-35.22148,-6.65915],[-35.22835,-6.65506],[-35.23521,-6.65506],[-35.23453,-6.64892],[-35.22491,-6.64892],[-35.22629,-6.63664],[-35.22217,-6.64415],[-35.21873,-6.64346],[-35.21736,-6.65165],[-35.21118,-6.65097],[-35.21255,-6.65711],[-35.20638,-6.66256],[-35.20226,-6.6537],[-35.19676,-6.65915],[-35.19402,-6.65233],[-35.18509,-6.65574],[-35.18509,-6.65165],[-35.18921,-6.6496],[-35.19058,-6.64415],[-35.19539,-6.64278],[-35.19402,-6.63801],[-35.19882,-6.6346],[-35.19882,-6.63119],[-35.20432,-6.62914],[-35.20363,-6.6271],[-35.19882,-6.62641],[-35.19676,-6.62232],[-35.1899,-6.62914],[-35.18234,-6.62846],[-35.18234,-6.63664],[-35.1741,-6.63323],[-35.17067,-6.63801],[-35.17204,-6.64688],[-35.16792,-6.64005],[-35.16312,-6.63937],[-35.15831,-6.65097],[-35.15488,-6.65029],[-35.15419,-6.64619],[-35.14801,-6.64756],[-35.15076,-6.64142],[-35.14938,-6.63801],[-35.14183,-6.64346],[-35.13977,-6.6421],[-35.13977,-6.63801],[-35.14389,-6.63255],[-35.14252,-6.62846],[-35.13977,-6.62846],[-35.1329,-6.63664],[-35.13084,-6.63596],[-35.13222,-6.6271],[-35.12535,-6.6346],[-35.11917,-6.63255],[-35.11848,-6.62573],[-35.11024,-6.62573],[-35.10544,-6.62028],[-35.10681,-6.61414],[-35.12329,-6.61073],[-35.12947,-6.61209],[-35.1329,-6.608],[-35.14595,-6.60732],[-35.14389,-6.61755],[-35.1535,-6.61004],[-35.15762,-6.61277],[-35.15831,-6.61823],[-35.16586,-6.61755],[-35.17204,-6.623],[-35.17204,-6.61618],[-35.16586,-6.61345],[-35.16037,-6.60391],[-35.16586,-6.60459],[-35.1693,-6.59981],[-35.17273,-6.60049],[-35.17754,-6.59504],[-35.18921,-6.59572],[-35.19127,-6.60049],[-35.19402,-6.5964],[-35.19814,-6.5964],[-35.20775,-6.60595],[-35.21255,-6.60459],[-35.21461,-6.608],[-35.22148,-6.60936],[-35.22423,-6.61482],[-35.23178,-6.6155],[-35.23315,-6.61277],[-35.22629,-6.60936],[-35.22491,-6.60322],[-35.22011,-6.60254],[-35.22079,-6.59845],[-35.21324,-6.59845],[-35.21393,-6.59299],[-35.22011,-6.58822],[-35.22491,-6.5889],[-35.22629,-6.58412],[-35.22148,-6.5814],[-35.20569,-6.59299],[-35.20432,-6.58753],[-35.19951,-6.58822],[-35.20157,-6.58276],[-35.20088,-6.57253],[-35.19539,-6.58276],[-35.18921,-6.58549],[-35.18509,-6.58276],[-35.18784,-6.57048],[-35.18303,-6.57116],[-35.18028,-6.56775],[-35.17685,-6.56775],[-35.1796,-6.57526],[-35.17754,-6.58617],[-35.17067,-6.58753],[-35.16792,-6.58003],[-35.16586,-6.58958],[-35.15968,-6.59231],[-35.15488,-6.57253],[-35.15282,-6.57185],[-35.15213,-6.59367],[-35.14389,-6.59231],[-35.14046,-6.59504],[-35.13222,-6.59299],[-35.13222,-6.58753],[-35.13977,-6.58071],[-35.13771,-6.57389],[-35.13565,-6.57321],[-35.1329,-6.5814],[-35.12192,-6.57457],[-35.12535,-6.57935],[-35.12604,-6.58549],[-35.12466,-6.58753],[-35.11917,-6.58617],[-35.12123,-6.58958],[-35.11917,-6.59504],[-35.10818,-6.59504],[-35.1123,-6.58753],[-35.10201,-6.58208],[-35.10063,-6.5889],[-35.09651,-6.59436],[-35.0972,-6.60049],[-35.0869,-6.60254],[-35.08621,-6.59913],[-35.09033,-6.59367],[-35.09102,-6.58276],[-35.09308,-6.57867],[-35.09995,-6.57526],[-35.09789,-6.57116],[-35.09995,-6.55752],[-35.10544,-6.5507],[-35.11093,-6.53365],[-35.1178,-6.53433],[-35.12192,-6.54251],[-35.12947,-6.5391],[-35.13565,-6.54934],[-35.13977,-6.54934],[-35.14389,-6.55547],[-35.14938,-6.55479],[-35.1326,-6.5358],[-35.1235,-6.5299],[-35.1125,-6.5051],[-35.1037,-6.5058],[-35.0955,-6.4977],[-35.0754,-6.5144],[-35.0671,-6.5247],[-35.0577,-6.5278],[-35.037,-6.5171],[-35.0285,-6.5055],[-35.0111,-6.5061],[-35.0011,-6.502],[-34.9921,-6.5015],[-34.9784,-6.4873],[-34.9685,-6.4872],[-34.9631,-6.6311],[-34.9527,-6.6726],[-34.9455,-6.6823],[-34.9308,-6.6882],[-34.9339,-6.6975],[-34.9315,-6.7211],[-34.9341,-6.7291],[-34.928,-6.7404],[-34.9405,-6.754],[-34.9343,-6.7577],[-34.9323,-6.765],[-34.9189,-6.7707],[-34.915,-6.7874],[-34.9112,-6.8262],[-34.8987,-6.8659],[-34.8876,-6.8832],[-34.8738,-6.8948],[-34.8542,-6.9037],[-34.8634,-6.9205],[-34.8661,-6.9304],[-34.8645,-6.9429],[-34.8556,-6.9606],[-34.8573,-6.9716],[-34.8691,-6.9781],[-34.874,-6.9871],[-34.8706,-7.0113],[-34.8653,-7.0296],[-34.855,-7.0288],[-34.8382,-7.0117],[-34.8349,-7.0049],[-34.834,-6.9911],[-34.836,-6.9775],[-34.8431,-6.9624],[-34.8301,-6.9662],[-34.8255,-7.0058],[-34.8292,-7.0185],[-34.8296,-7.0307],[-34.8382,-7.0407],[-34.8424,-7.056],[-34.8399,-7.0642],[-34.8302,-7.0734],[-34.8325,-7.0866],[-34.8315,-7.101],[-34.8211,-7.1122],[-34.8215,-7.1298],[-34.8163,-7.1396],[-34.8092,-7.1455],[-34.7968,-7.147],[-34.7932,-7.1546],[-34.7961,-7.1741],[-34.7947,-7.1942],[-34.8001,-7.203],[-34.8041,-7.218],[-34.8058,-7.2445],[-34.807,-7.2372],[-34.8036,-7.2681],[-34.7989,-7.2779],[-34.8013,-7.296],[-34.7986,-7.3001],[-34.802,-7.3177],[-34.7945,-7.333],[-34.7978,-7.3435],[-34.7997,-7.3617],[-34.7977,-7.3642],[-34.8096,-7.4344],[-34.811,-7.4542],[-34.8095,-7.4626],[-34.8039,-7.4713],[-34.81,-7.4786],[-34.8141,-7.4893],[-34.8091,-7.5095],[-34.8103,-7.5147],[-34.8217,-7.5343],[-34.826,-7.5507],[-34.858,-7.538],[-34.8674,-7.548],[-34.8872,-7.5364],[-34.8955,-7.5451],[-34.9015,-7.5371],[-34.9173,-7.5418],[-34.923,-7.534],[-34.9327,-7.5285],[-34.9395,-7.53],[-34.9506,-7.5376],[-34.9608,-7.5388],[-34.9694,-7.5211],[-34.98047,-7.50922],[-34.97772,-7.50681],[-34.97017,-7.51022],[-34.96056,-7.51838],[-34.95781,-7.52383],[-34.94339,-7.51702],[-34.94888,-7.50817],[-34.95918,-7.50817],[-34.9585,-7.49592],[-34.97635,-7.49932],[-34.97704,-7.4966],[-34.97017,-7.48911],[-34.96262,-7.48639],[-34.96193,-7.48162],[-34.97566,-7.47618],[-34.97978,-7.47618],[-34.9839,-7.48367],[-34.98911,-7.48162],[-34.9842,-7.4693],[-34.9854,-7.462],[-35.00381,-7.45099],[-35.00381,-7.44145],[-35.00931,-7.43941],[-35.00793,-7.4292],[-35.01755,-7.42852],[-35.01755,-7.42307],[-35.0148,-7.42035],[-35.02098,-7.41422],[-35.02373,-7.41422],[-35.02716,-7.41898],[-35.03815,-7.41762],[-35.04089,-7.41218],[-35.02991,-7.41218],[-35.02853,-7.40809],[-35.03883,-7.40537],[-35.04501,-7.39992],[-35.05257,-7.39788],[-35.05257,-7.39243],[-35.04776,-7.39107],[-35.04433,-7.38698],[-35.04089,-7.39039],[-35.03334,-7.39107],[-35.03334,-7.38426],[-35.02785,-7.38834],[-35.02579,-7.39583],[-35.01892,-7.40264],[-35.01343,-7.40332],[-35.01343,-7.39583],[-35.00519,-7.39788],[-35.01205,-7.39311],[-35.01205,-7.38766],[-35.02098,-7.38426],[-35.01961,-7.38085],[-35.01274,-7.37949],[-35.01137,-7.37609],[-35.00107,-7.38085],[-34.99832,-7.38494],[-34.99557,-7.38426],[-34.99763,-7.37609],[-35.00107,-7.37472],[-35.00107,-7.36383],[-35.00862,-7.36042],[-35.00999,-7.35293],[-35.01892,-7.35634],[-35.01961,-7.36315],[-35.02373,-7.36587],[-35.03609,-7.35974],[-35.03677,-7.36587],[-35.04707,-7.37404],[-35.05119,-7.37472],[-35.04776,-7.36655],[-35.06012,-7.37336],[-35.06012,-7.38426],[-35.06424,-7.39175],[-35.06699,-7.39175],[-35.06561,-7.38017],[-35.06973,-7.37949],[-35.07385,-7.38426],[-35.07454,-7.37949],[-35.07729,-7.37745],[-35.07935,-7.37813],[-35.08072,-7.38426],[-35.08553,-7.37949],[-35.08965,-7.38494],[-35.09651,-7.38494],[-35.09445,-7.37745],[-35.0972,-7.37541],[-35.10612,-7.37541],[-35.11436,-7.38153],[-35.11986,-7.38153],[-35.11848,-7.37745],[-35.1075,-7.36996],[-35.10132,-7.37064],[-35.09857,-7.36723],[-35.09445,-7.36791],[-35.09239,-7.36587],[-35.08553,-7.3686],[-35.09377,-7.3577],[-35.09102,-7.35429],[-35.08759,-7.35498],[-35.08484,-7.36179],[-35.08278,-7.3611],[-35.08278,-7.35157],[-35.08141,-7.35634],[-35.07729,-7.35974],[-35.07454,-7.35974],[-35.07179,-7.35498],[-35.06493,-7.35089],[-35.06149,-7.35702],[-35.05806,-7.3577],[-35.05463,-7.35498],[-35.05531,-7.34612],[-35.04982,-7.35157],[-35.04913,-7.34612],[-35.04158,-7.35089],[-35.04364,-7.33999],[-35.03746,-7.33999],[-35.03471,-7.3468],[-35.02991,-7.34612],[-35.02922,-7.33727],[-35.02304,-7.33999],[-35.02098,-7.33727],[-35.01274,-7.33591],[-35.00862,-7.33386],[-35.0045,-7.32569],[-35.00656,-7.31888],[-35.01411,-7.31616],[-35.02029,-7.3182],[-35.02235,-7.31616],[-35.01549,-7.3073],[-35.01755,-7.30526],[-35.01961,-7.28619],[-35.02304,-7.28347],[-35.02647,-7.28415],[-35.02853,-7.293],[-35.03403,-7.29164],[-35.0354,-7.28551],[-35.04021,-7.28687],[-35.0457,-7.31411],[-35.04364,-7.32092],[-35.04913,-7.31956],[-35.05188,-7.31548],[-35.05394,-7.3039],[-35.05119,-7.28823],[-35.056,-7.28755],[-35.06493,-7.293],[-35.06905,-7.29845],[-35.0663,-7.31888],[-35.06973,-7.32229],[-35.07248,-7.31888],[-35.0766,-7.31956],[-35.07591,-7.31139],[-35.08141,-7.30254],[-35.08415,-7.3039],[-35.08553,-7.31003],[-35.09033,-7.31343],[-35.08965,-7.31752],[-35.08484,-7.32161],[-35.08965,-7.32774],[-35.08965,-7.33182],[-35.08621,-7.33386],[-35.08759,-7.33659],[-35.09171,-7.33523],[-35.09651,-7.33863],[-35.09377,-7.33386],[-35.09377,-7.32569],[-35.09926,-7.32161],[-35.09995,-7.3148],[-35.10544,-7.3148],[-35.10818,-7.32092],[-35.11162,-7.32297],[-35.11093,-7.3148],[-35.1178,-7.31139],[-35.10132,-7.30798],[-35.09651,-7.30186],[-35.09995,-7.29845],[-35.11093,-7.29777],[-35.11368,-7.29232],[-35.1123,-7.2896],[-35.10681,-7.2896],[-35.10612,-7.28551],[-35.10406,-7.28891],[-35.0972,-7.28551],[-35.09445,-7.28823],[-35.09033,-7.28755],[-35.08621,-7.293],[-35.07935,-7.29232],[-35.07729,-7.28891],[-35.08278,-7.28347],[-35.08278,-7.27597],[-35.07454,-7.27665],[-35.06973,-7.2821],[-35.06699,-7.2821],[-35.06149,-7.27461],[-35.04433,-7.27393],[-35.02853,-7.26576],[-35.02441,-7.25963],[-35.02373,-7.2535],[-35.02716,-7.25077],[-35.03334,-7.25009],[-35.04158,-7.25418],[-35.04639,-7.2535],[-35.05806,-7.24192],[-35.06218,-7.23987],[-35.07179,-7.24124],[-35.07935,-7.23579],[-35.08896,-7.24055],[-35.09651,-7.25281],[-35.10063,-7.24941],[-35.10201,-7.2426],[-35.09995,-7.23783],[-35.10201,-7.23715],[-35.11368,-7.23715],[-35.11986,-7.24532],[-35.12672,-7.246],[-35.12878,-7.2535],[-35.11917,-7.26848],[-35.11848,-7.27529],[-35.12672,-7.26712],[-35.12947,-7.26712],[-35.12878,-7.27325],[-35.13084,-7.27325],[-35.13496,-7.26644],[-35.14046,-7.26439],[-35.13771,-7.27802],[-35.14046,-7.28006],[-35.1384,-7.28687],[-35.14252,-7.29096],[-35.1432,-7.30186],[-35.14938,-7.29641],[-35.14938,-7.27052],[-35.1535,-7.27189],[-35.15968,-7.28891],[-35.15968,-7.29641],[-35.15488,-7.30254],[-35.15762,-7.30662],[-35.15694,-7.31071],[-35.1487,-7.31684],[-35.1487,-7.32024],[-35.15831,-7.31411],[-35.16106,-7.30935],[-35.16106,-7.30186],[-35.16518,-7.29709],[-35.16655,-7.28823],[-35.16106,-7.27461],[-35.16174,-7.27121],[-35.16586,-7.27257],[-35.1741,-7.293],[-35.1741,-7.28551],[-35.17067,-7.27938],[-35.17136,-7.27257],[-35.17685,-7.28483],[-35.1844,-7.29436],[-35.18852,-7.29368],[-35.19058,-7.29641],[-35.19745,-7.29504],[-35.19882,-7.29981],[-35.19608,-7.30254],[-35.18646,-7.30254],[-35.18303,-7.30798],[-35.16998,-7.30798],[-35.15694,-7.33931],[-35.16586,-7.34067],[-35.1638,-7.33523],[-35.17204,-7.32569],[-35.17616,-7.31548],[-35.18097,-7.3182],[-35.18097,-7.32433],[-35.18578,-7.32297],[-35.1899,-7.31684],[-35.19264,-7.31888],[-35.19814,-7.31684],[-35.2002,-7.32229],[-35.20432,-7.32229],[-35.205,-7.32569],[-35.20912,-7.32842],[-35.21187,-7.33591],[-35.20912,-7.33727],[-35.20775,-7.33386],[-35.18921,-7.33523],[-35.18372,-7.33931],[-35.19745,-7.33931],[-35.20569,-7.34408],[-35.21324,-7.34272],[-35.20706,-7.34612],[-35.20706,-7.34885],[-35.21873,-7.34408],[-35.21805,-7.34817],[-35.21393,-7.35157],[-35.21461,-7.35702],[-35.20912,-7.36383],[-35.21461,-7.36247],[-35.21255,-7.36928],[-35.21599,-7.36928],[-35.21942,-7.37472],[-35.22354,-7.37404],[-35.22011,-7.36042],[-35.22766,-7.35906],[-35.23453,-7.36315],[-35.23315,-7.35702],[-35.24895,-7.3686],[-35.24963,-7.36519],[-35.2462,-7.35906],[-35.24895,-7.3577],[-35.24689,-7.35225],[-35.25032,-7.35225],[-35.25375,-7.35361],[-35.25513,-7.35974],[-35.26199,-7.35906],[-35.26062,-7.36179],[-35.2565,-7.36247],[-35.25238,-7.36928],[-35.25856,-7.37336],[-35.25856,-7.37801],[-35.26886,-7.3821],[-35.27573,-7.38153],[-35.28053,-7.38562],[-35.28877,-7.3863],[-35.28877,-7.38153],[-35.29427,-7.38426],[-35.29358,-7.38017],[-35.28671,-7.37268],[-35.28122,-7.37132],[-35.28122,-7.36928],[-35.28603,-7.36723],[-35.28259,-7.36519],[-35.28259,-7.36247],[-35.29015,-7.35974],[-35.29564,-7.36723],[-35.30251,-7.37064],[-35.30319,-7.36519],[-35.29839,-7.36247],[-35.2977,-7.35702],[-35.30594,-7.35838],[-35.30594,-7.35089],[-35.29701,-7.34885],[-35.29701,-7.34476],[-35.30182,-7.3434],[-35.29976,-7.33999],[-35.29221,-7.33999],[-35.29015,-7.34748],[-35.28053,-7.34885],[-35.28122,-7.3434],[-35.27641,-7.33931],[-35.27779,-7.33523],[-35.27092,-7.33386],[-35.27023,-7.33046],[-35.27229,-7.32842],[-35.27985,-7.32842],[-35.28671,-7.32229],[-35.28328,-7.32161],[-35.27847,-7.32501],[-35.27161,-7.32297],[-35.27161,-7.31548],[-35.27573,-7.3148],[-35.2771,-7.31071],[-35.27161,-7.30867],[-35.2668,-7.31275],[-35.26749,-7.30798],[-35.26337,-7.30322],[-35.27298,-7.30254],[-35.27779,-7.30594],[-35.28259,-7.3039],[-35.28328,-7.3073],[-35.28809,-7.31003],[-35.29358,-7.30798],[-35.29701,-7.31207],[-35.29976,-7.31207],[-35.29976,-7.30594],[-35.30388,-7.30662],[-35.30525,-7.3182],[-35.30113,-7.32092],[-35.30113,-7.32433],[-35.30663,-7.32433],[-35.30731,-7.32978],[-35.31075,-7.33046],[-35.31349,-7.33591],[-35.31967,-7.33659],[-35.32173,-7.34272],[-35.32448,-7.3434],[-35.32791,-7.34067],[-35.33272,-7.34544],[-35.33958,-7.34544],[-35.34508,-7.35429],[-35.34164,-7.36042],[-35.34439,-7.36655],[-35.34714,-7.36655],[-35.34714,-7.3611],[-35.35194,-7.36247],[-35.35469,-7.35906],[-35.3595,-7.36179],[-35.3595,-7.36996],[-35.36156,-7.372],[-35.36911,-7.36928],[-35.37186,-7.37404],[-35.36705,-7.38562],[-35.37323,-7.3829],[-35.37529,-7.38766],[-35.38078,-7.38562],[-35.38216,-7.38221],[-35.38902,-7.38426],[-35.39177,-7.38017],[-35.38902,-7.372],[-35.39658,-7.372],[-35.39864,-7.37404],[-35.39726,-7.36655],[-35.40619,-7.3686],[-35.40482,-7.36315],[-35.41306,-7.36723],[-35.41443,-7.37404],[-35.4213,-7.37268],[-35.42267,-7.36655],[-35.42542,-7.37541],[-35.4213,-7.38221],[-35.42679,-7.38698],[-35.41855,-7.39039],[-35.42336,-7.39515],[-35.4213,-7.41081],[-35.42473,-7.40673],[-35.42953,-7.40673],[-35.42747,-7.39856],[-35.43159,-7.39447],[-35.43846,-7.39651],[-35.44258,-7.39107],[-35.45494,-7.39651],[-35.45975,-7.39379],[-35.46387,-7.39447],[-35.45631,-7.38971],[-35.45631,-7.38698],[-35.45906,-7.3863],[-35.45837,-7.38358],[-35.44807,-7.37813],[-35.44464,-7.37132],[-35.44601,-7.36587],[-35.45425,-7.36723],[-35.457,-7.36996],[-35.46249,-7.36723],[-35.4673,-7.37064],[-35.48584,-7.37064],[-35.48653,-7.37745],[-35.49133,-7.37813],[-35.49202,-7.38153],[-35.49683,-7.38358],[-35.49683,-7.39039],[-35.50026,-7.39379],[-35.49889,-7.3972],[-35.49408,-7.39788],[-35.49477,-7.40469],[-35.50713,-7.39651],[-35.51262,-7.39788],[-35.51605,-7.39583],[-35.52429,-7.39992],[-35.52498,-7.404],[-35.53047,-7.40196],[-35.53596,-7.40537],[-35.53322,-7.41218],[-35.53871,-7.41286],[-35.53871,-7.42647],[-35.54214,-7.4292],[-35.54214,-7.43396],[-35.54626,-7.44009],[-35.54901,-7.44009],[-35.5497,-7.43192],[-35.54626,-7.42716],[-35.54695,-7.42239],[-35.54901,-7.42171],[-35.54832,-7.41286],[-35.55382,-7.41286],[-35.56274,-7.4183],[-35.55794,-7.41081],[-35.56,-7.40809],[-35.54901,-7.40332],[-35.55038,-7.39788],[-35.55588,-7.39856],[-35.55656,-7.40264],[-35.57304,-7.404],[-35.57716,-7.40128],[-35.57922,-7.39515],[-35.59364,-7.39515],[-35.58952,-7.39243],[-35.59021,-7.38766],[-35.58403,-7.38834],[-35.5806,-7.3863],[-35.56686,-7.39515],[-35.56274,-7.39039],[-35.55862,-7.38971],[-35.5648,-7.3863],[-35.5648,-7.38358],[-35.56137,-7.38426],[-35.55862,-7.37949],[-35.55725,-7.38426],[-35.54352,-7.38562],[-35.54146,-7.3829],[-35.53802,-7.3829],[-35.5342,-7.3942],[-35.53712,-7.38426],[-35.53391,-7.3863],[-35.53391,-7.38358],[-35.53665,-7.37609],[-35.53391,-7.37541],[-35.52704,-7.38017],[-35.52017,-7.37336],[-35.49477,-7.36179],[-35.49065,-7.36179],[-35.49065,-7.35974],[-35.49957,-7.35566],[-35.51674,-7.35974],[-35.51743,-7.3577],[-35.51262,-7.35429],[-35.51399,-7.35089],[-35.51743,-7.35225],[-35.51811,-7.3577],[-35.52155,-7.35906],[-35.52429,-7.35566],[-35.53047,-7.35906],[-35.54008,-7.35634],[-35.53253,-7.35225],[-35.54283,-7.34885],[-35.54283,-7.3468],[-35.53459,-7.34612],[-35.52979,-7.35089],[-35.52567,-7.35089],[-35.5291,-7.34272],[-35.52635,-7.33999],[-35.52773,-7.33727],[-35.54352,-7.33659],[-35.54283,-7.33386],[-35.53116,-7.33182],[-35.5291,-7.32501],[-35.52017,-7.33318],[-35.51674,-7.33182],[-35.51674,-7.33523],[-35.50781,-7.34544],[-35.50781,-7.34885],[-35.50507,-7.34885],[-35.50507,-7.33659],[-35.50163,-7.33318],[-35.49957,-7.34204],[-35.49477,-7.34476],[-35.49339,-7.34953],[-35.48721,-7.35157],[-35.47691,-7.34612],[-35.47005,-7.34544],[-35.46799,-7.35361],[-35.46249,-7.34885],[-35.44739,-7.34817],[-35.43709,-7.34408],[-35.43297,-7.33931],[-35.4261,-7.33931],[-35.42542,-7.33659],[-35.43297,-7.32842],[-35.42404,-7.33114],[-35.42267,-7.33523],[-35.41924,-7.33659],[-35.41443,-7.33318],[-35.41374,-7.32433],[-35.3904,-7.32297],[-35.38696,-7.3148],[-35.38078,-7.31343],[-35.36911,-7.30458],[-35.36911,-7.29845],[-35.37323,-7.29777],[-35.37529,-7.30049],[-35.38147,-7.29845],[-35.38971,-7.30254],[-35.39726,-7.30117],[-35.41786,-7.30458],[-35.42542,-7.31071],[-35.44533,-7.31956],[-35.45563,-7.32161],[-35.46387,-7.32161],[-35.46661,-7.31616],[-35.44395,-7.31548],[-35.43434,-7.31003],[-35.43228,-7.30526],[-35.42473,-7.30322],[-35.42679,-7.29504],[-35.41374,-7.29845],[-35.40962,-7.29232],[-35.40138,-7.29368],[-35.39864,-7.2896],[-35.3904,-7.29028],[-35.38902,-7.28755],[-35.38422,-7.29028],[-35.38078,-7.28347],[-35.37186,-7.2821],[-35.36636,-7.28619],[-35.36293,-7.28278],[-35.35194,-7.28347],[-35.3437,-7.28074],[-35.33958,-7.27734],[-35.3389,-7.27257],[-35.3334,-7.27461],[-35.32722,-7.2678],[-35.33409,-7.27052],[-35.33615,-7.26508],[-35.34302,-7.26303],[-35.34851,-7.26984],[-35.35744,-7.26984],[-35.35675,-7.26235],[-35.35057,-7.26303],[-35.34576,-7.25826],[-35.34782,-7.2535],[-35.3389,-7.25418],[-35.33546,-7.25963],[-35.33203,-7.25826],[-35.33066,-7.25213],[-35.32516,-7.25418],[-35.31967,-7.25145],[-35.31624,-7.2535],[-35.31487,-7.24737],[-35.31898,-7.24668],[-35.31898,-7.24464],[-35.31075,-7.24192],[-35.31075,-7.23851],[-35.3286,-7.24124],[-35.32654,-7.23442],[-35.3183,-7.23238],[-35.32036,-7.22421],[-35.3231,-7.22421],[-35.32997,-7.2317],[-35.33615,-7.23034],[-35.3389,-7.23647],[-35.3595,-7.23442],[-35.36362,-7.24328],[-35.36087,-7.25213],[-35.36705,-7.25077],[-35.37048,-7.25418],[-35.37872,-7.25486],[-35.38078,-7.26099],[-35.38696,-7.26576],[-35.39246,-7.26508],[-35.39589,-7.2678],[-35.40207,-7.26644],[-35.41237,-7.26984],[-35.4158,-7.27461],[-35.42198,-7.27529],[-35.42336,-7.27325],[-35.4158,-7.26916],[-35.41786,-7.26439],[-35.41168,-7.26235],[-35.40688,-7.26371],[-35.40001,-7.25826],[-35.39726,-7.25895],[-35.3952,-7.25418],[-35.39177,-7.25486],[-35.39383,-7.24941],[-35.38559,-7.24941],[-35.38284,-7.24737],[-35.38284,-7.24396],[-35.38971,-7.24532],[-35.3952,-7.24192],[-35.40413,-7.246],[-35.41168,-7.24328],[-35.40344,-7.23579],[-35.38765,-7.2351],[-35.38559,-7.23034],[-35.38216,-7.23306],[-35.37872,-7.23102],[-35.38284,-7.21331],[-35.39864,-7.21126],[-35.39383,-7.20581],[-35.39452,-7.20241],[-35.38078,-7.20036],[-35.3801,-7.20718],[-35.37392,-7.20649],[-35.36774,-7.21399],[-35.3643,-7.21194],[-35.36568,-7.20377],[-35.36018,-7.20445],[-35.34782,-7.19968],[-35.34576,-7.20309],[-35.34027,-7.20309],[-35.3389,-7.20649],[-35.33134,-7.20377],[-35.3286,-7.19696],[-35.32379,-7.20104],[-35.31418,-7.19764],[-35.31349,-7.20377],[-35.30663,-7.20104],[-35.30251,-7.20513],[-35.29633,-7.20649],[-35.29564,-7.20377],[-35.30182,-7.20036],[-35.29976,-7.19355],[-35.29495,-7.19014],[-35.29015,-7.19014],[-35.28603,-7.19423],[-35.28465,-7.19151],[-35.28671,-7.18878],[-35.27367,-7.18129],[-35.27435,-7.17516],[-35.28671,-7.18606],[-35.29289,-7.18538],[-35.29427,-7.18129],[-35.30388,-7.18606],[-35.30525,-7.17379],[-35.30937,-7.17856],[-35.308,-7.18469],[-35.31212,-7.1881],[-35.30663,-7.18946],[-35.30869,-7.19491],[-35.31212,-7.19559],[-35.31349,-7.19014],[-35.31624,-7.18946],[-35.3183,-7.19559],[-35.3231,-7.19628],[-35.32448,-7.19014],[-35.31693,-7.18401],[-35.32173,-7.18401],[-35.32379,-7.18674],[-35.33203,-7.18538],[-35.3334,-7.1881],[-35.33134,-7.19287],[-35.33752,-7.19287],[-35.33615,-7.20104],[-35.3389,-7.20104],[-35.34164,-7.19559],[-35.34439,-7.19559],[-35.34645,-7.199],[-35.35194,-7.19628],[-35.34645,-7.18946],[-35.35194,-7.18878],[-35.35332,-7.18538],[-35.35744,-7.18401],[-35.36018,-7.18469],[-35.36156,-7.19219],[-35.36568,-7.18742],[-35.3698,-7.19083],[-35.37598,-7.19083],[-35.38078,-7.18742],[-35.38628,-7.18878],[-35.38559,-7.18606],[-35.36705,-7.18061],[-35.35812,-7.16903],[-35.36087,-7.16426],[-35.37941,-7.17107],[-35.37872,-7.1663],[-35.38284,-7.16494],[-35.37941,-7.16221],[-35.37941,-7.15744],[-35.37529,-7.16221],[-35.37254,-7.16017],[-35.37117,-7.15063],[-35.36705,-7.15063],[-35.36774,-7.14382],[-35.36293,-7.14518],[-35.36293,-7.13973],[-35.3595,-7.13905],[-35.35675,-7.14995],[-35.34508,-7.15131],[-35.34164,-7.14654],[-35.33684,-7.14586],[-35.34027,-7.14041],[-35.33546,-7.13905],[-35.33409,-7.13428],[-35.33821,-7.13292],[-35.34645,-7.12338],[-35.35263,-7.12542],[-35.35538,-7.11997],[-35.36018,-7.1227],[-35.36156,-7.11179],[-35.36499,-7.11588],[-35.3698,-7.11179],[-35.36911,-7.11793],[-35.37323,-7.12133],[-35.37804,-7.12065],[-35.3801,-7.12678],[-35.38696,-7.12406],[-35.39383,-7.12542],[-35.39589,-7.12065],[-35.38696,-7.11384],[-35.38696,-7.11111],[-35.39452,-7.11111],[-35.39108,-7.10566],[-35.39246,-7.10362],[-35.40688,-7.10566],[-35.41031,-7.10839],[-35.411,-7.1152],[-35.40619,-7.12474],[-35.41649,-7.12678],[-35.41855,-7.13155],[-35.42267,-7.13155],[-35.42267,-7.13973],[-35.42061,-7.14245],[-35.42816,-7.14995],[-35.42473,-7.15744],[-35.42953,-7.15812],[-35.42747,-7.15404],[-35.43228,-7.15131],[-35.43571,-7.15131],[-35.44327,-7.15744],[-35.44739,-7.15744],[-35.43915,-7.14995],[-35.43983,-7.14722],[-35.4467,-7.14586],[-35.43228,-7.13837],[-35.43297,-7.13428],[-35.43709,-7.13087],[-35.42953,-7.13155],[-35.42953,-7.1261],[-35.4261,-7.12542],[-35.42267,-7.11793],[-35.41786,-7.1152],[-35.41855,-7.10703],[-35.42336,-7.1043],[-35.43777,-7.10703],[-35.44327,-7.10566],[-35.44189,-7.10089],[-35.44807,-7.09885],[-35.45494,-7.08658],[-35.46661,-7.08726],[-35.46661,-7.08454],[-35.45219,-7.08386],[-35.45013,-7.08999],[-35.44464,-7.0934],[-35.43571,-7.09203],[-35.43022,-7.09408],[-35.4261,-7.08863],[-35.41306,-7.09272],[-35.41168,-7.08658],[-35.4055,-7.08318],[-35.40482,-7.07977],[-35.40207,-7.07977],[-35.39864,-7.0859],[-35.39864,-7.09135],[-35.39177,-7.09408],[-35.39383,-7.09067],[-35.39177,-7.0825],[-35.38216,-7.08386],[-35.38147,-7.08113],[-35.38902,-7.07841],[-35.38902,-7.07296],[-35.39383,-7.07296],[-35.39383,-7.07023],[-35.39795,-7.06955],[-35.40276,-7.05592],[-35.39589,-7.06273],[-35.39314,-7.06273],[-35.39108,-7.05933],[-35.3904,-7.0641],[-35.38353,-7.07227],[-35.37323,-7.07159],[-35.37186,-7.06478],[-35.36842,-7.06614],[-35.36705,-7.07091],[-35.36018,-7.06955],[-35.35744,-7.05865],[-35.354,-7.05524],[-35.35194,-7.05456],[-35.35126,-7.05933],[-35.34851,-7.0566],[-35.34164,-7.05592],[-35.34164,-7.06342],[-35.34439,-7.06478],[-35.34782,-7.07296],[-35.3437,-7.07296],[-35.33958,-7.06682],[-35.33752,-7.06887],[-35.3437,-7.0825],[-35.33684,-7.08318],[-35.33478,-7.08113],[-35.33478,-7.07091],[-35.32928,-7.06887],[-35.32997,-7.07773],[-35.3231,-7.07909],[-35.32242,-7.08726],[-35.31693,-7.0859],[-35.31761,-7.08181],[-35.30937,-7.08318],[-35.31212,-7.07704],[-35.30869,-7.07704],[-35.30525,-7.07977],[-35.30457,-7.08386],[-35.30182,-7.08454],[-35.30319,-7.075],[-35.29907,-7.07568],[-35.29633,-7.08045],[-35.28671,-7.08045],[-35.2874,-7.08726],[-35.27985,-7.08386],[-35.27847,-7.09067],[-35.27641,-7.09067],[-35.27847,-7.08726],[-35.2771,-7.08386],[-35.26337,-7.0859],[-35.26474,-7.09272],[-35.26062,-7.0934],[-35.25787,-7.09203],[-35.25719,-7.08795],[-35.24895,-7.0859],[-35.24757,-7.08931],[-35.24139,-7.09135],[-35.24071,-7.09476],[-35.23521,-7.09612],[-35.23453,-7.10634],[-35.22491,-7.10294],[-35.22148,-7.10703],[-35.2153,-7.10634],[-35.21324,-7.10839],[-35.21324,-7.11793],[-35.20981,-7.11929],[-35.20638,-7.12815],[-35.2002,-7.13155],[-35.20432,-7.14109],[-35.20226,-7.14382],[-35.19608,-7.14518],[-35.19539,-7.13905],[-35.1899,-7.13837],[-35.18646,-7.13496],[-35.19608,-7.13496],[-35.19882,-7.12678],[-35.1947,-7.12338],[-35.1947,-7.11997],[-35.20775,-7.1152],[-35.20706,-7.10771],[-35.20088,-7.10907],[-35.19676,-7.11316],[-35.19196,-7.11248],[-35.18372,-7.11997],[-35.17342,-7.11997],[-35.16998,-7.12474],[-35.1638,-7.12542],[-35.1638,-7.11929],[-35.17479,-7.11929],[-35.18028,-7.11656],[-35.17891,-7.11179],[-35.16998,-7.11111],[-35.17067,-7.10839],[-35.19676,-7.09885],[-35.21942,-7.10021],[-35.22285,-7.09476],[-35.21324,-7.09612],[-35.19608,-7.08863],[-35.20157,-7.08726],[-35.20569,-7.08999],[-35.20981,-7.08931],[-35.21049,-7.08658],[-35.21805,-7.08454],[-35.22011,-7.07909],[-35.2256,-7.08181],[-35.23384,-7.07704],[-35.23659,-7.07977],[-35.23659,-7.07432],[-35.24071,-7.07296],[-35.25719,-7.07159],[-35.26131,-7.07364],[-35.25925,-7.06887],[-35.26268,-7.06819],[-35.26337,-7.06342],[-35.26749,-7.06342],[-35.26955,-7.06001],[-35.27985,-7.06001],[-35.27435,-7.05592],[-35.26817,-7.0566],[-35.26817,-7.05183],[-35.26955,-7.04638],[-35.27985,-7.03956],[-35.28053,-7.03343],[-35.28465,-7.03002],[-35.28191,-7.02798],[-35.2771,-7.03888],[-35.26474,-7.04433],[-35.26543,-7.0491],[-35.26062,-7.05251],[-35.26405,-7.05796],[-35.25581,-7.05796],[-35.25787,-7.06137],[-35.2565,-7.0641],[-35.24895,-7.06069],[-35.24895,-7.0566],[-35.24071,-7.05592],[-35.23384,-7.0491],[-35.23178,-7.04979],[-35.23041,-7.0566],[-35.2256,-7.0566],[-35.22423,-7.06205],[-35.21942,-7.06205],[-35.22148,-7.04979],[-35.21873,-7.0491],[-35.21049,-7.05251],[-35.20569,-7.06478],[-35.2002,-7.0641],[-35.19676,-7.06819],[-35.18372,-7.07227],[-35.17685,-7.07023]],[[-35.27298,-7.17516],[-35.27229,-7.17379],[-35.27229,-7.17243],[-35.27367,-7.17311],[-35.27298,-7.17516]],[[-35.17685,-7.07091],[-35.17616,-7.07159],[-35.17616,-7.07091],[-35.17685,-7.07091]],[[-35.17616,-7.07159],[-35.17548,-7.07227],[-35.17548,-7.07159],[-35.17616,-7.07159]],[[-35.05257,-6.63119],[-35.05325,-6.64278],[-35.04707,-6.64619],[-35.04433,-6.65301],[-35.03952,-6.65165],[-35.03815,-6.64688],[-35.04295,-6.64346],[-35.04295,-6.63255],[-35.04501,-6.63051],[-35.05257,-6.63119]],[[-35.05394,-6.6537],[-35.04707,-6.65779],[-35.04433,-6.65711],[-35.04433,-6.6537],[-35.05188,-6.65165],[-35.05394,-6.6537]],[[-35.2771,-6.69189],[-35.27641,-6.69257],[-35.27641,-6.69189],[-35.2771,-6.69189]],[[-35.34851,-6.71098],[-35.35057,-6.71303],[-35.34782,-6.71371],[-35.34851,-6.71098]],[[-35.31624,-6.7178],[-35.31967,-6.7178],[-35.31898,-6.71916],[-35.31624,-6.7178]],[[-35.25719,-6.72803],[-35.25581,-6.73008],[-35.25513,-6.72803],[-35.25719,-6.72803]],[[-34.98734,-6.75394],[-34.99832,-6.76281],[-34.99832,-6.76622],[-34.98871,-6.76076],[-34.98734,-6.75394]],[[-35.2668,-6.75394],[-35.26886,-6.75667],[-35.26611,-6.75667],[-35.2668,-6.75394]],[[-35.00793,-6.7669],[-35.00656,-6.77235],[-35.00244,-6.77372],[-35.00244,-6.76758],[-35.0045,-6.76553],[-35.00793,-6.7669]],[[-35.1899,-6.78258],[-35.18784,-6.78258],[-35.18715,-6.78122],[-35.1899,-6.77985],[-35.1899,-6.78258]],[[-35.06149,-6.78326],[-35.06836,-6.78667],[-35.06699,-6.79213],[-35.06149,-6.78667],[-35.06149,-6.78326]],[[-35.18372,-6.78667],[-35.18509,-6.79008],[-35.18097,-6.7894],[-35.18097,-6.78667],[-35.18372,-6.78667]],[[-35.32379,-6.81531],[-35.32448,-6.81803],[-35.32242,-6.81735],[-35.32379,-6.81531]],[[-35.40894,-6.81599],[-35.41306,-6.81803],[-35.41168,-6.82008],[-35.40894,-6.81872],[-35.40894,-6.81599]],[[-35.41031,-6.82622],[-35.40894,-6.8269],[-35.40894,-6.82622],[-35.41031,-6.82622]],[[-35.35881,-6.83576],[-35.35744,-6.83781],[-35.35812,-6.83576],[-35.35881,-6.83576]],[[-35.3389,-6.83644],[-35.33958,-6.83849],[-35.33615,-6.83985],[-35.33546,-6.83644],[-35.3389,-6.83644]],[[-35.43365,-6.8569],[-35.43091,-6.85758],[-35.43091,-6.85485],[-35.43365,-6.85417],[-35.43365,-6.8569]],[[-35.4467,-6.88689],[-35.44327,-6.88894],[-35.44327,-6.88757],[-35.4467,-6.88689]],[[-35.50095,-6.89507],[-35.50438,-6.89439],[-35.50438,-6.89643],[-35.50095,-6.89507]],[[-35.38353,-6.89371],[-35.38147,-6.89507],[-35.38147,-6.89371],[-35.38353,-6.89371]],[[-35.411,-6.90052],[-35.42267,-6.90121],[-35.42542,-6.90393],[-35.41306,-6.90666],[-35.411,-6.90052]],[[-35.27573,-6.90257],[-35.27847,-6.9053],[-35.27641,-6.90598],[-35.27573,-6.90257]],[[-35.43709,-6.90598],[-35.43846,-6.90734],[-35.43709,-6.90734],[-35.43709,-6.90598]],[[-35.22079,-6.9087],[-35.22011,-6.91416],[-35.21393,-6.91416],[-35.21393,-6.91075],[-35.22079,-6.9087]],[[-35.44464,-6.91007],[-35.44601,-6.91279],[-35.44189,-6.9162],[-35.44052,-6.91075],[-35.44464,-6.91007]],[[-35.44807,-6.91416],[-35.45082,-6.91688],[-35.44739,-6.91688],[-35.44807,-6.91416]],[[-35.308,-6.91484],[-35.30731,-6.91552],[-35.30731,-6.91484],[-35.308,-6.91484]],[[-35.01892,-6.93256],[-35.02235,-6.93597],[-35.01549,-6.94279],[-35.01549,-6.95097],[-35.02029,-6.94483],[-35.03197,-6.9387],[-35.03815,-6.94074],[-35.03815,-6.94619],[-35.04364,-6.94347],[-35.05531,-6.94619],[-35.05669,-6.95233],[-35.05119,-6.95778],[-35.05463,-6.96596],[-35.05737,-6.96596],[-35.06012,-6.96051],[-35.07179,-6.95301],[-35.06973,-6.97278],[-35.07935,-6.95097],[-35.10063,-6.95028],[-35.10406,-6.95642],[-35.11299,-6.94756],[-35.1281,-6.9496],[-35.12947,-6.95642],[-35.1329,-6.95778],[-35.13428,-6.96255],[-35.13359,-6.97005],[-35.13771,-6.97073],[-35.13565,-6.97618],[-35.13908,-6.97823],[-35.1384,-6.98368],[-35.14732,-6.98095],[-35.15144,-6.98845],[-35.15625,-6.98913],[-35.16106,-7.00617],[-35.16312,-7.00072],[-35.16243,-6.98913],[-35.1487,-6.97141],[-35.14458,-6.96255],[-35.14389,-6.95301],[-35.15694,-6.94892],[-35.1796,-6.96051],[-35.18028,-6.97005],[-35.1844,-6.97209],[-35.1844,-6.97755],[-35.18028,-6.98164],[-35.18372,-6.98232],[-35.18646,-6.98777],[-35.19058,-6.98845],[-35.19058,-6.9939],[-35.19264,-6.99527],[-35.18921,-7.02525],[-35.18028,-7.02321],[-35.18234,-7.02934],[-35.17548,-7.03343],[-35.16861,-7.02934],[-35.16724,-7.03548],[-35.17136,-7.03888],[-35.17136,-7.04229],[-35.16724,-7.0457],[-35.16449,-7.04433],[-35.16312,-7.03956],[-35.15625,-7.04365],[-35.15694,-7.06342],[-35.15076,-7.06887],[-35.15076,-7.07296],[-35.14389,-7.06955],[-35.13908,-7.07432],[-35.13496,-7.07432],[-35.12947,-7.06342],[-35.1329,-7.05319],[-35.13153,-7.0491],[-35.12947,-7.04979],[-35.1226,-7.06069],[-35.12604,-7.07909],[-35.13222,-7.08658],[-35.13084,-7.09885],[-35.12672,-7.10294],[-35.11505,-7.10089],[-35.1123,-7.09612],[-35.1075,-7.09408],[-35.10475,-7.08795],[-35.09926,-7.08522],[-35.09926,-7.07841],[-35.10475,-7.07364],[-35.11093,-7.06001],[-35.09583,-7.06682],[-35.09102,-7.05524],[-35.09239,-7.05047],[-35.10475,-7.04297],[-35.11299,-7.02662],[-35.11024,-7.02662],[-35.10681,-7.03275],[-35.10201,-7.03411],[-35.09857,-7.04025],[-35.08415,-7.04025],[-35.08209,-7.0566],[-35.08484,-7.07227],[-35.08141,-7.07636],[-35.07317,-7.07773],[-35.06355,-7.07023],[-35.05669,-7.06819],[-35.05257,-7.07023],[-35.04364,-7.06819],[-35.02716,-7.07023],[-35.01617,-7.06478],[-35.01686,-7.05388],[-35.02441,-7.04842],[-35.0354,-7.05183],[-35.04021,-7.0566],[-35.04295,-7.05592],[-35.04158,-7.04025],[-35.03677,-7.03411],[-35.04227,-7.02525],[-35.05669,-7.01844],[-35.0766,-7.02048],[-35.08896,-7.01776],[-35.08896,-7.01503],[-35.07523,-7.01708],[-35.06836,-7.0123],[-35.07248,-7.00413],[-35.0766,-7.0014],[-35.07454,-6.99936],[-35.05943,-7.00413],[-35.05669,-7.00822],[-35.05325,-7.0089],[-35.04982,-7.0089],[-35.05051,-7.00208],[-35.04639,-6.99731],[-35.03746,-7.00004],[-35.03197,-6.99799],[-35.02235,-7.00413],[-35.01274,-7.00413],[-35.00862,-7.0014],[-35.00587,-6.99527],[-35.00725,-6.99118],[-35.01549,-6.99186],[-35.03128,-6.98436],[-35.04364,-6.98573],[-35.04364,-6.98368],[-35.03677,-6.97959],[-35.03609,-6.97346],[-35.03128,-6.97823],[-35.02922,-6.97755],[-35.02853,-6.97278],[-35.02098,-6.97618],[-35.01686,-6.97141],[-35.01755,-6.96664],[-35.01274,-6.96664],[-35.00862,-6.97073],[-35.00519,-6.96187],[-34.99626,-6.968],[-34.99008,-6.968],[-34.98734,-6.9646],[-34.98734,-6.96119],[-34.99283,-6.95574],[-34.98871,-6.95028],[-34.98734,-6.94347],[-34.99352,-6.93938],[-35.00244,-6.94551],[-35.00931,-6.94006],[-35.01137,-6.93256],[-35.01892,-6.93256]],[[-35.37392,-6.94824],[-35.37804,-6.95097],[-35.37735,-6.95301],[-35.37392,-6.95165],[-35.37392,-6.94824]],[[-35.34164,-6.95914],[-35.34302,-6.95983],[-35.34302,-6.96119],[-35.34164,-6.95914]],[[-35.31555,-6.96187],[-35.31693,-6.96664],[-35.31418,-6.96732],[-35.31212,-6.96119],[-35.31555,-6.96187]],[[-35.19951,-6.98027],[-35.19882,-6.98095],[-35.19882,-6.98027],[-35.19951,-6.98027]],[[-35.43159,-7.09885],[-35.43915,-7.09953],[-35.44052,-7.10157],[-35.43159,-7.10226],[-35.42953,-7.10089],[-35.43159,-7.09885]],[[-35.34096,-7.11179],[-35.34439,-7.11588],[-35.33752,-7.11588],[-35.33615,-7.11793],[-35.32585,-7.11656],[-35.32654,-7.11384],[-35.33134,-7.11179],[-35.33546,-7.1152],[-35.34096,-7.11179]],[[-35.35469,-7.11725],[-35.354,-7.11793],[-35.354,-7.11725],[-35.35469,-7.11725]],[[-35.42816,-7.13973],[-35.43365,-7.14245],[-35.4364,-7.14722],[-35.43159,-7.14791],[-35.4261,-7.14109],[-35.42816,-7.13973]],[[-35.29564,-7.16017],[-35.29633,-7.16289],[-35.29289,-7.16017],[-35.29564,-7.16017]],[[-35.29633,-7.17175],[-35.29564,-7.17243],[-35.29564,-7.17175],[-35.29633,-7.17175]],[[-35.28946,-7.17584],[-35.29015,-7.17788],[-35.28809,-7.17584],[-35.28946,-7.17584]],[[-35.13702,-7.19491],[-35.15831,-7.20377],[-35.16518,-7.2099],[-35.16655,-7.21535],[-35.1741,-7.21603],[-35.16998,-7.22829],[-35.17822,-7.23034],[-35.18097,-7.246],[-35.1796,-7.24941],[-35.17273,-7.25077],[-35.17204,-7.26099],[-35.17754,-7.26508],[-35.17273,-7.27052],[-35.16724,-7.26439],[-35.16174,-7.26371],[-35.15762,-7.25895],[-35.15076,-7.25622],[-35.13977,-7.24328],[-35.13908,-7.23919],[-35.1281,-7.22897],[-35.10818,-7.22148],[-35.11024,-7.21807],[-35.1281,-7.21399],[-35.13153,-7.21876],[-35.13634,-7.21944],[-35.14389,-7.22489],[-35.14938,-7.22489],[-35.15282,-7.2351],[-35.15831,-7.23851],[-35.159,-7.23579],[-35.15282,-7.22693],[-35.15282,-7.21399],[-35.14664,-7.21671],[-35.14183,-7.21603],[-35.13153,-7.19832],[-35.13702,-7.19491]],[[-35.10544,-7.19764],[-35.10681,-7.20036],[-35.10475,-7.2099],[-35.09857,-7.21263],[-35.09514,-7.20922],[-35.0972,-7.20241],[-35.10544,-7.19764]],[[-35.08415,-7.20104],[-35.08553,-7.20377],[-35.08278,-7.20309],[-35.08415,-7.20104]],[[-35.29289,-7.20309],[-35.29083,-7.20377],[-35.29083,-7.20309],[-35.29289,-7.20309]],[[-35.31624,-7.2208],[-35.31555,-7.22284],[-35.31418,-7.2208],[-35.31624,-7.2208]],[[-35.10063,-7.2208],[-35.09857,-7.22216],[-35.09857,-7.2208],[-35.10063,-7.2208]],[[-35.37392,-7.22148],[-35.37529,-7.22421],[-35.37323,-7.22352],[-35.37392,-7.22148]],[[-35.30251,-7.23987],[-35.31006,-7.24192],[-35.31006,-7.24328],[-35.30182,-7.2426],[-35.30251,-7.23987]],[[-35.29633,-7.24532],[-35.29976,-7.24737],[-35.30731,-7.25077],[-35.29633,-7.25418],[-35.29427,-7.25009],[-35.29633,-7.24532]],[[-34.90425,-7.25077],[-34.91043,-7.2569],[-34.91318,-7.2678],[-34.90906,-7.28415],[-34.90562,-7.2821],[-34.90425,-7.26439],[-34.90631,-7.25826],[-34.9015,-7.25486],[-34.9015,-7.25213],[-34.90425,-7.25077]],[[-35.35538,-7.28551],[-35.35881,-7.28619],[-35.3595,-7.28823],[-35.35675,-7.28823],[-35.35538,-7.28551]],[[-34.907,-7.28891],[-34.90631,-7.29096],[-34.90631,-7.28891],[-34.907,-7.28891]],[[-35.27092,-7.29028],[-35.27023,-7.29096],[-35.27023,-7.29028],[-35.27092,-7.29028]],[[-34.93721,-7.29096],[-34.93927,-7.29504],[-34.94476,-7.29573],[-34.94545,-7.29845],[-34.95094,-7.29777],[-34.95163,-7.30117],[-34.95781,-7.30594],[-34.95506,-7.32161],[-34.94957,-7.32637],[-34.94545,-7.33591],[-34.93378,-7.33182],[-34.93721,-7.32297],[-34.93515,-7.3148],[-34.9379,-7.31275],[-34.9427,-7.31411],[-34.9379,-7.30322],[-34.93446,-7.30322],[-34.9324,-7.30867],[-34.92279,-7.30662],[-34.92691,-7.30322],[-34.92416,-7.29504],[-34.93721,-7.29096]],[[-34.90837,-7.29368],[-34.90768,-7.29845],[-34.91386,-7.30254],[-34.91867,-7.31003],[-34.91798,-7.3182],[-34.91249,-7.31616],[-34.91043,-7.30867],[-34.90356,-7.30526],[-34.90288,-7.29709],[-34.90837,-7.29368]],[[-35.27641,-7.29641],[-35.27847,-7.29504],[-35.27847,-7.29777],[-35.27641,-7.29641]],[[-35.35057,-7.29777],[-35.35812,-7.29981],[-35.36018,-7.3073],[-35.3643,-7.30458],[-35.37323,-7.31207],[-35.38353,-7.3148],[-35.38559,-7.31752],[-35.38422,-7.32365],[-35.36636,-7.32229],[-35.36293,-7.31752],[-35.34782,-7.31888],[-35.34714,-7.31684],[-35.3595,-7.31207],[-35.35538,-7.30935],[-35.35126,-7.31003],[-35.35126,-7.30526],[-35.33958,-7.30526],[-35.33752,-7.29845],[-35.35057,-7.29777]],[[-35.25581,-7.30594],[-35.25993,-7.3148],[-35.25925,-7.31888],[-35.25444,-7.32092],[-35.25513,-7.31752],[-35.25101,-7.31207],[-35.25307,-7.31071],[-35.25169,-7.3073],[-35.25581,-7.30594]],[[-35.205,-7.3148],[-35.20226,-7.31684],[-35.20226,-7.31548],[-35.205,-7.3148]],[[-35.26405,-7.31684],[-35.26817,-7.31956],[-35.26405,-7.32297],[-35.26405,-7.31684]],[[-34.90837,-7.31888],[-34.91112,-7.32092],[-34.90837,-7.32161],[-34.90837,-7.31888]],[[-35.26474,-7.32774],[-35.26268,-7.33046],[-35.26131,-7.32842],[-35.26474,-7.32774]],[[-34.90906,-7.3325],[-34.9118,-7.33182],[-34.9118,-7.33455],[-34.90906,-7.3325]],[[-34.96124,-7.33999],[-34.96468,-7.35225],[-34.95575,-7.35838],[-34.95712,-7.36315],[-34.9482,-7.37949],[-34.94202,-7.38426],[-34.93378,-7.37541],[-34.9379,-7.36996],[-34.94614,-7.3686],[-34.94751,-7.3577],[-34.93103,-7.35838],[-34.92966,-7.35293],[-34.94133,-7.34953],[-34.94614,-7.34476],[-34.95438,-7.35021],[-34.95506,-7.34817],[-34.95232,-7.34612],[-34.95438,-7.33999],[-34.96124,-7.33999]],[[-35.39589,-7.34885],[-35.40894,-7.35429],[-35.40825,-7.35634],[-35.40276,-7.35702],[-35.40276,-7.36179],[-35.4007,-7.3611],[-35.39589,-7.34885]],[[-34.89189,-7.34885],[-34.89326,-7.34953],[-34.89189,-7.35089],[-34.89189,-7.34885]],[[-35.23727,-7.35089],[-35.23933,-7.35429],[-35.2359,-7.35566],[-35.23521,-7.35157],[-35.23727,-7.35089]],[[-34.85893,-7.36996],[-34.86305,-7.37268],[-34.85619,-7.372],[-34.85893,-7.36996]],[[-35.45357,-7.3863],[-35.45288,-7.38698],[-35.45288,-7.3863],[-35.45357,-7.3863]],[[-34.93446,-7.38834],[-34.93446,-7.39175],[-34.93034,-7.39175],[-34.93103,-7.38834],[-34.93446,-7.38834]],[[-35.51331,-7.39039],[-35.51193,-7.39175],[-35.51193,-7.39039],[-35.51331,-7.39039]],[[-34.96742,-7.41218],[-34.97292,-7.41626],[-34.97154,-7.41967],[-34.96811,-7.42307],[-34.9633,-7.42375],[-34.96124,-7.41694],[-34.96742,-7.41218]],[[-34.99626,-7.44077],[-34.99283,-7.44145],[-34.99214,-7.43873],[-34.99626,-7.43805],[-34.99626,-7.44077]],[[-34.97086,-7.44213],[-34.98184,-7.44486],[-34.98116,-7.45439],[-34.96742,-7.45643],[-34.95918,-7.46052],[-34.95506,-7.45984],[-34.95987,-7.44758],[-34.97086,-7.44213]],[[-34.8703,-7.3568],[-34.85763,-7.34295],[-34.85763,-7.34295],[-34.8703,-7.3568]],[[-35.3142,-7.3014],[-35.3208,-7.2934],[-35.3243,-7.2894],[-35.3142,-7.3014]],[[-35.2327,-7.2051],[-35.2259,-7.1919],[-35.2372,-7.2113],[-35.2327,-7.2051]],[[-35.0158,-6.916],[-35.0025,-6.9125],[-34.9893,-6.9085],[-35.0158,-6.916]],[[-35.3796,-6.9346],[-35.39,-6.848],[-35.3804,-6.9325],[-35.3796,-6.9346]]],[[[-34.8594,-7.0153],[-34.8655,-7.0015],[-34.868,-6.988],[-34.8616,-6.9824],[-34.8476,-6.9831],[-34.8506,-7.0045],[-34.8594,-7.0153]]]]}},{"type":"Feature","properties":{"faixa":"100 a 200 m","ordem":1,"area_km2":2.4},"geometry":{"type":"Polygon","coordinates":[[[-34.90356,-7.25009],[-34.9015,-7.25486],[-34.90631,-7.25826],[-34.90425,-7.26439],[-34.90562,-7.2821],[-34.90906,-7.28415],[-34.91318,-7.2678],[-34.91043,-7.2569],[-34.90356,-7.25009]]]}},{"type":"Feature","properties":{"faixa":"100 a 200 m","ordem":1,"area_km2":2.1},"geometry":{"type":"Polygon","coordinates":[[[-34.90768,-7.293],[-34.90288,-7.29709],[-34.90356,-7.30526],[-34.91043,-7.30867],[-34.91249,-7.31616],[-34.91798,-7.3182],[-34.91867,-7.31003],[-34.91386,-7.30254],[-34.90768,-7.29845],[-34.90768,-7.293]]]}},{"type":"Feature","properties":{"faixa":"100 a 200 m","ordem":1,"area_km2":9.4},"geometry":{"type":"Polygon","coordinates":[[[-34.93858,-7.29096],[-34.92416,-7.29504],[-34.92691,-7.30322],[-34.92279,-7.30662],[-34.9324,-7.30867],[-34.93446,-7.30322],[-34.9379,-7.30322],[-34.9427,-7.31411],[-34.9379,-7.31275],[-34.93515,-7.3148],[-34.93721,-7.32297],[-34.93378,-7.33182],[-34.94545,-7.33591],[-34.94957,-7.32637],[-34.95506,-7.32161],[-34.95781,-7.30594],[-34.95163,-7.30117],[-34.95094,-7.29777],[-34.94545,-7.29845],[-34.94476,-7.29573],[-34.93927,-7.29504],[-34.93858,-7.29096]]]}},{"type":"Feature","properties":{"faixa":"100 a 200 m","ordem":1,"area_km2":7.9},"geometry":{"type":"Polygon","coordinates":[[[-34.95506,-7.33931],[-34.95232,-7.3434],[-34.95438,-7.35021],[-34.94614,-7.34476],[-34.94133,-7.34953],[-34.92966,-7.35293],[-34.93103,-7.35838],[-34.94751,-7.3577],[-34.94614,-7.3686],[-34.9379,-7.36996],[-34.93378,-7.37541],[-34.94202,-7.38426],[-34.9482,-7.37949],[-34.95712,-7.36315],[-34.95575,-7.35838],[-34.96468,-7.35225],[-34.96193,-7.3468],[-34.96262,-7.34067],[-34.95506,-7.33931]]]}},{"type":"Feature","properties":{"faixa":"100 a 200 m","ordem":1,"area_km2":2.4},"geometry":{"type":"Polygon","coordinates":[[[-35.05394,-6.63255],[-35.04501,-6.63051],[-35.04227,-6.63392],[-35.04295,-6.64346],[-35.03815,-6.64688],[-35.03883,-6.65097],[-35.04227,-6.65301],[-35.04501,-6.65233],[-35.04776,-6.64551],[-35.05325,-6.64278],[-35.05394,-6.63255]]]}},{"type":"Feature","properties":{"faixa":"100 a 200 m","ordem":1,"area_km2":211.0},"geometry":{"type":"Polygon","coordinates":[[[-35.01274,-6.93188],[-35.00931,-6.94006],[-35.00244,-6.94551],[-34.99352,-6.93938],[-34.98734,-6.94347],[-34.9894,-6.95165],[-34.99283,-6.95369],[-34.98734,-6.96119],[-34.98802,-6.96596],[-34.99626,-6.968],[-35.00519,-6.96187],[-35.00862,-6.97073],[-35.01274,-6.96664],[-35.01755,-6.96664],[-35.01686,-6.97141],[-35.02098,-6.97618],[-35.02853,-6.97278],[-35.02922,-6.97755],[-35.03128,-6.97823],[-35.03609,-6.97346],[-35.03677,-6.97959],[-35.04364,-6.98368],[-35.04364,-6.98573],[-35.03128,-6.98436],[-35.01549,-6.99186],[-35.00725,-6.99118],[-35.00587,-6.99527],[-35.00862,-7.0014],[-35.01274,-7.00413],[-35.02235,-7.00413],[-35.03197,-6.99799],[-35.03746,-7.00004],[-35.04639,-6.99731],[-35.05051,-7.00208],[-35.04982,-7.0089],[-35.05325,-7.0089],[-35.05669,-7.00822],[-35.05943,-7.00413],[-35.07454,-6.99936],[-35.0766,-7.0014],[-35.07248,-7.00413],[-35.06836,-7.0123],[-35.07523,-7.01708],[-35.08896,-7.01503],[-35.08896,-7.01776],[-35.0766,-7.02048],[-35.05669,-7.01844],[-35.04227,-7.02525],[-35.03677,-7.03411],[-35.04158,-7.04025],[-35.04295,-7.05592],[-35.04021,-7.0566],[-35.0354,-7.05183],[-35.02441,-7.04842],[-35.01686,-7.05388],[-35.01617,-7.06478],[-35.02716,-7.07023],[-35.03334,-7.06819],[-35.05257,-7.07023],[-35.05669,-7.06819],[-35.06355,-7.07023],[-35.07317,-7.07773],[-35.08141,-7.07636],[-35.08484,-7.07227],[-35.08209,-7.0566],[-35.08415,-7.04025],[-35.09857,-7.04025],[-35.10201,-7.03411],[-35.10681,-7.03275],[-35.11024,-7.02662],[-35.11299,-7.02662],[-35.10475,-7.04297],[-35.09239,-7.05047],[-35.09102,-7.05524],[-35.09583,-7.06682],[-35.11093,-7.06001],[-35.10475,-7.07364],[-35.09926,-7.07841],[-35.09926,-7.08522],[-35.10475,-7.08795],[-35.1075,-7.09408],[-35.1123,-7.09612],[-35.11505,-7.10089],[-35.12672,-7.10294],[-35.13084,-7.09885],[-35.13222,-7.08658],[-35.12604,-7.07909],[-35.1226,-7.06069],[-35.12947,-7.04979],[-35.13153,-7.0491],[-35.1329,-7.05183],[-35.12947,-7.06342],[-35.13496,-7.07432],[-35.13908,-7.07432],[-35.14389,-7.06955],[-35.15076,-7.07296],[-35.15076,-7.06887],[-35.15694,-7.06342],[-35.15625,-7.04365],[-35.16312,-7.03956],[-35.16449,-7.04433],[-35.16724,-7.0457],[-35.17136,-7.04229],[-35.17136,-7.03888],[-35.16724,-7.03548],[-35.16861,-7.02934],[-35.17548,-7.03343],[-35.18234,-7.02934],[-35.18028,-7.02321],[-35.18921,-7.02525],[-35.19264,-6.99527],[-35.19058,-6.9939],[-35.19058,-6.98845],[-35.18646,-6.98777],[-35.18372,-6.98232],[-35.18028,-6.98164],[-35.1844,-6.97755],[-35.1844,-6.97209],[-35.18028,-6.97005],[-35.1796,-6.96051],[-35.15694,-6.94892],[-35.14389,-6.95301],[-35.14458,-6.96255],[-35.1487,-6.97141],[-35.16243,-6.98913],[-35.16312,-7.00072],[-35.16106,-7.00617],[-35.15625,-6.98913],[-35.15144,-6.98845],[-35.14732,-6.98095],[-35.1384,-6.98368],[-35.13908,-6.97823],[-35.13565,-6.97618],[-35.13771,-6.97073],[-35.13359,-6.97005],[-35.13428,-6.96255],[-35.1329,-6.95778],[-35.12947,-6.95642],[-35.1281,-6.9496],[-35.11299,-6.94756],[-35.10406,-6.95642],[-35.10063,-6.95028],[-35.07935,-6.95097],[-35.06973,-6.97278],[-35.07179,-6.95301],[-35.06012,-6.96051],[-35.05737,-6.96596],[-35.05463,-6.96596],[-35.05119,-6.95778],[-35.05669,-6.95233],[-35.05531,-6.94619],[-35.04639,-6.94347],[-35.03815,-6.94619],[-35.03815,-6.94074],[-35.03197,-6.9387],[-35.02029,-6.94483],[-35.01549,-6.95097],[-35.01549,-6.94279],[-35.02235,-6.93529],[-35.01892,-6.93188],[-35.01274,-6.93188]],[[-35.10201,-7.00072],[-35.11368,-7.00345],[-35.12466,-7.01435],[-35.13496,-7.02048],[-35.13702,-7.03002],[-35.12604,-7.03139],[-35.12672,-7.02185],[-35.12329,-7.01639],[-35.1178,-7.01503],[-35.11505,-7.01094],[-35.1075,-7.0089],[-35.10201,-7.0123],[-35.10063,-7.00549],[-35.10201,-7.00072]]]}},{"type":"Feature","properties":{"faixa":"100 a 200 m","ordem":1,"area_km2":26.8},"geometry":{"type":"Polygon","coordinates":[[[-35.14114,-7.19491],[-35.13153,-7.19764],[-35.13496,-7.20649],[-35.1432,-7.21671],[-35.15282,-7.21399],[-35.15282,-7.22693],[-35.159,-7.23579],[-35.15831,-7.23851],[-35.15282,-7.2351],[-35.14938,-7.22489],[-35.14389,-7.22489],[-35.13634,-7.21944],[-35.13153,-7.21876],[-35.1281,-7.21399],[-35.11024,-7.21807],[-35.10818,-7.22148],[-35.1281,-7.22897],[-35.13908,-7.23919],[-35.13977,-7.24328],[-35.15076,-7.25622],[-35.15762,-7.25895],[-35.16174,-7.26371],[-35.16724,-7.26439],[-35.17273,-7.27052],[-35.17754,-7.26644],[-35.17204,-7.26099],[-35.17273,-7.25077],[-35.1796,-7.24941],[-35.18097,-7.246],[-35.17822,-7.23034],[-35.16998,-7.22829],[-35.1741,-7.21603],[-35.16655,-7.21535],[-35.16518,-7.2099],[-35.15831,-7.20377],[-35.14114,-7.19491]]]}},{"type":"Feature","properties":{"faixa":"100 a 200 m","ordem":1,"area_km2":3.6},"geometry":{"type":"Polygon","coordinates":[[[-34.97498,-7.44145],[-34.95987,-7.44758],[-34.95506,-7.45984],[-34.95918,-7.46052],[-34.96742,-7.45643],[-34.98116,-7.45439],[-34.98184,-7.44486],[-34.97498,-7.44145]]]}},{"type":"Feature","properties":{"faixa":"100 a 200 m","ordem":1,"area_km2":10.9},"geometry":{"type":"Polygon","coordinates":[[[-34.98911,-7.48162],[-34.9839,-7.48367],[-34.97978,-7.47618],[-34.96262,-7.48094],[-34.96262,-7.48639],[-34.97017,-7.48911],[-34.97704,-7.4966],[-34.97635,-7.49932],[-34.9585,-7.49592],[-34.95918,-7.50817],[-34.94888,-7.50817],[-34.94339,-7.51702],[-34.95781,-7.52383],[-34.96056,-7.51838],[-34.97017,-7.51022],[-34.97772,-7.50681],[-34.98047,-7.50922],[-34.9842,-7.5079],[-34.9851,-7.5],[-34.9902,-7.4889],[-34.98911,-7.48162]]]}},{"type":"Feature","properties":{"faixa":"100 a 200 m","ordem":1,"area_km2":3573.4},"geometry":{"type":"MultiPolygon","coordinates":[[[[-35.72647,-7.3972],[-35.71312,-7.36315],[-35.70763,-7.36179],[-35.709,-7.36996],[-35.69801,-7.37268],[-35.70282,-7.37881],[-35.70213,-7.38085],[-35.6987,-7.38085],[-35.69183,-7.372],[-35.69939,-7.36928],[-35.70076,-7.36519],[-35.69183,-7.36315],[-35.68977,-7.35906],[-35.68153,-7.36042],[-35.67879,-7.36383],[-35.66917,-7.36179],[-35.66917,-7.36723],[-35.66162,-7.36723],[-35.65956,-7.36383],[-35.65475,-7.36247],[-35.65544,-7.3577],[-35.65887,-7.35566],[-35.67329,-7.35974],[-35.6781,-7.35498],[-35.67467,-7.35429],[-35.67467,-7.35157],[-35.66643,-7.35361],[-35.65475,-7.35157],[-35.65407,-7.3291],[-35.65201,-7.32978],[-35.65201,-7.3434],[-35.64789,-7.34953],[-35.64445,-7.35021],[-35.64445,-7.35702],[-35.6369,-7.35429],[-35.63278,-7.34612],[-35.62729,-7.34136],[-35.61974,-7.33999],[-35.61356,-7.33318],[-35.6163,-7.32774],[-35.6115,-7.32705],[-35.60944,-7.32365],[-35.61562,-7.31684],[-35.62042,-7.31684],[-35.62386,-7.32092],[-35.62798,-7.31956],[-35.62935,-7.32501],[-35.63484,-7.32365],[-35.6369,-7.32637],[-35.64034,-7.32637],[-35.64583,-7.32365],[-35.63896,-7.3148],[-35.64034,-7.31003],[-35.64926,-7.31139],[-35.64857,-7.30867],[-35.64445,-7.3073],[-35.64377,-7.30186],[-35.63965,-7.30117],[-35.63965,-7.30798],[-35.63484,-7.31003],[-35.63004,-7.31003],[-35.62454,-7.30254],[-35.63141,-7.29777],[-35.63759,-7.29913],[-35.63622,-7.29164],[-35.63896,-7.29164],[-35.64651,-7.29845],[-35.65132,-7.29368],[-35.65681,-7.29573],[-35.66025,-7.29164],[-35.66025,-7.2896],[-35.6472,-7.29164],[-35.64445,-7.28891],[-35.64445,-7.28415],[-35.65063,-7.2787],[-35.66643,-7.27665],[-35.67123,-7.27393],[-35.66711,-7.27052],[-35.66917,-7.26916],[-35.6678,-7.26576],[-35.67604,-7.26303],[-35.67535,-7.25554],[-35.68153,-7.25622],[-35.67535,-7.25009],[-35.67535,-7.24737],[-35.68565,-7.24941],[-35.68153,-7.24396],[-35.67192,-7.246],[-35.67535,-7.24124],[-35.67879,-7.24124],[-35.68497,-7.22284],[-35.67947,-7.22489],[-35.67604,-7.2317],[-35.67329,-7.23238],[-35.66849,-7.24396],[-35.64583,-7.23851],[-35.64102,-7.24055],[-35.62935,-7.23442],[-35.62248,-7.23783],[-35.6163,-7.23306],[-35.60669,-7.23306],[-35.60463,-7.23034],[-35.60944,-7.22897],[-35.6115,-7.22216],[-35.60532,-7.21535],[-35.60188,-7.20377],[-35.61287,-7.20581],[-35.61424,-7.20173],[-35.61905,-7.20173],[-35.61836,-7.19764],[-35.61424,-7.19287],[-35.61424,-7.18878],[-35.61081,-7.19355],[-35.60738,-7.19151],[-35.60738,-7.1881],[-35.6115,-7.18538],[-35.60463,-7.18674],[-35.60257,-7.19287],[-35.59639,-7.19287],[-35.59433,-7.18265],[-35.59639,-7.1772],[-35.60532,-7.17516],[-35.6012,-7.16834],[-35.60188,-7.16562],[-35.606,-7.16562],[-35.60669,-7.16903],[-35.6163,-7.16903],[-35.62386,-7.16426],[-35.61768,-7.16358],[-35.61836,-7.15404],[-35.61562,-7.15199],[-35.61562,-7.14518],[-35.61218,-7.14722],[-35.61081,-7.15199],[-35.60326,-7.15336],[-35.59776,-7.13224],[-35.59433,-7.13155],[-35.5957,-7.12474],[-35.5909,-7.12815],[-35.58334,-7.12678],[-35.57579,-7.11997],[-35.57922,-7.11725],[-35.58403,-7.12201],[-35.59708,-7.1227],[-35.59845,-7.11111],[-35.60532,-7.1043],[-35.60738,-7.10634],[-35.60532,-7.1152],[-35.60944,-7.11861],[-35.60875,-7.1227],[-35.61356,-7.13769],[-35.61905,-7.13496],[-35.62523,-7.13632],[-35.62935,-7.13224],[-35.62317,-7.13087],[-35.61836,-7.1261],[-35.61905,-7.11861],[-35.62454,-7.11861],[-35.63004,-7.12201],[-35.62935,-7.11588],[-35.62454,-7.11316],[-35.6266,-7.10839],[-35.62386,-7.10226],[-35.62523,-7.09885],[-35.62729,-7.10498],[-35.63347,-7.10839],[-35.63416,-7.11384],[-35.64171,-7.1152],[-35.6424,-7.11179],[-35.64514,-7.11179],[-35.65819,-7.12201],[-35.66643,-7.12133],[-35.67192,-7.1261],[-35.67261,-7.12951],[-35.67604,-7.12815],[-35.67398,-7.1227],[-35.66643,-7.11725],[-35.66368,-7.11111],[-35.65819,-7.10907],[-35.65407,-7.10362],[-35.66643,-7.10362],[-35.66849,-7.09953],[-35.67604,-7.09885],[-35.6678,-7.09612],[-35.65887,-7.09885],[-35.64926,-7.0934],[-35.6472,-7.08795],[-35.64034,-7.08999],[-35.63484,-7.08522],[-35.63896,-7.08113],[-35.63347,-7.07704],[-35.63553,-7.06682],[-35.64171,-7.0675],[-35.65063,-7.07636],[-35.65887,-7.07296],[-35.66093,-7.075],[-35.66025,-7.08045],[-35.67673,-7.08454],[-35.67604,-7.08113],[-35.66849,-7.07568],[-35.67123,-7.07091],[-35.64171,-7.04502],[-35.63759,-7.03548],[-35.64377,-7.03956],[-35.65887,-7.04229],[-35.65887,-7.04774],[-35.66368,-7.04842],[-35.66849,-7.05728],[-35.67398,-7.05592],[-35.68085,-7.05933],[-35.68977,-7.06682],[-35.70145,-7.07227],[-35.70419,-7.07636],[-35.70831,-7.07432],[-35.71724,-7.07568],[-35.71724,-7.07023],[-35.709,-7.0675],[-35.70282,-7.06205],[-35.6987,-7.05319],[-35.69183,-7.05183],[-35.68428,-7.0457],[-35.68291,-7.04093],[-35.68909,-7.03888],[-35.68977,-7.03616],[-35.67947,-7.03752],[-35.67947,-7.02798],[-35.67329,-7.02798],[-35.66505,-7.01776],[-35.65132,-7.0123],[-35.64926,-7.00345],[-35.63347,-7.00004],[-35.62386,-6.9905],[-35.61768,-6.99118],[-35.60944,-6.98436],[-35.60188,-6.983],[-35.60394,-6.98913],[-35.60944,-6.99186],[-35.61905,-7.00413],[-35.6218,-7.01162],[-35.63072,-7.02048],[-35.62935,-7.02457],[-35.6321,-7.03002],[-35.62866,-7.03071],[-35.6218,-7.0273],[-35.6218,-7.02253],[-35.61768,-7.0198],[-35.61081,-7.02116],[-35.60669,-7.01912],[-35.60944,-7.0123],[-35.59914,-7.00072],[-35.59708,-7.00072],[-35.59708,-7.00413],[-35.60051,-7.01026],[-35.60051,-7.01571],[-35.59639,-7.01503],[-35.58472,-7.00617],[-35.57991,-7.00072],[-35.57991,-6.99731],[-35.57648,-6.99663],[-35.57579,-6.99254],[-35.57304,-6.99118],[-35.57373,-6.98845],[-35.58197,-6.98641],[-35.56961,-6.98164],[-35.56618,-6.97755],[-35.56686,-6.97414],[-35.56274,-6.97482],[-35.55656,-6.96732],[-35.55382,-6.95097],[-35.55656,-6.95097],[-35.55725,-6.95437],[-35.56686,-6.95505],[-35.5703,-6.96732],[-35.57304,-6.968],[-35.57236,-6.95983],[-35.57716,-6.95778],[-35.57236,-6.9571],[-35.56961,-6.9496],[-35.5648,-6.94619],[-35.56961,-6.94415],[-35.57373,-6.94688],[-35.57373,-6.94347],[-35.57991,-6.93665],[-35.5703,-6.93801],[-35.56892,-6.93597],[-35.57373,-6.9312],[-35.56412,-6.92915],[-35.56068,-6.91416],[-35.55244,-6.91416],[-35.55038,-6.9053],[-35.54352,-6.9053],[-35.5394,-6.90121],[-35.55588,-6.90052],[-35.56274,-6.90257],[-35.56824,-6.89848],[-35.57373,-6.9053],[-35.57236,-6.89507],[-35.57922,-6.89712],[-35.5854,-6.89303],[-35.58197,-6.88689],[-35.57579,-6.88553],[-35.5751,-6.8828],[-35.58884,-6.87189],[-35.58884,-6.8678],[-35.57304,-6.87666],[-35.56343,-6.87735],[-35.55656,-6.88689],[-35.5394,-6.88825],[-35.54077,-6.88007],[-35.53734,-6.87394],[-35.53322,-6.87326],[-35.53185,-6.87803],[-35.52498,-6.87735],[-35.52223,-6.87939],[-35.52017,-6.87735],[-35.52086,-6.86712],[-35.51537,-6.86303],[-35.5085,-6.86167],[-35.51331,-6.85349],[-35.52498,-6.84871],[-35.53185,-6.84803],[-35.53459,-6.85076],[-35.54764,-6.84871],[-35.54764,-6.83917],[-35.53871,-6.84053],[-35.53871,-6.83712],[-35.54901,-6.83167],[-35.55107,-6.82553],[-35.55588,-6.82622],[-35.55588,-6.82144],[-35.56961,-6.82213],[-35.56961,-6.81394],[-35.5751,-6.80576],[-35.57442,-6.80304],[-35.5703,-6.80781],[-35.56618,-6.80644],[-35.56892,-6.81326],[-35.56,-6.81326],[-35.54283,-6.80167],[-35.54558,-6.79963],[-35.5497,-6.80304],[-35.55038,-6.80031],[-35.55794,-6.80099],[-35.55862,-6.79826],[-35.53528,-6.77713],[-35.54901,-6.7819],[-35.55656,-6.78872],[-35.56068,-6.78803],[-35.55862,-6.77849],[-35.55244,-6.77372],[-35.5442,-6.77303],[-35.5442,-6.77099],[-35.54764,-6.77167],[-35.54901,-6.76622],[-35.54764,-6.76144],[-35.54283,-6.76144],[-35.53802,-6.75735],[-35.54146,-6.7519],[-35.53734,-6.75258],[-35.53322,-6.7594],[-35.53185,-6.75462],[-35.52704,-6.75258],[-35.53459,-6.74099],[-35.5442,-6.74099],[-35.54764,-6.73826],[-35.5545,-6.73758],[-35.55313,-6.72462],[-35.55931,-6.72598],[-35.56206,-6.72257],[-35.55725,-6.71166],[-35.54626,-6.70075],[-35.54626,-6.69598],[-35.54901,-6.6953],[-35.55244,-6.69939],[-35.55588,-6.69939],[-35.55382,-6.69393],[-35.55588,-6.69052],[-35.55862,-6.69052],[-35.56068,-6.69598],[-35.56343,-6.69666],[-35.56686,-6.68916],[-35.57442,-6.70007],[-35.5806,-6.69871],[-35.57991,-6.69393],[-35.58815,-6.69871],[-35.59639,-6.69871],[-35.59227,-6.69325],[-35.59021,-6.6837],[-35.58403,-6.68234],[-35.5648,-6.66188],[-35.5648,-6.65847],[-35.57304,-6.65438],[-35.57304,-6.65233],[-35.56755,-6.64483],[-35.55656,-6.63801],[-35.5648,-6.63664],[-35.56961,-6.64005],[-35.57373,-6.63869],[-35.57167,-6.63596],[-35.57304,-6.63187],[-35.56,-6.62028],[-35.55862,-6.61277],[-35.56068,-6.60868],[-35.5751,-6.61073],[-35.57922,-6.61823],[-35.58609,-6.61891],[-35.58884,-6.6271],[-35.59296,-6.63119],[-35.59296,-6.63528],[-35.6012,-6.63664],[-35.60188,-6.64278],[-35.60463,-6.64483],[-35.60257,-6.63937],[-35.60532,-6.63596],[-35.59639,-6.62982],[-35.5957,-6.62437],[-35.5909,-6.62028],[-35.59021,-6.6155],[-35.58128,-6.61073],[-35.58128,-6.59981],[-35.57854,-6.59777],[-35.57854,-6.59436],[-35.57579,-6.59436],[-35.57716,-6.60049],[-35.57236,-6.60459],[-35.56892,-6.60459],[-35.56274,-6.59436],[-35.55519,-6.59504],[-35.55656,-6.59026],[-35.55107,-6.58822],[-35.55038,-6.58344],[-35.55519,-6.57935],[-35.55588,-6.57526],[-35.55313,-6.57594],[-35.5442,-6.57048],[-35.54764,-6.55889],[-35.55176,-6.5582],[-35.55588,-6.5623],[-35.56274,-6.55547],[-35.57236,-6.55547],[-35.57785,-6.5582],[-35.58266,-6.56912],[-35.58884,-6.57116],[-35.59021,-6.56844],[-35.58609,-6.56502],[-35.58609,-6.56025],[-35.58952,-6.55752],[-35.58884,-6.55275],[-35.5909,-6.55206],[-35.59433,-6.55752],[-35.59914,-6.55957],[-35.60051,-6.56502],[-35.61218,-6.5623],[-35.61699,-6.56775],[-35.6163,-6.57321],[-35.62386,-6.5698],[-35.62592,-6.57321],[-35.62935,-6.57253],[-35.63896,-6.5773],[-35.64926,-6.57662],[-35.66299,-6.5889],[-35.67055,-6.58208],[-35.67192,-6.58822],[-35.69115,-6.59095],[-35.68291,-6.58753],[-35.67123,-6.5773],[-35.67261,-6.56844],[-35.66849,-6.57116],[-35.65544,-6.57321],[-35.64445,-6.56639],[-35.64514,-6.56366],[-35.65269,-6.56434],[-35.65613,-6.55889],[-35.66231,-6.55752],[-35.66231,-6.55547],[-35.65819,-6.55411],[-35.65819,-6.55138],[-35.66643,-6.55206],[-35.67604,-6.55889],[-35.67741,-6.55684],[-35.67192,-6.54729],[-35.67123,-6.53774],[-35.6575,-6.52682],[-35.66162,-6.52137],[-35.66231,-6.51454],[-35.65681,-6.50295],[-35.63622,-6.49749],[-35.64034,-6.49203],[-35.65063,-6.4893],[-35.65544,-6.49271],[-35.67055,-6.49271],[-35.69115,-6.50295],[-35.69252,-6.49749],[-35.68977,-6.49476],[-35.68153,-6.49203],[-35.67261,-6.48316],[-35.66574,-6.48043],[-35.66505,-6.47702],[-35.6575,-6.46952],[-35.65681,-6.45996],[-35.65338,-6.4586],[-35.65338,-6.45382],[-35.65956,-6.45109],[-35.66643,-6.45382],[-35.68291,-6.45109],[-35.6883,-6.45451],[-35.682,-6.4479],[-35.6737,-6.4516],[-35.6636,-6.4468],[-35.6293,-6.4549],[-35.6169,-6.4626],[-35.6041,-6.4592],[-35.5922,-6.4716],[-35.5921,-6.4766],[-35.5648,-6.4918],[-35.5515,-6.4902],[-35.5478,-6.4825],[-35.51537,-6.47728],[-35.52017,-6.47839],[-35.51743,-6.48316],[-35.52086,-6.48657],[-35.51537,-6.48521],[-35.51399,-6.48111],[-35.51056,-6.47975],[-35.50232,-6.48111],[-35.50095,-6.48657],[-35.49065,-6.48521],[-35.49065,-6.49067],[-35.48721,-6.49067],[-35.48927,-6.49544],[-35.49339,-6.49612],[-35.49545,-6.50022],[-35.50301,-6.50431],[-35.50232,-6.50704],[-35.4879,-6.5009],[-35.48103,-6.49612],[-35.47829,-6.48998],[-35.47005,-6.48725],[-35.46661,-6.49749],[-35.47073,-6.49953],[-35.47005,-6.51045],[-35.47417,-6.5125],[-35.47554,-6.51659],[-35.47554,-6.51864],[-35.47211,-6.51932],[-35.47211,-6.52273],[-35.47485,-6.52614],[-35.47897,-6.52546],[-35.4776,-6.52751],[-35.47142,-6.52682],[-35.46661,-6.52],[-35.46043,-6.51727],[-35.45906,-6.51318],[-35.45425,-6.51386],[-35.45425,-6.50636],[-35.45151,-6.50431],[-35.4467,-6.50772],[-35.44533,-6.51659],[-35.44121,-6.51659],[-35.44258,-6.52341],[-35.44739,-6.52887],[-35.44327,-6.52819],[-35.4364,-6.52],[-35.43159,-6.51932],[-35.43503,-6.52819],[-35.43983,-6.53092],[-35.43915,-6.53706],[-35.44327,-6.5391],[-35.43709,-6.54251],[-35.43846,-6.54797],[-35.44121,-6.54934],[-35.43983,-6.56025],[-35.44601,-6.5623],[-35.45013,-6.57116],[-35.45563,-6.57457],[-35.44533,-6.57867],[-35.44945,-6.60322],[-35.44739,-6.60186],[-35.44121,-6.57867],[-35.44533,-6.5698],[-35.44258,-6.56571],[-35.43571,-6.56571],[-35.43365,-6.57389],[-35.43022,-6.57526],[-35.43297,-6.57048],[-35.42885,-6.56571],[-35.43297,-6.56025],[-35.43022,-6.55616],[-35.43159,-6.54934],[-35.42953,-6.54661],[-35.42473,-6.54797],[-35.42404,-6.53842],[-35.42542,-6.53296],[-35.42747,-6.53433],[-35.42953,-6.53296],[-35.42473,-6.52887],[-35.4213,-6.52955],[-35.41855,-6.52409],[-35.41443,-6.52273],[-35.4213,-6.51795],[-35.41237,-6.51045],[-35.41237,-6.50567],[-35.4158,-6.50431],[-35.41649,-6.50022],[-35.42679,-6.5009],[-35.43022,-6.49817],[-35.42885,-6.49271],[-35.43091,-6.48866],[-35.4168,-6.4878],[-35.39352,-6.49476],[-35.39246,-6.49817],[-35.39589,-6.51181],[-35.38696,-6.50431],[-35.38559,-6.50977],[-35.37804,-6.51591],[-35.37872,-6.5084],[-35.37598,-6.50518],[-35.3645,-6.512],[-35.34503,-6.53433],[-35.34782,-6.5316],[-35.35194,-6.5316],[-35.354,-6.53637],[-35.35057,-6.53842],[-35.35744,-6.5391],[-35.36362,-6.54661],[-35.36293,-6.54865],[-35.36018,-6.54524],[-35.34782,-6.54592],[-35.34302,-6.54388],[-35.34439,-6.55206],[-35.33958,-6.54729],[-35.33546,-6.5507],[-35.33134,-6.5507],[-35.33203,-6.55547],[-35.32928,-6.55889],[-35.33203,-6.56502],[-35.33821,-6.56434],[-35.34302,-6.5698],[-35.35332,-6.56639],[-35.34988,-6.57457],[-35.35469,-6.57867],[-35.34027,-6.58003],[-35.3389,-6.58344],[-35.34439,-6.58685],[-35.34988,-6.58481],[-35.35057,-6.59163],[-35.36705,-6.59231],[-35.37048,-6.58753],[-35.37254,-6.59572],[-35.38216,-6.60459],[-35.37941,-6.61004],[-35.37872,-6.60527],[-35.37186,-6.60186],[-35.36774,-6.60186],[-35.36362,-6.60663],[-35.36156,-6.60186],[-35.35675,-6.60049],[-35.34645,-6.60459],[-35.33958,-6.60049],[-35.33272,-6.60118],[-35.33203,-6.60527],[-35.33546,-6.60936],[-35.32997,-6.60936],[-35.32928,-6.61277],[-35.33066,-6.62096],[-35.33615,-6.62232],[-35.33615,-6.62641],[-35.3286,-6.62369],[-35.32654,-6.61959],[-35.32448,-6.62028],[-35.32448,-6.61277],[-35.31967,-6.60663],[-35.32104,-6.59777],[-35.32585,-6.59845],[-35.32448,-6.59367],[-35.32654,-6.58753],[-35.32379,-6.58685],[-35.32173,-6.59163],[-35.31487,-6.59299],[-35.31143,-6.59708],[-35.30869,-6.5964],[-35.30937,-6.58958],[-35.30251,-6.58412],[-35.30663,-6.57662],[-35.2977,-6.57389],[-35.30113,-6.57048],[-35.30113,-6.56707],[-35.29358,-6.5623],[-35.29015,-6.55479],[-35.29221,-6.55206],[-35.29083,-6.54865],[-35.27779,-6.54797],[-35.27779,-6.54392],[-35.2532,-6.534],[-35.23453,-6.53219],[-35.24002,-6.53978],[-35.2359,-6.5432],[-35.22972,-6.5391],[-35.22629,-6.54661],[-35.22766,-6.55411],[-35.23178,-6.55752],[-35.22354,-6.55616],[-35.22079,-6.5582],[-35.22148,-6.54934],[-35.21667,-6.54456],[-35.22217,-6.54251],[-35.22011,-6.53569],[-35.22697,-6.52682],[-35.2244,-6.5216],[-35.2182,-6.5186],[-35.2101,-6.5332],[-35.2073,-6.5437],[-35.1689,-6.5583],[-35.1575,-6.5517],[-35.1487,-6.55253],[-35.14732,-6.55616],[-35.14389,-6.55547],[-35.13977,-6.54934],[-35.13565,-6.54934],[-35.13153,-6.54524],[-35.12947,-6.5391],[-35.12192,-6.54251],[-35.1178,-6.53433],[-35.11093,-6.53365],[-35.10544,-6.5507],[-35.09995,-6.55752],[-35.09789,-6.56639],[-35.09995,-6.57526],[-35.09308,-6.57867],[-35.09102,-6.58276],[-35.09033,-6.59367],[-35.08621,-6.59913],[-35.0869,-6.60254],[-35.0972,-6.60049],[-35.09651,-6.59436],[-35.10063,-6.5889],[-35.10201,-6.58208],[-35.1123,-6.58753],[-35.10818,-6.59504],[-35.11917,-6.59504],[-35.12123,-6.59231],[-35.11917,-6.58617],[-35.12466,-6.58753],[-35.12604,-6.58549],[-35.12535,-6.57935],[-35.12192,-6.57457],[-35.1329,-6.5814],[-35.13565,-6.57321],[-35.13771,-6.57389],[-35.13977,-6.58071],[-35.13222,-6.58753],[-35.13222,-6.59299],[-35.14183,-6.59504],[-35.14389,-6.59231],[-35.15213,-6.59367],[-35.15213,-6.57253],[-35.15419,-6.57185],[-35.15831,-6.59095],[-35.16243,-6.59231],[-35.16655,-6.58822],[-35.16792,-6.58003],[-35.17067,-6.58753],[-35.17822,-6.58549],[-35.1796,-6.57526],[-35.17616,-6.56912],[-35.18028,-6.56775],[-35.18303,-6.57116],[-35.18784,-6.57048],[-35.18509,-6.58276],[-35.18921,-6.58549],[-35.19539,-6.58276],[-35.20088,-6.57253],[-35.20157,-6.58276],[-35.19951,-6.58822],[-35.20432,-6.58753],[-35.20569,-6.59299],[-35.22148,-6.5814],[-35.22491,-6.58276],[-35.22491,-6.5889],[-35.22011,-6.58822],[-35.2153,-6.59163],[-35.21324,-6.59845],[-35.22079,-6.59845],[-35.22011,-6.60254],[-35.22491,-6.60322],[-35.22629,-6.60936],[-35.23315,-6.61277],[-35.23178,-6.6155],[-35.22423,-6.61482],[-35.22148,-6.60936],[-35.21461,-6.608],[-35.21255,-6.60459],[-35.20775,-6.60595],[-35.20569,-6.60186],[-35.19608,-6.59572],[-35.19127,-6.60049],[-35.18921,-6.59572],[-35.17754,-6.59504],[-35.17273,-6.60049],[-35.1693,-6.59981],[-35.16586,-6.60459],[-35.16037,-6.60391],[-35.16586,-6.61345],[-35.17204,-6.61618],[-35.17204,-6.623],[-35.16586,-6.61755],[-35.15831,-6.61823],[-35.15762,-6.61277],[-35.1535,-6.61004],[-35.14389,-6.61755],[-35.14595,-6.60732],[-35.1329,-6.608],[-35.12947,-6.61209],[-35.12329,-6.61073],[-35.10681,-6.61414],[-35.10544,-6.62028],[-35.11024,-6.62573],[-35.11848,-6.62573],[-35.11917,-6.63255],[-35.12535,-6.6346],[-35.13222,-6.6271],[-35.13084,-6.63596],[-35.1329,-6.63664],[-35.13977,-6.62846],[-35.14252,-6.62846],[-35.14389,-6.63255],[-35.13977,-6.63801],[-35.13977,-6.6421],[-35.14183,-6.64346],[-35.14938,-6.63801],[-35.15076,-6.64142],[-35.14801,-6.64756],[-35.15419,-6.64619],[-35.15488,-6.65029],[-35.15831,-6.65097],[-35.16312,-6.63937],[-35.16792,-6.64005],[-35.17204,-6.64688],[-35.17067,-6.63801],[-35.1741,-6.63323],[-35.18234,-6.63664],[-35.18234,-6.62846],[-35.1899,-6.62914],[-35.19676,-6.62232],[-35.19882,-6.62641],[-35.20363,-6.6271],[-35.20432,-6.62914],[-35.19882,-6.63119],[-35.19882,-6.6346],[-35.19402,-6.63801],[-35.19539,-6.64278],[-35.19058,-6.64415],[-35.18921,-6.6496],[-35.18509,-6.65165],[-35.18509,-6.65574],[-35.19402,-6.65233],[-35.19676,-6.65915],[-35.20226,-6.6537],[-35.20638,-6.66256],[-35.21255,-6.65711],[-35.21118,-6.65097],[-35.21736,-6.65165],[-35.21873,-6.64346],[-35.22217,-6.64415],[-35.22629,-6.63664],[-35.22491,-6.64892],[-35.23453,-6.64892],[-35.23521,-6.65506],[-35.22835,-6.65506],[-35.22148,-6.65915],[-35.21805,-6.66393],[-35.21873,-6.6687],[-35.23933,-6.67075],[-35.24139,-6.67552],[-35.23865,-6.67961],[-35.24345,-6.68098],[-35.24208,-6.68643],[-35.24826,-6.68507],[-35.24963,-6.67484],[-35.26131,-6.67552],[-35.26199,-6.67143],[-35.26474,-6.67143],[-35.2668,-6.67757],[-35.27435,-6.67825],[-35.2771,-6.68575],[-35.27985,-6.68507],[-35.28191,-6.67961],[-35.28671,-6.68098],[-35.28465,-6.69393],[-35.29152,-6.69257],[-35.28946,-6.69939],[-35.29152,-6.70143],[-35.29564,-6.6953],[-35.2977,-6.6837],[-35.30113,-6.68711],[-35.30251,-6.70075],[-35.30663,-6.69734],[-35.30869,-6.69121],[-35.31212,-6.69189],[-35.31143,-6.69802],[-35.31693,-6.69598],[-35.31418,-6.69189],[-35.31349,-6.6837],[-35.3183,-6.68302],[-35.3183,-6.68916],[-35.3231,-6.69598],[-35.32585,-6.69461],[-35.32791,-6.68507],[-35.32997,-6.68848],[-35.33821,-6.68507],[-35.34027,-6.68711],[-35.33478,-6.68984],[-35.33272,-6.69734],[-35.34096,-6.69598],[-35.34027,-6.70143],[-35.34439,-6.70212],[-35.35126,-6.69325],[-35.35126,-6.70075],[-35.35675,-6.69939],[-35.35057,-6.70757],[-35.35194,-6.71098],[-35.36087,-6.71166],[-35.3643,-6.70689],[-35.37048,-6.70757],[-35.37392,-6.70075],[-35.37941,-6.70689],[-35.37598,-6.71439],[-35.38284,-6.71644],[-35.3904,-6.71166],[-35.39177,-6.71507],[-35.38559,-6.71916],[-35.37872,-6.71985],[-35.37048,-6.71371],[-35.36705,-6.71439],[-35.36568,-6.7178],[-35.37392,-6.72121],[-35.37392,-6.72803],[-35.36362,-6.72053],[-35.36087,-6.72053],[-35.36156,-6.72735],[-35.35744,-6.72462],[-35.35332,-6.72667],[-35.3492,-6.72326],[-35.34782,-6.73349],[-35.35126,-6.73758],[-35.33958,-6.73621],[-35.34508,-6.73076],[-35.34508,-6.72667],[-35.34302,-6.72326],[-35.3389,-6.72735],[-35.33821,-6.72053],[-35.33546,-6.7178],[-35.33409,-6.71985],[-35.32585,-6.71848],[-35.32654,-6.72326],[-35.31898,-6.72189],[-35.32104,-6.72667],[-35.32516,-6.7253],[-35.33409,-6.73485],[-35.32722,-6.73826],[-35.32104,-6.73553],[-35.31761,-6.74167],[-35.31349,-6.73553],[-35.30594,-6.73689],[-35.30388,-6.73349],[-35.29976,-6.73349],[-35.29976,-6.73758],[-35.29495,-6.7403],[-35.28946,-6.73689],[-35.29015,-6.73349],[-35.28534,-6.73212],[-35.28191,-6.7328],[-35.28191,-6.73689],[-35.27504,-6.73689],[-35.27504,-6.73144],[-35.26817,-6.7328],[-35.2668,-6.73008],[-35.26474,-6.73076],[-35.26543,-6.73485],[-35.25101,-6.73485],[-35.24208,-6.73144],[-35.2462,-6.7253],[-35.24483,-6.71371],[-35.24071,-6.71303],[-35.24208,-6.70553],[-35.2359,-6.70212],[-35.22766,-6.70484],[-35.22697,-6.70075],[-35.22148,-6.70075],[-35.22285,-6.69257],[-35.21736,-6.69325],[-35.21599,-6.68848],[-35.20775,-6.68643],[-35.20638,-6.69666],[-35.19951,-6.70348],[-35.19951,-6.69598],[-35.19676,-6.69121],[-35.20088,-6.68575],[-35.20157,-6.68029],[-35.19333,-6.67825],[-35.1899,-6.68507],[-35.18234,-6.68439],[-35.1844,-6.68848],[-35.18372,-6.69734],[-35.17822,-6.69802],[-35.1741,-6.70484],[-35.17479,-6.69461],[-35.1693,-6.68848],[-35.1693,-6.67688],[-35.16106,-6.67757],[-35.159,-6.67416],[-35.15213,-6.67416],[-35.15007,-6.68439],[-35.15144,-6.69325],[-35.14938,-6.69461],[-35.15076,-6.70143],[-35.1535,-6.70416],[-35.15556,-6.71439],[-35.16518,-6.71644],[-35.16655,-6.71916],[-35.16106,-6.72257],[-35.16243,-6.73076],[-35.15968,-6.73144],[-35.15625,-6.72939],[-35.1535,-6.72326],[-35.14595,-6.72257],[-35.14458,-6.71507],[-35.13977,-6.70825],[-35.13428,-6.71166],[-35.13222,-6.71848],[-35.12878,-6.71916],[-35.13084,-6.71507],[-35.12947,-6.70757],[-35.13359,-6.70484],[-35.1329,-6.70007],[-35.1384,-6.69802],[-35.13496,-6.69052],[-35.13702,-6.68575],[-35.13565,-6.67825],[-35.12947,-6.68166],[-35.13153,-6.66802],[-35.12672,-6.66734],[-35.12535,-6.67143],[-35.12192,-6.67279],[-35.1178,-6.6687],[-35.11848,-6.66324],[-35.11299,-6.6612],[-35.10887,-6.66938],[-35.10887,-6.67552],[-35.10681,-6.6762],[-35.10544,-6.66393],[-35.10063,-6.65847],[-35.10201,-6.6537],[-35.0972,-6.65506],[-35.09239,-6.64688],[-35.08896,-6.64688],[-35.0869,-6.65506],[-35.08278,-6.66052],[-35.08072,-6.6421],[-35.07454,-6.63733],[-35.06973,-6.63664],[-35.06561,-6.64619],[-35.06561,-6.6612],[-35.06287,-6.66324],[-35.05531,-6.6612],[-35.05257,-6.66393],[-35.04639,-6.66393],[-35.04364,-6.66665],[-35.04364,-6.67211],[-35.05188,-6.67961],[-35.05531,-6.67347],[-35.06012,-6.67347],[-35.06012,-6.6878],[-35.0663,-6.69257],[-35.07179,-6.69461],[-35.08896,-6.69461],[-35.09171,-6.69871],[-35.08621,-6.69734],[-35.06973,-6.70075],[-35.06561,-6.69802],[-35.04776,-6.6953],[-35.04295,-6.70484],[-35.05051,-6.7103],[-35.07179,-6.7103],[-35.07454,-6.71576],[-35.08141,-6.71644],[-35.08484,-6.71371],[-35.09033,-6.72326],[-35.10269,-6.72803],[-35.10681,-6.73553],[-35.09445,-6.73212],[-35.08553,-6.73485],[-35.08415,-6.73076],[-35.08003,-6.72735],[-35.07591,-6.72735],[-35.07523,-6.72462],[-35.07248,-6.72462],[-35.07111,-6.72871],[-35.06493,-6.72598],[-35.056,-6.72598],[-35.04845,-6.73485],[-35.04227,-6.72394],[-35.02716,-6.72189],[-35.02373,-6.72939],[-35.01686,-6.73008],[-35.02029,-6.73417],[-35.01823,-6.74235],[-35.02579,-6.74303],[-35.03059,-6.7403],[-35.03265,-6.74849],[-35.03609,-6.74985],[-35.04227,-6.74917],[-35.04364,-6.74644],[-35.05669,-6.7403],[-35.06424,-6.73962],[-35.07111,-6.74371],[-35.0663,-6.74576],[-35.05531,-6.7594],[-35.04845,-6.76076],[-35.056,-6.77372],[-35.0457,-6.77508],[-35.04227,-6.77099],[-35.02991,-6.77167],[-35.02853,-6.77576],[-35.03059,-6.77849],[-35.03883,-6.78394],[-35.05737,-6.78531],[-35.05943,-6.78394],[-35.05737,-6.78053],[-35.05875,-6.77576],[-35.0663,-6.7744],[-35.06836,-6.77031],[-35.07179,-6.77235],[-35.07454,-6.77031],[-35.07866,-6.77167],[-35.07385,-6.7594],[-35.08415,-6.75258],[-35.09033,-6.75803],[-35.09514,-6.75803],[-35.09445,-6.76826],[-35.10201,-6.76485],[-35.10887,-6.75258],[-35.11093,-6.76144],[-35.11368,-6.76144],[-35.11917,-6.75599],[-35.12192,-6.76076],[-35.12947,-6.75735],[-35.13084,-6.76212],[-35.12192,-6.77576],[-35.12123,-6.78326],[-35.09651,-6.78531],[-35.08827,-6.79349],[-35.08621,-6.80031],[-35.09789,-6.80508],[-35.10612,-6.80372],[-35.11368,-6.80576],[-35.1178,-6.80235],[-35.1178,-6.79622],[-35.11986,-6.79554],[-35.12604,-6.80576],[-35.13359,-6.80235],[-35.13359,-6.81599],[-35.13702,-6.82076],[-35.15488,-6.8194],[-35.15694,-6.81463],[-35.14664,-6.80031],[-35.1432,-6.78258],[-35.14595,-6.78326],[-35.15419,-6.79826],[-35.159,-6.80235],[-35.16312,-6.80235],[-35.1638,-6.7969],[-35.159,-6.78735],[-35.15694,-6.7744],[-35.15076,-6.76826],[-35.14732,-6.75803],[-35.16174,-6.76622],[-35.16449,-6.77985],[-35.1693,-6.78394],[-35.17204,-6.78053],[-35.17136,-6.76553],[-35.17342,-6.76212],[-35.17891,-6.76485],[-35.18646,-6.76485],[-35.18509,-6.77576],[-35.1899,-6.77849],[-35.20088,-6.77303],[-35.20157,-6.77031],[-35.20912,-6.77508],[-35.20844,-6.77031],[-35.21667,-6.77031],[-35.21599,-6.7669],[-35.21187,-6.76553],[-35.21324,-6.76281],[-35.22285,-6.76485],[-35.21942,-6.75872],[-35.21118,-6.75667],[-35.21187,-6.74985],[-35.20432,-6.74985],[-35.20844,-6.74849],[-35.20912,-6.74371],[-35.21805,-6.7444],[-35.22148,-6.74099],[-35.22423,-6.74235],[-35.22697,-6.74917],[-35.23315,-6.74644],[-35.23659,-6.74985],[-35.24483,-6.74644],[-35.24483,-6.73894],[-35.24826,-6.73894],[-35.26199,-6.74303],[-35.25993,-6.75462],[-35.26405,-6.7519],[-35.27161,-6.75394],[-35.27229,-6.76144],[-35.26817,-6.76417],[-35.26337,-6.76144],[-35.25581,-6.76553],[-35.25581,-6.76212],[-35.25169,-6.76076],[-35.24895,-6.76553],[-35.24551,-6.76417],[-35.24345,-6.76963],[-35.24139,-6.76758],[-35.24002,-6.77031],[-35.23453,-6.77099],[-35.2359,-6.77372],[-35.24139,-6.77372],[-35.24757,-6.77917],[-35.23109,-6.77985],[-35.23659,-6.78735],[-35.22835,-6.79826],[-35.23315,-6.79894],[-35.23453,-6.80985],[-35.24071,-6.81667],[-35.24414,-6.81326],[-35.25307,-6.81463],[-35.25375,-6.82076],[-35.25719,-6.82076],[-35.26062,-6.81394],[-35.26268,-6.81394],[-35.26268,-6.81803],[-35.26749,-6.82076],[-35.26543,-6.81326],[-35.2668,-6.80985],[-35.27023,-6.81053],[-35.2771,-6.80576],[-35.28671,-6.80372],[-35.29083,-6.79826],[-35.29083,-6.79076],[-35.28397,-6.78803],[-35.28328,-6.78463],[-35.29083,-6.7819],[-35.29221,-6.78531],[-35.29701,-6.78531],[-35.29976,-6.77917],[-35.30319,-6.77713],[-35.30388,-6.78394],[-35.31898,-6.78599],[-35.32104,-6.7819],[-35.32516,-6.7819],[-35.32928,-6.77781],[-35.33272,-6.78053],[-35.32791,-6.78326],[-35.32791,-6.78735],[-35.3231,-6.78872],[-35.32242,-6.79349],[-35.31761,-6.79281],[-35.31555,-6.79894],[-35.30594,-6.79758],[-35.30388,-6.80576],[-35.31624,-6.80576],[-35.30663,-6.81872],[-35.31143,-6.8194],[-35.31418,-6.81258],[-35.3286,-6.81122],[-35.33066,-6.81463],[-35.33409,-6.81531],[-35.33615,-6.81053],[-35.33409,-6.80508],[-35.33958,-6.80167],[-35.34233,-6.79349],[-35.34576,-6.79417],[-35.34645,-6.79826],[-35.36224,-6.79554],[-35.36362,-6.80031],[-35.35263,-6.80031],[-35.35126,-6.80508],[-35.34782,-6.80508],[-35.34508,-6.80985],[-35.34714,-6.81326],[-35.34645,-6.81872],[-35.354,-6.81872],[-35.35675,-6.81258],[-35.36156,-6.81872],[-35.3595,-6.82144],[-35.36018,-6.82622],[-35.35263,-6.8269],[-35.34576,-6.83508],[-35.36087,-6.83167],[-35.36499,-6.82758],[-35.36842,-6.82826],[-35.36774,-6.8344],[-35.37117,-6.83167],[-35.38216,-6.8344],[-35.38834,-6.83303],[-35.38902,-6.83099],[-35.37735,-6.82826],[-35.37323,-6.82349],[-35.37186,-6.81735],[-35.37872,-6.81667],[-35.38147,-6.81394],[-35.38422,-6.81667],[-35.38696,-6.81326],[-35.3849,-6.80985],[-35.38628,-6.8044],[-35.39314,-6.81258],[-35.40001,-6.81122],[-35.40344,-6.81531],[-35.40688,-6.81531],[-35.41306,-6.80713],[-35.4158,-6.80917],[-35.42473,-6.80917],[-35.4261,-6.80304],[-35.43365,-6.79826],[-35.43571,-6.79281],[-35.42953,-6.78599],[-35.42885,-6.7819],[-35.44258,-6.78803],[-35.45151,-6.79554],[-35.457,-6.78872],[-35.45975,-6.7894],[-35.46043,-6.79281],[-35.46387,-6.79144],[-35.46387,-6.78122],[-35.45631,-6.77644],[-35.46112,-6.77713],[-35.4673,-6.78258],[-35.46524,-6.77372],[-35.46867,-6.76622],[-35.47073,-6.7669],[-35.46867,-6.77576],[-35.47211,-6.77917],[-35.47897,-6.77781],[-35.48035,-6.77372],[-35.49408,-6.77644],[-35.50507,-6.76758],[-35.50644,-6.77031],[-35.50438,-6.77576],[-35.49477,-6.78326],[-35.48447,-6.78122],[-35.47897,-6.78531],[-35.49202,-6.79008],[-35.49614,-6.7894],[-35.49751,-6.79281],[-35.50987,-6.79485],[-35.51605,-6.79758],[-35.51674,-6.80031],[-35.49339,-6.79554],[-35.48927,-6.79281],[-35.48309,-6.79622],[-35.47417,-6.78735],[-35.47142,-6.78735],[-35.47005,-6.79281],[-35.46593,-6.7969],[-35.45563,-6.79826],[-35.46524,-6.80713],[-35.47005,-6.81599],[-35.4673,-6.81667],[-35.45357,-6.80304],[-35.44464,-6.79826],[-35.43846,-6.79894],[-35.43503,-6.8044],[-35.44327,-6.80849],[-35.44189,-6.81326],[-35.45082,-6.81872],[-35.45082,-6.82076],[-35.44464,-6.82144],[-35.44121,-6.8194],[-35.4364,-6.82349],[-35.43434,-6.83167],[-35.42885,-6.83099],[-35.42953,-6.83781],[-35.42404,-6.83917],[-35.42198,-6.84258],[-35.42267,-6.8494],[-35.43022,-6.85212],[-35.43571,-6.84871],[-35.43915,-6.85076],[-35.44876,-6.84667],[-35.44876,-6.8569],[-35.45082,-6.85758],[-35.45494,-6.85758],[-35.45975,-6.85349],[-35.46799,-6.85553],[-35.47485,-6.85417],[-35.48309,-6.85758],[-35.48584,-6.85008],[-35.48721,-6.85212],[-35.49477,-6.85076],[-35.49751,-6.86099],[-35.48996,-6.85758],[-35.48653,-6.86439],[-35.47554,-6.86508],[-35.47691,-6.86712],[-35.48996,-6.86985],[-35.48996,-6.8753],[-35.48447,-6.87462],[-35.47829,-6.8828],[-35.47966,-6.88689],[-35.48241,-6.88621],[-35.48378,-6.88144],[-35.4879,-6.88007],[-35.49065,-6.88076],[-35.48927,-6.88621],[-35.49614,-6.88689],[-35.50026,-6.87735],[-35.50301,-6.87666],[-35.50026,-6.88553],[-35.50987,-6.88825],[-35.51262,-6.88416],[-35.51262,-6.88825],[-35.5085,-6.89234],[-35.51125,-6.89575],[-35.51811,-6.89371],[-35.52223,-6.89643],[-35.52773,-6.89439],[-35.54146,-6.89507],[-35.52773,-6.90052],[-35.53322,-6.90734],[-35.5291,-6.90666],[-35.52292,-6.90052],[-35.52017,-6.90052],[-35.52086,-6.9053],[-35.51605,-6.9053],[-35.51331,-6.90257],[-35.50781,-6.90325],[-35.50438,-6.89848],[-35.49202,-6.90052],[-35.48927,-6.89575],[-35.48653,-6.89575],[-35.48309,-6.90189],[-35.49202,-6.90461],[-35.49339,-6.9087],[-35.48515,-6.90598],[-35.4776,-6.90802],[-35.4776,-6.89984],[-35.47417,-6.8978],[-35.46799,-6.89984],[-35.46455,-6.89098],[-35.457,-6.88962],[-35.457,-6.8753],[-35.44945,-6.87939],[-35.44945,-6.88144],[-35.45631,-6.88076],[-35.45563,-6.88416],[-35.45013,-6.88621],[-35.44876,-6.8903],[-35.45082,-6.89303],[-35.45631,-6.89371],[-35.45837,-6.8978],[-35.44876,-6.8978],[-35.4467,-6.90052],[-35.45563,-6.90666],[-35.47005,-6.90939],[-35.47417,-6.9162],[-35.46799,-6.9162],[-35.46593,-6.92166],[-35.46112,-6.91688],[-35.45563,-6.9237],[-35.457,-6.91552],[-35.45151,-6.91757],[-35.45151,-6.92643],[-35.44739,-6.92984],[-35.45357,-6.93529],[-35.45357,-6.93938],[-35.45013,-6.94347],[-35.45563,-6.94483],[-35.45151,-6.94892],[-35.45151,-6.95369],[-35.45563,-6.95097],[-35.45494,-6.96051],[-35.46112,-6.96255],[-35.46112,-6.96596],[-35.46387,-6.968],[-35.45837,-6.96869],[-35.45631,-6.96528],[-35.45151,-6.96596],[-35.45013,-6.96119],[-35.44807,-6.96187],[-35.45082,-6.98573],[-35.45288,-6.98777],[-35.457,-6.98709],[-35.45837,-6.99527],[-35.46799,-6.99663],[-35.4673,-7.0014],[-35.47691,-7.00208],[-35.47897,-7.00413],[-35.47966,-7.00822],[-35.47005,-7.00549],[-35.46799,-7.01026],[-35.46524,-7.00617],[-35.46181,-7.00617],[-35.46455,-7.01094],[-35.46318,-7.02185],[-35.46524,-7.02662],[-35.47279,-7.02185],[-35.48241,-7.02457],[-35.48584,-7.0198],[-35.49065,-7.02389],[-35.49339,-7.03207],[-35.49889,-7.03002],[-35.49889,-7.03548],[-35.49614,-7.03684],[-35.49408,-7.03275],[-35.48859,-7.03002],[-35.4879,-7.02389],[-35.48515,-7.02457],[-35.48447,-7.03071],[-35.48035,-7.02798],[-35.47211,-7.0273],[-35.46936,-7.03002],[-35.47211,-7.03616],[-35.45906,-7.0382],[-35.45631,-7.04161],[-35.45631,-7.04706],[-35.45151,-7.04502],[-35.45357,-7.03275],[-35.44121,-7.03071],[-35.44395,-7.02593],[-35.45013,-7.02321],[-35.44945,-7.02048],[-35.44327,-7.02048],[-35.44189,-7.01503],[-35.43777,-7.01367],[-35.44464,-7.00549],[-35.44464,-7.00208],[-35.44121,-7.00345],[-35.44052,-7.00685],[-35.43434,-7.00753],[-35.42885,-7.01299],[-35.41924,-7.0089],[-35.42336,-7.00208],[-35.42198,-6.99663],[-35.42542,-6.99459],[-35.42473,-6.97823],[-35.42061,-6.97141],[-35.41718,-6.97209],[-35.41512,-6.97755],[-35.42061,-6.98436],[-35.41855,-6.99254],[-35.411,-6.9939],[-35.41237,-7.0014],[-35.40825,-7.00617],[-35.4055,-7.00617],[-35.40001,-7.00072],[-35.3952,-7.0014],[-35.40138,-6.9939],[-35.40276,-6.98436],[-35.39658,-6.97346],[-35.38628,-6.96255],[-35.38628,-6.9571],[-35.38216,-6.95778],[-35.38422,-6.96732],[-35.38078,-6.96937],[-35.38422,-6.97618],[-35.38216,-6.98232],[-35.38902,-6.98709],[-35.38216,-6.98913],[-35.37941,-6.99254],[-35.37666,-6.98504],[-35.37529,-6.98981],[-35.3698,-6.99322],[-35.37186,-6.9905],[-35.37117,-6.98232],[-35.36705,-6.98095],[-35.36362,-6.98436],[-35.36087,-6.983],[-35.36156,-6.97891],[-35.36636,-6.97414],[-35.36568,-6.968],[-35.3595,-6.9755],[-35.35126,-6.9755],[-35.35057,-6.97073],[-35.34508,-6.97073],[-35.34302,-6.96664],[-35.34096,-6.96869],[-35.34164,-6.9755],[-35.33821,-6.97891],[-35.33684,-6.97414],[-35.33203,-6.97278],[-35.33066,-6.96869],[-35.32654,-6.97278],[-35.32448,-6.97005],[-35.31967,-6.97141],[-35.31487,-6.968],[-35.30319,-6.96937],[-35.30594,-6.96323],[-35.29633,-6.96187],[-35.29495,-6.95983],[-35.29289,-6.96187],[-35.28809,-6.96051],[-35.28671,-6.95369],[-35.28053,-6.95574],[-35.27573,-6.95437],[-35.27504,-6.95097],[-35.28328,-6.94279],[-35.28259,-6.93665],[-35.28809,-6.94006],[-35.29564,-6.9387],[-35.29289,-6.9312],[-35.29839,-6.92915],[-35.30319,-6.91961],[-35.30251,-6.91211],[-35.30045,-6.91075],[-35.30113,-6.90393],[-35.29495,-6.90461],[-35.29358,-6.90189],[-35.29152,-6.90257],[-35.29358,-6.91552],[-35.29701,-6.91757],[-35.29633,-6.92097],[-35.29083,-6.91688],[-35.28328,-6.92029],[-35.27504,-6.91075],[-35.27161,-6.91143],[-35.27023,-6.91552],[-35.2668,-6.91348],[-35.26337,-6.91484],[-35.2668,-6.92438],[-35.27161,-6.92506],[-35.27573,-6.93801],[-35.26886,-6.94483],[-35.26062,-6.94688],[-35.25513,-6.93597],[-35.23933,-6.94619],[-35.2359,-6.9387],[-35.23109,-6.94006],[-35.23178,-6.93392],[-35.22079,-6.93188],[-35.21805,-6.92643],[-35.21255,-6.92711],[-35.21049,-6.92029],[-35.20363,-6.92097],[-35.20294,-6.92438],[-35.18921,-6.93256],[-35.18097,-6.92847],[-35.18166,-6.91893],[-35.19058,-6.91348],[-35.19402,-6.9053],[-35.19333,-6.90052],[-35.2002,-6.90052],[-35.205,-6.89507],[-35.2002,-6.88894],[-35.19264,-6.89303],[-35.1899,-6.88621],[-35.18303,-6.88894],[-35.1796,-6.88348],[-35.17204,-6.88962],[-35.1693,-6.89575],[-35.16174,-6.89984],[-35.15968,-6.90461],[-35.15762,-6.90393],[-35.15694,-6.89575],[-35.15076,-6.90121],[-35.15076,-6.90393],[-35.15625,-6.90666],[-35.15488,-6.91075],[-35.15144,-6.91075],[-35.15213,-6.91279],[-35.16724,-6.91075],[-35.17136,-6.91416],[-35.16174,-6.92438],[-35.16312,-6.92779],[-35.17342,-6.93256],[-35.17342,-6.93529],[-35.16586,-6.93801],[-35.16792,-6.94279],[-35.17479,-6.94483],[-35.17822,-6.93801],[-35.19539,-6.93938],[-35.20294,-6.93529],[-35.20706,-6.92984],[-35.22217,-6.93801],[-35.22285,-6.94279],[-35.21805,-6.94892],[-35.21461,-6.94824],[-35.21599,-6.93665],[-35.21187,-6.93392],[-35.20638,-6.93665],[-35.2002,-6.94415],[-35.18166,-6.94619],[-35.18097,-6.95028],[-35.1844,-6.95301],[-35.19264,-6.95233],[-35.18852,-6.95778],[-35.18852,-6.96255],[-35.19264,-6.96664],[-35.20226,-6.96869],[-35.21187,-6.96119],[-35.20912,-6.96596],[-35.21049,-6.97073],[-35.22629,-6.97073],[-35.22835,-6.96732],[-35.23315,-6.97073],[-35.23796,-6.97073],[-35.23933,-6.96869],[-35.24208,-6.97005],[-35.24071,-6.97414],[-35.20912,-6.97618],[-35.20775,-6.98027],[-35.21324,-6.98573],[-35.21599,-6.99322],[-35.24414,-6.99731],[-35.24345,-7.00004],[-35.22972,-6.99799],[-35.22354,-7.00072],[-35.2153,-6.99936],[-35.20638,-6.98573],[-35.19951,-6.98573],[-35.19814,-6.983],[-35.19951,-6.99527],[-35.20706,-7.00208],[-35.20638,-7.00685],[-35.21187,-7.01094],[-35.21118,-7.01571],[-35.22835,-7.02321],[-35.22148,-7.02389],[-35.22217,-7.02934],[-35.21942,-7.02934],[-35.21324,-7.02321],[-35.20706,-7.02253],[-35.20569,-7.03002],[-35.21667,-7.04025],[-35.2002,-7.0382],[-35.19814,-7.04161],[-35.20294,-7.04706],[-35.19402,-7.04774],[-35.1947,-7.05047],[-35.20363,-7.05319],[-35.20432,-7.06137],[-35.19333,-7.06205],[-35.19196,-7.05865],[-35.18715,-7.05796],[-35.18578,-7.06478],[-35.17685,-7.07091],[-35.18372,-7.07227],[-35.19676,-7.06819],[-35.2002,-7.0641],[-35.20569,-7.06478],[-35.21049,-7.05251],[-35.21873,-7.0491],[-35.22148,-7.04979],[-35.21942,-7.06205],[-35.22423,-7.06205],[-35.2256,-7.0566],[-35.23041,-7.0566],[-35.23178,-7.04979],[-35.23384,-7.0491],[-35.24071,-7.05592],[-35.24895,-7.0566],[-35.24895,-7.06069],[-35.2565,-7.0641],[-35.25787,-7.06137],[-35.25581,-7.05796],[-35.26405,-7.05796],[-35.26062,-7.05251],[-35.26543,-7.0491],[-35.26474,-7.04433],[-35.2771,-7.03888],[-35.28191,-7.02798],[-35.28465,-7.03002],[-35.28053,-7.03343],[-35.27985,-7.03956],[-35.26955,-7.04638],[-35.26817,-7.05183],[-35.26817,-7.0566],[-35.27435,-7.05592],[-35.27985,-7.06001],[-35.26955,-7.06001],[-35.26749,-7.06342],[-35.26337,-7.06342],[-35.26268,-7.06819],[-35.25925,-7.06887],[-35.26131,-7.07364],[-35.25719,-7.07159],[-35.24071,-7.07296],[-35.23659,-7.07432],[-35.23659,-7.07977],[-35.23384,-7.07704],[-35.2256,-7.08181],[-35.22011,-7.07909],[-35.21805,-7.08454],[-35.21049,-7.08658],[-35.20981,-7.08931],[-35.20569,-7.08999],[-35.20157,-7.08726],[-35.19608,-7.08863],[-35.21324,-7.09612],[-35.21942,-7.09476],[-35.22285,-7.09612],[-35.21942,-7.10021],[-35.19676,-7.09885],[-35.17204,-7.10703],[-35.16998,-7.11111],[-35.17891,-7.11179],[-35.18028,-7.11656],[-35.17479,-7.11929],[-35.1638,-7.11929],[-35.1638,-7.12542],[-35.16998,-7.12474],[-35.17342,-7.11997],[-35.18372,-7.11997],[-35.19196,-7.11248],[-35.19676,-7.11316],[-35.20638,-7.10703],[-35.20775,-7.1152],[-35.1947,-7.11997],[-35.1947,-7.12338],[-35.19882,-7.12678],[-35.19608,-7.13496],[-35.18646,-7.13496],[-35.1899,-7.13837],[-35.19539,-7.13905],[-35.19608,-7.14518],[-35.20088,-7.1445],[-35.20432,-7.13905],[-35.2002,-7.13155],[-35.20638,-7.12815],[-35.20981,-7.11929],[-35.21324,-7.11793],[-35.21255,-7.10975],[-35.2153,-7.10634],[-35.22148,-7.10703],[-35.22491,-7.10294],[-35.23453,-7.10634],[-35.23521,-7.09612],[-35.24071,-7.09476],[-35.24139,-7.09135],[-35.24757,-7.08931],[-35.24895,-7.0859],[-35.25719,-7.08795],[-35.25787,-7.09203],[-35.26062,-7.0934],[-35.26474,-7.09272],[-35.26337,-7.0859],[-35.2771,-7.08386],[-35.27847,-7.08726],[-35.27641,-7.09067],[-35.27847,-7.09067],[-35.27985,-7.08386],[-35.2874,-7.08726],[-35.28671,-7.08045],[-35.29633,-7.08045],[-35.30113,-7.075],[-35.30319,-7.075],[-35.30182,-7.08454],[-35.30457,-7.08386],[-35.30525,-7.07977],[-35.30869,-7.07704],[-35.31212,-7.07704],[-35.30937,-7.08318],[-35.31761,-7.08181],[-35.31693,-7.0859],[-35.32242,-7.08726],[-35.3231,-7.07909],[-35.32997,-7.07773],[-35.32928,-7.06887],[-35.33478,-7.07091],[-35.33478,-7.08113],[-35.33684,-7.08318],[-35.3437,-7.0825],[-35.33752,-7.06887],[-35.33958,-7.06682],[-35.3437,-7.07296],[-35.34782,-7.07296],[-35.34439,-7.06478],[-35.34164,-7.06342],[-35.34164,-7.05592],[-35.34851,-7.0566],[-35.35126,-7.05933],[-35.35263,-7.05456],[-35.35744,-7.05865],[-35.36018,-7.06955],[-35.36705,-7.07091],[-35.36842,-7.06614],[-35.37186,-7.06478],[-35.37323,-7.07159],[-35.38078,-7.07227],[-35.38353,-7.07227],[-35.3904,-7.0641],[-35.39108,-7.05933],[-35.39314,-7.06273],[-35.39589,-7.06273],[-35.40276,-7.05592],[-35.39795,-7.06955],[-35.39383,-7.07023],[-35.39383,-7.07296],[-35.38902,-7.07296],[-35.38902,-7.07841],[-35.38147,-7.08113],[-35.38216,-7.08386],[-35.39177,-7.0825],[-35.39383,-7.08795],[-35.39177,-7.09408],[-35.39864,-7.09135],[-35.39864,-7.0859],[-35.40207,-7.07977],[-35.40482,-7.07977],[-35.4055,-7.08318],[-35.41168,-7.08658],[-35.41306,-7.09272],[-35.4261,-7.08863],[-35.43022,-7.09408],[-35.43571,-7.09203],[-35.44464,-7.0934],[-35.45013,-7.08999],[-35.45219,-7.08386],[-35.46661,-7.08454],[-35.46661,-7.08726],[-35.45494,-7.08658],[-35.44807,-7.09885],[-35.44189,-7.10089],[-35.44327,-7.10566],[-35.43777,-7.10703],[-35.42336,-7.1043],[-35.41855,-7.10703],[-35.41786,-7.1152],[-35.42267,-7.11793],[-35.4261,-7.12542],[-35.42953,-7.1261],[-35.42953,-7.13155],[-35.43709,-7.13087],[-35.43297,-7.13428],[-35.43228,-7.13837],[-35.4467,-7.14586],[-35.43983,-7.14722],[-35.43915,-7.14995],[-35.44739,-7.15744],[-35.44189,-7.15676],[-35.43571,-7.15131],[-35.42816,-7.15267],[-35.42953,-7.15812],[-35.42473,-7.15744],[-35.42816,-7.14995],[-35.42061,-7.14245],[-35.42267,-7.13973],[-35.42267,-7.13155],[-35.41855,-7.13155],[-35.41649,-7.12678],[-35.40619,-7.12474],[-35.411,-7.1152],[-35.41031,-7.10839],[-35.40688,-7.10566],[-35.39246,-7.10362],[-35.39108,-7.10566],[-35.39452,-7.11111],[-35.38696,-7.11111],[-35.38696,-7.11384],[-35.39589,-7.12065],[-35.39383,-7.12542],[-35.38696,-7.12406],[-35.3801,-7.12678],[-35.37804,-7.12065],[-35.37323,-7.12133],[-35.36911,-7.11793],[-35.3698,-7.11179],[-35.36636,-7.11588],[-35.36156,-7.11179],[-35.36018,-7.1227],[-35.35538,-7.11997],[-35.35263,-7.12542],[-35.34645,-7.12338],[-35.33821,-7.13292],[-35.33409,-7.13428],[-35.33546,-7.13905],[-35.34027,-7.14041],[-35.33684,-7.14586],[-35.34164,-7.14654],[-35.34508,-7.15131],[-35.35675,-7.14995],[-35.3595,-7.13905],[-35.36293,-7.13973],[-35.36293,-7.14518],[-35.36774,-7.14382],[-35.36705,-7.15063],[-35.37117,-7.15063],[-35.37254,-7.16017],[-35.37529,-7.16221],[-35.37941,-7.15744],[-35.37941,-7.16221],[-35.38284,-7.16494],[-35.37872,-7.1663],[-35.37941,-7.17107],[-35.36087,-7.16426],[-35.35812,-7.16903],[-35.36705,-7.18061],[-35.38559,-7.18606],[-35.38628,-7.18878],[-35.38078,-7.18742],[-35.37598,-7.19083],[-35.3698,-7.19083],[-35.36568,-7.18742],[-35.36156,-7.19219],[-35.36018,-7.18469],[-35.35744,-7.18401],[-35.35332,-7.18538],[-35.35194,-7.18878],[-35.34645,-7.18946],[-35.35194,-7.19628],[-35.34645,-7.199],[-35.34439,-7.19559],[-35.34164,-7.19559],[-35.3389,-7.20104],[-35.33615,-7.20104],[-35.33752,-7.19287],[-35.33134,-7.19287],[-35.3334,-7.1881],[-35.33203,-7.18538],[-35.32379,-7.18674],[-35.32173,-7.18401],[-35.31693,-7.18401],[-35.32448,-7.19014],[-35.3231,-7.19628],[-35.3183,-7.19559],[-35.31624,-7.18946],[-35.31349,-7.19014],[-35.31212,-7.19559],[-35.30869,-7.19491],[-35.30663,-7.18946],[-35.31212,-7.1881],[-35.308,-7.18469],[-35.30937,-7.17856],[-35.30525,-7.17379],[-35.30388,-7.18606],[-35.29495,-7.18129],[-35.29289,-7.18538],[-35.28671,-7.18606],[-35.27435,-7.17516],[-35.27367,-7.18129],[-35.28671,-7.18878],[-35.28465,-7.19151],[-35.28603,-7.19423],[-35.29015,-7.19014],[-35.29495,-7.19014],[-35.29976,-7.19355],[-35.30182,-7.20036],[-35.29564,-7.20377],[-35.29633,-7.20649],[-35.30251,-7.20513],[-35.30663,-7.20104],[-35.31349,-7.20377],[-35.31418,-7.19764],[-35.32379,-7.20104],[-35.3286,-7.19696],[-35.33134,-7.20377],[-35.3389,-7.20649],[-35.34027,-7.20309],[-35.34576,-7.20309],[-35.34782,-7.19968],[-35.36018,-7.20445],[-35.36568,-7.20377],[-35.3643,-7.21194],[-35.36774,-7.21399],[-35.37392,-7.20649],[-35.3801,-7.20718],[-35.38078,-7.20036],[-35.39314,-7.20104],[-35.39383,-7.20581],[-35.39864,-7.21126],[-35.38284,-7.21331],[-35.37872,-7.23102],[-35.38216,-7.23306],[-35.38559,-7.23034],[-35.38765,-7.2351],[-35.40344,-7.23579],[-35.41168,-7.24328],[-35.40413,-7.246],[-35.3952,-7.24192],[-35.38971,-7.24532],[-35.38284,-7.24396],[-35.38284,-7.24737],[-35.38559,-7.24941],[-35.39383,-7.24941],[-35.39177,-7.25486],[-35.3952,-7.25418],[-35.39726,-7.25895],[-35.40001,-7.25826],[-35.40688,-7.26371],[-35.41168,-7.26235],[-35.41786,-7.26439],[-35.41649,-7.27052],[-35.42336,-7.27461],[-35.4158,-7.27461],[-35.41237,-7.26984],[-35.40207,-7.26644],[-35.39589,-7.2678],[-35.39246,-7.26508],[-35.38696,-7.26576],[-35.38078,-7.26099],[-35.37872,-7.25486],[-35.37048,-7.25418],[-35.36705,-7.25077],[-35.36018,-7.25145],[-35.36362,-7.24737],[-35.36087,-7.2351],[-35.35194,-7.23374],[-35.3389,-7.23647],[-35.33615,-7.23034],[-35.32997,-7.2317],[-35.3231,-7.22421],[-35.32036,-7.22421],[-35.3183,-7.23238],[-35.32654,-7.23442],[-35.3286,-7.24124],[-35.31075,-7.23851],[-35.31075,-7.24192],[-35.31898,-7.24464],[-35.31898,-7.24668],[-35.31487,-7.24737],[-35.31624,-7.2535],[-35.31967,-7.25145],[-35.32516,-7.25418],[-35.33066,-7.25213],[-35.33409,-7.25963],[-35.3389,-7.2569],[-35.3389,-7.25418],[-35.34782,-7.2535],[-35.34576,-7.25826],[-35.35057,-7.26303],[-35.35675,-7.26235],[-35.35744,-7.26984],[-35.34851,-7.26984],[-35.34164,-7.26303],[-35.33615,-7.26508],[-35.33409,-7.27052],[-35.32791,-7.26712],[-35.3286,-7.27121],[-35.3334,-7.27461],[-35.3389,-7.27257],[-35.34164,-7.27938],[-35.35194,-7.28347],[-35.36293,-7.28278],[-35.36774,-7.28619],[-35.36911,-7.28347],[-35.37529,-7.2821],[-35.37598,-7.28415],[-35.38078,-7.28347],[-35.38422,-7.29028],[-35.38902,-7.28755],[-35.3904,-7.29028],[-35.39864,-7.2896],[-35.40138,-7.29368],[-35.40962,-7.29232],[-35.41374,-7.29845],[-35.42679,-7.29504],[-35.42473,-7.30322],[-35.43228,-7.30526],[-35.43434,-7.31003],[-35.44395,-7.31548],[-35.46661,-7.31616],[-35.46387,-7.32161],[-35.45563,-7.32161],[-35.44533,-7.31956],[-35.42542,-7.31071],[-35.41786,-7.30458],[-35.39726,-7.30117],[-35.38971,-7.30254],[-35.38147,-7.29845],[-35.37666,-7.30049],[-35.37323,-7.29777],[-35.36911,-7.29845],[-35.36911,-7.30458],[-35.38078,-7.31343],[-35.38696,-7.3148],[-35.3904,-7.32297],[-35.41374,-7.32433],[-35.41443,-7.33318],[-35.41924,-7.33659],[-35.42267,-7.33523],[-35.42404,-7.33114],[-35.43297,-7.32842],[-35.42542,-7.33659],[-35.4261,-7.33931],[-35.43297,-7.33931],[-35.43709,-7.34408],[-35.44739,-7.34817],[-35.46249,-7.34885],[-35.46867,-7.35361],[-35.46867,-7.34612],[-35.47417,-7.34544],[-35.48859,-7.35157],[-35.49477,-7.34817],[-35.49614,-7.3434],[-35.49889,-7.3434],[-35.50026,-7.33455],[-35.50301,-7.33318],[-35.50507,-7.33659],[-35.50507,-7.34885],[-35.50781,-7.34885],[-35.50781,-7.34544],[-35.51674,-7.33523],[-35.51674,-7.33182],[-35.52017,-7.33318],[-35.5291,-7.32501],[-35.53116,-7.33182],[-35.54283,-7.33386],[-35.54352,-7.33659],[-35.52773,-7.33727],[-35.52635,-7.33999],[-35.5291,-7.34272],[-35.52567,-7.35089],[-35.52979,-7.35089],[-35.53459,-7.34612],[-35.54283,-7.3468],[-35.54283,-7.34885],[-35.53253,-7.35225],[-35.54008,-7.35634],[-35.53047,-7.35906],[-35.52429,-7.35566],[-35.52155,-7.35906],[-35.51811,-7.3577],[-35.51743,-7.35225],[-35.51399,-7.35089],[-35.51262,-7.35429],[-35.51743,-7.3577],[-35.51674,-7.35974],[-35.49957,-7.35566],[-35.49065,-7.35974],[-35.49065,-7.36179],[-35.49477,-7.36179],[-35.52017,-7.37336],[-35.52704,-7.38017],[-35.53391,-7.37541],[-35.53665,-7.37609],[-35.53391,-7.3863],[-35.53712,-7.38426],[-35.5614,-7.3017],[-35.53774,-7.38358],[-35.54146,-7.3829],[-35.54352,-7.38562],[-35.55725,-7.38426],[-35.55862,-7.37949],[-35.56137,-7.38426],[-35.5648,-7.38358],[-35.56412,-7.38698],[-35.55931,-7.38766],[-35.55862,-7.38971],[-35.56274,-7.39039],[-35.56686,-7.39515],[-35.56961,-7.39515],[-35.57854,-7.3863],[-35.59021,-7.38766],[-35.58952,-7.39243],[-35.59364,-7.39515],[-35.57922,-7.39515],[-35.57716,-7.40128],[-35.57304,-7.404],[-35.55656,-7.40264],[-35.55588,-7.39856],[-35.55038,-7.39788],[-35.54901,-7.40332],[-35.56,-7.40809],[-35.55794,-7.41081],[-35.56274,-7.4183],[-35.55382,-7.41286],[-35.54832,-7.41286],[-35.54901,-7.42171],[-35.54695,-7.42239],[-35.54626,-7.42716],[-35.5497,-7.43192],[-35.54901,-7.44009],[-35.54626,-7.44009],[-35.54214,-7.43396],[-35.54214,-7.4292],[-35.53871,-7.42647],[-35.53871,-7.41286],[-35.53322,-7.41218],[-35.53596,-7.40537],[-35.53047,-7.40196],[-35.52498,-7.404],[-35.52429,-7.39992],[-35.51605,-7.39583],[-35.51262,-7.39788],[-35.50713,-7.39651],[-35.49477,-7.40469],[-35.49408,-7.39788],[-35.49889,-7.3972],[-35.50026,-7.39379],[-35.49683,-7.39039],[-35.49683,-7.38358],[-35.49202,-7.38153],[-35.49133,-7.37813],[-35.48653,-7.37745],[-35.48584,-7.37064],[-35.4673,-7.37064],[-35.46249,-7.36723],[-35.457,-7.36996],[-35.45425,-7.36723],[-35.44601,-7.36587],[-35.44464,-7.37132],[-35.44807,-7.37813],[-35.45837,-7.38358],[-35.45906,-7.3863],[-35.45631,-7.38698],[-35.45631,-7.38971],[-35.46387,-7.39447],[-35.45975,-7.39379],[-35.45494,-7.39651],[-35.44464,-7.39107],[-35.43846,-7.39651],[-35.43159,-7.39447],[-35.42747,-7.39856],[-35.42953,-7.40673],[-35.42473,-7.40673],[-35.4213,-7.41081],[-35.42336,-7.39515],[-35.41855,-7.39039],[-35.42679,-7.38698],[-35.4213,-7.38221],[-35.42542,-7.37541],[-35.42267,-7.36655],[-35.4213,-7.37268],[-35.41443,-7.37404],[-35.41306,-7.36723],[-35.40482,-7.36315],[-35.40619,-7.3686],[-35.39726,-7.36655],[-35.39864,-7.37404],[-35.39658,-7.372],[-35.38902,-7.372],[-35.38834,-7.37404],[-35.39177,-7.37677],[-35.38902,-7.38426],[-35.38216,-7.38221],[-35.38078,-7.38562],[-35.37529,-7.38766],[-35.37323,-7.3829],[-35.36705,-7.38562],[-35.37186,-7.37404],[-35.36911,-7.36928],[-35.36156,-7.372],[-35.3595,-7.36996],[-35.3595,-7.36179],[-35.35469,-7.35906],[-35.35194,-7.36247],[-35.34714,-7.3611],[-35.34714,-7.36655],[-35.34439,-7.36655],[-35.34164,-7.36042],[-35.34508,-7.35429],[-35.33958,-7.34544],[-35.33272,-7.34544],[-35.32791,-7.34067],[-35.32448,-7.3434],[-35.32173,-7.34272],[-35.31967,-7.33659],[-35.31349,-7.33591],[-35.31075,-7.33046],[-35.30731,-7.32978],[-35.30663,-7.32433],[-35.30113,-7.32433],[-35.30113,-7.32092],[-35.30525,-7.3182],[-35.30388,-7.30662],[-35.29976,-7.30594],[-35.29976,-7.31207],[-35.29701,-7.31207],[-35.29358,-7.30798],[-35.28809,-7.31003],[-35.28328,-7.3073],[-35.28259,-7.3039],[-35.27779,-7.30594],[-35.27298,-7.30254],[-35.26474,-7.30254],[-35.26337,-7.30458],[-35.26749,-7.30798],[-35.2668,-7.31275],[-35.27161,-7.30867],[-35.2771,-7.31071],[-35.27573,-7.3148],[-35.27161,-7.31548],[-35.27229,-7.32365],[-35.27847,-7.32501],[-35.28328,-7.32161],[-35.28671,-7.32229],[-35.27985,-7.32842],[-35.27229,-7.32842],[-35.27023,-7.33046],[-35.27092,-7.33386],[-35.27779,-7.33523],[-35.27641,-7.33931],[-35.28122,-7.3434],[-35.28053,-7.34885],[-35.29015,-7.34748],[-35.29221,-7.33999],[-35.29976,-7.33999],[-35.30182,-7.3434],[-35.29701,-7.34476],[-35.29701,-7.34885],[-35.30457,-7.34953],[-35.30663,-7.35702],[-35.2977,-7.35702],[-35.29839,-7.36247],[-35.30319,-7.36519],[-35.30251,-7.37064],[-35.29564,-7.36723],[-35.29015,-7.35974],[-35.28259,-7.36247],[-35.28259,-7.36519],[-35.28603,-7.36723],[-35.28122,-7.36928],[-35.28122,-7.37132],[-35.28671,-7.37268],[-35.29358,-7.38017],[-35.29358,-7.38494],[-35.28946,-7.38153],[-35.28877,-7.3863],[-35.28053,-7.38562],[-35.27573,-7.38153],[-35.26886,-7.3821],[-35.2802,-7.3877],[-35.29907,-7.40324],[-35.29701,-7.39924],[-35.30869,-7.39924],[-35.31418,-7.39379],[-35.31693,-7.39379],[-35.31898,-7.39856],[-35.3334,-7.3972],[-35.33752,-7.39311],[-35.35263,-7.39651],[-35.35538,-7.39924],[-35.35332,-7.404],[-35.35469,-7.40741],[-35.35194,-7.41218],[-35.34439,-7.41081],[-35.3389,-7.41422],[-35.34302,-7.41694],[-35.3595,-7.41694],[-35.35881,-7.41286],[-35.36293,-7.40809],[-35.37117,-7.40809],[-35.37254,-7.404],[-35.37735,-7.40196],[-35.38971,-7.404],[-35.39726,-7.40128],[-35.39795,-7.40741],[-35.40756,-7.40537],[-35.40962,-7.41422],[-35.4055,-7.41558],[-35.40413,-7.42035],[-35.39864,-7.4183],[-35.39383,-7.42035],[-35.3904,-7.41626],[-35.38422,-7.4183],[-35.37941,-7.41558],[-35.37941,-7.42307],[-35.37048,-7.42716],[-35.36568,-7.42647],[-35.36499,-7.42852],[-35.37323,-7.43056],[-35.36911,-7.43465],[-35.37529,-7.43465],[-35.38284,-7.42988],[-35.39452,-7.43396],[-35.411,-7.43192],[-35.411,-7.43465],[-35.40756,-7.43533],[-35.40482,-7.44077],[-35.39452,-7.44486],[-35.40962,-7.44554],[-35.40825,-7.45779],[-35.41237,-7.45984],[-35.41649,-7.46869],[-35.41855,-7.46869],[-35.41718,-7.45303],[-35.42198,-7.4435],[-35.42953,-7.43669],[-35.44052,-7.43805],[-35.4467,-7.43396],[-35.44739,-7.42988],[-35.43571,-7.42171],[-35.43571,-7.41762],[-35.44052,-7.4115],[-35.44464,-7.41013],[-35.44533,-7.40605],[-35.44876,-7.40809],[-35.45563,-7.40741],[-35.46112,-7.4149],[-35.47073,-7.41694],[-35.47554,-7.42307],[-35.48241,-7.42171],[-35.48859,-7.42375],[-35.47829,-7.42443],[-35.47691,-7.42852],[-35.47211,-7.4292],[-35.47005,-7.43192],[-35.50026,-7.44077],[-35.52841,-7.44213],[-35.53734,-7.44758],[-35.53528,-7.45099],[-35.51743,-7.45099],[-35.51949,-7.45439],[-35.54008,-7.45916],[-35.54695,-7.46324],[-35.55107,-7.45984],[-35.55038,-7.45371],[-35.56,-7.45507],[-35.55794,-7.44962],[-35.5648,-7.45031],[-35.57167,-7.45507],[-35.57854,-7.45439],[-35.57785,-7.45916],[-35.57304,-7.4646],[-35.57716,-7.46733],[-35.57854,-7.47481],[-35.58334,-7.47958],[-35.57922,-7.48503],[-35.58472,-7.48639],[-35.58266,-7.49115],[-35.58678,-7.49796],[-35.5854,-7.50817],[-35.5806,-7.50885],[-35.57991,-7.5109],[-35.58334,-7.51362],[-35.58746,-7.51294],[-35.58952,-7.51634],[-35.58678,-7.52111],[-35.5854,-7.5354],[-35.59021,-7.53813],[-35.59296,-7.54834],[-35.59776,-7.5531],[-35.5957,-7.57216],[-35.59845,-7.58781],[-35.58952,-7.60007],[-35.57785,-7.60415],[-35.58609,-7.60687],[-35.58678,-7.61232],[-35.59296,-7.61844],[-35.59227,-7.62253],[-35.60257,-7.62048],[-35.60257,-7.62525],[-35.60532,-7.62593],[-35.60669,-7.62048],[-35.61356,-7.61776],[-35.61836,-7.60959],[-35.6218,-7.60959],[-35.62523,-7.61436],[-35.6321,-7.61572],[-35.63622,-7.61368],[-35.65269,-7.61504],[-35.65269,-7.62185],[-35.66093,-7.62185],[-35.67261,-7.62933],[-35.67535,-7.64294],[-35.68153,-7.6409],[-35.68909,-7.64566],[-35.69801,-7.64294],[-35.71106,-7.64362],[-35.73921,-7.65179],[-35.75638,-7.65383],[-35.7653,-7.64975],[-35.76324,-7.64839],[-35.76324,-7.6409],[-35.76668,-7.6375],[-35.77354,-7.6375],[-35.77423,-7.64226],[-35.77904,-7.64498],[-35.77629,-7.63205],[-35.77148,-7.63614],[-35.76599,-7.63614],[-35.7605,-7.63137],[-35.76187,-7.63546],[-35.75844,-7.64771],[-35.74471,-7.64635],[-35.7399,-7.64839],[-35.73509,-7.64226],[-35.72823,-7.64022],[-35.71999,-7.64158],[-35.71312,-7.63682],[-35.68428,-7.63954],[-35.67673,-7.6341],[-35.67535,-7.62661],[-35.67055,-7.61912],[-35.66025,-7.61504],[-35.6575,-7.60959],[-35.65132,-7.60959],[-35.65201,-7.60619],[-35.64789,-7.60619],[-35.64651,-7.61096],[-35.63965,-7.60891],[-35.62866,-7.61096],[-35.62111,-7.60415],[-35.61356,-7.60415],[-35.61218,-7.61436],[-35.60669,-7.61708],[-35.59845,-7.61572],[-35.59158,-7.60687],[-35.5957,-7.59462],[-35.60188,-7.58918],[-35.6012,-7.58169],[-35.60326,-7.58033],[-35.60051,-7.57624],[-35.60257,-7.57284],[-35.6012,-7.56331],[-35.60326,-7.55378],[-35.59914,-7.54834],[-35.59708,-7.53813],[-35.59914,-7.53608],[-35.6115,-7.53676],[-35.61356,-7.54289],[-35.61768,-7.54017],[-35.61699,-7.52723],[-35.6115,-7.52791],[-35.60806,-7.52111],[-35.60463,-7.52179],[-35.606,-7.51702],[-35.60257,-7.51634],[-35.60188,-7.51158],[-35.59502,-7.50545],[-35.59502,-7.50273],[-35.59914,-7.50545],[-35.60463,-7.50477],[-35.60326,-7.49864],[-35.60532,-7.49183],[-35.60051,-7.48639],[-35.59433,-7.48503],[-35.59433,-7.47958],[-35.59021,-7.4755],[-35.59433,-7.47209],[-35.59364,-7.4646],[-35.59158,-7.46324],[-35.59296,-7.46052],[-35.59914,-7.4646],[-35.60051,-7.46937],[-35.60669,-7.47209],[-35.60806,-7.47822],[-35.60394,-7.48094],[-35.61012,-7.48843],[-35.60944,-7.49796],[-35.61768,-7.50069],[-35.61768,-7.50681],[-35.6218,-7.50477],[-35.62317,-7.50953],[-35.62729,-7.51226],[-35.63416,-7.50817],[-35.62798,-7.5],[-35.62317,-7.49796],[-35.62111,-7.4932],[-35.61699,-7.49183],[-35.62042,-7.48367],[-35.6115,-7.4789],[-35.61012,-7.47141],[-35.6115,-7.46733],[-35.62111,-7.46801],[-35.61836,-7.47209],[-35.62111,-7.4755],[-35.62386,-7.47141],[-35.63072,-7.47073],[-35.63622,-7.46733],[-35.63622,-7.46528],[-35.63004,-7.4646],[-35.63278,-7.46052],[-35.64377,-7.46052],[-35.6472,-7.46528],[-35.65063,-7.46188],[-35.65681,-7.46188],[-35.6678,-7.47005],[-35.67055,-7.47005],[-35.67123,-7.46528],[-35.67329,-7.46528],[-35.67192,-7.47277],[-35.67879,-7.47005],[-35.68428,-7.47754],[-35.69115,-7.47958],[-35.69664,-7.47958],[-35.70351,-7.47481],[-35.71312,-7.47822],[-35.72548,-7.47754],[-35.72685,-7.4755],[-35.73372,-7.47754],[-35.74059,-7.47277],[-35.74814,-7.47822],[-35.75226,-7.47413],[-35.75844,-7.47754],[-35.75403,-7.46801],[-35.74745,-7.47141],[-35.74196,-7.4612],[-35.73921,-7.4646],[-35.73509,-7.4646],[-35.72548,-7.45779],[-35.71655,-7.46052],[-35.7193,-7.46392],[-35.71655,-7.46801],[-35.709,-7.46256],[-35.70969,-7.45575],[-35.70625,-7.46052],[-35.70694,-7.46869],[-35.69252,-7.46596],[-35.69183,-7.46324],[-35.69595,-7.46324],[-35.6987,-7.45916],[-35.69733,-7.45235],[-35.69115,-7.45711],[-35.68565,-7.45099],[-35.68222,-7.45575],[-35.6781,-7.45099],[-35.67261,-7.45031],[-35.66505,-7.44418],[-35.66643,-7.43941],[-35.67398,-7.43873],[-35.6781,-7.44213],[-35.6884,-7.4435],[-35.69527,-7.44758],[-35.69527,-7.44009],[-35.70007,-7.4435],[-35.70282,-7.44009],[-35.71106,-7.43873],[-35.70969,-7.43396],[-35.71518,-7.43192],[-35.71724,-7.42852],[-35.72273,-7.42784],[-35.72479,-7.43124],[-35.72685,-7.42784],[-35.7296,-7.42784],[-35.73166,-7.4326],[-35.73853,-7.42988],[-35.73029,-7.407],[-35.72891,-7.41013],[-35.72067,-7.41218],[-35.71655,-7.41081],[-35.71312,-7.40537],[-35.72411,-7.40332],[-35.72411,-7.39788],[-35.72647,-7.3972]],[[-35.37941,-6.61004],[-35.37872,-6.61073],[-35.37872,-6.61004],[-35.37941,-6.61004]],[[-35.12192,-6.57457],[-35.12123,-6.57389],[-35.12192,-6.57389],[-35.12192,-6.57457]],[[-35.33272,-6.77917],[-35.33409,-6.77849],[-35.33615,-6.77576],[-35.33546,-6.77849],[-35.33272,-6.77917]],[[-35.49957,-7.03002],[-35.50095,-7.02593],[-35.50301,-7.02593],[-35.49957,-7.03002]],[[-35.60532,-6.46747],[-35.6115,-6.47224],[-35.61012,-6.47566],[-35.60463,-6.4702],[-35.60532,-6.46747]],[[-35.62523,-6.47429],[-35.62798,-6.47634],[-35.62798,-6.4818],[-35.62386,-6.48384],[-35.62042,-6.47634],[-35.62523,-6.47429]],[[-35.60875,-6.47907],[-35.6115,-6.48316],[-35.61012,-6.48384],[-35.60875,-6.47907]],[[-35.6115,-6.48657],[-35.61081,-6.48862],[-35.61081,-6.48657],[-35.6115,-6.48657]],[[-35.5957,-6.49339],[-35.59639,-6.49612],[-35.58952,-6.49544],[-35.59158,-6.49271],[-35.5957,-6.49339]],[[-35.52567,-6.56025],[-35.5394,-6.5582],[-35.54077,-6.57048],[-35.53734,-6.57526],[-35.53391,-6.57594],[-35.53459,-6.57867],[-35.53391,-6.58071],[-35.52841,-6.57526],[-35.52429,-6.56298],[-35.52567,-6.56025]],[[-35.24757,-6.56298],[-35.25307,-6.56502],[-35.25101,-6.57389],[-35.26131,-6.57185],[-35.26474,-6.57594],[-35.25993,-6.58344],[-35.26886,-6.58549],[-35.26611,-6.58958],[-35.26817,-6.59367],[-35.26474,-6.59708],[-35.27023,-6.60254],[-35.26955,-6.608],[-35.27916,-6.60595],[-35.28259,-6.608],[-35.28191,-6.61277],[-35.28809,-6.61209],[-35.29083,-6.6155],[-35.28328,-6.62505],[-35.28534,-6.63119],[-35.28191,-6.63528],[-35.28534,-6.63937],[-35.28191,-6.64415],[-35.27161,-6.64688],[-35.27435,-6.65097],[-35.27367,-6.65438],[-35.26955,-6.65438],[-35.26337,-6.64688],[-35.26131,-6.64688],[-35.25925,-6.65165],[-35.2565,-6.65029],[-35.25925,-6.64346],[-35.25581,-6.63801],[-35.25169,-6.63664],[-35.25101,-6.63119],[-35.2565,-6.63187],[-35.25993,-6.62982],[-35.26337,-6.63187],[-35.26405,-6.62778],[-35.25993,-6.61959],[-35.25307,-6.61823],[-35.25513,-6.61277],[-35.25032,-6.61209],[-35.24895,-6.60732],[-35.24345,-6.60732],[-35.24002,-6.60254],[-35.25238,-6.59981],[-35.25238,-6.59026],[-35.24483,-6.58617],[-35.24689,-6.58208],[-35.24551,-6.57321],[-35.24826,-6.57048],[-35.24757,-6.56298]],[[-35.48447,-6.56844],[-35.48378,-6.56912],[-35.48378,-6.56844],[-35.48447,-6.56844]],[[-35.45975,-6.57389],[-35.46181,-6.57662],[-35.45906,-6.57594],[-35.45975,-6.57389]],[[-35.51193,-6.58412],[-35.50919,-6.58276],[-35.51193,-6.58344],[-35.51193,-6.58412]],[[-35.51193,-6.58549],[-35.51674,-6.58549],[-35.51674,-6.59026],[-35.51193,-6.58549]],[[-35.44945,-6.60732],[-35.45288,-6.608],[-35.45288,-6.61004],[-35.44945,-6.60732]],[[-35.42198,-6.60732],[-35.42336,-6.61209],[-35.41855,-6.61823],[-35.41786,-6.608],[-35.42198,-6.60732]],[[-35.53871,-6.61345],[-35.54626,-6.62028],[-35.54764,-6.62505],[-35.54214,-6.62573],[-35.53528,-6.61755],[-35.53528,-6.61345],[-35.53871,-6.61345]],[[-35.50095,-6.62164],[-35.50781,-6.62778],[-35.50781,-6.62914],[-35.50369,-6.62846],[-35.50095,-6.62164]],[[-35.40756,-6.623],[-35.41924,-6.63255],[-35.41855,-6.64074],[-35.42198,-6.64415],[-35.42198,-6.64756],[-35.41786,-6.65097],[-35.41786,-6.65438],[-35.4158,-6.64142],[-35.40688,-6.62846],[-35.40756,-6.623]],[[-35.2359,-6.62573],[-35.23865,-6.62778],[-35.23727,-6.63119],[-35.23247,-6.62914],[-35.2359,-6.62573]],[[-35.44121,-6.66324],[-35.44121,-6.65438],[-35.44395,-6.65574],[-35.44533,-6.66052],[-35.45151,-6.65642],[-35.45219,-6.64619],[-35.457,-6.64892],[-35.45906,-6.6593],[-35.5264,-6.6452],[-35.45906,-6.65983],[-35.46112,-6.66188],[-35.46661,-6.66052],[-35.46936,-6.66461],[-35.46799,-6.67143],[-35.47966,-6.67279],[-35.47623,-6.68643],[-35.48241,-6.6762],[-35.48584,-6.67825],[-35.48378,-6.68507],[-35.48927,-6.68166],[-35.49339,-6.68643],[-35.49751,-6.68643],[-35.49751,-6.68234],[-35.50232,-6.67825],[-35.5085,-6.68643],[-35.52635,-6.69939],[-35.52429,-6.70348],[-35.5291,-6.70348],[-35.53596,-6.70894],[-35.53665,-6.7178],[-35.53391,-6.72189],[-35.52429,-6.71985],[-35.53391,-6.73349],[-35.52979,-6.7444],[-35.52223,-6.74781],[-35.50919,-6.74508],[-35.50713,-6.74917],[-35.50301,-6.74781],[-35.4982,-6.75258],[-35.49339,-6.75258],[-35.48653,-6.74781],[-35.48515,-6.74371],[-35.48103,-6.74235],[-35.48035,-6.73962],[-35.48378,-6.73758],[-35.443,-6.7528],[-35.48378,-6.73689],[-35.48172,-6.73212],[-35.47485,-6.73076],[-35.47279,-6.72735],[-35.46249,-6.72939],[-35.45837,-6.72326],[-35.45837,-6.71848],[-35.45219,-6.71916],[-35.44876,-6.71644],[-35.45151,-6.71166],[-35.44464,-6.69871],[-35.43503,-6.69802],[-35.43159,-6.68984],[-35.41786,-6.67961],[-35.41992,-6.67211],[-35.42473,-6.67484],[-35.42542,-6.67143],[-35.43365,-6.67279],[-35.43846,-6.67006],[-35.44533,-6.67006],[-35.44601,-6.66324],[-35.422,-6.6676],[-35.44121,-6.66324]],[[-35.25375,-6.65301],[-35.25238,-6.65438],[-35.25238,-6.65301],[-35.25375,-6.65301]],[[-35.38765,-6.65438],[-35.39246,-6.66734],[-35.4007,-6.67279],[-35.40207,-6.6762],[-35.39383,-6.67347],[-35.38422,-6.66529],[-35.3849,-6.65506],[-35.38765,-6.65438]],[[-35.41924,-6.65983],[-35.41786,-6.66052],[-35.41786,-6.65983],[-35.41924,-6.65983]],[[-35.29839,-6.6762],[-35.2977,-6.67825],[-35.2977,-6.6762],[-35.29839,-6.6762]],[[-35.1899,-6.70894],[-35.1947,-6.7103],[-35.19608,-6.71507],[-35.1899,-6.71098],[-35.1899,-6.70894]],[[-35.21118,-6.71507],[-35.21255,-6.7178],[-35.20775,-6.72394],[-35.20157,-6.72667],[-35.19608,-6.7253],[-35.1947,-6.71916],[-35.19676,-6.71644],[-35.20157,-6.71848],[-35.21118,-6.71507]],[[-35.5442,-6.72735],[-35.54901,-6.73144],[-35.54901,-6.73485],[-35.5442,-6.73076],[-35.5442,-6.72735]],[[-35.1741,-6.72735],[-35.17273,-6.72803],[-35.17273,-6.72735],[-35.1741,-6.72735]],[[-35.17479,-6.73076],[-35.18578,-6.73349],[-35.1844,-6.73553],[-35.1741,-6.73553],[-35.17479,-6.73076]],[[-35.37735,-6.73144],[-35.37666,-6.73212],[-35.37666,-6.73144],[-35.37735,-6.73144]],[[-35.13222,-6.73621],[-35.13359,-6.73962],[-35.13084,-6.7403],[-35.12947,-6.73621],[-35.13222,-6.73621]],[[-35.31624,-6.74235],[-35.31898,-6.74712],[-35.31281,-6.74644],[-35.31624,-6.74235]],[[-35.50644,-6.75258],[-35.50507,-6.75394],[-35.50507,-6.75326],[-35.50644,-6.75258]],[[-35.51468,-6.77099],[-35.51262,-6.77167],[-35.51262,-6.77099],[-35.51468,-6.77099]],[[-35.41855,-6.78326],[-35.42542,-6.79213],[-35.42267,-6.79349],[-35.42198,-6.80031],[-35.41924,-6.80099],[-35.4213,-6.79417],[-35.41512,-6.79144],[-35.41443,-6.78872],[-35.41855,-6.78326]],[[-35.47829,-6.80099],[-35.4982,-6.80713],[-35.50575,-6.8044],[-35.51193,-6.80917],[-35.51949,-6.81053],[-35.52567,-6.81803],[-35.5291,-6.81394],[-35.53528,-6.81394],[-35.54352,-6.81667],[-35.5442,-6.8194],[-35.53802,-6.82485],[-35.5394,-6.82962],[-35.53253,-6.83167],[-35.53322,-6.82758],[-35.52773,-6.82553],[-35.52017,-6.83235],[-35.52361,-6.83508],[-35.52498,-6.84258],[-35.51399,-6.84326],[-35.50987,-6.84121],[-35.51125,-6.8344],[-35.50781,-6.83303],[-35.51193,-6.82962],[-35.51056,-6.82349],[-35.5085,-6.82622],[-35.50095,-6.82622],[-35.50163,-6.83303],[-35.49751,-6.83712],[-35.48859,-6.83303],[-35.48172,-6.82349],[-35.47897,-6.81394],[-35.47348,-6.80849],[-35.47829,-6.80099]],[[-35.46799,-6.8419],[-35.47073,-6.84462],[-35.46867,-6.84531],[-35.46799,-6.8419]],[[-35.48447,-6.84326],[-35.48653,-6.84394],[-35.48653,-6.84803],[-35.48515,-6.84803],[-35.48447,-6.84326]],[[-35.5085,-6.90939],[-35.51537,-6.91075],[-35.52498,-6.92506],[-35.52086,-6.92438],[-35.51399,-6.91757],[-35.5085,-6.90939]],[[-35.54008,-6.91416],[-35.54558,-6.91893],[-35.54283,-6.92438],[-35.53871,-6.92302],[-35.53459,-6.91757],[-35.53459,-6.91348],[-35.54008,-6.91416]],[[-35.52773,-6.92847],[-35.52635,-6.93052],[-35.52635,-6.92847],[-35.52773,-6.92847]],[[-35.54146,-6.93324],[-35.5497,-6.93188],[-35.55244,-6.93529],[-35.55244,-6.94483],[-35.54764,-6.94415],[-35.5442,-6.94074],[-35.54146,-6.93324]],[[-35.47829,-6.93597],[-35.48035,-6.93938],[-35.47691,-6.9387],[-35.47829,-6.93597]],[[-35.52773,-6.94688],[-35.52979,-6.95301],[-35.52086,-6.95233],[-35.52361,-6.94756],[-35.52773,-6.94688]],[[-35.51949,-6.95437],[-35.51811,-6.95574],[-35.51811,-6.95437],[-35.51949,-6.95437]],[[-35.53185,-6.968],[-35.53871,-6.97209],[-35.5442,-6.97278],[-35.54558,-6.97755],[-35.54832,-6.97823],[-35.54626,-6.9905],[-35.55244,-6.99322],[-35.5545,-7.00072],[-35.55313,-7.00822],[-35.54764,-7.00276],[-35.54695,-6.99799],[-35.53871,-6.99186],[-35.5291,-6.97959],[-35.53185,-6.97823],[-35.54146,-6.98436],[-35.54352,-6.983],[-35.54352,-6.97891],[-35.53185,-6.97346],[-35.53185,-6.968]],[[-35.46799,-6.968],[-35.46524,-6.96869],[-35.46524,-6.968],[-35.46799,-6.968]],[[-35.64857,-7.0123],[-35.64857,-7.0198],[-35.64171,-7.01844],[-35.64102,-7.01503],[-35.64377,-7.01162],[-35.64857,-7.0123]],[[-35.44327,-7.02389],[-35.44258,-7.02457],[-35.44258,-7.02389],[-35.44327,-7.02389]],[[-35.50713,-7.02593],[-35.50919,-7.03002],[-35.51537,-7.03207],[-35.5085,-7.03411],[-35.50575,-7.02866],[-35.50713,-7.02593]],[[-35.52155,-7.03139],[-35.5188,-7.03275],[-35.5188,-7.03207],[-35.52155,-7.03139]],[[-35.4055,-7.05251],[-35.40413,-7.05456],[-35.40413,-7.05319],[-35.4055,-7.05251]],[[-35.51193,-7.07704],[-35.51537,-7.07977],[-35.51056,-7.07977],[-35.51193,-7.07704]],[[-35.62866,-7.07773],[-35.62729,-7.07841],[-35.62729,-7.07773],[-35.62866,-7.07773]],[[-35.5291,-7.08454],[-35.52567,-7.0859],[-35.52429,-7.08318],[-35.5291,-7.08181],[-35.5291,-7.08454]],[[-35.60394,-7.08454],[-35.61287,-7.09203],[-35.61287,-7.09476],[-35.60463,-7.08726],[-35.60394,-7.08454]],[[-35.61493,-7.08795],[-35.62386,-7.0934],[-35.62454,-7.09817],[-35.61562,-7.09408],[-35.61493,-7.08795]],[[-35.64857,-7.10021],[-35.65269,-7.10294],[-35.64857,-7.10294],[-35.64857,-7.10021]],[[-35.50232,-7.10907],[-35.50095,-7.11316],[-35.49408,-7.11384],[-35.49065,-7.11179],[-35.49202,-7.10839],[-35.50232,-7.10907]],[[-35.50369,-7.1152],[-35.50163,-7.11656],[-35.50163,-7.1152],[-35.50369,-7.1152]],[[-35.51743,-7.12678],[-35.51674,-7.12883],[-35.51399,-7.12815],[-35.51399,-7.1261],[-35.51743,-7.12678]],[[-35.52086,-7.12815],[-35.5188,-7.12951],[-35.5188,-7.12815],[-35.52086,-7.12815]],[[-35.38078,-7.13564],[-35.38559,-7.13973],[-35.38147,-7.14041],[-35.38078,-7.13564]],[[-35.51331,-7.14314],[-35.51331,-7.14586],[-35.50095,-7.14722],[-35.50232,-7.14314],[-35.51331,-7.14314]],[[-35.57373,-7.14518],[-35.5751,-7.14927],[-35.5806,-7.14791],[-35.5806,-7.15267],[-35.5854,-7.15336],[-35.58678,-7.16017],[-35.58403,-7.16494],[-35.58472,-7.17107],[-35.57716,-7.17448],[-35.56618,-7.17107],[-35.55931,-7.16562],[-35.55519,-7.16562],[-35.55382,-7.16221],[-35.53528,-7.16221],[-35.53391,-7.16698],[-35.5291,-7.16971],[-35.52979,-7.17448],[-35.52773,-7.17652],[-35.51811,-7.1772],[-35.51605,-7.17993],[-35.51193,-7.17924],[-35.51262,-7.17311],[-35.49751,-7.16971],[-35.50438,-7.16221],[-35.50987,-7.16221],[-35.5085,-7.15881],[-35.51262,-7.15608],[-35.51331,-7.15131],[-35.52086,-7.15336],[-35.52155,-7.14859],[-35.52635,-7.15336],[-35.53047,-7.15336],[-35.53253,-7.14586],[-35.54901,-7.14722],[-35.55862,-7.15472],[-35.56618,-7.15267],[-35.56824,-7.14518],[-35.57373,-7.14518]],[[-35.4055,-7.14722],[-35.41855,-7.14654],[-35.41718,-7.14995],[-35.40962,-7.1554],[-35.40962,-7.16766],[-35.4055,-7.16971],[-35.40482,-7.16085],[-35.40825,-7.1554],[-35.40825,-7.15063],[-35.4055,-7.14722]],[[-35.44876,-7.15881],[-35.45151,-7.16085],[-35.44945,-7.16221],[-35.44876,-7.15881]],[[-35.39932,-7.16562],[-35.39795,-7.16698],[-35.39795,-7.16562],[-35.39932,-7.16562]],[[-35.49614,-7.17788],[-35.49477,-7.17856],[-35.49477,-7.17788],[-35.49614,-7.17788]],[[-35.40207,-7.18333],[-35.41237,-7.18606],[-35.41443,-7.18946],[-35.40825,-7.19832],[-35.40276,-7.19423],[-35.40207,-7.18333]],[[-35.42542,-7.18946],[-35.42816,-7.19014],[-35.42816,-7.19832],[-35.43159,-7.20513],[-35.42747,-7.20309],[-35.42198,-7.20649],[-35.41924,-7.20241],[-35.41992,-7.19491],[-35.42542,-7.18946]],[[-35.43709,-7.20036],[-35.45151,-7.20718],[-35.45013,-7.21263],[-35.44327,-7.21331],[-35.44945,-7.22216],[-35.45013,-7.22897],[-35.44739,-7.23783],[-35.44189,-7.23238],[-35.43022,-7.23374],[-35.41992,-7.22489],[-35.42404,-7.21603],[-35.43709,-7.21399],[-35.43503,-7.20377],[-35.43709,-7.20036]],[[-35.53116,-7.21603],[-35.53802,-7.21739],[-35.53596,-7.22148],[-35.52979,-7.21807],[-35.53116,-7.21603]],[[-35.4007,-7.21671],[-35.40756,-7.21876],[-35.40688,-7.22421],[-35.40344,-7.22421],[-35.4007,-7.21876],[-35.4007,-7.21671]],[[-35.47348,-7.21876],[-35.48035,-7.22012],[-35.48309,-7.22352],[-35.48241,-7.23851],[-35.48653,-7.23783],[-35.49339,-7.22897],[-35.49339,-7.2208],[-35.49545,-7.21944],[-35.49957,-7.22012],[-35.49751,-7.22966],[-35.50163,-7.23034],[-35.50369,-7.22625],[-35.50781,-7.22557],[-35.50713,-7.22966],[-35.50301,-7.23306],[-35.50369,-7.23579],[-35.51537,-7.23647],[-35.51674,-7.2317],[-35.52223,-7.2317],[-35.52635,-7.22761],[-35.53528,-7.22761],[-35.53322,-7.23306],[-35.53665,-7.23374],[-35.53871,-7.23851],[-35.54146,-7.23851],[-35.54214,-7.23102],[-35.55038,-7.23306],[-35.56,-7.23102],[-35.56412,-7.23238],[-35.57648,-7.24668],[-35.57854,-7.246],[-35.57854,-7.24328],[-35.5751,-7.24124],[-35.57648,-7.23851],[-35.58128,-7.23851],[-35.5854,-7.2351],[-35.58678,-7.23919],[-35.58952,-7.23987],[-35.59296,-7.23442],[-35.59639,-7.23442],[-35.5957,-7.23919],[-35.59021,-7.2426],[-35.59227,-7.24737],[-35.58884,-7.25077],[-35.59296,-7.2535],[-35.59502,-7.26031],[-35.5909,-7.26099],[-35.58678,-7.25826],[-35.5854,-7.26303],[-35.5806,-7.26712],[-35.58746,-7.26848],[-35.5957,-7.26644],[-35.59776,-7.26848],[-35.59914,-7.27734],[-35.59639,-7.28483],[-35.59364,-7.28483],[-35.59021,-7.28074],[-35.58815,-7.27393],[-35.5854,-7.27529],[-35.58815,-7.27938],[-35.58952,-7.2896],[-35.59296,-7.29164],[-35.5909,-7.29709],[-35.5957,-7.30117],[-35.5957,-7.30526],[-35.59158,-7.30867],[-35.58128,-7.31003],[-35.57304,-7.30458],[-35.57167,-7.29981],[-35.56686,-7.29913],[-35.56824,-7.2896],[-35.56618,-7.28755],[-35.56274,-7.28755],[-35.55862,-7.293],[-35.55107,-7.29368],[-35.54832,-7.29096],[-35.54695,-7.28347],[-35.53665,-7.28551],[-35.52498,-7.293],[-35.50644,-7.29164],[-35.50644,-7.28619],[-35.51537,-7.27461],[-35.50575,-7.27802],[-35.50026,-7.27121],[-35.47211,-7.27802],[-35.47211,-7.27257],[-35.46799,-7.27257],[-35.4673,-7.27052],[-35.47348,-7.26371],[-35.47485,-7.25622],[-35.47073,-7.2569],[-35.47005,-7.25486],[-35.48035,-7.24941],[-35.48241,-7.24532],[-35.47829,-7.24328],[-35.47897,-7.23851],[-35.47417,-7.23647],[-35.47348,-7.23034],[-35.4673,-7.22761],[-35.4673,-7.22352],[-35.47348,-7.21876]],[[-35.51743,-7.22216],[-35.52155,-7.22489],[-35.51949,-7.22693],[-35.51468,-7.22625],[-35.51743,-7.22216]],[[-35.39452,-7.22489],[-35.39452,-7.22761],[-35.39108,-7.22693],[-35.39177,-7.22421],[-35.39452,-7.22489]],[[-35.33478,-7.2426],[-35.33409,-7.24532],[-35.33134,-7.24396],[-35.33203,-7.24192],[-35.33478,-7.2426]],[[-35.43159,-7.24464],[-35.4467,-7.25145],[-35.44739,-7.25486],[-35.44189,-7.25554],[-35.43434,-7.25281],[-35.43159,-7.24464]],[[-35.6266,-7.26099],[-35.62866,-7.26371],[-35.62592,-7.26303],[-35.6266,-7.26099]],[[-35.3595,-7.26167],[-35.36018,-7.26303],[-35.35812,-7.26167],[-35.3595,-7.26167]],[[-35.34714,-7.27325],[-35.34508,-7.27529],[-35.34508,-7.27461],[-35.34714,-7.27325]],[[-35.59708,-7.29096],[-35.59914,-7.29368],[-35.59708,-7.293],[-35.59708,-7.29096]],[[-35.61218,-7.31139],[-35.61356,-7.31548],[-35.61081,-7.31616],[-35.60806,-7.31139],[-35.61218,-7.31139]],[[-35.54558,-7.31139],[-35.54764,-7.3148],[-35.54489,-7.31684],[-35.54214,-7.31207],[-35.54558,-7.31139]],[[-35.57716,-7.31411],[-35.57991,-7.31956],[-35.57991,-7.32297],[-35.57304,-7.31956],[-35.57442,-7.31411],[-35.57716,-7.31411]],[[-35.28603,-7.31411],[-35.28534,-7.31684],[-35.28191,-7.31616],[-35.28259,-7.31343],[-35.28603,-7.31411]],[[-35.63416,-7.31684],[-35.63347,-7.3182],[-35.63347,-7.31684],[-35.63416,-7.31684]],[[-35.29701,-7.3182],[-35.29633,-7.32161],[-35.29083,-7.32092],[-35.29289,-7.31752],[-35.29701,-7.3182]],[[-35.29015,-7.3325],[-35.29564,-7.33114],[-35.29633,-7.3325],[-35.29015,-7.3325]],[[-35.28603,-7.34136],[-35.2874,-7.3434],[-35.28397,-7.3434],[-35.28603,-7.34136]],[[-35.65269,-7.35225],[-35.65338,-7.35157],[-35.65338,-7.35225],[-35.65269,-7.35225]],[[-35.65269,-7.35225],[-35.65201,-7.35293],[-35.65201,-7.35225],[-35.65269,-7.35225]],[[-35.61974,-7.3611],[-35.61836,-7.36315],[-35.61836,-7.3611],[-35.61974,-7.3611]],[[-35.63072,-7.36315],[-35.62935,-7.36383],[-35.62935,-7.36315],[-35.63072,-7.36315]],[[-35.68016,-7.37745],[-35.68703,-7.38494],[-35.69252,-7.38698],[-35.69321,-7.38971],[-35.67879,-7.38698],[-35.67673,-7.37745],[-35.68016,-7.37745]],[[-35.60051,-7.39311],[-35.60257,-7.39175],[-35.60257,-7.39379],[-35.60051,-7.39311]],[[-35.65063,-7.404],[-35.65407,-7.40605],[-35.65063,-7.40605],[-35.65063,-7.404]],[[-35.67329,-7.40741],[-35.67123,-7.40877],[-35.67123,-7.40741],[-35.67329,-7.40741]],[[-35.68565,-7.41558],[-35.69939,-7.41762],[-35.70145,-7.42035],[-35.69801,-7.41967],[-35.69664,-7.42579],[-35.69115,-7.42716],[-35.68565,-7.41898],[-35.68565,-7.41558]],[[-35.5806,-7.41898],[-35.58746,-7.42171],[-35.58815,-7.42443],[-35.58472,-7.42443],[-35.5806,-7.41898]],[[-35.64789,-7.41967],[-35.64651,-7.42103],[-35.64583,-7.41967],[-35.64789,-7.41967]],[[-35.70351,-7.42171],[-35.70831,-7.42239],[-35.71037,-7.42579],[-35.70694,-7.43533],[-35.70076,-7.43396],[-35.70557,-7.42852],[-35.70351,-7.42171]],[[-35.52155,-7.42511],[-35.53116,-7.4292],[-35.53116,-7.43192],[-35.52498,-7.4326],[-35.51949,-7.4292],[-35.52155,-7.42511]],[[-35.53253,-7.43124],[-35.53528,-7.43396],[-35.53253,-7.43328],[-35.53253,-7.43124]],[[-35.55862,-7.43601],[-35.55519,-7.43941],[-35.55313,-7.43669],[-35.55862,-7.43601]],[[-35.56961,-7.44213],[-35.57236,-7.44282],[-35.5751,-7.44486],[-35.56961,-7.4435],[-35.56961,-7.44213]],[[-35.55588,-7.4435],[-35.5545,-7.44418],[-35.5545,-7.4435],[-35.55588,-7.4435]],[[-35.57648,-7.44554],[-35.58472,-7.45099],[-35.58403,-7.45916],[-35.58197,-7.45167],[-35.57648,-7.44554]],[[-35.65201,-7.45235],[-35.66162,-7.45575],[-35.66711,-7.45507],[-35.66917,-7.45848],[-35.66505,-7.45984],[-35.65201,-7.45507],[-35.65201,-7.45235]],[[-35.68222,-7.45711],[-35.68634,-7.46256],[-35.68497,-7.46596],[-35.68085,-7.46733],[-35.67947,-7.45779],[-35.68222,-7.45711]],[[-35.5246,-6.6079],[-35.5447,-6.5919],[-35.5404,-6.5963],[-35.5246,-6.6079]],[[-35.55779,-6.54588],[-35.5678,-6.5486],[-35.55779,-6.54588],[-35.55779,-6.54588]],[[-35.3157,-6.98618],[-35.3157,-6.98618],[-35.3243,-6.9727],[-35.3157,-6.98618]]],[[[-35.71449,-7.36587],[-35.71446,-7.36587],[-35.71449,-7.36597],[-35.71449,-7.36587]]],[[[-35.72479,-7.38902],[-35.73097,-7.38698],[-35.73578,-7.37881],[-35.72891,-7.37949],[-35.72891,-7.37541],[-35.72617,-7.37745],[-35.72136,-7.37677],[-35.72411,-7.372],[-35.7296,-7.37132],[-35.7296,-7.36519],[-35.71473,-7.36655],[-35.72479,-7.38902]]],[[[-35.72823,-7.39788],[-35.73166,-7.39924],[-35.73166,-7.39175],[-35.72548,-7.38902],[-35.72388,-7.38971],[-35.72823,-7.39788]]],[[[-35.73921,-7.42784],[-35.74402,-7.43056],[-35.74539,-7.43465],[-35.74814,-7.4326],[-35.74677,-7.4292],[-35.74814,-7.42716],[-35.7502,-7.43192],[-35.75569,-7.43192],[-35.7605,-7.43533],[-35.75981,-7.43056],[-35.75432,-7.4292],[-35.75432,-7.42307],[-35.75912,-7.42171],[-35.75706,-7.41626],[-35.76324,-7.41013],[-35.74539,-7.41081],[-35.73715,-7.40605],[-35.73303,-7.40741],[-35.73097,-7.40537],[-35.73921,-7.42784]]],[[[-35.75483,-7.46801],[-35.76187,-7.48094],[-35.7653,-7.47958],[-35.76942,-7.4823],[-35.77492,-7.48162],[-35.77354,-7.47754],[-35.76942,-7.47958],[-35.75981,-7.47618],[-35.7605,-7.46937],[-35.75775,-7.46528],[-35.75483,-7.46801]]],[[[-35.29976,-7.40332],[-35.29922,-7.40332],[-35.29976,-7.40364],[-35.29976,-7.40332]]],[[[-35.30045,-7.404],[-35.30039,-7.404],[-35.30045,-7.40404],[-35.30045,-7.404]]],[[[-35.30251,-7.40469],[-35.30156,-7.40469],[-35.30251,-7.40523],[-35.30251,-7.40469]]],[[[-35.30388,-7.40537],[-35.30274,-7.40537],[-35.30388,-7.40603],[-35.30388,-7.40537]]],[[[-35.31281,-7.40605],[-35.308,-7.40332],[-35.30391,-7.40605],[-35.309,-7.409],[-35.31281,-7.40605]]],[[[-35.35469,-7.43601],[-35.35332,-7.43192],[-35.34971,-7.43192],[-35.34936,-7.43601],[-35.35469,-7.43601]]],[[[-35.376,-7.4489],[-35.38284,-7.44486],[-35.37872,-7.4435],[-35.37392,-7.44622],[-35.376,-7.4489]]],[[[-35.00038,-7.45439],[-35.00038,-7.45464],[-35.00089,-7.45439],[-35.00038,-7.45439]]],[[[-35.25856,-7.37336],[-35.25238,-7.36928],[-35.2565,-7.36247],[-35.26062,-7.36179],[-35.26199,-7.35906],[-35.25513,-7.35974],[-35.25375,-7.35361],[-35.25032,-7.35225],[-35.24689,-7.35225],[-35.24895,-7.3577],[-35.2462,-7.35906],[-35.24963,-7.36519],[-35.24895,-7.3686],[-35.23315,-7.35702],[-35.23453,-7.36315],[-35.22766,-7.35906],[-35.22011,-7.36042],[-35.22354,-7.37404],[-35.21942,-7.37472],[-35.21599,-7.36928],[-35.21324,-7.36996],[-35.21461,-7.36247],[-35.21187,-7.36383],[-35.20912,-7.36315],[-35.21461,-7.35702],[-35.21393,-7.35157],[-35.21805,-7.34817],[-35.21873,-7.34408],[-35.20706,-7.34885],[-35.20706,-7.34612],[-35.21324,-7.34272],[-35.20569,-7.34408],[-35.19745,-7.33931],[-35.18372,-7.33931],[-35.18921,-7.33523],[-35.20775,-7.33386],[-35.20912,-7.33727],[-35.21187,-7.33591],[-35.20912,-7.32842],[-35.205,-7.32569],[-35.20432,-7.32229],[-35.2002,-7.32229],[-35.19814,-7.31684],[-35.1947,-7.31888],[-35.1899,-7.31684],[-35.18578,-7.32297],[-35.18097,-7.32433],[-35.18097,-7.3182],[-35.17616,-7.31548],[-35.17204,-7.32569],[-35.1638,-7.33523],[-35.16586,-7.34067],[-35.15694,-7.33931],[-35.16998,-7.30798],[-35.18303,-7.30798],[-35.18646,-7.30254],[-35.19608,-7.30254],[-35.19882,-7.29641],[-35.1844,-7.29436],[-35.17685,-7.28483],[-35.17136,-7.27257],[-35.17067,-7.27938],[-35.1741,-7.28551],[-35.17479,-7.28891],[-35.1741,-7.293],[-35.16586,-7.27257],[-35.16174,-7.27121],[-35.16106,-7.27461],[-35.16655,-7.28823],[-35.16518,-7.29709],[-35.16106,-7.30186],[-35.16106,-7.30935],[-35.15831,-7.31411],[-35.1487,-7.32024],[-35.1487,-7.31684],[-35.15694,-7.31071],[-35.15762,-7.30662],[-35.15488,-7.30254],[-35.15968,-7.29641],[-35.15968,-7.28891],[-35.15488,-7.27461],[-35.15144,-7.26984],[-35.14938,-7.27052],[-35.14938,-7.29641],[-35.1432,-7.30186],[-35.14252,-7.29096],[-35.1384,-7.28687],[-35.14046,-7.28006],[-35.13771,-7.27802],[-35.14046,-7.26439],[-35.13496,-7.26644],[-35.13084,-7.27325],[-35.12878,-7.27325],[-35.12947,-7.26712],[-35.12672,-7.26712],[-35.11848,-7.27529],[-35.11917,-7.26848],[-35.1226,-7.26576],[-35.12878,-7.25077],[-35.12535,-7.24464],[-35.11986,-7.24532],[-35.11368,-7.23715],[-35.09995,-7.23783],[-35.10201,-7.24396],[-35.09789,-7.25281],[-35.09308,-7.24464],[-35.08209,-7.23579],[-35.07179,-7.24124],[-35.06218,-7.23987],[-35.04639,-7.2535],[-35.04158,-7.25418],[-35.02922,-7.25009],[-35.02373,-7.2535],[-35.0251,-7.26099],[-35.02853,-7.26576],[-35.04433,-7.27393],[-35.06012,-7.27393],[-35.06699,-7.2821],[-35.06973,-7.2821],[-35.07454,-7.27665],[-35.08278,-7.27597],[-35.08278,-7.28347],[-35.07729,-7.28891],[-35.07935,-7.29232],[-35.08621,-7.293],[-35.09033,-7.28755],[-35.09445,-7.28823],[-35.0972,-7.28551],[-35.10132,-7.28891],[-35.10406,-7.28891],[-35.10612,-7.28551],[-35.10681,-7.2896],[-35.1123,-7.2896],[-35.11368,-7.29232],[-35.11093,-7.29777],[-35.09995,-7.29845],[-35.09651,-7.30254],[-35.10132,-7.30798],[-35.11436,-7.30935],[-35.1178,-7.31207],[-35.11093,-7.3148],[-35.11162,-7.32297],[-35.10818,-7.32092],[-35.10544,-7.3148],[-35.09995,-7.3148],[-35.09926,-7.32161],[-35.09377,-7.32569],[-35.09377,-7.33386],[-35.09651,-7.33863],[-35.09171,-7.33523],[-35.08759,-7.33659],[-35.08621,-7.33386],[-35.08965,-7.33182],[-35.08965,-7.32774],[-35.08484,-7.32161],[-35.08965,-7.31752],[-35.09033,-7.31343],[-35.08553,-7.31003],[-35.08278,-7.30254],[-35.07866,-7.30458],[-35.07591,-7.31139],[-35.0766,-7.31956],[-35.07248,-7.31888],[-35.06973,-7.32229],[-35.0663,-7.31888],[-35.06836,-7.29709],[-35.05737,-7.28823],[-35.05188,-7.28755],[-35.05119,-7.29641],[-35.05394,-7.3039],[-35.05188,-7.31548],[-35.04913,-7.31956],[-35.04364,-7.32092],[-35.0457,-7.31411],[-35.04021,-7.28687],[-35.0354,-7.28551],[-35.03403,-7.29164],[-35.02853,-7.293],[-35.02647,-7.28415],[-35.02304,-7.28347],[-35.01961,-7.28619],[-35.01755,-7.30526],[-35.01549,-7.3073],[-35.02235,-7.31616],[-35.02029,-7.3182],[-35.01411,-7.31616],[-35.00587,-7.31956],[-35.0045,-7.32569],[-35.00862,-7.33386],[-35.02098,-7.33727],[-35.02304,-7.33999],[-35.02922,-7.33727],[-35.02853,-7.34476],[-35.03197,-7.3468],[-35.0354,-7.34612],[-35.03746,-7.33999],[-35.04364,-7.33999],[-35.04089,-7.35021],[-35.04364,-7.35089],[-35.04913,-7.34612],[-35.04982,-7.35157],[-35.05531,-7.34612],[-35.05463,-7.35498],[-35.05806,-7.3577],[-35.06149,-7.35702],[-35.06493,-7.35089],[-35.07179,-7.35498],[-35.07454,-7.35974],[-35.07729,-7.35974],[-35.08141,-7.35634],[-35.08278,-7.35157],[-35.08278,-7.3611],[-35.08484,-7.36179],[-35.08759,-7.35498],[-35.09102,-7.35429],[-35.09377,-7.3577],[-35.08553,-7.3686],[-35.09239,-7.36587],[-35.09445,-7.36791],[-35.09857,-7.36723],[-35.10132,-7.37064],[-35.1075,-7.36996],[-35.11848,-7.37745],[-35.11986,-7.38153],[-35.11436,-7.38153],[-35.10612,-7.37541],[-35.0972,-7.37541],[-35.09445,-7.37745],[-35.09651,-7.38494],[-35.08965,-7.38494],[-35.08553,-7.37949],[-35.08072,-7.38426],[-35.07935,-7.37813],[-35.07729,-7.37745],[-35.07454,-7.37949],[-35.07385,-7.38426],[-35.06973,-7.37949],[-35.06561,-7.38017],[-35.06699,-7.39175],[-35.06424,-7.39175],[-35.06012,-7.38426],[-35.06012,-7.37336],[-35.04776,-7.36655],[-35.05119,-7.37472],[-35.04707,-7.37404],[-35.03677,-7.36587],[-35.03609,-7.35974],[-35.02373,-7.36587],[-35.01961,-7.36315],[-35.01892,-7.35634],[-35.00999,-7.35293],[-35.00862,-7.36042],[-35.00107,-7.36383],[-35.00107,-7.37472],[-34.99763,-7.37609],[-34.99557,-7.38426],[-34.99832,-7.38494],[-35.00107,-7.38085],[-35.00999,-7.37609],[-35.01274,-7.37949],[-35.01961,-7.38085],[-35.02098,-7.38426],[-35.01205,-7.38766],[-35.01205,-7.39311],[-35.00519,-7.39788],[-35.01343,-7.39583],[-35.01343,-7.40332],[-35.02029,-7.40196],[-35.03197,-7.38426],[-35.03334,-7.39107],[-35.04089,-7.39039],[-35.04433,-7.38698],[-35.04776,-7.39107],[-35.05257,-7.39243],[-35.05325,-7.39515],[-35.05051,-7.39992],[-35.04501,-7.39992],[-35.04158,-7.404],[-35.02853,-7.40809],[-35.02991,-7.41218],[-35.04089,-7.41218],[-35.03815,-7.41762],[-35.02716,-7.41898],[-35.02373,-7.41422],[-35.02098,-7.41422],[-35.0148,-7.42035],[-35.01755,-7.42307],[-35.01755,-7.42852],[-35.00793,-7.4292],[-35.00931,-7.43941],[-35.00381,-7.44145],[-35.0045,-7.44962],[-35.00107,-7.4543],[-35.0146,-7.4435],[-35.0296,-7.4258],[-35.0481,-7.4178],[-35.0705,-7.3988],[-35.108,-7.4055],[-35.1721,-7.388],[-35.1808,-7.3959],[-35.1907,-7.3979],[-35.1996,-7.3877],[-35.2167,-7.3809],[-35.2486,-7.3748],[-35.25856,-7.37801],[-35.25856,-7.37336]],[[-35.06973,-7.33999],[-35.06012,-7.33931],[-35.05737,-7.33591],[-35.05806,-7.33182],[-35.06218,-7.33046],[-35.06767,-7.33386],[-35.06973,-7.33999]],[[-35.07042,-7.33999],[-35.07111,-7.34067],[-35.07042,-7.34067],[-35.07042,-7.33999]]],[[[-35.26405,-7.37979],[-35.26337,-7.37881],[-35.26131,-7.37881],[-35.26405,-7.37979]]]]}},{"type":"Feature","properties":{"faixa":"100 a 200 m","ordem":1,"area_km2":6.4},"geometry":{"type":"Polygon","coordinates":[[[-35.34645,-7.29709],[-35.34508,-7.29913],[-35.33752,-7.29845],[-35.33752,-7.30322],[-35.3437,-7.30662],[-35.35126,-7.30526],[-35.35126,-7.31003],[-35.35538,-7.30935],[-35.3595,-7.31207],[-35.34714,-7.31684],[-35.34782,-7.31888],[-35.36293,-7.31752],[-35.36636,-7.32229],[-35.38422,-7.32365],[-35.38559,-7.31752],[-35.38353,-7.3148],[-35.37323,-7.31207],[-35.3643,-7.30458],[-35.36018,-7.3073],[-35.35812,-7.29981],[-35.34645,-7.29709]]]}},{"type":"Feature","properties":{"faixa":"100 a 200 m","ordem":1,"area_km2":1926.5},"geometry":{"type":"MultiPolygon","coordinates":[[[[-37.59453,-6.16991],[-37.59247,-6.17537],[-37.58972,-6.17605],[-37.58698,-6.16786],[-37.58217,-6.17196],[-37.57462,-6.1665],[-37.5753,-6.16035],[-37.56981,-6.16035],[-37.56844,-6.16308],[-37.5607,-6.1645],[-37.54,-6.1659],[-37.5364,-6.1528],[-37.5029,-6.1521],[-37.5034,-6.1444],[-37.4894,-6.1444],[-37.483,-6.1517],[-37.4589,-6.145],[-37.4549,-6.1332],[-37.4539,-6.1201],[-37.4457,-6.1122],[-37.426,-6.109],[-37.4078,-6.1128],[-37.3936,-6.1094],[-37.3862,-6.0948],[-37.3859,-6.0893],[-37.3716,-6.0828],[-37.3544,-6.0865],[-37.3358,-6.0675],[-37.3197,-6.06],[-37.3092,-6.0578],[-37.3031,-6.05248],[-37.29652,-6.05384],[-37.29584,-6.06272],[-37.29172,-6.0675],[-37.28485,-6.0675],[-37.28142,-6.06477],[-37.28004,-6.05931],[-37.2718,-6.05931],[-37.27138,-6.05453],[-37.26484,-6.0477],[-37.26151,-6.05316],[-37.24846,-6.0518],[-37.24297,-6.05931],[-37.23953,-6.05931],[-37.23335,-6.07501],[-37.22511,-6.07023],[-37.21893,-6.0716],[-37.21413,-6.06682],[-37.20863,-6.06887],[-37.21069,-6.07433],[-37.2052,-6.07638],[-37.19765,-6.07091],[-37.19559,-6.07638],[-37.20177,-6.08184],[-37.19833,-6.08457],[-37.20039,-6.08935],[-37.19627,-6.08867],[-37.19627,-6.09276],[-37.20039,-6.09549],[-37.19902,-6.09959],[-37.19009,-6.10232],[-37.17636,-6.08867],[-37.17499,-6.103],[-37.17039,-6.10369],[-37.16729,-6.10983],[-37.17636,-6.11598],[-37.17842,-6.12144],[-37.18529,-6.12144],[-37.18391,-6.12963],[-37.18048,-6.13168],[-37.17264,-6.12895],[-37.1751,-6.1422],[-37.1664,-6.1539],[-37.1569,-6.1525],[-37.1613,-6.1575],[-37.1657,-6.1704],[-37.1742,-6.1801],[-37.1885,-6.1807],[-37.1935,-6.1843],[-37.1942,-6.1982],[-37.2016,-6.2057],[-37.2336,-6.2131],[-37.2515,-6.2265],[-37.2706,-6.2517],[-37.2731,-6.28],[-37.2868,-6.2823],[-37.3151,-6.2782],[-37.3215,-6.2828],[-37.3282,-6.3032],[-37.334,-6.3083],[-37.3511,-6.3144],[-37.3634,-6.3222],[-37.3773,-6.3444],[-37.3775,-6.3693],[-37.3885,-6.3797],[-37.3888,-6.391],[-37.3961,-6.4011],[-37.3958,-6.4201],[-37.3866,-6.426],[-37.3812,-6.4371],[-37.391,-6.4528],[-37.3958,-6.5101],[-37.4,-6.5195],[-37.4117,-6.5295],[-37.4212,-6.5333],[-37.46609,-6.53346],[-37.47368,-6.53759],[-37.47917,-6.53365],[-37.48192,-6.54047],[-37.48741,-6.54388],[-37.49359,-6.55957],[-37.48329,-6.5623],[-37.4826,-6.5698],[-37.49153,-6.57594],[-37.49084,-6.58276],[-37.49565,-6.58753],[-37.4929,-6.59504],[-37.49771,-6.59504],[-37.50114,-6.59777],[-37.5032,-6.59231],[-37.50732,-6.59299],[-37.50801,-6.60186],[-37.50114,-6.60732],[-37.5087,-6.60663],[-37.51076,-6.61414],[-37.51076,-6.61686],[-37.50664,-6.62028],[-37.50938,-6.62437],[-37.50595,-6.63051],[-37.49977,-6.63119],[-37.49908,-6.6346],[-37.49359,-6.63323],[-37.49222,-6.63596],[-37.49702,-6.6421],[-37.50526,-6.63937],[-37.50664,-6.6421],[-37.51144,-6.64278],[-37.51144,-6.64619],[-37.50801,-6.64824],[-37.50801,-6.6537],[-37.51694,-6.65642],[-37.51762,-6.64688],[-37.52243,-6.64483],[-37.51831,-6.63733],[-37.51968,-6.63255],[-37.52243,-6.63187],[-37.52518,-6.62505],[-37.52792,-6.62369],[-37.52724,-6.61482],[-37.53136,-6.61141],[-37.52861,-6.60732],[-37.53067,-6.59367],[-37.52861,-6.59231],[-37.5293,-6.58753],[-37.52655,-6.58617],[-37.52655,-6.58071],[-37.52861,-6.57935],[-37.53136,-6.58208],[-37.53754,-6.5814],[-37.54166,-6.58481],[-37.54166,-6.58822],[-37.53548,-6.59163],[-37.53548,-6.59436],[-37.54097,-6.59981],[-37.54646,-6.60049],[-37.54784,-6.5964],[-37.55264,-6.59299],[-37.55745,-6.59572],[-37.56226,-6.59504],[-37.56706,-6.59981],[-37.56706,-6.60322],[-37.56157,-6.60322],[-37.56226,-6.608],[-37.55676,-6.60936],[-37.55539,-6.61277],[-37.57256,-6.61277],[-37.57187,-6.61618],[-37.56638,-6.62028],[-37.56638,-6.623],[-37.56981,-6.62369],[-37.56638,-6.62982],[-37.55608,-6.62778],[-37.55814,-6.6346],[-37.55127,-6.64824],[-37.55951,-6.64551],[-37.56088,-6.6496],[-37.56432,-6.65097],[-37.56226,-6.65779],[-37.55745,-6.65847],[-37.55814,-6.66324],[-37.55333,-6.66597],[-37.55676,-6.67211],[-37.56638,-6.66529],[-37.56706,-6.65983],[-37.57256,-6.66324],[-37.5753,-6.65711],[-37.57256,-6.65029],[-37.57668,-6.64892],[-37.57256,-6.64483],[-37.5753,-6.64278],[-37.5753,-6.6346],[-37.5856,-6.62914],[-37.58835,-6.62914],[-37.59041,-6.63255],[-37.59041,-6.63528],[-37.58698,-6.63733],[-37.59041,-6.64619],[-37.59796,-6.65233],[-37.60345,-6.65233],[-37.60551,-6.64892],[-37.60963,-6.65097],[-37.6165,-6.6496],[-37.61444,-6.65574],[-37.61719,-6.65779],[-37.62199,-6.65642],[-37.62062,-6.66324],[-37.62611,-6.66052],[-37.62886,-6.66802],[-37.63435,-6.65642],[-37.63916,-6.65506],[-37.63916,-6.66052],[-37.64191,-6.66461],[-37.6371,-6.66734],[-37.63641,-6.67484],[-37.63161,-6.67688],[-37.63435,-6.68098],[-37.63023,-6.68439],[-37.63435,-6.68848],[-37.61925,-6.68984],[-37.62405,-6.69666],[-37.62268,-6.70212],[-37.61856,-6.70416],[-37.62199,-6.70621],[-37.62749,-6.70075],[-37.63367,-6.70075],[-37.63985,-6.70825],[-37.63641,-6.71098],[-37.63573,-6.71644],[-37.64603,-6.71371],[-37.64946,-6.70689],[-37.65358,-6.70689],[-37.65564,-6.71576],[-37.63847,-6.73008],[-37.63985,-6.73553],[-37.64328,-6.73826],[-37.64259,-6.74371],[-37.63847,-6.7444],[-37.63504,-6.74985],[-37.62955,-6.74781],[-37.63023,-6.75531],[-37.6268,-6.75803],[-37.62611,-6.76349],[-37.63092,-6.76553],[-37.63092,-6.77235],[-37.63367,-6.77235],[-37.63435,-6.76963],[-37.63435,-6.76622],[-37.63092,-6.76417],[-37.63092,-6.7594],[-37.64259,-6.74985],[-37.65839,-6.75599],[-37.65976,-6.75121],[-37.65564,-6.7444],[-37.65633,-6.7403],[-37.66388,-6.74644],[-37.67143,-6.74712],[-37.67487,-6.75326],[-37.68105,-6.74712],[-37.66388,-6.72735],[-37.66388,-6.72394],[-37.66731,-6.72394],[-37.67281,-6.73144],[-37.67487,-6.73076],[-37.67693,-6.72598],[-37.67212,-6.72326],[-37.67418,-6.71507],[-37.668,-6.71712],[-37.66525,-6.71439],[-37.66457,-6.70825],[-37.65907,-6.70416],[-37.65976,-6.69871],[-37.65289,-6.69325],[-37.65358,-6.68916],[-37.66113,-6.68984],[-37.66731,-6.6953],[-37.67143,-6.69257],[-37.66594,-6.68575],[-37.66182,-6.67484],[-37.66663,-6.67347],[-37.67624,-6.68302],[-37.67967,-6.67893],[-37.67281,-6.66938],[-37.67899,-6.67143],[-37.68311,-6.67893],[-37.68654,-6.67961],[-37.68585,-6.68575],[-37.68929,-6.6878],[-37.68997,-6.69121],[-37.69821,-6.69461],[-37.69684,-6.70757],[-37.6886,-6.70894],[-37.69066,-6.71644],[-37.69547,-6.71439],[-37.70096,-6.71644],[-37.70164,-6.71098],[-37.70576,-6.71371],[-37.70782,-6.70894],[-37.70508,-6.70689],[-37.70439,-6.70212],[-37.71126,-6.70075],[-37.70988,-6.69461],[-37.71469,-6.69257],[-37.71812,-6.6953],[-37.71812,-6.70143],[-37.72636,-6.70212],[-37.72774,-6.70962],[-37.72499,-6.71439],[-37.7298,-6.71712],[-37.7298,-6.72462],[-37.7346,-6.72053],[-37.7401,-6.72462],[-37.7449,-6.72394],[-37.7401,-6.72667],[-37.7401,-6.72871],[-37.7449,-6.72939],[-37.74078,-6.73349],[-37.74147,-6.7403],[-37.7449,-6.73758],[-37.75177,-6.73758],[-37.7552,-6.7403],[-37.7552,-6.74917],[-37.75177,-6.7519],[-37.75383,-6.76212],[-37.74971,-6.76417],[-37.75177,-6.7669],[-37.76138,-6.76826],[-37.76207,-6.76622],[-37.75864,-6.76485],[-37.75795,-6.76144],[-37.76344,-6.75735],[-37.76894,-6.75872],[-37.76825,-6.75121],[-37.77443,-6.74644],[-37.77168,-6.73894],[-37.7758,-6.73894],[-37.77443,-6.73349],[-37.76962,-6.73144],[-37.771,-6.72667],[-37.77855,-6.72871],[-37.77924,-6.73553],[-37.78679,-6.73076],[-37.78885,-6.73962],[-37.79984,-6.73962],[-37.80121,-6.7519],[-37.80533,-6.75326],[-37.80121,-6.7594],[-37.79297,-6.75599],[-37.78748,-6.7594],[-37.78679,-6.76349],[-37.78336,-6.76417],[-37.78679,-6.76826],[-37.79434,-6.76826],[-37.79778,-6.77303],[-37.7964,-6.77644],[-37.79091,-6.77644],[-37.78885,-6.78394],[-37.79366,-6.78258],[-37.79915,-6.78667],[-37.79434,-6.79144],[-37.79503,-6.79349],[-37.80327,-6.79485],[-37.82181,-6.80644],[-37.82112,-6.80849],[-37.81151,-6.80713],[-37.81425,-6.81053],[-37.81288,-6.81258],[-37.80396,-6.80985],[-37.79297,-6.81394],[-37.79228,-6.81599],[-37.79572,-6.81735],[-37.80258,-6.81735],[-37.80121,-6.82144],[-37.79572,-6.82281],[-37.79366,-6.83303],[-37.80464,-6.82144],[-37.80945,-6.82485],[-37.81357,-6.82076],[-37.81425,-6.82553],[-37.817,-6.8269],[-37.81563,-6.83031],[-37.82249,-6.83031],[-37.81837,-6.82349],[-37.82249,-6.82281],[-37.82318,-6.81667],[-37.82661,-6.81735],[-37.82799,-6.82349],[-37.83142,-6.8269],[-37.83005,-6.83235],[-37.83554,-6.83781],[-37.83211,-6.8419],[-37.8273,-6.84258],[-37.82661,-6.84531],[-37.81975,-6.84599],[-37.82181,-6.85417],[-37.82043,-6.85826],[-37.83005,-6.85621],[-37.82936,-6.86371],[-37.83073,-6.86644],[-37.83554,-6.8678],[-37.83417,-6.87121],[-37.83897,-6.87257],[-37.83966,-6.88007],[-37.84378,-6.87598],[-37.84721,-6.87735],[-37.85271,-6.88894],[-37.85065,-6.89643],[-37.85339,-6.90189],[-37.85545,-6.90393],[-37.87056,-6.90257],[-37.87605,-6.91007],[-37.87743,-6.92029],[-37.87949,-6.91348],[-37.87674,-6.90325],[-37.87949,-6.90325],[-37.87949,-6.90052],[-37.85889,-6.89984],[-37.85614,-6.89643],[-37.85751,-6.88894],[-37.85545,-6.88689],[-37.8582,-6.87939],[-37.85408,-6.87939],[-37.85339,-6.87326],[-37.84927,-6.87189],[-37.85271,-6.86712],[-37.83829,-6.86235],[-37.8376,-6.85212],[-37.84515,-6.8528],[-37.84996,-6.84121],[-37.85339,-6.84258],[-37.85271,-6.84803],[-37.85614,-6.85008],[-37.85957,-6.8494],[-37.86095,-6.84394],[-37.85614,-6.84053],[-37.85065,-6.83099],[-37.83279,-6.81463],[-37.83554,-6.81326],[-37.84447,-6.81735],[-37.84172,-6.81394],[-37.84378,-6.80713],[-37.83485,-6.80713],[-37.83829,-6.7969],[-37.83279,-6.79144],[-37.8273,-6.79281],[-37.82455,-6.7894],[-37.82593,-6.78667],[-37.83279,-6.78394],[-37.83211,-6.78122],[-37.82112,-6.77508],[-37.81906,-6.76963],[-37.81425,-6.76894],[-37.81425,-6.75599],[-37.817,-6.75462],[-37.81425,-6.74712],[-37.82867,-6.75394],[-37.83142,-6.75735],[-37.83142,-6.76349],[-37.8376,-6.76212],[-37.83966,-6.76417],[-37.8376,-6.76963],[-37.84584,-6.77099],[-37.84447,-6.77576],[-37.84035,-6.77849],[-37.84447,-6.7894],[-37.85065,-6.7894],[-37.85202,-6.78122],[-37.86026,-6.77985],[-37.86644,-6.78258],[-37.86644,-6.79008],[-37.86987,-6.7894],[-37.86987,-6.78667],[-37.87468,-6.78803],[-37.87468,-6.79213],[-37.87193,-6.79281],[-37.87331,-6.79758],[-37.87811,-6.79554],[-37.87949,-6.79144],[-37.88223,-6.79758],[-37.88773,-6.79349],[-37.8891,-6.79622],[-37.88635,-6.79963],[-37.89391,-6.79894],[-37.89253,-6.80713],[-37.89459,-6.80917],[-37.90009,-6.80644],[-37.90146,-6.79554],[-37.9097,-6.79758],[-37.91382,-6.80167],[-37.91313,-6.80644],[-37.91588,-6.80849],[-37.92,-6.8044],[-37.9303,-6.81394],[-37.93236,-6.82144],[-37.92,-6.82894],[-37.91519,-6.82826],[-37.91588,-6.83235],[-37.92274,-6.83372],[-37.92549,-6.82894],[-37.93098,-6.82962],[-37.93236,-6.83576],[-37.93442,-6.83712],[-37.93236,-6.82417],[-37.93991,-6.8269],[-37.94197,-6.83235],[-37.94609,-6.83167],[-37.94746,-6.82826],[-37.94128,-6.82622],[-37.93991,-6.81803],[-37.95502,-6.8194],[-37.95639,-6.81599],[-37.96188,-6.81735],[-37.96738,-6.8269],[-37.98042,-6.8269],[-37.98729,-6.8344],[-37.99004,-6.82962],[-38.00652,-6.82962],[-38.00995,-6.83372],[-38.01201,-6.83031],[-38.03192,-6.82622],[-38.03329,-6.82213],[-38.04016,-6.82281],[-38.04153,-6.82553],[-38.04909,-6.82485],[-38.05046,-6.82758],[-38.06076,-6.82826],[-38.06145,-6.82008],[-38.0587,-6.82553],[-38.05389,-6.82553],[-38.04909,-6.82144],[-38.04359,-6.82144],[-38.04085,-6.81531],[-38.02917,-6.82281],[-38.02231,-6.82213],[-38.02025,-6.82553],[-38.01407,-6.8269],[-38.00789,-6.82349],[-37.99622,-6.82281],[-37.99828,-6.81667],[-37.99141,-6.82076],[-37.98729,-6.81667],[-37.9818,-6.81531],[-37.97218,-6.79894],[-37.95708,-6.79281],[-37.95296,-6.78872],[-37.94884,-6.77781],[-37.93648,-6.77576],[-37.93167,-6.77031],[-37.91862,-6.77508],[-37.92274,-6.76281],[-37.91245,-6.75872],[-37.9097,-6.75531],[-37.90283,-6.76008],[-37.89253,-6.76144],[-37.89185,-6.76485],[-37.88086,-6.76281],[-37.88017,-6.76076],[-37.88498,-6.75872],[-37.88086,-6.74917],[-37.87537,-6.75121],[-37.86507,-6.74371],[-37.8582,-6.74303],[-37.86438,-6.72803],[-37.86163,-6.72803],[-37.85683,-6.73758],[-37.85133,-6.7403],[-37.84515,-6.73417],[-37.84035,-6.73349],[-37.83966,-6.73008],[-37.82043,-6.73076],[-37.81906,-6.72803],[-37.81219,-6.72735],[-37.81219,-6.71985],[-37.8067,-6.7178],[-37.80739,-6.71439],[-37.79434,-6.71644],[-37.80121,-6.71235],[-37.79709,-6.70484],[-37.80602,-6.70143],[-37.81288,-6.69121],[-37.80602,-6.69257],[-37.80327,-6.68575],[-37.79846,-6.69189],[-37.78679,-6.6878],[-37.78954,-6.69666],[-37.7861,-6.69734],[-37.78336,-6.7028],[-37.78954,-6.70757],[-37.78816,-6.71166],[-37.78542,-6.70962],[-37.77992,-6.71098],[-37.77786,-6.70553],[-37.76962,-6.70689],[-37.76482,-6.7028],[-37.76138,-6.70348],[-37.76138,-6.70689],[-37.75658,-6.70757],[-37.7552,-6.70416],[-37.75864,-6.69939],[-37.75314,-6.69871],[-37.75314,-6.69666],[-37.76207,-6.68507],[-37.76825,-6.68439],[-37.76825,-6.68098],[-37.76276,-6.67825],[-37.7607,-6.67416],[-37.7552,-6.68098],[-37.73941,-6.67757],[-37.73735,-6.67279],[-37.74078,-6.67143],[-37.74078,-6.66734],[-37.73186,-6.67075],[-37.71881,-6.66393],[-37.72362,-6.65983],[-37.72842,-6.64824],[-37.73254,-6.64551],[-37.73392,-6.63801],[-37.73666,-6.63596],[-37.7346,-6.63255],[-37.73117,-6.63323],[-37.7298,-6.63869],[-37.72568,-6.63937],[-37.7243,-6.63528],[-37.72774,-6.63187],[-37.7243,-6.63051],[-37.72018,-6.63255],[-37.7195,-6.62914],[-37.71606,-6.62778],[-37.71675,-6.63733],[-37.70851,-6.63528],[-37.70714,-6.64074],[-37.70439,-6.64142],[-37.70096,-6.63801],[-37.70164,-6.62914],[-37.69821,-6.62982],[-37.69821,-6.63664],[-37.69272,-6.64074],[-37.69753,-6.65165],[-37.69272,-6.6537],[-37.68723,-6.65097],[-37.68517,-6.64551],[-37.68173,-6.64551],[-37.67761,-6.65233],[-37.67006,-6.64756],[-37.66525,-6.64892],[-37.66319,-6.64415],[-37.65564,-6.64346],[-37.65358,-6.64074],[-37.66594,-6.64142],[-37.66731,-6.63869],[-37.66319,-6.63801],[-37.65427,-6.63051],[-37.64259,-6.6271],[-37.65564,-6.62982],[-37.65701,-6.62437],[-37.66594,-6.62164],[-37.66594,-6.61755],[-37.66182,-6.6155],[-37.66182,-6.61004],[-37.65495,-6.60595],[-37.65289,-6.60118],[-37.64671,-6.60049],[-37.64877,-6.59231],[-37.65564,-6.59163],[-37.66388,-6.59572],[-37.66525,-6.59299],[-37.65907,-6.59095],[-37.65152,-6.58344],[-37.64603,-6.57116],[-37.65015,-6.57185],[-37.65152,-6.57526],[-37.66663,-6.57185],[-37.66869,-6.57526],[-37.67418,-6.57662],[-37.67487,-6.57253],[-37.68242,-6.56912],[-37.68242,-6.56502],[-37.6783,-6.56298],[-37.6783,-6.56025],[-37.68379,-6.55479],[-37.6783,-6.55138],[-37.67281,-6.55275],[-37.67212,-6.54592],[-37.70096,-6.54183],[-37.70714,-6.54797],[-37.70714,-6.54456],[-37.71194,-6.54251],[-37.73186,-6.5432],[-37.73117,-6.54115],[-37.72018,-6.53842],[-37.68997,-6.53296],[-37.69547,-6.52751],[-37.69478,-6.52205],[-37.70508,-6.51727],[-37.7092,-6.50295],[-37.70233,-6.5084],[-37.69615,-6.50704],[-37.69478,-6.51181],[-37.68929,-6.51113],[-37.69272,-6.5084],[-37.69341,-6.50158],[-37.69684,-6.49953],[-37.69684,-6.49681],[-37.69409,-6.49544],[-37.68173,-6.50226],[-37.67624,-6.5009],[-37.67418,-6.50295],[-37.67212,-6.50022],[-37.67418,-6.49135],[-37.67143,-6.48862],[-37.66594,-6.50772],[-37.66731,-6.51864],[-37.66251,-6.52068],[-37.66045,-6.52887],[-37.65427,-6.52478],[-37.65152,-6.52682],[-37.65358,-6.54183],[-37.65152,-6.55411],[-37.65839,-6.55343],[-37.65907,-6.56025],[-37.65358,-6.56161],[-37.65083,-6.55547],[-37.64053,-6.55479],[-37.63916,-6.55206],[-37.63367,-6.55275],[-37.63023,-6.54934],[-37.62817,-6.55002],[-37.62817,-6.55343],[-37.62131,-6.55138],[-37.61032,-6.53978],[-37.60345,-6.54047],[-37.5959,-6.53365],[-37.58835,-6.5316],[-37.58492,-6.52614],[-37.57874,-6.52478],[-37.57324,-6.51864],[-37.57256,-6.50431],[-37.57805,-6.5009],[-37.58423,-6.51045],[-37.58629,-6.51045],[-37.58492,-6.50022],[-37.58904,-6.50295],[-37.60071,-6.50431],[-37.60277,-6.49885],[-37.60414,-6.50499],[-37.61444,-6.51045],[-37.61581,-6.50772],[-37.61238,-6.50499],[-37.61238,-6.49612],[-37.61444,-6.49612],[-37.61993,-6.51045],[-37.6268,-6.5084],[-37.62817,-6.51454],[-37.63229,-6.51795],[-37.6371,-6.50226],[-37.62886,-6.49953],[-37.62817,-6.49408],[-37.63298,-6.49271],[-37.62474,-6.4893],[-37.62405,-6.48589],[-37.62405,-6.4818],[-37.62817,-6.48248],[-37.63298,-6.47702],[-37.62955,-6.47361],[-37.63229,-6.46201],[-37.62474,-6.46952],[-37.61925,-6.46542],[-37.61375,-6.4661],[-37.61375,-6.46406],[-37.61993,-6.45928],[-37.61925,-6.45587],[-37.62405,-6.45314],[-37.63435,-6.45519],[-37.63641,-6.45178],[-37.6371,-6.45519],[-37.64122,-6.45587],[-37.64328,-6.45246],[-37.64946,-6.45041],[-37.64877,-6.44495],[-37.65564,-6.44086],[-37.65427,-6.43813],[-37.65015,-6.43745],[-37.65152,-6.43199],[-37.65427,-6.43062],[-37.65427,-6.4238],[-37.65083,-6.42039],[-37.64877,-6.42107],[-37.64946,-6.43199],[-37.64534,-6.43404],[-37.64122,-6.44427],[-37.63092,-6.44359],[-37.62749,-6.44836],[-37.62337,-6.44836],[-37.61856,-6.44427],[-37.61787,-6.44836],[-37.61032,-6.44973],[-37.60895,-6.45314],[-37.60414,-6.45246],[-37.60071,-6.45792],[-37.5959,-6.45928],[-37.58766,-6.45109],[-37.59041,-6.44905],[-37.59041,-6.44564],[-37.59659,-6.44154],[-37.58698,-6.43949],[-37.58286,-6.44359],[-37.58354,-6.44905],[-37.57805,-6.45246],[-37.5753,-6.4586],[-37.57256,-6.4586],[-37.56912,-6.45723],[-37.56775,-6.44905],[-37.55814,-6.45178],[-37.55676,-6.44632],[-37.55264,-6.44427],[-37.55264,-6.43881],[-37.5499,-6.43677],[-37.54372,-6.43745],[-37.54166,-6.42926],[-37.53273,-6.42517],[-37.5341,-6.41561],[-37.54578,-6.41902],[-37.54509,-6.41015],[-37.52586,-6.41084],[-37.51831,-6.40879],[-37.52449,-6.40674],[-37.52724,-6.40128],[-37.53067,-6.40128],[-37.53136,-6.39719],[-37.52792,-6.39924],[-37.52106,-6.39787],[-37.51556,-6.39173],[-37.51762,-6.38832],[-37.5135,-6.38695],[-37.50664,-6.39992],[-37.50183,-6.40128],[-37.50114,-6.39378],[-37.49771,-6.38968],[-37.5032,-6.38218],[-37.50046,-6.37877],[-37.50183,-6.37399],[-37.49634,-6.37262],[-37.49359,-6.38149],[-37.48604,-6.38491],[-37.48466,-6.38286],[-37.49016,-6.37877],[-37.49153,-6.36989],[-37.48123,-6.36853],[-37.47849,-6.36989],[-37.4778,-6.37399],[-37.47437,-6.37399],[-37.46819,-6.37262],[-37.47368,-6.36716],[-37.46544,-6.36443],[-37.4675,-6.35829],[-37.48398,-6.35215],[-37.47711,-6.34669],[-37.47711,-6.34328],[-37.48055,-6.34055],[-37.4881,-6.33987],[-37.49222,-6.34533],[-37.5032,-6.3501],[-37.51007,-6.34806],[-37.51007,-6.33577],[-37.51213,-6.33577],[-37.51282,-6.33987],[-37.51762,-6.34123],[-37.51831,-6.34669],[-37.52449,-6.35079],[-37.53136,-6.34601],[-37.5396,-6.34942],[-37.54028,-6.34464],[-37.54303,-6.34396],[-37.54509,-6.3501],[-37.54852,-6.35352],[-37.55264,-6.35352],[-37.55951,-6.36239],[-37.56844,-6.36239],[-37.57462,-6.36853],[-37.57462,-6.37126],[-37.58766,-6.37331],[-37.59041,-6.37672],[-37.59453,-6.37467],[-37.59384,-6.37262],[-37.58766,-6.37262],[-37.57805,-6.36307],[-37.57668,-6.35693],[-37.58217,-6.35625],[-37.58629,-6.36034],[-37.59247,-6.36034],[-37.59247,-6.35761],[-37.58835,-6.35488],[-37.59315,-6.35352],[-37.59659,-6.35761],[-37.59521,-6.35352],[-37.58492,-6.3501],[-37.57599,-6.34396],[-37.56912,-6.34328],[-37.57118,-6.33918],[-37.56981,-6.33441],[-37.5753,-6.33509],[-37.57736,-6.331],[-37.58766,-6.33441],[-37.59109,-6.33031],[-37.59109,-6.32827],[-37.58423,-6.32895],[-37.5753,-6.32417],[-37.57599,-6.32212],[-37.58011,-6.32281],[-37.58217,-6.32076],[-37.5808,-6.31666],[-37.57256,-6.31666],[-37.5753,-6.3112],[-37.57118,-6.3112],[-37.56294,-6.32008],[-37.55676,-6.32144],[-37.54646,-6.31666],[-37.54921,-6.30779],[-37.54303,-6.30779],[-37.54234,-6.29892],[-37.5396,-6.29687],[-37.53204,-6.29892],[-37.5238,-6.29755],[-37.52243,-6.30165],[-37.51968,-6.30233],[-37.519,-6.29551],[-37.51694,-6.29414],[-37.50595,-6.29346],[-37.5032,-6.29073],[-37.49977,-6.29278],[-37.49565,-6.29141],[-37.49634,-6.288],[-37.50458,-6.2839],[-37.49908,-6.27708],[-37.50183,-6.27094],[-37.50389,-6.2723],[-37.50595,-6.28322],[-37.51419,-6.27776],[-37.51762,-6.27913],[-37.51556,-6.2839],[-37.51831,-6.28663],[-37.52518,-6.2839],[-37.52724,-6.28732],[-37.53273,-6.28868],[-37.53273,-6.2839],[-37.53754,-6.28322],[-37.54784,-6.29278],[-37.54852,-6.29824],[-37.55333,-6.29687],[-37.55676,-6.3037],[-37.56157,-6.30506],[-37.56432,-6.30233],[-37.56432,-6.29755],[-37.56844,-6.29619],[-37.56912,-6.29346],[-37.57805,-6.29209],[-37.57118,-6.28936],[-37.56912,-6.28527],[-37.55951,-6.28254],[-37.55676,-6.27776],[-37.55745,-6.27503],[-37.565,-6.27503],[-37.56088,-6.27025],[-37.56226,-6.26821],[-37.5705,-6.26957],[-37.56912,-6.26275],[-37.56088,-6.25933],[-37.56844,-6.25592],[-37.57393,-6.25728],[-37.57256,-6.26343],[-37.58217,-6.27162],[-37.58354,-6.27844],[-37.58904,-6.2764],[-37.59247,-6.28186],[-37.60757,-6.28322],[-37.60757,-6.28049],[-37.60277,-6.27981],[-37.5959,-6.27367],[-37.58972,-6.26343],[-37.59796,-6.26616],[-37.60551,-6.26479],[-37.6062,-6.25933],[-37.61787,-6.25387],[-37.61856,-6.24636],[-37.62131,-6.24363],[-37.61581,-6.24363],[-37.60757,-6.25251],[-37.60277,-6.25251],[-37.60071,-6.24841],[-37.59521,-6.24978],[-37.59109,-6.24568],[-37.59521,-6.24295],[-37.59521,-6.23886],[-37.59796,-6.23817],[-37.59659,-6.23544],[-37.58286,-6.23339],[-37.58148,-6.23135],[-37.57324,-6.23339],[-37.57256,-6.23135],[-37.57736,-6.2293],[-37.57805,-6.2252],[-37.58492,-6.22247],[-37.58972,-6.22179],[-37.59659,-6.2252],[-37.60208,-6.22384],[-37.60139,-6.21974],[-37.5959,-6.21769],[-37.59796,-6.21223],[-37.58972,-6.21223],[-37.58766,-6.20677],[-37.59796,-6.20814],[-37.60345,-6.20609],[-37.6062,-6.2095],[-37.61032,-6.20814],[-37.61444,-6.2136],[-37.6165,-6.21292],[-37.61787,-6.20677],[-37.62131,-6.20677],[-37.62337,-6.21155],[-37.62611,-6.21223],[-37.62817,-6.20882],[-37.62749,-6.20063],[-37.62131,-6.19995],[-37.61787,-6.20199],[-37.61581,-6.1979],[-37.62062,-6.1938],[-37.61993,-6.18629],[-37.61444,-6.18425],[-37.61101,-6.18766],[-37.60483,-6.18698],[-37.60483,-6.18288],[-37.61101,-6.18015],[-37.61101,-6.1781],[-37.60139,-6.17605],[-37.59865,-6.17878],[-37.59865,-6.1718],[-37.59453,-6.16991]],[[-37.55333,-6.35352],[-37.55333,-6.35079],[-37.55676,-6.35079],[-37.55333,-6.35352]],[[-37.267,-6.05931],[-37.26768,-6.06204],[-37.26425,-6.06272],[-37.26013,-6.06818],[-37.25601,-6.0675],[-37.25533,-6.0634],[-37.25945,-6.05999],[-37.267,-6.05931]],[[-37.25189,-6.11871],[-37.2567,-6.1228],[-37.25876,-6.12895],[-37.25807,-6.13578],[-37.25464,-6.13782],[-37.25464,-6.14124],[-37.24434,-6.13578],[-37.24571,-6.1269],[-37.24365,-6.12007],[-37.25189,-6.11871]],[[-37.57942,-6.20336],[-37.5856,-6.20746],[-37.5856,-6.20882],[-37.58217,-6.20882],[-37.57942,-6.20541],[-37.57942,-6.20336]],[[-37.60002,-6.25728],[-37.60277,-6.25933],[-37.59933,-6.26001],[-37.60002,-6.25728]],[[-37.48947,-6.26548],[-37.4929,-6.26957],[-37.49016,-6.27025],[-37.48947,-6.26548]],[[-37.45857,-6.30506],[-37.46063,-6.3037],[-37.46063,-6.30574],[-37.45857,-6.30506]],[[-37.48123,-6.3153],[-37.47986,-6.31598],[-37.47986,-6.3153],[-37.48123,-6.3153]],[[-37.46613,-6.35079],[-37.46819,-6.35283],[-37.46613,-6.35829],[-37.45926,-6.35693],[-37.45926,-6.35147],[-37.46613,-6.35079]],[[-37.49908,-6.41152],[-37.49702,-6.41288],[-37.49702,-6.41152],[-37.49908,-6.41152]],[[-37.50389,-6.44359],[-37.50114,-6.44973],[-37.49565,-6.44836],[-37.49908,-6.44359],[-37.50389,-6.44359]],[[-37.56294,-6.47156],[-37.56226,-6.47293],[-37.56226,-6.47156],[-37.56294,-6.47156]],[[-37.61032,-6.47224],[-37.61444,-6.47429],[-37.61169,-6.47497],[-37.61032,-6.47224]],[[-37.5341,-6.49271],[-37.53754,-6.49817],[-37.53479,-6.50022],[-37.53204,-6.49612],[-37.5341,-6.49271]],[[-37.62543,-6.55957],[-37.62611,-6.5623],[-37.61581,-6.56161],[-37.61581,-6.55957],[-37.62543,-6.55957]],[[-37.60895,-6.59436],[-37.61032,-6.60254],[-37.61787,-6.60732],[-37.61787,-6.61004],[-37.61375,-6.61209],[-37.60689,-6.61141],[-37.60895,-6.61755],[-37.60551,-6.61959],[-37.60277,-6.61823],[-37.60277,-6.61277],[-37.59933,-6.61141],[-37.59933,-6.60459],[-37.60345,-6.60322],[-37.60689,-6.60663],[-37.60689,-6.59436],[-37.60895,-6.59436]],[[-37.60002,-6.62846],[-37.60895,-6.63255],[-37.60826,-6.6346],[-37.59933,-6.63596],[-37.60002,-6.62846]],[[-37.60002,-6.64142],[-37.59727,-6.64483],[-37.59659,-6.6421],[-37.60002,-6.64142]],[[-37.62131,-6.64619],[-37.62062,-6.64688],[-37.62062,-6.64619],[-37.62131,-6.64619]],[[-37.71744,-6.64824],[-37.72293,-6.64892],[-37.72362,-6.65165],[-37.71606,-6.65438],[-37.71744,-6.64824]],[[-37.66045,-6.66734],[-37.66319,-6.66665],[-37.66388,-6.66938],[-37.66045,-6.66734]],[[-37.63847,-6.69257],[-37.64191,-6.69598],[-37.63504,-6.69871],[-37.63847,-6.69257]],[[-37.80533,-6.69461],[-37.80121,-6.69802],[-37.79984,-6.69802],[-37.80327,-6.69325],[-37.80533,-6.69461]],[[-37.89734,-6.76349],[-37.8994,-6.76622],[-37.89734,-6.76622],[-37.89734,-6.76349]],[[-37.88223,-6.78122],[-37.88361,-6.78258],[-37.88223,-6.78258],[-37.88223,-6.78122]],[[-37.5095,-6.5266],[-37.5076,-6.5209],[-37.5123,-6.5309],[-37.5095,-6.5266]]],[[[-37.37411,-6.70689],[-37.36725,-6.70621],[-37.36794,-6.7103],[-37.37274,-6.71303],[-37.36931,-6.71644],[-37.35832,-6.71712],[-37.35901,-6.72053],[-37.35626,-6.72326],[-37.35146,-6.72257],[-37.35146,-6.72735],[-37.34596,-6.73008],[-37.34528,-6.73349],[-37.33841,-6.7328],[-37.33086,-6.73553],[-37.33154,-6.73894],[-37.3391,-6.73826],[-37.33978,-6.74099],[-37.34253,-6.74099],[-37.35352,-6.73076],[-37.36313,-6.72735],[-37.36176,-6.73689],[-37.36588,-6.73689],[-37.36931,-6.73076],[-37.37343,-6.73076],[-37.37137,-6.72598],[-37.37892,-6.71848],[-37.38785,-6.71507],[-37.38579,-6.72189],[-37.38922,-6.72394],[-37.39883,-6.72053],[-37.39746,-6.72598],[-37.39197,-6.7253],[-37.38991,-6.73485],[-37.38441,-6.73689],[-37.38373,-6.74371],[-37.38922,-6.74712],[-37.38853,-6.75053],[-37.38235,-6.75053],[-37.38235,-6.75462],[-37.38029,-6.75462],[-37.38441,-6.76417],[-37.37549,-6.76349],[-37.37549,-6.77849],[-37.36931,-6.77985],[-37.36725,-6.78394],[-37.36862,-6.78531],[-37.37137,-6.78258],[-37.37549,-6.78258],[-37.37411,-6.79076],[-37.36794,-6.79622],[-37.35832,-6.79894],[-37.35764,-6.80372],[-37.35283,-6.80644],[-37.35214,-6.80849],[-37.35558,-6.80985],[-37.35558,-6.81531],[-37.35008,-6.82485],[-37.34253,-6.82962],[-37.34596,-6.83712],[-37.3494,-6.83031],[-37.35352,-6.83099],[-37.35695,-6.82213],[-37.36313,-6.82144],[-37.36313,-6.81394],[-37.37,-6.8044],[-37.37686,-6.8044],[-37.38098,-6.81053],[-37.38304,-6.82485],[-37.38029,-6.83167],[-37.38373,-6.83303],[-37.38441,-6.82962],[-37.39197,-6.82826],[-37.38922,-6.82349],[-37.38922,-6.81394],[-37.39265,-6.80917],[-37.39197,-6.80167],[-37.39746,-6.79826],[-37.39197,-6.79349],[-37.39403,-6.79008],[-37.39128,-6.78735],[-37.39128,-6.77985],[-37.39746,-6.77713],[-37.39883,-6.78326],[-37.40639,-6.78735],[-37.40776,-6.7819],[-37.4057,-6.77235],[-37.40845,-6.76963],[-37.41119,-6.77167],[-37.41188,-6.77644],[-37.41737,-6.77303],[-37.42287,-6.77644],[-37.42218,-6.78531],[-37.42699,-6.79076],[-37.42699,-6.79417],[-37.43248,-6.80099],[-37.4366,-6.80167],[-37.43454,-6.79417],[-37.43111,-6.79281],[-37.42836,-6.78735],[-37.42836,-6.77713],[-37.42493,-6.77508],[-37.42767,-6.76894],[-37.41943,-6.76758],[-37.42081,-6.76349],[-37.41325,-6.75258],[-37.41325,-6.74985],[-37.41737,-6.74849],[-37.42424,-6.75531],[-37.44278,-6.76212],[-37.4366,-6.75258],[-37.42905,-6.75121],[-37.42767,-6.74644],[-37.41943,-6.74099],[-37.42081,-6.73962],[-37.42767,-6.7444],[-37.43385,-6.74371],[-37.43317,-6.73962],[-37.42836,-6.73826],[-37.43042,-6.73008],[-37.41325,-6.71166],[-37.42012,-6.71098],[-37.42149,-6.70621],[-37.42493,-6.70621],[-37.43042,-6.70825],[-37.43385,-6.71303],[-37.43729,-6.71303],[-37.43248,-6.70894],[-37.43317,-6.70348],[-37.42767,-6.70057],[-37.4073,-6.6972],[-37.39128,-6.70047],[-37.38922,-6.70484],[-37.38716,-6.7028],[-37.38853,-6.70051],[-37.37411,-6.70073],[-37.37411,-6.70689]],[[-37.38235,-6.78122],[-37.37961,-6.7819],[-37.38029,-6.77781],[-37.38235,-6.77781],[-37.38235,-6.78122]]]]}},{"type":"Feature","properties":{"faixa":"200 a 300 m","ordem":2,"area_km2":1.5},"geometry":{"type":"Polygon","coordinates":[[[-35.42473,-7.18878],[-35.41992,-7.19491],[-35.41924,-7.20241],[-35.42198,-7.20649],[-35.42747,-7.20309],[-35.43159,-7.20513],[-35.42816,-7.19832],[-35.42816,-7.19014],[-35.42473,-7.18878]]]}},{"type":"Feature","properties":{"faixa":"200 a 300 m","ordem":2,"area_km2":45.3},"geometry":{"type":"MultiPolygon","coordinates":[[[[-35.45906,-6.65915],[-35.457,-6.64892],[-35.45219,-6.64619],[-35.45151,-6.65642],[-35.44533,-6.66052],[-35.44395,-6.65574],[-35.44121,-6.65438],[-35.43983,-6.66188],[-35.44146,-6.66324],[-35.45906,-6.65915]]],[[[-35.48996,-6.73553],[-35.48035,-6.73962],[-35.48103,-6.74235],[-35.48515,-6.74371],[-35.48653,-6.74781],[-35.49339,-6.75258],[-35.4982,-6.75258],[-35.50301,-6.74781],[-35.50713,-6.74917],[-35.50919,-6.74508],[-35.51743,-6.74781],[-35.5291,-6.74508],[-35.53391,-6.73349],[-35.52429,-6.71985],[-35.53391,-6.72189],[-35.53665,-6.7178],[-35.53596,-6.70894],[-35.5291,-6.70348],[-35.52429,-6.70348],[-35.52635,-6.69939],[-35.5085,-6.68643],[-35.50232,-6.67825],[-35.49751,-6.68234],[-35.49751,-6.68643],[-35.49339,-6.68643],[-35.48927,-6.68166],[-35.48378,-6.68507],[-35.48584,-6.67825],[-35.48241,-6.6762],[-35.47623,-6.68643],[-35.47623,-6.68166],[-35.48035,-6.67416],[-35.4673,-6.67075],[-35.46936,-6.66461],[-35.46593,-6.65983],[-35.46249,-6.66188],[-35.45906,-6.65965],[-35.4423,-6.66324],[-35.4467,-6.66461],[-35.44395,-6.67075],[-35.43846,-6.67006],[-35.43365,-6.67279],[-35.42542,-6.67143],[-35.42473,-6.67484],[-35.41992,-6.67211],[-35.41786,-6.67961],[-35.43159,-6.68984],[-35.43503,-6.69802],[-35.44464,-6.69871],[-35.45151,-6.71166],[-35.44876,-6.71644],[-35.45219,-6.71916],[-35.45837,-6.71848],[-35.45837,-6.72326],[-35.46249,-6.72939],[-35.47073,-6.72667],[-35.47485,-6.73076],[-35.48172,-6.73212],[-35.48309,-6.73689],[-35.48927,-6.73525],[-35.4879,-6.73076],[-35.48447,-6.72871],[-35.48447,-6.72462],[-35.4776,-6.7178],[-35.47211,-6.71848],[-35.47073,-6.71576],[-35.46661,-6.71576],[-35.46387,-6.7103],[-35.45837,-6.71166],[-35.45631,-6.69939],[-35.45013,-6.69734],[-35.44601,-6.69052],[-35.43846,-6.6878],[-35.44121,-6.67552],[-35.44807,-6.6762],[-35.44945,-6.68098],[-35.46318,-6.68984],[-35.4673,-6.7028],[-35.47829,-6.70348],[-35.48103,-6.70825],[-35.48859,-6.71235],[-35.49545,-6.71166],[-35.49614,-6.70348],[-35.50438,-6.70348],[-35.50438,-6.69871],[-35.50095,-6.69666],[-35.50095,-6.69393],[-35.50369,-6.69393],[-35.50575,-6.69734],[-35.51605,-6.69802],[-35.51468,-6.70143],[-35.50713,-6.70484],[-35.50781,-6.70757],[-35.51468,-6.70757],[-35.51605,-6.70962],[-35.52292,-6.70825],[-35.52979,-6.71371],[-35.52979,-6.71644],[-35.5188,-6.71507],[-35.52017,-6.72257],[-35.52498,-6.7253],[-35.52841,-6.73349],[-35.52773,-6.73758],[-35.5188,-6.74371],[-35.50713,-6.7403],[-35.50575,-6.73553],[-35.50095,-6.73553],[-35.49889,-6.73962],[-35.48996,-6.73553]]]]}},{"type":"Feature","properties":{"faixa":"200 a 300 m","ordem":2,"area_km2":37.8},"geometry":{"type":"Polygon","coordinates":[[[-35.47348,-7.21876],[-35.46799,-7.22216],[-35.4673,-7.22761],[-35.47348,-7.23034],[-35.47417,-7.23647],[-35.47897,-7.23851],[-35.47829,-7.24328],[-35.48172,-7.24396],[-35.48241,-7.24668],[-35.47005,-7.25486],[-35.47073,-7.2569],[-35.47485,-7.25622],[-35.47348,-7.26371],[-35.4673,-7.27052],[-35.46799,-7.27257],[-35.47211,-7.27257],[-35.47211,-7.27802],[-35.50026,-7.27121],[-35.50575,-7.27802],[-35.51537,-7.27461],[-35.50644,-7.28619],[-35.50644,-7.29164],[-35.52498,-7.293],[-35.53665,-7.28551],[-35.54695,-7.28347],[-35.54832,-7.29096],[-35.55107,-7.29368],[-35.55862,-7.293],[-35.56274,-7.28755],[-35.56618,-7.28755],[-35.56824,-7.2896],[-35.56686,-7.29913],[-35.57167,-7.29981],[-35.57304,-7.30458],[-35.58128,-7.31003],[-35.59158,-7.30867],[-35.5957,-7.30526],[-35.5957,-7.30117],[-35.5909,-7.29709],[-35.59296,-7.29164],[-35.58952,-7.2896],[-35.58815,-7.27938],[-35.5854,-7.27529],[-35.58815,-7.27393],[-35.59021,-7.28074],[-35.59364,-7.28483],[-35.59639,-7.28483],[-35.59914,-7.27734],[-35.59776,-7.26848],[-35.5957,-7.26644],[-35.58746,-7.26848],[-35.5806,-7.26712],[-35.5854,-7.26303],[-35.58678,-7.25826],[-35.5909,-7.26099],[-35.59502,-7.26031],[-35.59296,-7.2535],[-35.58884,-7.25077],[-35.59227,-7.24737],[-35.59021,-7.2426],[-35.5957,-7.23919],[-35.59639,-7.23442],[-35.59296,-7.23442],[-35.58952,-7.23987],[-35.58678,-7.23919],[-35.5854,-7.2351],[-35.58128,-7.23851],[-35.57648,-7.23851],[-35.5751,-7.24124],[-35.57854,-7.24328],[-35.57648,-7.24668],[-35.56412,-7.23238],[-35.56,-7.23102],[-35.55244,-7.23306],[-35.54214,-7.23102],[-35.54146,-7.23851],[-35.53871,-7.23851],[-35.53665,-7.23374],[-35.53322,-7.23306],[-35.53528,-7.22761],[-35.52635,-7.22761],[-35.52223,-7.2317],[-35.51674,-7.2317],[-35.51537,-7.23647],[-35.50369,-7.23579],[-35.50301,-7.23306],[-35.50713,-7.22966],[-35.50781,-7.22557],[-35.50369,-7.22625],[-35.50163,-7.23034],[-35.49751,-7.22966],[-35.49957,-7.22012],[-35.49545,-7.21944],[-35.49339,-7.2208],[-35.49339,-7.22897],[-35.48653,-7.23783],[-35.48241,-7.23851],[-35.48309,-7.22352],[-35.48035,-7.22012],[-35.47348,-7.21876]],[[-35.47417,-7.22284],[-35.47417,-7.22625],[-35.47005,-7.22557],[-35.47073,-7.22352],[-35.47417,-7.22284]],[[-35.47691,-7.22761],[-35.48035,-7.23306],[-35.47691,-7.2351],[-35.47691,-7.22761]],[[-35.55931,-7.23442],[-35.56824,-7.24124],[-35.57922,-7.25486],[-35.57991,-7.26303],[-35.57373,-7.26644],[-35.56824,-7.27393],[-35.57922,-7.27461],[-35.57579,-7.28278],[-35.58472,-7.28142],[-35.5854,-7.28891],[-35.58197,-7.29164],[-35.57098,-7.293],[-35.57098,-7.28755],[-35.56206,-7.2821],[-35.55931,-7.28891],[-35.55382,-7.29096],[-35.55107,-7.2896],[-35.55107,-7.28278],[-35.54764,-7.28006],[-35.53459,-7.28278],[-35.52429,-7.28891],[-35.51193,-7.2896],[-35.51125,-7.28278],[-35.51949,-7.2787],[-35.52017,-7.26984],[-35.51605,-7.26848],[-35.51125,-7.27325],[-35.50644,-7.27393],[-35.50781,-7.26848],[-35.51537,-7.26439],[-35.51193,-7.25963],[-35.50713,-7.26167],[-35.50507,-7.26031],[-35.50507,-7.24941],[-35.4982,-7.25145],[-35.49683,-7.2569],[-35.49408,-7.25826],[-35.49957,-7.26303],[-35.49751,-7.26916],[-35.48584,-7.27393],[-35.47897,-7.27393],[-35.47966,-7.26984],[-35.48378,-7.26644],[-35.47211,-7.26916],[-35.47623,-7.26439],[-35.47966,-7.25213],[-35.48447,-7.24941],[-35.48584,-7.24124],[-35.49408,-7.23374],[-35.4982,-7.23442],[-35.50095,-7.23919],[-35.5188,-7.24055],[-35.52292,-7.24328],[-35.51949,-7.24737],[-35.52223,-7.25009],[-35.52635,-7.25009],[-35.52292,-7.25486],[-35.53391,-7.2535],[-35.53528,-7.25758],[-35.53871,-7.25145],[-35.54558,-7.25418],[-35.54214,-7.24737],[-35.53596,-7.24668],[-35.53596,-7.24396],[-35.54832,-7.24464],[-35.5497,-7.23715],[-35.55931,-7.23442]],[[-35.59502,-7.27325],[-35.59639,-7.27665],[-35.59296,-7.27938],[-35.59227,-7.27461],[-35.59502,-7.27325]],[[-35.58815,-7.29436],[-35.58746,-7.29504],[-35.58746,-7.29436],[-35.58815,-7.29436]],[[-35.5751,-7.29709],[-35.58678,-7.29981],[-35.58884,-7.30322],[-35.58197,-7.30458],[-35.57579,-7.30254],[-35.5751,-7.29709]]]}},{"type":"Feature","properties":{"faixa":"200 a 300 m","ordem":2,"area_km2":15.4},"geometry":{"type":"Polygon","coordinates":[[[-35.57373,-7.1445],[-35.56686,-7.14654],[-35.5648,-7.15404],[-35.55794,-7.15472],[-35.54901,-7.14722],[-35.53596,-7.14586],[-35.53185,-7.14654],[-35.53047,-7.15336],[-35.52635,-7.15336],[-35.52292,-7.14859],[-35.52086,-7.14927],[-35.52086,-7.15336],[-35.51331,-7.15131],[-35.51262,-7.15608],[-35.5085,-7.15881],[-35.50987,-7.16221],[-35.50438,-7.16221],[-35.49751,-7.16971],[-35.51262,-7.17311],[-35.51193,-7.17924],[-35.51605,-7.17993],[-35.51811,-7.1772],[-35.52773,-7.17652],[-35.52979,-7.17448],[-35.5291,-7.16971],[-35.53391,-7.16698],[-35.53528,-7.16221],[-35.55382,-7.16221],[-35.55519,-7.16562],[-35.55931,-7.16562],[-35.56618,-7.17107],[-35.57716,-7.17448],[-35.58472,-7.17107],[-35.58403,-7.16494],[-35.58678,-7.16153],[-35.5854,-7.15336],[-35.5806,-7.15267],[-35.5806,-7.14791],[-35.5751,-7.14927],[-35.57373,-7.1445]],[[-35.54695,-7.15336],[-35.55313,-7.1554],[-35.55176,-7.15812],[-35.5442,-7.15744],[-35.54695,-7.15336]],[[-35.51811,-7.15812],[-35.53047,-7.15812],[-35.52979,-7.16494],[-35.52361,-7.16834],[-35.52361,-7.17311],[-35.5188,-7.17379],[-35.51605,-7.17039],[-35.50919,-7.16903],[-35.51193,-7.16562],[-35.51949,-7.16289],[-35.51811,-7.15812]],[[-35.58197,-7.16017],[-35.58266,-7.16358],[-35.57716,-7.16971],[-35.56892,-7.16698],[-35.56206,-7.16153],[-35.58197,-7.16017]]]}},{"type":"Feature","properties":{"faixa":"200 a 300 m","ordem":2,"area_km2":14.0},"geometry":{"type":"Polygon","coordinates":[[[-35.47829,-6.80099],[-35.47348,-6.80849],[-35.47897,-6.81394],[-35.48172,-6.82349],[-35.48859,-6.83303],[-35.49751,-6.83712],[-35.50163,-6.83303],[-35.50095,-6.82622],[-35.5085,-6.82622],[-35.51056,-6.82349],[-35.51193,-6.82962],[-35.50781,-6.83303],[-35.51125,-6.8344],[-35.50987,-6.84121],[-35.51399,-6.84326],[-35.52498,-6.84258],[-35.52361,-6.83508],[-35.52017,-6.83235],[-35.52773,-6.82553],[-35.53322,-6.82758],[-35.53253,-6.83167],[-35.5394,-6.82962],[-35.53802,-6.82485],[-35.5442,-6.8194],[-35.54352,-6.81667],[-35.53528,-6.81394],[-35.5291,-6.81394],[-35.52567,-6.81803],[-35.51949,-6.81053],[-35.51193,-6.80917],[-35.50575,-6.8044],[-35.4982,-6.80713],[-35.47829,-6.80099]],[[-35.48927,-6.80781],[-35.49683,-6.8119],[-35.50438,-6.81053],[-35.5085,-6.81463],[-35.51811,-6.81599],[-35.52635,-6.82281],[-35.52155,-6.82553],[-35.51331,-6.81803],[-35.50713,-6.81872],[-35.50438,-6.81531],[-35.49133,-6.81258],[-35.49065,-6.82008],[-35.49889,-6.82008],[-35.49614,-6.82281],[-35.49683,-6.83167],[-35.49477,-6.83235],[-35.48859,-6.82758],[-35.4879,-6.82349],[-35.48447,-6.82281],[-35.48309,-6.81872],[-35.48309,-6.81258],[-35.48927,-6.80781]]]}},{"type":"Feature","properties":{"faixa":"200 a 300 m","ordem":2,"area_km2":22.6},"geometry":{"type":"Polygon","coordinates":[[[-35.24757,-6.56298],[-35.24826,-6.57048],[-35.24551,-6.57321],[-35.24689,-6.58208],[-35.24483,-6.58617],[-35.25238,-6.59026],[-35.25238,-6.59981],[-35.24002,-6.60254],[-35.24345,-6.60732],[-35.24895,-6.60732],[-35.25032,-6.61209],[-35.25513,-6.61277],[-35.25307,-6.61823],[-35.25993,-6.61959],[-35.26405,-6.62778],[-35.26337,-6.63187],[-35.25993,-6.62982],[-35.2565,-6.63187],[-35.25101,-6.63119],[-35.25169,-6.63664],[-35.25581,-6.63801],[-35.25925,-6.64346],[-35.2565,-6.65029],[-35.25925,-6.65165],[-35.26131,-6.64688],[-35.26337,-6.64688],[-35.26955,-6.65438],[-35.27367,-6.65438],[-35.27435,-6.65097],[-35.27161,-6.64688],[-35.28191,-6.64415],[-35.28534,-6.63937],[-35.28191,-6.63528],[-35.28534,-6.63119],[-35.28328,-6.62505],[-35.29083,-6.6155],[-35.28809,-6.61209],[-35.28191,-6.61277],[-35.28259,-6.608],[-35.27916,-6.60595],[-35.26955,-6.608],[-35.27023,-6.60254],[-35.26474,-6.59708],[-35.26817,-6.59367],[-35.26611,-6.58958],[-35.26886,-6.58549],[-35.25993,-6.58344],[-35.26474,-6.57594],[-35.26131,-6.57185],[-35.25101,-6.57389],[-35.25307,-6.56502],[-35.24757,-6.56298]]]}},{"type":"Feature","properties":{"faixa":"200 a 300 m","ordem":2,"area_km2":1.6},"geometry":{"type":"Polygon","coordinates":[[[-35.41649,-7.14518],[-35.4055,-7.14722],[-35.40825,-7.15063],[-35.40825,-7.1554],[-35.40482,-7.16085],[-35.4055,-7.16971],[-35.40962,-7.16766],[-35.40962,-7.1554],[-35.41374,-7.15404],[-35.41855,-7.14791],[-35.41649,-7.14518]]]}},{"type":"Feature","properties":{"faixa":"200 a 300 m","ordem":2,"area_km2":1.9},"geometry":{"type":"Polygon","coordinates":[[[-35.40825,-6.62232],[-35.40688,-6.62846],[-35.4158,-6.64142],[-35.41786,-6.65438],[-35.41786,-6.65097],[-35.42198,-6.64756],[-35.42198,-6.64415],[-35.41855,-6.64074],[-35.41924,-6.63255],[-35.40825,-6.62232]]]}},{"type":"Feature","properties":{"faixa":"200 a 300 m","ordem":2,"area_km2":3.6},"geometry":{"type":"Polygon","coordinates":[[[-35.10269,-7.00004],[-35.10063,-7.00549],[-35.10201,-7.0123],[-35.1075,-7.0089],[-35.11505,-7.01094],[-35.1178,-7.01503],[-35.12329,-7.01639],[-35.12672,-7.02185],[-35.12604,-7.03139],[-35.13702,-7.03002],[-35.13496,-7.02048],[-35.12466,-7.01435],[-35.11368,-7.00345],[-35.10269,-7.00004]]]}},{"type":"Feature","properties":{"faixa":"200 a 300 m","ordem":2,"area_km2":3.1},"geometry":{"type":"Polygon","coordinates":[[[-35.53596,-6.55684],[-35.52567,-6.56025],[-35.52429,-6.56298],[-35.52841,-6.57526],[-35.53391,-6.58071],[-35.53391,-6.57594],[-35.53734,-6.57526],[-35.54077,-6.57048],[-35.5394,-6.5582],[-35.53596,-6.55684]]]}},{"type":"Feature","properties":{"faixa":"200 a 300 m","ordem":2,"area_km2":5.6},"geometry":{"type":"Polygon","coordinates":[[[-35.43709,-7.20036],[-35.43503,-7.20377],[-35.43709,-7.21399],[-35.42404,-7.21603],[-35.41992,-7.22489],[-35.43022,-7.23374],[-35.44189,-7.23238],[-35.44739,-7.23783],[-35.45013,-7.22897],[-35.44945,-7.22216],[-35.44327,-7.21331],[-35.45013,-7.21263],[-35.45151,-7.20718],[-35.43709,-7.20036]],[[-35.43846,-7.20581],[-35.44189,-7.20581],[-35.44052,-7.20854],[-35.43846,-7.20581]],[[-35.44327,-7.21807],[-35.44601,-7.23034],[-35.42953,-7.22761],[-35.42816,-7.2208],[-35.43022,-7.21807],[-35.44327,-7.21807]]]}},{"type":"Feature","properties":{"faixa":"200 a 300 m","ordem":2,"area_km2":4.1},"geometry":{"type":"Polygon","coordinates":[[[-35.53253,-6.96732],[-35.53185,-6.97346],[-35.54352,-6.97891],[-35.54352,-6.983],[-35.54146,-6.98436],[-35.53185,-6.97823],[-35.5291,-6.97959],[-35.53871,-6.99186],[-35.54695,-6.99799],[-35.54764,-7.00276],[-35.55313,-7.00822],[-35.5545,-7.00072],[-35.55244,-6.99322],[-35.54626,-6.9905],[-35.54832,-6.97823],[-35.54558,-6.97755],[-35.5442,-6.97278],[-35.53871,-6.97209],[-35.53596,-6.968],[-35.53253,-6.96732]]]}},{"type":"Feature","properties":{"faixa":"200 a 300 m","ordem":2,"area_km2":1.9},"geometry":{"type":"Polygon","coordinates":[[[-37.75589,-7.32705],[-37.7552,-7.3325],[-37.74765,-7.33931],[-37.7504,-7.3434],[-37.7504,-7.34885],[-37.74422,-7.35702],[-37.7552,-7.35498],[-37.75383,-7.33659],[-37.76138,-7.33182],[-37.75932,-7.32705],[-37.75589,-7.32705]]]}},{"type":"Feature","properties":{"faixa":"200 a 300 m","ordem":2,"area_km2":8888.1},"geometry":{"type":"MultiPolygon","coordinates":[[[[-38.18024,-6.69871],[-38.17543,-6.69257],[-38.1768,-6.68643],[-38.17268,-6.68302],[-38.17337,-6.67688],[-38.16101,-6.67757],[-38.1562,-6.67347],[-38.14865,-6.67143],[-38.14865,-6.67416],[-38.15414,-6.67825],[-38.16444,-6.68029],[-38.17062,-6.68507],[-38.17062,-6.69325],[-38.17406,-6.70075],[-38.16925,-6.69939],[-38.15346,-6.68234],[-38.14934,-6.68234],[-38.14865,-6.68507],[-38.12805,-6.6878],[-38.12187,-6.67961],[-38.11844,-6.68302],[-38.11844,-6.68916],[-38.10539,-6.68643],[-38.10471,-6.6837],[-38.10814,-6.68029],[-38.10333,-6.67688],[-38.10196,-6.66802],[-38.10471,-6.66256],[-38.11775,-6.6612],[-38.11432,-6.64619],[-38.11775,-6.64551],[-38.12874,-6.65097],[-38.13286,-6.65574],[-38.13972,-6.65711],[-38.13629,-6.64892],[-38.13629,-6.63937],[-38.12531,-6.63528],[-38.11844,-6.62846],[-38.11775,-6.62369],[-38.1205,-6.62232],[-38.1205,-6.61891],[-38.11089,-6.62369],[-38.10677,-6.62164],[-38.10608,-6.60732],[-38.10814,-6.60186],[-38.10471,-6.60322],[-38.10196,-6.61141],[-38.09784,-6.61209],[-38.09441,-6.608],[-38.09303,-6.60049],[-38.08548,-6.59708],[-38.08342,-6.60049],[-38.07655,-6.59777],[-38.07518,-6.59163],[-38.06213,-6.59163],[-38.04771,-6.58753],[-38.04085,-6.58071],[-38.04016,-6.57389],[-38.03741,-6.57321],[-38.03673,-6.56912],[-38.03261,-6.56707],[-38.02917,-6.56844],[-38.02917,-6.57185],[-38.03535,-6.57526],[-38.04016,-6.58412],[-38.04016,-6.58617],[-38.03329,-6.58753],[-38.04428,-6.59367],[-38.04222,-6.59913],[-38.04771,-6.60118],[-38.04977,-6.60595],[-38.05939,-6.61277],[-38.06351,-6.61073],[-38.06557,-6.60322],[-38.07243,-6.60391],[-38.08205,-6.6155],[-38.0793,-6.61686],[-38.07861,-6.62232],[-38.06419,-6.61345],[-38.06076,-6.61345],[-38.05733,-6.61686],[-38.06007,-6.623],[-38.05733,-6.62505],[-38.05527,-6.6346],[-38.06076,-6.63528],[-38.05801,-6.63869],[-38.06488,-6.64142],[-38.06557,-6.64619],[-38.06557,-6.65029],[-38.0587,-6.65438],[-38.06419,-6.65779],[-38.06969,-6.65779],[-38.06969,-6.66324],[-38.06488,-6.66052],[-38.05252,-6.66188],[-38.05252,-6.6537],[-38.04222,-6.65097],[-38.04085,-6.64619],[-38.03192,-6.6421],[-38.02643,-6.63596],[-38.0175,-6.63596],[-38.02505,-6.64278],[-38.02505,-6.65233],[-38.02299,-6.65574],[-38.01064,-6.66188],[-38.00583,-6.66188],[-38.0024,-6.66529],[-38.00995,-6.67143],[-38.00995,-6.68439],[-38.02299,-6.67893],[-38.03261,-6.67893],[-38.02711,-6.68916],[-38.0278,-6.69461],[-38.03261,-6.69598],[-38.03055,-6.7028],[-38.02711,-6.7028],[-38.02162,-6.6953],[-38.00995,-6.70348],[-38.0072,-6.69939],[-38.00995,-6.69393],[-38.00652,-6.68711],[-37.99828,-6.69393],[-37.99278,-6.69189],[-37.98935,-6.69461],[-37.98866,-6.69939],[-37.99347,-6.7028],[-37.99416,-6.70689],[-37.99072,-6.71507],[-37.9866,-6.71576],[-37.98454,-6.70962],[-37.97699,-6.71507],[-37.9763,-6.71916],[-37.97287,-6.71985],[-37.96944,-6.71576],[-37.96326,-6.71644],[-37.96188,-6.71371],[-37.96875,-6.70894],[-37.966,-6.70416],[-37.96806,-6.69189],[-37.97493,-6.68848],[-37.97905,-6.68098],[-37.97974,-6.67143],[-37.9866,-6.66597],[-37.98592,-6.66393],[-37.96944,-6.66324],[-37.9612,-6.67006],[-37.9454,-6.67347],[-37.94128,-6.67825],[-37.92892,-6.68302],[-37.91862,-6.67825],[-37.90764,-6.66665],[-37.90764,-6.66393],[-37.89459,-6.66256],[-37.89047,-6.65165],[-37.88429,-6.65779],[-37.88155,-6.65779],[-37.88086,-6.65029],[-37.87331,-6.64142],[-37.86987,-6.64619],[-37.87262,-6.65301],[-37.86919,-6.65233],[-37.8685,-6.6496],[-37.85614,-6.64756],[-37.84927,-6.64074],[-37.84927,-6.63596],[-37.85477,-6.63664],[-37.85545,-6.62846],[-37.8582,-6.62505],[-37.86781,-6.62369],[-37.86987,-6.6155],[-37.86644,-6.61482],[-37.86644,-6.61277],[-37.87331,-6.6155],[-37.8788,-6.61073],[-37.88155,-6.61482],[-37.88567,-6.61482],[-37.88635,-6.59708],[-37.89322,-6.5964],[-37.90283,-6.59981],[-37.90627,-6.60391],[-37.91451,-6.60322],[-37.92618,-6.59708],[-37.9303,-6.59299],[-37.9303,-6.58822],[-37.93716,-6.5889],[-37.93716,-6.58412],[-37.94472,-6.58412],[-37.94678,-6.58003],[-37.94403,-6.57662],[-37.9454,-6.56775],[-37.93785,-6.5698],[-37.93373,-6.56161],[-37.9303,-6.56298],[-37.92892,-6.57526],[-37.92343,-6.57867],[-37.91862,-6.57799],[-37.92137,-6.56502],[-37.90901,-6.56912],[-37.90695,-6.57321],[-37.90009,-6.57253],[-37.89871,-6.56502],[-37.89459,-6.56161],[-37.89665,-6.55547],[-37.89047,-6.55479],[-37.89322,-6.55275],[-37.89116,-6.54865],[-37.89871,-6.54456],[-37.90627,-6.54729],[-37.90421,-6.5391],[-37.91176,-6.54115],[-37.91451,-6.53569],[-37.91725,-6.53569],[-37.92,-6.54115],[-37.94815,-6.53978],[-37.94678,-6.53706],[-37.93785,-6.53433],[-37.93854,-6.53023],[-37.93304,-6.52751],[-37.93167,-6.52341],[-37.9248,-6.52273],[-37.92549,-6.52068],[-37.9303,-6.52],[-37.9303,-6.51318],[-37.93991,-6.51318],[-37.94128,-6.5084],[-37.95296,-6.50499],[-37.96738,-6.50704],[-37.97768,-6.5009],[-37.9818,-6.5009],[-37.98935,-6.50636],[-37.98935,-6.49953],[-37.97356,-6.49203],[-37.97218,-6.48794],[-37.96532,-6.4893],[-37.96463,-6.48316],[-37.95708,-6.48248],[-37.96051,-6.47634],[-37.95914,-6.47088],[-37.94884,-6.47634],[-37.94884,-6.48248],[-37.94334,-6.48453],[-37.93991,-6.48384],[-37.94128,-6.47907],[-37.93854,-6.47566],[-37.93304,-6.47361],[-37.93373,-6.48111],[-37.92618,-6.4818],[-37.92549,-6.48521],[-37.91931,-6.48384],[-37.92,-6.49135],[-37.91176,-6.49339],[-37.91245,-6.49885],[-37.91039,-6.5009],[-37.89459,-6.49476],[-37.89253,-6.49135],[-37.89459,-6.48725],[-37.91725,-6.47975],[-37.91725,-6.47224],[-37.92137,-6.46952],[-37.91794,-6.46679],[-37.91931,-6.46269],[-37.93098,-6.45996],[-37.93579,-6.46542],[-37.93991,-6.45996],[-37.93304,-6.45723],[-37.93442,-6.45178],[-37.92686,-6.45041],[-37.92686,-6.44564],[-37.93442,-6.43813],[-37.9303,-6.43472],[-37.91451,-6.45246],[-37.91176,-6.45178],[-37.91313,-6.44564],[-37.91107,-6.44291],[-37.91382,-6.43949],[-37.91245,-6.43608],[-37.91588,-6.43335],[-37.90558,-6.42994],[-37.90695,-6.44018],[-37.90009,-6.44086],[-37.89528,-6.44495],[-37.89116,-6.44291],[-37.8891,-6.43335],[-37.88155,-6.43472],[-37.8788,-6.44154],[-37.8788,-6.44427],[-37.88292,-6.447],[-37.8788,-6.45109],[-37.88155,-6.45587],[-37.88086,-6.46201],[-37.87674,-6.46269],[-37.87262,-6.44222],[-37.87056,-6.44905],[-37.86713,-6.45041],[-37.86644,-6.45587],[-37.85408,-6.45451],[-37.84859,-6.45178],[-37.84378,-6.44564],[-37.83829,-6.44768],[-37.8376,-6.45314],[-37.82936,-6.44973],[-37.83005,-6.44222],[-37.82387,-6.43949],[-37.82387,-6.43677],[-37.8273,-6.43745],[-37.8273,-6.43472],[-37.82318,-6.42448],[-37.81769,-6.42448],[-37.81425,-6.43267],[-37.80533,-6.43608],[-37.79366,-6.43267],[-37.78473,-6.43335],[-37.78061,-6.42994],[-37.77512,-6.42926],[-37.77306,-6.42312],[-37.77924,-6.42312],[-37.78267,-6.42585],[-37.79091,-6.42312],[-37.79503,-6.41834],[-37.7916,-6.41357],[-37.7916,-6.40742],[-37.79572,-6.40538],[-37.79846,-6.39924],[-37.8019,-6.39992],[-37.80945,-6.40811],[-37.817,-6.41015],[-37.81975,-6.40674],[-37.81288,-6.40401],[-37.80876,-6.39855],[-37.80945,-6.39241],[-37.81357,-6.39105],[-37.81219,-6.38422],[-37.81494,-6.38218],[-37.81494,-6.37877],[-37.81082,-6.37808],[-37.81357,-6.37262],[-37.80945,-6.36853],[-37.81013,-6.36307],[-37.80121,-6.36512],[-37.79709,-6.37058],[-37.79503,-6.36512],[-37.79022,-6.36512],[-37.78336,-6.36034],[-37.78336,-6.35488],[-37.77786,-6.35556],[-37.77374,-6.34874],[-37.75589,-6.34123],[-37.7552,-6.33782],[-37.7607,-6.33577],[-37.75795,-6.33031],[-37.76138,-6.32417],[-37.7552,-6.32554],[-37.74696,-6.33304],[-37.74353,-6.33304],[-37.73529,-6.32281],[-37.73735,-6.31666],[-37.74078,-6.3153],[-37.73666,-6.30847],[-37.72636,-6.31257],[-37.71881,-6.31052],[-37.71263,-6.3037],[-37.7092,-6.30711],[-37.70302,-6.30643],[-37.70096,-6.29824],[-37.70576,-6.29619],[-37.70576,-6.29073],[-37.72018,-6.288],[-37.71881,-6.28459],[-37.71469,-6.28322],[-37.71744,-6.27708],[-37.70302,-6.2764],[-37.70233,-6.27913],[-37.6989,-6.27981],[-37.69135,-6.2764],[-37.69272,-6.27367],[-37.6989,-6.27298],[-37.69478,-6.26752],[-37.69478,-6.2607],[-37.69821,-6.25797],[-37.69753,-6.24773],[-37.70302,-6.24841],[-37.70645,-6.25524],[-37.7092,-6.25524],[-37.71194,-6.25046],[-37.71881,-6.24978],[-37.73804,-6.2566],[-37.73872,-6.25933],[-37.73323,-6.26479],[-37.73666,-6.27025],[-37.73941,-6.26548],[-37.7449,-6.26548],[-37.7504,-6.25455],[-37.7607,-6.24773],[-37.75726,-6.24636],[-37.75177,-6.25114],[-37.74628,-6.25182],[-37.74147,-6.24705],[-37.74628,-6.24159],[-37.7504,-6.2409],[-37.74628,-6.23544],[-37.74628,-6.22384],[-37.7401,-6.22043],[-37.74147,-6.21087],[-37.74422,-6.20746],[-37.74078,-6.19517],[-37.74147,-6.18867],[-37.709,-6.177],[-37.7001,-6.1851],[-37.6732,-6.1906],[-37.6467,-6.1894],[-37.6385,-6.1798],[-37.6042,-6.1753],[-37.59865,-6.1718],[-37.59865,-6.17878],[-37.60139,-6.17605],[-37.61101,-6.1781],[-37.61101,-6.18015],[-37.60483,-6.18288],[-37.60483,-6.18698],[-37.61101,-6.18766],[-37.61444,-6.18425],[-37.61993,-6.18629],[-37.62062,-6.1938],[-37.61581,-6.19858],[-37.61787,-6.20199],[-37.62131,-6.19995],[-37.62749,-6.20063],[-37.62817,-6.20882],[-37.62405,-6.21223],[-37.62131,-6.20677],[-37.61787,-6.20677],[-37.6165,-6.21292],[-37.61444,-6.2136],[-37.61032,-6.20814],[-37.6062,-6.2095],[-37.60345,-6.20609],[-37.59796,-6.20814],[-37.58766,-6.20677],[-37.58972,-6.21223],[-37.59796,-6.21223],[-37.5959,-6.21769],[-37.60139,-6.21974],[-37.60208,-6.22384],[-37.59659,-6.2252],[-37.58972,-6.22179],[-37.58492,-6.22247],[-37.57805,-6.2252],[-37.57736,-6.2293],[-37.57256,-6.23271],[-37.58148,-6.23135],[-37.58286,-6.23339],[-37.59659,-6.23544],[-37.59796,-6.23817],[-37.59521,-6.23886],[-37.59521,-6.24295],[-37.59109,-6.24568],[-37.59521,-6.24978],[-37.60071,-6.24841],[-37.60277,-6.25251],[-37.60757,-6.25251],[-37.61581,-6.24363],[-37.62131,-6.24363],[-37.61856,-6.24636],[-37.61787,-6.25387],[-37.6062,-6.25933],[-37.60551,-6.26479],[-37.59796,-6.26616],[-37.58972,-6.26343],[-37.5959,-6.27367],[-37.60277,-6.27981],[-37.60757,-6.28049],[-37.60757,-6.28322],[-37.59247,-6.28186],[-37.58904,-6.2764],[-37.58354,-6.27844],[-37.58217,-6.27162],[-37.57256,-6.26343],[-37.57393,-6.25728],[-37.56844,-6.25592],[-37.56088,-6.25933],[-37.56912,-6.26275],[-37.5705,-6.26957],[-37.56226,-6.26821],[-37.56088,-6.27025],[-37.565,-6.27503],[-37.55745,-6.27503],[-37.55676,-6.27776],[-37.55951,-6.28254],[-37.56912,-6.28527],[-37.57118,-6.28936],[-37.57805,-6.29209],[-37.56912,-6.29346],[-37.56844,-6.29619],[-37.56432,-6.29755],[-37.56432,-6.30233],[-37.56157,-6.30506],[-37.55676,-6.3037],[-37.55333,-6.29687],[-37.54852,-6.29824],[-37.54784,-6.29278],[-37.53754,-6.28322],[-37.53273,-6.2839],[-37.53273,-6.28868],[-37.52724,-6.28732],[-37.52518,-6.2839],[-37.51831,-6.28663],[-37.51556,-6.2839],[-37.51762,-6.28117],[-37.51625,-6.27776],[-37.50595,-6.28322],[-37.50389,-6.2723],[-37.50183,-6.27094],[-37.49908,-6.27708],[-37.50458,-6.2839],[-37.49565,-6.28868],[-37.49702,-6.29278],[-37.5032,-6.29073],[-37.50595,-6.29346],[-37.51831,-6.29482],[-37.51968,-6.30233],[-37.52243,-6.30165],[-37.5238,-6.29755],[-37.54097,-6.29755],[-37.54303,-6.30779],[-37.54921,-6.30779],[-37.54646,-6.31666],[-37.55676,-6.32144],[-37.56294,-6.32008],[-37.57118,-6.3112],[-37.5753,-6.3112],[-37.57256,-6.31666],[-37.58217,-6.31803],[-37.58011,-6.32281],[-37.57599,-6.32212],[-37.5753,-6.32417],[-37.58423,-6.32895],[-37.59109,-6.32827],[-37.59109,-6.33031],[-37.58766,-6.33441],[-37.58148,-6.331],[-37.57736,-6.331],[-37.5753,-6.33509],[-37.56981,-6.33441],[-37.57118,-6.33918],[-37.56912,-6.34328],[-37.57599,-6.34396],[-37.58492,-6.3501],[-37.59521,-6.35352],[-37.59659,-6.35761],[-37.59315,-6.35352],[-37.58835,-6.35488],[-37.59247,-6.35761],[-37.59247,-6.36034],[-37.58629,-6.36034],[-37.58217,-6.35625],[-37.57668,-6.35693],[-37.57805,-6.36307],[-37.58766,-6.37262],[-37.59384,-6.37262],[-37.59453,-6.37467],[-37.59041,-6.37672],[-37.58766,-6.37331],[-37.57462,-6.37126],[-37.57462,-6.36853],[-37.56844,-6.36239],[-37.55951,-6.36239],[-37.55264,-6.35352],[-37.54852,-6.35352],[-37.54509,-6.3501],[-37.54303,-6.34396],[-37.54028,-6.34464],[-37.5396,-6.34942],[-37.53136,-6.34601],[-37.52449,-6.35079],[-37.51831,-6.34669],[-37.51762,-6.34123],[-37.51282,-6.33987],[-37.51213,-6.33577],[-37.51007,-6.33577],[-37.51007,-6.34806],[-37.5032,-6.3501],[-37.49222,-6.34533],[-37.4881,-6.33987],[-37.48055,-6.34055],[-37.47711,-6.34328],[-37.47711,-6.34669],[-37.48398,-6.35215],[-37.4675,-6.35829],[-37.46544,-6.36443],[-37.47368,-6.36716],[-37.46819,-6.37262],[-37.47437,-6.37399],[-37.4778,-6.37399],[-37.47849,-6.36989],[-37.48123,-6.36853],[-37.49153,-6.36989],[-37.49016,-6.37877],[-37.48466,-6.38286],[-37.48604,-6.38491],[-37.49359,-6.38149],[-37.49634,-6.37262],[-37.50183,-6.37399],[-37.50046,-6.37877],[-37.5032,-6.38218],[-37.49771,-6.38764],[-37.50114,-6.39378],[-37.50183,-6.40128],[-37.50664,-6.39992],[-37.5135,-6.38695],[-37.51762,-6.38832],[-37.51556,-6.39173],[-37.52106,-6.39787],[-37.52792,-6.39924],[-37.53136,-6.39719],[-37.53067,-6.40128],[-37.52724,-6.40128],[-37.52449,-6.40674],[-37.51831,-6.40879],[-37.52586,-6.41084],[-37.54509,-6.41015],[-37.54578,-6.41902],[-37.5341,-6.41561],[-37.53273,-6.42517],[-37.54166,-6.42926],[-37.54372,-6.43745],[-37.5499,-6.43677],[-37.55264,-6.43881],[-37.55264,-6.44427],[-37.55676,-6.44632],[-37.55814,-6.45178],[-37.56775,-6.44905],[-37.56912,-6.45723],[-37.57256,-6.4586],[-37.5753,-6.4586],[-37.57805,-6.45246],[-37.58354,-6.44905],[-37.58286,-6.44359],[-37.58698,-6.43949],[-37.59659,-6.44154],[-37.59041,-6.44564],[-37.59041,-6.44905],[-37.58766,-6.45109],[-37.5959,-6.45928],[-37.60071,-6.45792],[-37.60414,-6.45246],[-37.60895,-6.45314],[-37.61032,-6.44973],[-37.61787,-6.44836],[-37.61856,-6.44427],[-37.62337,-6.44836],[-37.62749,-6.44836],[-37.63092,-6.44359],[-37.64122,-6.44427],[-37.64534,-6.43404],[-37.64946,-6.43199],[-37.64877,-6.42107],[-37.65083,-6.42039],[-37.65427,-6.4238],[-37.65427,-6.43062],[-37.65152,-6.43199],[-37.65015,-6.43745],[-37.65427,-6.43813],[-37.65564,-6.44086],[-37.64877,-6.44495],[-37.64946,-6.45041],[-37.64328,-6.45246],[-37.64122,-6.45587],[-37.6371,-6.45519],[-37.63641,-6.45178],[-37.63435,-6.45519],[-37.62405,-6.45314],[-37.61925,-6.45587],[-37.61993,-6.45928],[-37.61375,-6.46406],[-37.61375,-6.4661],[-37.61925,-6.46542],[-37.62474,-6.46952],[-37.63229,-6.46201],[-37.62955,-6.47361],[-37.63298,-6.47702],[-37.62817,-6.48248],[-37.62405,-6.4818],[-37.62474,-6.4893],[-37.63298,-6.49271],[-37.62817,-6.49408],[-37.62886,-6.49953],[-37.6371,-6.50226],[-37.63229,-6.51795],[-37.62817,-6.51454],[-37.6268,-6.5084],[-37.61993,-6.51045],[-37.61444,-6.49612],[-37.61238,-6.49612],[-37.61238,-6.50499],[-37.61581,-6.50772],[-37.61444,-6.51045],[-37.60414,-6.50499],[-37.60277,-6.49885],[-37.60071,-6.50431],[-37.58904,-6.50295],[-37.58492,-6.50022],[-37.58629,-6.51045],[-37.58423,-6.51045],[-37.57805,-6.5009],[-37.57256,-6.50431],[-37.57324,-6.51864],[-37.57874,-6.52478],[-37.58492,-6.52614],[-37.58835,-6.5316],[-37.5959,-6.53365],[-37.60345,-6.54047],[-37.61032,-6.53978],[-37.62131,-6.55138],[-37.62817,-6.55343],[-37.62817,-6.55002],[-37.63023,-6.54934],[-37.63367,-6.55275],[-37.63916,-6.55206],[-37.64053,-6.55479],[-37.65083,-6.55547],[-37.65358,-6.56161],[-37.65907,-6.56025],[-37.65839,-6.55343],[-37.65152,-6.55411],[-37.65358,-6.54729],[-37.65152,-6.52682],[-37.65427,-6.52478],[-37.66045,-6.52887],[-37.66251,-6.52068],[-37.66731,-6.51864],[-37.66594,-6.50772],[-37.67143,-6.48862],[-37.67418,-6.49135],[-37.67212,-6.49885],[-37.67418,-6.50295],[-37.67624,-6.5009],[-37.68173,-6.50226],[-37.69409,-6.49544],[-37.69684,-6.49681],[-37.69684,-6.49953],[-37.69341,-6.50158],[-37.69272,-6.5084],[-37.68929,-6.51113],[-37.69478,-6.51181],[-37.69615,-6.50704],[-37.70233,-6.5084],[-37.7092,-6.50295],[-37.70508,-6.51727],[-37.69478,-6.52205],[-37.69547,-6.52751],[-37.68997,-6.53296],[-37.72018,-6.53842],[-37.73117,-6.54115],[-37.73186,-6.5432],[-37.71194,-6.54251],[-37.70714,-6.54456],[-37.70714,-6.54797],[-37.70096,-6.54183],[-37.67212,-6.54592],[-37.67281,-6.55275],[-37.6783,-6.55138],[-37.68379,-6.55479],[-37.6783,-6.56025],[-37.6783,-6.56298],[-37.68242,-6.56502],[-37.68242,-6.56912],[-37.67487,-6.57253],[-37.67418,-6.57662],[-37.66869,-6.57526],[-37.66663,-6.57185],[-37.65152,-6.57526],[-37.65015,-6.57185],[-37.64603,-6.57116],[-37.65152,-6.58344],[-37.65907,-6.59095],[-37.66525,-6.59299],[-37.66388,-6.59572],[-37.65564,-6.59163],[-37.64877,-6.59231],[-37.64671,-6.60049],[-37.65289,-6.60118],[-37.65495,-6.60595],[-37.66182,-6.61004],[-37.66182,-6.6155],[-37.66594,-6.61755],[-37.66594,-6.62164],[-37.65701,-6.62437],[-37.65564,-6.62982],[-37.64328,-6.62573],[-37.64259,-6.6271],[-37.65427,-6.63051],[-37.66319,-6.63801],[-37.66731,-6.63869],[-37.66594,-6.64142],[-37.65358,-6.64074],[-37.65564,-6.64346],[-37.66319,-6.64415],[-37.66525,-6.64892],[-37.67006,-6.64756],[-37.67761,-6.65233],[-37.68173,-6.64551],[-37.68517,-6.64551],[-37.68723,-6.65097],[-37.69272,-6.6537],[-37.69753,-6.65165],[-37.69272,-6.64074],[-37.69821,-6.63664],[-37.69821,-6.62982],[-37.70164,-6.62914],[-37.70096,-6.63801],[-37.70439,-6.64142],[-37.70714,-6.64074],[-37.70851,-6.63528],[-37.71675,-6.63733],[-37.71606,-6.62778],[-37.7195,-6.62914],[-37.72018,-6.63255],[-37.7243,-6.63051],[-37.72774,-6.63187],[-37.7243,-6.63528],[-37.72568,-6.63937],[-37.7298,-6.63869],[-37.73117,-6.63323],[-37.7346,-6.63255],[-37.73666,-6.63596],[-37.73392,-6.63801],[-37.73254,-6.64551],[-37.72842,-6.64824],[-37.72362,-6.65983],[-37.71881,-6.66393],[-37.73186,-6.67075],[-37.74078,-6.66734],[-37.74078,-6.67143],[-37.73735,-6.67279],[-37.73941,-6.67757],[-37.7552,-6.68098],[-37.7607,-6.67416],[-37.76276,-6.67825],[-37.76825,-6.68098],[-37.76825,-6.68439],[-37.76207,-6.68507],[-37.75314,-6.69666],[-37.75314,-6.69871],[-37.75864,-6.69939],[-37.7552,-6.70416],[-37.75658,-6.70757],[-37.76138,-6.70689],[-37.76138,-6.70348],[-37.76482,-6.7028],[-37.76962,-6.70689],[-37.77786,-6.70553],[-37.77992,-6.71098],[-37.78542,-6.70962],[-37.78816,-6.71166],[-37.78954,-6.70757],[-37.78336,-6.7028],[-37.7861,-6.69734],[-37.78954,-6.69666],[-37.78679,-6.6878],[-37.79846,-6.69189],[-37.80327,-6.68575],[-37.80602,-6.69257],[-37.81219,-6.68984],[-37.81288,-6.69121],[-37.80602,-6.70143],[-37.79709,-6.70484],[-37.80121,-6.71235],[-37.79434,-6.71644],[-37.80739,-6.71439],[-37.8067,-6.7178],[-37.81219,-6.71985],[-37.81219,-6.72735],[-37.81906,-6.72803],[-37.82043,-6.73076],[-37.83966,-6.73008],[-37.84035,-6.73349],[-37.84515,-6.73417],[-37.85133,-6.7403],[-37.85683,-6.73758],[-37.86163,-6.72803],[-37.86438,-6.72803],[-37.8582,-6.74303],[-37.86507,-6.74371],[-37.87537,-6.75121],[-37.88086,-6.74917],[-37.88498,-6.75803],[-37.88017,-6.76076],[-37.88086,-6.76281],[-37.89185,-6.76485],[-37.89253,-6.76144],[-37.90283,-6.76008],[-37.9097,-6.75531],[-37.91245,-6.75872],[-37.92274,-6.76281],[-37.91862,-6.77508],[-37.93167,-6.77031],[-37.93648,-6.77576],[-37.94884,-6.77781],[-37.95296,-6.78872],[-37.95708,-6.79281],[-37.97218,-6.79894],[-37.9818,-6.81531],[-37.98729,-6.81667],[-37.99141,-6.82076],[-37.99828,-6.81667],[-37.99622,-6.82281],[-38.00789,-6.82349],[-38.01407,-6.8269],[-38.02025,-6.82553],[-38.02231,-6.82213],[-38.02917,-6.82281],[-38.04085,-6.81531],[-38.04359,-6.82144],[-38.04909,-6.82144],[-38.05389,-6.82553],[-38.0587,-6.82553],[-38.06145,-6.82008],[-38.06076,-6.82826],[-38.05046,-6.82758],[-38.04909,-6.82485],[-38.04153,-6.82553],[-38.04016,-6.82281],[-38.03329,-6.82213],[-38.03192,-6.82622],[-38.01201,-6.83031],[-38.00995,-6.83372],[-38.00652,-6.82962],[-37.99004,-6.82962],[-37.98729,-6.8344],[-37.98042,-6.8269],[-37.96738,-6.8269],[-37.96188,-6.81735],[-37.95639,-6.81599],[-37.95502,-6.8194],[-37.93991,-6.81803],[-37.94128,-6.82622],[-37.94746,-6.82826],[-37.94609,-6.83167],[-37.94197,-6.83235],[-37.93991,-6.8269],[-37.93236,-6.82417],[-37.93442,-6.83712],[-37.93098,-6.82962],[-37.92549,-6.82894],[-37.92274,-6.83372],[-37.91588,-6.83235],[-37.91519,-6.82826],[-37.92,-6.82894],[-37.93236,-6.82144],[-37.9303,-6.81394],[-37.92,-6.8044],[-37.91588,-6.80849],[-37.91313,-6.80644],[-37.91382,-6.80167],[-37.9097,-6.79758],[-37.90146,-6.79554],[-37.90009,-6.80644],[-37.89459,-6.80917],[-37.89253,-6.80713],[-37.89391,-6.79894],[-37.88635,-6.79963],[-37.8891,-6.79622],[-37.88773,-6.79349],[-37.88223,-6.79758],[-37.87949,-6.79144],[-37.87811,-6.79554],[-37.87331,-6.79758],[-37.87193,-6.79281],[-37.87468,-6.79213],[-37.87468,-6.78803],[-37.86987,-6.78667],[-37.86987,-6.7894],[-37.86644,-6.79008],[-37.86644,-6.78258],[-37.86026,-6.77985],[-37.85202,-6.78122],[-37.85065,-6.7894],[-37.84447,-6.7894],[-37.84035,-6.77849],[-37.84447,-6.77576],[-37.84584,-6.77099],[-37.8376,-6.76963],[-37.83966,-6.7669],[-37.8376,-6.76212],[-37.83142,-6.76349],[-37.83142,-6.75735],[-37.82867,-6.75394],[-37.81425,-6.74712],[-37.817,-6.75326],[-37.81425,-6.75599],[-37.81425,-6.76894],[-37.81906,-6.76963],[-37.82112,-6.77508],[-37.83211,-6.78122],[-37.83279,-6.78394],[-37.82593,-6.78667],[-37.82455,-6.7894],[-37.8273,-6.79281],[-37.83279,-6.79144],[-37.83829,-6.7969],[-37.83485,-6.80713],[-37.84378,-6.80713],[-37.84172,-6.81394],[-37.84447,-6.81735],[-37.83554,-6.81326],[-37.83279,-6.81463],[-37.85065,-6.83099],[-37.85614,-6.84053],[-37.86095,-6.84394],[-37.85957,-6.8494],[-37.85614,-6.85008],[-37.85271,-6.84803],[-37.85339,-6.84258],[-37.84996,-6.84121],[-37.84515,-6.8528],[-37.8376,-6.85212],[-37.83829,-6.86235],[-37.85271,-6.86712],[-37.84927,-6.87189],[-37.85339,-6.87326],[-37.85408,-6.87939],[-37.8582,-6.87939],[-37.85545,-6.88689],[-37.85751,-6.88894],[-37.85614,-6.89643],[-37.85889,-6.89984],[-37.87949,-6.90052],[-37.87949,-6.90325],[-37.87674,-6.90325],[-37.87949,-6.91348],[-37.87743,-6.92029],[-37.87605,-6.91007],[-37.87056,-6.90257],[-37.85545,-6.90393],[-37.85339,-6.90189],[-37.85065,-6.89643],[-37.85271,-6.88894],[-37.84721,-6.87735],[-37.84378,-6.87598],[-37.83966,-6.88007],[-37.83897,-6.87257],[-37.83417,-6.87121],[-37.83554,-6.8678],[-37.83073,-6.86644],[-37.82936,-6.86371],[-37.83005,-6.85621],[-37.82043,-6.85826],[-37.82181,-6.85417],[-37.81975,-6.84599],[-37.82661,-6.84531],[-37.8273,-6.84258],[-37.83211,-6.8419],[-37.83554,-6.83781],[-37.83005,-6.83235],[-37.83142,-6.8269],[-37.82799,-6.82349],[-37.82661,-6.81735],[-37.82318,-6.81667],[-37.82249,-6.82281],[-37.81837,-6.82349],[-37.82249,-6.83031],[-37.81563,-6.83031],[-37.817,-6.8269],[-37.81425,-6.82553],[-37.81357,-6.82076],[-37.80945,-6.82485],[-37.80464,-6.82144],[-37.79366,-6.83303],[-37.79572,-6.82281],[-37.80121,-6.82144],[-37.80258,-6.81735],[-37.79572,-6.81735],[-37.79228,-6.81599],[-37.79297,-6.81394],[-37.80396,-6.80985],[-37.81288,-6.81258],[-37.81288,-6.80644],[-37.82181,-6.80781],[-37.82112,-6.80508],[-37.81288,-6.79963],[-37.79503,-6.79349],[-37.79434,-6.79144],[-37.79915,-6.78803],[-37.79709,-6.78463],[-37.79366,-6.78258],[-37.78885,-6.78394],[-37.79091,-6.77644],[-37.7964,-6.77644],[-37.79778,-6.77303],[-37.79434,-6.76826],[-37.78679,-6.76826],[-37.78336,-6.76417],[-37.78748,-6.76281],[-37.78954,-6.75735],[-37.79366,-6.75599],[-37.80121,-6.7594],[-37.80533,-6.75531],[-37.80464,-6.75258],[-37.80121,-6.7519],[-37.79984,-6.73962],[-37.78885,-6.73962],[-37.78679,-6.73076],[-37.77924,-6.73553],[-37.77855,-6.72871],[-37.771,-6.72667],[-37.76962,-6.73144],[-37.77443,-6.73349],[-37.7758,-6.73894],[-37.77168,-6.73894],[-37.77443,-6.74644],[-37.76825,-6.75121],[-37.76894,-6.75872],[-37.76344,-6.75735],[-37.75795,-6.76144],[-37.75864,-6.76485],[-37.76207,-6.76622],[-37.76138,-6.76826],[-37.75177,-6.7669],[-37.74971,-6.76417],[-37.75383,-6.76212],[-37.75177,-6.7519],[-37.7552,-6.74917],[-37.7552,-6.7403],[-37.75177,-6.73758],[-37.7449,-6.73758],[-37.74147,-6.7403],[-37.74078,-6.73349],[-37.7449,-6.72939],[-37.7401,-6.72871],[-37.7401,-6.72667],[-37.7449,-6.72394],[-37.7401,-6.72462],[-37.7346,-6.72053],[-37.7298,-6.72462],[-37.7298,-6.71712],[-37.72499,-6.71439],[-37.72774,-6.70962],[-37.72636,-6.70212],[-37.71812,-6.70143],[-37.71812,-6.6953],[-37.71469,-6.69257],[-37.70988,-6.69461],[-37.71126,-6.70075],[-37.70439,-6.70212],[-37.70508,-6.70689],[-37.70782,-6.70894],[-37.70576,-6.71371],[-37.70164,-6.71098],[-37.70096,-6.71644],[-37.69684,-6.71439],[-37.69066,-6.71644],[-37.6886,-6.70894],[-37.69684,-6.70757],[-37.69821,-6.69461],[-37.68997,-6.69121],[-37.68929,-6.6878],[-37.68585,-6.68575],[-37.68654,-6.67961],[-37.68311,-6.67893],[-37.67899,-6.67143],[-37.67281,-6.66938],[-37.67967,-6.67893],[-37.67624,-6.68302],[-37.66663,-6.67347],[-37.66182,-6.67484],[-37.66594,-6.68575],[-37.67143,-6.69257],[-37.66731,-6.6953],[-37.66113,-6.68984],[-37.65358,-6.68916],[-37.65289,-6.69325],[-37.65976,-6.69871],[-37.65907,-6.70416],[-37.66457,-6.70825],[-37.66525,-6.71439],[-37.668,-6.71712],[-37.67418,-6.71507],[-37.67212,-6.72326],[-37.67693,-6.72598],[-37.67487,-6.73076],[-37.67281,-6.73144],[-37.66731,-6.72394],[-37.66388,-6.72394],[-37.66388,-6.72735],[-37.68105,-6.74712],[-37.67487,-6.75326],[-37.67143,-6.74712],[-37.66388,-6.74644],[-37.65633,-6.7403],[-37.65564,-6.7444],[-37.65976,-6.75121],[-37.65839,-6.75599],[-37.64259,-6.74985],[-37.63092,-6.7594],[-37.63092,-6.76417],[-37.63435,-6.76622],[-37.63367,-6.77235],[-37.63092,-6.77235],[-37.63092,-6.76553],[-37.62611,-6.76349],[-37.6268,-6.75803],[-37.63023,-6.75531],[-37.62955,-6.74781],[-37.63504,-6.74985],[-37.63847,-6.7444],[-37.64259,-6.74371],[-37.64328,-6.73826],[-37.63985,-6.73553],[-37.63847,-6.73008],[-37.65564,-6.71576],[-37.65358,-6.70689],[-37.64946,-6.70689],[-37.64603,-6.71371],[-37.63573,-6.71644],[-37.63641,-6.71098],[-37.63985,-6.70825],[-37.63367,-6.70075],[-37.62749,-6.70075],[-37.62199,-6.70621],[-37.61856,-6.70416],[-37.62268,-6.70212],[-37.62405,-6.69666],[-37.61925,-6.68984],[-37.63435,-6.68848],[-37.63023,-6.68439],[-37.63435,-6.68098],[-37.63161,-6.67688],[-37.63641,-6.67484],[-37.6371,-6.66734],[-37.64191,-6.66461],[-37.63916,-6.66052],[-37.63916,-6.65506],[-37.63435,-6.65642],[-37.62886,-6.66802],[-37.62611,-6.66052],[-37.62062,-6.66324],[-37.62199,-6.65642],[-37.61719,-6.65779],[-37.61444,-6.65574],[-37.6165,-6.6496],[-37.60963,-6.65097],[-37.60551,-6.64892],[-37.60345,-6.65233],[-37.59796,-6.65233],[-37.59041,-6.64619],[-37.58698,-6.64005],[-37.59041,-6.63255],[-37.58835,-6.62914],[-37.5856,-6.62914],[-37.5753,-6.6346],[-37.5753,-6.64278],[-37.57256,-6.64483],[-37.57668,-6.64892],[-37.57256,-6.65029],[-37.5753,-6.65506],[-37.57256,-6.66324],[-37.56706,-6.65983],[-37.56638,-6.66529],[-37.55676,-6.67211],[-37.55333,-6.66597],[-37.55814,-6.66324],[-37.55745,-6.65847],[-37.56226,-6.65779],[-37.56432,-6.65097],[-37.56088,-6.6496],[-37.55951,-6.64551],[-37.55127,-6.64824],[-37.55814,-6.6346],[-37.55608,-6.62778],[-37.56638,-6.62982],[-37.56981,-6.62573],[-37.56638,-6.62028],[-37.57187,-6.61618],[-37.57256,-6.61277],[-37.55539,-6.61277],[-37.55676,-6.60936],[-37.56226,-6.608],[-37.56157,-6.60322],[-37.56706,-6.60322],[-37.56706,-6.59981],[-37.56226,-6.59504],[-37.55745,-6.59572],[-37.55539,-6.59299],[-37.5499,-6.59436],[-37.54646,-6.60049],[-37.54097,-6.59981],[-37.53548,-6.59436],[-37.53548,-6.59163],[-37.54166,-6.58822],[-37.54166,-6.58481],[-37.53754,-6.5814],[-37.53136,-6.58208],[-37.52861,-6.57935],[-37.52655,-6.58071],[-37.52655,-6.58617],[-37.5293,-6.58753],[-37.52861,-6.59231],[-37.53067,-6.59367],[-37.52861,-6.60732],[-37.53136,-6.61141],[-37.52724,-6.61482],[-37.52792,-6.62369],[-37.52518,-6.62505],[-37.52243,-6.63187],[-37.51968,-6.63255],[-37.51831,-6.63733],[-37.52243,-6.64483],[-37.51762,-6.64688],[-37.51694,-6.65642],[-37.50801,-6.6537],[-37.50801,-6.64824],[-37.51144,-6.64619],[-37.51144,-6.64278],[-37.50664,-6.6421],[-37.50526,-6.63937],[-37.49702,-6.6421],[-37.49222,-6.63596],[-37.49359,-6.63323],[-37.49908,-6.6346],[-37.49977,-6.63119],[-37.50526,-6.63119],[-37.50938,-6.62437],[-37.50664,-6.62232],[-37.51076,-6.61686],[-37.5087,-6.60663],[-37.50114,-6.60732],[-37.50801,-6.60186],[-37.50732,-6.59299],[-37.5032,-6.59231],[-37.50114,-6.59777],[-37.49771,-6.59504],[-37.4929,-6.59504],[-37.49565,-6.58753],[-37.49084,-6.58276],[-37.49084,-6.57457],[-37.48535,-6.57321],[-37.4826,-6.5698],[-37.4826,-6.56366],[-37.48604,-6.56093],[-37.49153,-6.56161],[-37.49359,-6.55684],[-37.49016,-6.55343],[-37.48741,-6.54388],[-37.48192,-6.54047],[-37.47917,-6.53365],[-37.47368,-6.53759],[-37.48466,-6.54934],[-37.48535,-6.55343],[-37.4748,-6.5645],[-37.47778,-6.57526],[-37.48329,-6.5814],[-37.48055,-6.5964],[-37.48604,-6.60322],[-37.4826,-6.61277],[-37.47508,-6.61414],[-37.4774,-6.6374],[-37.4764,-6.6448],[-37.47093,-6.6537],[-37.47711,-6.65711],[-37.47917,-6.66188],[-37.48741,-6.65847],[-37.4881,-6.66461],[-37.48535,-6.6687],[-37.47917,-6.66529],[-37.47505,-6.66665],[-37.47643,-6.67688],[-37.48123,-6.68166],[-37.48672,-6.68029],[-37.4881,-6.6837],[-37.48466,-6.68507],[-37.49153,-6.69461],[-37.49977,-6.7028],[-37.50801,-6.70621],[-37.50114,-6.69666],[-37.50183,-6.69257],[-37.49771,-6.6878],[-37.49702,-6.68302],[-37.50526,-6.69257],[-37.5135,-6.69734],[-37.51144,-6.68984],[-37.5135,-6.67279],[-37.51968,-6.66597],[-37.52518,-6.66461],[-37.52792,-6.67688],[-37.53891,-6.6953],[-37.55539,-6.70689],[-37.55814,-6.71303],[-37.56363,-6.71712],[-37.56363,-6.72189],[-37.56088,-6.72598],[-37.55814,-6.72598],[-37.55058,-6.71712],[-37.54578,-6.71576],[-37.54715,-6.72939],[-37.55196,-6.73894],[-37.55127,-6.7444],[-37.54852,-6.7444],[-37.5396,-6.73417],[-37.53891,-6.7253],[-37.52792,-6.71235],[-37.52106,-6.71916],[-37.52106,-6.7253],[-37.51556,-6.73212],[-37.51213,-6.7253],[-37.49222,-6.71916],[-37.48741,-6.71166],[-37.48535,-6.71371],[-37.48535,-6.72257],[-37.4826,-6.72394],[-37.47093,-6.70772],[-37.44415,-6.70329],[-37.44415,-6.70621],[-37.44141,-6.70689],[-37.43797,-6.70227],[-37.42767,-6.70057],[-37.43317,-6.70348],[-37.43248,-6.70894],[-37.43729,-6.71303],[-37.43385,-6.71303],[-37.43042,-6.70825],[-37.42493,-6.70621],[-37.42149,-6.70621],[-37.42012,-6.71098],[-37.41325,-6.71166],[-37.43042,-6.73008],[-37.42836,-6.73826],[-37.43317,-6.73962],[-37.43385,-6.74371],[-37.42767,-6.7444],[-37.42081,-6.73962],[-37.41943,-6.74099],[-37.42767,-6.74644],[-37.42905,-6.75121],[-37.4366,-6.75258],[-37.44278,-6.76212],[-37.42424,-6.75531],[-37.41737,-6.74849],[-37.41325,-6.74985],[-37.41325,-6.75258],[-37.42081,-6.76349],[-37.41943,-6.76758],[-37.42767,-6.76894],[-37.42493,-6.77508],[-37.42836,-6.77713],[-37.42836,-6.78735],[-37.43111,-6.79281],[-37.43454,-6.79417],[-37.4366,-6.80167],[-37.43248,-6.80099],[-37.42699,-6.79417],[-37.42699,-6.79076],[-37.42218,-6.78531],[-37.42355,-6.77781],[-37.41943,-6.77372],[-37.41188,-6.77644],[-37.40913,-6.76963],[-37.40639,-6.77099],[-37.40639,-6.78735],[-37.39883,-6.78326],[-37.39746,-6.77713],[-37.39197,-6.77917],[-37.39128,-6.78735],[-37.39403,-6.79008],[-37.39197,-6.79349],[-37.39746,-6.79894],[-37.39197,-6.80167],[-37.39265,-6.80917],[-37.38922,-6.81394],[-37.38922,-6.82349],[-37.39197,-6.82826],[-37.38441,-6.82962],[-37.38373,-6.83303],[-37.38029,-6.83167],[-37.38304,-6.82485],[-37.38235,-6.81599],[-37.38029,-6.81531],[-37.38098,-6.81053],[-37.37686,-6.8044],[-37.36794,-6.80576],[-37.36588,-6.81258],[-37.36313,-6.81394],[-37.36313,-6.82144],[-37.35695,-6.82213],[-37.35352,-6.83099],[-37.3494,-6.83031],[-37.34665,-6.83712],[-37.34253,-6.82962],[-37.35008,-6.82485],[-37.35558,-6.81531],[-37.35558,-6.80985],[-37.35214,-6.80781],[-37.35764,-6.80372],[-37.35695,-6.80031],[-37.37343,-6.79213],[-37.37549,-6.78258],[-37.37137,-6.78258],[-37.36862,-6.78531],[-37.36725,-6.78394],[-37.36931,-6.77985],[-37.37549,-6.77849],[-37.37549,-6.76349],[-37.38441,-6.76417],[-37.38029,-6.75462],[-37.38235,-6.75462],[-37.38235,-6.75053],[-37.38922,-6.74917],[-37.38373,-6.74371],[-37.38441,-6.73689],[-37.38991,-6.73485],[-37.39197,-6.7253],[-37.39746,-6.72598],[-37.39883,-6.72053],[-37.38922,-6.72394],[-37.38579,-6.72189],[-37.38853,-6.71712],[-37.38716,-6.71507],[-37.37755,-6.71916],[-37.37686,-6.72257],[-37.37274,-6.72394],[-37.37137,-6.72803],[-37.37343,-6.73076],[-37.36931,-6.73076],[-37.36588,-6.73689],[-37.36176,-6.73689],[-37.36382,-6.73008],[-37.36244,-6.72735],[-37.35352,-6.73076],[-37.34253,-6.74099],[-37.33978,-6.74099],[-37.3391,-6.73826],[-37.33154,-6.73894],[-37.33086,-6.73553],[-37.33841,-6.7328],[-37.34528,-6.73349],[-37.34596,-6.73008],[-37.35146,-6.72735],[-37.35146,-6.72257],[-37.35626,-6.72326],[-37.35901,-6.72053],[-37.35832,-6.71712],[-37.36931,-6.71644],[-37.37274,-6.71166],[-37.36862,-6.71098],[-37.36656,-6.70689],[-37.37411,-6.70689],[-37.37411,-6.70073],[-37.3427,-6.7012],[-37.3143,-6.689],[-37.2837,-6.6939],[-37.2902,-6.713],[-37.2799,-6.7242],[-37.2639,-6.7322],[-37.268,-6.744],[-37.2694,-6.762],[-37.2739,-6.7668],[-37.2579,-6.7795],[-37.26013,-6.79144],[-37.25571,-6.79826],[-37.26082,-6.80167],[-37.26082,-6.81258],[-37.25945,-6.81463],[-37.25052,-6.81412],[-37.25189,-6.82281],[-37.24297,-6.82553],[-37.23732,-6.82281],[-37.2346,-6.8246],[-37.1927,-6.8261],[-37.1829,-6.8183],[-37.1728,-6.8153],[-37.1663,-6.8071],[-37.1522,-6.7984],[-37.1437,-6.7833],[-37.1381,-6.7814],[-37.1277,-6.7656],[-37.1201,-6.7673],[-37.0629,-6.751],[-37.0413,-6.7401],[-37.00539,-6.71105],[-37.00127,-6.71303],[-36.9935,-6.7075],[-36.99028,-6.70948],[-36.99097,-6.71576],[-36.98616,-6.71205],[-36.9776,-6.7219],[-36.9718,-6.7406],[-36.9733,-6.7582],[-36.9692,-6.7705],[-36.9581,-6.7757],[-36.9591,-6.7833],[-36.9571,-6.7905],[-36.9373,-6.7726],[-36.91333,-6.75872],[-36.90857,-6.7594],[-36.90445,-6.75471],[-36.83853,-6.73219],[-36.83098,-6.73471],[-36.81656,-6.74781],[-36.81999,-6.74849],[-36.82068,-6.76076],[-36.82823,-6.7594],[-36.82686,-6.76485],[-36.82961,-6.7669],[-36.82823,-6.77235],[-36.83098,-6.7744],[-36.83441,-6.78463],[-36.83304,-6.79008],[-36.84059,-6.78872],[-36.8454,-6.79485],[-36.84814,-6.7894],[-36.85432,-6.78599],[-36.8557,-6.79485],[-36.85364,-6.79758],[-36.85707,-6.80235],[-36.8605,-6.80304],[-36.86256,-6.79622],[-36.86737,-6.80099],[-36.86737,-6.80372],[-36.86188,-6.80713],[-36.86325,-6.81599],[-36.86943,-6.81394],[-36.87149,-6.80781],[-36.87424,-6.80713],[-36.87286,-6.82076],[-36.87836,-6.81394],[-36.88316,-6.81463],[-36.8866,-6.81122],[-36.89209,-6.80576],[-36.89278,-6.80099],[-36.89896,-6.80099],[-36.89621,-6.79144],[-36.90376,-6.78803],[-36.9072,-6.79622],[-36.90308,-6.79894],[-36.90445,-6.80372],[-36.89896,-6.80508],[-36.90239,-6.8119],[-36.89209,-6.81122],[-36.88866,-6.81531],[-36.89003,-6.82008],[-36.88591,-6.82349],[-36.8866,-6.82553],[-36.8811,-6.82758],[-36.8811,-6.83031],[-36.88522,-6.83099],[-36.88866,-6.83576],[-36.89346,-6.82417],[-36.8969,-6.82349],[-36.89896,-6.82894],[-36.90651,-6.83372],[-36.91132,-6.8419],[-36.92505,-6.84803],[-36.92986,-6.84121],[-36.93123,-6.83031],[-36.93535,-6.82894],[-36.93329,-6.82281],[-36.93672,-6.82213],[-36.93604,-6.83372],[-36.9381,-6.83644],[-36.9326,-6.83917],[-36.93398,-6.84394],[-36.93123,-6.84531],[-36.93123,-6.85417],[-36.92711,-6.85417],[-36.92574,-6.85758],[-36.9223,-6.85826],[-36.92505,-6.86371],[-36.92368,-6.87257],[-36.9175,-6.87257],[-36.91544,-6.8753],[-36.91475,-6.88212],[-36.90926,-6.88689],[-36.91269,-6.89166],[-36.91956,-6.88757],[-36.92711,-6.89439],[-36.92711,-6.8753],[-36.93604,-6.87462],[-36.94153,-6.87939],[-36.94633,-6.87189],[-36.94633,-6.85826],[-36.95045,-6.85349],[-36.95457,-6.85349],[-36.95595,-6.84871],[-36.95938,-6.84871],[-36.96075,-6.85212],[-36.95595,-6.85349],[-36.95389,-6.86099],[-36.95938,-6.86167],[-36.96144,-6.86576],[-36.96007,-6.86985],[-36.96556,-6.87666],[-36.97037,-6.87598],[-36.96625,-6.85826],[-36.97174,-6.85212],[-36.97723,-6.85212],[-36.98273,-6.85621],[-36.99028,-6.87462],[-36.99303,-6.8753],[-36.99165,-6.8678],[-36.99371,-6.86508],[-37.00333,-6.86917],[-36.99715,-6.8603],[-36.99646,-6.85349],[-37.00607,-6.85008],[-37.01981,-6.85144],[-37.00882,-6.84326],[-37.00951,-6.83917],[-37.00264,-6.83849],[-37.00607,-6.83372],[-37.00127,-6.83167],[-37.00401,-6.82622],[-36.99989,-6.82485],[-37.00195,-6.82008],[-37.00951,-6.82144],[-37.01706,-6.82622],[-37.01706,-6.82144],[-37.01157,-6.81667],[-37.01157,-6.81122],[-37.01637,-6.81463],[-37.02393,-6.81122],[-37.03766,-6.82144],[-37.04315,-6.82894],[-37.0507,-6.83031],[-37.05894,-6.83644],[-37.0665,-6.83576],[-37.07405,-6.84394],[-37.08366,-6.85758],[-37.08229,-6.86644],[-37.06718,-6.86439],[-37.06444,-6.86099],[-37.0562,-6.86099],[-37.04865,-6.85349],[-37.04453,-6.85349],[-37.0459,-6.8603],[-37.04178,-6.86508],[-37.03285,-6.86371],[-37.03011,-6.86576],[-37.03354,-6.87803],[-37.04659,-6.89234],[-37.04247,-6.89643],[-37.0459,-6.91416],[-37.04178,-6.91757],[-37.03217,-6.91757],[-37.02599,-6.91416],[-37.0253,-6.91757],[-37.02187,-6.91893],[-37.01843,-6.91825],[-37.01775,-6.91484],[-37.01088,-6.90939],[-37.00882,-6.90939],[-37.00813,-6.91416],[-36.99783,-6.91416],[-37.00195,-6.92166],[-36.99783,-6.92643],[-37.00195,-6.93188],[-37.00676,-6.93188],[-37.00813,-6.93461],[-37.01363,-6.93392],[-37.01363,-6.94006],[-37.01019,-6.94279],[-37.01088,-6.94756],[-37.0047,-6.95301],[-37.01088,-6.95233],[-37.01225,-6.95574],[-37.01569,-6.95369],[-37.01843,-6.94688],[-37.02393,-6.94551],[-37.02324,-6.95028],[-37.01363,-6.95983],[-37.01157,-6.96869],[-37.00813,-6.97278],[-37.015,-6.97482],[-37.01912,-6.96392],[-37.02324,-6.96392],[-37.0253,-6.95983],[-37.03011,-6.95914],[-37.03217,-6.95642],[-37.03972,-6.9571],[-37.04109,-6.96187],[-37.03079,-6.97482],[-37.04178,-6.97346],[-37.05276,-6.968],[-37.05208,-6.97414],[-37.04865,-6.97687],[-37.04865,-6.98368],[-37.05414,-6.97959],[-37.05963,-6.97891],[-37.06444,-6.98027],[-37.06581,-6.98504],[-37.06993,-6.98845],[-37.07336,-6.98232],[-37.0713,-6.97141],[-37.08366,-6.97482],[-37.08641,-6.97823],[-37.10152,-6.97414],[-37.10083,-6.97823],[-37.1077,-6.98504],[-37.09534,-6.99527],[-37.09671,-6.99867],[-37.10152,-6.9939],[-37.11594,-6.99595],[-37.11868,-6.99254],[-37.12143,-6.99527],[-37.1283,-6.99254],[-37.13379,-6.99595],[-37.13379,-6.99118],[-37.14478,-6.99254],[-37.1489,-6.98913],[-37.14958,-7.00004],[-37.15508,-7.00345],[-37.15988,-7.00072],[-37.16469,-6.99254],[-37.16469,-7.00413],[-37.15919,-7.00617],[-37.15782,-7.00958],[-37.16331,-7.01299],[-37.16263,-7.01776],[-37.16675,-7.01844],[-37.164,-7.02321],[-37.17705,-7.03139],[-37.16949,-7.03548],[-37.15919,-7.03002],[-37.15508,-7.02457],[-37.14684,-7.02457],[-37.14821,-7.03002],[-37.13928,-7.03002],[-37.14409,-7.03888],[-37.15645,-7.04025],[-37.16263,-7.04433],[-37.16194,-7.04706],[-37.15233,-7.04774],[-37.15302,-7.05115],[-37.15027,-7.05524],[-37.15439,-7.06001],[-37.1537,-7.06819],[-37.15988,-7.06478],[-37.16263,-7.06614],[-37.15919,-7.07091],[-37.16057,-7.07636],[-37.15508,-7.07909],[-37.15851,-7.08181],[-37.15302,-7.08795],[-37.16469,-7.0934],[-37.16606,-7.0968],[-37.16331,-7.09953],[-37.14203,-7.10498],[-37.14752,-7.10975],[-37.15645,-7.11043],[-37.15645,-7.11316],[-37.15164,-7.11656],[-37.15164,-7.12065],[-37.14821,-7.12065],[-37.14615,-7.11452],[-37.13791,-7.11997],[-37.12898,-7.11656],[-37.11937,-7.11656],[-37.1228,-7.1227],[-37.11937,-7.12474],[-37.118,-7.1336],[-37.11319,-7.13155],[-37.10976,-7.13428],[-37.10289,-7.1336],[-37.09808,-7.12338],[-37.09328,-7.12747],[-37.08916,-7.12474],[-37.08023,-7.12883],[-37.06375,-7.12678],[-37.05963,-7.13292],[-37.07062,-7.13087],[-37.08023,-7.13632],[-37.08778,-7.1336],[-37.08641,-7.14382],[-37.09396,-7.14109],[-37.09534,-7.14722],[-37.10632,-7.15131],[-37.1077,-7.15404],[-37.12898,-7.16494],[-37.13448,-7.16153],[-37.1331,-7.15676],[-37.13654,-7.14995],[-37.1434,-7.15063],[-37.13516,-7.15949],[-37.13585,-7.16153],[-37.14478,-7.16153],[-37.15576,-7.16562],[-37.164,-7.16426],[-37.16331,-7.15949],[-37.16675,-7.15949],[-37.16881,-7.16085],[-37.16812,-7.16562],[-37.18391,-7.16766],[-37.18735,-7.17175],[-37.19009,-7.17175],[-37.19078,-7.17652],[-37.19627,-7.17516],[-37.19696,-7.17993],[-37.20108,-7.18333],[-37.20383,-7.18197],[-37.20245,-7.17243],[-37.20932,-7.17039],[-37.21825,-7.17584],[-37.23335,-7.17107],[-37.23816,-7.17175],[-37.24091,-7.16834],[-37.24022,-7.16358],[-37.24365,-7.16221],[-37.24365,-7.17652],[-37.24709,-7.18061],[-37.24777,-7.18606],[-37.25327,-7.18538],[-37.25876,-7.17584],[-37.27386,-7.18538],[-37.27524,-7.18265],[-37.28142,-7.18265],[-37.27936,-7.17993],[-37.28142,-7.17448],[-37.27661,-7.17311],[-37.27661,-7.1663],[-37.27936,-7.16358],[-37.28897,-7.16153],[-37.29515,-7.15472],[-37.30133,-7.15336],[-37.3027,-7.15812],[-37.29927,-7.16153],[-37.30202,-7.16289],[-37.30202,-7.16562],[-37.29858,-7.16698],[-37.30339,-7.16971],[-37.3027,-7.17652],[-37.29996,-7.17788],[-37.29446,-7.17311],[-37.29034,-7.17856],[-37.2924,-7.18265],[-37.2876,-7.18606],[-37.28828,-7.1881],[-37.29721,-7.18742],[-37.30888,-7.18197],[-37.31369,-7.17379],[-37.32193,-7.18197],[-37.32948,-7.18129],[-37.33086,-7.18538],[-37.3288,-7.1881],[-37.3336,-7.1881],[-37.33635,-7.18401],[-37.34528,-7.18469],[-37.34528,-7.19014],[-37.35008,-7.19219],[-37.35146,-7.19696],[-37.3542,-7.19764],[-37.35489,-7.18946],[-37.35077,-7.1881],[-37.3542,-7.17924],[-37.3439,-7.17516],[-37.34116,-7.16971],[-37.34322,-7.1663],[-37.35214,-7.16562],[-37.35283,-7.16221],[-37.36588,-7.16153],[-37.37137,-7.15881],[-37.38776,-7.15881],[-37.38922,-7.14041],[-37.38235,-7.14245],[-37.38441,-7.14722],[-37.38098,-7.14722],[-37.37686,-7.13019],[-37.3851,-7.13496],[-37.38785,-7.13973],[-37.38962,-7.13905],[-37.3906,-7.1296],[-37.3897,-7.13905],[-37.39265,-7.13632],[-37.3954,-7.13973],[-37.41051,-7.13769],[-37.41531,-7.13905],[-37.41531,-7.14245],[-37.40776,-7.14245],[-37.40501,-7.14518],[-37.39128,-7.14382],[-37.38944,-7.14177],[-37.38781,-7.15881],[-37.40158,-7.15812],[-37.41119,-7.16426],[-37.40364,-7.16971],[-37.41257,-7.16834],[-37.41325,-7.16289],[-37.41737,-7.15812],[-37.42836,-7.1554],[-37.44072,-7.15744],[-37.44553,-7.15131],[-37.44621,-7.1445],[-37.44896,-7.14314],[-37.44278,-7.13837],[-37.44415,-7.1336],[-37.44141,-7.13292],[-37.43591,-7.137],[-37.43248,-7.13224],[-37.42699,-7.1336],[-37.42424,-7.137],[-37.41737,-7.13769],[-37.416,-7.13496],[-37.40913,-7.13496],[-37.40776,-7.13292],[-37.43317,-7.12201],[-37.41669,-7.11793],[-37.41806,-7.11384],[-37.42355,-7.1152],[-37.42905,-7.10771],[-37.40845,-7.11179],[-37.39677,-7.11111],[-37.38716,-7.10771],[-37.42149,-7.09476],[-37.43523,-7.09272],[-37.43729,-7.09544],[-37.44209,-7.09612],[-37.45239,-7.09272],[-37.44209,-7.08454],[-37.44759,-7.08318],[-37.45377,-7.07704],[-37.4469,-7.07432],[-37.44347,-7.07636],[-37.43729,-7.07432],[-37.44347,-7.06955],[-37.44003,-7.06614],[-37.43591,-7.06682],[-37.44072,-7.0641],[-37.43797,-7.06001],[-37.44141,-7.05456],[-37.43454,-7.05319],[-37.43111,-7.06001],[-37.42424,-7.06069],[-37.42355,-7.0566],[-37.41943,-7.05933],[-37.41325,-7.05933],[-37.41325,-7.05456],[-37.40501,-7.05456],[-37.40776,-7.05183],[-37.40639,-7.04706],[-37.39677,-7.04638],[-37.39746,-7.04365],[-37.40158,-7.04229],[-37.39677,-7.03616],[-37.40364,-7.03616],[-37.41257,-7.03002],[-37.42355,-7.03207],[-37.42836,-7.03002],[-37.43042,-7.03343],[-37.4263,-7.0382],[-37.4366,-7.03956],[-37.43935,-7.03616],[-37.44141,-7.03956],[-37.44415,-7.03956],[-37.44415,-7.03343],[-37.45514,-7.03071],[-37.45583,-7.0273],[-37.44965,-7.02389],[-37.44965,-7.02116],[-37.44072,-7.01912],[-37.43797,-7.01503],[-37.41806,-7.0123],[-37.41669,-7.00958],[-37.42149,-7.00617],[-37.40776,-7.00345],[-37.40845,-7.00685],[-37.40364,-7.00753],[-37.40021,-7.00276],[-37.40845,-6.99663],[-37.42012,-6.99459],[-37.43179,-6.9939],[-37.43866,-6.99799],[-37.44141,-6.99459],[-37.43935,-6.98913],[-37.4469,-6.98709],[-37.45171,-6.98845],[-37.45171,-6.9939],[-37.45857,-6.99459],[-37.45583,-7.00004],[-37.46201,-7.00004],[-37.4675,-7.01026],[-37.46956,-7.00481],[-37.48055,-7.0014],[-37.47093,-6.99663],[-37.46269,-6.99663],[-37.46132,-6.99254],[-37.45514,-6.98845],[-37.47025,-6.98232],[-37.4778,-6.98368],[-37.48123,-6.98095],[-37.49222,-6.98027],[-37.49359,-6.97823],[-37.48878,-6.97414],[-37.47986,-6.97209],[-37.47231,-6.96528],[-37.4675,-6.9646],[-37.47162,-6.96051],[-37.47711,-6.96255],[-37.47849,-6.95846],[-37.48604,-6.95983],[-37.48947,-6.95505],[-37.49496,-6.9571],[-37.49222,-6.9646],[-37.49428,-6.968],[-37.49977,-6.96664],[-37.5032,-6.96869],[-37.50183,-6.9571],[-37.50595,-6.95574],[-37.50595,-6.95165],[-37.51007,-6.95165],[-37.51282,-6.95846],[-37.52518,-6.96119],[-37.52655,-6.97073],[-37.53479,-6.97073],[-37.53822,-6.96187],[-37.55196,-6.96392],[-37.55814,-6.96937],[-37.55882,-6.97482],[-37.56569,-6.97618],[-37.56638,-6.98027],[-37.57599,-6.97687],[-37.57736,-6.98027],[-37.57324,-6.98504],[-37.57668,-6.98573],[-37.57942,-6.98981],[-37.58286,-6.98436],[-37.59521,-6.98504],[-37.59865,-6.98913],[-37.60071,-6.98504],[-37.60551,-6.98368],[-37.61238,-6.98368],[-37.61238,-6.98981],[-37.61444,-6.98981],[-37.61719,-6.98709],[-37.63161,-6.98709],[-37.63092,-6.98095],[-37.61238,-6.97755],[-37.61101,-6.97278],[-37.61856,-6.97073],[-37.61513,-6.9646],[-37.61856,-6.96323],[-37.61719,-6.95983],[-37.61993,-6.95505],[-37.62337,-6.95574],[-37.62474,-6.96255],[-37.62817,-6.95846],[-37.63847,-6.96051],[-37.63573,-6.95369],[-37.63092,-6.95301],[-37.62955,-6.95028],[-37.63092,-6.94688],[-37.63435,-6.94688],[-37.64534,-6.9496],[-37.6474,-6.95369],[-37.65152,-6.95369],[-37.65495,-6.96119],[-37.66594,-6.95914],[-37.67418,-6.96392],[-37.68036,-6.96323],[-37.68997,-6.968],[-37.69066,-6.97414],[-37.68379,-6.97414],[-37.68173,-6.983],[-37.67555,-6.98573],[-37.67418,-6.98913],[-37.68036,-6.98913],[-37.68311,-6.99186],[-37.68585,-6.98573],[-37.69753,-6.98164],[-37.70096,-6.98573],[-37.71057,-6.98641],[-37.71263,-6.9905],[-37.71881,-6.98777],[-37.72499,-6.99118],[-37.72499,-6.99867],[-37.72842,-6.99731],[-37.7298,-6.99254],[-37.73254,-6.99322],[-37.73323,-7.00345],[-37.72842,-7.00481],[-37.72911,-7.00617],[-37.73941,-7.00481],[-37.73666,-7.00004],[-37.73804,-6.9939],[-37.74765,-6.99731],[-37.74902,-6.9939],[-37.74696,-6.98845],[-37.76276,-6.98845],[-37.77237,-6.99322],[-37.77031,-7.00072],[-37.77443,-7.00208],[-37.78679,-7.00345],[-37.78885,-6.99663],[-37.7916,-6.99867],[-37.7964,-6.99663],[-37.80052,-6.99936],[-37.80396,-7.00617],[-37.81631,-7.01162],[-37.86507,-7.0123],[-37.88567,-7.01912],[-37.88635,-7.02116],[-37.88155,-7.02048],[-37.87468,-7.02525],[-37.86713,-7.02321],[-37.86507,-7.02525],[-37.85545,-7.02593],[-37.86232,-7.03207],[-37.86163,-7.03479],[-37.85477,-7.03548],[-37.8582,-7.03956],[-37.85683,-7.04638],[-37.84241,-7.04161],[-37.84103,-7.03684],[-37.84309,-7.03411],[-37.84035,-7.03207],[-37.82524,-7.03411],[-37.82043,-7.03139],[-37.81906,-7.03616],[-37.817,-7.03616],[-37.81151,-7.03002],[-37.80464,-7.03343],[-37.79915,-7.03207],[-37.79434,-7.0382],[-37.78816,-7.03343],[-37.77649,-7.03616],[-37.77512,-7.03207],[-37.77237,-7.03207],[-37.76482,-7.04638],[-37.7607,-7.04433],[-37.76001,-7.03956],[-37.75726,-7.03956],[-37.75452,-7.04774],[-37.76276,-7.06205],[-37.75795,-7.06614],[-37.76482,-7.07091],[-37.77031,-7.07159],[-37.77237,-7.07568],[-37.77031,-7.07909],[-37.76413,-7.07977],[-37.76825,-7.08726],[-37.76344,-7.09203],[-37.75589,-7.09272],[-37.74216,-7.08863],[-37.73323,-7.08181],[-37.73804,-7.07568],[-37.75246,-7.07432],[-37.75108,-7.06887],[-37.75589,-7.06614],[-37.75246,-7.06001],[-37.74765,-7.05865],[-37.74353,-7.05047],[-37.74147,-7.05115],[-37.74284,-7.06001],[-37.74078,-7.06273],[-37.73529,-7.06205],[-37.73186,-7.05592],[-37.72636,-7.05796],[-37.72224,-7.05524],[-37.72018,-7.05865],[-37.70988,-7.05592],[-37.71263,-7.05865],[-37.71194,-7.06478],[-37.72499,-7.06614],[-37.72842,-7.07091],[-37.72568,-7.07296],[-37.71332,-7.07227],[-37.70645,-7.07432],[-37.71126,-7.08113],[-37.7037,-7.08386],[-37.6989,-7.08113],[-37.69958,-7.07636],[-37.69684,-7.07296],[-37.69203,-7.07159],[-37.69203,-7.06819],[-37.69547,-7.06478],[-37.68585,-7.06682],[-37.6886,-7.07227],[-37.68448,-7.07364],[-37.68448,-7.07773],[-37.67899,-7.08113],[-37.67418,-7.07704],[-37.66457,-7.07704],[-37.66663,-7.07159],[-37.67281,-7.06887],[-37.67143,-7.0641],[-37.67349,-7.05796],[-37.66663,-7.06546],[-37.66388,-7.06546],[-37.66388,-7.05865],[-37.65358,-7.06001],[-37.65358,-7.0566],[-37.64877,-7.05319],[-37.64809,-7.04706],[-37.64603,-7.04706],[-37.64397,-7.0566],[-37.64671,-7.06205],[-37.63779,-7.0641],[-37.6371,-7.07023],[-37.64397,-7.0675],[-37.64397,-7.07296],[-37.6577,-7.07568],[-37.65907,-7.07841],[-37.65289,-7.08318],[-37.62405,-7.08726],[-37.60689,-7.08522],[-37.61101,-7.0825],[-37.60895,-7.07841],[-37.61444,-7.07091],[-37.60963,-7.06887],[-37.60689,-7.07227],[-37.60345,-7.07227],[-37.60414,-7.06478],[-37.59796,-7.06478],[-37.59727,-7.05388],[-37.59453,-7.05183],[-37.59178,-7.06273],[-37.59384,-7.07364],[-37.59041,-7.075],[-37.59041,-7.07773],[-37.5808,-7.07568],[-37.57256,-7.06478],[-37.57256,-7.07773],[-37.56638,-7.07841],[-37.56432,-7.0825],[-37.55745,-7.08454],[-37.55402,-7.08454],[-37.5499,-7.08045],[-37.54921,-7.08726],[-37.56638,-7.08863],[-37.56981,-7.0859],[-37.58217,-7.08454],[-37.59041,-7.08726],[-37.58698,-7.09135],[-37.59178,-7.09408],[-37.62611,-7.09135],[-37.63229,-7.08795],[-37.64053,-7.08726],[-37.64809,-7.08795],[-37.64809,-7.09067],[-37.65152,-7.09135],[-37.64671,-7.09544],[-37.63435,-7.0934],[-37.61032,-7.10089],[-37.62268,-7.10703],[-37.60826,-7.10975],[-37.61032,-7.11861],[-37.60551,-7.12815],[-37.60208,-7.12747],[-37.59796,-7.13019],[-37.58354,-7.12474],[-37.58011,-7.12951],[-37.57324,-7.12678],[-37.5705,-7.13019],[-37.57805,-7.13019],[-37.5808,-7.13292],[-37.58698,-7.13019],[-37.59041,-7.13292],[-37.58835,-7.14041],[-37.58286,-7.14245],[-37.58286,-7.14722],[-37.58972,-7.14995],[-37.58972,-7.15812],[-37.59521,-7.16017],[-37.59727,-7.1554],[-37.59521,-7.14859],[-37.59796,-7.14654],[-37.59521,-7.14041],[-37.60277,-7.1445],[-37.61238,-7.14314],[-37.6165,-7.14927],[-37.61993,-7.14927],[-37.62062,-7.1445],[-37.62543,-7.13905],[-37.62405,-7.1336],[-37.62611,-7.13155],[-37.61993,-7.12815],[-37.62405,-7.12406],[-37.62611,-7.12474],[-37.62611,-7.12951],[-37.63023,-7.12951],[-37.63298,-7.12678],[-37.64191,-7.12747],[-37.63847,-7.11997],[-37.63504,-7.11861],[-37.6371,-7.11452],[-37.63504,-7.10771],[-37.64534,-7.10703],[-37.64397,-7.11929],[-37.6474,-7.12201],[-37.65083,-7.12133],[-37.65289,-7.12474],[-37.65152,-7.13087],[-37.65564,-7.13428],[-37.65289,-7.14041],[-37.6577,-7.14791],[-37.65976,-7.14518],[-37.65839,-7.13905],[-37.66182,-7.13632],[-37.66594,-7.13632],[-37.66937,-7.14177],[-37.67143,-7.137],[-37.6783,-7.13905],[-37.67899,-7.15063],[-37.67624,-7.15267],[-37.67555,-7.15744],[-37.68105,-7.15881],[-37.6886,-7.15676],[-37.68791,-7.16085],[-37.67487,-7.16358],[-37.668,-7.15881],[-37.65839,-7.15744],[-37.64809,-7.16153],[-37.64946,-7.16494],[-37.65289,-7.16289],[-37.65839,-7.16426],[-37.65633,-7.16903],[-37.65083,-7.16971],[-37.64877,-7.17379],[-37.65701,-7.17311],[-37.66525,-7.16903],[-37.66937,-7.17448],[-37.66045,-7.18742],[-37.66319,-7.19014],[-37.66869,-7.18606],[-37.66869,-7.20036],[-37.66251,-7.20445],[-37.66319,-7.20854],[-37.66594,-7.20854],[-37.67006,-7.21331],[-37.66663,-7.22284],[-37.67487,-7.21807],[-37.67418,-7.20786],[-37.67761,-7.20036],[-37.68242,-7.19968],[-37.68242,-7.19219],[-37.68517,-7.18878],[-37.69341,-7.19219],[-37.69684,-7.19628],[-37.70027,-7.19559],[-37.70027,-7.20104],[-37.70508,-7.20173],[-37.70508,-7.20581],[-37.70233,-7.20786],[-37.70645,-7.21126],[-37.70508,-7.21535],[-37.70714,-7.21807],[-37.71194,-7.21876],[-37.71057,-7.22625],[-37.714,-7.23034],[-37.71744,-7.23034],[-37.7298,-7.23851],[-37.72705,-7.24396],[-37.71538,-7.24941],[-37.71606,-7.25486],[-37.7243,-7.25418],[-37.72774,-7.25826],[-37.73392,-7.25758],[-37.73048,-7.26371],[-37.71812,-7.26644],[-37.72224,-7.26984],[-37.72018,-7.27393],[-37.72018,-7.29436],[-37.72705,-7.29709],[-37.73254,-7.2896],[-37.7346,-7.28074],[-37.73804,-7.27802],[-37.74078,-7.2821],[-37.74628,-7.28142],[-37.74834,-7.28619],[-37.74628,-7.29436],[-37.74902,-7.29641],[-37.76138,-7.28891],[-37.76619,-7.2896],[-37.76894,-7.28551],[-37.77237,-7.28619],[-37.77237,-7.293],[-37.76894,-7.29573],[-37.77443,-7.29981],[-37.76344,-7.3073],[-37.7552,-7.30662],[-37.7552,-7.31003],[-37.75932,-7.31275],[-37.75864,-7.32501],[-37.76756,-7.32433],[-37.77237,-7.32705],[-37.77718,-7.3434],[-37.7813,-7.34272],[-37.77855,-7.33659],[-37.78061,-7.33114],[-37.79022,-7.33999],[-37.79091,-7.3434],[-37.7964,-7.3434],[-37.79984,-7.33795],[-37.8067,-7.33999],[-37.80807,-7.34272],[-37.81082,-7.34204],[-37.81013,-7.33795],[-37.80396,-7.3325],[-37.79709,-7.33318],[-37.79572,-7.33523],[-37.7916,-7.33386],[-37.79091,-7.32842],[-37.79709,-7.32774],[-37.79778,-7.32365],[-37.78748,-7.32297],[-37.78542,-7.31956],[-37.7813,-7.32024],[-37.77924,-7.3182],[-37.77992,-7.31071],[-37.7861,-7.30935],[-37.78679,-7.31411],[-37.78885,-7.31411],[-37.79366,-7.30935],[-37.79778,-7.3148],[-37.80258,-7.31343],[-37.80464,-7.31616],[-37.80876,-7.31548],[-37.81219,-7.32161],[-37.817,-7.31888],[-37.82387,-7.32569],[-37.82593,-7.32297],[-37.82318,-7.31616],[-37.82524,-7.3148],[-37.83623,-7.32024],[-37.83829,-7.3182],[-37.83623,-7.3148],[-37.84447,-7.31548],[-37.83829,-7.31071],[-37.84241,-7.30798],[-37.84035,-7.3039],[-37.83485,-7.30458],[-37.83348,-7.30867],[-37.8273,-7.31003],[-37.81906,-7.30662],[-37.81906,-7.30254],[-37.82524,-7.29504],[-37.817,-7.29777],[-37.81288,-7.30254],[-37.80807,-7.30117],[-37.80533,-7.30458],[-37.79778,-7.30254],[-37.79572,-7.29913],[-37.80258,-7.29709],[-37.80739,-7.28619],[-37.80396,-7.28347],[-37.79984,-7.28415],[-37.79709,-7.29096],[-37.7916,-7.28687],[-37.79915,-7.27734],[-37.80396,-7.27802],[-37.80464,-7.27189],[-37.80739,-7.27052],[-37.80602,-7.26167],[-37.81288,-7.25758],[-37.81219,-7.25418],[-37.80739,-7.25281],[-37.79846,-7.25486],[-37.80052,-7.25009],[-37.79022,-7.23715],[-37.80052,-7.23987],[-37.80464,-7.23987],[-37.80464,-7.23783],[-37.79228,-7.22489],[-37.7964,-7.22148],[-37.80739,-7.22421],[-37.81219,-7.21876],[-37.82249,-7.22012],[-37.81837,-7.21331],[-37.81837,-7.21126],[-37.82318,-7.21126],[-37.82318,-7.20786],[-37.817,-7.18469],[-37.81013,-7.18061],[-37.81219,-7.17788],[-37.81013,-7.17311],[-37.817,-7.17448],[-37.81769,-7.17175],[-37.80602,-7.16426],[-37.79846,-7.16289],[-37.80258,-7.1554],[-37.81082,-7.15404],[-37.81837,-7.16494],[-37.82043,-7.17311],[-37.8273,-7.17448],[-37.83005,-7.18197],[-37.82593,-7.18878],[-37.82867,-7.19219],[-37.84172,-7.19219],[-37.83211,-7.19559],[-37.83005,-7.20649],[-37.83623,-7.20786],[-37.83829,-7.21126],[-37.82799,-7.21603],[-37.83005,-7.2208],[-37.84721,-7.22148],[-37.84515,-7.22625],[-37.84653,-7.23783],[-37.84172,-7.2426],[-37.83623,-7.24192],[-37.8376,-7.24532],[-37.85271,-7.23987],[-37.85545,-7.24328],[-37.85408,-7.24805],[-37.86232,-7.24737],[-37.86301,-7.24124],[-37.86026,-7.23783],[-37.85408,-7.23647],[-37.85408,-7.22966],[-37.86026,-7.22557],[-37.86232,-7.2317],[-37.86713,-7.23442],[-37.86987,-7.23034],[-37.86644,-7.22761],[-37.86575,-7.21807],[-37.87056,-7.21535],[-37.86507,-7.20854],[-37.85957,-7.20718],[-37.85957,-7.20445],[-37.86369,-7.20104],[-37.87125,-7.20036],[-37.87193,-7.20649],[-37.87743,-7.20377],[-37.8788,-7.2099],[-37.88567,-7.20922],[-37.88498,-7.20173],[-37.88979,-7.19696],[-37.89047,-7.19287],[-37.89459,-7.19219],[-37.89871,-7.18606],[-37.90764,-7.18606],[-37.90901,-7.18197],[-37.91176,-7.18197],[-37.91176,-7.19014],[-37.90489,-7.19764],[-37.89734,-7.20173],[-37.89459,-7.20854],[-37.90146,-7.21944],[-37.90146,-7.22761],[-37.89803,-7.22966],[-37.89803,-7.23987],[-37.90421,-7.23987],[-37.91176,-7.24805],[-37.90833,-7.25622],[-37.9097,-7.25963],[-37.91176,-7.25963],[-37.91656,-7.25145],[-37.92068,-7.25213],[-37.92137,-7.24873],[-37.93785,-7.24737],[-37.92549,-7.25418],[-37.92892,-7.26235],[-37.92549,-7.26439],[-37.92068,-7.27325],[-37.92412,-7.27325],[-37.92892,-7.26848],[-37.93236,-7.26984],[-37.9351,-7.26439],[-37.93922,-7.26439],[-37.93785,-7.25963],[-37.94128,-7.26099],[-37.94128,-7.26644],[-37.94609,-7.2678],[-37.94746,-7.27325],[-37.9406,-7.27461],[-37.93991,-7.27938],[-37.9351,-7.28074],[-37.9351,-7.28755],[-37.94266,-7.28823],[-37.93991,-7.29777],[-37.92961,-7.3039],[-37.93373,-7.30594],[-37.93922,-7.30322],[-37.94197,-7.3073],[-37.94609,-7.30458],[-37.95227,-7.31139],[-37.94815,-7.31956],[-37.93579,-7.32637],[-37.93854,-7.33386],[-37.94334,-7.33114],[-37.94266,-7.32705],[-37.94609,-7.32569],[-37.95364,-7.3291],[-37.95639,-7.3148],[-37.96532,-7.31411],[-37.96806,-7.30186],[-37.97012,-7.30322],[-37.96944,-7.31275],[-37.97287,-7.31684],[-37.9715,-7.32774],[-37.97356,-7.3291],[-37.97836,-7.3148],[-37.98111,-7.31411],[-37.9818,-7.32229],[-37.98592,-7.32092],[-37.98798,-7.3182],[-37.98798,-7.31003],[-37.99278,-7.31343],[-37.99553,-7.30594],[-37.99416,-7.29981],[-38.00377,-7.29845],[-38.00446,-7.30186],[-37.99965,-7.30662],[-37.99278,-7.32365],[-37.99416,-7.32978],[-37.99828,-7.33114],[-37.99828,-7.33318],[-37.99484,-7.33523],[-37.9921,-7.3434],[-37.99896,-7.33795],[-38.00377,-7.33999],[-38.00652,-7.33727],[-38.01064,-7.33727],[-38.01476,-7.33046],[-38.01956,-7.33114],[-38.02299,-7.32774],[-38.0278,-7.33046],[-38.02986,-7.32433],[-38.03192,-7.32433],[-38.03741,-7.32705],[-38.03467,-7.33318],[-38.03535,-7.33795],[-38.04497,-7.33659],[-38.04497,-7.34817],[-38.0484,-7.35089],[-38.04565,-7.35361],[-38.04085,-7.35361],[-38.02849,-7.35293],[-38.02368,-7.35021],[-38.02231,-7.35634],[-38.00858,-7.3611],[-38.00858,-7.36383],[-38.01338,-7.36451],[-38.01201,-7.37268],[-37.99828,-7.37404],[-37.9969,-7.372],[-37.99347,-7.37132],[-37.99004,-7.372],[-37.99896,-7.37813],[-38.00377,-7.37745],[-38.00652,-7.38085],[-38.00789,-7.37745],[-38.01407,-7.37813],[-38.02094,-7.37268],[-38.02505,-7.36315],[-38.02986,-7.36247],[-38.03398,-7.36655],[-38.03261,-7.37404],[-38.02711,-7.37745],[-38.02574,-7.38221],[-38.02094,-7.38494],[-38.0175,-7.39243],[-38.01201,-7.3972],[-38.01819,-7.3972],[-38.02299,-7.40673],[-38.02643,-7.404],[-38.0278,-7.39379],[-38.03192,-7.39311],[-38.03329,-7.38902],[-38.03947,-7.39856],[-38.04291,-7.39243],[-38.05046,-7.38834],[-38.05252,-7.38426],[-38.04634,-7.38085],[-38.04771,-7.37064],[-38.05046,-7.37132],[-38.05115,-7.37609],[-38.05389,-7.37609],[-38.0587,-7.37268],[-38.06007,-7.36655],[-38.06213,-7.36587],[-38.06351,-7.36928],[-38.06076,-7.37541],[-38.06557,-7.37677],[-38.06763,-7.38562],[-38.07724,-7.38698],[-38.07793,-7.39243],[-38.07518,-7.39515],[-38.07106,-7.39515],[-38.069,-7.39856],[-38.06282,-7.39651],[-38.06076,-7.40264],[-38.05458,-7.40673],[-38.06076,-7.4149],[-38.06213,-7.42103],[-38.05595,-7.42307],[-38.05046,-7.41762],[-38.0484,-7.42852],[-38.05115,-7.4292],[-38.05389,-7.42579],[-38.06076,-7.42579],[-38.06282,-7.4292],[-38.06557,-7.42852],[-38.07037,-7.42443],[-38.07037,-7.42239],[-38.06625,-7.42103],[-38.06625,-7.41762],[-38.07106,-7.4149],[-38.07312,-7.41762],[-38.08205,-7.41967],[-38.08205,-7.42307],[-38.07587,-7.42443],[-38.07655,-7.4326],[-38.08205,-7.4292],[-38.08823,-7.43465],[-38.09166,-7.42784],[-38.08891,-7.42307],[-38.09166,-7.4115],[-38.09784,-7.40945],[-38.09921,-7.41286],[-38.10265,-7.41286],[-38.10127,-7.404],[-38.10333,-7.40196],[-38.09509,-7.39583],[-38.08479,-7.39992],[-38.07999,-7.39447],[-38.07999,-7.39039],[-38.08617,-7.38766],[-38.09029,-7.39175],[-38.09372,-7.39175],[-38.09235,-7.3863],[-38.09509,-7.3829],[-38.09029,-7.38017],[-38.09029,-7.37541],[-38.09372,-7.36996],[-38.09853,-7.36791],[-38.09235,-7.3611],[-38.08685,-7.36179],[-38.08617,-7.35906],[-38.09509,-7.35634],[-38.10196,-7.3577],[-38.10196,-7.35498],[-38.09853,-7.35293],[-38.09921,-7.34953],[-38.09166,-7.35089],[-38.08891,-7.34612],[-38.07175,-7.34817],[-38.07587,-7.34136],[-38.07518,-7.33931],[-38.07037,-7.33863],[-38.07243,-7.33386],[-38.05664,-7.3291],[-38.0587,-7.32637],[-38.06282,-7.32774],[-38.06351,-7.32365],[-38.06831,-7.32024],[-38.06694,-7.3182],[-38.06145,-7.31956],[-38.06625,-7.31207],[-38.0793,-7.31548],[-38.07999,-7.32365],[-38.08411,-7.32433],[-38.08823,-7.33318],[-38.09097,-7.33318],[-38.09029,-7.32024],[-38.09303,-7.3182],[-38.09647,-7.3182],[-38.09921,-7.32297],[-38.10196,-7.31956],[-38.10883,-7.32092],[-38.11363,-7.32842],[-38.11226,-7.33591],[-38.12393,-7.33795],[-38.12805,-7.34136],[-38.12737,-7.34544],[-38.12256,-7.34817],[-38.12531,-7.35361],[-38.12737,-7.35021],[-38.13492,-7.35157],[-38.13286,-7.34748],[-38.13423,-7.3434],[-38.13148,-7.34204],[-38.13286,-7.33523],[-38.13148,-7.33182],[-38.12805,-7.33114],[-38.12805,-7.32365],[-38.13011,-7.32161],[-38.13835,-7.32297],[-38.13835,-7.32978],[-38.14247,-7.33114],[-38.1411,-7.33795],[-38.14522,-7.34748],[-38.1514,-7.35089],[-38.15346,-7.35634],[-38.1617,-7.3577],[-38.15964,-7.36587],[-38.16238,-7.372],[-38.16856,-7.37404],[-38.17062,-7.38358],[-38.17612,-7.38562],[-38.17337,-7.38153],[-38.17543,-7.37336],[-38.17955,-7.38085],[-38.18436,-7.38426],[-38.18985,-7.38358],[-38.1926,-7.39311],[-38.19672,-7.39583],[-38.20221,-7.39447],[-38.19603,-7.38426],[-38.19603,-7.37677],[-38.19946,-7.37268],[-38.19809,-7.36587],[-38.19603,-7.36383],[-38.1926,-7.36587],[-38.18573,-7.36383],[-38.16513,-7.36996],[-38.16582,-7.36519],[-38.17955,-7.35634],[-38.17749,-7.35157],[-38.172,-7.35361],[-38.17062,-7.34885],[-38.16719,-7.34817],[-38.16376,-7.34136],[-38.15758,-7.34204],[-38.1514,-7.33318],[-38.15483,-7.33182],[-38.16994,-7.34204],[-38.17543,-7.34067],[-38.17543,-7.33591],[-38.18367,-7.33659],[-38.19122,-7.34136],[-38.19122,-7.34544],[-38.19809,-7.34408],[-38.20152,-7.33863],[-38.21045,-7.33999],[-38.21114,-7.33659],[-38.20702,-7.33523],[-38.20633,-7.33046],[-38.19946,-7.3325],[-38.19534,-7.32978],[-38.1974,-7.32024],[-38.18985,-7.32229],[-38.18092,-7.31956],[-38.17612,-7.32161],[-38.17337,-7.31956],[-38.17474,-7.31275],[-38.16444,-7.31275],[-38.16101,-7.3073],[-38.1562,-7.3073],[-38.15414,-7.3039],[-38.15826,-7.30458],[-38.16101,-7.30049],[-38.1665,-7.29913],[-38.16513,-7.29096],[-38.15964,-7.29573],[-38.15208,-7.29504],[-38.15483,-7.28483],[-38.14934,-7.28074],[-38.14728,-7.27461],[-38.14522,-7.27734],[-38.14865,-7.28074],[-38.15002,-7.28823],[-38.1411,-7.29845],[-38.13698,-7.29913],[-38.13217,-7.29641],[-38.12805,-7.30322],[-38.12119,-7.30458],[-38.12599,-7.29436],[-38.11638,-7.29573],[-38.11432,-7.293],[-38.10677,-7.293],[-38.10265,-7.28755],[-38.09784,-7.29096],[-38.09921,-7.29777],[-38.09097,-7.29845],[-38.09097,-7.29096],[-38.09509,-7.2896],[-38.09578,-7.28278],[-38.09303,-7.28074],[-38.09303,-7.27597],[-38.08823,-7.27802],[-38.08685,-7.27529],[-38.0896,-7.27257],[-38.09372,-7.27325],[-38.09441,-7.26916],[-38.08891,-7.26576],[-38.08205,-7.26644],[-38.08273,-7.26099],[-38.07861,-7.25895],[-38.07587,-7.25895],[-38.07106,-7.26576],[-38.06763,-7.26576],[-38.06694,-7.25758],[-38.06969,-7.25622],[-38.06763,-7.25077],[-38.069,-7.24532],[-38.07381,-7.24124],[-38.07243,-7.23579],[-38.069,-7.23579],[-38.06282,-7.24328],[-38.0587,-7.24396],[-38.0587,-7.24941],[-38.05321,-7.25622],[-38.0484,-7.25418],[-38.0484,-7.24737],[-38.04428,-7.24668],[-38.04153,-7.24328],[-38.04291,-7.25418],[-38.03673,-7.25895],[-38.03055,-7.25826],[-38.02917,-7.25077],[-38.02368,-7.246],[-38.02505,-7.2569],[-38.02231,-7.2569],[-38.0175,-7.25145],[-38.01819,-7.26508],[-38.01201,-7.26848],[-38.0127,-7.27257],[-38.00995,-7.27257],[-38.00858,-7.27052],[-38.01064,-7.26644],[-38.00652,-7.26576],[-38.0072,-7.26167],[-38.0024,-7.25554],[-37.99965,-7.25895],[-37.99484,-7.25758],[-37.99553,-7.24668],[-37.99347,-7.24396],[-37.99622,-7.2426],[-37.99347,-7.23783],[-38.00171,-7.23715],[-38.00308,-7.23442],[-38.00308,-7.2317],[-37.9969,-7.23102],[-38.00034,-7.22352],[-37.99622,-7.22284],[-37.99553,-7.21807],[-37.99278,-7.21807],[-37.99004,-7.22352],[-37.98111,-7.22829],[-37.97699,-7.22761],[-37.97562,-7.2317],[-37.97012,-7.23306],[-37.97356,-7.21944],[-37.97768,-7.21944],[-37.97905,-7.21603],[-37.98386,-7.21671],[-37.98592,-7.21467],[-37.98454,-7.21058],[-37.98935,-7.20513],[-37.99416,-7.21058],[-37.99965,-7.20513],[-38.01064,-7.20377],[-38.00926,-7.19968],[-38.0024,-7.19968],[-38.0024,-7.19559],[-37.99896,-7.19423],[-37.99896,-7.18538],[-38.0024,-7.18401],[-38.00308,-7.17856],[-38.00102,-7.17584],[-37.99484,-7.17652],[-37.99141,-7.18333],[-37.9818,-7.18946],[-37.9818,-7.18061],[-37.98798,-7.17107],[-37.98317,-7.16971],[-37.98042,-7.17175],[-37.97768,-7.16971],[-37.97768,-7.1663],[-37.98454,-7.16766],[-37.98935,-7.16017],[-37.99278,-7.16017],[-37.9969,-7.16221],[-37.99347,-7.1663],[-37.99416,-7.16903],[-38.00034,-7.17107],[-38.00171,-7.16834],[-38.00858,-7.16698],[-38.01201,-7.16358],[-38.01613,-7.16903],[-38.02299,-7.17243],[-38.02505,-7.17039],[-38.02574,-7.15744],[-38.03535,-7.15676],[-38.03673,-7.15949],[-38.04291,-7.15881],[-38.05046,-7.16289],[-38.05115,-7.16494],[-38.04771,-7.16834],[-38.04085,-7.16971],[-38.03329,-7.17584],[-38.0381,-7.18333],[-38.03604,-7.1881],[-38.03055,-7.19151],[-38.02437,-7.19014],[-38.01956,-7.19423],[-38.02299,-7.20309],[-38.02849,-7.20445],[-38.02849,-7.21058],[-38.02437,-7.21194],[-38.02025,-7.21876],[-38.02505,-7.21603],[-38.03398,-7.21876],[-38.04222,-7.2099],[-38.04703,-7.21263],[-38.04771,-7.21671],[-38.05115,-7.21467],[-38.05595,-7.21603],[-38.05733,-7.2208],[-38.05939,-7.21331],[-38.06831,-7.2099],[-38.07037,-7.20649],[-38.06282,-7.20104],[-38.06831,-7.19559],[-38.07449,-7.19832],[-38.07312,-7.20309],[-38.07724,-7.20649],[-38.08479,-7.20241],[-38.09647,-7.20173],[-38.10127,-7.199],[-38.10883,-7.20104],[-38.10814,-7.19628],[-38.11226,-7.19559],[-38.11363,-7.18946],[-38.10883,-7.18946],[-38.10127,-7.18129],[-38.09578,-7.17924],[-38.0999,-7.16903],[-38.10677,-7.16971],[-38.10402,-7.16426],[-38.09784,-7.16221],[-38.10196,-7.16017],[-38.10951,-7.16085],[-38.11707,-7.16766],[-38.12462,-7.16766],[-38.12599,-7.17107],[-38.1356,-7.17516],[-38.13698,-7.17924],[-38.14522,-7.18538],[-38.14522,-7.19219],[-38.15071,-7.18946],[-38.15826,-7.19764],[-38.15895,-7.19491],[-38.13766,-7.17039],[-38.13766,-7.16562],[-38.1308,-7.15949],[-38.14178,-7.16289],[-38.13904,-7.15676],[-38.14384,-7.15676],[-38.14796,-7.16085],[-38.14522,-7.16698],[-38.14865,-7.16903],[-38.14934,-7.17516],[-38.15414,-7.17379],[-38.16032,-7.17856],[-38.15895,-7.18674],[-38.16376,-7.19014],[-38.16513,-7.18538],[-38.17406,-7.18946],[-38.17543,-7.18742],[-38.16101,-7.1772],[-38.1562,-7.16834],[-38.1665,-7.17584],[-38.18024,-7.18061],[-38.18573,-7.17788],[-38.1926,-7.17856],[-38.18573,-7.17175],[-38.17955,-7.17243],[-38.17886,-7.16971],[-38.17062,-7.17107],[-38.16307,-7.16426],[-38.16513,-7.16153],[-38.16238,-7.1554],[-38.16307,-7.14995],[-38.1562,-7.14654],[-38.15552,-7.14109],[-38.14522,-7.13632],[-38.14659,-7.12678],[-38.14453,-7.12201],[-38.15208,-7.1227],[-38.15552,-7.1261],[-38.16513,-7.12883],[-38.1665,-7.12815],[-38.14865,-7.11588],[-38.13492,-7.11248],[-38.13217,-7.10703],[-38.13698,-7.10226],[-38.15208,-7.10362],[-38.15414,-7.10634],[-38.15277,-7.11111],[-38.15758,-7.11179],[-38.16376,-7.11656],[-38.1665,-7.11588],[-38.16788,-7.11179],[-38.17406,-7.11179],[-38.17955,-7.11793],[-38.18161,-7.11248],[-38.17818,-7.10703],[-38.19054,-7.10771],[-38.1871,-7.10362],[-38.18779,-7.10089],[-38.19672,-7.10157],[-38.2029,-7.10634],[-38.21114,-7.10294],[-38.21732,-7.10634],[-38.23036,-7.10703],[-38.2386,-7.10975],[-38.24478,-7.11725],[-38.25439,-7.1227],[-38.25714,-7.13224],[-38.26332,-7.13973],[-38.27019,-7.13905],[-38.26881,-7.13496],[-38.27087,-7.1336],[-38.26332,-7.12133],[-38.26675,-7.12065],[-38.27087,-7.12338],[-38.27087,-7.11997],[-38.26607,-7.11656],[-38.26538,-7.11316],[-38.25989,-7.11793],[-38.25645,-7.11793],[-38.24615,-7.11248],[-38.24821,-7.10771],[-38.24203,-7.10157],[-38.24753,-7.1043],[-38.25302,-7.10226],[-38.2798,-7.10771],[-38.28323,-7.11043],[-38.29079,-7.10907],[-38.29216,-7.10634],[-38.29765,-7.10771],[-38.30864,-7.10566],[-38.31276,-7.10771],[-38.31345,-7.10498],[-38.30246,-7.10089],[-38.29491,-7.10226],[-38.29079,-7.09476],[-38.28941,-7.10157],[-38.28461,-7.10362],[-38.28323,-7.10089],[-38.25783,-7.09476],[-38.25577,-7.08795],[-38.25027,-7.09272],[-38.22075,-7.08863],[-38.21732,-7.08454],[-38.218,-7.08045],[-38.21251,-7.0859],[-38.20976,-7.07841],[-38.20702,-7.08181],[-38.2029,-7.07909],[-38.20084,-7.0825],[-38.19534,-7.0825],[-38.1926,-7.07977],[-38.18642,-7.08045],[-38.18779,-7.07568],[-38.18024,-7.07704],[-38.18298,-7.07023],[-38.17406,-7.07091],[-38.17337,-7.075],[-38.172,-7.07432],[-38.17543,-7.0566],[-38.16925,-7.0566],[-38.16925,-7.0675],[-38.16307,-7.06682],[-38.16101,-7.06137],[-38.1562,-7.05865],[-38.15414,-7.06205],[-38.15483,-7.07159],[-38.15002,-7.06955],[-38.1514,-7.0641],[-38.14041,-7.0675],[-38.14178,-7.06069],[-38.14659,-7.06001],[-38.14796,-7.05115],[-38.15277,-7.04365],[-38.15071,-7.0382],[-38.14728,-7.04365],[-38.1411,-7.04025],[-38.13423,-7.04229],[-38.1308,-7.04638],[-38.13354,-7.05728],[-38.13148,-7.0641],[-38.11913,-7.06614],[-38.11501,-7.06205],[-38.11295,-7.05183],[-38.12462,-7.04638],[-38.12393,-7.04229],[-38.12805,-7.03888],[-38.12805,-7.03479],[-38.13354,-7.03411],[-38.13492,-7.02934],[-38.12874,-7.03002],[-38.12737,-7.02389],[-38.12119,-7.03071],[-38.11569,-7.03207],[-38.11432,-7.02593],[-38.10745,-7.0273],[-38.10814,-7.02253],[-38.10333,-7.0198],[-38.10265,-7.01639],[-38.08697,-7.01708],[-38.08067,-7.03268],[-38.08411,-7.04025],[-38.0793,-7.04229],[-38.08548,-7.0491],[-38.08273,-7.06001],[-38.07518,-7.06273],[-38.07019,-7.05865],[-38.0527,-7.1014],[-38.07007,-7.05865],[-38.069,-7.05251],[-38.07394,-7.0491],[-38.07644,-7.04297],[-38.07106,-7.03752],[-38.07587,-7.02798],[-38.06007,-7.03002],[-38.05458,-7.02866],[-38.05321,-7.02321],[-38.03604,-7.02185],[-38.02299,-7.02525],[-37.98935,-7.02525],[-37.98866,-7.02253],[-38.03398,-7.01776],[-38.0381,-7.01435],[-38.05115,-7.0123],[-38.05389,-7.00753],[-38.0587,-7.00753],[-38.06076,-7.01026],[-38.09372,-7.00822],[-38.09509,-7.00617],[-38.09235,-7.00481],[-38.09235,-7.00208],[-38.09509,-7.00004],[-38.10677,-7.0014],[-38.10745,-6.99663],[-38.11089,-6.99595],[-38.11363,-6.99186],[-38.12256,-6.99322],[-38.12462,-6.98845],[-38.12943,-6.98845],[-38.13354,-6.98504],[-38.13972,-6.98845],[-38.13835,-6.99186],[-38.13148,-6.99459],[-38.13148,-6.99731],[-38.13698,-6.99867],[-38.15208,-6.99867],[-38.15414,-6.98777],[-38.1562,-6.98777],[-38.15483,-6.99186],[-38.15758,-6.99663],[-38.16513,-6.99459],[-38.172,-6.99663],[-38.17543,-6.99186],[-38.17818,-6.99254],[-38.17886,-6.99731],[-38.18985,-6.99663],[-38.19054,-6.9939],[-38.1871,-6.98913],[-38.1974,-6.98641],[-38.19534,-6.98368],[-38.19672,-6.97959],[-38.20152,-6.98232],[-38.20908,-6.98232],[-38.21388,-6.97823],[-38.21388,-6.97346],[-38.218,-6.97414],[-38.21938,-6.97209],[-38.2235,-6.97618],[-38.22762,-6.96732],[-38.24478,-6.96119],[-38.24478,-6.95301],[-38.25027,-6.95574],[-38.2489,-6.95983],[-38.25302,-6.96187],[-38.25233,-6.9646],[-38.2592,-6.97209],[-38.26538,-6.97005],[-38.26538,-6.96664],[-38.26057,-6.96528],[-38.26195,-6.96119],[-38.26675,-6.95846],[-38.27087,-6.95983],[-38.27225,-6.9571],[-38.27911,-6.9571],[-38.28255,-6.95983],[-38.28461,-6.9571],[-38.28323,-6.95233],[-38.28667,-6.95165],[-38.28598,-6.94688],[-38.29079,-6.94415],[-38.28941,-6.94006],[-38.28323,-6.94006],[-38.28117,-6.93256],[-38.27568,-6.93256],[-38.27499,-6.92915],[-38.27225,-6.92847],[-38.26881,-6.9312],[-38.26401,-6.92915],[-38.26263,-6.92438],[-38.26881,-6.91688],[-38.26744,-6.91484],[-38.25714,-6.91825],[-38.25577,-6.92234],[-38.2489,-6.92643],[-38.2489,-6.92097],[-38.24684,-6.91961],[-38.22075,-6.91961],[-38.20084,-6.91416],[-38.19191,-6.9162],[-38.17818,-6.9087],[-38.16925,-6.91075],[-38.16582,-6.90734],[-38.15964,-6.90734],[-38.15346,-6.90325],[-38.15277,-6.90734],[-38.15758,-6.91007],[-38.15826,-6.91348],[-38.1562,-6.91552],[-38.14796,-6.91416],[-38.14247,-6.91757],[-38.13972,-6.91348],[-38.13217,-6.91484],[-38.12805,-6.9087],[-38.12325,-6.90939],[-38.11913,-6.90257],[-38.10951,-6.89643],[-38.10539,-6.89098],[-38.10127,-6.89303],[-38.09853,-6.88962],[-38.09235,-6.88962],[-38.08891,-6.88621],[-38.08205,-6.88757],[-38.06557,-6.8753],[-38.07587,-6.87189],[-38.0793,-6.87394],[-38.08479,-6.87189],[-38.09097,-6.87598],[-38.09647,-6.87326],[-38.09921,-6.8753],[-38.09921,-6.88007],[-38.09509,-6.88144],[-38.09372,-6.88485],[-38.09853,-6.88621],[-38.10951,-6.88416],[-38.10539,-6.88007],[-38.10608,-6.87666],[-38.12599,-6.87735],[-38.12874,-6.88485],[-38.13148,-6.88485],[-38.13354,-6.87939],[-38.14728,-6.88007],[-38.14934,-6.8828],[-38.1562,-6.88076],[-38.16032,-6.88348],[-38.16032,-6.88621],[-38.14865,-6.88689],[-38.15758,-6.89166],[-38.16376,-6.89098],[-38.16582,-6.89439],[-38.16444,-6.90189],[-38.1665,-6.90257],[-38.17062,-6.89166],[-38.19397,-6.89507],[-38.20496,-6.89303],[-38.20427,-6.89098],[-38.18848,-6.88757],[-38.18642,-6.88553],[-38.18779,-6.88348],[-38.22144,-6.88485],[-38.2235,-6.88348],[-38.21938,-6.8753],[-38.22487,-6.87326],[-38.2283,-6.87666],[-38.2283,-6.88144],[-38.22418,-6.88485],[-38.2283,-6.88689],[-38.23654,-6.88485],[-38.24478,-6.88621],[-38.24753,-6.88212],[-38.25439,-6.88416],[-38.25714,-6.88144],[-38.25577,-6.87326],[-38.26057,-6.87121],[-38.26263,-6.87394],[-38.26675,-6.87394],[-38.26881,-6.87939],[-38.27774,-6.88144],[-38.2798,-6.88553],[-38.28873,-6.88825],[-38.2901,-6.89098],[-38.29765,-6.88689],[-38.30246,-6.88825],[-38.30521,-6.89098],[-38.30589,-6.89848],[-38.31551,-6.8978],[-38.31757,-6.89234],[-38.32237,-6.88962],[-38.32718,-6.89098],[-38.32649,-6.89712],[-38.31757,-6.8978],[-38.31963,-6.9053],[-38.32237,-6.90598],[-38.32375,-6.90189],[-38.32649,-6.90121],[-38.32581,-6.90598],[-38.32031,-6.90734],[-38.31825,-6.91075],[-38.30658,-6.91007],[-38.30315,-6.90734],[-38.3004,-6.91348],[-38.29216,-6.91757],[-38.30246,-6.91893],[-38.30383,-6.92097],[-38.30246,-6.92506],[-38.29628,-6.92643],[-38.29834,-6.93052],[-38.30452,-6.93324],[-38.29628,-6.93938],[-38.29697,-6.94142],[-38.30109,-6.94142],[-38.30383,-6.94483],[-38.31276,-6.9421],[-38.32031,-6.94415],[-38.3107,-6.95437],[-38.31688,-6.95437],[-38.32031,-6.95778],[-38.32993,-6.94892],[-38.32855,-6.94142],[-38.33611,-6.93801],[-38.33885,-6.94006],[-38.33267,-6.94892],[-38.33748,-6.94619],[-38.34846,-6.94824],[-38.35052,-6.94347],[-38.35327,-6.94347],[-38.35808,-6.95301],[-38.35945,-6.9496],[-38.3567,-6.94824],[-38.3567,-6.94551],[-38.36769,-6.94279],[-38.36288,-6.94756],[-38.36357,-6.95233],[-38.35876,-6.95505],[-38.36975,-6.96051],[-38.37112,-6.968],[-38.37662,-6.96392],[-38.37456,-6.95369],[-38.38348,-6.9571],[-38.38554,-6.95301],[-38.39241,-6.95778],[-38.39653,-6.96596],[-38.39928,-6.96255],[-38.39653,-6.9496],[-38.40408,-6.94756],[-38.4082,-6.95369],[-38.41301,-6.95574],[-38.41095,-6.96119],[-38.41438,-6.96528],[-38.42056,-6.96051],[-38.4185,-6.95437],[-38.42743,-6.95097],[-38.43155,-6.95574],[-38.43842,-6.95505],[-38.44048,-6.95846],[-38.43979,-6.96187],[-38.43498,-6.96323],[-38.43842,-6.96596],[-38.43704,-6.97346],[-38.45009,-6.97823],[-38.45421,-6.983],[-38.45764,-6.97959],[-38.45627,-6.97278],[-38.4597,-6.97005],[-38.45627,-6.96732],[-38.45695,-6.9646],[-38.47412,-6.96392],[-38.47961,-6.96119],[-38.47343,-6.95914],[-38.4549,-6.95983],[-38.45078,-6.95778],[-38.45009,-6.95505],[-38.45352,-6.95301],[-38.45284,-6.94551],[-38.45627,-6.94415],[-38.46107,-6.94824],[-38.46725,-6.94551],[-38.47687,-6.94551],[-38.47755,-6.94279],[-38.47,-6.9387],[-38.46245,-6.93938],[-38.46382,-6.93597],[-38.47,-6.93597],[-38.46863,-6.93188],[-38.45764,-6.93256],[-38.44872,-6.92984],[-38.45009,-6.92302],[-38.4549,-6.91961],[-38.45352,-6.91757],[-38.42331,-6.91825],[-38.41919,-6.91211],[-38.41301,-6.90939],[-38.42606,-6.9087],[-38.42606,-6.90052],[-38.42949,-6.89643],[-38.43773,-6.89984],[-38.43292,-6.9053],[-38.4391,-6.9087],[-38.44734,-6.9087],[-38.45284,-6.9053],[-38.4597,-6.91211],[-38.46107,-6.90461],[-38.47206,-6.90461],[-38.46931,-6.89712],[-38.47893,-6.89643],[-38.4803,-6.89439],[-38.46725,-6.8903],[-38.46725,-6.88825],[-38.47549,-6.88416],[-38.47481,-6.88212],[-38.46863,-6.88076],[-38.46725,-6.8678],[-38.47206,-6.87666],[-38.47755,-6.87939],[-38.47687,-6.88348],[-38.48442,-6.88757],[-38.48648,-6.90325],[-38.49197,-6.90461],[-38.49129,-6.91075],[-38.48923,-6.91143],[-38.49197,-6.91552],[-38.50159,-6.91484],[-38.5009,-6.91211],[-38.49403,-6.90939],[-38.49472,-6.89712],[-38.49747,-6.89575],[-38.49266,-6.88962],[-38.49403,-6.88689],[-38.49815,-6.88689],[-38.50296,-6.89098],[-38.50296,-6.89712],[-38.50708,-6.89507],[-38.50571,-6.8903],[-38.51051,-6.89575],[-38.51189,-6.89643],[-38.51601,-6.89575],[-38.50983,-6.88962],[-38.51189,-6.88553],[-38.51051,-6.88348],[-38.49747,-6.87803],[-38.48991,-6.87121],[-38.47824,-6.8678],[-38.48236,-6.86235],[-38.48717,-6.86099],[-38.49197,-6.86099],[-38.49403,-6.86371],[-38.49609,-6.8603],[-38.50159,-6.86099],[-38.50296,-6.86848],[-38.50021,-6.87189],[-38.50433,-6.87326],[-38.5112,-6.87257],[-38.51257,-6.86303],[-38.51944,-6.86848],[-38.52356,-6.8678],[-38.52356,-6.86303],[-38.52631,-6.86371],[-38.52768,-6.87326],[-38.52219,-6.87735],[-38.52631,-6.88076],[-38.52356,-6.88553],[-38.53111,-6.88825],[-38.52974,-6.89575],[-38.53729,-6.89916],[-38.53592,-6.90461],[-38.54004,-6.90461],[-38.54279,-6.90189],[-38.54691,-6.90666],[-38.55171,-6.90666],[-38.54965,-6.8978],[-38.54073,-6.8903],[-38.54073,-6.88416],[-38.55171,-6.88894],[-38.55377,-6.88894],[-38.55309,-6.88416],[-38.55583,-6.88348],[-38.57025,-6.89098],[-38.58398,-6.88962],[-38.57574,-6.88757],[-38.57506,-6.88348],[-38.56613,-6.88485],[-38.5627,-6.88007],[-38.55171,-6.87735],[-38.55103,-6.87326],[-38.54347,-6.87257],[-38.53935,-6.86917],[-38.53798,-6.86099],[-38.5421,-6.85962],[-38.54828,-6.86508],[-38.5524,-6.86439],[-38.54622,-6.85826],[-38.55927,-6.85621],[-38.56201,-6.85417],[-38.56133,-6.85144],[-38.55103,-6.8528],[-38.5421,-6.84599],[-38.54004,-6.85212],[-38.53249,-6.85349],[-38.53249,-6.84599],[-38.52631,-6.84871],[-38.52768,-6.83917],[-38.52356,-6.83849],[-38.51326,-6.8528],[-38.51189,-6.85076],[-38.51601,-6.84462],[-38.51532,-6.83985],[-38.50365,-6.84462],[-38.50433,-6.84053],[-38.50777,-6.84053],[-38.50571,-6.83712],[-38.49678,-6.83508],[-38.49129,-6.83644],[-38.48854,-6.83372],[-38.47961,-6.83576],[-38.47481,-6.83303],[-38.47618,-6.82485],[-38.47137,-6.82008],[-38.47412,-6.81599],[-38.48167,-6.81326],[-38.45284,-6.81667],[-38.44734,-6.82008],[-38.4343,-6.81803],[-38.4343,-6.81599],[-38.43979,-6.81258],[-38.46039,-6.80985],[-38.46107,-6.80781],[-38.46657,-6.80917],[-38.47275,-6.80508],[-38.47824,-6.80644],[-38.48717,-6.8044],[-38.49266,-6.80644],[-38.49335,-6.80372],[-38.50365,-6.80099],[-38.50983,-6.8044],[-38.50227,-6.80917],[-38.50159,-6.81258],[-38.50708,-6.81258],[-38.50777,-6.81599],[-38.51051,-6.81599],[-38.51189,-6.81394],[-38.51944,-6.81463],[-38.5215,-6.81258],[-38.52081,-6.80985],[-38.51326,-6.80576],[-38.51601,-6.80031],[-38.52768,-6.80031],[-38.52974,-6.79826],[-38.55377,-6.79894],[-38.55858,-6.80167],[-38.54691,-6.80781],[-38.55583,-6.80713],[-38.55995,-6.80985],[-38.56682,-6.80713],[-38.5778,-6.80781],[-38.57918,-6.80508],[-38.59016,-6.80644],[-38.58948,-6.81326],[-38.59154,-6.81599],[-38.58604,-6.82144],[-38.58192,-6.83235],[-38.58398,-6.83303],[-38.5881,-6.8269],[-38.5936,-6.82622],[-38.59497,-6.81872],[-38.60046,-6.82008],[-38.61214,-6.82826],[-38.61214,-6.83372],[-38.61488,-6.83303],[-38.61076,-6.84531],[-38.6142,-6.84462],[-38.61626,-6.84735],[-38.62106,-6.84803],[-38.62106,-6.84462],[-38.62381,-6.84394],[-38.6245,-6.84667],[-38.6293,-6.84735],[-38.62862,-6.84121],[-38.61763,-6.83917],[-38.61832,-6.83576],[-38.62312,-6.8344],[-38.62312,-6.83235],[-38.62175,-6.82894],[-38.61557,-6.82826],[-38.6142,-6.82213],[-38.61145,-6.82076],[-38.61488,-6.8119],[-38.59497,-6.80713],[-38.59497,-6.80508],[-38.61557,-6.80508],[-38.61488,-6.80099],[-38.60596,-6.79963],[-38.60115,-6.80167],[-38.5881,-6.79826],[-38.57849,-6.79963],[-38.57437,-6.79554],[-38.58192,-6.79349],[-38.58124,-6.79144],[-38.56476,-6.79076],[-38.56407,-6.78872],[-38.57025,-6.78599],[-38.56682,-6.78326],[-38.56819,-6.77985],[-38.58055,-6.77713],[-38.57574,-6.76553],[-38.57643,-6.76212],[-38.58398,-6.76485],[-38.58673,-6.7594],[-38.59291,-6.75462],[-38.59428,-6.74985],[-38.60115,-6.75121],[-38.60252,-6.74781],[-38.60527,-6.74781],[-38.60664,-6.75053],[-38.61351,-6.74985],[-38.61008,-6.74235],[-38.5984,-6.73621],[-38.60252,-6.7328],[-38.6087,-6.73349],[-38.60939,-6.72803],[-38.61282,-6.72803],[-38.61557,-6.73212],[-38.62175,-6.73212],[-38.62312,-6.73758],[-38.6348,-6.73349],[-38.63617,-6.73621],[-38.64029,-6.73621],[-38.64166,-6.74167],[-38.64441,-6.74235],[-38.6451,-6.73894],[-38.64166,-6.73553],[-38.6451,-6.7328],[-38.64578,-6.72326],[-38.64784,-6.72053],[-38.65059,-6.72326],[-38.65746,-6.72121],[-38.65883,-6.71439],[-38.6554,-6.71098],[-38.66364,-6.7103],[-38.66158,-6.70825],[-38.66295,-6.70348],[-38.65334,-6.70416],[-38.64784,-6.7028],[-38.64784,-6.70007],[-38.65677,-6.69871],[-38.6602,-6.69189],[-38.66736,-6.6878],[-38.6624,-6.6752],[-38.66158,-6.67893],[-38.65746,-6.6762],[-38.6554,-6.68029],[-38.65196,-6.67961],[-38.64647,-6.6837],[-38.64441,-6.67961],[-38.64784,-6.66938],[-38.64372,-6.66938],[-38.63686,-6.68166],[-38.62793,-6.67757],[-38.62862,-6.67552],[-38.6348,-6.67416],[-38.6348,-6.66393],[-38.63754,-6.66188],[-38.63892,-6.65233],[-38.64801,-6.65301],[-38.64916,-6.65165],[-38.64578,-6.64619],[-38.65196,-6.64835],[-38.65495,-6.64483],[-38.65196,-6.64619],[-38.65059,-6.64415],[-38.65471,-6.63392],[-38.64441,-6.63733],[-38.64441,-6.63187],[-38.64098,-6.62846],[-38.63823,-6.63119],[-38.62518,-6.62914],[-38.62038,-6.63392],[-38.61351,-6.63119],[-38.61626,-6.62982],[-38.61763,-6.62028],[-38.60802,-6.62232],[-38.60664,-6.60868],[-38.60184,-6.61004],[-38.5984,-6.61686],[-38.59497,-6.61482],[-38.59428,-6.61141],[-38.58948,-6.61141],[-38.5881,-6.62369],[-38.58398,-6.62505],[-38.58055,-6.62437],[-38.5833,-6.62028],[-38.58261,-6.61686],[-38.57643,-6.6155],[-38.57506,-6.60868],[-38.57025,-6.61141],[-38.56201,-6.61004],[-38.55652,-6.6155],[-38.55103,-6.6155],[-38.55446,-6.608],[-38.54759,-6.60868],[-38.54759,-6.60595],[-38.55171,-6.60049],[-38.56544,-6.60049],[-38.56613,-6.59299],[-38.57849,-6.59708],[-38.57986,-6.59163],[-38.59291,-6.58753],[-38.58879,-6.57799],[-38.59291,-6.57321],[-38.58673,-6.57321],[-38.58604,-6.56775],[-38.58192,-6.56707],[-38.58055,-6.57321],[-38.56956,-6.58208],[-38.56544,-6.58003],[-38.56407,-6.57526],[-38.55721,-6.57526],[-38.55721,-6.56912],[-38.5524,-6.56775],[-38.53935,-6.58208],[-38.54073,-6.57594],[-38.53386,-6.57662],[-38.53867,-6.57048],[-38.53867,-6.56775],[-38.53455,-6.56502],[-38.53729,-6.5623],[-38.53729,-6.55684],[-38.52425,-6.56298],[-38.51875,-6.55684],[-38.50777,-6.55957],[-38.50159,-6.5582],[-38.49884,-6.57594],[-38.50159,-6.58344],[-38.5009,-6.59026],[-38.49747,-6.59163],[-38.49609,-6.5964],[-38.49266,-6.59708],[-38.48991,-6.59572],[-38.48785,-6.58958],[-38.48923,-6.58412],[-38.48442,-6.58412],[-38.48442,-6.57935],[-38.47824,-6.57594],[-38.47481,-6.57048],[-38.47618,-6.56434],[-38.47893,-6.56298],[-38.47824,-6.55752],[-38.48167,-6.55411],[-38.4803,-6.55138],[-38.47275,-6.54934],[-38.47137,-6.54661],[-38.46313,-6.54661],[-38.45695,-6.54115],[-38.44116,-6.53978],[-38.41919,-6.52],[-38.41507,-6.52205],[-38.41507,-6.52546],[-38.41782,-6.52682],[-38.41576,-6.52887],[-38.40958,-6.52],[-38.40408,-6.51864],[-38.40271,-6.51591],[-38.39653,-6.51795],[-38.39516,-6.51386],[-38.39241,-6.51386],[-38.39035,-6.51864],[-38.38417,-6.52137],[-38.38348,-6.52409],[-38.39241,-6.52819],[-38.39584,-6.53433],[-38.4034,-6.53637],[-38.39447,-6.54456],[-38.39584,-6.54865],[-38.38966,-6.55002],[-38.39104,-6.55684],[-38.39722,-6.55479],[-38.39653,-6.56093],[-38.40477,-6.56366],[-38.40477,-6.55889],[-38.4137,-6.55411],[-38.4137,-6.55002],[-38.42194,-6.5507],[-38.41988,-6.55752],[-38.41026,-6.55957],[-38.41095,-6.56571],[-38.40546,-6.56912],[-38.4082,-6.58344],[-38.41919,-6.59026],[-38.42743,-6.58617],[-38.43842,-6.58549],[-38.44116,-6.58753],[-38.44048,-6.59026],[-38.424,-6.59163],[-38.42537,-6.60322],[-38.43979,-6.61959],[-38.44872,-6.6346],[-38.47481,-6.65711],[-38.47412,-6.66324],[-38.48099,-6.66393],[-38.48579,-6.67347],[-38.49197,-6.67279],[-38.49609,-6.67757],[-38.49472,-6.68166],[-38.49747,-6.68643],[-38.50433,-6.68711],[-38.50914,-6.69189],[-38.51051,-6.69734],[-38.5009,-6.69393],[-38.49678,-6.69871],[-38.48648,-6.69189],[-38.48305,-6.6837],[-38.47893,-6.68166],[-38.47755,-6.6762],[-38.46931,-6.67279],[-38.46931,-6.66802],[-38.46657,-6.66461],[-38.46245,-6.66256],[-38.4597,-6.66734],[-38.45627,-6.66734],[-38.44734,-6.66052],[-38.44528,-6.6612],[-38.44666,-6.66529],[-38.45558,-6.67279],[-38.45627,-6.67757],[-38.4597,-6.67961],[-38.45901,-6.6837],[-38.46313,-6.68507],[-38.46519,-6.69802],[-38.46176,-6.69802],[-38.46176,-6.69393],[-38.45009,-6.68439],[-38.44734,-6.68848],[-38.44048,-6.69052],[-38.44116,-6.69461],[-38.4391,-6.69666],[-38.43567,-6.6953],[-38.4343,-6.68166],[-38.4288,-6.68507],[-38.42812,-6.68848],[-38.41988,-6.68848],[-38.41782,-6.68234],[-38.42812,-6.67416],[-38.42674,-6.66802],[-38.4288,-6.66734],[-38.42674,-6.66461],[-38.42812,-6.65983],[-38.42194,-6.66052],[-38.42056,-6.65233],[-38.4185,-6.65233],[-38.4185,-6.65574],[-38.41232,-6.66188],[-38.40889,-6.65847],[-38.40408,-6.66052],[-38.40546,-6.6687],[-38.40271,-6.67006],[-38.39859,-6.66393],[-38.39928,-6.65506],[-38.39104,-6.65233],[-38.39035,-6.6496],[-38.38692,-6.65029],[-38.39104,-6.65983],[-38.3828,-6.66256],[-38.38211,-6.66529],[-38.39104,-6.6762],[-38.38898,-6.68098],[-38.3931,-6.68302],[-38.38966,-6.68507],[-38.39035,-6.69325],[-38.3828,-6.68984],[-38.3828,-6.6837],[-38.37662,-6.68575],[-38.36906,-6.68302],[-38.36838,-6.67688],[-38.3725,-6.67416],[-38.3725,-6.66802],[-38.36975,-6.66597],[-38.36288,-6.67347],[-38.35808,-6.67347],[-38.35258,-6.66938],[-38.35327,-6.66461],[-38.35876,-6.66256],[-38.35602,-6.65915],[-38.35052,-6.65915],[-38.35121,-6.6537],[-38.34572,-6.66324],[-38.33611,-6.66324],[-38.33061,-6.65642],[-38.321,-6.65029],[-38.321,-6.65983],[-38.31688,-6.65983],[-38.30933,-6.65233],[-38.30315,-6.6537],[-38.29491,-6.64892],[-38.29285,-6.6421],[-38.29491,-6.6421],[-38.29422,-6.63664],[-38.29628,-6.63528],[-38.30521,-6.64142],[-38.30727,-6.64005],[-38.30383,-6.63596],[-38.30589,-6.63255],[-38.30521,-6.62505],[-38.29628,-6.62164],[-38.29834,-6.61618],[-38.29559,-6.61482],[-38.28941,-6.62096],[-38.28941,-6.62914],[-38.27774,-6.62914],[-38.27843,-6.62369],[-38.28392,-6.62164],[-38.28392,-6.61891],[-38.2798,-6.61618],[-38.28461,-6.61141],[-38.28529,-6.60732],[-38.28186,-6.60527],[-38.27705,-6.60663],[-38.27087,-6.59913],[-38.27156,-6.60391],[-38.26607,-6.60322],[-38.26538,-6.60936],[-38.26195,-6.60936],[-38.26538,-6.60391],[-38.26538,-6.59913],[-38.26263,-6.59708],[-38.26538,-6.5889],[-38.26195,-6.58958],[-38.25577,-6.58549],[-38.2592,-6.57526],[-38.25302,-6.57662],[-38.25302,-6.58412],[-38.24959,-6.58549],[-38.25508,-6.59299],[-38.25302,-6.60254],[-38.2489,-6.60118],[-38.24821,-6.59436],[-38.24341,-6.59026],[-38.2338,-6.58685],[-38.22968,-6.58208],[-38.22693,-6.58344],[-38.23036,-6.5889],[-38.23997,-6.59367],[-38.23929,-6.59708],[-38.24409,-6.59981],[-38.24547,-6.608],[-38.25371,-6.61141],[-38.25508,-6.6155],[-38.25851,-6.61345],[-38.26401,-6.61482],[-38.26469,-6.61755],[-38.2592,-6.62028],[-38.26675,-6.62778],[-38.26469,-6.6346],[-38.27087,-6.63528],[-38.27568,-6.64346],[-38.28529,-6.65233],[-38.28392,-6.65506],[-38.27499,-6.6537],[-38.27499,-6.65574],[-38.28117,-6.66256],[-38.28941,-6.66665],[-38.29079,-6.67075],[-38.28873,-6.6762],[-38.28392,-6.67825],[-38.28186,-6.67006],[-38.27156,-6.67006],[-38.27156,-6.65983],[-38.26813,-6.65574],[-38.26469,-6.65574],[-38.26675,-6.66393],[-38.26401,-6.66665],[-38.2592,-6.66597],[-38.25851,-6.67347],[-38.25371,-6.67552],[-38.25027,-6.6687],[-38.25371,-6.66734],[-38.25302,-6.66188],[-38.25714,-6.65983],[-38.25645,-6.65438],[-38.25302,-6.65165],[-38.25371,-6.64619],[-38.24821,-6.64346],[-38.24547,-6.65097],[-38.24135,-6.65097],[-38.2338,-6.64619],[-38.2386,-6.64005],[-38.24203,-6.64005],[-38.24135,-6.6346],[-38.23448,-6.62846],[-38.24272,-6.63051],[-38.24272,-6.62778],[-38.24547,-6.62778],[-38.25027,-6.63119],[-38.24821,-6.62505],[-38.24409,-6.61823],[-38.23929,-6.61891],[-38.2338,-6.6155],[-38.23586,-6.61277],[-38.2338,-6.608],[-38.2283,-6.61004],[-38.22556,-6.61618],[-38.22212,-6.61482],[-38.22075,-6.60868],[-38.22624,-6.60254],[-38.21869,-6.59572],[-38.21526,-6.59504],[-38.21526,-6.60254],[-38.20084,-6.59777],[-38.19534,-6.60732],[-38.19191,-6.60186],[-38.19328,-6.59777],[-38.19122,-6.59436],[-38.1974,-6.58617],[-38.19397,-6.58481],[-38.18985,-6.58685],[-38.18024,-6.5964],[-38.1768,-6.58481],[-38.17749,-6.57253],[-38.17406,-6.57321],[-38.172,-6.57935],[-38.16101,-6.57526],[-38.16788,-6.58481],[-38.16307,-6.58685],[-38.16101,-6.58412],[-38.15552,-6.58344],[-38.15552,-6.58685],[-38.1514,-6.58822],[-38.1562,-6.59163],[-38.15552,-6.59708],[-38.1617,-6.60186],[-38.15895,-6.60322],[-38.15414,-6.59708],[-38.15208,-6.59777],[-38.15552,-6.608],[-38.15552,-6.61073],[-38.15277,-6.61141],[-38.14522,-6.608],[-38.14178,-6.59981],[-38.1356,-6.59845],[-38.1308,-6.58958],[-38.12462,-6.59026],[-38.11844,-6.58412],[-38.11844,-6.5814],[-38.11226,-6.58276],[-38.11295,-6.59095],[-38.10883,-6.59026],[-38.10883,-6.58208],[-38.10471,-6.57594],[-38.10539,-6.56912],[-38.10059,-6.56912],[-38.10196,-6.57457],[-38.09921,-6.57799],[-38.10196,-6.58276],[-38.09853,-6.58412],[-38.09853,-6.58753],[-38.10333,-6.59504],[-38.12668,-6.608],[-38.1308,-6.61686],[-38.13629,-6.62232],[-38.14453,-6.62573],[-38.14796,-6.63528],[-38.15277,-6.63528],[-38.16444,-6.64346],[-38.16513,-6.65642],[-38.17062,-6.65711],[-38.172,-6.6612],[-38.17955,-6.66052],[-38.18298,-6.66256],[-38.18642,-6.67143],[-38.20015,-6.6837],[-38.20152,-6.68848],[-38.21182,-6.69325],[-38.21457,-6.69939],[-38.21388,-6.70416],[-38.218,-6.70962],[-38.20633,-6.70621],[-38.2077,-6.71371],[-38.19878,-6.7103],[-38.19672,-6.7028],[-38.19946,-6.70075],[-38.19054,-6.68916],[-38.18848,-6.69325],[-38.1823,-6.69461],[-38.1823,-6.69802],[-38.18024,-6.69871]],[[-37.83966,-6.88007],[-37.83829,-6.88212],[-37.8376,-6.88076],[-37.83966,-6.88007]],[[-38.24203,-7.10157],[-38.23929,-7.09953],[-38.24203,-7.10089],[-38.24203,-7.10157]],[[-38.66158,-6.67893],[-38.66295,-6.68029],[-38.66158,-6.68029],[-38.66158,-6.67893]],[[-38.18298,-6.69871],[-38.18916,-6.7028],[-38.18985,-6.70553],[-38.1871,-6.70894],[-38.18436,-6.70894],[-38.18161,-6.70143],[-38.18298,-6.69871]],[[-37.68517,-6.2095],[-37.68311,-6.21087],[-37.68311,-6.2095],[-37.68517,-6.2095]],[[-37.62749,-6.21701],[-37.63023,-6.21633],[-37.62955,-6.21769],[-37.62749,-6.21701]],[[-37.71881,-6.21701],[-37.72293,-6.21838],[-37.72362,-6.22316],[-37.71881,-6.22043],[-37.71881,-6.21701]],[[-37.68036,-6.30301],[-37.68791,-6.3037],[-37.69341,-6.30847],[-37.69341,-6.31189],[-37.68585,-6.31257],[-37.68173,-6.31052],[-37.67761,-6.30506],[-37.68036,-6.30301]],[[-37.71812,-6.31325],[-37.72636,-6.31393],[-37.72705,-6.31871],[-37.72018,-6.32554],[-37.71606,-6.32622],[-37.71332,-6.32349],[-37.71538,-6.31598],[-37.71812,-6.31325]],[[-37.7401,-6.33441],[-37.7401,-6.34123],[-37.73186,-6.34055],[-37.72842,-6.33782],[-37.73117,-6.33441],[-37.7401,-6.33441]],[[-37.7037,-6.33645],[-37.70508,-6.3385],[-37.70302,-6.33782],[-37.7037,-6.33645]],[[-37.66731,-6.34191],[-37.67143,-6.34396],[-37.67212,-6.34737],[-37.66594,-6.34533],[-37.66731,-6.34191]],[[-37.71057,-6.34396],[-37.71332,-6.34737],[-37.70988,-6.34601],[-37.71057,-6.34396]],[[-37.74628,-6.34533],[-37.74902,-6.34806],[-37.74559,-6.34806],[-37.74628,-6.34533]],[[-37.63161,-6.34533],[-37.63161,-6.34942],[-37.62268,-6.3501],[-37.62474,-6.34601],[-37.63161,-6.34533]],[[-37.66731,-6.35215],[-37.66937,-6.35283],[-37.67006,-6.35693],[-37.66525,-6.35556],[-37.66731,-6.35215]],[[-37.4929,-6.35352],[-37.5087,-6.3542],[-37.50938,-6.35693],[-37.50595,-6.35966],[-37.49977,-6.35966],[-37.49428,-6.36443],[-37.49084,-6.36239],[-37.48329,-6.36375],[-37.47849,-6.36034],[-37.48329,-6.35625],[-37.4929,-6.35352]],[[-37.51556,-6.35693],[-37.52174,-6.35829],[-37.5396,-6.36989],[-37.54509,-6.37604],[-37.55333,-6.37877],[-37.5602,-6.38695],[-37.5602,-6.39037],[-37.55127,-6.39105],[-37.54715,-6.38013],[-37.54166,-6.38013],[-37.54234,-6.38422],[-37.53891,-6.38491],[-37.53616,-6.38081],[-37.52243,-6.3774],[-37.519,-6.36921],[-37.51968,-6.36307],[-37.51556,-6.35693]],[[-37.70988,-6.36512],[-37.7243,-6.36716],[-37.72911,-6.3658],[-37.73392,-6.37604],[-37.73323,-6.38081],[-37.72842,-6.38081],[-37.72705,-6.37535],[-37.7243,-6.37467],[-37.7195,-6.38422],[-37.71263,-6.38695],[-37.70714,-6.38627],[-37.70645,-6.37604],[-37.70164,-6.37535],[-37.6989,-6.36989],[-37.70233,-6.36648],[-37.70988,-6.36512]],[[-37.79022,-6.36785],[-37.79022,-6.37194],[-37.78198,-6.37467],[-37.78404,-6.36989],[-37.79022,-6.36785]],[[-37.76688,-6.37945],[-37.77031,-6.38559],[-37.76825,-6.38968],[-37.76138,-6.38695],[-37.76207,-6.38149],[-37.76688,-6.37945]],[[-37.69615,-6.38286],[-37.70027,-6.38695],[-37.69958,-6.39105],[-37.69684,-6.39378],[-37.69203,-6.39378],[-37.6886,-6.38968],[-37.6886,-6.38422],[-37.69135,-6.38218],[-37.69615,-6.38286]],[[-37.7758,-6.38491],[-37.77718,-6.38968],[-37.77443,-6.39037],[-37.77237,-6.38559],[-37.7758,-6.38491]],[[-37.75108,-6.38968],[-37.74696,-6.39173],[-37.74559,-6.38764],[-37.75108,-6.38695],[-37.75108,-6.38968]],[[-37.56638,-6.38968],[-37.56912,-6.39514],[-37.5808,-6.39924],[-37.5808,-6.40197],[-37.57324,-6.40333],[-37.56775,-6.40128],[-37.56569,-6.39651],[-37.56157,-6.39514],[-37.56226,-6.38968],[-37.56638,-6.38968]],[[-37.59453,-6.40538],[-37.60277,-6.40811],[-37.60071,-6.41288],[-37.59384,-6.40742],[-37.59453,-6.40538]],[[-37.58904,-6.40947],[-37.59384,-6.41425],[-37.59384,-6.41971],[-37.58766,-6.41971],[-37.58011,-6.41425],[-37.58286,-6.40947],[-37.58904,-6.40947]],[[-37.62268,-6.41766],[-37.62749,-6.42585],[-37.62268,-6.4279],[-37.61993,-6.42517],[-37.61993,-6.42107],[-37.62268,-6.41766]],[[-37.57324,-6.42107],[-37.56981,-6.42175],[-37.56981,-6.41902],[-37.57324,-6.41902],[-37.57324,-6.42107]],[[-37.56706,-6.42994],[-37.57874,-6.43677],[-37.57805,-6.44086],[-37.5705,-6.44222],[-37.5705,-6.43404],[-37.56638,-6.43608],[-37.56088,-6.43404],[-37.56706,-6.42994]],[[-37.58286,-6.43199],[-37.58148,-6.43335],[-37.58148,-6.43199],[-37.58286,-6.43199]],[[-37.64534,-6.45655],[-37.64328,-6.4586],[-37.64259,-6.45723],[-37.64534,-6.45655]],[[-37.86369,-6.47293],[-37.86507,-6.47634],[-37.86232,-6.47702],[-37.86026,-6.47361],[-37.86369,-6.47293]],[[-37.82593,-6.47361],[-37.8273,-6.4777],[-37.82387,-6.48111],[-37.81975,-6.47429],[-37.82593,-6.47361]],[[-37.80258,-6.47907],[-37.81013,-6.48316],[-37.81219,-6.48794],[-37.79984,-6.48589],[-37.79915,-6.48043],[-37.80258,-6.47907]],[[-37.77992,-6.47907],[-37.78404,-6.4818],[-37.78061,-6.48248],[-37.77992,-6.47907]],[[-37.88979,-6.48111],[-37.89047,-6.48453],[-37.88635,-6.48384],[-37.88704,-6.48043],[-37.88979,-6.48111]],[[-37.82593,-6.4818],[-37.83829,-6.49203],[-37.83829,-6.49476],[-37.83348,-6.49476],[-37.83211,-6.49135],[-37.82524,-6.48794],[-37.82387,-6.48316],[-37.82593,-6.4818]],[[-37.85339,-6.48384],[-37.85614,-6.48657],[-37.85202,-6.48794],[-37.85339,-6.48384]],[[-37.86713,-6.4893],[-37.86713,-6.49681],[-37.86301,-6.49612],[-37.86713,-6.4893]],[[-37.79228,-6.49612],[-37.7916,-6.49749],[-37.7916,-6.49612],[-37.79228,-6.49612]],[[-37.91656,-6.49749],[-37.91931,-6.49953],[-37.91725,-6.5009],[-37.91656,-6.49749]],[[-37.83966,-6.49817],[-37.8479,-6.49885],[-37.85133,-6.50363],[-37.8479,-6.50977],[-37.84035,-6.50772],[-37.83966,-6.49817]],[[-37.96875,-6.49953],[-37.96669,-6.5009],[-37.96669,-6.49953],[-37.96875,-6.49953]],[[-37.79503,-6.50636],[-37.79846,-6.5125],[-37.79572,-6.51318],[-37.79228,-6.50909],[-37.79503,-6.50636]],[[-37.89803,-6.50704],[-37.89665,-6.5084],[-37.89665,-6.50704],[-37.89803,-6.50704]],[[-37.59315,-6.50772],[-37.60208,-6.50977],[-37.60208,-6.51659],[-37.59521,-6.51727],[-37.59453,-6.52137],[-37.59109,-6.52205],[-37.58904,-6.52],[-37.59109,-6.51045],[-37.59315,-6.50772]],[[-37.85202,-6.51113],[-37.85271,-6.51454],[-37.8479,-6.51454],[-37.84927,-6.51045],[-37.85202,-6.51113]],[[-37.80396,-6.51386],[-37.80464,-6.51727],[-37.80121,-6.51795],[-37.80052,-6.51386],[-37.80396,-6.51386]],[[-37.57805,-6.51591],[-37.57942,-6.51795],[-37.57736,-6.51727],[-37.57805,-6.51591]],[[-37.73392,-6.51864],[-37.74284,-6.52205],[-37.74147,-6.52546],[-37.73735,-6.52614],[-37.73254,-6.52341],[-37.73392,-6.51864]],[[-37.61787,-6.52068],[-37.62543,-6.52409],[-37.62474,-6.54592],[-37.61581,-6.54251],[-37.6165,-6.52546],[-37.61787,-6.52068]],[[-37.9097,-6.5316],[-37.90764,-6.53296],[-37.90764,-6.53228],[-37.9097,-6.5316]],[[-37.60139,-6.53433],[-37.6062,-6.53501],[-37.6062,-6.53637],[-37.60139,-6.53433]],[[-37.64534,-6.53706],[-37.64877,-6.53978],[-37.64671,-6.54592],[-37.64328,-6.5391],[-37.64534,-6.53706]],[[-37.86026,-6.54934],[-37.87125,-6.55616],[-37.87125,-6.55957],[-37.86919,-6.56025],[-37.86095,-6.55275],[-37.86026,-6.54934]],[[-38.46107,-6.55275],[-38.46039,-6.55343],[-38.46039,-6.55275],[-38.46107,-6.55275]],[[-38.42537,-6.55275],[-38.42674,-6.55479],[-38.42468,-6.55411],[-38.42537,-6.55275]],[[-38.43292,-6.55616],[-38.43155,-6.55684],[-38.43155,-6.55616],[-38.43292,-6.55616]],[[-37.79297,-6.59845],[-37.79297,-6.60322],[-37.79778,-6.61141],[-37.79709,-6.62369],[-37.79366,-6.62778],[-37.79778,-6.63255],[-37.79778,-6.64415],[-37.79091,-6.64824],[-37.79091,-6.65301],[-37.78473,-6.65438],[-37.78061,-6.65029],[-37.77786,-6.65233],[-37.771,-6.65029],[-37.76894,-6.65438],[-37.7655,-6.65506],[-37.76894,-6.64551],[-37.77237,-6.64415],[-37.77374,-6.64005],[-37.76825,-6.6346],[-37.771,-6.623],[-37.76619,-6.623],[-37.76482,-6.62096],[-37.7655,-6.61141],[-37.75589,-6.61686],[-37.75314,-6.62164],[-37.74765,-6.62164],[-37.74422,-6.61823],[-37.75383,-6.608],[-37.76482,-6.60186],[-37.7655,-6.59708],[-37.75795,-6.60186],[-37.74147,-6.60595],[-37.73735,-6.59504],[-37.74353,-6.58753],[-37.73941,-6.58481],[-37.7346,-6.59095],[-37.73186,-6.59095],[-37.72911,-6.5889],[-37.7298,-6.58549],[-37.72362,-6.58617],[-37.72156,-6.58344],[-37.71675,-6.58276],[-37.71263,-6.57389],[-37.70851,-6.57185],[-37.71126,-6.57116],[-37.71538,-6.56025],[-37.7243,-6.56025],[-37.72636,-6.56161],[-37.72568,-6.56571],[-37.7195,-6.56639],[-37.71606,-6.57321],[-37.72499,-6.57594],[-37.72911,-6.57253],[-37.73048,-6.56502],[-37.7346,-6.56298],[-37.74078,-6.56844],[-37.73872,-6.57253],[-37.74078,-6.57662],[-37.74902,-6.57253],[-37.75314,-6.57253],[-37.75314,-6.5773],[-37.76894,-6.57594],[-37.76962,-6.57867],[-37.76482,-6.58276],[-37.76894,-6.59163],[-37.77306,-6.58822],[-37.77718,-6.58822],[-37.77992,-6.59163],[-37.78816,-6.59095],[-37.79228,-6.57594],[-37.79503,-6.57389],[-37.79709,-6.59163],[-37.79228,-6.59436],[-37.79297,-6.59693],[-37.82867,-6.592],[-37.82936,-6.58617],[-37.82593,-6.58276],[-37.82936,-6.58003],[-37.83005,-6.58549],[-37.83348,-6.5889],[-37.84721,-6.59777],[-37.84653,-6.608],[-37.84241,-6.61141],[-37.83279,-6.61141],[-37.82799,-6.60459],[-37.82867,-6.59208],[-37.79297,-6.59845]],[[-37.8273,-6.56161],[-37.82936,-6.57048],[-37.82661,-6.57321],[-37.82387,-6.57048],[-37.82387,-6.56298],[-37.8273,-6.56161]],[[-37.82867,-6.57526],[-37.8273,-6.57662],[-37.8273,-6.57526],[-37.82867,-6.57526]],[[-38.5833,-6.57799],[-38.58261,-6.57867],[-38.58261,-6.57799],[-38.5833,-6.57799]],[[-37.71538,-6.58753],[-37.714,-6.59095],[-37.7092,-6.59163],[-37.71057,-6.58753],[-37.71538,-6.58753]],[[-37.68791,-6.59026],[-37.6886,-6.59299],[-37.68585,-6.59436],[-37.68517,-6.59163],[-37.68791,-6.59026]],[[-37.70302,-6.59436],[-37.71194,-6.59913],[-37.71126,-6.60459],[-37.70302,-6.59981],[-37.70302,-6.59436]],[[-38.05527,-6.60118],[-38.05733,-6.60459],[-38.05458,-6.60391],[-38.05527,-6.60118]],[[-38.1665,-6.60595],[-38.17406,-6.61345],[-38.17131,-6.62232],[-38.1665,-6.62028],[-38.16925,-6.61618],[-38.1665,-6.60868],[-38.1665,-6.60595]],[[-37.71881,-6.60663],[-37.72156,-6.60936],[-37.71812,-6.60936],[-37.71881,-6.60663]],[[-38.17474,-6.608],[-38.17543,-6.61004],[-38.17337,-6.608],[-38.17474,-6.608]],[[-38.18367,-6.61414],[-38.18298,-6.61482],[-38.18298,-6.61414],[-38.18367,-6.61414]],[[-37.53342,-6.63528],[-37.5341,-6.63937],[-37.53136,-6.64074],[-37.53067,-6.63596],[-37.53342,-6.63528]],[[-37.49977,-6.64415],[-37.49908,-6.64483],[-37.49908,-6.64415],[-37.49977,-6.64415]],[[-38.32787,-6.65983],[-38.33199,-6.66324],[-38.32855,-6.66461],[-38.32787,-6.65983]],[[-38.33748,-6.6687],[-38.34709,-6.67688],[-38.34641,-6.67961],[-38.33542,-6.67961],[-38.33817,-6.67552],[-38.33473,-6.67211],[-38.33473,-6.6687],[-38.33748,-6.6687]],[[-37.97562,-6.67143],[-37.97424,-6.67279],[-37.97424,-6.67143],[-37.97562,-6.67143]],[[-38.31276,-6.67211],[-38.32375,-6.67347],[-38.32512,-6.67825],[-38.31757,-6.67688],[-38.31276,-6.67211]],[[-38.62038,-6.6762],[-38.62518,-6.67825],[-38.6245,-6.68029],[-38.62038,-6.6762]],[[-38.47549,-6.6837],[-38.47687,-6.68575],[-38.47481,-6.68507],[-38.47549,-6.6837]],[[-37.92274,-6.68575],[-37.92755,-6.6878],[-37.92206,-6.69189],[-37.91245,-6.69189],[-37.91382,-6.68984],[-37.91931,-6.68984],[-37.92274,-6.68575]],[[-37.817,-6.6878],[-37.82799,-6.68711],[-37.82867,-6.68848],[-37.82112,-6.68984],[-37.817,-6.6878]],[[-37.93167,-6.68711],[-37.93442,-6.68984],[-37.93167,-6.68916],[-37.93167,-6.68711]],[[-38.11501,-6.69121],[-38.1205,-6.69257],[-38.12256,-6.69939],[-38.11501,-6.6953],[-38.11501,-6.69121]],[[-38.02711,-6.70484],[-38.02711,-6.70825],[-38.02299,-6.70689],[-38.02437,-6.70416],[-38.02711,-6.70484]],[[-38.00446,-6.70962],[-38.0024,-6.71916],[-38.00583,-6.72121],[-38.00583,-6.72735],[-38.0024,-6.72939],[-37.99896,-6.72803],[-37.99828,-6.72257],[-37.99416,-6.71848],[-37.99896,-6.70962],[-38.00446,-6.70962]],[[-37.44141,-6.71439],[-37.44003,-6.71507],[-37.44003,-6.71439],[-37.44141,-6.71439]],[[-37.56981,-6.71712],[-37.57599,-6.71712],[-37.58217,-6.72462],[-37.57324,-6.72394],[-37.56981,-6.72053],[-37.56981,-6.71712]],[[-37.43111,-6.71916],[-37.43591,-6.72053],[-37.4366,-6.7253],[-37.43179,-6.72326],[-37.43111,-6.71916]],[[-37.94678,-6.7253],[-37.94609,-6.72803],[-37.94403,-6.72735],[-37.94472,-6.72394],[-37.94678,-6.7253]],[[-37.46681,-6.72735],[-37.48398,-6.72871],[-37.48192,-6.7444],[-37.46613,-6.73212],[-37.46681,-6.72735]],[[-37.9509,-6.72939],[-37.95364,-6.73212],[-37.9509,-6.73349],[-37.9509,-6.72939]],[[-37.60139,-6.73621],[-37.60139,-6.74985],[-37.59796,-6.75803],[-37.59865,-6.77099],[-37.59521,-6.7744],[-37.59315,-6.7669],[-37.58492,-6.7594],[-37.5808,-6.76076],[-37.5753,-6.74985],[-37.57668,-6.74781],[-37.58286,-6.74781],[-37.5856,-6.74235],[-37.59178,-6.74235],[-37.59109,-6.73553],[-37.59521,-6.73689],[-37.59247,-6.74167],[-37.59453,-6.74508],[-37.60139,-6.73621]],[[-38.58192,-6.73894],[-38.5881,-6.74508],[-38.5936,-6.7444],[-38.59428,-6.74781],[-38.5833,-6.74917],[-38.58192,-6.74371],[-38.57437,-6.74371],[-38.57094,-6.74099],[-38.57231,-6.73894],[-38.58192,-6.73894]],[[-37.36038,-6.73962],[-37.3597,-6.7403],[-37.3597,-6.73962],[-37.36038,-6.73962]],[[-37.54028,-6.74508],[-37.55333,-6.75326],[-37.55814,-6.76212],[-37.55882,-6.77781],[-37.54921,-6.78599],[-37.54097,-6.78258],[-37.53204,-6.78258],[-37.51762,-6.77099],[-37.51762,-6.7669],[-37.52037,-6.76553],[-37.53342,-6.76758],[-37.53204,-6.75394],[-37.54028,-6.74508]],[[-37.9921,-6.75326],[-37.99622,-6.75667],[-37.99553,-6.76212],[-37.98798,-6.76485],[-37.98454,-6.76894],[-37.97974,-6.76894],[-37.97699,-6.76212],[-37.98523,-6.76008],[-37.98798,-6.75394],[-37.9921,-6.75326]],[[-37.56569,-6.75394],[-37.56569,-6.75667],[-37.56294,-6.75735],[-37.56363,-6.75394],[-37.56569,-6.75394]],[[-36.82961,-6.75803],[-36.82892,-6.75872],[-36.82892,-6.75803],[-36.82961,-6.75803]],[[-37.49908,-6.76485],[-37.50938,-6.77781],[-37.51282,-6.78872],[-37.51625,-6.79076],[-37.51076,-6.80235],[-37.51144,-6.81053],[-37.51762,-6.81531],[-37.52037,-6.8044],[-37.5293,-6.80508],[-37.53136,-6.80849],[-37.53342,-6.83303],[-37.53136,-6.83712],[-37.52106,-6.84258],[-37.51831,-6.84871],[-37.51213,-6.84667],[-37.5087,-6.83917],[-37.50252,-6.83644],[-37.50252,-6.82962],[-37.50458,-6.82826],[-37.50801,-6.83031],[-37.5087,-6.83644],[-37.51144,-6.8344],[-37.51144,-6.82826],[-37.51556,-6.82622],[-37.51488,-6.81803],[-37.50458,-6.82281],[-37.50114,-6.81258],[-37.49908,-6.8119],[-37.49496,-6.81326],[-37.49565,-6.8194],[-37.49084,-6.82076],[-37.48741,-6.81735],[-37.48741,-6.81122],[-37.48329,-6.80372],[-37.48878,-6.7894],[-37.49153,-6.79076],[-37.49428,-6.79758],[-37.50114,-6.7969],[-37.50252,-6.78803],[-37.49222,-6.77917],[-37.4881,-6.76622],[-37.48878,-6.76417],[-37.49908,-6.76485]],[[-37.73186,-6.76758],[-37.73392,-6.77372],[-37.73048,-6.77508],[-37.72774,-6.76826],[-37.73186,-6.76758]],[[-36.90994,-6.77099],[-36.90788,-6.77508],[-36.90857,-6.77099],[-36.90994,-6.77099]],[[-36.97517,-6.77644],[-36.9738,-6.77781],[-36.9738,-6.77644],[-36.97517,-6.77644]],[[-37.05414,-6.77849],[-37.06306,-6.78531],[-37.07542,-6.78599],[-37.08092,-6.79349],[-37.08641,-6.79554],[-37.08984,-6.80099],[-37.09808,-6.80644],[-37.10907,-6.80576],[-37.11044,-6.82485],[-37.11868,-6.83781],[-37.11594,-6.83781],[-37.10838,-6.82826],[-37.1077,-6.83576],[-37.10564,-6.83712],[-37.08641,-6.82008],[-37.07748,-6.82144],[-37.07611,-6.81803],[-37.07886,-6.81463],[-37.07199,-6.81463],[-37.06993,-6.79894],[-37.0562,-6.78872],[-37.05208,-6.78053],[-37.05414,-6.77849]],[[-37.73186,-6.77917],[-37.73048,-6.78053],[-37.73048,-6.77917],[-37.73186,-6.77917]],[[-36.97586,-6.78326],[-36.97655,-6.78531],[-36.97517,-6.79008],[-36.97586,-6.78326]],[[-38.55446,-6.78463],[-38.55652,-6.78735],[-38.55446,-6.79213],[-38.55103,-6.78803],[-38.54553,-6.78803],[-38.54622,-6.78531],[-38.55446,-6.78463]],[[-37.10358,-6.78599],[-37.11319,-6.79144],[-37.118,-6.80167],[-37.1228,-6.8044],[-37.12349,-6.81053],[-37.12006,-6.81053],[-37.10701,-6.80167],[-37.10701,-6.79622],[-37.10358,-6.79008],[-37.10358,-6.78599]],[[-37.46956,-6.79485],[-37.48055,-6.79963],[-37.47849,-6.80644],[-37.46338,-6.80167],[-37.46407,-6.79485],[-37.46956,-6.79485]],[[-38.56613,-6.79963],[-38.56407,-6.80099],[-38.56201,-6.80099],[-38.56407,-6.79826],[-38.56613,-6.79963]],[[-37.01431,-6.80031],[-37.01088,-6.80849],[-37.00813,-6.80781],[-37.01157,-6.80099],[-37.01431,-6.80031]],[[-36.93604,-6.8044],[-36.93878,-6.80576],[-36.93672,-6.80713],[-36.93604,-6.8044]],[[-37.46063,-6.80917],[-37.46819,-6.81531],[-37.47368,-6.81667],[-37.47574,-6.82281],[-37.47093,-6.82281],[-37.46544,-6.81872],[-37.46063,-6.80917]],[[-37.8891,-6.81394],[-37.88841,-6.81463],[-37.88841,-6.81394],[-37.8891,-6.81394]],[[-37.1283,-6.81463],[-37.13242,-6.81667],[-37.1331,-6.8194],[-37.1283,-6.81735],[-37.1283,-6.81463]],[[-37.45651,-6.81667],[-37.45926,-6.82144],[-37.45583,-6.82417],[-37.45514,-6.82894],[-37.45995,-6.83167],[-37.46132,-6.8419],[-37.45789,-6.84121],[-37.4572,-6.83781],[-37.45171,-6.83644],[-37.45171,-6.82417],[-37.44759,-6.82213],[-37.44827,-6.81599],[-37.45651,-6.81667]],[[-38.46519,-6.81803],[-38.46382,-6.82281],[-38.45901,-6.82213],[-38.46313,-6.81803],[-38.46519,-6.81803]],[[-37.25807,-6.81872],[-37.26357,-6.82008],[-37.26288,-6.82281],[-37.25876,-6.82213],[-37.25807,-6.81872]],[[-38.45009,-6.82076],[-38.44803,-6.82213],[-38.44734,-6.82076],[-38.45009,-6.82076]],[[-37.73186,-6.82213],[-37.74147,-6.82553],[-37.73872,-6.83031],[-37.73186,-6.82553],[-37.73186,-6.82213]],[[-37.43179,-6.82144],[-37.4366,-6.83508],[-37.43248,-6.84053],[-37.43248,-6.8494],[-37.43591,-6.85962],[-37.43385,-6.86303],[-37.42973,-6.86303],[-37.42218,-6.8678],[-37.42012,-6.86576],[-37.42081,-6.85826],[-37.41051,-6.84053],[-37.40913,-6.82826],[-37.41051,-6.82622],[-37.42081,-6.82622],[-37.42767,-6.83712],[-37.4263,-6.82417],[-37.42905,-6.82144],[-37.43179,-6.82144]],[[-38.44048,-6.82485],[-38.4446,-6.82758],[-38.44391,-6.83167],[-38.43498,-6.82826],[-38.43498,-6.82553],[-38.44048,-6.82485]],[[-38.46519,-6.82894],[-38.47,-6.82962],[-38.46931,-6.83372],[-38.46519,-6.83303],[-38.46519,-6.82894]],[[-37.34047,-6.82962],[-37.3391,-6.83099],[-37.33635,-6.83099],[-37.33841,-6.82894],[-37.34047,-6.82962]],[[-38.07724,-6.83712],[-38.09235,-6.83576],[-38.09303,-6.84053],[-38.08617,-6.84326],[-38.08067,-6.84258],[-38.07724,-6.83712]],[[-38.12874,-6.83849],[-38.12805,-6.84121],[-38.12393,-6.83985],[-38.12531,-6.83712],[-38.12874,-6.83849]],[[-37.27112,-6.83781],[-37.27318,-6.83985],[-37.27043,-6.84053],[-37.27112,-6.83781]],[[-38.35945,-6.84121],[-38.367,-6.84121],[-38.36769,-6.84599],[-38.36082,-6.84735],[-38.35945,-6.84121]],[[-36.95732,-6.84258],[-36.96007,-6.8419],[-36.96075,-6.84531],[-36.95732,-6.84258]],[[-38.00995,-6.8419],[-38.01476,-6.84326],[-38.01132,-6.84531],[-38.00995,-6.8419]],[[-37.68105,-6.8419],[-37.68311,-6.84871],[-37.68105,-6.8528],[-37.6783,-6.8528],[-37.6783,-6.84462],[-37.68105,-6.8419]],[[-37.4778,-6.84121],[-37.48535,-6.84258],[-37.48535,-6.84531],[-37.47643,-6.85349],[-37.47162,-6.84803],[-37.47299,-6.84394],[-37.4778,-6.84121]],[[-37.39128,-6.84326],[-37.39197,-6.84735],[-37.39471,-6.85076],[-37.38922,-6.8494],[-37.38853,-6.84326],[-37.39128,-6.84326]],[[-37.11456,-6.84326],[-37.11937,-6.84531],[-37.12006,-6.8494],[-37.11456,-6.84667],[-37.11456,-6.84326]],[[-38.35052,-6.84462],[-38.35602,-6.84462],[-38.35396,-6.84667],[-38.35052,-6.84462]],[[-38.28323,-6.84462],[-38.30383,-6.84667],[-38.28049,-6.8528],[-38.26607,-6.85008],[-38.26813,-6.84735],[-38.28323,-6.84462]],[[-38.19466,-6.84531],[-38.20702,-6.84735],[-38.20976,-6.8494],[-38.20908,-6.85417],[-38.20221,-6.85553],[-38.19672,-6.85349],[-38.19672,-6.84803],[-38.18985,-6.84667],[-38.19466,-6.84531]],[[-37.68997,-6.84667],[-37.69066,-6.85076],[-37.68791,-6.85144],[-37.68654,-6.84667],[-37.68997,-6.84667]],[[-38.21732,-6.85008],[-38.21732,-6.85212],[-38.2132,-6.85144],[-38.2132,-6.8494],[-38.21732,-6.85008]],[[-37.69547,-6.85485],[-37.69341,-6.85894],[-37.69066,-6.85826],[-37.69272,-6.85349],[-37.69547,-6.85485]],[[-38.35327,-6.85417],[-38.3519,-6.85485],[-38.3519,-6.85417],[-38.35327,-6.85417]],[[-38.46176,-6.85621],[-38.46245,-6.85758],[-38.46039,-6.85621],[-38.46176,-6.85621]],[[-37.52998,-6.85894],[-37.5341,-6.86303],[-37.53479,-6.87121],[-37.53067,-6.87598],[-37.5293,-6.88689],[-37.5238,-6.88757],[-37.51694,-6.88348],[-37.51625,-6.87803],[-37.51968,-6.87394],[-37.52724,-6.87326],[-37.52724,-6.85962],[-37.52998,-6.85894]],[[-37.19284,-6.85894],[-37.19696,-6.86167],[-37.19353,-6.86508],[-37.19284,-6.85894]],[[-38.35396,-6.86235],[-38.35533,-6.86439],[-38.35327,-6.86439],[-38.35396,-6.86235]],[[-38.37318,-6.86303],[-38.37112,-6.86508],[-38.37044,-6.86303],[-38.37318,-6.86303]],[[-37.05414,-6.86303],[-37.0562,-6.87326],[-37.04933,-6.8753],[-37.04796,-6.86439],[-37.05414,-6.86303]],[[-38.44185,-6.86439],[-38.44872,-6.8678],[-38.44528,-6.87189],[-38.45009,-6.87394],[-38.4494,-6.87735],[-38.44391,-6.87666],[-38.44185,-6.86985],[-38.43361,-6.86848],[-38.4343,-6.86508],[-38.44185,-6.86439]],[[-37.70233,-6.86371],[-37.71194,-6.87053],[-37.71812,-6.87053],[-37.72087,-6.87326],[-37.72087,-6.87803],[-37.714,-6.88007],[-37.70576,-6.87666],[-37.70164,-6.86576],[-37.70233,-6.86371]],[[-37.1228,-6.86576],[-37.13242,-6.86917],[-37.13516,-6.87598],[-37.14546,-6.88757],[-37.15233,-6.88757],[-37.15233,-6.89371],[-37.15782,-6.89848],[-37.15439,-6.89848],[-37.15233,-6.89439],[-37.1489,-6.89371],[-37.13928,-6.88416],[-37.12761,-6.87871],[-37.1228,-6.86985],[-37.1228,-6.86576]],[[-38.2029,-6.86985],[-38.20152,-6.87121],[-38.20152,-6.86985],[-38.2029,-6.86985]],[[-37.48672,-6.87053],[-37.48535,-6.8753],[-37.48192,-6.87394],[-37.4826,-6.87053],[-37.48672,-6.87053]],[[-37.83142,-6.87121],[-37.83073,-6.87257],[-37.82112,-6.87394],[-37.82181,-6.87189],[-37.83142,-6.87121]],[[-38.20908,-6.87257],[-38.21388,-6.87871],[-38.2132,-6.88076],[-38.20564,-6.87735],[-38.20496,-6.87189],[-38.20908,-6.87257]],[[-38.00034,-6.87735],[-38.02437,-6.87871],[-38.02643,-6.8828],[-38.02299,-6.88894],[-38.01544,-6.8903],[-38.01064,-6.88894],[-38.00034,-6.88007],[-38.00034,-6.87735]],[[-37.96669,-6.88007],[-37.97493,-6.88212],[-37.97974,-6.88076],[-37.98317,-6.88621],[-37.9921,-6.88553],[-37.99622,-6.8903],[-37.99072,-6.89234],[-37.97699,-6.88621],[-37.97012,-6.88689],[-37.96532,-6.88348],[-37.96669,-6.88007]],[[-37.42493,-6.88076],[-37.42218,-6.8828],[-37.42218,-6.88076],[-37.42493,-6.88076]],[[-38.17268,-6.8828],[-38.18161,-6.88553],[-38.172,-6.88553],[-38.17268,-6.8828]],[[-38.39241,-6.88416],[-38.40271,-6.89439],[-38.40889,-6.89166],[-38.41026,-6.8978],[-38.40614,-6.89984],[-38.39378,-6.89303],[-38.39172,-6.88621],[-38.39241,-6.88416]],[[-37.53616,-6.88485],[-37.54097,-6.89098],[-37.54166,-6.89507],[-37.53822,-6.89439],[-37.5341,-6.88894],[-37.53342,-6.88485],[-37.53616,-6.88485]],[[-37.99965,-6.88689],[-38.00446,-6.88825],[-38.00446,-6.8903],[-37.99896,-6.88962],[-37.99965,-6.88689]],[[-38.38554,-6.88894],[-38.38692,-6.89234],[-38.38211,-6.89371],[-38.38142,-6.88894],[-38.38554,-6.88894]],[[-38.33885,-6.8903],[-38.33817,-6.89984],[-38.33405,-6.90598],[-38.34641,-6.90257],[-38.34778,-6.9053],[-38.34572,-6.90734],[-38.33405,-6.90802],[-38.33061,-6.90393],[-38.33267,-6.89916],[-38.33199,-6.89166],[-38.33885,-6.8903]],[[-38.45078,-6.89098],[-38.45146,-6.89439],[-38.44803,-6.89439],[-38.44803,-6.89098],[-38.45078,-6.89098]],[[-37.42149,-6.89234],[-37.42493,-6.89643],[-37.42424,-6.8978],[-37.41737,-6.89507],[-37.41669,-6.89166],[-37.42149,-6.89234]],[[-37.44141,-6.89439],[-37.44759,-6.89848],[-37.44759,-6.90121],[-37.42699,-6.89916],[-37.43111,-6.89575],[-37.44141,-6.89439]],[[-37.18803,-6.89371],[-37.19353,-6.89712],[-37.21756,-6.89848],[-37.22443,-6.90257],[-37.25807,-6.90939],[-37.26013,-6.91211],[-37.26494,-6.9087],[-37.27386,-6.9087],[-37.28348,-6.91211],[-37.28348,-6.91416],[-37.25876,-6.91552],[-37.25395,-6.91893],[-37.24365,-6.91279],[-37.24091,-6.91279],[-37.23885,-6.91757],[-37.21207,-6.91484],[-37.19559,-6.90666],[-37.19009,-6.90052],[-37.18803,-6.89371]],[[-37.54303,-6.89712],[-37.54646,-6.8978],[-37.54646,-6.89848],[-37.54303,-6.89848],[-37.54303,-6.89712]],[[-38.4494,-6.89848],[-38.45284,-6.90189],[-38.44803,-6.90052],[-38.4494,-6.89848]],[[-37.55196,-6.89984],[-37.55402,-6.90189],[-37.55196,-6.90189],[-37.55196,-6.89984]],[[-37.97974,-6.90121],[-37.97836,-6.90257],[-37.97836,-6.90121],[-37.97974,-6.90121]],[[-38.41095,-6.90325],[-38.40958,-6.90393],[-38.40958,-6.90325],[-38.41095,-6.90325]],[[-37.17361,-6.91007],[-37.18529,-6.91211],[-37.18323,-6.91484],[-37.18529,-6.92097],[-37.18185,-6.92234],[-37.18323,-6.92506],[-37.21756,-6.94279],[-37.21893,-6.94551],[-37.20726,-6.94619],[-37.19833,-6.94074],[-37.17911,-6.93733],[-37.17705,-6.93529],[-37.17842,-6.92984],[-37.17087,-6.92438],[-37.17155,-6.91893],[-37.16743,-6.91552],[-37.17636,-6.91552],[-37.17361,-6.91007]],[[-38.40752,-6.91279],[-38.40271,-6.91416],[-38.40134,-6.91211],[-38.40752,-6.91075],[-38.40752,-6.91279]],[[-37.50183,-6.91279],[-37.50114,-6.91348],[-37.50114,-6.91279],[-37.50183,-6.91279]],[[-37.519,-6.91484],[-37.52449,-6.92097],[-37.54097,-6.92097],[-37.54715,-6.92506],[-37.5602,-6.92302],[-37.56569,-6.92575],[-37.5135,-6.92984],[-37.50732,-6.93256],[-37.50114,-6.92984],[-37.5032,-6.92302],[-37.51076,-6.92438],[-37.51625,-6.92234],[-37.51556,-6.91484],[-37.519,-6.91484]],[[-37.19215,-6.91688],[-37.20039,-6.91757],[-37.20383,-6.92234],[-37.19421,-6.92166],[-37.19215,-6.91688]],[[-37.3185,-6.92166],[-37.32674,-6.92097],[-37.32742,-6.92302],[-37.3185,-6.92166]],[[-37.48329,-6.92302],[-37.47986,-6.92575],[-37.48604,-6.93052],[-37.48535,-6.93324],[-37.46613,-6.93733],[-37.4366,-6.92711],[-37.44484,-6.92506],[-37.44965,-6.92779],[-37.45445,-6.92302],[-37.46269,-6.92575],[-37.47505,-6.92575],[-37.47711,-6.92166],[-37.48329,-6.92302]],[[-37.66731,-6.92438],[-37.66937,-6.92984],[-37.66525,-6.93256],[-37.66525,-6.93597],[-37.66182,-6.93597],[-37.65839,-6.93052],[-37.66319,-6.92847],[-37.66182,-6.9237],[-37.66731,-6.92438]],[[-37.49634,-6.92915],[-37.49634,-6.93188],[-37.49222,-6.93188],[-37.49359,-6.92847],[-37.49634,-6.92915]],[[-38.35396,-6.93801],[-38.3519,-6.93801],[-38.35258,-6.93461],[-38.35396,-6.93461],[-38.35396,-6.93801]],[[-37.68791,-6.93529],[-37.68654,-6.93665],[-37.68448,-6.93665],[-37.68448,-6.93461],[-37.68791,-6.93529]],[[-37.67418,-6.93733],[-37.67281,-6.93938],[-37.67006,-6.93938],[-37.67143,-6.93597],[-37.67418,-6.93733]],[[-37.44347,-6.93938],[-37.44003,-6.94074],[-37.43935,-6.93938],[-37.44347,-6.93938]],[[-37.46544,-6.9421],[-37.47093,-6.94415],[-37.46681,-6.94483],[-37.46544,-6.9421]],[[-37.32399,-6.9421],[-37.35489,-6.94279],[-37.3597,-6.94619],[-37.34528,-6.9496],[-37.3185,-6.94824],[-37.31438,-6.95165],[-37.31026,-6.9496],[-37.31163,-6.94551],[-37.31987,-6.94551],[-37.32399,-6.9421]],[[-38.27568,-6.94688],[-38.2798,-6.94756],[-38.2798,-6.95028],[-38.27568,-6.9496],[-38.27568,-6.94688]],[[-37.4675,-6.94688],[-37.47093,-6.95028],[-37.46475,-6.95233],[-37.46132,-6.9571],[-37.46475,-6.96323],[-37.46407,-6.96869],[-37.45377,-6.97005],[-37.45857,-6.96528],[-37.45102,-6.96119],[-37.45239,-6.95437],[-37.4675,-6.94688]],[[-37.05276,-6.94824],[-37.05208,-6.95097],[-37.04659,-6.95574],[-37.04796,-6.94824],[-37.05276,-6.94824]],[[-37.62405,-6.94824],[-37.62337,-6.95097],[-37.62062,-6.9496],[-37.62062,-6.94756],[-37.62405,-6.94824]],[[-37.53273,-6.94824],[-37.52861,-6.95097],[-37.52724,-6.94892],[-37.53273,-6.94824]],[[-37.72568,-6.95165],[-37.72774,-6.95642],[-37.72362,-6.9571],[-37.72224,-6.95233],[-37.72568,-6.95165]],[[-37.34116,-6.95369],[-37.34253,-6.95505],[-37.34047,-6.95505],[-37.34116,-6.95369]],[[-37.07817,-6.95574],[-37.08778,-6.9571],[-37.08984,-6.96323],[-37.08778,-6.968],[-37.07748,-6.95914],[-37.07817,-6.95574]],[[-37.12898,-6.95642],[-37.13104,-6.95914],[-37.12555,-6.95846],[-37.12555,-6.9571],[-37.12898,-6.95642]],[[-37.1228,-6.95574],[-37.12349,-6.95914],[-37.12006,-6.95574],[-37.1228,-6.95574]],[[-37.54921,-6.95642],[-37.55608,-6.95914],[-37.55196,-6.96187],[-37.54715,-6.95914],[-37.54921,-6.95642]],[[-37.68929,-6.9571],[-37.69615,-6.95983],[-37.69409,-6.96255],[-37.68791,-6.96119],[-37.68929,-6.9571]],[[-37.56294,-6.9571],[-37.56088,-6.95846],[-37.56088,-6.9571],[-37.56294,-6.9571]],[[-37.10014,-6.96187],[-37.10701,-6.96392],[-37.11182,-6.96869],[-37.10495,-6.968],[-37.09946,-6.9646],[-37.10014,-6.96187]],[[-37.76688,-6.96392],[-37.77443,-6.96869],[-37.77512,-6.97346],[-37.76688,-6.97414],[-37.76276,-6.97141],[-37.76276,-6.96392],[-37.76688,-6.96392]],[[-37.59315,-6.96596],[-37.59315,-6.96869],[-37.59041,-6.968],[-37.59041,-6.96596],[-37.59315,-6.96596]],[[-38.44734,-6.96937],[-38.44528,-6.97209],[-38.4446,-6.97005],[-38.44734,-6.96937]],[[-37.19627,-6.97005],[-37.19765,-6.97209],[-37.19421,-6.97005],[-37.19627,-6.97005]],[[-37.70302,-6.9755],[-37.70714,-6.97687],[-37.70645,-6.98027],[-37.69958,-6.98027],[-37.70302,-6.9755]],[[-37.31506,-6.97823],[-37.30888,-6.97959],[-37.30614,-6.97755],[-37.31506,-6.9755],[-37.31506,-6.97823]],[[-37.14684,-6.97823],[-37.14752,-6.98027],[-37.14409,-6.98232],[-37.14272,-6.97823],[-37.14684,-6.97823]],[[-37.34253,-6.98027],[-37.34459,-6.983],[-37.33978,-6.98504],[-37.3391,-6.98095],[-37.34253,-6.98027]],[[-37.76413,-6.98164],[-37.76688,-6.98504],[-37.76344,-6.98368],[-37.76413,-6.98164]],[[-37.79434,-6.98436],[-37.80464,-6.98641],[-37.8019,-6.98913],[-37.80258,-6.99322],[-37.7861,-6.99118],[-37.7916,-6.98913],[-37.79434,-6.98436]],[[-37.22168,-6.98981],[-37.22443,-6.98845],[-37.22443,-6.98981],[-37.22168,-6.98981]],[[-37.17705,-7.01094],[-37.18391,-7.00958],[-37.18391,-7.01367],[-37.18048,-7.01571],[-37.17705,-7.01094]],[[-37.33566,-7.01026],[-37.35077,-7.0123],[-37.35008,-7.01503],[-37.3439,-7.01571],[-37.34665,-7.01844],[-37.3439,-7.02048],[-37.33429,-7.01503],[-37.33566,-7.01026]],[[-37.35077,-7.01912],[-37.34871,-7.0198],[-37.34871,-7.01912],[-37.35077,-7.01912]],[[-37.38647,-7.03071],[-37.38922,-7.03684],[-37.38579,-7.03752],[-37.38304,-7.03343],[-37.38029,-7.03343],[-37.37961,-7.03956],[-37.37206,-7.03752],[-37.37137,-7.03411],[-37.36794,-7.03207],[-37.38647,-7.03071]],[[-38.06625,-7.03616],[-38.069,-7.04093],[-38.06763,-7.04365],[-38.05801,-7.04093],[-38.06076,-7.03684],[-38.06625,-7.03616]],[[-37.90352,-7.0457],[-37.90627,-7.0491],[-37.90352,-7.04979],[-37.90352,-7.0457]],[[-37.89047,-7.04842],[-37.89459,-7.05183],[-37.88704,-7.05388],[-37.88635,-7.04842],[-37.89047,-7.04842]],[[-38.05939,-7.05115],[-38.06763,-7.05251],[-38.06763,-7.05592],[-38.06145,-7.05865],[-38.05939,-7.05728],[-38.05939,-7.05115]],[[-37.84721,-7.05115],[-37.86026,-7.05524],[-37.86163,-7.06001],[-37.85751,-7.06137],[-37.84859,-7.05728],[-37.84721,-7.05115]],[[-37.15714,-7.05456],[-37.15714,-7.0566],[-37.15302,-7.05592],[-37.1537,-7.05388],[-37.15714,-7.05456]],[[-37.29858,-7.06137],[-37.3027,-7.06478],[-37.29927,-7.06546],[-37.29858,-7.06137]],[[-37.23061,-7.07091],[-37.22717,-7.07636],[-37.22374,-7.07568],[-37.22649,-7.07091],[-37.23061,-7.07091]],[[-37.77718,-7.07432],[-37.78404,-7.07432],[-37.79022,-7.08181],[-37.7964,-7.08181],[-37.80052,-7.08863],[-37.81837,-7.09272],[-37.82661,-7.08999],[-37.82867,-7.09408],[-37.83417,-7.09272],[-37.84035,-7.09408],[-37.84103,-7.0968],[-37.82799,-7.09612],[-37.82387,-7.09817],[-37.82593,-7.10294],[-37.82043,-7.10362],[-37.81563,-7.10021],[-37.81151,-7.10157],[-37.81013,-7.09817],[-37.80739,-7.09817],[-37.80464,-7.10226],[-37.80327,-7.09953],[-37.79846,-7.10294],[-37.78816,-7.10226],[-37.78816,-7.0968],[-37.79228,-7.09749],[-37.7964,-7.09476],[-37.77786,-7.09135],[-37.77786,-7.08863],[-37.78473,-7.08318],[-37.7813,-7.07773],[-37.77718,-7.07704],[-37.77718,-7.07432]],[[-37.17018,-7.07364],[-37.17018,-7.07977],[-37.16125,-7.08113],[-37.16812,-7.07773],[-37.17018,-7.07364]],[[-37.668,-7.0825],[-37.66663,-7.08658],[-37.65976,-7.08658],[-37.65976,-7.08454],[-37.66525,-7.0825],[-37.668,-7.0825]],[[-37.7037,-7.09408],[-37.70508,-7.09544],[-37.7037,-7.09612],[-37.7037,-7.09408]],[[-37.94403,-7.09544],[-37.94266,-7.0968],[-37.94266,-7.09544],[-37.94403,-7.09544]],[[-37.19353,-7.09885],[-37.19078,-7.09885],[-37.19009,-7.0968],[-37.19353,-7.09612],[-37.19353,-7.09885]],[[-37.95914,-7.10157],[-37.95776,-7.10294],[-37.95776,-7.10157],[-37.95914,-7.10157]],[[-37.17911,-7.1043],[-37.18185,-7.10566],[-37.18185,-7.10839],[-37.17842,-7.11179],[-37.17361,-7.11248],[-37.17155,-7.10771],[-37.17911,-7.1043]],[[-38.12462,-7.10703],[-38.12737,-7.10907],[-38.12393,-7.10839],[-38.12462,-7.10703]],[[-38.13492,-7.11725],[-38.13835,-7.12065],[-38.13423,-7.11929],[-38.13492,-7.11725]],[[-37.9406,-7.12338],[-37.95502,-7.12542],[-37.94403,-7.13428],[-37.94609,-7.13769],[-37.9557,-7.14177],[-37.95708,-7.14586],[-37.94952,-7.14586],[-37.94609,-7.14041],[-37.93991,-7.14177],[-37.93648,-7.13837],[-37.93373,-7.13837],[-37.93304,-7.14518],[-37.92824,-7.14518],[-37.91176,-7.13496],[-37.91176,-7.13224],[-37.91656,-7.12951],[-37.92618,-7.12883],[-37.9303,-7.1261],[-37.93785,-7.12883],[-37.9406,-7.12338]],[[-37.36519,-7.12474],[-37.36382,-7.12678],[-37.36382,-7.12474],[-37.36519,-7.12474]],[[-37.76482,-7.12883],[-37.76894,-7.12951],[-37.76894,-7.13224],[-37.76482,-7.12883]],[[-38.03123,-7.13428],[-38.02986,-7.13564],[-38.03055,-7.13428],[-38.03123,-7.13428]],[[-38.10127,-7.13769],[-38.10265,-7.13837],[-38.10265,-7.13973],[-38.10127,-7.13769]],[[-38.12599,-7.14109],[-38.13286,-7.14722],[-38.13286,-7.14995],[-38.12805,-7.14995],[-38.13011,-7.15949],[-38.12737,-7.15881],[-38.12119,-7.14859],[-38.12393,-7.14654],[-38.12119,-7.14041],[-38.12599,-7.14109]],[[-38.01613,-7.14041],[-38.01544,-7.14245],[-38.01544,-7.14041],[-38.01613,-7.14041]],[[-38.01682,-7.14382],[-38.01819,-7.1445],[-38.01819,-7.14586],[-38.01682,-7.14382]],[[-37.43179,-7.14382],[-37.44003,-7.14722],[-37.4366,-7.15404],[-37.43385,-7.15336],[-37.43179,-7.14382]],[[-37.12967,-7.14791],[-37.13104,-7.15267],[-37.12486,-7.15336],[-37.12418,-7.14859],[-37.12967,-7.14791]],[[-37.10701,-7.14722],[-37.10632,-7.14791],[-37.10632,-7.14722],[-37.10701,-7.14722]],[[-37.32056,-7.14927],[-37.33841,-7.15472],[-37.33978,-7.15949],[-37.3336,-7.16017],[-37.32811,-7.15744],[-37.31026,-7.15812],[-37.30957,-7.15336],[-37.30545,-7.15336],[-37.30888,-7.14927],[-37.32056,-7.14927]],[[-37.93922,-7.15404],[-37.94472,-7.1554],[-37.94403,-7.15881],[-37.9351,-7.16017],[-37.93922,-7.15404]],[[-37.72774,-7.15744],[-37.7298,-7.16085],[-37.72636,-7.16289],[-37.72842,-7.16834],[-37.72568,-7.16903],[-37.72293,-7.16426],[-37.72568,-7.16289],[-37.72499,-7.15744],[-37.72774,-7.15744]],[[-37.69341,-7.15676],[-37.69478,-7.15881],[-37.69272,-7.15812],[-37.69341,-7.15676]],[[-37.69821,-7.15812],[-37.7037,-7.15949],[-37.69753,-7.16153],[-37.69821,-7.15812]],[[-37.73323,-7.15881],[-37.73117,-7.16153],[-37.73048,-7.15949],[-37.73323,-7.15881]],[[-37.84035,-7.16221],[-37.84927,-7.16289],[-37.85271,-7.16562],[-37.85202,-7.16971],[-37.8479,-7.16834],[-37.8479,-7.17788],[-37.84035,-7.17175],[-37.83554,-7.17175],[-37.83005,-7.17516],[-37.83554,-7.17107],[-37.83554,-7.16698],[-37.84035,-7.16221]],[[-37.91794,-7.17584],[-37.92,-7.17924],[-37.91656,-7.17924],[-37.91794,-7.17584]],[[-37.68311,-7.18061],[-37.68517,-7.18333],[-37.68311,-7.18265],[-37.68311,-7.18061]],[[-37.7449,-7.18197],[-37.74628,-7.18538],[-37.74284,-7.18538],[-37.74216,-7.18265],[-37.7449,-7.18197]],[[-37.88086,-7.18946],[-37.8788,-7.19491],[-37.87674,-7.19559],[-37.87674,-7.18946],[-37.88086,-7.18946]],[[-37.9715,-7.20718],[-37.9715,-7.21807],[-37.96669,-7.22148],[-37.966,-7.20922],[-37.96875,-7.20649],[-37.9715,-7.20718]],[[-37.91313,-7.20718],[-37.91245,-7.22148],[-37.91039,-7.22421],[-37.90695,-7.22421],[-37.90352,-7.22012],[-37.90558,-7.21399],[-37.91313,-7.20718]],[[-37.81082,-7.20786],[-37.81219,-7.21126],[-37.80945,-7.2099],[-37.81082,-7.20786]],[[-37.91313,-7.23647],[-37.91382,-7.24124],[-37.91039,-7.2426],[-37.9097,-7.23715],[-37.91313,-7.23647]],[[-37.98592,-7.24532],[-37.98592,-7.24737],[-37.98386,-7.24737],[-37.98592,-7.24532]],[[-38.07793,-7.27052],[-38.07518,-7.27052],[-38.07518,-7.26916],[-38.07793,-7.26848],[-38.07793,-7.27052]],[[-37.79778,-7.27393],[-37.79846,-7.27597],[-37.7964,-7.27393],[-37.79778,-7.27393]],[[-37.97356,-7.27529],[-37.97356,-7.27734],[-37.966,-7.28006],[-37.96738,-7.27597],[-37.97356,-7.27529]],[[-38.04909,-7.28142],[-38.05183,-7.28891],[-38.04428,-7.293],[-38.04565,-7.29981],[-38.05252,-7.30186],[-38.0587,-7.30049],[-38.06557,-7.30458],[-38.06488,-7.30867],[-38.04291,-7.3039],[-38.03947,-7.29641],[-38.03947,-7.28415],[-38.04909,-7.28142]],[[-38.05733,-7.29368],[-38.05595,-7.29504],[-38.05595,-7.29368],[-38.05733,-7.29368]],[[-37.97768,-7.29913],[-37.97836,-7.30186],[-37.97699,-7.30254],[-37.97562,-7.29981],[-37.97768,-7.29913]],[[-37.79366,-7.29913],[-37.79228,-7.30049],[-37.79228,-7.29913],[-37.79366,-7.29913]],[[-38.18161,-7.372],[-38.18298,-7.37336],[-38.18161,-7.37336],[-38.18161,-7.372]],[[-38.07106,-7.37881],[-38.07243,-7.38221],[-38.06831,-7.38221],[-38.07106,-7.37881]],[[-38.07655,-7.4006],[-38.07724,-7.40945],[-38.07312,-7.41354],[-38.069,-7.41013],[-38.069,-7.40196],[-38.07655,-7.4006]],[[-38.0699,-7.357],[-38.0756,-7.3659],[-38.0635,-7.3499],[-38.0699,-7.357]],[[-37.5751,-6.8441],[-37.5757,-6.8121],[-37.5758,-6.8068],[-37.5751,-6.8441]],[[-37.7852,-6.8793],[-37.8044,-6.876],[-37.7755,-6.8813],[-37.7852,-6.8793]],[[-37.6318,-6.794],[-37.6312,-6.8065],[-37.6298,-6.8199],[-37.6318,-6.794]]],[[[-38.6554,-6.64415],[-38.6554,-6.64431],[-38.65553,-6.64415],[-38.6554,-6.64415]]],[[[-38.07449,-7.0491],[-38.07655,-7.04706],[-38.07724,-7.04297],[-38.07652,-7.04297],[-38.07449,-7.0491]]],[[[-38.07999,-7.01708],[-38.07861,-7.01912],[-38.08136,-7.02457],[-38.07861,-7.02934],[-38.08067,-7.03254],[-38.08696,-7.01708],[-38.07999,-7.01708]]],[[[-37.56226,-6.16308],[-37.5753,-6.16035],[-37.57462,-6.1665],[-37.58217,-6.17196],[-37.58698,-6.16786],[-37.58972,-6.17605],[-37.59247,-6.17537],[-37.59453,-6.16991],[-37.5696,-6.1554],[-37.56226,-6.16308]]]]}},{"type":"Feature","properties":{"faixa":"200 a 300 m","ordem":2,"area_km2":1.6},"geometry":{"type":"Polygon","coordinates":[[[-37.17293,-6.12895],[-37.18254,-6.13168],[-37.18529,-6.12144],[-37.17842,-6.12144],[-37.17636,-6.11598],[-37.16729,-6.10983],[-37.16846,-6.11393],[-37.17499,-6.11871],[-37.17499,-6.12554],[-37.17188,-6.12485],[-37.17293,-6.12895]]]}},{"type":"Feature","properties":{"faixa":"200 a 300 m","ordem":2,"area_km2":15.8},"geometry":{"type":"Polygon","coordinates":[[[-37.1743,-6.10369],[-37.17636,-6.08867],[-37.19009,-6.10232],[-37.20039,-6.09891],[-37.20039,-6.09549],[-37.19627,-6.09276],[-37.19696,-6.08798],[-37.20039,-6.08935],[-37.19833,-6.08457],[-37.20177,-6.0832],[-37.19559,-6.07638],[-37.19765,-6.07091],[-37.2052,-6.07638],[-37.21069,-6.07433],[-37.20863,-6.06887],[-37.21413,-6.06682],[-37.21893,-6.0716],[-37.22511,-6.07023],[-37.23335,-6.07501],[-37.23885,-6.05999],[-37.24297,-6.05931],[-37.24846,-6.0518],[-37.26151,-6.05316],[-37.26484,-6.0477],[-37.26325,-6.0436],[-37.25807,-6.04428],[-37.25739,-6.04633],[-37.25464,-6.0436],[-37.24846,-6.04633],[-37.2464,-6.05043],[-37.24159,-6.05111],[-37.23953,-6.05521],[-37.23473,-6.05453],[-37.23473,-6.06204],[-37.22992,-6.06682],[-37.21619,-6.05589],[-37.21275,-6.05589],[-37.20795,-6.06204],[-37.19971,-6.05931],[-37.18391,-6.06477],[-37.1846,-6.07569],[-37.18941,-6.08116],[-37.18254,-6.07979],[-37.18185,-6.0832],[-37.17842,-6.08389],[-37.17131,-6.07774],[-37.17293,-6.09276],[-37.17039,-6.10369],[-37.1743,-6.10369]],[[-37.18391,-6.08798],[-37.19215,-6.0914],[-37.19009,-6.09686],[-37.18391,-6.09208],[-37.18391,-6.08798]]]}},{"type":"Feature","properties":{"faixa":"200 a 300 m","ordem":2,"area_km2":2.4},"geometry":{"type":"MultiPolygon","coordinates":[[[[-37.27112,-6.05453],[-37.2718,-6.05931],[-37.28004,-6.05931],[-37.28348,-6.06682],[-37.29172,-6.0675],[-37.29584,-6.06272],[-37.29652,-6.05384],[-37.3031,-6.05248],[-37.2956,-6.0501],[-37.28997,-6.05521],[-37.29172,-6.05521],[-37.29103,-6.05931],[-37.27112,-6.05453]]],[[[-37.28966,-6.05589],[-37.28966,-6.0555],[-37.28922,-6.05589],[-37.28966,-6.05589]]],[[[-37.28897,-6.05658],[-37.28897,-6.05612],[-37.28847,-6.05658],[-37.28897,-6.05658]]],[[[-37.28828,-6.05726],[-37.28828,-6.05674],[-37.28772,-6.05726],[-37.28828,-6.05726]]],[[[-37.2876,-6.05794],[-37.2876,-6.05737],[-37.28696,-6.05794],[-37.2876,-6.05794]]]]}},{"type":"Feature","properties":{"faixa":"200 a 300 m","ordem":2,"area_km2":2.5},"geometry":{"type":"Polygon","coordinates":[[[-37.60689,-6.59436],[-37.60551,-6.60049],[-37.60757,-6.60595],[-37.60483,-6.60595],[-37.60345,-6.60322],[-37.59933,-6.60459],[-37.59933,-6.61141],[-37.60277,-6.61277],[-37.60277,-6.61823],[-37.60551,-6.61959],[-37.60895,-6.61755],[-37.60689,-6.61141],[-37.61375,-6.61209],[-37.61787,-6.61004],[-37.61787,-6.60732],[-37.61032,-6.60254],[-37.60895,-6.59436],[-37.60689,-6.59436]]]}},{"type":"Feature","properties":{"faixa":"200 a 300 m","ordem":2,"area_km2":2.7},"geometry":{"type":"Polygon","coordinates":[[[-37.25189,-6.11803],[-37.24365,-6.12007],[-37.24571,-6.1269],[-37.24434,-6.13578],[-37.25464,-6.14124],[-37.25464,-6.13782],[-37.25876,-6.13304],[-37.25807,-6.12554],[-37.25189,-6.11803]],[[-37.24846,-6.12417],[-37.25395,-6.12758],[-37.25395,-6.13031],[-37.24915,-6.1269],[-37.24846,-6.12417]]]}},{"type":"Feature","properties":{"faixa":"200 a 300 m","ordem":2,"area_km2":821.4},"geometry":{"type":"MultiPolygon","coordinates":[[[[-36.10451,-6.42312],[-36.0854,-6.4146],[-36.0768,-6.4056],[-36.0681,-6.4154],[-36.061,-6.4109],[-36.05913,-6.4163],[-36.06194,-6.41902],[-36.06125,-6.4238],[-36.06468,-6.42721],[-36.0688,-6.42448],[-36.07361,-6.42653],[-36.07361,-6.42039],[-36.07704,-6.41834],[-36.07635,-6.41152],[-36.08322,-6.41288],[-36.08597,-6.42107],[-36.10176,-6.4238],[-36.10657,-6.42926],[-36.10451,-6.42312]]],[[[-35.77972,-6.48384],[-35.7811,-6.48453],[-35.78316,-6.48453],[-35.78316,-6.48339],[-35.77972,-6.48384]]],[[[-35.77904,-6.48316],[-35.77934,-6.48316],[-35.77904,-6.48314],[-35.77904,-6.48316]]],[[[-35.67604,-6.66344],[-35.67535,-6.67075],[-35.67741,-6.67143],[-35.67673,-6.66393],[-35.68016,-6.66324],[-35.69801,-6.66802],[-35.69595,-6.66188],[-35.70488,-6.6612],[-35.71106,-6.66324],[-35.71312,-6.66802],[-35.71655,-6.66938],[-35.71724,-6.67416],[-35.72136,-6.67688],[-35.72891,-6.67484],[-35.73441,-6.67688],[-35.73647,-6.68029],[-35.74196,-6.67893],[-35.74333,-6.68916],[-35.74677,-6.69121],[-35.755,-6.69052],[-35.76805,-6.69734],[-35.77011,-6.69189],[-35.77835,-6.69257],[-35.77835,-6.69052],[-35.77217,-6.6878],[-35.76256,-6.68848],[-35.75363,-6.68575],[-35.75089,-6.68302],[-35.75157,-6.67961],[-35.74677,-6.67552],[-35.74745,-6.67143],[-35.7399,-6.67143],[-35.7399,-6.66188],[-35.73441,-6.66802],[-35.72617,-6.66938],[-35.72067,-6.66393],[-35.72205,-6.65779],[-35.71655,-6.65233],[-35.71037,-6.65438],[-35.70557,-6.65029],[-35.69046,-6.6537],[-35.68771,-6.64824],[-35.68153,-6.64688],[-35.67741,-6.64278],[-35.68085,-6.62846],[-35.67261,-6.63255],[-35.66093,-6.63119],[-35.65613,-6.62573],[-35.65201,-6.62573],[-35.65063,-6.63051],[-35.65475,-6.6346],[-35.65475,-6.63801],[-35.65063,-6.64074],[-35.63347,-6.64074],[-35.63347,-6.64756],[-35.62454,-6.65165],[-35.61905,-6.65097],[-35.6163,-6.64688],[-35.61012,-6.64619],[-35.61424,-6.63255],[-35.60532,-6.63187],[-35.59502,-6.61959],[-35.59639,-6.61482],[-35.59364,-6.60936],[-35.58815,-6.61004],[-35.58472,-6.60663],[-35.59296,-6.59913],[-35.5909,-6.59231],[-35.58678,-6.59572],[-35.58334,-6.59436],[-35.57922,-6.58071],[-35.57442,-6.58208],[-35.56892,-6.58753],[-35.56755,-6.58344],[-35.56343,-6.58208],[-35.56412,-6.57799],[-35.56961,-6.57526],[-35.5703,-6.57048],[-35.57373,-6.56844],[-35.57304,-6.56366],[-35.5751,-6.56366],[-35.57716,-6.57116],[-35.58815,-6.5773],[-35.59364,-6.57389],[-35.60188,-6.57594],[-35.60394,-6.57321],[-35.60806,-6.57321],[-35.6115,-6.57867],[-35.62111,-6.57867],[-35.62317,-6.5814],[-35.63278,-6.58071],[-35.6369,-6.58481],[-35.65063,-6.58481],[-35.65956,-6.59299],[-35.67123,-6.59436],[-35.67673,-6.60186],[-35.68291,-6.60254],[-35.68771,-6.60868],[-35.69527,-6.61073],[-35.70488,-6.61891],[-35.70831,-6.61618],[-35.709,-6.60663],[-35.71243,-6.60595],[-35.71861,-6.61345],[-35.7193,-6.62573],[-35.7296,-6.62164],[-35.73029,-6.62573],[-35.73372,-6.62641],[-35.73647,-6.62437],[-35.73578,-6.62028],[-35.7399,-6.61345],[-35.73372,-6.61414],[-35.73235,-6.61004],[-35.72823,-6.60868],[-35.72617,-6.59572],[-35.72067,-6.59299],[-35.71861,-6.58685],[-35.71037,-6.58685],[-35.70282,-6.58344],[-35.70213,-6.5773],[-35.69527,-6.58071],[-35.67947,-6.5773],[-35.68153,-6.57253],[-35.68977,-6.5698],[-35.69939,-6.57253],[-35.70351,-6.57048],[-35.69252,-6.56093],[-35.69252,-6.55684],[-35.68565,-6.55684],[-35.67879,-6.54934],[-35.67947,-6.54388],[-35.67604,-6.53842],[-35.68222,-6.53637],[-35.68771,-6.53023],[-35.67741,-6.53023],[-35.67055,-6.53296],[-35.66505,-6.52751],[-35.66574,-6.52273],[-35.67192,-6.52409],[-35.66917,-6.51795],[-35.67741,-6.51659],[-35.67879,-6.5125],[-35.66505,-6.50909],[-35.65956,-6.49749],[-35.67398,-6.50567],[-35.68222,-6.50295],[-35.68909,-6.51113],[-35.69801,-6.51181],[-35.70282,-6.5084],[-35.69939,-6.50158],[-35.70282,-6.49408],[-35.69389,-6.49271],[-35.68703,-6.48521],[-35.67192,-6.47907],[-35.66093,-6.46815],[-35.66025,-6.46474],[-35.66368,-6.46065],[-35.67329,-6.46065],[-35.67398,-6.45655],[-35.68222,-6.45519],[-35.68703,-6.46952],[-35.69115,-6.47088],[-35.69183,-6.4777],[-35.6987,-6.48384],[-35.70419,-6.48453],[-35.70419,-6.4818],[-35.70831,-6.47907],[-35.71518,-6.47975],[-35.71587,-6.47634],[-35.72685,-6.47907],[-35.7296,-6.48248],[-35.73166,-6.48248],[-35.73303,-6.47839],[-35.73853,-6.47839],[-35.74883,-6.4818],[-35.75157,-6.48657],[-35.75638,-6.48384],[-35.76393,-6.48998],[-35.76393,-6.49817],[-35.76599,-6.49408],[-35.7708,-6.49408],[-35.77286,-6.49135],[-35.77011,-6.48657],[-35.76393,-6.48384],[-35.76393,-6.4809],[-35.7412,-6.4763],[-35.7262,-6.4696],[-35.7186,-6.4725],[-35.7072,-6.4695],[-35.68291,-6.45109],[-35.67673,-6.45109],[-35.67398,-6.45382],[-35.65956,-6.45109],[-35.65338,-6.45382],[-35.65956,-6.47293],[-35.66505,-6.47702],[-35.66711,-6.4818],[-35.67261,-6.48316],[-35.68153,-6.49203],[-35.68977,-6.49476],[-35.69252,-6.49817],[-35.69046,-6.50295],[-35.67055,-6.49271],[-35.65544,-6.49271],[-35.65063,-6.4893],[-35.64308,-6.49067],[-35.6369,-6.49544],[-35.6369,-6.49885],[-35.65681,-6.50295],[-35.66231,-6.51454],[-35.66162,-6.52137],[-35.6575,-6.52682],[-35.67123,-6.53774],[-35.67192,-6.54729],[-35.67741,-6.55684],[-35.67604,-6.55889],[-35.66643,-6.55206],[-35.65819,-6.55138],[-35.65819,-6.55411],[-35.66231,-6.55547],[-35.66231,-6.55752],[-35.65613,-6.55889],[-35.65269,-6.56434],[-35.64514,-6.56366],[-35.64445,-6.56639],[-35.65544,-6.57321],[-35.66849,-6.57116],[-35.67261,-6.56844],[-35.67123,-6.5773],[-35.68291,-6.58753],[-35.69115,-6.59095],[-35.67192,-6.58822],[-35.67055,-6.58208],[-35.66299,-6.5889],[-35.64926,-6.57662],[-35.63896,-6.5773],[-35.62935,-6.57253],[-35.62592,-6.57321],[-35.62386,-6.5698],[-35.6163,-6.57321],[-35.61699,-6.56775],[-35.61218,-6.5623],[-35.60051,-6.56502],[-35.59914,-6.55957],[-35.59433,-6.55752],[-35.5909,-6.55206],[-35.58884,-6.55275],[-35.58952,-6.55752],[-35.58609,-6.56025],[-35.58609,-6.56502],[-35.59021,-6.56844],[-35.58884,-6.57116],[-35.58266,-6.56912],[-35.57785,-6.5582],[-35.57236,-6.55547],[-35.56274,-6.55547],[-35.55588,-6.5623],[-35.55176,-6.5582],[-35.54764,-6.55889],[-35.5442,-6.57048],[-35.55313,-6.57594],[-35.55588,-6.57526],[-35.55519,-6.57935],[-35.55038,-6.58344],[-35.55107,-6.58822],[-35.55656,-6.59026],[-35.55519,-6.59504],[-35.56274,-6.59436],[-35.56892,-6.60459],[-35.57236,-6.60459],[-35.57716,-6.60049],[-35.57579,-6.59436],[-35.57854,-6.59436],[-35.57854,-6.59777],[-35.58128,-6.59981],[-35.58128,-6.61073],[-35.59021,-6.6155],[-35.5909,-6.62028],[-35.5957,-6.62437],[-35.59639,-6.62982],[-35.60532,-6.63596],[-35.60257,-6.63937],[-35.60463,-6.64483],[-35.60188,-6.64278],[-35.6012,-6.63664],[-35.59296,-6.63528],[-35.59296,-6.63119],[-35.58884,-6.6271],[-35.58609,-6.61891],[-35.57922,-6.61823],[-35.5751,-6.61073],[-35.56068,-6.60868],[-35.55862,-6.61277],[-35.56,-6.62028],[-35.57304,-6.63187],[-35.57167,-6.63596],[-35.57373,-6.63869],[-35.56961,-6.64005],[-35.5648,-6.63664],[-35.55656,-6.63801],[-35.56755,-6.64483],[-35.57304,-6.65233],[-35.57304,-6.65438],[-35.5648,-6.65847],[-35.5648,-6.66188],[-35.58403,-6.68234],[-35.59021,-6.6837],[-35.59227,-6.69325],[-35.59639,-6.69871],[-35.58815,-6.69871],[-35.57991,-6.69393],[-35.5806,-6.69871],[-35.57442,-6.70007],[-35.56686,-6.68916],[-35.56343,-6.69666],[-35.56068,-6.69598],[-35.55862,-6.69052],[-35.55588,-6.69052],[-35.55382,-6.69257],[-35.55588,-6.69939],[-35.55244,-6.69939],[-35.54901,-6.6953],[-35.54626,-6.69598],[-35.54626,-6.70075],[-35.55725,-6.71166],[-35.56206,-6.72257],[-35.55931,-6.72598],[-35.55313,-6.72462],[-35.5545,-6.73758],[-35.54764,-6.73826],[-35.5442,-6.74099],[-35.53459,-6.74099],[-35.52704,-6.75258],[-35.53185,-6.75462],[-35.53322,-6.7594],[-35.53734,-6.75258],[-35.54146,-6.7519],[-35.53802,-6.75735],[-35.54283,-6.76144],[-35.54764,-6.76144],[-35.54901,-6.76622],[-35.54764,-6.77167],[-35.5442,-6.77099],[-35.5442,-6.77303],[-35.55244,-6.77372],[-35.55862,-6.77849],[-35.56068,-6.78803],[-35.55656,-6.78872],[-35.54901,-6.7819],[-35.53528,-6.77713],[-35.55862,-6.79826],[-35.55794,-6.80099],[-35.55038,-6.80031],[-35.5497,-6.80304],[-35.54558,-6.79963],[-35.54283,-6.80167],[-35.56,-6.81326],[-35.56892,-6.81326],[-35.56618,-6.80644],[-35.5703,-6.80781],[-35.57442,-6.80304],[-35.5751,-6.80576],[-35.56961,-6.81394],[-35.56961,-6.82213],[-35.55588,-6.82144],[-35.55588,-6.82622],[-35.55107,-6.82553],[-35.54901,-6.83167],[-35.53871,-6.83712],[-35.53871,-6.84053],[-35.54764,-6.83917],[-35.54764,-6.84871],[-35.53734,-6.85076],[-35.53185,-6.84803],[-35.52498,-6.84871],[-35.51331,-6.85349],[-35.5085,-6.86167],[-35.51537,-6.86303],[-35.52086,-6.86712],[-35.52017,-6.87735],[-35.52223,-6.87939],[-35.52498,-6.87735],[-35.53185,-6.87803],[-35.53322,-6.87326],[-35.53734,-6.87394],[-35.54077,-6.88007],[-35.5394,-6.88825],[-35.55656,-6.88689],[-35.56343,-6.87735],[-35.57304,-6.87666],[-35.58884,-6.8678],[-35.58884,-6.87189],[-35.5751,-6.8828],[-35.57579,-6.88553],[-35.58197,-6.88689],[-35.5854,-6.89303],[-35.57922,-6.89712],[-35.57236,-6.89507],[-35.57373,-6.9053],[-35.56824,-6.89848],[-35.56274,-6.90257],[-35.55588,-6.90052],[-35.5394,-6.90121],[-35.54352,-6.9053],[-35.55038,-6.9053],[-35.55244,-6.91416],[-35.56068,-6.91416],[-35.56412,-6.92915],[-35.57373,-6.9312],[-35.56892,-6.93597],[-35.5703,-6.93801],[-35.57991,-6.93665],[-35.57373,-6.94347],[-35.57373,-6.94688],[-35.56961,-6.94415],[-35.5648,-6.94619],[-35.56961,-6.9496],[-35.57236,-6.9571],[-35.57716,-6.95778],[-35.57236,-6.95983],[-35.57304,-6.968],[-35.5703,-6.96732],[-35.56686,-6.95505],[-35.55725,-6.95437],[-35.55656,-6.95097],[-35.55382,-6.95097],[-35.55656,-6.96732],[-35.56274,-6.97482],[-35.56686,-6.97414],[-35.56618,-6.97755],[-35.56961,-6.98164],[-35.58197,-6.98641],[-35.57373,-6.98845],[-35.57304,-6.99118],[-35.57579,-6.99254],[-35.57648,-6.99663],[-35.57991,-6.99731],[-35.57991,-7.00072],[-35.58472,-7.00617],[-35.59639,-7.01503],[-35.60051,-7.01571],[-35.60051,-7.01026],[-35.59708,-7.00413],[-35.59708,-7.00072],[-35.59914,-7.00072],[-35.60944,-7.0123],[-35.60669,-7.01912],[-35.61081,-7.02116],[-35.61768,-7.0198],[-35.6218,-7.02253],[-35.6218,-7.0273],[-35.62866,-7.03071],[-35.6321,-7.03002],[-35.62935,-7.02457],[-35.63072,-7.02048],[-35.6218,-7.01162],[-35.61905,-7.00413],[-35.60944,-6.99186],[-35.60394,-6.98913],[-35.60188,-6.983],[-35.60944,-6.98436],[-35.61768,-6.99118],[-35.62386,-6.9905],[-35.63347,-7.00004],[-35.64926,-7.00345],[-35.65132,-7.0123],[-35.66505,-7.01776],[-35.67329,-7.02798],[-35.67947,-7.02798],[-35.67947,-7.03752],[-35.68977,-7.03616],[-35.68909,-7.03888],[-35.68291,-7.04093],[-35.68428,-7.0457],[-35.69183,-7.05183],[-35.6987,-7.05319],[-35.70282,-7.06205],[-35.709,-7.0675],[-35.71724,-7.07023],[-35.71724,-7.07568],[-35.70831,-7.07432],[-35.70419,-7.07636],[-35.70145,-7.07227],[-35.68977,-7.06682],[-35.68085,-7.05933],[-35.67398,-7.05592],[-35.66849,-7.05728],[-35.66368,-7.04842],[-35.65887,-7.04774],[-35.65887,-7.04229],[-35.64377,-7.03956],[-35.63759,-7.03548],[-35.64171,-7.04502],[-35.67123,-7.07091],[-35.66849,-7.07568],[-35.67604,-7.08113],[-35.67673,-7.08454],[-35.66025,-7.08045],[-35.66093,-7.075],[-35.65887,-7.07296],[-35.65063,-7.07636],[-35.64171,-7.0675],[-35.63553,-7.06682],[-35.63347,-7.07704],[-35.63896,-7.08113],[-35.63484,-7.08522],[-35.64034,-7.08999],[-35.6472,-7.08795],[-35.64926,-7.0934],[-35.65887,-7.09885],[-35.66574,-7.09612],[-35.67604,-7.09885],[-35.66849,-7.09953],[-35.66643,-7.10362],[-35.65407,-7.10226],[-35.65613,-7.10703],[-35.66231,-7.10975],[-35.66643,-7.11725],[-35.67398,-7.1227],[-35.67604,-7.12815],[-35.67261,-7.12951],[-35.67192,-7.1261],[-35.66643,-7.12133],[-35.65819,-7.12201],[-35.64514,-7.11179],[-35.6424,-7.11179],[-35.64171,-7.1152],[-35.63416,-7.11384],[-35.63347,-7.10839],[-35.62729,-7.10498],[-35.62523,-7.09885],[-35.62386,-7.10226],[-35.6266,-7.10839],[-35.62454,-7.11316],[-35.62935,-7.11588],[-35.63004,-7.12201],[-35.62454,-7.11861],[-35.61836,-7.11929],[-35.61836,-7.1261],[-35.62317,-7.13087],[-35.62935,-7.13224],[-35.62523,-7.13632],[-35.61905,-7.13496],[-35.61356,-7.13769],[-35.60875,-7.1227],[-35.60944,-7.11861],[-35.60532,-7.1152],[-35.60738,-7.10703],[-35.60532,-7.1043],[-35.59845,-7.11111],[-35.59708,-7.1227],[-35.58403,-7.12201],[-35.57922,-7.11725],[-35.57579,-7.11997],[-35.58334,-7.12678],[-35.5909,-7.12815],[-35.5957,-7.12474],[-35.59433,-7.13155],[-35.59776,-7.13224],[-35.60326,-7.15336],[-35.61081,-7.15199],[-35.61218,-7.14722],[-35.61562,-7.14518],[-35.61562,-7.15199],[-35.61836,-7.15404],[-35.61768,-7.16358],[-35.62386,-7.16426],[-35.6163,-7.16903],[-35.60669,-7.16903],[-35.606,-7.16562],[-35.60188,-7.16562],[-35.6012,-7.16834],[-35.60532,-7.17516],[-35.59639,-7.1772],[-35.59433,-7.18265],[-35.59639,-7.19287],[-35.60257,-7.19287],[-35.60463,-7.18674],[-35.6115,-7.18538],[-35.60738,-7.1881],[-35.60738,-7.19151],[-35.61081,-7.19355],[-35.61424,-7.18878],[-35.61424,-7.19287],[-35.61836,-7.19764],[-35.61905,-7.20173],[-35.61424,-7.20173],[-35.61287,-7.20581],[-35.60188,-7.20377],[-35.60532,-7.21535],[-35.6115,-7.22216],[-35.60944,-7.22897],[-35.60463,-7.23034],[-35.60669,-7.23306],[-35.6163,-7.23306],[-35.62248,-7.23783],[-35.62935,-7.23442],[-35.64102,-7.24055],[-35.64583,-7.23851],[-35.66849,-7.24396],[-35.67329,-7.23238],[-35.67604,-7.2317],[-35.67947,-7.22489],[-35.68497,-7.22284],[-35.67879,-7.24124],[-35.67535,-7.24124],[-35.67192,-7.246],[-35.68153,-7.24396],[-35.68565,-7.24941],[-35.67535,-7.24737],[-35.67535,-7.25009],[-35.68153,-7.25622],[-35.67535,-7.25554],[-35.67604,-7.26303],[-35.6678,-7.26576],[-35.66917,-7.26916],[-35.66711,-7.27052],[-35.67123,-7.27393],[-35.66643,-7.27665],[-35.65063,-7.2787],[-35.64445,-7.28415],[-35.64445,-7.28891],[-35.6472,-7.29164],[-35.65613,-7.29164],[-35.65819,-7.2896],[-35.66025,-7.29164],[-35.65681,-7.29573],[-35.64995,-7.29436],[-35.64789,-7.29845],[-35.63622,-7.29164],[-35.63759,-7.29913],[-35.63141,-7.29777],[-35.62454,-7.30254],[-35.63004,-7.31003],[-35.63484,-7.31003],[-35.63965,-7.30798],[-35.63965,-7.30117],[-35.64377,-7.30186],[-35.64445,-7.3073],[-35.64857,-7.30867],[-35.64926,-7.31139],[-35.64034,-7.31003],[-35.63896,-7.3148],[-35.64583,-7.32365],[-35.64034,-7.32637],[-35.6369,-7.32637],[-35.63484,-7.32365],[-35.62935,-7.32501],[-35.62798,-7.31956],[-35.62386,-7.32092],[-35.62042,-7.31684],[-35.61562,-7.31684],[-35.60944,-7.32501],[-35.6163,-7.32774],[-35.61356,-7.33114],[-35.6163,-7.33659],[-35.6218,-7.34136],[-35.62729,-7.34136],[-35.63347,-7.3468],[-35.63416,-7.35157],[-35.64102,-7.35702],[-35.64514,-7.35634],[-35.64445,-7.35021],[-35.64789,-7.34953],[-35.65201,-7.3434],[-35.65201,-7.32978],[-35.65407,-7.3291],[-35.65475,-7.35157],[-35.66437,-7.35361],[-35.67467,-7.35157],[-35.67467,-7.35429],[-35.6781,-7.35498],[-35.67329,-7.35974],[-35.65887,-7.35566],[-35.65544,-7.3577],[-35.65475,-7.36247],[-35.65956,-7.36383],[-35.66162,-7.36723],[-35.66917,-7.36723],[-35.66917,-7.36179],[-35.67879,-7.36383],[-35.68153,-7.36042],[-35.68977,-7.35906],[-35.69183,-7.36315],[-35.70076,-7.36519],[-35.69939,-7.36928],[-35.69321,-7.37064],[-35.69183,-7.37404],[-35.69733,-7.38017],[-35.70213,-7.38085],[-35.70282,-7.37881],[-35.69801,-7.37268],[-35.709,-7.36996],[-35.70763,-7.36179],[-35.71312,-7.36315],[-35.71428,-7.36587],[-35.70763,-7.34885],[-35.69046,-7.34476],[-35.68085,-7.34817],[-35.67123,-7.34748],[-35.66231,-7.35021],[-35.6575,-7.34544],[-35.6575,-7.34136],[-35.66162,-7.33455],[-35.66849,-7.33523],[-35.68153,-7.33046],[-35.69595,-7.33114],[-35.71037,-7.32637],[-35.73578,-7.32705],[-35.73174,-7.31752],[-35.72548,-7.31616],[-35.72978,-7.31343],[-35.71514,-7.28278],[-35.70625,-7.27325],[-35.71026,-7.27257],[-35.7043,-7.2601],[-35.71038,-7.27257],[-35.71724,-7.27802],[-35.71793,-7.28278],[-35.71536,-7.28278],[-35.73063,-7.31411],[-35.73303,-7.31139],[-35.7296,-7.30798],[-35.73303,-7.30798],[-35.73578,-7.31275],[-35.73229,-7.31752],[-35.73649,-7.32637],[-35.73921,-7.32297],[-35.74951,-7.32433],[-35.75706,-7.33046],[-35.76462,-7.32433],[-35.77629,-7.32501],[-35.7756,-7.32229],[-35.77011,-7.32229],[-35.76668,-7.31752],[-35.75638,-7.32501],[-35.75638,-7.31071],[-35.75226,-7.31139],[-35.75157,-7.3148],[-35.74814,-7.3148],[-35.73784,-7.30935],[-35.73784,-7.30662],[-35.74402,-7.30867],[-35.74745,-7.3073],[-35.74471,-7.30186],[-35.73921,-7.29913],[-35.74059,-7.29641],[-35.75363,-7.29845],[-35.77698,-7.29641],[-35.76942,-7.29096],[-35.76118,-7.29028],[-35.76187,-7.2821],[-35.7708,-7.2821],[-35.77217,-7.28006],[-35.75775,-7.27802],[-35.75844,-7.2821],[-35.74539,-7.28278],[-35.74059,-7.28619],[-35.73921,-7.2821],[-35.74677,-7.27938],[-35.74745,-7.27529],[-35.73303,-7.27529],[-35.72273,-7.2678],[-35.73303,-7.25622],[-35.73853,-7.2569],[-35.74059,-7.25009],[-35.73441,-7.25145],[-35.73029,-7.24805],[-35.72617,-7.24805],[-35.7193,-7.2426],[-35.71106,-7.22966],[-35.71518,-7.22352],[-35.72479,-7.22421],[-35.72685,-7.2208],[-35.70694,-7.22284],[-35.69939,-7.21876],[-35.70213,-7.21331],[-35.70213,-7.21058],[-35.69939,-7.20922],[-35.69252,-7.2099],[-35.68565,-7.20513],[-35.68359,-7.2099],[-35.67535,-7.21126],[-35.67329,-7.21535],[-35.66643,-7.21671],[-35.66849,-7.22148],[-35.66711,-7.22557],[-35.6575,-7.22489],[-35.64926,-7.23102],[-35.64651,-7.22693],[-35.64926,-7.21807],[-35.64377,-7.21671],[-35.64171,-7.21058],[-35.64514,-7.20581],[-35.64926,-7.20854],[-35.65269,-7.20649],[-35.65338,-7.19832],[-35.65063,-7.19628],[-35.64926,-7.20309],[-35.64308,-7.20377],[-35.6369,-7.19491],[-35.63141,-7.19696],[-35.62729,-7.19219],[-35.63072,-7.19014],[-35.64034,-7.19083],[-35.64171,-7.18674],[-35.64651,-7.18538],[-35.64651,-7.17993],[-35.65269,-7.17584],[-35.63965,-7.17924],[-35.63759,-7.18333],[-35.62935,-7.18265],[-35.62935,-7.17993],[-35.63347,-7.17652],[-35.62523,-7.17379],[-35.62592,-7.16834],[-35.63622,-7.16903],[-35.64102,-7.16289],[-35.63896,-7.16017],[-35.6266,-7.15949],[-35.62523,-7.15131],[-35.62111,-7.14927],[-35.62111,-7.14586],[-35.6218,-7.14177],[-35.62729,-7.14245],[-35.63072,-7.13973],[-35.63759,-7.14245],[-35.64308,-7.14791],[-35.65132,-7.14995],[-35.64857,-7.14314],[-35.64445,-7.14109],[-35.64308,-7.13496],[-35.63759,-7.13155],[-35.6369,-7.12542],[-35.63416,-7.1227],[-35.63553,-7.11861],[-35.64171,-7.12201],[-35.6472,-7.11929],[-35.64789,-7.12406],[-35.65063,-7.1261],[-35.65269,-7.12338],[-35.65544,-7.1261],[-35.66162,-7.12542],[-35.66093,-7.13087],[-35.66849,-7.12951],[-35.66986,-7.1336],[-35.67535,-7.13428],[-35.67879,-7.13155],[-35.68153,-7.137],[-35.68497,-7.137],[-35.68634,-7.13973],[-35.69115,-7.13905],[-35.69733,-7.14382],[-35.70625,-7.14314],[-35.70557,-7.13905],[-35.70213,-7.13905],[-35.70213,-7.13632],[-35.70488,-7.13496],[-35.70351,-7.13224],[-35.69252,-7.1336],[-35.6884,-7.12951],[-35.69115,-7.12338],[-35.69733,-7.1227],[-35.69801,-7.11861],[-35.68634,-7.11384],[-35.67673,-7.11452],[-35.67123,-7.11248],[-35.67055,-7.10975],[-35.67879,-7.10907],[-35.67947,-7.10294],[-35.68359,-7.10021],[-35.69252,-7.10157],[-35.68909,-7.09749],[-35.69183,-7.09408],[-35.72067,-7.10839],[-35.72273,-7.10498],[-35.72754,-7.10498],[-35.73097,-7.10703],[-35.73166,-7.11316],[-35.73715,-7.11452],[-35.73715,-7.10907],[-35.72548,-7.10226],[-35.7193,-7.09272],[-35.7212,-7.0968],[-35.71797,-7.09408],[-35.71518,-7.09476],[-35.71449,-7.09115],[-35.7041,-7.0808],[-35.71587,-7.09135],[-35.71793,-7.08999],[-35.70763,-7.08181],[-35.70763,-7.07773],[-35.71175,-7.07704],[-35.71587,-7.07977],[-35.72479,-7.07977],[-35.72891,-7.08318],[-35.73235,-7.0825],[-35.71793,-7.06546],[-35.71037,-7.06478],[-35.70557,-7.05933],[-35.70694,-7.05524],[-35.70419,-7.05115],[-35.69389,-7.04979],[-35.68634,-7.04365],[-35.68703,-7.04161],[-35.69527,-7.04365],[-35.69321,-7.03888],[-35.69527,-7.03548],[-35.69458,-7.02798],[-35.69939,-7.02525],[-35.6987,-7.02185],[-35.69527,-7.02525],[-35.69046,-7.02525],[-35.68909,-7.03275],[-35.68428,-7.03207],[-35.68016,-7.01844],[-35.67123,-7.01844],[-35.66849,-7.01435],[-35.66162,-7.01435],[-35.65544,-7.01094],[-35.65338,-7.0089],[-35.65475,-7.00072],[-35.64857,-6.99731],[-35.64308,-6.99936],[-35.63072,-6.9939],[-35.63347,-6.98777],[-35.63141,-6.97891],[-35.62935,-6.97891],[-35.6266,-6.98709],[-35.61699,-6.98709],[-35.61493,-6.983],[-35.59639,-6.97482],[-35.5909,-6.96732],[-35.58815,-6.95846],[-35.58266,-6.95437],[-35.58334,-6.9496],[-35.5806,-6.94619],[-35.59227,-6.93324],[-35.59021,-6.92984],[-35.57922,-6.93188],[-35.57648,-6.92711],[-35.56892,-6.92643],[-35.56755,-6.92097],[-35.5703,-6.91688],[-35.56343,-6.91143],[-35.56274,-6.90734],[-35.56892,-6.90598],[-35.56892,-6.91416],[-35.5751,-6.91688],[-35.57716,-6.91484],[-35.5751,-6.91279],[-35.57716,-6.90734],[-35.57579,-6.89916],[-35.5854,-6.89984],[-35.58678,-6.89507],[-35.58952,-6.89507],[-35.58746,-6.90052],[-35.59227,-6.90393],[-35.61218,-6.90666],[-35.61081,-6.90325],[-35.60257,-6.90325],[-35.59914,-6.89916],[-35.6115,-6.89712],[-35.61424,-6.89303],[-35.6115,-6.89507],[-35.6012,-6.89507],[-35.5957,-6.8903],[-35.59433,-6.88485],[-35.58472,-6.88485],[-35.5806,-6.88212],[-35.5854,-6.87598],[-35.5909,-6.87394],[-35.59433,-6.8603],[-35.60257,-6.85417],[-35.59364,-6.85349],[-35.59158,-6.85621],[-35.58678,-6.8569],[-35.58334,-6.86917],[-35.57854,-6.86917],[-35.57236,-6.87462],[-35.56206,-6.87462],[-35.55244,-6.88553],[-35.54489,-6.88348],[-35.54558,-6.87871],[-35.54214,-6.87666],[-35.54558,-6.8678],[-35.53596,-6.86644],[-35.52635,-6.87257],[-35.52429,-6.86917],[-35.52567,-6.86303],[-35.51674,-6.85894],[-35.51811,-6.85621],[-35.52498,-6.85826],[-35.52704,-6.8528],[-35.53665,-6.8569],[-35.5442,-6.8528],[-35.55313,-6.85417],[-35.55725,-6.84599],[-35.56412,-6.84599],[-35.56549,-6.84326],[-35.5703,-6.84258],[-35.56412,-6.83712],[-35.56892,-6.83099],[-35.57304,-6.83644],[-35.57922,-6.82962],[-35.59227,-6.83303],[-35.59639,-6.83712],[-35.60326,-6.83576],[-35.58403,-6.82417],[-35.58746,-6.82144],[-35.5854,-6.81258],[-35.59364,-6.81122],[-35.58746,-6.80235],[-35.57922,-6.79826],[-35.57579,-6.79349],[-35.56892,-6.79213],[-35.56206,-6.78531],[-35.56343,-6.77167],[-35.55656,-6.7744],[-35.55107,-6.77031],[-35.55519,-6.76076],[-35.55107,-6.7594],[-35.54832,-6.74917],[-35.54352,-6.74508],[-35.55038,-6.74167],[-35.55313,-6.74644],[-35.55725,-6.74644],[-35.55725,-6.74167],[-35.56137,-6.74099],[-35.56,-6.73008],[-35.56755,-6.72598],[-35.56618,-6.71985],[-35.55725,-6.70894],[-35.55794,-6.70553],[-35.56412,-6.70416],[-35.56892,-6.7103],[-35.5703,-6.70621],[-35.57236,-6.70621],[-35.57236,-6.70962],[-35.57648,-6.71166],[-35.58128,-6.70825],[-35.57922,-6.70348],[-35.60669,-6.70825],[-35.60669,-6.69939],[-35.59708,-6.68848],[-35.59914,-6.68098],[-35.5854,-6.67893],[-35.58403,-6.67484],[-35.5806,-6.67416],[-35.57442,-6.66734],[-35.57442,-6.66529],[-35.58266,-6.66256],[-35.57373,-6.64756],[-35.58128,-6.64551],[-35.57785,-6.63596],[-35.58197,-6.64005],[-35.59296,-6.64005],[-35.59914,-6.64619],[-35.60051,-6.65233],[-35.60532,-6.65301],[-35.61356,-6.66188],[-35.61768,-6.66256],[-35.61905,-6.65915],[-35.62317,-6.65915],[-35.62798,-6.66393],[-35.63759,-6.6496],[-35.64171,-6.65029],[-35.6424,-6.64688],[-35.65063,-6.64824],[-35.65407,-6.64278],[-35.66025,-6.64074],[-35.67398,-6.65779],[-35.67535,-6.66324],[-35.6904,-6.6573],[-35.67604,-6.66344]],[[-35.72067,-7.24532],[-35.72411,-7.24805],[-35.72411,-7.25622],[-35.71724,-7.25826],[-35.71449,-7.24532],[-35.72067,-7.24532]],[[-35.70625,-6.47361],[-35.709,-6.47497],[-35.70831,-6.47839],[-35.70419,-6.47566],[-35.70625,-6.47361]],[[-35.66505,-6.56298],[-35.66505,-6.56571],[-35.66162,-6.56502],[-35.66231,-6.56161],[-35.66505,-6.56298]],[[-35.61218,-6.65301],[-35.6115,-6.65233],[-35.61218,-6.65233],[-35.61218,-6.65301]],[[-35.61218,-6.65301],[-35.61562,-6.65506],[-35.61218,-6.65438],[-35.61218,-6.65301]],[[-35.56892,-6.70075],[-35.57098,-6.7028],[-35.56961,-6.70348],[-35.56892,-6.70075]],[[-35.56068,-6.79417],[-35.56274,-6.79485],[-35.56343,-6.7969],[-35.56068,-6.79417]],[[-35.57442,-6.81122],[-35.57716,-6.81463],[-35.57373,-6.81394],[-35.57442,-6.81122]],[[-35.55588,-6.90666],[-35.55725,-6.9053],[-35.55725,-6.90666],[-35.55588,-6.90666]],[[-35.58403,-6.9646],[-35.58609,-6.96937],[-35.58197,-6.97209],[-35.57854,-6.96869],[-35.57785,-6.96392],[-35.58403,-6.9646]],[[-35.58815,-6.97346],[-35.5957,-6.97755],[-35.5957,-6.98164],[-35.58884,-6.983],[-35.58678,-6.98095],[-35.58815,-6.97346]],[[-35.59433,-6.98777],[-35.60875,-6.99595],[-35.61974,-7.01299],[-35.61905,-7.01639],[-35.61287,-7.01367],[-35.61081,-7.00617],[-35.59227,-6.98981],[-35.59433,-6.98777]],[[-35.58197,-6.99118],[-35.5909,-6.9939],[-35.59364,-7.00549],[-35.5854,-7.0014],[-35.58197,-6.99118]],[[-35.64857,-7.04433],[-35.65544,-7.04502],[-35.65681,-7.05047],[-35.66231,-7.05251],[-35.6678,-7.06137],[-35.67329,-7.06478],[-35.67879,-7.06273],[-35.68359,-7.0641],[-35.69183,-7.07091],[-35.68703,-7.07091],[-35.6884,-7.07432],[-35.70007,-7.07636],[-35.70076,-7.0825],[-35.70419,-7.08658],[-35.69252,-7.08386],[-35.66162,-7.06001],[-35.64926,-7.04774],[-35.64857,-7.04433]],[[-35.64102,-7.07296],[-35.64857,-7.08181],[-35.65407,-7.08113],[-35.66711,-7.08726],[-35.68153,-7.09067],[-35.68497,-7.09476],[-35.6781,-7.09612],[-35.66917,-7.09135],[-35.66093,-7.09272],[-35.65887,-7.08999],[-35.65338,-7.08999],[-35.65201,-7.08454],[-35.64308,-7.08113],[-35.64377,-7.07636],[-35.64102,-7.07296]],[[-35.6781,-7.11997],[-35.67741,-7.12065],[-35.67741,-7.11997],[-35.6781,-7.11997]],[[-35.68222,-7.12747],[-35.68428,-7.13087],[-35.68085,-7.12883],[-35.68222,-7.12747]],[[-35.65475,-7.2317],[-35.65956,-7.23374],[-35.65956,-7.23715],[-35.65613,-7.23715],[-35.65407,-7.23442],[-35.65475,-7.2317]],[[-35.68634,-7.27052],[-35.69801,-7.27121],[-35.70145,-7.27529],[-35.70076,-7.28006],[-35.69595,-7.28142],[-35.69527,-7.27529],[-35.68703,-7.27257],[-35.68634,-7.27052]],[[-35.67261,-7.27938],[-35.68222,-7.28278],[-35.67947,-7.28687],[-35.68085,-7.29504],[-35.67673,-7.29436],[-35.67673,-7.28687],[-35.66986,-7.28278],[-35.67261,-7.27938]],[[-35.74814,-7.29368],[-35.75089,-7.29232],[-35.75089,-7.29436],[-35.74814,-7.29368]],[[-35.65681,-7.32365],[-35.66162,-7.32705],[-35.66162,-7.32978],[-35.65544,-7.32842],[-35.65681,-7.32365]],[[-35.63965,-7.33523],[-35.64789,-7.33863],[-35.64583,-7.34476],[-35.63896,-7.34544],[-35.63622,-7.33863],[-35.63965,-7.33523]]],[[[-35.42542,-7.47413],[-35.4213,-7.45439],[-35.42473,-7.45235],[-35.42404,-7.4469],[-35.4261,-7.4435],[-35.44533,-7.44213],[-35.45151,-7.43805],[-35.47279,-7.44213],[-35.47142,-7.43669],[-35.47691,-7.43737],[-35.48241,-7.44145],[-35.50232,-7.44486],[-35.50301,-7.44758],[-35.49889,-7.44962],[-35.50232,-7.45303],[-35.5442,-7.46392],[-35.54626,-7.46801],[-35.54283,-7.47141],[-35.54764,-7.47481],[-35.55107,-7.46596],[-35.55656,-7.4612],[-35.5648,-7.46256],[-35.57579,-7.47073],[-35.5751,-7.4755],[-35.57991,-7.48094],[-35.56755,-7.48571],[-35.56618,-7.48911],[-35.56961,-7.49047],[-35.57579,-7.48843],[-35.57854,-7.49047],[-35.58128,-7.50477],[-35.5751,-7.50749],[-35.57373,-7.51226],[-35.56892,-7.5143],[-35.5648,-7.51975],[-35.56686,-7.5286],[-35.56961,-7.52928],[-35.57098,-7.52451],[-35.56892,-7.52043],[-35.57167,-7.51634],[-35.57854,-7.51838],[-35.57991,-7.52383],[-35.57716,-7.53336],[-35.58266,-7.53813],[-35.58884,-7.53949],[-35.58952,-7.55378],[-35.59296,-7.5565],[-35.59364,-7.56059],[-35.59158,-7.57284],[-35.59639,-7.57897],[-35.5957,-7.58781],[-35.58815,-7.59802],[-35.5648,-7.60211],[-35.57716,-7.60687],[-35.57991,-7.61368],[-35.58609,-7.61504],[-35.58952,-7.61912],[-35.58403,-7.62729],[-35.5854,-7.63341],[-35.57785,-7.63818],[-35.57785,-7.64022],[-35.58746,-7.6409],[-35.58884,-7.6375],[-35.59708,-7.63818],[-35.59845,-7.63205],[-35.60944,-7.63341],[-35.61287,-7.63682],[-35.61905,-7.63682],[-35.62454,-7.63137],[-35.6369,-7.63137],[-35.63965,-7.6341],[-35.64651,-7.62593],[-35.64995,-7.62593],[-35.65475,-7.63069],[-35.66986,-7.63001],[-35.66986,-7.63273],[-35.66231,-7.64022],[-35.66986,-7.64226],[-35.67261,-7.64839],[-35.68016,-7.64635],[-35.69252,-7.65179],[-35.69458,-7.65519],[-35.70076,-7.65519],[-35.70351,-7.65928],[-35.70969,-7.662],[-35.70625,-7.66676],[-35.71243,-7.66948],[-35.71655,-7.67493],[-35.71999,-7.67493],[-35.72067,-7.67289],[-35.70763,-7.65315],[-35.709,-7.64839],[-35.72411,-7.65179],[-35.73166,-7.65111],[-35.74402,-7.65519],[-35.74608,-7.65928],[-35.74059,-7.65996],[-35.74402,-7.66268],[-35.74814,-7.662],[-35.74814,-7.65723],[-35.75157,-7.65655],[-35.76256,-7.65791],[-35.77011,-7.66404],[-35.7756,-7.66132],[-35.7756,-7.65655],[-35.76668,-7.64498],[-35.77011,-7.64294],[-35.78796,-7.65519],[-35.78796,-7.65859],[-35.78522,-7.65996],[-35.78728,-7.66404],[-35.7962,-7.65859],[-35.79758,-7.66812],[-35.80101,-7.6654],[-35.81062,-7.6654],[-35.82504,-7.6688],[-35.8271,-7.67152],[-35.82985,-7.66744],[-35.83534,-7.67084],[-35.84084,-7.66676],[-35.84702,-7.66676],[-35.85114,-7.66948],[-35.86349,-7.66744],[-35.88684,-7.66812],[-35.89233,-7.67289],[-35.91431,-7.67969],[-35.9198,-7.68718],[-35.92529,-7.68581],[-35.94109,-7.69398],[-35.95345,-7.6967],[-35.94383,-7.68854],[-35.95001,-7.68513],[-35.93697,-7.67084],[-35.94589,-7.67221],[-35.95345,-7.65587],[-35.96237,-7.66064],[-35.97336,-7.67765],[-35.97542,-7.67016],[-35.96649,-7.65451],[-35.96786,-7.65043],[-35.96581,-7.64362],[-35.9713,-7.64703],[-35.97336,-7.64635],[-35.96718,-7.6409],[-35.96718,-7.63818],[-35.97198,-7.63818],[-35.97542,-7.6341],[-35.97542,-7.62661],[-35.98846,-7.62933],[-36.00151,-7.62865],[-35.99808,-7.62457],[-35.98984,-7.62389],[-35.98022,-7.61708],[-35.98091,-7.61436],[-35.98709,-7.61164],[-35.99533,-7.61164],[-35.99464,-7.5987],[-35.9919,-7.59666],[-35.99327,-7.59122],[-35.98984,-7.58986],[-35.98915,-7.58441],[-35.9864,-7.58305],[-35.98846,-7.59598],[-35.98503,-7.60347],[-35.96855,-7.60755],[-35.96237,-7.60687],[-35.961,-7.61164],[-35.96786,-7.613],[-35.96855,-7.61504],[-35.95757,-7.61572],[-35.95139,-7.62116],[-35.96649,-7.62525],[-35.97061,-7.62933],[-35.95894,-7.6375],[-35.961,-7.64703],[-35.95688,-7.64635],[-35.94589,-7.63682],[-35.94521,-7.64022],[-35.95001,-7.64498],[-35.95001,-7.64975],[-35.94658,-7.65179],[-35.94315,-7.65996],[-35.93079,-7.65519],[-35.93079,-7.66064],[-35.92323,-7.662],[-35.92392,-7.66404],[-35.92941,-7.66472],[-35.9301,-7.66948],[-35.92804,-7.67561],[-35.92255,-7.67833],[-35.91843,-7.67493],[-35.90126,-7.66948],[-35.89989,-7.66744],[-35.90332,-7.6654],[-35.89989,-7.66268],[-35.90401,-7.65996],[-35.89714,-7.65723],[-35.87173,-7.65996],[-35.86555,-7.65383],[-35.86281,-7.66132],[-35.83054,-7.65519],[-35.82436,-7.65928],[-35.81886,-7.65928],[-35.8168,-7.65451],[-35.81955,-7.65179],[-35.81612,-7.64839],[-35.82985,-7.65179],[-35.83397,-7.65043],[-35.83054,-7.64566],[-35.81131,-7.64226],[-35.81406,-7.62729],[-35.81062,-7.62865],[-35.81131,-7.63205],[-35.80788,-7.6341],[-35.80582,-7.63137],[-35.7962,-7.63137],[-35.8017,-7.63818],[-35.8017,-7.64022],[-35.7962,-7.6409],[-35.79895,-7.64839],[-35.78865,-7.64839],[-35.78453,-7.6443],[-35.78796,-7.64022],[-35.79346,-7.63886],[-35.78865,-7.63682],[-35.78384,-7.63001],[-35.78384,-7.62593],[-35.78796,-7.62321],[-35.77629,-7.62253],[-35.77698,-7.6198],[-35.79002,-7.62048],[-35.78041,-7.6164],[-35.78247,-7.61096],[-35.78934,-7.60959],[-35.78796,-7.60075],[-35.78384,-7.60279],[-35.7811,-7.59939],[-35.7811,-7.59462],[-35.7756,-7.61096],[-35.77286,-7.61096],[-35.7708,-7.60687],[-35.76736,-7.60687],[-35.76462,-7.60143],[-35.75706,-7.60483],[-35.75981,-7.60959],[-35.76599,-7.61096],[-35.76736,-7.61368],[-35.7605,-7.61572],[-35.76187,-7.62389],[-35.755,-7.62525],[-35.75226,-7.62933],[-35.74539,-7.62865],[-35.74333,-7.63205],[-35.73509,-7.62933],[-35.7296,-7.63205],[-35.72754,-7.63001],[-35.7193,-7.63001],[-35.71655,-7.62457],[-35.71312,-7.62797],[-35.70625,-7.62729],[-35.70488,-7.6341],[-35.68428,-7.63682],[-35.67604,-7.62389],[-35.67604,-7.62185],[-35.68016,-7.62048],[-35.68016,-7.61776],[-35.66986,-7.61504],[-35.67055,-7.61028],[-35.67467,-7.60551],[-35.66711,-7.60619],[-35.66574,-7.60075],[-35.66917,-7.59598],[-35.67467,-7.59394],[-35.68222,-7.59598],[-35.68359,-7.60007],[-35.69389,-7.59598],[-35.6987,-7.58986],[-35.6781,-7.58645],[-35.70282,-7.57624],[-35.70351,-7.57284],[-35.70145,-7.57216],[-35.67947,-7.5708],[-35.67192,-7.58169],[-35.66574,-7.58101],[-35.65956,-7.58373],[-35.65613,-7.5885],[-35.65613,-7.59394],[-35.64857,-7.59802],[-35.64445,-7.60619],[-35.63965,-7.60279],[-35.63278,-7.60619],[-35.6321,-7.60279],[-35.62798,-7.60347],[-35.62317,-7.5987],[-35.61836,-7.5987],[-35.60944,-7.60143],[-35.61081,-7.61164],[-35.60875,-7.61436],[-35.60394,-7.61436],[-35.59776,-7.61028],[-35.60188,-7.60755],[-35.60257,-7.60347],[-35.59776,-7.60007],[-35.59776,-7.59734],[-35.60738,-7.59122],[-35.60463,-7.58577],[-35.61081,-7.58237],[-35.60944,-7.5708],[-35.61424,-7.5708],[-35.60806,-7.56195],[-35.60738,-7.55378],[-35.61356,-7.5565],[-35.61974,-7.55378],[-35.61974,-7.56127],[-35.62386,-7.56195],[-35.62386,-7.56671],[-35.62866,-7.56671],[-35.63416,-7.5708],[-35.6369,-7.56808],[-35.63484,-7.56195],[-35.6369,-7.55855],[-35.63278,-7.55582],[-35.6321,-7.54766],[-35.63965,-7.54357],[-35.64308,-7.53472],[-35.64651,-7.53745],[-35.64651,-7.54221],[-35.65063,-7.54493],[-35.64789,-7.55242],[-35.65475,-7.55106],[-35.6575,-7.5565],[-35.66299,-7.5531],[-35.65819,-7.54902],[-35.65819,-7.54561],[-35.66025,-7.54493],[-35.65956,-7.53745],[-35.65613,-7.53404],[-35.65956,-7.53676],[-35.66643,-7.5354],[-35.67192,-7.53881],[-35.67604,-7.54289],[-35.67398,-7.5497],[-35.68016,-7.54766],[-35.68565,-7.55174],[-35.68359,-7.54425],[-35.68909,-7.54221],[-35.68771,-7.53881],[-35.68153,-7.53881],[-35.66437,-7.52247],[-35.65475,-7.5177],[-35.63072,-7.49524],[-35.62866,-7.48775],[-35.63347,-7.48298],[-35.62592,-7.47958],[-35.63072,-7.47686],[-35.63416,-7.47073],[-35.63896,-7.47141],[-35.64514,-7.47686],[-35.65613,-7.47754],[-35.65887,-7.47413],[-35.65132,-7.47141],[-35.65201,-7.46869],[-35.65613,-7.46869],[-35.6678,-7.47413],[-35.66643,-7.47958],[-35.67398,-7.47958],[-35.67604,-7.47686],[-35.67947,-7.48298],[-35.68565,-7.48639],[-35.6884,-7.48639],[-35.69183,-7.4823],[-35.69801,-7.48298],[-35.69939,-7.48094],[-35.70351,-7.48162],[-35.70557,-7.48503],[-35.72067,-7.48503],[-35.73166,-7.4823],[-35.73647,-7.48571],[-35.73921,-7.48367],[-35.74608,-7.48979],[-35.74883,-7.48843],[-35.755,-7.49252],[-35.76187,-7.49183],[-35.76599,-7.49728],[-35.77217,-7.49524],[-35.78316,-7.49796],[-35.79346,-7.50477],[-35.79826,-7.50341],[-35.80444,-7.50545],[-35.80719,-7.50477],[-35.80307,-7.50341],[-35.80032,-7.49864],[-35.80994,-7.49796],[-35.81062,-7.49456],[-35.81474,-7.4932],[-35.82161,-7.48503],[-35.82573,-7.48639],[-35.82161,-7.4966],[-35.83054,-7.4932],[-35.83328,-7.49864],[-35.83534,-7.49524],[-35.84839,-7.49728],[-35.84976,-7.50273],[-35.85251,-7.50341],[-35.85457,-7.48911],[-35.85182,-7.48571],[-35.85526,-7.48503],[-35.86624,-7.49183],[-35.86281,-7.48503],[-35.87036,-7.48435],[-35.87311,-7.48911],[-35.87654,-7.48911],[-35.87448,-7.48162],[-35.87997,-7.48094],[-35.87929,-7.4755],[-35.89371,-7.4755],[-35.89165,-7.47005],[-35.88203,-7.47073],[-35.87929,-7.46528],[-35.87448,-7.46869],[-35.87379,-7.4755],[-35.86212,-7.47618],[-35.86006,-7.4789],[-35.85388,-7.4789],[-35.84496,-7.47277],[-35.84221,-7.46937],[-35.8429,-7.46665],[-35.85114,-7.46801],[-35.85251,-7.4646],[-35.84221,-7.46256],[-35.84152,-7.46052],[-35.84976,-7.45779],[-35.85732,-7.45916],[-35.85526,-7.45371],[-35.858,-7.45099],[-35.84839,-7.45439],[-35.84084,-7.45031],[-35.85594,-7.4469],[-35.85526,-7.44213],[-35.85732,-7.44009],[-35.84908,-7.44418],[-35.83946,-7.44282],[-35.83946,-7.43669],[-35.84358,-7.43056],[-35.83809,-7.4326],[-35.83603,-7.42852],[-35.82848,-7.42511],[-35.8271,-7.42647],[-35.83191,-7.43056],[-35.83191,-7.43465],[-35.83603,-7.43737],[-35.83603,-7.44213],[-35.83328,-7.44213],[-35.82848,-7.43669],[-35.82298,-7.43873],[-35.8168,-7.42988],[-35.80788,-7.43192],[-35.80307,-7.43056],[-35.80444,-7.42443],[-35.79964,-7.42239],[-35.79895,-7.41626],[-35.79071,-7.4183],[-35.7811,-7.40809],[-35.78247,-7.40264],[-35.79414,-7.39856],[-35.79346,-7.39515],[-35.78453,-7.39447],[-35.78316,-7.38834],[-35.77698,-7.3829],[-35.77354,-7.3829],[-35.77217,-7.38902],[-35.7605,-7.38834],[-35.75569,-7.38153],[-35.75157,-7.38085],[-35.7502,-7.36928],[-35.74677,-7.36655],[-35.73921,-7.36791],[-35.73647,-7.36587],[-35.73647,-7.36247],[-35.74471,-7.3577],[-35.75294,-7.3577],[-35.74951,-7.35225],[-35.73509,-7.35361],[-35.72617,-7.35021],[-35.72479,-7.35225],[-35.71518,-7.35293],[-35.70799,-7.34953],[-35.71518,-7.36723],[-35.7296,-7.36519],[-35.7296,-7.37132],[-35.72411,-7.372],[-35.72136,-7.37677],[-35.72617,-7.37745],[-35.72891,-7.37541],[-35.72891,-7.37949],[-35.73578,-7.37881],[-35.73097,-7.38698],[-35.72361,-7.38902],[-35.73166,-7.39175],[-35.73166,-7.39924],[-35.72711,-7.39788],[-35.73034,-7.40605],[-35.73715,-7.40605],[-35.74539,-7.41081],[-35.76324,-7.41013],[-35.75706,-7.41626],[-35.75912,-7.42171],[-35.75432,-7.42307],[-35.75432,-7.4292],[-35.75981,-7.43056],[-35.7605,-7.43533],[-35.75569,-7.43192],[-35.7502,-7.43192],[-35.74814,-7.42716],[-35.74677,-7.43465],[-35.74127,-7.42784],[-35.73921,-7.42849],[-35.75483,-7.46801],[-35.75844,-7.46528],[-35.7605,-7.46937],[-35.75912,-7.4755],[-35.76942,-7.47958],[-35.77354,-7.47754],[-35.77492,-7.48162],[-35.76942,-7.4823],[-35.7653,-7.47958],[-35.76187,-7.48094],[-35.75294,-7.47413],[-35.74814,-7.47822],[-35.74196,-7.47277],[-35.73372,-7.47754],[-35.72685,-7.4755],[-35.72548,-7.47754],[-35.71312,-7.47822],[-35.70351,-7.47481],[-35.69664,-7.47958],[-35.69115,-7.47958],[-35.68428,-7.47754],[-35.67879,-7.47005],[-35.67192,-7.47277],[-35.67329,-7.46528],[-35.67123,-7.46528],[-35.67055,-7.47005],[-35.6678,-7.47005],[-35.65681,-7.46188],[-35.65063,-7.46188],[-35.6472,-7.46528],[-35.64377,-7.46052],[-35.63278,-7.46052],[-35.63004,-7.4646],[-35.63622,-7.46528],[-35.63622,-7.46733],[-35.63072,-7.47073],[-35.62386,-7.47141],[-35.62111,-7.4755],[-35.61836,-7.47277],[-35.62111,-7.46801],[-35.6115,-7.46733],[-35.61012,-7.47141],[-35.6115,-7.4789],[-35.62042,-7.48367],[-35.61699,-7.49183],[-35.62111,-7.4932],[-35.62317,-7.49796],[-35.62798,-7.5],[-35.63416,-7.50817],[-35.62729,-7.51226],[-35.62317,-7.50953],[-35.6218,-7.50477],[-35.61768,-7.50681],[-35.61768,-7.50069],[-35.60944,-7.49796],[-35.61012,-7.48843],[-35.60394,-7.48094],[-35.60806,-7.47822],[-35.60669,-7.47209],[-35.60051,-7.46937],[-35.59914,-7.4646],[-35.59296,-7.46052],[-35.59158,-7.46324],[-35.59364,-7.4646],[-35.59433,-7.47209],[-35.59021,-7.4755],[-35.59433,-7.47958],[-35.59433,-7.48503],[-35.60051,-7.48639],[-35.60532,-7.49183],[-35.60326,-7.49864],[-35.60463,-7.50477],[-35.59914,-7.50545],[-35.59502,-7.50273],[-35.59502,-7.50545],[-35.60188,-7.51158],[-35.60257,-7.51634],[-35.606,-7.51702],[-35.60463,-7.52179],[-35.60806,-7.52111],[-35.6115,-7.52791],[-35.61699,-7.52723],[-35.61768,-7.54017],[-35.61356,-7.54289],[-35.6115,-7.53676],[-35.59914,-7.53608],[-35.59708,-7.53813],[-35.59914,-7.54834],[-35.60326,-7.55378],[-35.6012,-7.56331],[-35.60257,-7.57284],[-35.60051,-7.57488],[-35.60326,-7.58033],[-35.6012,-7.58169],[-35.60188,-7.58918],[-35.5957,-7.59462],[-35.59158,-7.60687],[-35.59845,-7.61572],[-35.60669,-7.61708],[-35.61218,-7.61436],[-35.61356,-7.60415],[-35.62111,-7.60415],[-35.62866,-7.61096],[-35.6369,-7.60891],[-35.64651,-7.61096],[-35.64789,-7.60619],[-35.65201,-7.60619],[-35.65132,-7.60959],[-35.6575,-7.60959],[-35.66025,-7.61504],[-35.67055,-7.61912],[-35.67535,-7.62661],[-35.67673,-7.6341],[-35.68428,-7.63954],[-35.71312,-7.63682],[-35.71999,-7.64158],[-35.72823,-7.64022],[-35.73509,-7.64226],[-35.7399,-7.64839],[-35.74471,-7.64635],[-35.75844,-7.64771],[-35.76187,-7.63546],[-35.7605,-7.63137],[-35.76599,-7.63614],[-35.77148,-7.63614],[-35.77629,-7.63205],[-35.77904,-7.64498],[-35.77423,-7.64226],[-35.77354,-7.6375],[-35.76668,-7.6375],[-35.76324,-7.6409],[-35.76324,-7.64839],[-35.7653,-7.64975],[-35.75638,-7.65383],[-35.73921,-7.65179],[-35.71106,-7.64362],[-35.69801,-7.64294],[-35.68909,-7.64566],[-35.68153,-7.6409],[-35.67535,-7.64294],[-35.67261,-7.62933],[-35.66093,-7.62185],[-35.65269,-7.62185],[-35.65269,-7.61504],[-35.63622,-7.61368],[-35.6321,-7.61572],[-35.62523,-7.61436],[-35.6218,-7.60959],[-35.61836,-7.60959],[-35.61356,-7.61776],[-35.60669,-7.62048],[-35.60532,-7.62593],[-35.60257,-7.62525],[-35.60257,-7.62048],[-35.59227,-7.62253],[-35.59296,-7.61844],[-35.58678,-7.61232],[-35.58609,-7.60687],[-35.57785,-7.60415],[-35.58952,-7.60007],[-35.59845,-7.58781],[-35.5957,-7.57216],[-35.59776,-7.5531],[-35.59296,-7.54834],[-35.59021,-7.53813],[-35.5854,-7.5354],[-35.58678,-7.52111],[-35.58952,-7.51634],[-35.58746,-7.51294],[-35.58334,-7.51362],[-35.57991,-7.5109],[-35.5806,-7.50885],[-35.5854,-7.50817],[-35.58678,-7.49796],[-35.58266,-7.49115],[-35.58472,-7.48639],[-35.57922,-7.48503],[-35.58334,-7.47958],[-35.57854,-7.47481],[-35.57716,-7.46733],[-35.57304,-7.4646],[-35.57785,-7.45916],[-35.57854,-7.45439],[-35.57167,-7.45507],[-35.5648,-7.45031],[-35.55794,-7.44962],[-35.56,-7.45507],[-35.55038,-7.45371],[-35.55107,-7.45984],[-35.54764,-7.46324],[-35.54008,-7.45916],[-35.51949,-7.45439],[-35.51743,-7.45099],[-35.53528,-7.45099],[-35.53734,-7.44758],[-35.52841,-7.44213],[-35.50026,-7.44077],[-35.47005,-7.43192],[-35.47211,-7.4292],[-35.47691,-7.42852],[-35.47829,-7.42443],[-35.48859,-7.42375],[-35.48241,-7.42171],[-35.47554,-7.42307],[-35.47073,-7.41694],[-35.46112,-7.4149],[-35.45563,-7.40741],[-35.44876,-7.40809],[-35.44533,-7.40605],[-35.44464,-7.41013],[-35.44052,-7.4115],[-35.43571,-7.41762],[-35.43571,-7.42171],[-35.44739,-7.42988],[-35.4467,-7.43396],[-35.44052,-7.43805],[-35.42953,-7.43669],[-35.42198,-7.4435],[-35.41718,-7.45303],[-35.41855,-7.46869],[-35.41649,-7.46869],[-35.41237,-7.45984],[-35.40825,-7.45779],[-35.40962,-7.44554],[-35.39452,-7.44486],[-35.40482,-7.44077],[-35.40756,-7.43533],[-35.411,-7.43465],[-35.411,-7.43192],[-35.39452,-7.43396],[-35.38284,-7.42988],[-35.37529,-7.43465],[-35.36911,-7.43465],[-35.37323,-7.43056],[-35.36499,-7.42852],[-35.36568,-7.42647],[-35.37048,-7.42716],[-35.37941,-7.42307],[-35.37941,-7.41558],[-35.38422,-7.4183],[-35.3904,-7.41626],[-35.39383,-7.42035],[-35.39726,-7.4183],[-35.40413,-7.42035],[-35.4055,-7.41558],[-35.40962,-7.41422],[-35.40756,-7.40537],[-35.39795,-7.40741],[-35.39726,-7.40128],[-35.38971,-7.404],[-35.37735,-7.40196],[-35.37254,-7.404],[-35.37117,-7.40809],[-35.36293,-7.40809],[-35.35881,-7.41286],[-35.3595,-7.41694],[-35.35126,-7.4183],[-35.34988,-7.41558],[-35.3389,-7.41558],[-35.34439,-7.41081],[-35.35194,-7.41218],[-35.35469,-7.40741],[-35.35332,-7.404],[-35.35538,-7.39924],[-35.34576,-7.39379],[-35.33752,-7.39311],[-35.3334,-7.3972],[-35.32585,-7.39856],[-35.31898,-7.39856],[-35.31693,-7.39379],[-35.31418,-7.39379],[-35.30869,-7.39924],[-35.29701,-7.39924],[-35.30391,-7.40605],[-35.308,-7.40332],[-35.3241,-7.4113],[-35.32997,-7.40718],[-35.32928,-7.40469],[-35.33958,-7.4006],[-35.34027,-7.39651],[-35.3437,-7.39651],[-35.34645,-7.39992],[-35.34508,-7.40196],[-35.3334,-7.40945],[-35.33116,-7.40877],[-35.3335,-7.4228],[-35.3526,-7.4242],[-35.34971,-7.43192],[-35.35332,-7.43192],[-35.35538,-7.43533],[-35.34936,-7.43601],[-35.35332,-7.44077],[-35.36156,-7.4426],[-35.36156,-7.44077],[-35.3684,-7.4406],[-35.37392,-7.44662],[-35.38078,-7.4435],[-35.38284,-7.44554],[-35.37941,-7.44915],[-35.3855,-7.4496],[-35.39314,-7.45636],[-35.39314,-7.45099],[-35.39795,-7.45303],[-35.40482,-7.45099],[-35.39861,-7.45848],[-35.4098,-7.4628],[-35.4129,-7.4706],[-35.42542,-7.47413]],[[-35.57922,-7.48503],[-35.57854,-7.48571],[-35.57854,-7.48503],[-35.57922,-7.48503]],[[-35.75363,-7.39583],[-35.75706,-7.39788],[-35.75706,-7.39992],[-35.75363,-7.39856],[-35.75363,-7.39583]],[[-35.76736,-7.404],[-35.76668,-7.40469],[-35.76668,-7.404],[-35.76736,-7.404]],[[-35.37804,-7.40469],[-35.38696,-7.40673],[-35.38834,-7.40945],[-35.38284,-7.41081],[-35.37735,-7.40741],[-35.37804,-7.40469]],[[-35.77354,-7.40945],[-35.78178,-7.4115],[-35.78384,-7.41626],[-35.77423,-7.41626],[-35.7708,-7.4115],[-35.77354,-7.40945]],[[-35.39452,-7.4115],[-35.39177,-7.41081],[-35.39108,-7.40945],[-35.39452,-7.40945],[-35.39452,-7.4115]],[[-35.45494,-7.4115],[-35.45837,-7.41694],[-35.4673,-7.41898],[-35.46524,-7.42579],[-35.46043,-7.4292],[-35.44945,-7.42647],[-35.44189,-7.42171],[-35.44258,-7.4149],[-35.44876,-7.41081],[-35.45494,-7.4115]],[[-35.36087,-7.42171],[-35.35812,-7.42307],[-35.35675,-7.42171],[-35.36087,-7.42171]],[[-35.35469,-7.42239],[-35.354,-7.42307],[-35.354,-7.42239],[-35.35469,-7.42239]],[[-35.78865,-7.42511],[-35.79895,-7.42716],[-35.78659,-7.42716],[-35.78865,-7.42511]],[[-35.80856,-7.43465],[-35.81268,-7.43737],[-35.80788,-7.43601],[-35.80856,-7.43465]],[[-35.38559,-7.43601],[-35.38284,-7.44009],[-35.3698,-7.44145],[-35.37254,-7.43805],[-35.38559,-7.43601]],[[-35.50575,-7.44486],[-35.5188,-7.44554],[-35.52017,-7.4469],[-35.50575,-7.4469],[-35.50575,-7.44486]],[[-35.8326,-7.45916],[-35.83191,-7.45984],[-35.83191,-7.45916],[-35.8326,-7.45916]],[[-35.82779,-7.47209],[-35.82642,-7.47277],[-35.82642,-7.47209],[-35.82779,-7.47209]],[[-35.84496,-7.47958],[-35.85045,-7.48367],[-35.85045,-7.48639],[-35.84221,-7.48571],[-35.84633,-7.48367],[-35.84496,-7.47958]],[[-35.60394,-7.54834],[-35.60738,-7.5497],[-35.60806,-7.55242],[-35.60394,-7.54834]],[[-35.65956,-7.60075],[-35.65613,-7.60143],[-35.65613,-7.59939],[-35.65956,-7.59802],[-35.65956,-7.60075]],[[-35.65475,-7.60211],[-35.65407,-7.60279],[-35.65407,-7.60211],[-35.65475,-7.60211]],[[-35.62111,-7.61504],[-35.62386,-7.6164],[-35.62317,-7.62729],[-35.61699,-7.62457],[-35.6163,-7.61844],[-35.62111,-7.61504]],[[-35.64308,-7.61844],[-35.64651,-7.61912],[-35.6472,-7.62116],[-35.64308,-7.62253],[-35.64308,-7.61844]],[[-35.62866,-7.61844],[-35.62729,-7.6198],[-35.62729,-7.61844],[-35.62866,-7.61844]],[[-35.71518,-7.63205],[-35.71381,-7.6341],[-35.71381,-7.63273],[-35.71518,-7.63205]],[[-35.74471,-7.6341],[-35.75432,-7.63546],[-35.75706,-7.63886],[-35.75089,-7.64022],[-35.74745,-7.63818],[-35.74196,-7.64022],[-35.74059,-7.63614],[-35.74471,-7.6341]],[[-35.78522,-7.6341],[-35.78247,-7.63546],[-35.78247,-7.6341],[-35.78522,-7.6341]],[[-35.80788,-7.64294],[-35.80513,-7.6443],[-35.80513,-7.64362],[-35.80788,-7.64294]],[[-35.69939,-7.64771],[-35.70213,-7.64703],[-35.70282,-7.65043],[-35.69939,-7.64771]],[[-35.80444,-7.64907],[-35.80788,-7.65179],[-35.80444,-7.65111],[-35.80444,-7.64907]],[[-35.79071,-7.65383],[-35.79277,-7.65247],[-35.79346,-7.65383],[-35.79071,-7.65383]],[[-35.79964,-7.65451],[-35.80032,-7.65383],[-35.80032,-7.65451],[-35.79964,-7.65451]],[[-35.79964,-7.65451],[-35.79826,-7.65587],[-35.79826,-7.65519],[-35.79964,-7.65451]],[[-35.80307,-7.65723],[-35.80925,-7.65928],[-35.80856,-7.66336],[-35.80307,-7.66132],[-35.80307,-7.65723]],[[-35.83466,-7.66132],[-35.83397,-7.66268],[-35.83397,-7.66132],[-35.83466,-7.66132]],[[-35.8223,-7.66336],[-35.82298,-7.66472],[-35.82161,-7.66472],[-35.8223,-7.66336]],[[-35.8251,-7.4595],[-35.82548,-7.45973],[-35.821,-7.4646],[-35.8251,-7.4595]]],[[[-35.73853,-7.42852],[-35.73303,-7.4326],[-35.7296,-7.42784],[-35.72685,-7.42784],[-35.72479,-7.43124],[-35.72273,-7.42784],[-35.71724,-7.42852],[-35.71518,-7.43192],[-35.70969,-7.43396],[-35.71106,-7.43873],[-35.70282,-7.44009],[-35.70007,-7.4435],[-35.69527,-7.44009],[-35.69527,-7.44758],[-35.6884,-7.4435],[-35.6781,-7.44213],[-35.67398,-7.43873],[-35.66643,-7.43941],[-35.66505,-7.44418],[-35.67261,-7.45031],[-35.6781,-7.45099],[-35.68222,-7.45575],[-35.68565,-7.45099],[-35.69115,-7.45711],[-35.69733,-7.45235],[-35.6987,-7.45916],[-35.69595,-7.46324],[-35.69183,-7.46324],[-35.69252,-7.46596],[-35.70694,-7.46869],[-35.70625,-7.46052],[-35.70969,-7.45575],[-35.709,-7.46256],[-35.71518,-7.46801],[-35.7193,-7.46528],[-35.71655,-7.4612],[-35.71861,-7.45848],[-35.72548,-7.45779],[-35.73509,-7.4646],[-35.73921,-7.4646],[-35.74196,-7.4612],[-35.74539,-7.46665],[-35.74471,-7.46937],[-35.74883,-7.47141],[-35.75403,-7.46801],[-35.73853,-7.42852]]],[[[-35.72479,-7.3972],[-35.72411,-7.40332],[-35.71312,-7.40469],[-35.71655,-7.41081],[-35.72273,-7.41218],[-35.7296,-7.40945],[-35.72647,-7.3972],[-35.72479,-7.3972]]],[[[-35.72685,-7.3972],[-35.72684,-7.3972],[-35.72685,-7.39723],[-35.72685,-7.3972]]],[[[-35.72342,-7.38971],[-35.72356,-7.38971],[-35.72342,-7.38935],[-35.72342,-7.38971]]],[[[-35.71449,-7.36655],[-35.71455,-7.36655],[-35.71449,-7.36642],[-35.71449,-7.36655]]],[[[-35.39383,-7.45643],[-35.39332,-7.45643],[-35.39383,-7.45663],[-35.39383,-7.45643]]]]}},{"type":"Feature","properties":{"faixa":"300 a 500 m","ordem":3,"area_km2":5.7},"geometry":{"type":"Polygon","coordinates":[[[-37.51556,-6.35693],[-37.51968,-6.36307],[-37.519,-6.36921],[-37.52243,-6.3774],[-37.53616,-6.38081],[-37.53891,-6.38491],[-37.54234,-6.38422],[-37.54166,-6.38013],[-37.54715,-6.38013],[-37.55127,-6.39105],[-37.5602,-6.39037],[-37.5602,-6.38695],[-37.55333,-6.37877],[-37.54509,-6.37604],[-37.5396,-6.36989],[-37.52174,-6.35829],[-37.51556,-6.35693]],[[-37.52312,-6.36853],[-37.5293,-6.36853],[-37.5341,-6.37399],[-37.53136,-6.37535],[-37.5293,-6.37126],[-37.52449,-6.37331],[-37.52312,-6.36853]]]}},{"type":"Feature","properties":{"faixa":"300 a 500 m","ordem":3,"area_km2":2.1},"geometry":{"type":"Polygon","coordinates":[[[-35.44464,-7.21876],[-35.42953,-7.21876],[-35.42816,-7.22352],[-35.43091,-7.22897],[-35.4467,-7.22966],[-35.44464,-7.21876]]]}},{"type":"Feature","properties":{"faixa":"300 a 500 m","ordem":3,"area_km2":1.5},"geometry":{"type":"Polygon","coordinates":[[[-37.59315,-6.50772],[-37.58904,-6.51591],[-37.59109,-6.52205],[-37.59453,-6.52137],[-37.59521,-6.51727],[-37.60071,-6.51795],[-37.60277,-6.51454],[-37.60208,-6.50977],[-37.59315,-6.50772]]]}},{"type":"Feature","properties":{"faixa":"300 a 500 m","ordem":3,"area_km2":4.8},"geometry":{"type":"Polygon","coordinates":[[[-35.64995,-7.04365],[-35.64926,-7.04774],[-35.67261,-7.06887],[-35.69252,-7.08386],[-35.70419,-7.08658],[-35.70076,-7.0825],[-35.70007,-7.07636],[-35.6884,-7.07432],[-35.68703,-7.07091],[-35.6884,-7.07159],[-35.69183,-7.07091],[-35.68359,-7.0641],[-35.67192,-7.0641],[-35.66437,-7.05796],[-35.66231,-7.05251],[-35.65681,-7.05047],[-35.65544,-7.04502],[-35.64995,-7.04365]]]}},{"type":"Feature","properties":{"faixa":"300 a 500 m","ordem":3,"area_km2":1.8},"geometry":{"type":"Polygon","coordinates":[[[-37.96806,-6.87939],[-37.96532,-6.88348],[-37.97012,-6.88689],[-37.97699,-6.88621],[-37.99072,-6.89234],[-37.99622,-6.8903],[-37.9921,-6.88553],[-37.98317,-6.88621],[-37.97974,-6.88076],[-37.97493,-6.88212],[-37.96806,-6.87939]]]}},{"type":"Feature","properties":{"faixa":"300 a 500 m","ordem":3,"area_km2":2.5},"geometry":{"type":"MultiPolygon","coordinates":[[[[-37.38922,-7.13905],[-37.38029,-7.1336],[-37.37961,-7.13087],[-37.37617,-7.13087],[-37.38029,-7.13837],[-37.38098,-7.14722],[-37.38441,-7.14722],[-37.38235,-7.14245],[-37.38785,-7.14041],[-37.38934,-7.14177],[-37.38922,-7.13905]]],[[[-37.38991,-7.14177],[-37.39128,-7.14382],[-37.40501,-7.14518],[-37.40776,-7.14245],[-37.41531,-7.14245],[-37.41531,-7.13905],[-37.41051,-7.13769],[-37.3954,-7.13973],[-37.39265,-7.13632],[-37.38991,-7.14177]]]]}},{"type":"Feature","properties":{"faixa":"300 a 500 m","ordem":3,"area_km2":2.7},"geometry":{"type":"Polygon","coordinates":[[[-35.64102,-7.07296],[-35.64377,-7.07636],[-35.64308,-7.08113],[-35.65201,-7.08454],[-35.65338,-7.08999],[-35.65887,-7.08999],[-35.66093,-7.09272],[-35.66917,-7.09135],[-35.6781,-7.09612],[-35.68497,-7.09476],[-35.68153,-7.09067],[-35.66711,-7.08726],[-35.65407,-7.08113],[-35.64857,-7.08181],[-35.6472,-7.07773],[-35.64102,-7.07296]]]}},{"type":"Feature","properties":{"faixa":"300 a 500 m","ordem":3,"area_km2":3.3},"geometry":{"type":"Polygon","coordinates":[[[-37.32399,-6.9421],[-37.31987,-6.94551],[-37.31026,-6.94619],[-37.31026,-6.9496],[-37.313,-6.95165],[-37.3185,-6.94824],[-37.34528,-6.9496],[-37.3597,-6.94619],[-37.35489,-6.94279],[-37.32399,-6.9421]]]}},{"type":"Feature","properties":{"faixa":"300 a 500 m","ordem":3,"area_km2":2.6},"geometry":{"type":"Polygon","coordinates":[[[-37.46613,-6.94619],[-37.45239,-6.95437],[-37.45102,-6.96119],[-37.45857,-6.96528],[-37.45377,-6.97005],[-37.46407,-6.96869],[-37.46475,-6.96323],[-37.46132,-6.9571],[-37.46475,-6.95233],[-37.47093,-6.95028],[-37.46956,-6.94688],[-37.46613,-6.94619]]]}},{"type":"Feature","properties":{"faixa":"300 a 500 m","ordem":3,"area_km2":4.9},"geometry":{"type":"Polygon","coordinates":[[[-37.47711,-6.92166],[-37.47505,-6.92575],[-37.46269,-6.92575],[-37.45445,-6.92302],[-37.44965,-6.92779],[-37.44484,-6.92506],[-37.4366,-6.92711],[-37.44621,-6.93188],[-37.45445,-6.93256],[-37.46201,-6.93733],[-37.48535,-6.93324],[-37.48604,-6.93052],[-37.47986,-6.92575],[-37.48329,-6.92166],[-37.47711,-6.92166]]]}},{"type":"Feature","properties":{"faixa":"300 a 500 m","ordem":3,"area_km2":5.0},"geometry":{"type":"Polygon","coordinates":[[[-37.51625,-6.91416],[-37.51625,-6.92234],[-37.51076,-6.92438],[-37.5032,-6.92302],[-37.50114,-6.92711],[-37.50252,-6.9312],[-37.50732,-6.93256],[-37.5135,-6.92984],[-37.56569,-6.92575],[-37.5602,-6.92302],[-37.54715,-6.92506],[-37.54097,-6.92097],[-37.52449,-6.92097],[-37.519,-6.91416],[-37.51625,-6.91416]]]}},{"type":"Feature","properties":{"faixa":"300 a 500 m","ordem":3,"area_km2":2.2},"geometry":{"type":"Polygon","coordinates":[[[-35.53047,-7.15812],[-35.51811,-7.15812],[-35.51949,-7.16289],[-35.51193,-7.16562],[-35.50919,-7.16903],[-35.51605,-7.17039],[-35.5188,-7.17379],[-35.52361,-7.17311],[-35.52361,-7.16834],[-35.52979,-7.16494],[-35.53047,-7.15812]]]}},{"type":"Feature","properties":{"faixa":"300 a 500 m","ordem":3,"area_km2":1.8},"geometry":{"type":"Polygon","coordinates":[[[-37.47508,-6.61414],[-37.4826,-6.61277],[-37.48604,-6.60322],[-37.48055,-6.5964],[-37.48329,-6.5814],[-37.47849,-6.57526],[-37.4804,-6.6052],[-37.476,-6.6081],[-37.47508,-6.61414]]]}},{"type":"Feature","properties":{"faixa":"300 a 500 m","ordem":3,"area_km2":6.7},"geometry":{"type":"Polygon","coordinates":[[[-37.17361,-6.91007],[-37.17636,-6.91552],[-37.17155,-6.91416],[-37.16743,-6.91552],[-37.17155,-6.91893],[-37.17087,-6.92438],[-37.17842,-6.92984],[-37.17705,-6.93529],[-37.17911,-6.93733],[-37.19833,-6.94074],[-37.20726,-6.94619],[-37.21893,-6.94551],[-37.21756,-6.94279],[-37.18323,-6.92506],[-37.18185,-6.92234],[-37.18529,-6.92097],[-37.18323,-6.91757],[-37.18529,-6.91211],[-37.17361,-6.91007]]]}},{"type":"Feature","properties":{"faixa":"300 a 500 m","ordem":3,"area_km2":2.4},"geometry":{"type":"Polygon","coordinates":[[[-37.1228,-6.86576],[-37.12761,-6.87871],[-37.13928,-6.88416],[-37.1489,-6.89371],[-37.15233,-6.89439],[-37.15439,-6.89848],[-37.15782,-6.89848],[-37.15233,-6.89371],[-37.15233,-6.88757],[-37.14546,-6.88757],[-37.13516,-6.87598],[-37.13173,-6.86848],[-37.1228,-6.86576]]]}},{"type":"Feature","properties":{"faixa":"300 a 500 m","ordem":3,"area_km2":3.1},"geometry":{"type":"Polygon","coordinates":[[[-37.52792,-6.85826],[-37.52724,-6.87326],[-37.51968,-6.87394],[-37.51625,-6.87803],[-37.51694,-6.88348],[-37.5238,-6.88757],[-37.5293,-6.88689],[-37.53067,-6.87598],[-37.53479,-6.87121],[-37.5341,-6.86303],[-37.52792,-6.85826]]]}},{"type":"Feature","properties":{"faixa":"300 a 500 m","ordem":3,"area_km2":15.1},"geometry":{"type":"Polygon","coordinates":[[[-37.05345,-6.77781],[-37.05208,-6.78053],[-37.0562,-6.78872],[-37.06993,-6.79894],[-37.07199,-6.81463],[-37.07886,-6.81463],[-37.07611,-6.81803],[-37.07748,-6.82144],[-37.08641,-6.82008],[-37.10564,-6.83712],[-37.1077,-6.83576],[-37.10838,-6.82826],[-37.11594,-6.83781],[-37.11868,-6.83781],[-37.11044,-6.82485],[-37.10907,-6.80576],[-37.09808,-6.80644],[-37.08984,-6.80099],[-37.08641,-6.79554],[-37.08092,-6.79349],[-37.07542,-6.78599],[-37.06306,-6.78531],[-37.05345,-6.77781]],[[-37.07954,-6.80167],[-37.0816,-6.80235],[-37.08229,-6.8044],[-37.07954,-6.80167]]]}},{"type":"Feature","properties":{"faixa":"300 a 500 m","ordem":3,"area_km2":2.6},"geometry":{"type":"Polygon","coordinates":[[[-37.10358,-6.78599],[-37.10701,-6.80167],[-37.12006,-6.81053],[-37.12349,-6.81053],[-37.12418,-6.80644],[-37.118,-6.80167],[-37.11319,-6.79144],[-37.10907,-6.78735],[-37.10358,-6.78599]]]}},{"type":"Feature","properties":{"faixa":"300 a 500 m","ordem":3,"area_km2":8.3},"geometry":{"type":"Polygon","coordinates":[[[-37.43179,-6.82144],[-37.4263,-6.82417],[-37.42767,-6.83712],[-37.42081,-6.82622],[-37.41051,-6.82622],[-37.40913,-6.82826],[-37.41051,-6.84053],[-37.42081,-6.85826],[-37.42012,-6.86576],[-37.42218,-6.8678],[-37.42973,-6.86303],[-37.43385,-6.86303],[-37.43591,-6.85962],[-37.43248,-6.8494],[-37.43248,-6.84053],[-37.4366,-6.83508],[-37.43179,-6.82144]],[[-37.42012,-6.83167],[-37.42218,-6.83849],[-37.41737,-6.8419],[-37.41325,-6.83099],[-37.42012,-6.83167]],[[-37.41943,-6.84326],[-37.42561,-6.84735],[-37.42218,-6.85076],[-37.41875,-6.84531],[-37.41943,-6.84326]],[[-37.42973,-6.8569],[-37.43111,-6.85553],[-37.43111,-6.85758],[-37.42973,-6.8569]]]}},{"type":"Feature","properties":{"faixa":"300 a 500 m","ordem":3,"area_km2":2.1},"geometry":{"type":"Polygon","coordinates":[[[-37.44827,-6.81599],[-37.44759,-6.82213],[-37.45171,-6.82417],[-37.45102,-6.83508],[-37.4572,-6.83781],[-37.45857,-6.8419],[-37.46132,-6.8419],[-37.45995,-6.83167],[-37.45514,-6.82894],[-37.45583,-6.82417],[-37.45926,-6.82144],[-37.45789,-6.81735],[-37.44827,-6.81599]]]}},{"type":"Feature","properties":{"faixa":"300 a 500 m","ordem":3,"area_km2":21.5},"geometry":{"type":"Polygon","coordinates":[[[-37.49977,-6.76485],[-37.48878,-6.76417],[-37.4881,-6.76622],[-37.49222,-6.77917],[-37.50252,-6.78803],[-37.50183,-6.79485],[-37.50046,-6.79758],[-37.49565,-6.79826],[-37.48878,-6.7894],[-37.48329,-6.80372],[-37.48741,-6.81122],[-37.48741,-6.81735],[-37.49084,-6.82076],[-37.49565,-6.8194],[-37.49496,-6.81326],[-37.49908,-6.8119],[-37.50114,-6.81258],[-37.50458,-6.82281],[-37.51488,-6.81803],[-37.51556,-6.82622],[-37.51144,-6.82826],[-37.51144,-6.8344],[-37.5087,-6.83644],[-37.50801,-6.83031],[-37.50458,-6.82826],[-37.50252,-6.82962],[-37.50252,-6.83644],[-37.5087,-6.83917],[-37.51213,-6.84667],[-37.51831,-6.84871],[-37.52106,-6.84258],[-37.53136,-6.83712],[-37.53342,-6.83303],[-37.53136,-6.80849],[-37.5293,-6.80508],[-37.52037,-6.8044],[-37.51762,-6.81531],[-37.51144,-6.81053],[-37.51076,-6.80235],[-37.51625,-6.79076],[-37.51282,-6.78872],[-37.50938,-6.77781],[-37.50389,-6.77303],[-37.49977,-6.76485]],[[-37.49496,-6.7744],[-37.49771,-6.77372],[-37.49702,-6.77508],[-37.49496,-6.7744]],[[-37.49016,-6.80167],[-37.4929,-6.8044],[-37.49016,-6.80372],[-37.49016,-6.80167]],[[-37.52518,-6.81803],[-37.52792,-6.8194],[-37.52792,-6.83031],[-37.52449,-6.82076],[-37.52518,-6.81803]]]}},{"type":"Feature","properties":{"faixa":"300 a 500 m","ordem":3,"area_km2":1.8},"geometry":{"type":"Polygon","coordinates":[[[-37.46544,-6.79417],[-37.46338,-6.79622],[-37.46475,-6.80304],[-37.47437,-6.80644],[-37.47986,-6.80508],[-37.48123,-6.80099],[-37.4778,-6.7969],[-37.46544,-6.79417]]]}},{"type":"Feature","properties":{"faixa":"300 a 500 m","ordem":3,"area_km2":43.2},"geometry":{"type":"Polygon","coordinates":[[[-35.55725,-7.23374],[-35.5497,-7.23715],[-35.5497,-7.24396],[-35.53528,-7.24464],[-35.53596,-7.24668],[-35.54077,-7.246],[-35.54558,-7.2535],[-35.54352,-7.25486],[-35.54283,-7.25213],[-35.53871,-7.25145],[-35.53665,-7.25758],[-35.53391,-7.2535],[-35.52292,-7.25486],[-35.52635,-7.25009],[-35.52223,-7.25009],[-35.51949,-7.24737],[-35.52292,-7.24328],[-35.5188,-7.24055],[-35.50095,-7.23919],[-35.4982,-7.23442],[-35.49408,-7.23374],[-35.48584,-7.24124],[-35.48447,-7.24941],[-35.47966,-7.25213],[-35.47623,-7.26439],[-35.47211,-7.26916],[-35.48378,-7.26644],[-35.47966,-7.26984],[-35.47897,-7.27393],[-35.48584,-7.27393],[-35.49751,-7.26916],[-35.49957,-7.26303],[-35.49408,-7.25826],[-35.49683,-7.2569],[-35.4982,-7.25145],[-35.50507,-7.24941],[-35.50507,-7.26031],[-35.50713,-7.26167],[-35.51193,-7.25963],[-35.51537,-7.26439],[-35.50781,-7.26848],[-35.50644,-7.27393],[-35.51125,-7.27325],[-35.51605,-7.26848],[-35.52017,-7.26984],[-35.51949,-7.2787],[-35.51125,-7.28278],[-35.51193,-7.2896],[-35.52429,-7.28891],[-35.53459,-7.28278],[-35.54764,-7.28006],[-35.55107,-7.28278],[-35.55107,-7.2896],[-35.55382,-7.29096],[-35.55931,-7.28891],[-35.56206,-7.2821],[-35.57098,-7.28755],[-35.57098,-7.293],[-35.58197,-7.29164],[-35.5854,-7.28891],[-35.58472,-7.28142],[-35.57579,-7.28278],[-35.57922,-7.27461],[-35.56824,-7.27393],[-35.57373,-7.26644],[-35.57991,-7.26303],[-35.57922,-7.25486],[-35.56686,-7.23987],[-35.55725,-7.23374]],[[-35.54901,-7.2535],[-35.55038,-7.25554],[-35.54626,-7.2535],[-35.54901,-7.2535]]]}},{"type":"Feature","properties":{"faixa":"300 a 500 m","ordem":3,"area_km2":1.9},"geometry":{"type":"Polygon","coordinates":[[[-37.84035,-7.16221],[-37.83554,-7.16698],[-37.83554,-7.17107],[-37.83005,-7.17516],[-37.83554,-7.17175],[-37.84035,-7.17175],[-37.8479,-7.17788],[-37.8479,-7.16834],[-37.85202,-7.16971],[-37.85271,-7.16562],[-37.84927,-7.16289],[-37.84035,-7.16221]]]}},{"type":"Feature","properties":{"faixa":"300 a 500 m","ordem":3,"area_km2":6.6},"geometry":{"type":"Polygon","coordinates":[[[-37.9406,-7.12338],[-37.93785,-7.12883],[-37.9303,-7.1261],[-37.92618,-7.12883],[-37.91656,-7.12951],[-37.91176,-7.13224],[-37.91176,-7.13496],[-37.92824,-7.14518],[-37.93304,-7.14518],[-37.93373,-7.13837],[-37.93648,-7.13837],[-37.93991,-7.14177],[-37.94609,-7.14041],[-37.94952,-7.14586],[-37.95708,-7.14586],[-37.9557,-7.14177],[-37.94609,-7.13769],[-37.94403,-7.13428],[-37.95502,-7.12542],[-37.9406,-7.12338]]]}},{"type":"Feature","properties":{"faixa":"300 a 500 m","ordem":3,"area_km2":10.7},"geometry":{"type":"Polygon","coordinates":[[[-37.18803,-6.89371],[-37.19078,-6.90189],[-37.19559,-6.90666],[-37.21207,-6.91484],[-37.23885,-6.91757],[-37.24091,-6.91279],[-37.24365,-6.91279],[-37.25395,-6.91893],[-37.25876,-6.91552],[-37.28348,-6.91416],[-37.28348,-6.91211],[-37.27386,-6.9087],[-37.26494,-6.9087],[-37.26013,-6.91211],[-37.25807,-6.90939],[-37.22443,-6.90257],[-37.21756,-6.89848],[-37.19353,-6.89712],[-37.18803,-6.89371]],[[-37.20383,-6.90257],[-37.21619,-6.90393],[-37.21756,-6.9087],[-37.21207,-6.9087],[-37.20383,-6.90257]],[[-37.22992,-6.9087],[-37.22992,-6.91075],[-37.22443,-6.91007],[-37.22649,-6.90802],[-37.22992,-6.9087]]]}},{"type":"Feature","properties":{"faixa":"300 a 500 m","ordem":3,"area_km2":2.4},"geometry":{"type":"Polygon","coordinates":[[[-37.49153,-6.35283],[-37.47849,-6.36034],[-37.48329,-6.36375],[-37.49084,-6.36239],[-37.49428,-6.36443],[-37.49977,-6.35966],[-37.50595,-6.35966],[-37.50938,-6.35693],[-37.5087,-6.3542],[-37.49771,-6.35488],[-37.49153,-6.35283]]]}},{"type":"Feature","properties":{"faixa":"300 a 500 m","ordem":3,"area_km2":30.9},"geometry":{"type":"Polygon","coordinates":[[[-37.47093,-6.70825],[-37.47849,-6.71576],[-37.4826,-6.72394],[-37.48535,-6.72257],[-37.48535,-6.71371],[-37.48741,-6.71166],[-37.49222,-6.71916],[-37.51213,-6.7253],[-37.51556,-6.73212],[-37.52106,-6.7253],[-37.52106,-6.71916],[-37.52792,-6.71235],[-37.53891,-6.7253],[-37.5396,-6.73417],[-37.54852,-6.7444],[-37.55127,-6.7444],[-37.55196,-6.73894],[-37.54715,-6.72939],[-37.54578,-6.71576],[-37.55058,-6.71712],[-37.55814,-6.72598],[-37.56088,-6.72598],[-37.56363,-6.72189],[-37.56363,-6.71712],[-37.55814,-6.71303],[-37.55539,-6.70689],[-37.53891,-6.6953],[-37.52792,-6.67688],[-37.52518,-6.66461],[-37.51968,-6.66597],[-37.5135,-6.67279],[-37.51144,-6.68166],[-37.5135,-6.69734],[-37.50526,-6.69257],[-37.49702,-6.68302],[-37.49771,-6.6878],[-37.50183,-6.69257],[-37.50114,-6.69666],[-37.50801,-6.70416],[-37.50664,-6.70621],[-37.49977,-6.7028],[-37.48604,-6.6878],[-37.48466,-6.6837],[-37.4881,-6.6837],[-37.48672,-6.68029],[-37.48123,-6.68166],[-37.47643,-6.67688],[-37.47505,-6.66665],[-37.47917,-6.66529],[-37.48535,-6.6687],[-37.4881,-6.66461],[-37.4881,-6.65915],[-37.47917,-6.66188],[-37.4778,-6.65779],[-37.47299,-6.65642],[-37.47089,-6.65301],[-37.4662,-6.66],[-37.4752,-6.6728],[-37.47127,-6.67893],[-37.47643,-6.68507],[-37.47643,-6.6878],[-37.47404,-6.68643],[-37.47558,-6.68984],[-37.48604,-6.70075],[-37.48535,-6.7028],[-37.48144,-6.7028],[-37.4847,-6.71],[-37.47093,-6.70825]],[[-37.52312,-6.67143],[-37.5238,-6.67688],[-37.53342,-6.69189],[-37.53479,-6.69871],[-37.54646,-6.70621],[-37.54646,-6.7103],[-37.5341,-6.70757],[-37.53342,-6.70348],[-37.52174,-6.6953],[-37.51694,-6.67688],[-37.52037,-6.67075],[-37.52312,-6.67143]],[[-37.49222,-6.7028],[-37.50046,-6.71166],[-37.50732,-6.71576],[-37.49977,-6.71644],[-37.48878,-6.70553],[-37.49222,-6.7028]]]}},{"type":"Feature","properties":{"faixa":"300 a 500 m","ordem":3,"area_km2":2.0},"geometry":{"type":"Polygon","coordinates":[[[-37.70233,-6.86371],[-37.70302,-6.87257],[-37.70576,-6.87666],[-37.714,-6.88007],[-37.72087,-6.87803],[-37.72087,-6.87326],[-37.71812,-6.87053],[-37.71194,-6.87053],[-37.70233,-6.86371]]]}},{"type":"Feature","properties":{"faixa":"300 a 500 m","ordem":3,"area_km2":1550.2},"geometry":{"type":"MultiPolygon","coordinates":[[[[-38.65196,-6.64619],[-38.6571,-6.6423],[-38.6553,-6.6305],[-38.6491,-6.6276],[-38.6467,-6.616],[-38.6388,-6.6128],[-38.6292,-6.6046],[-38.6329,-6.5899],[-38.643,-6.5821],[-38.6331,-6.5692],[-38.6326,-6.5624],[-38.6266,-6.553],[-38.62368,-6.55002],[-38.61557,-6.55138],[-38.60939,-6.54729],[-38.60733,-6.55684],[-38.60321,-6.55889],[-38.59703,-6.55616],[-38.58948,-6.54592],[-38.58742,-6.53092],[-38.59703,-6.52955],[-38.59772,-6.52205],[-38.60115,-6.51932],[-38.5984,-6.51318],[-38.6039,-6.51318],[-38.60321,-6.5084],[-38.58673,-6.49953],[-38.59222,-6.50977],[-38.59154,-6.51591],[-38.58673,-6.51659],[-38.57918,-6.51318],[-38.57025,-6.50363],[-38.56133,-6.50499],[-38.55652,-6.50295],[-38.55034,-6.49681],[-38.54828,-6.49067],[-38.55377,-6.48521],[-38.56407,-6.48657],[-38.55927,-6.48111],[-38.55309,-6.48043],[-38.55171,-6.47634],[-38.54416,-6.4777],[-38.53867,-6.47566],[-38.53661,-6.46883],[-38.52768,-6.47497],[-38.52287,-6.46747],[-38.51944,-6.46747],[-38.50571,-6.45382],[-38.50914,-6.44632],[-38.51326,-6.44324],[-38.4896,-6.4387],[-38.51326,-6.44276],[-38.51395,-6.43881],[-38.51944,-6.44018],[-38.52493,-6.42994],[-38.5318,-6.42653],[-38.52699,-6.41902],[-38.52356,-6.42517],[-38.51944,-6.42585],[-38.51532,-6.42107],[-38.5112,-6.42858],[-38.50777,-6.42858],[-38.50433,-6.41357],[-38.51051,-6.41357],[-38.51189,-6.41152],[-38.51326,-6.39924],[-38.5112,-6.39173],[-38.51463,-6.39241],[-38.51875,-6.40197],[-38.5245,-6.40333],[-38.52425,-6.39514],[-38.52837,-6.39241],[-38.52837,-6.38832],[-38.52219,-6.38764],[-38.51326,-6.37604],[-38.5009,-6.3658],[-38.49953,-6.37194],[-38.50914,-6.38422],[-38.50502,-6.389],[-38.49678,-6.38422],[-38.48648,-6.4122],[-38.48099,-6.40674],[-38.47961,-6.40197],[-38.47687,-6.40401],[-38.48167,-6.42994],[-38.47481,-6.42721],[-38.46931,-6.42175],[-38.46519,-6.41084],[-38.45764,-6.40538],[-38.45695,-6.39924],[-38.45421,-6.39719],[-38.44946,-6.39787],[-38.4494,-6.40401],[-38.44528,-6.40879],[-38.45009,-6.41425],[-38.44185,-6.41357],[-38.44322,-6.41766],[-38.44048,-6.41971],[-38.44597,-6.42107],[-38.45009,-6.42858],[-38.45558,-6.42858],[-38.45833,-6.42585],[-38.45627,-6.43062],[-38.45901,-6.43199],[-38.4597,-6.44222],[-38.45215,-6.44018],[-38.45284,-6.43335],[-38.44872,-6.43062],[-38.44528,-6.43404],[-38.43498,-6.43677],[-38.43018,-6.44222],[-38.424,-6.44018],[-38.41988,-6.44495],[-38.41438,-6.44427],[-38.41164,-6.44905],[-38.40683,-6.45041],[-38.40477,-6.45519],[-38.40134,-6.45519],[-38.40065,-6.43949],[-38.39516,-6.44291],[-38.38554,-6.44154],[-38.38898,-6.43949],[-38.38898,-6.43335],[-38.39378,-6.43199],[-38.39447,-6.42858],[-38.3876,-6.42994],[-38.38211,-6.43472],[-38.37911,-6.43404],[-38.3725,-6.4561],[-38.3638,-6.4536],[-38.3552,-6.4572],[-38.3438,-6.4567],[-38.3393,-6.4601],[-38.3284,-6.4607],[-38.319,-6.4728],[-38.3141,-6.4873],[-38.3063,-6.4898],[-38.2975,-6.4872],[-38.29037,-6.49681],[-38.29628,-6.50022],[-38.29216,-6.50363],[-38.29697,-6.51181],[-38.28667,-6.50977],[-38.28117,-6.50499],[-38.28396,-6.50158],[-38.2698,-6.4944],[-38.2565,-6.4832],[-38.2473,-6.485],[-38.2417,-6.4808],[-38.2338,-6.48236],[-38.23311,-6.49339],[-38.2283,-6.49339],[-38.22075,-6.48475],[-38.2006,-6.4883],[-38.1917,-6.4986],[-38.1598,-6.4986],[-38.149,-6.4917],[-38.1451,-6.4942],[-38.1332,-6.52],[-38.12211,-6.52205],[-38.12531,-6.52955],[-38.12462,-6.53092],[-38.11707,-6.52478],[-38.11707,-6.52191],[-38.09578,-6.51045],[-38.0954,-6.4936],[-38.0814,-6.4835],[-38.0709,-6.4639],[-38.054,-6.4537],[-38.0519,-6.4434],[-38.0434,-6.4433],[-38.0439,-6.452],[-38.037,-6.4571],[-38.0409,-6.4703],[-38.0374,-6.4752],[-38.0268,-6.4748],[-38.0218,-6.4685],[-38.0127,-6.4683],[-38.0198,-6.4469],[-38.0082,-6.4322],[-37.9973,-6.4265],[-37.9834,-6.4281],[-37.9711,-6.4224],[-37.9677,-6.4162],[-37.968,-6.4051],[-37.9554,-6.3982],[-37.9552,-6.4081],[-37.9494,-6.418],[-37.9423,-6.4241],[-37.9261,-6.4211],[-37.9194,-6.4116],[-37.9015,-6.3997],[-37.8903,-6.4001],[-37.88676,-6.39514],[-37.87949,-6.39378],[-37.87949,-6.39173],[-37.88491,-6.39105],[-37.8885,-6.3872],[-37.88704,-6.38286],[-37.8891,-6.3704],[-37.88223,-6.36732],[-37.88155,-6.37058],[-37.87674,-6.37126],[-37.87331,-6.37945],[-37.87056,-6.38013],[-37.86713,-6.37191],[-37.8589,-6.3744],[-37.8542,-6.3663],[-37.8415,-6.363],[-37.8441,-6.3544],[-37.8343,-6.3417],[-37.8432,-6.3331],[-37.8409,-6.32827],[-37.83417,-6.3269],[-37.83279,-6.331],[-37.81906,-6.32963],[-37.817,-6.32758],[-37.81906,-6.32144],[-37.81151,-6.32076],[-37.81013,-6.31189],[-37.81219,-6.30847],[-37.80876,-6.30847],[-37.79984,-6.3269],[-37.79572,-6.32827],[-37.79434,-6.31803],[-37.7813,-6.3153],[-37.78748,-6.30711],[-37.7916,-6.30643],[-37.7916,-6.30301],[-37.77718,-6.30779],[-37.76894,-6.29892],[-37.75314,-6.29687],[-37.75383,-6.29414],[-37.76001,-6.29482],[-37.75314,-6.288],[-37.75314,-6.28527],[-37.76138,-6.28322],[-37.7714,-6.2731],[-37.7695,-6.2646],[-37.7624,-6.2587],[-37.7617,-6.2529],[-37.7766,-6.2459],[-37.7614,-6.2396],[-37.7652,-6.2341],[-37.7756,-6.2313],[-37.76962,-6.22502],[-37.76207,-6.22657],[-37.75589,-6.21701],[-37.75108,-6.21701],[-37.7504,-6.2095],[-37.75314,-6.20404],[-37.7424,-6.189],[-37.74078,-6.19517],[-37.74422,-6.20746],[-37.74147,-6.21087],[-37.7401,-6.22043],[-37.74628,-6.22384],[-37.74628,-6.23544],[-37.7504,-6.2409],[-37.74628,-6.24159],[-37.74147,-6.24705],[-37.74628,-6.25182],[-37.75177,-6.25114],[-37.75726,-6.24636],[-37.7607,-6.24773],[-37.7504,-6.25455],[-37.7449,-6.26548],[-37.73872,-6.26616],[-37.73804,-6.27025],[-37.73323,-6.26548],[-37.73872,-6.25933],[-37.73804,-6.2566],[-37.71881,-6.24978],[-37.71194,-6.25046],[-37.7092,-6.25524],[-37.70645,-6.25524],[-37.70302,-6.24841],[-37.69753,-6.24773],[-37.69821,-6.25797],[-37.69478,-6.2607],[-37.69478,-6.26752],[-37.6989,-6.27298],[-37.69272,-6.27367],[-37.69135,-6.2764],[-37.6989,-6.27981],[-37.70233,-6.27913],[-37.70302,-6.2764],[-37.71744,-6.27708],[-37.71469,-6.28322],[-37.72018,-6.28595],[-37.7195,-6.28868],[-37.70714,-6.28936],[-37.70576,-6.29619],[-37.70096,-6.29824],[-37.70096,-6.30438],[-37.70439,-6.30711],[-37.7092,-6.30711],[-37.71263,-6.3037],[-37.71881,-6.31052],[-37.72636,-6.31257],[-37.73666,-6.30847],[-37.74078,-6.3153],[-37.73735,-6.31666],[-37.73529,-6.32281],[-37.74353,-6.33304],[-37.74696,-6.33304],[-37.7552,-6.32554],[-37.76138,-6.32417],[-37.75795,-6.33031],[-37.7607,-6.33577],[-37.7552,-6.33782],[-37.75589,-6.34123],[-37.77374,-6.34874],[-37.77786,-6.35556],[-37.78336,-6.35488],[-37.78336,-6.36034],[-37.79022,-6.36512],[-37.79503,-6.36512],[-37.79709,-6.37058],[-37.80121,-6.36512],[-37.81013,-6.36307],[-37.80945,-6.36853],[-37.81357,-6.37262],[-37.81082,-6.37808],[-37.81494,-6.37877],[-37.81494,-6.38218],[-37.81219,-6.38422],[-37.81357,-6.39105],[-37.80945,-6.39241],[-37.80876,-6.39855],[-37.81288,-6.40401],[-37.81975,-6.40674],[-37.817,-6.41015],[-37.80945,-6.40811],[-37.8019,-6.39992],[-37.79846,-6.39924],[-37.79572,-6.40538],[-37.7916,-6.40742],[-37.7916,-6.41357],[-37.79503,-6.41834],[-37.79091,-6.42312],[-37.78267,-6.42585],[-37.77924,-6.42312],[-37.77306,-6.42312],[-37.77512,-6.42926],[-37.78061,-6.42994],[-37.78473,-6.43335],[-37.79366,-6.43267],[-37.80533,-6.43608],[-37.81425,-6.43267],[-37.81769,-6.42448],[-37.82318,-6.42448],[-37.8273,-6.43472],[-37.8273,-6.43745],[-37.82387,-6.43677],[-37.82387,-6.43949],[-37.83005,-6.44222],[-37.82936,-6.44973],[-37.8376,-6.45314],[-37.83829,-6.44768],[-37.84378,-6.44564],[-37.84859,-6.45178],[-37.85408,-6.45451],[-37.86644,-6.45587],[-37.86713,-6.45041],[-37.87056,-6.44905],[-37.87262,-6.44222],[-37.87674,-6.46269],[-37.88086,-6.46201],[-37.88155,-6.45587],[-37.8788,-6.45109],[-37.88292,-6.447],[-37.8788,-6.44427],[-37.8788,-6.44154],[-37.88155,-6.43472],[-37.8891,-6.43335],[-37.89116,-6.44291],[-37.89528,-6.44495],[-37.90009,-6.44086],[-37.90695,-6.44018],[-37.90558,-6.42994],[-37.91588,-6.43335],[-37.91245,-6.43608],[-37.91382,-6.43949],[-37.91107,-6.44291],[-37.91313,-6.44564],[-37.91176,-6.45178],[-37.91382,-6.45246],[-37.9303,-6.43472],[-37.93442,-6.43813],[-37.92686,-6.44564],[-37.92686,-6.45041],[-37.93442,-6.45178],[-37.93304,-6.45723],[-37.93991,-6.45996],[-37.93579,-6.46542],[-37.93098,-6.45996],[-37.91931,-6.46269],[-37.91794,-6.46679],[-37.92137,-6.46952],[-37.91725,-6.47224],[-37.91725,-6.47975],[-37.89459,-6.48725],[-37.89253,-6.4893],[-37.89459,-6.49476],[-37.91039,-6.5009],[-37.91245,-6.49885],[-37.91176,-6.49339],[-37.92,-6.49135],[-37.91931,-6.48384],[-37.92549,-6.48521],[-37.92618,-6.4818],[-37.93373,-6.48111],[-37.93304,-6.47361],[-37.93854,-6.47566],[-37.94128,-6.47907],[-37.93991,-6.48384],[-37.94334,-6.48453],[-37.94884,-6.48248],[-37.94884,-6.47634],[-37.95914,-6.47088],[-37.96051,-6.47634],[-37.95708,-6.48248],[-37.96463,-6.48316],[-37.96532,-6.4893],[-37.97218,-6.48794],[-37.97356,-6.49203],[-37.98935,-6.49953],[-37.98935,-6.50636],[-37.9818,-6.5009],[-37.97768,-6.5009],[-37.96738,-6.50704],[-37.95296,-6.50499],[-37.94128,-6.5084],[-37.93991,-6.51318],[-37.9303,-6.51318],[-37.9303,-6.52],[-37.92549,-6.52068],[-37.9248,-6.52273],[-37.93167,-6.52341],[-37.93304,-6.52751],[-37.93854,-6.53023],[-37.93785,-6.53433],[-37.94678,-6.53706],[-37.94815,-6.53978],[-37.92,-6.54115],[-37.91725,-6.53569],[-37.91451,-6.53569],[-37.91176,-6.54115],[-37.90421,-6.5391],[-37.90627,-6.54729],[-37.89871,-6.54456],[-37.89185,-6.54797],[-37.89322,-6.55275],[-37.89047,-6.55479],[-37.89665,-6.55547],[-37.89459,-6.56161],[-37.89871,-6.56502],[-37.90009,-6.57253],[-37.90695,-6.57321],[-37.90901,-6.56912],[-37.92137,-6.56502],[-37.91862,-6.57799],[-37.92343,-6.57867],[-37.92892,-6.57526],[-37.9303,-6.56298],[-37.93373,-6.56161],[-37.93785,-6.5698],[-37.9454,-6.56775],[-37.94403,-6.57662],[-37.94678,-6.58003],[-37.94472,-6.58412],[-37.93716,-6.58412],[-37.93716,-6.5889],[-37.9303,-6.58822],[-37.9303,-6.59299],[-37.92618,-6.59708],[-37.91451,-6.60322],[-37.90627,-6.60391],[-37.90283,-6.59981],[-37.89322,-6.5964],[-37.88635,-6.59708],[-37.88567,-6.61482],[-37.88155,-6.61482],[-37.8788,-6.61073],[-37.87331,-6.6155],[-37.86644,-6.61277],[-37.86644,-6.61482],[-37.86987,-6.6155],[-37.86781,-6.62369],[-37.8582,-6.62505],[-37.85545,-6.62846],[-37.85477,-6.63664],[-37.84859,-6.63733],[-37.85614,-6.64756],[-37.8685,-6.6496],[-37.87056,-6.65301],[-37.87331,-6.65165],[-37.86987,-6.64824],[-37.87331,-6.64142],[-37.88086,-6.65029],[-37.88155,-6.65779],[-37.88429,-6.65779],[-37.89047,-6.65165],[-37.89459,-6.66256],[-37.90764,-6.66393],[-37.90764,-6.66665],[-37.91862,-6.67825],[-37.92892,-6.68302],[-37.94128,-6.67825],[-37.9454,-6.67347],[-37.9612,-6.67006],[-37.96944,-6.66324],[-37.98592,-6.66393],[-37.9866,-6.66597],[-37.97974,-6.67143],[-37.97905,-6.68098],[-37.97493,-6.68848],[-37.96806,-6.69189],[-37.966,-6.70416],[-37.96875,-6.70894],[-37.96257,-6.71166],[-37.96326,-6.71644],[-37.96806,-6.71507],[-37.97493,-6.71985],[-37.97699,-6.71507],[-37.98454,-6.70962],[-37.9866,-6.71576],[-37.99072,-6.71507],[-37.99416,-6.70689],[-37.99347,-6.7028],[-37.98866,-6.69939],[-37.98935,-6.69461],[-37.99278,-6.69189],[-37.99828,-6.69393],[-38.00652,-6.68711],[-38.00995,-6.69393],[-38.0072,-6.69871],[-38.00995,-6.70348],[-38.02162,-6.6953],[-38.02711,-6.7028],[-38.03192,-6.70143],[-38.03261,-6.69598],[-38.0278,-6.69461],[-38.02711,-6.68916],[-38.03261,-6.67893],[-38.02299,-6.67893],[-38.00995,-6.68439],[-38.00995,-6.67143],[-38.0024,-6.66529],[-38.00583,-6.66188],[-38.01064,-6.66188],[-38.02299,-6.65574],[-38.02505,-6.65233],[-38.02505,-6.64278],[-38.0175,-6.63733],[-38.01819,-6.63528],[-38.02643,-6.63596],[-38.03192,-6.6421],[-38.04085,-6.64619],[-38.04222,-6.65097],[-38.05252,-6.6537],[-38.05252,-6.66188],[-38.07106,-6.66188],[-38.06969,-6.65779],[-38.06419,-6.65779],[-38.0587,-6.65438],[-38.06557,-6.65029],[-38.06557,-6.64619],[-38.06488,-6.64142],[-38.05801,-6.63869],[-38.06076,-6.63528],[-38.05527,-6.6346],[-38.05733,-6.62505],[-38.06007,-6.623],[-38.05733,-6.61686],[-38.06076,-6.61345],[-38.06419,-6.61345],[-38.07861,-6.62232],[-38.0793,-6.61686],[-38.08205,-6.61482],[-38.07243,-6.60391],[-38.06557,-6.60322],[-38.06351,-6.61073],[-38.05939,-6.61277],[-38.04977,-6.60595],[-38.04771,-6.60118],[-38.04222,-6.59913],[-38.04428,-6.59367],[-38.03329,-6.58753],[-38.04016,-6.58617],[-38.04016,-6.58412],[-38.03535,-6.57526],[-38.02917,-6.57185],[-38.03055,-6.56707],[-38.03673,-6.56912],[-38.03741,-6.57321],[-38.04016,-6.57389],[-38.04085,-6.58071],[-38.04771,-6.58753],[-38.06213,-6.59163],[-38.07518,-6.59163],[-38.07655,-6.59777],[-38.08342,-6.60049],[-38.08548,-6.59708],[-38.09303,-6.60049],[-38.09441,-6.608],[-38.09784,-6.61209],[-38.10196,-6.61141],[-38.10471,-6.60322],[-38.10814,-6.60186],[-38.10608,-6.60732],[-38.10677,-6.62164],[-38.11089,-6.62369],[-38.1205,-6.61891],[-38.1205,-6.62232],[-38.11775,-6.62369],[-38.11844,-6.62846],[-38.12531,-6.63528],[-38.13629,-6.63937],[-38.13629,-6.64892],[-38.13972,-6.65711],[-38.13286,-6.65574],[-38.12874,-6.65097],[-38.11775,-6.64551],[-38.11432,-6.64619],[-38.11775,-6.6612],[-38.10471,-6.66256],[-38.10196,-6.66802],[-38.10333,-6.67688],[-38.10814,-6.68029],[-38.10471,-6.6837],[-38.10745,-6.6878],[-38.11844,-6.68916],[-38.11844,-6.68302],[-38.12187,-6.67961],[-38.12805,-6.6878],[-38.14865,-6.68507],[-38.14934,-6.68234],[-38.15346,-6.68234],[-38.16925,-6.69939],[-38.17406,-6.70075],[-38.17062,-6.69325],[-38.17062,-6.68507],[-38.16444,-6.68029],[-38.15414,-6.67825],[-38.14865,-6.67416],[-38.14796,-6.67279],[-38.14865,-6.67143],[-38.1562,-6.67347],[-38.16101,-6.67757],[-38.17337,-6.67688],[-38.17268,-6.68302],[-38.1768,-6.68643],[-38.17543,-6.69257],[-38.18024,-6.69871],[-38.1823,-6.69802],[-38.1823,-6.69461],[-38.18848,-6.69325],[-38.19054,-6.68916],[-38.19946,-6.70075],[-38.19672,-6.7028],[-38.19878,-6.7103],[-38.2077,-6.71371],[-38.20633,-6.70621],[-38.218,-6.70962],[-38.21388,-6.70416],[-38.21457,-6.69939],[-38.21182,-6.69325],[-38.20152,-6.68848],[-38.20015,-6.6837],[-38.18642,-6.67143],[-38.18298,-6.66256],[-38.17955,-6.66052],[-38.172,-6.6612],[-38.17062,-6.65711],[-38.16513,-6.65642],[-38.16444,-6.64346],[-38.15277,-6.63528],[-38.14796,-6.63528],[-38.14453,-6.62573],[-38.13629,-6.62232],[-38.1308,-6.61686],[-38.12668,-6.608],[-38.10333,-6.59504],[-38.09853,-6.58753],[-38.09853,-6.58412],[-38.10196,-6.58276],[-38.09921,-6.57799],[-38.10196,-6.57457],[-38.10059,-6.56912],[-38.10539,-6.56912],[-38.10471,-6.57594],[-38.10883,-6.58208],[-38.10883,-6.59026],[-38.11295,-6.59095],[-38.11226,-6.58276],[-38.11844,-6.5814],[-38.11844,-6.58412],[-38.12462,-6.59026],[-38.1308,-6.58958],[-38.1356,-6.59845],[-38.14178,-6.59981],[-38.14522,-6.608],[-38.15277,-6.61141],[-38.15552,-6.61073],[-38.15552,-6.608],[-38.15208,-6.59777],[-38.15414,-6.59708],[-38.15895,-6.60322],[-38.1617,-6.60186],[-38.15552,-6.59708],[-38.1562,-6.59163],[-38.1514,-6.58822],[-38.15552,-6.58685],[-38.15552,-6.58344],[-38.16101,-6.58412],[-38.16307,-6.58685],[-38.16788,-6.58481],[-38.16101,-6.57526],[-38.172,-6.57935],[-38.17406,-6.57321],[-38.17749,-6.57253],[-38.1768,-6.58481],[-38.18024,-6.5964],[-38.18985,-6.58685],[-38.19397,-6.58481],[-38.1974,-6.58617],[-38.19122,-6.59436],[-38.19328,-6.59777],[-38.19191,-6.60186],[-38.19534,-6.60732],[-38.20084,-6.59777],[-38.21526,-6.60254],[-38.21526,-6.59504],[-38.21869,-6.59572],[-38.22624,-6.60254],[-38.22075,-6.60868],[-38.22212,-6.61482],[-38.22556,-6.61618],[-38.2283,-6.61004],[-38.2338,-6.608],[-38.23586,-6.61004],[-38.2338,-6.6155],[-38.23929,-6.61891],[-38.24409,-6.61823],[-38.24821,-6.62505],[-38.25027,-6.63119],[-38.24547,-6.62778],[-38.24272,-6.62778],[-38.24272,-6.63051],[-38.23448,-6.62846],[-38.24135,-6.6346],[-38.24203,-6.64005],[-38.2386,-6.64005],[-38.2338,-6.64619],[-38.24135,-6.65097],[-38.24684,-6.65029],[-38.24821,-6.64346],[-38.25371,-6.64619],[-38.25302,-6.65165],[-38.25714,-6.65642],[-38.25645,-6.6612],[-38.25302,-6.66188],[-38.25371,-6.66734],[-38.25027,-6.6687],[-38.25371,-6.67552],[-38.25851,-6.67347],[-38.2592,-6.66597],[-38.26401,-6.66665],[-38.26675,-6.66393],[-38.26469,-6.65574],[-38.26813,-6.65574],[-38.27156,-6.65983],[-38.27156,-6.67006],[-38.28186,-6.67006],[-38.28392,-6.67825],[-38.28873,-6.6762],[-38.29079,-6.67075],[-38.28941,-6.66665],[-38.28117,-6.66256],[-38.27499,-6.65574],[-38.27499,-6.6537],[-38.28392,-6.65506],[-38.28529,-6.65233],[-38.27568,-6.64346],[-38.27087,-6.63528],[-38.26469,-6.6346],[-38.26675,-6.62778],[-38.2592,-6.62028],[-38.26469,-6.61755],[-38.26401,-6.61482],[-38.25851,-6.61345],[-38.25508,-6.6155],[-38.25371,-6.61141],[-38.24547,-6.608],[-38.24409,-6.59981],[-38.23929,-6.59708],[-38.23997,-6.59367],[-38.23036,-6.5889],[-38.22693,-6.58344],[-38.22968,-6.58208],[-38.2338,-6.58685],[-38.24341,-6.59026],[-38.24821,-6.59436],[-38.2489,-6.60118],[-38.25302,-6.60254],[-38.25508,-6.59299],[-38.24959,-6.58549],[-38.25302,-6.58412],[-38.25302,-6.57662],[-38.2592,-6.57526],[-38.25577,-6.58549],[-38.26195,-6.58958],[-38.26538,-6.5889],[-38.26263,-6.59436],[-38.26538,-6.60391],[-38.26195,-6.60936],[-38.26538,-6.60936],[-38.26607,-6.60322],[-38.27156,-6.60391],[-38.27087,-6.59913],[-38.27705,-6.60663],[-38.28186,-6.60527],[-38.28529,-6.60732],[-38.28461,-6.61141],[-38.2798,-6.61618],[-38.28392,-6.61891],[-38.28392,-6.62164],[-38.27843,-6.62369],[-38.27774,-6.62914],[-38.28941,-6.62914],[-38.28941,-6.62096],[-38.29559,-6.61482],[-38.29834,-6.61618],[-38.29628,-6.62164],[-38.30521,-6.62505],[-38.30589,-6.63255],[-38.30383,-6.63596],[-38.30727,-6.64005],[-38.30521,-6.64142],[-38.29628,-6.63528],[-38.29422,-6.63664],[-38.29491,-6.6421],[-38.29285,-6.6421],[-38.29491,-6.64892],[-38.30315,-6.6537],[-38.30933,-6.65233],[-38.31688,-6.65983],[-38.321,-6.65983],[-38.31963,-6.65642],[-38.321,-6.65029],[-38.33061,-6.65642],[-38.33611,-6.66324],[-38.34572,-6.66324],[-38.35121,-6.6537],[-38.35052,-6.65915],[-38.35602,-6.65915],[-38.35876,-6.66256],[-38.35327,-6.66461],[-38.35258,-6.66938],[-38.35808,-6.67347],[-38.36288,-6.67347],[-38.36975,-6.66597],[-38.3725,-6.66802],[-38.3725,-6.67416],[-38.36838,-6.67688],[-38.36906,-6.68302],[-38.37662,-6.68575],[-38.3828,-6.6837],[-38.3828,-6.68984],[-38.39035,-6.69325],[-38.38966,-6.68507],[-38.3931,-6.68302],[-38.38898,-6.68098],[-38.39104,-6.6762],[-38.38211,-6.66529],[-38.3828,-6.66256],[-38.39104,-6.65983],[-38.38692,-6.65029],[-38.39035,-6.6496],[-38.39104,-6.65233],[-38.39928,-6.65506],[-38.39859,-6.66393],[-38.40271,-6.67006],[-38.40546,-6.6687],[-38.40408,-6.66052],[-38.40889,-6.65847],[-38.41232,-6.66188],[-38.4185,-6.65574],[-38.4185,-6.65233],[-38.42056,-6.65233],[-38.42194,-6.66052],[-38.42812,-6.65983],[-38.42674,-6.66461],[-38.4288,-6.66734],[-38.42674,-6.66802],[-38.42812,-6.67416],[-38.41782,-6.68234],[-38.41988,-6.68848],[-38.42812,-6.68848],[-38.4288,-6.68507],[-38.4343,-6.68166],[-38.43567,-6.6953],[-38.4391,-6.69666],[-38.44116,-6.69461],[-38.44048,-6.69052],[-38.44734,-6.68848],[-38.45009,-6.68439],[-38.46176,-6.69393],[-38.46176,-6.69802],[-38.46519,-6.69802],[-38.46313,-6.68507],[-38.45901,-6.6837],[-38.4597,-6.67961],[-38.45627,-6.67757],[-38.45558,-6.67279],[-38.44666,-6.66529],[-38.44528,-6.6612],[-38.44734,-6.66052],[-38.45627,-6.66734],[-38.4597,-6.66734],[-38.46245,-6.66256],[-38.46657,-6.66461],[-38.46931,-6.66802],[-38.46931,-6.67279],[-38.47755,-6.6762],[-38.47893,-6.68166],[-38.48305,-6.6837],[-38.48648,-6.69189],[-38.49678,-6.69871],[-38.5009,-6.69393],[-38.51051,-6.69734],[-38.50914,-6.69189],[-38.50433,-6.68711],[-38.49747,-6.68643],[-38.49472,-6.68166],[-38.49609,-6.67757],[-38.49197,-6.67279],[-38.48579,-6.67347],[-38.48099,-6.66393],[-38.47412,-6.66324],[-38.47481,-6.65711],[-38.44872,-6.6346],[-38.43979,-6.61959],[-38.42537,-6.60322],[-38.424,-6.59163],[-38.44048,-6.59026],[-38.44116,-6.58753],[-38.43842,-6.58549],[-38.42743,-6.58617],[-38.41919,-6.59026],[-38.4082,-6.58344],[-38.40546,-6.56912],[-38.41095,-6.56571],[-38.41026,-6.55957],[-38.41988,-6.55752],[-38.42194,-6.5507],[-38.4137,-6.55002],[-38.4137,-6.55411],[-38.40477,-6.55889],[-38.40477,-6.56366],[-38.39653,-6.56093],[-38.39722,-6.55479],[-38.39104,-6.55684],[-38.38966,-6.55002],[-38.39584,-6.54865],[-38.39447,-6.54456],[-38.4034,-6.53637],[-38.39584,-6.53433],[-38.39241,-6.52819],[-38.38348,-6.52409],[-38.38417,-6.52137],[-38.39035,-6.51864],[-38.39241,-6.51386],[-38.39516,-6.51386],[-38.39653,-6.51795],[-38.40271,-6.51591],[-38.40408,-6.51864],[-38.40958,-6.52],[-38.41576,-6.52887],[-38.41782,-6.52682],[-38.41507,-6.52546],[-38.41507,-6.52205],[-38.41919,-6.52],[-38.44116,-6.53978],[-38.45695,-6.54115],[-38.46313,-6.54661],[-38.47137,-6.54661],[-38.47275,-6.54934],[-38.4803,-6.55138],[-38.48167,-6.55411],[-38.47824,-6.55752],[-38.47893,-6.56298],[-38.47618,-6.56434],[-38.47481,-6.57048],[-38.47824,-6.57594],[-38.48442,-6.57935],[-38.48442,-6.58412],[-38.48923,-6.58412],[-38.48785,-6.58958],[-38.48991,-6.59572],[-38.49266,-6.59708],[-38.49609,-6.5964],[-38.49747,-6.59163],[-38.5009,-6.59026],[-38.50159,-6.58344],[-38.49884,-6.57594],[-38.50159,-6.5582],[-38.50777,-6.55957],[-38.51875,-6.55684],[-38.52425,-6.56298],[-38.53729,-6.55684],[-38.53729,-6.5623],[-38.53455,-6.56502],[-38.53867,-6.56775],[-38.53867,-6.57048],[-38.53386,-6.57662],[-38.54073,-6.57594],[-38.53935,-6.58208],[-38.5524,-6.56775],[-38.55721,-6.56912],[-38.55721,-6.57526],[-38.56407,-6.57526],[-38.56819,-6.58208],[-38.58055,-6.57321],[-38.58192,-6.56707],[-38.58604,-6.56775],[-38.58673,-6.57321],[-38.59291,-6.57321],[-38.58879,-6.57662],[-38.59085,-6.58003],[-38.58948,-6.58276],[-38.59291,-6.58753],[-38.57986,-6.59163],[-38.57849,-6.59708],[-38.56613,-6.59299],[-38.56544,-6.60049],[-38.55171,-6.60049],[-38.54759,-6.60595],[-38.54759,-6.60868],[-38.55446,-6.608],[-38.55103,-6.6155],[-38.55652,-6.6155],[-38.56201,-6.61004],[-38.57025,-6.61141],[-38.57506,-6.60868],[-38.57643,-6.6155],[-38.58261,-6.61686],[-38.5833,-6.62028],[-38.58055,-6.62437],[-38.58398,-6.62505],[-38.5881,-6.62369],[-38.58948,-6.61141],[-38.59428,-6.61141],[-38.59497,-6.61482],[-38.5984,-6.61686],[-38.60184,-6.61004],[-38.60664,-6.60868],[-38.60802,-6.62232],[-38.61763,-6.62028],[-38.61626,-6.62982],[-38.61351,-6.63119],[-38.62038,-6.63392],[-38.62518,-6.62914],[-38.63823,-6.63119],[-38.64098,-6.62846],[-38.64441,-6.63187],[-38.64441,-6.63733],[-38.65471,-6.63392],[-38.65059,-6.64415],[-38.65196,-6.64619]],[[-38.12668,-6.53092],[-38.12943,-6.53296],[-38.12943,-6.53433],[-38.12599,-6.53296],[-38.12668,-6.53092]],[[-38.03329,-6.58685],[-38.03123,-6.58481],[-38.03329,-6.58617],[-38.03329,-6.58685]],[[-38.09921,-6.56912],[-38.09715,-6.56434],[-38.09715,-6.5623],[-38.10059,-6.56434],[-38.09921,-6.56912]],[[-37.74971,-6.29482],[-37.75108,-6.30165],[-37.7449,-6.30301],[-37.73804,-6.29892],[-37.7401,-6.29687],[-37.74284,-6.2996],[-37.74765,-6.29414],[-37.74971,-6.29482]],[[-37.88155,-6.42994],[-37.88017,-6.43131],[-37.88017,-6.42994],[-37.88155,-6.42994]],[[-38.4288,-6.44427],[-38.43086,-6.44836],[-38.42812,-6.44905],[-38.4288,-6.44427]],[[-38.44391,-6.47293],[-38.44872,-6.4777],[-38.4549,-6.47975],[-38.4549,-6.48589],[-38.45901,-6.49067],[-38.45695,-6.49817],[-38.46176,-6.50022],[-38.46107,-6.50431],[-38.4494,-6.50226],[-38.43842,-6.48589],[-38.43773,-6.48316],[-38.44528,-6.48657],[-38.4446,-6.48248],[-38.43773,-6.47429],[-38.44391,-6.47293]],[[-38.53661,-6.49135],[-38.54004,-6.49476],[-38.53523,-6.49476],[-38.53661,-6.49135]],[[-38.27705,-6.51318],[-38.27911,-6.51659],[-38.28529,-6.51659],[-38.29079,-6.52068],[-38.30795,-6.52409],[-38.31001,-6.52751],[-38.30177,-6.52887],[-38.29697,-6.52546],[-38.29147,-6.52614],[-38.28598,-6.53228],[-38.28598,-6.54047],[-38.28117,-6.54047],[-38.27637,-6.53023],[-38.26607,-6.52478],[-38.26675,-6.51659],[-38.27705,-6.51318]],[[-38.57986,-6.52273],[-38.58673,-6.52478],[-38.5881,-6.52887],[-38.5833,-6.52819],[-38.57986,-6.52273]],[[-37.95433,-6.52887],[-37.95158,-6.53023],[-37.9509,-6.52887],[-37.95433,-6.52887]],[[-38.36426,-6.56298],[-38.36357,-6.56366],[-38.36357,-6.56298],[-38.36426,-6.56298]],[[-37.95502,-6.56502],[-37.96875,-6.56639],[-37.97356,-6.57048],[-37.97356,-6.57389],[-37.97974,-6.5773],[-37.98317,-6.58412],[-37.97974,-6.5889],[-37.96944,-6.5889],[-37.9612,-6.57662],[-37.95433,-6.57185],[-37.95502,-6.56502]],[[-38.3567,-6.56912],[-38.367,-6.57116],[-38.35533,-6.57116],[-38.3567,-6.56912]],[[-38.37524,-6.5698],[-38.37456,-6.57321],[-38.37181,-6.57185],[-38.3725,-6.5698],[-38.37524,-6.5698]],[[-38.33336,-6.57321],[-38.34297,-6.58003],[-38.34641,-6.58003],[-38.34778,-6.57457],[-38.34846,-6.58071],[-38.34572,-6.58481],[-38.35327,-6.59504],[-38.35258,-6.59845],[-38.33885,-6.59367],[-38.33611,-6.58753],[-38.33061,-6.58549],[-38.32718,-6.57594],[-38.33336,-6.57321]],[[-37.99896,-6.59367],[-38.0072,-6.59572],[-38.0072,-6.60254],[-38.01132,-6.61209],[-38.01819,-6.61141],[-38.01956,-6.61686],[-38.03604,-6.61686],[-38.0381,-6.62641],[-38.03604,-6.62914],[-38.03055,-6.62982],[-38.02643,-6.62505],[-38.01338,-6.62028],[-38.00308,-6.62096],[-38.00446,-6.63187],[-37.99896,-6.63051],[-37.99553,-6.62573],[-37.98798,-6.62437],[-37.98798,-6.62914],[-37.98386,-6.63255],[-37.97012,-6.63392],[-37.97081,-6.63801],[-37.97974,-6.6421],[-37.97905,-6.64756],[-37.98523,-6.64415],[-37.9969,-6.64619],[-37.99965,-6.6496],[-37.99828,-6.65506],[-37.97836,-6.65438],[-37.97356,-6.65711],[-37.97012,-6.65165],[-37.95982,-6.65301],[-37.95639,-6.64756],[-37.95845,-6.6421],[-37.95296,-6.63801],[-37.9509,-6.64278],[-37.94334,-6.64483],[-37.93716,-6.63869],[-37.9351,-6.64688],[-37.93167,-6.64824],[-37.92755,-6.64142],[-37.92343,-6.64074],[-37.92412,-6.63392],[-37.91725,-6.6346],[-37.90627,-6.61755],[-37.90833,-6.61141],[-37.92686,-6.61686],[-37.92274,-6.608],[-37.92961,-6.60322],[-37.93373,-6.60322],[-37.94334,-6.61209],[-37.94609,-6.60254],[-37.96463,-6.59367],[-37.9818,-6.59572],[-37.99896,-6.59367]],[[-37.89459,-6.60459],[-37.90077,-6.60663],[-37.90146,-6.61277],[-37.90489,-6.61618],[-37.90352,-6.62028],[-37.89871,-6.623],[-37.89597,-6.62096],[-37.89665,-6.6155],[-37.89322,-6.61209],[-37.89459,-6.60459]],[[-38.12599,-6.62641],[-38.13011,-6.62846],[-38.13011,-6.62982],[-38.12668,-6.62914],[-38.12599,-6.62641]],[[-38.03879,-6.63255],[-38.04359,-6.63733],[-38.03741,-6.63596],[-38.03879,-6.63255]],[[-37.86301,-6.63733],[-37.86163,-6.63869],[-37.86163,-6.63733],[-37.86301,-6.63733]],[[-37.90695,-6.6421],[-37.9097,-6.65301],[-37.90833,-6.65574],[-37.90558,-6.65574],[-37.90283,-6.6537],[-37.90421,-6.6496],[-37.90009,-6.64824],[-37.90009,-6.64551],[-37.90352,-6.64142],[-37.90695,-6.6421]],[[-38.14728,-6.6496],[-38.14659,-6.65029],[-38.14659,-6.6496],[-38.14728,-6.6496]],[[-37.89734,-6.6537],[-37.8994,-6.65574],[-37.89665,-6.65642],[-37.89734,-6.6537]],[[-37.95776,-6.65642],[-37.96188,-6.66188],[-37.95708,-6.66461],[-37.95776,-6.65642]],[[-37.92961,-6.65779],[-37.93785,-6.66052],[-37.94472,-6.65915],[-37.94746,-6.66393],[-37.94128,-6.66665],[-37.93922,-6.67006],[-37.92686,-6.67484],[-37.92343,-6.67484],[-37.91725,-6.6687],[-37.91794,-6.66529],[-37.9248,-6.66734],[-37.92961,-6.65779]],[[-38.13217,-6.67006],[-38.13492,-6.67075],[-38.13835,-6.6762],[-38.13217,-6.67279],[-38.13217,-6.67006]],[[-38.11226,-6.67075],[-38.11638,-6.67211],[-38.11638,-6.67552],[-38.11226,-6.67347],[-38.11226,-6.67075]],[[-37.98866,-6.67688],[-37.99072,-6.68029],[-37.98866,-6.68029],[-37.98866,-6.67688]],[[-38.4936,-6.5704],[-38.5016,-6.5285],[-38.5063,-6.5],[-38.5044,-6.5175],[-38.4936,-6.5704]]],[[[-38.45078,-6.3931],[-38.45203,-6.3931],[-38.4508,-6.3928],[-38.45078,-6.3931]]],[[[-38.5318,-6.39833],[-38.52974,-6.39582],[-38.52631,-6.39651],[-38.5318,-6.39833]]],[[[-37.82133,-6.30301],[-37.82043,-6.30506],[-37.82316,-6.30506],[-37.82133,-6.30301]]]]}},{"type":"Feature","properties":{"faixa":"300 a 500 m","ordem":3,"area_km2":24.7},"geometry":{"type":"Polygon","coordinates":[[[-35.48996,-6.73553],[-35.49614,-6.73962],[-35.50026,-6.73894],[-35.50095,-6.73553],[-35.50575,-6.73553],[-35.50713,-6.7403],[-35.5188,-6.74371],[-35.52841,-6.73621],[-35.52498,-6.7253],[-35.51949,-6.72121],[-35.5188,-6.71507],[-35.52979,-6.71644],[-35.52979,-6.71371],[-35.52292,-6.70825],[-35.51605,-6.70962],[-35.51468,-6.70757],[-35.50781,-6.70757],[-35.50713,-6.70484],[-35.51468,-6.70143],[-35.51605,-6.69802],[-35.50575,-6.69734],[-35.50369,-6.69393],[-35.50095,-6.69393],[-35.50095,-6.69666],[-35.50438,-6.69871],[-35.50438,-6.70348],[-35.49614,-6.70348],[-35.49545,-6.71166],[-35.48859,-6.71235],[-35.48103,-6.70825],[-35.47829,-6.70348],[-35.4673,-6.7028],[-35.46318,-6.68984],[-35.44945,-6.68098],[-35.44807,-6.6762],[-35.44121,-6.67552],[-35.43846,-6.6878],[-35.44601,-6.69052],[-35.45013,-6.69734],[-35.45631,-6.69939],[-35.45837,-6.71166],[-35.46387,-6.7103],[-35.46661,-6.71576],[-35.47073,-6.71576],[-35.47211,-6.71848],[-35.4776,-6.7178],[-35.48447,-6.72462],[-35.48447,-6.72871],[-35.4879,-6.73076],[-35.48927,-6.73525],[-35.4982,-6.7322],[-35.48996,-6.73553]]]}},{"type":"Feature","properties":{"faixa":"300 a 500 m","ordem":3,"area_km2":4.7},"geometry":{"type":"Polygon","coordinates":[[[-38.64784,-6.65301],[-38.63892,-6.65233],[-38.63754,-6.66188],[-38.6348,-6.66393],[-38.6348,-6.67416],[-38.62862,-6.67552],[-38.62862,-6.67825],[-38.63274,-6.67825],[-38.63686,-6.68166],[-38.64372,-6.66938],[-38.64784,-6.66938],[-38.64441,-6.67961],[-38.64647,-6.6837],[-38.65196,-6.67961],[-38.6554,-6.68029],[-38.65746,-6.6762],[-38.66158,-6.67893],[-38.66226,-6.67517],[-38.652,-6.6732],[-38.6464,-6.6624],[-38.64784,-6.65301]]]}},{"type":"Feature","properties":{"faixa":"300 a 500 m","ordem":3,"area_km2":4.0},"geometry":{"type":"Polygon","coordinates":[[[-35.48927,-6.80781],[-35.48309,-6.81258],[-35.48309,-6.81872],[-35.48447,-6.82281],[-35.4879,-6.82349],[-35.48859,-6.82758],[-35.49477,-6.83235],[-35.49683,-6.83167],[-35.49614,-6.82281],[-35.49889,-6.82008],[-35.49065,-6.82008],[-35.49133,-6.81258],[-35.50438,-6.81531],[-35.50713,-6.81872],[-35.51331,-6.81803],[-35.52155,-6.82553],[-35.52635,-6.82281],[-35.51811,-6.81599],[-35.5085,-6.81463],[-35.50438,-6.81053],[-35.49683,-6.8119],[-35.49545,-6.80917],[-35.48927,-6.80781]]]}},{"type":"Feature","properties":{"faixa":"300 a 500 m","ordem":3,"area_km2":2.7},"geometry":{"type":"Polygon","coordinates":[[[-37.31506,-7.14859],[-37.30888,-7.14927],[-37.30545,-7.15336],[-37.30957,-7.15336],[-37.31026,-7.15812],[-37.32811,-7.15744],[-37.3336,-7.16017],[-37.33978,-7.15949],[-37.33704,-7.15404],[-37.31506,-7.14859]]]}},{"type":"Feature","properties":{"faixa":"300 a 500 m","ordem":3,"area_km2":2.0},"geometry":{"type":"Polygon","coordinates":[[[-38.29903,-6.84462],[-38.26813,-6.84735],[-38.26607,-6.85008],[-38.28049,-6.8528],[-38.30383,-6.84667],[-38.29903,-6.84462]]]}},{"type":"Feature","properties":{"faixa":"300 a 500 m","ordem":3,"area_km2":8.2},"geometry":{"type":"Polygon","coordinates":[[[-37.77786,-7.07364],[-37.77718,-7.07704],[-37.78473,-7.08113],[-37.77786,-7.08863],[-37.77786,-7.09135],[-37.7964,-7.09476],[-37.79228,-7.09749],[-37.78816,-7.0968],[-37.78816,-7.10226],[-37.79846,-7.10294],[-37.8019,-7.09953],[-37.80464,-7.10226],[-37.80739,-7.09817],[-37.81013,-7.09817],[-37.81151,-7.10157],[-37.81563,-7.10021],[-37.82043,-7.10362],[-37.82593,-7.10294],[-37.82387,-7.09817],[-37.82799,-7.09612],[-37.84103,-7.0968],[-37.84035,-7.09408],[-37.83417,-7.09272],[-37.82867,-7.09408],[-37.82661,-7.08999],[-37.81837,-7.09272],[-37.80052,-7.08863],[-37.7964,-7.08181],[-37.79022,-7.08181],[-37.78404,-7.07432],[-37.77786,-7.07364]]]}},{"type":"Feature","properties":{"faixa":"300 a 500 m","ordem":3,"area_km2":15238.0},"geometry":{"type":"MultiPolygon","coordinates":[[[[-37.38776,-7.15881],[-37.35283,-7.16221],[-37.35214,-7.16562],[-37.34253,-7.16698],[-37.34116,-7.17243],[-37.3542,-7.17924],[-37.35077,-7.18538],[-37.35077,-7.1881],[-37.35489,-7.18946],[-37.3542,-7.19764],[-37.35214,-7.19764],[-37.35077,-7.19287],[-37.34528,-7.19014],[-37.34528,-7.18469],[-37.33635,-7.18401],[-37.3336,-7.1881],[-37.3288,-7.1881],[-37.33086,-7.18538],[-37.32948,-7.18129],[-37.32193,-7.18197],[-37.31369,-7.17379],[-37.30888,-7.18197],[-37.29721,-7.18742],[-37.28828,-7.1881],[-37.2876,-7.18606],[-37.2924,-7.18265],[-37.29034,-7.17856],[-37.29446,-7.17311],[-37.29996,-7.17788],[-37.3027,-7.17652],[-37.30339,-7.16971],[-37.29858,-7.16698],[-37.30202,-7.16562],[-37.30202,-7.16289],[-37.29927,-7.16153],[-37.3027,-7.15812],[-37.30133,-7.15336],[-37.29515,-7.15472],[-37.28897,-7.16153],[-37.27936,-7.16358],[-37.27661,-7.1663],[-37.27661,-7.17311],[-37.28142,-7.17448],[-37.27936,-7.17652],[-37.28142,-7.18265],[-37.27524,-7.18265],[-37.27386,-7.18538],[-37.25876,-7.17584],[-37.25327,-7.18538],[-37.24777,-7.18606],[-37.24709,-7.18061],[-37.24365,-7.17652],[-37.24365,-7.16221],[-37.24022,-7.16358],[-37.24091,-7.16834],[-37.23816,-7.17175],[-37.23335,-7.17107],[-37.21825,-7.17584],[-37.20932,-7.17039],[-37.20245,-7.17243],[-37.20383,-7.18197],[-37.20108,-7.18333],[-37.19696,-7.17993],[-37.19627,-7.17516],[-37.19078,-7.17652],[-37.19009,-7.17175],[-37.18735,-7.17175],[-37.18391,-7.16766],[-37.16812,-7.16562],[-37.16881,-7.16085],[-37.16675,-7.15949],[-37.16331,-7.15949],[-37.164,-7.16426],[-37.15576,-7.16562],[-37.14478,-7.16153],[-37.13585,-7.16153],[-37.13516,-7.15949],[-37.1434,-7.15063],[-37.13654,-7.14995],[-37.1331,-7.15676],[-37.13448,-7.16153],[-37.12898,-7.16494],[-37.1077,-7.15404],[-37.10632,-7.15131],[-37.09534,-7.14722],[-37.09396,-7.14109],[-37.08641,-7.14382],[-37.08778,-7.1336],[-37.08023,-7.13632],[-37.07062,-7.13087],[-37.05963,-7.13292],[-37.06375,-7.12678],[-37.08023,-7.12883],[-37.08916,-7.12474],[-37.09328,-7.12747],[-37.09808,-7.12338],[-37.10289,-7.1336],[-37.10976,-7.13428],[-37.11182,-7.13155],[-37.118,-7.1336],[-37.11937,-7.12474],[-37.1228,-7.1227],[-37.11937,-7.11656],[-37.12898,-7.11656],[-37.13791,-7.11997],[-37.14615,-7.11452],[-37.14821,-7.12065],[-37.15164,-7.12065],[-37.15164,-7.11656],[-37.15645,-7.11316],[-37.15645,-7.11043],[-37.14752,-7.10975],[-37.14203,-7.10498],[-37.16331,-7.09953],[-37.16606,-7.0968],[-37.16469,-7.0934],[-37.15302,-7.08795],[-37.15851,-7.08181],[-37.15508,-7.07909],[-37.16057,-7.07636],[-37.15919,-7.07091],[-37.16263,-7.06614],[-37.15988,-7.06478],[-37.1537,-7.06819],[-37.15439,-7.06001],[-37.15027,-7.05524],[-37.15302,-7.05115],[-37.15233,-7.04774],[-37.16194,-7.04706],[-37.16263,-7.04433],[-37.15645,-7.04025],[-37.14409,-7.03888],[-37.13928,-7.03002],[-37.14821,-7.03002],[-37.14684,-7.02457],[-37.15508,-7.02457],[-37.15919,-7.03002],[-37.16949,-7.03548],[-37.17705,-7.03139],[-37.164,-7.02321],[-37.16675,-7.01844],[-37.16263,-7.01776],[-37.16331,-7.01299],[-37.15782,-7.00958],[-37.15919,-7.00617],[-37.16469,-7.00413],[-37.16469,-6.99254],[-37.15988,-7.00072],[-37.15508,-7.00345],[-37.14958,-7.00004],[-37.1489,-6.98913],[-37.14478,-6.99254],[-37.13379,-6.99118],[-37.13379,-6.99595],[-37.1283,-6.99254],[-37.12349,-6.99527],[-37.11868,-6.99254],[-37.11594,-6.99595],[-37.10152,-6.9939],[-37.09671,-6.99867],[-37.09534,-6.99527],[-37.1077,-6.98504],[-37.10083,-6.97823],[-37.10152,-6.97414],[-37.08641,-6.97823],[-37.08366,-6.97482],[-37.0713,-6.97141],[-37.07336,-6.98232],[-37.06993,-6.98845],[-37.06581,-6.98504],[-37.06444,-6.98027],[-37.05963,-6.97891],[-37.05414,-6.97959],[-37.04865,-6.98368],[-37.04865,-6.97687],[-37.05208,-6.97414],[-37.05276,-6.968],[-37.04178,-6.97346],[-37.03079,-6.97482],[-37.04109,-6.96187],[-37.03972,-6.9571],[-37.03217,-6.95642],[-37.03011,-6.95914],[-37.0253,-6.95983],[-37.02324,-6.96392],[-37.01912,-6.96392],[-37.015,-6.97482],[-37.00813,-6.97278],[-37.01157,-6.96869],[-37.01363,-6.95983],[-37.02324,-6.95028],[-37.02393,-6.94551],[-37.01843,-6.94688],[-37.01569,-6.95369],[-37.01225,-6.95574],[-37.01088,-6.95233],[-37.0047,-6.95301],[-37.01088,-6.94756],[-37.01019,-6.94279],[-37.01363,-6.94006],[-37.01363,-6.93392],[-37.00813,-6.93461],[-37.00676,-6.93188],[-37.00195,-6.93188],[-36.99783,-6.92643],[-37.00195,-6.9237],[-36.99783,-6.91416],[-37.00813,-6.91416],[-37.00882,-6.90939],[-37.01294,-6.91007],[-37.01775,-6.91757],[-37.02187,-6.91893],[-37.0253,-6.91757],[-37.02599,-6.91416],[-37.03217,-6.91757],[-37.04178,-6.91757],[-37.0459,-6.91416],[-37.04247,-6.89643],[-37.04659,-6.89234],[-37.03354,-6.87803],[-37.03011,-6.86576],[-37.03285,-6.86371],[-37.04178,-6.86508],[-37.0459,-6.8603],[-37.04453,-6.85349],[-37.04865,-6.85349],[-37.0562,-6.86099],[-37.06444,-6.86099],[-37.06718,-6.86439],[-37.08229,-6.86644],[-37.08366,-6.85758],[-37.07405,-6.84394],[-37.0665,-6.83576],[-37.05894,-6.83644],[-37.0507,-6.83031],[-37.04315,-6.82894],[-37.03766,-6.82144],[-37.02393,-6.81122],[-37.02049,-6.81122],[-37.01912,-6.81463],[-37.01157,-6.81122],[-37.01157,-6.81667],[-37.01706,-6.82144],[-37.01706,-6.82622],[-37.00951,-6.82144],[-37.00195,-6.82008],[-36.99989,-6.82485],[-37.00401,-6.82622],[-37.00127,-6.83167],[-37.00607,-6.83372],[-37.00264,-6.83849],[-37.00951,-6.83917],[-37.00882,-6.84326],[-37.01981,-6.85144],[-37.00607,-6.85008],[-36.99646,-6.85349],[-36.99715,-6.8603],[-37.00333,-6.86917],[-36.99371,-6.86508],[-36.99165,-6.8678],[-36.99303,-6.8753],[-36.99028,-6.87462],[-36.98273,-6.85621],[-36.97723,-6.85212],[-36.97174,-6.85212],[-36.96625,-6.85826],[-36.97037,-6.87598],[-36.96556,-6.87666],[-36.96007,-6.86985],[-36.96144,-6.86576],[-36.95938,-6.86167],[-36.95389,-6.86099],[-36.95595,-6.85349],[-36.96075,-6.85212],[-36.95938,-6.84871],[-36.95595,-6.84871],[-36.95457,-6.85349],[-36.95045,-6.85349],[-36.94633,-6.85826],[-36.94633,-6.87189],[-36.94153,-6.87939],[-36.93604,-6.87462],[-36.92711,-6.8753],[-36.92574,-6.89439],[-36.91956,-6.88757],[-36.91269,-6.89166],[-36.90926,-6.88689],[-36.91475,-6.88212],[-36.91475,-6.87666],[-36.9175,-6.87257],[-36.92368,-6.87257],[-36.92505,-6.86371],[-36.9223,-6.85826],[-36.92574,-6.85758],[-36.92711,-6.85417],[-36.93123,-6.85417],[-36.93123,-6.84531],[-36.93398,-6.84394],[-36.9326,-6.83917],[-36.9381,-6.83644],[-36.93604,-6.83372],[-36.93672,-6.82213],[-36.93329,-6.82281],[-36.93535,-6.82894],[-36.93123,-6.83031],[-36.92986,-6.84121],[-36.92505,-6.84803],[-36.91132,-6.8419],[-36.90651,-6.83372],[-36.89896,-6.82894],[-36.8969,-6.82349],[-36.89415,-6.82349],[-36.89072,-6.82894],[-36.89003,-6.83576],[-36.88522,-6.83099],[-36.8811,-6.83031],[-36.8811,-6.82758],[-36.88522,-6.8269],[-36.89003,-6.82008],[-36.88866,-6.81531],[-36.89209,-6.81122],[-36.90239,-6.8119],[-36.89896,-6.80508],[-36.90445,-6.80372],[-36.90308,-6.79894],[-36.9072,-6.79622],[-36.90376,-6.78803],[-36.89621,-6.79144],[-36.89896,-6.80099],[-36.89278,-6.80099],[-36.89209,-6.80576],[-36.8866,-6.81122],[-36.88316,-6.81463],[-36.87836,-6.81394],[-36.87286,-6.82076],[-36.87424,-6.80713],[-36.87149,-6.80781],[-36.86943,-6.81394],[-36.86325,-6.81599],[-36.86188,-6.80713],[-36.86737,-6.80372],[-36.86737,-6.80099],[-36.86256,-6.79622],[-36.8605,-6.80304],[-36.85707,-6.80235],[-36.85364,-6.79758],[-36.8557,-6.79485],[-36.85432,-6.78599],[-36.84814,-6.7894],[-36.8454,-6.79485],[-36.84059,-6.78872],[-36.83304,-6.79008],[-36.83441,-6.78463],[-36.83098,-6.7744],[-36.82823,-6.77235],[-36.82961,-6.7669],[-36.82686,-6.76485],[-36.82823,-6.7594],[-36.82068,-6.76076],[-36.81999,-6.74849],[-36.81656,-6.74768],[-36.77605,-6.78409],[-36.77811,-6.78735],[-36.77673,-6.79417],[-36.78085,-6.80235],[-36.78566,-6.80304],[-36.79184,-6.79894],[-36.80489,-6.80644],[-36.81038,-6.81326],[-36.81038,-6.81667],[-36.80695,-6.82008],[-36.80763,-6.82758],[-36.8042,-6.83644],[-36.81313,-6.83781],[-36.80969,-6.84394],[-36.81381,-6.84803],[-36.81656,-6.84871],[-36.81931,-6.84462],[-36.82411,-6.84394],[-36.82343,-6.8494],[-36.82549,-6.85212],[-36.81931,-6.85349],[-36.81862,-6.8569],[-36.8351,-6.87871],[-36.84265,-6.88076],[-36.84265,-6.8828],[-36.83853,-6.8828],[-36.83922,-6.89234],[-36.82961,-6.88689],[-36.8145,-6.88621],[-36.8145,-6.88894],[-36.82823,-6.89984],[-36.83441,-6.89984],[-36.84196,-6.9053],[-36.84952,-6.90393],[-36.85295,-6.9087],[-36.85158,-6.91279],[-36.84677,-6.91279],[-36.83578,-6.91007],[-36.83304,-6.90734],[-36.82068,-6.90598],[-36.82274,-6.91075],[-36.81999,-6.91143],[-36.80489,-6.90189],[-36.80077,-6.90189],[-36.80145,-6.9053],[-36.80626,-6.9087],[-36.80626,-6.91211],[-36.80283,-6.9162],[-36.79802,-6.91484],[-36.79939,-6.91893],[-36.80969,-6.91893],[-36.82549,-6.92915],[-36.82823,-6.92915],[-36.82892,-6.92166],[-36.8454,-6.92779],[-36.84746,-6.93665],[-36.84334,-6.9387],[-36.83922,-6.94619],[-36.84196,-6.95165],[-36.83716,-6.95165],[-36.83716,-6.94824],[-36.83304,-6.94892],[-36.84128,-6.9646],[-36.84814,-6.96392],[-36.84677,-6.9496],[-36.8502,-6.94347],[-36.85364,-6.94347],[-36.85707,-6.9496],[-36.8605,-6.95028],[-36.86394,-6.94347],[-36.85982,-6.93801],[-36.85913,-6.92779],[-36.86188,-6.92575],[-36.87012,-6.9387],[-36.87492,-6.93801],[-36.87561,-6.95233],[-36.87836,-6.95642],[-36.88797,-6.96187],[-36.88934,-6.968],[-36.89758,-6.97278],[-36.90788,-6.98368],[-36.91269,-6.98504],[-36.91612,-6.9905],[-36.92093,-6.99322],[-36.93604,-6.9905],[-36.95114,-6.99799],[-36.94908,-7.00208],[-36.95732,-7.01162],[-36.95938,-7.01162],[-36.95938,-7.00481],[-36.96144,-7.00276],[-36.96831,-7.0089],[-36.97517,-7.00822],[-36.97929,-7.01435],[-36.98273,-7.01503],[-36.98135,-7.01776],[-36.97517,-7.0198],[-36.98479,-7.02525],[-36.97929,-7.03002],[-36.99234,-7.03207],[-36.99783,-7.02934],[-37.0047,-7.03002],[-37.00745,-7.03616],[-37.00264,-7.03752],[-37.00401,-7.04502],[-37.00058,-7.0457],[-36.98891,-7.04093],[-36.98685,-7.04161],[-36.98685,-7.04638],[-36.99783,-7.04842],[-36.99715,-7.05115],[-36.99165,-7.05251],[-36.99303,-7.05524],[-36.99783,-7.05456],[-37.00127,-7.0566],[-37.00195,-7.06001],[-37.01637,-7.0641],[-37.01981,-7.07023],[-37.02599,-7.07227],[-37.02393,-7.07773],[-37.01019,-7.07841],[-37.00676,-7.08318],[-37.00127,-7.08522],[-37.00676,-7.08931],[-37.02118,-7.08863],[-37.02461,-7.09135],[-37.02255,-7.0968],[-37.00607,-7.10294],[-36.97929,-7.10566],[-36.97517,-7.10226],[-36.97311,-7.10498],[-36.96625,-7.1043],[-36.96419,-7.10634],[-36.94702,-7.10362],[-36.93192,-7.10498],[-36.92368,-7.10226],[-36.91681,-7.10362],[-36.91475,-7.10157],[-36.90857,-7.10294],[-36.89484,-7.09749],[-36.88866,-7.09817],[-36.88522,-7.09408],[-36.87767,-7.09544],[-36.87286,-7.09203],[-36.86531,-7.09408],[-36.84402,-7.09135],[-36.82205,-7.08726],[-36.81793,-7.08386],[-36.80351,-7.07977],[-36.80283,-7.0825],[-36.81725,-7.08931],[-36.82137,-7.09476],[-36.83304,-7.09749],[-36.83853,-7.10975],[-36.83098,-7.10839],[-36.82755,-7.10157],[-36.82411,-7.10362],[-36.8248,-7.10839],[-36.81999,-7.10839],[-36.81862,-7.10021],[-36.81381,-7.10089],[-36.80901,-7.09817],[-36.80832,-7.10089],[-36.81244,-7.1043],[-36.81244,-7.10839],[-36.77673,-7.10771],[-36.77811,-7.11043],[-36.8145,-7.11384],[-36.81931,-7.11929],[-36.82755,-7.11861],[-36.83098,-7.11588],[-36.84128,-7.11656],[-36.84196,-7.11929],[-36.83372,-7.12065],[-36.84402,-7.12678],[-36.84952,-7.12474],[-36.85776,-7.13087],[-36.86874,-7.12883],[-36.87286,-7.12474],[-36.88042,-7.13564],[-36.88179,-7.13428],[-36.87767,-7.13087],[-36.87904,-7.1261],[-36.88728,-7.12747],[-36.89072,-7.13224],[-36.8969,-7.12815],[-36.9017,-7.12815],[-36.90445,-7.12951],[-36.90445,-7.13292],[-36.912,-7.13224],[-36.91887,-7.13632],[-36.93123,-7.13496],[-36.94771,-7.14314],[-36.9532,-7.14314],[-36.9532,-7.14722],[-36.96213,-7.14654],[-36.96281,-7.15063],[-36.95732,-7.15131],[-36.96487,-7.1554],[-36.96144,-7.16289],[-36.96831,-7.16153],[-36.97243,-7.15404],[-36.98067,-7.15676],[-36.99509,-7.16971],[-37.00813,-7.16971],[-37.02599,-7.17788],[-37.0356,-7.17311],[-37.0562,-7.17584],[-37.05688,-7.16426],[-37.05414,-7.15949],[-37.05414,-7.14791],[-37.06169,-7.14177],[-37.06718,-7.14177],[-37.08229,-7.15063],[-37.08572,-7.15608],[-37.10495,-7.16017],[-37.11319,-7.16494],[-37.11456,-7.16834],[-37.11113,-7.17039],[-37.1125,-7.17311],[-37.12349,-7.17175],[-37.14066,-7.17856],[-37.1386,-7.16903],[-37.14272,-7.16698],[-37.14752,-7.17379],[-37.16263,-7.17584],[-37.16949,-7.18129],[-37.17979,-7.17924],[-37.18803,-7.18265],[-37.19147,-7.18606],[-37.19284,-7.19219],[-37.18735,-7.20649],[-37.18048,-7.21058],[-37.18185,-7.21944],[-37.19833,-7.20513],[-37.20314,-7.19559],[-37.21275,-7.19151],[-37.22374,-7.19628],[-37.24091,-7.19491],[-37.24297,-7.19764],[-37.26562,-7.19764],[-37.27592,-7.20445],[-37.27661,-7.2099],[-37.2821,-7.20309],[-37.2876,-7.20377],[-37.29446,-7.19491],[-37.2979,-7.19491],[-37.3027,-7.20173],[-37.30476,-7.20104],[-37.30408,-7.19559],[-37.30614,-7.19355],[-37.31094,-7.19423],[-37.31575,-7.20173],[-37.32674,-7.19968],[-37.34116,-7.20173],[-37.35626,-7.21058],[-37.36656,-7.21194],[-37.37274,-7.21944],[-37.38373,-7.22489],[-37.40295,-7.2317],[-37.40913,-7.22966],[-37.416,-7.23374],[-37.42149,-7.24055],[-37.42218,-7.24805],[-37.41394,-7.25826],[-37.42561,-7.27052],[-37.4263,-7.28074],[-37.42905,-7.28074],[-37.42699,-7.27597],[-37.42973,-7.26916],[-37.43248,-7.26916],[-37.4366,-7.27529],[-37.44209,-7.27665],[-37.44553,-7.28823],[-37.45239,-7.28891],[-37.45926,-7.29573],[-37.46201,-7.28891],[-37.46956,-7.29096],[-37.47093,-7.28755],[-37.4675,-7.28755],[-37.45651,-7.27461],[-37.46475,-7.26576],[-37.47162,-7.26508],[-37.47505,-7.26848],[-37.48123,-7.26712],[-37.48055,-7.26371],[-37.46819,-7.25826],[-37.4675,-7.25554],[-37.47025,-7.25145],[-37.4826,-7.25077],[-37.4826,-7.24873],[-37.47437,-7.23851],[-37.47437,-7.23579],[-37.4778,-7.23374],[-37.47574,-7.22693],[-37.46681,-7.23851],[-37.46269,-7.23442],[-37.45171,-7.24328],[-37.44553,-7.24328],[-37.44553,-7.22625],[-37.44278,-7.21944],[-37.4469,-7.21807],[-37.44759,-7.21331],[-37.45171,-7.21058],[-37.45377,-7.21807],[-37.47437,-7.21535],[-37.48123,-7.21944],[-37.48741,-7.21331],[-37.48672,-7.21058],[-37.48055,-7.21126],[-37.47643,-7.20718],[-37.46819,-7.20854],[-37.4675,-7.20581],[-37.47162,-7.20377],[-37.47162,-7.20104],[-37.46887,-7.19764],[-37.46063,-7.19628],[-37.45926,-7.19287],[-37.46613,-7.19083],[-37.47368,-7.19491],[-37.48123,-7.18878],[-37.49428,-7.18946],[-37.49771,-7.19014],[-37.49634,-7.19764],[-37.4984,-7.20036],[-37.50526,-7.19696],[-37.50595,-7.19151],[-37.51076,-7.19151],[-37.51419,-7.19491],[-37.5238,-7.19423],[-37.52449,-7.199],[-37.51968,-7.20036],[-37.51282,-7.19832],[-37.51213,-7.20036],[-37.52037,-7.21126],[-37.5238,-7.20854],[-37.52792,-7.21058],[-37.5293,-7.21876],[-37.52655,-7.22012],[-37.52655,-7.22284],[-37.53204,-7.22557],[-37.53136,-7.22897],[-37.52449,-7.2317],[-37.52792,-7.24328],[-37.52998,-7.2426],[-37.52998,-7.23715],[-37.53548,-7.23647],[-37.53891,-7.22966],[-37.54646,-7.23102],[-37.54372,-7.23919],[-37.53479,-7.24873],[-37.53067,-7.25009],[-37.53136,-7.25281],[-37.53822,-7.25077],[-37.54097,-7.246],[-37.54784,-7.24192],[-37.55127,-7.2426],[-37.55402,-7.25145],[-37.56088,-7.25145],[-37.56638,-7.24124],[-37.55676,-7.23851],[-37.55608,-7.23579],[-37.56226,-7.23647],[-37.565,-7.23034],[-37.55676,-7.22557],[-37.55608,-7.22284],[-37.55951,-7.21944],[-37.56844,-7.22284],[-37.57256,-7.2208],[-37.57942,-7.22148],[-37.56706,-7.23102],[-37.57187,-7.2351],[-37.57324,-7.2426],[-37.56844,-7.25554],[-37.56088,-7.25554],[-37.55539,-7.25963],[-37.54715,-7.25895],[-37.54852,-7.26644],[-37.54646,-7.2678],[-37.54646,-7.27393],[-37.5499,-7.28006],[-37.5499,-7.28551],[-37.5602,-7.29232],[-37.56294,-7.29913],[-37.56844,-7.30186],[-37.5705,-7.29709],[-37.57462,-7.29573],[-37.5753,-7.30594],[-37.59453,-7.31071],[-37.59315,-7.31888],[-37.58698,-7.31275],[-37.58492,-7.31343],[-37.58698,-7.31956],[-37.58217,-7.31956],[-37.5808,-7.32161],[-37.58904,-7.32978],[-37.59727,-7.33318],[-37.59933,-7.34136],[-37.60551,-7.33591],[-37.61238,-7.33591],[-37.6165,-7.33318],[-37.61925,-7.32569],[-37.63367,-7.32501],[-37.66113,-7.31888],[-37.66663,-7.32161],[-37.66525,-7.32705],[-37.65564,-7.3291],[-37.6474,-7.32637],[-37.64328,-7.33114],[-37.64122,-7.33863],[-37.64671,-7.34136],[-37.64877,-7.33795],[-37.65427,-7.33591],[-37.66457,-7.33591],[-37.66457,-7.33931],[-37.65907,-7.33999],[-37.65633,-7.3434],[-37.66937,-7.34885],[-37.66869,-7.34204],[-37.67349,-7.3434],[-37.68311,-7.33795],[-37.6886,-7.33863],[-37.68517,-7.32978],[-37.68791,-7.32569],[-37.69272,-7.32569],[-37.72362,-7.34544],[-37.73392,-7.35974],[-37.7346,-7.36655],[-37.73048,-7.37404],[-37.72156,-7.37677],[-37.71469,-7.38221],[-37.71744,-7.38494],[-37.7195,-7.39583],[-37.72224,-7.39788],[-37.7195,-7.40332],[-37.72018,-7.40741],[-37.72499,-7.404],[-37.72568,-7.39856],[-37.72774,-7.39856],[-37.73392,-7.41422],[-37.7401,-7.4115],[-37.74147,-7.39651],[-37.74628,-7.38834],[-37.74559,-7.38017],[-37.74696,-7.37677],[-37.7504,-7.37677],[-37.75452,-7.37949],[-37.75108,-7.38902],[-37.75383,-7.3972],[-37.74834,-7.4149],[-37.75726,-7.42716],[-37.76894,-7.42716],[-37.76962,-7.4183],[-37.76619,-7.41013],[-37.77031,-7.40605],[-37.77237,-7.41967],[-37.77924,-7.42852],[-37.7758,-7.4326],[-37.77855,-7.43396],[-37.78473,-7.43192],[-37.78816,-7.43533],[-37.78748,-7.43056],[-37.78267,-7.42784],[-37.77649,-7.41898],[-37.77786,-7.41626],[-37.78267,-7.41762],[-37.78336,-7.41354],[-37.77374,-7.40264],[-37.77443,-7.39651],[-37.77031,-7.38766],[-37.77168,-7.37541],[-37.77855,-7.37541],[-37.7916,-7.38494],[-37.79434,-7.38766],[-37.79366,-7.39515],[-37.79778,-7.39583],[-37.79984,-7.4006],[-37.80396,-7.3972],[-37.80533,-7.39107],[-37.81013,-7.39175],[-37.81288,-7.39515],[-37.81769,-7.39379],[-37.81357,-7.38766],[-37.81563,-7.3829],[-37.81219,-7.38017],[-37.80739,-7.38153],[-37.80807,-7.37949],[-37.81769,-7.37813],[-37.82112,-7.38494],[-37.83417,-7.39175],[-37.83554,-7.39515],[-37.83348,-7.39788],[-37.84035,-7.39924],[-37.84378,-7.40809],[-37.84859,-7.40809],[-37.84927,-7.41354],[-37.85408,-7.41558],[-37.85545,-7.42171],[-37.86575,-7.42103],[-37.86713,-7.42852],[-37.87331,-7.43737],[-37.88704,-7.43873],[-37.89116,-7.44554],[-37.89597,-7.44826],[-37.89734,-7.45371],[-37.90489,-7.45848],[-37.90558,-7.46188],[-37.87949,-7.44962],[-37.86713,-7.45031],[-37.86781,-7.45303],[-37.87674,-7.45235],[-37.88086,-7.45507],[-37.88223,-7.46052],[-37.89116,-7.46188],[-37.89322,-7.46665],[-37.89734,-7.46733],[-37.8994,-7.47413],[-37.90627,-7.47413],[-37.91176,-7.47822],[-37.91176,-7.48026],[-37.90764,-7.47958],[-37.90558,-7.49047],[-37.89734,-7.48843],[-37.89116,-7.48094],[-37.88498,-7.47958],[-37.88841,-7.48571],[-37.89803,-7.4932],[-37.90146,-7.49932],[-37.90764,-7.5],[-37.91313,-7.50545],[-37.92068,-7.50817],[-37.92549,-7.50749],[-37.92686,-7.50477],[-37.93373,-7.50885],[-37.9351,-7.51226],[-37.92824,-7.5143],[-37.93785,-7.52383],[-37.93167,-7.52655],[-37.93922,-7.532],[-37.94128,-7.5286],[-37.94815,-7.52928],[-37.95502,-7.53881],[-37.9612,-7.54085],[-37.96806,-7.54697],[-37.95914,-7.54834],[-37.94266,-7.54629],[-37.9406,-7.54766],[-37.94266,-7.55038],[-37.95296,-7.55378],[-37.95364,-7.55582],[-37.93236,-7.5565],[-37.92824,-7.55787],[-37.92686,-7.56195],[-37.95021,-7.56127],[-37.95982,-7.5674],[-37.96532,-7.5674],[-37.96669,-7.56399],[-37.9715,-7.56331],[-37.98729,-7.56399],[-37.99416,-7.5742],[-38.00377,-7.56944],[-38.01338,-7.57965],[-38.01544,-7.57965],[-38.01613,-7.57216],[-38.02025,-7.57012],[-38.02231,-7.58033],[-38.02917,-7.58645],[-38.03055,-7.58373],[-38.03947,-7.58305],[-38.0381,-7.58918],[-38.02986,-7.58986],[-38.03398,-7.60279],[-38.03192,-7.61096],[-38.02162,-7.60415],[-38.02094,-7.61232],[-38.01888,-7.61232],[-38.01064,-7.60211],[-38.01201,-7.61164],[-38.00583,-7.61232],[-38.01476,-7.61844],[-38.0175,-7.62865],[-38.02505,-7.63273],[-38.02505,-7.64498],[-38.02986,-7.6409],[-38.03055,-7.63546],[-38.03467,-7.63273],[-38.03398,-7.62185],[-38.03947,-7.62116],[-38.03947,-7.6164],[-38.05733,-7.62048],[-38.05527,-7.61708],[-38.04771,-7.61368],[-38.04428,-7.60347],[-38.04634,-7.59802],[-38.05595,-7.59734],[-38.05527,-7.59054],[-38.06351,-7.5919],[-38.06557,-7.59462],[-38.06351,-7.60347],[-38.06557,-7.60619],[-38.06488,-7.61096],[-38.06831,-7.60891],[-38.069,-7.59598],[-38.07449,-7.59394],[-38.0793,-7.59802],[-38.08342,-7.5953],[-38.08479,-7.59054],[-38.09715,-7.60075],[-38.0999,-7.60891],[-38.10608,-7.60755],[-38.11157,-7.61436],[-38.11226,-7.60755],[-38.10539,-7.60007],[-38.10608,-7.59734],[-38.10951,-7.59666],[-38.10608,-7.58373],[-38.11432,-7.58237],[-38.12119,-7.58577],[-38.12119,-7.5919],[-38.12874,-7.59462],[-38.12599,-7.5885],[-38.13148,-7.59054],[-38.13354,-7.5953],[-38.14316,-7.59939],[-38.14453,-7.60415],[-38.15277,-7.60415],[-38.16032,-7.60823],[-38.18092,-7.60823],[-38.1823,-7.613],[-38.18985,-7.6164],[-38.19672,-7.62525],[-38.20908,-7.63069],[-38.21114,-7.6375],[-38.218,-7.6375],[-38.2235,-7.64022],[-38.22624,-7.64566],[-38.23105,-7.64498],[-38.23654,-7.64907],[-38.24341,-7.64975],[-38.26126,-7.6654],[-38.26195,-7.67221],[-38.25645,-7.67221],[-38.25851,-7.67697],[-38.26607,-7.68173],[-38.27019,-7.68786],[-38.27705,-7.68922],[-38.28598,-7.69534],[-38.29834,-7.70691],[-38.29697,-7.7001],[-38.30177,-7.69942],[-38.29903,-7.68309],[-38.30589,-7.68309],[-38.30864,-7.67357],[-38.29216,-7.662],[-38.29353,-7.65859],[-38.3004,-7.65859],[-38.29971,-7.65655],[-38.2901,-7.64771],[-38.28598,-7.64771],[-38.27156,-7.63886],[-38.27156,-7.63614],[-38.27431,-7.63614],[-38.28667,-7.63954],[-38.28392,-7.63273],[-38.28941,-7.63069],[-38.29491,-7.63273],[-38.29491,-7.6375],[-38.29079,-7.63954],[-38.29147,-7.64158],[-38.3004,-7.64771],[-38.31551,-7.65315],[-38.31894,-7.65315],[-38.31757,-7.64907],[-38.31482,-7.64907],[-38.31551,-7.64498],[-38.32443,-7.6409],[-38.31688,-7.63886],[-38.32306,-7.63069],[-38.32993,-7.63137],[-38.32924,-7.63818],[-38.33199,-7.63954],[-38.33542,-7.63682],[-38.34435,-7.63546],[-38.34572,-7.6409],[-38.34229,-7.64294],[-38.34366,-7.64566],[-38.35258,-7.6375],[-38.36632,-7.63954],[-38.367,-7.64226],[-38.36288,-7.64635],[-38.36906,-7.64635],[-38.37044,-7.64226],[-38.37318,-7.64226],[-38.37662,-7.64635],[-38.37318,-7.64975],[-38.37387,-7.66472],[-38.37662,-7.66676],[-38.37868,-7.66608],[-38.38005,-7.65723],[-38.38623,-7.65587],[-38.38211,-7.64703],[-38.3876,-7.65043],[-38.39584,-7.65043],[-38.3979,-7.65315],[-38.39722,-7.65791],[-38.4034,-7.65723],[-38.40477,-7.65383],[-38.41438,-7.65587],[-38.42468,-7.65451],[-38.4288,-7.65791],[-38.42537,-7.66268],[-38.4288,-7.66336],[-38.43224,-7.66948],[-38.43773,-7.67084],[-38.44116,-7.6654],[-38.43636,-7.66472],[-38.43636,-7.66268],[-38.44116,-7.66064],[-38.43498,-7.65655],[-38.44666,-7.65587],[-38.45009,-7.66404],[-38.45215,-7.65928],[-38.4597,-7.65859],[-38.46176,-7.66336],[-38.45421,-7.6688],[-38.45421,-7.67152],[-38.46657,-7.67084],[-38.47069,-7.67357],[-38.47275,-7.67901],[-38.47137,-7.68309],[-38.47343,-7.68513],[-38.47961,-7.67901],[-38.48373,-7.68241],[-38.48785,-7.68173],[-38.48579,-7.67493],[-38.47755,-7.67016],[-38.47755,-7.66268],[-38.48785,-7.65996],[-38.48511,-7.65791],[-38.48511,-7.65519],[-38.48785,-7.65383],[-38.49335,-7.65791],[-38.49747,-7.65791],[-38.49541,-7.65451],[-38.49747,-7.65111],[-38.50296,-7.65519],[-38.51257,-7.65723],[-38.52013,-7.66744],[-38.52631,-7.66472],[-38.5318,-7.67016],[-38.54279,-7.67152],[-38.54553,-7.67493],[-38.54759,-7.67221],[-38.55377,-7.67357],[-38.55583,-7.67016],[-38.54347,-7.65859],[-38.55103,-7.65655],[-38.55446,-7.65111],[-38.55927,-7.65179],[-38.56201,-7.64771],[-38.5778,-7.65383],[-38.58261,-7.65179],[-38.58948,-7.65519],[-38.59428,-7.65247],[-38.5936,-7.65996],[-38.60046,-7.66064],[-38.60046,-7.66676],[-38.60733,-7.66608],[-38.60802,-7.65587],[-38.61214,-7.65587],[-38.6142,-7.66132],[-38.61626,-7.65315],[-38.6245,-7.65451],[-38.61832,-7.64635],[-38.619,-7.64226],[-38.63068,-7.64362],[-38.63686,-7.63954],[-38.64098,-7.64362],[-38.64235,-7.64907],[-38.64304,-7.6443],[-38.6396,-7.63614],[-38.64235,-7.63137],[-38.63754,-7.63205],[-38.6348,-7.63546],[-38.62793,-7.63341],[-38.6293,-7.62457],[-38.63754,-7.62525],[-38.64029,-7.62253],[-38.65334,-7.62048],[-38.65746,-7.61436],[-38.66501,-7.61368],[-38.66707,-7.61096],[-38.66501,-7.60959],[-38.65059,-7.613],[-38.63205,-7.61096],[-38.62656,-7.61504],[-38.62106,-7.613],[-38.62656,-7.60347],[-38.60802,-7.61164],[-38.60046,-7.60891],[-38.60184,-7.60347],[-38.59909,-7.59734],[-38.60802,-7.5953],[-38.60252,-7.58781],[-38.60802,-7.58645],[-38.6142,-7.5885],[-38.61351,-7.58577],[-38.6087,-7.58373],[-38.61076,-7.57761],[-38.61969,-7.57965],[-38.62518,-7.5742],[-38.61694,-7.57148],[-38.61488,-7.56671],[-38.62587,-7.57012],[-38.62862,-7.56876],[-38.62656,-7.56331],[-38.6293,-7.56263],[-38.63205,-7.56535],[-38.63136,-7.57012],[-38.6348,-7.57012],[-38.63617,-7.56535],[-38.64372,-7.5674],[-38.64304,-7.55787],[-38.64853,-7.55787],[-38.6563,-7.5482],[-38.65206,-7.53336],[-38.64922,-7.53745],[-38.64372,-7.53813],[-38.64029,-7.53336],[-38.64166,-7.53064],[-38.64647,-7.53064],[-38.6499,-7.52383],[-38.62793,-7.52655],[-38.62244,-7.52179],[-38.62244,-7.51362],[-38.62175,-7.52179],[-38.61832,-7.5286],[-38.60664,-7.5286],[-38.60184,-7.52383],[-38.59428,-7.52315],[-38.59016,-7.51907],[-38.58879,-7.51158],[-38.5833,-7.51022],[-38.58398,-7.4966],[-38.57918,-7.48843],[-38.57506,-7.49388],[-38.56888,-7.49183],[-38.56888,-7.4966],[-38.57162,-7.5],[-38.57025,-7.50273],[-38.5627,-7.4966],[-38.55858,-7.5],[-38.55377,-7.49864],[-38.55171,-7.50069],[-38.54347,-7.48843],[-38.53867,-7.49252],[-38.53455,-7.49252],[-38.53386,-7.48571],[-38.54004,-7.48367],[-38.54279,-7.4789],[-38.54141,-7.4755],[-38.53729,-7.47413],[-38.53386,-7.47754],[-38.52631,-7.47618],[-38.52219,-7.47958],[-38.51326,-7.47618],[-38.51326,-7.47958],[-38.50845,-7.47958],[-38.50571,-7.48435],[-38.50159,-7.48571],[-38.50021,-7.49047],[-38.49197,-7.48911],[-38.49197,-7.48571],[-38.48579,-7.48435],[-38.48305,-7.48435],[-38.48236,-7.48775],[-38.47549,-7.48707],[-38.47481,-7.48367],[-38.47893,-7.48298],[-38.48305,-7.47754],[-38.48923,-7.47958],[-38.50296,-7.47141],[-38.51189,-7.47277],[-38.51944,-7.4612],[-38.51463,-7.4646],[-38.51051,-7.46188],[-38.50983,-7.45643],[-38.50433,-7.45848],[-38.50021,-7.46392],[-38.49609,-7.45984],[-38.49403,-7.46392],[-38.48717,-7.46392],[-38.49129,-7.46801],[-38.48923,-7.47277],[-38.4803,-7.47277],[-38.47824,-7.47686],[-38.46794,-7.47958],[-38.46451,-7.48367],[-38.45284,-7.48911],[-38.44803,-7.48707],[-38.45284,-7.48298],[-38.45284,-7.47822],[-38.44803,-7.47958],[-38.44322,-7.47754],[-38.43842,-7.48162],[-38.43704,-7.47958],[-38.43018,-7.4789],[-38.42194,-7.46937],[-38.42537,-7.46392],[-38.41644,-7.46188],[-38.41576,-7.46528],[-38.41232,-7.46665],[-38.41301,-7.47073],[-38.40683,-7.46733],[-38.40134,-7.44758],[-38.39653,-7.4469],[-38.39172,-7.44282],[-38.3931,-7.43669],[-38.39653,-7.44009],[-38.41713,-7.44077],[-38.42125,-7.43669],[-38.41713,-7.43465],[-38.4185,-7.43056],[-38.424,-7.42784],[-38.43155,-7.42784],[-38.44116,-7.43328],[-38.44391,-7.43192],[-38.46382,-7.43465],[-38.47618,-7.43328],[-38.46382,-7.42852],[-38.45352,-7.42784],[-38.45009,-7.42443],[-38.4446,-7.42579],[-38.4446,-7.42035],[-38.42125,-7.4183],[-38.41438,-7.4115],[-38.40958,-7.39107],[-38.40752,-7.39175],[-38.40752,-7.39788],[-38.40202,-7.39788],[-38.40202,-7.40264],[-38.39928,-7.40332],[-38.39722,-7.39788],[-38.40065,-7.39651],[-38.39996,-7.39175],[-38.3931,-7.39447],[-38.38829,-7.39107],[-38.3876,-7.38562],[-38.38348,-7.38562],[-38.37936,-7.38221],[-38.37868,-7.3863],[-38.38486,-7.39447],[-38.38554,-7.39992],[-38.38486,-7.40264],[-38.38142,-7.40332],[-38.38898,-7.41013],[-38.38898,-7.4149],[-38.38211,-7.41694],[-38.37662,-7.41354],[-38.37662,-7.40945],[-38.36838,-7.40809],[-38.36838,-7.40264],[-38.37662,-7.40128],[-38.37936,-7.39447],[-38.37524,-7.38971],[-38.36632,-7.38698],[-38.36426,-7.372],[-38.36769,-7.36996],[-38.367,-7.36655],[-38.3622,-7.36587],[-38.36082,-7.37472],[-38.35602,-7.37881],[-38.34641,-7.36383],[-38.33954,-7.36587],[-38.33748,-7.3577],[-38.33267,-7.35702],[-38.32443,-7.34817],[-38.32581,-7.34408],[-38.33336,-7.34067],[-38.34297,-7.34953],[-38.34846,-7.35157],[-38.34641,-7.3468],[-38.34091,-7.3434],[-38.33954,-7.33659],[-38.3313,-7.33182],[-38.32924,-7.32705],[-38.32993,-7.32365],[-38.33748,-7.32433],[-38.33954,-7.3182],[-38.34297,-7.31684],[-38.34229,-7.3148],[-38.33473,-7.3182],[-38.33199,-7.31548],[-38.32306,-7.3148],[-38.32031,-7.31888],[-38.31688,-7.31888],[-38.30658,-7.31071],[-38.29559,-7.31207],[-38.29491,-7.30935],[-38.29765,-7.3073],[-38.29628,-7.30186],[-38.29834,-7.29981],[-38.30521,-7.30049],[-38.30658,-7.29777],[-38.30452,-7.29436],[-38.29903,-7.29436],[-38.29765,-7.28891],[-38.29422,-7.29232],[-38.29491,-7.29777],[-38.29147,-7.29777],[-38.28873,-7.29232],[-38.28255,-7.29368],[-38.27774,-7.28483],[-38.27225,-7.28074],[-38.27225,-7.27665],[-38.27568,-7.27461],[-38.27431,-7.27257],[-38.27019,-7.27529],[-38.26469,-7.27461],[-38.26332,-7.28278],[-38.25645,-7.28142],[-38.26126,-7.2896],[-38.2592,-7.29232],[-38.25096,-7.28142],[-38.24409,-7.26644],[-38.26538,-7.26508],[-38.25783,-7.26235],[-38.25233,-7.25554],[-38.23654,-7.25009],[-38.23242,-7.24532],[-38.23311,-7.24192],[-38.24547,-7.24328],[-38.2489,-7.24055],[-38.25096,-7.22489],[-38.25302,-7.22216],[-38.25783,-7.22148],[-38.25783,-7.20854],[-38.26195,-7.20104],[-38.26263,-7.19287],[-38.2798,-7.19559],[-38.28186,-7.19355],[-38.28873,-7.19423],[-38.28804,-7.19083],[-38.27431,-7.1881],[-38.27087,-7.18333],[-38.26538,-7.18401],[-38.2592,-7.17788],[-38.24066,-7.17379],[-38.22556,-7.15949],[-38.21663,-7.15676],[-38.20976,-7.14859],[-38.20358,-7.14722],[-38.19603,-7.13905],[-38.18916,-7.13769],[-38.18436,-7.13155],[-38.19397,-7.13496],[-38.20221,-7.1336],[-38.21114,-7.13973],[-38.21869,-7.13973],[-38.22006,-7.137],[-38.22487,-7.13837],[-38.22762,-7.15199],[-38.23311,-7.14995],[-38.23792,-7.1445],[-38.24203,-7.14859],[-38.24547,-7.14859],[-38.24753,-7.15267],[-38.25027,-7.14927],[-38.25783,-7.14995],[-38.26538,-7.15881],[-38.27362,-7.16017],[-38.27774,-7.1663],[-38.29147,-7.17175],[-38.29422,-7.1772],[-38.30795,-7.18674],[-38.30658,-7.19151],[-38.29971,-7.19287],[-38.29903,-7.19764],[-38.31139,-7.20377],[-38.31001,-7.19764],[-38.31894,-7.19287],[-38.32237,-7.19764],[-38.32031,-7.20241],[-38.32443,-7.20513],[-38.3313,-7.20377],[-38.33336,-7.2099],[-38.32924,-7.21126],[-38.32924,-7.21331],[-38.33199,-7.21739],[-38.33748,-7.21739],[-38.34297,-7.22352],[-38.33954,-7.22829],[-38.33542,-7.22829],[-38.33542,-7.2317],[-38.34229,-7.23783],[-38.34984,-7.23987],[-38.35739,-7.24941],[-38.3622,-7.24668],[-38.35808,-7.23647],[-38.36288,-7.23783],[-38.36288,-7.23442],[-38.3622,-7.23102],[-38.35533,-7.23034],[-38.3567,-7.22284],[-38.35945,-7.2208],[-38.35602,-7.21603],[-38.35602,-7.21058],[-38.3622,-7.21126],[-38.36426,-7.20581],[-38.35739,-7.20513],[-38.3519,-7.20104],[-38.34846,-7.20854],[-38.34572,-7.20854],[-38.3416,-7.20036],[-38.34641,-7.19764],[-38.34641,-7.19083],[-38.3416,-7.18606],[-38.33885,-7.1772],[-38.34229,-7.16766],[-38.35052,-7.16766],[-38.34778,-7.15949],[-38.35739,-7.16085],[-38.35876,-7.15744],[-38.35602,-7.15267],[-38.34846,-7.14995],[-38.34709,-7.14654],[-38.3416,-7.14382],[-38.34091,-7.13837],[-38.33267,-7.13155],[-38.3313,-7.12542],[-38.33885,-7.12542],[-38.35876,-7.13292],[-38.35876,-7.12815],[-38.3622,-7.12747],[-38.37318,-7.13155],[-38.39035,-7.13224],[-38.39584,-7.13496],[-38.43567,-7.13769],[-38.43636,-7.14177],[-38.42125,-7.14722],[-38.41644,-7.15131],[-38.40477,-7.1554],[-38.39516,-7.15472],[-38.39584,-7.16085],[-38.39172,-7.16426],[-38.40202,-7.16766],[-38.4034,-7.17448],[-38.41438,-7.17039],[-38.41919,-7.17652],[-38.42606,-7.17584],[-38.44116,-7.18469],[-38.43773,-7.17993],[-38.41782,-7.16698],[-38.41644,-7.16289],[-38.4185,-7.15881],[-38.42468,-7.15881],[-38.42812,-7.15267],[-38.44254,-7.15131],[-38.44597,-7.16017],[-38.44872,-7.16153],[-38.44528,-7.17379],[-38.45421,-7.17243],[-38.45627,-7.17448],[-38.45558,-7.17788],[-38.45078,-7.18061],[-38.45078,-7.18401],[-38.45695,-7.19151],[-38.45901,-7.19083],[-38.45558,-7.18742],[-38.45627,-7.18333],[-38.46725,-7.17924],[-38.46931,-7.17311],[-38.47824,-7.17243],[-38.47343,-7.16017],[-38.47343,-7.14586],[-38.48785,-7.14245],[-38.49403,-7.14314],[-38.50502,-7.15336],[-38.50914,-7.15336],[-38.51051,-7.15063],[-38.52081,-7.14654],[-38.53523,-7.14859],[-38.53661,-7.14586],[-38.54004,-7.14586],[-38.54897,-7.15199],[-38.55034,-7.14518],[-38.57918,-7.14654],[-38.59222,-7.1554],[-38.60664,-7.15881],[-38.62381,-7.17107],[-38.6554,-7.17652],[-38.66364,-7.18129],[-38.68215,-7.18401],[-38.683,-7.176],[-38.6766,-7.1692],[-38.6852,-7.1613],[-38.6753,-7.1557],[-38.6749,-7.1438],[-38.6779,-7.1327],[-38.6588,-7.1033],[-38.6564,-7.0924],[-38.6598,-7.0855],[-38.6667,-7.0817],[-38.6726,-7.0694],[-38.6772,-7.0671],[-38.6713,-7.0562],[-38.6661,-7.0372],[-38.6698,-7.0477],[-38.6898,-7.0402],[-38.6914,-7.0291],[-38.7107,-7.019],[-38.7306,-7.012],[-38.7519,-6.9969],[-38.7577,-6.9986],[-38.76114,-6.99639],[-38.76183,-6.99248],[-38.7511,-6.9877],[-38.749,-6.9808],[-38.7423,-6.9743],[-38.7481,-6.9667],[-38.7503,-6.9585],[-38.7563,-6.9585],[-38.764,-6.9524],[-38.764,-6.9446],[-38.7557,-6.9401],[-38.7589,-6.9166],[-38.7652,-6.9109],[-38.7563,-6.9036],[-38.7303,-6.8968],[-38.7324,-6.8892],[-38.714,-6.8861],[-38.7159,-6.8793],[-38.7104,-6.8747],[-38.7004,-6.8766],[-38.6907,-6.8714],[-38.6867,-6.8658],[-38.6754,-6.8618],[-38.6772,-6.8543],[-38.6717,-6.8471],[-38.6729,-6.8361],[-38.6519,-6.8117],[-38.6356,-6.8006],[-38.6391,-6.7929],[-38.6269,-6.7908],[-38.6169,-6.7933],[-38.6139,-6.7824],[-38.629,-6.7777],[-38.6403,-6.764],[-38.6473,-6.7632],[-38.6524,-6.7571],[-38.65,-6.7522],[-38.6555,-6.7458],[-38.6578,-6.7372],[-38.656,-6.7302],[-38.6649,-6.7241],[-38.6725,-6.7062],[-38.6732,-6.6972],[-38.66736,-6.6878],[-38.6602,-6.69189],[-38.65677,-6.69871],[-38.64784,-6.70007],[-38.64784,-6.7028],[-38.65334,-6.70416],[-38.66295,-6.70348],[-38.66158,-6.70825],[-38.66364,-6.7103],[-38.6554,-6.71098],[-38.65883,-6.71439],[-38.65746,-6.72121],[-38.65059,-6.72326],[-38.64784,-6.72053],[-38.64578,-6.72326],[-38.6451,-6.7328],[-38.64166,-6.73553],[-38.6451,-6.73894],[-38.64441,-6.74235],[-38.64166,-6.74167],[-38.64029,-6.73621],[-38.63617,-6.73621],[-38.6348,-6.73349],[-38.62312,-6.73758],[-38.62175,-6.73212],[-38.61557,-6.73212],[-38.61282,-6.72803],[-38.60939,-6.72803],[-38.6087,-6.73349],[-38.60252,-6.7328],[-38.5984,-6.73621],[-38.61008,-6.74235],[-38.61351,-6.74985],[-38.60664,-6.75053],[-38.60527,-6.74781],[-38.60252,-6.74781],[-38.60115,-6.75121],[-38.59428,-6.74985],[-38.59291,-6.75462],[-38.58673,-6.7594],[-38.58398,-6.76485],[-38.57643,-6.76212],[-38.57574,-6.76553],[-38.58055,-6.77713],[-38.56819,-6.77985],[-38.56682,-6.78326],[-38.57025,-6.78599],[-38.56407,-6.78872],[-38.56476,-6.79076],[-38.58124,-6.79144],[-38.58192,-6.79349],[-38.57437,-6.79554],[-38.57849,-6.79963],[-38.5881,-6.79826],[-38.60115,-6.80167],[-38.60596,-6.79963],[-38.61488,-6.80099],[-38.61557,-6.80508],[-38.59497,-6.80508],[-38.59497,-6.80713],[-38.61488,-6.8119],[-38.61145,-6.82076],[-38.6142,-6.82213],[-38.61557,-6.82826],[-38.62175,-6.82894],[-38.62312,-6.83235],[-38.62312,-6.8344],[-38.61832,-6.83576],[-38.61763,-6.83917],[-38.62862,-6.84121],[-38.6293,-6.84735],[-38.6245,-6.84667],[-38.62381,-6.84394],[-38.62106,-6.84462],[-38.62106,-6.84803],[-38.61626,-6.84735],[-38.6142,-6.84462],[-38.61076,-6.84531],[-38.61488,-6.83303],[-38.61214,-6.83372],[-38.61214,-6.82826],[-38.60046,-6.82008],[-38.59497,-6.81872],[-38.5936,-6.82622],[-38.5881,-6.8269],[-38.58398,-6.83303],[-38.58192,-6.83235],[-38.58604,-6.82144],[-38.59154,-6.81599],[-38.58948,-6.81326],[-38.59016,-6.80644],[-38.57918,-6.80508],[-38.5778,-6.80781],[-38.56682,-6.80713],[-38.55995,-6.80985],[-38.55583,-6.80713],[-38.54691,-6.80781],[-38.55858,-6.80167],[-38.55377,-6.79894],[-38.52974,-6.79826],[-38.52768,-6.80031],[-38.51601,-6.80031],[-38.51326,-6.80576],[-38.52081,-6.80985],[-38.5215,-6.81258],[-38.51944,-6.81463],[-38.51189,-6.81394],[-38.51051,-6.81599],[-38.50777,-6.81599],[-38.50708,-6.81258],[-38.50159,-6.81258],[-38.50227,-6.80917],[-38.50983,-6.8044],[-38.50639,-6.80099],[-38.49678,-6.80235],[-38.49266,-6.80644],[-38.48717,-6.8044],[-38.47824,-6.80644],[-38.47275,-6.80508],[-38.46657,-6.80917],[-38.46107,-6.80781],[-38.46039,-6.80985],[-38.43979,-6.81258],[-38.4343,-6.81599],[-38.4343,-6.81803],[-38.44734,-6.82008],[-38.45284,-6.81667],[-38.48167,-6.81326],[-38.47412,-6.81599],[-38.47137,-6.82008],[-38.47618,-6.82485],[-38.47481,-6.83303],[-38.47961,-6.83576],[-38.48854,-6.83372],[-38.49129,-6.83644],[-38.49678,-6.83508],[-38.50571,-6.83712],[-38.50777,-6.84053],[-38.50433,-6.84053],[-38.50365,-6.84462],[-38.51532,-6.83985],[-38.51601,-6.84462],[-38.51189,-6.85076],[-38.51326,-6.8528],[-38.52356,-6.83849],[-38.52768,-6.83917],[-38.52631,-6.84871],[-38.53249,-6.84599],[-38.53249,-6.85349],[-38.54004,-6.85212],[-38.5421,-6.84599],[-38.55103,-6.8528],[-38.56133,-6.85144],[-38.56201,-6.85417],[-38.55927,-6.85621],[-38.54622,-6.85826],[-38.5524,-6.86439],[-38.54828,-6.86508],[-38.5421,-6.85962],[-38.53798,-6.86099],[-38.53935,-6.86917],[-38.54347,-6.87257],[-38.55103,-6.87326],[-38.55171,-6.87735],[-38.5627,-6.88007],[-38.56613,-6.88485],[-38.57506,-6.88348],[-38.57574,-6.88757],[-38.58398,-6.88962],[-38.57025,-6.89098],[-38.55583,-6.88348],[-38.55309,-6.88416],[-38.55377,-6.88894],[-38.55171,-6.88894],[-38.54073,-6.88416],[-38.54073,-6.8903],[-38.54965,-6.8978],[-38.55171,-6.90666],[-38.54691,-6.90666],[-38.54279,-6.90189],[-38.54004,-6.90461],[-38.53592,-6.90461],[-38.53729,-6.89916],[-38.52974,-6.89575],[-38.53111,-6.88825],[-38.52356,-6.88553],[-38.52631,-6.88076],[-38.52219,-6.87735],[-38.52768,-6.87326],[-38.52631,-6.86371],[-38.52356,-6.86303],[-38.52356,-6.8678],[-38.51944,-6.86848],[-38.51257,-6.86303],[-38.5112,-6.87257],[-38.50433,-6.87326],[-38.50021,-6.87189],[-38.50296,-6.86848],[-38.50159,-6.86099],[-38.49609,-6.8603],[-38.49472,-6.86371],[-38.49197,-6.86099],[-38.48717,-6.86099],[-38.48236,-6.86235],[-38.47824,-6.8678],[-38.48991,-6.87121],[-38.49747,-6.87803],[-38.51051,-6.88348],[-38.51189,-6.88553],[-38.50983,-6.88962],[-38.51601,-6.89575],[-38.51051,-6.89575],[-38.50571,-6.8903],[-38.50708,-6.89507],[-38.50296,-6.89712],[-38.50296,-6.89098],[-38.49815,-6.88689],[-38.49403,-6.88689],[-38.49266,-6.88962],[-38.49747,-6.89371],[-38.49472,-6.89712],[-38.49403,-6.90939],[-38.5009,-6.91211],[-38.50159,-6.91484],[-38.49197,-6.91552],[-38.48923,-6.91348],[-38.49197,-6.90461],[-38.48648,-6.90325],[-38.48442,-6.88757],[-38.47687,-6.88348],[-38.47755,-6.87939],[-38.47206,-6.87666],[-38.46725,-6.8678],[-38.46863,-6.88076],[-38.47549,-6.8828],[-38.47343,-6.88621],[-38.46725,-6.88825],[-38.46725,-6.8903],[-38.4803,-6.89439],[-38.47893,-6.89643],[-38.46931,-6.89712],[-38.47206,-6.90461],[-38.46107,-6.90461],[-38.4597,-6.91211],[-38.45284,-6.9053],[-38.44734,-6.9087],[-38.4391,-6.9087],[-38.43292,-6.9053],[-38.43773,-6.89984],[-38.42949,-6.89643],[-38.42606,-6.90052],[-38.42606,-6.9087],[-38.41301,-6.90939],[-38.41919,-6.91211],[-38.42331,-6.91825],[-38.45352,-6.91757],[-38.4549,-6.91961],[-38.45009,-6.92302],[-38.44872,-6.92984],[-38.45764,-6.93256],[-38.46863,-6.93188],[-38.47,-6.93597],[-38.46382,-6.93597],[-38.46245,-6.93938],[-38.47,-6.9387],[-38.47755,-6.94279],[-38.47687,-6.94551],[-38.46725,-6.94551],[-38.46107,-6.94824],[-38.45627,-6.94415],[-38.45284,-6.94551],[-38.45352,-6.95301],[-38.45009,-6.95505],[-38.45078,-6.95778],[-38.4549,-6.95983],[-38.47343,-6.95914],[-38.47961,-6.96119],[-38.47412,-6.96392],[-38.45695,-6.9646],[-38.45627,-6.96732],[-38.4597,-6.97005],[-38.45627,-6.97278],[-38.45764,-6.97959],[-38.45421,-6.983],[-38.45009,-6.97823],[-38.43704,-6.97346],[-38.43842,-6.96596],[-38.43498,-6.96323],[-38.43979,-6.96187],[-38.44048,-6.95846],[-38.43842,-6.95505],[-38.43155,-6.95574],[-38.42743,-6.95097],[-38.4185,-6.95437],[-38.42056,-6.96051],[-38.41438,-6.96528],[-38.41095,-6.96119],[-38.41301,-6.95574],[-38.4082,-6.95369],[-38.40408,-6.94756],[-38.39653,-6.9496],[-38.39928,-6.95983],[-38.39653,-6.96596],[-38.39241,-6.95778],[-38.38554,-6.95301],[-38.38348,-6.9571],[-38.37456,-6.95369],[-38.37662,-6.96392],[-38.37112,-6.968],[-38.36975,-6.96051],[-38.35876,-6.95505],[-38.36357,-6.95233],[-38.36288,-6.94756],[-38.36769,-6.94279],[-38.3567,-6.94551],[-38.3567,-6.94824],[-38.35945,-6.9496],[-38.35808,-6.95301],[-38.35327,-6.94347],[-38.35052,-6.94347],[-38.34846,-6.94824],[-38.33748,-6.94619],[-38.33267,-6.94892],[-38.33885,-6.94006],[-38.33611,-6.93801],[-38.32855,-6.94142],[-38.32993,-6.94892],[-38.32031,-6.95778],[-38.31688,-6.95437],[-38.3107,-6.95437],[-38.32031,-6.94415],[-38.31276,-6.9421],[-38.30383,-6.94483],[-38.30109,-6.94142],[-38.29697,-6.94142],[-38.29628,-6.93938],[-38.30452,-6.93324],[-38.29834,-6.93052],[-38.29628,-6.92643],[-38.30246,-6.92506],[-38.30383,-6.92097],[-38.30246,-6.91893],[-38.29216,-6.91757],[-38.3004,-6.91348],[-38.30315,-6.90734],[-38.30658,-6.91007],[-38.31825,-6.91075],[-38.32031,-6.90734],[-38.32581,-6.90598],[-38.32649,-6.90121],[-38.32375,-6.90189],[-38.32237,-6.90598],[-38.31963,-6.9053],[-38.31757,-6.8978],[-38.32649,-6.89712],[-38.32718,-6.89098],[-38.32237,-6.88962],[-38.31757,-6.89234],[-38.31551,-6.8978],[-38.30589,-6.89848],[-38.30521,-6.89098],[-38.30246,-6.88825],[-38.29765,-6.88689],[-38.2901,-6.89098],[-38.28873,-6.88825],[-38.2798,-6.88553],[-38.27774,-6.88144],[-38.26881,-6.87939],[-38.26675,-6.87394],[-38.26263,-6.87394],[-38.26057,-6.87121],[-38.25577,-6.87326],[-38.25714,-6.88144],[-38.25439,-6.88416],[-38.24753,-6.88212],[-38.24478,-6.88621],[-38.23654,-6.88485],[-38.2283,-6.88689],[-38.22418,-6.88485],[-38.2283,-6.88144],[-38.2283,-6.87666],[-38.22487,-6.87326],[-38.21938,-6.8753],[-38.2235,-6.88348],[-38.22144,-6.88485],[-38.18779,-6.88348],[-38.18642,-6.88553],[-38.18848,-6.88757],[-38.20427,-6.89098],[-38.20496,-6.89303],[-38.19397,-6.89507],[-38.17062,-6.89166],[-38.1665,-6.90257],[-38.16444,-6.90189],[-38.16582,-6.89439],[-38.16376,-6.89098],[-38.15758,-6.89166],[-38.14865,-6.88689],[-38.16032,-6.88621],[-38.16032,-6.88348],[-38.1562,-6.88076],[-38.14934,-6.8828],[-38.14728,-6.88007],[-38.13354,-6.87939],[-38.13148,-6.88485],[-38.12874,-6.88485],[-38.12599,-6.87735],[-38.10608,-6.87666],[-38.10539,-6.88007],[-38.10951,-6.88416],[-38.09853,-6.88621],[-38.09372,-6.88485],[-38.09509,-6.88144],[-38.09921,-6.88007],[-38.09921,-6.8753],[-38.09647,-6.87326],[-38.09303,-6.87598],[-38.08479,-6.87189],[-38.08136,-6.87394],[-38.07724,-6.87189],[-38.06694,-6.87394],[-38.06694,-6.87803],[-38.08205,-6.88757],[-38.08891,-6.88621],[-38.09235,-6.88962],[-38.09853,-6.88962],[-38.10127,-6.89303],[-38.10539,-6.89098],[-38.10951,-6.89643],[-38.11913,-6.90257],[-38.12325,-6.90939],[-38.12805,-6.9087],[-38.13217,-6.91484],[-38.13972,-6.91348],[-38.14247,-6.91757],[-38.14796,-6.91416],[-38.1562,-6.91552],[-38.15826,-6.91348],[-38.15758,-6.91007],[-38.15277,-6.90734],[-38.15346,-6.90325],[-38.15964,-6.90734],[-38.16582,-6.90734],[-38.16925,-6.91075],[-38.17818,-6.9087],[-38.19191,-6.9162],[-38.20084,-6.91416],[-38.22075,-6.91961],[-38.24684,-6.91961],[-38.2489,-6.92097],[-38.2489,-6.92643],[-38.25577,-6.92234],[-38.25714,-6.91825],[-38.26744,-6.91484],[-38.26881,-6.91688],[-38.26263,-6.92438],[-38.26401,-6.92915],[-38.26881,-6.9312],[-38.27225,-6.92847],[-38.27499,-6.92915],[-38.27568,-6.93256],[-38.28117,-6.93256],[-38.28323,-6.94006],[-38.28941,-6.94006],[-38.29079,-6.94415],[-38.28598,-6.94688],[-38.28667,-6.95165],[-38.28323,-6.95233],[-38.28461,-6.9571],[-38.28255,-6.95983],[-38.27911,-6.9571],[-38.27225,-6.9571],[-38.27087,-6.95983],[-38.26675,-6.95846],[-38.26195,-6.96119],[-38.26057,-6.96528],[-38.26538,-6.96664],[-38.26538,-6.97005],[-38.2592,-6.97209],[-38.25233,-6.9646],[-38.25302,-6.96187],[-38.2489,-6.95983],[-38.25027,-6.95574],[-38.24478,-6.95301],[-38.24478,-6.96119],[-38.22762,-6.96732],[-38.2235,-6.97618],[-38.21938,-6.97209],[-38.218,-6.97414],[-38.21388,-6.97346],[-38.21388,-6.97823],[-38.20908,-6.98232],[-38.20152,-6.98232],[-38.19672,-6.97959],[-38.19534,-6.98368],[-38.1974,-6.98641],[-38.1871,-6.98913],[-38.19054,-6.9939],[-38.18985,-6.99663],[-38.17886,-6.99731],[-38.17749,-6.99186],[-38.172,-6.99663],[-38.16719,-6.99459],[-38.15758,-6.99663],[-38.15483,-6.99186],[-38.1562,-6.98777],[-38.15414,-6.98777],[-38.15208,-6.99867],[-38.13698,-6.99867],[-38.13148,-6.99731],[-38.13148,-6.99459],[-38.13835,-6.99186],[-38.13972,-6.98845],[-38.13354,-6.98504],[-38.12943,-6.98845],[-38.12462,-6.98845],[-38.12256,-6.99322],[-38.11363,-6.99186],[-38.11089,-6.99595],[-38.10745,-6.99663],[-38.10677,-7.0014],[-38.09509,-7.00004],[-38.09235,-7.00208],[-38.09235,-7.00481],[-38.09509,-7.00617],[-38.09372,-7.00822],[-38.06076,-7.01026],[-38.0587,-7.00753],[-38.05389,-7.00753],[-38.05115,-7.0123],[-38.0381,-7.01435],[-38.03398,-7.01776],[-37.99278,-7.02116],[-37.98798,-7.02321],[-37.98935,-7.02525],[-38.02299,-7.02525],[-38.03604,-7.02185],[-38.05321,-7.02321],[-38.05458,-7.02866],[-38.06007,-7.03002],[-38.07518,-7.0273],[-38.07587,-7.03002],[-38.07106,-7.03752],[-38.07644,-7.04297],[-38.08067,-7.03254],[-38.07861,-7.0273],[-38.08136,-7.02185],[-38.07861,-7.01776],[-38.08696,-7.01708],[-38.0891,-7.0118],[-38.08697,-7.01708],[-38.10402,-7.01708],[-38.10333,-7.0198],[-38.10814,-7.02253],[-38.10745,-7.0273],[-38.11432,-7.02593],[-38.11569,-7.03207],[-38.12119,-7.03071],[-38.12737,-7.02389],[-38.12874,-7.03002],[-38.13492,-7.02934],[-38.13354,-7.03411],[-38.12805,-7.03479],[-38.12805,-7.03888],[-38.12393,-7.04229],[-38.12462,-7.04638],[-38.11295,-7.05183],[-38.11501,-7.06205],[-38.11913,-7.06614],[-38.13148,-7.0641],[-38.13354,-7.05728],[-38.1308,-7.04638],[-38.13423,-7.04229],[-38.1411,-7.04025],[-38.14728,-7.04365],[-38.15071,-7.0382],[-38.15277,-7.04365],[-38.14796,-7.05115],[-38.14659,-7.06001],[-38.14178,-7.06069],[-38.14041,-7.0675],[-38.1514,-7.0641],[-38.15002,-7.06955],[-38.15483,-7.07159],[-38.15483,-7.05865],[-38.16032,-7.06069],[-38.16307,-7.06682],[-38.16925,-7.0675],[-38.16925,-7.0566],[-38.17543,-7.0566],[-38.172,-7.07432],[-38.17337,-7.075],[-38.17406,-7.07091],[-38.18298,-7.07023],[-38.18024,-7.07704],[-38.18779,-7.07568],[-38.18642,-7.08045],[-38.1926,-7.07977],[-38.19534,-7.0825],[-38.20084,-7.0825],[-38.2029,-7.07909],[-38.20702,-7.08181],[-38.20976,-7.07841],[-38.21251,-7.0859],[-38.218,-7.08045],[-38.21732,-7.08454],[-38.22075,-7.08863],[-38.25027,-7.09272],[-38.25577,-7.08795],[-38.25783,-7.09476],[-38.28323,-7.10089],[-38.28461,-7.10362],[-38.28941,-7.10157],[-38.29079,-7.09476],[-38.29491,-7.10226],[-38.30246,-7.10089],[-38.31345,-7.10498],[-38.31276,-7.10771],[-38.30864,-7.10566],[-38.29765,-7.10771],[-38.29216,-7.10634],[-38.29079,-7.10907],[-38.28323,-7.11043],[-38.2798,-7.10771],[-38.25302,-7.10226],[-38.24753,-7.1043],[-38.24203,-7.10157],[-38.24821,-7.10771],[-38.24615,-7.11248],[-38.25645,-7.11793],[-38.25989,-7.11793],[-38.26538,-7.11316],[-38.26607,-7.11656],[-38.27087,-7.11997],[-38.27087,-7.12338],[-38.26675,-7.12065],[-38.26332,-7.12133],[-38.27087,-7.13224],[-38.26881,-7.13496],[-38.27019,-7.13905],[-38.26332,-7.13973],[-38.25714,-7.13224],[-38.25439,-7.1227],[-38.24478,-7.11725],[-38.2386,-7.10975],[-38.23036,-7.10703],[-38.21732,-7.10634],[-38.21114,-7.10294],[-38.2029,-7.10634],[-38.19672,-7.10157],[-38.18779,-7.10089],[-38.1871,-7.10362],[-38.19054,-7.10771],[-38.17818,-7.10703],[-38.18161,-7.11248],[-38.17955,-7.11793],[-38.17406,-7.11179],[-38.16788,-7.11179],[-38.1665,-7.11588],[-38.16376,-7.11656],[-38.15758,-7.11179],[-38.15277,-7.11111],[-38.15414,-7.10634],[-38.15208,-7.10362],[-38.13698,-7.10226],[-38.13217,-7.10703],[-38.13492,-7.11248],[-38.14865,-7.11588],[-38.1665,-7.12815],[-38.14453,-7.12201],[-38.14659,-7.12678],[-38.14522,-7.13632],[-38.15552,-7.14109],[-38.1562,-7.14654],[-38.16307,-7.14995],[-38.16238,-7.1554],[-38.16513,-7.15881],[-38.16307,-7.16426],[-38.17062,-7.17107],[-38.17886,-7.16971],[-38.17955,-7.17243],[-38.18573,-7.17175],[-38.1926,-7.17856],[-38.18573,-7.17788],[-38.18024,-7.18061],[-38.1665,-7.17584],[-38.1562,-7.16834],[-38.16101,-7.1772],[-38.17543,-7.18742],[-38.17406,-7.18946],[-38.16513,-7.18538],[-38.16376,-7.19014],[-38.15895,-7.18674],[-38.16032,-7.17856],[-38.15414,-7.17379],[-38.14934,-7.17516],[-38.14865,-7.16903],[-38.14522,-7.16698],[-38.14796,-7.16085],[-38.14384,-7.15676],[-38.13904,-7.15676],[-38.14178,-7.16289],[-38.1308,-7.15949],[-38.13766,-7.16562],[-38.13766,-7.17039],[-38.15895,-7.19491],[-38.15826,-7.19764],[-38.15071,-7.18946],[-38.14522,-7.19219],[-38.14522,-7.18538],[-38.13698,-7.17924],[-38.1356,-7.17516],[-38.12599,-7.17107],[-38.12462,-7.16766],[-38.11707,-7.16766],[-38.10951,-7.16085],[-38.10196,-7.16017],[-38.09784,-7.16221],[-38.10402,-7.16426],[-38.10677,-7.16971],[-38.0999,-7.16903],[-38.09578,-7.17924],[-38.10127,-7.18129],[-38.10883,-7.18946],[-38.11363,-7.18946],[-38.11226,-7.19559],[-38.10814,-7.19628],[-38.10883,-7.20104],[-38.10127,-7.199],[-38.09647,-7.20173],[-38.08479,-7.20241],[-38.07724,-7.20649],[-38.07312,-7.20309],[-38.07449,-7.19832],[-38.06831,-7.19559],[-38.06282,-7.20104],[-38.07037,-7.20649],[-38.06831,-7.2099],[-38.05939,-7.21331],[-38.05733,-7.2208],[-38.05595,-7.21603],[-38.05115,-7.21467],[-38.04771,-7.21671],[-38.04703,-7.21263],[-38.04222,-7.2099],[-38.03398,-7.21876],[-38.02711,-7.21603],[-38.02025,-7.21876],[-38.02437,-7.21194],[-38.02849,-7.21058],[-38.02849,-7.20445],[-38.02299,-7.20309],[-38.01956,-7.19423],[-38.02437,-7.19014],[-38.03055,-7.19151],[-38.03604,-7.1881],[-38.0381,-7.18333],[-38.03329,-7.17584],[-38.04085,-7.16971],[-38.04771,-7.16834],[-38.05115,-7.16494],[-38.05046,-7.16289],[-38.04291,-7.15881],[-38.03673,-7.15949],[-38.03535,-7.15676],[-38.02574,-7.15744],[-38.02505,-7.17039],[-38.02299,-7.17243],[-38.01613,-7.16903],[-38.01201,-7.16358],[-38.00858,-7.16698],[-38.00171,-7.16834],[-38.00034,-7.17107],[-37.99416,-7.16903],[-37.99347,-7.1663],[-37.9969,-7.16221],[-37.99278,-7.16017],[-37.98935,-7.16017],[-37.98454,-7.16766],[-37.97768,-7.1663],[-37.97768,-7.16971],[-37.98042,-7.17175],[-37.98317,-7.16971],[-37.98798,-7.17107],[-37.9818,-7.18061],[-37.9818,-7.18946],[-37.99141,-7.18333],[-37.99484,-7.17652],[-38.00102,-7.17584],[-38.00308,-7.17856],[-38.0024,-7.18401],[-37.99896,-7.18538],[-37.99896,-7.19423],[-38.0024,-7.19559],[-38.0024,-7.19968],[-38.00926,-7.19968],[-38.01064,-7.20377],[-37.99965,-7.20513],[-37.99416,-7.21058],[-37.98935,-7.20513],[-37.98454,-7.21058],[-37.98592,-7.21467],[-37.98386,-7.21671],[-37.97905,-7.21603],[-37.97768,-7.21944],[-37.97356,-7.21944],[-37.97012,-7.23306],[-37.97562,-7.2317],[-37.97699,-7.22761],[-37.98111,-7.22829],[-37.99004,-7.22352],[-37.99278,-7.21807],[-37.99553,-7.21807],[-37.99622,-7.22284],[-38.00034,-7.22352],[-37.9969,-7.23102],[-38.00308,-7.2317],[-38.00308,-7.23442],[-38.00171,-7.23715],[-37.99347,-7.23783],[-37.99622,-7.2426],[-37.99347,-7.24396],[-37.99553,-7.24668],[-37.99484,-7.25758],[-37.99965,-7.25895],[-38.0024,-7.25554],[-38.0072,-7.26167],[-38.00652,-7.26576],[-38.01064,-7.26644],[-38.00858,-7.27052],[-38.00995,-7.27257],[-38.0127,-7.27257],[-38.01201,-7.26848],[-38.01819,-7.26508],[-38.0175,-7.25145],[-38.02231,-7.2569],[-38.02505,-7.2569],[-38.02368,-7.246],[-38.02917,-7.25077],[-38.03055,-7.25826],[-38.03673,-7.25895],[-38.04291,-7.25418],[-38.04153,-7.24328],[-38.04428,-7.24668],[-38.0484,-7.24737],[-38.0484,-7.25418],[-38.05321,-7.25622],[-38.0587,-7.24941],[-38.0587,-7.24396],[-38.06282,-7.24328],[-38.069,-7.23579],[-38.07243,-7.23579],[-38.07381,-7.24124],[-38.069,-7.24532],[-38.06763,-7.25077],[-38.06969,-7.2535],[-38.06969,-7.25622],[-38.06694,-7.25758],[-38.06763,-7.26576],[-38.07106,-7.26576],[-38.07587,-7.25895],[-38.07861,-7.25895],[-38.08273,-7.26099],[-38.08205,-7.26644],[-38.08891,-7.26576],[-38.09441,-7.26916],[-38.09372,-7.27325],[-38.0896,-7.27257],[-38.08685,-7.27529],[-38.08823,-7.27802],[-38.09303,-7.27597],[-38.09303,-7.28074],[-38.09578,-7.28278],[-38.09509,-7.2896],[-38.09097,-7.29096],[-38.09097,-7.29845],[-38.0999,-7.29709],[-38.09784,-7.29096],[-38.10196,-7.28755],[-38.10677,-7.293],[-38.11432,-7.293],[-38.11638,-7.29573],[-38.12599,-7.29436],[-38.12119,-7.30458],[-38.12805,-7.30322],[-38.13217,-7.29641],[-38.13698,-7.29913],[-38.1411,-7.29845],[-38.15002,-7.28823],[-38.14865,-7.28074],[-38.14522,-7.27734],[-38.14728,-7.27461],[-38.14934,-7.28074],[-38.15483,-7.28483],[-38.15208,-7.29504],[-38.15964,-7.29573],[-38.16513,-7.29096],[-38.1665,-7.29913],[-38.16101,-7.30049],[-38.15826,-7.30458],[-38.15414,-7.3039],[-38.1562,-7.3073],[-38.16101,-7.3073],[-38.16444,-7.31275],[-38.17474,-7.31275],[-38.17337,-7.31956],[-38.17612,-7.32161],[-38.18092,-7.31956],[-38.18985,-7.32229],[-38.1974,-7.32024],[-38.19534,-7.32978],[-38.19946,-7.3325],[-38.20633,-7.33046],[-38.20702,-7.33523],[-38.21114,-7.33659],[-38.21045,-7.33999],[-38.20152,-7.33863],[-38.19809,-7.34408],[-38.19122,-7.34544],[-38.19122,-7.34136],[-38.18367,-7.33659],[-38.17543,-7.33591],[-38.17543,-7.34067],[-38.16994,-7.34204],[-38.15483,-7.33182],[-38.1514,-7.33318],[-38.15758,-7.34204],[-38.16376,-7.34136],[-38.16719,-7.34817],[-38.17062,-7.34885],[-38.172,-7.35361],[-38.17749,-7.35157],[-38.17955,-7.35634],[-38.16582,-7.36519],[-38.16513,-7.36996],[-38.18573,-7.36383],[-38.19054,-7.36587],[-38.19603,-7.36383],[-38.19809,-7.36587],[-38.19946,-7.37268],[-38.19603,-7.37677],[-38.19603,-7.38426],[-38.20221,-7.39447],[-38.19672,-7.39583],[-38.1926,-7.39311],[-38.18985,-7.38358],[-38.18436,-7.38426],[-38.17955,-7.38085],[-38.17543,-7.37336],[-38.17337,-7.38153],[-38.17612,-7.38562],[-38.17062,-7.38358],[-38.16856,-7.37404],[-38.16238,-7.372],[-38.15964,-7.36587],[-38.1617,-7.3577],[-38.15346,-7.35634],[-38.1514,-7.35089],[-38.14522,-7.34748],[-38.1411,-7.33795],[-38.14247,-7.33114],[-38.13835,-7.32978],[-38.13835,-7.32297],[-38.13011,-7.32161],[-38.12805,-7.32365],[-38.12805,-7.33114],[-38.13148,-7.33182],[-38.13286,-7.33523],[-38.13148,-7.34204],[-38.13423,-7.3434],[-38.13286,-7.34748],[-38.13492,-7.35157],[-38.12737,-7.35021],[-38.12531,-7.35361],[-38.12256,-7.34817],[-38.12737,-7.34544],[-38.12805,-7.34136],[-38.12393,-7.33795],[-38.11226,-7.33591],[-38.11363,-7.32842],[-38.10883,-7.32092],[-38.10196,-7.31956],[-38.09921,-7.32297],[-38.09647,-7.3182],[-38.09303,-7.3182],[-38.09029,-7.32024],[-38.09097,-7.33318],[-38.08823,-7.33318],[-38.08411,-7.32433],[-38.07999,-7.32365],[-38.0793,-7.31548],[-38.06625,-7.31207],[-38.06145,-7.31956],[-38.06694,-7.3182],[-38.06831,-7.32024],[-38.06351,-7.32365],[-38.06282,-7.32774],[-38.0587,-7.32637],[-38.05664,-7.3291],[-38.07243,-7.33386],[-38.07037,-7.33863],[-38.07518,-7.33931],[-38.07587,-7.34136],[-38.07175,-7.34817],[-38.08891,-7.34612],[-38.09166,-7.35089],[-38.09921,-7.34953],[-38.09853,-7.35293],[-38.10196,-7.35498],[-38.10196,-7.3577],[-38.09509,-7.35634],[-38.08617,-7.35906],[-38.08685,-7.36179],[-38.09235,-7.3611],[-38.09853,-7.36791],[-38.09372,-7.36996],[-38.09029,-7.37541],[-38.09029,-7.38017],[-38.09509,-7.3829],[-38.09235,-7.3863],[-38.09372,-7.39175],[-38.09029,-7.39175],[-38.08617,-7.38766],[-38.07999,-7.39039],[-38.07999,-7.39447],[-38.08479,-7.39992],[-38.09509,-7.39583],[-38.10333,-7.40196],[-38.10127,-7.404],[-38.10265,-7.41286],[-38.09921,-7.41286],[-38.09784,-7.40945],[-38.09166,-7.4115],[-38.09166,-7.41626],[-38.08891,-7.41898],[-38.09166,-7.42784],[-38.08823,-7.43465],[-38.08205,-7.4292],[-38.07655,-7.4326],[-38.07587,-7.42443],[-38.08205,-7.42307],[-38.08205,-7.41967],[-38.07312,-7.41762],[-38.07106,-7.4149],[-38.06625,-7.41762],[-38.06625,-7.42103],[-38.07037,-7.42239],[-38.07037,-7.42443],[-38.06557,-7.42852],[-38.06282,-7.4292],[-38.06076,-7.42579],[-38.0484,-7.42852],[-38.05046,-7.41762],[-38.05595,-7.42307],[-38.06213,-7.42103],[-38.06076,-7.4149],[-38.05458,-7.40673],[-38.06076,-7.40264],[-38.06282,-7.39651],[-38.069,-7.39856],[-38.07106,-7.39515],[-38.07518,-7.39515],[-38.07793,-7.39243],[-38.07724,-7.38698],[-38.06763,-7.38562],[-38.06557,-7.37677],[-38.06076,-7.37541],[-38.06351,-7.36928],[-38.06213,-7.36587],[-38.06007,-7.36655],[-38.0587,-7.37268],[-38.05389,-7.37609],[-38.05115,-7.37609],[-38.05046,-7.37132],[-38.04771,-7.37064],[-38.04634,-7.38085],[-38.05252,-7.38426],[-38.05046,-7.38834],[-38.04291,-7.39243],[-38.03947,-7.39856],[-38.03329,-7.38902],[-38.03192,-7.39311],[-38.0278,-7.39379],[-38.02643,-7.404],[-38.02299,-7.40673],[-38.01819,-7.3972],[-38.01338,-7.39856],[-38.01201,-7.3972],[-38.0175,-7.39243],[-38.02094,-7.38494],[-38.02574,-7.38221],[-38.02711,-7.37745],[-38.03261,-7.37404],[-38.03398,-7.36655],[-38.02986,-7.36247],[-38.02505,-7.36315],[-38.02094,-7.37268],[-38.01407,-7.37813],[-38.00789,-7.37745],[-38.00652,-7.38085],[-38.00377,-7.37745],[-37.99896,-7.37813],[-37.99004,-7.372],[-37.9969,-7.372],[-37.99828,-7.37404],[-38.01201,-7.37268],[-38.01338,-7.36451],[-38.00858,-7.36383],[-38.00858,-7.3611],[-38.02231,-7.35634],[-38.02368,-7.35021],[-38.02849,-7.35293],[-38.04085,-7.35361],[-38.04565,-7.35361],[-38.0484,-7.35089],[-38.04497,-7.34817],[-38.04497,-7.33659],[-38.03535,-7.33795],[-38.03467,-7.33318],[-38.03741,-7.32705],[-38.03192,-7.32433],[-38.02986,-7.32433],[-38.0278,-7.33046],[-38.02505,-7.32774],[-38.01956,-7.33114],[-38.01476,-7.33046],[-38.01064,-7.33727],[-38.00652,-7.33727],[-38.00377,-7.33999],[-37.99896,-7.33795],[-37.9921,-7.3434],[-37.99484,-7.33523],[-37.99828,-7.33318],[-37.99828,-7.33114],[-37.99416,-7.32978],[-37.99278,-7.32365],[-37.99965,-7.30662],[-38.00446,-7.30186],[-38.00377,-7.29845],[-37.99416,-7.29981],[-37.99553,-7.30594],[-37.99278,-7.31343],[-37.98798,-7.31003],[-37.98798,-7.3182],[-37.98592,-7.32092],[-37.9818,-7.32229],[-37.98111,-7.31411],[-37.97836,-7.3148],[-37.97356,-7.3291],[-37.9715,-7.32774],[-37.97287,-7.31684],[-37.96944,-7.31275],[-37.97012,-7.30322],[-37.96806,-7.30186],[-37.96532,-7.31411],[-37.95639,-7.3148],[-37.95364,-7.3291],[-37.94609,-7.32569],[-37.94266,-7.32705],[-37.94334,-7.33114],[-37.93854,-7.33386],[-37.93579,-7.32637],[-37.94815,-7.31956],[-37.95227,-7.31139],[-37.94609,-7.30458],[-37.94197,-7.3073],[-37.93922,-7.30322],[-37.93373,-7.30594],[-37.92961,-7.3039],[-37.93991,-7.29777],[-37.94266,-7.28823],[-37.9351,-7.28755],[-37.9351,-7.28074],[-37.93991,-7.27938],[-37.9406,-7.27461],[-37.94746,-7.27325],[-37.94609,-7.2678],[-37.94128,-7.26644],[-37.94128,-7.26099],[-37.93785,-7.25963],[-37.93922,-7.26439],[-37.9351,-7.26439],[-37.93236,-7.26984],[-37.92892,-7.26848],[-37.92412,-7.27325],[-37.92068,-7.27325],[-37.92549,-7.26439],[-37.92892,-7.26235],[-37.92549,-7.25418],[-37.93785,-7.24737],[-37.92137,-7.24873],[-37.92068,-7.25213],[-37.91656,-7.25145],[-37.91176,-7.25963],[-37.9097,-7.25963],[-37.90833,-7.25622],[-37.91176,-7.24805],[-37.90421,-7.23987],[-37.89803,-7.23987],[-37.89803,-7.22966],[-37.90146,-7.22761],[-37.90146,-7.21944],[-37.89459,-7.20854],[-37.89734,-7.20173],[-37.90489,-7.19764],[-37.91176,-7.19014],[-37.91176,-7.18197],[-37.90901,-7.18197],[-37.90764,-7.18606],[-37.89871,-7.18606],[-37.89459,-7.19219],[-37.89047,-7.19287],[-37.88979,-7.19696],[-37.88498,-7.20173],[-37.88567,-7.20922],[-37.8788,-7.2099],[-37.87743,-7.20377],[-37.87193,-7.20649],[-37.87125,-7.20036],[-37.86369,-7.20104],[-37.85957,-7.20445],[-37.85957,-7.20718],[-37.86507,-7.20854],[-37.87056,-7.21535],[-37.86575,-7.21807],[-37.86644,-7.22761],[-37.86987,-7.23034],[-37.86713,-7.23442],[-37.86232,-7.2317],[-37.86026,-7.22557],[-37.85408,-7.22966],[-37.85408,-7.23647],[-37.86026,-7.23783],[-37.86301,-7.24124],[-37.86232,-7.24737],[-37.85408,-7.24805],[-37.85545,-7.24328],[-37.85271,-7.23987],[-37.8376,-7.24532],[-37.83623,-7.24192],[-37.84172,-7.2426],[-37.84653,-7.23783],[-37.84515,-7.22625],[-37.84721,-7.22148],[-37.83005,-7.2208],[-37.82799,-7.21603],[-37.83829,-7.21126],[-37.83623,-7.20786],[-37.83005,-7.20649],[-37.83211,-7.19559],[-37.84172,-7.19219],[-37.82867,-7.19219],[-37.82593,-7.18878],[-37.83005,-7.18197],[-37.8273,-7.17448],[-37.82043,-7.17311],[-37.81837,-7.16494],[-37.81082,-7.15404],[-37.80258,-7.1554],[-37.79846,-7.16289],[-37.80602,-7.16426],[-37.81769,-7.17175],[-37.817,-7.17448],[-37.81013,-7.17311],[-37.81219,-7.17584],[-37.81013,-7.18061],[-37.817,-7.18469],[-37.82318,-7.20786],[-37.82318,-7.21126],[-37.81837,-7.21126],[-37.81837,-7.21331],[-37.82249,-7.22012],[-37.81219,-7.21876],[-37.80739,-7.22421],[-37.7964,-7.22148],[-37.79228,-7.22489],[-37.80464,-7.23783],[-37.80464,-7.23987],[-37.80052,-7.23987],[-37.79022,-7.23715],[-37.80052,-7.25009],[-37.79846,-7.25486],[-37.80739,-7.25281],[-37.81219,-7.25418],[-37.81288,-7.25758],[-37.80602,-7.26167],[-37.80739,-7.27052],[-37.80464,-7.27189],[-37.80396,-7.27802],[-37.79915,-7.27734],[-37.7916,-7.28687],[-37.79709,-7.29096],[-37.79984,-7.28415],[-37.80396,-7.28347],[-37.80739,-7.28619],[-37.80258,-7.29709],[-37.79572,-7.29913],[-37.79778,-7.30254],[-37.8019,-7.30458],[-37.80533,-7.30458],[-37.80807,-7.30117],[-37.81288,-7.30254],[-37.817,-7.29777],[-37.82524,-7.29504],[-37.81906,-7.30254],[-37.81906,-7.30662],[-37.8273,-7.31003],[-37.83348,-7.30867],[-37.83485,-7.30458],[-37.84035,-7.3039],[-37.84241,-7.30798],[-37.83829,-7.31071],[-37.84447,-7.31548],[-37.83623,-7.3148],[-37.83829,-7.3182],[-37.83623,-7.32024],[-37.82524,-7.3148],[-37.82318,-7.31616],[-37.82593,-7.32297],[-37.82387,-7.32569],[-37.817,-7.31888],[-37.81219,-7.32161],[-37.80876,-7.31548],[-37.80464,-7.31616],[-37.80258,-7.31343],[-37.79778,-7.3148],[-37.79366,-7.30935],[-37.78885,-7.31411],[-37.78679,-7.31411],[-37.7861,-7.30935],[-37.77992,-7.31071],[-37.77924,-7.3182],[-37.7813,-7.32024],[-37.78542,-7.31956],[-37.78748,-7.32297],[-37.79778,-7.32365],[-37.79709,-7.32774],[-37.79091,-7.32842],[-37.7916,-7.33386],[-37.79572,-7.33523],[-37.79709,-7.33318],[-37.80396,-7.3325],[-37.81013,-7.33795],[-37.81082,-7.34204],[-37.80807,-7.34272],[-37.8067,-7.33999],[-37.79984,-7.33795],[-37.7964,-7.3434],[-37.79091,-7.3434],[-37.79022,-7.33999],[-37.78061,-7.33114],[-37.77855,-7.33659],[-37.7813,-7.34272],[-37.77718,-7.3434],[-37.77237,-7.32705],[-37.76756,-7.32433],[-37.75864,-7.32501],[-37.75932,-7.31275],[-37.7552,-7.31003],[-37.7552,-7.30662],[-37.76344,-7.3073],[-37.77443,-7.29981],[-37.76894,-7.29573],[-37.77237,-7.293],[-37.77237,-7.28619],[-37.76894,-7.28551],[-37.76619,-7.2896],[-37.76138,-7.28891],[-37.74902,-7.29641],[-37.74628,-7.29436],[-37.74834,-7.29096],[-37.74628,-7.28142],[-37.74078,-7.2821],[-37.73804,-7.27802],[-37.7346,-7.28074],[-37.73254,-7.2896],[-37.72705,-7.29709],[-37.72018,-7.29436],[-37.72018,-7.27393],[-37.72224,-7.26984],[-37.71812,-7.26644],[-37.73048,-7.26371],[-37.73392,-7.25758],[-37.72774,-7.25826],[-37.7243,-7.25418],[-37.71606,-7.25486],[-37.71538,-7.24941],[-37.72705,-7.24396],[-37.7298,-7.23851],[-37.71744,-7.23034],[-37.714,-7.23034],[-37.71057,-7.22625],[-37.71194,-7.21876],[-37.70714,-7.21807],[-37.70508,-7.21535],[-37.70645,-7.21126],[-37.70233,-7.20854],[-37.70508,-7.20581],[-37.70508,-7.20173],[-37.70027,-7.20104],[-37.70027,-7.19559],[-37.69684,-7.19628],[-37.69341,-7.19219],[-37.68517,-7.18878],[-37.68242,-7.19219],[-37.68242,-7.19968],[-37.67761,-7.20036],[-37.67418,-7.20786],[-37.67487,-7.21807],[-37.66663,-7.22284],[-37.67006,-7.21331],[-37.66594,-7.20854],[-37.66319,-7.20854],[-37.66251,-7.20445],[-37.66869,-7.20036],[-37.66869,-7.18606],[-37.66319,-7.19014],[-37.66045,-7.18742],[-37.66937,-7.17448],[-37.66525,-7.16903],[-37.65701,-7.17311],[-37.64877,-7.17379],[-37.65083,-7.16971],[-37.65633,-7.16903],[-37.65839,-7.16426],[-37.65289,-7.16289],[-37.64946,-7.16494],[-37.64809,-7.16153],[-37.65839,-7.15744],[-37.668,-7.15881],[-37.67487,-7.16358],[-37.68791,-7.16085],[-37.6886,-7.15676],[-37.68105,-7.15881],[-37.67555,-7.15744],[-37.67624,-7.15267],[-37.67899,-7.15063],[-37.6783,-7.13905],[-37.67143,-7.137],[-37.66937,-7.14177],[-37.66594,-7.13632],[-37.66182,-7.13632],[-37.65839,-7.13905],[-37.65976,-7.14518],[-37.6577,-7.14791],[-37.65289,-7.14041],[-37.65564,-7.13564],[-37.65152,-7.13087],[-37.65289,-7.12474],[-37.65083,-7.12133],[-37.6474,-7.12201],[-37.64397,-7.11929],[-37.64534,-7.10703],[-37.63504,-7.10771],[-37.6371,-7.11316],[-37.63504,-7.11861],[-37.63847,-7.11997],[-37.64191,-7.12747],[-37.63298,-7.12678],[-37.63023,-7.12951],[-37.62611,-7.12951],[-37.62611,-7.12474],[-37.62405,-7.12406],[-37.61993,-7.12815],[-37.62131,-7.13019],[-37.62611,-7.13019],[-37.62405,-7.1336],[-37.62543,-7.13905],[-37.62062,-7.1445],[-37.61993,-7.14927],[-37.6165,-7.14927],[-37.61238,-7.14314],[-37.60277,-7.1445],[-37.59521,-7.14041],[-37.59796,-7.1445],[-37.59521,-7.14859],[-37.59727,-7.15199],[-37.59521,-7.16017],[-37.58972,-7.15812],[-37.58972,-7.14995],[-37.58286,-7.14722],[-37.58286,-7.14245],[-37.58835,-7.14041],[-37.59041,-7.13292],[-37.58698,-7.13019],[-37.58217,-7.13292],[-37.57805,-7.13019],[-37.5705,-7.13019],[-37.57324,-7.12678],[-37.58011,-7.12951],[-37.58354,-7.12474],[-37.59796,-7.13019],[-37.60208,-7.12747],[-37.60551,-7.12815],[-37.61032,-7.11861],[-37.60826,-7.10975],[-37.62268,-7.10703],[-37.61032,-7.10089],[-37.63435,-7.0934],[-37.64671,-7.09544],[-37.65152,-7.09135],[-37.64809,-7.09067],[-37.64809,-7.08795],[-37.64053,-7.08726],[-37.63229,-7.08795],[-37.62611,-7.09135],[-37.59178,-7.09408],[-37.58698,-7.09135],[-37.59041,-7.08726],[-37.58217,-7.08454],[-37.56981,-7.0859],[-37.56638,-7.08863],[-37.54921,-7.08726],[-37.5499,-7.08045],[-37.55402,-7.08454],[-37.55745,-7.08454],[-37.56432,-7.0825],[-37.56638,-7.07841],[-37.57256,-7.07773],[-37.57256,-7.06478],[-37.5808,-7.07568],[-37.59041,-7.07773],[-37.59041,-7.075],[-37.59384,-7.07364],[-37.59178,-7.06273],[-37.59453,-7.05183],[-37.59727,-7.05388],[-37.59796,-7.06478],[-37.60414,-7.06478],[-37.60345,-7.07227],[-37.60689,-7.07227],[-37.60963,-7.06887],[-37.61444,-7.07091],[-37.60895,-7.07841],[-37.61101,-7.0825],[-37.60689,-7.08522],[-37.62405,-7.08726],[-37.65289,-7.08318],[-37.65907,-7.07841],[-37.6577,-7.07568],[-37.64397,-7.07296],[-37.64397,-7.0675],[-37.6371,-7.07023],[-37.63779,-7.0641],[-37.64671,-7.06205],[-37.64397,-7.0566],[-37.64603,-7.04706],[-37.64809,-7.04706],[-37.64877,-7.05319],[-37.65358,-7.0566],[-37.65358,-7.06001],[-37.66388,-7.05865],[-37.66388,-7.06546],[-37.66663,-7.06546],[-37.67349,-7.05796],[-37.67143,-7.0641],[-37.67281,-7.06887],[-37.66663,-7.07159],[-37.66457,-7.07704],[-37.67418,-7.07704],[-37.67899,-7.08113],[-37.68448,-7.07773],[-37.68448,-7.07364],[-37.6886,-7.07227],[-37.68585,-7.06682],[-37.69547,-7.06478],[-37.69203,-7.06819],[-37.69203,-7.07159],[-37.69684,-7.07296],[-37.69958,-7.07636],[-37.6989,-7.08113],[-37.7037,-7.08386],[-37.71126,-7.08113],[-37.70645,-7.07432],[-37.71332,-7.07227],[-37.72568,-7.07296],[-37.72842,-7.07091],[-37.72499,-7.06614],[-37.71194,-7.06478],[-37.71263,-7.05865],[-37.70988,-7.05592],[-37.71263,-7.05524],[-37.71812,-7.05865],[-37.72224,-7.05524],[-37.72636,-7.05796],[-37.73186,-7.05592],[-37.73529,-7.06205],[-37.74078,-7.06273],[-37.74284,-7.06001],[-37.74147,-7.05115],[-37.74353,-7.05047],[-37.74765,-7.05865],[-37.75246,-7.06001],[-37.75589,-7.06614],[-37.75108,-7.06887],[-37.75246,-7.07432],[-37.73804,-7.07568],[-37.73323,-7.08181],[-37.74216,-7.08863],[-37.75589,-7.09272],[-37.76344,-7.09203],[-37.76825,-7.08726],[-37.76413,-7.07977],[-37.77031,-7.07909],[-37.77237,-7.07568],[-37.77031,-7.07159],[-37.76482,-7.07091],[-37.75795,-7.06614],[-37.76276,-7.06205],[-37.75452,-7.04774],[-37.75726,-7.03956],[-37.76001,-7.03956],[-37.7607,-7.04433],[-37.76482,-7.04638],[-37.77237,-7.03207],[-37.77512,-7.03207],[-37.77649,-7.03616],[-37.78816,-7.03343],[-37.79434,-7.0382],[-37.79915,-7.03207],[-37.80464,-7.03343],[-37.81151,-7.03002],[-37.817,-7.03616],[-37.81906,-7.03616],[-37.82043,-7.03139],[-37.82524,-7.03411],[-37.84035,-7.03207],[-37.84309,-7.03411],[-37.84103,-7.03684],[-37.84241,-7.04161],[-37.85683,-7.04638],[-37.8582,-7.03956],[-37.85477,-7.03548],[-37.86163,-7.03479],[-37.86232,-7.03207],[-37.85477,-7.02662],[-37.86713,-7.02321],[-37.87468,-7.02525],[-37.88155,-7.02048],[-37.88635,-7.02116],[-37.8788,-7.01571],[-37.84859,-7.01094],[-37.81906,-7.0123],[-37.80396,-7.00617],[-37.80052,-6.99936],[-37.7964,-6.99663],[-37.79297,-6.99867],[-37.78885,-6.99663],[-37.78679,-7.00345],[-37.77443,-7.00208],[-37.77031,-7.00072],[-37.77237,-6.99322],[-37.76276,-6.98845],[-37.74696,-6.98845],[-37.74902,-6.9939],[-37.74765,-6.99731],[-37.73804,-6.9939],[-37.73666,-7.00004],[-37.73941,-7.00481],[-37.72911,-7.00617],[-37.72842,-7.00481],[-37.73323,-7.00345],[-37.73254,-6.99322],[-37.7298,-6.99254],[-37.72842,-6.99731],[-37.72499,-6.99867],[-37.72499,-6.99118],[-37.71881,-6.98777],[-37.71263,-6.9905],[-37.71057,-6.98641],[-37.70096,-6.98573],[-37.69753,-6.98164],[-37.68585,-6.98573],[-37.68311,-6.99186],[-37.68036,-6.98913],[-37.67418,-6.98913],[-37.67555,-6.98573],[-37.68173,-6.983],[-37.68379,-6.97414],[-37.69066,-6.97414],[-37.68997,-6.968],[-37.68036,-6.96323],[-37.67418,-6.96392],[-37.66594,-6.95914],[-37.65495,-6.96119],[-37.65152,-6.95369],[-37.6474,-6.95369],[-37.64534,-6.9496],[-37.63435,-6.94688],[-37.63092,-6.94688],[-37.62955,-6.95028],[-37.63092,-6.95301],[-37.63573,-6.95369],[-37.63847,-6.96051],[-37.62817,-6.95846],[-37.62474,-6.96255],[-37.62337,-6.95574],[-37.61993,-6.95505],[-37.61719,-6.95983],[-37.61856,-6.96323],[-37.61513,-6.9646],[-37.61856,-6.97073],[-37.61101,-6.97278],[-37.61238,-6.97755],[-37.63092,-6.98095],[-37.63161,-6.98709],[-37.61719,-6.98709],[-37.61444,-6.98981],[-37.61238,-6.98981],[-37.61238,-6.98368],[-37.60071,-6.98504],[-37.59865,-6.98913],[-37.59521,-6.98504],[-37.58286,-6.98436],[-37.57942,-6.98981],[-37.57668,-6.98573],[-37.57324,-6.98504],[-37.57736,-6.98027],[-37.57599,-6.97687],[-37.56638,-6.98027],[-37.56569,-6.97618],[-37.55882,-6.97482],[-37.55814,-6.96937],[-37.55196,-6.96392],[-37.53822,-6.96187],[-37.53479,-6.97073],[-37.52655,-6.97073],[-37.52518,-6.96119],[-37.51282,-6.95846],[-37.51007,-6.95165],[-37.50595,-6.95165],[-37.50595,-6.95574],[-37.50183,-6.9571],[-37.5032,-6.96869],[-37.49977,-6.96664],[-37.49428,-6.968],[-37.49222,-6.9646],[-37.49496,-6.9571],[-37.48947,-6.95505],[-37.48604,-6.95983],[-37.47849,-6.95846],[-37.47711,-6.96255],[-37.47162,-6.96051],[-37.4675,-6.9646],[-37.47231,-6.96528],[-37.47986,-6.97209],[-37.48878,-6.97414],[-37.49359,-6.97823],[-37.49222,-6.98027],[-37.48123,-6.98095],[-37.4778,-6.98368],[-37.47025,-6.98232],[-37.45514,-6.98845],[-37.46132,-6.99254],[-37.46269,-6.99663],[-37.47093,-6.99663],[-37.48055,-7.0014],[-37.46956,-7.00481],[-37.4675,-7.01026],[-37.46201,-7.00004],[-37.45583,-7.00004],[-37.45857,-6.99459],[-37.45171,-6.9939],[-37.45171,-6.98845],[-37.4469,-6.98709],[-37.43935,-6.98913],[-37.44141,-6.99459],[-37.43866,-6.99799],[-37.43179,-6.9939],[-37.42012,-6.99459],[-37.40845,-6.99663],[-37.40021,-7.00276],[-37.40364,-7.00753],[-37.40845,-7.00685],[-37.40776,-7.00345],[-37.42149,-7.00617],[-37.41669,-7.00958],[-37.41806,-7.0123],[-37.43797,-7.01503],[-37.44072,-7.01912],[-37.44965,-7.02116],[-37.44965,-7.02389],[-37.45514,-7.02593],[-37.45514,-7.03071],[-37.44415,-7.03343],[-37.44415,-7.03956],[-37.44141,-7.03956],[-37.43935,-7.03616],[-37.4366,-7.03956],[-37.4263,-7.0382],[-37.43042,-7.03343],[-37.42836,-7.03002],[-37.42561,-7.03207],[-37.41257,-7.03002],[-37.40364,-7.03616],[-37.39677,-7.03616],[-37.40158,-7.04093],[-37.39677,-7.04638],[-37.40639,-7.04706],[-37.40776,-7.05183],[-37.40501,-7.05456],[-37.41325,-7.05456],[-37.41325,-7.05933],[-37.41943,-7.05933],[-37.42355,-7.0566],[-37.42424,-7.06069],[-37.43111,-7.06001],[-37.43454,-7.05319],[-37.44141,-7.05456],[-37.43797,-7.06001],[-37.44072,-7.0641],[-37.43591,-7.06682],[-37.44003,-7.06614],[-37.44347,-7.06955],[-37.43729,-7.07432],[-37.44072,-7.07636],[-37.4469,-7.07432],[-37.45377,-7.07704],[-37.44759,-7.08318],[-37.44209,-7.08454],[-37.45239,-7.09272],[-37.44209,-7.09612],[-37.43729,-7.09544],[-37.43523,-7.09272],[-37.42149,-7.09476],[-37.38922,-7.10566],[-37.38716,-7.10839],[-37.40845,-7.11179],[-37.42905,-7.10771],[-37.42355,-7.1152],[-37.41806,-7.11384],[-37.41669,-7.11793],[-37.43317,-7.12201],[-37.42287,-7.12747],[-37.40913,-7.13087],[-37.40845,-7.13428],[-37.42218,-7.13769],[-37.43248,-7.13224],[-37.43591,-7.137],[-37.44278,-7.13292],[-37.44278,-7.13837],[-37.44896,-7.14314],[-37.44621,-7.1445],[-37.44553,-7.15131],[-37.44072,-7.15744],[-37.42836,-7.1554],[-37.41737,-7.15812],[-37.41325,-7.16289],[-37.41257,-7.16834],[-37.40364,-7.16971],[-37.41119,-7.16494],[-37.40433,-7.15881],[-37.38781,-7.15881],[-37.38718,-7.1654],[-37.38776,-7.15881]],[[-38.13148,-6.99731],[-38.1308,-6.99799],[-38.1308,-6.99731],[-38.13148,-6.99731]],[[-37.45377,-7.07704],[-37.45445,-7.07636],[-37.45445,-7.07704],[-37.45377,-7.07704]],[[-36.81587,-6.81053],[-36.82274,-6.81258],[-36.82068,-6.81667],[-36.81587,-6.81258],[-36.81587,-6.81053]],[[-37.06375,-6.84667],[-37.07336,-6.85144],[-37.0768,-6.85894],[-37.07268,-6.85894],[-37.06718,-6.85417],[-37.06375,-6.84667]],[[-36.866,-6.85417],[-36.86943,-6.8603],[-36.86806,-6.86439],[-36.86325,-6.86235],[-36.8605,-6.85621],[-36.8605,-6.85349],[-36.866,-6.85417]],[[-37.02049,-6.88485],[-37.03011,-6.89098],[-37.03217,-6.89712],[-37.01981,-6.88825],[-37.02049,-6.88485]],[[-38.13766,-6.8903],[-38.14178,-6.89234],[-38.13972,-6.89575],[-38.14178,-6.89984],[-38.14041,-6.90734],[-38.13698,-6.90802],[-38.12943,-6.90189],[-38.12462,-6.90257],[-38.12943,-6.89303],[-38.13423,-6.89371],[-38.13766,-6.8903]],[[-38.11775,-6.89166],[-38.1205,-6.89234],[-38.12119,-6.89643],[-38.11775,-6.89371],[-38.11775,-6.89166]],[[-38.22418,-6.89848],[-38.22899,-6.90052],[-38.23242,-6.89848],[-38.23997,-6.89916],[-38.24203,-6.90189],[-38.23792,-6.9053],[-38.23517,-6.90461],[-38.23174,-6.91007],[-38.2235,-6.90939],[-38.21938,-6.90393],[-38.2235,-6.90461],[-38.22418,-6.89848]],[[-38.17337,-6.89916],[-38.18298,-6.89984],[-38.18436,-6.90189],[-38.17337,-6.89916]],[[-38.55995,-6.89848],[-38.56133,-6.89984],[-38.55927,-6.89984],[-38.55995,-6.89848]],[[-38.56544,-6.90257],[-38.56476,-6.90325],[-38.56476,-6.90257],[-38.56544,-6.90257]],[[-36.96144,-6.93256],[-36.96899,-6.93529],[-36.96831,-6.9421],[-36.97174,-6.94551],[-36.97174,-6.95505],[-36.96144,-6.93938],[-36.96144,-6.93256]],[[-36.92505,-6.93392],[-36.93672,-6.94347],[-36.93947,-6.95233],[-36.94702,-6.95437],[-36.94702,-6.96392],[-36.9429,-6.96392],[-36.93329,-6.95642],[-36.92848,-6.94756],[-36.92917,-6.94142],[-36.92505,-6.93665],[-36.92505,-6.93392]],[[-36.96556,-6.95778],[-36.97449,-6.96051],[-36.97586,-6.96596],[-36.96625,-6.97005],[-36.96007,-6.96323],[-36.96556,-6.95778]],[[-38.62038,-6.96051],[-38.6293,-6.96323],[-38.61832,-6.96392],[-38.62038,-6.96051]],[[-36.94359,-6.97209],[-36.95114,-6.98095],[-36.94839,-6.98641],[-36.95251,-6.99118],[-36.94153,-6.98777],[-36.93466,-6.97959],[-36.93398,-6.97278],[-36.94016,-6.9755],[-36.94359,-6.97209]],[[-38.4906,-6.97959],[-38.49953,-6.98095],[-38.49953,-6.98641],[-38.51257,-6.98981],[-38.51189,-6.99595],[-38.51807,-6.99867],[-38.52013,-7.00345],[-38.51738,-7.00413],[-38.51463,-7.0014],[-38.50639,-7.00345],[-38.49129,-6.99663],[-38.48511,-6.99731],[-38.47961,-6.99322],[-38.47069,-6.99322],[-38.46107,-6.98913],[-38.46863,-6.98777],[-38.47069,-6.98436],[-38.49129,-6.98641],[-38.49335,-6.98436],[-38.4906,-6.97959]],[[-38.32924,-6.99322],[-38.3567,-6.98709],[-38.38692,-6.98709],[-38.3979,-6.98368],[-38.43498,-6.98368],[-38.44803,-6.98777],[-38.44666,-6.9905],[-38.43704,-6.9905],[-38.41095,-6.98709],[-38.39928,-6.9905],[-38.3876,-6.98981],[-38.33885,-6.99595],[-38.32924,-6.99322]],[[-38.32855,-6.99254],[-38.32375,-6.9939],[-38.32375,-6.99254],[-38.32855,-6.99254]],[[-38.26195,-6.98573],[-38.27568,-6.9905],[-38.29971,-6.99186],[-38.3004,-6.99322],[-38.28392,-6.9939],[-38.28117,-6.99595],[-38.28529,-7.00276],[-38.29216,-7.00276],[-38.3004,-7.00617],[-38.29834,-7.01299],[-38.3004,-7.01708],[-38.30589,-7.01776],[-38.30727,-7.02253],[-38.31001,-7.02253],[-38.31619,-7.01571],[-38.31413,-7.00958],[-38.31894,-7.00958],[-38.32581,-7.01503],[-38.32718,-7.02593],[-38.32443,-7.02866],[-38.33267,-7.02934],[-38.33267,-7.03411],[-38.32512,-7.03548],[-38.32169,-7.03956],[-38.31757,-7.03888],[-38.31619,-7.04433],[-38.30727,-7.04502],[-38.30246,-7.05319],[-38.29903,-7.05251],[-38.29697,-7.06955],[-38.29353,-7.06001],[-38.29559,-7.05251],[-38.28873,-7.04842],[-38.28804,-7.04365],[-38.28461,-7.04365],[-38.28667,-7.05865],[-38.28392,-7.06205],[-38.28117,-7.05183],[-38.27568,-7.05047],[-38.27156,-7.04365],[-38.27843,-7.03616],[-38.27156,-7.03275],[-38.27156,-7.02866],[-38.26813,-7.02593],[-38.26538,-7.02866],[-38.26813,-7.03139],[-38.26607,-7.03548],[-38.25714,-7.03616],[-38.25233,-7.03411],[-38.24821,-7.03684],[-38.24753,-7.04161],[-38.24272,-7.04025],[-38.24135,-7.04502],[-38.22144,-7.04161],[-38.218,-7.04365],[-38.21869,-7.04774],[-38.21526,-7.04842],[-38.21251,-7.04638],[-38.22006,-7.03207],[-38.2132,-7.03479],[-38.20564,-7.02934],[-38.20152,-7.03002],[-38.1974,-7.02457],[-38.20015,-7.02525],[-38.20633,-7.02116],[-38.20084,-7.01571],[-38.19534,-7.01571],[-38.1926,-7.01912],[-38.18642,-7.01776],[-38.18367,-7.02048],[-38.17749,-7.01435],[-38.16856,-7.01639],[-38.16376,-7.0123],[-38.15483,-7.01367],[-38.14934,-7.01026],[-38.13972,-7.01162],[-38.13629,-7.00958],[-38.11569,-7.00958],[-38.11844,-7.00685],[-38.12531,-7.00617],[-38.172,-7.00822],[-38.20358,-7.00685],[-38.20564,-7.00345],[-38.2132,-7.00481],[-38.21663,-6.99731],[-38.22144,-6.99663],[-38.22624,-6.99186],[-38.23929,-6.99459],[-38.24684,-6.99186],[-38.25027,-6.98777],[-38.26195,-6.98573]],[[-38.69179,-6.99595],[-38.70346,-6.99663],[-38.70964,-7.00208],[-38.70827,-7.01162],[-38.69453,-7.01503],[-38.69522,-7.01026],[-38.69041,-7.00549],[-38.67668,-7.00685],[-38.67737,-7.00413],[-38.69179,-6.99595]],[[-37.43866,-6.99936],[-37.44896,-6.99936],[-37.45171,-7.00345],[-37.44827,-7.00413],[-37.44484,-7.0014],[-37.44278,-7.00481],[-37.44003,-7.00413],[-37.43454,-7.0089],[-37.42699,-7.00685],[-37.42836,-7.00345],[-37.43866,-6.99936]],[[-37.76756,-7.00072],[-37.76688,-7.00208],[-37.76413,-7.00208],[-37.76413,-7.00004],[-37.76756,-7.00072]],[[-37.04247,-7.00072],[-37.04727,-7.00276],[-37.0459,-7.00617],[-37.03835,-7.00481],[-37.04247,-7.00072]],[[-37.65839,-7.00413],[-37.70508,-7.01708],[-37.74765,-7.01776],[-37.75108,-7.0198],[-37.75314,-7.01776],[-37.76001,-7.01912],[-37.80052,-7.01571],[-37.81425,-7.01708],[-37.81769,-7.0198],[-37.74422,-7.02593],[-37.69135,-7.02593],[-37.68585,-7.02253],[-37.67899,-7.02185],[-37.66182,-7.01162],[-37.6577,-7.00753],[-37.65839,-7.00413]],[[-38.32649,-7.00549],[-38.33954,-7.00822],[-38.34297,-7.0123],[-38.33954,-7.01571],[-38.33061,-7.01503],[-38.32649,-7.00958],[-38.32649,-7.00549]],[[-38.6657,-7.00753],[-38.66776,-7.01162],[-38.66158,-7.0123],[-38.66158,-7.01571],[-38.6554,-7.01912],[-38.65196,-7.02662],[-38.63411,-7.03548],[-38.63411,-7.04025],[-38.63823,-7.04433],[-38.64578,-7.04433],[-38.64441,-7.04842],[-38.63617,-7.05047],[-38.6348,-7.04638],[-38.63205,-7.04638],[-38.6293,-7.04842],[-38.6293,-7.05319],[-38.61626,-7.05796],[-38.6142,-7.06819],[-38.62038,-7.06887],[-38.61969,-7.07227],[-38.62312,-7.07773],[-38.61282,-7.07977],[-38.60802,-7.08795],[-38.5984,-7.08863],[-38.5936,-7.09135],[-38.58124,-7.09135],[-38.59909,-7.08318],[-38.59909,-7.07841],[-38.59634,-7.07636],[-38.59085,-7.07841],[-38.59222,-7.07364],[-38.58536,-7.07159],[-38.58536,-7.0675],[-38.58192,-7.06546],[-38.56682,-7.06682],[-38.55377,-7.06478],[-38.55652,-7.05388],[-38.57574,-7.04229],[-38.59222,-7.04433],[-38.59703,-7.04297],[-38.59566,-7.04842],[-38.59772,-7.05388],[-38.61282,-7.0566],[-38.61351,-7.04979],[-38.6293,-7.04297],[-38.6245,-7.04025],[-38.62038,-7.04229],[-38.60802,-7.04025],[-38.60802,-7.03616],[-38.61282,-7.03479],[-38.61488,-7.02866],[-38.62518,-7.02593],[-38.63068,-7.02116],[-38.64647,-7.01776],[-38.65814,-7.0089],[-38.6657,-7.00753]],[[-37.7504,-7.00685],[-37.74971,-7.00753],[-37.74971,-7.00685],[-37.7504,-7.00685]],[[-38.68904,-7.01435],[-38.68835,-7.01844],[-38.67943,-7.01844],[-38.68561,-7.01435],[-38.68904,-7.01435]],[[-37.84927,-7.0198],[-37.83348,-7.02389],[-37.82524,-7.02116],[-37.84515,-7.02048],[-37.84721,-7.01844],[-37.84927,-7.0198]],[[-38.34503,-7.02253],[-38.34984,-7.02866],[-38.35602,-7.02866],[-38.35876,-7.03275],[-38.34984,-7.03343],[-38.3416,-7.03002],[-38.34023,-7.02389],[-38.3416,-7.02185],[-38.34503,-7.02253]],[[-37.0562,-7.02457],[-37.05345,-7.02866],[-37.05208,-7.02457],[-37.0562,-7.02457]],[[-38.41301,-7.0273],[-38.41644,-7.03002],[-38.41232,-7.03002],[-38.41301,-7.0273]],[[-38.69041,-7.03002],[-38.68767,-7.03207],[-38.68767,-7.03071],[-38.69041,-7.03002]],[[-38.19054,-7.03275],[-38.19054,-7.0382],[-38.18161,-7.0382],[-38.18367,-7.03275],[-38.19054,-7.03275]],[[-37.05894,-7.04025],[-37.05826,-7.04093],[-37.05826,-7.04025],[-37.05894,-7.04025]],[[-37.09602,-7.04502],[-37.09602,-7.04842],[-37.1125,-7.0491],[-37.1228,-7.05251],[-37.12418,-7.05933],[-37.11456,-7.05933],[-37.11319,-7.06273],[-37.10976,-7.06342],[-37.1077,-7.06955],[-37.10014,-7.06819],[-37.09534,-7.06205],[-37.09259,-7.0641],[-37.08298,-7.06273],[-37.08023,-7.06546],[-37.06993,-7.0641],[-37.07199,-7.06069],[-37.08298,-7.05456],[-37.07405,-7.05183],[-37.07405,-7.04979],[-37.08778,-7.04842],[-37.09259,-7.05047],[-37.09259,-7.04502],[-37.09602,-7.04502]],[[-37.06238,-7.04706],[-37.05963,-7.04842],[-37.05963,-7.04706],[-37.06238,-7.04706]],[[-38.30933,-7.0491],[-38.31757,-7.05456],[-38.32169,-7.05388],[-38.32512,-7.05865],[-38.3416,-7.05592],[-38.35396,-7.06819],[-38.35464,-7.07704],[-38.34984,-7.07636],[-38.34915,-7.06682],[-38.34366,-7.0641],[-38.33405,-7.06819],[-38.33885,-7.07091],[-38.33542,-7.07773],[-38.31894,-7.07636],[-38.31413,-7.07841],[-38.30864,-7.07227],[-38.31139,-7.06887],[-38.30933,-7.0491]],[[-38.25783,-7.0641],[-38.25714,-7.06546],[-38.25714,-7.0641],[-38.25783,-7.0641]],[[-38.38348,-7.0675],[-38.38005,-7.0675],[-38.37936,-7.06546],[-38.38348,-7.06546],[-38.38348,-7.0675]],[[-37.0974,-7.07227],[-37.09465,-7.07227],[-37.09465,-7.06955],[-37.0974,-7.06955],[-37.0974,-7.07227]],[[-37.05963,-7.07977],[-37.06993,-7.07636],[-37.06993,-7.08045],[-37.05757,-7.0825],[-37.06169,-7.08658],[-37.06032,-7.09067],[-37.05551,-7.0968],[-37.04933,-7.09885],[-37.03285,-7.09885],[-37.03354,-7.09544],[-37.02805,-7.0934],[-37.02805,-7.08726],[-37.0253,-7.0859],[-37.02805,-7.08045],[-37.03491,-7.08045],[-37.04384,-7.08454],[-37.04933,-7.08318],[-37.05208,-7.07977],[-37.05963,-7.07977]],[[-38.27087,-7.08045],[-38.26881,-7.08181],[-38.26813,-7.08045],[-38.27087,-7.08045]],[[-37.54715,-7.08113],[-37.54852,-7.08795],[-37.54646,-7.08863],[-37.5444,-7.08113],[-37.54715,-7.08113]],[[-37.01569,-7.08113],[-37.02324,-7.08386],[-37.01363,-7.08454],[-37.01569,-7.08113]],[[-37.74422,-7.08181],[-37.74216,-7.0825],[-37.74216,-7.08181],[-37.74422,-7.08181]],[[-38.31413,-7.0825],[-38.31276,-7.08454],[-38.31207,-7.0825],[-38.31413,-7.0825]],[[-37.56226,-7.1043],[-37.59933,-7.10498],[-37.60414,-7.11588],[-37.60345,-7.11929],[-37.60071,-7.12133],[-37.58972,-7.12065],[-37.57668,-7.11043],[-37.55402,-7.10703],[-37.55539,-7.10498],[-37.56226,-7.1043]],[[-38.40752,-7.10566],[-38.40752,-7.10975],[-38.40202,-7.10839],[-38.40271,-7.10566],[-38.40752,-7.10566]],[[-37.54921,-7.10634],[-37.54921,-7.10839],[-37.53822,-7.10907],[-37.54234,-7.10634],[-37.54921,-7.10634]],[[-37.52998,-7.10907],[-37.52724,-7.11043],[-37.52724,-7.10975],[-37.52998,-7.10907]],[[-37.0562,-7.11111],[-37.061,-7.11384],[-37.0562,-7.11316],[-37.0562,-7.11111]],[[-38.22418,-7.11248],[-38.2386,-7.11861],[-38.24203,-7.12474],[-38.23517,-7.12338],[-38.23242,-7.11793],[-38.22624,-7.11793],[-38.22418,-7.11248]],[[-38.19397,-7.11588],[-38.19191,-7.11793],[-38.19191,-7.11588],[-38.19397,-7.11588]],[[-38.28598,-7.12951],[-38.28461,-7.13019],[-38.28461,-7.12951],[-38.28598,-7.12951]],[[-38.16925,-7.13019],[-38.16856,-7.12951],[-38.16925,-7.12951],[-38.16925,-7.13019]],[[-38.16925,-7.13087],[-38.17062,-7.13087],[-38.172,-7.13224],[-38.16925,-7.13087]],[[-38.172,-7.13224],[-38.17268,-7.13292],[-38.172,-7.13292],[-38.172,-7.13224]],[[-38.17268,-7.13292],[-38.17337,-7.1336],[-38.17268,-7.1336],[-38.17268,-7.13292]],[[-37.45514,-7.16085],[-37.48535,-7.16358],[-37.49016,-7.16834],[-37.50114,-7.17039],[-37.50389,-7.17311],[-37.50183,-7.17516],[-37.49565,-7.17311],[-37.47574,-7.17379],[-37.46407,-7.16766],[-37.45857,-7.16834],[-37.44759,-7.16358],[-37.45514,-7.16085]],[[-37.03285,-7.16766],[-37.0356,-7.17039],[-37.03285,-7.16971],[-37.03285,-7.16766]],[[-37.51007,-7.17175],[-37.51625,-7.17448],[-37.51625,-7.17584],[-37.5087,-7.17448],[-37.51007,-7.17175]],[[-38.20084,-7.18469],[-38.20564,-7.18469],[-38.20564,-7.18742],[-38.20084,-7.18469]],[[-37.43523,-7.18469],[-37.43317,-7.18606],[-37.43317,-7.18469],[-37.43523,-7.18469]],[[-37.31987,-7.18946],[-37.3233,-7.18878],[-37.3233,-7.19083],[-37.31987,-7.18946]],[[-38.24135,-7.19491],[-38.24684,-7.20173],[-38.24684,-7.20581],[-38.24135,-7.20036],[-38.24135,-7.19491]],[[-38.21457,-7.19628],[-38.2283,-7.199],[-38.23654,-7.20581],[-38.23792,-7.21263],[-38.23517,-7.22489],[-38.23105,-7.22284],[-38.23036,-7.20786],[-38.22556,-7.20854],[-38.22144,-7.20513],[-38.21526,-7.20649],[-38.21457,-7.19628]],[[-38.18024,-7.19696],[-38.1823,-7.19764],[-38.18504,-7.20513],[-38.17955,-7.20104],[-38.18024,-7.19696]],[[-37.41737,-7.19832],[-37.42355,-7.199],[-37.42081,-7.20649],[-37.42699,-7.2208],[-37.42012,-7.2208],[-37.41257,-7.20854],[-37.41257,-7.20104],[-37.41737,-7.19832]],[[-37.53136,-7.199],[-37.5396,-7.19968],[-37.54028,-7.20309],[-37.53342,-7.20241],[-37.53136,-7.199]],[[-37.55127,-7.21126],[-37.55196,-7.22148],[-37.54646,-7.22216],[-37.54303,-7.21944],[-37.54303,-7.21603],[-37.54852,-7.21058],[-37.55127,-7.21126]],[[-37.43797,-7.21126],[-37.43523,-7.21671],[-37.43179,-7.21807],[-37.43317,-7.21263],[-37.43797,-7.21126]],[[-38.15277,-7.21876],[-38.15689,-7.21944],[-38.15826,-7.22216],[-38.15277,-7.21876]],[[-38.16582,-7.22012],[-38.172,-7.22216],[-38.16994,-7.22625],[-38.18092,-7.23306],[-38.17612,-7.23579],[-38.16788,-7.23579],[-38.1665,-7.25281],[-38.16032,-7.25145],[-38.16307,-7.24532],[-38.1617,-7.24124],[-38.14865,-7.2426],[-38.13904,-7.24055],[-38.13835,-7.2351],[-38.14453,-7.23374],[-38.1411,-7.22829],[-38.14865,-7.23102],[-38.16582,-7.22012]],[[-37.4263,-7.22829],[-37.44141,-7.22693],[-37.44278,-7.23034],[-37.4366,-7.23987],[-37.42699,-7.23442],[-37.4263,-7.22829]],[[-37.89185,-7.23102],[-37.89391,-7.23306],[-37.89185,-7.24396],[-37.88498,-7.24941],[-37.87605,-7.25009],[-37.87605,-7.24328],[-37.89185,-7.23102]],[[-37.60002,-7.24055],[-37.59865,-7.2426],[-37.59659,-7.24124],[-37.59727,-7.23987],[-37.60002,-7.24055]],[[-37.46407,-7.24124],[-37.46201,-7.24396],[-37.46132,-7.2426],[-37.46407,-7.24124]],[[-38.1823,-7.24328],[-38.18504,-7.24532],[-38.1823,-7.25077],[-38.19054,-7.25554],[-38.19122,-7.25895],[-38.17818,-7.25077],[-38.1768,-7.246],[-38.1823,-7.24328]],[[-38.1926,-7.246],[-38.19809,-7.24668],[-38.20221,-7.25281],[-38.1926,-7.24805],[-38.1926,-7.246]],[[-38.12531,-7.25281],[-38.12943,-7.25758],[-38.11775,-7.25418],[-38.11775,-7.25213],[-38.12531,-7.25281]],[[-37.43523,-7.25418],[-37.44003,-7.25554],[-37.43866,-7.25963],[-37.43454,-7.25758],[-37.43523,-7.25418]],[[-38.19672,-7.26439],[-38.19878,-7.26576],[-38.19672,-7.26644],[-38.19672,-7.26439]],[[-37.45239,-7.26439],[-37.4572,-7.26712],[-37.45102,-7.27189],[-37.44965,-7.26848],[-37.45239,-7.26439]],[[-38.19122,-7.27325],[-38.20221,-7.27325],[-38.2029,-7.28278],[-38.19672,-7.28347],[-38.18779,-7.27938],[-38.19122,-7.27325]],[[-37.90421,-7.27393],[-37.90695,-7.28006],[-37.90352,-7.28278],[-37.90352,-7.293],[-37.90009,-7.29504],[-37.89803,-7.28278],[-37.90146,-7.27393],[-37.90421,-7.27393]],[[-37.91245,-7.28483],[-37.90901,-7.28278],[-37.91245,-7.28415],[-37.91245,-7.28483]],[[-37.91245,-7.28483],[-37.91313,-7.28551],[-37.91245,-7.28551],[-37.91245,-7.28483]],[[-37.71126,-7.293],[-37.71194,-7.29641],[-37.70851,-7.29913],[-37.70645,-7.293],[-37.71126,-7.293]],[[-38.24135,-7.29368],[-38.24478,-7.29504],[-38.24478,-7.29641],[-38.24135,-7.29368]],[[-37.71538,-7.29641],[-37.7195,-7.29709],[-37.7195,-7.29913],[-37.71538,-7.29845],[-37.71538,-7.29641]],[[-38.26813,-7.29777],[-38.26881,-7.29913],[-38.26675,-7.29777],[-38.26813,-7.29777]],[[-37.7092,-7.30117],[-37.71194,-7.30322],[-37.71263,-7.30662],[-37.70714,-7.30322],[-37.7092,-7.30117]],[[-37.69958,-7.30458],[-37.69821,-7.30662],[-37.6989,-7.30458],[-37.69958,-7.30458]],[[-38.27087,-7.30798],[-38.27499,-7.30662],[-38.27431,-7.30867],[-38.27087,-7.30798]],[[-38.28873,-7.31752],[-38.30452,-7.31888],[-38.31345,-7.32501],[-38.31482,-7.3325],[-38.30727,-7.32978],[-38.30658,-7.32569],[-38.30246,-7.32229],[-38.28941,-7.32365],[-38.28873,-7.31752]],[[-37.67761,-7.32229],[-37.67624,-7.32433],[-37.67487,-7.32229],[-37.67761,-7.32229]],[[-37.75932,-7.32705],[-37.76138,-7.33182],[-37.75383,-7.33659],[-37.7552,-7.35498],[-37.74422,-7.35702],[-37.7504,-7.34885],[-37.7504,-7.3434],[-37.74765,-7.33931],[-37.7552,-7.3325],[-37.75589,-7.32705],[-37.75932,-7.32705]],[[-37.74902,-7.33318],[-37.74834,-7.33386],[-37.74834,-7.33318],[-37.74902,-7.33318]],[[-38.31482,-7.35361],[-38.31825,-7.35157],[-38.31894,-7.35429],[-38.31482,-7.35361]],[[-38.18367,-7.35634],[-38.18161,-7.3577],[-38.18092,-7.35634],[-38.18367,-7.35634]],[[-38.20496,-7.37472],[-38.20702,-7.37541],[-38.20702,-7.37677],[-38.20496,-7.37609],[-38.20496,-7.37472]],[[-37.83554,-7.37949],[-37.83829,-7.38017],[-37.83966,-7.3829],[-37.83554,-7.37949]],[[-37.84103,-7.38358],[-37.85065,-7.38834],[-37.85065,-7.39039],[-37.84721,-7.39107],[-37.84309,-7.38834],[-37.84103,-7.38358]],[[-37.85683,-7.39583],[-37.86644,-7.4006],[-37.86644,-7.40537],[-37.86369,-7.40741],[-37.8582,-7.40537],[-37.85957,-7.40128],[-37.85683,-7.39583]],[[-38.3567,-7.39651],[-38.36288,-7.39856],[-38.3622,-7.40128],[-38.3567,-7.39651]],[[-38.20427,-7.39651],[-38.20702,-7.4006],[-38.20496,-7.40128],[-38.20427,-7.39651]],[[-38.05115,-7.3972],[-38.05115,-7.39924],[-38.04771,-7.39992],[-38.0484,-7.3972],[-38.05115,-7.3972]],[[-38.40614,-7.40673],[-38.40958,-7.40809],[-38.40958,-7.41218],[-38.40614,-7.40945],[-38.40614,-7.40673]],[[-37.87537,-7.41013],[-37.87811,-7.41762],[-37.88155,-7.42035],[-37.88017,-7.42443],[-37.86781,-7.41626],[-37.87056,-7.41013],[-37.87537,-7.41013]],[[-37.75658,-7.41354],[-37.75864,-7.41626],[-37.75864,-7.41898],[-37.75589,-7.41694],[-37.75658,-7.41354]],[[-38.38898,-7.42852],[-38.39378,-7.43056],[-38.39104,-7.43124],[-38.38898,-7.42852]],[[-37.88635,-7.4292],[-37.89391,-7.43124],[-37.89253,-7.43601],[-37.88635,-7.43124],[-37.88635,-7.4292]],[[-37.89734,-7.44009],[-37.90352,-7.44145],[-37.90764,-7.44894],[-37.90146,-7.44622],[-37.89734,-7.44009]],[[-38.50914,-7.46256],[-38.50708,-7.4646],[-38.50708,-7.46256],[-38.50914,-7.46256]],[[-37.95296,-7.48707],[-37.96257,-7.49592],[-37.97424,-7.49864],[-37.97562,-7.50273],[-37.96463,-7.50681],[-37.96188,-7.5109],[-37.94952,-7.50545],[-37.9454,-7.50137],[-37.94678,-7.4966],[-37.94197,-7.49456],[-37.94197,-7.49047],[-37.94678,-7.48911],[-37.94815,-7.48639],[-37.95296,-7.48707]],[[-38.53455,-7.49456],[-38.53386,-7.49524],[-38.53386,-7.49456],[-38.53455,-7.49456]],[[-38.06694,-7.50137],[-38.06557,-7.50273],[-38.06557,-7.50137],[-38.06694,-7.50137]],[[-38.54141,-7.50205],[-38.54347,-7.50409],[-38.54141,-7.50341],[-38.54141,-7.50205]],[[-38.01064,-7.50613],[-38.00789,-7.50885],[-38.0072,-7.50681],[-38.01064,-7.50613]],[[-38.28804,-7.50817],[-38.2901,-7.51158],[-38.28667,-7.51158],[-38.28804,-7.50817]],[[-38.07449,-7.51022],[-38.09372,-7.5143],[-38.09509,-7.5177],[-38.10059,-7.51634],[-38.10608,-7.52043],[-38.10471,-7.52587],[-38.06007,-7.51702],[-38.05046,-7.51158],[-38.07449,-7.51022]],[[-38.00377,-7.51022],[-37.99347,-7.51294],[-37.99072,-7.51634],[-37.98729,-7.51226],[-37.98935,-7.50953],[-38.00377,-7.51022]],[[-38.47893,-7.51566],[-38.48854,-7.52315],[-38.48236,-7.52315],[-38.47961,-7.52587],[-38.48236,-7.52928],[-38.47618,-7.53064],[-38.47893,-7.52587],[-38.47412,-7.52315],[-38.46794,-7.52519],[-38.46725,-7.52179],[-38.47206,-7.51975],[-38.47275,-7.51566],[-38.47893,-7.51566]],[[-38.03947,-7.51566],[-38.03879,-7.51634],[-38.03879,-7.51566],[-38.03947,-7.51566]],[[-38.27568,-7.52043],[-38.27431,-7.52315],[-38.2695,-7.52247],[-38.27362,-7.51907],[-38.27568,-7.52043]],[[-37.9763,-7.52111],[-37.97905,-7.52247],[-37.97768,-7.52451],[-37.97493,-7.52315],[-37.9763,-7.52111]],[[-38.02368,-7.52519],[-38.02574,-7.53268],[-38.01888,-7.53676],[-38.01888,-7.53881],[-38.02299,-7.53949],[-38.02025,-7.54561],[-37.9921,-7.52996],[-37.9969,-7.52587],[-38.0072,-7.52791],[-38.01407,-7.52519],[-38.02368,-7.52519]],[[-37.9866,-7.52451],[-37.98729,-7.52655],[-37.98592,-7.52587],[-37.9866,-7.52451]],[[-38.11226,-7.52996],[-38.12462,-7.53064],[-38.12462,-7.532],[-38.12325,-7.5354],[-38.1205,-7.5354],[-38.11226,-7.52996]],[[-38.60733,-7.532],[-38.60664,-7.53472],[-38.60458,-7.53404],[-38.60527,-7.53132],[-38.60733,-7.532]],[[-37.96394,-7.53336],[-37.9715,-7.53813],[-37.97424,-7.54153],[-37.96944,-7.54153],[-37.96394,-7.53336]],[[-38.63754,-7.53472],[-38.63823,-7.54017],[-38.62793,-7.54085],[-38.62724,-7.53676],[-38.63274,-7.53745],[-38.63411,-7.53404],[-38.63754,-7.53472]],[[-38.61832,-7.53813],[-38.62038,-7.54085],[-38.61763,-7.54017],[-38.61832,-7.53813]],[[-38.05389,-7.53949],[-38.06076,-7.54425],[-38.04359,-7.55446],[-38.03398,-7.55446],[-38.02574,-7.54697],[-38.03055,-7.54289],[-38.03741,-7.54561],[-38.0381,-7.53949],[-38.0484,-7.54289],[-38.05252,-7.54221],[-38.05389,-7.53949]],[[-38.28392,-7.54357],[-38.28117,-7.54766],[-38.27911,-7.54697],[-38.27911,-7.54357],[-38.28186,-7.54153],[-38.28392,-7.54357]],[[-38.27843,-7.54902],[-38.28392,-7.55242],[-38.28186,-7.55446],[-38.27705,-7.55242],[-38.27843,-7.54902]],[[-38.11295,-7.55106],[-38.11844,-7.55242],[-38.11913,-7.55514],[-38.11295,-7.55378],[-38.11295,-7.55106]],[[-38.00652,-7.55582],[-38.0278,-7.56059],[-38.02849,-7.56263],[-38.01201,-7.56263],[-38.00789,-7.55991],[-38.00652,-7.55582]],[[-38.1617,-7.5565],[-38.16376,-7.55719],[-38.16444,-7.55855],[-38.1617,-7.5565]],[[-38.10196,-7.55787],[-38.10539,-7.56127],[-38.09578,-7.55855],[-38.09647,-7.55719],[-38.10196,-7.55787]],[[-38.60046,-7.56331],[-38.60527,-7.5674],[-38.60458,-7.5708],[-38.59772,-7.56808],[-38.60046,-7.56331]],[[-38.29147,-7.5708],[-38.29697,-7.57148],[-38.29628,-7.57352],[-38.29147,-7.57352],[-38.29147,-7.5708]],[[-38.12119,-7.57148],[-38.12462,-7.57284],[-38.12393,-7.57488],[-38.12119,-7.57352],[-38.12119,-7.57148]],[[-38.07587,-7.57284],[-38.08685,-7.57556],[-38.08754,-7.57965],[-38.08067,-7.58033],[-38.0793,-7.58441],[-38.07724,-7.58441],[-38.07449,-7.58101],[-38.07724,-7.57897],[-38.07587,-7.57284]],[[-38.02574,-7.5742],[-38.03055,-7.57556],[-38.03055,-7.57897],[-38.02643,-7.57624],[-38.02574,-7.5742]],[[-38.09921,-7.58101],[-38.10265,-7.58781],[-38.10196,-7.59122],[-38.10471,-7.59326],[-38.10471,-7.59598],[-38.10127,-7.59734],[-38.09715,-7.59734],[-38.09647,-7.59122],[-38.09097,-7.58441],[-38.09097,-7.58169],[-38.09921,-7.58101]],[[-38.23174,-7.58169],[-38.22899,-7.58373],[-38.22762,-7.58169],[-38.23174,-7.58169]],[[-38.12805,-7.58169],[-38.12668,-7.58237],[-38.12668,-7.58169],[-38.12805,-7.58169]],[[-38.59772,-7.58441],[-38.60115,-7.58713],[-38.59772,-7.58645],[-38.59772,-7.58441]],[[-38.06282,-7.58577],[-38.07106,-7.58713],[-38.07175,-7.58918],[-38.06488,-7.59122],[-38.06282,-7.58577]],[[-38.22006,-7.58577],[-38.22762,-7.58645],[-38.23174,-7.59122],[-38.24066,-7.5919],[-38.24341,-7.59666],[-38.25439,-7.5953],[-38.25577,-7.60211],[-38.26057,-7.60551],[-38.2489,-7.60415],[-38.25096,-7.61096],[-38.24615,-7.61232],[-38.23997,-7.60619],[-38.23174,-7.60755],[-38.22968,-7.60483],[-38.22418,-7.60483],[-38.22212,-7.60619],[-38.22281,-7.61028],[-38.22006,-7.61096],[-38.22144,-7.61504],[-38.218,-7.61504],[-38.21594,-7.60619],[-38.21251,-7.60415],[-38.2132,-7.5987],[-38.22144,-7.60143],[-38.23036,-7.60007],[-38.23242,-7.60211],[-38.23654,-7.60211],[-38.23929,-7.59939],[-38.2386,-7.59666],[-38.22006,-7.5919],[-38.22006,-7.58577]],[[-38.18436,-7.58577],[-38.19191,-7.58781],[-38.19328,-7.59054],[-38.18298,-7.5885],[-38.18436,-7.58577]],[[-38.19878,-7.58918],[-38.20015,-7.59258],[-38.19534,-7.58986],[-38.19878,-7.58918]],[[-38.03947,-7.59394],[-38.04016,-7.59666],[-38.03535,-7.5953],[-38.03604,-7.59326],[-38.03947,-7.59394]],[[-38.51944,-7.59394],[-38.52837,-7.59598],[-38.5215,-7.60007],[-38.51807,-7.59666],[-38.51944,-7.59394]],[[-38.10265,-7.60007],[-38.10127,-7.60143],[-38.10127,-7.60007],[-38.10265,-7.60007]],[[-38.18298,-7.60279],[-38.18504,-7.60483],[-38.18024,-7.60279],[-38.18298,-7.60279]],[[-38.23586,-7.61436],[-38.24135,-7.61844],[-38.24135,-7.6198],[-38.23311,-7.61708],[-38.2338,-7.61028],[-38.23586,-7.61028],[-38.23586,-7.61436]],[[-38.29628,-7.61572],[-38.29834,-7.61776],[-38.29628,-7.61776],[-38.29628,-7.61572]],[[-38.3828,-7.62253],[-38.38142,-7.62389],[-38.38142,-7.62253],[-38.3828,-7.62253]],[[-38.43773,-7.62457],[-38.44116,-7.62797],[-38.43773,-7.62729],[-38.43773,-7.62457]],[[-38.39035,-7.62865],[-38.40065,-7.63818],[-38.3979,-7.64226],[-38.39241,-7.64158],[-38.39241,-7.63614],[-38.38692,-7.63682],[-38.38692,-7.63205],[-38.38211,-7.62797],[-38.39035,-7.62457],[-38.39035,-7.62865]],[[-38.29697,-7.63886],[-38.29491,-7.6409],[-38.29491,-7.63954],[-38.29697,-7.63886]],[[-38.44116,-7.63954],[-38.4494,-7.64158],[-38.44666,-7.64498],[-38.44391,-7.64226],[-38.43979,-7.64226],[-38.44116,-7.63954]],[[-38.54622,-7.64294],[-38.5524,-7.6443],[-38.55377,-7.64975],[-38.54828,-7.65451],[-38.54416,-7.65451],[-38.54347,-7.65179],[-38.54622,-7.64839],[-38.54279,-7.64839],[-38.5421,-7.64635],[-38.54622,-7.64294]],[[-38.49541,-7.64703],[-38.49678,-7.64907],[-38.49472,-7.64975],[-38.48785,-7.64839],[-38.49541,-7.64703]],[[-38.47618,-7.65451],[-38.48099,-7.65587],[-38.4803,-7.65791],[-38.47618,-7.65655],[-38.47618,-7.65451]],[[-38.54622,-7.66948],[-38.54553,-7.67016],[-38.54553,-7.66948],[-38.54622,-7.66948]],[[-38.4428,-7.5991],[-38.4389,-7.5907],[-38.437,-7.5833],[-38.4428,-7.5991]]],[[[-38.07037,-7.05865],[-38.07518,-7.06273],[-38.08273,-7.06001],[-38.08548,-7.0491],[-38.0793,-7.04297],[-38.08411,-7.04025],[-38.08067,-7.03268],[-38.07037,-7.05865]]],[[[-38.07394,-7.0491],[-38.069,-7.05251],[-38.06969,-7.05865],[-38.07394,-7.0491]]],[[[-36.75407,-6.83712],[-36.77879,-6.86848],[-36.77811,-6.87666],[-36.78291,-6.88553],[-36.78635,-6.88689],[-36.7836,-6.87871],[-36.78566,-6.86917],[-36.77948,-6.85758],[-36.78223,-6.85553],[-36.78566,-6.8603],[-36.78703,-6.85485],[-36.7836,-6.84735],[-36.78017,-6.84462],[-36.77742,-6.84531],[-36.77261,-6.83781],[-36.77399,-6.82758],[-36.77019,-6.82758],[-36.7695,-6.8387],[-36.75407,-6.83712]]],[[[-36.73622,-6.83504],[-36.74858,-6.84803],[-36.7527,-6.84803],[-36.7527,-6.84258],[-36.74858,-6.83917],[-36.74895,-6.83644],[-36.73622,-6.83504]]],[[[-36.57967,-6.89507],[-36.5679,-6.8748],[-36.5668,-6.8666],[-36.5741,-6.8575],[-36.5698,-6.848],[-36.5602,-6.8408],[-36.5502,-6.8436],[-36.5437,-6.8421],[-36.53435,-6.83133],[-36.53229,-6.83235],[-36.53091,-6.82758],[-36.52611,-6.8269],[-36.52336,-6.82349],[-36.51581,-6.82758],[-36.50551,-6.81872],[-36.50276,-6.81122],[-36.49521,-6.81122],[-36.49521,-6.82008],[-36.48972,-6.81735],[-36.48834,-6.82144],[-36.4856,-6.82008],[-36.48491,-6.81463],[-36.4801,-6.81463],[-36.48148,-6.82281],[-36.47667,-6.82417],[-36.47942,-6.82962],[-36.47736,-6.84121],[-36.47118,-6.84258],[-36.46706,-6.83303],[-36.46294,-6.83167],[-36.46019,-6.84326],[-36.45401,-6.84462],[-36.45058,-6.83985],[-36.44989,-6.84599],[-36.44508,-6.84599],[-36.44783,-6.85144],[-36.45332,-6.8494],[-36.45538,-6.85621],[-36.46019,-6.85621],[-36.46225,-6.8528],[-36.46706,-6.85349],[-36.4698,-6.85076],[-36.47873,-6.85485],[-36.47942,-6.85008],[-36.48697,-6.85008],[-36.48972,-6.85894],[-36.49452,-6.86099],[-36.49315,-6.86917],[-36.50139,-6.86985],[-36.5007,-6.8753],[-36.50688,-6.87871],[-36.511,-6.87394],[-36.51787,-6.87666],[-36.51993,-6.87939],[-36.51581,-6.88212],[-36.51787,-6.88553],[-36.52885,-6.88416],[-36.52817,-6.89098],[-36.53435,-6.89916],[-36.53915,-6.89984],[-36.54121,-6.90734],[-36.54602,-6.9053],[-36.54739,-6.90189],[-36.53984,-6.89507],[-36.53984,-6.89166],[-36.55014,-6.88962],[-36.54877,-6.88621],[-36.54602,-6.88825],[-36.54396,-6.88689],[-36.54739,-6.8828],[-36.5419,-6.87735],[-36.54259,-6.87257],[-36.55907,-6.89098],[-36.56181,-6.90666],[-36.56799,-6.90325],[-36.57211,-6.9087],[-36.58379,-6.91211],[-36.57898,-6.90052],[-36.57967,-6.89507]],[[-36.49384,-6.82076],[-36.49864,-6.82553],[-36.49864,-6.83031],[-36.49246,-6.8269],[-36.49384,-6.82076]]],[[[-36.50449,-6.75599],[-36.50345,-6.75735],[-36.50345,-6.76144],[-36.50449,-6.75599]]],[[[-36.53297,-6.64074],[-36.52885,-6.63801],[-36.52885,-6.63255],[-36.52473,-6.62778],[-36.51993,-6.63255],[-36.51237,-6.63255],[-36.51375,-6.64346],[-36.50826,-6.63801],[-36.50551,-6.63801],[-36.50688,-6.64346],[-36.50414,-6.6496],[-36.49796,-6.65301],[-36.49864,-6.65847],[-36.49521,-6.66597],[-36.49178,-6.66802],[-36.49178,-6.67075],[-36.49727,-6.67143],[-36.49864,-6.67552],[-36.49521,-6.67961],[-36.48834,-6.67961],[-36.48628,-6.68166],[-36.48834,-6.68916],[-36.48354,-6.69734],[-36.48285,-6.70621],[-36.48903,-6.7103],[-36.4959,-6.70894],[-36.4959,-6.71166],[-36.50139,-6.71235],[-36.50276,-6.72462],[-36.4959,-6.72803],[-36.49933,-6.73076],[-36.49658,-6.73349],[-36.49796,-6.73826],[-36.49452,-6.74167],[-36.48216,-6.73621],[-36.47873,-6.73621],[-36.47804,-6.74167],[-36.47461,-6.74099],[-36.47255,-6.73689],[-36.4698,-6.73962],[-36.47942,-6.74644],[-36.47804,-6.75258],[-36.48422,-6.75053],[-36.49109,-6.75531],[-36.4904,-6.76076],[-36.49246,-6.76349],[-36.49452,-6.76349],[-36.49384,-6.7519],[-36.49658,-6.74712],[-36.50482,-6.74849],[-36.50688,-6.75282],[-36.5206,-6.7457],[-36.5239,-6.7383],[-36.5442,-6.7312],[-36.5579,-6.7126],[-36.5587,-6.7077],[-36.5474,-6.6951],[-36.5417,-6.6661],[-36.53961,-6.65983],[-36.53641,-6.65779],[-36.53778,-6.65434],[-36.53297,-6.64074]],[[-36.51169,-6.64756],[-36.511,-6.64824],[-36.511,-6.64756],[-36.51169,-6.64756]],[[-36.51649,-6.65165],[-36.51443,-6.65301],[-36.51375,-6.65165],[-36.51649,-6.65165]],[[-36.50551,-6.66188],[-36.50482,-6.66256],[-36.50482,-6.66188],[-36.50551,-6.66188]],[[-36.51581,-6.6837],[-36.51443,-6.68507],[-36.51443,-6.6837],[-36.51581,-6.6837]]],[[[-36.34071,-6.30711],[-36.33522,-6.30779],[-36.33522,-6.31052],[-36.33179,-6.31257],[-36.32492,-6.30847],[-36.3208,-6.30916],[-36.32011,-6.31735],[-36.31462,-6.32281],[-36.31531,-6.32758],[-36.31187,-6.32758],[-36.30844,-6.331],[-36.30089,-6.32827],[-36.30432,-6.33441],[-36.30913,-6.33509],[-36.31119,-6.3385],[-36.3105,-6.3426],[-36.30501,-6.34328],[-36.30432,-6.34533],[-36.31393,-6.34806],[-36.31325,-6.3542],[-36.30501,-6.3542],[-36.30501,-6.36239],[-36.30775,-6.36375],[-36.31119,-6.35829],[-36.32217,-6.36171],[-36.31668,-6.36648],[-36.31668,-6.37194],[-36.31119,-6.3774],[-36.31187,-6.38218],[-36.30775,-6.38491],[-36.31187,-6.38764],[-36.31805,-6.38764],[-36.31874,-6.39241],[-36.31187,-6.40128],[-36.31187,-6.40879],[-36.30089,-6.41766],[-36.31119,-6.41971],[-36.31943,-6.42517],[-36.32835,-6.42448],[-36.33385,-6.4279],[-36.33247,-6.43267],[-36.32423,-6.4354],[-36.32973,-6.44768],[-36.3208,-6.45382],[-36.32561,-6.45587],[-36.32767,-6.46201],[-36.32767,-6.48316],[-36.33316,-6.48316],[-36.33522,-6.48862],[-36.33247,-6.49203],[-36.33316,-6.50022],[-36.32835,-6.49817],[-36.32355,-6.50772],[-36.31531,-6.50567],[-36.31462,-6.50977],[-36.31187,-6.50977],[-36.30707,-6.50636],[-36.30707,-6.51318],[-36.31256,-6.51795],[-36.31325,-6.52273],[-36.31737,-6.52273],[-36.31874,-6.52682],[-36.32286,-6.52887],[-36.32217,-6.53228],[-36.31737,-6.53296],[-36.31668,-6.52955],[-36.31462,-6.52955],[-36.30913,-6.53365],[-36.30844,-6.52478],[-36.30501,-6.52409],[-36.30501,-6.52955],[-36.29951,-6.53501],[-36.30295,-6.54115],[-36.30569,-6.54183],[-36.30638,-6.54661],[-36.31256,-6.54592],[-36.31462,-6.54047],[-36.32011,-6.54115],[-36.31943,-6.54388],[-36.31599,-6.54388],[-36.31393,-6.55138],[-36.31943,-6.55138],[-36.32011,-6.54592],[-36.32835,-6.54524],[-36.33659,-6.54592],[-36.3414,-6.55138],[-36.34003,-6.55616],[-36.34209,-6.56161],[-36.33797,-6.5582],[-36.33247,-6.5582],[-36.33247,-6.56025],[-36.33865,-6.56707],[-36.33797,-6.57048],[-36.33453,-6.57253],[-36.33316,-6.57935],[-36.33522,-6.58617],[-36.34415,-6.59163],[-36.34415,-6.59504],[-36.33934,-6.60049],[-36.34209,-6.60186],[-36.34827,-6.59708],[-36.35307,-6.59981],[-36.35719,-6.58549],[-36.35651,-6.57867],[-36.36749,-6.57526],[-36.36612,-6.57116],[-36.37573,-6.56366],[-36.37917,-6.56298],[-36.38397,-6.56639],[-36.3929,-6.56366],[-36.39702,-6.57185],[-36.39633,-6.5773],[-36.39977,-6.5773],[-36.40251,-6.56912],[-36.40663,-6.56775],[-36.39977,-6.5623],[-36.39839,-6.55684],[-36.3929,-6.5507],[-36.38947,-6.55002],[-36.38466,-6.55479],[-36.38397,-6.54934],[-36.37917,-6.54729],[-36.38054,-6.54183],[-36.38603,-6.54047],[-36.38535,-6.53433],[-36.39084,-6.53637],[-36.39221,-6.52887],[-36.39771,-6.52887],[-36.40182,-6.53569],[-36.40457,-6.52751],[-36.39839,-6.52205],[-36.39702,-6.51727],[-36.39908,-6.51523],[-36.40938,-6.5125],[-36.41212,-6.51659],[-36.41899,-6.51727],[-36.42242,-6.50772],[-36.42792,-6.50567],[-36.43066,-6.51181],[-36.43547,-6.51045],[-36.43822,-6.51864],[-36.44577,-6.51727],[-36.45195,-6.53365],[-36.45126,-6.53978],[-36.45813,-6.54661],[-36.45676,-6.5507],[-36.4715,-6.5484],[-36.47324,-6.54524],[-36.4698,-6.54251],[-36.46294,-6.54183],[-36.4595,-6.53637],[-36.4595,-6.53433],[-36.46362,-6.53296],[-36.46225,-6.52819],[-36.46431,-6.52614],[-36.46431,-6.51318],[-36.47392,-6.51045],[-36.47392,-6.5009],[-36.4856,-6.50431],[-36.49246,-6.50909],[-36.50345,-6.50772],[-36.5062,-6.50968],[-36.5213,-6.50202],[-36.52336,-6.48725],[-36.52061,-6.48453],[-36.51855,-6.4661],[-36.52199,-6.4661],[-36.52611,-6.47293],[-36.52817,-6.46338],[-36.52267,-6.45792],[-36.52267,-6.44905],[-36.51649,-6.447],[-36.51306,-6.44154],[-36.51237,-6.43062],[-36.51649,-6.42312],[-36.511,-6.42107],[-36.50757,-6.41561],[-36.50139,-6.41766],[-36.49521,-6.41015],[-36.49521,-6.40674],[-36.50208,-6.40197],[-36.50276,-6.39378],[-36.50139,-6.38559],[-36.49315,-6.38491],[-36.49933,-6.38013],[-36.49246,-6.36989],[-36.49246,-6.3658],[-36.49452,-6.36512],[-36.49315,-6.35868],[-36.48354,-6.36102],[-36.48216,-6.35949],[-36.4326,-6.3631],[-36.4285,-6.3597],[-36.3946,-6.294],[-36.38878,-6.29691],[-36.39221,-6.30506],[-36.38329,-6.31052],[-36.37779,-6.30779],[-36.37985,-6.30137],[-36.3626,-6.31],[-36.3576,-6.31],[-36.34071,-6.30044],[-36.34071,-6.30711]],[[-36.39153,-6.31052],[-36.39084,-6.31257],[-36.39015,-6.31052],[-36.39153,-6.31052]],[[-36.3826,-6.31189],[-36.38466,-6.3153],[-36.38191,-6.3153],[-36.3826,-6.31189]],[[-36.32011,-6.33236],[-36.32629,-6.33304],[-36.32835,-6.33782],[-36.32149,-6.33987],[-36.32011,-6.33236]],[[-36.33385,-6.33645],[-36.33865,-6.33987],[-36.33865,-6.34123],[-36.33453,-6.33987],[-36.33385,-6.33645]],[[-36.48354,-6.36307],[-36.48491,-6.36512],[-36.48285,-6.36512],[-36.48354,-6.36307]],[[-36.49384,-6.39855],[-36.49727,-6.40197],[-36.49452,-6.40197],[-36.49384,-6.39855]],[[-36.43547,-6.43199],[-36.43616,-6.4354],[-36.4341,-6.43677],[-36.43204,-6.43267],[-36.43547,-6.43199]],[[-36.43135,-6.45792],[-36.42998,-6.45928],[-36.42998,-6.4586],[-36.43135,-6.45792]],[[-36.42311,-6.4586],[-36.4286,-6.46065],[-36.42105,-6.46201],[-36.42311,-6.4586]],[[-36.41968,-6.46269],[-36.42105,-6.4777],[-36.4286,-6.48043],[-36.42998,-6.48453],[-36.42036,-6.48794],[-36.41556,-6.49612],[-36.408,-6.49681],[-36.40732,-6.4893],[-36.41556,-6.48248],[-36.41487,-6.46542],[-36.41693,-6.46269],[-36.41968,-6.46269]],[[-36.4856,-6.4702],[-36.49384,-6.47497],[-36.49315,-6.48248],[-36.48903,-6.48316],[-36.48697,-6.47702],[-36.48285,-6.47429],[-36.48285,-6.47088],[-36.4856,-6.4702]],[[-36.44577,-6.50295],[-36.45058,-6.50499],[-36.45058,-6.50977],[-36.44371,-6.50636],[-36.44577,-6.50295]],[[-36.41556,-6.50909],[-36.41762,-6.51113],[-36.41556,-6.51181],[-36.41556,-6.50909]],[[-36.38741,-6.51113],[-36.39153,-6.52],[-36.38123,-6.52273],[-36.38397,-6.51045],[-36.38741,-6.51113]],[[-36.35857,-6.53978],[-36.362,-6.54251],[-36.36131,-6.54729],[-36.35788,-6.54592],[-36.35857,-6.53978]],[[-36.36475,-6.56025],[-36.36406,-6.56161],[-36.36406,-6.56025],[-36.36475,-6.56025]],[[-36.36406,-6.56775],[-36.36131,-6.56707],[-36.36131,-6.56639],[-36.36406,-6.56571],[-36.36406,-6.56775]],[[-36.35994,-6.56707],[-36.35925,-6.56844],[-36.35513,-6.56775],[-36.35582,-6.56639],[-36.35994,-6.56707]],[[-36.34483,-6.57799],[-36.34552,-6.58071],[-36.34346,-6.58071],[-36.3414,-6.5773],[-36.34483,-6.57799]],[[-36.34689,-6.5889],[-36.34552,-6.58958],[-36.34552,-6.5889],[-36.34689,-6.5889]]],[[[-36.43478,-7.28551],[-36.42723,-7.28483],[-36.42105,-7.28074],[-36.42174,-7.27665],[-36.41693,-7.27325],[-36.40594,-7.27121],[-36.40388,-7.26508],[-36.41624,-7.26303],[-36.41624,-7.26031],[-36.41075,-7.25758],[-36.40938,-7.25418],[-36.41899,-7.25213],[-36.41762,-7.24737],[-36.42586,-7.24532],[-36.42517,-7.24192],[-36.42998,-7.23374],[-36.42929,-7.23102],[-36.42586,-7.23034],[-36.41212,-7.23102],[-36.40938,-7.22557],[-36.4135,-7.22421],[-36.41693,-7.21944],[-36.42448,-7.22012],[-36.42998,-7.21535],[-36.4183,-7.20922],[-36.42929,-7.20309],[-36.42311,-7.19832],[-36.42311,-7.19423],[-36.43066,-7.19151],[-36.4341,-7.18674],[-36.43135,-7.18606],[-36.42586,-7.18946],[-36.4183,-7.1881],[-36.43135,-7.16698],[-36.4286,-7.16971],[-36.42448,-7.16971],[-36.42105,-7.1772],[-36.41624,-7.17584],[-36.41487,-7.18333],[-36.41144,-7.18538],[-36.40938,-7.19287],[-36.41212,-7.19696],[-36.40938,-7.20173],[-36.40594,-7.20241],[-36.40526,-7.20649],[-36.40251,-7.20649],[-36.40114,-7.19832],[-36.39702,-7.18946],[-36.39221,-7.1881],[-36.39221,-7.18333],[-36.38741,-7.1881],[-36.38809,-7.19355],[-36.37779,-7.18333],[-36.37779,-7.17652],[-36.38466,-7.17311],[-36.3826,-7.16562],[-36.38603,-7.16221],[-36.38603,-7.15881],[-36.38329,-7.15881],[-36.37711,-7.16494],[-36.37505,-7.16426],[-36.37299,-7.15336],[-36.37779,-7.13632],[-36.37436,-7.13632],[-36.37093,-7.13019],[-36.36749,-7.13428],[-36.37161,-7.13905],[-36.3723,-7.14382],[-36.36887,-7.14791],[-36.36337,-7.14722],[-36.36887,-7.15267],[-36.36887,-7.1554],[-36.36406,-7.15881],[-36.36612,-7.16289],[-36.36406,-7.17107],[-36.36749,-7.17448],[-36.36612,-7.1772],[-36.35925,-7.1772],[-36.35857,-7.18061],[-36.35994,-7.18333],[-36.36406,-7.18197],[-36.36887,-7.18469],[-36.36475,-7.19151],[-36.36612,-7.19559],[-36.37024,-7.19151],[-36.37436,-7.19151],[-36.37573,-7.19355],[-36.3723,-7.19832],[-36.38397,-7.20377],[-36.38397,-7.20922],[-36.37711,-7.20786],[-36.37985,-7.2208],[-36.37367,-7.22284],[-36.3723,-7.22693],[-36.37711,-7.22966],[-36.37436,-7.23783],[-36.37917,-7.24396],[-36.37917,-7.24805],[-36.37642,-7.24941],[-36.36337,-7.24941],[-36.35994,-7.2426],[-36.35719,-7.24192],[-36.34827,-7.24941],[-36.35033,-7.2535],[-36.34895,-7.25758],[-36.33865,-7.25895],[-36.33453,-7.25213],[-36.34346,-7.25077],[-36.34483,-7.24328],[-36.33659,-7.24396],[-36.33591,-7.23987],[-36.32767,-7.23851],[-36.32698,-7.23647],[-36.33522,-7.23238],[-36.33041,-7.22966],[-36.33041,-7.22625],[-36.33453,-7.22216],[-36.34346,-7.21944],[-36.34483,-7.21126],[-36.33522,-7.21467],[-36.33041,-7.21263],[-36.32561,-7.21467],[-36.32492,-7.2099],[-36.33247,-7.19696],[-36.32423,-7.19832],[-36.3208,-7.20309],[-36.31943,-7.19559],[-36.31531,-7.19696],[-36.31599,-7.20241],[-36.31325,-7.20377],[-36.31599,-7.21194],[-36.31187,-7.21603],[-36.31599,-7.22012],[-36.30501,-7.22148],[-36.30363,-7.22421],[-36.30981,-7.22897],[-36.30981,-7.23374],[-36.29196,-7.23987],[-36.28716,-7.23851],[-36.2851,-7.2426],[-36.28235,-7.23987],[-36.27136,-7.23919],[-36.27068,-7.23715],[-36.27205,-7.23034],[-36.28647,-7.22625],[-36.28372,-7.2208],[-36.28578,-7.21671],[-36.28922,-7.21603],[-36.28784,-7.2099],[-36.28235,-7.21535],[-36.27823,-7.21399],[-36.27205,-7.22284],[-36.2693,-7.22284],[-36.26793,-7.21739],[-36.26381,-7.21671],[-36.26244,-7.21399],[-36.26587,-7.20445],[-36.26106,-7.20513],[-36.25351,-7.20173],[-36.25694,-7.2099],[-36.2542,-7.21603],[-36.25557,-7.22421],[-36.25832,-7.22557],[-36.25969,-7.2317],[-36.25282,-7.23442],[-36.25626,-7.24192],[-36.24802,-7.24464],[-36.24939,-7.23715],[-36.24321,-7.23442],[-36.2439,-7.23102],[-36.23978,-7.22421],[-36.24184,-7.21944],[-36.23703,-7.21807],[-36.24046,-7.21331],[-36.24046,-7.20786],[-36.23428,-7.20309],[-36.22742,-7.20309],[-36.22742,-7.19559],[-36.21986,-7.18742],[-36.2233,-7.20581],[-36.22948,-7.21263],[-36.22742,-7.22216],[-36.22879,-7.23306],[-36.21849,-7.22489],[-36.2178,-7.22829],[-36.22124,-7.23442],[-36.21712,-7.23851],[-36.21986,-7.24124],[-36.22948,-7.23987],[-36.23085,-7.24192],[-36.22879,-7.246],[-36.2336,-7.24737],[-36.2336,-7.2535],[-36.22948,-7.25554],[-36.22948,-7.26031],[-36.22398,-7.25758],[-36.21849,-7.25895],[-36.2178,-7.26167],[-36.22192,-7.26712],[-36.22604,-7.26848],[-36.22536,-7.27325],[-36.22742,-7.27461],[-36.23497,-7.27393],[-36.23703,-7.26984],[-36.24527,-7.26848],[-36.24733,-7.27257],[-36.25282,-7.27257],[-36.25694,-7.27802],[-36.26244,-7.28006],[-36.26656,-7.27734],[-36.27411,-7.27802],[-36.27617,-7.28142],[-36.27205,-7.28278],[-36.27274,-7.28823],[-36.26724,-7.293],[-36.27068,-7.29641],[-36.26793,-7.29981],[-36.27068,-7.3073],[-36.26656,-7.3073],[-36.25626,-7.30117],[-36.24939,-7.30117],[-36.24939,-7.28619],[-36.24664,-7.28551],[-36.23978,-7.29028],[-36.23703,-7.28347],[-36.23154,-7.28347],[-36.23016,-7.28823],[-36.2233,-7.2896],[-36.22673,-7.29368],[-36.22398,-7.29641],[-36.22536,-7.30186],[-36.21918,-7.3039],[-36.21918,-7.29845],[-36.21712,-7.29709],[-36.21231,-7.29981],[-36.21094,-7.29504],[-36.21986,-7.293],[-36.21986,-7.28823],[-36.21094,-7.28551],[-36.21025,-7.28142],[-36.20476,-7.28074],[-36.21162,-7.27325],[-36.20682,-7.27461],[-36.19514,-7.2678],[-36.18896,-7.27121],[-36.18965,-7.26371],[-36.17798,-7.26508],[-36.16837,-7.27052],[-36.16356,-7.26916],[-36.16493,-7.26167],[-36.17249,-7.25758],[-36.17455,-7.2535],[-36.19102,-7.25077],[-36.19034,-7.246],[-36.19377,-7.24328],[-36.19514,-7.23579],[-36.19308,-7.23374],[-36.1869,-7.23442],[-36.18416,-7.23034],[-36.18073,-7.23919],[-36.17249,-7.23783],[-36.16768,-7.24124],[-36.15601,-7.23987],[-36.14845,-7.24192],[-36.14365,-7.23715],[-36.15601,-7.2317],[-36.1512,-7.22897],[-36.15051,-7.22557],[-36.13953,-7.22557],[-36.14227,-7.22216],[-36.1409,-7.22012],[-36.13266,-7.2208],[-36.13129,-7.21535],[-36.14021,-7.21126],[-36.14227,-7.20786],[-36.13472,-7.20854],[-36.12785,-7.20513],[-36.12373,-7.21058],[-36.11755,-7.21194],[-36.12167,-7.21467],[-36.12099,-7.23034],[-36.11755,-7.22897],[-36.11687,-7.22489],[-36.11206,-7.22421],[-36.11,-7.22148],[-36.10657,-7.22284],[-36.10382,-7.21876],[-36.09764,-7.21671],[-36.09764,-7.22625],[-36.08597,-7.22148],[-36.08391,-7.22625],[-36.07361,-7.23102],[-36.07361,-7.23374],[-36.08047,-7.23442],[-36.08459,-7.23919],[-36.07155,-7.24396],[-36.0791,-7.246],[-36.08459,-7.25145],[-36.0791,-7.2535],[-36.07567,-7.25009],[-36.07086,-7.25077],[-36.07635,-7.26167],[-36.06537,-7.26031],[-36.06468,-7.26303],[-36.06812,-7.26576],[-36.06468,-7.2678],[-36.06468,-7.27325],[-36.05782,-7.27257],[-36.05507,-7.26916],[-36.04546,-7.26644],[-36.04546,-7.26371],[-36.04958,-7.26371],[-36.05026,-7.25963],[-36.05438,-7.25826],[-36.05026,-7.2535],[-36.05438,-7.24941],[-36.05095,-7.24668],[-36.05095,-7.23851],[-36.04477,-7.24328],[-36.04134,-7.25077],[-36.0434,-7.25486],[-36.04202,-7.25758],[-36.03584,-7.25826],[-36.03241,-7.2535],[-36.01799,-7.25963],[-36.01799,-7.25145],[-36.01181,-7.25281],[-36.01044,-7.25895],[-36.00563,-7.26099],[-36.00632,-7.26439],[-36.01387,-7.2678],[-36.01112,-7.27597],[-36.007,-7.27529],[-36.00014,-7.26644],[-35.99602,-7.26984],[-35.98572,-7.26848],[-35.98366,-7.26644],[-35.98434,-7.26031],[-35.97748,-7.26099],[-35.97748,-7.24396],[-35.97473,-7.24805],[-35.96992,-7.24805],[-35.96718,-7.25077],[-35.96786,-7.25758],[-35.96512,-7.25963],[-35.95825,-7.25622],[-35.95963,-7.24873],[-35.95688,-7.2426],[-35.95413,-7.24532],[-35.94246,-7.24328],[-35.94109,-7.24668],[-35.94727,-7.25077],[-35.94658,-7.25486],[-35.93765,-7.25418],[-35.92667,-7.25963],[-35.91911,-7.25077],[-35.92255,-7.23647],[-35.92117,-7.23238],[-35.91705,-7.23034],[-35.91499,-7.23306],[-35.91843,-7.23851],[-35.91431,-7.23919],[-35.91087,-7.24328],[-35.91019,-7.26303],[-35.90607,-7.26303],[-35.89989,-7.25826],[-35.89989,-7.25213],[-35.89233,-7.25213],[-35.8889,-7.24532],[-35.88684,-7.24532],[-35.88821,-7.25145],[-35.88547,-7.25213],[-35.88547,-7.25486],[-35.89096,-7.26235],[-35.89302,-7.27325],[-35.88821,-7.27393],[-35.88478,-7.26644],[-35.8786,-7.26576],[-35.87173,-7.26099],[-35.86761,-7.25281],[-35.8683,-7.24668],[-35.86349,-7.24532],[-35.86281,-7.23783],[-35.86006,-7.2351],[-35.86006,-7.23034],[-35.86555,-7.22897],[-35.86555,-7.22489],[-35.85663,-7.21876],[-35.85457,-7.21126],[-35.85457,-7.20854],[-35.85663,-7.20854],[-35.85869,-7.21263],[-35.86349,-7.21331],[-35.86555,-7.20786],[-35.86075,-7.20581],[-35.85732,-7.19764],[-35.85182,-7.19491],[-35.85045,-7.1881],[-35.83946,-7.18333],[-35.82504,-7.16698],[-35.80376,-7.15404],[-35.78934,-7.13973],[-35.7914,-7.13632],[-35.79689,-7.13428],[-35.79826,-7.13019],[-35.78934,-7.12815],[-35.78865,-7.1336],[-35.78316,-7.13292],[-35.78178,-7.13019],[-35.78522,-7.1261],[-35.77698,-7.12406],[-35.77766,-7.12133],[-35.7811,-7.12201],[-35.77766,-7.11043],[-35.7708,-7.10975],[-35.76736,-7.10634],[-35.76599,-7.09953],[-35.76805,-7.09612],[-35.7756,-7.09476],[-35.77835,-7.09885],[-35.78178,-7.09544],[-35.78728,-7.09476],[-35.79552,-7.09817],[-35.79895,-7.08726],[-35.80307,-7.0825],[-35.79552,-7.08795],[-35.79071,-7.08795],[-35.79002,-7.08386],[-35.78522,-7.08454],[-35.78453,-7.08113],[-35.77835,-7.07977],[-35.78247,-7.07227],[-35.7811,-7.06887],[-35.76462,-7.06682],[-35.7605,-7.06205],[-35.75089,-7.06137],[-35.75432,-7.05865],[-35.75157,-7.05592],[-35.75775,-7.05183],[-35.75844,-7.04093],[-35.76256,-7.04433],[-35.76805,-7.04229],[-35.77217,-7.04502],[-35.77286,-7.03956],[-35.7811,-7.03752],[-35.77286,-7.03411],[-35.77492,-7.03071],[-35.78178,-7.02866],[-35.79483,-7.03071],[-35.79552,-7.02662],[-35.80307,-7.02866],[-35.8017,-7.02525],[-35.79483,-7.02321],[-35.78865,-7.02525],[-35.78247,-7.02253],[-35.78178,-7.0198],[-35.7914,-7.02048],[-35.79208,-7.01639],[-35.80101,-7.01912],[-35.8017,-7.01639],[-35.79277,-7.01299],[-35.79208,-7.00753],[-35.79002,-7.00753],[-35.78796,-7.0089],[-35.79002,-7.0123],[-35.78865,-7.01503],[-35.78247,-7.01571],[-35.78041,-7.01912],[-35.77286,-7.01639],[-35.77217,-7.0198],[-35.77766,-7.02525],[-35.77629,-7.02798],[-35.76393,-7.02934],[-35.7605,-7.02457],[-35.755,-7.02253],[-35.75432,-7.01776],[-35.75569,-7.01094],[-35.76118,-7.00822],[-35.75363,-7.00549],[-35.74608,-7.00822],[-35.74196,-7.00549],[-35.74471,-6.99799],[-35.74883,-6.99527],[-35.74333,-6.99322],[-35.74127,-6.99936],[-35.73509,-7.00004],[-35.71999,-6.99663],[-35.72205,-6.98981],[-35.7193,-6.98981],[-35.71449,-6.98436],[-35.71175,-6.98845],[-35.709,-6.98777],[-35.70625,-6.97891],[-35.70213,-6.97687],[-35.69733,-6.97687],[-35.69252,-6.98368],[-35.68977,-6.97959],[-35.68634,-6.97891],[-35.68634,-6.97073],[-35.68222,-6.97414],[-35.68153,-6.983],[-35.67673,-6.98504],[-35.68085,-6.97959],[-35.67947,-6.97278],[-35.67673,-6.97209],[-35.67741,-6.96937],[-35.67192,-6.96732],[-35.66574,-6.96869],[-35.66711,-6.96528],[-35.67055,-6.9646],[-35.66711,-6.96119],[-35.66711,-6.95574],[-35.66299,-6.95778],[-35.65819,-6.95437],[-35.64789,-6.95574],[-35.64514,-6.95983],[-35.64377,-6.95778],[-35.64789,-6.95301],[-35.64102,-6.95233],[-35.63965,-6.94619],[-35.64445,-6.94619],[-35.64789,-6.95097],[-35.65338,-6.95233],[-35.65819,-6.94824],[-35.66162,-6.95301],[-35.66437,-6.95301],[-35.66505,-6.94688],[-35.66711,-6.94619],[-35.67329,-6.94892],[-35.6781,-6.95505],[-35.68565,-6.94483],[-35.68428,-6.93733],[-35.68909,-6.93597],[-35.69115,-6.94347],[-35.68977,-6.95028],[-35.70007,-6.94551],[-35.70557,-6.95369],[-35.71449,-6.95505],[-35.72136,-6.95097],[-35.71312,-6.95233],[-35.71175,-6.9496],[-35.70625,-6.94892],[-35.70488,-6.94347],[-35.69801,-6.9387],[-35.69664,-6.93188],[-35.70076,-6.92438],[-35.69321,-6.92438],[-35.68977,-6.91961],[-35.69733,-6.91688],[-35.69527,-6.91211],[-35.6987,-6.90666],[-35.68909,-6.90666],[-35.67947,-6.91007],[-35.67673,-6.9087],[-35.67741,-6.9053],[-35.68291,-6.90189],[-35.67947,-6.8978],[-35.68085,-6.89371],[-35.68909,-6.89371],[-35.69458,-6.89916],[-35.70076,-6.89848],[-35.70694,-6.90189],[-35.71243,-6.90666],[-35.71243,-6.91075],[-35.71587,-6.91211],[-35.71449,-6.91825],[-35.71724,-6.92029],[-35.72617,-6.92029],[-35.72617,-6.92506],[-35.73029,-6.92779],[-35.73647,-6.9237],[-35.74608,-6.93188],[-35.74745,-6.93052],[-35.73853,-6.91688],[-35.74814,-6.91825],[-35.74951,-6.91484],[-35.75363,-6.91484],[-35.75775,-6.91688],[-35.75844,-6.92166],[-35.76324,-6.92097],[-35.76736,-6.92438],[-35.76324,-6.91825],[-35.76668,-6.91143],[-35.78041,-6.92097],[-35.78522,-6.91961],[-35.77217,-6.91075],[-35.7708,-6.90666],[-35.75912,-6.90461],[-35.75089,-6.88894],[-35.75157,-6.88621],[-35.74539,-6.88553],[-35.7502,-6.88144],[-35.77148,-6.88076],[-35.77148,-6.87735],[-35.76393,-6.87326],[-35.76393,-6.87053],[-35.77766,-6.87326],[-35.77835,-6.8678],[-35.7708,-6.86371],[-35.7708,-6.85962],[-35.76324,-6.85758],[-35.76256,-6.86371],[-35.75432,-6.86235],[-35.75157,-6.86917],[-35.74127,-6.86985],[-35.74059,-6.86371],[-35.74333,-6.86167],[-35.73853,-6.8603],[-35.73784,-6.86303],[-35.73441,-6.86235],[-35.73715,-6.85826],[-35.72754,-6.85349],[-35.72823,-6.84735],[-35.72548,-6.84394],[-35.69321,-6.84462],[-35.69664,-6.83644],[-35.709,-6.8344],[-35.71587,-6.8419],[-35.72617,-6.83917],[-35.74059,-6.85076],[-35.74951,-6.8494],[-35.75638,-6.85349],[-35.75775,-6.84803],[-35.76599,-6.85485],[-35.77354,-6.8528],[-35.77148,-6.84326],[-35.78728,-6.84531],[-35.79208,-6.85008],[-35.80719,-6.84667],[-35.80925,-6.85008],[-35.8065,-6.85349],[-35.81268,-6.85417],[-35.81818,-6.84803],[-35.81955,-6.83917],[-35.82642,-6.83781],[-35.82848,-6.84599],[-35.84015,-6.84735],[-35.84084,-6.85144],[-35.8374,-6.85553],[-35.84152,-6.85826],[-35.84564,-6.86712],[-35.84839,-6.86576],[-35.84564,-6.85962],[-35.8477,-6.85212],[-35.87585,-6.86235],[-35.87517,-6.8569],[-35.87036,-6.85485],[-35.87036,-6.85008],[-35.86555,-6.84735],[-35.86899,-6.84394],[-35.86899,-6.83781],[-35.87791,-6.83781],[-35.88135,-6.84258],[-35.88066,-6.84599],[-35.88409,-6.84531],[-35.89508,-6.85144],[-35.89027,-6.8603],[-35.89645,-6.87121],[-35.87997,-6.86576],[-35.88684,-6.87394],[-35.88272,-6.87666],[-35.88684,-6.88416],[-35.89508,-6.88621],[-35.89027,-6.88825],[-35.88959,-6.89166],[-35.88478,-6.89234],[-35.89027,-6.89643],[-35.88821,-6.90257],[-35.89371,-6.9053],[-35.90195,-6.90052],[-35.90057,-6.90598],[-35.91568,-6.91757],[-35.90744,-6.92779],[-35.90195,-6.92915],[-35.90744,-6.93461],[-35.90744,-6.93938],[-35.91499,-6.93733],[-35.92049,-6.9387],[-35.92323,-6.93665],[-35.92392,-6.94074],[-35.93353,-6.94756],[-35.9301,-6.95369],[-35.92392,-6.95233],[-35.92804,-6.95505],[-35.92873,-6.95846],[-35.9301,-6.95574],[-35.93422,-6.95642],[-35.93765,-6.96528],[-35.9404,-6.96528],[-35.9404,-6.96187],[-35.94315,-6.95983],[-35.96031,-6.97414],[-35.95894,-6.98164],[-35.97542,-6.98027],[-35.98091,-6.98368],[-35.98228,-6.99254],[-35.98709,-6.9939],[-35.9864,-6.98573],[-35.99052,-6.98641],[-35.99258,-6.98573],[-35.98709,-6.97959],[-35.98022,-6.97687],[-35.98022,-6.97278],[-35.98503,-6.97209],[-35.98228,-6.95983],[-35.97679,-6.95846],[-35.96992,-6.96051],[-35.96443,-6.95437],[-35.95757,-6.95846],[-35.95276,-6.95642],[-35.94795,-6.9496],[-35.95619,-6.94892],[-35.95139,-6.93801],[-35.95688,-6.93733],[-35.96443,-6.94347],[-35.97885,-6.94756],[-35.98091,-6.95233],[-35.99464,-6.95642],[-35.99464,-6.9387],[-35.99739,-6.93665],[-35.98778,-6.93052],[-35.9864,-6.9237],[-35.98091,-6.92438],[-35.97885,-6.92166],[-35.96992,-6.92029],[-35.96031,-6.91416],[-35.95482,-6.9087],[-35.95619,-6.9053],[-36.01456,-6.9237],[-36.02348,-6.93052],[-36.03172,-6.93052],[-36.03241,-6.93529],[-36.03859,-6.93733],[-36.04683,-6.93461],[-36.04683,-6.93256],[-36.03859,-6.92915],[-36.04271,-6.92506],[-36.06674,-6.92302],[-36.07704,-6.91893],[-36.08391,-6.93188],[-36.09352,-6.93938],[-36.09489,-6.93461],[-36.09283,-6.92915],[-36.09901,-6.92643],[-36.09627,-6.92506],[-36.09283,-6.92711],[-36.08391,-6.92302],[-36.08116,-6.91552],[-36.08871,-6.91484],[-36.08871,-6.91279],[-36.08528,-6.90939],[-36.07773,-6.90734],[-36.07773,-6.90052],[-36.07567,-6.89848],[-36.0688,-6.89575],[-36.06743,-6.90189],[-36.05988,-6.89916],[-36.05576,-6.90052],[-36.05026,-6.89712],[-36.05026,-6.89098],[-36.04408,-6.88962],[-36.04752,-6.88076],[-36.05988,-6.88348],[-36.0482,-6.87121],[-36.04752,-6.86235],[-36.04958,-6.8603],[-36.05232,-6.8603],[-36.05438,-6.86371],[-36.05919,-6.86099],[-36.06125,-6.8678],[-36.06468,-6.87053],[-36.0688,-6.87053],[-36.07018,-6.8678],[-36.07773,-6.87189],[-36.08185,-6.87053],[-36.08322,-6.87598],[-36.0894,-6.87462],[-36.09283,-6.88076],[-36.09489,-6.88007],[-36.09489,-6.87189],[-36.07018,-6.86508],[-36.06194,-6.85553],[-36.06125,-6.84667],[-36.0537,-6.84326],[-36.06331,-6.83781],[-36.0688,-6.83849],[-36.07292,-6.83235],[-36.06743,-6.8344],[-36.06262,-6.83303],[-36.05301,-6.83712],[-36.0482,-6.83508],[-36.04408,-6.84394],[-36.04134,-6.84394],[-36.0331,-6.83576],[-36.03653,-6.83303],[-36.03722,-6.82826],[-36.04408,-6.8269],[-36.04408,-6.82213],[-36.03928,-6.81803],[-36.04065,-6.81531],[-36.05232,-6.81735],[-36.0585,-6.8119],[-36.05301,-6.81326],[-36.05301,-6.80713],[-36.05095,-6.80644],[-36.04752,-6.80644],[-36.04134,-6.81122],[-36.03241,-6.80849],[-36.03035,-6.80917],[-36.03035,-6.81258],[-36.02348,-6.81122],[-36.0228,-6.80508],[-36.02692,-6.80099],[-36.02554,-6.7969],[-36.03172,-6.78599],[-36.02829,-6.77644],[-36.02348,-6.78122],[-36.01936,-6.77917],[-36.02005,-6.77031],[-36.02486,-6.76894],[-36.0276,-6.76349],[-36.02966,-6.77303],[-36.03172,-6.77303],[-36.03241,-6.76144],[-36.03516,-6.7594],[-36.03859,-6.76417],[-36.04065,-6.7819],[-36.04546,-6.78053],[-36.04752,-6.78531],[-36.05232,-6.78803],[-36.05232,-6.78258],[-36.05782,-6.78463],[-36.05919,-6.77917],[-36.05232,-6.77781],[-36.05164,-6.7744],[-36.06125,-6.7744],[-36.06468,-6.77781],[-36.06812,-6.77781],[-36.07018,-6.7744],[-36.06743,-6.77235],[-36.06674,-6.76622],[-36.07155,-6.76553],[-36.0743,-6.76963],[-36.07361,-6.7744],[-36.07841,-6.77644],[-36.07773,-6.77917],[-36.07361,-6.77985],[-36.07498,-6.78735],[-36.07841,-6.7894],[-36.07979,-6.79622],[-36.08459,-6.79554],[-36.08116,-6.80235],[-36.08734,-6.80304],[-36.09009,-6.8119],[-36.09215,-6.81053],[-36.09215,-6.80508],[-36.09627,-6.80372],[-36.10176,-6.82281],[-36.10725,-6.82485],[-36.10794,-6.8194],[-36.11481,-6.82144],[-36.11,-6.80985],[-36.11206,-6.80508],[-36.11755,-6.80644],[-36.11755,-6.80372],[-36.11481,-6.80099],[-36.10863,-6.80235],[-36.10107,-6.78803],[-36.0997,-6.77644],[-36.10588,-6.78326],[-36.10725,-6.77644],[-36.10107,-6.76349],[-36.09627,-6.76008],[-36.09489,-6.75326],[-36.09833,-6.7519],[-36.09833,-6.74576],[-36.09215,-6.74167],[-36.09215,-6.73689],[-36.10245,-6.73076],[-36.10725,-6.73758],[-36.10794,-6.74371],[-36.11069,-6.74303],[-36.11343,-6.74644],[-36.11618,-6.75803],[-36.11961,-6.76212],[-36.12511,-6.76281],[-36.12305,-6.75462],[-36.12717,-6.74917],[-36.1203,-6.74508],[-36.12305,-6.74167],[-36.1203,-6.73758],[-36.1203,-6.73212],[-36.12373,-6.72871],[-36.12305,-6.72394],[-36.12648,-6.72394],[-36.1306,-6.73008],[-36.12991,-6.73621],[-36.13403,-6.73758],[-36.13541,-6.73349],[-36.14296,-6.7328],[-36.13678,-6.72598],[-36.14159,-6.71848],[-36.13815,-6.71303],[-36.12991,-6.71644],[-36.12648,-6.70416],[-36.12167,-6.69939],[-36.12099,-6.71166],[-36.11618,-6.70484],[-36.11137,-6.70757],[-36.10931,-6.71303],[-36.10382,-6.70757],[-36.10313,-6.7253],[-36.09077,-6.7253],[-36.0894,-6.72121],[-36.09283,-6.70894],[-36.08391,-6.7028],[-36.08253,-6.68507],[-36.08803,-6.67757],[-36.08528,-6.67279],[-36.09283,-6.66256],[-36.08665,-6.66324],[-36.08665,-6.65983],[-36.07704,-6.65301],[-36.0743,-6.65301],[-36.06949,-6.65915],[-36.0585,-6.6612],[-36.05301,-6.6496],[-36.04683,-6.65029],[-36.04271,-6.64483],[-36.03653,-6.64415],[-36.03035,-6.63392],[-36.03241,-6.62369],[-36.02005,-6.62369],[-36.0173,-6.62164],[-36.00426,-6.62369],[-36.0022,-6.61959],[-35.9919,-6.61618],[-35.99121,-6.61004],[-35.98915,-6.60936],[-35.99052,-6.60049],[-36.00426,-6.59436],[-35.99602,-6.58958],[-35.98709,-6.59367],[-35.98228,-6.59231],[-35.97954,-6.60254],[-35.97267,-6.59845],[-35.96992,-6.59913],[-35.9713,-6.60595],[-35.96855,-6.608],[-35.96031,-6.60663],[-35.96306,-6.61073],[-35.96031,-6.61686],[-35.96169,-6.62232],[-35.96649,-6.62096],[-35.9713,-6.6155],[-35.97748,-6.61686],[-35.97267,-6.62028],[-35.97061,-6.62573],[-35.97748,-6.62573],[-35.97679,-6.63051],[-35.98366,-6.6346],[-35.98503,-6.64074],[-35.98297,-6.64346],[-35.98846,-6.65165],[-35.98846,-6.65574],[-35.98366,-6.65983],[-35.97748,-6.65983],[-35.97885,-6.65029],[-35.97267,-6.64415],[-35.96786,-6.64824],[-35.96306,-6.64756],[-35.96375,-6.63869],[-35.95619,-6.64074],[-35.95413,-6.63801],[-35.94727,-6.63733],[-35.94864,-6.65301],[-35.94177,-6.65438],[-35.94452,-6.64756],[-35.93903,-6.64619],[-35.93628,-6.62982],[-35.92873,-6.62505],[-35.92598,-6.61277],[-35.92186,-6.60595],[-35.9198,-6.608],[-35.92049,-6.6155],[-35.92804,-6.63664],[-35.92667,-6.64892],[-35.92255,-6.65029],[-35.92323,-6.6612],[-35.91774,-6.66052],[-35.91637,-6.66393],[-35.9095,-6.66393],[-35.90401,-6.65915],[-35.8992,-6.65983],[-35.89439,-6.65029],[-35.88753,-6.64824],[-35.88478,-6.6421],[-35.87997,-6.64551],[-35.88135,-6.65233],[-35.87929,-6.65301],[-35.87585,-6.64824],[-35.87379,-6.65642],[-35.86967,-6.65915],[-35.86212,-6.65029],[-35.86624,-6.64688],[-35.86624,-6.64415],[-35.86212,-6.64278],[-35.86418,-6.63733],[-35.85594,-6.63664],[-35.85251,-6.63323],[-35.8374,-6.63255],[-35.83809,-6.62846],[-35.85045,-6.63051],[-35.86281,-6.62028],[-35.8683,-6.62232],[-35.86899,-6.61414],[-35.86555,-6.61073],[-35.86143,-6.61755],[-35.84976,-6.62096],[-35.84839,-6.61755],[-35.84358,-6.61686],[-35.84221,-6.61414],[-35.83397,-6.61345],[-35.8374,-6.60868],[-35.83534,-6.60459],[-35.82024,-6.61209],[-35.82024,-6.6155],[-35.82436,-6.61618],[-35.82504,-6.623],[-35.81886,-6.623],[-35.81474,-6.61482],[-35.81131,-6.62096],[-35.80582,-6.62232],[-35.81612,-6.63255],[-35.80994,-6.64005],[-35.8168,-6.6421],[-35.82092,-6.64756],[-35.81268,-6.64756],[-35.80856,-6.65165],[-35.80856,-6.65574],[-35.80444,-6.65642],[-35.80101,-6.66052],[-35.79002,-6.65983],[-35.7914,-6.65438],[-35.7859,-6.65506],[-35.78384,-6.65029],[-35.77629,-6.64824],[-35.77835,-6.63528],[-35.77492,-6.63255],[-35.7756,-6.62846],[-35.76942,-6.62573],[-35.77354,-6.61823],[-35.78178,-6.61618],[-35.78178,-6.61004],[-35.77835,-6.60663],[-35.77423,-6.608],[-35.77286,-6.60322],[-35.76805,-6.60186],[-35.76805,-6.59777],[-35.7653,-6.59504],[-35.75775,-6.59436],[-35.75638,-6.59231],[-35.75089,-6.59367],[-35.75089,-6.59026],[-35.755,-6.5889],[-35.75638,-6.58276],[-35.75294,-6.58412],[-35.74402,-6.5814],[-35.74608,-6.57594],[-35.7399,-6.57048],[-35.74059,-6.56707],[-35.74402,-6.56502],[-35.74333,-6.55957],[-35.73029,-6.55957],[-35.72891,-6.55616],[-35.73509,-6.55002],[-35.73441,-6.54661],[-35.72891,-6.54456],[-35.72479,-6.53706],[-35.71449,-6.53501],[-35.71243,-6.52955],[-35.70831,-6.52819],[-35.70625,-6.52409],[-35.71037,-6.52137],[-35.72342,-6.53023],[-35.72411,-6.52341],[-35.72205,-6.52],[-35.73097,-6.52],[-35.73235,-6.52273],[-35.73509,-6.52273],[-35.73784,-6.51113],[-35.74333,-6.50499],[-35.74677,-6.5084],[-35.74745,-6.51386],[-35.75638,-6.51591],[-35.74883,-6.52614],[-35.75294,-6.52819],[-35.75706,-6.52614],[-35.76462,-6.52682],[-35.77011,-6.53092],[-35.77423,-6.53092],[-35.77766,-6.52887],[-35.77972,-6.52273],[-35.78247,-6.52273],[-35.79002,-6.53092],[-35.7914,-6.53637],[-35.79758,-6.54047],[-35.79964,-6.55002],[-35.80788,-6.55479],[-35.80788,-6.54661],[-35.81131,-6.54388],[-35.80582,-6.54251],[-35.79552,-6.5316],[-35.80238,-6.52341],[-35.81131,-6.52],[-35.8017,-6.52],[-35.7914,-6.52478],[-35.78796,-6.51727],[-35.78934,-6.50977],[-35.79071,-6.50772],[-35.80307,-6.50977],[-35.80856,-6.50499],[-35.82092,-6.50499],[-35.82504,-6.49408],[-35.8271,-6.50226],[-35.82024,-6.51045],[-35.82985,-6.51318],[-35.82985,-6.52205],[-35.83534,-6.52137],[-35.83809,-6.52341],[-35.84084,-6.51864],[-35.84839,-6.51591],[-35.85388,-6.50909],[-35.85594,-6.51318],[-35.85182,-6.51659],[-35.85045,-6.52546],[-35.85594,-6.52478],[-35.86212,-6.52],[-35.86967,-6.52273],[-35.86075,-6.53365],[-35.86075,-6.54183],[-35.87105,-6.53774],[-35.87997,-6.52955],[-35.88478,-6.53023],[-35.88478,-6.53228],[-35.87929,-6.53501],[-35.88203,-6.53978],[-35.87654,-6.54456],[-35.87791,-6.5507],[-35.87585,-6.55479],[-35.87929,-6.55547],[-35.87997,-6.56366],[-35.88821,-6.56366],[-35.89027,-6.56775],[-35.90057,-6.56502],[-35.90538,-6.57048],[-35.90469,-6.57662],[-35.8992,-6.58071],[-35.90057,-6.59095],[-35.89851,-6.59436],[-35.90057,-6.59777],[-35.90332,-6.59708],[-35.90675,-6.59095],[-35.90744,-6.5773],[-35.91156,-6.57253],[-35.92049,-6.57935],[-35.92529,-6.57935],[-35.92873,-6.58208],[-35.94315,-6.58208],[-35.94383,-6.57867],[-35.94933,-6.57457],[-35.95688,-6.57594],[-35.96443,-6.57185],[-35.96581,-6.57662],[-35.98503,-6.57799],[-35.98778,-6.58344],[-35.99876,-6.58276],[-36.00288,-6.57935],[-36.00288,-6.57662],[-35.99945,-6.57457],[-36.00014,-6.5698],[-36.00357,-6.56775],[-36.00082,-6.5623],[-36.00769,-6.5582],[-36.00632,-6.55275],[-36.00906,-6.5507],[-36.00838,-6.54524],[-36.0125,-6.53842],[-36.01799,-6.54047],[-36.02074,-6.53774],[-36.01662,-6.53296],[-36.01662,-6.52955],[-36.02692,-6.53092],[-36.02692,-6.53842],[-36.0331,-6.54183],[-36.03378,-6.55684],[-36.03653,-6.56025],[-36.02966,-6.56366],[-36.03035,-6.57526],[-36.03516,-6.58549],[-36.04271,-6.58003],[-36.0482,-6.58003],[-36.05438,-6.58617],[-36.06056,-6.58617],[-36.05919,-6.58822],[-36.05507,-6.58685],[-36.0537,-6.59231],[-36.05919,-6.59708],[-36.06194,-6.60459],[-36.07155,-6.60254],[-36.07292,-6.5964],[-36.07635,-6.59436],[-36.0791,-6.60322],[-36.08322,-6.60732],[-36.08803,-6.608],[-36.09009,-6.62232],[-36.09558,-6.62369],[-36.09833,-6.6271],[-36.10451,-6.62641],[-36.11412,-6.63119],[-36.11618,-6.62914],[-36.11481,-6.61141],[-36.11893,-6.61073],[-36.12305,-6.62778],[-36.12648,-6.63051],[-36.12648,-6.63664],[-36.13129,-6.64142],[-36.13403,-6.64892],[-36.13403,-6.65438],[-36.13884,-6.65097],[-36.1409,-6.64074],[-36.13884,-6.62505],[-36.14365,-6.63255],[-36.15051,-6.63733],[-36.14845,-6.64483],[-36.15257,-6.64483],[-36.15326,-6.64688],[-36.14983,-6.65233],[-36.15395,-6.6537],[-36.15944,-6.65097],[-36.16013,-6.65438],[-36.15944,-6.65779],[-36.14983,-6.66734],[-36.14708,-6.67825],[-36.15257,-6.67279],[-36.15669,-6.67416],[-36.15601,-6.68507],[-36.16081,-6.69802],[-36.16493,-6.69802],[-36.16287,-6.69189],[-36.16562,-6.68302],[-36.16356,-6.67143],[-36.17661,-6.67279],[-36.18553,-6.67688],[-36.18965,-6.67416],[-36.18553,-6.67075],[-36.18965,-6.66461],[-36.18553,-6.66256],[-36.18553,-6.65779],[-36.1821,-6.65574],[-36.18279,-6.6537],[-36.1869,-6.6537],[-36.1869,-6.65165],[-36.1821,-6.64892],[-36.18279,-6.64551],[-36.17867,-6.64551],[-36.17523,-6.64142],[-36.18004,-6.63051],[-36.1869,-6.63187],[-36.18622,-6.62164],[-36.16974,-6.623],[-36.16768,-6.61755],[-36.17592,-6.61414],[-36.17523,-6.60936],[-36.17867,-6.608],[-36.17729,-6.60118],[-36.18141,-6.59981],[-36.1869,-6.60322],[-36.19583,-6.59845],[-36.18896,-6.5964],[-36.18965,-6.5889],[-36.18347,-6.59299],[-36.17935,-6.59299],[-36.17798,-6.58753],[-36.17249,-6.58685],[-36.16905,-6.57594],[-36.17386,-6.57662],[-36.17729,-6.57321],[-36.17729,-6.56775],[-36.18073,-6.56571],[-36.18073,-6.56025],[-36.17523,-6.5582],[-36.17455,-6.55275],[-36.18073,-6.55889],[-36.18416,-6.55752],[-36.18416,-6.55343],[-36.18622,-6.55275],[-36.18553,-6.56434],[-36.19034,-6.56093],[-36.19377,-6.56298],[-36.19652,-6.56161],[-36.19446,-6.55343],[-36.1972,-6.55547],[-36.20544,-6.55343],[-36.19995,-6.54729],[-36.19446,-6.54592],[-36.19446,-6.53978],[-36.1924,-6.5391],[-36.19377,-6.53569],[-36.19858,-6.53365],[-36.19995,-6.52819],[-36.19652,-6.5316],[-36.1869,-6.52887],[-36.19377,-6.52],[-36.18965,-6.51864],[-36.19034,-6.51318],[-36.18416,-6.50977],[-36.18279,-6.50567],[-36.18073,-6.50636],[-36.18347,-6.51523],[-36.18279,-6.52137],[-36.17729,-6.52546],[-36.17249,-6.52341],[-36.17111,-6.52],[-36.16631,-6.52],[-36.16287,-6.51727],[-36.16219,-6.50499],[-36.15326,-6.50704],[-36.15189,-6.51318],[-36.13815,-6.51181],[-36.13541,-6.5084],[-36.12991,-6.50704],[-36.12854,-6.51181],[-36.12167,-6.51454],[-36.12305,-6.50977],[-36.11893,-6.5084],[-36.11961,-6.50499],[-36.12854,-6.50499],[-36.12854,-6.49749],[-36.12305,-6.49271],[-36.12167,-6.48725],[-36.12717,-6.47429],[-36.11893,-6.4777],[-36.11618,-6.47566],[-36.11687,-6.47224],[-36.11137,-6.46952],[-36.11137,-6.46747],[-36.11206,-6.46474],[-36.11824,-6.46747],[-36.12511,-6.46679],[-36.12991,-6.45928],[-36.12717,-6.45178],[-36.13747,-6.45246],[-36.13747,-6.45041],[-36.13335,-6.45041],[-36.12648,-6.44427],[-36.13129,-6.43608],[-36.12717,-6.4354],[-36.12579,-6.43131],[-36.12923,-6.42926],[-36.13335,-6.43131],[-36.13403,-6.42766],[-36.1285,-6.4252],[-36.1102,-6.4292],[-36.10588,-6.42452],[-36.10725,-6.42721],[-36.10588,-6.42926],[-36.10519,-6.42585],[-36.10176,-6.4238],[-36.08597,-6.42107],[-36.08322,-6.41288],[-36.08047,-6.41152],[-36.07567,-6.4122],[-36.07704,-6.41834],[-36.07361,-6.42039],[-36.07361,-6.42653],[-36.0688,-6.42448],[-36.06468,-6.42721],[-36.06125,-6.4238],[-36.06194,-6.41902],[-36.05913,-6.4163],[-36.0557,-6.4262],[-36.05064,-6.43267],[-36.05095,-6.43813],[-36.05644,-6.43813],[-36.05507,-6.44291],[-36.05164,-6.44564],[-36.0482,-6.44564],[-36.04614,-6.44291],[-36.04546,-6.44905],[-36.03996,-6.447],[-36.03996,-6.44158],[-36.02898,-6.44729],[-36.03584,-6.44905],[-36.04065,-6.45382],[-36.03447,-6.45451],[-36.03378,-6.45996],[-36.03104,-6.45996],[-36.03104,-6.45655],[-36.02486,-6.45314],[-36.0228,-6.45792],[-36.01387,-6.45928],[-36.01456,-6.4661],[-36.01181,-6.46542],[-36.01044,-6.46181],[-36.0083,-6.4651],[-36.0129,-6.471],[-36.0053,-6.4811],[-35.99808,-6.48292],[-35.99876,-6.48521],[-35.99464,-6.48862],[-35.97954,-6.49203],[-35.97954,-6.48794],[-35.9747,-6.4888],[-35.9652,-6.4844],[-35.95413,-6.4903],[-35.96031,-6.49067],[-35.961,-6.49271],[-35.95139,-6.49749],[-35.94727,-6.51045],[-35.95207,-6.51523],[-35.95139,-6.52068],[-35.95619,-6.53023],[-35.95345,-6.53569],[-35.94933,-6.53637],[-35.9507,-6.54661],[-35.94727,-6.54661],[-35.94727,-6.54934],[-35.95207,-6.55957],[-35.95688,-6.56298],[-35.94521,-6.56844],[-35.93559,-6.56502],[-35.9301,-6.56571],[-35.9301,-6.56093],[-35.92529,-6.55889],[-35.91774,-6.55002],[-35.91705,-6.54388],[-35.92049,-6.54251],[-35.92323,-6.54524],[-35.92667,-6.54456],[-35.92529,-6.53706],[-35.92804,-6.53296],[-35.93765,-6.53433],[-35.93491,-6.53092],[-35.92529,-6.52751],[-35.91843,-6.52887],[-35.91705,-6.52478],[-35.92392,-6.51864],[-35.92255,-6.51318],[-35.93079,-6.5084],[-35.93147,-6.50226],[-35.94315,-6.49294],[-35.7811,-6.48453],[-35.76393,-6.4809],[-35.76393,-6.48384],[-35.77011,-6.48657],[-35.77286,-6.49135],[-35.7708,-6.49408],[-35.76599,-6.49408],[-35.76393,-6.49817],[-35.76393,-6.48998],[-35.75638,-6.48384],[-35.75157,-6.48657],[-35.74883,-6.4818],[-35.73853,-6.47839],[-35.73303,-6.47839],[-35.73166,-6.48248],[-35.7296,-6.48248],[-35.72685,-6.47907],[-35.71587,-6.47634],[-35.71518,-6.47975],[-35.70831,-6.47907],[-35.70419,-6.4818],[-35.70419,-6.48453],[-35.69733,-6.48316],[-35.69183,-6.4777],[-35.69115,-6.47088],[-35.68703,-6.46952],[-35.68222,-6.45519],[-35.67398,-6.45655],[-35.67329,-6.46065],[-35.66368,-6.46065],[-35.66025,-6.46474],[-35.66093,-6.46815],[-35.67192,-6.47907],[-35.68703,-6.48521],[-35.69389,-6.49271],[-35.70282,-6.49408],[-35.70213,-6.49885],[-35.69939,-6.49953],[-35.70282,-6.5084],[-35.69801,-6.51181],[-35.68909,-6.51113],[-35.68222,-6.50295],[-35.67398,-6.50567],[-35.65956,-6.49749],[-35.66505,-6.50909],[-35.67879,-6.5125],[-35.67741,-6.51659],[-35.66917,-6.51795],[-35.67192,-6.52409],[-35.66574,-6.52273],[-35.66505,-6.52751],[-35.67055,-6.53296],[-35.67741,-6.53023],[-35.68771,-6.53023],[-35.68222,-6.53637],[-35.67604,-6.53842],[-35.67947,-6.54388],[-35.67879,-6.54934],[-35.68565,-6.55684],[-35.69252,-6.55684],[-35.69252,-6.56093],[-35.70351,-6.57048],[-35.69939,-6.57253],[-35.68977,-6.5698],[-35.68153,-6.57253],[-35.67947,-6.5773],[-35.69046,-6.58071],[-35.70213,-6.5773],[-35.70282,-6.58344],[-35.71037,-6.58685],[-35.71861,-6.58685],[-35.72067,-6.59299],[-35.72617,-6.59572],[-35.72823,-6.60868],[-35.73235,-6.61004],[-35.73372,-6.61414],[-35.7399,-6.61345],[-35.73578,-6.62028],[-35.73647,-6.62437],[-35.73097,-6.62641],[-35.72891,-6.62164],[-35.7193,-6.62573],[-35.71861,-6.61345],[-35.71243,-6.60595],[-35.709,-6.60663],[-35.70831,-6.61618],[-35.70488,-6.61891],[-35.69527,-6.61073],[-35.68771,-6.60868],[-35.68291,-6.60254],[-35.67673,-6.60186],[-35.67123,-6.59436],[-35.65956,-6.59299],[-35.65063,-6.58481],[-35.6369,-6.58481],[-35.63278,-6.58071],[-35.62317,-6.5814],[-35.62111,-6.57867],[-35.6115,-6.57867],[-35.60806,-6.57321],[-35.60394,-6.57321],[-35.60188,-6.57594],[-35.59364,-6.57389],[-35.58815,-6.5773],[-35.57716,-6.57116],[-35.5751,-6.56366],[-35.57304,-6.56366],[-35.57373,-6.56844],[-35.5703,-6.57048],[-35.56961,-6.57526],[-35.56412,-6.57799],[-35.56343,-6.58208],[-35.56755,-6.58344],[-35.56961,-6.58753],[-35.57442,-6.58208],[-35.57922,-6.58071],[-35.58334,-6.59436],[-35.58678,-6.59572],[-35.5909,-6.59231],[-35.59296,-6.59913],[-35.58472,-6.60663],[-35.58815,-6.61004],[-35.59364,-6.60936],[-35.59639,-6.61482],[-35.59502,-6.61959],[-35.60532,-6.63187],[-35.61424,-6.63255],[-35.61012,-6.64619],[-35.6163,-6.64688],[-35.61905,-6.65097],[-35.62454,-6.65165],[-35.6321,-6.64892],[-35.63484,-6.64551],[-35.63347,-6.64074],[-35.65063,-6.64074],[-35.65407,-6.63869],[-35.65475,-6.6346],[-35.65063,-6.63051],[-35.65201,-6.62573],[-35.65613,-6.62573],[-35.66093,-6.63119],[-35.67261,-6.63255],[-35.68085,-6.62846],[-35.67741,-6.64278],[-35.68153,-6.64688],[-35.68771,-6.64824],[-35.69046,-6.6537],[-35.70557,-6.65029],[-35.71037,-6.65438],[-35.71655,-6.65233],[-35.72205,-6.65779],[-35.72067,-6.66393],[-35.72617,-6.66938],[-35.73441,-6.66802],[-35.7399,-6.66188],[-35.7399,-6.67143],[-35.74745,-6.67143],[-35.74677,-6.67552],[-35.75157,-6.67961],[-35.75089,-6.68302],[-35.75363,-6.68575],[-35.76256,-6.68848],[-35.77217,-6.6878],[-35.77835,-6.69052],[-35.77835,-6.69257],[-35.77011,-6.69189],[-35.76805,-6.69734],[-35.755,-6.69052],[-35.74677,-6.69121],[-35.74333,-6.68916],[-35.74196,-6.67893],[-35.73647,-6.68029],[-35.73441,-6.67688],[-35.72891,-6.67484],[-35.72136,-6.67688],[-35.71724,-6.67416],[-35.71655,-6.66938],[-35.71312,-6.66802],[-35.71106,-6.66324],[-35.70488,-6.6612],[-35.69595,-6.66188],[-35.69801,-6.66802],[-35.67741,-6.66324],[-35.67604,-6.67143],[-35.67398,-6.65779],[-35.66025,-6.64074],[-35.65407,-6.64278],[-35.65063,-6.64824],[-35.6424,-6.64688],[-35.64171,-6.65029],[-35.63759,-6.6496],[-35.62798,-6.66393],[-35.62317,-6.65915],[-35.61905,-6.65915],[-35.61768,-6.66256],[-35.61356,-6.66188],[-35.60532,-6.65301],[-35.60051,-6.65233],[-35.59914,-6.64619],[-35.59296,-6.64005],[-35.58197,-6.64005],[-35.57785,-6.63596],[-35.58128,-6.64551],[-35.57373,-6.64756],[-35.58266,-6.66256],[-35.57442,-6.66529],[-35.57442,-6.66734],[-35.5806,-6.67416],[-35.58403,-6.67484],[-35.5854,-6.67893],[-35.59914,-6.68098],[-35.59708,-6.68848],[-35.60669,-6.69939],[-35.60669,-6.70825],[-35.57922,-6.70348],[-35.58128,-6.70825],[-35.57648,-6.71166],[-35.57236,-6.70962],[-35.57236,-6.70621],[-35.5703,-6.70621],[-35.56892,-6.7103],[-35.56412,-6.70416],[-35.55794,-6.70553],[-35.55725,-6.70894],[-35.56618,-6.71985],[-35.56755,-6.72598],[-35.56,-6.73008],[-35.56137,-6.74099],[-35.55725,-6.74167],[-35.55725,-6.74644],[-35.55313,-6.74644],[-35.55038,-6.74167],[-35.54352,-6.74508],[-35.54832,-6.74917],[-35.55107,-6.7594],[-35.55519,-6.76076],[-35.55107,-6.77031],[-35.55656,-6.7744],[-35.56343,-6.77167],[-35.56206,-6.78531],[-35.56892,-6.79213],[-35.57579,-6.79349],[-35.57922,-6.79826],[-35.58746,-6.80235],[-35.59364,-6.81122],[-35.5854,-6.81258],[-35.58746,-6.82144],[-35.58403,-6.82417],[-35.60326,-6.83576],[-35.59639,-6.83712],[-35.59227,-6.83303],[-35.57922,-6.82962],[-35.57304,-6.83644],[-35.56892,-6.83099],[-35.56412,-6.83712],[-35.5703,-6.84258],[-35.56549,-6.84326],[-35.56412,-6.84599],[-35.55725,-6.84599],[-35.55313,-6.85417],[-35.5442,-6.8528],[-35.53665,-6.8569],[-35.52704,-6.8528],[-35.52498,-6.85826],[-35.51811,-6.85621],[-35.51674,-6.85894],[-35.52567,-6.86303],[-35.52429,-6.86917],[-35.52635,-6.87257],[-35.53596,-6.86644],[-35.54558,-6.8678],[-35.54214,-6.87666],[-35.54558,-6.87871],[-35.54489,-6.88348],[-35.55244,-6.88553],[-35.56206,-6.87462],[-35.57236,-6.87462],[-35.57854,-6.86917],[-35.58334,-6.86917],[-35.58678,-6.8569],[-35.59158,-6.85621],[-35.59364,-6.85349],[-35.60257,-6.85417],[-35.59433,-6.8603],[-35.5909,-6.87394],[-35.5854,-6.87598],[-35.5806,-6.88212],[-35.58472,-6.88485],[-35.59433,-6.88485],[-35.5957,-6.8903],[-35.6012,-6.89507],[-35.6115,-6.89507],[-35.61424,-6.89303],[-35.6115,-6.89712],[-35.59914,-6.89916],[-35.60257,-6.90325],[-35.61081,-6.90325],[-35.61218,-6.90666],[-35.59227,-6.90393],[-35.58746,-6.90052],[-35.58952,-6.89507],[-35.58678,-6.89507],[-35.5854,-6.89984],[-35.57579,-6.89916],[-35.57716,-6.90734],[-35.5751,-6.91279],[-35.57716,-6.91484],[-35.5751,-6.91688],[-35.56892,-6.91416],[-35.56892,-6.90598],[-35.56274,-6.90734],[-35.56343,-6.91143],[-35.5703,-6.91688],[-35.56755,-6.92097],[-35.56892,-6.92643],[-35.57648,-6.92711],[-35.57922,-6.93188],[-35.59021,-6.92984],[-35.59227,-6.93324],[-35.5806,-6.94619],[-35.58334,-6.9496],[-35.58266,-6.95437],[-35.58815,-6.95846],[-35.5909,-6.96732],[-35.59639,-6.97482],[-35.61493,-6.983],[-35.61699,-6.98709],[-35.6266,-6.98709],[-35.62935,-6.97891],[-35.63141,-6.97891],[-35.63347,-6.98777],[-35.63072,-6.9939],[-35.64308,-6.99936],[-35.64857,-6.99731],[-35.65475,-7.00072],[-35.65338,-7.0089],[-35.65544,-7.01094],[-35.66162,-7.01435],[-35.66849,-7.01435],[-35.67123,-7.01844],[-35.68016,-7.01844],[-35.68428,-7.03207],[-35.68909,-7.03275],[-35.69046,-7.02525],[-35.69527,-7.02525],[-35.6987,-7.02185],[-35.69939,-7.02525],[-35.69458,-7.02798],[-35.69527,-7.03548],[-35.69321,-7.03888],[-35.69527,-7.04365],[-35.68977,-7.04161],[-35.68634,-7.04365],[-35.69389,-7.04979],[-35.70419,-7.05115],[-35.70694,-7.05524],[-35.70557,-7.05933],[-35.71037,-7.06478],[-35.71793,-7.06546],[-35.73235,-7.0825],[-35.71587,-7.07977],[-35.71175,-7.07704],[-35.70694,-7.07909],[-35.71793,-7.08999],[-35.71465,-7.09067],[-35.72273,-7.09544],[-35.72411,-7.10089],[-35.73715,-7.10907],[-35.73715,-7.11452],[-35.73166,-7.11316],[-35.73097,-7.10703],[-35.72754,-7.10498],[-35.72273,-7.10498],[-35.72067,-7.10839],[-35.69183,-7.09408],[-35.68909,-7.09749],[-35.69252,-7.10157],[-35.68359,-7.10021],[-35.67947,-7.10294],[-35.67879,-7.10907],[-35.67055,-7.10975],[-35.67123,-7.11248],[-35.67673,-7.11452],[-35.68634,-7.11384],[-35.69801,-7.11861],[-35.69733,-7.1227],[-35.69115,-7.12338],[-35.6884,-7.12951],[-35.69252,-7.1336],[-35.70351,-7.13224],[-35.70488,-7.13496],[-35.70213,-7.13632],[-35.70213,-7.13905],[-35.70557,-7.13905],[-35.70625,-7.14314],[-35.69733,-7.14382],[-35.69115,-7.13905],[-35.68634,-7.13973],[-35.68497,-7.137],[-35.68016,-7.13564],[-35.67879,-7.13155],[-35.67261,-7.13428],[-35.66849,-7.13224],[-35.66849,-7.12951],[-35.66093,-7.13087],[-35.66162,-7.12542],[-35.65544,-7.1261],[-35.65269,-7.12338],[-35.65063,-7.1261],[-35.64789,-7.12406],[-35.6472,-7.11929],[-35.64445,-7.12201],[-35.63622,-7.11861],[-35.63416,-7.11997],[-35.63759,-7.13155],[-35.64308,-7.13496],[-35.64445,-7.14109],[-35.64857,-7.14314],[-35.65132,-7.14995],[-35.64308,-7.14791],[-35.63347,-7.14041],[-35.6218,-7.14177],[-35.62111,-7.14927],[-35.62523,-7.15131],[-35.6266,-7.15949],[-35.63896,-7.16017],[-35.64102,-7.16289],[-35.63759,-7.16834],[-35.62592,-7.16834],[-35.62454,-7.17243],[-35.63347,-7.17652],[-35.62935,-7.17993],[-35.63072,-7.18333],[-35.63759,-7.18333],[-35.63965,-7.17924],[-35.64995,-7.17584],[-35.65269,-7.17652],[-35.64651,-7.17993],[-35.64651,-7.18538],[-35.64171,-7.18674],[-35.64034,-7.19083],[-35.63072,-7.19014],[-35.62729,-7.19355],[-35.63141,-7.19696],[-35.6369,-7.19491],[-35.64308,-7.20377],[-35.64926,-7.20309],[-35.65063,-7.19628],[-35.65338,-7.19832],[-35.65269,-7.20649],[-35.64926,-7.20854],[-35.64514,-7.20581],[-35.64171,-7.21058],[-35.64377,-7.21671],[-35.64926,-7.21807],[-35.64995,-7.2208],[-35.64651,-7.22625],[-35.64926,-7.23102],[-35.6575,-7.22489],[-35.66711,-7.22557],[-35.66849,-7.22148],[-35.66643,-7.21671],[-35.67329,-7.21535],[-35.67535,-7.21126],[-35.68359,-7.2099],[-35.68565,-7.20513],[-35.69046,-7.20922],[-35.70213,-7.21058],[-35.69939,-7.21876],[-35.70694,-7.22284],[-35.72685,-7.2208],[-35.72479,-7.22421],[-35.71518,-7.22352],[-35.71106,-7.22829],[-35.71312,-7.23442],[-35.72617,-7.24805],[-35.73029,-7.24805],[-35.73441,-7.25145],[-35.7399,-7.24941],[-35.74059,-7.25213],[-35.73853,-7.2569],[-35.73303,-7.25622],[-35.73166,-7.25963],[-35.72891,-7.25963],[-35.72273,-7.26644],[-35.72342,-7.26916],[-35.73303,-7.27529],[-35.74745,-7.27529],[-35.74677,-7.27938],[-35.73921,-7.2821],[-35.74059,-7.28619],[-35.74539,-7.28278],[-35.75844,-7.2821],[-35.75775,-7.27802],[-35.7708,-7.2787],[-35.7708,-7.2821],[-35.76118,-7.28278],[-35.76118,-7.29028],[-35.76942,-7.29096],[-35.77698,-7.29504],[-35.77492,-7.29777],[-35.76599,-7.29641],[-35.76256,-7.29845],[-35.74059,-7.29641],[-35.73921,-7.29913],[-35.74471,-7.30186],[-35.74745,-7.3073],[-35.74402,-7.30867],[-35.73784,-7.30662],[-35.73784,-7.30935],[-35.74814,-7.3148],[-35.75157,-7.3148],[-35.75226,-7.31139],[-35.75638,-7.31071],[-35.75638,-7.32501],[-35.76599,-7.31752],[-35.76942,-7.31888],[-35.77011,-7.32229],[-35.7756,-7.32229],[-35.77629,-7.32501],[-35.76462,-7.32433],[-35.755,-7.33046],[-35.74951,-7.32433],[-35.73921,-7.32297],[-35.73649,-7.32637],[-35.74162,-7.33795],[-35.74951,-7.34272],[-35.74745,-7.34612],[-35.7399,-7.3468],[-35.73509,-7.34408],[-35.73715,-7.33999],[-35.7415,-7.33795],[-35.73597,-7.32637],[-35.73303,-7.32842],[-35.71037,-7.32637],[-35.69595,-7.33114],[-35.68153,-7.33046],[-35.66849,-7.33523],[-35.66162,-7.33455],[-35.65887,-7.33727],[-35.6575,-7.34544],[-35.66231,-7.35021],[-35.67123,-7.34748],[-35.68085,-7.34817],[-35.69046,-7.34476],[-35.70792,-7.34953],[-35.70419,-7.33999],[-35.69801,-7.33931],[-35.69801,-7.33727],[-35.70351,-7.33591],[-35.70831,-7.33795],[-35.72067,-7.33455],[-35.73715,-7.33386],[-35.73853,-7.33795],[-35.73372,-7.34272],[-35.72479,-7.34204],[-35.72342,-7.34476],[-35.71587,-7.34476],[-35.71243,-7.33931],[-35.70449,-7.34067],[-35.70799,-7.34953],[-35.71518,-7.35293],[-35.72479,-7.35225],[-35.72617,-7.35021],[-35.73509,-7.35361],[-35.74951,-7.35225],[-35.75294,-7.3577],[-35.74471,-7.3577],[-35.73647,-7.36247],[-35.73647,-7.36587],[-35.73921,-7.36791],[-35.74677,-7.36655],[-35.7502,-7.36928],[-35.75157,-7.38085],[-35.75569,-7.38153],[-35.7605,-7.38834],[-35.77217,-7.38902],[-35.77354,-7.3829],[-35.77698,-7.3829],[-35.78316,-7.38834],[-35.78453,-7.39447],[-35.79346,-7.39515],[-35.79414,-7.39856],[-35.78247,-7.40264],[-35.7811,-7.40809],[-35.79071,-7.4183],[-35.79895,-7.41626],[-35.79964,-7.42239],[-35.80444,-7.42443],[-35.80307,-7.43056],[-35.80788,-7.43192],[-35.8168,-7.42988],[-35.82298,-7.43873],[-35.82848,-7.43669],[-35.83328,-7.44213],[-35.83603,-7.44213],[-35.83603,-7.43737],[-35.83191,-7.43465],[-35.83191,-7.43056],[-35.8271,-7.42647],[-35.82848,-7.42511],[-35.83603,-7.42852],[-35.83809,-7.4326],[-35.84358,-7.43056],[-35.83946,-7.43669],[-35.83946,-7.44282],[-35.84908,-7.44418],[-35.85732,-7.44009],[-35.85526,-7.44213],[-35.85594,-7.4469],[-35.84084,-7.45031],[-35.84839,-7.45439],[-35.858,-7.45099],[-35.85526,-7.45371],[-35.85732,-7.45916],[-35.84976,-7.45779],[-35.84152,-7.46052],[-35.84221,-7.46256],[-35.85251,-7.4646],[-35.85114,-7.46801],[-35.84564,-7.46596],[-35.84221,-7.46801],[-35.85114,-7.47754],[-35.85663,-7.47958],[-35.86212,-7.47618],[-35.87379,-7.4755],[-35.87448,-7.46869],[-35.8786,-7.46528],[-35.88203,-7.47073],[-35.89165,-7.47005],[-35.89371,-7.4755],[-35.87929,-7.4755],[-35.87997,-7.48094],[-35.87448,-7.48162],[-35.87654,-7.48911],[-35.87311,-7.48911],[-35.87036,-7.48435],[-35.86281,-7.48503],[-35.86624,-7.49183],[-35.85526,-7.48503],[-35.85182,-7.48571],[-35.85457,-7.48911],[-35.85251,-7.50341],[-35.84976,-7.50273],[-35.84839,-7.49728],[-35.83534,-7.49524],[-35.83328,-7.49864],[-35.83054,-7.4932],[-35.82161,-7.4966],[-35.82161,-7.4932],[-35.82573,-7.48911],[-35.82504,-7.48503],[-35.82161,-7.48503],[-35.81474,-7.4932],[-35.81062,-7.49456],[-35.80994,-7.49796],[-35.80032,-7.49864],[-35.80307,-7.50341],[-35.80719,-7.50477],[-35.80444,-7.50545],[-35.79826,-7.50341],[-35.79346,-7.50477],[-35.78316,-7.49796],[-35.77217,-7.49524],[-35.76599,-7.49728],[-35.76187,-7.49183],[-35.755,-7.49252],[-35.74883,-7.48843],[-35.74608,-7.48979],[-35.73921,-7.48367],[-35.73647,-7.48571],[-35.73166,-7.4823],[-35.72067,-7.48503],[-35.70557,-7.48503],[-35.70351,-7.48162],[-35.69939,-7.48094],[-35.69801,-7.48298],[-35.69183,-7.4823],[-35.6884,-7.48639],[-35.68565,-7.48639],[-35.67947,-7.48298],[-35.67604,-7.47686],[-35.67398,-7.47958],[-35.66643,-7.47958],[-35.6678,-7.47413],[-35.65613,-7.46869],[-35.65132,-7.46937],[-35.65201,-7.47209],[-35.65887,-7.47413],[-35.65613,-7.47754],[-35.64514,-7.47686],[-35.63896,-7.47141],[-35.63416,-7.47073],[-35.63072,-7.47686],[-35.62592,-7.47958],[-35.63347,-7.48298],[-35.62866,-7.48775],[-35.63072,-7.49524],[-35.65475,-7.5177],[-35.66437,-7.52247],[-35.68153,-7.53881],[-35.68771,-7.53881],[-35.68909,-7.54221],[-35.68359,-7.54425],[-35.68565,-7.55174],[-35.68016,-7.54766],[-35.67398,-7.5497],[-35.67604,-7.54289],[-35.67192,-7.53881],[-35.66643,-7.5354],[-35.65956,-7.53676],[-35.65613,-7.53404],[-35.65956,-7.53745],[-35.66025,-7.54493],[-35.65819,-7.54561],[-35.65819,-7.54902],[-35.66299,-7.5531],[-35.6575,-7.5565],[-35.65475,-7.55106],[-35.64789,-7.55242],[-35.65063,-7.54493],[-35.64651,-7.54221],[-35.64651,-7.53745],[-35.64308,-7.53472],[-35.63965,-7.54357],[-35.6321,-7.54766],[-35.63278,-7.55582],[-35.6369,-7.55855],[-35.63484,-7.56059],[-35.6369,-7.56808],[-35.63416,-7.5708],[-35.62866,-7.56671],[-35.62386,-7.56671],[-35.62386,-7.56195],[-35.61974,-7.56127],[-35.61974,-7.55378],[-35.61424,-7.5565],[-35.60738,-7.55378],[-35.60806,-7.56195],[-35.61424,-7.5708],[-35.60944,-7.5708],[-35.61081,-7.58237],[-35.60463,-7.58577],[-35.60738,-7.59122],[-35.59776,-7.59734],[-35.59776,-7.60007],[-35.60257,-7.60279],[-35.60188,-7.60755],[-35.59776,-7.61028],[-35.60394,-7.61436],[-35.60875,-7.61436],[-35.61081,-7.61164],[-35.60944,-7.60143],[-35.61836,-7.5987],[-35.62317,-7.5987],[-35.62798,-7.60347],[-35.6321,-7.60279],[-35.63278,-7.60619],[-35.63759,-7.60279],[-35.64445,-7.60619],[-35.64857,-7.59802],[-35.65613,-7.59394],[-35.65613,-7.5885],[-35.65956,-7.58373],[-35.66574,-7.58101],[-35.67192,-7.58169],[-35.67947,-7.5708],[-35.70145,-7.57216],[-35.70351,-7.57284],[-35.70282,-7.57624],[-35.6781,-7.58645],[-35.6987,-7.58986],[-35.69389,-7.59598],[-35.68359,-7.60007],[-35.68222,-7.59598],[-35.67467,-7.59394],[-35.66917,-7.59598],[-35.66574,-7.60075],[-35.66711,-7.60619],[-35.67467,-7.60551],[-35.67055,-7.61028],[-35.66986,-7.61504],[-35.68016,-7.61776],[-35.68016,-7.62048],[-35.67604,-7.62185],[-35.67604,-7.62389],[-35.68428,-7.63682],[-35.70488,-7.6341],[-35.70625,-7.62729],[-35.71312,-7.62797],[-35.71655,-7.62457],[-35.7193,-7.63001],[-35.72754,-7.63001],[-35.7296,-7.63205],[-35.73509,-7.62933],[-35.74265,-7.63205],[-35.74539,-7.62865],[-35.75226,-7.62933],[-35.755,-7.62525],[-35.76187,-7.62389],[-35.7605,-7.61572],[-35.76736,-7.61368],[-35.76599,-7.61096],[-35.75981,-7.60959],[-35.75706,-7.60483],[-35.76462,-7.60143],[-35.76736,-7.60687],[-35.7708,-7.60687],[-35.77286,-7.61096],[-35.7756,-7.61096],[-35.7811,-7.59462],[-35.7811,-7.59939],[-35.78384,-7.60279],[-35.78796,-7.60075],[-35.78934,-7.60959],[-35.78247,-7.61096],[-35.78041,-7.6164],[-35.79002,-7.62048],[-35.77698,-7.6198],[-35.77629,-7.62253],[-35.78796,-7.62321],[-35.78384,-7.62593],[-35.78384,-7.63001],[-35.78865,-7.63682],[-35.79346,-7.63886],[-35.78796,-7.64022],[-35.78453,-7.6443],[-35.78865,-7.64839],[-35.79895,-7.64839],[-35.7962,-7.6409],[-35.8017,-7.64022],[-35.8017,-7.63818],[-35.7962,-7.63137],[-35.80582,-7.63137],[-35.80788,-7.6341],[-35.81131,-7.63205],[-35.81062,-7.62865],[-35.81406,-7.62729],[-35.81131,-7.64226],[-35.83054,-7.64566],[-35.83397,-7.65043],[-35.82985,-7.65179],[-35.81612,-7.64839],[-35.81955,-7.65179],[-35.8168,-7.65451],[-35.81886,-7.65928],[-35.82436,-7.65928],[-35.83054,-7.65519],[-35.86281,-7.66132],[-35.86555,-7.65383],[-35.87173,-7.65996],[-35.89714,-7.65723],[-35.90401,-7.65996],[-35.89989,-7.66268],[-35.90332,-7.6654],[-35.89989,-7.66744],[-35.90126,-7.66948],[-35.91843,-7.67493],[-35.92255,-7.67833],[-35.92804,-7.67561],[-35.9301,-7.66948],[-35.92941,-7.66472],[-35.92392,-7.66404],[-35.92323,-7.662],[-35.93079,-7.66064],[-35.93079,-7.65519],[-35.94315,-7.65996],[-35.94658,-7.65179],[-35.95001,-7.64975],[-35.95001,-7.64498],[-35.94521,-7.64022],[-35.94589,-7.63682],[-35.95688,-7.64635],[-35.961,-7.64703],[-35.95894,-7.6375],[-35.97061,-7.62933],[-35.96649,-7.62525],[-35.95139,-7.62116],[-35.95757,-7.61572],[-35.96855,-7.61504],[-35.96786,-7.613],[-35.961,-7.61164],[-35.96237,-7.60687],[-35.96855,-7.60755],[-35.98503,-7.60347],[-35.98846,-7.59598],[-35.9864,-7.58305],[-35.98915,-7.58441],[-35.98984,-7.58986],[-35.99327,-7.59122],[-35.9919,-7.59666],[-35.99464,-7.5987],[-35.99533,-7.61164],[-35.98709,-7.61164],[-35.98091,-7.61436],[-35.98022,-7.61708],[-35.98984,-7.62389],[-35.99808,-7.62457],[-36.00151,-7.62865],[-35.98846,-7.62933],[-35.97542,-7.62661],[-35.97542,-7.6341],[-35.97198,-7.63818],[-35.96718,-7.63818],[-35.96718,-7.6409],[-35.97336,-7.64635],[-35.96581,-7.64362],[-35.96786,-7.65043],[-35.96649,-7.65451],[-35.97542,-7.67016],[-35.97336,-7.67765],[-35.96237,-7.66064],[-35.95345,-7.65587],[-35.94589,-7.67221],[-35.93697,-7.67084],[-35.95001,-7.68513],[-35.94383,-7.68854],[-35.95345,-7.6967],[-35.94109,-7.69398],[-35.92529,-7.68581],[-35.9198,-7.68718],[-35.91431,-7.67969],[-35.89233,-7.67289],[-35.88684,-7.66812],[-35.86349,-7.66744],[-35.85114,-7.66948],[-35.84702,-7.66676],[-35.84084,-7.66676],[-35.83534,-7.67084],[-35.82985,-7.66744],[-35.82848,-7.67152],[-35.81062,-7.6654],[-35.80101,-7.6654],[-35.79758,-7.66812],[-35.7962,-7.65859],[-35.78728,-7.66404],[-35.78522,-7.65996],[-35.78796,-7.65859],[-35.78796,-7.65519],[-35.77011,-7.64294],[-35.76668,-7.64498],[-35.7756,-7.65655],[-35.77492,-7.66268],[-35.77011,-7.66404],[-35.76256,-7.65791],[-35.75157,-7.65655],[-35.74814,-7.65723],[-35.74814,-7.662],[-35.74402,-7.66268],[-35.74059,-7.66064],[-35.74608,-7.65928],[-35.74402,-7.65519],[-35.73166,-7.65111],[-35.72411,-7.65179],[-35.709,-7.64839],[-35.70763,-7.65315],[-35.72067,-7.67289],[-35.71999,-7.67493],[-35.71655,-7.67493],[-35.71243,-7.66948],[-35.70625,-7.66676],[-35.70969,-7.662],[-35.70351,-7.65928],[-35.70076,-7.65519],[-35.69458,-7.65519],[-35.69252,-7.65179],[-35.68016,-7.64635],[-35.67261,-7.64839],[-35.66986,-7.64226],[-35.66231,-7.64022],[-35.66986,-7.63273],[-35.66986,-7.63001],[-35.65475,-7.63069],[-35.64995,-7.62593],[-35.64651,-7.62593],[-35.63965,-7.6341],[-35.6369,-7.63137],[-35.62454,-7.63137],[-35.61905,-7.63682],[-35.61287,-7.63682],[-35.60944,-7.63341],[-35.59845,-7.63205],[-35.59708,-7.63818],[-35.58884,-7.6375],[-35.58746,-7.6409],[-35.57785,-7.64022],[-35.57785,-7.63818],[-35.5854,-7.63341],[-35.58403,-7.62729],[-35.58952,-7.61912],[-35.58609,-7.61504],[-35.57991,-7.61368],[-35.57716,-7.60687],[-35.5648,-7.60211],[-35.58815,-7.59802],[-35.5957,-7.58781],[-35.59639,-7.57897],[-35.59158,-7.57284],[-35.59364,-7.56059],[-35.59296,-7.5565],[-35.58952,-7.55378],[-35.58884,-7.53949],[-35.58266,-7.53813],[-35.57716,-7.53336],[-35.57991,-7.52383],[-35.57854,-7.51838],[-35.57167,-7.51634],[-35.56892,-7.52043],[-35.57098,-7.52451],[-35.56961,-7.52928],[-35.56686,-7.5286],[-35.5648,-7.51975],[-35.56892,-7.5143],[-35.57373,-7.51226],[-35.5751,-7.50749],[-35.58128,-7.50477],[-35.57854,-7.49047],[-35.57579,-7.48843],[-35.56961,-7.49047],[-35.56618,-7.48911],[-35.56755,-7.48571],[-35.57991,-7.48094],[-35.5751,-7.4755],[-35.57579,-7.47073],[-35.5648,-7.46256],[-35.55656,-7.4612],[-35.55107,-7.46596],[-35.54764,-7.47481],[-35.54283,-7.47141],[-35.54626,-7.46801],[-35.5442,-7.46392],[-35.50232,-7.45303],[-35.49889,-7.45099],[-35.50301,-7.44758],[-35.50232,-7.44486],[-35.48241,-7.44145],[-35.47485,-7.43669],[-35.47073,-7.43737],[-35.47279,-7.44213],[-35.45151,-7.43805],[-35.44533,-7.44213],[-35.42747,-7.44282],[-35.42404,-7.4469],[-35.42473,-7.45235],[-35.4213,-7.45439],[-35.42542,-7.47413],[-35.4344,-7.4708],[-35.43915,-7.45978],[-35.43777,-7.45643],[-35.43503,-7.45779],[-35.43297,-7.45575],[-35.43503,-7.44894],[-35.44739,-7.44622],[-35.45219,-7.44622],[-35.45288,-7.45031],[-35.46318,-7.44622],[-35.47417,-7.45303],[-35.48447,-7.45235],[-35.51605,-7.46256],[-35.52292,-7.46188],[-35.5291,-7.46528],[-35.52223,-7.47005],[-35.52223,-7.47413],[-35.51125,-7.47618],[-35.5085,-7.48026],[-35.5085,-7.48639],[-35.53047,-7.48435],[-35.52429,-7.49115],[-35.52841,-7.49592],[-35.52017,-7.50273],[-35.51262,-7.50409],[-35.51125,-7.50749],[-35.52017,-7.50885],[-35.51674,-7.51838],[-35.51949,-7.52247],[-35.51743,-7.52587],[-35.5188,-7.53064],[-35.52773,-7.52928],[-35.52979,-7.53404],[-35.54146,-7.5354],[-35.54283,-7.53745],[-35.53596,-7.54425],[-35.53596,-7.54697],[-35.5291,-7.55106],[-35.53185,-7.55514],[-35.53871,-7.55378],[-35.54764,-7.55719],[-35.5497,-7.55446],[-35.5545,-7.55446],[-35.55931,-7.55514],[-35.56412,-7.55923],[-35.56137,-7.56331],[-35.55656,-7.56263],[-35.55382,-7.56603],[-35.54626,-7.56671],[-35.5442,-7.5742],[-35.5442,-7.57624],[-35.54901,-7.57624],[-35.55176,-7.57897],[-35.56137,-7.57761],[-35.56412,-7.58237],[-35.55725,-7.58373],[-35.55862,-7.59258],[-35.54832,-7.59122],[-35.5442,-7.59326],[-35.54352,-7.59734],[-35.52239,-7.5953],[-35.52058,-7.59802],[-35.53528,-7.60007],[-35.55862,-7.60891],[-35.56824,-7.61572],[-35.56892,-7.62321],[-35.57442,-7.62525],[-35.57648,-7.62865],[-35.57236,-7.63137],[-35.55588,-7.63341],[-35.52688,-7.63069],[-35.5196,-7.64],[-35.527,-7.6451],[-35.5346,-7.6555],[-35.53528,-7.65247],[-35.53734,-7.65247],[-35.54489,-7.65655],[-35.54901,-7.65519],[-35.55176,-7.65723],[-35.55519,-7.65383],[-35.55794,-7.65859],[-35.57304,-7.65247],[-35.57373,-7.64975],[-35.57098,-7.64771],[-35.57236,-7.64498],[-35.58128,-7.64566],[-35.58334,-7.64839],[-35.59158,-7.64839],[-35.59639,-7.64566],[-35.61012,-7.64907],[-35.64583,-7.64907],[-35.64789,-7.65111],[-35.6472,-7.65655],[-35.63965,-7.65383],[-35.63759,-7.65723],[-35.6321,-7.65791],[-35.63278,-7.6654],[-35.63622,-7.6688],[-35.63278,-7.67425],[-35.6472,-7.67833],[-35.65201,-7.68241],[-35.65475,-7.68786],[-35.64857,-7.68854],[-35.64995,-7.69194],[-35.65544,-7.69398],[-35.66093,-7.69262],[-35.6575,-7.68786],[-35.65887,-7.67765],[-35.66368,-7.67357],[-35.67055,-7.67357],[-35.67604,-7.68105],[-35.66574,-7.69262],[-35.68016,-7.68786],[-35.68977,-7.69738],[-35.69321,-7.69126],[-35.68428,-7.68377],[-35.68291,-7.67697],[-35.68565,-7.67629],[-35.69458,-7.68105],[-35.69733,-7.68445],[-35.69664,-7.68922],[-35.70007,-7.69126],[-35.71312,-7.68854],[-35.71243,-7.6933],[-35.71724,-7.69942],[-35.71655,-7.70419],[-35.74196,-7.70147],[-35.75432,-7.71031],[-35.75432,-7.71439],[-35.75775,-7.71644],[-35.75844,-7.71984],[-35.77492,-7.728],[-35.78041,-7.728],[-35.78041,-7.7246],[-35.77629,-7.72324],[-35.7756,-7.71848],[-35.77835,-7.71439],[-35.78522,-7.71303],[-35.78178,-7.70827],[-35.78384,-7.70759],[-35.79552,-7.71916],[-35.80444,-7.71848],[-35.80856,-7.72188],[-35.81406,-7.72256],[-35.81886,-7.72732],[-35.8223,-7.72732],[-35.82573,-7.73208],[-35.8326,-7.73208],[-35.83534,-7.73617],[-35.84084,-7.73413],[-35.84908,-7.74025],[-35.85663,-7.73957],[-35.86075,-7.74365],[-35.87517,-7.74365],[-35.87517,-7.74093],[-35.87379,-7.73685],[-35.86555,-7.73413],[-35.86624,-7.72936],[-35.86212,-7.72256],[-35.86349,-7.71848],[-35.85732,-7.71439],[-35.85732,-7.71031],[-35.86281,-7.71371],[-35.86418,-7.70555],[-35.86693,-7.70487],[-35.8683,-7.70895],[-35.87448,-7.71235],[-35.87379,-7.70351],[-35.87585,-7.70215],[-35.88478,-7.70419],[-35.88684,-7.70691],[-35.89096,-7.70283],[-35.90195,-7.70487],[-35.90744,-7.70827],[-35.9095,-7.71303],[-35.92049,-7.71712],[-35.92323,-7.72188],[-35.91705,-7.73004],[-35.90332,-7.72528],[-35.8992,-7.72732],[-35.90401,-7.74161],[-35.89714,-7.74161],[-35.89439,-7.73685],[-35.8889,-7.73753],[-35.89645,-7.74229],[-35.89851,-7.74637],[-35.90469,-7.74569],[-35.90675,-7.74909],[-35.91156,-7.74841],[-35.91431,-7.75862],[-35.91637,-7.7593],[-35.91637,-7.7627],[-35.90881,-7.77019],[-35.89783,-7.77631],[-35.89783,-7.77971],[-35.90744,-7.78583],[-35.90607,-7.79128],[-35.93079,-7.78515],[-35.93216,-7.77971],[-35.94218,-7.78923],[-35.95345,-7.78826],[-35.94933,-7.78583],[-35.95001,-7.77835],[-35.95963,-7.78175],[-35.96031,-7.77835],[-35.96443,-7.77767],[-35.96237,-7.77359],[-35.95619,-7.77019],[-35.95551,-7.76474],[-35.95139,-7.76338],[-35.95207,-7.75862],[-35.95413,-7.75862],[-35.95757,-7.76338],[-35.96855,-7.77019],[-35.97061,-7.77971],[-35.96718,-7.78107],[-35.96718,-7.78379],[-35.97679,-7.78107],[-35.97816,-7.78379],[-35.9761,-7.78651],[-35.9816,-7.78923],[-35.98297,-7.78175],[-35.98778,-7.78311],[-36.00838,-7.79672],[-36.00632,-7.80216],[-36.01662,-7.80692],[-36.01456,-7.81128],[-36.0216,-7.8102],[-36.0336,-7.7966],[-36.042,-7.7937],[-36.0505,-7.8011],[-36.0562,-7.7992],[-36.06468,-7.78311],[-36.06729,-7.78243],[-36.06743,-7.77903],[-36.064,-7.77631],[-36.064,-7.76951],[-36.07292,-7.77087],[-36.07498,-7.76814],[-36.06331,-7.75658],[-36.05232,-7.75318],[-36.05438,-7.74841],[-36.05919,-7.74705],[-36.05782,-7.74501],[-36.0331,-7.74025],[-36.0276,-7.73072],[-36.01387,-7.73072],[-36.01112,-7.72664],[-36.01936,-7.72664],[-36.02486,-7.72324],[-36.02829,-7.72868],[-36.03172,-7.72868],[-36.03722,-7.72392],[-36.05095,-7.72256],[-36.05095,-7.72664],[-36.05644,-7.73208],[-36.05988,-7.728],[-36.06537,-7.72936],[-36.07086,-7.72664],[-36.07704,-7.72732],[-36.08253,-7.73345],[-36.08871,-7.72188],[-36.09489,-7.73072],[-36.09421,-7.73413],[-36.09764,-7.73481],[-36.09695,-7.72188],[-36.09215,-7.7178],[-36.09215,-7.71371],[-36.08528,-7.71371],[-36.08322,-7.71167],[-36.08391,-7.70895],[-36.0894,-7.70827],[-36.08803,-7.70215],[-36.09283,-7.70215],[-36.09215,-7.69738],[-36.09421,-7.69534],[-36.08459,-7.67833],[-36.08597,-7.67493],[-36.09695,-7.68105],[-36.11343,-7.69942],[-36.11755,-7.7001],[-36.13266,-7.71167],[-36.12373,-7.7001],[-36.13197,-7.69942],[-36.13541,-7.70691],[-36.14021,-7.70827],[-36.14571,-7.71371],[-36.14433,-7.71644],[-36.13678,-7.71575],[-36.1409,-7.72188],[-36.1409,-7.72596],[-36.14639,-7.7246],[-36.15326,-7.72732],[-36.15257,-7.7212],[-36.15738,-7.72052],[-36.15807,-7.72596],[-36.15532,-7.72732],[-36.15532,-7.73072],[-36.14983,-7.73072],[-36.15601,-7.73685],[-36.15463,-7.74229],[-36.14708,-7.74365],[-36.15463,-7.74841],[-36.15601,-7.75318],[-36.14639,-7.76066],[-36.15326,-7.75998],[-36.15944,-7.76542],[-36.15875,-7.75658],[-36.16493,-7.75318],[-36.16562,-7.74773],[-36.16768,-7.74773],[-36.17935,-7.76746],[-36.18416,-7.77155],[-36.18759,-7.76474],[-36.19034,-7.76406],[-36.18896,-7.7593],[-36.19102,-7.75862],[-36.18484,-7.73889],[-36.19377,-7.74229],[-36.19652,-7.74841],[-36.21025,-7.74161],[-36.21162,-7.75182],[-36.21437,-7.74773],[-36.22192,-7.74569],[-36.22536,-7.75046],[-36.24321,-7.7525],[-36.24252,-7.74773],[-36.23634,-7.74637],[-36.23772,-7.74161],[-36.2336,-7.74093],[-36.23085,-7.73617],[-36.22055,-7.73004],[-36.22261,-7.728],[-36.23222,-7.73208],[-36.22124,-7.72052],[-36.22536,-7.71848],[-36.23978,-7.72052],[-36.23909,-7.71712],[-36.259,-7.72052],[-36.25008,-7.71303],[-36.26244,-7.71235],[-36.25969,-7.70691],[-36.25557,-7.70555],[-36.26244,-7.69874],[-36.26244,-7.69398],[-36.25763,-7.68854],[-36.25214,-7.68786],[-36.25145,-7.68377],[-36.2384,-7.6865],[-36.23154,-7.68377],[-36.23085,-7.67901],[-36.23566,-7.67697],[-36.23291,-7.67152],[-36.22879,-7.67289],[-36.22742,-7.67969],[-36.22192,-7.68241],[-36.21712,-7.68037],[-36.2027,-7.68105],[-36.19926,-7.67697],[-36.19583,-7.67901],[-36.18416,-7.67697],[-36.18828,-7.66608],[-36.18347,-7.65928],[-36.18759,-7.65723],[-36.19377,-7.66064],[-36.19377,-7.66676],[-36.19858,-7.67221],[-36.20476,-7.67016],[-36.20407,-7.662],[-36.213,-7.66472],[-36.21574,-7.66132],[-36.22124,-7.6654],[-36.22055,-7.6688],[-36.22467,-7.67016],[-36.22673,-7.66472],[-36.23634,-7.66336],[-36.23428,-7.65996],[-36.22879,-7.65791],[-36.22948,-7.65315],[-36.22467,-7.65111],[-36.22398,-7.64635],[-36.21643,-7.6443],[-36.20819,-7.6375],[-36.21986,-7.63818],[-36.22536,-7.64158],[-36.23291,-7.64226],[-36.2336,-7.65111],[-36.23703,-7.65315],[-36.23978,-7.65315],[-36.23703,-7.64771],[-36.23909,-7.64294],[-36.25763,-7.64362],[-36.26793,-7.64635],[-36.27068,-7.65111],[-36.2748,-7.65111],[-36.27548,-7.65315],[-36.2542,-7.65451],[-36.25076,-7.65723],[-36.24527,-7.65723],[-36.2439,-7.65928],[-36.24596,-7.66268],[-36.25214,-7.66676],[-36.259,-7.66472],[-36.26862,-7.66812],[-36.26175,-7.67016],[-36.26381,-7.67493],[-36.27342,-7.67493],[-36.27548,-7.68037],[-36.2796,-7.68105],[-36.28441,-7.67765],[-36.28784,-7.67901],[-36.28647,-7.6865],[-36.28098,-7.68718],[-36.27823,-7.69058],[-36.2748,-7.6899],[-36.27411,-7.69398],[-36.26656,-7.7001],[-36.27274,-7.70351],[-36.28304,-7.70147],[-36.28716,-7.70351],[-36.2851,-7.70759],[-36.27823,-7.71167],[-36.27754,-7.7178],[-36.28853,-7.71984],[-36.29471,-7.71371],[-36.30226,-7.71575],[-36.29883,-7.71984],[-36.29951,-7.72256],[-36.30363,-7.72324],[-36.30157,-7.72732],[-36.28304,-7.728],[-36.28304,-7.73004],[-36.28716,-7.7314],[-36.29608,-7.74093],[-36.29883,-7.73957],[-36.30707,-7.74161],[-36.31531,-7.74637],[-36.3002,-7.74569],[-36.28922,-7.75046],[-36.28372,-7.75862],[-36.28853,-7.7593],[-36.29128,-7.75454],[-36.30638,-7.75318],[-36.30569,-7.76066],[-36.30844,-7.76066],[-36.31119,-7.75522],[-36.31462,-7.75386],[-36.31668,-7.75862],[-36.3208,-7.75998],[-36.32423,-7.77155],[-36.32698,-7.75794],[-36.33797,-7.76066],[-36.33659,-7.75318],[-36.32561,-7.74297],[-36.32767,-7.73821],[-36.32629,-7.73345],[-36.32149,-7.73004],[-36.32286,-7.72664],[-36.32835,-7.72664],[-36.33041,-7.73413],[-36.33522,-7.72868],[-36.34209,-7.73072],[-36.34483,-7.73413],[-36.34209,-7.73957],[-36.34827,-7.74025],[-36.3517,-7.73685],[-36.35513,-7.73685],[-36.35994,-7.74025],[-36.36063,-7.74501],[-36.35582,-7.74977],[-36.36337,-7.74977],[-36.35788,-7.75726],[-36.36681,-7.7593],[-36.36475,-7.7661],[-36.37848,-7.76542],[-36.38191,-7.7593],[-36.37711,-7.74909],[-36.38191,-7.74773],[-36.38123,-7.74433],[-36.38603,-7.74161],[-36.38603,-7.73753],[-36.37848,-7.73208],[-36.37711,-7.72324],[-36.3723,-7.71575],[-36.37436,-7.71371],[-36.39702,-7.73277],[-36.39633,-7.73821],[-36.40251,-7.74365],[-36.39771,-7.74433],[-36.40045,-7.75318],[-36.39702,-7.75114],[-36.39015,-7.75182],[-36.39496,-7.76134],[-36.38809,-7.75998],[-36.38466,-7.76542],[-36.39084,-7.77155],[-36.38809,-7.77427],[-36.39084,-7.77767],[-36.38535,-7.77971],[-36.38878,-7.78515],[-36.39633,-7.78379],[-36.39702,-7.7906],[-36.40594,-7.7906],[-36.40114,-7.77835],[-36.408,-7.78039],[-36.41212,-7.78719],[-36.41624,-7.78447],[-36.43684,-7.78515],[-36.43204,-7.77835],[-36.42586,-7.77495],[-36.43959,-7.77699],[-36.43684,-7.76814],[-36.44989,-7.76814],[-36.45264,-7.77223],[-36.45195,-7.77835],[-36.4547,-7.78107],[-36.44852,-7.78855],[-36.44989,-7.79264],[-36.45195,-7.79332],[-36.45332,-7.78855],[-36.45676,-7.7906],[-36.46431,-7.78923],[-36.46362,-7.79332],[-36.4698,-7.8008],[-36.47186,-7.80148],[-36.47461,-7.7974],[-36.48972,-7.8008],[-36.49246,-7.8042],[-36.49658,-7.80488],[-36.49658,-7.80692],[-36.4904,-7.80692],[-36.49109,-7.81032],[-36.4959,-7.81032],[-36.49864,-7.81304],[-36.50208,-7.81236],[-36.5007,-7.80488],[-36.50276,-7.8042],[-36.50826,-7.8076],[-36.50345,-7.81441],[-36.51169,-7.81917],[-36.51512,-7.82393],[-36.51855,-7.82053],[-36.51306,-7.81441],[-36.51443,-7.811],[-36.51993,-7.80896],[-36.52405,-7.81168],[-36.53229,-7.81032],[-36.53641,-7.81577],[-36.53572,-7.81985],[-36.5419,-7.82325],[-36.53915,-7.81304],[-36.54877,-7.81236],[-36.55014,-7.80624],[-36.54533,-7.80352],[-36.54739,-7.80012],[-36.54053,-7.79808],[-36.53778,-7.79332],[-36.5419,-7.7906],[-36.54671,-7.794],[-36.54945,-7.79332],[-36.54877,-7.78787],[-36.55151,-7.78651],[-36.55151,-7.79536],[-36.56113,-7.79944],[-36.55701,-7.80352],[-36.55701,-7.8076],[-36.56387,-7.80896],[-36.56593,-7.80624],[-36.5728,-7.80624],[-36.57349,-7.811],[-36.57074,-7.81168],[-36.57005,-7.81917],[-36.57555,-7.82325],[-36.58241,-7.82257],[-36.58447,-7.81713],[-36.58173,-7.81509],[-36.58173,-7.81168],[-36.59477,-7.81373],[-36.59683,-7.81849],[-36.5934,-7.82189],[-36.60027,-7.82393],[-36.60301,-7.82665],[-36.60301,-7.83073],[-36.60782,-7.83005],[-36.60919,-7.83617],[-36.61263,-7.83753],[-36.61537,-7.83345],[-36.614,-7.82597],[-36.62292,-7.82529],[-36.62086,-7.82189],[-36.61263,-7.82121],[-36.61194,-7.81713],[-36.60713,-7.81713],[-36.60851,-7.81168],[-36.60301,-7.80896],[-36.60301,-7.80624],[-36.60782,-7.80488],[-36.60713,-7.80352],[-36.59752,-7.80216],[-36.58928,-7.794],[-36.57967,-7.79128],[-36.58859,-7.78583],[-36.59134,-7.7906],[-36.60301,-7.79264],[-36.6037,-7.78311],[-36.59821,-7.77835],[-36.58859,-7.77495],[-36.58585,-7.76678],[-36.57761,-7.76542],[-36.57349,-7.75862],[-36.57623,-7.75726],[-36.58791,-7.76474],[-36.59134,-7.76202],[-36.59477,-7.7627],[-36.59477,-7.76814],[-36.59821,-7.77155],[-36.62292,-7.78379],[-36.62704,-7.78243],[-36.62361,-7.77427],[-36.63803,-7.77495],[-36.63322,-7.78719],[-36.6394,-7.78719],[-36.64215,-7.79196],[-36.6497,-7.79672],[-36.65039,-7.80012],[-36.64696,-7.80148],[-36.65039,-7.80556],[-36.64833,-7.80964],[-36.66,-7.80624],[-36.66412,-7.81441],[-36.66893,-7.81373],[-36.67305,-7.81713],[-36.6758,-7.83141],[-36.67923,-7.83073],[-36.67854,-7.82053],[-36.68816,-7.82325],[-36.68953,-7.83005],[-36.68747,-7.83821],[-36.69228,-7.84298],[-36.69228,-7.8457],[-36.68816,-7.84842],[-36.69159,-7.8491],[-36.69502,-7.85386],[-36.69502,-7.86202],[-36.69708,-7.86338],[-36.70326,-7.85726],[-36.70326,-7.8525],[-36.71082,-7.85726],[-36.71425,-7.85522],[-36.72249,-7.85862],[-36.72043,-7.85386],[-36.70464,-7.84298],[-36.70601,-7.83889],[-36.70395,-7.83073],[-36.70807,-7.82801],[-36.70395,-7.82325],[-36.71082,-7.82121],[-36.71356,-7.81713],[-36.70738,-7.81236],[-36.70258,-7.81304],[-36.69914,-7.81032],[-36.69777,-7.81441],[-36.70052,-7.81985],[-36.6964,-7.82053],[-36.67923,-7.81304],[-36.67992,-7.80964],[-36.68472,-7.8076],[-36.68198,-7.80284],[-36.69022,-7.8042],[-36.69022,-7.80216],[-36.67786,-7.79468],[-36.67236,-7.78855],[-36.67992,-7.78787],[-36.68884,-7.7906],[-36.68884,-7.78379],[-36.68198,-7.77767],[-36.67992,-7.77223],[-36.6806,-7.77019],[-36.68816,-7.76951],[-36.6909,-7.77291],[-36.69022,-7.77563],[-36.69502,-7.78039],[-36.69777,-7.78039],[-36.69777,-7.77495],[-36.69983,-7.77495],[-36.70258,-7.78175],[-36.70944,-7.78719],[-36.71288,-7.77699],[-36.71906,-7.77903],[-36.72043,-7.78311],[-36.71768,-7.78515],[-36.717,-7.79332],[-36.72386,-7.78991],[-36.72661,-7.80216],[-36.72867,-7.8008],[-36.72867,-7.79332],[-36.74034,-7.8008],[-36.74103,-7.8042],[-36.73759,-7.8042],[-36.73759,-7.80624],[-36.74103,-7.81645],[-36.74721,-7.81917],[-36.74721,-7.82393],[-36.74995,-7.82257],[-36.74858,-7.81577],[-36.7527,-7.81373],[-36.74927,-7.8076],[-36.7527,-7.80624],[-36.75545,-7.80896],[-36.75476,-7.81577],[-36.76163,-7.82121],[-36.76163,-7.82801],[-36.76849,-7.82665],[-36.76918,-7.83617],[-36.77467,-7.84366],[-36.78909,-7.84978],[-36.78635,-7.84366],[-36.78017,-7.83957],[-36.77948,-7.83481],[-36.78291,-7.82665],[-36.76781,-7.81304],[-36.76643,-7.80624],[-36.77605,-7.8042],[-36.77467,-7.80012],[-36.76437,-7.8008],[-36.75819,-7.79876],[-36.75751,-7.79536],[-36.75201,-7.79672],[-36.75201,-7.79196],[-36.74721,-7.79128],[-36.74103,-7.78515],[-36.74171,-7.78175],[-36.74789,-7.78107],[-36.74515,-7.77767],[-36.74652,-7.77019],[-36.73759,-7.76882],[-36.73622,-7.76338],[-36.73004,-7.76406],[-36.72729,-7.76882],[-36.72386,-7.76882],[-36.72592,-7.7593],[-36.71837,-7.75862],[-36.717,-7.75454],[-36.71288,-7.7525],[-36.71768,-7.74501],[-36.7115,-7.74297],[-36.7115,-7.73821],[-36.70601,-7.74229],[-36.7012,-7.74025],[-36.69983,-7.74841],[-36.69228,-7.75386],[-36.68816,-7.75386],[-36.68816,-7.74637],[-36.68266,-7.74773],[-36.6806,-7.74569],[-36.67854,-7.74977],[-36.67374,-7.74841],[-36.66687,-7.75182],[-36.66824,-7.74501],[-36.66138,-7.74161],[-36.66,-7.74773],[-36.6552,-7.74637],[-36.65588,-7.74229],[-36.65245,-7.73685],[-36.64764,-7.74365],[-36.64146,-7.74093],[-36.63391,-7.73208],[-36.63116,-7.7246],[-36.63185,-7.7212],[-36.63597,-7.71916],[-36.63597,-7.71439],[-36.63872,-7.71303],[-36.64215,-7.71371],[-36.64352,-7.71984],[-36.64627,-7.7212],[-36.64833,-7.71303],[-36.64558,-7.71235],[-36.64421,-7.70691],[-36.64627,-7.70623],[-36.64833,-7.71099],[-36.65726,-7.71099],[-36.65657,-7.70419],[-36.65932,-7.70283],[-36.66412,-7.70487],[-36.6655,-7.70963],[-36.66824,-7.70963],[-36.67442,-7.70283],[-36.67923,-7.71167],[-36.68129,-7.70963],[-36.68884,-7.71167],[-36.69708,-7.71916],[-36.70944,-7.71848],[-36.7115,-7.71507],[-36.71906,-7.71644],[-36.71425,-7.71099],[-36.70326,-7.70827],[-36.70326,-7.70351],[-36.69914,-7.70215],[-36.69846,-7.69738],[-36.68884,-7.69058],[-36.6861,-7.69126],[-36.68541,-7.6865],[-36.70258,-7.69262],[-36.70532,-7.68922],[-36.71974,-7.69194],[-36.72455,-7.68513],[-36.72729,-7.68513],[-36.72729,-7.69058],[-36.73759,-7.6899],[-36.73897,-7.68581],[-36.74309,-7.68581],[-36.74652,-7.68922],[-36.75613,-7.69126],[-36.75682,-7.68854],[-36.76094,-7.68718],[-36.76575,-7.69126],[-36.76437,-7.6967],[-36.76918,-7.69738],[-36.77193,-7.69262],[-36.78909,-7.69398],[-36.78703,-7.68037],[-36.79253,-7.67493],[-36.79665,-7.67493],[-36.80969,-7.68377],[-36.81725,-7.68241],[-36.81519,-7.67969],[-36.80145,-7.67629],[-36.79939,-7.66948],[-36.79253,-7.6688],[-36.79115,-7.67357],[-36.78429,-7.67697],[-36.78223,-7.68241],[-36.76849,-7.67493],[-36.76369,-7.67561],[-36.76369,-7.67016],[-36.75682,-7.67221],[-36.75201,-7.66744],[-36.74377,-7.66948],[-36.74515,-7.66064],[-36.75545,-7.65996],[-36.75613,-7.65451],[-36.7527,-7.64839],[-36.75613,-7.64362],[-36.76231,-7.6409],[-36.76437,-7.63069],[-36.77055,-7.62933],[-36.76987,-7.62593],[-36.76369,-7.62729],[-36.75957,-7.63341],[-36.75613,-7.63341],[-36.75339,-7.6409],[-36.74789,-7.63614],[-36.74309,-7.6375],[-36.74377,-7.64226],[-36.74858,-7.64498],[-36.74789,-7.64975],[-36.73347,-7.64635],[-36.73622,-7.65043],[-36.74171,-7.65179],[-36.74377,-7.65996],[-36.73553,-7.66132],[-36.73141,-7.66472],[-36.72386,-7.65996],[-36.71768,-7.66064],[-36.71837,-7.66472],[-36.72112,-7.66608],[-36.72112,-7.67016],[-36.71837,-7.67016],[-36.71288,-7.66472],[-36.70189,-7.66472],[-36.70189,-7.66268],[-36.70807,-7.66064],[-36.70876,-7.65519],[-36.70532,-7.65451],[-36.69708,-7.6443],[-36.69571,-7.64635],[-36.69914,-7.65111],[-36.69708,-7.65587],[-36.68953,-7.65791],[-36.68472,-7.65383],[-36.68129,-7.65519],[-36.68404,-7.66472],[-36.67854,-7.66472],[-36.67648,-7.662],[-36.67786,-7.65655],[-36.66893,-7.65179],[-36.66824,-7.64771],[-36.67374,-7.64498],[-36.6703,-7.64158],[-36.66344,-7.64226],[-36.66344,-7.6341],[-36.67099,-7.62865],[-36.6703,-7.62457],[-36.67648,-7.62457],[-36.6758,-7.62048],[-36.6806,-7.61708],[-36.68129,-7.61096],[-36.6703,-7.60959],[-36.66824,-7.61368],[-36.66412,-7.61504],[-36.66138,-7.62253],[-36.64421,-7.61368],[-36.64421,-7.61912],[-36.64833,-7.62253],[-36.65176,-7.63137],[-36.64833,-7.63273],[-36.64078,-7.63001],[-36.64215,-7.6375],[-36.63734,-7.64022],[-36.63734,-7.64294],[-36.64078,-7.64566],[-36.65039,-7.64635],[-36.65382,-7.65247],[-36.65382,-7.65791],[-36.6449,-7.65723],[-36.64215,-7.65247],[-36.63391,-7.65383],[-36.6346,-7.65859],[-36.63254,-7.66064],[-36.64078,-7.66404],[-36.64215,-7.66744],[-36.6394,-7.66812],[-36.6394,-7.67152],[-36.63048,-7.67084],[-36.6291,-7.67833],[-36.62292,-7.68173],[-36.6188,-7.67969],[-36.6188,-7.67697],[-36.6243,-7.67357],[-36.62224,-7.67084],[-36.6243,-7.66676],[-36.62224,-7.65859],[-36.6188,-7.65859],[-36.61674,-7.6654],[-36.61194,-7.66336],[-36.61263,-7.66676],[-36.60988,-7.67084],[-36.60782,-7.67016],[-36.60851,-7.66608],[-36.60439,-7.66268],[-36.60233,-7.66472],[-36.59821,-7.66404],[-36.59615,-7.67084],[-36.60027,-7.67561],[-36.60027,-7.67969],[-36.58859,-7.68037],[-36.58653,-7.67629],[-36.58379,-7.67901],[-36.56593,-7.67629],[-36.56525,-7.67901],[-36.5728,-7.68445],[-36.57211,-7.68922],[-36.57692,-7.69466],[-36.57898,-7.70963],[-36.57898,-7.71235],[-36.56799,-7.71303],[-36.55563,-7.70419],[-36.55769,-7.69398],[-36.54808,-7.69126],[-36.5419,-7.68241],[-36.5419,-7.67901],[-36.54808,-7.67765],[-36.54877,-7.67561],[-36.55563,-7.67561],[-36.55563,-7.6654],[-36.57005,-7.6654],[-36.57074,-7.65996],[-36.58585,-7.66132],[-36.59477,-7.65247],[-36.60576,-7.65179],[-36.60507,-7.64635],[-36.61057,-7.64294],[-36.61331,-7.64294],[-36.61469,-7.64566],[-36.62224,-7.6443],[-36.62361,-7.63954],[-36.63254,-7.63682],[-36.63185,-7.6341],[-36.62636,-7.63137],[-36.63185,-7.62729],[-36.62773,-7.62457],[-36.63116,-7.6198],[-36.62636,-7.61912],[-36.62292,-7.61572],[-36.61949,-7.61912],[-36.61194,-7.6164],[-36.61125,-7.613],[-36.60576,-7.60959],[-36.60988,-7.60279],[-36.61263,-7.60279],[-36.60851,-7.59666],[-36.60782,-7.60007],[-36.60095,-7.60551],[-36.60164,-7.61504],[-36.59615,-7.61708],[-36.59409,-7.62389],[-36.58035,-7.62253],[-36.57761,-7.61504],[-36.57211,-7.61572],[-36.56868,-7.61232],[-36.55907,-7.62525],[-36.55357,-7.62185],[-36.54259,-7.62729],[-36.53641,-7.62593],[-36.53366,-7.62253],[-36.54259,-7.6198],[-36.54121,-7.61436],[-36.54396,-7.61232],[-36.53915,-7.60483],[-36.54877,-7.59939],[-36.5522,-7.5919],[-36.54877,-7.5919],[-36.54533,-7.5953],[-36.53709,-7.5953],[-36.53778,-7.5919],[-36.53572,-7.5919],[-36.53091,-7.5953],[-36.52954,-7.60007],[-36.52473,-7.5987],[-36.52748,-7.60755],[-36.53091,-7.60959],[-36.53023,-7.61232],[-36.51924,-7.60619],[-36.51237,-7.59734],[-36.50963,-7.59734],[-36.51169,-7.60279],[-36.50826,-7.60687],[-36.51169,-7.60959],[-36.51237,-7.61436],[-36.50139,-7.60891],[-36.50002,-7.59802],[-36.49521,-7.5953],[-36.49727,-7.59122],[-36.50139,-7.5919],[-36.50482,-7.5885],[-36.50208,-7.58033],[-36.50757,-7.57829],[-36.50826,-7.57488],[-36.51375,-7.57012],[-36.50894,-7.56671],[-36.50894,-7.56331],[-36.51237,-7.56059],[-36.52061,-7.56059],[-36.5213,-7.55719],[-36.50208,-7.55446],[-36.5007,-7.56876],[-36.4959,-7.57012],[-36.49246,-7.56399],[-36.48903,-7.56535],[-36.48834,-7.57352],[-36.48285,-7.57284],[-36.47804,-7.56671],[-36.47873,-7.55991],[-36.47392,-7.56195],[-36.47255,-7.56808],[-36.46912,-7.56603],[-36.46431,-7.56808],[-36.46019,-7.56467],[-36.46362,-7.56059],[-36.46362,-7.55514],[-36.46019,-7.55378],[-36.4547,-7.5565],[-36.45332,-7.55446],[-36.4547,-7.54834],[-36.45264,-7.54493],[-36.45676,-7.54357],[-36.46019,-7.53881],[-36.45264,-7.53881],[-36.44371,-7.5354],[-36.44371,-7.54221],[-36.43753,-7.54357],[-36.43684,-7.54697],[-36.42242,-7.54561],[-36.42723,-7.55242],[-36.4286,-7.55923],[-36.43616,-7.56876],[-36.43547,-7.57216],[-36.43066,-7.56535],[-36.41762,-7.55787],[-36.41968,-7.55582],[-36.4183,-7.54902],[-36.40732,-7.53608],[-36.40732,-7.53404],[-36.41006,-7.53404],[-36.42311,-7.53949],[-36.42929,-7.53813],[-36.4238,-7.53336],[-36.42654,-7.52996],[-36.42654,-7.52519],[-36.42448,-7.52383],[-36.42654,-7.51838],[-36.4238,-7.51498],[-36.43066,-7.51022],[-36.4341,-7.5177],[-36.43822,-7.52043],[-36.44028,-7.52043],[-36.44165,-7.51226],[-36.44508,-7.51226],[-36.4492,-7.51634],[-36.45058,-7.51226],[-36.45332,-7.51158],[-36.45882,-7.51975],[-36.46706,-7.52111],[-36.46912,-7.51907],[-36.46431,-7.51362],[-36.4753,-7.51498],[-36.47186,-7.5109],[-36.47324,-7.50749],[-36.46843,-7.50681],[-36.46774,-7.5],[-36.46431,-7.50341],[-36.46088,-7.50341],[-36.45607,-7.49796],[-36.45538,-7.49252],[-36.45126,-7.49115],[-36.4547,-7.48707],[-36.46156,-7.48979],[-36.46637,-7.48775],[-36.46637,-7.48571],[-36.4595,-7.48435],[-36.45126,-7.47686],[-36.45264,-7.47005],[-36.4492,-7.46596],[-36.4547,-7.4612],[-36.43959,-7.4612],[-36.43684,-7.46801],[-36.43341,-7.46801],[-36.43204,-7.46528],[-36.42174,-7.46052],[-36.42517,-7.45303],[-36.42998,-7.45031],[-36.42792,-7.44622],[-36.42929,-7.44282],[-36.4389,-7.44213],[-36.44852,-7.45167],[-36.45332,-7.44622],[-36.46088,-7.44894],[-36.46362,-7.44282],[-36.46774,-7.44282],[-36.48834,-7.45643],[-36.49178,-7.45439],[-36.5007,-7.45643],[-36.49452,-7.46256],[-36.49521,-7.46733],[-36.49246,-7.47413],[-36.48903,-7.4755],[-36.48903,-7.47958],[-36.50345,-7.49864],[-36.51169,-7.49796],[-36.51787,-7.49456],[-36.51855,-7.50137],[-36.52473,-7.50273],[-36.53091,-7.49592],[-36.54121,-7.49252],[-36.55083,-7.49932],[-36.55151,-7.50069],[-36.55014,-7.50273],[-36.55083,-7.50477],[-36.55426,-7.49932],[-36.55357,-7.4932],[-36.54808,-7.48979],[-36.54533,-7.4823],[-36.54877,-7.47686],[-36.54808,-7.47345],[-36.53847,-7.46528],[-36.53915,-7.45984],[-36.53709,-7.45711],[-36.52954,-7.45371],[-36.52954,-7.45167],[-36.53503,-7.45371],[-36.53915,-7.45099],[-36.54465,-7.45167],[-36.54465,-7.44418],[-36.55014,-7.44282],[-36.54465,-7.43669],[-36.54671,-7.43465],[-36.55907,-7.44213],[-36.55632,-7.4469],[-36.56387,-7.45507],[-36.55838,-7.45916],[-36.55289,-7.45984],[-36.55632,-7.47073],[-36.56113,-7.4755],[-36.57486,-7.47958],[-36.57555,-7.47277],[-36.57898,-7.47141],[-36.57692,-7.46665],[-36.57898,-7.46256],[-36.58997,-7.46596],[-36.59683,-7.46324],[-36.5934,-7.47141],[-36.58722,-7.47209],[-36.58379,-7.47822],[-36.58516,-7.48026],[-36.59409,-7.47958],[-36.59065,-7.48843],[-36.59958,-7.48367],[-36.60301,-7.48367],[-36.60301,-7.48639],[-36.59752,-7.49388],[-36.59615,-7.50341],[-36.59203,-7.50477],[-36.59134,-7.50817],[-36.58585,-7.51294],[-36.59271,-7.5143],[-36.59821,-7.51975],[-36.59889,-7.5143],[-36.60439,-7.51158],[-36.60439,-7.51907],[-36.60988,-7.52451],[-36.60988,-7.5177],[-36.61469,-7.51634],[-36.61331,-7.51226],[-36.62018,-7.50409],[-36.63116,-7.50545],[-36.64009,-7.50137],[-36.63528,-7.49388],[-36.62842,-7.49047],[-36.62773,-7.48571],[-36.63048,-7.48298],[-36.62636,-7.47822],[-36.61949,-7.4755],[-36.61949,-7.47073],[-36.62979,-7.47005],[-36.63322,-7.47345],[-36.63528,-7.48162],[-36.64009,-7.48094],[-36.64146,-7.47481],[-36.64627,-7.47277],[-36.6449,-7.48298],[-36.65039,-7.48843],[-36.65039,-7.49252],[-36.65588,-7.49388],[-36.65657,-7.49932],[-36.66,-7.4966],[-36.66893,-7.4966],[-36.67168,-7.49456],[-36.67099,-7.48911],[-36.67854,-7.48639],[-36.67992,-7.48298],[-36.67099,-7.4789],[-36.6655,-7.48026],[-36.6655,-7.47618],[-36.67305,-7.47345],[-36.67923,-7.46392],[-36.6703,-7.46937],[-36.65451,-7.47073],[-36.65451,-7.46869],[-36.65726,-7.46596],[-36.66824,-7.46392],[-36.66893,-7.45984],[-36.67305,-7.45711],[-36.67854,-7.45916],[-36.68884,-7.45643],[-36.6909,-7.44758],[-36.68678,-7.44826],[-36.68541,-7.44486],[-36.68129,-7.44622],[-36.66824,-7.44418],[-36.66893,-7.44009],[-36.66069,-7.44213],[-36.65932,-7.43737],[-36.65245,-7.44077],[-36.65245,-7.43669],[-36.64558,-7.43669],[-36.6449,-7.43465],[-36.65039,-7.4292],[-36.64146,-7.42784],[-36.64558,-7.42171],[-36.64215,-7.41558],[-36.6394,-7.42035],[-36.63528,-7.42103],[-36.63116,-7.43124],[-36.62567,-7.4326],[-36.62636,-7.4183],[-36.63185,-7.4115],[-36.62155,-7.4115],[-36.6188,-7.40945],[-36.62773,-7.40264],[-36.6291,-7.39788],[-36.62567,-7.39447],[-36.62979,-7.39311],[-36.63391,-7.38766],[-36.6394,-7.38971],[-36.63803,-7.39447],[-36.64078,-7.39651],[-36.64696,-7.39311],[-36.65176,-7.39379],[-36.64833,-7.40264],[-36.65314,-7.40264],[-36.6552,-7.41218],[-36.65794,-7.40605],[-36.65588,-7.39515],[-36.65932,-7.39175],[-36.66412,-7.39379],[-36.66481,-7.40128],[-36.66824,-7.39924],[-36.66756,-7.39651],[-36.67099,-7.39175],[-36.67786,-7.39515],[-36.68472,-7.39379],[-36.68747,-7.39924],[-36.69228,-7.39651],[-36.69708,-7.3972],[-36.69708,-7.40537],[-36.70395,-7.41013],[-36.70601,-7.40809],[-36.70395,-7.39447],[-36.717,-7.39788],[-36.71631,-7.39447],[-36.71013,-7.38902],[-36.70601,-7.38834],[-36.70601,-7.3863],[-36.71356,-7.38562],[-36.72386,-7.39039],[-36.72661,-7.38902],[-36.71494,-7.38153],[-36.72112,-7.37881],[-36.71013,-7.37541],[-36.70052,-7.37745],[-36.6861,-7.37609],[-36.68404,-7.38017],[-36.68266,-7.37268],[-36.68541,-7.37132],[-36.68541,-7.36587],[-36.67442,-7.37132],[-36.6655,-7.37064],[-36.66206,-7.3686],[-36.66206,-7.36519],[-36.6758,-7.36315],[-36.64421,-7.35157],[-36.62979,-7.34953],[-36.65726,-7.3468],[-36.65245,-7.34408],[-36.65382,-7.34136],[-36.66756,-7.34204],[-36.67168,-7.33999],[-36.67717,-7.34408],[-36.68747,-7.34544],[-36.69022,-7.35021],[-36.69296,-7.34408],[-36.68884,-7.33999],[-36.68953,-7.33795],[-36.6964,-7.33795],[-36.7012,-7.33523],[-36.717,-7.33455],[-36.72523,-7.33863],[-36.73347,-7.33931],[-36.73347,-7.33727],[-36.72523,-7.33523],[-36.72112,-7.33046],[-36.70189,-7.3291],[-36.70052,-7.32705],[-36.71219,-7.32501],[-36.71837,-7.32092],[-36.72318,-7.32161],[-36.72661,-7.3182],[-36.73485,-7.32161],[-36.73553,-7.31616],[-36.74377,-7.31343],[-36.7527,-7.30594],[-36.74652,-7.3039],[-36.73485,-7.31275],[-36.72455,-7.31139],[-36.71631,-7.3148],[-36.71494,-7.31003],[-36.70464,-7.3148],[-36.70395,-7.30458],[-36.69571,-7.30867],[-36.69502,-7.31752],[-36.68747,-7.31343],[-36.68541,-7.31684],[-36.6806,-7.31684],[-36.67717,-7.32433],[-36.67168,-7.32365],[-36.67099,-7.31616],[-36.6655,-7.31411],[-36.66756,-7.31139],[-36.67442,-7.31003],[-36.67511,-7.3073],[-36.67442,-7.30322],[-36.66412,-7.29981],[-36.67374,-7.29232],[-36.68129,-7.2896],[-36.6758,-7.28551],[-36.67305,-7.27938],[-36.6806,-7.27597],[-36.67854,-7.27052],[-36.68816,-7.26712],[-36.68266,-7.26508],[-36.6806,-7.26099],[-36.67717,-7.26371],[-36.6703,-7.26371],[-36.67099,-7.25486],[-36.67786,-7.25009],[-36.6861,-7.24873],[-36.68678,-7.23919],[-36.69296,-7.23306],[-36.6964,-7.22557],[-36.70326,-7.22148],[-36.70876,-7.22352],[-36.71494,-7.22148],[-36.72043,-7.21263],[-36.71288,-7.21331],[-36.70944,-7.21126],[-36.70944,-7.21807],[-36.70395,-7.21535],[-36.70189,-7.21944],[-36.69708,-7.21876],[-36.69571,-7.2208],[-36.69228,-7.22012],[-36.69159,-7.21603],[-36.68884,-7.21603],[-36.68129,-7.2208],[-36.68472,-7.22421],[-36.68404,-7.22693],[-36.67923,-7.22761],[-36.6758,-7.23102],[-36.67168,-7.23034],[-36.67305,-7.23783],[-36.67099,-7.2426],[-36.66412,-7.23919],[-36.65451,-7.23851],[-36.65108,-7.24737],[-36.65314,-7.25213],[-36.64627,-7.2535],[-36.64215,-7.24941],[-36.64146,-7.24464],[-36.63734,-7.24192],[-36.63254,-7.24396],[-36.63116,-7.24055],[-36.63803,-7.24055],[-36.64421,-7.23579],[-36.64284,-7.23238],[-36.63803,-7.23102],[-36.63872,-7.22352],[-36.6449,-7.2208],[-36.64078,-7.21126],[-36.64352,-7.20854],[-36.64352,-7.20445],[-36.64833,-7.20377],[-36.64764,-7.19832],[-36.65245,-7.19491],[-36.64078,-7.19696],[-36.63597,-7.20036],[-36.63666,-7.20718],[-36.63322,-7.20922],[-36.63322,-7.21603],[-36.62979,-7.21739],[-36.6243,-7.21467],[-36.62636,-7.22352],[-36.61812,-7.22421],[-36.62292,-7.23102],[-36.61469,-7.23306],[-36.62018,-7.23987],[-36.61469,-7.24532],[-36.6243,-7.25213],[-36.62224,-7.25418],[-36.60301,-7.25213],[-36.60095,-7.25418],[-36.60439,-7.25826],[-36.60988,-7.25963],[-36.6037,-7.26031],[-36.60507,-7.26439],[-36.61263,-7.26916],[-36.61537,-7.26712],[-36.62086,-7.26848],[-36.61812,-7.27393],[-36.62498,-7.27665],[-36.62773,-7.28142],[-36.64009,-7.2787],[-36.64009,-7.28619],[-36.62773,-7.28551],[-36.61949,-7.29232],[-36.61949,-7.29573],[-36.62842,-7.29845],[-36.62567,-7.30322],[-36.63254,-7.31275],[-36.62567,-7.31207],[-36.61743,-7.30662],[-36.61606,-7.31139],[-36.61331,-7.31207],[-36.61331,-7.31888],[-36.60782,-7.31616],[-36.60576,-7.31752],[-36.60576,-7.32705],[-36.6037,-7.3291],[-36.59752,-7.31343],[-36.58241,-7.31411],[-36.58447,-7.3182],[-36.58997,-7.32092],[-36.58653,-7.32637],[-36.58241,-7.32501],[-36.57967,-7.32024],[-36.57349,-7.32092],[-36.56593,-7.31752],[-36.56525,-7.32229],[-36.56181,-7.32433],[-36.57074,-7.32842],[-36.57143,-7.33386],[-36.55838,-7.3325],[-36.55495,-7.33455],[-36.56181,-7.33727],[-36.56181,-7.34204],[-36.56937,-7.34885],[-36.56731,-7.35566],[-36.56319,-7.35498],[-36.56319,-7.34748],[-36.56044,-7.34544],[-36.55426,-7.34817],[-36.54808,-7.3434],[-36.53915,-7.3434],[-36.53366,-7.34885],[-36.5316,-7.3611],[-36.52817,-7.36315],[-36.51993,-7.36247],[-36.51787,-7.35906],[-36.52542,-7.35702],[-36.52611,-7.35498],[-36.51924,-7.35089],[-36.5213,-7.34476],[-36.51375,-7.3434],[-36.51169,-7.33931],[-36.50688,-7.34067],[-36.50688,-7.34953],[-36.49796,-7.35157],[-36.49864,-7.3468],[-36.50345,-7.34136],[-36.50276,-7.33523],[-36.49796,-7.33386],[-36.49864,-7.3291],[-36.50414,-7.32637],[-36.50276,-7.32161],[-36.50688,-7.32229],[-36.50757,-7.32774],[-36.53023,-7.33046],[-36.51855,-7.32092],[-36.51924,-7.31684],[-36.52405,-7.31548],[-36.52061,-7.3073],[-36.52679,-7.30662],[-36.53023,-7.31003],[-36.53709,-7.30935],[-36.54259,-7.30254],[-36.52473,-7.30254],[-36.52885,-7.29845],[-36.52748,-7.29573],[-36.52542,-7.29777],[-36.51924,-7.29641],[-36.51787,-7.30254],[-36.511,-7.3039],[-36.51031,-7.29504],[-36.50551,-7.29028],[-36.50208,-7.29504],[-36.48903,-7.29232],[-36.48079,-7.29504],[-36.4801,-7.293],[-36.4856,-7.29164],[-36.4856,-7.2896],[-36.47873,-7.28755],[-36.47255,-7.28006],[-36.48354,-7.27938],[-36.48148,-7.27325],[-36.47186,-7.26644],[-36.47392,-7.26167],[-36.4801,-7.26439],[-36.48628,-7.26303],[-36.49178,-7.26508],[-36.49521,-7.27529],[-36.49727,-7.27529],[-36.49864,-7.26712],[-36.50414,-7.26303],[-36.51237,-7.26235],[-36.52336,-7.26508],[-36.52267,-7.26031],[-36.51581,-7.2535],[-36.51237,-7.2535],[-36.51169,-7.24873],[-36.50826,-7.246],[-36.51443,-7.24396],[-36.51787,-7.23851],[-36.52611,-7.24328],[-36.52336,-7.2351],[-36.52611,-7.23238],[-36.5316,-7.23374],[-36.53023,-7.22897],[-36.53915,-7.22216],[-36.52542,-7.22489],[-36.51924,-7.22966],[-36.50414,-7.23034],[-36.50414,-7.21331],[-36.50826,-7.20922],[-36.50757,-7.20445],[-36.51375,-7.20104],[-36.51306,-7.19491],[-36.51649,-7.19151],[-36.51443,-7.18742],[-36.51581,-7.18333],[-36.51375,-7.18333],[-36.50826,-7.19696],[-36.50551,-7.19491],[-36.49246,-7.19559],[-36.48766,-7.19287],[-36.48903,-7.19628],[-36.50139,-7.20104],[-36.49796,-7.20581],[-36.50139,-7.21194],[-36.49315,-7.21399],[-36.49315,-7.22012],[-36.48628,-7.21603],[-36.48491,-7.22897],[-36.4801,-7.22897],[-36.47804,-7.2317],[-36.47598,-7.24396],[-36.47049,-7.24124],[-36.47118,-7.23442],[-36.46088,-7.22829],[-36.45882,-7.21807],[-36.45264,-7.22216],[-36.45538,-7.22489],[-36.45676,-7.2351],[-36.4492,-7.23579],[-36.44508,-7.23374],[-36.43959,-7.24055],[-36.43959,-7.24464],[-36.44714,-7.2426],[-36.46156,-7.25826],[-36.4389,-7.25963],[-36.43684,-7.26303],[-36.43341,-7.26303],[-36.43135,-7.27189],[-36.4389,-7.27938],[-36.43478,-7.2821],[-36.43478,-7.28551]],[[-35.84358,-7.43056],[-35.84427,-7.42988],[-35.84427,-7.43056],[-35.84358,-7.43056]],[[-35.66643,-7.47958],[-35.66574,-7.48026],[-35.66574,-7.47958],[-35.66643,-7.47958]],[[-35.66574,-7.48026],[-35.66505,-7.48094],[-35.66505,-7.48026],[-35.66574,-7.48026]],[[-35.71724,-7.62457],[-35.71793,-7.62389],[-35.71793,-7.62457],[-35.71724,-7.62457]],[[-36.54808,-7.67561],[-36.54465,-7.67493],[-36.54396,-7.67289],[-36.54739,-7.67152],[-36.54808,-7.67561]],[[-36.49521,-7.59666],[-36.49452,-7.5987],[-36.49178,-7.60007],[-36.49246,-7.59598],[-36.49521,-7.59666]],[[-36.51787,-7.35906],[-36.51718,-7.35838],[-36.51787,-7.35838],[-36.51787,-7.35906]],[[-36.43547,-7.28551],[-36.43684,-7.28619],[-36.43547,-7.28619],[-36.43547,-7.28551]],[[-36.08871,-6.44291],[-36.08871,-6.45246],[-36.08322,-6.45587],[-36.08253,-6.44495],[-36.08871,-6.44291]],[[-36.11687,-6.44768],[-36.1203,-6.44973],[-36.11755,-6.45041],[-36.11687,-6.44768]],[[-36.05438,-6.44905],[-36.06331,-6.44836],[-36.064,-6.45382],[-36.07086,-6.45451],[-36.07224,-6.45109],[-36.07635,-6.45382],[-36.07635,-6.46338],[-36.07361,-6.46883],[-36.0688,-6.4702],[-36.0585,-6.46474],[-36.06194,-6.46952],[-36.06125,-6.47361],[-36.05164,-6.46747],[-36.05576,-6.46338],[-36.05713,-6.45041],[-36.05438,-6.44905]],[[-36.11137,-6.45109],[-36.11481,-6.45519],[-36.11275,-6.4586],[-36.10863,-6.45928],[-36.10863,-6.45109],[-36.11137,-6.45109]],[[-36.04889,-6.4661],[-36.04752,-6.46679],[-36.04752,-6.4661],[-36.04889,-6.4661]],[[-36.05026,-6.47634],[-36.05576,-6.4777],[-36.05438,-6.48248],[-36.05026,-6.47907],[-36.05026,-6.47634]],[[-35.81749,-6.49885],[-35.81955,-6.50158],[-35.81886,-6.50295],[-35.81474,-6.50158],[-35.81749,-6.49885]],[[-36.11549,-6.51113],[-36.11618,-6.51659],[-36.11412,-6.51659],[-36.11275,-6.51181],[-36.11549,-6.51113]],[[-35.69458,-6.51864],[-35.70419,-6.52068],[-35.70488,-6.52341],[-35.70076,-6.52409],[-35.69389,-6.52068],[-35.69458,-6.51864]],[[-36.17729,-6.52819],[-36.17661,-6.52955],[-36.17661,-6.52819],[-36.17729,-6.52819]],[[-36.11206,-6.54661],[-36.11618,-6.54524],[-36.11618,-6.54661],[-36.11206,-6.54661]],[[-36.12236,-6.55275],[-36.12923,-6.55275],[-36.12854,-6.5582],[-36.1306,-6.56093],[-36.12648,-6.57389],[-36.11481,-6.56639],[-36.11618,-6.56298],[-36.1203,-6.56161],[-36.11824,-6.55343],[-36.12167,-6.55002],[-36.12236,-6.55275]],[[-36.14639,-6.55411],[-36.14914,-6.5698],[-36.15463,-6.57048],[-36.15532,-6.57321],[-36.15257,-6.57185],[-36.14365,-6.57935],[-36.13678,-6.58003],[-36.13609,-6.5773],[-36.14021,-6.57321],[-36.14571,-6.57321],[-36.14502,-6.56912],[-36.14159,-6.56639],[-36.14159,-6.55889],[-36.14365,-6.55275],[-36.14639,-6.55411]],[[-36.09421,-6.56366],[-36.09695,-6.56298],[-36.09695,-6.56502],[-36.09421,-6.56366]],[[-36.15807,-6.57867],[-36.16219,-6.58071],[-36.15807,-6.58208],[-36.15807,-6.57867]],[[-36.0997,-6.58685],[-36.10176,-6.59095],[-36.09833,-6.59095],[-36.09833,-6.59504],[-36.09489,-6.59708],[-36.09489,-6.60118],[-36.09215,-6.60322],[-36.09146,-6.59299],[-36.09833,-6.59026],[-36.0997,-6.58685]],[[-36.0791,-6.5889],[-36.07773,-6.58958],[-36.07773,-6.5889],[-36.0791,-6.5889]],[[-35.64995,-6.59231],[-35.65338,-6.59708],[-35.64445,-6.60322],[-35.64308,-6.60663],[-35.64514,-6.61209],[-35.6369,-6.61277],[-35.63278,-6.6155],[-35.63004,-6.62369],[-35.63141,-6.62914],[-35.62866,-6.62982],[-35.61974,-6.62028],[-35.62523,-6.62028],[-35.63622,-6.61073],[-35.64102,-6.60936],[-35.6424,-6.60459],[-35.64034,-6.59845],[-35.64995,-6.59231]],[[-35.82573,-6.62369],[-35.82848,-6.62437],[-35.82848,-6.6271],[-35.82573,-6.62369]],[[-35.82436,-6.65029],[-35.82642,-6.65301],[-35.82436,-6.6537],[-35.82436,-6.65029]],[[-35.87997,-6.65915],[-35.88203,-6.6612],[-35.88135,-6.66461],[-35.87791,-6.6612],[-35.87997,-6.65915]],[[-35.98503,-6.66188],[-35.98366,-6.66393],[-35.98434,-6.66188],[-35.98503,-6.66188]],[[-35.6434,-6.78326],[-35.63347,-6.78258],[-35.63347,-6.77917],[-35.63828,-6.77644],[-35.63484,-6.77372],[-35.62729,-6.78326],[-35.6218,-6.78326],[-35.61905,-6.78735],[-35.61081,-6.78667],[-35.61081,-6.78258],[-35.61424,-6.78053],[-35.61974,-6.7819],[-35.62454,-6.77713],[-35.6218,-6.77031],[-35.62523,-6.77031],[-35.62729,-6.7669],[-35.61905,-6.76622],[-35.61699,-6.76963],[-35.59982,-6.76963],[-35.59639,-6.76758],[-35.5957,-6.76281],[-35.60463,-6.76485],[-35.60944,-6.76281],[-35.60875,-6.75735],[-35.62523,-6.7594],[-35.63072,-6.75462],[-35.61905,-6.7519],[-35.61562,-6.74508],[-35.60394,-6.75053],[-35.59708,-6.74781],[-35.58884,-6.7403],[-35.58403,-6.74099],[-35.58609,-6.73758],[-35.61012,-6.73758],[-35.6115,-6.73417],[-35.60669,-6.73417],[-35.60257,-6.73076],[-35.58746,-6.73144],[-35.58746,-6.72462],[-35.58403,-6.72462],[-35.57922,-6.73008],[-35.57716,-6.73008],[-35.57716,-6.72735],[-35.57922,-6.72394],[-35.58403,-6.72326],[-35.5909,-6.71439],[-35.60326,-6.71916],[-35.60463,-6.72189],[-35.6115,-6.71985],[-35.61356,-6.71576],[-35.61905,-6.71916],[-35.62248,-6.71848],[-35.62317,-6.71235],[-35.61905,-6.71166],[-35.6163,-6.70757],[-35.6218,-6.70825],[-35.62248,-6.70212],[-35.61562,-6.69598],[-35.61424,-6.69121],[-35.62729,-6.69393],[-35.62935,-6.68848],[-35.63416,-6.69052],[-35.64171,-6.68166],[-35.64651,-6.68166],[-35.64445,-6.67143],[-35.64857,-6.67006],[-35.64926,-6.66597],[-35.65613,-6.6687],[-35.66162,-6.66529],[-35.66299,-6.67006],[-35.65201,-6.67893],[-35.65681,-6.68302],[-35.65475,-6.68916],[-35.64102,-6.6953],[-35.63896,-6.70212],[-35.64514,-6.70825],[-35.6575,-6.71235],[-35.65475,-6.71916],[-35.66299,-6.71916],[-35.66986,-6.72598],[-35.67123,-6.73485],[-35.67604,-6.73349],[-35.67879,-6.73553],[-35.68359,-6.7328],[-35.68497,-6.73894],[-35.69183,-6.73962],[-35.69527,-6.74303],[-35.69801,-6.74303],[-35.69664,-6.7403],[-35.69733,-6.73826],[-35.70488,-6.74371],[-35.71106,-6.74576],[-35.71518,-6.7444],[-35.71861,-6.74849],[-35.72548,-6.75053],[-35.7296,-6.74849],[-35.73029,-6.75326],[-35.74127,-6.76349],[-35.7502,-6.76553],[-35.755,-6.77099],[-35.755,-6.78531],[-35.75706,-6.78872],[-35.75226,-6.79008],[-35.74814,-6.79485],[-35.74608,-6.7894],[-35.74127,-6.78667],[-35.74333,-6.80099],[-35.74059,-6.80235],[-35.73166,-6.79554],[-35.73097,-6.79213],[-35.72548,-6.79281],[-35.7193,-6.78599],[-35.71793,-6.78122],[-35.72273,-6.77917],[-35.72205,-6.77576],[-35.71655,-6.77713],[-35.71587,-6.77508],[-35.6987,-6.7744],[-35.6987,-6.76894],[-35.69595,-6.76622],[-35.69321,-6.76553],[-35.69389,-6.76963],[-35.69115,-6.76963],[-35.68359,-6.76281],[-35.68428,-6.76894],[-35.67673,-6.77031],[-35.67879,-6.7744],[-35.67673,-6.77917],[-35.67879,-6.79144],[-35.67604,-6.79349],[-35.67604,-6.80031],[-35.66849,-6.80031],[-35.66643,-6.79554],[-35.65681,-6.79963],[-35.65544,-6.80167],[-35.66025,-6.8044],[-35.66025,-6.80713],[-35.65544,-6.8119],[-35.65956,-6.8194],[-35.65613,-6.82144],[-35.65338,-6.82758],[-35.64995,-6.8269],[-35.65132,-6.82144],[-35.6424,-6.82144],[-35.63965,-6.82553],[-35.64308,-6.82758],[-35.64308,-6.83167],[-35.64034,-6.83235],[-35.63622,-6.82281],[-35.64102,-6.81258],[-35.62866,-6.81531],[-35.62729,-6.81122],[-35.62248,-6.81463],[-35.62042,-6.8119],[-35.62248,-6.80235],[-35.63141,-6.80167],[-35.62866,-6.79894],[-35.62866,-6.79485],[-35.63416,-6.79554],[-35.63622,-6.79076],[-35.64273,-6.79008],[-35.6434,-6.78326]],[[-35.6266,-6.6837],[-35.62798,-6.68439],[-35.62798,-6.68575],[-35.6266,-6.6837]],[[-35.82779,-6.70484],[-35.82916,-6.70757],[-35.82642,-6.70757],[-35.82573,-6.70553],[-35.82779,-6.70484]],[[-35.88959,-6.71235],[-35.89096,-6.71371],[-35.88959,-6.71371],[-35.88959,-6.71235]],[[-35.83397,-6.7328],[-35.83672,-6.73962],[-35.83534,-6.7444],[-35.84084,-6.74508],[-35.84564,-6.74099],[-35.85045,-6.74167],[-35.85114,-6.74985],[-35.85526,-6.74644],[-35.86075,-6.74781],[-35.86349,-6.73962],[-35.8683,-6.74371],[-35.87105,-6.74303],[-35.87036,-6.73621],[-35.88066,-6.73553],[-35.88272,-6.73826],[-35.88203,-6.75258],[-35.88547,-6.75531],[-35.88547,-6.75872],[-35.88959,-6.76008],[-35.89302,-6.76485],[-35.89302,-6.77031],[-35.89027,-6.77099],[-35.88341,-6.76349],[-35.87929,-6.75258],[-35.8683,-6.76349],[-35.86349,-6.76417],[-35.86418,-6.76894],[-35.85937,-6.77099],[-35.86075,-6.76212],[-35.85732,-6.75735],[-35.84908,-6.75872],[-35.84702,-6.75462],[-35.83603,-6.75053],[-35.83534,-6.75394],[-35.82573,-6.75872],[-35.82436,-6.77576],[-35.82092,-6.77781],[-35.82367,-6.78463],[-35.83054,-6.7894],[-35.8326,-6.7969],[-35.84084,-6.80644],[-35.83534,-6.81053],[-35.83534,-6.81599],[-35.82848,-6.81872],[-35.82161,-6.81394],[-35.82092,-6.80917],[-35.81818,-6.80713],[-35.82092,-6.79894],[-35.82642,-6.79826],[-35.82504,-6.78803],[-35.81886,-6.78531],[-35.81543,-6.79144],[-35.81062,-6.79417],[-35.81062,-6.78326],[-35.80101,-6.78053],[-35.79964,-6.77713],[-35.80513,-6.77781],[-35.8065,-6.7744],[-35.81131,-6.77508],[-35.80994,-6.76963],[-35.81749,-6.76758],[-35.81131,-6.76008],[-35.81131,-6.75599],[-35.81612,-6.75121],[-35.81062,-6.74712],[-35.81062,-6.73689],[-35.81955,-6.73894],[-35.82024,-6.72803],[-35.82367,-6.72189],[-35.82573,-6.72326],[-35.82436,-6.73008],[-35.83054,-6.73485],[-35.83397,-6.7328]],[[-35.83397,-6.7328],[-35.83466,-6.73076],[-35.83466,-6.7328],[-35.83397,-6.7328]],[[-35.88066,-6.72598],[-35.88272,-6.72803],[-35.88066,-6.73349],[-35.87379,-6.73144],[-35.87379,-6.72871],[-35.88066,-6.72598]],[[-35.84976,-6.72939],[-35.8477,-6.73417],[-35.8429,-6.73349],[-35.84427,-6.72939],[-35.84976,-6.72939]],[[-35.80376,-6.73826],[-35.80307,-6.73894],[-35.80307,-6.73826],[-35.80376,-6.73826]],[[-35.80307,-6.74167],[-35.80444,-6.74712],[-35.79689,-6.74371],[-35.79826,-6.74099],[-35.80307,-6.74167]],[[-35.59296,-6.74781],[-35.59021,-6.74781],[-35.58609,-6.74917],[-35.58746,-6.74644],[-35.59296,-6.74781]],[[-35.73578,-6.7519],[-35.73784,-6.75053],[-35.73853,-6.75258],[-35.73578,-6.7519]],[[-35.755,-6.76076],[-35.75363,-6.76144],[-35.75363,-6.76076],[-35.755,-6.76076]],[[-35.77972,-6.78053],[-35.78865,-6.78872],[-35.78728,-6.79281],[-35.7811,-6.79281],[-35.78247,-6.80031],[-35.77835,-6.79963],[-35.7756,-6.79417],[-35.7708,-6.79622],[-35.76805,-6.79144],[-35.76805,-6.78872],[-35.77148,-6.78803],[-35.76736,-6.78326],[-35.76805,-6.78053],[-35.77972,-6.78053]],[[-35.68153,-6.80304],[-35.68085,-6.8044],[-35.68085,-6.80304],[-35.68153,-6.80304]],[[-35.68222,-6.80576],[-35.68153,-6.80508],[-35.68222,-6.80508],[-35.68222,-6.80576]],[[-35.68222,-6.80713],[-35.68359,-6.80644],[-35.68497,-6.80781],[-35.68222,-6.80713]],[[-35.90263,-6.81394],[-35.90263,-6.82144],[-35.9095,-6.82144],[-35.91293,-6.82962],[-35.90126,-6.82622],[-35.89783,-6.8344],[-35.89165,-6.83508],[-35.89027,-6.83031],[-35.89577,-6.8269],[-35.8992,-6.81531],[-35.90263,-6.81394]],[[-35.6218,-6.81667],[-35.6218,-6.82008],[-35.61905,-6.82076],[-35.61836,-6.81735],[-35.6218,-6.81667]],[[-35.62798,-6.82144],[-35.62866,-6.82485],[-35.62454,-6.82553],[-35.62386,-6.82281],[-35.62798,-6.82144]],[[-36.03378,-6.82281],[-36.03584,-6.82485],[-36.0331,-6.82417],[-36.03378,-6.82281]],[[-35.99464,-6.84258],[-35.99739,-6.84462],[-35.99396,-6.84531],[-35.99464,-6.84258]],[[-35.6781,-6.84735],[-35.67192,-6.84531],[-35.67192,-6.84326],[-35.67604,-6.84394],[-35.6781,-6.84735]],[[-35.6781,-6.84803],[-35.67947,-6.84871],[-35.6781,-6.84871],[-35.6781,-6.84803]],[[-35.67947,-6.84871],[-35.68016,-6.8494],[-35.67947,-6.8494],[-35.67947,-6.84871]],[[-35.68634,-6.84599],[-35.68497,-6.84667],[-35.68497,-6.84599],[-35.68634,-6.84599]],[[-35.72754,-6.85758],[-35.72754,-6.8603],[-35.72136,-6.85894],[-35.72342,-6.8569],[-35.72754,-6.85758]],[[-35.70763,-6.86099],[-35.70419,-6.86303],[-35.70213,-6.86235],[-35.70625,-6.85826],[-35.70763,-6.86099]],[[-35.89851,-6.85894],[-35.90469,-6.86167],[-35.90607,-6.8678],[-35.8992,-6.86235],[-35.89851,-6.85894]],[[-36.0276,-6.86099],[-36.02829,-6.86371],[-36.02623,-6.86371],[-36.02348,-6.8603],[-36.0276,-6.86099]],[[-35.75638,-6.86644],[-35.75844,-6.86848],[-35.75638,-6.86917],[-35.75638,-6.86644]],[[-36.0276,-6.8678],[-36.03859,-6.87735],[-36.04202,-6.88825],[-36.0276,-6.88416],[-36.02692,-6.87939],[-36.02898,-6.87666],[-36.02554,-6.87462],[-36.02486,-6.87121],[-36.0276,-6.8678]],[[-35.71037,-6.87462],[-35.70763,-6.87598],[-35.70763,-6.87462],[-35.71037,-6.87462]],[[-35.90813,-6.87735],[-35.91293,-6.87939],[-35.91362,-6.88212],[-35.90813,-6.88007],[-35.90813,-6.87735]],[[-35.73303,-6.89371],[-35.74127,-6.89507],[-35.74539,-6.89984],[-35.74677,-6.91279],[-35.73784,-6.90734],[-35.74196,-6.89984],[-35.73303,-6.89371]],[[-35.91431,-6.89712],[-35.91362,-6.8978],[-35.91362,-6.89712],[-35.91431,-6.89712]],[[-35.66849,-6.92029],[-35.66986,-6.92302],[-35.66643,-6.9237],[-35.66574,-6.92029],[-35.66849,-6.92029]],[[-35.68085,-6.92302],[-35.68291,-6.92506],[-35.68016,-6.92438],[-35.68085,-6.92302]],[[-35.91431,-6.93461],[-35.91293,-6.93665],[-35.91293,-6.93461],[-35.91431,-6.93461]],[[-35.64034,-6.95301],[-35.6369,-6.95369],[-35.6369,-6.95301],[-35.64034,-6.95301]],[[-35.96992,-6.97687],[-35.96855,-6.97755],[-35.96855,-6.97687],[-35.96992,-6.97687]],[[-35.68497,-6.99595],[-35.68291,-6.99731],[-35.68291,-6.99595],[-35.68497,-6.99595]],[[-35.72411,-7.00276],[-35.72754,-6.99936],[-35.72823,-7.00276],[-35.72411,-7.00276]],[[-35.74265,-7.05456],[-35.74608,-7.0566],[-35.74608,-7.05865],[-35.74265,-7.05728],[-35.74265,-7.05456]],[[-35.73853,-7.05865],[-35.74883,-7.06819],[-35.74951,-7.07568],[-35.74608,-7.07296],[-35.73853,-7.07296],[-35.73921,-7.06887],[-35.73303,-7.06682],[-35.73303,-7.05728],[-35.73853,-7.05865]],[[-35.73647,-7.07364],[-35.73303,-7.07364],[-35.73303,-7.07159],[-35.73647,-7.07159],[-35.73647,-7.07364]],[[-35.78316,-7.08658],[-35.78247,-7.08726],[-35.78247,-7.08658],[-35.78316,-7.08658]],[[-35.72479,-7.08658],[-35.72342,-7.08795],[-35.72342,-7.08658],[-35.72479,-7.08658]],[[-35.76393,-7.1336],[-35.76805,-7.13564],[-35.76942,-7.14177],[-35.76187,-7.14041],[-35.755,-7.13428],[-35.76393,-7.1336]],[[-35.78384,-7.14586],[-35.78453,-7.14927],[-35.78178,-7.14995],[-35.7811,-7.14654],[-35.78384,-7.14586]],[[-35.78796,-7.14995],[-35.8017,-7.15404],[-35.81062,-7.16358],[-35.81131,-7.17039],[-35.80925,-7.16766],[-35.80513,-7.16766],[-35.79414,-7.17584],[-35.78178,-7.17788],[-35.78041,-7.17175],[-35.77354,-7.1772],[-35.77148,-7.16971],[-35.76736,-7.17175],[-35.76393,-7.16834],[-35.76668,-7.16289],[-35.77148,-7.16085],[-35.77011,-7.15744],[-35.77286,-7.15199],[-35.78247,-7.15063],[-35.78728,-7.15267],[-35.78796,-7.14995]],[[-35.74402,-7.17379],[-35.75294,-7.17584],[-35.75432,-7.18061],[-35.76118,-7.17924],[-35.7653,-7.18538],[-35.75912,-7.19219],[-35.75226,-7.19355],[-35.75294,-7.20173],[-35.74883,-7.20649],[-35.74471,-7.20445],[-35.74745,-7.19628],[-35.7399,-7.19423],[-35.73921,-7.19151],[-35.73647,-7.19287],[-35.73509,-7.18946],[-35.7296,-7.18742],[-35.72617,-7.17856],[-35.72685,-7.17584],[-35.7399,-7.17856],[-35.74402,-7.17379]],[[-35.71999,-7.17924],[-35.7193,-7.18061],[-35.7193,-7.17924],[-35.71999,-7.17924]],[[-35.7296,-7.21739],[-35.73235,-7.2208],[-35.72823,-7.22012],[-35.7296,-7.21739]],[[-36.40663,-7.23238],[-36.40526,-7.23374],[-36.40526,-7.23238],[-36.40663,-7.23238]],[[-36.25076,-7.24805],[-36.24939,-7.24941],[-36.24939,-7.24805],[-36.25076,-7.24805]],[[-36.09077,-7.25213],[-36.09558,-7.25418],[-36.09009,-7.25418],[-36.09077,-7.25213]],[[-36.64696,-7.25622],[-36.65108,-7.25895],[-36.6497,-7.26303],[-36.64215,-7.25826],[-36.64696,-7.25622]],[[-36.33453,-7.26167],[-36.3414,-7.2678],[-36.3517,-7.26984],[-36.34895,-7.28347],[-36.35445,-7.29368],[-36.35033,-7.29777],[-36.33728,-7.28483],[-36.32767,-7.28278],[-36.32423,-7.27938],[-36.33179,-7.27257],[-36.32973,-7.26916],[-36.32011,-7.26644],[-36.32011,-7.26439],[-36.32835,-7.26099],[-36.33453,-7.26167]],[[-36.40182,-7.26235],[-36.40114,-7.26167],[-36.40182,-7.26167],[-36.40182,-7.26235]],[[-36.40182,-7.26235],[-36.40251,-7.26303],[-36.40182,-7.26303],[-36.40182,-7.26235]],[[-36.40251,-7.26303],[-36.4032,-7.26371],[-36.40251,-7.26371],[-36.40251,-7.26303]],[[-36.03859,-7.27461],[-36.0331,-7.27529],[-36.03241,-7.27257],[-36.03859,-7.27189],[-36.03859,-7.27461]],[[-35.89439,-7.27257],[-35.90195,-7.27461],[-35.90263,-7.27734],[-35.89989,-7.27802],[-35.90057,-7.28483],[-35.89645,-7.28687],[-35.89302,-7.27461],[-35.89439,-7.27257]],[[-36.35857,-7.29436],[-36.36681,-7.29845],[-36.36406,-7.30322],[-36.35788,-7.29641],[-36.35857,-7.29436]],[[-36.66,-7.29777],[-36.66344,-7.29981],[-36.65863,-7.29913],[-36.66,-7.29777]],[[-36.2281,-7.3073],[-36.22742,-7.30798],[-36.22742,-7.3073],[-36.2281,-7.3073]],[[-36.63528,-7.31616],[-36.63322,-7.31888],[-36.63254,-7.31616],[-36.63528,-7.31616]],[[-36.37024,-7.3182],[-36.36818,-7.31956],[-36.36818,-7.3182],[-36.37024,-7.3182]],[[-36.2075,-7.3182],[-36.20888,-7.31956],[-36.2075,-7.31956],[-36.2075,-7.3182]],[[-36.59203,-7.32092],[-36.59134,-7.32161],[-36.59134,-7.32092],[-36.59203,-7.32092]],[[-36.37024,-7.32365],[-36.37093,-7.32637],[-36.36337,-7.32705],[-36.35925,-7.3291],[-36.36063,-7.33386],[-36.35719,-7.33318],[-36.35857,-7.32501],[-36.37024,-7.32365]],[[-35.87791,-7.32774],[-35.87929,-7.32978],[-35.87585,-7.32774],[-35.87791,-7.32774]],[[-35.81886,-7.3325],[-35.82161,-7.33591],[-35.82642,-7.33591],[-35.8271,-7.33863],[-35.83466,-7.33659],[-35.84976,-7.34272],[-35.85937,-7.34204],[-35.86143,-7.34748],[-35.85594,-7.35498],[-35.86212,-7.35906],[-35.86281,-7.36315],[-35.85594,-7.35974],[-35.85182,-7.35429],[-35.84221,-7.35293],[-35.83878,-7.34885],[-35.83466,-7.35157],[-35.81818,-7.35157],[-35.80994,-7.35566],[-35.80994,-7.36179],[-35.80376,-7.36587],[-35.78728,-7.3686],[-35.78178,-7.34953],[-35.7859,-7.34272],[-35.79208,-7.33931],[-35.7914,-7.33591],[-35.80513,-7.33659],[-35.81131,-7.3325],[-35.81886,-7.3325]],[[-36.47873,-7.33727],[-36.47942,-7.34612],[-36.47049,-7.35089],[-36.4698,-7.34817],[-36.47736,-7.3434],[-36.4753,-7.33727],[-36.47873,-7.33727]],[[-35.67398,-7.33931],[-35.68771,-7.33795],[-35.68771,-7.33999],[-35.68085,-7.34408],[-35.67192,-7.34272],[-35.67398,-7.33931]],[[-36.15807,-7.34067],[-36.18141,-7.34204],[-36.19858,-7.35225],[-36.19858,-7.35634],[-36.20338,-7.35974],[-36.19789,-7.36247],[-36.1972,-7.36519],[-36.2027,-7.3686],[-36.20201,-7.37064],[-36.18965,-7.37132],[-36.18004,-7.36247],[-36.16081,-7.36179],[-36.15257,-7.36723],[-36.13884,-7.36587],[-36.13541,-7.36791],[-36.13197,-7.36451],[-36.12167,-7.3686],[-36.11687,-7.36655],[-36.11755,-7.35838],[-36.12511,-7.35566],[-36.1306,-7.35634],[-36.14571,-7.3434],[-36.15807,-7.34067]],[[-35.87173,-7.34408],[-35.87517,-7.34748],[-35.87173,-7.34612],[-35.87173,-7.34408]],[[-35.88753,-7.34544],[-35.89783,-7.34612],[-35.90057,-7.35021],[-35.90469,-7.34953],[-35.91019,-7.3577],[-35.90469,-7.35974],[-35.90401,-7.35498],[-35.89989,-7.35293],[-35.89714,-7.35566],[-35.90057,-7.35906],[-35.89165,-7.35838],[-35.88478,-7.35566],[-35.87997,-7.34885],[-35.87997,-7.3468],[-35.88753,-7.34544]],[[-36.26381,-7.35021],[-36.26518,-7.35293],[-36.26244,-7.35225],[-36.26381,-7.35021]],[[-36.46706,-7.35429],[-36.4753,-7.35634],[-36.47598,-7.35906],[-36.46912,-7.35838],[-36.46706,-7.35429]],[[-36.46362,-7.35361],[-36.46088,-7.35566],[-36.46019,-7.35429],[-36.46362,-7.35361]],[[-36.25145,-7.35906],[-36.25214,-7.36383],[-36.24802,-7.36519],[-36.24802,-7.35906],[-36.25145,-7.35906]],[[-36.53435,-7.3611],[-36.53709,-7.35974],[-36.53709,-7.36179],[-36.53435,-7.3611]],[[-36.26724,-7.36042],[-36.26312,-7.36315],[-36.25832,-7.36179],[-36.25832,-7.35974],[-36.26724,-7.36042]],[[-35.92186,-7.36042],[-35.92461,-7.36383],[-35.91843,-7.36383],[-35.91705,-7.36791],[-35.91225,-7.36791],[-35.90675,-7.36383],[-35.91087,-7.35974],[-35.92186,-7.36042]],[[-35.86899,-7.36042],[-35.8683,-7.36247],[-35.86624,-7.36247],[-35.86693,-7.35974],[-35.86899,-7.36042]],[[-36.21025,-7.36315],[-36.21849,-7.36723],[-36.2233,-7.372],[-36.21986,-7.37268],[-36.20888,-7.36723],[-36.21025,-7.36315]],[[-36.11069,-7.36383],[-36.11275,-7.3686],[-36.11,-7.37064],[-36.10382,-7.372],[-36.09695,-7.36996],[-36.10039,-7.36519],[-36.11069,-7.36383]],[[-36.27342,-7.36451],[-36.2748,-7.3686],[-36.26724,-7.36723],[-36.2693,-7.36383],[-36.27342,-7.36451]],[[-36.51787,-7.36519],[-36.51855,-7.3686],[-36.51306,-7.36723],[-36.51375,-7.36519],[-36.51787,-7.36519]],[[-36.46637,-7.36451],[-36.47049,-7.36519],[-36.47324,-7.36791],[-36.46706,-7.36655],[-36.46637,-7.36451]],[[-36.30363,-7.36587],[-36.30707,-7.36791],[-36.30707,-7.37064],[-36.30226,-7.37132],[-36.29677,-7.36723],[-36.30363,-7.36587]],[[-36.27892,-7.36723],[-36.28716,-7.3686],[-36.28784,-7.372],[-36.27892,-7.36928],[-36.27892,-7.36723]],[[-36.31462,-7.372],[-36.31531,-7.37404],[-36.31256,-7.372],[-36.31462,-7.372]],[[-36.28166,-7.37336],[-36.28304,-7.37472],[-36.28098,-7.37472],[-36.28166,-7.37336]],[[-35.95619,-7.37404],[-35.96718,-7.37404],[-35.96992,-7.37609],[-35.98434,-7.37472],[-35.98984,-7.37813],[-35.95963,-7.38017],[-35.94864,-7.37677],[-35.95619,-7.37404]],[[-36.26381,-7.37404],[-36.26587,-7.37472],[-36.26656,-7.37609],[-36.26381,-7.37404]],[[-36.09077,-7.37404],[-36.09283,-7.37677],[-36.08871,-7.37609],[-36.09077,-7.37404]],[[-36.27411,-7.37677],[-36.27548,-7.38153],[-36.26862,-7.37813],[-36.27136,-7.37541],[-36.27411,-7.37677]],[[-36.08803,-7.37541],[-36.08459,-7.37949],[-36.08253,-7.37609],[-36.08803,-7.37541]],[[-36.17043,-7.37677],[-36.16768,-7.37881],[-36.16768,-7.37677],[-36.17043,-7.37677]],[[-36.29196,-7.38017],[-36.29608,-7.37949],[-36.29608,-7.38153],[-36.29196,-7.38017]],[[-36.18622,-7.38426],[-36.18279,-7.39039],[-36.18004,-7.38971],[-36.18484,-7.37813],[-36.18622,-7.38426]],[[-36.6346,-7.3863],[-36.63185,-7.38562],[-36.63116,-7.38426],[-36.6346,-7.38426],[-36.6346,-7.3863]],[[-36.38535,-7.38494],[-36.40251,-7.38562],[-36.40388,-7.38971],[-36.38947,-7.39175],[-36.38466,-7.38766],[-36.38535,-7.38494]],[[-36.1615,-7.38494],[-36.16013,-7.3863],[-36.16013,-7.38494],[-36.1615,-7.38494]],[[-36.35925,-7.38834],[-36.35651,-7.39175],[-36.35445,-7.39243],[-36.35788,-7.3863],[-36.35925,-7.38834]],[[-36.13609,-7.39311],[-36.14159,-7.39515],[-36.13678,-7.3972],[-36.13609,-7.39311]],[[-36.07773,-7.3972],[-36.07773,-7.39992],[-36.07635,-7.39992],[-36.07773,-7.3972]],[[-36.13403,-7.39924],[-36.13266,-7.40741],[-36.12991,-7.40741],[-36.12099,-7.40605],[-36.11275,-7.4006],[-36.11549,-7.39924],[-36.11961,-7.40196],[-36.13403,-7.39924]],[[-36.14021,-7.41694],[-36.1409,-7.42103],[-36.13678,-7.42239],[-36.13609,-7.41762],[-36.14021,-7.41694]],[[-36.60713,-7.41967],[-36.61331,-7.42171],[-36.61469,-7.42443],[-36.60713,-7.41967]],[[-36.61812,-7.42307],[-36.61537,-7.42443],[-36.61537,-7.42375],[-36.61812,-7.42307]],[[-35.99739,-7.4435],[-36.00151,-7.44758],[-36.00014,-7.45099],[-35.99396,-7.45099],[-35.99052,-7.44826],[-35.99121,-7.4435],[-35.99739,-7.4435]],[[-36.56525,-7.44622],[-36.56387,-7.44758],[-36.56387,-7.44622],[-36.56525,-7.44622]],[[-36.68335,-7.44826],[-36.68541,-7.44962],[-36.68472,-7.45303],[-36.6806,-7.45099],[-36.68335,-7.44826]],[[-36.52611,-7.44826],[-36.52405,-7.44962],[-36.52336,-7.44826],[-36.52611,-7.44826]],[[-36.50551,-7.45575],[-36.50208,-7.45779],[-36.50208,-7.45643],[-36.50551,-7.45575]],[[-36.38329,-7.46801],[-36.39084,-7.47005],[-36.39565,-7.47618],[-36.39633,-7.47958],[-36.3929,-7.48435],[-36.38672,-7.48435],[-36.38191,-7.47618],[-36.38329,-7.46801]],[[-36.03104,-7.46801],[-36.04889,-7.47209],[-36.04889,-7.47481],[-36.05232,-7.47686],[-36.05988,-7.4755],[-36.06056,-7.47822],[-36.05301,-7.48843],[-36.0379,-7.48707],[-36.02348,-7.47277],[-36.02417,-7.46869],[-36.03104,-7.46801]],[[-36.37093,-7.47754],[-36.37436,-7.48094],[-36.37093,-7.4823],[-36.37093,-7.47754]],[[-36.40594,-7.4823],[-36.408,-7.48911],[-36.40045,-7.49183],[-36.40045,-7.48571],[-36.40594,-7.4823]],[[-36.22398,-7.48707],[-36.23085,-7.48979],[-36.22948,-7.49456],[-36.22604,-7.49388],[-36.2233,-7.48911],[-36.22398,-7.48707]],[[-35.64171,-7.48775],[-35.6472,-7.49047],[-35.65475,-7.48843],[-35.6575,-7.49047],[-35.65681,-7.49524],[-35.66093,-7.49728],[-35.66849,-7.49796],[-35.66986,-7.49456],[-35.67398,-7.49388],[-35.67673,-7.49592],[-35.67673,-7.50069],[-35.68703,-7.49796],[-35.6884,-7.50477],[-35.67329,-7.50885],[-35.67055,-7.51362],[-35.66368,-7.51498],[-35.65887,-7.51158],[-35.66093,-7.50341],[-35.65407,-7.50477],[-35.65407,-7.50069],[-35.64651,-7.49932],[-35.64445,-7.49183],[-35.64171,-7.49047],[-35.64171,-7.48775]],[[-35.71518,-7.4932],[-35.72548,-7.49864],[-35.72891,-7.50613],[-35.73784,-7.50477],[-35.74127,-7.50885],[-35.7399,-7.51226],[-35.74265,-7.51362],[-35.74265,-7.5177],[-35.73784,-7.5177],[-35.73235,-7.5143],[-35.73097,-7.51022],[-35.72479,-7.50953],[-35.71999,-7.50137],[-35.71724,-7.50613],[-35.70351,-7.50273],[-35.70831,-7.51907],[-35.70076,-7.52111],[-35.69939,-7.52587],[-35.69527,-7.5286],[-35.69527,-7.52315],[-35.69046,-7.5177],[-35.69733,-7.5143],[-35.69321,-7.51226],[-35.69389,-7.50749],[-35.69115,-7.50341],[-35.70076,-7.49388],[-35.71175,-7.49524],[-35.71518,-7.4932]],[[-35.75157,-7.50545],[-35.75569,-7.5143],[-35.77217,-7.51907],[-35.77492,-7.52247],[-35.77011,-7.52587],[-35.75638,-7.52247],[-35.75706,-7.51702],[-35.74951,-7.5143],[-35.7502,-7.50749],[-35.74814,-7.50613],[-35.75157,-7.50545]],[[-35.68222,-7.5143],[-35.68497,-7.51634],[-35.68497,-7.52043],[-35.68085,-7.52315],[-35.67741,-7.51634],[-35.68222,-7.5143]],[[-35.80925,-7.53745],[-35.812,-7.54017],[-35.81406,-7.54493],[-35.8065,-7.54493],[-35.8065,-7.54085],[-35.80238,-7.53949],[-35.80307,-7.53676],[-35.80925,-7.53745]],[[-36.19308,-7.54153],[-36.213,-7.55242],[-36.21437,-7.55923],[-36.20476,-7.56059],[-36.19446,-7.55582],[-36.18965,-7.5497],[-36.19034,-7.54289],[-36.19308,-7.54153]],[[-35.82573,-7.54153],[-35.82848,-7.54697],[-35.82298,-7.54697],[-35.82573,-7.54153]],[[-35.80238,-7.54766],[-35.80238,-7.5497],[-35.79895,-7.5497],[-35.79964,-7.54766],[-35.80238,-7.54766]],[[-36.45264,-7.55991],[-36.45126,-7.56059],[-36.45126,-7.55991],[-36.45264,-7.55991]],[[-36.0791,-7.56399],[-36.08185,-7.56603],[-36.08116,-7.57012],[-36.06812,-7.5708],[-36.05919,-7.57488],[-36.0537,-7.57148],[-36.03996,-7.57148],[-36.03722,-7.57488],[-36.02486,-7.57352],[-36.02623,-7.57012],[-36.03378,-7.56808],[-36.04134,-7.56944],[-36.04477,-7.56603],[-36.05232,-7.5674],[-36.0585,-7.56467],[-36.0791,-7.56399]],[[-36.38535,-7.5674],[-36.38397,-7.56944],[-36.38329,-7.5674],[-36.38535,-7.5674]],[[-35.5806,-7.57352],[-35.58815,-7.57965],[-35.58609,-7.58713],[-35.58266,-7.58645],[-35.58197,-7.58169],[-35.57854,-7.57829],[-35.5806,-7.57352]],[[-36.4801,-7.57624],[-36.47873,-7.58441],[-36.47461,-7.58305],[-36.4753,-7.57761],[-36.4801,-7.57624]],[[-35.9967,-7.58986],[-35.99602,-7.59054],[-35.99602,-7.58986],[-35.9967,-7.58986]],[[-36.17935,-7.5987],[-36.16768,-7.60143],[-36.16081,-7.60075],[-36.16219,-7.59666],[-36.16837,-7.59666],[-36.1718,-7.5919],[-36.17867,-7.5953],[-36.17935,-7.5987]],[[-36.18141,-7.5987],[-36.18279,-7.60143],[-36.1821,-7.60279],[-36.17935,-7.60075],[-36.18141,-7.5987]],[[-36.14639,-7.59666],[-36.14571,-7.59939],[-36.14159,-7.5987],[-36.14296,-7.59598],[-36.14639,-7.59666]],[[-36.1512,-7.59666],[-36.15326,-7.59939],[-36.14983,-7.5987],[-36.1512,-7.59666]],[[-36.4856,-7.60891],[-36.4904,-7.61436],[-36.48972,-7.61572],[-36.48628,-7.61504],[-36.4856,-7.60891]],[[-36.40388,-7.61232],[-36.40869,-7.613],[-36.41144,-7.61572],[-36.40663,-7.6164],[-36.40388,-7.61232]],[[-35.93422,-7.62457],[-35.93559,-7.62865],[-35.93353,-7.62933],[-35.93147,-7.62525],[-35.93422,-7.62457]],[[-36.1972,-7.63478],[-36.20407,-7.63682],[-36.19583,-7.63682],[-36.1972,-7.63478]],[[-36.10382,-7.64294],[-36.10588,-7.64362],[-36.10657,-7.64635],[-36.10382,-7.64294]],[[-36.30844,-7.65247],[-36.30775,-7.65587],[-36.30501,-7.65383],[-36.30569,-7.65179],[-36.30844,-7.65247]],[[-36.53366,-7.65655],[-36.5419,-7.65859],[-36.54465,-7.66472],[-36.53709,-7.66336],[-36.53297,-7.65928],[-36.53366,-7.65655]],[[-36.30981,-7.66064],[-36.32011,-7.66404],[-36.32217,-7.66812],[-36.31668,-7.66812],[-36.3105,-7.66336],[-36.30981,-7.66064]],[[-36.47461,-7.66404],[-36.47873,-7.66676],[-36.47598,-7.66676],[-36.47461,-7.66404]],[[-36.49109,-7.66676],[-36.50139,-7.6688],[-36.50345,-7.66676],[-36.51031,-7.66744],[-36.50894,-7.67221],[-36.51306,-7.67765],[-36.4904,-7.66948],[-36.49109,-7.66676]],[[-36.4856,-7.66608],[-36.48422,-7.66676],[-36.48422,-7.66608],[-36.4856,-7.66608]],[[-36.75613,-7.67629],[-36.75407,-7.67629],[-36.75476,-7.67357],[-36.75613,-7.67357],[-36.75613,-7.67629]],[[-35.83603,-7.67425],[-35.83946,-7.67765],[-35.83809,-7.68105],[-35.83054,-7.67901],[-35.83603,-7.67425]],[[-36.17867,-7.67425],[-36.17729,-7.67561],[-36.17729,-7.67493],[-36.17867,-7.67425]],[[-36.52542,-7.67629],[-36.52817,-7.67901],[-36.52473,-7.68309],[-36.52954,-7.6865],[-36.52954,-7.6899],[-36.52199,-7.68581],[-36.52061,-7.67765],[-36.52542,-7.67629]],[[-36.76437,-7.67833],[-36.76506,-7.68241],[-36.76231,-7.68241],[-36.76231,-7.67901],[-36.76437,-7.67833]],[[-35.83809,-7.68241],[-35.8374,-7.68309],[-35.8374,-7.68241],[-35.83809,-7.68241]],[[-36.61812,-7.68309],[-36.62636,-7.68581],[-36.62704,-7.68786],[-36.62361,-7.6899],[-36.61674,-7.68581],[-36.61812,-7.68309]],[[-36.77467,-7.68581],[-36.77673,-7.68786],[-36.77467,-7.68854],[-36.77467,-7.68581]],[[-35.78865,-7.68922],[-35.78522,-7.68786],[-35.7859,-7.68581],[-35.78865,-7.68581],[-35.78865,-7.68922]],[[-36.05576,-7.68718],[-36.05438,-7.68786],[-36.05438,-7.68718],[-36.05576,-7.68718]],[[-36.65863,-7.68922],[-36.65726,-7.69058],[-36.65657,-7.68922],[-36.65863,-7.68922]],[[-36.06468,-7.68922],[-36.08322,-7.69466],[-36.08459,-7.69874],[-36.0791,-7.69942],[-36.06606,-7.69398],[-36.06468,-7.68922]],[[-35.77972,-7.70487],[-35.7811,-7.70759],[-35.77354,-7.70827],[-35.77423,-7.70487],[-35.77972,-7.70487]],[[-36.05576,-7.70555],[-36.05576,-7.71303],[-36.05164,-7.72052],[-36.0482,-7.70759],[-36.05232,-7.70487],[-36.05576,-7.70555]],[[-36.22398,-7.70759],[-36.23016,-7.70963],[-36.22948,-7.71303],[-36.22398,-7.70963],[-36.22398,-7.70759]],[[-36.18416,-7.72664],[-36.19789,-7.73413],[-36.19789,-7.73753],[-36.19102,-7.73889],[-36.18279,-7.73004],[-36.17798,-7.72868],[-36.17798,-7.72664],[-36.18416,-7.72664]],[[-36.52679,-7.74569],[-36.52817,-7.74773],[-36.52473,-7.74569],[-36.52679,-7.74569]],[[-36.59889,-7.75726],[-36.60233,-7.75862],[-36.59958,-7.75998],[-36.59889,-7.75726]],[[-36.63185,-7.75862],[-36.63254,-7.76134],[-36.62979,-7.75862],[-36.63185,-7.75862]],[[-36.45264,-7.76134],[-36.4547,-7.76542],[-36.44989,-7.76746],[-36.44783,-7.7627],[-36.45264,-7.76134]],[[-36.06262,-7.7627],[-36.06262,-7.76542],[-36.05988,-7.76406],[-36.05988,-7.76202],[-36.06262,-7.7627]],[[-36.70189,-7.76951],[-36.70464,-7.77019],[-36.70532,-7.77155],[-36.70258,-7.77155],[-36.70189,-7.76951]],[[-36.71494,-7.77087],[-36.72043,-7.77155],[-36.7218,-7.77563],[-36.71631,-7.77495],[-36.71494,-7.77087]],[[-36.46088,-7.77631],[-36.46774,-7.78039],[-36.46225,-7.78243],[-36.46088,-7.77631]],[[-36.73965,-7.77631],[-36.73897,-7.77835],[-36.73828,-7.77631],[-36.73965,-7.77631]],[[-36.55014,-7.78039],[-36.55769,-7.78243],[-36.55357,-7.78447],[-36.54945,-7.78243],[-36.55014,-7.78039]],[[-36.47942,-7.78447],[-36.48216,-7.78515],[-36.48285,-7.78787],[-36.47942,-7.78719],[-36.47942,-7.78447]],[[-36.77536,-7.83549],[-36.77673,-7.83413],[-36.77673,-7.83617],[-36.77536,-7.83549]],[[-36.0754,-7.5984],[-36.0717,-7.604],[-36.0676,-7.6071],[-36.0754,-7.5984]],[[-35.9241,-6.721],[-35.9092,-6.7162],[-35.9312,-6.7229],[-35.9241,-6.721]],[[-35.9137,-6.7945],[-35.8877,-6.7953],[-35.8979,-6.794],[-35.9137,-6.7945]],[[-35.8354,-7.3279],[-35.83825,-7.33103],[-35.83825,-7.33103],[-35.8354,-7.3279]],[[-35.6302,-6.9119],[-35.6496,-6.9106],[-35.6557,-6.9111],[-35.6302,-6.9119]]],[[[-35.71449,-7.09135],[-35.71381,-7.0934],[-35.71793,-7.09476],[-35.71797,-7.09408],[-35.71449,-7.09135]]],[[[-36.10519,-6.4238],[-36.10522,-6.4238],[-36.10519,-6.42377],[-36.10519,-6.4238]]],[[[-36.10451,-6.42312],[-36.10459,-6.42312],[-36.10451,-6.42303],[-36.10451,-6.42312]]],[[[-36.02142,-6.45041],[-36.02142,-6.45021],[-36.02091,-6.45041],[-36.02142,-6.45041]]],[[[-36.01936,-6.45109],[-36.01936,-6.45101],[-36.01914,-6.45109],[-36.01936,-6.45109]]],[[[-36.01606,-6.45314],[-36.01662,-6.45246],[-36.01868,-6.45127],[-36.0168,-6.452],[-36.01606,-6.45314]]],[[[-35.64313,-6.79008],[-35.64995,-6.79213],[-35.65269,-6.78667],[-35.64404,-6.78326],[-35.64313,-6.79008]]],[[[-36.06537,-7.78379],[-36.06537,-7.78404],[-36.06566,-7.78379],[-36.06537,-7.78379]]]]}},{"type":"Feature","properties":{"faixa":"300 a 500 m","ordem":3,"area_km2":2.1},"geometry":{"type":"Polygon","coordinates":[[[-37.46819,-6.72667],[-37.46613,-6.73212],[-37.48192,-6.7444],[-37.48398,-6.72871],[-37.47711,-6.72939],[-37.46819,-6.72667]]]}},{"type":"Feature","properties":{"faixa":"300 a 500 m","ordem":3,"area_km2":35.1},"geometry":{"type":"Polygon","coordinates":[[[-37.78954,-6.59761],[-37.79709,-6.59163],[-37.79503,-6.57389],[-37.79228,-6.57594],[-37.78816,-6.59095],[-37.77992,-6.59163],[-37.77718,-6.58822],[-37.77306,-6.58822],[-37.76894,-6.59163],[-37.76482,-6.58412],[-37.76962,-6.57867],[-37.76894,-6.57594],[-37.75314,-6.5773],[-37.75314,-6.57253],[-37.74902,-6.57253],[-37.74078,-6.57662],[-37.73872,-6.57457],[-37.74078,-6.56844],[-37.7346,-6.56298],[-37.73048,-6.56502],[-37.72911,-6.57253],[-37.72499,-6.57594],[-37.71606,-6.57321],[-37.7195,-6.56639],[-37.72568,-6.56571],[-37.72636,-6.56161],[-37.7243,-6.56025],[-37.71538,-6.56025],[-37.71126,-6.57116],[-37.70851,-6.57185],[-37.71263,-6.57389],[-37.71675,-6.58276],[-37.72156,-6.58344],[-37.72362,-6.58617],[-37.7298,-6.58549],[-37.72911,-6.5889],[-37.73186,-6.59095],[-37.7346,-6.59095],[-37.73941,-6.58481],[-37.74353,-6.58753],[-37.73735,-6.59504],[-37.74147,-6.60595],[-37.75795,-6.60186],[-37.7655,-6.59708],[-37.76482,-6.60186],[-37.75383,-6.608],[-37.74902,-6.61482],[-37.74422,-6.61686],[-37.74628,-6.62096],[-37.75314,-6.62164],[-37.75589,-6.61686],[-37.7655,-6.61141],[-37.76482,-6.62096],[-37.76619,-6.623],[-37.771,-6.623],[-37.76825,-6.6346],[-37.77374,-6.63869],[-37.7655,-6.65506],[-37.76894,-6.65438],[-37.771,-6.65029],[-37.77649,-6.65233],[-37.78061,-6.65029],[-37.78473,-6.65438],[-37.79091,-6.65301],[-37.79091,-6.64824],[-37.79778,-6.64415],[-37.79778,-6.63255],[-37.79366,-6.62846],[-37.79709,-6.62369],[-37.79778,-6.61141],[-37.79297,-6.60322],[-37.79297,-6.5972],[-37.78954,-6.59769],[-37.78542,-6.60663],[-37.77786,-6.61141],[-37.77374,-6.61141],[-37.77237,-6.61482],[-37.76962,-6.61414],[-37.77443,-6.59436],[-37.78198,-6.60049],[-37.78473,-6.59981],[-37.7861,-6.59572],[-37.78954,-6.59761]],[[-37.74765,-6.57867],[-37.74902,-6.58208],[-37.74628,-6.5814],[-37.74765,-6.57867]],[[-37.75246,-6.58822],[-37.75932,-6.59163],[-37.75932,-6.59436],[-37.7552,-6.59777],[-37.74902,-6.59708],[-37.74765,-6.59231],[-37.75246,-6.58822]],[[-37.7916,-6.60936],[-37.79366,-6.61686],[-37.78748,-6.623],[-37.78473,-6.6155],[-37.78816,-6.60936],[-37.7916,-6.60936]],[[-37.78542,-6.62573],[-37.78336,-6.63051],[-37.78267,-6.62641],[-37.78542,-6.62573]],[[-37.78542,-6.63392],[-37.78473,-6.63801],[-37.78748,-6.6421],[-37.78267,-6.64415],[-37.77992,-6.64074],[-37.78198,-6.63528],[-37.78542,-6.63392]]]}},{"type":"Feature","properties":{"faixa":"300 a 500 m","ordem":3,"area_km2":5.7},"geometry":{"type":"Polygon","coordinates":[[[-37.7092,-6.36443],[-37.6989,-6.36989],[-37.70164,-6.37535],[-37.70645,-6.37604],[-37.70714,-6.38627],[-37.71263,-6.38695],[-37.7195,-6.38422],[-37.7243,-6.37467],[-37.72705,-6.37535],[-37.72842,-6.38081],[-37.73323,-6.38081],[-37.73392,-6.37604],[-37.72911,-6.3658],[-37.7243,-6.36716],[-37.7092,-6.36443]],[[-37.71538,-6.37672],[-37.71675,-6.37945],[-37.71332,-6.38081],[-37.71263,-6.3774],[-37.71538,-6.37672]]]}},{"type":"Feature","properties":{"faixa":"300 a 500 m","ordem":3,"area_km2":2.2},"geometry":{"type":"Polygon","coordinates":[[[-37.61856,-6.52],[-37.61581,-6.54251],[-37.62474,-6.54592],[-37.62543,-6.52409],[-37.61856,-6.52]]]}},{"type":"Feature","properties":{"faixa":"300 a 500 m","ordem":3,"area_km2":1.8},"geometry":{"type":"Polygon","coordinates":[[[-38.00034,-6.70894],[-37.99553,-6.71371],[-37.99416,-6.72053],[-37.99828,-6.72257],[-37.99896,-6.72803],[-38.00308,-6.72939],[-38.00583,-6.72735],[-38.00583,-6.72121],[-38.0024,-6.71916],[-38.00514,-6.70962],[-38.00034,-6.70894]]]}},{"type":"Feature","properties":{"faixa":"300 a 500 m","ordem":3,"area_km2":1.9},"geometry":{"type":"Polygon","coordinates":[[[-37.99072,-6.75258],[-37.98729,-6.75462],[-37.98523,-6.76008],[-37.97699,-6.76212],[-37.97974,-6.76894],[-37.98454,-6.76894],[-37.98798,-6.76485],[-37.99553,-6.76212],[-37.99484,-6.75394],[-37.99072,-6.75258]]]}},{"type":"Feature","properties":{"faixa":"300 a 500 m","ordem":3,"area_km2":2.6},"geometry":{"type":"Polygon","coordinates":[[[-38.00171,-6.87666],[-38.00034,-6.88007],[-38.0127,-6.88962],[-38.02094,-6.8903],[-38.02643,-6.8828],[-38.02437,-6.87871],[-38.01407,-6.87939],[-38.00171,-6.87666]]]}},{"type":"Feature","properties":{"faixa":"300 a 500 m","ordem":3,"area_km2":12.8},"geometry":{"type":"Polygon","coordinates":[[[-37.17155,-6.07774],[-37.17842,-6.08389],[-37.18185,-6.0832],[-37.18254,-6.07979],[-37.18941,-6.08116],[-37.1846,-6.07569],[-37.18391,-6.06477],[-37.19971,-6.05931],[-37.20795,-6.06204],[-37.21275,-6.05589],[-37.21619,-6.05589],[-37.22992,-6.06682],[-37.23473,-6.06204],[-37.23473,-6.05453],[-37.23953,-6.05521],[-37.24159,-6.05111],[-37.2464,-6.05043],[-37.24846,-6.04633],[-37.25464,-6.0436],[-37.2567,-6.04633],[-37.25807,-6.04428],[-37.26288,-6.04428],[-37.26273,-6.0395],[-37.26013,-6.0395],[-37.25395,-6.03063],[-37.24571,-6.03063],[-37.24022,-6.03746],[-37.23267,-6.03814],[-37.23061,-6.05111],[-37.2258,-6.05658],[-37.22237,-6.05589],[-37.21687,-6.04906],[-37.20863,-6.05043],[-37.20177,-6.04838],[-37.19627,-6.05589],[-37.18254,-6.05726],[-37.17773,-6.06545],[-37.18048,-6.07433],[-37.17705,-6.07501],[-37.17293,-6.06857],[-37.17155,-6.07774]]]}},{"type":"Feature","properties":{"faixa":"300 a 500 m","ordem":3,"area_km2":4.2},"geometry":{"type":"Polygon","coordinates":[[[-37.82867,-6.59208],[-37.82936,-6.60732],[-37.83417,-6.61209],[-37.84241,-6.61141],[-37.84653,-6.608],[-37.84721,-6.59777],[-37.8376,-6.59299],[-37.83005,-6.58549],[-37.82936,-6.58003],[-37.8273,-6.58003],[-37.82593,-6.58412],[-37.82936,-6.58617],[-37.82867,-6.592],[-37.8313,-6.5917],[-37.82867,-6.59208]],[[-37.8376,-6.60186],[-37.83829,-6.60527],[-37.83554,-6.60186],[-37.8376,-6.60186]]]}},{"type":"Feature","properties":{"faixa":"300 a 500 m","ordem":3,"area_km2":3.3},"geometry":{"type":"Polygon","coordinates":[[[-38.0484,-7.28074],[-38.03947,-7.28415],[-38.03947,-7.29641],[-38.04291,-7.3039],[-38.06488,-7.30867],[-38.06557,-7.30458],[-38.0587,-7.30049],[-38.05252,-7.30186],[-38.04565,-7.29981],[-38.04428,-7.293],[-38.05183,-7.28891],[-38.05183,-7.28483],[-38.0484,-7.28074]]]}},{"type":"Feature","properties":{"faixa":"300 a 500 m","ordem":3,"area_km2":3.6},"geometry":{"type":"Polygon","coordinates":[[[-35.44876,-7.41081],[-35.44258,-7.4149],[-35.44258,-7.42307],[-35.45769,-7.4292],[-35.46318,-7.42784],[-35.4673,-7.41898],[-35.45631,-7.41558],[-35.45494,-7.41081],[-35.44876,-7.41081]]]}},{"type":"Feature","properties":{"faixa":"300 a 500 m","ordem":3,"area_km2":2.4},"geometry":{"type":"Polygon","coordinates":[[[-35.59296,-6.98709],[-35.59227,-6.98981],[-35.59914,-6.99731],[-35.61081,-7.00617],[-35.61287,-7.01367],[-35.61905,-7.01639],[-35.61974,-7.01299],[-35.60875,-6.99595],[-35.59296,-6.98709]]]}},{"type":"Feature","properties":{"faixa":"300 a 500 m","ordem":3,"area_km2":9.2},"geometry":{"type":"Polygon","coordinates":[[[-37.54028,-6.74508],[-37.53136,-6.75599],[-37.53342,-6.76758],[-37.52037,-6.76553],[-37.51762,-6.7669],[-37.51762,-6.77099],[-37.53204,-6.78258],[-37.54097,-6.78258],[-37.54921,-6.78599],[-37.55882,-6.77781],[-37.55814,-6.76212],[-37.55333,-6.75326],[-37.5444,-6.74576],[-37.54028,-6.74508]],[[-37.54028,-6.75394],[-37.54372,-6.75667],[-37.54921,-6.75599],[-37.55333,-6.76281],[-37.55196,-6.77235],[-37.55402,-6.77576],[-37.54852,-6.77576],[-37.54715,-6.77917],[-37.53754,-6.77644],[-37.53822,-6.7744],[-37.54303,-6.77508],[-37.54234,-6.76622],[-37.53754,-6.76076],[-37.54028,-6.75394]],[[-37.53616,-6.77644],[-37.5341,-6.77713],[-37.5341,-6.77644],[-37.53616,-6.77644]]]}},{"type":"Feature","properties":{"faixa":"300 a 500 m","ordem":3,"area_km2":5.4},"geometry":{"type":"Polygon","coordinates":[[[-37.60071,-6.73553],[-37.5959,-6.74508],[-37.59247,-6.74303],[-37.59521,-6.73689],[-37.59109,-6.73553],[-37.59178,-6.74235],[-37.5856,-6.74235],[-37.58286,-6.74781],[-37.57668,-6.74781],[-37.5753,-6.74985],[-37.5808,-6.76076],[-37.58492,-6.7594],[-37.59315,-6.7669],[-37.59521,-6.7744],[-37.59865,-6.77099],[-37.59796,-6.75803],[-37.60208,-6.7403],[-37.60071,-6.73553]],[[-37.59041,-6.75121],[-37.59247,-6.75667],[-37.58904,-6.75803],[-37.58492,-6.7519],[-37.59041,-6.75121]]]}},{"type":"Feature","properties":{"faixa":"500 a 700 m","ordem":4,"area_km2":6.4},"geometry":{"type":"Polygon","coordinates":[[[-35.64171,-7.48775],[-35.64651,-7.49932],[-35.65407,-7.50069],[-35.65407,-7.50477],[-35.66093,-7.50341],[-35.65887,-7.51158],[-35.66368,-7.51498],[-35.67055,-7.51362],[-35.67329,-7.50885],[-35.6884,-7.50477],[-35.68703,-7.49796],[-35.67673,-7.50069],[-35.67673,-7.49592],[-35.67398,-7.49388],[-35.66986,-7.49456],[-35.66849,-7.49796],[-35.66093,-7.49728],[-35.65681,-7.49524],[-35.6575,-7.49047],[-35.65475,-7.48843],[-35.6472,-7.49047],[-35.64171,-7.48775]]]}},{"type":"Feature","properties":{"faixa":"500 a 700 m","ordem":4,"area_km2":3.0},"geometry":{"type":"Polygon","coordinates":[[[-35.89508,-7.34544],[-35.87997,-7.3468],[-35.88478,-7.35566],[-35.8992,-7.35974],[-35.90057,-7.3577],[-35.89714,-7.35498],[-35.90195,-7.35293],[-35.90469,-7.35974],[-35.91019,-7.3577],[-35.90469,-7.34953],[-35.90057,-7.35021],[-35.89508,-7.34544]]]}},{"type":"Feature","properties":{"faixa":"500 a 700 m","ordem":4,"area_km2":8.3},"geometry":{"type":"Polygon","coordinates":[[[-35.71381,-7.49252],[-35.71175,-7.49524],[-35.70076,-7.49388],[-35.69115,-7.50341],[-35.69389,-7.50749],[-35.69321,-7.51226],[-35.69733,-7.5143],[-35.69046,-7.5177],[-35.69527,-7.52315],[-35.69527,-7.5286],[-35.69939,-7.52587],[-35.70076,-7.52111],[-35.70831,-7.51907],[-35.70351,-7.50273],[-35.71724,-7.50613],[-35.71999,-7.50137],[-35.72479,-7.50953],[-35.73097,-7.51022],[-35.73235,-7.5143],[-35.73784,-7.5177],[-35.74265,-7.5177],[-35.74265,-7.51362],[-35.7399,-7.51226],[-35.74127,-7.50885],[-35.73784,-7.50477],[-35.72891,-7.50613],[-35.72548,-7.49864],[-35.71381,-7.49252]]]}},{"type":"Feature","properties":{"faixa":"500 a 700 m","ordem":4,"area_km2":7.4},"geometry":{"type":"Polygon","coordinates":[[[-35.74402,-7.17379],[-35.7399,-7.17856],[-35.72891,-7.17584],[-35.72617,-7.17856],[-35.7296,-7.18742],[-35.73509,-7.18946],[-35.73647,-7.19287],[-35.73921,-7.19151],[-35.7399,-7.19423],[-35.74745,-7.19628],[-35.74471,-7.20445],[-35.74883,-7.20649],[-35.75294,-7.20173],[-35.75226,-7.19355],[-35.75912,-7.19219],[-35.7653,-7.18538],[-35.76118,-7.17924],[-35.75432,-7.18061],[-35.75294,-7.17584],[-35.74402,-7.17379]]]}},{"type":"Feature","properties":{"faixa":"500 a 700 m","ordem":4,"area_km2":18.2},"geometry":{"type":"Polygon","coordinates":[[[-35.81886,-7.33182],[-35.80513,-7.33659],[-35.7914,-7.33591],[-35.79208,-7.33931],[-35.78522,-7.3434],[-35.78178,-7.35225],[-35.78453,-7.35498],[-35.78728,-7.3686],[-35.80376,-7.36587],[-35.80994,-7.36179],[-35.80994,-7.35566],[-35.81818,-7.35157],[-35.83466,-7.35157],[-35.83878,-7.34885],[-35.84221,-7.35293],[-35.85182,-7.35429],[-35.85594,-7.35974],[-35.86281,-7.36315],[-35.86212,-7.35906],[-35.85594,-7.35498],[-35.86143,-7.34748],[-35.85937,-7.34204],[-35.84976,-7.34272],[-35.83466,-7.33659],[-35.8271,-7.33863],[-35.82642,-7.33591],[-35.82161,-7.33591],[-35.81886,-7.33182]]]}},{"type":"Feature","properties":{"faixa":"500 a 700 m","ordem":4,"area_km2":2.8},"geometry":{"type":"Polygon","coordinates":[[[-35.70449,-7.34067],[-35.71243,-7.33931],[-35.71449,-7.34408],[-35.72342,-7.34476],[-35.72479,-7.34204],[-35.73372,-7.34272],[-35.73853,-7.33523],[-35.72067,-7.33455],[-35.70831,-7.33795],[-35.70351,-7.33591],[-35.69733,-7.33795],[-35.70447,-7.34067],[-35.7032,-7.3374],[-35.70449,-7.34067]]]}},{"type":"Feature","properties":{"faixa":"500 a 700 m","ordem":4,"area_km2":2.0},"geometry":{"type":"Polygon","coordinates":[[[-35.95413,-7.37336],[-35.94864,-7.37677],[-35.95963,-7.38017],[-35.98984,-7.37813],[-35.98434,-7.37472],[-35.96992,-7.37609],[-35.96718,-7.37404],[-35.95413,-7.37336]]]}},{"type":"Feature","properties":{"faixa":"500 a 700 m","ordem":4,"area_km2":10.5},"geometry":{"type":"MultiPolygon","coordinates":[[[[-37.17293,-6.06955],[-37.17705,-6.07501],[-37.17979,-6.07501],[-37.17773,-6.06545],[-37.18185,-6.05794],[-37.19009,-6.05521],[-37.19627,-6.05589],[-37.20177,-6.04838],[-37.20863,-6.05043],[-37.21687,-6.04906],[-37.22237,-6.05589],[-37.22717,-6.05589],[-37.23061,-6.05111],[-37.23267,-6.03814],[-37.24022,-6.03746],[-37.24571,-6.03063],[-37.25395,-6.03063],[-37.26013,-6.0395],[-37.2626,-6.0385],[-37.2565,-6.0285],[-37.2506,-6.0259],[-37.2319,-6.0276],[-37.22435,-6.0395],[-37.22511,-6.04292],[-37.20177,-6.0395],[-37.19353,-6.04838],[-37.18666,-6.05043],[-37.17773,-6.04939],[-37.17517,-6.05316],[-37.17636,-6.05658],[-37.17293,-6.06955]]],[[[-37.17499,-6.0518],[-37.17484,-6.0518],[-37.17499,-6.05242],[-37.17499,-6.0518]]]]}},{"type":"Feature","properties":{"faixa":"500 a 700 m","ordem":4,"area_km2":2.1},"geometry":{"type":"Polygon","coordinates":[[[-35.73303,-7.05728],[-35.73303,-7.06682],[-35.73921,-7.06887],[-35.73853,-7.07296],[-35.74608,-7.07296],[-35.74951,-7.07568],[-35.7502,-7.07159],[-35.74539,-7.06342],[-35.73853,-7.05728],[-35.73303,-7.05728]]]}},{"type":"Feature","properties":{"faixa":"500 a 700 m","ordem":4,"area_km2":4.4},"geometry":{"type":"Polygon","coordinates":[[[-37.52037,-6.67075],[-37.51694,-6.67825],[-37.52174,-6.6953],[-37.53342,-6.70348],[-37.5341,-6.70757],[-37.54646,-6.7103],[-37.54646,-6.70621],[-37.53479,-6.69871],[-37.53342,-6.69189],[-37.5238,-6.67688],[-37.5238,-6.67143],[-37.52037,-6.67075]]]}},{"type":"Feature","properties":{"faixa":"500 a 700 m","ordem":4,"area_km2":3.1},"geometry":{"type":"Polygon","coordinates":[[[-37.54028,-6.75394],[-37.53754,-6.76076],[-37.54234,-6.76622],[-37.54303,-6.77508],[-37.53822,-6.7744],[-37.53754,-6.77644],[-37.54715,-6.77917],[-37.54852,-6.77576],[-37.55402,-6.77576],[-37.55196,-6.77235],[-37.55333,-6.76281],[-37.54921,-6.75599],[-37.54372,-6.75667],[-37.54028,-6.75394]]]}},{"type":"Feature","properties":{"faixa":"500 a 700 m","ordem":4,"area_km2":4.8},"geometry":{"type":"Polygon","coordinates":[[[-37.95639,-6.56366],[-37.95433,-6.57185],[-37.9612,-6.57662],[-37.96944,-6.5889],[-37.97768,-6.58958],[-37.98248,-6.58617],[-37.97974,-6.5773],[-37.97356,-6.57389],[-37.97218,-6.56912],[-37.96394,-6.56434],[-37.95639,-6.56366]]]}},{"type":"Feature","properties":{"faixa":"500 a 700 m","ordem":4,"area_km2":2.4},"geometry":{"type":"Polygon","coordinates":[[[-37.78954,-6.59708],[-37.7861,-6.59572],[-37.78473,-6.59981],[-37.78198,-6.60049],[-37.77443,-6.59436],[-37.76962,-6.61414],[-37.77237,-6.61482],[-37.77374,-6.61141],[-37.77786,-6.61141],[-37.78542,-6.60663],[-37.78954,-6.59708]]]}},{"type":"Feature","properties":{"faixa":"500 a 700 m","ordem":4,"area_km2":1.6},"geometry":{"type":"Polygon","coordinates":[[[-37.89391,-6.60391],[-37.89322,-6.61209],[-37.89665,-6.6155],[-37.89597,-6.62096],[-37.89871,-6.623],[-37.90352,-6.62028],[-37.90489,-6.61618],[-37.90146,-6.61277],[-37.90077,-6.60663],[-37.89391,-6.60391]]]}},{"type":"Feature","properties":{"faixa":"500 a 700 m","ordem":4,"area_km2":44.6},"geometry":{"type":"Polygon","coordinates":[[[-37.99759,-6.59299],[-37.98798,-6.59572],[-37.96463,-6.59367],[-37.94609,-6.60254],[-37.94334,-6.61209],[-37.93373,-6.60322],[-37.92961,-6.60322],[-37.92274,-6.608],[-37.92686,-6.61686],[-37.90833,-6.61141],[-37.90627,-6.61755],[-37.91725,-6.6346],[-37.92412,-6.63392],[-37.92343,-6.64074],[-37.92755,-6.64142],[-37.93167,-6.64824],[-37.9351,-6.64688],[-37.93716,-6.63869],[-37.94334,-6.64483],[-37.9509,-6.64278],[-37.95296,-6.63801],[-37.95845,-6.6421],[-37.95639,-6.64756],[-37.95982,-6.65301],[-37.97012,-6.65165],[-37.97356,-6.65711],[-37.97836,-6.65438],[-37.99828,-6.65506],[-37.99965,-6.6496],[-37.9969,-6.64619],[-37.98523,-6.64415],[-37.97905,-6.64756],[-37.97974,-6.6421],[-37.97081,-6.63801],[-37.97012,-6.63392],[-37.98386,-6.63255],[-37.98798,-6.62914],[-37.98798,-6.62437],[-37.99553,-6.62573],[-37.99896,-6.63051],[-38.00446,-6.63187],[-38.00308,-6.62096],[-38.01338,-6.62028],[-38.02643,-6.62505],[-38.03055,-6.62982],[-38.03604,-6.62914],[-38.0381,-6.623],[-38.03604,-6.62164],[-38.03604,-6.61686],[-38.01956,-6.61686],[-38.01819,-6.61141],[-38.01132,-6.61209],[-38.0072,-6.60254],[-38.0072,-6.59572],[-37.99759,-6.59299]],[[-38.00171,-6.59777],[-38.00308,-6.61345],[-38.00034,-6.61482],[-37.99759,-6.61209],[-37.99622,-6.60186],[-37.99828,-6.59708],[-38.00171,-6.59777]],[[-37.96394,-6.59913],[-37.9818,-6.60118],[-37.9763,-6.61004],[-37.97081,-6.61004],[-37.97081,-6.61891],[-37.96394,-6.61414],[-37.95227,-6.61414],[-37.95158,-6.60663],[-37.96394,-6.59913]],[[-37.93579,-6.61277],[-37.93442,-6.61345],[-37.93442,-6.61277],[-37.93579,-6.61277]],[[-37.99072,-6.61755],[-37.9969,-6.61823],[-37.99759,-6.61959],[-37.9921,-6.62096],[-37.99072,-6.61755]],[[-37.91245,-6.61823],[-37.92137,-6.61959],[-37.92137,-6.62232],[-37.91588,-6.62437],[-37.91245,-6.61823]],[[-37.92961,-6.62096],[-37.93854,-6.62369],[-37.94678,-6.623],[-37.94746,-6.62573],[-37.94472,-6.62846],[-37.93442,-6.62982],[-37.92892,-6.62369],[-37.92961,-6.62096]],[[-37.96669,-6.62164],[-37.966,-6.62437],[-37.96257,-6.623],[-37.96257,-6.62096],[-37.96669,-6.62164]],[[-37.9557,-6.62914],[-37.96051,-6.63119],[-37.96051,-6.63255],[-37.95776,-6.63255],[-37.9557,-6.62914]]]}},{"type":"Feature","properties":{"faixa":"500 a 700 m","ordem":4,"area_km2":3.3},"geometry":{"type":"Polygon","coordinates":[[[-37.92961,-6.65779],[-37.9248,-6.66734],[-37.91725,-6.66597],[-37.91725,-6.6687],[-37.92343,-6.67484],[-37.93373,-6.67279],[-37.94746,-6.66393],[-37.94472,-6.65915],[-37.93785,-6.66052],[-37.92961,-6.65779]]]}},{"type":"Feature","properties":{"faixa":"500 a 700 m","ordem":4,"area_km2":14.0},"geometry":{"type":"Polygon","coordinates":[[[-36.49315,-6.35868],[-36.49452,-6.36512],[-36.49246,-6.3658],[-36.49246,-6.36989],[-36.49452,-6.37535],[-36.49933,-6.37945],[-36.49315,-6.38491],[-36.50139,-6.38559],[-36.50276,-6.39378],[-36.50208,-6.40197],[-36.49521,-6.40674],[-36.49521,-6.41015],[-36.50139,-6.41766],[-36.50757,-6.41561],[-36.511,-6.42107],[-36.51649,-6.42312],[-36.51237,-6.43062],[-36.51306,-6.44154],[-36.51649,-6.447],[-36.52267,-6.44905],[-36.52267,-6.45792],[-36.52817,-6.46338],[-36.52611,-6.47293],[-36.52199,-6.4661],[-36.51855,-6.4661],[-36.52061,-6.48453],[-36.52336,-6.48725],[-36.5213,-6.50202],[-36.5258,-6.5012],[-36.531,-6.4521],[-36.5187,-6.4181],[-36.5107,-6.4075],[-36.5002,-6.3704],[-36.4998,-6.3582],[-36.49315,-6.35868]]]}},{"type":"Feature","properties":{"faixa":"500 a 700 m","ordem":4,"area_km2":2.6},"geometry":{"type":"Polygon","coordinates":[[[-36.12167,-6.55002],[-36.11824,-6.55343],[-36.1203,-6.56161],[-36.11618,-6.56298],[-36.11481,-6.56639],[-36.12648,-6.57389],[-36.1306,-6.56093],[-36.12854,-6.5582],[-36.12923,-6.55275],[-36.12648,-6.55138],[-36.12373,-6.55411],[-36.12167,-6.55002]]]}},{"type":"Feature","properties":{"faixa":"500 a 700 m","ordem":4,"area_km2":2.3},"geometry":{"type":"Polygon","coordinates":[[[-36.14365,-6.55275],[-36.14159,-6.56639],[-36.14502,-6.56912],[-36.14571,-6.57321],[-36.14021,-6.57321],[-36.13609,-6.5773],[-36.13678,-6.58003],[-36.14365,-6.57935],[-36.15257,-6.57185],[-36.15532,-6.57321],[-36.15463,-6.57048],[-36.14914,-6.5698],[-36.14845,-6.55752],[-36.14639,-6.55275],[-36.14365,-6.55275]]]}},{"type":"Feature","properties":{"faixa":"500 a 700 m","ordem":4,"area_km2":1.6},"geometry":{"type":"Polygon","coordinates":[[[-36.03996,-6.447],[-36.04546,-6.44905],[-36.04614,-6.44291],[-36.0482,-6.44564],[-36.05164,-6.44564],[-36.05644,-6.43813],[-36.05095,-6.43813],[-36.05064,-6.43267],[-36.03996,-6.44158],[-36.03996,-6.447]]]}},{"type":"Feature","properties":{"faixa":"500 a 700 m","ordem":4,"area_km2":10.4},"geometry":{"type":"Polygon","coordinates":[[[-35.78796,-7.14995],[-35.78728,-7.15267],[-35.78247,-7.15063],[-35.77286,-7.15199],[-35.77011,-7.15744],[-35.77148,-7.16085],[-35.76668,-7.16289],[-35.76393,-7.16834],[-35.76736,-7.17175],[-35.77148,-7.16971],[-35.77354,-7.1772],[-35.78041,-7.17175],[-35.78178,-7.17788],[-35.79414,-7.17584],[-35.80513,-7.16766],[-35.80925,-7.16766],[-35.81131,-7.17039],[-35.81062,-7.16358],[-35.8017,-7.15404],[-35.78796,-7.14995]]]}},{"type":"Feature","properties":{"faixa":"500 a 700 m","ordem":4,"area_km2":2.3},"geometry":{"type":"Polygon","coordinates":[[[-36.01044,-6.46269],[-36.01456,-6.4661],[-36.01387,-6.45928],[-36.0228,-6.45792],[-36.02486,-6.45314],[-36.03104,-6.45655],[-36.03104,-6.45996],[-36.03378,-6.45996],[-36.03447,-6.45451],[-36.04065,-6.45314],[-36.03584,-6.44905],[-36.02898,-6.44729],[-36.01662,-6.45246],[-36.01044,-6.46269]]]}},{"type":"Feature","properties":{"faixa":"500 a 700 m","ordem":4,"area_km2":22.7},"geometry":{"type":"Polygon","coordinates":[[[-35.94315,-6.49339],[-35.93147,-6.50226],[-35.93079,-6.5084],[-35.92255,-6.51318],[-35.92392,-6.51864],[-35.91705,-6.52478],[-35.91843,-6.52887],[-35.92529,-6.52751],[-35.93491,-6.53092],[-35.93765,-6.53433],[-35.92804,-6.53296],[-35.92529,-6.53706],[-35.92667,-6.54456],[-35.92323,-6.54524],[-35.92049,-6.54251],[-35.91705,-6.54388],[-35.91774,-6.55002],[-35.92529,-6.55889],[-35.9301,-6.56093],[-35.9301,-6.56571],[-35.93559,-6.56502],[-35.94521,-6.56844],[-35.95688,-6.56298],[-35.95207,-6.55957],[-35.94727,-6.54934],[-35.94727,-6.54661],[-35.9507,-6.54661],[-35.94933,-6.53637],[-35.95345,-6.53569],[-35.95619,-6.53092],[-35.95139,-6.52068],[-35.95207,-6.51523],[-35.94727,-6.51045],[-35.95139,-6.49749],[-35.95757,-6.49544],[-35.961,-6.49135],[-35.95413,-6.4903],[-35.94315,-6.49339]]]}},{"type":"Feature","properties":{"faixa":"500 a 700 m","ordem":4,"area_km2":2.5},"geometry":{"type":"Polygon","coordinates":[[[-35.64857,-6.59163],[-35.64034,-6.59845],[-35.6424,-6.608],[-35.62523,-6.62028],[-35.61974,-6.62028],[-35.62866,-6.62982],[-35.63141,-6.62914],[-35.63004,-6.62369],[-35.63278,-6.6155],[-35.6369,-6.61277],[-35.64445,-6.61277],[-35.64445,-6.60322],[-35.65338,-6.59708],[-35.65269,-6.59367],[-35.64857,-6.59163]]]}},{"type":"Feature","properties":{"faixa":"500 a 700 m","ordem":4,"area_km2":114.6},"geometry":{"type":"Polygon","coordinates":[[[-35.67673,-6.77031],[-35.68428,-6.76894],[-35.68359,-6.76553],[-35.68428,-6.76281],[-35.69115,-6.76963],[-35.69389,-6.76963],[-35.69321,-6.76553],[-35.69595,-6.76622],[-35.6987,-6.76894],[-35.6987,-6.7744],[-35.71587,-6.77508],[-35.71655,-6.77713],[-35.72205,-6.77576],[-35.72273,-6.77917],[-35.71793,-6.78122],[-35.7193,-6.78599],[-35.72548,-6.79281],[-35.73097,-6.79213],[-35.73166,-6.79554],[-35.74059,-6.80235],[-35.74333,-6.80099],[-35.74127,-6.78667],[-35.74608,-6.7894],[-35.74814,-6.79485],[-35.75226,-6.79008],[-35.75706,-6.78872],[-35.755,-6.78531],[-35.755,-6.77099],[-35.7502,-6.76553],[-35.74127,-6.76349],[-35.73029,-6.75326],[-35.7296,-6.74849],[-35.72617,-6.75053],[-35.71861,-6.74849],[-35.71518,-6.7444],[-35.71106,-6.74576],[-35.70488,-6.74371],[-35.69733,-6.73826],[-35.69801,-6.74303],[-35.69527,-6.74303],[-35.69183,-6.73962],[-35.68497,-6.73894],[-35.68359,-6.7328],[-35.67879,-6.73553],[-35.67604,-6.73349],[-35.67123,-6.73485],[-35.66986,-6.72598],[-35.66299,-6.71916],[-35.65475,-6.71916],[-35.6575,-6.71235],[-35.64514,-6.70825],[-35.63896,-6.70212],[-35.64102,-6.6953],[-35.65475,-6.68916],[-35.65681,-6.68302],[-35.65201,-6.67893],[-35.66299,-6.67006],[-35.66162,-6.66529],[-35.65613,-6.6687],[-35.64926,-6.66597],[-35.64857,-6.67006],[-35.64445,-6.67143],[-35.64651,-6.68166],[-35.64171,-6.68166],[-35.63416,-6.69052],[-35.62935,-6.68848],[-35.62729,-6.69393],[-35.61424,-6.69121],[-35.61562,-6.69598],[-35.62248,-6.70212],[-35.6218,-6.70825],[-35.6163,-6.70689],[-35.61905,-6.71166],[-35.62317,-6.71235],[-35.62248,-6.71848],[-35.61905,-6.71916],[-35.61356,-6.71576],[-35.6115,-6.71985],[-35.60463,-6.72189],[-35.60326,-6.71916],[-35.5909,-6.71439],[-35.58403,-6.72326],[-35.57785,-6.7253],[-35.57716,-6.73008],[-35.58403,-6.72462],[-35.58746,-6.72462],[-35.58746,-6.73144],[-35.60257,-6.73076],[-35.60669,-6.73417],[-35.61218,-6.73485],[-35.61012,-6.73758],[-35.58609,-6.73758],[-35.58403,-6.74099],[-35.58884,-6.7403],[-35.59708,-6.74781],[-35.60394,-6.75053],[-35.61562,-6.74508],[-35.61905,-6.7519],[-35.63072,-6.75462],[-35.62523,-6.7594],[-35.60875,-6.75735],[-35.60944,-6.76281],[-35.60463,-6.76485],[-35.5957,-6.76281],[-35.59639,-6.76758],[-35.59982,-6.76963],[-35.61699,-6.76963],[-35.61905,-6.76622],[-35.62729,-6.7669],[-35.62523,-6.77031],[-35.6218,-6.77031],[-35.62454,-6.77713],[-35.61974,-6.7819],[-35.61424,-6.78053],[-35.61012,-6.78326],[-35.61218,-6.78735],[-35.61905,-6.78735],[-35.6218,-6.78326],[-35.62729,-6.78326],[-35.63484,-6.77372],[-35.63828,-6.77644],[-35.63347,-6.77917],[-35.63347,-6.78258],[-35.6434,-6.78326],[-35.6474,-6.7583],[-35.64404,-6.78326],[-35.65201,-6.78599],[-35.65269,-6.7894],[-35.64995,-6.79213],[-35.64313,-6.79008],[-35.6417,-6.8007],[-35.64273,-6.79008],[-35.63622,-6.79076],[-35.63416,-6.79554],[-35.62866,-6.79485],[-35.62866,-6.79894],[-35.63141,-6.80167],[-35.62248,-6.80235],[-35.62042,-6.81053],[-35.6218,-6.81463],[-35.62592,-6.81122],[-35.62866,-6.81531],[-35.64102,-6.81258],[-35.63622,-6.82281],[-35.64034,-6.83235],[-35.64308,-6.83167],[-35.64308,-6.82758],[-35.63965,-6.82553],[-35.6424,-6.82144],[-35.65132,-6.82144],[-35.64995,-6.8269],[-35.65338,-6.82758],[-35.65613,-6.82144],[-35.65956,-6.8194],[-35.65544,-6.8119],[-35.66025,-6.80713],[-35.66025,-6.8044],[-35.65544,-6.80167],[-35.65681,-6.79963],[-35.66643,-6.79554],[-35.66849,-6.80031],[-35.67604,-6.80031],[-35.67604,-6.79349],[-35.67879,-6.79144],[-35.67673,-6.78122],[-35.67879,-6.7744],[-35.67673,-6.77031]],[[-35.67604,-6.77031],[-35.67604,-6.76963],[-35.67673,-6.76963],[-35.67673,-6.77031],[-35.67604,-6.77031]]]}},{"type":"Feature","properties":{"faixa":"500 a 700 m","ordem":4,"area_km2":27.3},"geometry":{"type":"Polygon","coordinates":[[[-35.82367,-6.72189],[-35.82024,-6.72803],[-35.81955,-6.73894],[-35.81062,-6.73689],[-35.81062,-6.74712],[-35.81612,-6.75121],[-35.81131,-6.75599],[-35.81131,-6.76008],[-35.81749,-6.76758],[-35.80994,-6.76963],[-35.81131,-6.77508],[-35.8065,-6.7744],[-35.80513,-6.77781],[-35.80032,-6.77644],[-35.79964,-6.77917],[-35.81062,-6.78326],[-35.81062,-6.79417],[-35.81543,-6.79144],[-35.81886,-6.78531],[-35.82504,-6.78803],[-35.82642,-6.79826],[-35.82092,-6.79894],[-35.81818,-6.80713],[-35.82092,-6.80917],[-35.82161,-6.81394],[-35.82985,-6.81872],[-35.83534,-6.81599],[-35.83534,-6.81053],[-35.84084,-6.80644],[-35.8326,-6.7969],[-35.83054,-6.7894],[-35.82092,-6.78053],[-35.82092,-6.77781],[-35.82436,-6.77576],[-35.82504,-6.76008],[-35.8271,-6.75735],[-35.83534,-6.75394],[-35.83603,-6.75053],[-35.84702,-6.75462],[-35.84908,-6.75872],[-35.85732,-6.75735],[-35.86075,-6.76212],[-35.85869,-6.77031],[-35.86212,-6.77099],[-35.86418,-6.76894],[-35.86349,-6.76417],[-35.8683,-6.76349],[-35.87929,-6.75258],[-35.88341,-6.76349],[-35.89027,-6.77099],[-35.89302,-6.77031],[-35.89302,-6.76485],[-35.88959,-6.76008],[-35.88547,-6.75872],[-35.88547,-6.75531],[-35.88203,-6.75258],[-35.88272,-6.73826],[-35.88066,-6.73553],[-35.87036,-6.73621],[-35.87105,-6.74303],[-35.8683,-6.74371],[-35.86349,-6.73962],[-35.86075,-6.74781],[-35.85526,-6.74644],[-35.85114,-6.74985],[-35.85045,-6.74167],[-35.84564,-6.74099],[-35.84084,-6.74508],[-35.83534,-6.7444],[-35.83672,-6.73962],[-35.83397,-6.7328],[-35.83054,-6.73485],[-35.82436,-6.73008],[-35.82573,-6.72326],[-35.82367,-6.72189]]]}},{"type":"Feature","properties":{"faixa":"500 a 700 m","ordem":4,"area_km2":2.1},"geometry":{"type":"Polygon","coordinates":[[[-35.90126,-6.81326],[-35.89577,-6.8269],[-35.89027,-6.83031],[-35.89165,-6.83508],[-35.89783,-6.8344],[-35.90126,-6.82622],[-35.91293,-6.82962],[-35.9095,-6.82144],[-35.90263,-6.82144],[-35.90332,-6.81394],[-35.90126,-6.81326]]]}},{"type":"Feature","properties":{"faixa":"500 a 700 m","ordem":4,"area_km2":3.0},"geometry":{"type":"Polygon","coordinates":[[[-35.77904,-6.77985],[-35.77698,-6.7819],[-35.76736,-6.78122],[-35.77148,-6.78667],[-35.76805,-6.78872],[-35.76805,-6.79144],[-35.7708,-6.79622],[-35.7756,-6.79417],[-35.77835,-6.79963],[-35.78247,-6.80031],[-35.7811,-6.79281],[-35.78728,-6.79281],[-35.78865,-6.78872],[-35.77904,-6.77985]]]}},{"type":"Feature","properties":{"faixa":"500 a 700 m","ordem":4,"area_km2":2.2},"geometry":{"type":"Polygon","coordinates":[[[-36.0276,-6.8678],[-36.02486,-6.87121],[-36.02554,-6.87462],[-36.02898,-6.87666],[-36.02692,-6.87939],[-36.0276,-6.88416],[-36.04202,-6.88825],[-36.03859,-6.87735],[-36.0276,-6.8678]]]}},{"type":"Feature","properties":{"faixa":"500 a 700 m","ordem":4,"area_km2":3.6},"geometry":{"type":"Polygon","coordinates":[[[-36.41968,-6.46269],[-36.41487,-6.46542],[-36.41556,-6.48248],[-36.40732,-6.4893],[-36.408,-6.49681],[-36.41556,-6.49612],[-36.42036,-6.48794],[-36.42998,-6.48453],[-36.4286,-6.48043],[-36.42105,-6.4777],[-36.41968,-6.46269]]]}},{"type":"Feature","properties":{"faixa":"500 a 700 m","ordem":4,"area_km2":10.1},"geometry":{"type":"Polygon","coordinates":[[[-36.5062,-6.50909],[-36.49246,-6.50909],[-36.4856,-6.50431],[-36.47392,-6.5009],[-36.47392,-6.51045],[-36.46431,-6.51318],[-36.46431,-6.52614],[-36.46225,-6.52819],[-36.46362,-6.53296],[-36.4595,-6.53433],[-36.46156,-6.54047],[-36.47118,-6.5432],[-36.47324,-6.54651],[-36.4793,-6.5399],[-36.4815,-6.5206],[-36.5004,-6.5135],[-36.5062,-6.50909]]]}},{"type":"Feature","properties":{"faixa":"500 a 700 m","ordem":4,"area_km2":19.1},"geometry":{"type":"Polygon","coordinates":[[[-36.16905,-7.34067],[-36.14571,-7.3434],[-36.1306,-7.35634],[-36.12511,-7.35566],[-36.11755,-7.35838],[-36.11687,-7.36655],[-36.12167,-7.3686],[-36.13197,-7.36451],[-36.13541,-7.36791],[-36.13884,-7.36587],[-36.15257,-7.36723],[-36.16425,-7.36179],[-36.1821,-7.36315],[-36.18965,-7.37132],[-36.2027,-7.36996],[-36.1972,-7.36519],[-36.19789,-7.36247],[-36.20338,-7.35974],[-36.19858,-7.35634],[-36.19789,-7.35157],[-36.18896,-7.34817],[-36.18141,-7.34204],[-36.16905,-7.34067]]]}},{"type":"Feature","properties":{"faixa":"500 a 700 m","ordem":4,"area_km2":6.9},"geometry":{"type":"Polygon","coordinates":[[[-36.33453,-7.26099],[-36.32011,-7.26439],[-36.32011,-7.26644],[-36.32973,-7.26916],[-36.33179,-7.27257],[-36.32423,-7.27938],[-36.32767,-7.28278],[-36.33728,-7.28483],[-36.35033,-7.29777],[-36.35445,-7.29368],[-36.34895,-7.28347],[-36.3517,-7.26984],[-36.34003,-7.26712],[-36.33453,-7.26099]]]}},{"type":"Feature","properties":{"faixa":"500 a 700 m","ordem":4,"area_km2":4.6},"geometry":{"type":"Polygon","coordinates":[[[-36.05644,-6.447],[-36.05438,-6.44905],[-36.05713,-6.45041],[-36.05576,-6.46338],[-36.05164,-6.46747],[-36.05576,-6.46883],[-36.05919,-6.47361],[-36.06194,-6.47293],[-36.06194,-6.46952],[-36.0585,-6.46474],[-36.0688,-6.4702],[-36.07361,-6.46883],[-36.07635,-6.46338],[-36.07635,-6.45382],[-36.07361,-6.45109],[-36.07086,-6.45451],[-36.064,-6.45382],[-36.06331,-6.44836],[-36.05644,-6.447]]]}},{"type":"Feature","properties":{"faixa":"500 a 700 m","ordem":4,"area_km2":3.3},"geometry":{"type":"Polygon","coordinates":[[[-36.19171,-7.54085],[-36.18965,-7.5497],[-36.19446,-7.55582],[-36.20476,-7.56059],[-36.21437,-7.55923],[-36.213,-7.55242],[-36.19171,-7.54085]]]}},{"type":"Feature","properties":{"faixa":"500 a 700 m","ordem":4,"area_km2":45.7},"geometry":{"type":"MultiPolygon","coordinates":[[[[-38.52425,-6.39787],[-38.52974,-6.39582],[-38.5448,-6.4023],[-38.55377,-6.39514],[-38.56339,-6.3931],[-38.56819,-6.39514],[-38.57094,-6.39992],[-38.57574,-6.39992],[-38.57712,-6.39446],[-38.58192,-6.39378],[-38.58398,-6.38968],[-38.57712,-6.38559],[-38.57094,-6.38627],[-38.56064,-6.38013],[-38.55583,-6.38559],[-38.54004,-6.38491],[-38.54073,-6.37945],[-38.54759,-6.37467],[-38.54759,-6.37126],[-38.54073,-6.36921],[-38.5421,-6.3658],[-38.55995,-6.36716],[-38.56476,-6.36375],[-38.55789,-6.35761],[-38.55171,-6.35966],[-38.53935,-6.35829],[-38.53935,-6.3542],[-38.55002,-6.35079],[-38.545,-6.3446],[-38.5326,-6.3417],[-38.52287,-6.34477],[-38.52219,-6.34942],[-38.52631,-6.3542],[-38.52631,-6.36443],[-38.52219,-6.36785],[-38.51875,-6.35079],[-38.51601,-6.34695],[-38.5043,-6.3561],[-38.4942,-6.3448],[-38.4765,-6.3338],[-38.47481,-6.33346],[-38.47412,-6.33782],[-38.46794,-6.3385],[-38.49197,-6.36512],[-38.49197,-6.36989],[-38.48983,-6.36853],[-38.48717,-6.37165],[-38.48717,-6.38832],[-38.4845,-6.39241],[-38.4865,-6.3977],[-38.45078,-6.39289],[-38.44946,-6.39787],[-38.45421,-6.39719],[-38.45695,-6.39924],[-38.45764,-6.40538],[-38.46519,-6.41084],[-38.46931,-6.42175],[-38.47481,-6.42721],[-38.48167,-6.42994],[-38.47687,-6.40401],[-38.47961,-6.40197],[-38.48099,-6.40674],[-38.48648,-6.4122],[-38.49678,-6.38422],[-38.49953,-6.38422],[-38.50296,-6.389],[-38.50914,-6.38422],[-38.49953,-6.37194],[-38.50021,-6.3658],[-38.51051,-6.37331],[-38.52219,-6.38764],[-38.52837,-6.38832],[-38.52837,-6.39241],[-38.52425,-6.39514],[-38.52425,-6.39787]]],[[[-38.55377,-6.35226],[-38.55652,-6.3542],[-38.55869,-6.3542],[-38.55377,-6.35226]]],[[[-38.5524,-6.35215],[-38.55349,-6.35215],[-38.5524,-6.35172],[-38.5524,-6.35215]]],[[[-38.55103,-6.35147],[-38.55175,-6.35147],[-38.55103,-6.35118],[-38.55103,-6.35147]]]]}},{"type":"Feature","properties":{"faixa":"500 a 700 m","ordem":4,"area_km2":2.0},"geometry":{"type":"Polygon","coordinates":[[[-36.38397,-7.46733],[-36.38191,-7.47618],[-36.38535,-7.48298],[-36.3929,-7.48435],[-36.39633,-7.47958],[-36.39496,-7.47481],[-36.39084,-7.47005],[-36.38397,-7.46733]]]}},{"type":"Feature","properties":{"faixa":"500 a 700 m","ordem":4,"area_km2":6.7},"geometry":{"type":"Polygon","coordinates":[[[-38.42537,-6.98368],[-38.3567,-6.98709],[-38.34915,-6.98981],[-38.33473,-6.9905],[-38.32855,-6.9939],[-38.33885,-6.99595],[-38.3876,-6.98981],[-38.39928,-6.9905],[-38.41095,-6.98709],[-38.44803,-6.98981],[-38.44597,-6.98573],[-38.42537,-6.98368]]]}},{"type":"Feature","properties":{"faixa":"500 a 700 m","ordem":4,"area_km2":71.2},"geometry":{"type":"Polygon","coordinates":[[[-38.2592,-6.98504],[-38.25714,-6.98777],[-38.25027,-6.98777],[-38.24684,-6.99186],[-38.23929,-6.99459],[-38.22624,-6.99186],[-38.22144,-6.99663],[-38.21663,-6.99731],[-38.2132,-7.00481],[-38.20564,-7.00345],[-38.20358,-7.00685],[-38.172,-7.00822],[-38.12531,-7.00617],[-38.11844,-7.00685],[-38.11569,-7.00958],[-38.13629,-7.00958],[-38.13972,-7.01162],[-38.14934,-7.01026],[-38.15483,-7.01367],[-38.16376,-7.0123],[-38.16856,-7.01639],[-38.17749,-7.01435],[-38.18367,-7.02048],[-38.18642,-7.01776],[-38.1926,-7.01912],[-38.19534,-7.01571],[-38.20084,-7.01571],[-38.20633,-7.02116],[-38.20015,-7.02525],[-38.1974,-7.02457],[-38.20152,-7.03002],[-38.20564,-7.02934],[-38.2132,-7.03479],[-38.22006,-7.03207],[-38.21251,-7.04638],[-38.21526,-7.04842],[-38.21869,-7.04774],[-38.218,-7.04365],[-38.22144,-7.04161],[-38.24135,-7.04502],[-38.24272,-7.04025],[-38.24753,-7.04161],[-38.24821,-7.03684],[-38.25233,-7.03411],[-38.25714,-7.03616],[-38.26607,-7.03548],[-38.26813,-7.03139],[-38.26538,-7.02866],[-38.26813,-7.02593],[-38.27156,-7.02866],[-38.27156,-7.03275],[-38.27843,-7.03616],[-38.27156,-7.04365],[-38.27568,-7.05047],[-38.28117,-7.05183],[-38.28392,-7.06205],[-38.28667,-7.05865],[-38.28461,-7.04365],[-38.28804,-7.04365],[-38.28873,-7.04842],[-38.29559,-7.05251],[-38.29353,-7.06001],[-38.29697,-7.06955],[-38.29903,-7.05251],[-38.30246,-7.05319],[-38.30727,-7.04502],[-38.31619,-7.04433],[-38.31757,-7.03888],[-38.32169,-7.03956],[-38.32512,-7.03548],[-38.33267,-7.03411],[-38.33267,-7.02934],[-38.32443,-7.02866],[-38.32718,-7.02593],[-38.32581,-7.01503],[-38.31894,-7.00958],[-38.31413,-7.00958],[-38.31619,-7.01571],[-38.31001,-7.02253],[-38.30727,-7.02253],[-38.30589,-7.01776],[-38.3004,-7.01708],[-38.29834,-7.01299],[-38.3004,-7.00617],[-38.29216,-7.00276],[-38.28529,-7.00276],[-38.28117,-6.99595],[-38.28392,-6.9939],[-38.3004,-6.99322],[-38.29971,-6.99186],[-38.27568,-6.9905],[-38.2592,-6.98504]],[[-38.26607,-6.99186],[-38.26744,-6.9939],[-38.26469,-6.99595],[-38.25096,-6.99595],[-38.25302,-6.99254],[-38.26607,-6.99186]],[[-38.23242,-6.99799],[-38.23586,-7.00072],[-38.22418,-7.00276],[-38.22693,-6.99799],[-38.23242,-6.99799]],[[-38.27568,-7.00345],[-38.28255,-7.00822],[-38.27431,-7.01094],[-38.27568,-7.00345]],[[-38.29491,-7.0198],[-38.29353,-7.02048],[-38.29353,-7.0198],[-38.29491,-7.0198]]]}},{"type":"Feature","properties":{"faixa":"500 a 700 m","ordem":4,"area_km2":8.8},"geometry":{"type":"Polygon","coordinates":[[[-38.30933,-7.0491],[-38.31139,-7.06887],[-38.30864,-7.07227],[-38.31413,-7.07841],[-38.31894,-7.07636],[-38.33542,-7.07773],[-38.33885,-7.07091],[-38.33405,-7.06819],[-38.34366,-7.0641],[-38.34915,-7.06682],[-38.34984,-7.07636],[-38.35464,-7.07704],[-38.35396,-7.06819],[-38.3416,-7.05592],[-38.32512,-7.05865],[-38.32169,-7.05388],[-38.31757,-7.05456],[-38.30933,-7.0491]]]}},{"type":"Feature","properties":{"faixa":"500 a 700 m","ordem":4,"area_km2":30.3},"geometry":{"type":"Polygon","coordinates":[[[-38.66364,-7.00685],[-38.64647,-7.01776],[-38.63068,-7.02116],[-38.62518,-7.02593],[-38.61488,-7.02866],[-38.61282,-7.03479],[-38.60802,-7.03616],[-38.60802,-7.04025],[-38.61694,-7.04229],[-38.6245,-7.04025],[-38.6293,-7.04297],[-38.61351,-7.04979],[-38.61282,-7.0566],[-38.59772,-7.05388],[-38.59566,-7.04842],[-38.59703,-7.04297],[-38.59222,-7.04433],[-38.57574,-7.04229],[-38.55652,-7.05388],[-38.55377,-7.06478],[-38.56682,-7.06682],[-38.58192,-7.06546],[-38.58536,-7.0675],[-38.58536,-7.07159],[-38.59222,-7.07364],[-38.59085,-7.07841],[-38.59428,-7.07636],[-38.59909,-7.07841],[-38.59909,-7.08318],[-38.58124,-7.09135],[-38.5936,-7.09135],[-38.5984,-7.08863],[-38.60802,-7.08795],[-38.61282,-7.07977],[-38.62312,-7.07773],[-38.61969,-7.07227],[-38.62038,-7.06887],[-38.6142,-7.06819],[-38.61626,-7.05796],[-38.6293,-7.05319],[-38.6293,-7.04842],[-38.63205,-7.04638],[-38.6348,-7.04638],[-38.63617,-7.05047],[-38.64441,-7.04842],[-38.64578,-7.04433],[-38.63823,-7.04433],[-38.63411,-7.04025],[-38.63411,-7.03548],[-38.65196,-7.02662],[-38.6554,-7.01912],[-38.66158,-7.01571],[-38.66158,-7.0123],[-38.66776,-7.01162],[-38.66707,-7.00753],[-38.66364,-7.00685]],[[-38.58604,-7.04774],[-38.59085,-7.05047],[-38.59154,-7.05388],[-38.58398,-7.05865],[-38.57986,-7.05319],[-38.58604,-7.04774]]]}},{"type":"Feature","properties":{"faixa":"500 a 700 m","ordem":4,"area_km2":3.3},"geometry":{"type":"Polygon","coordinates":[[[-38.21526,-7.19491],[-38.21526,-7.20649],[-38.22144,-7.20513],[-38.22556,-7.20854],[-38.23036,-7.20786],[-38.23105,-7.22284],[-38.23517,-7.22489],[-38.23792,-7.21263],[-38.23654,-7.20581],[-38.2283,-7.199],[-38.21526,-7.19491]]]}},{"type":"Feature","properties":{"faixa":"500 a 700 m","ordem":4,"area_km2":942.1},"geometry":{"type":"MultiPolygon","coordinates":[[[[-38.68149,-7.18401],[-38.66364,-7.18129],[-38.6554,-7.17652],[-38.62381,-7.17107],[-38.60664,-7.15881],[-38.59222,-7.1554],[-38.57918,-7.14654],[-38.55034,-7.14518],[-38.54965,-7.15199],[-38.54004,-7.14586],[-38.53661,-7.14586],[-38.53523,-7.14859],[-38.52081,-7.14654],[-38.51051,-7.15063],[-38.50914,-7.15336],[-38.50502,-7.15336],[-38.49403,-7.14314],[-38.48785,-7.14245],[-38.47343,-7.14586],[-38.47343,-7.16017],[-38.47824,-7.17243],[-38.46931,-7.17311],[-38.46725,-7.17924],[-38.45627,-7.18333],[-38.45558,-7.18742],[-38.45901,-7.19083],[-38.45695,-7.19151],[-38.45078,-7.18401],[-38.45078,-7.18061],[-38.45558,-7.17788],[-38.45627,-7.17448],[-38.45421,-7.17243],[-38.44528,-7.17379],[-38.44872,-7.16153],[-38.44597,-7.16017],[-38.44254,-7.15131],[-38.42812,-7.15267],[-38.42468,-7.15881],[-38.4185,-7.15881],[-38.41644,-7.16289],[-38.41782,-7.16698],[-38.43773,-7.17993],[-38.44116,-7.18469],[-38.42606,-7.17584],[-38.41919,-7.17652],[-38.41438,-7.17039],[-38.4034,-7.17448],[-38.40202,-7.16766],[-38.39172,-7.16426],[-38.39584,-7.16085],[-38.39516,-7.15472],[-38.40477,-7.1554],[-38.41644,-7.15131],[-38.42125,-7.14722],[-38.43636,-7.14177],[-38.43567,-7.13769],[-38.39584,-7.13496],[-38.39035,-7.13224],[-38.37318,-7.13155],[-38.3622,-7.12747],[-38.35876,-7.12815],[-38.36014,-7.13087],[-38.35876,-7.13292],[-38.33885,-7.12542],[-38.3313,-7.12542],[-38.33267,-7.13155],[-38.34091,-7.13837],[-38.3416,-7.14382],[-38.34709,-7.14654],[-38.34846,-7.14995],[-38.35602,-7.15267],[-38.35876,-7.15744],[-38.35739,-7.16085],[-38.34778,-7.15949],[-38.35052,-7.16766],[-38.34229,-7.16766],[-38.33885,-7.1772],[-38.3416,-7.18606],[-38.34641,-7.19083],[-38.34641,-7.19764],[-38.3416,-7.20036],[-38.34572,-7.20854],[-38.34846,-7.20854],[-38.3519,-7.20104],[-38.35739,-7.20513],[-38.36426,-7.20581],[-38.3622,-7.21126],[-38.35602,-7.21058],[-38.35602,-7.21603],[-38.35945,-7.2208],[-38.3567,-7.22284],[-38.35533,-7.23034],[-38.3622,-7.23102],[-38.36288,-7.23442],[-38.36288,-7.23783],[-38.35808,-7.23647],[-38.3622,-7.24668],[-38.35739,-7.24941],[-38.34984,-7.23987],[-38.34229,-7.23783],[-38.33542,-7.2317],[-38.33542,-7.22829],[-38.33954,-7.22829],[-38.34297,-7.22352],[-38.33748,-7.21739],[-38.33199,-7.21739],[-38.32924,-7.21331],[-38.32924,-7.21126],[-38.33336,-7.2099],[-38.3313,-7.20377],[-38.32443,-7.20513],[-38.32031,-7.20241],[-38.32237,-7.19764],[-38.31894,-7.19287],[-38.31001,-7.19764],[-38.31139,-7.20377],[-38.29903,-7.19764],[-38.29971,-7.19287],[-38.30658,-7.19151],[-38.30795,-7.18674],[-38.29422,-7.1772],[-38.29147,-7.17175],[-38.27774,-7.1663],[-38.27362,-7.16017],[-38.26538,-7.15881],[-38.25783,-7.14995],[-38.25027,-7.14927],[-38.24753,-7.15267],[-38.24547,-7.14859],[-38.24203,-7.14859],[-38.23792,-7.1445],[-38.23311,-7.14995],[-38.22762,-7.15199],[-38.22487,-7.13837],[-38.22006,-7.137],[-38.21869,-7.13973],[-38.21114,-7.13973],[-38.20221,-7.1336],[-38.19397,-7.13496],[-38.18436,-7.13155],[-38.18916,-7.13769],[-38.19603,-7.13905],[-38.20358,-7.14722],[-38.20976,-7.14859],[-38.21663,-7.15676],[-38.22556,-7.15949],[-38.24066,-7.17379],[-38.2592,-7.17788],[-38.26538,-7.18401],[-38.27087,-7.18333],[-38.27431,-7.1881],[-38.28804,-7.19083],[-38.28873,-7.19423],[-38.28186,-7.19355],[-38.2798,-7.19559],[-38.26263,-7.19287],[-38.26195,-7.20104],[-38.25783,-7.20854],[-38.25783,-7.22148],[-38.25302,-7.22216],[-38.25096,-7.22489],[-38.2489,-7.24055],[-38.24547,-7.24328],[-38.23311,-7.24192],[-38.23242,-7.24532],[-38.23654,-7.25009],[-38.25233,-7.25554],[-38.25783,-7.26235],[-38.26538,-7.26508],[-38.24409,-7.26644],[-38.25096,-7.28142],[-38.2592,-7.29232],[-38.26126,-7.2896],[-38.25645,-7.28142],[-38.26332,-7.28278],[-38.26469,-7.27461],[-38.27019,-7.27529],[-38.27431,-7.27257],[-38.27568,-7.27461],[-38.27225,-7.27665],[-38.27225,-7.28074],[-38.27774,-7.28483],[-38.28255,-7.29368],[-38.28873,-7.29232],[-38.29147,-7.29777],[-38.29491,-7.29777],[-38.29422,-7.29232],[-38.29765,-7.28891],[-38.29903,-7.29436],[-38.30452,-7.29436],[-38.30658,-7.29777],[-38.30521,-7.30049],[-38.29834,-7.29981],[-38.29628,-7.30186],[-38.29765,-7.3073],[-38.29491,-7.30935],[-38.29559,-7.31207],[-38.30658,-7.31071],[-38.31688,-7.31888],[-38.32031,-7.31888],[-38.32306,-7.3148],[-38.33199,-7.31548],[-38.33267,-7.3182],[-38.34229,-7.3148],[-38.34297,-7.31684],[-38.33954,-7.3182],[-38.33748,-7.32433],[-38.32993,-7.32365],[-38.32924,-7.32705],[-38.3313,-7.33182],[-38.33954,-7.33659],[-38.34091,-7.3434],[-38.34641,-7.3468],[-38.34846,-7.35157],[-38.34297,-7.34953],[-38.33336,-7.34067],[-38.32581,-7.34408],[-38.32443,-7.34817],[-38.33267,-7.35702],[-38.33748,-7.3577],[-38.33954,-7.36587],[-38.34641,-7.36383],[-38.35602,-7.37881],[-38.36082,-7.37472],[-38.3622,-7.36587],[-38.367,-7.36655],[-38.36769,-7.36996],[-38.36426,-7.372],[-38.36632,-7.38698],[-38.37524,-7.38971],[-38.37936,-7.39447],[-38.37662,-7.40128],[-38.36838,-7.40264],[-38.36838,-7.40809],[-38.37662,-7.40945],[-38.37662,-7.41354],[-38.38211,-7.41694],[-38.38898,-7.4149],[-38.38898,-7.41013],[-38.38142,-7.40332],[-38.38486,-7.40264],[-38.38554,-7.39992],[-38.38486,-7.39447],[-38.37868,-7.3863],[-38.37936,-7.38221],[-38.38348,-7.38562],[-38.3876,-7.38562],[-38.38829,-7.39107],[-38.3931,-7.39447],[-38.39996,-7.39175],[-38.40065,-7.39651],[-38.39722,-7.39788],[-38.39928,-7.40332],[-38.40202,-7.40264],[-38.40202,-7.39788],[-38.40752,-7.39788],[-38.40752,-7.39175],[-38.40958,-7.39107],[-38.41438,-7.4115],[-38.42125,-7.4183],[-38.4446,-7.42035],[-38.4446,-7.42579],[-38.45009,-7.42443],[-38.45352,-7.42784],[-38.46382,-7.42852],[-38.47618,-7.43328],[-38.44116,-7.43328],[-38.43155,-7.42784],[-38.424,-7.42784],[-38.4185,-7.43056],[-38.41713,-7.43465],[-38.42125,-7.43669],[-38.41713,-7.44077],[-38.39653,-7.44009],[-38.3931,-7.43669],[-38.39172,-7.44282],[-38.39653,-7.4469],[-38.40134,-7.44758],[-38.40683,-7.46733],[-38.41301,-7.47073],[-38.41232,-7.46665],[-38.41576,-7.46528],[-38.41644,-7.46188],[-38.42537,-7.46392],[-38.42194,-7.46937],[-38.43018,-7.4789],[-38.43704,-7.47958],[-38.43842,-7.48162],[-38.44322,-7.47754],[-38.44803,-7.47958],[-38.45284,-7.47822],[-38.45284,-7.48298],[-38.44803,-7.48571],[-38.45284,-7.48911],[-38.46451,-7.48367],[-38.46794,-7.47958],[-38.47824,-7.47686],[-38.4803,-7.47277],[-38.48923,-7.47277],[-38.49129,-7.46801],[-38.48717,-7.46392],[-38.49403,-7.46392],[-38.49472,-7.45984],[-38.50021,-7.46392],[-38.50433,-7.45848],[-38.50983,-7.45643],[-38.51051,-7.46188],[-38.51463,-7.4646],[-38.51944,-7.4612],[-38.51189,-7.47277],[-38.50296,-7.47141],[-38.48923,-7.47958],[-38.48305,-7.47754],[-38.47893,-7.48298],[-38.47481,-7.48367],[-38.47549,-7.48707],[-38.48236,-7.48775],[-38.48305,-7.48435],[-38.48579,-7.48435],[-38.49197,-7.48571],[-38.49197,-7.48911],[-38.50021,-7.49047],[-38.50159,-7.48571],[-38.50571,-7.48435],[-38.50845,-7.47958],[-38.51326,-7.47958],[-38.51326,-7.47618],[-38.52219,-7.47958],[-38.52631,-7.47618],[-38.53386,-7.47754],[-38.53729,-7.47413],[-38.54141,-7.4755],[-38.54279,-7.4789],[-38.54004,-7.48367],[-38.53386,-7.48571],[-38.53523,-7.4932],[-38.54347,-7.48843],[-38.55171,-7.50069],[-38.55377,-7.49864],[-38.55858,-7.5],[-38.5627,-7.4966],[-38.57025,-7.50273],[-38.57162,-7.5],[-38.56888,-7.4966],[-38.56888,-7.49183],[-38.57506,-7.49388],[-38.57918,-7.48843],[-38.58398,-7.4966],[-38.5833,-7.51022],[-38.58879,-7.51158],[-38.59016,-7.51907],[-38.59428,-7.52315],[-38.60184,-7.52383],[-38.60664,-7.5286],[-38.61832,-7.5286],[-38.62175,-7.52179],[-38.62244,-7.51362],[-38.62244,-7.52179],[-38.62793,-7.52655],[-38.6499,-7.52383],[-38.64578,-7.53132],[-38.64029,-7.53132],[-38.64235,-7.53813],[-38.65059,-7.53608],[-38.6515,-7.5278],[-38.6548,-7.5233],[-38.6459,-7.5144],[-38.646,-7.5019],[-38.6382,-7.4921],[-38.6309,-7.4873],[-38.6362,-7.4736],[-38.6449,-7.46],[-38.6381,-7.4579],[-38.622,-7.4607],[-38.6172,-7.4572],[-38.6033,-7.4576],[-38.6058,-7.4446],[-38.59566,-7.44145],[-38.59741,-7.43941],[-38.595,-7.4339],[-38.5853,-7.4348],[-38.58363,-7.42171],[-38.57918,-7.42443],[-38.57643,-7.42103],[-38.57574,-7.41422],[-38.57849,-7.4115],[-38.58673,-7.41354],[-38.59291,-7.41013],[-38.5924,-7.40673],[-38.5778,-7.40128],[-38.57643,-7.39515],[-38.573,-7.39175],[-38.56339,-7.39107],[-38.56339,-7.38766],[-38.56888,-7.38017],[-38.55995,-7.37745],[-38.5627,-7.36723],[-38.55309,-7.36791],[-38.55721,-7.35974],[-38.55446,-7.35838],[-38.5524,-7.3468],[-38.54897,-7.34544],[-38.54691,-7.35634],[-38.53867,-7.35906],[-38.53935,-7.36315],[-38.53729,-7.36383],[-38.53798,-7.36723],[-38.53523,-7.3686],[-38.53455,-7.37404],[-38.52562,-7.372],[-38.52219,-7.36791],[-38.51738,-7.37336],[-38.51463,-7.36996],[-38.51669,-7.35974],[-38.5215,-7.35498],[-38.5112,-7.34272],[-38.5112,-7.33999],[-38.51463,-7.33863],[-38.51807,-7.33182],[-38.52287,-7.33659],[-38.53386,-7.3325],[-38.53592,-7.33591],[-38.54416,-7.33795],[-38.54622,-7.33659],[-38.54553,-7.32774],[-38.551,-7.32365],[-38.5497,-7.3144],[-38.54004,-7.3073],[-38.5348,-7.2905],[-38.5416,-7.2809],[-38.5421,-7.27121],[-38.53935,-7.26576],[-38.54347,-7.25963],[-38.54965,-7.25895],[-38.54965,-7.25486],[-38.53867,-7.25418],[-38.54416,-7.24737],[-38.54897,-7.23374],[-38.55583,-7.23647],[-38.55377,-7.2317],[-38.55034,-7.23034],[-38.55377,-7.22557],[-38.55309,-7.21807],[-38.55721,-7.21671],[-38.56888,-7.22489],[-38.56888,-7.2208],[-38.58124,-7.2208],[-38.57918,-7.21739],[-38.58055,-7.21194],[-38.57162,-7.21739],[-38.55721,-7.21263],[-38.5524,-7.20786],[-38.54347,-7.20581],[-38.54416,-7.20309],[-38.54965,-7.20309],[-38.54141,-7.19628],[-38.54279,-7.19355],[-38.54828,-7.19219],[-38.54691,-7.1881],[-38.54897,-7.18401],[-38.55309,-7.18333],[-38.56339,-7.18742],[-38.56544,-7.18606],[-38.56201,-7.17993],[-38.55583,-7.17924],[-38.55377,-7.17584],[-38.54553,-7.17516],[-38.54141,-7.17107],[-38.53455,-7.17039],[-38.52493,-7.16153],[-38.52493,-7.15812],[-38.53111,-7.15812],[-38.54073,-7.16358],[-38.54141,-7.15812],[-38.54485,-7.15744],[-38.54759,-7.16085],[-38.55377,-7.16221],[-38.55789,-7.17107],[-38.57231,-7.17652],[-38.57368,-7.17924],[-38.58124,-7.17993],[-38.58192,-7.1832],[-38.6087,-7.18197],[-38.59634,-7.17584],[-38.59222,-7.17107],[-38.57231,-7.16289],[-38.56201,-7.15472],[-38.5627,-7.15199],[-38.58192,-7.15267],[-38.59085,-7.16153],[-38.60321,-7.16153],[-38.61351,-7.17039],[-38.63274,-7.17924],[-38.64304,-7.17788],[-38.65402,-7.1832],[-38.6818,-7.1873],[-38.68149,-7.18401]],[[-38.40408,-7.14314],[-38.40752,-7.14586],[-38.40408,-7.14586],[-38.40408,-7.14314]],[[-38.39516,-7.1445],[-38.4034,-7.14586],[-38.40271,-7.14927],[-38.39722,-7.14927],[-38.39516,-7.1445]],[[-38.3773,-7.14586],[-38.38142,-7.14791],[-38.38211,-7.15404],[-38.37181,-7.15336],[-38.36151,-7.14654],[-38.3773,-7.14586]],[[-38.5215,-7.18878],[-38.52837,-7.19423],[-38.52837,-7.19696],[-38.51807,-7.20377],[-38.50777,-7.20241],[-38.5009,-7.20786],[-38.49403,-7.20173],[-38.49678,-7.19491],[-38.5112,-7.19832],[-38.51189,-7.19559],[-38.51669,-7.19559],[-38.51875,-7.18946],[-38.5215,-7.18878]],[[-38.31688,-7.20445],[-38.31757,-7.20718],[-38.31482,-7.20445],[-38.31688,-7.20445]],[[-38.54965,-7.21467],[-38.54759,-7.21671],[-38.54759,-7.21467],[-38.54965,-7.21467]],[[-38.40683,-7.21807],[-38.40958,-7.22352],[-38.40546,-7.22625],[-38.39516,-7.22352],[-38.39584,-7.21944],[-38.40683,-7.21807]],[[-38.4137,-7.25281],[-38.41782,-7.25895],[-38.43567,-7.25895],[-38.4343,-7.26712],[-38.42537,-7.26916],[-38.42674,-7.27597],[-38.43224,-7.27802],[-38.43155,-7.2821],[-38.42056,-7.28074],[-38.424,-7.29028],[-38.42812,-7.29164],[-38.42537,-7.30117],[-38.43018,-7.30186],[-38.44185,-7.29641],[-38.45215,-7.30049],[-38.45215,-7.30254],[-38.44528,-7.30322],[-38.44391,-7.30798],[-38.44116,-7.30867],[-38.44528,-7.3148],[-38.43498,-7.32024],[-38.43498,-7.32774],[-38.41919,-7.32433],[-38.41713,-7.32092],[-38.41095,-7.32501],[-38.40889,-7.32229],[-38.40889,-7.31139],[-38.41301,-7.30322],[-38.40477,-7.30254],[-38.40614,-7.30935],[-38.40271,-7.31139],[-38.40202,-7.31752],[-38.3979,-7.31888],[-38.39584,-7.3291],[-38.38966,-7.33114],[-38.38966,-7.33523],[-38.38486,-7.33455],[-38.3828,-7.32978],[-38.38898,-7.32842],[-38.3876,-7.31888],[-38.38005,-7.31275],[-38.3828,-7.30798],[-38.38623,-7.30798],[-38.38623,-7.30526],[-38.38211,-7.30186],[-38.38417,-7.29777],[-38.367,-7.28074],[-38.36563,-7.27393],[-38.36975,-7.27121],[-38.37387,-7.27257],[-38.37936,-7.2787],[-38.37868,-7.28347],[-38.38486,-7.2896],[-38.3876,-7.2896],[-38.39584,-7.29981],[-38.40408,-7.29777],[-38.40683,-7.29641],[-38.40546,-7.29164],[-38.41713,-7.29096],[-38.41713,-7.28891],[-38.41095,-7.28619],[-38.41095,-7.2787],[-38.41438,-7.27665],[-38.41095,-7.27121],[-38.41438,-7.26644],[-38.40546,-7.25963],[-38.40958,-7.25281],[-38.4137,-7.25281]],[[-38.45421,-7.27529],[-38.45284,-7.27597],[-38.45078,-7.27597],[-38.45146,-7.27461],[-38.45421,-7.27529]],[[-38.34778,-7.28006],[-38.35464,-7.28142],[-38.35533,-7.28347],[-38.35258,-7.28415],[-38.34778,-7.28006]],[[-38.52837,-7.28415],[-38.53386,-7.293],[-38.53111,-7.29709],[-38.52699,-7.29777],[-38.52425,-7.29641],[-38.52425,-7.29232],[-38.52837,-7.28415]],[[-38.39104,-7.33591],[-38.39035,-7.33727],[-38.39035,-7.33591],[-38.39104,-7.33591]],[[-38.35052,-7.35293],[-38.34984,-7.35361],[-38.34984,-7.35293],[-38.35052,-7.35293]],[[-38.45421,-7.35974],[-38.4597,-7.36655],[-38.47687,-7.37132],[-38.48511,-7.38017],[-38.49197,-7.39039],[-38.48991,-7.39515],[-38.49953,-7.39992],[-38.49884,-7.40264],[-38.49335,-7.40332],[-38.49609,-7.41013],[-38.49197,-7.41218],[-38.48373,-7.4115],[-38.47206,-7.404],[-38.47206,-7.39992],[-38.46863,-7.39924],[-38.46588,-7.39447],[-38.47,-7.39107],[-38.46588,-7.3829],[-38.46657,-7.37677],[-38.46039,-7.37404],[-38.45558,-7.37813],[-38.45284,-7.37541],[-38.45284,-7.37064],[-38.45901,-7.37064],[-38.45146,-7.36042],[-38.45421,-7.35974]],[[-38.43018,-7.36928],[-38.43773,-7.36996],[-38.43773,-7.37404],[-38.43018,-7.36928]],[[-38.49266,-7.37541],[-38.49609,-7.37745],[-38.49609,-7.37949],[-38.49266,-7.37813],[-38.49266,-7.37541]],[[-38.50021,-7.41013],[-38.50365,-7.40877],[-38.50433,-7.4115],[-38.50021,-7.41013]],[[-38.46519,-7.41081],[-38.47206,-7.41422],[-38.47687,-7.41286],[-38.47893,-7.4149],[-38.47549,-7.4183],[-38.47206,-7.4149],[-38.46519,-7.4183],[-38.46519,-7.41081]],[[-38.48236,-7.41558],[-38.48854,-7.41762],[-38.49197,-7.42375],[-38.48648,-7.42307],[-38.48236,-7.4183],[-38.48236,-7.41558]],[[-38.52768,-7.43873],[-38.52837,-7.44077],[-38.52631,-7.43873],[-38.52768,-7.43873]],[[-38.59428,-7.44282],[-38.59222,-7.44418],[-38.59222,-7.44282],[-38.59428,-7.44282]],[[-38.52219,-7.45916],[-38.5215,-7.46052],[-38.5215,-7.45916],[-38.52219,-7.45916]]],[[[-38.59222,-7.18401],[-38.60252,-7.18946],[-38.61076,-7.1881],[-38.61694,-7.19014],[-38.60939,-7.18351],[-38.59222,-7.18401]]],[[[-38.58192,-7.18328],[-38.5833,-7.18538],[-38.59085,-7.18336],[-38.58192,-7.18328]]],[[[-38.54965,-7.32978],[-38.54965,-7.33321],[-38.55013,-7.32978],[-38.54965,-7.32978]]],[[[-38.55034,-7.32774],[-38.55034,-7.32832],[-38.55042,-7.32774],[-38.55034,-7.32774]]]]}},{"type":"Feature","properties":{"faixa":"500 a 700 m","ordem":4,"area_km2":1.5},"geometry":{"type":"Polygon","coordinates":[[[-38.38898,-7.62457],[-38.38211,-7.62933],[-38.38692,-7.63205],[-38.38692,-7.63682],[-38.39241,-7.63614],[-38.3931,-7.64226],[-38.3979,-7.64226],[-38.40065,-7.63818],[-38.39035,-7.62865],[-38.38898,-7.62457]]]}},{"type":"Feature","properties":{"faixa":"500 a 700 m","ordem":4,"area_km2":1.8},"geometry":{"type":"Polygon","coordinates":[[[-38.28941,-7.31684],[-38.28941,-7.32365],[-38.30246,-7.32229],[-38.30658,-7.32569],[-38.30727,-7.32978],[-38.31482,-7.3325],[-38.31345,-7.32501],[-38.30452,-7.31888],[-38.28941,-7.31684]]]}},{"type":"Feature","properties":{"faixa":"500 a 700 m","ordem":4,"area_km2":6.1},"geometry":{"type":"Polygon","coordinates":[[[-38.22144,-7.58509],[-38.22006,-7.5919],[-38.2386,-7.59666],[-38.23929,-7.59939],[-38.23654,-7.60211],[-38.23242,-7.60211],[-38.23036,-7.60007],[-38.22144,-7.60143],[-38.2132,-7.5987],[-38.21251,-7.60415],[-38.21594,-7.60619],[-38.218,-7.61504],[-38.22144,-7.61504],[-38.22006,-7.61096],[-38.22281,-7.61028],[-38.22212,-7.60619],[-38.22418,-7.60483],[-38.22968,-7.60483],[-38.23174,-7.60755],[-38.23997,-7.60619],[-38.24615,-7.61232],[-38.25096,-7.61096],[-38.2489,-7.60415],[-38.26057,-7.60551],[-38.25577,-7.60211],[-38.25439,-7.5953],[-38.24341,-7.59666],[-38.24066,-7.5919],[-38.23174,-7.59122],[-38.22762,-7.58645],[-38.22144,-7.58509]]]}},{"type":"Feature","properties":{"faixa":"500 a 700 m","ordem":4,"area_km2":4.3},"geometry":{"type":"Polygon","coordinates":[[[-38.69179,-6.99595],[-38.67737,-7.00413],[-38.67668,-7.00685],[-38.69041,-7.00549],[-38.69522,-7.01026],[-38.69453,-7.01503],[-38.70827,-7.01162],[-38.71033,-7.00617],[-38.70827,-7.00072],[-38.70346,-6.99663],[-38.69865,-6.99799],[-38.69728,-6.99595],[-38.69179,-6.99595]]]}},{"type":"Feature","properties":{"faixa":"500 a 700 m","ordem":4,"area_km2":1.8},"geometry":{"type":"Polygon","coordinates":[[[-38.47412,-7.51498],[-38.47206,-7.51975],[-38.46725,-7.52179],[-38.46725,-7.52451],[-38.47412,-7.52315],[-38.47893,-7.52587],[-38.47618,-7.53064],[-38.48099,-7.53064],[-38.48236,-7.52791],[-38.47961,-7.52587],[-38.48854,-7.52179],[-38.47893,-7.51498],[-38.47412,-7.51498]]]}},{"type":"Feature","properties":{"faixa":"500 a 700 m","ordem":4,"area_km2":2.3},"geometry":{"type":"Polygon","coordinates":[[[-37.41669,-7.19764],[-37.41257,-7.20104],[-37.41257,-7.20854],[-37.42012,-7.2208],[-37.42699,-7.2208],[-37.42081,-7.20649],[-37.42355,-7.199],[-37.41669,-7.19764]]]}},{"type":"Feature","properties":{"faixa":"500 a 700 m","ordem":4,"area_km2":1.8},"geometry":{"type":"Polygon","coordinates":[[[-37.4366,-7.22625],[-37.43317,-7.22897],[-37.4263,-7.22829],[-37.42561,-7.23034],[-37.42699,-7.23442],[-37.43454,-7.23987],[-37.43866,-7.23783],[-37.44278,-7.23034],[-37.44141,-7.22693],[-37.4366,-7.22625]]]}},{"type":"Feature","properties":{"faixa":"500 a 700 m","ordem":4,"area_km2":5.0},"geometry":{"type":"Polygon","coordinates":[[[-37.94815,-7.48639],[-37.94678,-7.48911],[-37.94197,-7.49047],[-37.94197,-7.49456],[-37.94678,-7.4966],[-37.9454,-7.50137],[-37.94952,-7.50545],[-37.96188,-7.5109],[-37.96463,-7.50681],[-37.97562,-7.50273],[-37.97424,-7.49864],[-37.96257,-7.49592],[-37.9557,-7.49115],[-37.95433,-7.48707],[-37.94815,-7.48639]],[[-37.95502,-7.4966],[-37.95914,-7.5],[-37.95433,-7.49932],[-37.95502,-7.4966]]]}},{"type":"Feature","properties":{"faixa":"500 a 700 m","ordem":4,"area_km2":17.8},"geometry":{"type":"MultiPolygon","coordinates":[[[[-37.82043,-6.30506],[-37.82133,-6.30301],[-37.81644,-6.29755],[-37.81151,-6.29551],[-37.8121,-6.2927],[-37.7945,-6.289],[-37.7649,-6.2922],[-37.7581,-6.2866],[-37.7621,-6.28254],[-37.75314,-6.28527],[-37.75314,-6.288],[-37.76001,-6.29414],[-37.75246,-6.29482],[-37.75452,-6.29755],[-37.76894,-6.29892],[-37.77718,-6.30779],[-37.78885,-6.30301],[-37.79228,-6.3037],[-37.7813,-6.3153],[-37.79434,-6.31803],[-37.79572,-6.32827],[-37.79984,-6.3269],[-37.80876,-6.30847],[-37.81219,-6.30847],[-37.81013,-6.31189],[-37.81151,-6.32076],[-37.81906,-6.32144],[-37.817,-6.32417],[-37.81906,-6.32963],[-37.83279,-6.331],[-37.83417,-6.3269],[-37.8409,-6.32827],[-37.8287,-6.3195],[-37.8165,-6.3162],[-37.8145,-6.3123],[-37.824,-6.306],[-37.82043,-6.30506]]],[[[-37.84103,-6.32895],[-37.84122,-6.32895],[-37.84103,-6.32855],[-37.84103,-6.32895]]]]}},{"type":"Feature","properties":{"faixa":"500 a 700 m","ordem":4,"area_km2":3.8},"geometry":{"type":"Polygon","coordinates":[[[-38.05389,-7.53949],[-38.05115,-7.54289],[-38.0381,-7.53949],[-38.03741,-7.54561],[-38.03055,-7.54289],[-38.02574,-7.54697],[-38.03398,-7.55446],[-38.04359,-7.55446],[-38.06076,-7.54425],[-38.05939,-7.54085],[-38.05389,-7.53949]]]}},{"type":"Feature","properties":{"faixa":"500 a 700 m","ordem":4,"area_km2":4.4},"geometry":{"type":"Polygon","coordinates":[[[-38.02231,-7.52451],[-38.0072,-7.52791],[-37.9969,-7.52587],[-37.9921,-7.52996],[-38.02025,-7.54561],[-38.02299,-7.53949],[-38.01888,-7.53881],[-38.01888,-7.53676],[-38.02574,-7.53268],[-38.02505,-7.52587],[-38.02231,-7.52451]]]}},{"type":"Feature","properties":{"faixa":"500 a 700 m","ordem":4,"area_km2":5.1},"geometry":{"type":"Polygon","coordinates":[[[-38.07106,-7.50953],[-38.06488,-7.51226],[-38.05183,-7.51022],[-38.05046,-7.51158],[-38.06007,-7.51702],[-38.10471,-7.52587],[-38.10608,-7.52043],[-38.10059,-7.51634],[-38.09509,-7.5177],[-38.09372,-7.5143],[-38.07106,-7.50953]]]}},{"type":"Feature","properties":{"faixa":"500 a 700 m","ordem":4,"area_km2":15111.9},"geometry":{"type":"MultiPolygon","coordinates":[[[[-36.45744,-6.5507],[-36.45744,-6.54524],[-36.45126,-6.53978],[-36.45195,-6.53365],[-36.44577,-6.51727],[-36.43822,-6.51864],[-36.43478,-6.50977],[-36.43066,-6.51181],[-36.42929,-6.50636],[-36.42517,-6.50567],[-36.41899,-6.51727],[-36.41212,-6.51659],[-36.40938,-6.5125],[-36.40045,-6.51454],[-36.39702,-6.51864],[-36.40045,-6.52546],[-36.40457,-6.52751],[-36.40182,-6.53569],[-36.39771,-6.52887],[-36.39221,-6.52887],[-36.39084,-6.53637],[-36.38535,-6.53433],[-36.38603,-6.54047],[-36.38054,-6.54183],[-36.37917,-6.54729],[-36.38397,-6.54934],[-36.38466,-6.55479],[-36.38947,-6.55002],[-36.3929,-6.5507],[-36.39839,-6.55684],[-36.39977,-6.5623],[-36.40663,-6.56775],[-36.40251,-6.56912],[-36.39977,-6.5773],[-36.39633,-6.5773],[-36.39702,-6.57185],[-36.3929,-6.56366],[-36.38741,-6.56639],[-36.37573,-6.56366],[-36.36612,-6.57116],[-36.36749,-6.57526],[-36.35651,-6.57867],[-36.35719,-6.58549],[-36.35307,-6.59981],[-36.34827,-6.59708],[-36.34003,-6.60186],[-36.34415,-6.59163],[-36.33522,-6.58617],[-36.33316,-6.57662],[-36.33865,-6.56707],[-36.33316,-6.56298],[-36.33247,-6.5582],[-36.33797,-6.5582],[-36.34209,-6.56161],[-36.34003,-6.55616],[-36.3414,-6.55138],[-36.33797,-6.54661],[-36.33247,-6.54524],[-36.32011,-6.54592],[-36.31943,-6.55138],[-36.31393,-6.55138],[-36.31599,-6.54388],[-36.31943,-6.54388],[-36.32011,-6.54115],[-36.31462,-6.54047],[-36.31256,-6.54592],[-36.30638,-6.54661],[-36.30569,-6.54183],[-36.30295,-6.54115],[-36.29951,-6.53501],[-36.30501,-6.52955],[-36.30501,-6.52409],[-36.30844,-6.52478],[-36.30913,-6.53365],[-36.31462,-6.52955],[-36.31668,-6.52955],[-36.31737,-6.53296],[-36.32217,-6.53228],[-36.32286,-6.52887],[-36.31874,-6.52682],[-36.31737,-6.52273],[-36.31325,-6.52273],[-36.31256,-6.51795],[-36.30707,-6.51318],[-36.30707,-6.50636],[-36.31187,-6.50977],[-36.31462,-6.50977],[-36.31531,-6.50567],[-36.32355,-6.50772],[-36.32835,-6.49817],[-36.33316,-6.50022],[-36.33247,-6.49203],[-36.33522,-6.48862],[-36.33316,-6.48316],[-36.32767,-6.48316],[-36.32767,-6.46201],[-36.32561,-6.45587],[-36.3208,-6.45382],[-36.32973,-6.44768],[-36.32423,-6.4354],[-36.33247,-6.43267],[-36.33385,-6.4279],[-36.32835,-6.42448],[-36.31943,-6.42517],[-36.31119,-6.41971],[-36.30089,-6.41766],[-36.31187,-6.40879],[-36.31187,-6.40128],[-36.31874,-6.39241],[-36.31805,-6.38764],[-36.31187,-6.38764],[-36.30775,-6.38491],[-36.31187,-6.38218],[-36.31119,-6.3774],[-36.31668,-6.37194],[-36.31668,-6.36648],[-36.32217,-6.36307],[-36.3208,-6.36034],[-36.31462,-6.35829],[-36.30981,-6.35898],[-36.30775,-6.36375],[-36.30501,-6.36239],[-36.30501,-6.3542],[-36.31325,-6.3542],[-36.31393,-6.34806],[-36.30432,-6.34533],[-36.30501,-6.34328],[-36.3105,-6.3426],[-36.31119,-6.3385],[-36.30913,-6.33509],[-36.30432,-6.33441],[-36.30089,-6.32827],[-36.30844,-6.331],[-36.31187,-6.32758],[-36.31531,-6.32758],[-36.31462,-6.32281],[-36.32011,-6.31735],[-36.3208,-6.30916],[-36.32492,-6.30847],[-36.33179,-6.31257],[-36.33522,-6.31052],[-36.33522,-6.30779],[-36.34071,-6.30711],[-36.34071,-6.30044],[-36.3136,-6.2834],[-36.3035,-6.283],[-36.2799,-6.3089],[-36.2767,-6.3404],[-36.2816,-6.3546],[-36.2963,-6.3704],[-36.2992,-6.3821],[-36.2916,-6.396],[-36.259,-6.4048],[-36.2512,-6.4044],[-36.2498,-6.4374],[-36.1745,-6.4308],[-36.1438,-6.4253],[-36.13403,-6.42766],[-36.13335,-6.43131],[-36.12991,-6.42926],[-36.12579,-6.43131],[-36.12717,-6.4354],[-36.13129,-6.43608],[-36.12648,-6.44427],[-36.13335,-6.45041],[-36.13747,-6.45041],[-36.13747,-6.45246],[-36.12717,-6.45178],[-36.12991,-6.45928],[-36.12511,-6.46679],[-36.11824,-6.46747],[-36.11206,-6.46474],[-36.11137,-6.46952],[-36.11687,-6.47224],[-36.11618,-6.47566],[-36.11893,-6.4777],[-36.12717,-6.47429],[-36.12167,-6.48725],[-36.12305,-6.49271],[-36.12854,-6.49749],[-36.12854,-6.50499],[-36.11961,-6.50499],[-36.11893,-6.5084],[-36.12305,-6.50977],[-36.12167,-6.51454],[-36.12854,-6.51181],[-36.12991,-6.50704],[-36.13541,-6.5084],[-36.13815,-6.51181],[-36.15189,-6.51318],[-36.15326,-6.50704],[-36.16219,-6.50499],[-36.16287,-6.51727],[-36.16631,-6.52],[-36.17111,-6.52],[-36.17249,-6.52341],[-36.17729,-6.52546],[-36.18279,-6.52137],[-36.18347,-6.51523],[-36.18073,-6.50636],[-36.18279,-6.50567],[-36.18416,-6.50977],[-36.19034,-6.51318],[-36.18965,-6.51864],[-36.19377,-6.52],[-36.1869,-6.52887],[-36.19652,-6.5316],[-36.19995,-6.52819],[-36.19858,-6.53365],[-36.1924,-6.53706],[-36.19446,-6.54592],[-36.20544,-6.55206],[-36.20064,-6.55547],[-36.19446,-6.55343],[-36.19652,-6.56161],[-36.19377,-6.56298],[-36.19034,-6.56093],[-36.1869,-6.56434],[-36.18484,-6.5582],[-36.18622,-6.55275],[-36.1821,-6.55889],[-36.17455,-6.55275],[-36.17523,-6.5582],[-36.18073,-6.56025],[-36.18073,-6.56571],[-36.17729,-6.56775],[-36.17729,-6.57321],[-36.17386,-6.57662],[-36.16905,-6.57594],[-36.17249,-6.58208],[-36.1718,-6.58549],[-36.17386,-6.58822],[-36.17798,-6.58753],[-36.17935,-6.59299],[-36.18347,-6.59299],[-36.18965,-6.5889],[-36.18896,-6.5964],[-36.19514,-6.59777],[-36.19583,-6.59981],[-36.1869,-6.60322],[-36.18141,-6.59981],[-36.17729,-6.60118],[-36.17867,-6.608],[-36.17523,-6.60936],[-36.17592,-6.61414],[-36.16768,-6.61755],[-36.16974,-6.623],[-36.18622,-6.62164],[-36.1869,-6.63187],[-36.18004,-6.63051],[-36.17523,-6.64142],[-36.17867,-6.64551],[-36.18279,-6.64551],[-36.1821,-6.64892],[-36.1869,-6.65165],[-36.1869,-6.6537],[-36.18279,-6.6537],[-36.1821,-6.65574],[-36.18553,-6.65779],[-36.18553,-6.66256],[-36.18965,-6.66461],[-36.18553,-6.6687],[-36.18965,-6.67416],[-36.18553,-6.67688],[-36.17661,-6.67279],[-36.16356,-6.67143],[-36.16562,-6.68302],[-36.16287,-6.69189],[-36.16493,-6.69802],[-36.16081,-6.69802],[-36.15944,-6.6953],[-36.15875,-6.68848],[-36.15601,-6.68507],[-36.15669,-6.67416],[-36.15257,-6.67279],[-36.14708,-6.67825],[-36.14777,-6.67143],[-36.15463,-6.66052],[-36.15944,-6.65779],[-36.16013,-6.65165],[-36.15395,-6.6537],[-36.14983,-6.65233],[-36.15326,-6.64688],[-36.15257,-6.64483],[-36.14845,-6.64483],[-36.15051,-6.63733],[-36.14365,-6.63255],[-36.14021,-6.62505],[-36.1409,-6.64074],[-36.13884,-6.65097],[-36.13403,-6.65438],[-36.13403,-6.64892],[-36.13129,-6.64142],[-36.12648,-6.63664],[-36.12648,-6.63051],[-36.12305,-6.62778],[-36.11893,-6.61073],[-36.11481,-6.61141],[-36.11618,-6.62914],[-36.11412,-6.63119],[-36.10451,-6.62641],[-36.09833,-6.6271],[-36.09558,-6.62369],[-36.09009,-6.62232],[-36.08803,-6.608],[-36.08322,-6.60732],[-36.0791,-6.60322],[-36.07635,-6.59436],[-36.07292,-6.5964],[-36.07155,-6.60254],[-36.06194,-6.60459],[-36.05919,-6.59708],[-36.0537,-6.59231],[-36.05507,-6.58685],[-36.05919,-6.58822],[-36.06056,-6.58617],[-36.05438,-6.58617],[-36.0482,-6.58003],[-36.04271,-6.58003],[-36.03722,-6.58549],[-36.03447,-6.58481],[-36.03035,-6.57526],[-36.02966,-6.56366],[-36.03653,-6.56025],[-36.03378,-6.55684],[-36.0331,-6.54183],[-36.02692,-6.53842],[-36.02692,-6.53092],[-36.01662,-6.52955],[-36.01662,-6.53296],[-36.02074,-6.53774],[-36.01799,-6.54047],[-36.0125,-6.53842],[-36.00838,-6.54524],[-36.00906,-6.5507],[-36.00632,-6.55275],[-36.00769,-6.5582],[-36.00082,-6.5623],[-36.00357,-6.56775],[-36.00014,-6.5698],[-35.99945,-6.57457],[-36.00288,-6.57662],[-36.00288,-6.57935],[-35.99876,-6.58276],[-35.98778,-6.58344],[-35.98503,-6.57799],[-35.96581,-6.57662],[-35.96443,-6.57185],[-35.95688,-6.57594],[-35.94933,-6.57457],[-35.94383,-6.57867],[-35.94315,-6.58208],[-35.92873,-6.58208],[-35.92529,-6.57935],[-35.92049,-6.57935],[-35.91156,-6.57253],[-35.90744,-6.5773],[-35.90675,-6.59095],[-35.90332,-6.59708],[-35.90057,-6.59777],[-35.89851,-6.59436],[-35.90057,-6.59095],[-35.8992,-6.58071],[-35.90469,-6.57662],[-35.90538,-6.57048],[-35.90057,-6.56502],[-35.89027,-6.56775],[-35.88821,-6.56366],[-35.87997,-6.56366],[-35.87929,-6.55547],[-35.87585,-6.55479],[-35.87791,-6.5507],[-35.87654,-6.54456],[-35.88203,-6.53978],[-35.87929,-6.53501],[-35.88478,-6.53228],[-35.88478,-6.53023],[-35.87997,-6.52955],[-35.87105,-6.53774],[-35.86075,-6.54183],[-35.86075,-6.53365],[-35.86967,-6.52273],[-35.86212,-6.52],[-35.85594,-6.52478],[-35.85045,-6.52546],[-35.85182,-6.51659],[-35.85594,-6.51318],[-35.85388,-6.50909],[-35.84839,-6.51591],[-35.84084,-6.51864],[-35.83672,-6.52341],[-35.83534,-6.52137],[-35.82985,-6.52205],[-35.82916,-6.5125],[-35.82024,-6.51045],[-35.8271,-6.50226],[-35.82504,-6.49408],[-35.82092,-6.50499],[-35.80856,-6.50499],[-35.80307,-6.50977],[-35.79071,-6.50772],[-35.78796,-6.51727],[-35.7914,-6.52478],[-35.8017,-6.52],[-35.81131,-6.52],[-35.80238,-6.52341],[-35.79552,-6.5316],[-35.80582,-6.54251],[-35.81131,-6.54388],[-35.80788,-6.54661],[-35.80856,-6.55411],[-35.80513,-6.55479],[-35.79964,-6.55002],[-35.79758,-6.54047],[-35.7914,-6.53637],[-35.79002,-6.53092],[-35.78384,-6.52341],[-35.77972,-6.52273],[-35.77766,-6.52887],[-35.77423,-6.53092],[-35.77011,-6.53092],[-35.76462,-6.52682],[-35.75706,-6.52614],[-35.75294,-6.52819],[-35.74883,-6.52614],[-35.75638,-6.51591],[-35.74745,-6.51386],[-35.74677,-6.5084],[-35.74196,-6.50499],[-35.73784,-6.51113],[-35.73509,-6.52273],[-35.73235,-6.52273],[-35.73097,-6.52],[-35.72205,-6.52],[-35.72411,-6.52341],[-35.72342,-6.53023],[-35.71037,-6.52137],[-35.70625,-6.52478],[-35.71243,-6.52955],[-35.71449,-6.53501],[-35.72479,-6.53706],[-35.72891,-6.54456],[-35.73441,-6.54661],[-35.73509,-6.55002],[-35.72891,-6.55616],[-35.73029,-6.55957],[-35.74333,-6.55957],[-35.74402,-6.56502],[-35.74059,-6.56707],[-35.7399,-6.57048],[-35.74608,-6.57594],[-35.74402,-6.5814],[-35.75294,-6.58412],[-35.75638,-6.58276],[-35.755,-6.5889],[-35.75089,-6.59026],[-35.75089,-6.59367],[-35.75638,-6.59231],[-35.75775,-6.59436],[-35.7653,-6.59504],[-35.76805,-6.59777],[-35.76805,-6.60186],[-35.77286,-6.60322],[-35.77423,-6.608],[-35.77835,-6.60663],[-35.78178,-6.61004],[-35.78178,-6.61618],[-35.77354,-6.61823],[-35.76942,-6.62573],[-35.7756,-6.62846],[-35.77492,-6.63255],[-35.77835,-6.63528],[-35.77629,-6.64824],[-35.78384,-6.65029],[-35.7859,-6.65506],[-35.7914,-6.65438],[-35.79002,-6.65983],[-35.80101,-6.66052],[-35.80444,-6.65642],[-35.80856,-6.65574],[-35.80856,-6.65165],[-35.81268,-6.64756],[-35.82092,-6.64756],[-35.8168,-6.6421],[-35.80994,-6.64005],[-35.81612,-6.63255],[-35.80582,-6.62232],[-35.81131,-6.62096],[-35.81474,-6.61482],[-35.81886,-6.623],[-35.82504,-6.623],[-35.82436,-6.61618],[-35.82024,-6.6155],[-35.82024,-6.61209],[-35.83397,-6.60459],[-35.8374,-6.60663],[-35.83397,-6.61345],[-35.84221,-6.61414],[-35.84358,-6.61686],[-35.84839,-6.61755],[-35.84976,-6.62096],[-35.86143,-6.61755],[-35.86555,-6.61073],[-35.86899,-6.61414],[-35.8683,-6.62232],[-35.86281,-6.62028],[-35.85045,-6.63051],[-35.83809,-6.62846],[-35.8374,-6.63255],[-35.85251,-6.63323],[-35.85594,-6.63664],[-35.86418,-6.63733],[-35.86212,-6.64278],[-35.86624,-6.64415],[-35.86624,-6.64688],[-35.86212,-6.65029],[-35.86967,-6.65915],[-35.87379,-6.65642],[-35.87585,-6.64824],[-35.87929,-6.65301],[-35.88135,-6.65233],[-35.87997,-6.64551],[-35.88478,-6.6421],[-35.88753,-6.64824],[-35.89439,-6.65029],[-35.8992,-6.65983],[-35.90401,-6.65915],[-35.9095,-6.66393],[-35.91637,-6.66393],[-35.91774,-6.66052],[-35.92323,-6.6612],[-35.92255,-6.65029],[-35.92667,-6.64892],[-35.92804,-6.63664],[-35.92049,-6.6155],[-35.9198,-6.608],[-35.92186,-6.60595],[-35.92598,-6.61277],[-35.92873,-6.62505],[-35.93628,-6.62982],[-35.93903,-6.64619],[-35.94452,-6.64756],[-35.94177,-6.65438],[-35.94864,-6.65301],[-35.94727,-6.63733],[-35.95413,-6.63801],[-35.95619,-6.64074],[-35.96375,-6.63869],[-35.96306,-6.64756],[-35.96786,-6.64824],[-35.97267,-6.64415],[-35.97885,-6.65029],[-35.97748,-6.65983],[-35.98366,-6.65983],[-35.98846,-6.65574],[-35.98846,-6.65165],[-35.98297,-6.64346],[-35.98503,-6.64074],[-35.98366,-6.6346],[-35.97679,-6.63051],[-35.97748,-6.62573],[-35.97061,-6.62573],[-35.97267,-6.62028],[-35.97748,-6.61686],[-35.9713,-6.6155],[-35.96649,-6.62096],[-35.96169,-6.62232],[-35.96031,-6.61686],[-35.96306,-6.61073],[-35.96031,-6.60663],[-35.96855,-6.608],[-35.9713,-6.60595],[-35.96992,-6.59913],[-35.97267,-6.59845],[-35.97954,-6.60254],[-35.98228,-6.59231],[-35.98709,-6.59367],[-35.99602,-6.58958],[-36.00426,-6.59436],[-35.99052,-6.60049],[-35.98915,-6.60936],[-35.99121,-6.61004],[-35.9919,-6.61618],[-36.0022,-6.61959],[-36.00426,-6.62369],[-36.01044,-6.62164],[-36.03241,-6.62369],[-36.03035,-6.63392],[-36.03653,-6.64415],[-36.04271,-6.64483],[-36.04683,-6.65029],[-36.05301,-6.6496],[-36.0585,-6.6612],[-36.06949,-6.65915],[-36.0743,-6.65301],[-36.07704,-6.65301],[-36.08665,-6.65983],[-36.08665,-6.66324],[-36.09283,-6.66256],[-36.08528,-6.67279],[-36.08803,-6.67757],[-36.08253,-6.68507],[-36.08391,-6.7028],[-36.09283,-6.70894],[-36.0894,-6.72121],[-36.09077,-6.7253],[-36.10313,-6.7253],[-36.10382,-6.70757],[-36.10931,-6.71303],[-36.11137,-6.70757],[-36.11618,-6.70484],[-36.12099,-6.71166],[-36.12305,-6.69939],[-36.12991,-6.71235],[-36.12923,-6.71576],[-36.13815,-6.71303],[-36.14159,-6.71848],[-36.13678,-6.72598],[-36.14296,-6.7328],[-36.13541,-6.73349],[-36.13403,-6.73758],[-36.13129,-6.73758],[-36.1306,-6.73008],[-36.12579,-6.72326],[-36.12305,-6.72394],[-36.12305,-6.73144],[-36.1203,-6.73212],[-36.1203,-6.73758],[-36.12305,-6.74167],[-36.1203,-6.74508],[-36.12717,-6.74917],[-36.12305,-6.75462],[-36.12511,-6.76281],[-36.11961,-6.76212],[-36.11618,-6.75803],[-36.11343,-6.74644],[-36.11069,-6.74303],[-36.10794,-6.74371],[-36.10725,-6.73758],[-36.10245,-6.73076],[-36.09215,-6.73689],[-36.09215,-6.74167],[-36.09833,-6.74576],[-36.09833,-6.7519],[-36.09489,-6.75326],[-36.09627,-6.76008],[-36.10107,-6.76349],[-36.10725,-6.77644],[-36.10657,-6.78326],[-36.0997,-6.77644],[-36.10107,-6.78803],[-36.10863,-6.80235],[-36.11481,-6.80099],[-36.11755,-6.80372],[-36.11755,-6.80644],[-36.11206,-6.80508],[-36.11,-6.80985],[-36.11481,-6.82144],[-36.10794,-6.8194],[-36.10725,-6.82485],[-36.10176,-6.82281],[-36.09627,-6.80372],[-36.09215,-6.80508],[-36.09215,-6.81053],[-36.09009,-6.8119],[-36.08734,-6.80304],[-36.08116,-6.80235],[-36.08459,-6.79554],[-36.07979,-6.79622],[-36.07841,-6.7894],[-36.07498,-6.78735],[-36.07361,-6.77985],[-36.07773,-6.77917],[-36.07841,-6.77644],[-36.07361,-6.7744],[-36.0743,-6.76963],[-36.07155,-6.76553],[-36.06674,-6.76622],[-36.06743,-6.77235],[-36.07018,-6.7744],[-36.06812,-6.77781],[-36.06468,-6.77781],[-36.06125,-6.7744],[-36.05164,-6.7744],[-36.05232,-6.77781],[-36.05919,-6.77917],[-36.05782,-6.78463],[-36.05232,-6.78258],[-36.05232,-6.78803],[-36.04752,-6.78531],[-36.04546,-6.78053],[-36.04065,-6.7819],[-36.03859,-6.76417],[-36.03516,-6.7594],[-36.03241,-6.76144],[-36.03172,-6.77303],[-36.02966,-6.77303],[-36.0276,-6.76349],[-36.02486,-6.76894],[-36.02005,-6.77031],[-36.01936,-6.77917],[-36.02348,-6.78122],[-36.02829,-6.77644],[-36.03172,-6.78599],[-36.02554,-6.7969],[-36.02692,-6.80099],[-36.0228,-6.80508],[-36.02348,-6.81122],[-36.03035,-6.81258],[-36.03104,-6.80849],[-36.04134,-6.81122],[-36.04752,-6.80644],[-36.05095,-6.80644],[-36.05301,-6.80713],[-36.05301,-6.81326],[-36.0585,-6.8119],[-36.05232,-6.81735],[-36.04065,-6.81531],[-36.03928,-6.81803],[-36.04408,-6.82213],[-36.04408,-6.8269],[-36.03722,-6.82826],[-36.03653,-6.83303],[-36.0331,-6.83576],[-36.04134,-6.84394],[-36.04408,-6.84394],[-36.0482,-6.83508],[-36.05301,-6.83712],[-36.06262,-6.83303],[-36.06743,-6.8344],[-36.07292,-6.83235],[-36.0688,-6.83849],[-36.06331,-6.83781],[-36.0537,-6.84326],[-36.06125,-6.84667],[-36.06194,-6.85553],[-36.07018,-6.86508],[-36.09489,-6.87189],[-36.09489,-6.88007],[-36.09283,-6.88076],[-36.0894,-6.87462],[-36.08322,-6.87598],[-36.08185,-6.87053],[-36.07773,-6.87189],[-36.07224,-6.8678],[-36.06468,-6.87053],[-36.06125,-6.8678],[-36.05919,-6.86099],[-36.05438,-6.86371],[-36.05232,-6.8603],[-36.04958,-6.8603],[-36.04752,-6.86235],[-36.0482,-6.87121],[-36.05988,-6.88348],[-36.04752,-6.88076],[-36.04408,-6.88962],[-36.05026,-6.89098],[-36.05026,-6.89712],[-36.05576,-6.90052],[-36.05988,-6.89916],[-36.06743,-6.90189],[-36.0688,-6.89575],[-36.07567,-6.89848],[-36.07773,-6.90052],[-36.07773,-6.90734],[-36.08528,-6.90939],[-36.08871,-6.91279],[-36.08871,-6.91484],[-36.08116,-6.91552],[-36.08391,-6.92302],[-36.09283,-6.92711],[-36.09627,-6.92506],[-36.09901,-6.92643],[-36.09283,-6.92915],[-36.09489,-6.93461],[-36.09352,-6.93938],[-36.08391,-6.93188],[-36.07704,-6.91893],[-36.06674,-6.92302],[-36.04271,-6.92506],[-36.03859,-6.92915],[-36.04683,-6.93256],[-36.04683,-6.93461],[-36.03859,-6.93733],[-36.03241,-6.93529],[-36.03172,-6.93052],[-36.02348,-6.93052],[-36.01456,-6.9237],[-35.95619,-6.9053],[-35.95482,-6.9087],[-35.96031,-6.91416],[-35.96992,-6.92029],[-35.97885,-6.92166],[-35.98091,-6.92438],[-35.9864,-6.9237],[-35.98778,-6.93052],[-35.99739,-6.93665],[-35.99464,-6.9387],[-35.99464,-6.95642],[-35.98091,-6.95233],[-35.97885,-6.94756],[-35.96443,-6.94347],[-35.95688,-6.93733],[-35.95139,-6.93801],[-35.95619,-6.94892],[-35.94795,-6.9496],[-35.95276,-6.95642],[-35.95757,-6.95846],[-35.96443,-6.95437],[-35.96992,-6.96051],[-35.97679,-6.95846],[-35.98228,-6.95983],[-35.98503,-6.97209],[-35.98022,-6.97278],[-35.98022,-6.97687],[-35.98709,-6.97959],[-35.99258,-6.98573],[-35.9864,-6.98573],[-35.98709,-6.9939],[-35.98228,-6.99254],[-35.98091,-6.98368],[-35.97542,-6.98027],[-35.95894,-6.98164],[-35.96031,-6.97414],[-35.94315,-6.95983],[-35.9404,-6.96187],[-35.9404,-6.96528],[-35.93765,-6.96528],[-35.93422,-6.95642],[-35.9301,-6.95574],[-35.92873,-6.95846],[-35.92804,-6.95505],[-35.92392,-6.95233],[-35.9301,-6.95369],[-35.93353,-6.94756],[-35.92392,-6.94074],[-35.92323,-6.93665],[-35.92049,-6.9387],[-35.91499,-6.93733],[-35.90744,-6.93938],[-35.90744,-6.93461],[-35.90195,-6.92915],[-35.90744,-6.92779],[-35.91568,-6.91757],[-35.90057,-6.90598],[-35.90195,-6.90052],[-35.89371,-6.9053],[-35.88821,-6.90257],[-35.89027,-6.89643],[-35.88478,-6.89234],[-35.88959,-6.89166],[-35.89027,-6.88825],[-35.89508,-6.88621],[-35.88684,-6.88416],[-35.88272,-6.87735],[-35.88684,-6.87394],[-35.87997,-6.86576],[-35.89645,-6.87121],[-35.89027,-6.8603],[-35.89508,-6.85144],[-35.88409,-6.84531],[-35.88066,-6.84599],[-35.88135,-6.84258],[-35.87791,-6.83781],[-35.86899,-6.83781],[-35.86899,-6.84394],[-35.86555,-6.84735],[-35.87036,-6.85008],[-35.87036,-6.85485],[-35.87517,-6.8569],[-35.87585,-6.86235],[-35.8477,-6.85212],[-35.84564,-6.85962],[-35.84839,-6.86576],[-35.84564,-6.86712],[-35.84152,-6.85826],[-35.8374,-6.85553],[-35.84084,-6.85144],[-35.84015,-6.84735],[-35.82848,-6.84599],[-35.82642,-6.83781],[-35.81955,-6.83917],[-35.81818,-6.84803],[-35.81268,-6.85417],[-35.8065,-6.85349],[-35.80925,-6.85008],[-35.80719,-6.84667],[-35.79208,-6.85008],[-35.78728,-6.84531],[-35.77148,-6.84326],[-35.77354,-6.8528],[-35.76599,-6.85485],[-35.75775,-6.84803],[-35.75638,-6.85349],[-35.74951,-6.8494],[-35.74059,-6.85076],[-35.72617,-6.83917],[-35.71587,-6.8419],[-35.709,-6.8344],[-35.69664,-6.83644],[-35.69321,-6.84462],[-35.72548,-6.84394],[-35.72823,-6.84735],[-35.72754,-6.85349],[-35.73715,-6.85826],[-35.73441,-6.86235],[-35.73784,-6.86303],[-35.73853,-6.8603],[-35.74333,-6.86167],[-35.74059,-6.86371],[-35.74127,-6.86985],[-35.75157,-6.86917],[-35.75432,-6.86235],[-35.76256,-6.86371],[-35.76324,-6.85758],[-35.7708,-6.85962],[-35.7708,-6.86371],[-35.77835,-6.8678],[-35.77766,-6.87326],[-35.76736,-6.87053],[-35.76393,-6.87053],[-35.76393,-6.87326],[-35.77148,-6.87735],[-35.77148,-6.88076],[-35.7502,-6.88144],[-35.74539,-6.88553],[-35.75157,-6.88621],[-35.75089,-6.88894],[-35.75912,-6.90461],[-35.7708,-6.90666],[-35.77217,-6.91075],[-35.78522,-6.91961],[-35.78041,-6.92097],[-35.76668,-6.91143],[-35.76324,-6.91825],[-35.76736,-6.92438],[-35.76324,-6.92097],[-35.75844,-6.92166],[-35.75775,-6.91688],[-35.75363,-6.91484],[-35.74951,-6.91484],[-35.74814,-6.91825],[-35.73853,-6.91688],[-35.74745,-6.93052],[-35.74608,-6.93188],[-35.73647,-6.9237],[-35.73029,-6.92779],[-35.72617,-6.92506],[-35.72617,-6.92029],[-35.71724,-6.92029],[-35.71449,-6.91825],[-35.71587,-6.91211],[-35.71243,-6.91075],[-35.71243,-6.90666],[-35.70694,-6.90189],[-35.70076,-6.89848],[-35.69458,-6.89916],[-35.68909,-6.89371],[-35.68085,-6.89371],[-35.67947,-6.8978],[-35.68291,-6.90189],[-35.67741,-6.9053],[-35.67673,-6.9087],[-35.67947,-6.91007],[-35.68909,-6.90666],[-35.6987,-6.90666],[-35.69527,-6.91211],[-35.69733,-6.91688],[-35.68977,-6.91961],[-35.69321,-6.92438],[-35.70076,-6.92438],[-35.69664,-6.93188],[-35.69801,-6.9387],[-35.70488,-6.94347],[-35.70625,-6.94892],[-35.71175,-6.9496],[-35.71312,-6.95233],[-35.71861,-6.95028],[-35.72136,-6.95097],[-35.71449,-6.95505],[-35.70557,-6.95369],[-35.70007,-6.94551],[-35.68977,-6.95028],[-35.69046,-6.93801],[-35.68565,-6.93597],[-35.68565,-6.94483],[-35.6781,-6.95505],[-35.67329,-6.94892],[-35.66711,-6.94619],[-35.66505,-6.94688],[-35.66437,-6.95301],[-35.66162,-6.95301],[-35.65819,-6.94824],[-35.65338,-6.95233],[-35.64034,-6.94551],[-35.64102,-6.95233],[-35.64789,-6.95301],[-35.64377,-6.95778],[-35.64514,-6.95983],[-35.64789,-6.95574],[-35.65819,-6.95437],[-35.66093,-6.95778],[-35.66711,-6.95574],[-35.66711,-6.96119],[-35.67055,-6.9646],[-35.66711,-6.96528],[-35.66574,-6.96869],[-35.67192,-6.96732],[-35.67741,-6.96937],[-35.67673,-6.97209],[-35.67947,-6.97278],[-35.68085,-6.97959],[-35.67673,-6.98504],[-35.68153,-6.983],[-35.68222,-6.97414],[-35.68634,-6.97073],[-35.68634,-6.97891],[-35.68977,-6.97959],[-35.69252,-6.98368],[-35.69733,-6.97687],[-35.70213,-6.97687],[-35.70625,-6.97891],[-35.709,-6.98777],[-35.71175,-6.98845],[-35.71449,-6.98436],[-35.7193,-6.98981],[-35.72205,-6.98981],[-35.71999,-6.99663],[-35.73509,-7.00004],[-35.74127,-6.99936],[-35.74333,-6.99322],[-35.74883,-6.99527],[-35.74471,-6.99799],[-35.74196,-7.00549],[-35.74608,-7.00822],[-35.75089,-7.00753],[-35.75157,-7.00549],[-35.76118,-7.00822],[-35.75569,-7.01094],[-35.75432,-7.01776],[-35.755,-7.02253],[-35.7605,-7.02457],[-35.76393,-7.02934],[-35.77629,-7.02798],[-35.77766,-7.02525],[-35.77217,-7.0198],[-35.77286,-7.01639],[-35.78041,-7.01912],[-35.78247,-7.01571],[-35.78865,-7.01503],[-35.79002,-7.0123],[-35.78796,-7.0089],[-35.79002,-7.00753],[-35.79208,-7.00753],[-35.79277,-7.01299],[-35.8017,-7.01639],[-35.80101,-7.01912],[-35.79208,-7.01639],[-35.7914,-7.02048],[-35.78178,-7.0198],[-35.78247,-7.02253],[-35.78865,-7.02525],[-35.79208,-7.02525],[-35.79277,-7.02321],[-35.8017,-7.02525],[-35.80307,-7.02866],[-35.79552,-7.02662],[-35.79483,-7.03071],[-35.78659,-7.02866],[-35.77492,-7.03071],[-35.77286,-7.03411],[-35.7811,-7.03752],[-35.77286,-7.03956],[-35.77217,-7.04502],[-35.76805,-7.04229],[-35.76256,-7.04433],[-35.75844,-7.04093],[-35.75775,-7.05183],[-35.75157,-7.05592],[-35.75432,-7.05865],[-35.75089,-7.06137],[-35.7605,-7.06205],[-35.76462,-7.06682],[-35.7811,-7.06887],[-35.78247,-7.07227],[-35.77835,-7.07977],[-35.78453,-7.08113],[-35.78522,-7.08454],[-35.79002,-7.08386],[-35.79071,-7.08795],[-35.79552,-7.08795],[-35.80307,-7.0825],[-35.79895,-7.08726],[-35.79552,-7.09817],[-35.78728,-7.09476],[-35.78178,-7.09544],[-35.77835,-7.09885],[-35.7756,-7.09476],[-35.76805,-7.09612],[-35.76599,-7.09953],[-35.76736,-7.10634],[-35.7708,-7.10975],[-35.77766,-7.11043],[-35.7811,-7.12201],[-35.77766,-7.12133],[-35.77698,-7.12406],[-35.78522,-7.1261],[-35.78178,-7.13019],[-35.78316,-7.13292],[-35.78865,-7.1336],[-35.78934,-7.12815],[-35.79826,-7.13019],[-35.79689,-7.13428],[-35.7914,-7.13632],[-35.78934,-7.13973],[-35.80376,-7.15404],[-35.82504,-7.16698],[-35.83946,-7.18333],[-35.85045,-7.1881],[-35.85182,-7.19491],[-35.85732,-7.19764],[-35.86075,-7.20581],[-35.86555,-7.20786],[-35.86349,-7.21331],[-35.85869,-7.21263],[-35.85457,-7.20854],[-35.85663,-7.21876],[-35.86555,-7.22489],[-35.86555,-7.22897],[-35.86006,-7.23034],[-35.86281,-7.24396],[-35.86418,-7.246],[-35.86761,-7.24532],[-35.86761,-7.25281],[-35.87173,-7.26099],[-35.8786,-7.26576],[-35.88478,-7.26644],[-35.88821,-7.27393],[-35.89302,-7.27325],[-35.89302,-7.27052],[-35.89096,-7.26235],[-35.88547,-7.25486],[-35.88547,-7.25213],[-35.88821,-7.25145],[-35.88684,-7.24532],[-35.89027,-7.246],[-35.89233,-7.25213],[-35.89989,-7.25213],[-35.90057,-7.25895],[-35.90607,-7.26303],[-35.91019,-7.26303],[-35.91087,-7.24328],[-35.91431,-7.23919],[-35.91843,-7.23851],[-35.91499,-7.23306],[-35.91637,-7.23034],[-35.92117,-7.23238],[-35.92255,-7.23647],[-35.92186,-7.24328],[-35.91911,-7.246],[-35.9198,-7.25281],[-35.92667,-7.25963],[-35.93765,-7.25418],[-35.94658,-7.25486],[-35.94727,-7.25077],[-35.94109,-7.24668],[-35.94246,-7.24328],[-35.95413,-7.24532],[-35.95551,-7.2426],[-35.95963,-7.24873],[-35.95825,-7.25622],[-35.96512,-7.25963],[-35.96786,-7.25758],[-35.96718,-7.25077],[-35.96992,-7.24805],[-35.97473,-7.24805],[-35.97748,-7.24396],[-35.97748,-7.26099],[-35.98434,-7.26031],[-35.98366,-7.26644],[-35.98572,-7.26848],[-35.99602,-7.26984],[-36.00014,-7.26644],[-36.00838,-7.27597],[-36.01112,-7.27597],[-36.01387,-7.2678],[-36.00632,-7.26439],[-36.00563,-7.26099],[-36.01044,-7.25895],[-36.01181,-7.25281],[-36.01799,-7.25145],[-36.01799,-7.25963],[-36.03241,-7.2535],[-36.03584,-7.25826],[-36.04202,-7.25758],[-36.0434,-7.25486],[-36.04134,-7.25077],[-36.04477,-7.24328],[-36.05095,-7.23851],[-36.05095,-7.24668],[-36.05438,-7.24941],[-36.05026,-7.2535],[-36.05438,-7.25826],[-36.05026,-7.25963],[-36.04958,-7.26371],[-36.04546,-7.26371],[-36.04546,-7.26644],[-36.05507,-7.26916],[-36.05782,-7.27257],[-36.06468,-7.27325],[-36.06468,-7.2678],[-36.06812,-7.26576],[-36.06468,-7.26303],[-36.06537,-7.26031],[-36.07635,-7.26167],[-36.07086,-7.25077],[-36.07567,-7.25009],[-36.0791,-7.2535],[-36.08459,-7.25145],[-36.0791,-7.246],[-36.07155,-7.24396],[-36.08459,-7.23919],[-36.08047,-7.23442],[-36.07361,-7.23374],[-36.07361,-7.23102],[-36.08391,-7.22625],[-36.08597,-7.22148],[-36.09764,-7.22625],[-36.09764,-7.21671],[-36.10382,-7.21876],[-36.10657,-7.22284],[-36.11,-7.22148],[-36.11206,-7.22421],[-36.11687,-7.22489],[-36.11755,-7.22897],[-36.12099,-7.23034],[-36.12167,-7.21467],[-36.11755,-7.21194],[-36.12373,-7.21058],[-36.12785,-7.20513],[-36.13472,-7.20854],[-36.14227,-7.20786],[-36.14021,-7.21126],[-36.13129,-7.21535],[-36.13266,-7.2208],[-36.1409,-7.22012],[-36.14227,-7.22216],[-36.13953,-7.22557],[-36.15051,-7.22557],[-36.1512,-7.22897],[-36.15601,-7.2317],[-36.14365,-7.23715],[-36.14845,-7.24192],[-36.15601,-7.23987],[-36.16768,-7.24124],[-36.17249,-7.23783],[-36.18073,-7.23919],[-36.18416,-7.23034],[-36.1869,-7.23442],[-36.19308,-7.23374],[-36.19514,-7.23579],[-36.19377,-7.24328],[-36.19034,-7.246],[-36.19102,-7.25077],[-36.17455,-7.2535],[-36.17249,-7.25758],[-36.16493,-7.26167],[-36.16356,-7.26916],[-36.16837,-7.27052],[-36.17798,-7.26508],[-36.18965,-7.26371],[-36.18896,-7.27121],[-36.19514,-7.2678],[-36.20682,-7.27461],[-36.21162,-7.27325],[-36.20476,-7.28074],[-36.21025,-7.28142],[-36.21094,-7.28551],[-36.21986,-7.28823],[-36.21986,-7.293],[-36.21094,-7.29504],[-36.21231,-7.29981],[-36.21712,-7.29709],[-36.21918,-7.29845],[-36.21918,-7.3039],[-36.22536,-7.30186],[-36.22398,-7.29641],[-36.22673,-7.29368],[-36.2233,-7.2896],[-36.23016,-7.28823],[-36.23154,-7.28347],[-36.23703,-7.28347],[-36.23978,-7.29028],[-36.24664,-7.28551],[-36.24939,-7.28619],[-36.24939,-7.30117],[-36.25626,-7.30117],[-36.26656,-7.3073],[-36.27068,-7.3073],[-36.26793,-7.30186],[-36.27068,-7.29641],[-36.26724,-7.293],[-36.27274,-7.28823],[-36.27205,-7.28278],[-36.27617,-7.28142],[-36.27411,-7.27802],[-36.26656,-7.27734],[-36.26244,-7.28006],[-36.25694,-7.27802],[-36.25282,-7.27257],[-36.24733,-7.27257],[-36.24527,-7.26848],[-36.23703,-7.26984],[-36.23497,-7.27393],[-36.22742,-7.27461],[-36.22536,-7.27325],[-36.22604,-7.26848],[-36.22192,-7.26712],[-36.2178,-7.26167],[-36.21849,-7.25895],[-36.22398,-7.25758],[-36.22948,-7.26031],[-36.22948,-7.25554],[-36.2336,-7.2535],[-36.2336,-7.24737],[-36.22879,-7.246],[-36.23085,-7.24192],[-36.22948,-7.23987],[-36.21986,-7.24124],[-36.21712,-7.23851],[-36.22124,-7.23442],[-36.2178,-7.22829],[-36.21849,-7.22489],[-36.22879,-7.23306],[-36.22742,-7.22216],[-36.22948,-7.21263],[-36.2233,-7.20581],[-36.21986,-7.18742],[-36.22742,-7.19559],[-36.22742,-7.20309],[-36.23428,-7.20309],[-36.24046,-7.20786],[-36.24046,-7.21331],[-36.23703,-7.21807],[-36.24184,-7.21944],[-36.23978,-7.22421],[-36.2439,-7.23102],[-36.24321,-7.23442],[-36.24939,-7.23715],[-36.24802,-7.24464],[-36.25626,-7.24192],[-36.25282,-7.23442],[-36.25969,-7.2317],[-36.25832,-7.22557],[-36.25557,-7.22421],[-36.2542,-7.21603],[-36.25694,-7.2099],[-36.25351,-7.20173],[-36.26106,-7.20513],[-36.26587,-7.20445],[-36.26244,-7.21399],[-36.26381,-7.21671],[-36.26793,-7.21739],[-36.2693,-7.22284],[-36.27205,-7.22284],[-36.27823,-7.21399],[-36.28235,-7.21535],[-36.28784,-7.2099],[-36.28922,-7.21603],[-36.28578,-7.21671],[-36.28372,-7.2208],[-36.28647,-7.22625],[-36.27205,-7.23034],[-36.27068,-7.23715],[-36.27136,-7.23919],[-36.28235,-7.23987],[-36.2851,-7.2426],[-36.28716,-7.23851],[-36.29196,-7.23987],[-36.30981,-7.23374],[-36.30981,-7.22897],[-36.30363,-7.22421],[-36.30501,-7.22148],[-36.31599,-7.22012],[-36.31187,-7.21603],[-36.31599,-7.21194],[-36.31325,-7.20377],[-36.31599,-7.20241],[-36.31531,-7.19696],[-36.31943,-7.19559],[-36.3208,-7.20309],[-36.32423,-7.19832],[-36.33247,-7.19696],[-36.32492,-7.2099],[-36.32561,-7.21467],[-36.32973,-7.21263],[-36.33522,-7.21467],[-36.34483,-7.21126],[-36.34346,-7.21944],[-36.33453,-7.22216],[-36.33041,-7.22625],[-36.33041,-7.22966],[-36.33522,-7.23238],[-36.32698,-7.23647],[-36.32767,-7.23851],[-36.33591,-7.23987],[-36.33659,-7.24396],[-36.34483,-7.24328],[-36.34346,-7.25077],[-36.33453,-7.25213],[-36.33865,-7.25895],[-36.34895,-7.25758],[-36.35033,-7.2535],[-36.34827,-7.24941],[-36.35719,-7.24192],[-36.35994,-7.2426],[-36.36337,-7.24941],[-36.37642,-7.24941],[-36.37917,-7.24805],[-36.37917,-7.24396],[-36.37436,-7.23783],[-36.37711,-7.22966],[-36.3723,-7.22693],[-36.37367,-7.22284],[-36.37985,-7.2208],[-36.37711,-7.20786],[-36.38397,-7.20922],[-36.38397,-7.20377],[-36.3723,-7.19832],[-36.37573,-7.19355],[-36.37436,-7.19151],[-36.37024,-7.19151],[-36.36612,-7.19559],[-36.36475,-7.19151],[-36.36887,-7.18469],[-36.36406,-7.18197],[-36.35994,-7.18333],[-36.35857,-7.18061],[-36.35925,-7.1772],[-36.36612,-7.1772],[-36.36749,-7.17448],[-36.36406,-7.17107],[-36.36612,-7.16562],[-36.36406,-7.15881],[-36.36887,-7.1554],[-36.36887,-7.15267],[-36.36337,-7.14722],[-36.36887,-7.14791],[-36.3723,-7.14382],[-36.37161,-7.13905],[-36.36749,-7.13428],[-36.37093,-7.13019],[-36.37436,-7.13632],[-36.37779,-7.13632],[-36.37299,-7.15336],[-36.37505,-7.16426],[-36.37711,-7.16494],[-36.38329,-7.15881],[-36.38603,-7.15881],[-36.38603,-7.16221],[-36.3826,-7.16562],[-36.38466,-7.17311],[-36.37779,-7.17652],[-36.37779,-7.18333],[-36.38535,-7.18878],[-36.38603,-7.19355],[-36.38878,-7.19287],[-36.38741,-7.1881],[-36.39221,-7.18333],[-36.39221,-7.1881],[-36.39702,-7.18946],[-36.40114,-7.19832],[-36.40251,-7.20649],[-36.40526,-7.20649],[-36.40594,-7.20241],[-36.40938,-7.20173],[-36.41212,-7.19696],[-36.40938,-7.19287],[-36.41144,-7.18538],[-36.41487,-7.18333],[-36.41624,-7.17584],[-36.42105,-7.1772],[-36.42448,-7.16971],[-36.4286,-7.16971],[-36.43135,-7.16698],[-36.4183,-7.1881],[-36.42586,-7.18946],[-36.43135,-7.18606],[-36.4341,-7.18674],[-36.43066,-7.19151],[-36.42311,-7.19423],[-36.42311,-7.19832],[-36.42929,-7.20309],[-36.4183,-7.20922],[-36.42998,-7.21535],[-36.42448,-7.22012],[-36.41693,-7.21944],[-36.4135,-7.22421],[-36.40938,-7.22557],[-36.41212,-7.23102],[-36.42586,-7.23034],[-36.42929,-7.23102],[-36.42998,-7.23374],[-36.42517,-7.24192],[-36.42586,-7.24532],[-36.41762,-7.24737],[-36.41899,-7.25213],[-36.40938,-7.25418],[-36.41075,-7.25758],[-36.41624,-7.26031],[-36.41624,-7.26303],[-36.40388,-7.26371],[-36.40594,-7.27121],[-36.41693,-7.27325],[-36.42174,-7.27665],[-36.42105,-7.28074],[-36.42723,-7.28483],[-36.43547,-7.28551],[-36.43478,-7.2821],[-36.4389,-7.28006],[-36.4341,-7.27665],[-36.4341,-7.27257],[-36.43135,-7.27189],[-36.43341,-7.26303],[-36.43684,-7.26303],[-36.4389,-7.25963],[-36.46156,-7.25826],[-36.44714,-7.2426],[-36.43959,-7.24464],[-36.43959,-7.24055],[-36.44508,-7.23374],[-36.4492,-7.23579],[-36.45676,-7.2351],[-36.45538,-7.22489],[-36.45264,-7.22216],[-36.45882,-7.21807],[-36.46088,-7.22829],[-36.47118,-7.23442],[-36.47049,-7.24124],[-36.47598,-7.24396],[-36.47804,-7.2317],[-36.4801,-7.22897],[-36.48491,-7.22897],[-36.48628,-7.21603],[-36.49315,-7.22012],[-36.49315,-7.21399],[-36.50139,-7.21194],[-36.49796,-7.20718],[-36.50139,-7.20104],[-36.48903,-7.19628],[-36.48766,-7.19287],[-36.49246,-7.19559],[-36.50551,-7.19491],[-36.50826,-7.19696],[-36.51375,-7.18333],[-36.51581,-7.18333],[-36.51443,-7.18742],[-36.51649,-7.19151],[-36.51306,-7.19491],[-36.51375,-7.20104],[-36.50757,-7.20445],[-36.50826,-7.20922],[-36.50414,-7.21331],[-36.50414,-7.23034],[-36.51924,-7.22966],[-36.52542,-7.22489],[-36.53915,-7.22216],[-36.53023,-7.22897],[-36.5316,-7.23374],[-36.52611,-7.23238],[-36.52336,-7.2351],[-36.52611,-7.24328],[-36.51787,-7.23851],[-36.51443,-7.24396],[-36.50826,-7.246],[-36.51169,-7.24873],[-36.51237,-7.2535],[-36.51581,-7.2535],[-36.52267,-7.26031],[-36.52336,-7.26508],[-36.51237,-7.26235],[-36.50414,-7.26303],[-36.49864,-7.26712],[-36.49727,-7.27529],[-36.49521,-7.27529],[-36.49178,-7.26508],[-36.48628,-7.26303],[-36.4801,-7.26439],[-36.47392,-7.26167],[-36.47186,-7.26644],[-36.48148,-7.27325],[-36.48354,-7.27938],[-36.47255,-7.28006],[-36.47873,-7.28755],[-36.4856,-7.2896],[-36.4856,-7.29164],[-36.4801,-7.293],[-36.48079,-7.29504],[-36.48628,-7.29232],[-36.50208,-7.29504],[-36.50551,-7.29028],[-36.51031,-7.29504],[-36.511,-7.3039],[-36.51787,-7.30254],[-36.51924,-7.29641],[-36.52542,-7.29777],[-36.52748,-7.29573],[-36.52885,-7.29845],[-36.52473,-7.30254],[-36.54259,-7.30254],[-36.53709,-7.30935],[-36.53023,-7.31003],[-36.52679,-7.30662],[-36.52061,-7.3073],[-36.52405,-7.31548],[-36.51924,-7.31684],[-36.51855,-7.32092],[-36.53023,-7.33046],[-36.50757,-7.32774],[-36.50688,-7.32229],[-36.50345,-7.32092],[-36.50414,-7.32637],[-36.49796,-7.33114],[-36.49796,-7.33386],[-36.50139,-7.33386],[-36.50345,-7.33795],[-36.49796,-7.35157],[-36.50688,-7.34953],[-36.50688,-7.34067],[-36.51169,-7.33931],[-36.51375,-7.3434],[-36.5213,-7.34476],[-36.51924,-7.35089],[-36.52611,-7.35498],[-36.52542,-7.35702],[-36.51787,-7.35906],[-36.51924,-7.36179],[-36.52817,-7.36315],[-36.53366,-7.35634],[-36.53366,-7.34885],[-36.53915,-7.3434],[-36.54808,-7.3434],[-36.55426,-7.34817],[-36.56044,-7.34544],[-36.56319,-7.34748],[-36.56319,-7.35498],[-36.56799,-7.35498],[-36.56937,-7.34885],[-36.56181,-7.34204],[-36.56181,-7.33727],[-36.55495,-7.33455],[-36.55838,-7.3325],[-36.57143,-7.33386],[-36.57074,-7.32842],[-36.56181,-7.32433],[-36.56525,-7.32229],[-36.56593,-7.31752],[-36.57349,-7.32092],[-36.57967,-7.32024],[-36.58241,-7.32501],[-36.58653,-7.32637],[-36.58997,-7.32092],[-36.58447,-7.3182],[-36.58241,-7.31411],[-36.59752,-7.31343],[-36.6037,-7.3291],[-36.60576,-7.32705],[-36.60576,-7.31752],[-36.60782,-7.31616],[-36.61331,-7.31888],[-36.61331,-7.31207],[-36.61606,-7.31139],[-36.61743,-7.30662],[-36.62567,-7.31207],[-36.63254,-7.31275],[-36.62567,-7.30322],[-36.62842,-7.29845],[-36.61949,-7.29573],[-36.61949,-7.29232],[-36.62773,-7.28551],[-36.64009,-7.28619],[-36.64009,-7.2787],[-36.62773,-7.28142],[-36.62498,-7.27665],[-36.61812,-7.27393],[-36.62086,-7.26848],[-36.61537,-7.26712],[-36.61263,-7.26916],[-36.60507,-7.26439],[-36.6037,-7.26031],[-36.60988,-7.25963],[-36.60439,-7.25826],[-36.60095,-7.25418],[-36.60301,-7.25213],[-36.61674,-7.25418],[-36.6243,-7.25213],[-36.61469,-7.24532],[-36.61469,-7.24328],[-36.62018,-7.24192],[-36.61469,-7.23306],[-36.62292,-7.23102],[-36.61812,-7.22421],[-36.62636,-7.22352],[-36.6243,-7.21467],[-36.62979,-7.21739],[-36.63322,-7.21603],[-36.63322,-7.20922],[-36.63666,-7.20718],[-36.63597,-7.20036],[-36.64078,-7.19696],[-36.65245,-7.19491],[-36.64764,-7.19832],[-36.64833,-7.20377],[-36.64352,-7.20445],[-36.64352,-7.20854],[-36.64078,-7.21126],[-36.6449,-7.2208],[-36.63872,-7.22352],[-36.63803,-7.23102],[-36.64284,-7.23238],[-36.64421,-7.23579],[-36.63803,-7.24055],[-36.63116,-7.24055],[-36.63254,-7.24396],[-36.63734,-7.24192],[-36.64146,-7.24464],[-36.64215,-7.24941],[-36.64627,-7.2535],[-36.65314,-7.25213],[-36.65108,-7.24737],[-36.65451,-7.23851],[-36.66412,-7.23919],[-36.67099,-7.2426],[-36.67305,-7.23783],[-36.67168,-7.23034],[-36.6758,-7.23102],[-36.67923,-7.22761],[-36.68404,-7.22693],[-36.68472,-7.22421],[-36.68129,-7.2208],[-36.68884,-7.21603],[-36.69159,-7.21603],[-36.69228,-7.22012],[-36.69571,-7.2208],[-36.69708,-7.21876],[-36.70189,-7.21944],[-36.70395,-7.21535],[-36.70944,-7.21807],[-36.70944,-7.21126],[-36.71288,-7.21331],[-36.72043,-7.21263],[-36.71494,-7.22148],[-36.71013,-7.22352],[-36.70326,-7.22148],[-36.6964,-7.22557],[-36.69296,-7.23306],[-36.68678,-7.23919],[-36.6861,-7.24873],[-36.67786,-7.25009],[-36.67099,-7.25486],[-36.6703,-7.26371],[-36.67717,-7.26371],[-36.6806,-7.26099],[-36.68266,-7.26508],[-36.68816,-7.26712],[-36.67854,-7.27052],[-36.6806,-7.27597],[-36.67305,-7.27938],[-36.6758,-7.28551],[-36.68129,-7.2896],[-36.67374,-7.29232],[-36.66412,-7.29981],[-36.67442,-7.30322],[-36.67511,-7.3073],[-36.67442,-7.31003],[-36.66756,-7.31139],[-36.6655,-7.31411],[-36.67099,-7.31616],[-36.67168,-7.32365],[-36.67717,-7.32433],[-36.6806,-7.31684],[-36.68541,-7.31684],[-36.68747,-7.31343],[-36.69502,-7.31752],[-36.69571,-7.30867],[-36.70395,-7.30458],[-36.70464,-7.3148],[-36.71494,-7.31003],[-36.71631,-7.3148],[-36.72455,-7.31139],[-36.73485,-7.31275],[-36.74652,-7.3039],[-36.7527,-7.30594],[-36.74377,-7.31343],[-36.73553,-7.31616],[-36.73485,-7.32161],[-36.72661,-7.3182],[-36.72318,-7.32161],[-36.71837,-7.32092],[-36.71219,-7.32501],[-36.70052,-7.32705],[-36.70189,-7.3291],[-36.72112,-7.33046],[-36.72523,-7.33523],[-36.73347,-7.33727],[-36.73347,-7.33931],[-36.72523,-7.33863],[-36.717,-7.33455],[-36.7012,-7.33523],[-36.6964,-7.33795],[-36.68953,-7.33795],[-36.68884,-7.33999],[-36.69296,-7.34408],[-36.69022,-7.35021],[-36.68747,-7.34544],[-36.67717,-7.34408],[-36.67168,-7.33999],[-36.66756,-7.34204],[-36.65382,-7.34136],[-36.65245,-7.34408],[-36.65726,-7.3468],[-36.62979,-7.34953],[-36.64421,-7.35157],[-36.6758,-7.36315],[-36.66206,-7.36519],[-36.66206,-7.3686],[-36.6655,-7.37064],[-36.67442,-7.37132],[-36.68541,-7.36587],[-36.68541,-7.37132],[-36.68266,-7.37268],[-36.68404,-7.38017],[-36.6861,-7.37609],[-36.70052,-7.37745],[-36.71013,-7.37541],[-36.72112,-7.37881],[-36.71494,-7.38153],[-36.72661,-7.38902],[-36.72386,-7.39039],[-36.71356,-7.38562],[-36.70601,-7.3863],[-36.70601,-7.38834],[-36.71013,-7.38902],[-36.71631,-7.39447],[-36.717,-7.39788],[-36.70395,-7.39447],[-36.70395,-7.40332],[-36.70601,-7.40605],[-36.70395,-7.41013],[-36.69708,-7.40537],[-36.69708,-7.3972],[-36.69228,-7.39651],[-36.68747,-7.39924],[-36.68472,-7.39379],[-36.67786,-7.39515],[-36.67099,-7.39175],[-36.66756,-7.39651],[-36.66824,-7.39924],[-36.66481,-7.40128],[-36.66412,-7.39379],[-36.65932,-7.39175],[-36.65588,-7.39515],[-36.65794,-7.40605],[-36.6552,-7.41218],[-36.65314,-7.40264],[-36.64833,-7.40264],[-36.65176,-7.39379],[-36.64696,-7.39311],[-36.64078,-7.39651],[-36.63803,-7.39447],[-36.6394,-7.38971],[-36.63391,-7.38766],[-36.62979,-7.39311],[-36.62567,-7.39447],[-36.6291,-7.39788],[-36.62773,-7.40264],[-36.6188,-7.40945],[-36.62155,-7.4115],[-36.63185,-7.4115],[-36.62636,-7.4183],[-36.62567,-7.4326],[-36.63116,-7.43124],[-36.63528,-7.42103],[-36.6394,-7.42035],[-36.64215,-7.41558],[-36.64558,-7.42171],[-36.64146,-7.42784],[-36.65039,-7.4292],[-36.6449,-7.43465],[-36.64558,-7.43669],[-36.65245,-7.43669],[-36.65245,-7.44077],[-36.65932,-7.43737],[-36.66069,-7.44213],[-36.66893,-7.44009],[-36.66824,-7.44418],[-36.68129,-7.44622],[-36.68541,-7.44486],[-36.68678,-7.44826],[-36.6909,-7.44758],[-36.68884,-7.45643],[-36.67854,-7.45916],[-36.67305,-7.45711],[-36.66893,-7.45984],[-36.66824,-7.46392],[-36.65726,-7.46596],[-36.65451,-7.46869],[-36.65451,-7.47073],[-36.6703,-7.46937],[-36.67923,-7.46392],[-36.67305,-7.47345],[-36.6655,-7.47618],[-36.6655,-7.48026],[-36.67099,-7.4789],[-36.67992,-7.48298],[-36.67854,-7.48639],[-36.67099,-7.48911],[-36.67168,-7.49456],[-36.66893,-7.4966],[-36.66,-7.4966],[-36.65657,-7.49932],[-36.65588,-7.49388],[-36.65039,-7.49252],[-36.65039,-7.48843],[-36.6449,-7.48298],[-36.64627,-7.47277],[-36.64146,-7.47481],[-36.64009,-7.48094],[-36.63528,-7.48162],[-36.63322,-7.47345],[-36.62979,-7.47005],[-36.61949,-7.47073],[-36.61949,-7.4755],[-36.62636,-7.47822],[-36.63048,-7.48298],[-36.62773,-7.48571],[-36.62842,-7.49047],[-36.63528,-7.49388],[-36.64009,-7.50137],[-36.63116,-7.50545],[-36.62018,-7.50409],[-36.61331,-7.51226],[-36.61469,-7.51634],[-36.60988,-7.5177],[-36.61125,-7.52247],[-36.60988,-7.52451],[-36.60439,-7.51907],[-36.60439,-7.51158],[-36.59889,-7.5143],[-36.59821,-7.51975],[-36.59271,-7.5143],[-36.58585,-7.51294],[-36.59134,-7.50817],[-36.59203,-7.50477],[-36.59615,-7.50341],[-36.59752,-7.49388],[-36.60301,-7.48639],[-36.60301,-7.48367],[-36.59958,-7.48367],[-36.59065,-7.48843],[-36.59409,-7.47958],[-36.58516,-7.48026],[-36.58379,-7.47822],[-36.58722,-7.47209],[-36.5934,-7.47141],[-36.59683,-7.46324],[-36.58997,-7.46596],[-36.57898,-7.46256],[-36.57692,-7.4646],[-36.57898,-7.47141],[-36.57555,-7.47277],[-36.57486,-7.47958],[-36.56113,-7.4755],[-36.55632,-7.47073],[-36.55289,-7.45984],[-36.55838,-7.45916],[-36.56387,-7.45507],[-36.55632,-7.4469],[-36.55907,-7.44213],[-36.54671,-7.43465],[-36.54465,-7.43669],[-36.55014,-7.44282],[-36.54465,-7.44418],[-36.54465,-7.45167],[-36.53915,-7.45099],[-36.53709,-7.45371],[-36.52954,-7.45167],[-36.52954,-7.45371],[-36.53709,-7.45711],[-36.53915,-7.45984],[-36.53847,-7.46528],[-36.54808,-7.47345],[-36.54877,-7.47686],[-36.54533,-7.4823],[-36.54808,-7.48979],[-36.55357,-7.4932],[-36.55426,-7.49932],[-36.55083,-7.50477],[-36.55083,-7.49932],[-36.54121,-7.49252],[-36.53091,-7.49592],[-36.52473,-7.50273],[-36.51855,-7.50137],[-36.51787,-7.49456],[-36.51169,-7.49796],[-36.50345,-7.49864],[-36.48903,-7.47958],[-36.48903,-7.4755],[-36.49246,-7.47413],[-36.49521,-7.46733],[-36.49452,-7.46256],[-36.5007,-7.45643],[-36.4959,-7.45643],[-36.49452,-7.45439],[-36.48834,-7.45643],[-36.46774,-7.44282],[-36.46362,-7.44282],[-36.46088,-7.44894],[-36.45332,-7.44622],[-36.4492,-7.45167],[-36.4389,-7.44213],[-36.42929,-7.44282],[-36.42792,-7.44622],[-36.42998,-7.45031],[-36.42517,-7.45303],[-36.42174,-7.46052],[-36.43204,-7.46528],[-36.43341,-7.46801],[-36.43684,-7.46801],[-36.43959,-7.4612],[-36.4547,-7.4612],[-36.4492,-7.46596],[-36.45264,-7.47005],[-36.45126,-7.47686],[-36.4595,-7.48435],[-36.46637,-7.48571],[-36.46637,-7.48775],[-36.46156,-7.48979],[-36.4547,-7.48707],[-36.45126,-7.49115],[-36.45538,-7.49252],[-36.45607,-7.49796],[-36.46088,-7.50341],[-36.46431,-7.50341],[-36.46774,-7.5],[-36.46843,-7.50681],[-36.47324,-7.50749],[-36.47186,-7.5109],[-36.4753,-7.51498],[-36.46431,-7.51362],[-36.46912,-7.51907],[-36.46706,-7.52111],[-36.45882,-7.51975],[-36.45332,-7.51158],[-36.45058,-7.51226],[-36.4492,-7.51634],[-36.44508,-7.51226],[-36.44165,-7.51226],[-36.44028,-7.52043],[-36.43822,-7.52043],[-36.4341,-7.5177],[-36.43066,-7.51022],[-36.4238,-7.51498],[-36.42654,-7.51838],[-36.42448,-7.52179],[-36.42654,-7.52996],[-36.4238,-7.53336],[-36.42929,-7.53813],[-36.42311,-7.53949],[-36.41006,-7.53404],[-36.40732,-7.53404],[-36.40732,-7.53608],[-36.4183,-7.54902],[-36.41968,-7.55582],[-36.41762,-7.55787],[-36.43066,-7.56535],[-36.43547,-7.57216],[-36.43616,-7.56876],[-36.4286,-7.55923],[-36.42723,-7.55242],[-36.42242,-7.54561],[-36.43684,-7.54697],[-36.43753,-7.54357],[-36.44371,-7.54221],[-36.44371,-7.5354],[-36.45264,-7.53881],[-36.46019,-7.53881],[-36.45676,-7.54357],[-36.45264,-7.54493],[-36.4547,-7.54834],[-36.45332,-7.55446],[-36.4547,-7.5565],[-36.46019,-7.55378],[-36.46362,-7.55514],[-36.46362,-7.56059],[-36.46019,-7.56467],[-36.46431,-7.56808],[-36.46774,-7.56603],[-36.47255,-7.56808],[-36.47392,-7.56195],[-36.47873,-7.55991],[-36.47804,-7.56671],[-36.48285,-7.57284],[-36.48834,-7.57352],[-36.48903,-7.56535],[-36.49246,-7.56399],[-36.4959,-7.57012],[-36.5007,-7.56876],[-36.50208,-7.55446],[-36.5213,-7.55719],[-36.52061,-7.56059],[-36.51237,-7.56059],[-36.50894,-7.56331],[-36.50894,-7.56671],[-36.51375,-7.57012],[-36.50826,-7.57488],[-36.50757,-7.57829],[-36.50208,-7.58033],[-36.50482,-7.5885],[-36.50139,-7.5919],[-36.49727,-7.59122],[-36.49521,-7.5953],[-36.50002,-7.59802],[-36.50139,-7.60891],[-36.51237,-7.61436],[-36.51169,-7.60959],[-36.50826,-7.60687],[-36.51169,-7.60279],[-36.50963,-7.59734],[-36.51237,-7.59734],[-36.51924,-7.60619],[-36.53023,-7.61232],[-36.53091,-7.60959],[-36.52748,-7.60755],[-36.52473,-7.5987],[-36.52954,-7.60007],[-36.53091,-7.5953],[-36.53572,-7.5919],[-36.53778,-7.5919],[-36.53709,-7.5953],[-36.54533,-7.5953],[-36.54877,-7.5919],[-36.5522,-7.5919],[-36.54877,-7.59939],[-36.53915,-7.60483],[-36.54396,-7.61232],[-36.54121,-7.61436],[-36.54259,-7.6198],[-36.53366,-7.62253],[-36.53641,-7.62593],[-36.54259,-7.62729],[-36.55357,-7.62185],[-36.55907,-7.62525],[-36.56868,-7.61232],[-36.57211,-7.61572],[-36.57761,-7.61504],[-36.58035,-7.62253],[-36.59409,-7.62389],[-36.59615,-7.61708],[-36.60164,-7.61504],[-36.60095,-7.60551],[-36.60782,-7.60007],[-36.60851,-7.59666],[-36.61263,-7.60279],[-36.60988,-7.60279],[-36.60576,-7.60959],[-36.61125,-7.613],[-36.61194,-7.6164],[-36.61949,-7.61912],[-36.62292,-7.61572],[-36.62636,-7.61912],[-36.63116,-7.6198],[-36.62773,-7.62457],[-36.63185,-7.62729],[-36.62636,-7.63137],[-36.63185,-7.6341],[-36.63254,-7.63682],[-36.62361,-7.63954],[-36.62224,-7.6443],[-36.61469,-7.64566],[-36.61331,-7.64294],[-36.61057,-7.64294],[-36.60507,-7.64635],[-36.60576,-7.65179],[-36.59477,-7.65247],[-36.58585,-7.66132],[-36.57074,-7.65996],[-36.57005,-7.6654],[-36.55563,-7.6654],[-36.55563,-7.67561],[-36.54877,-7.67561],[-36.54808,-7.67765],[-36.5419,-7.67901],[-36.5419,-7.68241],[-36.54808,-7.69126],[-36.55769,-7.69398],[-36.55563,-7.70419],[-36.56799,-7.71303],[-36.57898,-7.71235],[-36.57898,-7.70963],[-36.57692,-7.69466],[-36.57211,-7.68922],[-36.5728,-7.68445],[-36.56525,-7.67901],[-36.56593,-7.67629],[-36.57623,-7.67697],[-36.57829,-7.67901],[-36.58379,-7.67901],[-36.58653,-7.67629],[-36.58859,-7.68037],[-36.60027,-7.67969],[-36.60027,-7.67561],[-36.59615,-7.67084],[-36.59821,-7.66404],[-36.60233,-7.66472],[-36.60439,-7.66268],[-36.60851,-7.66608],[-36.60782,-7.67016],[-36.60988,-7.67084],[-36.61263,-7.66676],[-36.61194,-7.66336],[-36.61674,-7.6654],[-36.6188,-7.65859],[-36.62224,-7.65859],[-36.6243,-7.66268],[-36.62224,-7.67084],[-36.6243,-7.67357],[-36.6188,-7.67697],[-36.6188,-7.67969],[-36.62292,-7.68173],[-36.6291,-7.67833],[-36.63048,-7.67084],[-36.6394,-7.67152],[-36.6394,-7.66812],[-36.64215,-7.66744],[-36.64078,-7.66404],[-36.63254,-7.66064],[-36.6346,-7.65859],[-36.63391,-7.65383],[-36.64215,-7.65247],[-36.6449,-7.65723],[-36.65382,-7.65791],[-36.65382,-7.65247],[-36.65039,-7.64635],[-36.64078,-7.64566],[-36.63734,-7.64294],[-36.63734,-7.64022],[-36.64215,-7.6375],[-36.64078,-7.63001],[-36.64833,-7.63273],[-36.65176,-7.63137],[-36.64833,-7.62253],[-36.64421,-7.61912],[-36.64421,-7.61368],[-36.66138,-7.62253],[-36.66412,-7.61504],[-36.66824,-7.61368],[-36.6703,-7.60959],[-36.68129,-7.61096],[-36.6806,-7.61708],[-36.6758,-7.62048],[-36.67648,-7.62457],[-36.6703,-7.62457],[-36.67099,-7.62865],[-36.66344,-7.6341],[-36.66344,-7.64226],[-36.6703,-7.64158],[-36.67374,-7.64498],[-36.66824,-7.64771],[-36.66893,-7.65179],[-36.67786,-7.65655],[-36.67648,-7.662],[-36.67854,-7.66472],[-36.68404,-7.66472],[-36.68129,-7.65519],[-36.68472,-7.65383],[-36.68953,-7.65791],[-36.69708,-7.65587],[-36.69914,-7.65179],[-36.69571,-7.64635],[-36.69708,-7.6443],[-36.70532,-7.65451],[-36.70876,-7.65519],[-36.70807,-7.66064],[-36.70189,-7.66268],[-36.70189,-7.66472],[-36.71288,-7.66472],[-36.71837,-7.67016],[-36.72112,-7.67016],[-36.72112,-7.66608],[-36.71837,-7.66472],[-36.71768,-7.66064],[-36.72386,-7.65996],[-36.73141,-7.66472],[-36.73553,-7.66132],[-36.74377,-7.65996],[-36.74171,-7.65179],[-36.73622,-7.65043],[-36.73347,-7.64635],[-36.74789,-7.64975],[-36.74858,-7.64498],[-36.74377,-7.64226],[-36.74309,-7.6375],[-36.74789,-7.63614],[-36.75339,-7.6409],[-36.75613,-7.63341],[-36.75957,-7.63341],[-36.76369,-7.62729],[-36.76987,-7.62593],[-36.77055,-7.62933],[-36.76437,-7.63069],[-36.76231,-7.6409],[-36.75613,-7.64362],[-36.7527,-7.64839],[-36.75613,-7.65451],[-36.75545,-7.65996],[-36.74515,-7.66064],[-36.74377,-7.66948],[-36.75201,-7.66744],[-36.75682,-7.67221],[-36.76369,-7.67016],[-36.76369,-7.67561],[-36.76849,-7.67493],[-36.78017,-7.68241],[-36.78291,-7.68173],[-36.78429,-7.67697],[-36.79115,-7.67357],[-36.79253,-7.6688],[-36.79939,-7.66948],[-36.80145,-7.67629],[-36.81519,-7.67969],[-36.81725,-7.68241],[-36.80969,-7.68377],[-36.79665,-7.67493],[-36.79253,-7.67493],[-36.78703,-7.68037],[-36.78909,-7.69398],[-36.77193,-7.69262],[-36.76918,-7.69738],[-36.76437,-7.6967],[-36.76575,-7.69126],[-36.76094,-7.68718],[-36.75682,-7.68854],[-36.75613,-7.69126],[-36.74652,-7.68922],[-36.74309,-7.68581],[-36.73897,-7.68581],[-36.73759,-7.6899],[-36.72729,-7.69058],[-36.72729,-7.68513],[-36.72455,-7.68513],[-36.71974,-7.69194],[-36.70532,-7.68922],[-36.70258,-7.69262],[-36.68541,-7.6865],[-36.6861,-7.69126],[-36.68884,-7.69058],[-36.69846,-7.69738],[-36.69914,-7.70215],[-36.70326,-7.70351],[-36.70326,-7.70827],[-36.71425,-7.71099],[-36.71906,-7.71644],[-36.7115,-7.71507],[-36.70944,-7.71848],[-36.69708,-7.71916],[-36.68884,-7.71167],[-36.68335,-7.70963],[-36.67923,-7.71167],[-36.67442,-7.70283],[-36.66824,-7.70963],[-36.6655,-7.70963],[-36.66412,-7.70487],[-36.65932,-7.70283],[-36.65657,-7.70419],[-36.65726,-7.71099],[-36.64833,-7.71099],[-36.64627,-7.70623],[-36.64421,-7.70691],[-36.64558,-7.71235],[-36.64833,-7.71303],[-36.64627,-7.7212],[-36.64352,-7.71984],[-36.64215,-7.71371],[-36.63872,-7.71303],[-36.63597,-7.71439],[-36.63597,-7.71916],[-36.63185,-7.7212],[-36.63116,-7.7246],[-36.63391,-7.73208],[-36.64146,-7.74093],[-36.64764,-7.74365],[-36.65245,-7.73685],[-36.65588,-7.74229],[-36.6552,-7.74637],[-36.66,-7.74773],[-36.66138,-7.74161],[-36.66824,-7.74501],[-36.66687,-7.75182],[-36.67374,-7.74841],[-36.67854,-7.74977],[-36.6806,-7.74569],[-36.68266,-7.74773],[-36.68816,-7.74637],[-36.68816,-7.75386],[-36.69228,-7.75386],[-36.69983,-7.74841],[-36.7012,-7.74025],[-36.70601,-7.74229],[-36.7115,-7.73821],[-36.7115,-7.74297],[-36.71768,-7.74501],[-36.71288,-7.7525],[-36.717,-7.75454],[-36.71837,-7.75862],[-36.72592,-7.7593],[-36.72386,-7.76882],[-36.72729,-7.76882],[-36.73004,-7.76406],[-36.73622,-7.76338],[-36.73759,-7.76882],[-36.74652,-7.77019],[-36.74515,-7.77767],[-36.74789,-7.78107],[-36.74171,-7.78175],[-36.74103,-7.78515],[-36.74721,-7.79128],[-36.75201,-7.79196],[-36.75201,-7.79672],[-36.75751,-7.79536],[-36.75819,-7.79876],[-36.76437,-7.8008],[-36.77467,-7.80012],[-36.77605,-7.8042],[-36.76643,-7.80624],[-36.76781,-7.81304],[-36.78291,-7.82665],[-36.77948,-7.83481],[-36.78017,-7.83957],[-36.78635,-7.84366],[-36.78909,-7.84978],[-36.77467,-7.84366],[-36.76918,-7.83617],[-36.76849,-7.82665],[-36.76163,-7.82801],[-36.76163,-7.82121],[-36.75476,-7.81577],[-36.75545,-7.80896],[-36.7527,-7.80624],[-36.74927,-7.8076],[-36.7527,-7.81373],[-36.74858,-7.81577],[-36.74995,-7.82257],[-36.74721,-7.82393],[-36.74721,-7.81917],[-36.74103,-7.81645],[-36.73759,-7.80624],[-36.73759,-7.8042],[-36.74103,-7.8042],[-36.74034,-7.8008],[-36.72867,-7.79332],[-36.72867,-7.8008],[-36.72661,-7.80216],[-36.72386,-7.78991],[-36.717,-7.79332],[-36.71768,-7.78515],[-36.72043,-7.78311],[-36.71906,-7.77903],[-36.71288,-7.77699],[-36.70944,-7.78719],[-36.70258,-7.78175],[-36.69983,-7.77495],[-36.69777,-7.77495],[-36.69777,-7.78039],[-36.69502,-7.78039],[-36.69022,-7.77563],[-36.6909,-7.77291],[-36.68816,-7.76951],[-36.6806,-7.77019],[-36.67992,-7.77223],[-36.68198,-7.77767],[-36.68884,-7.78379],[-36.68884,-7.7906],[-36.67992,-7.78787],[-36.67236,-7.78855],[-36.67786,-7.79468],[-36.69022,-7.80216],[-36.69022,-7.8042],[-36.68198,-7.80284],[-36.68472,-7.8076],[-36.67992,-7.80964],[-36.67923,-7.81304],[-36.6964,-7.82053],[-36.70052,-7.81985],[-36.69777,-7.81441],[-36.69914,-7.81032],[-36.70258,-7.81304],[-36.70738,-7.81236],[-36.71356,-7.81713],[-36.71082,-7.82121],[-36.70395,-7.82325],[-36.70807,-7.82801],[-36.70395,-7.83073],[-36.70601,-7.83889],[-36.70464,-7.84298],[-36.72043,-7.85386],[-36.72249,-7.85862],[-36.71425,-7.85522],[-36.71082,-7.85726],[-36.70326,-7.8525],[-36.70326,-7.85726],[-36.69708,-7.86338],[-36.69502,-7.86202],[-36.69502,-7.85386],[-36.69159,-7.8491],[-36.68816,-7.84842],[-36.69228,-7.8457],[-36.68747,-7.83821],[-36.68953,-7.83005],[-36.68816,-7.82325],[-36.67854,-7.82053],[-36.67923,-7.83073],[-36.6758,-7.83141],[-36.67305,-7.81713],[-36.66893,-7.81373],[-36.66412,-7.81441],[-36.66,-7.80624],[-36.64833,-7.80964],[-36.65039,-7.80556],[-36.64696,-7.80148],[-36.65039,-7.80012],[-36.6497,-7.79672],[-36.64215,-7.79196],[-36.6394,-7.78719],[-36.63322,-7.78719],[-36.63803,-7.77495],[-36.62361,-7.77427],[-36.62704,-7.78243],[-36.62292,-7.78379],[-36.59821,-7.77155],[-36.59477,-7.76814],[-36.59477,-7.7627],[-36.59134,-7.76202],[-36.58791,-7.76474],[-36.57623,-7.75726],[-36.57349,-7.75862],[-36.57761,-7.76542],[-36.58585,-7.76678],[-36.58859,-7.77495],[-36.59821,-7.77835],[-36.6037,-7.78311],[-36.60301,-7.79264],[-36.59134,-7.7906],[-36.58859,-7.78583],[-36.57967,-7.79128],[-36.58928,-7.794],[-36.59752,-7.80216],[-36.60713,-7.80352],[-36.60782,-7.80488],[-36.60301,-7.80624],[-36.60301,-7.80896],[-36.60851,-7.81168],[-36.60713,-7.81713],[-36.61194,-7.81713],[-36.61263,-7.82121],[-36.62086,-7.82189],[-36.62292,-7.82529],[-36.614,-7.82597],[-36.61537,-7.83345],[-36.61263,-7.83753],[-36.60919,-7.83617],[-36.60782,-7.83005],[-36.60301,-7.83073],[-36.60301,-7.82665],[-36.60027,-7.82393],[-36.5934,-7.82189],[-36.59683,-7.81849],[-36.59477,-7.81373],[-36.58173,-7.81168],[-36.58173,-7.81509],[-36.58447,-7.81713],[-36.58241,-7.82257],[-36.57555,-7.82325],[-36.57005,-7.81917],[-36.57074,-7.81168],[-36.57349,-7.811],[-36.5728,-7.80624],[-36.56593,-7.80624],[-36.56387,-7.80896],[-36.55701,-7.8076],[-36.55701,-7.80352],[-36.56113,-7.79944],[-36.55151,-7.79536],[-36.55151,-7.78651],[-36.54877,-7.78787],[-36.54945,-7.79332],[-36.54671,-7.794],[-36.54259,-7.7906],[-36.53778,-7.79332],[-36.54053,-7.79808],[-36.54739,-7.80012],[-36.54533,-7.80352],[-36.55014,-7.80624],[-36.54877,-7.81236],[-36.53915,-7.81304],[-36.5419,-7.82325],[-36.53572,-7.81985],[-36.53641,-7.81577],[-36.53229,-7.81032],[-36.52405,-7.81168],[-36.51993,-7.80896],[-36.51443,-7.811],[-36.51306,-7.81441],[-36.51855,-7.82053],[-36.51512,-7.82393],[-36.51169,-7.81917],[-36.50345,-7.81441],[-36.50826,-7.8076],[-36.50276,-7.8042],[-36.5007,-7.80488],[-36.50208,-7.81236],[-36.49864,-7.81304],[-36.4959,-7.81032],[-36.49109,-7.81032],[-36.4904,-7.80692],[-36.49658,-7.80692],[-36.49658,-7.80488],[-36.49246,-7.8042],[-36.48972,-7.8008],[-36.47804,-7.7974],[-36.4698,-7.8008],[-36.46362,-7.79332],[-36.46431,-7.78923],[-36.45676,-7.7906],[-36.45332,-7.78855],[-36.45195,-7.79332],[-36.44989,-7.79264],[-36.44852,-7.78855],[-36.4547,-7.78243],[-36.44989,-7.76814],[-36.43684,-7.76814],[-36.43959,-7.77699],[-36.42586,-7.77495],[-36.43204,-7.77835],[-36.43684,-7.78515],[-36.41624,-7.78447],[-36.41212,-7.78719],[-36.408,-7.78039],[-36.40114,-7.77835],[-36.40594,-7.7906],[-36.39702,-7.7906],[-36.39633,-7.78379],[-36.38878,-7.78515],[-36.38535,-7.77971],[-36.39084,-7.77767],[-36.38809,-7.77495],[-36.39084,-7.77155],[-36.38466,-7.76542],[-36.38809,-7.75998],[-36.39496,-7.76134],[-36.39015,-7.75182],[-36.39702,-7.75114],[-36.40045,-7.75318],[-36.39771,-7.74433],[-36.40251,-7.74365],[-36.39633,-7.73821],[-36.39702,-7.73277],[-36.37436,-7.71371],[-36.3723,-7.71575],[-36.37711,-7.72324],[-36.37848,-7.73208],[-36.38603,-7.73753],[-36.38603,-7.74161],[-36.38123,-7.74433],[-36.38191,-7.74773],[-36.37711,-7.74909],[-36.38191,-7.7593],[-36.37848,-7.76542],[-36.36475,-7.7661],[-36.36681,-7.7593],[-36.35788,-7.75726],[-36.36337,-7.74977],[-36.35582,-7.74977],[-36.36063,-7.74501],[-36.35994,-7.74025],[-36.35513,-7.73685],[-36.3517,-7.73685],[-36.34827,-7.74025],[-36.34209,-7.73957],[-36.34483,-7.73549],[-36.34209,-7.73072],[-36.33522,-7.72868],[-36.33041,-7.73413],[-36.32835,-7.72664],[-36.32286,-7.72664],[-36.32149,-7.73004],[-36.32629,-7.73345],[-36.32767,-7.73821],[-36.32561,-7.74297],[-36.33659,-7.75318],[-36.33797,-7.76066],[-36.32698,-7.75794],[-36.32423,-7.77155],[-36.3208,-7.75998],[-36.31668,-7.75862],[-36.31462,-7.75386],[-36.31119,-7.75522],[-36.30844,-7.76066],[-36.30569,-7.76066],[-36.30638,-7.75318],[-36.29128,-7.75454],[-36.28853,-7.7593],[-36.28372,-7.75862],[-36.28922,-7.75046],[-36.3002,-7.74569],[-36.30569,-7.74705],[-36.31531,-7.74637],[-36.30707,-7.74161],[-36.29883,-7.73957],[-36.29608,-7.74093],[-36.28716,-7.7314],[-36.28304,-7.73004],[-36.28304,-7.728],[-36.30157,-7.72732],[-36.30363,-7.72324],[-36.29951,-7.72256],[-36.29883,-7.71984],[-36.30226,-7.71575],[-36.29471,-7.71371],[-36.28853,-7.71984],[-36.27754,-7.7178],[-36.27823,-7.71167],[-36.2851,-7.70759],[-36.28716,-7.70351],[-36.28372,-7.70147],[-36.27274,-7.70351],[-36.26656,-7.7001],[-36.27411,-7.69398],[-36.2748,-7.6899],[-36.27823,-7.69058],[-36.28098,-7.68718],[-36.28647,-7.6865],[-36.28784,-7.67901],[-36.28441,-7.67765],[-36.2796,-7.68105],[-36.27548,-7.68037],[-36.27342,-7.67493],[-36.26381,-7.67493],[-36.26175,-7.67016],[-36.26862,-7.66812],[-36.259,-7.66472],[-36.25214,-7.66676],[-36.24596,-7.66268],[-36.2439,-7.65928],[-36.24527,-7.65723],[-36.25076,-7.65723],[-36.2542,-7.65451],[-36.27548,-7.65315],[-36.2748,-7.65111],[-36.27068,-7.65111],[-36.26793,-7.64635],[-36.25763,-7.64362],[-36.23909,-7.64294],[-36.23703,-7.64771],[-36.23978,-7.65315],[-36.23703,-7.65315],[-36.2336,-7.65111],[-36.23291,-7.64226],[-36.22536,-7.64158],[-36.21986,-7.63818],[-36.20819,-7.6375],[-36.21643,-7.6443],[-36.22398,-7.64635],[-36.22467,-7.65111],[-36.22948,-7.65315],[-36.22879,-7.65791],[-36.23428,-7.65996],[-36.23634,-7.66336],[-36.22673,-7.66472],[-36.22467,-7.67016],[-36.22055,-7.6688],[-36.22124,-7.6654],[-36.21574,-7.66132],[-36.213,-7.66472],[-36.20407,-7.662],[-36.20476,-7.67016],[-36.19858,-7.67221],[-36.19377,-7.66676],[-36.19377,-7.66064],[-36.18759,-7.65723],[-36.18347,-7.65928],[-36.18828,-7.66608],[-36.18416,-7.67697],[-36.19377,-7.67901],[-36.19926,-7.67697],[-36.2027,-7.68105],[-36.21712,-7.68037],[-36.22192,-7.68241],[-36.22742,-7.67969],[-36.22879,-7.67289],[-36.23291,-7.67152],[-36.23566,-7.67697],[-36.23085,-7.67901],[-36.23154,-7.68377],[-36.23772,-7.6865],[-36.25145,-7.68377],[-36.25214,-7.68786],[-36.25763,-7.68854],[-36.26244,-7.69398],[-36.26244,-7.69874],[-36.25557,-7.70487],[-36.25969,-7.70691],[-36.26244,-7.71235],[-36.25008,-7.71303],[-36.259,-7.72052],[-36.24321,-7.71712],[-36.23909,-7.71712],[-36.23978,-7.72052],[-36.23154,-7.71848],[-36.22124,-7.72052],[-36.23222,-7.73208],[-36.22261,-7.728],[-36.22055,-7.73004],[-36.23085,-7.73617],[-36.2336,-7.74093],[-36.23772,-7.74161],[-36.23634,-7.74637],[-36.24252,-7.74773],[-36.24321,-7.7525],[-36.22536,-7.75046],[-36.22192,-7.74569],[-36.21437,-7.74773],[-36.21162,-7.75182],[-36.21025,-7.74161],[-36.19652,-7.74841],[-36.19377,-7.74229],[-36.18484,-7.73889],[-36.19102,-7.75862],[-36.18896,-7.7593],[-36.19034,-7.76406],[-36.18759,-7.76474],[-36.18416,-7.77155],[-36.17935,-7.76746],[-36.16768,-7.74773],[-36.16562,-7.74773],[-36.16493,-7.75318],[-36.15875,-7.75658],[-36.15944,-7.76542],[-36.15326,-7.75998],[-36.14639,-7.76066],[-36.15601,-7.75318],[-36.15463,-7.74841],[-36.14708,-7.74365],[-36.15463,-7.74229],[-36.15601,-7.73685],[-36.14983,-7.73072],[-36.15532,-7.73072],[-36.15532,-7.72732],[-36.15807,-7.72596],[-36.15738,-7.72052],[-36.15257,-7.7212],[-36.15326,-7.72732],[-36.14639,-7.7246],[-36.1409,-7.72596],[-36.1409,-7.72188],[-36.13678,-7.71575],[-36.14433,-7.71644],[-36.14571,-7.71371],[-36.14021,-7.70827],[-36.13541,-7.70691],[-36.13197,-7.69942],[-36.12373,-7.7001],[-36.13266,-7.71167],[-36.11,-7.6967],[-36.09695,-7.68105],[-36.08803,-7.67493],[-36.08459,-7.67833],[-36.09421,-7.69534],[-36.09215,-7.69738],[-36.09283,-7.70215],[-36.08803,-7.70215],[-36.0894,-7.70827],[-36.08391,-7.70895],[-36.08322,-7.71167],[-36.08528,-7.71371],[-36.09215,-7.71371],[-36.09215,-7.7178],[-36.09695,-7.72188],[-36.09764,-7.73481],[-36.09421,-7.73413],[-36.09489,-7.73072],[-36.08871,-7.72188],[-36.08253,-7.73345],[-36.07704,-7.72732],[-36.07086,-7.72664],[-36.06537,-7.72936],[-36.05988,-7.728],[-36.05644,-7.73208],[-36.05095,-7.72664],[-36.05095,-7.72256],[-36.03722,-7.72392],[-36.03172,-7.72868],[-36.02829,-7.72868],[-36.02486,-7.72324],[-36.01936,-7.72664],[-36.0125,-7.72528],[-36.01112,-7.72732],[-36.01387,-7.73072],[-36.0276,-7.73072],[-36.0331,-7.74025],[-36.05782,-7.74501],[-36.05919,-7.74705],[-36.05438,-7.74841],[-36.05232,-7.75318],[-36.06331,-7.75658],[-36.07498,-7.76814],[-36.07292,-7.77087],[-36.064,-7.76951],[-36.06674,-7.78243],[-36.0941,-7.7785],[-36.1041,-7.7796],[-36.1185,-7.7858],[-36.1434,-7.7816],[-36.1835,-7.7839],[-36.1979,-7.7904],[-36.2043,-7.783],[-36.2065,-7.7704],[-36.2166,-7.7641],[-36.2463,-7.7853],[-36.2542,-7.7964],[-36.2512,-7.8046],[-36.2423,-7.8073],[-36.24,-7.8177],[-36.2533,-7.83],[-36.2711,-7.8306],[-36.2852,-7.8179],[-36.302,-7.8083],[-36.3134,-7.8064],[-36.3207,-7.8092],[-36.3369,-7.8094],[-36.3632,-7.8061],[-36.3735,-7.8126],[-36.3926,-7.8076],[-36.4074,-7.8141],[-36.424,-7.8158],[-36.43,-7.8271],[-36.4283,-7.8334],[-36.4309,-7.8498],[-36.4291,-7.867],[-36.4327,-7.8731],[-36.4297,-7.8866],[-36.4369,-7.9003],[-36.4458,-7.9082],[-36.4463,-7.9164],[-36.4613,-7.9147],[-36.4704,-7.9178],[-36.4801,-7.9248],[-36.4867,-7.9164],[-36.4925,-7.9152],[-36.4994,-7.9203],[-36.5129,-7.9149],[-36.53091,-7.90318],[-36.53229,-7.90011],[-36.53778,-7.90136],[-36.552,-7.8987],[-36.5717,-7.9045],[-36.5782,-7.9152],[-36.5725,-7.9306],[-36.5726,-7.936],[-36.58,-7.9467],[-36.5742,-7.9517],[-36.5768,-7.9596],[-36.58035,-7.95928],[-36.57829,-7.95656],[-36.57967,-7.95384],[-36.58722,-7.95248],[-36.59134,-7.94636],[-36.59615,-7.94568],[-36.60439,-7.93956],[-36.61674,-7.94024],[-36.61949,-7.94432],[-36.63116,-7.94772],[-36.62842,-7.95044],[-36.62704,-7.97356],[-36.62294,-7.9756],[-36.62313,-7.98036],[-36.62979,-7.9858],[-36.62979,-8.00484],[-36.63322,-8.01164],[-36.6497,-8.01504],[-36.65039,-8.01912],[-36.64558,-8.02048],[-36.64558,-8.02252],[-36.65314,-8.02659],[-36.65314,-8.03475],[-36.64902,-8.03679],[-36.6552,-8.04563],[-36.65726,-8.04563],[-36.65588,-8.02591],[-36.65932,-8.02591],[-36.66344,-8.03067],[-36.67168,-8.03407],[-36.67168,-8.04631],[-36.68198,-8.04699],[-36.68541,-8.05243],[-36.68953,-8.05243],[-36.69846,-8.06195],[-36.70876,-8.06603],[-36.70738,-8.07079],[-36.71288,-8.07283],[-36.71631,-8.08234],[-36.72592,-8.09254],[-36.72935,-8.09186],[-36.73279,-8.07827],[-36.74103,-8.07895],[-36.74515,-8.08166],[-36.74858,-8.09186],[-36.76506,-8.10614],[-36.76712,-8.1109],[-36.77055,-8.11226],[-36.77055,-8.10886],[-36.7733,-8.10818],[-36.77673,-8.11362],[-36.77536,-8.11633],[-36.77124,-8.11497],[-36.76987,-8.11973],[-36.75888,-8.12245],[-36.75339,-8.11837],[-36.74446,-8.11633],[-36.73691,-8.10886],[-36.73279,-8.11294],[-36.73141,-8.10546],[-36.72729,-8.1041],[-36.72386,-8.1109],[-36.71356,-8.11226],[-36.70738,-8.11633],[-36.73965,-8.12449],[-36.74995,-8.13061],[-36.76575,-8.13129],[-36.76918,-8.13945],[-36.77605,-8.13945],[-36.77811,-8.14148],[-36.78154,-8.14013],[-36.78429,-8.14216],[-36.79115,-8.14013],[-36.79321,-8.14624],[-36.81313,-8.15032],[-36.82205,-8.15712],[-36.82205,-8.16731],[-36.8248,-8.17275],[-36.83647,-8.18227],[-36.84265,-8.18363],[-36.84952,-8.19178],[-36.85501,-8.19246],[-36.85913,-8.19586],[-36.86256,-8.19518],[-36.84814,-8.18498],[-36.84883,-8.17955],[-36.85364,-8.17819],[-36.85158,-8.17207],[-36.85638,-8.17003],[-36.8502,-8.16256],[-36.8502,-8.15644],[-36.85638,-8.15508],[-36.85707,-8.151],[-36.85707,-8.14828],[-36.85364,-8.1476],[-36.85158,-8.1442],[-36.85364,-8.14013],[-36.85158,-8.13469],[-36.85707,-8.13605],[-36.86119,-8.14216],[-36.86806,-8.14488],[-36.87424,-8.1544],[-36.8866,-8.15848],[-36.89552,-8.15848],[-36.89964,-8.16324],[-36.9072,-8.16324],[-36.912,-8.16595],[-36.91406,-8.17411],[-36.90926,-8.17887],[-36.90651,-8.1877],[-36.90033,-8.18634],[-36.90239,-8.19382],[-36.89896,-8.19858],[-36.90582,-8.19926],[-36.91132,-8.20945],[-36.91681,-8.21013],[-36.91887,-8.21421],[-36.92711,-8.21285],[-36.93123,-8.21693],[-36.93054,-8.21965],[-36.9381,-8.22372],[-36.94221,-8.22984],[-36.9532,-8.2346],[-36.95526,-8.24479],[-36.95045,-8.24819],[-36.95251,-8.2543],[-36.96075,-8.25498],[-36.96625,-8.25838],[-36.96007,-8.24819],[-36.96556,-8.24003],[-36.97586,-8.23935],[-36.97929,-8.24207],[-36.97586,-8.24955],[-36.98273,-8.24751],[-36.99852,-8.24955],[-37.00607,-8.25566],[-37.02942,-8.2611],[-37.02118,-8.25226],[-37.02187,-8.25023],[-37.02805,-8.24955],[-37.02255,-8.24139],[-37.02942,-8.2346],[-37.03285,-8.23799],[-37.03423,-8.24887],[-37.03972,-8.24207],[-37.04659,-8.24751],[-37.05482,-8.24547],[-37.05894,-8.24887],[-37.06787,-8.24887],[-37.06375,-8.24003],[-37.05345,-8.23528],[-37.05757,-8.21693],[-37.06238,-8.21897],[-37.06787,-8.21761],[-37.07542,-8.22576],[-37.0809,-8.2219],[-37.0899,-8.2312],[-37.1004,-8.2337],[-37.1104,-8.2255],[-37.1229,-8.2091],[-37.1261,-8.1915],[-37.1189,-8.184],[-37.118,-8.17615],[-37.10838,-8.17275],[-37.10838,-8.16731],[-37.11456,-8.16527],[-37.11731,-8.16867],[-37.12624,-8.16799],[-37.1283,-8.17071],[-37.14478,-8.17411],[-37.14752,-8.16799],[-37.16086,-8.16799],[-37.1634,-8.1587],[-37.151,-8.15],[-37.1586,-8.1389],[-37.1532,-8.1275],[-37.1348,-8.1231],[-37.1442,-8.125],[-37.1426,-8.1179],[-37.1469,-8.1092],[-37.1478,-8.1001],[-37.14272,-8.0871],[-37.15619,-8.06535],[-37.15439,-8.06331],[-37.15645,-8.06263],[-37.1568,-8.0645],[-37.1581,-8.0512],[-37.15065,-8.03883],[-37.14615,-8.03747],[-37.1434,-8.03271],[-37.13791,-8.03203],[-37.14546,-8.02456],[-37.14752,-8.0164],[-37.14958,-8.01572],[-37.15041,-8.01844],[-37.1518,-8.0094],[-37.1604,-7.9972],[-37.1753,-7.9969],[-37.17911,-7.9945],[-37.18185,-7.98648],[-37.18529,-7.9891],[-37.1883,-7.983],[-37.1934,-7.9829],[-37.1927,-7.9606],[-37.2079,-7.9519],[-37.2173,-7.9564],[-37.2215,-7.9635],[-37.2196,-7.9728],[-37.23885,-7.9728],[-37.24091,-7.96744],[-37.24915,-7.96404],[-37.25327,-7.96676],[-37.26494,-7.9654],[-37.27524,-7.97084],[-37.28348,-7.96917],[-37.2876,-7.96472],[-37.2718,-7.96268],[-37.26494,-7.95996],[-37.26357,-7.95724],[-37.28142,-7.94976],[-37.27867,-7.94432],[-37.29172,-7.9416],[-37.28142,-7.94092],[-37.27524,-7.93752],[-37.26219,-7.93752],[-37.25739,-7.93548],[-37.25739,-7.9314],[-37.25395,-7.93072],[-37.25601,-7.92663],[-37.26974,-7.92663],[-37.2773,-7.9314],[-37.28348,-7.92459],[-37.28004,-7.92051],[-37.26837,-7.91507],[-37.2718,-7.91303],[-37.26906,-7.90555],[-37.27524,-7.90283],[-37.2718,-7.90011],[-37.267,-7.90011],[-37.26494,-7.89263],[-37.25945,-7.89331],[-37.25601,-7.88787],[-37.24709,-7.88243],[-37.24297,-7.88447],[-37.2361,-7.88039],[-37.22786,-7.87971],[-37.22717,-7.88447],[-37.22511,-7.88515],[-37.21825,-7.87903],[-37.22168,-7.8729],[-37.2155,-7.86474],[-37.21619,-7.85726],[-37.22237,-7.8525],[-37.22786,-7.85522],[-37.23267,-7.8491],[-37.23061,-7.8457],[-37.22099,-7.84502],[-37.21481,-7.84093],[-37.21893,-7.83141],[-37.22374,-7.82869],[-37.22168,-7.82529],[-37.21619,-7.82325],[-37.2155,-7.81917],[-37.20863,-7.81985],[-37.20451,-7.81645],[-37.2052,-7.81236],[-37.21825,-7.80964],[-37.20039,-7.80148],[-37.1915,-7.7912],[-37.183,-7.7907],[-37.1707,-7.8002],[-37.1585,-7.7923],[-37.152,-7.7798],[-37.157,-7.773],[-37.1537,-7.7664],[-37.1489,-7.7661],[-37.14928,-7.75998],[-37.1389,-7.7455],[-37.1506,-7.729],[-37.1502,-7.7169],[-37.1545,-7.7064],[-37.1741,-7.6843],[-37.1768,-7.6728],[-37.1878,-7.6576],[-37.1951,-7.6521],[-37.1979,-7.6353],[-37.1928,-7.6238],[-37.1832,-7.613],[-37.179,-7.5971],[-37.1636,-7.5747],[-37.1371,-7.5552],[-37.1288,-7.5427],[-37.1183,-7.5344],[-37.1061,-7.5311],[-37.0946,-7.5222],[-37.0793,-7.5166],[-37.0699,-7.5174],[-37.0633,-7.5142],[-37.0538,-7.5046],[-37.0432,-7.5039],[-37.0106,-7.4896],[-37.00528,-7.49456],[-37.00745,-7.49932],[-37.0047,-7.50205],[-37.00745,-7.50477],[-37.00195,-7.50749],[-36.99715,-7.50613],[-36.99715,-7.50137],[-36.99165,-7.4966],[-36.98959,-7.49728],[-36.99028,-7.50137],[-36.98616,-7.50341],[-36.97929,-7.49864],[-36.97243,-7.49796],[-36.96487,-7.49183],[-36.96419,-7.49796],[-36.96144,-7.49932],[-36.95114,-7.49728],[-36.95183,-7.50273],[-36.94565,-7.50341],[-36.94427,-7.50613],[-36.95251,-7.50885],[-36.96007,-7.51634],[-36.96693,-7.5177],[-36.96899,-7.52179],[-36.96693,-7.52587],[-36.96968,-7.532],[-36.95938,-7.52928],[-36.95251,-7.52315],[-36.94908,-7.51634],[-36.93741,-7.51158],[-36.93535,-7.50341],[-36.93192,-7.50137],[-36.93123,-7.49796],[-36.92505,-7.49932],[-36.92574,-7.50613],[-36.91887,-7.50409],[-36.9175,-7.4966],[-36.92093,-7.4966],[-36.92162,-7.49456],[-36.91612,-7.48707],[-36.912,-7.48571],[-36.90926,-7.47754],[-36.912,-7.47618],[-36.91612,-7.47958],[-36.91681,-7.47686],[-36.92848,-7.47754],[-36.9326,-7.47345],[-36.94702,-7.47277],[-36.94977,-7.47822],[-36.95251,-7.4755],[-36.95938,-7.47686],[-36.96487,-7.47481],[-36.97655,-7.48162],[-36.98204,-7.47822],[-36.98204,-7.47277],[-36.98547,-7.46869],[-36.99097,-7.47395],[-36.9955,-7.4726],[-36.9941,-7.4647],[-37.0033,-7.4549],[-37.0107,-7.4536],[-37.0132,-7.445],[-37.01684,-7.44282],[-37.01431,-7.44009],[-37.01706,-7.43941],[-37.01706,-7.44268],[-37.0212,-7.4402],[-37.0236,-7.4339],[-37.01775,-7.43396],[-37.0145,-7.4304],[-37.0176,-7.4246],[-37.026,-7.4225],[-37.0237,-7.4158],[-37.0137,-7.4038],[-37.01637,-7.39651],[-37.01294,-7.39243],[-37.01569,-7.38971],[-37.02267,-7.39039],[-37.0256,-7.386],[-37.05,-7.3776],[-37.0674,-7.3834],[-37.0718,-7.37132],[-37.07062,-7.36655],[-37.0665,-7.36723],[-37.06306,-7.37132],[-37.05894,-7.36587],[-37.0665,-7.35906],[-37.06993,-7.35974],[-37.07474,-7.35429],[-37.07886,-7.3468],[-37.07954,-7.33795],[-37.08366,-7.34067],[-37.08298,-7.34885],[-37.08916,-7.34817],[-37.08984,-7.35429],[-37.09602,-7.34953],[-37.09465,-7.3434],[-37.09053,-7.34272],[-37.09053,-7.33591],[-37.09534,-7.3325],[-37.09465,-7.32433],[-37.1022,-7.31684],[-37.11388,-7.31752],[-37.10152,-7.32569],[-37.10152,-7.32978],[-37.09877,-7.3325],[-37.09877,-7.33455],[-37.10289,-7.33591],[-37.10289,-7.34067],[-37.10701,-7.34476],[-37.10564,-7.34953],[-37.11182,-7.34885],[-37.11182,-7.35218],[-37.1216,-7.3509],[-37.12414,-7.34817],[-37.12074,-7.34817],[-37.12212,-7.33999],[-37.12555,-7.33999],[-37.12761,-7.3434],[-37.1353,-7.3467],[-37.14304,-7.33727],[-37.1386,-7.33523],[-37.13997,-7.33182],[-37.15096,-7.33114],[-37.15439,-7.32774],[-37.15782,-7.3291],[-37.16125,-7.33523],[-37.16675,-7.33276],[-37.16263,-7.32433],[-37.15508,-7.32092],[-37.15851,-7.3182],[-37.15851,-7.31548],[-37.15508,-7.3148],[-37.15645,-7.31071],[-37.16812,-7.30935],[-37.15919,-7.30458],[-37.15851,-7.30186],[-37.16743,-7.29913],[-37.17018,-7.29573],[-37.17705,-7.29573],[-37.17911,-7.30049],[-37.18323,-7.30049],[-37.18323,-7.29504],[-37.18872,-7.29096],[-37.18941,-7.28687],[-37.19696,-7.29096],[-37.20108,-7.28823],[-37.21207,-7.28755],[-37.21001,-7.28347],[-37.20314,-7.28006],[-37.19627,-7.28006],[-37.19421,-7.27734],[-37.19627,-7.27325],[-37.19009,-7.26984],[-37.20451,-7.26848],[-37.20245,-7.26031],[-37.2052,-7.25826],[-37.2052,-7.25486],[-37.20383,-7.24873],[-37.18597,-7.23647],[-37.19215,-7.22897],[-37.18597,-7.22625],[-37.18872,-7.21739],[-37.1949,-7.21194],[-37.20383,-7.20922],[-37.20451,-7.20377],[-37.20932,-7.19832],[-37.22237,-7.20445],[-37.21756,-7.21331],[-37.23747,-7.21058],[-37.24297,-7.20173],[-37.24777,-7.20036],[-37.26562,-7.20513],[-37.267,-7.20854],[-37.26494,-7.21126],[-37.26768,-7.21876],[-37.27524,-7.2208],[-37.28142,-7.23579],[-37.29034,-7.22966],[-37.29927,-7.23374],[-37.30339,-7.23987],[-37.30545,-7.2351],[-37.28622,-7.21058],[-37.28897,-7.20718],[-37.2979,-7.20581],[-37.30408,-7.21126],[-37.30408,-7.20854],[-37.3082,-7.20581],[-37.31712,-7.20718],[-37.32948,-7.20377],[-37.34047,-7.20513],[-37.34734,-7.21126],[-37.35146,-7.21126],[-37.35901,-7.21671],[-37.36519,-7.21535],[-37.37137,-7.22284],[-37.37892,-7.22625],[-37.37823,-7.23034],[-37.38991,-7.23647],[-37.39265,-7.24055],[-37.39952,-7.23851],[-37.39883,-7.23442],[-37.41394,-7.23647],[-37.41943,-7.24328],[-37.41737,-7.24941],[-37.41257,-7.25009],[-37.40776,-7.24532],[-37.39746,-7.24805],[-37.40639,-7.25418],[-37.41188,-7.26576],[-37.42081,-7.27529],[-37.42149,-7.28006],[-37.41875,-7.28415],[-37.42012,-7.2896],[-37.41394,-7.29436],[-37.41257,-7.29845],[-37.39746,-7.30186],[-37.39059,-7.3073],[-37.38373,-7.3073],[-37.38922,-7.31207],[-37.39471,-7.31071],[-37.39746,-7.31343],[-37.40021,-7.31003],[-37.41119,-7.31071],[-37.41325,-7.30798],[-37.42012,-7.30867],[-37.42218,-7.30594],[-37.43248,-7.30798],[-37.44209,-7.30526],[-37.44209,-7.31003],[-37.44827,-7.31003],[-37.44484,-7.31343],[-37.44621,-7.32092],[-37.45857,-7.31752],[-37.45857,-7.32161],[-37.46613,-7.32161],[-37.47231,-7.31888],[-37.46956,-7.31071],[-37.47917,-7.30867],[-37.47917,-7.30526],[-37.47643,-7.30322],[-37.4778,-7.29981],[-37.48672,-7.30526],[-37.49359,-7.30322],[-37.49153,-7.31071],[-37.49565,-7.31139],[-37.50801,-7.31003],[-37.51076,-7.3073],[-37.51144,-7.29845],[-37.51419,-7.29777],[-37.51831,-7.30117],[-37.52312,-7.29981],[-37.52518,-7.29573],[-37.5293,-7.29981],[-37.54234,-7.30526],[-37.54303,-7.30254],[-37.53616,-7.29913],[-37.53342,-7.29368],[-37.53891,-7.28687],[-37.55402,-7.29368],[-37.55608,-7.30117],[-37.56088,-7.3039],[-37.56363,-7.31071],[-37.56775,-7.31071],[-37.56569,-7.31616],[-37.55882,-7.31548],[-37.55951,-7.32024],[-37.56226,-7.32365],[-37.56775,-7.32501],[-37.57256,-7.33318],[-37.57668,-7.33046],[-37.58148,-7.34204],[-37.57462,-7.34272],[-37.57324,-7.34748],[-37.56638,-7.35157],[-37.56706,-7.35838],[-37.5547,-7.37541],[-37.54097,-7.37677],[-37.53616,-7.38085],[-37.54028,-7.38494],[-37.52998,-7.39447],[-37.53067,-7.39924],[-37.53548,-7.39311],[-37.5499,-7.38834],[-37.55058,-7.3829],[-37.55882,-7.38221],[-37.55951,-7.37472],[-37.57324,-7.37336],[-37.58286,-7.38085],[-37.58492,-7.38834],[-37.58766,-7.38902],[-37.59109,-7.38426],[-37.59796,-7.38562],[-37.59865,-7.3972],[-37.59247,-7.40605],[-37.60414,-7.40673],[-37.60895,-7.4006],[-37.61101,-7.39039],[-37.61101,-7.38494],[-37.60757,-7.38153],[-37.61032,-7.37609],[-37.60963,-7.37064],[-37.60483,-7.36928],[-37.60895,-7.36519],[-37.61101,-7.36791],[-37.61856,-7.36519],[-37.61581,-7.37268],[-37.61925,-7.37609],[-37.62955,-7.37336],[-37.62749,-7.3863],[-37.62886,-7.38971],[-37.63504,-7.38494],[-37.63573,-7.37609],[-37.64053,-7.37541],[-37.64259,-7.372],[-37.64122,-7.36791],[-37.64603,-7.36723],[-37.64877,-7.37268],[-37.6474,-7.37813],[-37.64946,-7.37949],[-37.6577,-7.37881],[-37.66182,-7.37472],[-37.65976,-7.37813],[-37.66182,-7.38358],[-37.65495,-7.38834],[-37.65564,-7.39379],[-37.66319,-7.39311],[-37.66663,-7.38766],[-37.67006,-7.39107],[-37.67555,-7.39175],[-37.67349,-7.39651],[-37.66594,-7.39379],[-37.66319,-7.3972],[-37.66388,-7.40264],[-37.65907,-7.404],[-37.65976,-7.40877],[-37.65495,-7.41218],[-37.65495,-7.41558],[-37.66182,-7.41218],[-37.66251,-7.41626],[-37.66525,-7.41762],[-37.66457,-7.42035],[-37.65907,-7.42307],[-37.65701,-7.43192],[-37.65221,-7.43192],[-37.64877,-7.43805],[-37.64465,-7.43805],[-37.64191,-7.43328],[-37.63504,-7.4326],[-37.62817,-7.43601],[-37.63023,-7.43941],[-37.62817,-7.44282],[-37.61444,-7.43873],[-37.61925,-7.4435],[-37.62543,-7.44486],[-37.62611,-7.44894],[-37.63161,-7.44894],[-37.62474,-7.45848],[-37.62543,-7.46528],[-37.6165,-7.46596],[-37.61581,-7.46052],[-37.60002,-7.46052],[-37.59659,-7.46528],[-37.57187,-7.46188],[-37.56706,-7.46324],[-37.57118,-7.46665],[-37.57874,-7.46801],[-37.58286,-7.47618],[-37.59109,-7.46937],[-37.59384,-7.47481],[-37.60208,-7.47481],[-37.60826,-7.47754],[-37.61032,-7.48707],[-37.61581,-7.48367],[-37.6165,-7.48639],[-37.62337,-7.48775],[-37.62543,-7.47618],[-37.63092,-7.4789],[-37.63367,-7.47481],[-37.63985,-7.47413],[-37.64397,-7.46528],[-37.65221,-7.4612],[-37.65289,-7.45303],[-37.66182,-7.45575],[-37.66869,-7.45235],[-37.67212,-7.46052],[-37.68311,-7.45371],[-37.69203,-7.45711],[-37.69272,-7.46801],[-37.69547,-7.47141],[-37.69547,-7.47618],[-37.69821,-7.47686],[-37.69958,-7.46869],[-37.70576,-7.4646],[-37.70645,-7.45507],[-37.71057,-7.45031],[-37.71263,-7.45235],[-37.71126,-7.45916],[-37.71606,-7.46528],[-37.71469,-7.47277],[-37.7243,-7.47005],[-37.72636,-7.47413],[-37.72224,-7.47481],[-37.72293,-7.47958],[-37.73392,-7.48026],[-37.73598,-7.47618],[-37.73872,-7.47618],[-37.73872,-7.48775],[-37.73598,-7.48911],[-37.72705,-7.48503],[-37.72842,-7.49932],[-37.70233,-7.50749],[-37.69958,-7.5143],[-37.7037,-7.51702],[-37.70439,-7.52043],[-37.70645,-7.52043],[-37.70851,-7.51566],[-37.714,-7.51498],[-37.71332,-7.52111],[-37.71538,-7.52383],[-37.71057,-7.52723],[-37.71744,-7.53336],[-37.72018,-7.53132],[-37.7298,-7.53132],[-37.72362,-7.52383],[-37.73117,-7.51975],[-37.73117,-7.5143],[-37.73872,-7.51498],[-37.74834,-7.5109],[-37.75726,-7.51362],[-37.76344,-7.50885],[-37.771,-7.5177],[-37.7758,-7.5177],[-37.77924,-7.52383],[-37.77374,-7.52928],[-37.77786,-7.532],[-37.77786,-7.53608],[-37.76962,-7.53404],[-37.76894,-7.53608],[-37.77374,-7.54085],[-37.76619,-7.53881],[-37.76482,-7.54153],[-37.75932,-7.54221],[-37.76619,-7.54561],[-37.76482,-7.55174],[-37.7607,-7.55514],[-37.76413,-7.55514],[-37.76756,-7.55174],[-37.77786,-7.55174],[-37.78542,-7.56535],[-37.79228,-7.56671],[-37.79434,-7.57284],[-37.81288,-7.57761],[-37.81151,-7.58509],[-37.81906,-7.59258],[-37.82661,-7.59598],[-37.82936,-7.60007],[-37.82867,-7.60483],[-37.83142,-7.60687],[-37.83005,-7.61096],[-37.83485,-7.61572],[-37.83966,-7.61164],[-37.84447,-7.613],[-37.84584,-7.60551],[-37.84241,-7.60483],[-37.84172,-7.59939],[-37.84584,-7.59462],[-37.84653,-7.58781],[-37.85751,-7.58918],[-37.86301,-7.59122],[-37.86301,-7.59462],[-37.85683,-7.60347],[-37.86507,-7.60279],[-37.8685,-7.60891],[-37.86438,-7.61504],[-37.86919,-7.61368],[-37.87125,-7.6164],[-37.88017,-7.61708],[-37.88292,-7.613],[-37.88567,-7.613],[-37.89185,-7.61708],[-37.89253,-7.62116],[-37.89665,-7.61776],[-37.89665,-7.60959],[-37.90283,-7.613],[-37.90283,-7.60823],[-37.90627,-7.60755],[-37.90764,-7.61504],[-37.91519,-7.6198],[-37.91725,-7.62661],[-37.92274,-7.63273],[-37.92618,-7.62933],[-37.93304,-7.63818],[-37.93785,-7.63818],[-37.93922,-7.64022],[-37.94197,-7.63886],[-37.94746,-7.64226],[-37.9509,-7.63954],[-37.94609,-7.63001],[-37.94952,-7.63001],[-37.95502,-7.63614],[-37.95914,-7.63682],[-37.9557,-7.62593],[-37.96394,-7.62321],[-37.96463,-7.6198],[-37.95982,-7.613],[-37.9557,-7.61436],[-37.95227,-7.60211],[-37.9454,-7.59462],[-37.9454,-7.58781],[-37.94128,-7.58237],[-37.95296,-7.58509],[-37.95776,-7.59462],[-37.96257,-7.59462],[-37.96326,-7.59122],[-37.95364,-7.58441],[-37.94334,-7.57148],[-37.94952,-7.57012],[-37.95433,-7.57829],[-37.96463,-7.57829],[-37.966,-7.58305],[-37.97424,-7.58441],[-37.97768,-7.58781],[-37.9866,-7.5885],[-37.9866,-7.58305],[-37.99484,-7.58509],[-37.99278,-7.58986],[-37.99553,-7.59394],[-37.99004,-7.59802],[-37.99141,-7.60483],[-37.97768,-7.60143],[-37.97218,-7.59734],[-37.96875,-7.5987],[-37.97699,-7.60823],[-37.98729,-7.61368],[-37.98798,-7.61776],[-37.98042,-7.61912],[-37.98866,-7.62253],[-37.98866,-7.62729],[-37.9921,-7.62661],[-37.9969,-7.63069],[-37.99896,-7.62865],[-37.99828,-7.62116],[-38.00652,-7.62457],[-38.00514,-7.64226],[-37.99828,-7.64294],[-37.99896,-7.64771],[-37.99553,-7.65043],[-37.99759,-7.65451],[-37.99622,-7.65928],[-37.99965,-7.66404],[-37.9969,-7.66608],[-37.99004,-7.66336],[-37.97699,-7.66472],[-37.97493,-7.66132],[-37.97836,-7.65451],[-37.98248,-7.65247],[-37.97768,-7.65043],[-37.97562,-7.64566],[-37.97287,-7.65043],[-37.96875,-7.64839],[-37.966,-7.65315],[-37.96669,-7.65791],[-37.96051,-7.65723],[-37.95776,-7.65043],[-37.9557,-7.65043],[-37.95158,-7.65383],[-37.95639,-7.66064],[-37.95021,-7.66064],[-37.95433,-7.67152],[-37.94678,-7.67152],[-37.94403,-7.67833],[-37.93991,-7.68173],[-37.95158,-7.68105],[-37.96326,-7.66744],[-37.97012,-7.6688],[-37.98317,-7.67697],[-37.9866,-7.68445],[-37.98317,-7.69262],[-37.98866,-7.69738],[-37.98935,-7.70147],[-37.9866,-7.70487],[-37.98729,-7.70963],[-37.98317,-7.71303],[-37.97768,-7.70963],[-37.97012,-7.71371],[-37.96326,-7.70623],[-37.9509,-7.70555],[-37.9454,-7.7001],[-37.94266,-7.70078],[-37.94472,-7.70555],[-37.94815,-7.70623],[-37.94678,-7.71099],[-37.95914,-7.71303],[-37.96394,-7.7178],[-37.96051,-7.71916],[-37.9612,-7.72324],[-37.95708,-7.7246],[-37.95227,-7.7314],[-37.96051,-7.73277],[-37.96532,-7.72664],[-37.96806,-7.72664],[-37.96463,-7.73549],[-37.97356,-7.74773],[-37.97493,-7.74229],[-37.97218,-7.73753],[-37.97836,-7.73208],[-37.98111,-7.75046],[-37.9866,-7.75386],[-37.98386,-7.75794],[-37.98523,-7.76202],[-37.99828,-7.75862],[-37.99896,-7.74909],[-38.00583,-7.74705],[-38.00446,-7.73549],[-38.00926,-7.73345],[-38.01064,-7.74977],[-38.00652,-7.75114],[-37.99896,-7.7593],[-37.99759,-7.76678],[-38.00514,-7.77223],[-38.0081,-7.7669],[-38.0125,-7.7658],[-38.02179,-7.75726],[-38.01613,-7.75726],[-38.01888,-7.74637],[-38.02437,-7.74569],[-38.02845,-7.75114],[-38.03192,-7.74945],[-38.03055,-7.74501],[-38.03604,-7.74297],[-38.03467,-7.73821],[-38.03741,-7.73889],[-38.04291,-7.73345],[-38.05046,-7.73413],[-38.04909,-7.72664],[-38.0587,-7.7246],[-38.06625,-7.72732],[-38.06282,-7.72324],[-38.05046,-7.71984],[-38.05595,-7.70963],[-38.04977,-7.71031],[-38.04703,-7.70827],[-38.04291,-7.70419],[-38.04359,-7.69806],[-38.02711,-7.68173],[-38.0278,-7.67901],[-38.03123,-7.67901],[-38.03741,-7.68309],[-38.03535,-7.67561],[-38.03741,-7.67289],[-38.04291,-7.67289],[-38.05046,-7.68173],[-38.0587,-7.67969],[-38.05801,-7.66404],[-38.05183,-7.66132],[-38.04909,-7.64226],[-38.04497,-7.63478],[-38.04497,-7.63205],[-38.04909,-7.62865],[-38.05527,-7.63069],[-38.06282,-7.6409],[-38.05939,-7.66744],[-38.06213,-7.67084],[-38.06694,-7.66948],[-38.07381,-7.67697],[-38.07449,-7.68241],[-38.08205,-7.68581],[-38.08067,-7.69466],[-38.09303,-7.68377],[-38.08548,-7.67969],[-38.08617,-7.67697],[-38.09029,-7.67561],[-38.0896,-7.67289],[-38.08205,-7.67221],[-38.08273,-7.66812],[-38.07724,-7.66608],[-38.07999,-7.66404],[-38.08548,-7.6654],[-38.08617,-7.66336],[-38.07587,-7.65315],[-38.07793,-7.64635],[-38.07312,-7.64498],[-38.07243,-7.63205],[-38.08136,-7.63886],[-38.08754,-7.6375],[-38.08754,-7.6341],[-38.0896,-7.6341],[-38.09441,-7.63682],[-38.09647,-7.64362],[-38.10951,-7.64771],[-38.11707,-7.64703],[-38.12187,-7.64226],[-38.1205,-7.64703],[-38.12325,-7.65179],[-38.12874,-7.65111],[-38.13217,-7.64635],[-38.12668,-7.63614],[-38.12737,-7.63273],[-38.13148,-7.63341],[-38.13972,-7.64022],[-38.15002,-7.64158],[-38.15208,-7.63818],[-38.15689,-7.65383],[-38.16444,-7.66676],[-38.14796,-7.65859],[-38.1459,-7.65859],[-38.14659,-7.662],[-38.15414,-7.66676],[-38.15483,-7.67289],[-38.1617,-7.68581],[-38.16856,-7.68786],[-38.17131,-7.69126],[-38.17131,-7.69466],[-38.16856,-7.69602],[-38.16994,-7.70487],[-38.17337,-7.70623],[-38.17474,-7.70078],[-38.1768,-7.70078],[-38.17818,-7.70759],[-38.17818,-7.71167],[-38.17474,-7.71507],[-38.16582,-7.71235],[-38.16376,-7.71371],[-38.16719,-7.7178],[-38.16513,-7.71916],[-38.16513,-7.72392],[-38.16032,-7.72256],[-38.16376,-7.728],[-38.16032,-7.73549],[-38.16582,-7.73413],[-38.16513,-7.72664],[-38.16856,-7.72256],[-38.17749,-7.7246],[-38.17955,-7.71712],[-38.18298,-7.71575],[-38.19534,-7.74433],[-38.19809,-7.74569],[-38.19809,-7.73889],[-38.20221,-7.73685],[-38.20427,-7.73957],[-38.20358,-7.74433],[-38.20633,-7.74705],[-38.21045,-7.74569],[-38.21388,-7.75794],[-38.21663,-7.74909],[-38.2077,-7.74229],[-38.21251,-7.73481],[-38.20633,-7.72936],[-38.20839,-7.72256],[-38.20221,-7.72324],[-38.20496,-7.71712],[-38.19672,-7.71575],[-38.19534,-7.71235],[-38.20152,-7.71167],[-38.20152,-7.70759],[-38.1926,-7.70487],[-38.19328,-7.70147],[-38.19946,-7.69874],[-38.1974,-7.69262],[-38.2029,-7.6865],[-38.19672,-7.68445],[-38.18504,-7.67152],[-38.18504,-7.6654],[-38.1974,-7.66812],[-38.20496,-7.67561],[-38.20908,-7.67357],[-38.21045,-7.67833],[-38.21869,-7.68445],[-38.21938,-7.69398],[-38.22281,-7.69738],[-38.22556,-7.69534],[-38.22281,-7.68786],[-38.22899,-7.68718],[-38.23242,-7.68922],[-38.23311,-7.69194],[-38.2283,-7.69262],[-38.23174,-7.69602],[-38.23448,-7.70487],[-38.22693,-7.70691],[-38.22624,-7.70895],[-38.23242,-7.70895],[-38.23586,-7.71303],[-38.24066,-7.71167],[-38.24341,-7.71507],[-38.24409,-7.72188],[-38.24821,-7.72256],[-38.25233,-7.72732],[-38.25233,-7.72936],[-38.24753,-7.72936],[-38.24409,-7.73345],[-38.23586,-7.73345],[-38.2338,-7.73549],[-38.23311,-7.73889],[-38.23792,-7.73957],[-38.2386,-7.74773],[-38.22968,-7.74637],[-38.23448,-7.75182],[-38.2338,-7.75454],[-38.22899,-7.7559],[-38.23311,-7.75998],[-38.23654,-7.77223],[-38.24135,-7.77563],[-38.24753,-7.77223],[-38.24684,-7.77835],[-38.23723,-7.77835],[-38.23517,-7.78583],[-38.23929,-7.78651],[-38.24272,-7.79128],[-38.24821,-7.80896],[-38.24409,-7.81032],[-38.24066,-7.8076],[-38.23517,-7.80828],[-38.23517,-7.81032],[-38.23723,-7.81304],[-38.24615,-7.81304],[-38.24753,-7.81781],[-38.25096,-7.81849],[-38.25783,-7.81441],[-38.25851,-7.80964],[-38.26126,-7.80964],[-38.25989,-7.81713],[-38.26263,-7.81849],[-38.26881,-7.81645],[-38.27431,-7.81781],[-38.27568,-7.81509],[-38.28186,-7.81441],[-38.27637,-7.80624],[-38.28461,-7.8042],[-38.28461,-7.79808],[-38.28667,-7.79876],[-38.28735,-7.80692],[-38.29147,-7.80692],[-38.29491,-7.80284],[-38.29834,-7.80578],[-38.299,-7.7974],[-38.3025,-7.7915],[-38.2957,-7.7752],[-38.30216,-7.76406],[-38.29971,-7.75998],[-38.29422,-7.75998],[-38.29079,-7.75386],[-38.29422,-7.75318],[-38.30864,-7.76134],[-38.30658,-7.75454],[-38.29834,-7.74773],[-38.2901,-7.73277],[-38.29353,-7.73208],[-38.29971,-7.73821],[-38.30383,-7.73821],[-38.30383,-7.73481],[-38.29628,-7.72868],[-38.29491,-7.72324],[-38.28804,-7.71848],[-38.28598,-7.71507],[-38.28804,-7.70963],[-38.27843,-7.70759],[-38.27911,-7.69942],[-38.28873,-7.70555],[-38.30658,-7.7314],[-38.31276,-7.73516],[-38.3159,-7.7285],[-38.312,-7.7163],[-38.3267,-7.6937],[-38.3447,-7.695],[-38.355,-7.6784],[-38.3701,-7.6926],[-38.3702,-7.6969],[-38.3823,-7.7075],[-38.4017,-7.7132],[-38.40128,-7.71644],[-38.4082,-7.72188],[-38.4095,-7.7305],[-38.4276,-7.73],[-38.43361,-7.71848],[-38.43636,-7.72002],[-38.4571,-7.7181],[-38.4481,-7.6982],[-38.4597,-7.72206],[-38.46176,-7.72256],[-38.464,-7.7309],[-38.47206,-7.73324],[-38.47549,-7.72868],[-38.48099,-7.72732],[-38.48648,-7.72188],[-38.48511,-7.71439],[-38.49197,-7.71575],[-38.50365,-7.72392],[-38.50433,-7.728],[-38.49541,-7.72936],[-38.49815,-7.73277],[-38.4966,-7.75],[-38.5005,-7.7515],[-38.5166,-7.7493],[-38.525,-7.7546],[-38.5385,-7.7533],[-38.5431,-7.749],[-38.5578,-7.7566],[-38.5639,-7.7567],[-38.581,-7.7476],[-38.58604,-7.75357],[-38.58673,-7.74501],[-38.59634,-7.74569],[-38.5977,-7.742],[-38.6076,-7.7395],[-38.6078,-7.727],[-38.6141,-7.7157],[-38.6262,-7.7064],[-38.6259,-7.6956],[-38.642,-7.6861],[-38.6421,-7.6776],[-38.6514,-7.6771],[-38.6507,-7.6686],[-38.6636,-7.6575],[-38.6699,-7.6605],[-38.66982,-7.65179],[-38.67325,-7.65247],[-38.67668,-7.64771],[-38.67943,-7.64801],[-38.68973,-7.62593],[-38.69934,-7.62457],[-38.7014,-7.62635],[-38.71513,-7.61708],[-38.7156,-7.6121],[-38.7101,-7.5974],[-38.7112,-7.5875],[-38.7037,-7.581],[-38.69728,-7.58373],[-38.68835,-7.58305],[-38.6772,-7.5706],[-38.6612,-7.5683],[-38.6591,-7.5606],[-38.653,-7.5526],[-38.65467,-7.55038],[-38.65402,-7.55038],[-38.64853,-7.55787],[-38.64304,-7.55787],[-38.64372,-7.5674],[-38.63617,-7.56535],[-38.6348,-7.57012],[-38.63136,-7.57012],[-38.63205,-7.56535],[-38.6293,-7.56263],[-38.62656,-7.56331],[-38.62862,-7.56876],[-38.62587,-7.57012],[-38.61488,-7.56671],[-38.61694,-7.57148],[-38.62518,-7.5742],[-38.61969,-7.57965],[-38.61076,-7.57761],[-38.6087,-7.58373],[-38.61351,-7.58577],[-38.6142,-7.5885],[-38.60802,-7.58645],[-38.60252,-7.58781],[-38.60802,-7.5953],[-38.59909,-7.59734],[-38.60184,-7.60347],[-38.60046,-7.60891],[-38.60802,-7.61164],[-38.62656,-7.60347],[-38.62587,-7.60687],[-38.62106,-7.61028],[-38.62175,-7.61368],[-38.62656,-7.61504],[-38.63205,-7.61096],[-38.64853,-7.613],[-38.66501,-7.60959],[-38.66707,-7.61096],[-38.66501,-7.61368],[-38.65746,-7.61436],[-38.65334,-7.62048],[-38.64029,-7.62253],[-38.63754,-7.62525],[-38.6293,-7.62457],[-38.62793,-7.63341],[-38.6348,-7.63546],[-38.63754,-7.63205],[-38.64235,-7.63137],[-38.6396,-7.63546],[-38.64304,-7.6443],[-38.64235,-7.64907],[-38.64098,-7.64362],[-38.63686,-7.63954],[-38.63068,-7.64362],[-38.619,-7.64226],[-38.61832,-7.64635],[-38.6245,-7.65451],[-38.61626,-7.65315],[-38.6142,-7.66132],[-38.61214,-7.65587],[-38.60802,-7.65587],[-38.60733,-7.66608],[-38.60046,-7.66676],[-38.60046,-7.66064],[-38.5936,-7.65996],[-38.59428,-7.65247],[-38.58948,-7.65519],[-38.58261,-7.65179],[-38.5778,-7.65383],[-38.56201,-7.64771],[-38.55927,-7.65179],[-38.55446,-7.65111],[-38.55103,-7.65655],[-38.54347,-7.65859],[-38.55583,-7.67016],[-38.55377,-7.67357],[-38.54759,-7.67221],[-38.54553,-7.67493],[-38.54279,-7.67152],[-38.5318,-7.67016],[-38.52631,-7.66472],[-38.52013,-7.66744],[-38.51257,-7.65723],[-38.50296,-7.65519],[-38.49747,-7.65111],[-38.49541,-7.65315],[-38.49747,-7.65791],[-38.49335,-7.65791],[-38.48785,-7.65383],[-38.48511,-7.65519],[-38.48785,-7.65996],[-38.47755,-7.66268],[-38.47755,-7.67016],[-38.48579,-7.67493],[-38.48785,-7.68173],[-38.48373,-7.68241],[-38.47961,-7.67901],[-38.47343,-7.68513],[-38.47137,-7.68309],[-38.47275,-7.67901],[-38.47069,-7.67357],[-38.46657,-7.67084],[-38.45421,-7.67152],[-38.45421,-7.6688],[-38.46176,-7.66336],[-38.4597,-7.65859],[-38.45215,-7.65928],[-38.45009,-7.66404],[-38.44666,-7.65587],[-38.43498,-7.65655],[-38.44116,-7.66064],[-38.43636,-7.66268],[-38.43636,-7.66472],[-38.44116,-7.6654],[-38.43773,-7.67084],[-38.43224,-7.66948],[-38.4288,-7.66336],[-38.42537,-7.66268],[-38.4288,-7.65791],[-38.42468,-7.65451],[-38.41438,-7.65587],[-38.40477,-7.65383],[-38.4034,-7.65723],[-38.39722,-7.65791],[-38.3979,-7.65315],[-38.39584,-7.65043],[-38.3876,-7.65043],[-38.38211,-7.64703],[-38.38623,-7.65587],[-38.38005,-7.65723],[-38.37868,-7.66608],[-38.37662,-7.66676],[-38.37387,-7.66472],[-38.37318,-7.65996],[-38.37318,-7.64975],[-38.37662,-7.64635],[-38.37318,-7.64226],[-38.37044,-7.64226],[-38.36906,-7.64635],[-38.36288,-7.64635],[-38.367,-7.64226],[-38.36632,-7.63954],[-38.35258,-7.6375],[-38.34366,-7.64566],[-38.34229,-7.64294],[-38.34572,-7.6409],[-38.34435,-7.63546],[-38.33542,-7.63682],[-38.33199,-7.63954],[-38.32924,-7.63818],[-38.32993,-7.63137],[-38.32306,-7.63069],[-38.31688,-7.63886],[-38.32443,-7.6409],[-38.31551,-7.64498],[-38.31482,-7.64907],[-38.31894,-7.65043],[-38.31894,-7.65315],[-38.31551,-7.65315],[-38.3004,-7.64771],[-38.29147,-7.64158],[-38.29079,-7.63954],[-38.29491,-7.6375],[-38.29491,-7.63273],[-38.28941,-7.63069],[-38.28392,-7.63273],[-38.28667,-7.63954],[-38.27431,-7.63614],[-38.27156,-7.63614],[-38.27156,-7.63886],[-38.28598,-7.64771],[-38.2901,-7.64771],[-38.29971,-7.65655],[-38.3004,-7.65859],[-38.29353,-7.65859],[-38.29216,-7.662],[-38.30864,-7.67357],[-38.30589,-7.68309],[-38.29903,-7.68309],[-38.30177,-7.69942],[-38.29834,-7.69874],[-38.29697,-7.70283],[-38.29971,-7.70691],[-38.29422,-7.70487],[-38.27843,-7.6899],[-38.27019,-7.68786],[-38.26607,-7.68173],[-38.25851,-7.67697],[-38.25645,-7.67221],[-38.26195,-7.67221],[-38.26126,-7.6654],[-38.24341,-7.64975],[-38.23654,-7.64907],[-38.23105,-7.64498],[-38.22624,-7.64566],[-38.2235,-7.64022],[-38.218,-7.6375],[-38.21114,-7.6375],[-38.20908,-7.63069],[-38.19672,-7.62525],[-38.18985,-7.6164],[-38.1823,-7.613],[-38.18092,-7.60823],[-38.16032,-7.60823],[-38.15277,-7.60415],[-38.14453,-7.60415],[-38.14316,-7.59939],[-38.13354,-7.5953],[-38.13148,-7.59054],[-38.12599,-7.5885],[-38.12874,-7.59462],[-38.12119,-7.5919],[-38.12119,-7.58577],[-38.11432,-7.58237],[-38.10608,-7.58373],[-38.10951,-7.59666],[-38.10608,-7.59734],[-38.10539,-7.60007],[-38.11226,-7.60755],[-38.11157,-7.61436],[-38.10608,-7.60755],[-38.0999,-7.60891],[-38.09715,-7.60075],[-38.08479,-7.59054],[-38.08342,-7.5953],[-38.0793,-7.59802],[-38.07449,-7.59394],[-38.069,-7.59598],[-38.06831,-7.60891],[-38.06488,-7.61096],[-38.06557,-7.60619],[-38.06351,-7.60347],[-38.06557,-7.59462],[-38.06351,-7.5919],[-38.05527,-7.59054],[-38.05595,-7.59734],[-38.04634,-7.59802],[-38.04428,-7.60347],[-38.04771,-7.61368],[-38.05527,-7.61708],[-38.05733,-7.62048],[-38.03947,-7.6164],[-38.03947,-7.62116],[-38.03398,-7.62185],[-38.03467,-7.63273],[-38.03055,-7.63546],[-38.02986,-7.6409],[-38.02505,-7.64498],[-38.02505,-7.63273],[-38.0175,-7.62865],[-38.01476,-7.61844],[-38.00583,-7.61232],[-38.01201,-7.61164],[-38.01064,-7.60211],[-38.01888,-7.61232],[-38.02094,-7.61232],[-38.02162,-7.60415],[-38.03192,-7.61096],[-38.03398,-7.60279],[-38.02986,-7.58986],[-38.0381,-7.58918],[-38.03947,-7.58305],[-38.03055,-7.58373],[-38.02917,-7.58645],[-38.02231,-7.58033],[-38.02025,-7.57012],[-38.01613,-7.57216],[-38.01544,-7.57965],[-38.01338,-7.57965],[-38.00377,-7.56944],[-37.99416,-7.5742],[-37.98729,-7.56399],[-37.9715,-7.56331],[-37.96669,-7.56399],[-37.96532,-7.5674],[-37.95982,-7.5674],[-37.95021,-7.56127],[-37.92686,-7.56195],[-37.92824,-7.55787],[-37.93236,-7.5565],[-37.95364,-7.55582],[-37.95296,-7.55378],[-37.94266,-7.55038],[-37.9406,-7.54834],[-37.94266,-7.54629],[-37.95914,-7.54834],[-37.96806,-7.54697],[-37.9612,-7.54085],[-37.95502,-7.53881],[-37.94815,-7.52928],[-37.94128,-7.5286],[-37.93922,-7.532],[-37.93167,-7.52655],[-37.93785,-7.52383],[-37.92824,-7.5143],[-37.9351,-7.51226],[-37.93373,-7.50885],[-37.92686,-7.50477],[-37.92549,-7.50749],[-37.92068,-7.50817],[-37.91313,-7.50545],[-37.90764,-7.5],[-37.90146,-7.49932],[-37.89803,-7.4932],[-37.88841,-7.48571],[-37.88498,-7.47958],[-37.89116,-7.48094],[-37.89734,-7.48843],[-37.90558,-7.49047],[-37.90764,-7.47958],[-37.91176,-7.48026],[-37.91176,-7.47822],[-37.90627,-7.47413],[-37.8994,-7.47413],[-37.89734,-7.46733],[-37.89322,-7.46665],[-37.89116,-7.46188],[-37.88223,-7.46052],[-37.88086,-7.45507],[-37.87674,-7.45235],[-37.86781,-7.45303],[-37.86713,-7.45031],[-37.87949,-7.44962],[-37.90558,-7.46188],[-37.90489,-7.45848],[-37.89734,-7.45371],[-37.89597,-7.44826],[-37.89116,-7.44554],[-37.88704,-7.43873],[-37.87331,-7.43737],[-37.86713,-7.42852],[-37.86575,-7.42103],[-37.85545,-7.42171],[-37.85408,-7.41558],[-37.84927,-7.41354],[-37.84859,-7.40809],[-37.84378,-7.40809],[-37.84035,-7.39924],[-37.83348,-7.39788],[-37.83554,-7.39515],[-37.83417,-7.39175],[-37.82112,-7.38494],[-37.81769,-7.37813],[-37.80739,-7.38017],[-37.80807,-7.38221],[-37.81219,-7.38017],[-37.81563,-7.3829],[-37.81357,-7.38766],[-37.81769,-7.39379],[-37.81288,-7.39515],[-37.81013,-7.39175],[-37.80533,-7.39107],[-37.80396,-7.3972],[-37.79984,-7.4006],[-37.79778,-7.39583],[-37.79366,-7.39515],[-37.79434,-7.38766],[-37.7916,-7.38494],[-37.77855,-7.37541],[-37.77168,-7.37541],[-37.77031,-7.38766],[-37.77443,-7.39651],[-37.77374,-7.40264],[-37.78336,-7.41354],[-37.78267,-7.41762],[-37.77786,-7.41626],[-37.77649,-7.41898],[-37.78267,-7.42784],[-37.78748,-7.43056],[-37.78816,-7.43533],[-37.78473,-7.43192],[-37.77855,-7.43396],[-37.7758,-7.4326],[-37.77924,-7.42852],[-37.77237,-7.41967],[-37.77031,-7.40605],[-37.76619,-7.41013],[-37.76962,-7.4183],[-37.76894,-7.42716],[-37.75726,-7.42716],[-37.74834,-7.4149],[-37.75383,-7.3972],[-37.75108,-7.38902],[-37.75452,-7.37949],[-37.7504,-7.37677],[-37.74696,-7.37677],[-37.74559,-7.38017],[-37.74628,-7.38834],[-37.74147,-7.39651],[-37.7401,-7.4115],[-37.73392,-7.41422],[-37.72774,-7.39856],[-37.72568,-7.39856],[-37.72499,-7.404],[-37.72018,-7.40741],[-37.7195,-7.40332],[-37.72224,-7.39788],[-37.7195,-7.39583],[-37.71744,-7.38494],[-37.71469,-7.38221],[-37.72156,-7.37677],[-37.73048,-7.37404],[-37.7346,-7.36655],[-37.73392,-7.35974],[-37.72362,-7.34544],[-37.69272,-7.32569],[-37.68791,-7.32569],[-37.68517,-7.32978],[-37.6886,-7.33863],[-37.68311,-7.33795],[-37.67349,-7.3434],[-37.66869,-7.34204],[-37.66937,-7.34885],[-37.65633,-7.3434],[-37.65907,-7.33999],[-37.66457,-7.33931],[-37.66457,-7.33591],[-37.65427,-7.33591],[-37.64877,-7.33795],[-37.64671,-7.34136],[-37.64122,-7.33863],[-37.64328,-7.33114],[-37.6474,-7.32637],[-37.65564,-7.3291],[-37.66525,-7.32705],[-37.66663,-7.32161],[-37.66113,-7.31888],[-37.63367,-7.32501],[-37.61925,-7.32569],[-37.6165,-7.33318],[-37.61238,-7.33591],[-37.60551,-7.33591],[-37.59933,-7.34136],[-37.59727,-7.33318],[-37.58904,-7.32978],[-37.5808,-7.32161],[-37.58217,-7.31956],[-37.58698,-7.31956],[-37.58698,-7.31616],[-37.58492,-7.31548],[-37.58698,-7.31275],[-37.59315,-7.31888],[-37.59453,-7.31071],[-37.5753,-7.30594],[-37.57462,-7.29573],[-37.5705,-7.29709],[-37.56844,-7.30186],[-37.56294,-7.29913],[-37.5602,-7.29232],[-37.5499,-7.28551],[-37.5499,-7.28006],[-37.54646,-7.27393],[-37.54646,-7.2678],[-37.54852,-7.26644],[-37.54715,-7.25895],[-37.55539,-7.25963],[-37.56088,-7.25554],[-37.56844,-7.25554],[-37.57324,-7.2426],[-37.57187,-7.2351],[-37.56706,-7.23102],[-37.57942,-7.22148],[-37.57256,-7.2208],[-37.56844,-7.22284],[-37.55951,-7.21944],[-37.55608,-7.22284],[-37.55676,-7.22557],[-37.565,-7.23034],[-37.56226,-7.23647],[-37.55608,-7.23579],[-37.55676,-7.23851],[-37.56638,-7.24124],[-37.56088,-7.25145],[-37.55402,-7.25145],[-37.55127,-7.2426],[-37.54784,-7.24192],[-37.54097,-7.246],[-37.53822,-7.25077],[-37.53136,-7.25281],[-37.53067,-7.25009],[-37.53479,-7.24873],[-37.54372,-7.23919],[-37.54646,-7.23102],[-37.53891,-7.22966],[-37.53548,-7.23647],[-37.52998,-7.23715],[-37.52998,-7.2426],[-37.52792,-7.24328],[-37.52449,-7.2317],[-37.53204,-7.22761],[-37.53136,-7.22489],[-37.52655,-7.22284],[-37.52655,-7.22012],[-37.5293,-7.21876],[-37.52792,-7.21058],[-37.5238,-7.20854],[-37.52037,-7.21126],[-37.51213,-7.20036],[-37.51282,-7.19832],[-37.51968,-7.20036],[-37.52449,-7.199],[-37.5238,-7.19423],[-37.51419,-7.19491],[-37.51076,-7.19151],[-37.50595,-7.19151],[-37.50526,-7.19696],[-37.4984,-7.20036],[-37.49634,-7.19764],[-37.49771,-7.19014],[-37.49428,-7.18946],[-37.48123,-7.18878],[-37.47368,-7.19491],[-37.46613,-7.19083],[-37.45926,-7.19287],[-37.46063,-7.19628],[-37.46887,-7.19764],[-37.47162,-7.20104],[-37.47162,-7.20377],[-37.4675,-7.20581],[-37.46819,-7.20854],[-37.47643,-7.20718],[-37.48055,-7.21126],[-37.48741,-7.21126],[-37.48398,-7.21876],[-37.47986,-7.21944],[-37.47437,-7.21535],[-37.45377,-7.21807],[-37.45171,-7.21058],[-37.44759,-7.21331],[-37.4469,-7.21807],[-37.44278,-7.21944],[-37.44553,-7.22625],[-37.44553,-7.24328],[-37.45171,-7.24328],[-37.46269,-7.23442],[-37.46681,-7.23851],[-37.47574,-7.22693],[-37.4778,-7.23374],[-37.47437,-7.23579],[-37.47437,-7.23851],[-37.4826,-7.24873],[-37.4826,-7.25077],[-37.47025,-7.25145],[-37.4675,-7.25554],[-37.46819,-7.25826],[-37.48055,-7.26371],[-37.48123,-7.26712],[-37.47505,-7.26848],[-37.47162,-7.26508],[-37.46475,-7.26576],[-37.45651,-7.27461],[-37.4675,-7.28755],[-37.47093,-7.28755],[-37.46956,-7.29096],[-37.46201,-7.28891],[-37.45926,-7.29573],[-37.45239,-7.28891],[-37.44553,-7.28823],[-37.44209,-7.27665],[-37.4366,-7.27529],[-37.43248,-7.26916],[-37.42973,-7.26916],[-37.42699,-7.27597],[-37.42905,-7.28074],[-37.4263,-7.28074],[-37.42561,-7.27052],[-37.41394,-7.25826],[-37.42218,-7.24805],[-37.42149,-7.24055],[-37.416,-7.23374],[-37.40913,-7.22966],[-37.40295,-7.2317],[-37.38373,-7.22489],[-37.37274,-7.21944],[-37.36656,-7.21194],[-37.35626,-7.21058],[-37.34116,-7.20173],[-37.32811,-7.19968],[-37.31575,-7.20173],[-37.30957,-7.19355],[-37.30408,-7.19559],[-37.30476,-7.20104],[-37.3027,-7.20173],[-37.2979,-7.19491],[-37.29446,-7.19491],[-37.2876,-7.20377],[-37.2821,-7.20309],[-37.27661,-7.2099],[-37.27592,-7.20445],[-37.26562,-7.19764],[-37.24297,-7.19764],[-37.24091,-7.19491],[-37.22374,-7.19628],[-37.21275,-7.19151],[-37.20314,-7.19559],[-37.19833,-7.20513],[-37.18185,-7.21944],[-37.18048,-7.21058],[-37.18735,-7.20649],[-37.19284,-7.19219],[-37.19147,-7.18606],[-37.18803,-7.18265],[-37.17979,-7.17924],[-37.16949,-7.18129],[-37.16263,-7.17584],[-37.14752,-7.17379],[-37.14272,-7.16698],[-37.1386,-7.16903],[-37.14066,-7.17856],[-37.12349,-7.17175],[-37.1125,-7.17311],[-37.11113,-7.17039],[-37.11456,-7.16834],[-37.11319,-7.16494],[-37.10495,-7.16017],[-37.08572,-7.15608],[-37.08229,-7.15063],[-37.06718,-7.14177],[-37.06169,-7.14177],[-37.05414,-7.14791],[-37.05414,-7.15949],[-37.05688,-7.16426],[-37.0562,-7.17584],[-37.0356,-7.17311],[-37.02599,-7.17788],[-37.00813,-7.16971],[-36.99509,-7.16971],[-36.98067,-7.15676],[-36.97243,-7.15404],[-36.96831,-7.16153],[-36.96144,-7.16289],[-36.96487,-7.1554],[-36.95732,-7.15131],[-36.96281,-7.15063],[-36.96213,-7.14654],[-36.9532,-7.14722],[-36.9532,-7.14314],[-36.94771,-7.14314],[-36.93123,-7.13496],[-36.91887,-7.13632],[-36.912,-7.13224],[-36.90445,-7.13292],[-36.90445,-7.12951],[-36.9017,-7.12815],[-36.8969,-7.12815],[-36.89072,-7.13224],[-36.88728,-7.12747],[-36.87904,-7.1261],[-36.87767,-7.13087],[-36.88179,-7.13428],[-36.88042,-7.13564],[-36.87286,-7.12474],[-36.86874,-7.12883],[-36.85776,-7.13087],[-36.84952,-7.12474],[-36.84402,-7.12678],[-36.83372,-7.12065],[-36.84196,-7.11929],[-36.84128,-7.11656],[-36.83098,-7.11588],[-36.82755,-7.11861],[-36.81931,-7.11929],[-36.8145,-7.11384],[-36.77811,-7.11043],[-36.77673,-7.10771],[-36.81244,-7.10839],[-36.81244,-7.1043],[-36.80832,-7.10089],[-36.80901,-7.09817],[-36.81381,-7.10089],[-36.81862,-7.10021],[-36.81999,-7.10839],[-36.8248,-7.10839],[-36.82411,-7.10362],[-36.82755,-7.10157],[-36.83098,-7.10839],[-36.83853,-7.10975],[-36.83304,-7.09749],[-36.82137,-7.09476],[-36.81725,-7.08931],[-36.80283,-7.0825],[-36.80351,-7.07977],[-36.81793,-7.08386],[-36.82205,-7.08726],[-36.84402,-7.09135],[-36.86531,-7.09408],[-36.87286,-7.09203],[-36.87767,-7.09544],[-36.88522,-7.09408],[-36.88866,-7.09817],[-36.89484,-7.09749],[-36.90857,-7.10294],[-36.92368,-7.10226],[-36.93192,-7.10498],[-36.94702,-7.10362],[-36.95801,-7.10634],[-36.97311,-7.10498],[-36.97517,-7.10226],[-36.97929,-7.10566],[-37.00607,-7.10294],[-37.02255,-7.0968],[-37.02461,-7.09135],[-37.02118,-7.08863],[-37.00676,-7.08931],[-37.00127,-7.08522],[-37.00676,-7.08318],[-37.01019,-7.07841],[-37.02393,-7.07773],[-37.02599,-7.07227],[-37.01981,-7.07023],[-37.01637,-7.0641],[-37.00195,-7.06001],[-37.00127,-7.0566],[-36.99783,-7.05456],[-36.99303,-7.05524],[-36.99165,-7.05251],[-36.99715,-7.05115],[-36.99783,-7.04842],[-36.98685,-7.04638],[-36.98685,-7.04161],[-36.98891,-7.04093],[-37.00058,-7.0457],[-37.00401,-7.04502],[-37.00264,-7.03752],[-37.00745,-7.03616],[-37.0047,-7.03002],[-36.99783,-7.02934],[-36.99371,-7.03207],[-36.97929,-7.03002],[-36.98479,-7.02525],[-36.97517,-7.0198],[-36.98273,-7.01639],[-36.97517,-7.00822],[-36.96831,-7.0089],[-36.96144,-7.00276],[-36.95938,-7.00481],[-36.95938,-7.01162],[-36.95732,-7.01162],[-36.94908,-7.00208],[-36.95114,-6.99799],[-36.93604,-6.9905],[-36.92368,-6.99322],[-36.91612,-6.9905],[-36.91269,-6.98504],[-36.90788,-6.98368],[-36.89758,-6.97278],[-36.88934,-6.968],[-36.88797,-6.96187],[-36.87836,-6.95642],[-36.87561,-6.95233],[-36.87492,-6.93801],[-36.87012,-6.9387],[-36.86188,-6.92575],[-36.85913,-6.92779],[-36.85982,-6.93801],[-36.86394,-6.94347],[-36.8605,-6.95028],[-36.85707,-6.9496],[-36.85364,-6.94347],[-36.8502,-6.94347],[-36.84677,-6.9496],[-36.84814,-6.96392],[-36.84128,-6.9646],[-36.83304,-6.94892],[-36.83716,-6.94824],[-36.83716,-6.95165],[-36.84196,-6.95165],[-36.83922,-6.94619],[-36.84334,-6.9387],[-36.84746,-6.93665],[-36.8454,-6.92779],[-36.82892,-6.92166],[-36.82823,-6.92915],[-36.82549,-6.92915],[-36.80969,-6.91893],[-36.79939,-6.91893],[-36.79802,-6.91484],[-36.80283,-6.9162],[-36.80626,-6.91211],[-36.80626,-6.9087],[-36.80145,-6.9053],[-36.80077,-6.90189],[-36.80489,-6.90189],[-36.81999,-6.91143],[-36.82274,-6.91075],[-36.82068,-6.90598],[-36.83304,-6.90734],[-36.83578,-6.91007],[-36.84677,-6.91279],[-36.85158,-6.91279],[-36.85295,-6.9087],[-36.84952,-6.90393],[-36.84196,-6.9053],[-36.83441,-6.89984],[-36.82823,-6.89984],[-36.8145,-6.88894],[-36.8145,-6.88621],[-36.82961,-6.88689],[-36.83922,-6.89234],[-36.83853,-6.8828],[-36.84265,-6.8828],[-36.84265,-6.88076],[-36.8351,-6.87871],[-36.81862,-6.8569],[-36.81931,-6.85349],[-36.82549,-6.85212],[-36.82343,-6.8494],[-36.82411,-6.84394],[-36.81931,-6.84462],[-36.81656,-6.84871],[-36.81381,-6.84803],[-36.80969,-6.84394],[-36.81313,-6.83781],[-36.8042,-6.83644],[-36.80763,-6.82758],[-36.80695,-6.82008],[-36.81038,-6.81667],[-36.81038,-6.81326],[-36.80489,-6.80644],[-36.79184,-6.79894],[-36.78566,-6.80304],[-36.78085,-6.80235],[-36.77673,-6.79417],[-36.77811,-6.78735],[-36.77605,-6.78409],[-36.7727,-6.7871],[-36.77019,-6.82758],[-36.77467,-6.82894],[-36.77261,-6.83781],[-36.77536,-6.84326],[-36.78154,-6.84531],[-36.78703,-6.85485],[-36.78566,-6.8603],[-36.78223,-6.85553],[-36.77948,-6.85758],[-36.78566,-6.86917],[-36.7836,-6.87871],[-36.78635,-6.88689],[-36.78291,-6.88553],[-36.77811,-6.87666],[-36.77879,-6.86848],[-36.76506,-6.8494],[-36.76094,-6.84803],[-36.76094,-6.84394],[-36.75476,-6.83712],[-36.74789,-6.83712],[-36.7527,-6.84258],[-36.7527,-6.84803],[-36.74995,-6.84871],[-36.73622,-6.83504],[-36.7302,-6.8364],[-36.745,-6.8795],[-36.7574,-6.8994],[-36.7621,-6.9269],[-36.76712,-6.93733],[-36.7546,-6.956],[-36.7374,-6.9728],[-36.71837,-6.9825],[-36.717,-6.98573],[-36.70944,-6.98232],[-36.70601,-6.97278],[-36.7067,-6.96753],[-36.69697,-6.94074],[-36.6872,-6.926],[-36.6549,-6.9282],[-36.6374,-6.9338],[-36.6165,-6.934],[-36.6115,-6.9377],[-36.6036,-6.9305],[-36.5973,-6.9165],[-36.57486,-6.88552],[-36.57967,-6.89507],[-36.57898,-6.90052],[-36.58379,-6.91211],[-36.57211,-6.9087],[-36.56799,-6.90325],[-36.56181,-6.90666],[-36.55907,-6.89098],[-36.54121,-6.87257],[-36.5419,-6.87735],[-36.54739,-6.8828],[-36.54396,-6.88689],[-36.55014,-6.88757],[-36.55014,-6.88962],[-36.53984,-6.89166],[-36.53984,-6.89507],[-36.54739,-6.90189],[-36.54602,-6.9053],[-36.54121,-6.90734],[-36.53915,-6.89984],[-36.53435,-6.89916],[-36.52817,-6.89098],[-36.52885,-6.88416],[-36.51787,-6.88553],[-36.51581,-6.88416],[-36.51649,-6.88144],[-36.51993,-6.88076],[-36.51787,-6.87666],[-36.511,-6.87394],[-36.50688,-6.87871],[-36.5007,-6.8753],[-36.50139,-6.86985],[-36.49315,-6.86917],[-36.49452,-6.86099],[-36.48972,-6.85894],[-36.48697,-6.85008],[-36.47942,-6.85008],[-36.47873,-6.85485],[-36.4698,-6.85076],[-36.46706,-6.85349],[-36.46225,-6.8528],[-36.46019,-6.85621],[-36.45538,-6.85621],[-36.45195,-6.84871],[-36.44783,-6.85144],[-36.44508,-6.84599],[-36.44989,-6.84599],[-36.45058,-6.83985],[-36.45401,-6.84462],[-36.46019,-6.84326],[-36.46294,-6.83167],[-36.46706,-6.83303],[-36.47118,-6.84258],[-36.47804,-6.84053],[-36.47736,-6.83372],[-36.47942,-6.82962],[-36.47667,-6.82417],[-36.48148,-6.82281],[-36.4801,-6.81463],[-36.48491,-6.81463],[-36.4856,-6.82008],[-36.48834,-6.82144],[-36.48972,-6.81735],[-36.49521,-6.82008],[-36.49521,-6.81122],[-36.50276,-6.81122],[-36.50551,-6.81872],[-36.51581,-6.82758],[-36.52336,-6.82349],[-36.53228,-6.82894],[-36.5292,-6.8254],[-36.51,-6.8179],[-36.5055,-6.8088],[-36.5013,-6.7776],[-36.5062,-6.74985],[-36.50002,-6.74644],[-36.49658,-6.74712],[-36.49384,-6.7519],[-36.49452,-6.76349],[-36.49246,-6.76349],[-36.4904,-6.76076],[-36.49109,-6.75531],[-36.48422,-6.75053],[-36.47804,-6.75258],[-36.47942,-6.74644],[-36.4698,-6.73962],[-36.47255,-6.73689],[-36.47461,-6.74099],[-36.47804,-6.74167],[-36.47873,-6.73621],[-36.48216,-6.73621],[-36.49452,-6.74167],[-36.49796,-6.73826],[-36.49658,-6.73349],[-36.49933,-6.73008],[-36.4959,-6.72803],[-36.50276,-6.72462],[-36.50276,-6.71439],[-36.50002,-6.71166],[-36.4959,-6.71166],[-36.4959,-6.70894],[-36.48903,-6.7103],[-36.48285,-6.70621],[-36.48354,-6.69734],[-36.48834,-6.68916],[-36.48628,-6.68166],[-36.48834,-6.67961],[-36.49521,-6.67961],[-36.49864,-6.67552],[-36.49727,-6.67143],[-36.49178,-6.67075],[-36.49178,-6.66802],[-36.49521,-6.66597],[-36.49864,-6.65847],[-36.49796,-6.65301],[-36.50414,-6.6496],[-36.50688,-6.64346],[-36.50551,-6.63801],[-36.50826,-6.63801],[-36.51375,-6.64346],[-36.51237,-6.63255],[-36.51993,-6.63255],[-36.52473,-6.62778],[-36.52885,-6.63255],[-36.52885,-6.63801],[-36.53325,-6.64074],[-36.5207,-6.6106],[-36.5245,-6.5997],[-36.5138,-6.5944],[-36.502,-6.6015],[-36.4938,-6.6035],[-36.485,-6.6108],[-36.4717,-6.6166],[-36.4664,-6.6284],[-36.4605,-6.6344],[-36.4493,-6.6242],[-36.43616,-6.62982],[-36.43204,-6.62369],[-36.43748,-6.61959],[-36.4392,-6.6127],[-36.4422,-6.5647],[-36.4444,-6.5583],[-36.45744,-6.5507]],[[-36.25351,-7.20173],[-36.25008,-7.19968],[-36.25351,-7.20104],[-36.25351,-7.20173]],[[-36.75751,-7.79536],[-36.75819,-7.794],[-36.75819,-7.79536],[-36.75751,-7.79536]],[[-36.29539,-7.74093],[-36.29677,-7.74297],[-36.29471,-7.74297],[-36.29539,-7.74093]],[[-36.13335,-6.4354],[-36.13747,-6.43813],[-36.13197,-6.43677],[-36.13335,-6.4354]],[[-35.75089,-6.57116],[-35.75157,-6.57389],[-35.74745,-6.57457],[-35.74745,-6.57048],[-35.75089,-6.57116]],[[-35.76118,-6.57867],[-35.75981,-6.58003],[-35.75981,-6.57867],[-35.76118,-6.57867]],[[-36.19308,-6.67143],[-36.19377,-6.67279],[-36.19171,-6.67279],[-36.19308,-6.67143]],[[-36.19652,-6.67825],[-36.20064,-6.68302],[-36.20338,-6.6837],[-36.19789,-6.68439],[-36.19377,-6.68029],[-36.19652,-6.67825]],[[-36.19171,-6.67825],[-36.19308,-6.68029],[-36.19102,-6.67961],[-36.19171,-6.67825]],[[-36.16768,-6.70007],[-36.16699,-6.69939],[-36.16768,-6.69939],[-36.16768,-6.70007]],[[-36.16768,-6.70007],[-36.16837,-6.70075],[-36.16768,-6.70075],[-36.16768,-6.70007]],[[-36.16837,-6.70075],[-36.16974,-6.70212],[-36.16837,-6.70143],[-36.16837,-6.70075]],[[-36.14021,-6.73962],[-36.14365,-6.74303],[-36.14296,-6.75053],[-36.13815,-6.74167],[-36.14021,-6.73962]],[[-36.4341,-6.8419],[-36.43959,-6.84394],[-36.43547,-6.84599],[-36.43478,-6.85076],[-36.4286,-6.84871],[-36.4341,-6.8419]],[[-36.44234,-6.84394],[-36.44165,-6.84326],[-36.44234,-6.84326],[-36.44234,-6.84394]],[[-36.44234,-6.84394],[-36.44302,-6.84462],[-36.44234,-6.84462],[-36.44234,-6.84394]],[[-36.07018,-6.87326],[-36.07361,-6.8753],[-36.0743,-6.87871],[-36.07086,-6.87735],[-36.07018,-6.87326]],[[-35.78796,-6.9162],[-35.79826,-6.9162],[-35.79895,-6.91825],[-35.78796,-6.9162]],[[-36.10245,-6.92234],[-36.10313,-6.92438],[-36.10107,-6.92438],[-36.10245,-6.92234]],[[-35.99945,-6.93801],[-36.00288,-6.93938],[-36.00288,-6.94074],[-35.99945,-6.93801]],[[-36.7836,-6.95778],[-36.78909,-6.96255],[-36.78909,-6.96392],[-36.78497,-6.96392],[-36.78223,-6.96119],[-36.7836,-6.95778]],[[-36.66412,-6.95914],[-36.67442,-6.97278],[-36.68816,-6.98027],[-36.68953,-6.99459],[-36.67786,-6.99118],[-36.67374,-6.98436],[-36.6703,-6.983],[-36.66893,-6.97823],[-36.66344,-6.97755],[-36.65794,-6.97209],[-36.66138,-6.96596],[-36.66069,-6.95983],[-36.66412,-6.95914]],[[-36.7939,-6.96869],[-36.80489,-6.97005],[-36.80832,-6.97346],[-36.80214,-6.9755],[-36.79321,-6.97073],[-36.7939,-6.96869]],[[-35.94109,-6.96937],[-35.94589,-6.96937],[-35.94589,-6.97414],[-35.94177,-6.97278],[-35.94109,-6.96937]],[[-36.80145,-6.97755],[-36.80763,-6.98164],[-36.80351,-6.9905],[-36.80351,-7.00208],[-36.80557,-7.00276],[-36.80695,-6.99527],[-36.81107,-6.99322],[-36.81656,-7.00413],[-36.81999,-7.00617],[-36.81999,-7.00822],[-36.8145,-7.0089],[-36.81999,-7.0198],[-36.81038,-7.01776],[-36.80695,-7.02116],[-36.80763,-7.0273],[-36.80283,-7.02457],[-36.8042,-7.02048],[-36.80077,-7.01639],[-36.79802,-7.02116],[-36.79253,-7.01776],[-36.79596,-7.01162],[-36.79527,-7.00822],[-36.79802,-7.00753],[-36.79665,-6.99799],[-36.79184,-6.9939],[-36.78703,-7.00276],[-36.78291,-7.00004],[-36.78703,-6.99663],[-36.78909,-6.98913],[-36.79527,-6.98709],[-36.79665,-6.98368],[-36.80077,-6.98504],[-36.80008,-6.98027],[-36.80145,-6.97755]],[[-36.81931,-6.98232],[-36.82137,-6.98573],[-36.81656,-6.98573],[-36.81587,-6.98232],[-36.81931,-6.98232]],[[-36.81656,-6.99118],[-36.82205,-6.99459],[-36.82205,-6.99799],[-36.81381,-6.99595],[-36.81656,-6.99118]],[[-36.77399,-6.99799],[-36.78154,-7.00208],[-36.78085,-7.0089],[-36.77467,-7.00549],[-36.77399,-6.99799]],[[-36.78703,-7.06342],[-36.77605,-7.0566],[-36.76849,-7.05592],[-36.76781,-7.05047],[-36.75957,-7.0491],[-36.75682,-7.04365],[-36.75407,-7.04365],[-36.75064,-7.0491],[-36.74309,-7.04229],[-36.73691,-7.04365],[-36.73759,-7.03616],[-36.73141,-7.03479],[-36.72935,-7.03207],[-36.73279,-7.02525],[-36.7218,-7.02662],[-36.7218,-7.02185],[-36.71494,-7.01503],[-36.71562,-7.01299],[-36.72386,-7.01162],[-36.72455,-7.00481],[-36.73347,-7.0123],[-36.75201,-7.01367],[-36.76163,-7.01776],[-36.76575,-7.01571],[-36.77261,-7.01708],[-36.76987,-7.01299],[-36.7733,-7.01299],[-36.78429,-7.02253],[-36.8351,-7.04229],[-36.8399,-7.04706],[-36.85089,-7.04706],[-36.86462,-7.05319],[-36.86462,-7.04638],[-36.87286,-7.04229],[-36.87355,-7.04502],[-36.87012,-7.04842],[-36.87149,-7.05592],[-36.87767,-7.05524],[-36.8866,-7.04979],[-36.88591,-7.04706],[-36.88179,-7.0457],[-36.88248,-7.04161],[-36.89346,-7.04025],[-36.8811,-7.02662],[-36.87218,-7.02048],[-36.87424,-7.01435],[-36.88042,-7.01708],[-36.88866,-7.02662],[-36.89552,-7.02934],[-36.89896,-7.03479],[-36.9072,-7.03956],[-36.91132,-7.04025],[-36.91063,-7.03684],[-36.91475,-7.03684],[-36.9175,-7.04093],[-36.91681,-7.04433],[-36.91956,-7.04638],[-36.9278,-7.0457],[-36.92574,-7.04025],[-36.92986,-7.04297],[-36.93604,-7.04161],[-36.93741,-7.0382],[-36.92917,-7.03343],[-36.93604,-7.03139],[-36.9381,-7.03616],[-36.94153,-7.03616],[-36.94221,-7.04025],[-36.94565,-7.04093],[-36.94702,-7.04706],[-36.9429,-7.04706],[-36.94427,-7.05251],[-36.94153,-7.05388],[-36.94771,-7.06069],[-36.94016,-7.05796],[-36.94221,-7.06342],[-36.93741,-7.06342],[-36.92436,-7.0566],[-36.90857,-7.05524],[-36.9017,-7.0491],[-36.89964,-7.05115],[-36.89209,-7.05115],[-36.89484,-7.06342],[-36.94908,-7.08454],[-36.98616,-7.08931],[-37.00539,-7.09544],[-36.94153,-7.09544],[-36.92917,-7.09272],[-36.92299,-7.08795],[-36.91681,-7.08999],[-36.90651,-7.08658],[-36.89621,-7.07977],[-36.87836,-7.07364],[-36.87218,-7.06819],[-36.86943,-7.06887],[-36.866,-7.08045],[-36.86325,-7.08045],[-36.8605,-7.07841],[-36.86325,-7.0675],[-36.8502,-7.05933],[-36.83716,-7.0566],[-36.82823,-7.06069],[-36.82411,-7.05388],[-36.81931,-7.05319],[-36.80763,-7.04433],[-36.80077,-7.04433],[-36.79665,-7.04161],[-36.78291,-7.0457],[-36.78291,-7.04842],[-36.78635,-7.05047],[-36.78703,-7.06342]],[[-36.94771,-7.06069],[-36.94839,-7.06137],[-36.94771,-7.06137],[-36.94771,-7.06069]],[[-36.78909,-7.06342],[-36.79321,-7.06546],[-36.79459,-7.06819],[-36.78978,-7.0675],[-36.78772,-7.06546],[-36.78909,-7.06342]],[[-36.88591,-7.01639],[-36.89072,-7.01639],[-36.89003,-7.01844],[-36.88591,-7.01639]],[[-36.82343,-7.02253],[-36.83098,-7.02457],[-36.83441,-7.02934],[-36.82617,-7.02798],[-36.82343,-7.02253]],[[-36.85089,-7.03002],[-36.84952,-7.02866],[-36.84883,-7.02662],[-36.85158,-7.02798],[-36.85089,-7.03002]],[[-36.85158,-7.03002],[-36.85226,-7.03071],[-36.85158,-7.03071],[-36.85158,-7.03002]],[[-36.85226,-7.03071],[-36.85364,-7.03207],[-36.85226,-7.03139],[-36.85226,-7.03071]],[[-35.9507,-7.02934],[-35.95963,-7.02798],[-35.95963,-7.03002],[-35.9507,-7.02934]],[[-35.94521,-7.03479],[-35.961,-7.03752],[-35.96169,-7.04502],[-35.96992,-7.04365],[-35.97267,-7.04706],[-35.97404,-7.05796],[-35.97679,-7.05865],[-35.98434,-7.05388],[-35.98434,-7.0491],[-35.9864,-7.04842],[-35.99258,-7.05388],[-35.9919,-7.05796],[-35.99533,-7.06546],[-35.99945,-7.06205],[-36.00494,-7.06273],[-36.00494,-7.06955],[-35.9967,-7.07364],[-35.99876,-7.09067],[-35.99602,-7.09203],[-35.99533,-7.09817],[-35.99808,-7.10089],[-36.00769,-7.09953],[-36.00975,-7.10294],[-36.00151,-7.10226],[-35.99876,-7.10498],[-35.99808,-7.10975],[-36.0022,-7.11384],[-36.00151,-7.11997],[-35.9919,-7.12951],[-35.98915,-7.12951],[-35.98572,-7.12474],[-35.98091,-7.13019],[-35.97679,-7.12406],[-35.97061,-7.1227],[-35.9713,-7.11997],[-35.98091,-7.11929],[-35.98846,-7.1152],[-35.98846,-7.11111],[-35.98434,-7.10907],[-35.98709,-7.10226],[-35.98366,-7.08931],[-35.98022,-7.09476],[-35.97748,-7.09476],[-35.97473,-7.09067],[-35.97061,-7.09135],[-35.96992,-7.10157],[-35.96581,-7.10294],[-35.96237,-7.09203],[-35.95619,-7.09476],[-35.95345,-7.09203],[-35.95276,-7.08658],[-35.95757,-7.08318],[-35.95688,-7.07296],[-35.95207,-7.07296],[-35.95001,-7.06955],[-35.94658,-7.07159],[-35.93903,-7.06955],[-35.93903,-7.0641],[-35.93628,-7.06069],[-35.93079,-7.06273],[-35.92529,-7.06001],[-35.92186,-7.05456],[-35.92461,-7.05047],[-35.94109,-7.05047],[-35.94246,-7.04774],[-35.9507,-7.0491],[-35.94658,-7.04229],[-35.93971,-7.04161],[-35.94521,-7.03956],[-35.94521,-7.03479]],[[-36.86737,-7.03752],[-36.86874,-7.04025],[-36.86462,-7.04365],[-36.86394,-7.03752],[-36.86737,-7.03752]],[[-35.93491,-7.04093],[-35.93353,-7.04229],[-35.93353,-7.04093],[-35.93491,-7.04093]],[[-35.9198,-7.05456],[-35.91843,-7.0566],[-35.91843,-7.05456],[-35.9198,-7.05456]],[[-36.01524,-7.06614],[-36.01799,-7.0675],[-36.01456,-7.0675],[-36.01524,-7.06614]],[[-36.81656,-7.075],[-36.81587,-7.07773],[-36.81244,-7.07704],[-36.81313,-7.07432],[-36.81656,-7.075]],[[-36.82961,-7.07773],[-36.83167,-7.0825],[-36.8248,-7.08181],[-36.8248,-7.07977],[-36.82961,-7.07773]],[[-36.0276,-7.07977],[-36.0276,-7.0825],[-36.02348,-7.08181],[-36.02417,-7.07841],[-36.0276,-7.07977]],[[-36.84196,-7.08181],[-36.84677,-7.08454],[-36.84059,-7.08386],[-36.84196,-7.08181]],[[-37.01981,-7.09272],[-37.01912,-7.09476],[-37.01363,-7.09476],[-37.01706,-7.09203],[-37.01981,-7.09272]],[[-35.95345,-7.09749],[-35.95345,-7.10362],[-35.94864,-7.11043],[-35.95276,-7.11656],[-35.94727,-7.11929],[-35.94383,-7.11656],[-35.94452,-7.10839],[-35.9404,-7.1043],[-35.94658,-7.10362],[-35.95345,-7.09749]],[[-35.80238,-7.13019],[-35.80925,-7.12474],[-35.812,-7.1261],[-35.80719,-7.13224],[-35.80238,-7.13019]],[[-35.80238,-7.12951],[-35.79964,-7.12883],[-35.80238,-7.12883],[-35.80238,-7.12951]],[[-36.00426,-7.12678],[-36.01662,-7.137],[-36.01456,-7.14382],[-36.00838,-7.14382],[-36.00426,-7.14859],[-35.99808,-7.14859],[-35.98778,-7.15336],[-35.9864,-7.14859],[-35.99396,-7.14722],[-35.99258,-7.14177],[-36.00014,-7.13837],[-35.99945,-7.1336],[-36.00288,-7.13224],[-36.00426,-7.12678]],[[-36.88042,-7.137],[-36.87698,-7.13973],[-36.87355,-7.13973],[-36.87492,-7.137],[-36.88042,-7.137]],[[-36.9326,-7.14177],[-36.93604,-7.14722],[-36.9326,-7.15676],[-36.92299,-7.15608],[-36.91887,-7.15812],[-36.91406,-7.15472],[-36.91956,-7.14859],[-36.92024,-7.14382],[-36.9326,-7.14177]],[[-37.06856,-7.14654],[-37.07817,-7.15267],[-37.08504,-7.16426],[-37.09602,-7.16289],[-37.10426,-7.16494],[-37.10426,-7.16698],[-37.09328,-7.16834],[-37.09259,-7.17243],[-37.08847,-7.17448],[-37.08641,-7.17243],[-37.08229,-7.17448],[-37.06169,-7.17448],[-37.05963,-7.17107],[-37.06169,-7.16426],[-37.05757,-7.15881],[-37.05826,-7.14859],[-37.06856,-7.14654]],[[-36.97929,-7.16903],[-36.98753,-7.17039],[-36.98822,-7.17652],[-36.99715,-7.17584],[-37.00539,-7.18606],[-37.00333,-7.1881],[-36.99646,-7.18538],[-36.97174,-7.18674],[-36.95801,-7.18333],[-36.95183,-7.18742],[-36.94771,-7.18742],[-36.94427,-7.18606],[-36.94771,-7.17993],[-36.94084,-7.18197],[-36.93466,-7.18061],[-36.93398,-7.19423],[-36.93054,-7.19423],[-36.92917,-7.19083],[-36.92436,-7.19219],[-36.91956,-7.19014],[-36.91818,-7.18197],[-36.92162,-7.17924],[-36.92162,-7.17584],[-36.91338,-7.17584],[-36.91544,-7.17243],[-36.9326,-7.16903],[-36.95938,-7.17107],[-36.96625,-7.17379],[-36.97861,-7.17175],[-36.97929,-7.16903]],[[-37.12418,-7.17584],[-37.14066,-7.18469],[-37.14821,-7.18333],[-37.1489,-7.1772],[-37.16057,-7.17924],[-37.17361,-7.19423],[-37.17567,-7.20104],[-37.17361,-7.20581],[-37.15988,-7.20718],[-37.17224,-7.20922],[-37.17293,-7.22012],[-37.16057,-7.21944],[-37.15714,-7.22148],[-37.15919,-7.22625],[-37.15782,-7.23442],[-37.15164,-7.23647],[-37.1489,-7.24192],[-37.13585,-7.24668],[-37.11662,-7.24532],[-37.11182,-7.24055],[-37.09808,-7.2351],[-37.0919,-7.22829],[-37.06718,-7.21876],[-37.06993,-7.21263],[-37.07954,-7.20581],[-37.07954,-7.20036],[-37.07268,-7.19219],[-37.07611,-7.17993],[-37.08778,-7.17584],[-37.09396,-7.17993],[-37.10152,-7.17788],[-37.1022,-7.18197],[-37.11113,-7.18129],[-37.12006,-7.18538],[-37.11662,-7.17652],[-37.12418,-7.17584]],[[-37.03354,-7.17924],[-37.04109,-7.18129],[-37.05345,-7.18061],[-37.05757,-7.18538],[-37.0665,-7.18742],[-37.06993,-7.19219],[-37.0665,-7.19764],[-37.06856,-7.20309],[-37.05963,-7.20445],[-37.05757,-7.20036],[-37.04659,-7.20036],[-37.04521,-7.20241],[-37.04041,-7.20104],[-37.03079,-7.19151],[-37.03423,-7.18401],[-37.03354,-7.17924]],[[-36.52061,-7.17993],[-36.5213,-7.18197],[-36.51993,-7.18197],[-36.52061,-7.17993]],[[-37.01706,-7.18061],[-37.02736,-7.18265],[-37.02873,-7.18469],[-37.02187,-7.18606],[-37.01637,-7.18265],[-37.01706,-7.18061]],[[-37.17705,-7.18333],[-37.18666,-7.18538],[-37.18941,-7.18878],[-37.18323,-7.19968],[-37.18323,-7.20377],[-37.17773,-7.19423],[-37.17705,-7.18333]],[[-37.015,-7.19764],[-37.0253,-7.20309],[-37.03903,-7.20377],[-37.04315,-7.20922],[-37.02873,-7.20786],[-37.0253,-7.21194],[-37.01637,-7.21263],[-37.00264,-7.21058],[-36.98753,-7.21535],[-36.98067,-7.2208],[-36.97311,-7.21876],[-36.96144,-7.22148],[-36.95869,-7.21807],[-36.95457,-7.21807],[-36.9532,-7.22352],[-36.94908,-7.22352],[-36.94359,-7.22012],[-36.95045,-7.21603],[-36.95045,-7.20922],[-36.96007,-7.21058],[-36.9841,-7.20786],[-37.00401,-7.20377],[-37.00676,-7.20036],[-37.01431,-7.19968],[-37.015,-7.19764]],[[-36.91269,-7.2099],[-36.91544,-7.21263],[-36.91269,-7.21194],[-36.91269,-7.2099]],[[-36.91818,-7.21399],[-36.92162,-7.21671],[-36.91818,-7.21603],[-36.91818,-7.21399]],[[-37.50526,-7.21535],[-37.51007,-7.22421],[-37.5087,-7.23102],[-37.51625,-7.23647],[-37.51282,-7.24328],[-37.51556,-7.25009],[-37.51488,-7.25554],[-37.50801,-7.25145],[-37.50046,-7.25077],[-37.48398,-7.23034],[-37.48535,-7.22352],[-37.49565,-7.22148],[-37.50526,-7.21535]],[[-37.27936,-7.2208],[-37.27592,-7.22012],[-37.27592,-7.21876],[-37.27936,-7.21807],[-37.27936,-7.2208]],[[-37.45926,-7.22148],[-37.45377,-7.22897],[-37.45033,-7.22829],[-37.45308,-7.22284],[-37.45926,-7.22148]],[[-37.17636,-7.24124],[-37.18323,-7.24055],[-37.18872,-7.24737],[-37.18117,-7.24737],[-37.17636,-7.24124]],[[-37.52106,-7.24873],[-37.52174,-7.25145],[-37.51762,-7.25077],[-37.51762,-7.24805],[-37.52106,-7.24873]],[[-37.18597,-7.25213],[-37.19421,-7.25554],[-37.19421,-7.25826],[-37.18254,-7.25622],[-37.18597,-7.25213]],[[-37.17087,-7.29368],[-37.164,-7.29436],[-37.164,-7.29232],[-37.17087,-7.29164],[-37.17087,-7.29368]],[[-37.49222,-7.29436],[-37.49084,-7.29573],[-37.49084,-7.29436],[-37.49222,-7.29436]],[[-37.4469,-7.29709],[-37.4469,-7.30322],[-37.44072,-7.30049],[-37.44141,-7.29641],[-37.4469,-7.29709]],[[-36.76025,-7.30798],[-36.75751,-7.30798],[-36.75751,-7.30662],[-36.76025,-7.30594],[-36.76025,-7.30798]],[[-37.06856,-7.32569],[-37.0665,-7.32501],[-37.0665,-7.32365],[-37.06856,-7.32365],[-37.06856,-7.32569]],[[-37.58286,-7.32978],[-37.5856,-7.33386],[-37.57805,-7.33114],[-37.57874,-7.3291],[-37.58286,-7.32978]],[[-37.07199,-7.33727],[-37.07268,-7.34408],[-37.07062,-7.34408],[-37.0665,-7.33863],[-37.06856,-7.33591],[-37.07199,-7.33727]],[[-37.1331,-7.34136],[-37.13379,-7.34408],[-37.13104,-7.34408],[-37.1331,-7.34136]],[[-37.68105,-7.34476],[-37.68379,-7.34612],[-37.68379,-7.34748],[-37.68105,-7.34476]],[[-37.68105,-7.35634],[-37.68517,-7.35566],[-37.68585,-7.35974],[-37.69341,-7.36451],[-37.69478,-7.3686],[-37.69135,-7.37404],[-37.6886,-7.37472],[-37.68585,-7.37064],[-37.67899,-7.37268],[-37.67624,-7.36928],[-37.67212,-7.37268],[-37.66594,-7.37132],[-37.67555,-7.35225],[-37.68105,-7.35157],[-37.68105,-7.35634]],[[-37.65083,-7.35429],[-37.65358,-7.35225],[-37.65358,-7.35634],[-37.65083,-7.35429]],[[-37.06238,-7.35225],[-37.06444,-7.35634],[-37.05826,-7.35838],[-37.05963,-7.35293],[-37.06238,-7.35225]],[[-36.71082,-7.372],[-36.70944,-7.37268],[-36.70944,-7.372],[-36.71082,-7.372]],[[-36.73279,-7.37541],[-36.7321,-7.37677],[-36.7321,-7.37541],[-36.73279,-7.37541]],[[-36.7321,-7.37813],[-36.73004,-7.38085],[-36.73004,-7.37949],[-36.7321,-7.37813]],[[-36.85707,-7.43192],[-36.86462,-7.4326],[-36.8708,-7.43941],[-36.86462,-7.44077],[-36.85364,-7.43396],[-36.85707,-7.43192]],[[-36.98891,-7.45643],[-36.99097,-7.45507],[-36.99097,-7.45643],[-36.98891,-7.45643]],[[-36.45607,-7.4612],[-36.45882,-7.46324],[-36.45538,-7.46256],[-36.45607,-7.4612]],[[-36.88728,-7.47413],[-36.89415,-7.47686],[-36.89278,-7.48367],[-36.89552,-7.48911],[-36.89209,-7.49047],[-36.89209,-7.49592],[-36.88934,-7.4966],[-36.88522,-7.4932],[-36.88934,-7.48979],[-36.88797,-7.48639],[-36.87973,-7.48435],[-36.87698,-7.48026],[-36.88042,-7.47481],[-36.88454,-7.47822],[-36.88728,-7.47413]],[[-37.89734,-7.47686],[-37.90009,-7.47958],[-37.89803,-7.47958],[-37.89734,-7.47686]],[[-36.7424,-7.49456],[-36.74858,-7.4966],[-36.74858,-7.49864],[-36.74171,-7.4966],[-36.7424,-7.49456]],[[-36.84128,-7.49728],[-36.84265,-7.50069],[-36.83922,-7.50477],[-36.83716,-7.50137],[-36.84128,-7.49728]],[[-36.67305,-7.5],[-36.67099,-7.50341],[-36.66756,-7.50137],[-36.66824,-7.49932],[-36.67305,-7.5]],[[-36.67648,-7.50409],[-36.67511,-7.50545],[-36.67511,-7.50409],[-36.67648,-7.50409]],[[-36.91681,-7.50681],[-36.92162,-7.51226],[-36.92162,-7.51498],[-36.91681,-7.50681]],[[-36.77124,-7.50953],[-36.77605,-7.51158],[-36.77467,-7.51634],[-36.77055,-7.51498],[-36.77124,-7.50953]],[[-36.77742,-7.52043],[-36.77673,-7.52179],[-36.77673,-7.52043],[-36.77742,-7.52043]],[[-37.00401,-7.52179],[-37.00539,-7.52519],[-37.00058,-7.52451],[-37.00058,-7.52111],[-37.00401,-7.52179]],[[-36.81313,-7.52451],[-36.82755,-7.52996],[-36.82205,-7.5354],[-36.82205,-7.54289],[-36.81725,-7.54085],[-36.81381,-7.53064],[-36.80901,-7.52723],[-36.81313,-7.52451]],[[-37.01019,-7.5286],[-37.01294,-7.52791],[-37.01294,-7.52996],[-37.01019,-7.5286]],[[-37.78679,-7.52928],[-37.78954,-7.53064],[-37.78954,-7.53404],[-37.78404,-7.53268],[-37.78679,-7.52928]],[[-36.83167,-7.5354],[-36.8351,-7.53813],[-36.83167,-7.53745],[-36.83167,-7.5354]],[[-37.10976,-7.54153],[-37.10564,-7.54561],[-37.09534,-7.54561],[-37.10014,-7.54153],[-37.10976,-7.54153]],[[-37.80052,-7.54221],[-37.80807,-7.54629],[-37.8067,-7.5497],[-37.79709,-7.54697],[-37.80052,-7.54221]],[[-36.82961,-7.54289],[-36.83098,-7.54493],[-36.82892,-7.54493],[-36.82961,-7.54289]],[[-37.07405,-7.54697],[-37.07405,-7.5497],[-37.06924,-7.5497],[-37.06993,-7.54629],[-37.07405,-7.54697]],[[-37.84996,-7.56059],[-37.85271,-7.55991],[-37.85271,-7.56127],[-37.84996,-7.56059]],[[-37.84584,-7.58169],[-37.84172,-7.57965],[-37.84309,-7.57624],[-37.84584,-7.57624],[-37.84584,-7.58169]],[[-37.85614,-7.58441],[-37.85408,-7.58645],[-37.85408,-7.58441],[-37.85614,-7.58441]],[[-38.62724,-7.59939],[-38.62999,-7.60143],[-38.62724,-7.60211],[-38.62724,-7.59939]],[[-36.58241,-7.61368],[-36.58104,-7.61504],[-36.58104,-7.61436],[-36.58241,-7.61368]],[[-38.06557,-7.61504],[-38.06831,-7.61708],[-38.06557,-7.61776],[-38.06557,-7.61504]],[[-36.81725,-7.63137],[-36.81587,-7.63682],[-36.80969,-7.6375],[-36.81381,-7.63001],[-36.81725,-7.63137]],[[-38.64922,-7.63137],[-38.6499,-7.63273],[-38.64853,-7.63273],[-38.64922,-7.63137]],[[-38.20633,-7.6443],[-38.20702,-7.64839],[-38.20496,-7.64839],[-38.20358,-7.6443],[-38.20633,-7.6443]],[[-38.34297,-7.64771],[-38.34503,-7.64907],[-38.34366,-7.64975],[-38.34297,-7.64771]],[[-38.00583,-7.65043],[-38.00789,-7.64839],[-38.00858,-7.65179],[-38.00583,-7.65043]],[[-38.32512,-7.65247],[-38.32375,-7.65451],[-38.32443,-7.65247],[-38.32512,-7.65247]],[[-38.17955,-7.66268],[-38.17749,-7.662],[-38.17749,-7.65996],[-38.17955,-7.65996],[-38.17955,-7.66268]],[[-38.52013,-7.6688],[-38.52287,-7.67221],[-38.52219,-7.67425],[-38.51944,-7.67152],[-38.52013,-7.6688]],[[-38.51738,-7.67629],[-38.51875,-7.68241],[-38.51463,-7.6865],[-38.51395,-7.67561],[-38.51738,-7.67629]],[[-38.45558,-7.68581],[-38.4597,-7.68922],[-38.45009,-7.6899],[-38.44803,-7.68786],[-38.45009,-7.68513],[-38.45558,-7.68581]],[[-38.19397,-7.68922],[-38.19122,-7.69058],[-38.18985,-7.68786],[-38.19397,-7.6865],[-38.19397,-7.68922]],[[-38.41713,-7.69126],[-38.42125,-7.69534],[-38.41095,-7.6933],[-38.41164,-7.69126],[-38.41713,-7.69126]],[[-38.40752,-7.69126],[-38.40614,-7.69194],[-38.40614,-7.69126],[-38.40752,-7.69126]],[[-36.56319,-7.69738],[-36.57074,-7.7001],[-36.57005,-7.70419],[-36.56387,-7.70283],[-36.56319,-7.69738]],[[-38.43224,-7.69942],[-38.4391,-7.70555],[-38.44666,-7.70623],[-38.44666,-7.71303],[-38.44185,-7.71235],[-38.4343,-7.70555],[-38.43086,-7.70147],[-38.43224,-7.69942]],[[-36.09489,-7.70419],[-36.10245,-7.70419],[-36.10313,-7.70759],[-36.09901,-7.70895],[-36.09489,-7.70419]],[[-38.41988,-7.70691],[-38.42674,-7.70963],[-38.43018,-7.71644],[-38.42606,-7.71644],[-38.42056,-7.71031],[-38.41988,-7.70691]],[[-36.67236,-7.71916],[-36.67442,-7.72188],[-36.67099,-7.72324],[-36.66893,-7.7314],[-36.66687,-7.73208],[-36.66344,-7.72324],[-36.67236,-7.71916]],[[-38.55583,-7.7314],[-38.5627,-7.73208],[-38.5675,-7.73549],[-38.55858,-7.73617],[-38.55446,-7.73413],[-38.55583,-7.7314]],[[-38.26126,-7.73208],[-38.27019,-7.73685],[-38.26538,-7.73821],[-38.26401,-7.74161],[-38.25645,-7.74093],[-38.25714,-7.73821],[-38.26126,-7.73685],[-38.26126,-7.73208]],[[-38.25302,-7.73753],[-38.25096,-7.73957],[-38.25096,-7.73753],[-38.25302,-7.73753]],[[-37.08023,-7.73753],[-37.08778,-7.73889],[-37.0871,-7.74229],[-37.08504,-7.74365],[-37.08435,-7.75046],[-37.08023,-7.7525],[-37.07817,-7.75114],[-37.07886,-7.73957],[-37.08023,-7.73753]],[[-37.09122,-7.73821],[-37.08984,-7.73889],[-37.08984,-7.73821],[-37.09122,-7.73821]],[[-36.11961,-7.74229],[-36.12167,-7.74501],[-36.11618,-7.74637],[-36.11618,-7.74229],[-36.11961,-7.74229]],[[-38.27774,-7.74365],[-38.28873,-7.74977],[-38.28941,-7.75318],[-38.2798,-7.74841],[-38.27774,-7.74637],[-38.27774,-7.74365]],[[-38.54622,-7.74705],[-38.54828,-7.74977],[-38.54485,-7.74977],[-38.54622,-7.74705]],[[-37.11525,-7.74977],[-37.12349,-7.7559],[-37.12967,-7.76678],[-37.13448,-7.76814],[-37.13585,-7.77563],[-37.14203,-7.78175],[-37.14684,-7.79468],[-37.1434,-7.80148],[-37.13654,-7.79944],[-37.12761,-7.78447],[-37.12143,-7.78039],[-37.12212,-7.76542],[-37.11594,-7.75998],[-37.11525,-7.74977]],[[-37.0974,-7.75726],[-37.09877,-7.76134],[-37.08778,-7.7627],[-37.08778,-7.7593],[-37.09328,-7.75658],[-37.0974,-7.75726]],[[-38.23997,-7.76474],[-38.24066,-7.76746],[-38.2386,-7.76746],[-38.23792,-7.76542],[-38.23997,-7.76474]],[[-37.09602,-7.76746],[-37.09808,-7.77223],[-37.09259,-7.77223],[-37.09259,-7.76951],[-37.09602,-7.76746]],[[-37.10701,-7.77087],[-37.10632,-7.77155],[-37.10632,-7.77087],[-37.10701,-7.77087]],[[-36.77673,-7.79196],[-36.77811,-7.79536],[-36.77467,-7.79672],[-36.77399,-7.79264],[-36.77673,-7.79196]],[[-37.11662,-7.794],[-37.11594,-7.79468],[-37.11594,-7.794],[-37.11662,-7.794]],[[-37.12418,-7.79604],[-37.12143,-7.7974],[-37.12143,-7.79604],[-37.12418,-7.79604]],[[-37.10838,-7.7974],[-37.10838,-7.8008],[-37.10426,-7.80012],[-37.10495,-7.79672],[-37.10838,-7.7974]],[[-37.12555,-7.7974],[-37.13036,-7.8008],[-37.13036,-7.80284],[-37.12555,-7.79944],[-37.12555,-7.7974]],[[-37.09534,-7.80556],[-37.09877,-7.80964],[-37.09602,-7.81577],[-37.08984,-7.81236],[-37.0919,-7.80624],[-37.09534,-7.80556]],[[-36.65245,-7.811],[-36.65863,-7.81168],[-36.65657,-7.81509],[-36.65245,-7.81441],[-36.65245,-7.811]],[[-37.10701,-7.81917],[-37.11456,-7.81849],[-37.11662,-7.82121],[-37.1228,-7.82053],[-37.12692,-7.82597],[-37.13173,-7.82801],[-37.14066,-7.82529],[-37.14821,-7.83617],[-37.14615,-7.83957],[-37.1386,-7.83753],[-37.13585,-7.84025],[-37.13585,-7.84638],[-37.12624,-7.84706],[-37.118,-7.84093],[-37.11731,-7.83345],[-37.11319,-7.82597],[-37.1077,-7.82393],[-37.10701,-7.81917]],[[-37.08916,-7.82597],[-37.09534,-7.83005],[-37.09946,-7.83005],[-37.10289,-7.83685],[-37.09946,-7.83753],[-37.09122,-7.83277],[-37.08916,-7.82597]],[[-36.67511,-7.83549],[-36.67374,-7.83685],[-36.67374,-7.83549],[-36.67511,-7.83549]],[[-36.76643,-7.83753],[-36.76781,-7.84025],[-36.76437,-7.84162],[-36.763,-7.83753],[-36.76643,-7.83753]],[[-37.14066,-7.84162],[-37.14272,-7.84434],[-37.1386,-7.84706],[-37.13722,-7.84298],[-37.14066,-7.84162]],[[-36.72386,-7.86882],[-36.72112,-7.86474],[-36.72592,-7.85998],[-36.72798,-7.8627],[-36.72523,-7.86338],[-36.72386,-7.86882]],[[-36.72455,-7.86882],[-36.72523,-7.87086],[-36.72455,-7.87086],[-36.72455,-7.86882]],[[-37.11594,-7.86406],[-37.118,-7.86678],[-37.11594,-7.8661],[-37.11594,-7.86406]],[[-36.74171,-7.87631],[-36.74103,-7.87699],[-36.74103,-7.87631],[-36.74171,-7.87631]],[[-36.74652,-7.88039],[-36.74583,-7.88175],[-36.74583,-7.88039],[-36.74652,-7.88039]],[[-37.17705,-7.9348],[-37.17499,-7.9382],[-37.17018,-7.93684],[-37.17018,-7.9348],[-37.17705,-7.9348]],[[-36.64215,-7.9416],[-36.66138,-7.94092],[-36.66206,-7.945],[-36.65932,-7.9484],[-36.64833,-7.95112],[-36.65314,-7.9586],[-36.6497,-7.962],[-36.64696,-7.96132],[-36.6449,-7.95928],[-36.6449,-7.95248],[-36.63528,-7.94636],[-36.64215,-7.9416]],[[-36.71768,-7.94908],[-36.7218,-7.95044],[-36.7218,-7.95316],[-36.717,-7.95248],[-36.71768,-7.94908]],[[-37.23747,-7.95044],[-37.24503,-7.95112],[-37.24228,-7.95724],[-37.23335,-7.95656],[-37.23747,-7.95044]],[[-36.67923,-7.95316],[-36.67923,-7.95724],[-36.6758,-7.95928],[-36.67442,-7.95384],[-36.67923,-7.95316]],[[-36.6655,-7.96472],[-36.67168,-7.97084],[-36.66412,-7.97424],[-36.66275,-7.97084],[-36.6655,-7.96472]],[[-36.84952,-7.96812],[-36.85295,-7.96812],[-36.85295,-7.96948],[-36.84952,-7.96812]],[[-36.65245,-7.96744],[-36.65588,-7.9722],[-36.65588,-7.97696],[-36.64833,-7.979],[-36.64833,-7.9756],[-36.65245,-7.97152],[-36.6497,-7.96812],[-36.65245,-7.96744]],[[-37.23061,-7.96948],[-37.22923,-7.97084],[-37.22923,-7.96948],[-37.23061,-7.96948]],[[-36.73485,-7.97424],[-36.73828,-7.97628],[-36.73759,-7.97832],[-36.73485,-7.97628],[-36.73485,-7.97424]],[[-36.74583,-7.9824],[-36.74927,-7.996],[-36.73759,-7.99464],[-36.74103,-7.98988],[-36.74034,-7.98444],[-36.74583,-7.9824]],[[-36.68335,-7.98308],[-36.68816,-7.98512],[-36.68816,-7.98784],[-36.68404,-7.9858],[-36.68335,-7.98308]],[[-36.65382,-7.98376],[-36.65657,-7.98444],[-36.65451,-7.9858],[-36.65382,-7.98376]],[[-36.86394,-7.98308],[-36.88866,-7.99668],[-36.89072,-8.00076],[-36.87492,-7.99464],[-36.86394,-7.98308]],[[-36.6861,-7.98988],[-36.69502,-7.99124],[-36.69777,-7.99736],[-36.6909,-8.00076],[-36.68678,-7.9994],[-36.6861,-7.98988]],[[-37.13242,-7.98988],[-37.13654,-7.99192],[-37.1331,-7.99396],[-37.13242,-7.98988]],[[-36.72043,-7.99532],[-36.71837,-7.99804],[-36.717,-7.99532],[-36.72043,-7.99532]],[[-37.1125,-7.996],[-37.11937,-7.99872],[-37.12967,-7.99804],[-37.13379,-8.00416],[-37.12212,-8.00552],[-37.11731,-8.0028],[-37.11731,-7.9994],[-37.11113,-8.00008],[-37.1125,-7.996]],[[-36.69983,-7.9994],[-36.70258,-7.9994],[-36.70189,-8.00076],[-36.69983,-7.9994]],[[-36.71219,-8.00008],[-36.71837,-8.0062],[-36.71288,-8.00756],[-36.71013,-8.01164],[-36.7067,-8.00076],[-36.71219,-8.00008]],[[-36.72523,-8.00144],[-36.73347,-8.00416],[-36.7321,-8.01096],[-36.73553,-8.0164],[-36.72867,-8.013],[-36.7218,-8.013],[-36.72249,-8.00552],[-36.72523,-8.00144]],[[-36.65039,-8.013],[-36.64833,-8.01232],[-36.64833,-8.01028],[-36.65039,-8.01028],[-36.65039,-8.013]],[[-37.12074,-8.01708],[-37.13722,-8.01708],[-37.13791,-8.02388],[-37.1331,-8.03611],[-37.12692,-8.04155],[-37.12143,-8.04155],[-37.12006,-8.03883],[-37.1228,-8.03815],[-37.12349,-8.03339],[-37.12624,-8.03135],[-37.12212,-8.02795],[-37.12349,-8.02048],[-37.12074,-8.01708]],[[-37.06032,-8.05379],[-37.07474,-8.05787],[-37.07542,-8.06059],[-37.06375,-8.06467],[-37.03903,-8.06671],[-37.03972,-8.06399],[-37.0459,-8.06263],[-37.04796,-8.05991],[-37.05345,-8.05991],[-37.05551,-8.05447],[-37.06032,-8.05379]],[[-36.78291,-8.11362],[-36.78017,-8.11565],[-36.78017,-8.11429],[-36.78291,-8.11362]],[[-36.88934,-8.15032],[-36.90376,-8.15304],[-36.90514,-8.15644],[-36.89209,-8.15508],[-36.88934,-8.15236],[-36.88934,-8.15032]],[[-37.13173,-8.16188],[-37.12898,-8.16459],[-37.12418,-8.16324],[-37.12624,-8.16052],[-37.13173,-8.16188]],[[-36.84334,-8.16731],[-36.84746,-8.17479],[-36.84608,-8.18091],[-36.84265,-8.18091],[-36.84196,-8.17275],[-36.83784,-8.16935],[-36.83853,-8.16731],[-36.84334,-8.16731]],[[-36.92711,-8.17819],[-36.92917,-8.18091],[-36.9278,-8.18159],[-36.92711,-8.17819]],[[-36.99097,-8.18023],[-36.99852,-8.18566],[-36.99921,-8.19178],[-36.99371,-8.19246],[-36.98479,-8.18634],[-36.98479,-8.18023],[-36.99097,-8.18023]],[[-37.01225,-8.1877],[-37.02805,-8.19178],[-37.03491,-8.18906],[-37.04109,-8.19178],[-37.04453,-8.19518],[-37.04178,-8.1979],[-37.05139,-8.20605],[-37.05276,-8.21149],[-37.04659,-8.21081],[-37.03354,-8.21421],[-37.02942,-8.22168],[-37.02393,-8.21897],[-37.02599,-8.21353],[-37.015,-8.20537],[-37.00539,-8.19246],[-37.01225,-8.1877]],[[-36.93398,-8.19518],[-36.94221,-8.19994],[-36.9429,-8.20333],[-36.93672,-8.20198],[-36.93672,-8.1979],[-36.93398,-8.19518]],[[-37.04796,-8.19722],[-37.04727,-8.1979],[-37.04727,-8.19722],[-37.04796,-8.19722]],[[-37.07954,-8.21897],[-37.08229,-8.22168],[-37.07954,-8.221],[-37.07954,-8.21897]],[[-35.87693,-6.57755],[-35.87693,-6.57755],[-35.8672,-6.5447],[-35.87693,-6.57755]],[[-35.80839,-6.86429],[-35.81,-6.8637],[-35.8281,-6.8583],[-35.80839,-6.86429]],[[-36.2315,-7.114],[-36.2326,-7.0929],[-36.2326,-7.1053],[-36.2315,-7.114]]],[[[-36.53229,-6.83235],[-36.53435,-6.83167],[-36.53229,-6.82896],[-36.53229,-6.83235]]],[[[-36.57417,-6.88485],[-36.57442,-6.88485],[-36.57417,-6.88447],[-36.57417,-6.88485]]],[[[-36.5728,-6.88235],[-36.57349,-6.88348],[-36.57398,-6.88416],[-36.5728,-6.88235]]],[[[-36.57211,-6.88212],[-36.57265,-6.88212],[-36.57211,-6.88129],[-36.57211,-6.88212]]],[[[-38.65471,-7.5497],[-38.65471,-7.55032],[-38.65518,-7.5497],[-38.65471,-7.5497]]],[[[-38.6554,-7.54902],[-38.6554,-7.54941],[-38.65569,-7.54902],[-38.6554,-7.54902]]],[[[-36.43684,-6.62096],[-36.43684,-6.62212],[-36.43714,-6.62096],[-36.43684,-6.62096]]],[[[-38.0024,-7.77835],[-38.00034,-7.77495],[-37.99622,-7.77767],[-37.99622,-7.77896],[-38.0024,-7.77835]]],[[[-38.6911,-7.6341],[-38.6911,-7.6341],[-38.69112,-7.6341],[-38.6911,-7.6341]]],[[[-38.29793,-7.811],[-38.29765,-7.81304],[-38.29777,-7.81304],[-38.29793,-7.811]]],[[[-38.02231,-7.75658],[-38.02231,-7.75678],[-38.02253,-7.75658],[-38.02231,-7.75658]]],[[[-37.15919,-8.17071],[-37.15919,-8.17076],[-37.15933,-8.17071],[-37.15919,-8.17071]]],[[[-37.1603,-8.17003],[-37.15988,-8.17051],[-37.1602,-8.1704],[-37.1603,-8.17003]]]]}},{"type":"Feature","properties":{"faixa":"500 a 700 m","ordem":4,"area_km2":2.5},"geometry":{"type":"Polygon","coordinates":[[[-37.89047,-7.23034],[-37.87605,-7.24328],[-37.87605,-7.25009],[-37.88498,-7.24941],[-37.89185,-7.24396],[-37.89391,-7.23306],[-37.89047,-7.23034]]]}},{"type":"Feature","properties":{"faixa":"500 a 700 m","ordem":4,"area_km2":4.6},"geometry":{"type":"Polygon","coordinates":[[[-37.48535,-7.16358],[-37.45514,-7.16085],[-37.44759,-7.16358],[-37.45857,-7.16834],[-37.46407,-7.16766],[-37.47574,-7.17379],[-37.49565,-7.17311],[-37.50183,-7.17516],[-37.50389,-7.17311],[-37.50114,-7.17039],[-37.49016,-7.16834],[-37.48535,-7.16358]]]}},{"type":"Feature","properties":{"faixa":"500 a 700 m","ordem":4,"area_km2":2.0},"geometry":{"type":"Polygon","coordinates":[[[-38.22487,-6.8978],[-38.2235,-6.90461],[-38.21938,-6.90393],[-38.2235,-6.90939],[-38.23174,-6.91007],[-38.23517,-6.90461],[-38.23792,-6.9053],[-38.24203,-6.90189],[-38.23997,-6.89916],[-38.23242,-6.89848],[-38.22899,-6.90052],[-38.22762,-6.8978],[-38.22487,-6.8978]]]}},{"type":"Feature","properties":{"faixa":"500 a 700 m","ordem":4,"area_km2":7.3},"geometry":{"type":"Polygon","coordinates":[[[-38.49129,-6.97891],[-38.49335,-6.98573],[-38.47069,-6.98436],[-38.46863,-6.98777],[-38.46107,-6.98913],[-38.47069,-6.99322],[-38.47961,-6.99322],[-38.48511,-6.99731],[-38.49129,-6.99663],[-38.50639,-7.00345],[-38.5112,-7.0014],[-38.52013,-7.00345],[-38.51807,-6.99867],[-38.51189,-6.99595],[-38.51257,-6.98981],[-38.49953,-6.98641],[-38.49815,-6.97959],[-38.49129,-6.97891]]]}},{"type":"Feature","properties":{"faixa":"500 a 700 m","ordem":4,"area_km2":8.1},"geometry":{"type":"Polygon","coordinates":[[[-37.09328,-7.04433],[-37.09259,-7.05047],[-37.08778,-7.04842],[-37.07405,-7.04979],[-37.07405,-7.05183],[-37.08298,-7.05456],[-37.07199,-7.06069],[-37.06993,-7.0641],[-37.08023,-7.06546],[-37.08298,-7.06273],[-37.09259,-7.0641],[-37.09534,-7.06205],[-37.10014,-7.06819],[-37.1077,-7.06955],[-37.10976,-7.06342],[-37.11319,-7.06273],[-37.11456,-7.05933],[-37.12418,-7.05933],[-37.1228,-7.05251],[-37.12006,-7.05115],[-37.09602,-7.04842],[-37.09671,-7.04502],[-37.09328,-7.04433]],[[-37.10564,-7.05524],[-37.10358,-7.06342],[-37.1022,-7.06342],[-37.09808,-7.05524],[-37.10564,-7.05524]]]}},{"type":"Feature","properties":{"faixa":"500 a 700 m","ordem":4,"area_km2":5.5},"geometry":{"type":"Polygon","coordinates":[[[-36.0276,-7.46733],[-36.02348,-7.47005],[-36.02486,-7.4755],[-36.0379,-7.48707],[-36.05301,-7.48843],[-36.06056,-7.47822],[-36.05988,-7.4755],[-36.05232,-7.47686],[-36.04889,-7.47481],[-36.04889,-7.47209],[-36.0276,-7.46733]],[[-36.04958,-7.48094],[-36.05095,-7.48435],[-36.04752,-7.48435],[-36.04752,-7.48162],[-36.04958,-7.48094]]]}},{"type":"Feature","properties":{"faixa":"500 a 700 m","ordem":4,"area_km2":2.2},"geometry":{"type":"Polygon","coordinates":[[[-35.74883,-7.50477],[-35.74951,-7.5143],[-35.75706,-7.51702],[-35.75638,-7.52247],[-35.76736,-7.52587],[-35.77492,-7.52247],[-35.77217,-7.51907],[-35.75569,-7.5143],[-35.75363,-7.50681],[-35.74883,-7.50477]]]}},{"type":"Feature","properties":{"faixa":"500 a 700 m","ordem":4,"area_km2":46.4},"geometry":{"type":"Polygon","coordinates":[[[-35.52239,-7.5953],[-35.54352,-7.59734],[-35.5442,-7.59326],[-35.54832,-7.59122],[-35.55862,-7.59258],[-35.55725,-7.58373],[-35.56412,-7.58237],[-35.56137,-7.57761],[-35.55176,-7.57897],[-35.54901,-7.57624],[-35.5442,-7.57624],[-35.54626,-7.56671],[-35.55382,-7.56603],[-35.55656,-7.56263],[-35.56137,-7.56331],[-35.56412,-7.55923],[-35.55931,-7.55514],[-35.5545,-7.55446],[-35.5497,-7.55446],[-35.54764,-7.55719],[-35.53871,-7.55378],[-35.53185,-7.55514],[-35.5291,-7.55106],[-35.53596,-7.54697],[-35.53596,-7.54425],[-35.54283,-7.53745],[-35.54146,-7.5354],[-35.52979,-7.53404],[-35.52773,-7.52928],[-35.5188,-7.53064],[-35.51743,-7.52587],[-35.51949,-7.52247],[-35.51674,-7.51838],[-35.52017,-7.50885],[-35.51125,-7.50749],[-35.51262,-7.50409],[-35.52017,-7.50273],[-35.52841,-7.49592],[-35.52429,-7.49115],[-35.53047,-7.48435],[-35.5085,-7.48639],[-35.5085,-7.48026],[-35.51125,-7.47618],[-35.52223,-7.47413],[-35.52223,-7.47005],[-35.5291,-7.46528],[-35.52292,-7.46188],[-35.51605,-7.46256],[-35.48447,-7.45235],[-35.47417,-7.45303],[-35.46318,-7.44622],[-35.45494,-7.45031],[-35.45288,-7.45031],[-35.45219,-7.44622],[-35.43503,-7.44894],[-35.43297,-7.45303],[-35.43503,-7.45779],[-35.43777,-7.45643],[-35.43915,-7.45978],[-35.4504,-7.4534],[-35.4538,-7.4626],[-35.4635,-7.4624],[-35.4761,-7.4762],[-35.489,-7.4782],[-35.4949,-7.4839],[-35.504,-7.508],[-35.5019,-7.5125],[-35.5092,-7.5175],[-35.5124,-7.5315],[-35.5167,-7.5312],[-35.5214,-7.5412],[-35.5199,-7.5504],[-35.5272,-7.57],[-35.5373,-7.5806],[-35.5359,-7.5886],[-35.5279,-7.5902],[-35.52239,-7.5953]]]}},{"type":"Feature","properties":{"faixa":"500 a 700 m","ordem":4,"area_km2":14.3},"geometry":{"type":"Polygon","coordinates":[[[-35.52688,-7.63069],[-35.5394,-7.63069],[-35.54695,-7.63341],[-35.56618,-7.63273],[-35.57236,-7.63137],[-35.57648,-7.62729],[-35.56892,-7.62321],[-35.56824,-7.61572],[-35.55862,-7.60891],[-35.53528,-7.60007],[-35.52058,-7.59802],[-35.5183,-7.604],[-35.5258,-7.6076],[-35.5317,-7.6217],[-35.52688,-7.63069]]]}},{"type":"Feature","properties":{"faixa":"500 a 700 m","ordem":4,"area_km2":4.0},"geometry":{"type":"Polygon","coordinates":[[[-36.08047,-7.56399],[-36.0585,-7.56467],[-36.05232,-7.5674],[-36.04477,-7.56603],[-36.04134,-7.56944],[-36.03378,-7.56808],[-36.02486,-7.5708],[-36.02486,-7.57352],[-36.03722,-7.57488],[-36.03996,-7.57148],[-36.0537,-7.57148],[-36.05919,-7.57488],[-36.06194,-7.57216],[-36.08185,-7.56944],[-36.08047,-7.56399]]]}},{"type":"Feature","properties":{"faixa":"500 a 700 m","ordem":4,"area_km2":95.6},"geometry":{"type":"MultiPolygon","coordinates":[[[[-35.92186,-7.78719],[-35.90607,-7.79128],[-35.90744,-7.78583],[-35.89783,-7.77971],[-35.89989,-7.77427],[-35.90607,-7.77223],[-35.91637,-7.7627],[-35.91637,-7.7593],[-35.91431,-7.75862],[-35.91156,-7.74841],[-35.90675,-7.74909],[-35.90469,-7.74569],[-35.89851,-7.74637],[-35.89645,-7.74229],[-35.8889,-7.73753],[-35.89439,-7.73685],[-35.89714,-7.74161],[-35.90401,-7.74161],[-35.90263,-7.73481],[-35.89989,-7.73345],[-35.8992,-7.72732],[-35.90126,-7.72528],[-35.91705,-7.73004],[-35.92323,-7.72256],[-35.92049,-7.71712],[-35.9095,-7.71303],[-35.90744,-7.70827],[-35.90195,-7.70487],[-35.89096,-7.70283],[-35.88684,-7.70691],[-35.88478,-7.70419],[-35.87585,-7.70215],[-35.87379,-7.70351],[-35.87448,-7.71235],[-35.8683,-7.70895],[-35.86693,-7.70487],[-35.86418,-7.70555],[-35.86281,-7.71371],[-35.85732,-7.71031],[-35.85732,-7.71439],[-35.86349,-7.71848],[-35.86212,-7.72256],[-35.86624,-7.72936],[-35.86555,-7.73413],[-35.87379,-7.73685],[-35.87517,-7.74093],[-35.87517,-7.74365],[-35.86075,-7.74365],[-35.85663,-7.73957],[-35.84908,-7.74025],[-35.84084,-7.73413],[-35.83534,-7.73617],[-35.8326,-7.73208],[-35.82573,-7.73208],[-35.8223,-7.72732],[-35.81886,-7.72732],[-35.81406,-7.72256],[-35.80856,-7.72188],[-35.80444,-7.71848],[-35.79552,-7.71916],[-35.78384,-7.70759],[-35.78178,-7.70827],[-35.78522,-7.71303],[-35.77835,-7.71439],[-35.7756,-7.71848],[-35.77629,-7.72324],[-35.78041,-7.7246],[-35.78041,-7.728],[-35.77492,-7.728],[-35.75844,-7.71984],[-35.75775,-7.71644],[-35.75432,-7.71439],[-35.75432,-7.71031],[-35.74196,-7.70147],[-35.71655,-7.70419],[-35.71724,-7.69942],[-35.71243,-7.6933],[-35.71312,-7.68854],[-35.70007,-7.69126],[-35.69664,-7.68922],[-35.69733,-7.68445],[-35.69458,-7.68105],[-35.68565,-7.67629],[-35.68291,-7.67697],[-35.68428,-7.68377],[-35.69321,-7.69126],[-35.68977,-7.69738],[-35.68016,-7.68786],[-35.66574,-7.69262],[-35.67604,-7.68105],[-35.67055,-7.67357],[-35.66368,-7.67357],[-35.65887,-7.67765],[-35.6575,-7.68786],[-35.66093,-7.69262],[-35.65544,-7.69398],[-35.64995,-7.69194],[-35.64857,-7.68854],[-35.65475,-7.68786],[-35.65201,-7.68241],[-35.6472,-7.67833],[-35.63278,-7.67425],[-35.63622,-7.6688],[-35.63278,-7.6654],[-35.6321,-7.65791],[-35.63759,-7.65723],[-35.63965,-7.65383],[-35.6472,-7.65655],[-35.64789,-7.65111],[-35.64583,-7.64907],[-35.61012,-7.64907],[-35.59639,-7.64566],[-35.59158,-7.64839],[-35.58334,-7.64839],[-35.58128,-7.64566],[-35.57236,-7.64498],[-35.57098,-7.64771],[-35.57373,-7.65179],[-35.5648,-7.65451],[-35.56,-7.65859],[-35.55519,-7.65383],[-35.5497,-7.65723],[-35.54901,-7.65519],[-35.54489,-7.65655],[-35.53528,-7.65247],[-35.53528,-7.65559],[-35.5596,-7.6613],[-35.5877,-7.6502],[-35.5975,-7.6543],[-35.6079,-7.6534],[-35.6195,-7.6625],[-35.6213,-7.6686],[-35.6315,-7.6812],[-35.6453,-7.6924],[-35.6568,-7.6977],[-35.6675,-7.6974],[-35.6841,-7.7078],[-35.6954,-7.694],[-35.7068,-7.6958],[-35.7136,-7.7074],[-35.7365,-7.7096],[-35.7431,-7.7138],[-35.7473,-7.7232],[-35.759,-7.7224],[-35.7676,-7.7267],[-35.7806,-7.7384],[-35.80582,-7.74352],[-35.80788,-7.74025],[-35.81337,-7.73889],[-35.8253,-7.7496],[-35.8507,-7.7475],[-35.8623,-7.751],[-35.8721,-7.7495],[-35.8818,-7.7544],[-35.881,-7.7663],[-35.8838,-7.7748],[-35.8917,-7.78],[-35.8982,-7.7889],[-35.9094,-7.7925],[-35.92186,-7.78719]]],[[[-35.92461,-7.78651],[-35.92461,-7.78669],[-35.92506,-7.78651],[-35.92461,-7.78651]]],[[[-35.92598,-7.78583],[-35.92598,-7.78616],[-35.92684,-7.78583],[-35.92598,-7.78583]]],[[[-35.93834,-7.78682],[-35.93216,-7.77971],[-35.93216,-7.78447],[-35.93079,-7.78515],[-35.92804,-7.78515],[-35.92804,-7.78538],[-35.93834,-7.78682]]],[[[-35.95001,-7.78855],[-35.94452,-7.78787],[-35.94218,-7.78923],[-35.9434,-7.79],[-35.95001,-7.78855]]],[[[-36.01456,-7.81032],[-36.01662,-7.80692],[-36.00632,-7.80216],[-36.00838,-7.79672],[-35.98778,-7.78311],[-35.98297,-7.78175],[-35.9816,-7.78923],[-35.9761,-7.78651],[-35.97816,-7.78379],[-35.97679,-7.78107],[-35.96718,-7.78379],[-35.96718,-7.78107],[-35.97061,-7.77971],[-35.96855,-7.77019],[-35.95207,-7.75862],[-35.95139,-7.76338],[-35.95551,-7.76474],[-35.95619,-7.77019],[-35.96237,-7.77359],[-35.96443,-7.77767],[-35.96031,-7.77835],[-35.95963,-7.78175],[-35.95001,-7.77835],[-35.95001,-7.78651],[-35.974,-7.792],[-35.9814,-7.8032],[-35.991,-7.7999],[-35.9962,-7.8039],[-35.9982,-7.8138],[-36.01456,-7.81032]]],[[[-35.8065,-7.74365],[-35.80623,-7.74365],[-35.8065,-7.74374],[-35.8065,-7.74365]]]]}},{"type":"Feature","properties":{"faixa":"500 a 700 m","ordem":4,"area_km2":24.0},"geometry":{"type":"Polygon","coordinates":[[[-38.37936,-6.43404],[-38.38211,-6.43472],[-38.3876,-6.42994],[-38.39447,-6.42858],[-38.39378,-6.43199],[-38.38898,-6.43335],[-38.38898,-6.43949],[-38.38554,-6.44154],[-38.39516,-6.44291],[-38.40065,-6.43949],[-38.40134,-6.45519],[-38.40477,-6.45519],[-38.40683,-6.45041],[-38.41164,-6.44905],[-38.41438,-6.44427],[-38.41988,-6.44495],[-38.424,-6.44018],[-38.43018,-6.44222],[-38.43498,-6.43677],[-38.44528,-6.43404],[-38.44872,-6.43062],[-38.45284,-6.43335],[-38.45215,-6.44018],[-38.4597,-6.44222],[-38.45901,-6.43199],[-38.45627,-6.43062],[-38.45833,-6.42585],[-38.45558,-6.42858],[-38.45009,-6.42858],[-38.44597,-6.42107],[-38.44048,-6.41971],[-38.44322,-6.41766],[-38.44185,-6.41357],[-38.45009,-6.41425],[-38.44528,-6.40879],[-38.44872,-6.40538],[-38.44872,-6.40197],[-38.4383,-6.4099],[-38.4271,-6.4138],[-38.4017,-6.4096],[-38.3845,-6.4222],[-38.37936,-6.43404]]]}},{"type":"Feature","properties":{"faixa":"500 a 700 m","ordem":4,"area_km2":5.8},"geometry":{"type":"Polygon","coordinates":[[[-38.27637,-6.5125],[-38.26675,-6.51659],[-38.26607,-6.52478],[-38.27637,-6.53023],[-38.28117,-6.54047],[-38.28598,-6.54047],[-38.28598,-6.53228],[-38.29147,-6.52614],[-38.29697,-6.52546],[-38.30177,-6.52887],[-38.31001,-6.52751],[-38.30795,-6.52409],[-38.29079,-6.52068],[-38.28529,-6.51659],[-38.27911,-6.51659],[-38.27637,-6.5125]],[[-38.27156,-6.52341],[-38.27431,-6.52273],[-38.27431,-6.52409],[-38.27156,-6.52341]]]}},{"type":"Feature","properties":{"faixa":"500 a 700 m","ordem":4,"area_km2":55.4},"geometry":{"type":"MultiPolygon","coordinates":[[[[-38.52081,-6.40333],[-38.51189,-6.39105],[-38.51189,-6.41152],[-38.51051,-6.41357],[-38.50433,-6.41357],[-38.50777,-6.42858],[-38.5112,-6.42858],[-38.51532,-6.42107],[-38.51944,-6.42585],[-38.52219,-6.42585],[-38.52768,-6.41902],[-38.5318,-6.42653],[-38.52493,-6.42994],[-38.51944,-6.44018],[-38.51532,-6.43813],[-38.51257,-6.44222],[-38.5356,-6.4466],[-38.51326,-6.44324],[-38.50914,-6.44632],[-38.50571,-6.45382],[-38.51944,-6.46747],[-38.52287,-6.46747],[-38.52768,-6.47497],[-38.53661,-6.46883],[-38.53867,-6.47566],[-38.54416,-6.4777],[-38.55171,-6.47634],[-38.55309,-6.48043],[-38.55927,-6.48111],[-38.56407,-6.48657],[-38.55377,-6.48521],[-38.54828,-6.49067],[-38.55034,-6.49681],[-38.55652,-6.50295],[-38.56133,-6.50499],[-38.57025,-6.50363],[-38.57918,-6.51318],[-38.58673,-6.51659],[-38.59222,-6.51454],[-38.59154,-6.50704],[-38.58673,-6.49953],[-38.60321,-6.5084],[-38.6039,-6.51318],[-38.5984,-6.51318],[-38.60115,-6.51932],[-38.59772,-6.52205],[-38.59703,-6.52955],[-38.58742,-6.53092],[-38.58948,-6.54592],[-38.59703,-6.55616],[-38.60596,-6.5582],[-38.60939,-6.54729],[-38.61557,-6.55138],[-38.62312,-6.5507],[-38.61566,-6.54183],[-38.61214,-6.54251],[-38.60939,-6.53978],[-38.6087,-6.53501],[-38.60115,-6.52751],[-38.60596,-6.52546],[-38.6161,-6.5281],[-38.6123,-6.5132],[-38.595,-6.5004],[-38.57437,-6.47508],[-38.57643,-6.48043],[-38.57368,-6.47702],[-38.56613,-6.47429],[-38.5704,-6.4702],[-38.5705,-6.4582],[-38.567,-6.4521],[-38.56133,-6.44973],[-38.56201,-6.45314],[-38.55446,-6.45246],[-38.5543,-6.4328],[-38.5384,-6.4213],[-38.5245,-6.4071],[-38.5245,-6.40333],[-38.52081,-6.40333]],[[-38.57849,-6.48248],[-38.58055,-6.48316],[-38.58124,-6.48453],[-38.57849,-6.48248]],[[-38.55377,-6.49135],[-38.5627,-6.49681],[-38.5627,-6.50022],[-38.55652,-6.49817],[-38.55377,-6.49408],[-38.55377,-6.49135]],[[-38.58124,-6.50704],[-38.58467,-6.5084],[-38.58673,-6.51113],[-38.58192,-6.50977],[-38.58124,-6.50704]],[[-38.59703,-6.53706],[-38.6039,-6.54456],[-38.60321,-6.55138],[-38.59428,-6.54456],[-38.59291,-6.53706],[-38.59703,-6.53706]]],[[[-38.57368,-6.47497],[-38.57429,-6.47497],[-38.57368,-6.47423],[-38.57368,-6.47497]]],[[[-38.573,-6.47361],[-38.57318,-6.47361],[-38.573,-6.47339],[-38.573,-6.47361]]],[[[-38.57094,-6.47088],[-38.57095,-6.47088],[-38.57094,-6.47086],[-38.57094,-6.47088]]]]}},{"type":"Feature","properties":{"faixa":"500 a 700 m","ordem":4,"area_km2":6.7},"geometry":{"type":"Polygon","coordinates":[[[-37.0665,-7.07568],[-37.04384,-7.08454],[-37.03491,-7.08045],[-37.02805,-7.08045],[-37.0253,-7.0859],[-37.02805,-7.08726],[-37.02805,-7.0934],[-37.03354,-7.09544],[-37.03285,-7.09885],[-37.04933,-7.09885],[-37.05551,-7.0968],[-37.06032,-7.09067],[-37.06169,-7.08658],[-37.05757,-7.0825],[-37.06993,-7.08045],[-37.06993,-7.07636],[-37.0665,-7.07568]],[[-37.03354,-7.08726],[-37.04041,-7.09135],[-37.03285,-7.09067],[-37.03354,-7.08726]]]}},{"type":"Feature","properties":{"faixa":"500 a 700 m","ordem":4,"area_km2":3.7},"geometry":{"type":"Polygon","coordinates":[[[-38.3313,-6.57253],[-38.32718,-6.57594],[-38.33061,-6.58549],[-38.33611,-6.58753],[-38.33885,-6.59367],[-38.35258,-6.59845],[-38.35327,-6.59504],[-38.34572,-6.58481],[-38.34846,-6.58071],[-38.34778,-6.57457],[-38.34641,-6.58003],[-38.34297,-6.58003],[-38.3313,-6.57253]],[[-38.3496,-6.5959],[-38.3386,-6.5813],[-38.3424,-6.5863],[-38.3496,-6.5959]]]}},{"type":"Feature","properties":{"faixa":"500 a 700 m","ordem":4,"area_km2":4.9},"geometry":{"type":"Polygon","coordinates":[[[-38.44116,-6.47224],[-38.43773,-6.47429],[-38.4446,-6.48248],[-38.44528,-6.48657],[-38.4391,-6.48316],[-38.43773,-6.48453],[-38.44528,-6.49817],[-38.4494,-6.50226],[-38.46107,-6.50431],[-38.46176,-6.50022],[-38.45695,-6.49817],[-38.45901,-6.49067],[-38.4549,-6.48589],[-38.4549,-6.47975],[-38.44116,-6.47224]]]}},{"type":"Feature","properties":{"faixa":"500 a 700 m","ordem":4,"area_km2":5.3},"geometry":{"type":"Polygon","coordinates":[[[-37.59796,-7.1043],[-37.55539,-7.10498],[-37.55402,-7.10703],[-37.57668,-7.11043],[-37.58148,-7.11248],[-37.5856,-7.11861],[-37.59247,-7.12133],[-37.60071,-7.12133],[-37.60414,-7.11793],[-37.60139,-7.10771],[-37.59796,-7.1043]],[[-37.58492,-7.10703],[-37.58698,-7.10839],[-37.58217,-7.10703],[-37.58492,-7.10703]],[[-37.59659,-7.10771],[-37.58766,-7.10907],[-37.58766,-7.10771],[-37.59659,-7.10771]]]}},{"type":"Feature","properties":{"faixa":"500 a 700 m","ordem":4,"area_km2":2.4},"geometry":{"type":"Polygon","coordinates":[[[-36.94359,-6.97209],[-36.94221,-6.9755],[-36.93398,-6.97278],[-36.93466,-6.97959],[-36.94153,-6.98777],[-36.95251,-6.99118],[-36.94839,-6.98641],[-36.95114,-6.98095],[-36.94771,-6.97414],[-36.94359,-6.97209]]]}},{"type":"Feature","properties":{"faixa":"500 a 700 m","ordem":4,"area_km2":2.1},"geometry":{"type":"Polygon","coordinates":[[[-38.13698,-6.88962],[-38.1356,-6.89303],[-38.12805,-6.89439],[-38.12462,-6.90257],[-38.12943,-6.90189],[-38.13904,-6.90802],[-38.14178,-6.90393],[-38.13972,-6.89643],[-38.14178,-6.89234],[-38.13698,-6.88962]]]}},{"type":"Feature","properties":{"faixa":"500 a 700 m","ordem":4,"area_km2":1.5},"geometry":{"type":"Polygon","coordinates":[[[-36.96556,-6.95778],[-36.96007,-6.96323],[-36.96419,-6.96869],[-36.96762,-6.97005],[-36.97586,-6.96596],[-36.9738,-6.95983],[-36.96556,-6.95778]]]}},{"type":"Feature","properties":{"faixa":"500 a 700 m","ordem":4,"area_km2":14.7},"geometry":{"type":"Polygon","coordinates":[[[-37.65839,-7.00413],[-37.6577,-7.00753],[-37.66388,-7.01299],[-37.67899,-7.02185],[-37.68585,-7.02253],[-37.69135,-7.02593],[-37.74422,-7.02593],[-37.81769,-7.0198],[-37.81425,-7.01708],[-37.80052,-7.01571],[-37.76001,-7.01912],[-37.75314,-7.01776],[-37.75108,-7.0198],[-37.74765,-7.01776],[-37.70508,-7.01708],[-37.65839,-7.00413]],[[-37.69409,-7.01912],[-37.69203,-7.0198],[-37.69203,-7.01912],[-37.69409,-7.01912]]]}},{"type":"Feature","properties":{"faixa":"500 a 700 m","ordem":4,"area_km2":2.8},"geometry":{"type":"Polygon","coordinates":[[[-36.92505,-6.93392],[-36.93329,-6.95642],[-36.9429,-6.96392],[-36.94702,-6.96392],[-36.94702,-6.95437],[-36.94016,-6.95301],[-36.93672,-6.94347],[-36.92505,-6.93392]]]}},{"type":"Feature","properties":{"faixa":"500 a 700 m","ordem":4,"area_km2":7.0},"geometry":{"type":"Polygon","coordinates":[[[-38.16582,-7.22012],[-38.14865,-7.23102],[-38.1411,-7.22829],[-38.14453,-7.23374],[-38.13835,-7.2351],[-38.13904,-7.24055],[-38.14865,-7.2426],[-38.1617,-7.24124],[-38.16307,-7.24532],[-38.16032,-7.25145],[-38.1665,-7.25281],[-38.16788,-7.23579],[-38.17612,-7.23579],[-38.18092,-7.2317],[-38.17131,-7.22761],[-38.16994,-7.22557],[-38.172,-7.22216],[-38.16582,-7.22012]]]}},{"type":"Feature","properties":{"faixa":"700 a 900 m","ordem":5,"area_km2":7.1},"geometry":{"type":"Polygon","coordinates":[[[-37.1077,-7.81781],[-37.10701,-7.82257],[-37.11319,-7.82597],[-37.11731,-7.83345],[-37.118,-7.84093],[-37.12624,-7.84706],[-37.13585,-7.84638],[-37.13585,-7.84025],[-37.1386,-7.83753],[-37.14615,-7.83957],[-37.14821,-7.83617],[-37.14066,-7.82529],[-37.13173,-7.82801],[-37.12692,-7.82597],[-37.1228,-7.82053],[-37.11662,-7.82121],[-37.11456,-7.81849],[-37.1077,-7.81781]]]}},{"type":"Feature","properties":{"faixa":"700 a 900 m","ordem":5,"area_km2":7.2},"geometry":{"type":"Polygon","coordinates":[[[-37.11456,-7.74909],[-37.11594,-7.75998],[-37.12212,-7.76542],[-37.12143,-7.78039],[-37.12761,-7.78447],[-37.13654,-7.79944],[-37.1434,-7.80148],[-37.14684,-7.79468],[-37.14203,-7.78175],[-37.13585,-7.77563],[-37.13448,-7.76814],[-37.12967,-7.76678],[-37.12349,-7.7559],[-37.11456,-7.74909]]]}},{"type":"Feature","properties":{"faixa":"700 a 900 m","ordem":5,"area_km2":10.0},"geometry":{"type":"Polygon","coordinates":[[[-37.01225,-8.1877],[-37.00539,-8.19246],[-37.015,-8.20537],[-37.02599,-8.21353],[-37.02393,-8.21897],[-37.02736,-8.221],[-37.03217,-8.21897],[-37.03354,-8.21421],[-37.04659,-8.21081],[-37.05276,-8.21149],[-37.05139,-8.20605],[-37.04178,-8.1979],[-37.04453,-8.19518],[-37.04109,-8.19178],[-37.03491,-8.18906],[-37.02805,-8.19178],[-37.01225,-8.1877]]]}},{"type":"Feature","properties":{"faixa":"700 a 900 m","ordem":5,"area_km2":3.3},"geometry":{"type":"Polygon","coordinates":[[[-37.15988,-8.16799],[-37.14752,-8.16799],[-37.14546,-8.17343],[-37.14272,-8.17411],[-37.1283,-8.17071],[-37.12624,-8.16799],[-37.11731,-8.16867],[-37.11182,-8.16527],[-37.10838,-8.16731],[-37.10838,-8.17275],[-37.118,-8.17683],[-37.1265,-8.1737],[-37.1412,-8.1772],[-37.15988,-8.17051],[-37.15988,-8.16799]]]}},{"type":"Feature","properties":{"faixa":"700 a 900 m","ordem":5,"area_km2":1.5},"geometry":{"type":"Polygon","coordinates":[[[-36.98685,-8.17955],[-36.9841,-8.18091],[-36.98685,-8.18838],[-36.99371,-8.19246],[-36.99989,-8.1911],[-36.99852,-8.18566],[-36.9944,-8.18159],[-36.98685,-8.17955]]]}},{"type":"Feature","properties":{"faixa":"700 a 900 m","ordem":5,"area_km2":3.0},"geometry":{"type":"Polygon","coordinates":[[[-37.05894,-8.05311],[-37.05414,-8.05583],[-37.05345,-8.05991],[-37.04796,-8.05991],[-37.0459,-8.06263],[-37.03972,-8.06399],[-37.03903,-8.06671],[-37.06375,-8.06467],[-37.07542,-8.06059],[-37.07474,-8.05787],[-37.05894,-8.05311]]]}},{"type":"Feature","properties":{"faixa":"700 a 900 m","ordem":5,"area_km2":4.3},"geometry":{"type":"Polygon","coordinates":[[[-37.67693,-7.35157],[-37.66594,-7.37132],[-37.67212,-7.37268],[-37.67624,-7.36928],[-37.67899,-7.37268],[-37.68585,-7.37064],[-37.69066,-7.37472],[-37.69478,-7.3686],[-37.69341,-7.36451],[-37.68585,-7.35974],[-37.68517,-7.35566],[-37.68105,-7.35634],[-37.68105,-7.35157],[-37.67693,-7.35157]]]}},{"type":"Feature","properties":{"faixa":"700 a 900 m","ordem":5,"area_km2":4.1},"geometry":{"type":"Polygon","coordinates":[[[-37.96394,-6.59913],[-37.9509,-6.60732],[-37.95227,-6.61414],[-37.96394,-6.61414],[-37.97081,-6.61891],[-37.97081,-6.61004],[-37.9763,-6.61004],[-37.9818,-6.60118],[-37.96394,-6.59913]]]}},{"type":"Feature","properties":{"faixa":"700 a 900 m","ordem":5,"area_km2":277.3},"geometry":{"type":"MultiPolygon","coordinates":[[[[-38.29834,-7.80556],[-38.29491,-7.80284],[-38.29147,-7.80692],[-38.28735,-7.80692],[-38.28667,-7.79876],[-38.28461,-7.79808],[-38.28461,-7.8042],[-38.27637,-7.80624],[-38.28186,-7.81441],[-38.27568,-7.81509],[-38.27431,-7.81781],[-38.26881,-7.81645],[-38.26126,-7.81849],[-38.26126,-7.80964],[-38.25851,-7.80964],[-38.25783,-7.81441],[-38.25096,-7.81849],[-38.24753,-7.81781],[-38.24478,-7.81236],[-38.23586,-7.81168],[-38.23517,-7.80828],[-38.24135,-7.8076],[-38.24409,-7.81032],[-38.24821,-7.80896],[-38.24272,-7.79128],[-38.23929,-7.78651],[-38.23517,-7.78583],[-38.23723,-7.77835],[-38.24684,-7.77835],[-38.24753,-7.77223],[-38.24203,-7.77563],[-38.23654,-7.77223],[-38.23311,-7.75998],[-38.22899,-7.7559],[-38.2338,-7.75454],[-38.23448,-7.75182],[-38.22968,-7.74637],[-38.2386,-7.74773],[-38.23792,-7.73957],[-38.23311,-7.73889],[-38.2338,-7.73549],[-38.23586,-7.73345],[-38.24409,-7.73345],[-38.24753,-7.72936],[-38.25233,-7.72936],[-38.25233,-7.72732],[-38.24821,-7.72256],[-38.24409,-7.72188],[-38.24341,-7.71507],[-38.24066,-7.71167],[-38.23586,-7.71303],[-38.23242,-7.70895],[-38.22624,-7.70895],[-38.22693,-7.70691],[-38.23448,-7.70487],[-38.23174,-7.69602],[-38.2283,-7.69262],[-38.23311,-7.69194],[-38.23242,-7.68922],[-38.22899,-7.68718],[-38.22281,-7.68786],[-38.22556,-7.69262],[-38.22487,-7.69738],[-38.22281,-7.69738],[-38.21938,-7.69398],[-38.21869,-7.68445],[-38.21045,-7.67833],[-38.20908,-7.67357],[-38.20496,-7.67561],[-38.1974,-7.66812],[-38.18504,-7.6654],[-38.18504,-7.67152],[-38.19672,-7.68445],[-38.2029,-7.6865],[-38.1974,-7.69262],[-38.19946,-7.69874],[-38.19328,-7.70147],[-38.1926,-7.70487],[-38.20152,-7.70759],[-38.20152,-7.71167],[-38.19534,-7.71235],[-38.19672,-7.71575],[-38.20496,-7.71712],[-38.20221,-7.72324],[-38.20839,-7.72256],[-38.20633,-7.72936],[-38.21251,-7.73481],[-38.2077,-7.74229],[-38.21663,-7.74909],[-38.21388,-7.75794],[-38.21045,-7.74569],[-38.20633,-7.74705],[-38.20358,-7.74433],[-38.20427,-7.73957],[-38.20221,-7.73685],[-38.19809,-7.73889],[-38.19809,-7.74569],[-38.19534,-7.74433],[-38.18298,-7.71575],[-38.17955,-7.71712],[-38.17749,-7.7246],[-38.16856,-7.72256],[-38.16513,-7.72664],[-38.16582,-7.73413],[-38.16032,-7.73549],[-38.16376,-7.73004],[-38.16032,-7.72256],[-38.16513,-7.72392],[-38.16513,-7.71916],[-38.16719,-7.7178],[-38.16376,-7.71371],[-38.16582,-7.71235],[-38.17474,-7.71507],[-38.17818,-7.71167],[-38.17818,-7.70759],[-38.1768,-7.70078],[-38.17474,-7.70078],[-38.17337,-7.70623],[-38.16994,-7.70487],[-38.16856,-7.69602],[-38.17131,-7.69466],[-38.17131,-7.69126],[-38.16856,-7.68786],[-38.1617,-7.68581],[-38.15483,-7.67289],[-38.15414,-7.66676],[-38.14659,-7.662],[-38.1459,-7.65859],[-38.14796,-7.65859],[-38.16444,-7.66676],[-38.15689,-7.65383],[-38.15208,-7.63818],[-38.15002,-7.64158],[-38.13972,-7.64022],[-38.13148,-7.63341],[-38.12737,-7.63273],[-38.12668,-7.63614],[-38.13217,-7.64635],[-38.12874,-7.65111],[-38.12325,-7.65179],[-38.1205,-7.64703],[-38.12187,-7.64226],[-38.11707,-7.64703],[-38.10951,-7.64771],[-38.09647,-7.64362],[-38.09441,-7.63682],[-38.0896,-7.6341],[-38.08754,-7.6341],[-38.08754,-7.6375],[-38.08136,-7.63886],[-38.07243,-7.63205],[-38.07312,-7.64498],[-38.07793,-7.64635],[-38.07587,-7.65315],[-38.08617,-7.66336],[-38.08548,-7.6654],[-38.07999,-7.66404],[-38.07724,-7.66608],[-38.08273,-7.66812],[-38.08205,-7.67221],[-38.0896,-7.67289],[-38.09029,-7.67561],[-38.08617,-7.67697],[-38.08548,-7.67969],[-38.09303,-7.68377],[-38.08067,-7.69466],[-38.08205,-7.68581],[-38.07449,-7.68241],[-38.07381,-7.67697],[-38.06694,-7.66948],[-38.06213,-7.67084],[-38.05939,-7.66744],[-38.05939,-7.65791],[-38.06213,-7.65587],[-38.06213,-7.63954],[-38.05115,-7.62865],[-38.04497,-7.63205],[-38.05183,-7.65315],[-38.05183,-7.66132],[-38.05801,-7.66404],[-38.0587,-7.67969],[-38.05046,-7.68173],[-38.04291,-7.67289],[-38.03741,-7.67289],[-38.03535,-7.67357],[-38.03741,-7.68309],[-38.03123,-7.67901],[-38.0278,-7.67901],[-38.02711,-7.68173],[-38.04359,-7.69806],[-38.04291,-7.70419],[-38.04703,-7.70827],[-38.04977,-7.71031],[-38.05595,-7.70963],[-38.05046,-7.71984],[-38.06282,-7.72324],[-38.06625,-7.72732],[-38.0587,-7.7246],[-38.04909,-7.72664],[-38.05046,-7.73413],[-38.04291,-7.73345],[-38.03741,-7.73889],[-38.03467,-7.73821],[-38.03604,-7.74297],[-38.03123,-7.74433],[-38.03055,-7.74841],[-38.0396,-7.7481],[-38.05046,-7.75764],[-38.04977,-7.75046],[-38.05939,-7.74229],[-38.06213,-7.74229],[-38.06488,-7.73685],[-38.069,-7.74229],[-38.06831,-7.75046],[-38.07381,-7.74977],[-38.07999,-7.75386],[-38.07587,-7.76066],[-38.07655,-7.77359],[-38.07861,-7.77903],[-38.08342,-7.78175],[-38.08411,-7.78787],[-38.08067,-7.79332],[-38.08411,-7.79672],[-38.08685,-7.80556],[-38.07381,-7.81645],[-38.07518,-7.82257],[-38.08067,-7.82461],[-38.09303,-7.81917],[-38.10127,-7.80828],[-38.10402,-7.80828],[-38.10471,-7.80352],[-38.11226,-7.80148],[-38.11638,-7.794],[-38.12531,-7.79944],[-38.13011,-7.79604],[-38.12943,-7.79332],[-38.12119,-7.7906],[-38.11569,-7.78379],[-38.11157,-7.77427],[-38.11432,-7.76814],[-38.10745,-7.76338],[-38.1102,-7.75862],[-38.10883,-7.73821],[-38.11363,-7.73617],[-38.11432,-7.73004],[-38.12462,-7.73549],[-38.12256,-7.74229],[-38.11981,-7.74365],[-38.1205,-7.75046],[-38.12325,-7.75318],[-38.11913,-7.76134],[-38.1205,-7.76746],[-38.14041,-7.77291],[-38.14453,-7.77903],[-38.14796,-7.77495],[-38.15208,-7.77495],[-38.16101,-7.78045],[-38.1665,-7.77835],[-38.17955,-7.78039],[-38.18298,-7.77223],[-38.18779,-7.77223],[-38.18848,-7.77019],[-38.19466,-7.77155],[-38.1974,-7.77767],[-38.19809,-7.78855],[-38.19603,-7.79468],[-38.20015,-7.80012],[-38.19916,-7.80488],[-38.2127,-7.8107],[-38.2219,-7.8204],[-38.2355,-7.826],[-38.2386,-7.8307],[-38.257,-7.8311],[-38.2631,-7.8281],[-38.2755,-7.8342],[-38.2934,-7.823],[-38.2977,-7.8139],[-38.29834,-7.80556]],[[-38.11089,-7.66132],[-38.10539,-7.662],[-38.10471,-7.65996],[-38.11089,-7.65791],[-38.11089,-7.66132]],[[-38.12256,-7.6654],[-38.12599,-7.66744],[-38.12668,-7.67357],[-38.13835,-7.68241],[-38.13835,-7.68718],[-38.12668,-7.68581],[-38.12599,-7.67901],[-38.11913,-7.67357],[-38.11775,-7.66948],[-38.11157,-7.66676],[-38.12256,-7.6654]],[[-38.14796,-7.68581],[-38.14728,-7.6865],[-38.14728,-7.68581],[-38.14796,-7.68581]],[[-38.08342,-7.69806],[-38.08891,-7.7001],[-38.08754,-7.70623],[-38.08479,-7.70555],[-38.08342,-7.69806]],[[-38.12805,-7.7212],[-38.13011,-7.72664],[-38.13011,-7.73004],[-38.12599,-7.72732],[-38.12462,-7.71984],[-38.12805,-7.7212]],[[-38.19054,-7.74161],[-38.19191,-7.74433],[-38.19054,-7.74501],[-38.19054,-7.74161]],[[-38.08823,-7.79196],[-38.08685,-7.794],[-38.08617,-7.79264],[-38.08823,-7.79196]]],[[[-38.05115,-7.75794],[-38.0508,-7.75794],[-38.05115,-7.75824],[-38.05115,-7.75794]]],[[[-38.05183,-7.75862],[-38.05157,-7.75862],[-38.05183,-7.75885],[-38.05183,-7.75862]]],[[[-38.05252,-7.7593],[-38.05235,-7.7593],[-38.05252,-7.75945],[-38.05252,-7.7593]]]]}},{"type":"Feature","properties":{"faixa":"700 a 900 m","ordem":5,"area_km2":1.5},"geometry":{"type":"Polygon","coordinates":[[[-38.59291,-7.40945],[-38.58673,-7.41354],[-38.57849,-7.4115],[-38.57574,-7.41422],[-38.57712,-7.42307],[-38.57986,-7.42443],[-38.58192,-7.42103],[-38.58363,-7.42171],[-38.5873,-7.4147],[-38.5956,-7.4156],[-38.59291,-7.40945]]]}},{"type":"Feature","properties":{"faixa":"700 a 900 m","ordem":5,"area_km2":3.6},"geometry":{"type":"Polygon","coordinates":[[[-37.13722,-8.01708],[-37.12074,-8.01708],[-37.12349,-8.02048],[-37.12212,-8.02795],[-37.12624,-8.03135],[-37.12349,-8.03339],[-37.1228,-8.03815],[-37.12006,-8.03883],[-37.12143,-8.04155],[-37.12692,-8.04155],[-37.1331,-8.03611],[-37.13791,-8.02388],[-37.13722,-8.01708]]]}},{"type":"Feature","properties":{"faixa":"700 a 900 m","ordem":5,"area_km2":1.5},"geometry":{"type":"Polygon","coordinates":[[[-37.28004,-7.97016],[-37.27524,-7.97084],[-37.26494,-7.9654],[-37.25327,-7.96676],[-37.24915,-7.96404],[-37.24091,-7.96744],[-37.23885,-7.9728],[-37.247,-7.9694],[-37.258,-7.9704],[-37.2635,-7.9682],[-37.2774,-7.972],[-37.28004,-7.97016]]]}},{"type":"Feature","properties":{"faixa":"700 a 900 m","ordem":5,"area_km2":6.6},"geometry":{"type":"Polygon","coordinates":[[[-38.31276,-7.73481],[-38.30658,-7.7314],[-38.28873,-7.70555],[-38.27911,-7.69942],[-38.27843,-7.70759],[-38.28804,-7.70963],[-38.28598,-7.71235],[-38.28804,-7.71848],[-38.29491,-7.72324],[-38.29628,-7.72868],[-38.30383,-7.73481],[-38.30383,-7.73821],[-38.29971,-7.73821],[-38.29353,-7.73208],[-38.2901,-7.73277],[-38.29834,-7.74773],[-38.30658,-7.75454],[-38.30864,-7.76134],[-38.29147,-7.75318],[-38.29079,-7.7559],[-38.29422,-7.75998],[-38.29971,-7.75998],[-38.30177,-7.76406],[-38.3033,-7.7621],[-38.3168,-7.7646],[-38.3057,-7.7526],[-38.3022,-7.7452],[-38.3109,-7.7391],[-38.31276,-7.73481]]]}},{"type":"Feature","properties":{"faixa":"700 a 900 m","ordem":5,"area_km2":4.2},"geometry":{"type":"Polygon","coordinates":[[[-38.49609,-7.74161],[-38.49815,-7.73277],[-38.49541,-7.72936],[-38.50502,-7.72664],[-38.49884,-7.71984],[-38.48511,-7.71439],[-38.48648,-7.72188],[-38.47206,-7.73324],[-38.4905,-7.7347],[-38.4958,-7.7388],[-38.49609,-7.74161]]]}},{"type":"Feature","properties":{"faixa":"700 a 900 m","ordem":5,"area_km2":62.0},"geometry":{"type":"MultiPolygon","coordinates":[[[[-37.28279,-7.96948],[-37.28279,-7.96949],[-37.28282,-7.96948],[-37.28279,-7.96948]]],[[[-37.19902,-7.79944],[-37.21825,-7.80964],[-37.20451,-7.81304],[-37.20657,-7.81849],[-37.2155,-7.81917],[-37.21619,-7.82325],[-37.22168,-7.82529],[-37.22374,-7.82869],[-37.21893,-7.83141],[-37.21481,-7.84093],[-37.22099,-7.84502],[-37.23267,-7.84706],[-37.22786,-7.85522],[-37.22237,-7.8525],[-37.21619,-7.85726],[-37.2155,-7.86474],[-37.22168,-7.8729],[-37.21825,-7.87903],[-37.22511,-7.88515],[-37.22717,-7.88447],[-37.22786,-7.87971],[-37.2361,-7.88039],[-37.24297,-7.88447],[-37.24709,-7.88243],[-37.25601,-7.88787],[-37.25945,-7.89331],[-37.26494,-7.89263],[-37.26631,-7.89943],[-37.27524,-7.90283],[-37.26906,-7.90555],[-37.2718,-7.91303],[-37.26837,-7.91507],[-37.28004,-7.92051],[-37.28348,-7.92459],[-37.2773,-7.9314],[-37.26974,-7.92663],[-37.25601,-7.92663],[-37.25395,-7.93072],[-37.25739,-7.9314],[-37.25739,-7.93548],[-37.26219,-7.93752],[-37.27524,-7.93752],[-37.28142,-7.94092],[-37.29172,-7.9416],[-37.27867,-7.94432],[-37.28142,-7.94976],[-37.27455,-7.95112],[-37.26906,-7.95588],[-37.26425,-7.95588],[-37.26357,-7.9586],[-37.27661,-7.96404],[-37.2876,-7.96404],[-37.28348,-7.96917],[-37.2918,-7.9653],[-37.3033,-7.9702],[-37.3124,-7.9678],[-37.3403,-7.9797],[-37.33566,-7.96812],[-37.34596,-7.96948],[-37.33772,-7.95724],[-37.34184,-7.95112],[-37.33223,-7.9484],[-37.33154,-7.94432],[-37.30751,-7.93412],[-37.3114,-7.9216],[-37.308,-7.9079],[-37.3037,-7.9042],[-37.2874,-7.9039],[-37.2771,-7.8978],[-37.2618,-7.8839],[-37.2441,-7.8738],[-37.2458,-7.8589],[-37.2502,-7.8549],[-37.2472,-7.8468],[-37.2383,-7.8439],[-37.2259,-7.8447],[-37.2228,-7.8362],[-37.2282,-7.8215],[-37.2405,-7.8231],[-37.2437,-7.819],[-37.2302,-7.8131],[-37.2306,-7.8067],[-37.223,-7.8041],[-37.2174,-7.8067],[-37.19902,-7.79944]],[[-37.31644,-7.94092],[-37.31918,-7.94364],[-37.31781,-7.94364],[-37.31644,-7.94092]]]]}},{"type":"Feature","properties":{"faixa":"700 a 900 m","ordem":5,"area_km2":909.0},"geometry":{"type":"MultiPolygon","coordinates":[[[[-38.00683,-7.77223],[-37.99759,-7.76678],[-37.99896,-7.7593],[-38.00652,-7.75114],[-38.01064,-7.74977],[-38.00926,-7.73345],[-38.00446,-7.73549],[-38.00583,-7.74705],[-37.99896,-7.74909],[-37.99828,-7.75862],[-37.98523,-7.76202],[-37.98386,-7.75794],[-37.9866,-7.75386],[-37.98111,-7.75046],[-37.97836,-7.73208],[-37.97218,-7.73753],[-37.97493,-7.74229],[-37.97356,-7.74773],[-37.96463,-7.73549],[-37.96806,-7.72664],[-37.96532,-7.72664],[-37.96051,-7.73277],[-37.95227,-7.7314],[-37.95708,-7.7246],[-37.9612,-7.72324],[-37.96051,-7.71916],[-37.96394,-7.7178],[-37.95914,-7.71303],[-37.94678,-7.71099],[-37.94815,-7.70623],[-37.94472,-7.70555],[-37.94266,-7.70078],[-37.9454,-7.7001],[-37.9509,-7.70555],[-37.96326,-7.70623],[-37.97012,-7.71371],[-37.97768,-7.70963],[-37.98317,-7.71303],[-37.98729,-7.70963],[-37.9866,-7.70487],[-37.98935,-7.70283],[-37.98866,-7.69738],[-37.98317,-7.69262],[-37.9866,-7.68718],[-37.98317,-7.67697],[-37.97012,-7.6688],[-37.96326,-7.66744],[-37.95158,-7.68105],[-37.93991,-7.68173],[-37.94403,-7.67833],[-37.94678,-7.67152],[-37.95433,-7.67152],[-37.95021,-7.66064],[-37.95639,-7.66064],[-37.95158,-7.65383],[-37.9557,-7.65043],[-37.95776,-7.65043],[-37.96051,-7.65723],[-37.96669,-7.65791],[-37.966,-7.65315],[-37.96875,-7.64839],[-37.97287,-7.65043],[-37.97562,-7.64566],[-37.97768,-7.65043],[-37.98248,-7.65247],[-37.97836,-7.65451],[-37.97493,-7.66132],[-37.97699,-7.66472],[-37.99004,-7.66336],[-37.9969,-7.66608],[-37.99965,-7.66404],[-37.99622,-7.65928],[-37.99759,-7.65451],[-37.99553,-7.65043],[-37.99896,-7.64771],[-37.99828,-7.64294],[-38.00514,-7.64226],[-38.00652,-7.62457],[-37.99828,-7.62116],[-37.99896,-7.62865],[-37.9969,-7.63069],[-37.9921,-7.62661],[-37.98866,-7.62729],[-37.98866,-7.62253],[-37.98042,-7.61912],[-37.98798,-7.61776],[-37.98729,-7.61368],[-37.97699,-7.60823],[-37.96875,-7.5987],[-37.97218,-7.59734],[-37.97768,-7.60143],[-37.99141,-7.60483],[-37.99004,-7.59802],[-37.99553,-7.59394],[-37.99278,-7.58986],[-37.99484,-7.58509],[-37.9866,-7.58305],[-37.9866,-7.5885],[-37.97768,-7.58781],[-37.97424,-7.58441],[-37.966,-7.58305],[-37.96463,-7.57829],[-37.95433,-7.57829],[-37.94952,-7.57012],[-37.94334,-7.57148],[-37.95364,-7.58441],[-37.96326,-7.59122],[-37.96257,-7.59462],[-37.95776,-7.59462],[-37.95296,-7.58509],[-37.94128,-7.58237],[-37.9454,-7.58781],[-37.9454,-7.59462],[-37.95227,-7.60211],[-37.9557,-7.61436],[-37.95982,-7.613],[-37.96463,-7.6198],[-37.96394,-7.62321],[-37.9557,-7.62593],[-37.95914,-7.63682],[-37.95502,-7.63614],[-37.94952,-7.63001],[-37.94609,-7.63001],[-37.9509,-7.63954],[-37.94746,-7.64226],[-37.94197,-7.63886],[-37.93922,-7.64022],[-37.93785,-7.63818],[-37.93304,-7.63818],[-37.92618,-7.62933],[-37.92274,-7.63273],[-37.91725,-7.62661],[-37.91519,-7.6198],[-37.90764,-7.61504],[-37.90627,-7.60755],[-37.90283,-7.60823],[-37.90283,-7.613],[-37.89665,-7.60959],[-37.89665,-7.61776],[-37.89253,-7.62116],[-37.89185,-7.61708],[-37.88567,-7.613],[-37.88292,-7.613],[-37.88017,-7.61708],[-37.87125,-7.6164],[-37.86919,-7.61368],[-37.86438,-7.61504],[-37.8685,-7.60891],[-37.86507,-7.60279],[-37.85683,-7.60347],[-37.86301,-7.59462],[-37.86301,-7.59122],[-37.85751,-7.58918],[-37.84653,-7.58781],[-37.84584,-7.59462],[-37.84172,-7.59939],[-37.84241,-7.60483],[-37.84584,-7.60551],[-37.84447,-7.613],[-37.83966,-7.61164],[-37.83485,-7.61572],[-37.83005,-7.61096],[-37.83142,-7.60687],[-37.82867,-7.60483],[-37.82936,-7.60007],[-37.82661,-7.59598],[-37.81906,-7.59258],[-37.81151,-7.58509],[-37.81288,-7.57761],[-37.79434,-7.57284],[-37.79228,-7.56671],[-37.78542,-7.56535],[-37.77786,-7.55174],[-37.76756,-7.55174],[-37.76413,-7.55514],[-37.7607,-7.55514],[-37.76482,-7.55174],[-37.76619,-7.54561],[-37.75932,-7.54221],[-37.76482,-7.54153],[-37.76619,-7.53881],[-37.77374,-7.54085],[-37.76894,-7.53608],[-37.76962,-7.53404],[-37.77786,-7.53608],[-37.77786,-7.532],[-37.77374,-7.52928],[-37.77924,-7.52383],[-37.7758,-7.5177],[-37.771,-7.5177],[-37.76344,-7.50885],[-37.75726,-7.51362],[-37.74834,-7.5109],[-37.73872,-7.51498],[-37.73117,-7.5143],[-37.73117,-7.51975],[-37.72362,-7.52383],[-37.7298,-7.53132],[-37.72018,-7.53132],[-37.71744,-7.53336],[-37.71057,-7.52723],[-37.71538,-7.52383],[-37.71332,-7.52111],[-37.714,-7.51498],[-37.70851,-7.51566],[-37.70645,-7.52043],[-37.70439,-7.52043],[-37.7037,-7.51702],[-37.69958,-7.5143],[-37.70233,-7.50749],[-37.72842,-7.49932],[-37.72705,-7.48503],[-37.73598,-7.48911],[-37.73872,-7.48775],[-37.73872,-7.47618],[-37.73598,-7.47618],[-37.73392,-7.48026],[-37.72293,-7.47958],[-37.72224,-7.47481],[-37.72636,-7.47413],[-37.7243,-7.47005],[-37.71469,-7.47277],[-37.71606,-7.46528],[-37.71126,-7.45916],[-37.71263,-7.45235],[-37.71057,-7.45031],[-37.70645,-7.45507],[-37.70576,-7.4646],[-37.69958,-7.46869],[-37.69821,-7.47686],[-37.69547,-7.47618],[-37.69547,-7.47141],[-37.69272,-7.46801],[-37.69203,-7.45711],[-37.68311,-7.45371],[-37.67212,-7.46052],[-37.66869,-7.45235],[-37.66182,-7.45575],[-37.65289,-7.45303],[-37.65221,-7.4612],[-37.64397,-7.46528],[-37.63985,-7.47413],[-37.63367,-7.47481],[-37.63092,-7.4789],[-37.62543,-7.47618],[-37.62337,-7.48775],[-37.6165,-7.48639],[-37.61581,-7.48367],[-37.61032,-7.48707],[-37.60826,-7.47754],[-37.60208,-7.47481],[-37.59384,-7.47481],[-37.59109,-7.46937],[-37.58286,-7.47618],[-37.57874,-7.46801],[-37.57118,-7.46665],[-37.56706,-7.46324],[-37.57187,-7.46188],[-37.59659,-7.46528],[-37.60002,-7.46052],[-37.61581,-7.46052],[-37.6165,-7.46596],[-37.62543,-7.46528],[-37.62474,-7.45848],[-37.63161,-7.44894],[-37.62611,-7.44894],[-37.62543,-7.44486],[-37.61925,-7.4435],[-37.61444,-7.43873],[-37.62817,-7.44282],[-37.63023,-7.44145],[-37.62817,-7.43601],[-37.63504,-7.4326],[-37.64191,-7.43328],[-37.64465,-7.43805],[-37.64877,-7.43805],[-37.65221,-7.43192],[-37.65701,-7.43192],[-37.65907,-7.42307],[-37.66457,-7.42035],[-37.66525,-7.41762],[-37.66251,-7.41626],[-37.66182,-7.41218],[-37.65564,-7.41558],[-37.65495,-7.41218],[-37.65976,-7.40877],[-37.65907,-7.404],[-37.66388,-7.40264],[-37.66319,-7.3972],[-37.66594,-7.39379],[-37.67349,-7.39651],[-37.67555,-7.39175],[-37.67006,-7.39107],[-37.66663,-7.38766],[-37.66319,-7.39311],[-37.65564,-7.39379],[-37.65495,-7.38834],[-37.66182,-7.38358],[-37.65976,-7.38017],[-37.66182,-7.37472],[-37.6577,-7.37881],[-37.64946,-7.37949],[-37.6474,-7.37813],[-37.64877,-7.37268],[-37.64603,-7.36723],[-37.64122,-7.36791],[-37.64259,-7.372],[-37.64053,-7.37541],[-37.63573,-7.37609],[-37.63504,-7.38494],[-37.62886,-7.38971],[-37.62749,-7.3863],[-37.62955,-7.37336],[-37.61925,-7.37609],[-37.61581,-7.37268],[-37.61856,-7.36519],[-37.61169,-7.36791],[-37.60895,-7.36519],[-37.60483,-7.36928],[-37.60963,-7.37064],[-37.61032,-7.37609],[-37.60757,-7.38153],[-37.61101,-7.38494],[-37.61101,-7.39039],[-37.60895,-7.4006],[-37.60414,-7.40673],[-37.59247,-7.40605],[-37.59865,-7.3972],[-37.59796,-7.38562],[-37.59109,-7.38426],[-37.58766,-7.38902],[-37.58492,-7.38834],[-37.58286,-7.38085],[-37.57324,-7.37336],[-37.55951,-7.37472],[-37.55882,-7.38221],[-37.55058,-7.3829],[-37.5499,-7.38834],[-37.53548,-7.39311],[-37.53067,-7.39924],[-37.52998,-7.39447],[-37.54028,-7.38494],[-37.53616,-7.38085],[-37.54097,-7.37677],[-37.5547,-7.37541],[-37.56706,-7.35838],[-37.56638,-7.35157],[-37.57324,-7.34748],[-37.57462,-7.34272],[-37.58148,-7.34204],[-37.57668,-7.33046],[-37.57256,-7.33318],[-37.56775,-7.32501],[-37.56226,-7.32365],[-37.55951,-7.32024],[-37.55882,-7.31548],[-37.56569,-7.31616],[-37.56775,-7.31071],[-37.56363,-7.31071],[-37.56294,-7.30662],[-37.55608,-7.30117],[-37.55608,-7.29641],[-37.55196,-7.29232],[-37.53891,-7.28687],[-37.53342,-7.29368],[-37.53616,-7.29913],[-37.54303,-7.30254],[-37.54234,-7.30526],[-37.5293,-7.29981],[-37.52518,-7.29573],[-37.52312,-7.29981],[-37.51831,-7.30117],[-37.51419,-7.29777],[-37.51144,-7.29845],[-37.51076,-7.3073],[-37.50801,-7.31003],[-37.49565,-7.31139],[-37.49153,-7.31071],[-37.49359,-7.30322],[-37.48672,-7.30526],[-37.4778,-7.29981],[-37.47643,-7.30322],[-37.47917,-7.30526],[-37.47917,-7.30867],[-37.46956,-7.31071],[-37.47231,-7.31888],[-37.46613,-7.32161],[-37.45857,-7.32161],[-37.45857,-7.31752],[-37.44621,-7.32092],[-37.44484,-7.31343],[-37.44827,-7.31003],[-37.44209,-7.31003],[-37.44209,-7.30526],[-37.43248,-7.30798],[-37.42218,-7.30594],[-37.42012,-7.30867],[-37.41325,-7.30798],[-37.41119,-7.31071],[-37.40021,-7.31003],[-37.39746,-7.31343],[-37.39471,-7.31071],[-37.38922,-7.31207],[-37.38373,-7.3073],[-37.39059,-7.3073],[-37.39746,-7.30186],[-37.41257,-7.29845],[-37.41394,-7.29436],[-37.42012,-7.2896],[-37.41875,-7.28415],[-37.42149,-7.28006],[-37.42081,-7.27529],[-37.41188,-7.26576],[-37.40639,-7.25418],[-37.39746,-7.24805],[-37.40776,-7.24532],[-37.41257,-7.25009],[-37.41737,-7.24941],[-37.41943,-7.24328],[-37.41119,-7.2351],[-37.40364,-7.23647],[-37.39883,-7.23442],[-37.39952,-7.23851],[-37.39265,-7.24055],[-37.38991,-7.23647],[-37.37823,-7.23034],[-37.37892,-7.22625],[-37.37137,-7.22284],[-37.36519,-7.21535],[-37.35901,-7.21671],[-37.35146,-7.21126],[-37.34734,-7.21126],[-37.34047,-7.20513],[-37.32948,-7.20377],[-37.31712,-7.20718],[-37.3082,-7.20581],[-37.30408,-7.20854],[-37.30408,-7.21126],[-37.2979,-7.20581],[-37.29034,-7.20649],[-37.28622,-7.2099],[-37.30545,-7.23374],[-37.30408,-7.23987],[-37.29309,-7.22966],[-37.28485,-7.2317],[-37.28348,-7.23579],[-37.28142,-7.23579],[-37.27524,-7.2208],[-37.267,-7.21739],[-37.26494,-7.21126],[-37.267,-7.20649],[-37.25189,-7.20036],[-37.24297,-7.20173],[-37.23747,-7.21058],[-37.21756,-7.21331],[-37.22237,-7.20445],[-37.20932,-7.19832],[-37.20451,-7.20377],[-37.20383,-7.20922],[-37.1949,-7.21194],[-37.18872,-7.21739],[-37.18597,-7.22625],[-37.19215,-7.22897],[-37.18597,-7.23647],[-37.20383,-7.24873],[-37.2052,-7.25486],[-37.2052,-7.25826],[-37.20245,-7.26031],[-37.20451,-7.26848],[-37.19009,-7.26984],[-37.19627,-7.27325],[-37.19421,-7.27529],[-37.19627,-7.28006],[-37.20314,-7.28006],[-37.21001,-7.28347],[-37.21207,-7.28755],[-37.20108,-7.28823],[-37.19696,-7.29096],[-37.18941,-7.28687],[-37.18872,-7.29096],[-37.18323,-7.29504],[-37.18323,-7.30049],[-37.17911,-7.30049],[-37.17705,-7.29573],[-37.17018,-7.29573],[-37.16743,-7.29913],[-37.15851,-7.30186],[-37.15919,-7.30458],[-37.16812,-7.30935],[-37.15645,-7.31071],[-37.15508,-7.3148],[-37.15851,-7.31548],[-37.15851,-7.3182],[-37.15508,-7.32092],[-37.16263,-7.32433],[-37.16675,-7.33276],[-37.1685,-7.32],[-37.18035,-7.30701],[-37.1967,-7.2947],[-37.2142,-7.2913],[-37.2227,-7.2861],[-37.2342,-7.2739],[-37.2753,-7.2743],[-37.282,-7.2788],[-37.2883,-7.2883],[-37.3282,-7.2881],[-37.357,-7.321],[-37.3494,-7.3351],[-37.3724,-7.3506],[-37.3857,-7.3567],[-37.4081,-7.3581],[-37.4155,-7.3617],[-37.4255,-7.3529],[-37.4475,-7.361],[-37.4659,-7.358],[-37.496,-7.3648],[-37.4981,-7.3711],[-37.4876,-7.3894],[-37.487,-7.3951],[-37.4947,-7.399],[-37.5057,-7.4192],[-37.5156,-7.4276],[-37.5142,-7.433],[-37.5274,-7.4484],[-37.528,-7.4653],[-37.5331,-7.473],[-37.5426,-7.4783],[-37.5569,-7.4798],[-37.5867,-7.4991],[-37.6098,-7.508],[-37.6114,-7.5186],[-37.6304,-7.5325],[-37.6413,-7.5293],[-37.6494,-7.5307],[-37.6558,-7.5234],[-37.6766,-7.5356],[-37.6822,-7.5484],[-37.7065,-7.5506],[-37.71,-7.5615],[-37.7066,-7.5695],[-37.7173,-7.5804],[-37.7285,-7.5799],[-37.7349,-7.5972],[-37.7415,-7.5975],[-37.7457,-7.6093],[-37.7558,-7.6195],[-37.7533,-7.6258],[-37.7464,-7.6283],[-37.7404,-7.6361],[-37.7442,-7.6545],[-37.7506,-7.6629],[-37.761,-7.6668],[-37.7711,-7.6474],[-37.778,-7.6433],[-37.7782,-7.6348],[-37.7858,-7.6258],[-37.8011,-7.6261],[-37.8034,-7.6345],[-37.8098,-7.6438],[-37.8191,-7.6469],[-37.8311,-7.6473],[-37.8379,-7.6445],[-37.8572,-7.652],[-37.8684,-7.6646],[-37.8729,-7.6755],[-37.8806,-7.6837],[-37.8974,-7.6908],[-37.9033,-7.6981],[-37.8943,-7.7136],[-37.9131,-7.7095],[-37.9214,-7.7132],[-37.9224,-7.7236],[-37.9269,-7.7299],[-37.9431,-7.741],[-37.9475,-7.7562],[-37.9526,-7.7566],[-37.9578,-7.7662],[-37.9706,-7.7776],[-37.9848,-7.7729],[-37.9903,-7.7789],[-37.99622,-7.77896],[-37.99828,-7.77495],[-38.0024,-7.77858],[-38.0055,-7.7778],[-38.00683,-7.77223]],[[-37.30957,-7.21876],[-37.30751,-7.2208],[-37.30545,-7.22012],[-37.30545,-7.21807],[-37.30957,-7.21876]],[[-37.34253,-7.22829],[-37.34871,-7.23102],[-37.35626,-7.23034],[-37.36244,-7.23374],[-37.35901,-7.23783],[-37.35283,-7.23851],[-37.34802,-7.2317],[-37.34047,-7.23102],[-37.34253,-7.22829]],[[-37.37411,-7.23647],[-37.37617,-7.24055],[-37.39265,-7.25009],[-37.40021,-7.25758],[-37.39403,-7.26031],[-37.38235,-7.26099],[-37.37961,-7.2569],[-37.37274,-7.2569],[-37.36931,-7.2535],[-37.36862,-7.2426],[-37.36313,-7.2426],[-37.36244,-7.23851],[-37.37411,-7.23647]],[[-37.53273,-7.31207],[-37.53273,-7.32161],[-37.53685,-7.32705],[-37.53204,-7.32637],[-37.53067,-7.3291],[-37.52861,-7.3291],[-37.5293,-7.32161],[-37.52312,-7.32229],[-37.51488,-7.31888],[-37.50458,-7.3182],[-37.51144,-7.31548],[-37.51762,-7.31752],[-37.52586,-7.31207],[-37.53273,-7.31207]],[[-37.96532,-7.68786],[-37.96738,-7.69058],[-37.96532,-7.69126],[-37.96532,-7.68786]]],[[[-37.16194,-7.33523],[-37.15439,-7.32774],[-37.15096,-7.33114],[-37.1386,-7.33318],[-37.14066,-7.33727],[-37.1449,-7.335],[-37.1571,-7.3382],[-37.16194,-7.33523]]]]}},{"type":"Feature","properties":{"faixa":"700 a 900 m","ordem":5,"area_km2":3.8},"geometry":{"type":"Polygon","coordinates":[[[-36.00426,-7.12678],[-36.00288,-7.13224],[-35.99945,-7.1336],[-36.00014,-7.13837],[-35.99258,-7.14177],[-35.99396,-7.14722],[-35.9864,-7.14859],[-35.98778,-7.15336],[-35.99808,-7.14859],[-36.00426,-7.14859],[-36.00838,-7.14382],[-36.01456,-7.14382],[-36.01662,-7.137],[-36.00426,-7.12678]]]}},{"type":"Feature","properties":{"faixa":"700 a 900 m","ordem":5,"area_km2":2.4},"geometry":{"type":"Polygon","coordinates":[[[-36.88728,-7.47413],[-36.88591,-7.47822],[-36.88042,-7.47481],[-36.87698,-7.48094],[-36.87973,-7.48435],[-36.88797,-7.48639],[-36.88934,-7.48979],[-36.88522,-7.4932],[-36.8914,-7.4966],[-36.89209,-7.49047],[-36.89552,-7.48911],[-36.89278,-7.48367],[-36.89415,-7.47686],[-36.88728,-7.47413]]]}},{"type":"Feature","properties":{"faixa":"700 a 900 m","ordem":5,"area_km2":3.2},"geometry":{"type":"Polygon","coordinates":[[[-36.66138,-7.94092],[-36.64215,-7.9416],[-36.63528,-7.94636],[-36.6449,-7.95248],[-36.6449,-7.95928],[-36.64902,-7.962],[-36.65314,-7.95724],[-36.64833,-7.95112],[-36.65932,-7.9484],[-36.66206,-7.945],[-36.66138,-7.94092]]]}},{"type":"Feature","properties":{"faixa":"700 a 900 m","ordem":5,"area_km2":7.8},"geometry":{"type":"Polygon","coordinates":[[[-36.6243,-7.9756],[-36.62704,-7.97356],[-36.62842,-7.95044],[-36.63116,-7.94772],[-36.61949,-7.94432],[-36.61674,-7.94024],[-36.60233,-7.94024],[-36.59615,-7.94568],[-36.59134,-7.94636],[-36.58722,-7.95248],[-36.57829,-7.95588],[-36.57967,-7.95928],[-36.5869,-7.9587],[-36.59841,-7.95452],[-36.59752,-7.9518],[-36.60164,-7.95335],[-36.6125,-7.9494],[-36.6135,-7.9565],[-36.6194,-7.9615],[-36.6243,-7.9756]],[[-36.60988,-7.94636],[-36.61194,-7.94772],[-36.60919,-7.94908],[-36.60988,-7.94636]]]}},{"type":"Feature","properties":{"faixa":"700 a 900 m","ordem":5,"area_km2":210.3},"geometry":{"type":"Polygon","coordinates":[[[-36.85913,-8.19586],[-36.85501,-8.19246],[-36.84952,-8.19178],[-36.84265,-8.18363],[-36.83647,-8.18227],[-36.8248,-8.17275],[-36.82205,-8.16731],[-36.82205,-8.15712],[-36.81313,-8.15032],[-36.79321,-8.14624],[-36.79115,-8.14013],[-36.78429,-8.14216],[-36.78154,-8.14013],[-36.77811,-8.14148],[-36.77605,-8.13945],[-36.76918,-8.13945],[-36.76575,-8.13129],[-36.74995,-8.13061],[-36.73965,-8.12449],[-36.70738,-8.11633],[-36.71356,-8.11226],[-36.72386,-8.1109],[-36.72729,-8.1041],[-36.73141,-8.10546],[-36.73279,-8.11294],[-36.73691,-8.10886],[-36.74446,-8.11633],[-36.75339,-8.11837],[-36.75888,-8.12245],[-36.76987,-8.11973],[-36.77124,-8.11497],[-36.77536,-8.11633],[-36.77673,-8.11362],[-36.7733,-8.10818],[-36.77055,-8.10886],[-36.77055,-8.11226],[-36.76712,-8.1109],[-36.76506,-8.10614],[-36.74858,-8.09186],[-36.74515,-8.08166],[-36.74103,-8.07895],[-36.73279,-8.07827],[-36.72935,-8.09186],[-36.72592,-8.09254],[-36.71631,-8.08234],[-36.71288,-8.07283],[-36.70738,-8.07079],[-36.70876,-8.06603],[-36.69846,-8.06195],[-36.68953,-8.05243],[-36.68541,-8.05243],[-36.68198,-8.04699],[-36.67168,-8.04631],[-36.67168,-8.03407],[-36.66344,-8.03067],[-36.65932,-8.02591],[-36.65588,-8.02591],[-36.65726,-8.03883],[-36.65588,-8.04631],[-36.64902,-8.03679],[-36.65314,-8.03475],[-36.65314,-8.02659],[-36.64558,-8.02252],[-36.64558,-8.02048],[-36.65039,-8.01912],[-36.6497,-8.01504],[-36.63322,-8.01164],[-36.62979,-8.00484],[-36.62979,-7.9858],[-36.62313,-7.98036],[-36.6279,-7.9864],[-36.6265,-8.0027],[-36.63254,-8.04427],[-36.64764,-8.05243],[-36.64627,-8.05787],[-36.65245,-8.06535],[-36.66275,-8.07011],[-36.66962,-8.06739],[-36.67992,-8.07827],[-36.6861,-8.07555],[-36.68266,-8.06943],[-36.68541,-8.06943],[-36.68816,-8.07487],[-36.69502,-8.07487],[-36.70189,-8.07895],[-36.70738,-8.07691],[-36.71837,-8.0939],[-36.71631,-8.09934],[-36.71013,-8.09934],[-36.70738,-8.10954],[-36.67168,-8.1075],[-36.66206,-8.10274],[-36.66138,-8.10002],[-36.65108,-8.10274],[-36.6346,-8.10138],[-36.63116,-8.10478],[-36.6449,-8.11022],[-36.65588,-8.10886],[-36.66893,-8.11294],[-36.67099,-8.11633],[-36.67717,-8.11497],[-36.68404,-8.11837],[-36.68678,-8.12245],[-36.68953,-8.12245],[-36.69159,-8.11905],[-36.69777,-8.12381],[-36.71013,-8.12177],[-36.71425,-8.12517],[-36.73759,-8.12789],[-36.74789,-8.13605],[-36.76231,-8.13605],[-36.76712,-8.15168],[-36.77124,-8.151],[-36.77261,-8.14692],[-36.77467,-8.14692],[-36.77879,-8.15032],[-36.78703,-8.14964],[-36.78978,-8.15304],[-36.80283,-8.15236],[-36.81175,-8.15576],[-36.81587,-8.16256],[-36.81381,-8.16799],[-36.80557,-8.16731],[-36.78909,-8.1612],[-36.78566,-8.16188],[-36.78635,-8.16595],[-36.80283,-8.17275],[-36.80901,-8.18363],[-36.82205,-8.18227],[-36.82274,-8.18498],[-36.81999,-8.1877],[-36.82961,-8.2013],[-36.83578,-8.20333],[-36.84608,-8.21353],[-36.8557,-8.21285],[-36.86119,-8.21489],[-36.86325,-8.21897],[-36.87492,-8.22372],[-36.87218,-8.21965],[-36.87355,-8.21693],[-36.89346,-8.23052],[-36.88797,-8.2312],[-36.88728,-8.23392],[-36.89621,-8.23799],[-36.9017,-8.23731],[-36.91338,-8.24343],[-36.91818,-8.23935],[-36.92093,-8.24003],[-36.9223,-8.24819],[-36.90731,-8.25294],[-36.923,-8.2698],[-36.9422,-8.2739],[-36.947,-8.2774],[-36.9473,-8.2911],[-36.9545,-8.2992],[-36.9602,-8.3005],[-36.978,-8.2974],[-36.9912,-8.303],[-37.00264,-8.2966],[-36.99715,-8.28624],[-36.99783,-8.28284],[-36.98685,-8.27673],[-36.98753,-8.27333],[-36.99165,-8.27401],[-36.99509,-8.27945],[-37.01157,-8.28624],[-37.01843,-8.28488],[-37.02324,-8.28742],[-37.0403,-8.2662],[-37.0582,-8.264],[-37.0757,-8.268],[-37.0822,-8.2619],[-37.0806,-8.2411],[-37.0665,-8.233],[-37.07589,-8.22576],[-37.06787,-8.21761],[-37.06238,-8.21897],[-37.06032,-8.21693],[-37.05757,-8.21693],[-37.05551,-8.22033],[-37.0562,-8.22916],[-37.05345,-8.2312],[-37.05345,-8.23528],[-37.06444,-8.24071],[-37.06718,-8.24955],[-37.05894,-8.24887],[-37.05482,-8.24547],[-37.04659,-8.24751],[-37.04041,-8.24207],[-37.03423,-8.24887],[-37.03285,-8.23799],[-37.02942,-8.2346],[-37.02255,-8.24139],[-37.02805,-8.24955],[-37.02118,-8.25091],[-37.02942,-8.2611],[-37.00607,-8.25566],[-36.99852,-8.24955],[-36.98685,-8.24751],[-36.97586,-8.24955],[-36.97929,-8.24411],[-36.97586,-8.23935],[-36.96556,-8.24003],[-36.96007,-8.24819],[-36.96625,-8.25838],[-36.96075,-8.25498],[-36.95114,-8.25362],[-36.95045,-8.24819],[-36.95526,-8.24479],[-36.9532,-8.2346],[-36.94221,-8.22984],[-36.9381,-8.22372],[-36.93054,-8.21965],[-36.93123,-8.21693],[-36.92711,-8.21285],[-36.91887,-8.21421],[-36.91681,-8.21013],[-36.91132,-8.20945],[-36.90582,-8.19926],[-36.89896,-8.19858],[-36.90239,-8.19382],[-36.90033,-8.18634],[-36.90651,-8.1877],[-36.90926,-8.17887],[-36.91338,-8.17615],[-36.912,-8.16595],[-36.90582,-8.16256],[-36.89964,-8.16324],[-36.89552,-8.15848],[-36.8866,-8.15848],[-36.87424,-8.1544],[-36.86806,-8.14488],[-36.86119,-8.14216],[-36.85707,-8.13605],[-36.85158,-8.13469],[-36.85364,-8.13809],[-36.85158,-8.1442],[-36.85364,-8.1476],[-36.85707,-8.14828],[-36.85707,-8.151],[-36.85638,-8.15508],[-36.8502,-8.15644],[-36.8502,-8.16256],[-36.85638,-8.17003],[-36.85158,-8.17207],[-36.85364,-8.17819],[-36.84883,-8.17955],[-36.84814,-8.18498],[-36.86256,-8.19518],[-36.85913,-8.19586]],[[-36.86256,-8.19654],[-36.86668,-8.19382],[-36.86806,-8.19382],[-36.86737,-8.19722],[-36.86256,-8.19654]],[[-36.63528,-8.02727],[-36.6394,-8.02795],[-36.63528,-8.03067],[-36.63528,-8.02727]],[[-36.67511,-8.05651],[-36.68129,-8.05787],[-36.68335,-8.06331],[-36.6758,-8.05923],[-36.67511,-8.05651]],[[-36.6861,-8.06127],[-36.68953,-8.06399],[-36.68404,-8.06331],[-36.6861,-8.06127]],[[-36.73828,-8.09118],[-36.7527,-8.1007],[-36.75476,-8.10614],[-36.75888,-8.10886],[-36.75751,-8.11226],[-36.74721,-8.11022],[-36.74377,-8.10546],[-36.73485,-8.10206],[-36.73485,-8.09186],[-36.73828,-8.09118]],[[-36.87012,-8.16459],[-36.87492,-8.16731],[-36.87149,-8.16867],[-36.87012,-8.16459]],[[-36.86943,-8.17003],[-36.87286,-8.17207],[-36.87286,-8.17479],[-36.87012,-8.17343],[-36.86943,-8.17003]],[[-36.89209,-8.17139],[-36.8914,-8.17411],[-36.89003,-8.17139],[-36.89209,-8.17139]],[[-36.92711,-8.22712],[-36.9326,-8.23052],[-36.9326,-8.23188],[-36.92711,-8.22984],[-36.92711,-8.22712]]]}},{"type":"Feature","properties":{"faixa":"700 a 900 m","ordem":5,"area_km2":3.6},"geometry":{"type":"Polygon","coordinates":[[[-38.52081,-7.18742],[-38.51669,-7.19559],[-38.50777,-7.19832],[-38.50227,-7.19491],[-38.49678,-7.19491],[-38.49403,-7.20173],[-38.5009,-7.20786],[-38.50777,-7.20241],[-38.51326,-7.20445],[-38.51944,-7.20309],[-38.52837,-7.19696],[-38.52837,-7.19423],[-38.52081,-7.18742]]]}},{"type":"Feature","properties":{"faixa":"700 a 900 m","ordem":5,"area_km2":69.2},"geometry":{"type":"MultiPolygon","coordinates":[[[[-38.65402,-7.18265],[-38.64304,-7.17788],[-38.63274,-7.17924],[-38.62862,-7.17584],[-38.62175,-7.17516],[-38.60596,-7.16289],[-38.60115,-7.16085],[-38.59085,-7.16153],[-38.58536,-7.15472],[-38.57986,-7.15199],[-38.56201,-7.15267],[-38.57231,-7.16289],[-38.59222,-7.17107],[-38.6087,-7.1832],[-38.65402,-7.18265]]],[[[-38.58192,-7.18061],[-38.57368,-7.17924],[-38.57231,-7.17652],[-38.55789,-7.17107],[-38.55377,-7.16221],[-38.54759,-7.16085],[-38.54485,-7.15744],[-38.54141,-7.15812],[-38.54073,-7.16358],[-38.53111,-7.15812],[-38.52493,-7.15812],[-38.52493,-7.16153],[-38.53455,-7.17039],[-38.54141,-7.17107],[-38.54897,-7.17652],[-38.55377,-7.17584],[-38.55583,-7.17924],[-38.56201,-7.17993],[-38.56407,-7.18265],[-38.56544,-7.18742],[-38.55309,-7.18333],[-38.54897,-7.18401],[-38.54691,-7.1881],[-38.54828,-7.19219],[-38.54141,-7.19559],[-38.54965,-7.20241],[-38.54416,-7.20309],[-38.54485,-7.20718],[-38.5524,-7.20786],[-38.55721,-7.21263],[-38.57162,-7.21739],[-38.58124,-7.21263],[-38.57918,-7.21535],[-38.58055,-7.22216],[-38.56888,-7.2208],[-38.56956,-7.22489],[-38.56064,-7.2208],[-38.55721,-7.21671],[-38.55309,-7.21807],[-38.55377,-7.22557],[-38.55034,-7.23034],[-38.55377,-7.2317],[-38.55583,-7.23647],[-38.54897,-7.23374],[-38.54416,-7.24737],[-38.53867,-7.25418],[-38.54965,-7.25486],[-38.54965,-7.25895],[-38.54347,-7.25963],[-38.53935,-7.26576],[-38.5421,-7.27458],[-38.5428,-7.2657],[-38.5521,-7.2636],[-38.5544,-7.2519],[-38.552,-7.2435],[-38.5589,-7.2394],[-38.5831,-7.2484],[-38.5928,-7.2476],[-38.6154,-7.2302],[-38.62,-7.2201],[-38.6229,-7.2038],[-38.6198,-7.1971],[-38.6248,-7.1913],[-38.6366,-7.1938],[-38.6442,-7.1838],[-38.60939,-7.18351],[-38.61694,-7.18946],[-38.61488,-7.19083],[-38.61076,-7.1881],[-38.60252,-7.18946],[-38.59222,-7.18337],[-38.58261,-7.18538],[-38.58192,-7.18328],[-38.5718,-7.1832],[-38.58192,-7.1832],[-38.58192,-7.18061]]]]}},{"type":"Feature","properties":{"faixa":"700 a 900 m","ordem":5,"area_km2":29.9},"geometry":{"type":"Polygon","coordinates":[[[-38.41095,-7.25213],[-38.40546,-7.25963],[-38.41438,-7.26644],[-38.41095,-7.27121],[-38.41438,-7.27529],[-38.41095,-7.2787],[-38.41095,-7.28619],[-38.41713,-7.28891],[-38.41713,-7.29096],[-38.40546,-7.29164],[-38.40683,-7.29641],[-38.40408,-7.29777],[-38.39584,-7.29981],[-38.3876,-7.2896],[-38.38486,-7.2896],[-38.37868,-7.28347],[-38.37936,-7.2787],[-38.37387,-7.27257],[-38.36975,-7.27121],[-38.36563,-7.27393],[-38.367,-7.28074],[-38.38417,-7.29777],[-38.38211,-7.30186],[-38.38623,-7.30526],[-38.38623,-7.30798],[-38.3828,-7.30798],[-38.38005,-7.31275],[-38.3876,-7.31888],[-38.38898,-7.32842],[-38.3828,-7.32978],[-38.38486,-7.33455],[-38.38966,-7.33523],[-38.38966,-7.33114],[-38.39584,-7.3291],[-38.3979,-7.31888],[-38.40202,-7.31752],[-38.40271,-7.31139],[-38.40614,-7.30935],[-38.40477,-7.30254],[-38.41301,-7.30322],[-38.40889,-7.31139],[-38.40889,-7.32229],[-38.41095,-7.32501],[-38.41713,-7.32092],[-38.41919,-7.32433],[-38.42606,-7.32433],[-38.42743,-7.32705],[-38.43155,-7.32774],[-38.43498,-7.32774],[-38.43567,-7.31956],[-38.44048,-7.31888],[-38.44528,-7.3148],[-38.44116,-7.31003],[-38.4446,-7.3039],[-38.45215,-7.30254],[-38.45215,-7.30049],[-38.44185,-7.29641],[-38.43018,-7.30186],[-38.42537,-7.30117],[-38.42812,-7.29164],[-38.424,-7.29028],[-38.42056,-7.28074],[-38.43155,-7.2821],[-38.43224,-7.27802],[-38.42674,-7.27597],[-38.42537,-7.26916],[-38.4343,-7.26712],[-38.43567,-7.25895],[-38.41782,-7.25895],[-38.4137,-7.25213],[-38.41095,-7.25213]]]}},{"type":"Feature","properties":{"faixa":"700 a 900 m","ordem":5,"area_km2":20.5},"geometry":{"type":"MultiPolygon","coordinates":[[[[-38.5494,-7.335],[-38.551,-7.32365],[-38.54622,-7.32637],[-38.54622,-7.33659],[-38.54416,-7.33795],[-38.53592,-7.33591],[-38.53386,-7.3325],[-38.52287,-7.33659],[-38.51807,-7.33182],[-38.51463,-7.33863],[-38.5112,-7.33999],[-38.5112,-7.34272],[-38.5215,-7.35498],[-38.51669,-7.35974],[-38.51532,-7.372],[-38.51738,-7.37336],[-38.52219,-7.36791],[-38.52562,-7.372],[-38.53455,-7.37404],[-38.53523,-7.3686],[-38.53798,-7.36723],[-38.53729,-7.36383],[-38.53935,-7.36315],[-38.53867,-7.35906],[-38.54759,-7.35566],[-38.55034,-7.34544],[-38.55377,-7.34817],[-38.55309,-7.35429],[-38.55721,-7.35974],[-38.55309,-7.36791],[-38.5627,-7.36723],[-38.55995,-7.37745],[-38.56888,-7.38017],[-38.56339,-7.38766],[-38.56339,-7.39107],[-38.573,-7.39175],[-38.57643,-7.39515],[-38.5778,-7.40128],[-38.5924,-7.40673],[-38.5904,-7.4012],[-38.5836,-7.3982],[-38.5781,-7.3862],[-38.579,-7.3809],[-38.5584,-7.3539],[-38.5494,-7.335]]],[[[-38.55103,-7.32344],[-38.5512,-7.3222],[-38.55103,-7.32129],[-38.55103,-7.32344]]]]}},{"type":"Feature","properties":{"faixa":"700 a 900 m","ordem":5,"area_km2":11.9},"geometry":{"type":"Polygon","coordinates":[[[-38.45284,-7.35906],[-38.45215,-7.36179],[-38.45901,-7.36996],[-38.45284,-7.37064],[-38.45284,-7.37541],[-38.45558,-7.37813],[-38.46039,-7.37404],[-38.46657,-7.37677],[-38.46588,-7.3829],[-38.47,-7.39107],[-38.46588,-7.39447],[-38.46863,-7.39924],[-38.47206,-7.39992],[-38.47206,-7.404],[-38.48373,-7.4115],[-38.49197,-7.41218],[-38.49609,-7.41013],[-38.49335,-7.40332],[-38.49884,-7.40264],[-38.49953,-7.39992],[-38.48991,-7.39515],[-38.49197,-7.39039],[-38.48511,-7.38017],[-38.47687,-7.37132],[-38.4597,-7.36655],[-38.45627,-7.36042],[-38.45284,-7.35906]]]}},{"type":"Feature","properties":{"faixa":"700 a 900 m","ordem":5,"area_km2":77.7},"geometry":{"type":"Polygon","coordinates":[[[-36.92436,-7.0566],[-36.94084,-7.0641],[-36.94221,-7.06205],[-36.94016,-7.05796],[-36.94771,-7.06069],[-36.94153,-7.05388],[-36.94427,-7.05251],[-36.9429,-7.04706],[-36.94702,-7.04706],[-36.94565,-7.04093],[-36.94221,-7.04025],[-36.94153,-7.03616],[-36.9381,-7.03616],[-36.93604,-7.03139],[-36.92917,-7.03207],[-36.93741,-7.0382],[-36.93604,-7.04161],[-36.92986,-7.04297],[-36.92574,-7.04025],[-36.9278,-7.0457],[-36.91956,-7.04638],[-36.91681,-7.04433],[-36.9175,-7.04093],[-36.91475,-7.03684],[-36.91063,-7.03684],[-36.91132,-7.04025],[-36.9072,-7.03956],[-36.87561,-7.01435],[-36.87218,-7.02048],[-36.8811,-7.02662],[-36.89346,-7.04025],[-36.88248,-7.04161],[-36.88179,-7.0457],[-36.88591,-7.04706],[-36.8866,-7.04979],[-36.87355,-7.05592],[-36.87012,-7.05456],[-36.87286,-7.04229],[-36.86462,-7.04638],[-36.86462,-7.05319],[-36.85089,-7.04706],[-36.8399,-7.04706],[-36.8351,-7.04229],[-36.78429,-7.02253],[-36.7733,-7.01299],[-36.76987,-7.01299],[-36.77261,-7.01708],[-36.76575,-7.01571],[-36.76163,-7.01776],[-36.75201,-7.01367],[-36.73347,-7.0123],[-36.72455,-7.00481],[-36.72523,-7.01026],[-36.71494,-7.01435],[-36.71974,-7.01776],[-36.7218,-7.02662],[-36.73279,-7.02525],[-36.72935,-7.03207],[-36.73141,-7.03479],[-36.73759,-7.03616],[-36.73691,-7.04365],[-36.74309,-7.04229],[-36.74858,-7.0491],[-36.75407,-7.04365],[-36.75682,-7.04365],[-36.75957,-7.0491],[-36.76781,-7.05047],[-36.76849,-7.05592],[-36.77605,-7.0566],[-36.78703,-7.06342],[-36.78635,-7.05047],[-36.78291,-7.04842],[-36.78291,-7.0457],[-36.79665,-7.04161],[-36.80077,-7.04433],[-36.80763,-7.04433],[-36.81931,-7.05319],[-36.82411,-7.05388],[-36.82823,-7.06069],[-36.83716,-7.0566],[-36.8502,-7.05933],[-36.86325,-7.0675],[-36.8605,-7.07568],[-36.86325,-7.08045],[-36.866,-7.08045],[-36.86943,-7.06887],[-36.87218,-7.06819],[-36.87836,-7.07364],[-36.89621,-7.07977],[-36.90651,-7.08658],[-36.91681,-7.08999],[-36.92299,-7.08795],[-36.92917,-7.09272],[-36.94153,-7.09544],[-37.00539,-7.09544],[-36.98616,-7.08931],[-36.94908,-7.08454],[-36.92917,-7.07773],[-36.92436,-7.07364],[-36.90651,-7.06887],[-36.90376,-7.06546],[-36.89896,-7.06614],[-36.89484,-7.06342],[-36.89209,-7.05115],[-36.90376,-7.0491],[-36.90857,-7.05524],[-36.92436,-7.0566]],[[-36.91561,-7.07978],[-36.91561,-7.07978],[-36.91736,-7.07296],[-36.91561,-7.07978]],[[-36.77261,-7.04502],[-36.7733,-7.04638],[-36.77124,-7.04842],[-36.77261,-7.04502]],[[-36.74484,-7.02916],[-36.74484,-7.02916],[-36.7545,-7.0282],[-36.74484,-7.02916]]]}},{"type":"Feature","properties":{"faixa":"700 a 900 m","ordem":5,"area_km2":8.5},"geometry":{"type":"Polygon","coordinates":[[[-36.80145,-6.97755],[-36.80077,-6.98504],[-36.79665,-6.98368],[-36.79527,-6.98709],[-36.78909,-6.98913],[-36.78703,-6.99663],[-36.78291,-7.00004],[-36.78703,-7.00276],[-36.79184,-6.9939],[-36.79665,-6.99799],[-36.79802,-7.00753],[-36.79527,-7.00822],[-36.79596,-7.01162],[-36.79253,-7.01776],[-36.79802,-7.02116],[-36.80077,-7.01639],[-36.8042,-7.02048],[-36.80283,-7.02457],[-36.80763,-7.0273],[-36.80695,-7.02116],[-36.81038,-7.01776],[-36.81999,-7.0198],[-36.8145,-7.01026],[-36.81519,-7.00822],[-36.81999,-7.00822],[-36.81999,-7.00617],[-36.81656,-7.00413],[-36.81107,-6.99322],[-36.80695,-6.99527],[-36.80557,-7.00276],[-36.80351,-7.00208],[-36.80351,-6.9905],[-36.80763,-6.98164],[-36.80145,-6.97755]]]}},{"type":"Feature","properties":{"faixa":"700 a 900 m","ordem":5,"area_km2":5.4},"geometry":{"type":"Polygon","coordinates":[[[-36.66206,-6.95846],[-36.66138,-6.96596],[-36.65794,-6.97209],[-36.66344,-6.97755],[-36.66893,-6.97823],[-36.6703,-6.983],[-36.67374,-6.98436],[-36.67786,-6.99118],[-36.68953,-6.99459],[-36.68816,-6.98027],[-36.67442,-6.97278],[-36.66687,-6.96119],[-36.66206,-6.95846]]]}},{"type":"Feature","properties":{"faixa":"700 a 900 m","ordem":5,"area_km2":2.8},"geometry":{"type":"Polygon","coordinates":[[[-36.9326,-7.14109],[-36.9278,-7.14314],[-36.92024,-7.14382],[-36.91956,-7.14859],[-36.91406,-7.15472],[-36.91887,-7.15812],[-36.92299,-7.15608],[-36.9326,-7.15676],[-36.93604,-7.14722],[-36.9326,-7.14109]],[[-36.9303,-7.1499],[-36.9191,-7.1553],[-36.9303,-7.1499],[-36.9303,-7.1499]]]}},{"type":"Feature","properties":{"faixa":"700 a 900 m","ordem":5,"area_km2":1.8},"geometry":{"type":"Polygon","coordinates":[[[-36.81244,-7.52383],[-36.80901,-7.52723],[-36.81381,-7.53064],[-36.81725,-7.54085],[-36.82205,-7.54289],[-36.82205,-7.5354],[-36.82755,-7.52996],[-36.81244,-7.52383]]]}},{"type":"Feature","properties":{"faixa":"700 a 900 m","ordem":5,"area_km2":1.6},"geometry":{"type":"Polygon","coordinates":[[[-35.95207,-7.0968],[-35.94658,-7.10362],[-35.9404,-7.1043],[-35.94452,-7.10839],[-35.94383,-7.11656],[-35.94727,-7.11929],[-35.95276,-7.11656],[-35.94864,-7.11111],[-35.95345,-7.10362],[-35.95207,-7.0968]]]}},{"type":"Feature","properties":{"faixa":"700 a 900 m","ordem":5,"area_km2":38.4},"geometry":{"type":"Polygon","coordinates":[[[-35.961,-7.03752],[-35.94521,-7.03479],[-35.94521,-7.03956],[-35.93971,-7.04161],[-35.94658,-7.04229],[-35.9507,-7.0491],[-35.94246,-7.04774],[-35.94109,-7.05047],[-35.92461,-7.05047],[-35.92186,-7.05456],[-35.92529,-7.06001],[-35.93079,-7.06273],[-35.93628,-7.06069],[-35.93903,-7.0641],[-35.93903,-7.06955],[-35.94452,-7.07159],[-35.95001,-7.06955],[-35.95207,-7.07296],[-35.95688,-7.07296],[-35.95757,-7.08318],[-35.95276,-7.08658],[-35.95345,-7.09203],[-35.95482,-7.09476],[-35.96237,-7.09203],[-35.96581,-7.10294],[-35.96992,-7.10157],[-35.97061,-7.09135],[-35.97473,-7.09067],[-35.97748,-7.09476],[-35.98022,-7.09476],[-35.98366,-7.08931],[-35.98709,-7.10226],[-35.98434,-7.10907],[-35.98846,-7.11111],[-35.98846,-7.1152],[-35.98091,-7.11929],[-35.9713,-7.11997],[-35.97061,-7.1227],[-35.97679,-7.12406],[-35.98091,-7.13019],[-35.98572,-7.12474],[-35.98915,-7.12951],[-35.9919,-7.12951],[-36.00151,-7.11997],[-36.0022,-7.11384],[-35.99808,-7.10975],[-35.99876,-7.10498],[-36.00151,-7.10226],[-36.00975,-7.10294],[-36.00769,-7.09953],[-35.99808,-7.10089],[-35.99533,-7.09817],[-35.99602,-7.09203],[-35.99876,-7.09067],[-35.9967,-7.07364],[-36.00494,-7.06955],[-36.00494,-7.06273],[-35.99945,-7.06205],[-35.99533,-7.06546],[-35.9919,-7.05796],[-35.99258,-7.05388],[-35.9864,-7.04842],[-35.98434,-7.0491],[-35.98434,-7.05388],[-35.97679,-7.05865],[-35.97404,-7.05796],[-35.97267,-7.04706],[-35.96992,-7.04365],[-35.96169,-7.04502],[-35.961,-7.03752]]]}},{"type":"Feature","properties":{"faixa":"700 a 900 m","ordem":5,"area_km2":8.8},"geometry":{"type":"Polygon","coordinates":[[[-37.06444,-7.14586],[-37.06238,-7.14859],[-37.05826,-7.14859],[-37.05757,-7.15404],[-37.05757,-7.15881],[-37.06169,-7.16426],[-37.05963,-7.16903],[-37.06169,-7.17448],[-37.08229,-7.17448],[-37.08435,-7.17243],[-37.08847,-7.17448],[-37.09259,-7.17243],[-37.09328,-7.16834],[-37.10426,-7.16698],[-37.10426,-7.16494],[-37.09602,-7.16289],[-37.08504,-7.16426],[-37.0768,-7.15131],[-37.07268,-7.15063],[-37.06856,-7.14586],[-37.06444,-7.14586]]]}},{"type":"Feature","properties":{"faixa":"700 a 900 m","ordem":5,"area_km2":15.1},"geometry":{"type":"Polygon","coordinates":[[[-36.97929,-7.16903],[-36.97861,-7.17175],[-36.96968,-7.17175],[-36.96693,-7.17379],[-36.93947,-7.16903],[-36.92505,-7.16971],[-36.91406,-7.17311],[-36.91338,-7.17584],[-36.92162,-7.17584],[-36.92162,-7.17924],[-36.91818,-7.18197],[-36.91956,-7.19014],[-36.92436,-7.19219],[-36.92917,-7.19083],[-36.93054,-7.19423],[-36.93398,-7.19423],[-36.93466,-7.18061],[-36.94084,-7.18197],[-36.94771,-7.17993],[-36.94427,-7.18333],[-36.94427,-7.18606],[-36.94771,-7.18742],[-36.95183,-7.18742],[-36.95801,-7.18333],[-36.97174,-7.18674],[-36.99646,-7.18538],[-37.00333,-7.1881],[-37.00539,-7.18606],[-36.99715,-7.17584],[-36.98822,-7.17652],[-36.98753,-7.17039],[-36.97929,-7.16903]]]}},{"type":"Feature","properties":{"faixa":"700 a 900 m","ordem":5,"area_km2":1.7},"geometry":{"type":"Polygon","coordinates":[[[-37.17705,-7.18333],[-37.17773,-7.19423],[-37.18323,-7.20377],[-37.18323,-7.19968],[-37.18941,-7.18878],[-37.18529,-7.18469],[-37.17705,-7.18333]]]}},{"type":"Feature","properties":{"faixa":"700 a 900 m","ordem":5,"area_km2":8.0},"geometry":{"type":"Polygon","coordinates":[[[-37.03423,-7.17856],[-37.03079,-7.19151],[-37.04041,-7.20104],[-37.04521,-7.20241],[-37.04659,-7.20036],[-37.05757,-7.20036],[-37.05963,-7.20445],[-37.06856,-7.20309],[-37.0665,-7.19764],[-37.06993,-7.19219],[-37.0665,-7.18742],[-37.05757,-7.18538],[-37.05345,-7.18061],[-37.04109,-7.18129],[-37.03835,-7.17856],[-37.03423,-7.17856]]]}},{"type":"Feature","properties":{"faixa":"700 a 900 m","ordem":5,"area_km2":10.8},"geometry":{"type":"Polygon","coordinates":[[[-37.015,-7.19764],[-37.01431,-7.19968],[-37.00676,-7.20036],[-37.00401,-7.20377],[-36.9841,-7.20786],[-36.96007,-7.21058],[-36.95045,-7.20922],[-36.95045,-7.21603],[-36.94359,-7.22012],[-36.94908,-7.22352],[-36.9532,-7.22352],[-36.95457,-7.21807],[-36.95869,-7.21807],[-36.96144,-7.22148],[-36.97311,-7.21876],[-36.98067,-7.2208],[-36.98753,-7.21535],[-37.00264,-7.21058],[-37.01637,-7.21263],[-37.0253,-7.21194],[-37.02873,-7.20786],[-37.04315,-7.20922],[-37.03903,-7.20377],[-37.0253,-7.20309],[-37.02187,-7.199],[-37.015,-7.19764]]]}},{"type":"Feature","properties":{"faixa":"700 a 900 m","ordem":5,"area_km2":61.1},"geometry":{"type":"Polygon","coordinates":[[[-37.118,-7.17516],[-37.11662,-7.17924],[-37.12006,-7.18538],[-37.11113,-7.18129],[-37.1022,-7.18197],[-37.10152,-7.17788],[-37.09396,-7.17993],[-37.08778,-7.17584],[-37.07611,-7.17993],[-37.07268,-7.19219],[-37.07954,-7.20036],[-37.07954,-7.20581],[-37.06993,-7.21263],[-37.06718,-7.21876],[-37.0919,-7.22829],[-37.09808,-7.2351],[-37.11182,-7.24055],[-37.11662,-7.24532],[-37.1386,-7.246],[-37.1489,-7.24192],[-37.15164,-7.23647],[-37.15782,-7.23442],[-37.15919,-7.22625],[-37.15714,-7.22148],[-37.16057,-7.21944],[-37.17293,-7.22012],[-37.17224,-7.20922],[-37.15988,-7.20718],[-37.17361,-7.20581],[-37.17567,-7.20309],[-37.1743,-7.19559],[-37.16057,-7.17924],[-37.1489,-7.1772],[-37.14821,-7.18333],[-37.14066,-7.18469],[-37.12967,-7.1772],[-37.118,-7.17516]],[[-37.15851,-7.18674],[-37.16469,-7.19491],[-37.15096,-7.19423],[-37.15233,-7.18742],[-37.15851,-7.18674]],[[-37.1125,-7.18946],[-37.12555,-7.199],[-37.12967,-7.19968],[-37.13173,-7.19696],[-37.14134,-7.199],[-37.1434,-7.20649],[-37.13104,-7.20445],[-37.12967,-7.20922],[-37.12555,-7.20377],[-37.11319,-7.20445],[-37.11182,-7.20036],[-37.10838,-7.199],[-37.1077,-7.19423],[-37.10358,-7.19219],[-37.10495,-7.18946],[-37.1125,-7.18946]]]}},{"type":"Feature","properties":{"faixa":"700 a 900 m","ordem":5,"area_km2":9.6},"geometry":{"type":"Polygon","coordinates":[[[-37.11182,-7.34885],[-37.10564,-7.34953],[-37.10701,-7.34476],[-37.10289,-7.34067],[-37.10289,-7.33591],[-37.09877,-7.33455],[-37.09877,-7.3325],[-37.10152,-7.32978],[-37.10152,-7.32569],[-37.11388,-7.31752],[-37.10358,-7.31616],[-37.09465,-7.32433],[-37.09534,-7.3325],[-37.09053,-7.33591],[-37.09053,-7.34272],[-37.09465,-7.3434],[-37.09602,-7.34953],[-37.08984,-7.35429],[-37.08916,-7.34817],[-37.08298,-7.34885],[-37.08366,-7.34067],[-37.07954,-7.33795],[-37.07886,-7.3468],[-37.07474,-7.35429],[-37.06993,-7.35974],[-37.0665,-7.35906],[-37.05894,-7.36723],[-37.06444,-7.37132],[-37.0665,-7.36723],[-37.07062,-7.36655],[-37.0718,-7.37132],[-37.0856,-7.3583],[-37.0973,-7.354],[-37.1019,-7.3566],[-37.11182,-7.35218],[-37.11182,-7.34885]]]}},{"type":"Feature","properties":{"faixa":"700 a 900 m","ordem":5,"area_km2":8.7},"geometry":{"type":"Polygon","coordinates":[[[-37.50732,-7.21535],[-37.49565,-7.22148],[-37.48535,-7.22352],[-37.48398,-7.23034],[-37.50046,-7.25077],[-37.50801,-7.25145],[-37.51488,-7.25554],[-37.51556,-7.25009],[-37.51282,-7.24328],[-37.51625,-7.23647],[-37.50938,-7.23238],[-37.51007,-7.22421],[-37.50732,-7.21535]],[[-37.49771,-7.23715],[-37.49634,-7.23783],[-37.49634,-7.23715],[-37.49771,-7.23715]]]}},{"type":"Feature","properties":{"faixa":"700 a 900 m","ordem":5,"area_km2":28.5},"geometry":{"type":"Polygon","coordinates":[[[-36.99097,-7.47345],[-36.98547,-7.46869],[-36.98204,-7.47277],[-36.98204,-7.47822],[-36.97655,-7.48162],[-36.96487,-7.47481],[-36.95938,-7.47686],[-36.95251,-7.4755],[-36.94977,-7.47822],[-36.94702,-7.47277],[-36.9326,-7.47345],[-36.92848,-7.47754],[-36.91681,-7.47686],[-36.91612,-7.47958],[-36.912,-7.47618],[-36.90926,-7.47754],[-36.912,-7.48571],[-36.91612,-7.48707],[-36.92162,-7.49456],[-36.92093,-7.4966],[-36.9175,-7.4966],[-36.91887,-7.50409],[-36.92574,-7.50613],[-36.92505,-7.49932],[-36.93123,-7.49796],[-36.9381,-7.51226],[-36.94908,-7.51634],[-36.95801,-7.5286],[-36.96968,-7.532],[-36.96693,-7.52587],[-36.96899,-7.52247],[-36.96693,-7.5177],[-36.96007,-7.51634],[-36.95251,-7.50885],[-36.94496,-7.50681],[-36.94427,-7.50409],[-36.95183,-7.50273],[-36.95114,-7.49728],[-36.95869,-7.49932],[-36.96419,-7.49796],[-36.96487,-7.49183],[-36.9738,-7.49864],[-36.98067,-7.49932],[-36.9841,-7.50341],[-36.98959,-7.50205],[-36.98959,-7.49728],[-36.99165,-7.4966],[-36.99715,-7.50137],[-36.99852,-7.50749],[-37.00676,-7.50545],[-37.00745,-7.50273],[-37.0047,-7.50205],[-37.00745,-7.49932],[-37.00676,-7.49524],[-37.0033,-7.4964],[-36.9842,-7.4823],[-36.9854,-7.4756],[-36.99097,-7.47345]]]}},{"type":"Feature","properties":{"faixa":"700 a 900 m","ordem":5,"area_km2":16.2},"geometry":{"type":"Polygon","coordinates":[[[-38.54828,-6.35079],[-38.53935,-6.3542],[-38.53935,-6.35829],[-38.55171,-6.35966],[-38.55789,-6.35761],[-38.56476,-6.36375],[-38.55995,-6.36716],[-38.5421,-6.3658],[-38.54073,-6.36921],[-38.54759,-6.37126],[-38.54759,-6.37467],[-38.54073,-6.37945],[-38.54004,-6.38491],[-38.55583,-6.38559],[-38.56064,-6.38013],[-38.57094,-6.38627],[-38.57712,-6.38559],[-38.58398,-6.38968],[-38.58192,-6.39378],[-38.57712,-6.39446],[-38.57574,-6.39992],[-38.57094,-6.39992],[-38.56819,-6.39514],[-38.56339,-6.3931],[-38.55377,-6.39514],[-38.54965,-6.39933],[-38.5644,-6.3997],[-38.572,-6.4041],[-38.581,-6.4018],[-38.5872,-6.3943],[-38.5941,-6.3969],[-38.6018,-6.3917],[-38.5949,-6.3866],[-38.5925,-6.3782],[-38.583,-6.374],[-38.5731,-6.3749],[-38.5771,-6.3642],[-38.5674,-6.3615],[-38.5625,-6.3557],[-38.54828,-6.35079]]]}},{"type":"Feature","properties":{"faixa":"acima de 900 m","ordem":6,"area_km2":7.1},"geometry":{"type":"Polygon","coordinates":[[[-38.19946,-7.80488],[-38.20015,-7.80012],[-38.19603,-7.79468],[-38.19809,-7.78379],[-38.19466,-7.77155],[-38.18848,-7.77019],[-38.18779,-7.77223],[-38.18298,-7.77223],[-38.17955,-7.78039],[-38.16925,-7.77835],[-38.16444,-7.77971],[-38.1747,-7.7899],[-38.19946,-7.80488]]]}},{"type":"Feature","properties":{"faixa":"acima de 900 m","ordem":6,"area_km2":3.8},"geometry":{"type":"Polygon","coordinates":[[[-37.1125,-7.18878],[-37.10495,-7.18946],[-37.10358,-7.19219],[-37.1077,-7.19423],[-37.10838,-7.199],[-37.11182,-7.20036],[-37.11319,-7.20445],[-37.12555,-7.20377],[-37.12967,-7.20922],[-37.13104,-7.20445],[-37.1434,-7.20649],[-37.14134,-7.199],[-37.13173,-7.19696],[-37.12761,-7.19968],[-37.11662,-7.19423],[-37.1125,-7.18878]]]}},{"type":"Feature","properties":{"faixa":"acima de 900 m","ordem":6,"area_km2":2.2},"geometry":{"type":"Polygon","coordinates":[[[-37.52861,-7.31139],[-37.51762,-7.31752],[-37.51144,-7.31548],[-37.50458,-7.3182],[-37.51488,-7.31888],[-37.52312,-7.32229],[-37.5293,-7.32161],[-37.52861,-7.3291],[-37.53204,-7.32637],[-37.53685,-7.32705],[-37.53273,-7.32161],[-37.53342,-7.31207],[-37.52861,-7.31139]]]}},{"type":"Feature","properties":{"faixa":"acima de 900 m","ordem":6,"area_km2":5.3},"geometry":{"type":"Polygon","coordinates":[[[-37.37274,-7.23579],[-37.37068,-7.23851],[-37.36244,-7.23851],[-37.36313,-7.2426],[-37.36862,-7.2426],[-37.36931,-7.2535],[-37.37274,-7.2569],[-37.37961,-7.2569],[-37.38235,-7.26099],[-37.39403,-7.26031],[-37.40021,-7.25758],[-37.39265,-7.25009],[-37.37617,-7.24055],[-37.37274,-7.23579]]]}},{"type":"Feature","properties":{"faixa":"acima de 900 m","ordem":6,"area_km2":2.5},"geometry":{"type":"Polygon","coordinates":[[[-38.11913,-7.66472],[-38.11157,-7.66676],[-38.11775,-7.66948],[-38.11913,-7.67357],[-38.12599,-7.67901],[-38.12531,-7.68445],[-38.13423,-7.68786],[-38.13835,-7.68718],[-38.13835,-7.68241],[-38.12668,-7.67357],[-38.12599,-7.66744],[-38.11913,-7.66472]]]}},{"type":"Feature","properties":{"faixa":"acima de 900 m","ordem":6,"area_km2":4.4},"geometry":{"type":"Polygon","coordinates":[[[-37.33154,-7.94432],[-37.33223,-7.9484],[-37.34184,-7.95112],[-37.33772,-7.95724],[-37.34596,-7.96812],[-37.33566,-7.96812],[-37.33841,-7.97696],[-37.34043,-7.97764],[-37.3406,-7.9751],[-37.3574,-7.975],[-37.352,-7.9685],[-37.3477,-7.9544],[-37.3502,-7.9486],[-37.3347,-7.943],[-37.33154,-7.94432]]]}},{"type":"Feature","properties":{"faixa":"acima de 900 m","ordem":6,"area_km2":2.8},"geometry":{"type":"Polygon","coordinates":[[[-37.02324,-8.28692],[-37.01843,-8.28488],[-37.01157,-8.28624],[-36.99509,-8.27945],[-36.99028,-8.27333],[-36.98685,-8.27401],[-36.98685,-8.27673],[-36.99783,-8.28284],[-36.99715,-8.28624],[-37.00264,-8.2966],[-37.02324,-8.28692]]]}},{"type":"Feature","properties":{"faixa":"acima de 900 m","ordem":6,"area_km2":35.6},"geometry":{"type":"Polygon","coordinates":[[[-38.16101,-7.78039],[-38.15208,-7.77495],[-38.14796,-7.77495],[-38.14453,-7.77903],[-38.14041,-7.77291],[-38.1205,-7.76746],[-38.11913,-7.76134],[-38.12325,-7.75318],[-38.1205,-7.75046],[-38.11981,-7.74365],[-38.12256,-7.74229],[-38.12462,-7.73549],[-38.11432,-7.73004],[-38.11363,-7.73617],[-38.10883,-7.73821],[-38.1102,-7.75862],[-38.10745,-7.76338],[-38.11432,-7.76814],[-38.11157,-7.77427],[-38.11569,-7.78379],[-38.12119,-7.7906],[-38.12943,-7.79332],[-38.13011,-7.79604],[-38.12531,-7.79944],[-38.11638,-7.794],[-38.11226,-7.80148],[-38.10471,-7.80352],[-38.10402,-7.80828],[-38.10127,-7.80828],[-38.09303,-7.81917],[-38.07861,-7.82461],[-38.07381,-7.82121],[-38.07312,-7.81781],[-38.08685,-7.80556],[-38.08411,-7.79672],[-38.08067,-7.79332],[-38.08411,-7.78787],[-38.08342,-7.78175],[-38.07861,-7.77903],[-38.07655,-7.77359],[-38.07587,-7.76066],[-38.07999,-7.75386],[-38.07381,-7.74977],[-38.06831,-7.75046],[-38.069,-7.74229],[-38.06488,-7.73685],[-38.06213,-7.74229],[-38.05389,-7.74637],[-38.04909,-7.7525],[-38.05046,-7.75764],[-38.0695,-7.7723],[-38.0753,-7.7824],[-38.0735,-7.7935],[-38.0757,-7.8054],[-38.0654,-7.8197],[-38.0694,-7.8261],[-38.0771,-7.8306],[-38.0972,-7.8273],[-38.1061,-7.8229],[-38.1162,-7.8226],[-38.1294,-7.8059],[-38.1314,-7.7958],[-38.1438,-7.7834],[-38.16101,-7.78039]]]}},{"type":"Feature","properties":{"faixa":"acima de 900 m","ordem":6,"area_km2":112.5},"geometry":{"type":"Polygon","coordinates":[[[-36.912,-8.25294],[-36.91818,-8.24819],[-36.92299,-8.24751],[-36.92093,-8.24003],[-36.91818,-8.23935],[-36.91338,-8.24343],[-36.9017,-8.23731],[-36.89621,-8.23799],[-36.88728,-8.23392],[-36.88797,-8.2312],[-36.89346,-8.23052],[-36.87355,-8.21693],[-36.87218,-8.21965],[-36.87492,-8.22372],[-36.86325,-8.21897],[-36.86119,-8.21489],[-36.8557,-8.21285],[-36.84608,-8.21353],[-36.83578,-8.20333],[-36.82961,-8.2013],[-36.81999,-8.1877],[-36.82274,-8.18498],[-36.82205,-8.18227],[-36.80901,-8.18363],[-36.80283,-8.17275],[-36.78635,-8.16595],[-36.78566,-8.16188],[-36.78909,-8.1612],[-36.80557,-8.16731],[-36.81381,-8.16799],[-36.81519,-8.15984],[-36.80832,-8.15372],[-36.78978,-8.15304],[-36.78703,-8.14964],[-36.77879,-8.15032],[-36.77467,-8.14692],[-36.77261,-8.14692],[-36.77124,-8.151],[-36.76712,-8.15168],[-36.76231,-8.13605],[-36.74789,-8.13605],[-36.73759,-8.12789],[-36.71425,-8.12517],[-36.71013,-8.12177],[-36.69777,-8.12381],[-36.69159,-8.11905],[-36.68953,-8.12245],[-36.68678,-8.12245],[-36.68404,-8.11837],[-36.67717,-8.11497],[-36.67099,-8.11633],[-36.66893,-8.11294],[-36.65588,-8.10886],[-36.6449,-8.11022],[-36.63116,-8.10478],[-36.6346,-8.10138],[-36.65108,-8.10274],[-36.66138,-8.10002],[-36.66206,-8.10274],[-36.67168,-8.1075],[-36.70738,-8.10954],[-36.71013,-8.09934],[-36.71631,-8.09934],[-36.71837,-8.0939],[-36.70738,-8.07691],[-36.70189,-8.07895],[-36.69502,-8.07487],[-36.68816,-8.07487],[-36.68541,-8.06943],[-36.68266,-8.06943],[-36.6861,-8.07555],[-36.67992,-8.07827],[-36.66962,-8.06739],[-36.66275,-8.07011],[-36.65245,-8.06535],[-36.64627,-8.05787],[-36.64764,-8.05243],[-36.63254,-8.04427],[-36.63048,-8.04019],[-36.63185,-8.03339],[-36.62904,-8.02999],[-36.6288,-8.0571],[-36.6538,-8.0704],[-36.6587,-8.0798],[-36.6504,-8.0813],[-36.6477,-8.0913],[-36.637,-8.0932],[-36.6279,-8.1029],[-36.6286,-8.1111],[-36.6403,-8.1199],[-36.6652,-8.1233],[-36.6939,-8.1408],[-36.687,-8.1557],[-36.697,-8.1547],[-36.7037,-8.158],[-36.7228,-8.151],[-36.7258,-8.1564],[-36.7189,-8.1616],[-36.724,-8.1725],[-36.7409,-8.1724],[-36.7501,-8.1757],[-36.7535,-8.1915],[-36.7616,-8.1963],[-36.7754,-8.1907],[-36.7943,-8.1895],[-36.8058,-8.1954],[-36.8125,-8.2053],[-36.8617,-8.2224],[-36.8792,-8.2356],[-36.896,-8.2408],[-36.90731,-8.25294],[-36.912,-8.25294]]]}},{"type":"Feature","properties":{"faixa":"acima de 900 m","ordem":6,"area_km2":3.1},"geometry":{"type":"Polygon","coordinates":[[[-36.73691,-8.0905],[-36.73485,-8.09186],[-36.73416,-8.09866],[-36.73622,-8.10342],[-36.74377,-8.10546],[-36.74721,-8.11022],[-36.75339,-8.11226],[-36.75888,-8.1109],[-36.74995,-8.09798],[-36.73691,-8.0905]]]}}]}