{"type":"FeatureCollection","features":[{"type":"Feature","properties":{"id":72,"nome":"Santa Inês","capacidade_m3":26120000,"capacidade_hm3":26.12,"capacidade_fonte":"ANA/SAR","municipio_cod":"2513356","municipio":"Santa Inês","bacia":"Piancó","volume_hm3":4.51,"percentual":17.27,"data_volume":"2026-09-04","serie_mensal":[{"mes":"2025-10","volume_hm3":4.44,"percentual":17.0},{"mes":"2025-11","volume_hm3":4.11,"percentual":15.74},{"mes":"2025-12","volume_hm3":3.98,"percentual":15.24},{"mes":"2026-01","volume_hm3":3.83,"percentual":14.66},{"mes":"2026-02","volume_hm3":4.54,"percentual":17.38},{"mes":"2026-03","volume_hm3":5.18,"percentual":19.83},{"mes":"2026-04","volume_hm3":5.74,"percentual":21.98},{"mes":"2026-05","volume_hm3":5.6,"percentual":21.44},{"mes":"2026-06","volume_hm3":5.42,"percentual":20.75},{"mes":"2026-07","volume_hm3":5.24,"percentual":20.06},{"mes":"2026-08","volume_hm3":4.53,"percentual":17.34},{"mes":"2026-09","volume_hm3":4.51,"percentual":17.27}]},"geometry":{"type":"Point","coordinates":[-38.60223696403748,-7.633528948906296]}},{"type":"Feature","properties":{"id":160,"nome":"Lancha I","capacidade_m3":5675800,"capacidade_hm3":5.68,"capacidade_fonte":"AESA/SEIRA","municipio_cod":"2500205","municipio":"Aguiar","bacia":"Piancó","volume_hm3":null,"percentual":null,"data_volume":null,"serie_mensal":null},"geometry":{"type":"Point","coordinates":[-38.263889,-7.083889]}},{"type":"Feature","properties":{"id":157,"nome":"Riacho Fundo","capacidade_m3":298616,"capacidade_hm3":0.3,"capacidade_fonte":"AESA/SEIRA","municipio_cod":"2516755","municipio":"Tenório","bacia":"Seridó","volume_hm3":null,"percentual":null,"data_volume":null,"serie_mensal":null},"geometry":{"type":"Point","coordinates":[-36.585222,-6.922389]}},{"type":"Feature","properties":{"id":158,"nome":"Pedra Lisa","capacidade_m3":4929420,"capacidade_hm3":4.93,"capacidade_fonte":"AESA/SEIRA","municipio_cod":"2506707","municipio":"Imaculada","bacia":"Piancó","volume_hm3":null,"percentual":null,"data_volume":null,"serie_mensal":null},"geometry":{"type":"Point","coordinates":[-37.6029,-7.404113]}},{"type":"Feature","properties":{"id":62,"nome":"Queimadas","capacidade_m3":15630000,"capacidade_hm3":15.63,"capacidade_fonte":"ANA/SAR","municipio_cod":"2513604","municipio":"Santana dos Garrotes","bacia":"Piancó","volume_hm3":8.1,"percentual":51.82,"data_volume":"2026-09-04","serie_mensal":[{"mes":"2025-10","volume_hm3":4.94,"percentual":31.61},{"mes":"2025-11","volume_hm3":4.6,"percentual":29.43},{"mes":"2025-12","volume_hm3":4.39,"percentual":28.09},{"mes":"2026-01","volume_hm3":4.2,"percentual":26.87},{"mes":"2026-02","volume_hm3":4.39,"percentual":28.09},{"mes":"2026-03","volume_hm3":7.21,"percentual":46.13},{"mes":"2026-04","volume_hm3":9.81,"percentual":62.76},{"mes":"2026-05","volume_hm3":9.58,"percentual":61.29},{"mes":"2026-06","volume_hm3":9.35,"percentual":59.82},{"mes":"2026-07","volume_hm3":8.85,"percentual":56.62},{"mes":"2026-08","volume_hm3":8.18,"percentual":52.34},{"mes":"2026-09","volume_hm3":8.1,"percentual":51.82}]},"geometry":{"type":"Point","coordinates":[-37.96071798198406,-7.396645743947507]}},{"type":"Feature","properties":{"id":33,"nome":"Farinha","capacidade_m3":25740000,"capacidade_hm3":25.74,"capacidade_fonte":"ANA/SAR","municipio_cod":"2510808","municipio":"Patos","bacia":"Espinharas","volume_hm3":18.19,"percentual":70.67,"data_volume":"2026-09-04","serie_mensal":[{"mes":"2025-10","volume_hm3":0.87,"percentual":3.38},{"mes":"2025-11","volume_hm3":0.29,"percentual":1.13},{"mes":"2025-12","volume_hm3":0.28,"percentual":1.09},{"mes":"2026-01","volume_hm3":null,"percentual":null},{"mes":"2026-02","volume_hm3":0.55,"percentual":2.14},{"mes":"2026-03","volume_hm3":23.93,"percentual":92.97},{"mes":"2026-04","volume_hm3":25.07,"percentual":97.4},{"mes":"2026-05","volume_hm3":23.19,"percentual":90.09},{"mes":"2026-06","volume_hm3":21.78,"percentual":84.62},{"mes":"2026-07","volume_hm3":20.24,"percentual":78.63},{"mes":"2026-08","volume_hm3":18.4,"percentual":71.48},{"mes":"2026-09","volume_hm3":18.19,"percentual":70.67}]},"geometry":{"type":"Point","coordinates":[-37.23909162033326,-7.093197514397843]}},{"type":"Feature","properties":{"id":12,"nome":"Cordeiro (Gov. Wilson Braga)","capacidade_m3":69970000,"capacidade_hm3":69.97,"capacidade_fonte":"ANA/SAR","municipio_cod":"2504702","municipio":"Congo","bacia":"Região do Alto Curso do Rio Paraíba","volume_hm3":27.85,"percentual":39.8,"data_volume":"2026-09-04","serie_mensal":[{"mes":"2025-10","volume_hm3":33.8,"percentual":48.31},{"mes":"2025-11","volume_hm3":31.8,"percentual":45.45},{"mes":"2025-12","volume_hm3":29.79,"percentual":42.58},{"mes":"2026-01","volume_hm3":28.04,"percentual":40.07},{"mes":"2026-02","volume_hm3":27.42,"percentual":39.19},{"mes":"2026-03","volume_hm3":30.31,"percentual":43.32},{"mes":"2026-04","volume_hm3":32.57,"percentual":46.55},{"mes":"2026-05","volume_hm3":31.6,"percentual":45.16},{"mes":"2026-06","volume_hm3":30.63,"percentual":43.78},{"mes":"2026-07","volume_hm3":29.53,"percentual":42.2},{"mes":"2026-08","volume_hm3":28.04,"percentual":40.07},{"mes":"2026-09","volume_hm3":27.85,"percentual":39.8}]},"geometry":{"type":"Point","coordinates":[-36.69377998376399,-7.827526978350252]}},{"type":"Feature","properties":{"id":15,"nome":"Epitácio Pessoa","capacidade_m3":466530000,"capacidade_hm3":466.53,"capacidade_fonte":"ANA/SAR","municipio_cod":"2502508","municipio":"Boqueirão","bacia":"Região do Alto Curso do Rio Paraíba","volume_hm3":222.47,"percentual":47.69,"data_volume":"2026-09-04","serie_mensal":[{"mes":"2025-10","volume_hm3":216.11,"percentual":46.32},{"mes":"2025-11","volume_hm3":204.07,"percentual":43.74},{"mes":"2025-12","volume_hm3":192.07,"percentual":41.17},{"mes":"2026-01","volume_hm3":181.09,"percentual":38.82},{"mes":"2026-02","volume_hm3":176.57,"percentual":37.85},{"mes":"2026-03","volume_hm3":200.58,"percentual":42.99},{"mes":"2026-04","volume_hm3":235.6,"percentual":50.5},{"mes":"2026-05","volume_hm3":235.04,"percentual":50.38},{"mes":"2026-06","volume_hm3":231.43,"percentual":49.61},{"mes":"2026-07","volume_hm3":230.33,"percentual":49.37},{"mes":"2026-08","volume_hm3":223.81,"percentual":47.97},{"mes":"2026-09","volume_hm3":222.47,"percentual":47.69}]},"geometry":{"type":"Point","coordinates":[-36.213378343179194,-7.519039990618498]}},{"type":"Feature","properties":{"id":3,"nome":"Prata II","capacidade_m3":1310000,"capacidade_hm3":1.31,"capacidade_fonte":"ANA/SAR","municipio_cod":"2512200","municipio":"Prata","bacia":"Região do Alto Curso do Rio Paraíba","volume_hm3":0.0,"percentual":0.0,"data_volume":"2026-09-03","serie_mensal":[{"mes":"2025-10","volume_hm3":0.02,"percentual":1.53},{"mes":"2025-11","volume_hm3":null,"percentual":null},{"mes":"2025-12","volume_hm3":null,"percentual":null},{"mes":"2026-01","volume_hm3":null,"percentual":null},{"mes":"2026-02","volume_hm3":null,"percentual":null},{"mes":"2026-03","volume_hm3":null,"percentual":null},{"mes":"2026-04","volume_hm3":null,"percentual":null},{"mes":"2026-05","volume_hm3":null,"percentual":null},{"mes":"2026-06","volume_hm3":null,"percentual":null},{"mes":"2026-07","volume_hm3":null,"percentual":null},{"mes":"2026-08","volume_hm3":0.0,"percentual":0.0},{"mes":"2026-09","volume_hm3":0.0,"percentual":0.0}]},"geometry":{"type":"Point","coordinates":[-37.08725147766365,-7.696787691395915]}},{"type":"Feature","properties":{"id":159,"nome":"Mameluco","capacidade_m3":6041750,"capacidade_hm3":6.04,"capacidade_fonte":"AESA/SEIRA","municipio_cod":"2506608","municipio":"Ibiara","bacia":"Piancó","volume_hm3":null,"percentual":null,"data_volume":null,"serie_mensal":null},"geometry":{"type":"Point","coordinates":[-38.402283,-7.594072]}},{"type":"Feature","properties":{"id":161,"nome":"Coronel Jueca","capacidade_m3":6126875,"capacidade_hm3":6.13,"capacidade_fonte":"AESA/SEIRA","municipio_cod":"2503555","municipio":"Cacimbas","bacia":"Taperoá","volume_hm3":null,"percentual":null,"data_volume":null,"serie_mensal":null},"geometry":{"type":"Point","coordinates":[-37.049389,-7.2565]}},{"type":"Feature","properties":{"id":162,"nome":"Cacimbinha","capacidade_m3":2156560,"capacidade_hm3":2.16,"capacidade_fonte":"AESA/SEIRA","municipio_cod":"2515401","municipio":"São Vicente do Seridó","bacia":"Seridó","volume_hm3":null,"percentual":null,"data_volume":null,"serie_mensal":null},"geometry":{"type":"Point","coordinates":[-36.522194,-6.9005]}},{"type":"Feature","properties":{"id":19,"nome":"Engenheiro Avidos","capacidade_m3":293620000,"capacidade_hm3":293.62,"capacidade_fonte":"ANA/SAR","municipio_cod":"2503704","municipio":"Cajazeiras","bacia":"Região do Alto Curso do Rio Piranhas","volume_hm3":158.15,"percentual":53.86,"data_volume":"2026-09-04","serie_mensal":[{"mes":"2025-10","volume_hm3":65.28,"percentual":22.23},{"mes":"2025-11","volume_hm3":56.77,"percentual":19.33},{"mes":"2025-12","volume_hm3":26.54,"percentual":9.04},{"mes":"2026-01","volume_hm3":50.35,"percentual":17.15},{"mes":"2026-02","volume_hm3":58.69,"percentual":19.99},{"mes":"2026-03","volume_hm3":117.6,"percentual":40.05},{"mes":"2026-04","volume_hm3":156.77,"percentual":53.39},{"mes":"2026-05","volume_hm3":173.68,"percentual":59.15},{"mes":"2026-06","volume_hm3":173.89,"percentual":59.22},{"mes":"2026-07","volume_hm3":167.64,"percentual":57.09},{"mes":"2026-08","volume_hm3":159.14,"percentual":54.2},{"mes":"2026-09","volume_hm3":158.15,"percentual":53.86}]},"geometry":{"type":"Point","coordinates":[-38.47017487077742,-7.020467905202707]}},{"type":"Feature","properties":{"id":32,"nome":"Jatobá I","capacidade_m3":17520000,"capacidade_hm3":17.52,"capacidade_fonte":"ANA/SAR","municipio_cod":"2510808","municipio":"Patos","bacia":"Espinharas","volume_hm3":4.93,"percentual":28.14,"data_volume":"2026-09-04","serie_mensal":[{"mes":"2025-10","volume_hm3":2.74,"percentual":15.64},{"mes":"2025-11","volume_hm3":2.23,"percentual":12.73},{"mes":"2025-12","volume_hm3":1.76,"percentual":10.05},{"mes":"2026-01","volume_hm3":1.37,"percentual":7.82},{"mes":"2026-02","volume_hm3":1.56,"percentual":8.9},{"mes":"2026-03","volume_hm3":4.98,"percentual":28.42},{"mes":"2026-04","volume_hm3":6.74,"percentual":38.47},{"mes":"2026-05","volume_hm3":6.74,"percentual":38.47},{"mes":"2026-06","volume_hm3":6.26,"percentual":35.73},{"mes":"2026-07","volume_hm3":5.65,"percentual":32.25},{"mes":"2026-08","volume_hm3":5.01,"percentual":28.6},{"mes":"2026-09","volume_hm3":4.93,"percentual":28.14}]},"geometry":{"type":"Point","coordinates":[-37.27400821267508,-7.072171360878308]}},{"type":"Feature","properties":{"id":26,"nome":"Marés","capacidade_m3":2140000,"capacidade_hm3":2.14,"capacidade_fonte":"ANA/SAR","municipio_cod":"2507507","municipio":"João Pessoa","bacia":"Região do Baixo Curso do Rio Paraíba","volume_hm3":1.99,"percentual":92.99,"data_volume":"2026-09-04","serie_mensal":[{"mes":"2025-10","volume_hm3":1.87,"percentual":87.38},{"mes":"2025-11","volume_hm3":1.85,"percentual":86.45},{"mes":"2025-12","volume_hm3":1.81,"percentual":84.58},{"mes":"2026-01","volume_hm3":1.81,"percentual":84.58},{"mes":"2026-02","volume_hm3":1.88,"percentual":87.85},{"mes":"2026-03","volume_hm3":2.01,"percentual":93.93},{"mes":"2026-04","volume_hm3":2.15,"percentual":100.47},{"mes":"2026-05","volume_hm3":2.04,"percentual":95.33},{"mes":"2026-06","volume_hm3":2.2,"percentual":102.8},{"mes":"2026-07","volume_hm3":2.01,"percentual":93.93},{"mes":"2026-08","volume_hm3":2.02,"percentual":94.39},{"mes":"2026-09","volume_hm3":1.99,"percentual":92.99}]},"geometry":{"type":"Point","coordinates":[-34.91345237143901,-7.160579649423381]}},{"type":"Feature","properties":{"id":92,"nome":"Olivedos","capacidade_m3":5880000,"capacidade_hm3":5.88,"capacidade_fonte":"ANA/SAR","municipio_cod":"2510501","municipio":"Olivedos","bacia":"Taperoá","volume_hm3":0.69,"percentual":11.73,"data_volume":"2026-09-01","serie_mensal":[{"mes":"2025-10","volume_hm3":null,"percentual":null},{"mes":"2025-11","volume_hm3":null,"percentual":null},{"mes":"2025-12","volume_hm3":null,"percentual":null},{"mes":"2026-01","volume_hm3":null,"percentual":null},{"mes":"2026-02","volume_hm3":null,"percentual":null},{"mes":"2026-03","volume_hm3":null,"percentual":null},{"mes":"2026-04","volume_hm3":null,"percentual":null},{"mes":"2026-05","volume_hm3":null,"percentual":null},{"mes":"2026-06","volume_hm3":null,"percentual":null},{"mes":"2026-07","volume_hm3":null,"percentual":null},{"mes":"2026-08","volume_hm3":null,"percentual":null},{"mes":"2026-09","volume_hm3":0.69,"percentual":11.73}]},"geometry":{"type":"Point","coordinates":[-36.23997010074716,-6.9590369331679724]}},{"type":"Feature","properties":{"id":49,"nome":"Vaca Brava","capacidade_m3":3780000,"capacidade_hm3":3.78,"capacidade_fonte":"ANA/SAR","municipio_cod":"2501104","municipio":"Areia","bacia":"Mamanguape","volume_hm3":2.16,"percentual":57.14,"data_volume":"2026-09-04","serie_mensal":[{"mes":"2025-10","volume_hm3":0.91,"percentual":24.07},{"mes":"2025-11","volume_hm3":0.87,"percentual":23.02},{"mes":"2025-12","volume_hm3":0.83,"percentual":21.96},{"mes":"2026-01","volume_hm3":0.81,"percentual":21.43},{"mes":"2026-02","volume_hm3":0.8,"percentual":21.16},{"mes":"2026-03","volume_hm3":0.79,"percentual":20.9},{"mes":"2026-04","volume_hm3":0.82,"percentual":21.69},{"mes":"2026-05","volume_hm3":1.84,"percentual":48.68},{"mes":"2026-06","volume_hm3":1.98,"percentual":52.38},{"mes":"2026-07","volume_hm3":2.11,"percentual":55.82},{"mes":"2026-08","volume_hm3":2.16,"percentual":57.14},{"mes":"2026-09","volume_hm3":2.16,"percentual":57.14}]},"geometry":{"type":"Point","coordinates":[-35.75359795647137,-6.988669222616784]}},{"type":"Feature","properties":{"id":24,"nome":"Olho dÁgua","capacidade_m3":870000,"capacidade_hm3":0.87,"capacidade_fonte":"ANA/SAR","municipio_cod":"2509107","municipio":"Mari","bacia":"Região do Baixo Curso do Rio Paraíba","volume_hm3":0.93,"percentual":106.9,"data_volume":"2026-09-04","serie_mensal":[{"mes":"2025-10","volume_hm3":0.93,"percentual":106.9},{"mes":"2025-11","volume_hm3":0.88,"percentual":101.15},{"mes":"2025-12","volume_hm3":0.8,"percentual":91.95},{"mes":"2026-01","volume_hm3":0.74,"percentual":85.06},{"mes":"2026-02","volume_hm3":0.97,"percentual":111.49},{"mes":"2026-03","volume_hm3":0.99,"percentual":113.79},{"mes":"2026-04","volume_hm3":0.96,"percentual":110.34},{"mes":"2026-05","volume_hm3":0.96,"percentual":110.34},{"mes":"2026-06","volume_hm3":0.97,"percentual":111.49},{"mes":"2026-07","volume_hm3":0.94,"percentual":108.05},{"mes":"2026-08","volume_hm3":0.92,"percentual":105.75},{"mes":"2026-09","volume_hm3":0.93,"percentual":106.9}]},"geometry":{"type":"Point","coordinates":[-35.27950308935594,-7.059662504380542]}},{"type":"Feature","properties":{"id":111,"nome":"Arrojado","capacidade_m3":3600000,"capacidade_hm3":3.6,"capacidade_fonte":"ANA/SAR","municipio_cod":"2516904","municipio":"Uiraúna","bacia":"Peixe","volume_hm3":2.4,"percentual":66.67,"data_volume":"2026-09-04","serie_mensal":[{"mes":"2025-10","volume_hm3":null,"percentual":null},{"mes":"2025-11","volume_hm3":null,"percentual":null},{"mes":"2025-12","volume_hm3":null,"percentual":null},{"mes":"2026-01","volume_hm3":null,"percentual":null},{"mes":"2026-02","volume_hm3":null,"percentual":null},{"mes":"2026-03","volume_hm3":1.06,"percentual":29.44},{"mes":"2026-04","volume_hm3":2.03,"percentual":56.39},{"mes":"2026-05","volume_hm3":2.7,"percentual":75.0},{"mes":"2026-06","volume_hm3":2.66,"percentual":73.89},{"mes":"2026-07","volume_hm3":2.55,"percentual":70.83},{"mes":"2026-08","volume_hm3":2.42,"percentual":67.22},{"mes":"2026-09","volume_hm3":2.4,"percentual":66.67}]},"geometry":{"type":"Point","coordinates":[-38.40916855705447,-6.501795716913409]}},{"type":"Feature","properties":{"id":30,"nome":"Cachoeira dos Alves","capacidade_m3":10610000,"capacidade_hm3":10.61,"capacidade_fonte":"ANA/SAR","municipio_cod":"2507002","municipio":"Itaporanga","bacia":"Piancó","volume_hm3":8.55,"percentual":80.58,"data_volume":"2026-09-02","serie_mensal":[{"mes":"2025-10","volume_hm3":4.08,"percentual":38.45},{"mes":"2025-11","volume_hm3":3.61,"percentual":34.02},{"mes":"2025-12","volume_hm3":3.26,"percentual":30.73},{"mes":"2026-01","volume_hm3":2.87,"percentual":27.05},{"mes":"2026-02","volume_hm3":4.92,"percentual":46.37},{"mes":"2026-03","volume_hm3":10.66,"percentual":100.47},{"mes":"2026-04","volume_hm3":10.66,"percentual":100.47},{"mes":"2026-05","volume_hm3":10.24,"percentual":96.51},{"mes":"2026-06","volume_hm3":9.77,"percentual":92.08},{"mes":"2026-07","volume_hm3":9.23,"percentual":86.99},{"mes":"2026-08","volume_hm3":8.57,"percentual":80.77},{"mes":"2026-09","volume_hm3":8.55,"percentual":80.58}]},"geometry":{"type":"Point","coordinates":[-38.227738812832925,-7.3136616904582255]}},{"type":"Feature","properties":{"id":31,"nome":"Duas Estradas","capacidade_m3":410000,"capacidade_hm3":0.41,"capacidade_fonte":"ANA/SAR","municipio_cod":"2505808","municipio":"Duas Estradas","bacia":"Camaratuba","volume_hm3":0.4,"percentual":97.56,"data_volume":"2026-08-11","serie_mensal":[{"mes":"2025-10","volume_hm3":null,"percentual":null},{"mes":"2025-11","volume_hm3":null,"percentual":null},{"mes":"2025-12","volume_hm3":null,"percentual":null},{"mes":"2026-01","volume_hm3":null,"percentual":null},{"mes":"2026-02","volume_hm3":null,"percentual":null},{"mes":"2026-03","volume_hm3":null,"percentual":null},{"mes":"2026-04","volume_hm3":null,"percentual":null},{"mes":"2026-05","volume_hm3":null,"percentual":null},{"mes":"2026-06","volume_hm3":null,"percentual":null},{"mes":"2026-07","volume_hm3":null,"percentual":null},{"mes":"2026-08","volume_hm3":0.4,"percentual":97.56},{"mes":"2026-09","volume_hm3":null,"percentual":null}]},"geometry":{"type":"Point","coordinates":[-35.4436443036219,-6.703432675319083]}},{"type":"Feature","properties":{"id":23,"nome":"Bartolomeu I","capacidade_m3":17570000,"capacidade_hm3":17.57,"capacidade_fonte":"ANA/SAR","municipio_cod":"2502409","municipio":"Bonito de Santa Fé","bacia":"Região do Alto Curso do Rio Piranhas","volume_hm3":8.05,"percentual":45.82,"data_volume":"2026-09-04","serie_mensal":[{"mes":"2025-10","volume_hm3":8.03,"percentual":45.7},{"mes":"2025-11","volume_hm3":7.49,"percentual":42.63},{"mes":"2025-12","volume_hm3":7.07,"percentual":40.24},{"mes":"2026-01","volume_hm3":6.65,"percentual":37.85},{"mes":"2026-02","volume_hm3":8.4,"percentual":47.81},{"mes":"2026-03","volume_hm3":9.69,"percentual":55.15},{"mes":"2026-04","volume_hm3":9.85,"percentual":56.06},{"mes":"2026-05","volume_hm3":9.44,"percentual":53.73},{"mes":"2026-06","volume_hm3":9.14,"percentual":52.02},{"mes":"2026-07","volume_hm3":8.59,"percentual":48.89},{"mes":"2026-08","volume_hm3":8.11,"percentual":46.16},{"mes":"2026-09","volume_hm3":8.05,"percentual":45.82}]},"geometry":{"type":"Point","coordinates":[-38.47808453139948,-7.322064689738364]}},{"type":"Feature","properties":{"id":25,"nome":"São Salvador","capacidade_m3":12660000,"capacidade_hm3":12.66,"capacidade_fonte":"ANA/SAR","municipio_cod":"2515302","municipio":"Sapé","bacia":"Região do Baixo Curso do Rio Paraíba","volume_hm3":12.63,"percentual":99.76,"data_volume":"2026-09-04","serie_mensal":[{"mes":"2025-10","volume_hm3":11.88,"percentual":93.84},{"mes":"2025-11","volume_hm3":11.17,"percentual":88.23},{"mes":"2025-12","volume_hm3":10.49,"percentual":82.86},{"mes":"2026-01","volume_hm3":10.02,"percentual":79.15},{"mes":"2026-02","volume_hm3":null,"percentual":null},{"mes":"2026-03","volume_hm3":null,"percentual":null},{"mes":"2026-04","volume_hm3":12.63,"percentual":99.76},{"mes":"2026-05","volume_hm3":13.0,"percentual":102.69},{"mes":"2026-06","volume_hm3":13.49,"percentual":106.56},{"mes":"2026-07","volume_hm3":13.04,"percentual":103.0},{"mes":"2026-08","volume_hm3":12.65,"percentual":99.92},{"mes":"2026-09","volume_hm3":12.63,"percentual":99.76}]},"geometry":{"type":"Point","coordinates":[-35.20040409709714,-7.077913881376404]}},{"type":"Feature","properties":{"id":35,"nome":"Riacho das Moças","capacidade_m3":6410000,"capacidade_hm3":6.41,"capacidade_fonte":"ANA/SAR","municipio_cod":"2516706","municipio":"Teixeira","bacia":"Espinharas","volume_hm3":0.38,"percentual":5.93,"data_volume":"2026-09-03","serie_mensal":[{"mes":"2025-10","volume_hm3":null,"percentual":null},{"mes":"2025-11","volume_hm3":null,"percentual":null},{"mes":"2025-12","volume_hm3":null,"percentual":null},{"mes":"2026-01","volume_hm3":null,"percentual":null},{"mes":"2026-02","volume_hm3":0.02,"percentual":0.31},{"mes":"2026-03","volume_hm3":0.19,"percentual":2.96},{"mes":"2026-04","volume_hm3":0.51,"percentual":7.96},{"mes":"2026-05","volume_hm3":0.51,"percentual":7.96},{"mes":"2026-06","volume_hm3":0.48,"percentual":7.49},{"mes":"2026-07","volume_hm3":0.44,"percentual":6.86},{"mes":"2026-08","volume_hm3":0.38,"percentual":5.93},{"mes":"2026-09","volume_hm3":0.38,"percentual":5.93}]},"geometry":{"type":"Point","coordinates":[-37.32020577703081,-7.244348169032527]}},{"type":"Feature","properties":{"id":36,"nome":"São Francisco II","capacidade_m3":4920000,"capacidade_hm3":4.92,"capacidade_fonte":"ANA/SAR","municipio_cod":"2516706","municipio":"Teixeira","bacia":"Espinharas","volume_hm3":0.53,"percentual":10.77,"data_volume":"2026-08-19","serie_mensal":[{"mes":"2025-10","volume_hm3":null,"percentual":null},{"mes":"2025-11","volume_hm3":null,"percentual":null},{"mes":"2025-12","volume_hm3":null,"percentual":null},{"mes":"2026-01","volume_hm3":null,"percentual":null},{"mes":"2026-02","volume_hm3":null,"percentual":null},{"mes":"2026-03","volume_hm3":null,"percentual":null},{"mes":"2026-04","volume_hm3":null,"percentual":null},{"mes":"2026-05","volume_hm3":null,"percentual":null},{"mes":"2026-06","volume_hm3":null,"percentual":null},{"mes":"2026-07","volume_hm3":null,"percentual":null},{"mes":"2026-08","volume_hm3":0.53,"percentual":10.77},{"mes":"2026-09","volume_hm3":null,"percentual":null}]},"geometry":{"type":"Point","coordinates":[-37.20864799179839,-7.245479432045804]}},{"type":"Feature","properties":{"id":40,"nome":"Boqueirão do Cais","capacidade_m3":12370000,"capacidade_hm3":12.37,"capacidade_fonte":"ANA/SAR","municipio_cod":"2505105","municipio":"Cuité","bacia":"Jacu","volume_hm3":0.32,"percentual":2.59,"data_volume":"2026-09-04","serie_mensal":[{"mes":"2025-10","volume_hm3":0.4,"percentual":3.23},{"mes":"2025-11","volume_hm3":0.38,"percentual":3.07},{"mes":"2025-12","volume_hm3":0.35,"percentual":2.83},{"mes":"2026-01","volume_hm3":0.33,"percentual":2.67},{"mes":"2026-02","volume_hm3":0.33,"percentual":2.67},{"mes":"2026-03","volume_hm3":0.34,"percentual":2.75},{"mes":"2026-04","volume_hm3":0.35,"percentual":2.83},{"mes":"2026-05","volume_hm3":0.35,"percentual":2.83},{"mes":"2026-06","volume_hm3":0.35,"percentual":2.83},{"mes":"2026-07","volume_hm3":0.34,"percentual":2.75},{"mes":"2026-08","volume_hm3":0.32,"percentual":2.59},{"mes":"2026-09","volume_hm3":0.32,"percentual":2.59}]},"geometry":{"type":"Point","coordinates":[-36.12287938685525,-6.524735884772232]}},{"type":"Feature","properties":{"id":128,"nome":"Suspiro","capacidade_m3":280000,"capacidade_hm3":0.28,"capacidade_fonte":"ANA/SAR","municipio_cod":"2515609","municipio":"Serra da Raiz","bacia":"Camaratuba","volume_hm3":0.27,"percentual":96.43,"data_volume":"2026-08-11","serie_mensal":[{"mes":"2025-10","volume_hm3":null,"percentual":null},{"mes":"2025-11","volume_hm3":null,"percentual":null},{"mes":"2025-12","volume_hm3":null,"percentual":null},{"mes":"2026-01","volume_hm3":null,"percentual":null},{"mes":"2026-02","volume_hm3":null,"percentual":null},{"mes":"2026-03","volume_hm3":null,"percentual":null},{"mes":"2026-04","volume_hm3":null,"percentual":null},{"mes":"2026-05","volume_hm3":null,"percentual":null},{"mes":"2026-06","volume_hm3":null,"percentual":null},{"mes":"2026-07","volume_hm3":null,"percentual":null},{"mes":"2026-08","volume_hm3":0.27,"percentual":96.43},{"mes":"2026-09","volume_hm3":null,"percentual":null}]},"geometry":{"type":"Point","coordinates":[-35.47969147720664,-6.725124071330052]}},{"type":"Feature","properties":{"id":53,"nome":"Emas","capacidade_m3":2010000,"capacidade_hm3":2.01,"capacidade_fonte":"ANA/SAR","municipio_cod":"2505907","municipio":"Emas","bacia":"Piancó","volume_hm3":1.36,"percentual":67.66,"data_volume":"2026-09-03","serie_mensal":[{"mes":"2025-10","volume_hm3":0.53,"percentual":26.37},{"mes":"2025-11","volume_hm3":0.49,"percentual":24.38},{"mes":"2025-12","volume_hm3":0.45,"percentual":22.39},{"mes":"2026-01","volume_hm3":0.39,"percentual":19.4},{"mes":"2026-02","volume_hm3":0.58,"percentual":28.86},{"mes":"2026-03","volume_hm3":1.41,"percentual":70.15},{"mes":"2026-04","volume_hm3":1.99,"percentual":99.0},{"mes":"2026-05","volume_hm3":1.86,"percentual":92.54},{"mes":"2026-06","volume_hm3":1.69,"percentual":84.08},{"mes":"2026-07","volume_hm3":1.51,"percentual":75.12},{"mes":"2026-08","volume_hm3":1.37,"percentual":68.16},{"mes":"2026-09","volume_hm3":1.36,"percentual":67.66}]},"geometry":{"type":"Point","coordinates":[-37.73622540216208,-7.070875964598436]}},{"type":"Feature","properties":{"id":110,"nome":"Várzea Grande","capacidade_m3":21530000,"capacidade_hm3":21.53,"capacidade_fonte":"ANA/SAR","municipio_cod":"2511400","municipio":"Picuí","bacia":"Seridó","volume_hm3":0.23,"percentual":1.07,"data_volume":"2026-09-03","serie_mensal":[{"mes":"2025-10","volume_hm3":0.5,"percentual":2.32},{"mes":"2025-11","volume_hm3":0.44,"percentual":2.04},{"mes":"2025-12","volume_hm3":0.42,"percentual":1.95},{"mes":"2026-01","volume_hm3":0.36,"percentual":1.67},{"mes":"2026-02","volume_hm3":0.36,"percentual":1.67},{"mes":"2026-03","volume_hm3":0.34,"percentual":1.58},{"mes":"2026-04","volume_hm3":0.32,"percentual":1.49},{"mes":"2026-05","volume_hm3":0.31,"percentual":1.44},{"mes":"2026-06","volume_hm3":0.29,"percentual":1.35},{"mes":"2026-07","volume_hm3":0.27,"percentual":1.25},{"mes":"2026-08","volume_hm3":0.24,"percentual":1.11},{"mes":"2026-09","volume_hm3":0.23,"percentual":1.07}]},"geometry":{"type":"Point","coordinates":[-36.348731003072146,-6.446277417094442]}},{"type":"Feature","properties":{"id":21,"nome":"São José I ","capacidade_m3":3050000,"capacidade_hm3":3.05,"capacidade_fonte":"ANA/SAR","municipio_cod":"2514503","municipio":"São José de Piranhas","bacia":"Região do Alto Curso do Rio Piranhas","volume_hm3":2.45,"percentual":80.33,"data_volume":"2026-09-03","serie_mensal":[{"mes":"2025-10","volume_hm3":1.61,"percentual":52.79},{"mes":"2025-11","volume_hm3":1.42,"percentual":46.56},{"mes":"2025-12","volume_hm3":1.23,"percentual":40.33},{"mes":"2026-01","volume_hm3":1.05,"percentual":34.43},{"mes":"2026-02","volume_hm3":1.68,"percentual":55.08},{"mes":"2026-03","volume_hm3":3.07,"percentual":100.66},{"mes":"2026-04","volume_hm3":3.12,"percentual":102.3},{"mes":"2026-05","volume_hm3":3.06,"percentual":100.33},{"mes":"2026-06","volume_hm3":2.85,"percentual":93.44},{"mes":"2026-07","volume_hm3":2.72,"percentual":89.18},{"mes":"2026-08","volume_hm3":2.48,"percentual":81.31},{"mes":"2026-09","volume_hm3":2.45,"percentual":80.33}]},"geometry":{"type":"Point","coordinates":[-38.5060553473486,-7.132978698469072]}},{"type":"Feature","properties":{"id":88,"nome":"Serra Branca II","capacidade_m3":14040000,"capacidade_hm3":14.04,"capacidade_fonte":"ANA/SAR","municipio_cod":"2515500","municipio":"Serra Branca","bacia":"Taperoá","volume_hm3":0.98,"percentual":6.98,"data_volume":"2026-08-24","serie_mensal":[{"mes":"2025-10","volume_hm3":null,"percentual":null},{"mes":"2025-11","volume_hm3":null,"percentual":null},{"mes":"2025-12","volume_hm3":null,"percentual":null},{"mes":"2026-01","volume_hm3":null,"percentual":null},{"mes":"2026-02","volume_hm3":null,"percentual":null},{"mes":"2026-03","volume_hm3":null,"percentual":null},{"mes":"2026-04","volume_hm3":null,"percentual":null},{"mes":"2026-05","volume_hm3":null,"percentual":null},{"mes":"2026-06","volume_hm3":null,"percentual":null},{"mes":"2026-07","volume_hm3":null,"percentual":null},{"mes":"2026-08","volume_hm3":0.98,"percentual":6.98},{"mes":"2026-09","volume_hm3":null,"percentual":null}]},"geometry":{"type":"Point","coordinates":[-36.6865817755393,-7.481520843435159]}},{"type":"Feature","properties":{"id":136,"nome":"Poço Redondo","capacidade_m3":8930000,"capacidade_hm3":8.93,"capacidade_fonte":"ANA/SAR","municipio_cod":"2513505","municipio":"Santana de Mangueira","bacia":"Piancó","volume_hm3":1.43,"percentual":16.01,"data_volume":"2026-09-03","serie_mensal":[{"mes":"2025-10","volume_hm3":2.19,"percentual":24.52},{"mes":"2025-11","volume_hm3":2.19,"percentual":24.52},{"mes":"2025-12","volume_hm3":1.61,"percentual":18.03},{"mes":"2026-01","volume_hm3":1.35,"percentual":15.12},{"mes":"2026-02","volume_hm3":1.27,"percentual":14.22},{"mes":"2026-03","volume_hm3":1.49,"percentual":16.69},{"mes":"2026-04","volume_hm3":2.23,"percentual":24.97},{"mes":"2026-05","volume_hm3":2.11,"percentual":23.63},{"mes":"2026-06","volume_hm3":1.89,"percentual":21.16},{"mes":"2026-07","volume_hm3":1.73,"percentual":19.37},{"mes":"2026-08","volume_hm3":1.73,"percentual":19.37},{"mes":"2026-09","volume_hm3":1.43,"percentual":16.01}]},"geometry":{"type":"Point","coordinates":[-38.304972,-7.586192]}},{"type":"Feature","properties":{"id":59,"nome":"Jenipapeiro (Buiú)","capacidade_m3":70760000,"capacidade_hm3":70.76,"capacidade_fonte":"ANA/SAR","municipio_cod":"2510402","municipio":"Olho d'Água","bacia":"Piancó","volume_hm3":13.3,"percentual":18.8,"data_volume":"2026-09-01","serie_mensal":[{"mes":"2025-10","volume_hm3":13.03,"percentual":18.41},{"mes":"2025-11","volume_hm3":null,"percentual":null},{"mes":"2025-12","volume_hm3":null,"percentual":null},{"mes":"2026-01","volume_hm3":null,"percentual":null},{"mes":"2026-02","volume_hm3":null,"percentual":null},{"mes":"2026-03","volume_hm3":null,"percentual":null},{"mes":"2026-04","volume_hm3":null,"percentual":null},{"mes":"2026-05","volume_hm3":null,"percentual":null},{"mes":"2026-06","volume_hm3":null,"percentual":null},{"mes":"2026-07","volume_hm3":null,"percentual":null},{"mes":"2026-08","volume_hm3":null,"percentual":null},{"mes":"2026-09","volume_hm3":13.3,"percentual":18.8}]},"geometry":{"type":"Point","coordinates":[-37.75131431888142,-7.340854078059973]}},{"type":"Feature","properties":{"id":103,"nome":"Riacho dos Cavalos","capacidade_m3":17700000,"capacidade_hm3":17.7,"capacidade_fonte":"ANA/SAR","municipio_cod":"2512804","municipio":"Riacho dos Cavalos","bacia":"Região do Médio Curso do Rio Piranhas","volume_hm3":7.03,"percentual":39.72,"data_volume":"2026-09-04","serie_mensal":[{"mes":"2025-10","volume_hm3":3.39,"percentual":19.15},{"mes":"2025-11","volume_hm3":3.23,"percentual":18.25},{"mes":"2025-12","volume_hm3":3.12,"percentual":17.63},{"mes":"2026-01","volume_hm3":2.98,"percentual":16.84},{"mes":"2026-02","volume_hm3":3.02,"percentual":17.06},{"mes":"2026-03","volume_hm3":3.08,"percentual":17.4},{"mes":"2026-04","volume_hm3":3.62,"percentual":20.45},{"mes":"2026-05","volume_hm3":3.86,"percentual":21.81},{"mes":"2026-06","volume_hm3":3.95,"percentual":22.32},{"mes":"2026-07","volume_hm3":7.23,"percentual":40.85},{"mes":"2026-08","volume_hm3":7.05,"percentual":39.83},{"mes":"2026-09","volume_hm3":7.03,"percentual":39.72}]},"geometry":{"type":"Point","coordinates":[-37.65632174462396,-6.422917467258587]}},{"type":"Feature","properties":{"id":43,"nome":"Canafístula II","capacidade_m3":4100000,"capacidade_hm3":4.1,"capacidade_fonte":"ANA/SAR","municipio_cod":"2502706","municipio":"Borborema","bacia":"Mamanguape","volume_hm3":4.18,"percentual":101.95,"data_volume":"2026-09-04","serie_mensal":[{"mes":"2025-10","volume_hm3":2.92,"percentual":71.22},{"mes":"2025-11","volume_hm3":2.67,"percentual":65.12},{"mes":"2025-12","volume_hm3":2.42,"percentual":59.02},{"mes":"2026-01","volume_hm3":2.21,"percentual":53.9},{"mes":"2026-02","volume_hm3":2.45,"percentual":59.76},{"mes":"2026-03","volume_hm3":2.48,"percentual":60.49},{"mes":"2026-04","volume_hm3":2.97,"percentual":72.44},{"mes":"2026-05","volume_hm3":4.22,"percentual":102.93},{"mes":"2026-06","volume_hm3":4.23,"percentual":103.17},{"mes":"2026-07","volume_hm3":4.2,"percentual":102.44},{"mes":"2026-08","volume_hm3":4.17,"percentual":101.71},{"mes":"2026-09","volume_hm3":4.18,"percentual":101.95}]},"geometry":{"type":"Point","coordinates":[-35.62304642419791,-6.791115253485496]}},{"type":"Feature","properties":{"id":10,"nome":"Pocinhos","capacidade_m3":6790000,"capacidade_hm3":6.79,"capacidade_fonte":"ANA/SAR","municipio_cod":"2509701","municipio":"Monteiro","bacia":"Região do Alto Curso do Rio Paraíba","volume_hm3":0.79,"percentual":11.63,"data_volume":"2026-09-04","serie_mensal":[{"mes":"2025-10","volume_hm3":1.47,"percentual":21.65},{"mes":"2025-11","volume_hm3":1.25,"percentual":18.41},{"mes":"2025-12","volume_hm3":1.18,"percentual":17.38},{"mes":"2026-01","volume_hm3":1.13,"percentual":16.64},{"mes":"2026-02","volume_hm3":1.03,"percentual":15.17},{"mes":"2026-03","volume_hm3":1.05,"percentual":15.46},{"mes":"2026-04","volume_hm3":1.07,"percentual":15.76},{"mes":"2026-05","volume_hm3":1.02,"percentual":15.02},{"mes":"2026-06","volume_hm3":0.97,"percentual":14.29},{"mes":"2026-07","volume_hm3":0.91,"percentual":13.4},{"mes":"2026-08","volume_hm3":0.81,"percentual":11.93},{"mes":"2026-09","volume_hm3":0.79,"percentual":11.63}]},"geometry":{"type":"Point","coordinates":[-37.223803723072045,-7.937607868336648]}},{"type":"Feature","properties":{"id":74,"nome":"Catolé I","capacidade_m3":10500000,"capacidade_hm3":10.5,"capacidade_fonte":"ANA/SAR","municipio_cod":"2509008","municipio":"Manaíra","bacia":"Piancó","volume_hm3":3.37,"percentual":32.1,"data_volume":"2026-08-18","serie_mensal":[{"mes":"2025-10","volume_hm3":null,"percentual":null},{"mes":"2025-11","volume_hm3":null,"percentual":null},{"mes":"2025-12","volume_hm3":null,"percentual":null},{"mes":"2026-01","volume_hm3":null,"percentual":null},{"mes":"2026-02","volume_hm3":null,"percentual":null},{"mes":"2026-03","volume_hm3":null,"percentual":null},{"mes":"2026-04","volume_hm3":null,"percentual":null},{"mes":"2026-05","volume_hm3":null,"percentual":null},{"mes":"2026-06","volume_hm3":null,"percentual":null},{"mes":"2026-07","volume_hm3":null,"percentual":null},{"mes":"2026-08","volume_hm3":3.37,"percentual":32.1},{"mes":"2026-09","volume_hm3":null,"percentual":null}]},"geometry":{"type":"Point","coordinates":[-38.18077351193414,-7.697787921652985]}},{"type":"Feature","properties":{"id":69,"nome":"Glória","capacidade_m3":1350000,"capacidade_hm3":1.35,"capacidade_fonte":"ANA/SAR","municipio_cod":"2508000","municipio":"Juru","bacia":"Piancó","volume_hm3":1.06,"percentual":78.52,"data_volume":"2026-09-04","serie_mensal":[{"mes":"2025-10","volume_hm3":null,"percentual":null},{"mes":"2025-11","volume_hm3":null,"percentual":null},{"mes":"2025-12","volume_hm3":null,"percentual":null},{"mes":"2026-01","volume_hm3":null,"percentual":null},{"mes":"2026-02","volume_hm3":null,"percentual":null},{"mes":"2026-03","volume_hm3":null,"percentual":null},{"mes":"2026-04","volume_hm3":null,"percentual":null},{"mes":"2026-05","volume_hm3":null,"percentual":null},{"mes":"2026-06","volume_hm3":null,"percentual":null},{"mes":"2026-07","volume_hm3":null,"percentual":null},{"mes":"2026-08","volume_hm3":null,"percentual":null},{"mes":"2026-09","volume_hm3":1.06,"percentual":78.52}]},"geometry":{"type":"Point","coordinates":[-37.78564139109196,-7.53951894811875]}},{"type":"Feature","properties":{"id":117,"nome":"São Mamede","capacidade_m3":15790000,"capacidade_hm3":15.79,"capacidade_fonte":"ANA/SAR","municipio_cod":"2514909","municipio":"São Mamede","bacia":"Seridó","volume_hm3":0.01,"percentual":0.06,"data_volume":"2025-09-29","serie_mensal":[{"mes":"2025-10","volume_hm3":null,"percentual":null},{"mes":"2025-11","volume_hm3":null,"percentual":null},{"mes":"2025-12","volume_hm3":null,"percentual":null},{"mes":"2026-01","volume_hm3":null,"percentual":null},{"mes":"2026-02","volume_hm3":null,"percentual":null},{"mes":"2026-03","volume_hm3":null,"percentual":null},{"mes":"2026-04","volume_hm3":null,"percentual":null},{"mes":"2026-05","volume_hm3":null,"percentual":null},{"mes":"2026-06","volume_hm3":null,"percentual":null},{"mes":"2026-07","volume_hm3":null,"percentual":null},{"mes":"2026-08","volume_hm3":null,"percentual":null},{"mes":"2026-09","volume_hm3":null,"percentual":null}]},"geometry":{"type":"Point","coordinates":[-37.06490888025968,-6.936804164639432]}},{"type":"Feature","properties":{"id":76,"nome":"Coremas","capacidade_m3":744140000,"capacidade_hm3":744.14,"capacidade_fonte":"ANA/SAR","municipio_cod":"2504801","municipio":"Coremas","bacia":"Piancó","volume_hm3":326.57,"percentual":43.89,"data_volume":"2026-09-04","serie_mensal":[{"mes":"2025-10","volume_hm3":241.57,"percentual":32.46},{"mes":"2025-11","volume_hm3":230.51,"percentual":30.98},{"mes":"2025-12","volume_hm3":216.33,"percentual":29.07},{"mes":"2026-01","volume_hm3":203.64,"percentual":27.37},{"mes":"2026-02","volume_hm3":204.67,"percentual":27.5},{"mes":"2026-03","volume_hm3":299.19,"percentual":40.21},{"mes":"2026-04","volume_hm3":370.33,"percentual":49.77},{"mes":"2026-05","volume_hm3":369.9,"percentual":49.71},{"mes":"2026-06","volume_hm3":358.97,"percentual":48.24},{"mes":"2026-07","volume_hm3":345.46,"percentual":46.42},{"mes":"2026-08","volume_hm3":330.04,"percentual":44.35},{"mes":"2026-09","volume_hm3":326.57,"percentual":43.89}]},"geometry":{"type":"Point","coordinates":[-37.90612223552556,-7.083218404103514]}},{"type":"Feature","properties":{"id":77,"nome":"Mãe dÁgua","capacidade_m3":545020000,"capacidade_hm3":545.02,"capacidade_fonte":"ANA/SAR","municipio_cod":"2504801","municipio":"Coremas","bacia":"Piancó","volume_hm3":239.29,"percentual":43.9,"data_volume":"2026-09-04","serie_mensal":[{"mes":"2025-10","volume_hm3":180.86,"percentual":33.18},{"mes":"2025-11","volume_hm3":169.5,"percentual":31.1},{"mes":"2025-12","volume_hm3":161.3,"percentual":29.6},{"mes":"2026-01","volume_hm3":150.15,"percentual":27.55},{"mes":"2026-02","volume_hm3":165.59,"percentual":30.38},{"mes":"2026-03","volume_hm3":196.79,"percentual":36.11},{"mes":"2026-04","volume_hm3":272.82,"percentual":50.06},{"mes":"2026-05","volume_hm3":272.17,"percentual":49.94},{"mes":"2026-06","volume_hm3":263.89,"percentual":48.42},{"mes":"2026-07","volume_hm3":253.35,"percentual":46.48},{"mes":"2026-08","volume_hm3":241.35,"percentual":44.28},{"mes":"2026-09","volume_hm3":239.29,"percentual":43.9}]},"geometry":{"type":"Point","coordinates":[-38.03165327960388,-7.069494998306964]}},{"type":"Feature","properties":{"id":75,"nome":"Jatobá II","capacidade_m3":5770000,"capacidade_hm3":5.77,"capacidade_fonte":"ANA/SAR","municipio_cod":"2512309","municipio":"Princesa Isabel","bacia":"Piancó","volume_hm3":1.09,"percentual":18.89,"data_volume":"2026-08-11","serie_mensal":[{"mes":"2025-10","volume_hm3":null,"percentual":null},{"mes":"2025-11","volume_hm3":null,"percentual":null},{"mes":"2025-12","volume_hm3":null,"percentual":null},{"mes":"2026-01","volume_hm3":null,"percentual":null},{"mes":"2026-02","volume_hm3":null,"percentual":null},{"mes":"2026-03","volume_hm3":null,"percentual":null},{"mes":"2026-04","volume_hm3":null,"percentual":null},{"mes":"2026-05","volume_hm3":null,"percentual":null},{"mes":"2026-06","volume_hm3":null,"percentual":null},{"mes":"2026-07","volume_hm3":null,"percentual":null},{"mes":"2026-08","volume_hm3":1.09,"percentual":18.89},{"mes":"2026-09","volume_hm3":null,"percentual":null}]},"geometry":{"type":"Point","coordinates":[-37.980786813921824,-7.719236209381938]}},{"type":"Feature","properties":{"id":78,"nome":"Serra Branca I","capacidade_m3":2120000,"capacidade_hm3":2.12,"capacidade_fonte":"ANA/SAR","municipio_cod":"2515500","municipio":"Serra Branca","bacia":"Taperoá","volume_hm3":0.68,"percentual":32.08,"data_volume":"2026-08-24","serie_mensal":[{"mes":"2025-10","volume_hm3":null,"percentual":null},{"mes":"2025-11","volume_hm3":null,"percentual":null},{"mes":"2025-12","volume_hm3":null,"percentual":null},{"mes":"2026-01","volume_hm3":null,"percentual":null},{"mes":"2026-02","volume_hm3":null,"percentual":null},{"mes":"2026-03","volume_hm3":null,"percentual":null},{"mes":"2026-04","volume_hm3":null,"percentual":null},{"mes":"2026-05","volume_hm3":null,"percentual":null},{"mes":"2026-06","volume_hm3":null,"percentual":null},{"mes":"2026-07","volume_hm3":null,"percentual":null},{"mes":"2026-08","volume_hm3":0.68,"percentual":32.08},{"mes":"2026-09","volume_hm3":null,"percentual":null}]},"geometry":{"type":"Point","coordinates":[-36.667032350597445,-7.471608232667232]}},{"type":"Feature","properties":{"id":8,"nome":"Poções","capacidade_m3":29860000,"capacidade_hm3":29.86,"capacidade_fonte":"ANA/SAR","municipio_cod":"2509701","municipio":"Monteiro","bacia":"Região do Alto Curso do Rio Paraíba","volume_hm3":29.78,"percentual":99.73,"data_volume":"2026-09-04","serie_mensal":[{"mes":"2025-10","volume_hm3":30.48,"percentual":102.08},{"mes":"2025-11","volume_hm3":30.48,"percentual":102.08},{"mes":"2025-12","volume_hm3":30.4,"percentual":101.81},{"mes":"2026-01","volume_hm3":29.94,"percentual":100.27},{"mes":"2026-02","volume_hm3":30.94,"percentual":103.62},{"mes":"2026-03","volume_hm3":31.25,"percentual":104.66},{"mes":"2026-04","volume_hm3":30.79,"percentual":103.11},{"mes":"2026-05","volume_hm3":30.4,"percentual":101.81},{"mes":"2026-06","volume_hm3":30.79,"percentual":103.11},{"mes":"2026-07","volume_hm3":30.71,"percentual":102.85},{"mes":"2026-08","volume_hm3":29.86,"percentual":100.0},{"mes":"2026-09","volume_hm3":29.78,"percentual":99.73}]},"geometry":{"type":"Point","coordinates":[-37.00963867021841,-7.893934748813854]}},{"type":"Feature","properties":{"id":11,"nome":"Camalaú","capacidade_m3":48110000,"capacidade_hm3":48.11,"capacidade_fonte":"ANA/SAR","municipio_cod":"2503902","municipio":"Camalaú","bacia":"Região do Alto Curso do Rio Paraíba","volume_hm3":44.13,"percentual":91.73,"data_volume":"2026-09-04","serie_mensal":[{"mes":"2025-10","volume_hm3":37.95,"percentual":78.88},{"mes":"2025-11","volume_hm3":35.73,"percentual":74.27},{"mes":"2025-12","volume_hm3":29.94,"percentual":62.23},{"mes":"2026-01","volume_hm3":25.36,"percentual":52.71},{"mes":"2026-02","volume_hm3":37.1,"percentual":77.11},{"mes":"2026-03","volume_hm3":51.11,"percentual":106.24},{"mes":"2026-04","volume_hm3":48.61,"percentual":101.04},{"mes":"2026-05","volume_hm3":46.52,"percentual":96.7},{"mes":"2026-06","volume_hm3":49.53,"percentual":102.95},{"mes":"2026-07","volume_hm3":50.95,"percentual":105.9},{"mes":"2026-08","volume_hm3":44.65,"percentual":92.81},{"mes":"2026-09","volume_hm3":44.13,"percentual":91.73}]},"geometry":{"type":"Point","coordinates":[-36.8501833454457,-7.891685089407276]}},{"type":"Feature","properties":{"id":67,"nome":"Saco","capacidade_m3":97490000,"capacidade_hm3":97.49,"capacidade_fonte":"ANA/SAR","municipio_cod":"2510204","municipio":"Nova Olinda","bacia":"Piancó","volume_hm3":30.53,"percentual":31.32,"data_volume":"2026-09-04","serie_mensal":[{"mes":"2025-10","volume_hm3":31.86,"percentual":32.68},{"mes":"2025-11","volume_hm3":30.23,"percentual":31.01},{"mes":"2025-12","volume_hm3":28.53,"percentual":29.26},{"mes":"2026-01","volume_hm3":26.82,"percentual":27.51},{"mes":"2026-02","volume_hm3":26.87,"percentual":27.56},{"mes":"2026-03","volume_hm3":31.83,"percentual":32.65},{"mes":"2026-04","volume_hm3":34.52,"percentual":35.41},{"mes":"2026-05","volume_hm3":33.95,"percentual":34.82},{"mes":"2026-06","volume_hm3":33.28,"percentual":34.14},{"mes":"2026-07","volume_hm3":32.22,"percentual":33.05},{"mes":"2026-08","volume_hm3":30.77,"percentual":31.56},{"mes":"2026-09","volume_hm3":30.53,"percentual":31.32}]},"geometry":{"type":"Point","coordinates":[-38.0540803152929,-7.524576267394213]}},{"type":"Feature","properties":{"id":146,"nome":"Pitombeira","capacidade_m3":2955820,"capacidade_hm3":2.96,"capacidade_fonte":"AESA/SEIRA","municipio_cod":"2500304","municipio":"Alagoa Grande","bacia":"Mamanguape","volume_hm3":null,"percentual":null,"data_volume":null,"serie_mensal":null},"geometry":{"type":"Point","coordinates":[-35.649,-6.995]}},{"type":"Feature","properties":{"id":81,"nome":"Gurjão","capacidade_m3":3680000,"capacidade_hm3":3.68,"capacidade_fonte":"ANA/SAR","municipio_cod":"2506509","municipio":"Gurjão","bacia":"Taperoá","volume_hm3":0.02,"percentual":0.54,"data_volume":"2025-07-07","serie_mensal":[{"mes":"2025-10","volume_hm3":null,"percentual":null},{"mes":"2025-11","volume_hm3":null,"percentual":null},{"mes":"2025-12","volume_hm3":null,"percentual":null},{"mes":"2026-01","volume_hm3":null,"percentual":null},{"mes":"2026-02","volume_hm3":null,"percentual":null},{"mes":"2026-03","volume_hm3":null,"percentual":null},{"mes":"2026-04","volume_hm3":null,"percentual":null},{"mes":"2026-05","volume_hm3":null,"percentual":null},{"mes":"2026-06","volume_hm3":null,"percentual":null},{"mes":"2026-07","volume_hm3":null,"percentual":null},{"mes":"2026-08","volume_hm3":null,"percentual":null},{"mes":"2026-09","volume_hm3":null,"percentual":null}]},"geometry":{"type":"Point","coordinates":[-36.500546254443165,-7.242301834969369]}},{"type":"Feature","properties":{"id":124,"nome":"Gamela","capacidade_m3":470000,"capacidade_hm3":0.47,"capacidade_fonte":"ANA/SAR","municipio_cod":"2516805","municipio":"Triunfo","bacia":"Peixe","volume_hm3":0.16,"percentual":34.04,"data_volume":"2026-09-04","serie_mensal":[{"mes":"2025-10","volume_hm3":0.1,"percentual":21.28},{"mes":"2025-11","volume_hm3":0.1,"percentual":21.28},{"mes":"2025-12","volume_hm3":0.08,"percentual":17.02},{"mes":"2026-01","volume_hm3":0.07,"percentual":14.89},{"mes":"2026-02","volume_hm3":0.13,"percentual":27.66},{"mes":"2026-03","volume_hm3":0.18,"percentual":38.3},{"mes":"2026-04","volume_hm3":0.21,"percentual":44.68},{"mes":"2026-05","volume_hm3":0.21,"percentual":44.68},{"mes":"2026-06","volume_hm3":0.2,"percentual":42.55},{"mes":"2026-07","volume_hm3":0.2,"percentual":42.55},{"mes":"2026-08","volume_hm3":0.17,"percentual":36.17},{"mes":"2026-09","volume_hm3":0.16,"percentual":34.04}]},"geometry":{"type":"Point","coordinates":[-38.60979074375224,-6.574483080871922]}},{"type":"Feature","properties":{"id":63,"nome":"Vazante","capacidade_m3":9090000,"capacidade_hm3":9.09,"capacidade_fonte":"ANA/SAR","municipio_cod":"2505600","municipio":"Diamante","bacia":"Piancó","volume_hm3":7.84,"percentual":86.25,"data_volume":"2026-08-24","serie_mensal":[{"mes":"2025-10","volume_hm3":null,"percentual":null},{"mes":"2025-11","volume_hm3":null,"percentual":null},{"mes":"2025-12","volume_hm3":null,"percentual":null},{"mes":"2026-01","volume_hm3":null,"percentual":null},{"mes":"2026-02","volume_hm3":null,"percentual":null},{"mes":"2026-03","volume_hm3":null,"percentual":null},{"mes":"2026-04","volume_hm3":null,"percentual":null},{"mes":"2026-05","volume_hm3":null,"percentual":null},{"mes":"2026-06","volume_hm3":null,"percentual":null},{"mes":"2026-07","volume_hm3":null,"percentual":null},{"mes":"2026-08","volume_hm3":7.84,"percentual":86.25},{"mes":"2026-09","volume_hm3":null,"percentual":null}]},"geometry":{"type":"Point","coordinates":[-38.37914920670779,-7.421932211661739]}},{"type":"Feature","properties":{"id":87,"nome":"São José III","capacidade_m3":960000,"capacidade_hm3":0.96,"capacidade_fonte":"ANA/SAR","municipio_cod":"2514800","municipio":"São José dos Cordeiros","bacia":"Taperoá","volume_hm3":0.01,"percentual":1.04,"data_volume":"2026-09-03","serie_mensal":[{"mes":"2025-10","volume_hm3":null,"percentual":null},{"mes":"2025-11","volume_hm3":null,"percentual":null},{"mes":"2025-12","volume_hm3":null,"percentual":null},{"mes":"2026-01","volume_hm3":null,"percentual":null},{"mes":"2026-02","volume_hm3":null,"percentual":null},{"mes":"2026-03","volume_hm3":null,"percentual":null},{"mes":"2026-04","volume_hm3":null,"percentual":null},{"mes":"2026-05","volume_hm3":null,"percentual":null},{"mes":"2026-06","volume_hm3":null,"percentual":null},{"mes":"2026-07","volume_hm3":null,"percentual":null},{"mes":"2026-08","volume_hm3":0.01,"percentual":1.04},{"mes":"2026-09","volume_hm3":0.01,"percentual":1.04}]},"geometry":{"type":"Point","coordinates":[-36.807910441860564,-7.3811126740024475]}},{"type":"Feature","properties":{"id":2,"nome":"São Domingos","capacidade_m3":7760000,"capacidade_hm3":7.76,"capacidade_fonte":"ANA/SAR","municipio_cod":"2513943","municipio":"São Domingos do Cariri","bacia":"Região do Alto Curso do Rio Paraíba","volume_hm3":6.07,"percentual":78.22,"data_volume":"2026-09-04","serie_mensal":[{"mes":"2025-10","volume_hm3":6.7,"percentual":86.34},{"mes":"2025-11","volume_hm3":6.53,"percentual":84.15},{"mes":"2025-12","volume_hm3":6.36,"percentual":81.96},{"mes":"2026-01","volume_hm3":6.19,"percentual":79.77},{"mes":"2026-02","volume_hm3":6.09,"percentual":78.48},{"mes":"2026-03","volume_hm3":6.53,"percentual":84.15},{"mes":"2026-04","volume_hm3":6.47,"percentual":83.38},{"mes":"2026-05","volume_hm3":6.42,"percentual":82.73},{"mes":"2026-06","volume_hm3":6.32,"percentual":81.44},{"mes":"2026-07","volume_hm3":6.21,"percentual":80.03},{"mes":"2026-08","volume_hm3":6.08,"percentual":78.35},{"mes":"2026-09","volume_hm3":6.07,"percentual":78.22}]},"geometry":{"type":"Point","coordinates":[-36.44786721958523,-7.625308357746374]}},{"type":"Feature","properties":{"id":84,"nome":"Jeremias","capacidade_m3":4658430,"capacidade_hm3":4.66,"capacidade_fonte":"AESA/SEIRA","municipio_cod":"2505402","municipio":"Desterro","bacia":"Taperoá","volume_hm3":null,"percentual":null,"data_volume":null,"serie_mensal":[{"mes":"2025-10","volume_hm3":null,"percentual":null},{"mes":"2025-11","volume_hm3":null,"percentual":null},{"mes":"2025-12","volume_hm3":null,"percentual":null},{"mes":"2026-01","volume_hm3":null,"percentual":null},{"mes":"2026-02","volume_hm3":null,"percentual":null},{"mes":"2026-03","volume_hm3":null,"percentual":null},{"mes":"2026-04","volume_hm3":null,"percentual":null},{"mes":"2026-05","volume_hm3":null,"percentual":null},{"mes":"2026-06","volume_hm3":null,"percentual":null},{"mes":"2026-07","volume_hm3":null,"percentual":null},{"mes":"2026-08","volume_hm3":null,"percentual":null},{"mes":"2026-09","volume_hm3":null,"percentual":null}]},"geometry":{"type":"Point","coordinates":[-37.100803045068936,-7.288270122028723]}},{"type":"Feature","properties":{"id":125,"nome":"Pilões","capacidade_m3":7890000,"capacidade_hm3":7.89,"capacidade_fonte":"ANA/SAR","municipio_cod":"2500700","municipio":"São João do Rio do Peixe","bacia":"Peixe","volume_hm3":3.89,"percentual":49.3,"data_volume":"2026-09-04","serie_mensal":[{"mes":"2025-10","volume_hm3":1.07,"percentual":13.56},{"mes":"2025-11","volume_hm3":0.57,"percentual":7.22},{"mes":"2025-12","volume_hm3":0.4,"percentual":5.07},{"mes":"2026-01","volume_hm3":null,"percentual":null},{"mes":"2026-02","volume_hm3":6.14,"percentual":77.82},{"mes":"2026-03","volume_hm3":7.74,"percentual":98.1},{"mes":"2026-04","volume_hm3":7.89,"percentual":100.0},{"mes":"2026-05","volume_hm3":7.89,"percentual":100.0},{"mes":"2026-06","volume_hm3":7.15,"percentual":90.62},{"mes":"2026-07","volume_hm3":6.18,"percentual":78.33},{"mes":"2026-08","volume_hm3":4.21,"percentual":53.36},{"mes":"2026-09","volume_hm3":3.89,"percentual":49.3}]},"geometry":{"type":"Point","coordinates":[-38.52079989879898,-6.6847446278648945]}},{"type":"Feature","properties":{"id":68,"nome":"Serra Vermelha I","capacidade_m3":11800000,"capacidade_hm3":11.8,"capacidade_fonte":"ANA/SAR","municipio_cod":"2504405","municipio":"Conceição","bacia":"Piancó","volume_hm3":4.48,"percentual":37.97,"data_volume":"2026-09-03","serie_mensal":[{"mes":"2025-10","volume_hm3":4.45,"percentual":37.71},{"mes":"2025-11","volume_hm3":4.15,"percentual":35.17},{"mes":"2025-12","volume_hm3":3.91,"percentual":33.14},{"mes":"2026-01","volume_hm3":3.68,"percentual":31.19},{"mes":"2026-02","volume_hm3":3.79,"percentual":32.12},{"mes":"2026-03","volume_hm3":5.4,"percentual":45.76},{"mes":"2026-04","volume_hm3":5.56,"percentual":47.12},{"mes":"2026-05","volume_hm3":5.48,"percentual":46.44},{"mes":"2026-06","volume_hm3":5.26,"percentual":44.58},{"mes":"2026-07","volume_hm3":5.03,"percentual":42.63},{"mes":"2026-08","volume_hm3":4.58,"percentual":38.81},{"mes":"2026-09","volume_hm3":4.48,"percentual":37.97}]},"geometry":{"type":"Point","coordinates":[-38.52835052790172,-7.544485893668711]}},{"type":"Feature","properties":{"id":7,"nome":"Serrote","capacidade_m3":5710000,"capacidade_hm3":5.71,"capacidade_fonte":"ANA/SAR","municipio_cod":"2509701","municipio":"Monteiro","bacia":"Região do Alto Curso do Rio Paraíba","volume_hm3":0.53,"percentual":9.28,"data_volume":"2026-08-24","serie_mensal":[{"mes":"2025-10","volume_hm3":null,"percentual":null},{"mes":"2025-11","volume_hm3":null,"percentual":null},{"mes":"2025-12","volume_hm3":null,"percentual":null},{"mes":"2026-01","volume_hm3":null,"percentual":null},{"mes":"2026-02","volume_hm3":null,"percentual":null},{"mes":"2026-03","volume_hm3":null,"percentual":null},{"mes":"2026-04","volume_hm3":null,"percentual":null},{"mes":"2026-05","volume_hm3":null,"percentual":null},{"mes":"2026-06","volume_hm3":null,"percentual":null},{"mes":"2026-07","volume_hm3":null,"percentual":null},{"mes":"2026-08","volume_hm3":0.53,"percentual":9.28},{"mes":"2026-09","volume_hm3":null,"percentual":null}]},"geometry":{"type":"Point","coordinates":[-37.10563881937223,-7.923971768204679]}},{"type":"Feature","properties":{"id":54,"nome":"Cachoeira dos Cegos","capacidade_m3":71890000,"capacidade_hm3":71.89,"capacidade_fonte":"ANA/SAR","municipio_cod":"2504207","municipio":"Catingueira","bacia":"Piancó","volume_hm3":15.97,"percentual":22.21,"data_volume":"2026-08-31","serie_mensal":[{"mes":"2025-10","volume_hm3":null,"percentual":null},{"mes":"2025-11","volume_hm3":null,"percentual":null},{"mes":"2025-12","volume_hm3":null,"percentual":null},{"mes":"2026-01","volume_hm3":null,"percentual":null},{"mes":"2026-02","volume_hm3":null,"percentual":null},{"mes":"2026-03","volume_hm3":null,"percentual":null},{"mes":"2026-04","volume_hm3":null,"percentual":null},{"mes":"2026-05","volume_hm3":null,"percentual":null},{"mes":"2026-06","volume_hm3":null,"percentual":null},{"mes":"2026-07","volume_hm3":null,"percentual":null},{"mes":"2026-08","volume_hm3":15.97,"percentual":22.21},{"mes":"2026-09","volume_hm3":null,"percentual":null}]},"geometry":{"type":"Point","coordinates":[-37.637541267906386,-7.08525019720649]}},{"type":"Feature","properties":{"id":1,"nome":"Ouro Velho","capacidade_m3":1680000,"capacidade_hm3":1.68,"capacidade_fonte":"ANA/SAR","municipio_cod":"2510600","municipio":"Ouro Velho","bacia":"Região do Alto Curso do Rio Paraíba","volume_hm3":0.03,"percentual":1.79,"data_volume":"2026-09-03","serie_mensal":[{"mes":"2025-10","volume_hm3":0.01,"percentual":0.6},{"mes":"2025-11","volume_hm3":null,"percentual":null},{"mes":"2025-12","volume_hm3":null,"percentual":null},{"mes":"2026-01","volume_hm3":null,"percentual":null},{"mes":"2026-02","volume_hm3":null,"percentual":null},{"mes":"2026-03","volume_hm3":null,"percentual":null},{"mes":"2026-04","volume_hm3":null,"percentual":null},{"mes":"2026-05","volume_hm3":null,"percentual":null},{"mes":"2026-06","volume_hm3":null,"percentual":null},{"mes":"2026-07","volume_hm3":null,"percentual":null},{"mes":"2026-08","volume_hm3":0.04,"percentual":2.38},{"mes":"2026-09","volume_hm3":0.03,"percentual":1.79}]},"geometry":{"type":"Point","coordinates":[-37.155182345371095,-7.605438145715765]}},{"type":"Feature","properties":{"id":83,"nome":"Livramento (Russos)","capacidade_m3":2430000,"capacidade_hm3":2.43,"capacidade_fonte":"ANA/SAR","municipio_cod":"2508505","municipio":"Livramento","bacia":"Taperoá","volume_hm3":0.49,"percentual":20.16,"data_volume":"2026-08-24","serie_mensal":[{"mes":"2025-10","volume_hm3":null,"percentual":null},{"mes":"2025-11","volume_hm3":null,"percentual":null},{"mes":"2025-12","volume_hm3":null,"percentual":null},{"mes":"2026-01","volume_hm3":null,"percentual":null},{"mes":"2026-02","volume_hm3":null,"percentual":null},{"mes":"2026-03","volume_hm3":null,"percentual":null},{"mes":"2026-04","volume_hm3":null,"percentual":null},{"mes":"2026-05","volume_hm3":null,"percentual":null},{"mes":"2026-06","volume_hm3":null,"percentual":null},{"mes":"2026-07","volume_hm3":null,"percentual":null},{"mes":"2026-08","volume_hm3":0.49,"percentual":20.16},{"mes":"2026-09","volume_hm3":null,"percentual":null}]},"geometry":{"type":"Point","coordinates":[-36.90402680790214,-7.369863332579642]}},{"type":"Feature","properties":{"id":100,"nome":"Tavares II","capacidade_m3":9000000,"capacidade_hm3":9.0,"capacidade_fonte":"ANA/SAR","municipio_cod":"2516607","municipio":"Tavares","bacia":"Piancó","volume_hm3":6.14,"percentual":68.22,"data_volume":"2026-08-18","serie_mensal":[{"mes":"2025-10","volume_hm3":null,"percentual":null},{"mes":"2025-11","volume_hm3":null,"percentual":null},{"mes":"2025-12","volume_hm3":null,"percentual":null},{"mes":"2026-01","volume_hm3":null,"percentual":null},{"mes":"2026-02","volume_hm3":null,"percentual":null},{"mes":"2026-03","volume_hm3":null,"percentual":null},{"mes":"2026-04","volume_hm3":null,"percentual":null},{"mes":"2026-05","volume_hm3":null,"percentual":null},{"mes":"2026-06","volume_hm3":null,"percentual":null},{"mes":"2026-07","volume_hm3":null,"percentual":null},{"mes":"2026-08","volume_hm3":6.14,"percentual":68.22},{"mes":"2026-09","volume_hm3":null,"percentual":null}]},"geometry":{"type":"Point","coordinates":[-37.91226640196828,-7.597458833562938]}},{"type":"Feature","properties":{"id":57,"nome":"Pimenta","capacidade_m3":260000,"capacidade_hm3":0.26,"capacidade_fonte":"ANA/SAR","municipio_cod":"2514305","municipio":"São José de Caiana","bacia":"Piancó","volume_hm3":0.22,"percentual":84.62,"data_volume":"2026-08-19","serie_mensal":[{"mes":"2025-10","volume_hm3":null,"percentual":null},{"mes":"2025-11","volume_hm3":null,"percentual":null},{"mes":"2025-12","volume_hm3":null,"percentual":null},{"mes":"2026-01","volume_hm3":null,"percentual":null},{"mes":"2026-02","volume_hm3":null,"percentual":null},{"mes":"2026-03","volume_hm3":null,"percentual":null},{"mes":"2026-04","volume_hm3":null,"percentual":null},{"mes":"2026-05","volume_hm3":null,"percentual":null},{"mes":"2026-06","volume_hm3":null,"percentual":null},{"mes":"2026-07","volume_hm3":null,"percentual":null},{"mes":"2026-08","volume_hm3":0.22,"percentual":84.62},{"mes":"2026-09","volume_hm3":null,"percentual":null}]},"geometry":{"type":"Point","coordinates":[-38.30100481598227,-7.225140222080747]}},{"type":"Feature","properties":{"id":97,"nome":"Algodão","capacidade_m3":1030000,"capacidade_hm3":1.03,"capacidade_fonte":"ANA/SAR","municipio_cod":"2500577","municipio":"Algodão de Jandaíra","bacia":"Curimataú","volume_hm3":0.31,"percentual":30.1,"data_volume":"2026-09-03","serie_mensal":[{"mes":"2025-10","volume_hm3":null,"percentual":null},{"mes":"2025-11","volume_hm3":null,"percentual":null},{"mes":"2025-12","volume_hm3":null,"percentual":null},{"mes":"2026-01","volume_hm3":null,"percentual":null},{"mes":"2026-02","volume_hm3":null,"percentual":null},{"mes":"2026-03","volume_hm3":null,"percentual":null},{"mes":"2026-04","volume_hm3":null,"percentual":null},{"mes":"2026-05","volume_hm3":null,"percentual":null},{"mes":"2026-06","volume_hm3":null,"percentual":null},{"mes":"2026-07","volume_hm3":null,"percentual":null},{"mes":"2026-08","volume_hm3":0.33,"percentual":32.04},{"mes":"2026-09","volume_hm3":0.31,"percentual":30.1}]},"geometry":{"type":"Point","coordinates":[-36.00428316109717,-6.907958218878674]}},{"type":"Feature","properties":{"id":99,"nome":"Condado","capacidade_m3":35020000,"capacidade_hm3":35.02,"capacidade_fonte":"ANA/SAR","municipio_cod":"2504405","municipio":"Conceição","bacia":"Piancó","volume_hm3":13.99,"percentual":39.95,"data_volume":"2026-09-03","serie_mensal":[{"mes":"2025-10","volume_hm3":12.12,"percentual":34.61},{"mes":"2025-11","volume_hm3":11.53,"percentual":32.92},{"mes":"2025-12","volume_hm3":11.07,"percentual":31.61},{"mes":"2026-01","volume_hm3":10.7,"percentual":30.55},{"mes":"2026-02","volume_hm3":10.9,"percentual":31.13},{"mes":"2026-03","volume_hm3":15.54,"percentual":44.37},{"mes":"2026-04","volume_hm3":16.25,"percentual":46.4},{"mes":"2026-05","volume_hm3":16.0,"percentual":45.69},{"mes":"2026-06","volume_hm3":15.61,"percentual":44.57},{"mes":"2026-07","volume_hm3":15.12,"percentual":43.18},{"mes":"2026-08","volume_hm3":14.08,"percentual":40.21},{"mes":"2026-09","volume_hm3":13.99,"percentual":39.95}]},"geometry":{"type":"Point","coordinates":[-38.56093980366857,-7.562025846692382]}},{"type":"Feature","properties":{"id":27,"nome":"Chã dos Pereiras","capacidade_m3":1970000,"capacidade_hm3":1.97,"capacidade_fonte":"ANA/SAR","municipio_cod":"2506806","municipio":"Ingá","bacia":"Região do Baixo Curso do Rio Paraíba","volume_hm3":1.95,"percentual":98.98,"data_volume":"2026-08-24","serie_mensal":[{"mes":"2025-10","volume_hm3":null,"percentual":null},{"mes":"2025-11","volume_hm3":null,"percentual":null},{"mes":"2025-12","volume_hm3":null,"percentual":null},{"mes":"2026-01","volume_hm3":null,"percentual":null},{"mes":"2026-02","volume_hm3":null,"percentual":null},{"mes":"2026-03","volume_hm3":null,"percentual":null},{"mes":"2026-04","volume_hm3":null,"percentual":null},{"mes":"2026-05","volume_hm3":null,"percentual":null},{"mes":"2026-06","volume_hm3":null,"percentual":null},{"mes":"2026-07","volume_hm3":null,"percentual":null},{"mes":"2026-08","volume_hm3":1.95,"percentual":98.98},{"mes":"2026-09","volume_hm3":null,"percentual":null}]},"geometry":{"type":"Point","coordinates":[-35.63633738960384,-7.205708195630086]}},{"type":"Feature","properties":{"id":98,"nome":"Araçagi","capacidade_m3":63290000,"capacidade_hm3":63.29,"capacidade_fonte":"ANA/SAR","municipio_cod":"2500809","municipio":"Araçagi","bacia":"Mamanguape","volume_hm3":62.68,"percentual":99.04,"data_volume":"2026-09-03","serie_mensal":[{"mes":"2025-10","volume_hm3":62.77,"percentual":99.18},{"mes":"2025-11","volume_hm3":59.64,"percentual":94.23},{"mes":"2025-12","volume_hm3":55.73,"percentual":88.05},{"mes":"2026-01","volume_hm3":52.63,"percentual":83.16},{"mes":"2026-02","volume_hm3":64.02,"percentual":101.15},{"mes":"2026-03","volume_hm3":63.12,"percentual":99.73},{"mes":"2026-04","volume_hm3":64.75,"percentual":102.31},{"mes":"2026-05","volume_hm3":64.2,"percentual":101.44},{"mes":"2026-06","volume_hm3":66.94,"percentual":105.77},{"mes":"2026-07","volume_hm3":64.75,"percentual":102.31},{"mes":"2026-08","volume_hm3":63.12,"percentual":99.73},{"mes":"2026-09","volume_hm3":62.68,"percentual":99.04}]},"geometry":{"type":"Point","coordinates":[-35.334756848271894,-6.866770012272731]}},{"type":"Feature","properties":{"id":50,"nome":"Milhã (Evaldo Gonçalves)","capacidade_m3":800000,"capacidade_hm3":0.8,"capacidade_fonte":"ANA/SAR","municipio_cod":"2512408","municipio":"Puxinanã","bacia":"Região do Médio Curso do Rio Paraíba","volume_hm3":0.08,"percentual":10.0,"data_volume":"2025-09-03","serie_mensal":[{"mes":"2025-10","volume_hm3":null,"percentual":null},{"mes":"2025-11","volume_hm3":null,"percentual":null},{"mes":"2025-12","volume_hm3":null,"percentual":null},{"mes":"2026-01","volume_hm3":null,"percentual":null},{"mes":"2026-02","volume_hm3":null,"percentual":null},{"mes":"2026-03","volume_hm3":null,"percentual":null},{"mes":"2026-04","volume_hm3":null,"percentual":null},{"mes":"2026-05","volume_hm3":null,"percentual":null},{"mes":"2026-06","volume_hm3":null,"percentual":null},{"mes":"2026-07","volume_hm3":null,"percentual":null},{"mes":"2026-08","volume_hm3":null,"percentual":null},{"mes":"2026-09","volume_hm3":null,"percentual":null}]},"geometry":{"type":"Point","coordinates":[-35.95476533326224,-7.140232636449318]}},{"type":"Feature","properties":{"id":137,"nome":"São Gonçalo","capacidade_m3":40580000,"capacidade_hm3":40.58,"capacidade_fonte":"ANA/SAR","municipio_cod":"2516201","municipio":"Sousa","bacia":"Região do Alto Curso do Rio Piranhas","volume_hm3":18.56,"percentual":45.74,"data_volume":"2026-09-04","serie_mensal":[{"mes":"2025-10","volume_hm3":15.36,"percentual":37.85},{"mes":"2025-11","volume_hm3":15.55,"percentual":38.32},{"mes":"2025-12","volume_hm3":14.26,"percentual":35.14},{"mes":"2026-01","volume_hm3":16.4,"percentual":40.41},{"mes":"2026-02","volume_hm3":29.02,"percentual":71.51},{"mes":"2026-03","volume_hm3":24.65,"percentual":60.74},{"mes":"2026-04","volume_hm3":29.08,"percentual":71.66},{"mes":"2026-05","volume_hm3":22.62,"percentual":55.74},{"mes":"2026-06","volume_hm3":18.27,"percentual":45.02},{"mes":"2026-07","volume_hm3":19.95,"percentual":49.16},{"mes":"2026-08","volume_hm3":18.93,"percentual":46.65},{"mes":"2026-09","volume_hm3":18.56,"percentual":45.74}]},"geometry":{"type":"Point","coordinates":[-38.311095,-6.844914]}},{"type":"Feature","properties":{"id":34,"nome":"Capoeira","capacidade_m3":53450000,"capacidade_hm3":53.45,"capacidade_fonte":"ANA/SAR","municipio_cod":"2513802","municipio":"Santa Teresinha","bacia":"Espinharas","volume_hm3":16.83,"percentual":31.49,"data_volume":"2026-08-17","serie_mensal":[{"mes":"2025-10","volume_hm3":null,"percentual":null},{"mes":"2025-11","volume_hm3":null,"percentual":null},{"mes":"2025-12","volume_hm3":null,"percentual":null},{"mes":"2026-01","volume_hm3":null,"percentual":null},{"mes":"2026-02","volume_hm3":null,"percentual":null},{"mes":"2026-03","volume_hm3":null,"percentual":null},{"mes":"2026-04","volume_hm3":null,"percentual":null},{"mes":"2026-05","volume_hm3":null,"percentual":null},{"mes":"2026-06","volume_hm3":null,"percentual":null},{"mes":"2026-07","volume_hm3":null,"percentual":null},{"mes":"2026-08","volume_hm3":16.83,"percentual":31.49},{"mes":"2026-09","volume_hm3":null,"percentual":null}]},"geometry":{"type":"Point","coordinates":[-37.40585609617414,-7.169915439544971]}},{"type":"Feature","properties":{"id":70,"nome":"Bruscas","capacidade_m3":38210000,"capacidade_hm3":38.21,"capacidade_fonte":"ANA/SAR","municipio_cod":"2505303","municipio":"Curral Velho","bacia":"Piancó","volume_hm3":11.4,"percentual":29.84,"data_volume":"2026-09-04","serie_mensal":[{"mes":"2025-10","volume_hm3":10.37,"percentual":27.14},{"mes":"2025-11","volume_hm3":9.93,"percentual":25.99},{"mes":"2025-12","volume_hm3":9.71,"percentual":25.41},{"mes":"2026-01","volume_hm3":9.4,"percentual":24.6},{"mes":"2026-02","volume_hm3":9.48,"percentual":24.81},{"mes":"2026-03","volume_hm3":12.21,"percentual":31.95},{"mes":"2026-04","volume_hm3":13.8,"percentual":36.12},{"mes":"2026-05","volume_hm3":13.5,"percentual":35.33},{"mes":"2026-06","volume_hm3":13.2,"percentual":34.55},{"mes":"2026-07","volume_hm3":12.54,"percentual":32.82},{"mes":"2026-08","volume_hm3":11.49,"percentual":30.07},{"mes":"2026-09","volume_hm3":11.4,"percentual":29.84}]},"geometry":{"type":"Point","coordinates":[-38.15184475458489,-7.5493361340739025]}},{"type":"Feature","properties":{"id":140,"nome":"Sindô Ribeiro","capacidade_m3":3020000,"capacidade_hm3":3.02,"capacidade_fonte":"ANA/SAR","municipio_cod":"2509206","municipio":"Massaranduba","bacia":"Mamanguape","volume_hm3":2.92,"percentual":96.69,"data_volume":"2026-09-03","serie_mensal":[{"mes":"2025-10","volume_hm3":1.4,"percentual":46.36},{"mes":"2025-11","volume_hm3":1.41,"percentual":46.69},{"mes":"2025-12","volume_hm3":1.33,"percentual":44.04},{"mes":"2026-01","volume_hm3":1.27,"percentual":42.05},{"mes":"2026-02","volume_hm3":1.25,"percentual":41.39},{"mes":"2026-03","volume_hm3":1.47,"percentual":48.68},{"mes":"2026-04","volume_hm3":1.46,"percentual":48.34},{"mes":"2026-05","volume_hm3":3.43,"percentual":113.58},{"mes":"2026-06","volume_hm3":3.19,"percentual":105.63},{"mes":"2026-07","volume_hm3":3.08,"percentual":101.99},{"mes":"2026-08","volume_hm3":2.94,"percentual":97.35},{"mes":"2026-09","volume_hm3":2.92,"percentual":96.69}]},"geometry":{"type":"Point","coordinates":[-35.731,-7.153]}},{"type":"Feature","properties":{"id":114,"nome":"Felismina Queiroz","capacidade_m3":2060000,"capacidade_hm3":2.06,"capacidade_fonte":"ANA/SAR","municipio_cod":"2515401","municipio":"São Vicente do Seridó","bacia":"Seridó","volume_hm3":0.13,"percentual":6.31,"data_volume":"2026-08-24","serie_mensal":[{"mes":"2025-10","volume_hm3":null,"percentual":null},{"mes":"2025-11","volume_hm3":null,"percentual":null},{"mes":"2025-12","volume_hm3":null,"percentual":null},{"mes":"2026-01","volume_hm3":null,"percentual":null},{"mes":"2026-02","volume_hm3":null,"percentual":null},{"mes":"2026-03","volume_hm3":null,"percentual":null},{"mes":"2026-04","volume_hm3":null,"percentual":null},{"mes":"2026-05","volume_hm3":null,"percentual":null},{"mes":"2026-06","volume_hm3":null,"percentual":null},{"mes":"2026-07","volume_hm3":null,"percentual":null},{"mes":"2026-08","volume_hm3":0.13,"percentual":6.31},{"mes":"2026-09","volume_hm3":null,"percentual":null}]},"geometry":{"type":"Point","coordinates":[-36.40387534062254,-6.850700669419519]}},{"type":"Feature","properties":{"id":107,"nome":"Carneiro","capacidade_m3":31290000,"capacidade_hm3":31.29,"capacidade_fonte":"ANA/SAR","municipio_cod":"2507408","municipio":"Jericó","bacia":"Região do Médio Curso do Rio Piranhas","volume_hm3":12.81,"percentual":40.94,"data_volume":"2026-08-18","serie_mensal":[{"mes":"2025-10","volume_hm3":null,"percentual":null},{"mes":"2025-11","volume_hm3":null,"percentual":null},{"mes":"2025-12","volume_hm3":null,"percentual":null},{"mes":"2026-01","volume_hm3":null,"percentual":null},{"mes":"2026-02","volume_hm3":null,"percentual":null},{"mes":"2026-03","volume_hm3":null,"percentual":null},{"mes":"2026-04","volume_hm3":null,"percentual":null},{"mes":"2026-05","volume_hm3":null,"percentual":null},{"mes":"2026-06","volume_hm3":null,"percentual":null},{"mes":"2026-07","volume_hm3":null,"percentual":null},{"mes":"2026-08","volume_hm3":12.81,"percentual":40.94},{"mes":"2026-09","volume_hm3":null,"percentual":null}]},"geometry":{"type":"Point","coordinates":[-37.85884250737826,-6.516952020125381]}},{"type":"Feature","properties":{"id":143,"nome":"Manguape","capacidade_m3":660000,"capacidade_hm3":0.66,"capacidade_fonte":"ANA/SAR","municipio_cod":"2515104","municipio":"São Sebastião de Lagoa de Roça","bacia":"Mamanguape","volume_hm3":0.71,"percentual":107.58,"data_volume":"2026-08-11","serie_mensal":[{"mes":"2025-10","volume_hm3":null,"percentual":null},{"mes":"2025-11","volume_hm3":null,"percentual":null},{"mes":"2025-12","volume_hm3":null,"percentual":null},{"mes":"2026-01","volume_hm3":null,"percentual":null},{"mes":"2026-02","volume_hm3":null,"percentual":null},{"mes":"2026-03","volume_hm3":null,"percentual":null},{"mes":"2026-04","volume_hm3":null,"percentual":null},{"mes":"2026-05","volume_hm3":null,"percentual":null},{"mes":"2026-06","volume_hm3":null,"percentual":null},{"mes":"2026-07","volume_hm3":null,"percentual":null},{"mes":"2026-08","volume_hm3":0.71,"percentual":107.58},{"mes":"2026-09","volume_hm3":null,"percentual":null}]},"geometry":{"type":"Point","coordinates":[-35.87213487840331,-7.088883079065233]}},{"type":"Feature","properties":{"id":142,"nome":"Jandaia","capacidade_m3":10032266,"capacidade_hm3":10.03,"capacidade_fonte":"AESA/SEIRA","municipio_cod":"2501500","municipio":"Bananeiras","bacia":"Curimataú","volume_hm3":null,"percentual":null,"data_volume":null,"serie_mensal":null},"geometry":{"type":"Point","coordinates":[-35.678614,-6.659469]}},{"type":"Feature","properties":{"id":102,"nome":"Escondido","capacidade_m3":16580000,"capacidade_hm3":16.58,"capacidade_fonte":"ANA/SAR","municipio_cod":"2502003","municipio":"Belém do Brejo do Cruz","bacia":"Região do Médio Curso do Rio Piranhas","volume_hm3":7.82,"percentual":47.17,"data_volume":"2026-08-24","serie_mensal":[{"mes":"2025-10","volume_hm3":null,"percentual":null},{"mes":"2025-11","volume_hm3":null,"percentual":null},{"mes":"2025-12","volume_hm3":null,"percentual":null},{"mes":"2026-01","volume_hm3":null,"percentual":null},{"mes":"2026-02","volume_hm3":null,"percentual":null},{"mes":"2026-03","volume_hm3":null,"percentual":null},{"mes":"2026-04","volume_hm3":null,"percentual":null},{"mes":"2026-05","volume_hm3":null,"percentual":null},{"mes":"2026-06","volume_hm3":null,"percentual":null},{"mes":"2026-07","volume_hm3":null,"percentual":null},{"mes":"2026-08","volume_hm3":7.82,"percentual":47.17},{"mes":"2026-09","volume_hm3":null,"percentual":null}]},"geometry":{"type":"Point","coordinates":[-37.55126482942262,-6.1880193687736895]}},{"type":"Feature","properties":{"id":122,"nome":"Lagoa do Arroz","capacidade_m3":80390000,"capacidade_hm3":80.39,"capacidade_fonte":"ANA/SAR","municipio_cod":"2503704","municipio":"Cajazeiras","bacia":"Peixe","volume_hm3":43.38,"percentual":53.96,"data_volume":"2026-09-04","serie_mensal":[{"mes":"2025-10","volume_hm3":20.45,"percentual":25.44},{"mes":"2025-11","volume_hm3":18.19,"percentual":22.63},{"mes":"2025-12","volume_hm3":17.18,"percentual":21.37},{"mes":"2026-01","volume_hm3":16.18,"percentual":20.13},{"mes":"2026-02","volume_hm3":25.15,"percentual":31.28},{"mes":"2026-03","volume_hm3":33.03,"percentual":41.09},{"mes":"2026-04","volume_hm3":49.34,"percentual":61.38},{"mes":"2026-05","volume_hm3":52.07,"percentual":64.77},{"mes":"2026-06","volume_hm3":50.92,"percentual":63.34},{"mes":"2026-07","volume_hm3":47.62,"percentual":59.24},{"mes":"2026-08","volume_hm3":43.8,"percentual":54.48},{"mes":"2026-09","volume_hm3":43.38,"percentual":53.96}]},"geometry":{"type":"Point","coordinates":[-38.59303643466264,-6.813404358418405]}},{"type":"Feature","properties":{"id":145,"nome":"Saulo Maia","capacidade_m3":9833615,"capacidade_hm3":9.83,"capacidade_fonte":"AESA/SEIRA","municipio_cod":"2501104","municipio":"Areia","bacia":"Mamanguape","volume_hm3":null,"percentual":null,"data_volume":null,"serie_mensal":null},"geometry":{"type":"Point","coordinates":[-35.676,-6.917]}},{"type":"Feature","properties":{"id":154,"nome":"Retiro","capacidade_m3":40500000,"capacidade_hm3":40.5,"capacidade_fonte":"AESA/SEIRA","municipio_cod":"2505105","municipio":"Cuité","bacia":"Jacu","volume_hm3":null,"percentual":null,"data_volume":null,"serie_mensal":null},"geometry":{"type":"Point","coordinates":[-35.9668,-6.4918]}},{"type":"Feature","properties":{"id":126,"nome":"Acauã (Argemiro de Figueiredo)","capacidade_m3":253000000,"capacidade_hm3":253.0,"capacidade_fonte":"ANA/SAR","municipio_cod":"2507200","municipio":"Itatuba","bacia":"Região do Médio Curso do Rio Paraíba","volume_hm3":217.75,"percentual":86.07,"data_volume":"2026-09-04","serie_mensal":[{"mes":"2025-10","volume_hm3":149.8,"percentual":59.21},{"mes":"2025-11","volume_hm3":143.86,"percentual":56.86},{"mes":"2025-12","volume_hm3":138.21,"percentual":54.63},{"mes":"2026-01","volume_hm3":132.65,"percentual":52.43},{"mes":"2026-02","volume_hm3":129.98,"percentual":51.38},{"mes":"2026-03","volume_hm3":130.56,"percentual":51.6},{"mes":"2026-04","volume_hm3":148.4,"percentual":58.66},{"mes":"2026-05","volume_hm3":188.36,"percentual":74.45},{"mes":"2026-06","volume_hm3":209.82,"percentual":82.93},{"mes":"2026-07","volume_hm3":218.53,"percentual":86.38},{"mes":"2026-08","volume_hm3":218.37,"percentual":86.31},{"mes":"2026-09","volume_hm3":217.75,"percentual":86.07}]},"geometry":{"type":"Point","coordinates":[-35.5956103418746,-7.4795319666437345]}},{"type":"Feature","properties":{"id":106,"nome":"Tapera","capacidade_m3":26420000,"capacidade_hm3":26.42,"capacidade_fonte":"ANA/SAR","municipio_cod":"2502003","municipio":"Belém do Brejo do Cruz","bacia":"Região do Médio Curso do Rio Piranhas","volume_hm3":16.27,"percentual":61.58,"data_volume":"2026-08-24","serie_mensal":[{"mes":"2025-10","volume_hm3":null,"percentual":null},{"mes":"2025-11","volume_hm3":null,"percentual":null},{"mes":"2025-12","volume_hm3":null,"percentual":null},{"mes":"2026-01","volume_hm3":null,"percentual":null},{"mes":"2026-02","volume_hm3":null,"percentual":null},{"mes":"2026-03","volume_hm3":null,"percentual":null},{"mes":"2026-04","volume_hm3":null,"percentual":null},{"mes":"2026-05","volume_hm3":null,"percentual":null},{"mes":"2026-06","volume_hm3":null,"percentual":null},{"mes":"2026-07","volume_hm3":null,"percentual":null},{"mes":"2026-08","volume_hm3":16.27,"percentual":61.58},{"mes":"2026-09","volume_hm3":null,"percentual":null}]},"geometry":{"type":"Point","coordinates":[-37.48886081291004,-6.244837716453082]}},{"type":"Feature","properties":{"id":4,"nome":"Bichinho","capacidade_m3":4570000,"capacidade_hm3":4.57,"capacidade_fonte":"ANA/SAR","municipio_cod":"2501708","municipio":"Barra de São Miguel","bacia":"Região do Alto Curso do Rio Paraíba","volume_hm3":0.0,"percentual":0.0,"data_volume":"2026-09-03","serie_mensal":[{"mes":"2025-10","volume_hm3":null,"percentual":null},{"mes":"2025-11","volume_hm3":null,"percentual":null},{"mes":"2025-12","volume_hm3":null,"percentual":null},{"mes":"2026-01","volume_hm3":null,"percentual":null},{"mes":"2026-02","volume_hm3":null,"percentual":null},{"mes":"2026-03","volume_hm3":null,"percentual":null},{"mes":"2026-04","volume_hm3":null,"percentual":null},{"mes":"2026-05","volume_hm3":null,"percentual":null},{"mes":"2026-06","volume_hm3":null,"percentual":null},{"mes":"2026-07","volume_hm3":null,"percentual":null},{"mes":"2026-08","volume_hm3":0.0,"percentual":0.0},{"mes":"2026-09","volume_hm3":0.0,"percentual":0.0}]},"geometry":{"type":"Point","coordinates":[-36.3118507766773,-7.74919415703749]}},{"type":"Feature","properties":{"id":119,"nome":"Paraíso (Luiz Oliveira)","capacidade_m3":5340000,"capacidade_hm3":5.34,"capacidade_fonte":"ANA/SAR","municipio_cod":"2513984","municipio":"São Francisco","bacia":"Peixe","volume_hm3":5.04,"percentual":94.38,"data_volume":"2026-08-13","serie_mensal":[{"mes":"2025-10","volume_hm3":2.28,"percentual":42.7},{"mes":"2025-11","volume_hm3":null,"percentual":null},{"mes":"2025-12","volume_hm3":null,"percentual":null},{"mes":"2026-01","volume_hm3":null,"percentual":null},{"mes":"2026-02","volume_hm3":null,"percentual":null},{"mes":"2026-03","volume_hm3":null,"percentual":null},{"mes":"2026-04","volume_hm3":null,"percentual":null},{"mes":"2026-05","volume_hm3":null,"percentual":null},{"mes":"2026-06","volume_hm3":null,"percentual":null},{"mes":"2026-07","volume_hm3":null,"percentual":null},{"mes":"2026-08","volume_hm3":5.04,"percentual":94.38},{"mes":"2026-09","volume_hm3":null,"percentual":null}]},"geometry":{"type":"Point","coordinates":[-38.054061905269684,-6.594456506073646]}},{"type":"Feature","properties":{"id":61,"nome":"Albino","capacidade_m3":1830000,"capacidade_hm3":1.83,"capacidade_fonte":"ANA/SAR","municipio_cod":"2506707","municipio":"Imaculada","bacia":"Piancó","volume_hm3":0.73,"percentual":39.89,"data_volume":"2026-09-03","serie_mensal":[{"mes":"2025-10","volume_hm3":null,"percentual":null},{"mes":"2025-11","volume_hm3":null,"percentual":null},{"mes":"2025-12","volume_hm3":null,"percentual":null},{"mes":"2026-01","volume_hm3":null,"percentual":null},{"mes":"2026-02","volume_hm3":null,"percentual":null},{"mes":"2026-03","volume_hm3":null,"percentual":null},{"mes":"2026-04","volume_hm3":null,"percentual":null},{"mes":"2026-05","volume_hm3":null,"percentual":null},{"mes":"2026-06","volume_hm3":null,"percentual":null},{"mes":"2026-07","volume_hm3":null,"percentual":null},{"mes":"2026-08","volume_hm3":0.74,"percentual":40.44},{"mes":"2026-09","volume_hm3":0.73,"percentual":39.89}]},"geometry":{"type":"Point","coordinates":[-37.51867533587316,-7.373938819373052]}},{"type":"Feature","properties":{"id":130,"nome":"Capivara","capacidade_m3":37550000,"capacidade_hm3":37.55,"capacidade_fonte":"ANA/SAR","municipio_cod":"2516904","municipio":"Uiraúna","bacia":"Peixe","volume_hm3":13.45,"percentual":35.82,"data_volume":"2026-09-03","serie_mensal":[{"mes":"2025-10","volume_hm3":11.59,"percentual":30.87},{"mes":"2025-11","volume_hm3":11.05,"percentual":29.43},{"mes":"2025-12","volume_hm3":10.61,"percentual":28.26},{"mes":"2026-01","volume_hm3":10.25,"percentual":27.3},{"mes":"2026-02","volume_hm3":10.73,"percentual":28.58},{"mes":"2026-03","volume_hm3":11.05,"percentual":29.43},{"mes":"2026-04","volume_hm3":12.47,"percentual":33.21},{"mes":"2026-05","volume_hm3":14.69,"percentual":39.12},{"mes":"2026-06","volume_hm3":14.44,"percentual":38.46},{"mes":"2026-07","volume_hm3":14.03,"percentual":37.36},{"mes":"2026-08","volume_hm3":13.53,"percentual":36.03},{"mes":"2026-09","volume_hm3":13.45,"percentual":35.82}]},"geometry":{"type":"Point","coordinates":[-38.468,-6.538]}},{"type":"Feature","properties":{"id":20,"nome":"Bom Jesus","capacidade_m3":340000,"capacidade_hm3":0.34,"capacidade_fonte":"ANA/SAR","municipio_cod":"2504108","municipio":"Carrapateira","bacia":"Região do Alto Curso do Rio Piranhas","volume_hm3":0.31,"percentual":91.18,"data_volume":"2026-09-03","serie_mensal":[{"mes":"2025-10","volume_hm3":0.21,"percentual":61.76},{"mes":"2025-11","volume_hm3":0.18,"percentual":52.94},{"mes":"2025-12","volume_hm3":0.17,"percentual":50.0},{"mes":"2026-01","volume_hm3":0.15,"percentual":44.12},{"mes":"2026-02","volume_hm3":0.33,"percentual":97.06},{"mes":"2026-03","volume_hm3":0.35,"percentual":102.94},{"mes":"2026-04","volume_hm3":0.35,"percentual":102.94},{"mes":"2026-05","volume_hm3":0.34,"percentual":100.0},{"mes":"2026-06","volume_hm3":0.35,"percentual":102.94},{"mes":"2026-07","volume_hm3":0.33,"percentual":97.06},{"mes":"2026-08","volume_hm3":0.31,"percentual":91.18},{"mes":"2026-09","volume_hm3":0.31,"percentual":91.18}]},"geometry":{"type":"Point","coordinates":[-38.39141115831339,-7.021926065555529]}},{"type":"Feature","properties":{"id":93,"nome":"Poleiros","capacidade_m3":7930000,"capacidade_hm3":7.93,"capacidade_fonte":"ANA/SAR","municipio_cod":"2501609","municipio":"Barra de Santa Rosa","bacia":"Curimataú","volume_hm3":0.33,"percentual":4.16,"data_volume":"2026-08-24","serie_mensal":[{"mes":"2025-10","volume_hm3":null,"percentual":null},{"mes":"2025-11","volume_hm3":null,"percentual":null},{"mes":"2025-12","volume_hm3":null,"percentual":null},{"mes":"2026-01","volume_hm3":null,"percentual":null},{"mes":"2026-02","volume_hm3":null,"percentual":null},{"mes":"2026-03","volume_hm3":null,"percentual":null},{"mes":"2026-04","volume_hm3":null,"percentual":null},{"mes":"2026-05","volume_hm3":null,"percentual":null},{"mes":"2026-06","volume_hm3":null,"percentual":null},{"mes":"2026-07","volume_hm3":null,"percentual":null},{"mes":"2026-08","volume_hm3":0.33,"percentual":4.16},{"mes":"2026-09","volume_hm3":null,"percentual":null}]},"geometry":{"type":"Point","coordinates":[-36.101026916723576,-6.729284022931475]}},{"type":"Feature","properties":{"id":96,"nome":"Curimataú","capacidade_m3":5990000,"capacidade_hm3":5.99,"capacidade_fonte":"ANA/SAR","municipio_cod":"2501609","municipio":"Barra de Santa Rosa","bacia":"Curimataú","volume_hm3":0.05,"percentual":0.83,"data_volume":"2026-09-03","serie_mensal":[{"mes":"2025-10","volume_hm3":null,"percentual":null},{"mes":"2025-11","volume_hm3":null,"percentual":null},{"mes":"2025-12","volume_hm3":null,"percentual":null},{"mes":"2026-01","volume_hm3":null,"percentual":null},{"mes":"2026-02","volume_hm3":null,"percentual":null},{"mes":"2026-03","volume_hm3":null,"percentual":null},{"mes":"2026-04","volume_hm3":null,"percentual":null},{"mes":"2026-05","volume_hm3":null,"percentual":null},{"mes":"2026-06","volume_hm3":null,"percentual":null},{"mes":"2026-07","volume_hm3":null,"percentual":null},{"mes":"2026-08","volume_hm3":0.05,"percentual":0.83},{"mes":"2026-09","volume_hm3":0.05,"percentual":0.83}]},"geometry":{"type":"Point","coordinates":[-36.04308034777817,-6.711035693089751]}},{"type":"Feature","properties":{"id":105,"nome":"Baião","capacidade_m3":39230000,"capacidade_hm3":39.23,"capacidade_fonte":"ANA/SAR","municipio_cod":"2502003","municipio":"Belém do Brejo do Cruz","bacia":"Região do Médio Curso do Rio Piranhas","volume_hm3":14.25,"percentual":36.32,"data_volume":"2026-08-24","serie_mensal":[{"mes":"2025-10","volume_hm3":null,"percentual":null},{"mes":"2025-11","volume_hm3":null,"percentual":null},{"mes":"2025-12","volume_hm3":null,"percentual":null},{"mes":"2026-01","volume_hm3":null,"percentual":null},{"mes":"2026-02","volume_hm3":null,"percentual":null},{"mes":"2026-03","volume_hm3":null,"percentual":null},{"mes":"2026-04","volume_hm3":null,"percentual":null},{"mes":"2026-05","volume_hm3":null,"percentual":null},{"mes":"2026-06","volume_hm3":null,"percentual":null},{"mes":"2026-07","volume_hm3":null,"percentual":null},{"mes":"2026-08","volume_hm3":14.25,"percentual":36.32},{"mes":"2026-09","volume_hm3":null,"percentual":null}]},"geometry":{"type":"Point","coordinates":[-37.34379676142412,-6.169240986492895]}},{"type":"Feature","properties":{"id":37,"nome":"Bastiana","capacidade_m3":1270000,"capacidade_hm3":1.27,"capacidade_fonte":"ANA/SAR","municipio_cod":"2516706","municipio":"Teixeira","bacia":"Espinharas","volume_hm3":0.0,"percentual":0.0,"data_volume":"2026-09-03","serie_mensal":[{"mes":"2025-10","volume_hm3":null,"percentual":null},{"mes":"2025-11","volume_hm3":null,"percentual":null},{"mes":"2025-12","volume_hm3":null,"percentual":null},{"mes":"2026-01","volume_hm3":null,"percentual":null},{"mes":"2026-02","volume_hm3":null,"percentual":null},{"mes":"2026-03","volume_hm3":null,"percentual":null},{"mes":"2026-04","volume_hm3":null,"percentual":null},{"mes":"2026-05","volume_hm3":null,"percentual":null},{"mes":"2026-06","volume_hm3":null,"percentual":null},{"mes":"2026-07","volume_hm3":null,"percentual":null},{"mes":"2026-08","volume_hm3":0.0,"percentual":0.0},{"mes":"2026-09","volume_hm3":0.0,"percentual":0.0}]},"geometry":{"type":"Point","coordinates":[-37.282695421150216,-7.251313841493588]}},{"type":"Feature","properties":{"id":16,"nome":"Sumé","capacidade_m3":44860000,"capacidade_hm3":44.86,"capacidade_fonte":"ANA/SAR","municipio_cod":"2516300","municipio":"Sumé","bacia":"Região do Alto Curso do Rio Paraíba","volume_hm3":7.19,"percentual":16.03,"data_volume":"2026-09-03","serie_mensal":[{"mes":"2025-10","volume_hm3":6.83,"percentual":15.23},{"mes":"2025-11","volume_hm3":6.18,"percentual":13.78},{"mes":"2025-12","volume_hm3":5.38,"percentual":11.99},{"mes":"2026-01","volume_hm3":4.81,"percentual":10.72},{"mes":"2026-02","volume_hm3":5.0,"percentual":11.15},{"mes":"2026-03","volume_hm3":6.18,"percentual":13.78},{"mes":"2026-04","volume_hm3":9.08,"percentual":20.24},{"mes":"2026-05","volume_hm3":8.69,"percentual":19.37},{"mes":"2026-06","volume_hm3":8.27,"percentual":18.44},{"mes":"2026-07","volume_hm3":8.06,"percentual":17.97},{"mes":"2026-08","volume_hm3":7.37,"percentual":16.43},{"mes":"2026-09","volume_hm3":7.19,"percentual":16.03}]},"geometry":{"type":"Point","coordinates":[-36.9187799095509,-7.670991786963473]}},{"type":"Feature","properties":{"id":45,"nome":"Lagoa do Matias","capacidade_m3":1240000,"capacidade_hm3":1.24,"capacidade_fonte":"ANA/SAR","municipio_cod":"2501500","municipio":"Bananeiras","bacia":"Mamanguape","volume_hm3":1.09,"percentual":87.9,"data_volume":"2026-08-31","serie_mensal":[{"mes":"2025-10","volume_hm3":null,"percentual":null},{"mes":"2025-11","volume_hm3":null,"percentual":null},{"mes":"2025-12","volume_hm3":null,"percentual":null},{"mes":"2026-01","volume_hm3":null,"percentual":null},{"mes":"2026-02","volume_hm3":null,"percentual":null},{"mes":"2026-03","volume_hm3":null,"percentual":null},{"mes":"2026-04","volume_hm3":null,"percentual":null},{"mes":"2026-05","volume_hm3":null,"percentual":null},{"mes":"2026-06","volume_hm3":null,"percentual":null},{"mes":"2026-07","volume_hm3":null,"percentual":null},{"mes":"2026-08","volume_hm3":1.09,"percentual":87.9},{"mes":"2026-09","volume_hm3":null,"percentual":null}]},"geometry":{"type":"Point","coordinates":[-35.58132734387153,-6.73582910999557]}},{"type":"Feature","properties":{"id":65,"nome":"Bom Jesus II","capacidade_m3":14170000,"capacidade_hm3":14.17,"capacidade_fonte":"ANA/SAR","municipio_cod":"2500106","municipio":"Água Branca","bacia":"Piancó","volume_hm3":7.05,"percentual":49.75,"data_volume":"2026-08-19","serie_mensal":[{"mes":"2025-10","volume_hm3":null,"percentual":null},{"mes":"2025-11","volume_hm3":null,"percentual":null},{"mes":"2025-12","volume_hm3":null,"percentual":null},{"mes":"2026-01","volume_hm3":null,"percentual":null},{"mes":"2026-02","volume_hm3":null,"percentual":null},{"mes":"2026-03","volume_hm3":null,"percentual":null},{"mes":"2026-04","volume_hm3":null,"percentual":null},{"mes":"2026-05","volume_hm3":null,"percentual":null},{"mes":"2026-06","volume_hm3":null,"percentual":null},{"mes":"2026-07","volume_hm3":null,"percentual":null},{"mes":"2026-08","volume_hm3":7.05,"percentual":49.75},{"mes":"2026-09","volume_hm3":null,"percentual":null}]},"geometry":{"type":"Point","coordinates":[-37.63374363435423,-7.459254545577669]}},{"type":"Feature","properties":{"id":123,"nome":"Cachoeira da Vaca","capacidade_m3":340000,"capacidade_hm3":0.34,"capacidade_fonte":"ANA/SAR","municipio_cod":"2503308","municipio":"Cachoeira dos Índios","bacia":"Peixe","volume_hm3":0.22,"percentual":64.71,"data_volume":"2026-09-04","serie_mensal":[{"mes":"2025-10","volume_hm3":0.14,"percentual":41.18},{"mes":"2025-11","volume_hm3":0.11,"percentual":32.35},{"mes":"2025-12","volume_hm3":0.08,"percentual":23.53},{"mes":"2026-01","volume_hm3":0.06,"percentual":17.65},{"mes":"2026-02","volume_hm3":0.37,"percentual":108.82},{"mes":"2026-03","volume_hm3":0.34,"percentual":100.0},{"mes":"2026-04","volume_hm3":0.36,"percentual":105.88},{"mes":"2026-05","volume_hm3":0.33,"percentual":97.06},{"mes":"2026-06","volume_hm3":0.3,"percentual":88.24},{"mes":"2026-07","volume_hm3":0.27,"percentual":79.41},{"mes":"2026-08","volume_hm3":0.23,"percentual":67.65},{"mes":"2026-09","volume_hm3":0.22,"percentual":64.71}]},"geometry":{"type":"Point","coordinates":[-38.6786917108846,-6.957721809497116]}},{"type":"Feature","properties":{"id":39,"nome":"Gramame / Mamuaba","capacidade_m3":56940000,"capacidade_hm3":56.94,"capacidade_fonte":"ANA/SAR","municipio_cod":"2504603","municipio":"Conde","bacia":"Gramame","volume_hm3":57.65,"percentual":101.25,"data_volume":"2026-09-04","serie_mensal":[{"mes":"2025-10","volume_hm3":null,"percentual":null},{"mes":"2025-11","volume_hm3":null,"percentual":null},{"mes":"2025-12","volume_hm3":48.49,"percentual":85.16},{"mes":"2026-01","volume_hm3":null,"percentual":null},{"mes":"2026-02","volume_hm3":null,"percentual":null},{"mes":"2026-03","volume_hm3":48.66,"percentual":85.46},{"mes":"2026-04","volume_hm3":60.43,"percentual":106.13},{"mes":"2026-05","volume_hm3":59.8,"percentual":105.02},{"mes":"2026-06","volume_hm3":59.62,"percentual":104.71},{"mes":"2026-07","volume_hm3":58.1,"percentual":102.04},{"mes":"2026-08","volume_hm3":57.74,"percentual":101.4},{"mes":"2026-09","volume_hm3":57.65,"percentual":101.25}]},"geometry":{"type":"Point","coordinates":[-34.97862167228442,-7.292675904648926]}},{"type":"Feature","properties":{"id":38,"nome":"Sabonete","capacidade_m3":1950000,"capacidade_hm3":1.95,"capacidade_fonte":"ANA/SAR","municipio_cod":"2516706","municipio":"Teixeira","bacia":"Espinharas","volume_hm3":0.0,"percentual":0.0,"data_volume":"2026-09-03","serie_mensal":[{"mes":"2025-10","volume_hm3":null,"percentual":null},{"mes":"2025-11","volume_hm3":null,"percentual":null},{"mes":"2025-12","volume_hm3":null,"percentual":null},{"mes":"2026-01","volume_hm3":null,"percentual":null},{"mes":"2026-02","volume_hm3":null,"percentual":null},{"mes":"2026-03","volume_hm3":null,"percentual":null},{"mes":"2026-04","volume_hm3":null,"percentual":null},{"mes":"2026-05","volume_hm3":null,"percentual":null},{"mes":"2026-06","volume_hm3":null,"percentual":null},{"mes":"2026-07","volume_hm3":null,"percentual":null},{"mes":"2026-08","volume_hm3":0.0,"percentual":0.0},{"mes":"2026-09","volume_hm3":0.0,"percentual":0.0}]},"geometry":{"type":"Point","coordinates":[-37.29288531067005,-7.261373250408575]}},{"type":"Feature","properties":{"id":29,"nome":"Chupadouro II","capacidade_m3":630000,"capacidade_hm3":0.63,"capacidade_fonte":"ANA/SAR","municipio_cod":"2515807","municipio":"Serra Redonda","bacia":"Mamanguape","volume_hm3":0.62,"percentual":98.41,"data_volume":"2026-08-31","serie_mensal":[{"mes":"2025-10","volume_hm3":null,"percentual":null},{"mes":"2025-11","volume_hm3":null,"percentual":null},{"mes":"2025-12","volume_hm3":null,"percentual":null},{"mes":"2026-01","volume_hm3":null,"percentual":null},{"mes":"2026-02","volume_hm3":null,"percentual":null},{"mes":"2026-03","volume_hm3":null,"percentual":null},{"mes":"2026-04","volume_hm3":null,"percentual":null},{"mes":"2026-05","volume_hm3":null,"percentual":null},{"mes":"2026-06","volume_hm3":null,"percentual":null},{"mes":"2026-07","volume_hm3":null,"percentual":null},{"mes":"2026-08","volume_hm3":0.62,"percentual":98.41},{"mes":"2026-09","volume_hm3":null,"percentual":null}]},"geometry":{"type":"Point","coordinates":[-35.69489944601141,-7.166720879908324]}},{"type":"Feature","properties":{"id":28,"nome":"Massaranduba","capacidade_m3":600000,"capacidade_hm3":0.6,"capacidade_fonte":"ANA/SAR","municipio_cod":"2509206","municipio":"Massaranduba","bacia":"Mamanguape","volume_hm3":0.53,"percentual":88.33,"data_volume":"2026-08-11","serie_mensal":[{"mes":"2025-10","volume_hm3":0.28,"percentual":46.67},{"mes":"2025-11","volume_hm3":null,"percentual":null},{"mes":"2025-12","volume_hm3":null,"percentual":null},{"mes":"2026-01","volume_hm3":null,"percentual":null},{"mes":"2026-02","volume_hm3":null,"percentual":null},{"mes":"2026-03","volume_hm3":null,"percentual":null},{"mes":"2026-04","volume_hm3":null,"percentual":null},{"mes":"2026-05","volume_hm3":null,"percentual":null},{"mes":"2026-06","volume_hm3":null,"percentual":null},{"mes":"2026-07","volume_hm3":null,"percentual":null},{"mes":"2026-08","volume_hm3":0.53,"percentual":88.33},{"mes":"2026-09","volume_hm3":null,"percentual":null}]},"geometry":{"type":"Point","coordinates":[-35.717123,-7.162564]}},{"type":"Feature","properties":{"id":56,"nome":"Cafundó","capacidade_m3":310000,"capacidade_hm3":0.31,"capacidade_fonte":"ANA/SAR","municipio_cod":"2515708","municipio":"Serra Grande","bacia":"Piancó","volume_hm3":0.29,"percentual":93.55,"data_volume":"2026-08-19","serie_mensal":[{"mes":"2025-10","volume_hm3":null,"percentual":null},{"mes":"2025-11","volume_hm3":null,"percentual":null},{"mes":"2025-12","volume_hm3":null,"percentual":null},{"mes":"2026-01","volume_hm3":null,"percentual":null},{"mes":"2026-02","volume_hm3":null,"percentual":null},{"mes":"2026-03","volume_hm3":null,"percentual":null},{"mes":"2026-04","volume_hm3":null,"percentual":null},{"mes":"2026-05","volume_hm3":null,"percentual":null},{"mes":"2026-06","volume_hm3":null,"percentual":null},{"mes":"2026-07","volume_hm3":null,"percentual":null},{"mes":"2026-08","volume_hm3":0.29,"percentual":93.55},{"mes":"2026-09","volume_hm3":null,"percentual":null}]},"geometry":{"type":"Point","coordinates":[-38.377409367760656,-7.205598132163225]}},{"type":"Feature","properties":{"id":90,"nome":"Soledade","capacidade_m3":27060000,"capacidade_hm3":27.06,"capacidade_fonte":"ANA/SAR","municipio_cod":"2516102","municipio":"Soledade","bacia":"Taperoá","volume_hm3":0.52,"percentual":1.92,"data_volume":"2026-09-03","serie_mensal":[{"mes":"2025-10","volume_hm3":null,"percentual":null},{"mes":"2025-11","volume_hm3":null,"percentual":null},{"mes":"2025-12","volume_hm3":null,"percentual":null},{"mes":"2026-01","volume_hm3":null,"percentual":null},{"mes":"2026-02","volume_hm3":null,"percentual":null},{"mes":"2026-03","volume_hm3":null,"percentual":null},{"mes":"2026-04","volume_hm3":null,"percentual":null},{"mes":"2026-05","volume_hm3":null,"percentual":null},{"mes":"2026-06","volume_hm3":null,"percentual":null},{"mes":"2026-07","volume_hm3":null,"percentual":null},{"mes":"2026-08","volume_hm3":0.52,"percentual":1.92},{"mes":"2026-09","volume_hm3":0.52,"percentual":1.92}]},"geometry":{"type":"Point","coordinates":[-36.33766182791393,-7.063162257276602]}},{"type":"Feature","properties":{"id":41,"nome":"Covão","capacidade_m3":670000,"capacidade_hm3":0.67,"capacidade_fonte":"ANA/SAR","municipio_cod":"2501203","municipio":"Areial","bacia":"Mamanguape","volume_hm3":0.65,"percentual":97.01,"data_volume":"2026-08-18","serie_mensal":[{"mes":"2025-10","volume_hm3":null,"percentual":null},{"mes":"2025-11","volume_hm3":null,"percentual":null},{"mes":"2025-12","volume_hm3":null,"percentual":null},{"mes":"2026-01","volume_hm3":null,"percentual":null},{"mes":"2026-02","volume_hm3":null,"percentual":null},{"mes":"2026-03","volume_hm3":null,"percentual":null},{"mes":"2026-04","volume_hm3":null,"percentual":null},{"mes":"2026-05","volume_hm3":null,"percentual":null},{"mes":"2026-06","volume_hm3":null,"percentual":null},{"mes":"2026-07","volume_hm3":null,"percentual":null},{"mes":"2026-08","volume_hm3":0.65,"percentual":97.01},{"mes":"2026-09","volume_hm3":null,"percentual":null}]},"geometry":{"type":"Point","coordinates":[-35.92109581057933,-7.02943430668585]}},{"type":"Feature","properties":{"id":48,"nome":"Brejinho","capacidade_m3":789000,"capacidade_hm3":0.79,"capacidade_fonte":"AESA/SEIRA","municipio_cod":"2507606","municipio":"Juarez Távora","bacia":"Mamanguape","volume_hm3":null,"percentual":null,"data_volume":null,"serie_mensal":[{"mes":"2025-10","volume_hm3":null,"percentual":null},{"mes":"2025-11","volume_hm3":null,"percentual":null},{"mes":"2025-12","volume_hm3":null,"percentual":null},{"mes":"2026-01","volume_hm3":null,"percentual":null},{"mes":"2026-02","volume_hm3":null,"percentual":null},{"mes":"2026-03","volume_hm3":null,"percentual":null},{"mes":"2026-04","volume_hm3":null,"percentual":null},{"mes":"2026-05","volume_hm3":null,"percentual":null},{"mes":"2026-06","volume_hm3":null,"percentual":null},{"mes":"2026-07","volume_hm3":null,"percentual":null},{"mes":"2026-08","volume_hm3":null,"percentual":null},{"mes":"2026-09","volume_hm3":null,"percentual":null}]},"geometry":{"type":"Point","coordinates":[-35.62084721469393,-7.134696323446084]}},{"type":"Feature","properties":{"id":135,"nome":"José Rodrigues","capacidade_m3":22330000,"capacidade_hm3":22.33,"capacidade_fonte":"ANA/SAR","municipio_cod":"2504009","municipio":"Campina Grande","bacia":"Região do Baixo Curso do Rio Paraíba","volume_hm3":8.72,"percentual":39.05,"data_volume":"2026-09-04","serie_mensal":[{"mes":"2025-10","volume_hm3":3.55,"percentual":15.9},{"mes":"2025-11","volume_hm3":3.38,"percentual":15.14},{"mes":"2025-12","volume_hm3":3.17,"percentual":14.2},{"mes":"2026-01","volume_hm3":3.02,"percentual":13.52},{"mes":"2026-02","volume_hm3":3.0,"percentual":13.43},{"mes":"2026-03","volume_hm3":3.47,"percentual":15.54},{"mes":"2026-04","volume_hm3":5.23,"percentual":23.42},{"mes":"2026-05","volume_hm3":7.18,"percentual":32.15},{"mes":"2026-06","volume_hm3":7.55,"percentual":33.81},{"mes":"2026-07","volume_hm3":7.66,"percentual":34.3},{"mes":"2026-08","volume_hm3":8.73,"percentual":39.1},{"mes":"2026-09","volume_hm3":8.72,"percentual":39.05}]},"geometry":{"type":"Point","coordinates":[-35.789,-7.315]}},{"type":"Feature","properties":{"id":109,"nome":"Caraibeiras","capacidade_m3":2710000,"capacidade_hm3":2.71,"capacidade_fonte":"ANA/SAR","municipio_cod":"2511400","municipio":"Picuí","bacia":"Seridó","volume_hm3":0.0,"percentual":0.0,"data_volume":"2026-09-03","serie_mensal":[{"mes":"2025-10","volume_hm3":null,"percentual":null},{"mes":"2025-11","volume_hm3":null,"percentual":null},{"mes":"2025-12","volume_hm3":null,"percentual":null},{"mes":"2026-01","volume_hm3":null,"percentual":null},{"mes":"2026-02","volume_hm3":null,"percentual":null},{"mes":"2026-03","volume_hm3":null,"percentual":null},{"mes":"2026-04","volume_hm3":null,"percentual":null},{"mes":"2026-05","volume_hm3":null,"percentual":null},{"mes":"2026-06","volume_hm3":null,"percentual":null},{"mes":"2026-07","volume_hm3":null,"percentual":null},{"mes":"2026-08","volume_hm3":0.0,"percentual":0.0},{"mes":"2026-09","volume_hm3":0.0,"percentual":0.0}]},"geometry":{"type":"Point","coordinates":[-36.382044015907574,-6.560063425051498]}},{"type":"Feature","properties":{"id":95,"nome":"Cacimba de Várzea","capacidade_m3":9260000,"capacidade_hm3":9.26,"capacidade_fonte":"ANA/SAR","municipio_cod":"2503506","municipio":"Cacimba de Dentro","bacia":"Curimataú","volume_hm3":9.25,"percentual":99.89,"data_volume":"2026-08-18","serie_mensal":[{"mes":"2025-10","volume_hm3":null,"percentual":null},{"mes":"2025-11","volume_hm3":null,"percentual":null},{"mes":"2025-12","volume_hm3":null,"percentual":null},{"mes":"2026-01","volume_hm3":null,"percentual":null},{"mes":"2026-02","volume_hm3":null,"percentual":null},{"mes":"2026-03","volume_hm3":null,"percentual":null},{"mes":"2026-04","volume_hm3":null,"percentual":null},{"mes":"2026-05","volume_hm3":null,"percentual":null},{"mes":"2026-06","volume_hm3":null,"percentual":null},{"mes":"2026-07","volume_hm3":null,"percentual":null},{"mes":"2026-08","volume_hm3":9.25,"percentual":99.89},{"mes":"2026-09","volume_hm3":null,"percentual":null}]},"geometry":{"type":"Point","coordinates":[-35.78999769512735,-6.686804619565568]}},{"type":"Feature","properties":{"id":42,"nome":"São Sebastião","capacidade_m3":450000,"capacidade_hm3":0.45,"capacidade_fonte":"ANA/SAR","municipio_cod":"2515104","municipio":"São Sebastião de Lagoa de Roça","bacia":"Mamanguape","volume_hm3":0.47,"percentual":104.44,"data_volume":"2026-08-24","serie_mensal":[{"mes":"2025-10","volume_hm3":null,"percentual":null},{"mes":"2025-11","volume_hm3":null,"percentual":null},{"mes":"2025-12","volume_hm3":null,"percentual":null},{"mes":"2026-01","volume_hm3":null,"percentual":null},{"mes":"2026-02","volume_hm3":null,"percentual":null},{"mes":"2026-03","volume_hm3":null,"percentual":null},{"mes":"2026-04","volume_hm3":null,"percentual":null},{"mes":"2026-05","volume_hm3":null,"percentual":null},{"mes":"2026-06","volume_hm3":null,"percentual":null},{"mes":"2026-07","volume_hm3":null,"percentual":null},{"mes":"2026-08","volume_hm3":0.47,"percentual":104.44},{"mes":"2026-09","volume_hm3":null,"percentual":null}]},"geometry":{"type":"Point","coordinates":[-35.862931116145,-7.095265877197779]}},{"type":"Feature","properties":{"id":51,"nome":"Gavião","capacidade_m3":1450000,"capacidade_hm3":1.45,"capacidade_fonte":"ANA/SAR","municipio_cod":"2506103","municipio":"Fagundes","bacia":"Região do Baixo Curso do Rio Paraíba","volume_hm3":1.39,"percentual":95.86,"data_volume":"2026-08-24","serie_mensal":[{"mes":"2025-10","volume_hm3":1.21,"percentual":83.45},{"mes":"2025-11","volume_hm3":null,"percentual":null},{"mes":"2025-12","volume_hm3":null,"percentual":null},{"mes":"2026-01","volume_hm3":null,"percentual":null},{"mes":"2026-02","volume_hm3":null,"percentual":null},{"mes":"2026-03","volume_hm3":null,"percentual":null},{"mes":"2026-04","volume_hm3":null,"percentual":null},{"mes":"2026-05","volume_hm3":null,"percentual":null},{"mes":"2026-06","volume_hm3":null,"percentual":null},{"mes":"2026-07","volume_hm3":null,"percentual":null},{"mes":"2026-08","volume_hm3":1.39,"percentual":95.86},{"mes":"2026-09","volume_hm3":null,"percentual":null}]},"geometry":{"type":"Point","coordinates":[-35.74302728843792,-7.355471264572665]}},{"type":"Feature","properties":{"id":104,"nome":"Santa Rosa","capacidade_m3":2840000,"capacidade_hm3":2.84,"capacidade_fonte":"ANA/SAR","municipio_cod":"2502805","municipio":"Brejo do Cruz","bacia":"Região do Médio Curso do Rio Piranhas","volume_hm3":2.45,"percentual":86.27,"data_volume":"2026-08-04","serie_mensal":[{"mes":"2025-10","volume_hm3":null,"percentual":null},{"mes":"2025-11","volume_hm3":null,"percentual":null},{"mes":"2025-12","volume_hm3":null,"percentual":null},{"mes":"2026-01","volume_hm3":null,"percentual":null},{"mes":"2026-02","volume_hm3":null,"percentual":null},{"mes":"2026-03","volume_hm3":null,"percentual":null},{"mes":"2026-04","volume_hm3":null,"percentual":null},{"mes":"2026-05","volume_hm3":null,"percentual":null},{"mes":"2026-06","volume_hm3":null,"percentual":null},{"mes":"2026-07","volume_hm3":null,"percentual":null},{"mes":"2026-08","volume_hm3":2.45,"percentual":86.27},{"mes":"2026-09","volume_hm3":null,"percentual":null}]},"geometry":{"type":"Point","coordinates":[-37.52083559394753,-6.321549324290558]}},{"type":"Feature","properties":{"id":134,"nome":"Frutuoso II","capacidade_m3":3520000,"capacidade_hm3":3.52,"capacidade_fonte":"ANA/SAR","municipio_cod":"2500205","municipio":"Aguiar","bacia":"Piancó","volume_hm3":3.46,"percentual":98.3,"data_volume":"2026-09-03","serie_mensal":[{"mes":"2025-10","volume_hm3":null,"percentual":null},{"mes":"2025-11","volume_hm3":null,"percentual":null},{"mes":"2025-12","volume_hm3":null,"percentual":null},{"mes":"2026-01","volume_hm3":null,"percentual":null},{"mes":"2026-02","volume_hm3":null,"percentual":null},{"mes":"2026-03","volume_hm3":null,"percentual":null},{"mes":"2026-04","volume_hm3":null,"percentual":null},{"mes":"2026-05","volume_hm3":null,"percentual":null},{"mes":"2026-06","volume_hm3":null,"percentual":null},{"mes":"2026-07","volume_hm3":null,"percentual":null},{"mes":"2026-08","volume_hm3":3.46,"percentual":98.3},{"mes":"2026-09","volume_hm3":3.46,"percentual":98.3}]},"geometry":{"type":"Point","coordinates":[-38.197,-7.12]}},{"type":"Feature","properties":{"id":18,"nome":"Jenipapeiro","capacidade_m3":1950000,"capacidade_hm3":1.95,"capacidade_fonte":"ANA/SAR","municipio_cod":"2514206","municipio":"São José da Lagoa Tapada","bacia":"Região do Alto Curso do Rio Piranhas","volume_hm3":1.73,"percentual":88.72,"data_volume":"2026-08-11","serie_mensal":[{"mes":"2025-10","volume_hm3":null,"percentual":null},{"mes":"2025-11","volume_hm3":null,"percentual":null},{"mes":"2025-12","volume_hm3":null,"percentual":null},{"mes":"2026-01","volume_hm3":null,"percentual":null},{"mes":"2026-02","volume_hm3":null,"percentual":null},{"mes":"2026-03","volume_hm3":null,"percentual":null},{"mes":"2026-04","volume_hm3":null,"percentual":null},{"mes":"2026-05","volume_hm3":null,"percentual":null},{"mes":"2026-06","volume_hm3":null,"percentual":null},{"mes":"2026-07","volume_hm3":null,"percentual":null},{"mes":"2026-08","volume_hm3":1.73,"percentual":88.72},{"mes":"2026-09","volume_hm3":null,"percentual":null}]},"geometry":{"type":"Point","coordinates":[-38.16824203931494,-6.968315662243228]}},{"type":"Feature","properties":{"id":91,"nome":"Mucutu","capacidade_m3":25370000,"capacidade_hm3":25.37,"capacidade_fonte":"ANA/SAR","municipio_cod":"2507705","municipio":"Juazeirinho","bacia":"Taperoá","volume_hm3":0.28,"percentual":1.1,"data_volume":"2026-09-03","serie_mensal":[{"mes":"2025-10","volume_hm3":null,"percentual":null},{"mes":"2025-11","volume_hm3":null,"percentual":null},{"mes":"2025-12","volume_hm3":null,"percentual":null},{"mes":"2026-01","volume_hm3":null,"percentual":null},{"mes":"2026-02","volume_hm3":null,"percentual":null},{"mes":"2026-03","volume_hm3":null,"percentual":null},{"mes":"2026-04","volume_hm3":null,"percentual":null},{"mes":"2026-05","volume_hm3":null,"percentual":null},{"mes":"2026-06","volume_hm3":null,"percentual":null},{"mes":"2026-07","volume_hm3":null,"percentual":null},{"mes":"2026-08","volume_hm3":0.65,"percentual":2.56},{"mes":"2026-09","volume_hm3":0.28,"percentual":1.1}]},"geometry":{"type":"Point","coordinates":[-36.66151154137387,-7.122306309409177]}},{"type":"Feature","properties":{"id":89,"nome":"Namorado","capacidade_m3":2120000,"capacidade_hm3":2.12,"capacidade_fonte":"ANA/SAR","municipio_cod":"2514008","municipio":"São João do Cariri","bacia":"Taperoá","volume_hm3":0.47,"percentual":22.17,"data_volume":"2026-09-04","serie_mensal":[{"mes":"2025-10","volume_hm3":0.23,"percentual":10.85},{"mes":"2025-11","volume_hm3":0.19,"percentual":8.96},{"mes":"2025-12","volume_hm3":0.17,"percentual":8.02},{"mes":"2026-01","volume_hm3":0.13,"percentual":6.13},{"mes":"2026-02","volume_hm3":0.12,"percentual":5.66},{"mes":"2026-03","volume_hm3":0.47,"percentual":22.17},{"mes":"2026-04","volume_hm3":0.59,"percentual":27.83},{"mes":"2026-05","volume_hm3":0.57,"percentual":26.89},{"mes":"2026-06","volume_hm3":0.54,"percentual":25.47},{"mes":"2026-07","volume_hm3":0.5,"percentual":23.58},{"mes":"2026-08","volume_hm3":0.47,"percentual":22.17},{"mes":"2026-09","volume_hm3":0.47,"percentual":22.17}]},"geometry":{"type":"Point","coordinates":[-36.53417420824968,-7.384545489270036]}},{"type":"Feature","properties":{"id":13,"nome":"Campos","capacidade_m3":6590000,"capacidade_hm3":6.59,"capacidade_fonte":"ANA/SAR","municipio_cod":"2504074","municipio":"Caraúbas","bacia":"Região do Alto Curso do Rio Paraíba","volume_hm3":0.59,"percentual":8.95,"data_volume":"2026-09-03","serie_mensal":[{"mes":"2025-10","volume_hm3":1.32,"percentual":20.03},{"mes":"2025-11","volume_hm3":1.07,"percentual":16.24},{"mes":"2025-12","volume_hm3":0.98,"percentual":14.87},{"mes":"2026-01","volume_hm3":0.68,"percentual":10.32},{"mes":"2026-02","volume_hm3":0.61,"percentual":9.26},{"mes":"2026-03","volume_hm3":0.86,"percentual":13.05},{"mes":"2026-04","volume_hm3":1.03,"percentual":15.63},{"mes":"2026-05","volume_hm3":0.95,"percentual":14.42},{"mes":"2026-06","volume_hm3":0.82,"percentual":12.44},{"mes":"2026-07","volume_hm3":0.73,"percentual":11.08},{"mes":"2026-08","volume_hm3":0.6,"percentual":9.1},{"mes":"2026-09","volume_hm3":0.59,"percentual":8.95}]},"geometry":{"type":"Point","coordinates":[-36.56375297599082,-7.770428182505636]}},{"type":"Feature","properties":{"id":139,"nome":"Riacho Verde","capacidade_m3":1260000,"capacidade_hm3":1.26,"capacidade_fonte":"ANA/SAR","municipio_cod":"2502102","municipio":"Boa Ventura","bacia":"Piancó","volume_hm3":0.57,"percentual":45.24,"data_volume":"2026-08-26","serie_mensal":[{"mes":"2025-10","volume_hm3":null,"percentual":null},{"mes":"2025-11","volume_hm3":null,"percentual":null},{"mes":"2025-12","volume_hm3":null,"percentual":null},{"mes":"2026-01","volume_hm3":null,"percentual":null},{"mes":"2026-02","volume_hm3":null,"percentual":null},{"mes":"2026-03","volume_hm3":null,"percentual":null},{"mes":"2026-04","volume_hm3":null,"percentual":null},{"mes":"2026-05","volume_hm3":null,"percentual":null},{"mes":"2026-06","volume_hm3":null,"percentual":null},{"mes":"2026-07","volume_hm3":null,"percentual":null},{"mes":"2026-08","volume_hm3":0.57,"percentual":45.24},{"mes":"2026-09","volume_hm3":null,"percentual":null}]},"geometry":{"type":"Point","coordinates":[-38.156,-7.427]}},{"type":"Feature","properties":{"id":47,"nome":"Jangada","capacidade_m3":470000,"capacidade_hm3":0.47,"capacidade_fonte":"ANA/SAR","municipio_cod":"2508901","municipio":"Mamanguape","bacia":"Mamanguape","volume_hm3":0.49,"percentual":104.26,"data_volume":"2026-08-14","serie_mensal":[{"mes":"2025-10","volume_hm3":null,"percentual":null},{"mes":"2025-11","volume_hm3":null,"percentual":null},{"mes":"2025-12","volume_hm3":null,"percentual":null},{"mes":"2026-01","volume_hm3":null,"percentual":null},{"mes":"2026-02","volume_hm3":null,"percentual":null},{"mes":"2026-03","volume_hm3":null,"percentual":null},{"mes":"2026-04","volume_hm3":null,"percentual":null},{"mes":"2026-05","volume_hm3":null,"percentual":null},{"mes":"2026-06","volume_hm3":null,"percentual":null},{"mes":"2026-07","volume_hm3":null,"percentual":null},{"mes":"2026-08","volume_hm3":0.49,"percentual":104.26},{"mes":"2026-09","volume_hm3":null,"percentual":null}]},"geometry":{"type":"Point","coordinates":[-35.11995228125523,-6.815516406846563]}},{"type":"Feature","properties":{"id":6,"nome":"Santo Antônio","capacidade_m3":24420000,"capacidade_hm3":24.42,"capacidade_fonte":"ANA/SAR","municipio_cod":"2515203","municipio":"São Sebastião do Umbuzeiro","bacia":"Região do Alto Curso do Rio Paraíba","volume_hm3":9.76,"percentual":39.97,"data_volume":"2026-08-21","serie_mensal":[{"mes":"2025-10","volume_hm3":null,"percentual":null},{"mes":"2025-11","volume_hm3":null,"percentual":null},{"mes":"2025-12","volume_hm3":null,"percentual":null},{"mes":"2026-01","volume_hm3":null,"percentual":null},{"mes":"2026-02","volume_hm3":null,"percentual":null},{"mes":"2026-03","volume_hm3":null,"percentual":null},{"mes":"2026-04","volume_hm3":null,"percentual":null},{"mes":"2026-05","volume_hm3":null,"percentual":null},{"mes":"2026-06","volume_hm3":null,"percentual":null},{"mes":"2026-07","volume_hm3":null,"percentual":null},{"mes":"2026-08","volume_hm3":9.76,"percentual":39.97},{"mes":"2026-09","volume_hm3":null,"percentual":null}]},"geometry":{"type":"Point","coordinates":[-36.991797261404486,-8.103838693174104]}},{"type":"Feature","properties":{"id":9,"nome":"São José II","capacidade_m3":1310000,"capacidade_hm3":1.31,"capacidade_fonte":"ANA/SAR","municipio_cod":"2509701","municipio":"Monteiro","bacia":"Região do Alto Curso do Rio Paraíba","volume_hm3":1.31,"percentual":100.0,"data_volume":"2026-08-24","serie_mensal":[{"mes":"2025-10","volume_hm3":null,"percentual":null},{"mes":"2025-11","volume_hm3":null,"percentual":null},{"mes":"2025-12","volume_hm3":null,"percentual":null},{"mes":"2026-01","volume_hm3":null,"percentual":null},{"mes":"2026-02","volume_hm3":null,"percentual":null},{"mes":"2026-03","volume_hm3":null,"percentual":null},{"mes":"2026-04","volume_hm3":null,"percentual":null},{"mes":"2026-05","volume_hm3":null,"percentual":null},{"mes":"2026-06","volume_hm3":null,"percentual":null},{"mes":"2026-07","volume_hm3":null,"percentual":null},{"mes":"2026-08","volume_hm3":1.31,"percentual":100.0},{"mes":"2026-09","volume_hm3":null,"percentual":null}]},"geometry":{"type":"Point","coordinates":[-37.07285877718482,-7.8828949230141365]}},{"type":"Feature","properties":{"id":5,"nome":"São Paulo","capacidade_m3":8460000,"capacidade_hm3":8.46,"capacidade_fonte":"ANA/SAR","municipio_cod":"2512200","municipio":"Prata","bacia":"Região do Alto Curso do Rio Paraíba","volume_hm3":1.61,"percentual":19.03,"data_volume":"2026-09-02","serie_mensal":[{"mes":"2025-10","volume_hm3":0.28,"percentual":3.31},{"mes":"2025-11","volume_hm3":0.2,"percentual":2.36},{"mes":"2025-12","volume_hm3":null,"percentual":null},{"mes":"2026-01","volume_hm3":null,"percentual":null},{"mes":"2026-02","volume_hm3":null,"percentual":null},{"mes":"2026-03","volume_hm3":0.62,"percentual":7.33},{"mes":"2026-04","volume_hm3":0.68,"percentual":8.04},{"mes":"2026-05","volume_hm3":2.23,"percentual":26.36},{"mes":"2026-06","volume_hm3":2.07,"percentual":24.47},{"mes":"2026-07","volume_hm3":1.78,"percentual":21.04},{"mes":"2026-08","volume_hm3":1.64,"percentual":19.39},{"mes":"2026-09","volume_hm3":1.61,"percentual":19.03}]},"geometry":{"type":"Point","coordinates":[-37.08295048101264,-7.648982231179479]}},{"type":"Feature","properties":{"id":82,"nome":"Taperoá II (Manoel Marcionilo)","capacidade_m3":15150000,"capacidade_hm3":15.15,"capacidade_fonte":"ANA/SAR","municipio_cod":"2516508","municipio":"Taperoá","bacia":"Taperoá","volume_hm3":0.84,"percentual":5.54,"data_volume":"2026-07-06","serie_mensal":[{"mes":"2025-10","volume_hm3":null,"percentual":null},{"mes":"2025-11","volume_hm3":null,"percentual":null},{"mes":"2025-12","volume_hm3":null,"percentual":null},{"mes":"2026-01","volume_hm3":null,"percentual":null},{"mes":"2026-02","volume_hm3":null,"percentual":null},{"mes":"2026-03","volume_hm3":0.94,"percentual":6.2},{"mes":"2026-04","volume_hm3":1.41,"percentual":9.31},{"mes":"2026-05","volume_hm3":1.18,"percentual":7.79},{"mes":"2026-06","volume_hm3":0.9,"percentual":5.94},{"mes":"2026-07","volume_hm3":0.84,"percentual":5.54},{"mes":"2026-08","volume_hm3":null,"percentual":null},{"mes":"2026-09","volume_hm3":null,"percentual":null}]},"geometry":{"type":"Point","coordinates":[-36.84761888443225,-7.212536552758535]}},{"type":"Feature","properties":{"id":46,"nome":"Pirpirituba","capacidade_m3":4670000,"capacidade_hm3":4.67,"capacidade_fonte":"ANA/SAR","municipio_cod":"2511806","municipio":"Pirpirituba","bacia":"Mamanguape","volume_hm3":4.63,"percentual":99.14,"data_volume":"2026-08-07","serie_mensal":[{"mes":"2025-10","volume_hm3":null,"percentual":null},{"mes":"2025-11","volume_hm3":null,"percentual":null},{"mes":"2025-12","volume_hm3":null,"percentual":null},{"mes":"2026-01","volume_hm3":null,"percentual":null},{"mes":"2026-02","volume_hm3":null,"percentual":null},{"mes":"2026-03","volume_hm3":null,"percentual":null},{"mes":"2026-04","volume_hm3":null,"percentual":null},{"mes":"2026-05","volume_hm3":null,"percentual":null},{"mes":"2026-06","volume_hm3":null,"percentual":null},{"mes":"2026-07","volume_hm3":null,"percentual":null},{"mes":"2026-08","volume_hm3":4.63,"percentual":99.14},{"mes":"2026-09","volume_hm3":null,"percentual":null}]},"geometry":{"type":"Point","coordinates":[-35.57489682686365,-6.809520451672912]}},{"type":"Feature","properties":{"id":80,"nome":"Lagoa do Meio","capacidade_m3":6650000,"capacidade_hm3":6.65,"capacidade_fonte":"ANA/SAR","municipio_cod":"2516508","municipio":"Taperoá","bacia":"Taperoá","volume_hm3":0.4,"percentual":6.02,"data_volume":"2026-08-17","serie_mensal":[{"mes":"2025-10","volume_hm3":null,"percentual":null},{"mes":"2025-11","volume_hm3":null,"percentual":null},{"mes":"2025-12","volume_hm3":null,"percentual":null},{"mes":"2026-01","volume_hm3":null,"percentual":null},{"mes":"2026-02","volume_hm3":null,"percentual":null},{"mes":"2026-03","volume_hm3":null,"percentual":null},{"mes":"2026-04","volume_hm3":null,"percentual":null},{"mes":"2026-05","volume_hm3":null,"percentual":null},{"mes":"2026-06","volume_hm3":0.56,"percentual":8.42},{"mes":"2026-07","volume_hm3":null,"percentual":null},{"mes":"2026-08","volume_hm3":0.4,"percentual":6.02},{"mes":"2026-09","volume_hm3":null,"percentual":null}]},"geometry":{"type":"Point","coordinates":[-36.76498519169783,-7.160455517308304]}},{"type":"Feature","properties":{"id":55,"nome":"Cochos","capacidade_m3":4200000,"capacidade_hm3":4.2,"capacidade_fonte":"ANA/SAR","municipio_cod":"2502607","municipio":"Igaracy","bacia":"Piancó","volume_hm3":3.87,"percentual":92.14,"data_volume":"2026-08-11","serie_mensal":[{"mes":"2025-10","volume_hm3":null,"percentual":null},{"mes":"2025-11","volume_hm3":null,"percentual":null},{"mes":"2025-12","volume_hm3":null,"percentual":null},{"mes":"2026-01","volume_hm3":null,"percentual":null},{"mes":"2026-02","volume_hm3":null,"percentual":null},{"mes":"2026-03","volume_hm3":null,"percentual":null},{"mes":"2026-04","volume_hm3":null,"percentual":null},{"mes":"2026-05","volume_hm3":null,"percentual":null},{"mes":"2026-06","volume_hm3":null,"percentual":null},{"mes":"2026-07","volume_hm3":null,"percentual":null},{"mes":"2026-08","volume_hm3":3.87,"percentual":92.14},{"mes":"2026-09","volume_hm3":null,"percentual":null}]},"geometry":{"type":"Point","coordinates":[-38.16560476892254,-7.1821576510117]}},{"type":"Feature","properties":{"id":60,"nome":"Video","capacidade_m3":6040000,"capacidade_hm3":6.04,"capacidade_fonte":"ANA/SAR","municipio_cod":"2504405","municipio":"Conceição","bacia":"Piancó","volume_hm3":4.08,"percentual":67.55,"data_volume":"2026-09-04","serie_mensal":[{"mes":"2025-10","volume_hm3":3.85,"percentual":63.74},{"mes":"2025-11","volume_hm3":3.78,"percentual":62.58},{"mes":"2025-12","volume_hm3":3.54,"percentual":58.61},{"mes":"2026-01","volume_hm3":3.44,"percentual":56.95},{"mes":"2026-02","volume_hm3":3.4,"percentual":56.29},{"mes":"2026-03","volume_hm3":4.29,"percentual":71.03},{"mes":"2026-04","volume_hm3":4.63,"percentual":76.66},{"mes":"2026-05","volume_hm3":4.6,"percentual":76.16},{"mes":"2026-06","volume_hm3":4.45,"percentual":73.68},{"mes":"2026-07","volume_hm3":4.37,"percentual":72.35},{"mes":"2026-08","volume_hm3":4.33,"percentual":71.69},{"mes":"2026-09","volume_hm3":4.08,"percentual":67.55}]},"geometry":{"type":"Point","coordinates":[-38.41369306746872,-7.367753612176549]}},{"type":"Feature","properties":{"id":129,"nome":"Emídio","capacidade_m3":460000,"capacidade_hm3":0.46,"capacidade_fonte":"ANA/SAR","municipio_cod":"2509503","municipio":"Montadas","bacia":"Mamanguape","volume_hm3":0.37,"percentual":80.43,"data_volume":"2026-08-18","serie_mensal":[{"mes":"2025-10","volume_hm3":null,"percentual":null},{"mes":"2025-11","volume_hm3":null,"percentual":null},{"mes":"2025-12","volume_hm3":null,"percentual":null},{"mes":"2026-01","volume_hm3":null,"percentual":null},{"mes":"2026-02","volume_hm3":null,"percentual":null},{"mes":"2026-03","volume_hm3":null,"percentual":null},{"mes":"2026-04","volume_hm3":null,"percentual":null},{"mes":"2026-05","volume_hm3":null,"percentual":null},{"mes":"2026-06","volume_hm3":null,"percentual":null},{"mes":"2026-07","volume_hm3":null,"percentual":null},{"mes":"2026-08","volume_hm3":0.37,"percentual":80.43},{"mes":"2026-09","volume_hm3":null,"percentual":null}]},"geometry":{"type":"Point","coordinates":[-35.928169933009684,-7.0928930758377895]}},{"type":"Feature","properties":{"id":86,"nome":"São José IV","capacidade_m3":554100,"capacidade_hm3":0.55,"capacidade_fonte":"AESA/SEIRA","municipio_cod":"2514701","municipio":"São José do Sabugi","bacia":"Seridó","volume_hm3":null,"percentual":null,"data_volume":null,"serie_mensal":[{"mes":"2025-10","volume_hm3":null,"percentual":null},{"mes":"2025-11","volume_hm3":null,"percentual":null},{"mes":"2025-12","volume_hm3":null,"percentual":null},{"mes":"2026-01","volume_hm3":null,"percentual":null},{"mes":"2026-02","volume_hm3":null,"percentual":null},{"mes":"2026-03","volume_hm3":null,"percentual":null},{"mes":"2026-04","volume_hm3":null,"percentual":null},{"mes":"2026-05","volume_hm3":null,"percentual":null},{"mes":"2026-06","volume_hm3":null,"percentual":null},{"mes":"2026-07","volume_hm3":null,"percentual":null},{"mes":"2026-08","volume_hm3":null,"percentual":null},{"mes":"2026-09","volume_hm3":null,"percentual":null}]},"geometry":{"type":"Point","coordinates":[-36.78733768043934,-6.7876133449623826]}},{"type":"Feature","properties":{"id":131,"nome":"Nova Camará","capacidade_m3":26581614,"capacidade_hm3":26.58,"capacidade_fonte":"AESA/SEIRA","municipio_cod":"2500403","municipio":"Alagoa Nova","bacia":"Mamanguape","volume_hm3":null,"percentual":null,"data_volume":null,"serie_mensal":null},"geometry":{"type":"Point","coordinates":[-35.741,-7.038]}},{"type":"Feature","properties":{"id":101,"nome":"Engenheiro Arcoverde","capacidade_m3":36830000,"capacidade_hm3":36.83,"capacidade_fonte":"ANA/SAR","municipio_cod":"2504504","municipio":"Condado","bacia":"Região do Médio Curso do Rio Piranhas","volume_hm3":5.34,"percentual":14.5,"data_volume":"2026-09-02","serie_mensal":[{"mes":"2025-10","volume_hm3":4.42,"percentual":12.0},{"mes":"2025-11","volume_hm3":4.08,"percentual":11.08},{"mes":"2025-12","volume_hm3":3.43,"percentual":9.31},{"mes":"2026-01","volume_hm3":3.09,"percentual":8.39},{"mes":"2026-02","volume_hm3":2.98,"percentual":8.09},{"mes":"2026-03","volume_hm3":4.5,"percentual":12.22},{"mes":"2026-04","volume_hm3":6.99,"percentual":18.98},{"mes":"2026-05","volume_hm3":6.65,"percentual":18.06},{"mes":"2026-06","volume_hm3":6.23,"percentual":16.92},{"mes":"2026-07","volume_hm3":5.9,"percentual":16.02},{"mes":"2026-08","volume_hm3":5.39,"percentual":14.63},{"mes":"2026-09","volume_hm3":5.34,"percentual":14.5}]},"geometry":{"type":"Point","coordinates":[-37.583955674180615,-6.9262763506769485]}},{"type":"Feature","properties":{"id":118,"nome":"Santa Luzia","capacidade_m3":7830000,"capacidade_hm3":7.83,"capacidade_fonte":"ANA/SAR","municipio_cod":"2513406","municipio":"Santa Luzia","bacia":"Seridó","volume_hm3":0.79,"percentual":10.09,"data_volume":"2026-09-04","serie_mensal":[{"mes":"2025-10","volume_hm3":0.58,"percentual":7.41},{"mes":"2025-11","volume_hm3":0.45,"percentual":5.75},{"mes":"2025-12","volume_hm3":0.35,"percentual":4.47},{"mes":"2026-01","volume_hm3":0.55,"percentual":7.02},{"mes":"2026-02","volume_hm3":0.69,"percentual":8.81},{"mes":"2026-03","volume_hm3":1.18,"percentual":15.07},{"mes":"2026-04","volume_hm3":1.07,"percentual":13.67},{"mes":"2026-05","volume_hm3":1.0,"percentual":12.77},{"mes":"2026-06","volume_hm3":0.95,"percentual":12.13},{"mes":"2026-07","volume_hm3":0.88,"percentual":11.24},{"mes":"2026-08","volume_hm3":0.81,"percentual":10.34},{"mes":"2026-09","volume_hm3":0.79,"percentual":10.09}]},"geometry":{"type":"Point","coordinates":[-36.92153550901327,-6.880920464857046]}},{"type":"Feature","properties":{"id":52,"nome":"Riacho de Santo Antônio","capacidade_m3":6830000,"capacidade_hm3":6.83,"capacidade_fonte":"ANA/SAR","municipio_cod":"2512788","municipio":"Riacho de Santo Antônio","bacia":"Região do Médio Curso do Rio Paraíba","volume_hm3":0.21,"percentual":3.07,"data_volume":"2025-10-22","serie_mensal":[{"mes":"2025-10","volume_hm3":0.21,"percentual":3.07},{"mes":"2025-11","volume_hm3":null,"percentual":null},{"mes":"2025-12","volume_hm3":null,"percentual":null},{"mes":"2026-01","volume_hm3":null,"percentual":null},{"mes":"2026-02","volume_hm3":null,"percentual":null},{"mes":"2026-03","volume_hm3":null,"percentual":null},{"mes":"2026-04","volume_hm3":null,"percentual":null},{"mes":"2026-05","volume_hm3":null,"percentual":null},{"mes":"2026-06","volume_hm3":null,"percentual":null},{"mes":"2026-07","volume_hm3":null,"percentual":null},{"mes":"2026-08","volume_hm3":null,"percentual":null},{"mes":"2026-09","volume_hm3":null,"percentual":null}]},"geometry":{"type":"Point","coordinates":[-36.16728518916129,-7.706100276050827]}},{"type":"Feature","properties":{"id":66,"nome":"Piranhas","capacidade_m3":25700000,"capacidade_hm3":25.7,"capacidade_fonte":"ANA/SAR","municipio_cod":"2506608","municipio":"Ibiara","bacia":"Piancó","volume_hm3":10.49,"percentual":40.82,"data_volume":"2026-09-03","serie_mensal":[{"mes":"2025-10","volume_hm3":6.84,"percentual":26.61},{"mes":"2025-11","volume_hm3":14.03,"percentual":54.59},{"mes":"2025-12","volume_hm3":12.93,"percentual":50.31},{"mes":"2026-01","volume_hm3":11.92,"percentual":46.38},{"mes":"2026-02","volume_hm3":11.18,"percentual":43.5},{"mes":"2026-03","volume_hm3":12.82,"percentual":49.88},{"mes":"2026-04","volume_hm3":13.29,"percentual":51.71},{"mes":"2026-05","volume_hm3":12.76,"percentual":49.65},{"mes":"2026-06","volume_hm3":11.98,"percentual":46.61},{"mes":"2026-07","volume_hm3":11.26,"percentual":43.81},{"mes":"2026-08","volume_hm3":10.57,"percentual":41.13},{"mes":"2026-09","volume_hm3":10.49,"percentual":40.82}]},"geometry":{"type":"Point","coordinates":[-38.454020025732795,-7.50438969417788]}},{"type":"Feature","properties":{"id":71,"nome":"Timbaúba","capacidade_m3":15440000,"capacidade_hm3":15.44,"capacidade_fonte":"ANA/SAR","municipio_cod":"2508000","municipio":"Juru","bacia":"Piancó","volume_hm3":1.85,"percentual":11.98,"data_volume":"2026-09-04","serie_mensal":[{"mes":"2025-10","volume_hm3":4.08,"percentual":26.42},{"mes":"2025-11","volume_hm3":3.65,"percentual":23.64},{"mes":"2025-12","volume_hm3":3.16,"percentual":20.47},{"mes":"2026-01","volume_hm3":2.78,"percentual":18.01},{"mes":"2026-02","volume_hm3":2.68,"percentual":17.36},{"mes":"2026-03","volume_hm3":2.8,"percentual":18.13},{"mes":"2026-04","volume_hm3":2.99,"percentual":19.37},{"mes":"2026-05","volume_hm3":2.74,"percentual":17.75},{"mes":"2026-06","volume_hm3":2.45,"percentual":15.87},{"mes":"2026-07","volume_hm3":2.2,"percentual":14.25},{"mes":"2026-08","volume_hm3":1.89,"percentual":12.24},{"mes":"2026-09","volume_hm3":1.85,"percentual":11.98}]},"geometry":{"type":"Point","coordinates":[-37.81755754240677,-7.560897774347391]}},{"type":"Feature","properties":{"id":44,"nome":"Tauá","capacidade_m3":8570000,"capacidade_hm3":8.57,"capacidade_fonte":"ANA/SAR","municipio_cod":"2505204","municipio":"Cuitegi","bacia":"Mamanguape","volume_hm3":8.57,"percentual":100.0,"data_volume":"2026-04-14","serie_mensal":[{"mes":"2025-10","volume_hm3":8.23,"percentual":96.03},{"mes":"2025-11","volume_hm3":7.14,"percentual":83.31},{"mes":"2025-12","volume_hm3":7.21,"percentual":84.13},{"mes":"2026-01","volume_hm3":6.83,"percentual":79.7},{"mes":"2026-02","volume_hm3":7.22,"percentual":84.25},{"mes":"2026-03","volume_hm3":7.08,"percentual":82.61},{"mes":"2026-04","volume_hm3":8.57,"percentual":100.0},{"mes":"2026-05","volume_hm3":null,"percentual":null},{"mes":"2026-06","volume_hm3":null,"percentual":null},{"mes":"2026-07","volume_hm3":null,"percentual":null},{"mes":"2026-08","volume_hm3":null,"percentual":null},{"mes":"2026-09","volume_hm3":null,"percentual":null}]},"geometry":{"type":"Point","coordinates":[-35.55069901480533,-6.918917223866479]}}]}